image,Bud Cluster,Flower,Fruit,catalogNumber,gbifID,institutionCode,recordedBy,eventDate,startDayOfYear,endDayOfYear,year,month,day,verbatimEventDate,stateProvince,county,municipality,locality,decimalLatitude,decimalLongitude,coordinateUncertaintyInMeters,scientificName,specificEpithet
3496963335,2,18,12,3496963335,3496963335,ODU,Michael N. Huff,1970-04-22,112,112,1970,4,22,NA,Virginia,Portsmouth City,NA,"Near lake by Portsmouth Estates, open lot",NA,NA,NA,Raphanus raphanistrum L.,raphanistrum
SML_1999221539,0,16,41,SML_1999221539,1999221539,GH,S. H. Burnham,1918-06-20,171,171,1918,6,20,NA,New York,Washington County,NA,"south of Copeland Pond, W. Fort Ann",NA,NA,NA,Raphanus raphanistrum L.,raphanistrum
1999156057,3,6,18,1999156057,1999156057,NEBC,T. O. Fuller,1891-07-02,183,183,1891,7,2,"July 2, 1891",Massachusetts,Norfolk County,Needham,Needham,42.27722,-71.23419,3500,Raphanus raphanistrum L.,raphanistrum
3865374374,2,8,11,3865374374,3865374374,PH,Aubrey H. Smith,1864-10-17,291,291,1864,10,17,NA,Pennsylvania,Delaware,NA,Tinicum,39.861576,-75.267284,4474.0,Raphanus raphanistrum L.,raphanistrum
SML_1998603327,1,1,0,SML_1998603327,1998603327,ECON,[no data available],NA,NA,NA,NA,NA,NA,NA,Massachusetts,Suffolk County,Boston,at Bussey Inst.,42.2994,-71.12395,1100,Raphanus sativus L.,sativus
1999333260,1,10,13,1999333260,1999333260,NEBC,F. T. Hubbard,1913-06-14,165,165,1913,6,14,"June 14, 1913",Massachusetts,Essex County,Hamilton,Hamilton,NA,NA,NA,Raphanus raphanistrum L.,raphanistrum
2452242382,0,5,2,2452242382,2452242382,US,-. Boot,1816,NA,NA,1816,NA,NA,NA,Massachusetts,NA,NA,Boston. N.A.,NA,NA,NA,Raphanus sativus L.,sativus
2573012273,1,1,24,2573012273,2573012273,VT,NA,NA,NA,NA,NA,NA,NA,NA,NA,NA,NA,NA,NA,NA,NA,Raphanus L.,NA
4912015636,2,6,23,4912015636,4912015636,BRY,Barbara Ertter,1998-06-12,163,163,1998,6,12,1998-6-12,California,Contra Costa,NA,"North Gate Road on west flank of Mount Diablo, dogleg in road above raches opposite Angel Kerley trail head.",NA,NA,NA,Raphanus sativus L.,sativus
2234332017,0,10,8,2234332017,2234332017,NCU,NA,NA,NA,NA,NA,NA,NA,NA,North Carolina,Wake,NA,NA,NA,NA,NA,Raphanus raphanistrum L.,raphanistrum
2573119618,5,8,29,2573119618,2573119618,VT,NA,NA,NA,NA,NA,NA,NA,NA,Vermont,NA,Brandon,NA,43.79975,-73.08017,7790.0,Raphanus raphanistrum L.,raphanistrum
3357380332,2,20,51,3357380332,3357380332,GMUF,"Stanley, Miller",1973-06-10,161,161,1973,6,10,10 Jun 1973,Virginia,Lancaster,NA,Roadside; along Rt. 3 near Brook Vale,NA,NA,NA,Raphanus raphanistrum L.,raphanistrum
2992913308,0,6,9,2992913308,2992913308,USF,T. O. Fuller,1890-08-25,237,237,1890,8,25,NA,Massachusetts,Norfolk Co.,NA,Needham.,42.2834,-71.2328,NA,Raphanus raphanistrum L.,raphanistrum
1999166727,0,2,9,1999166727,1999166727,NEBC,E. W. Hervey,NA,NA,NA,NA,NA,NA,NA,Massachusetts,Bristol County,New Bedford,New Bedford,NA,NA,NA,Raphanus raphanistrum L.,raphanistrum
2418002574,0,2,13,2418002574,2418002574,CHSC,Richard R. Halse,2000-07-02,184,184,2000,7,2,07/02/2000,Oregon,Linn,NA,"Along the Willamette River behind the O.S.U. Salmon Disease Lab, 34347 N.E. Electric Road, just E of Corvallis. T11S R05W S36",44.57026,-123.24081,805.0,Raphanus raphanistrum L.,raphanistrum
4910082168,1,8,31,4910082168,4910082168,SAT,M. Graham,1986-03-10,69,69,1986,3,10,"Mar. 10, 1986",California,San Diego,NA,"Escondido, along Canyon Rd, about 10 ft W intersection with Brook Canyon Rd",33.089575,-117.052372,NA,Raphanus sativus L.,sativus
4075454248,1,1,10,4075454248,4075454248,DOV,W.M. Canby,1897-06-18,169,169,1897,6,18,NA,Delaware,New Castle,NA,Milltown,39.73079,-75.66604,1000,Raphanus sativus L.,sativus
5067996454,0,10,3,5067996454,5067996454,University of New Hampshire,J. C. Armstrong,1964-06-02,154,154,1964,6,2,NA,New York,NA,NA,junction Cross Island Parkway and 25A,NA,NA,NA,Raphanus raphanistrum L.,raphanistrum
SML_5068043242,4,10,27,SML_5068043242,5068043242,Keene State University,David Edward Boufford,1972-08-19,232,232,1972,8,19,NA,Rhode Island,Newport,NA,NA,NA,NA,NA,Raphanus raphanistrum L.,raphanistrum
2234332105,4,11,6,2234332105,2234332105,NCU,NA,NA,NA,NA,NA,NA,NA,NA,Georgia,Oconee,NA,NA,NA,NA,NA,Raphanus raphanistrum L.,raphanistrum
5068491421,2,2,1,5068491421,5068491421,USCS,NA,NA,NA,NA,NA,NA,NA,NA,South Carolina,Spartanburg,NA,NA,NA,NA,NA,Raphanus raphanistrum L.,raphanistrum
3341236048,0,0,6,3341236048,3341236048,SIM,William T. Davis; A. A. Tyler,1898-07-04,185,185,1898,7,4,NA,Pennsylvania,Northampton,NA,Easton,40.688432,-75.220732,6646.0,Raphanus sativus L.,sativus
3406827743,0,16,31,3406827743,3406827743,LA,Louis C. Wheeler,1932-01-08,8,8,1932,1,8,NA,NA,NA,NA,NA,34.11558,-117.88912,NA,Raphanus sativus L.,sativus
3865104316,0,5,15,3865104316,3865104316,PH,Alexander MacElwee,1899-06-12,163,163,1899,6,12,NA,Pennsylvania,Philadelphia,NA,"at Tinicum, on the Delaware River",NA,NA,NA,Raphanus raphanistrum L.,raphanistrum
3865368300,0,4,9,3865368300,3865368300,PH,Walter M. Benner,1937-05-31,151,151,1937,5,31,NA,Pennsylvania,Philadelphia,NA,near Burholme,40.061222,-75.083229,1382.0,Raphanus raphanistrum L.,raphanistrum
2234330991,3,8,35,2234330991,2234330991,NCU,NA,NA,NA,NA,NA,NA,NA,NA,Alabama,Mobile,NA,NA,NA,NA,NA,Raphanus raphanistrum L.,raphanistrum
5103904642,3,2,3,5103904642,5103904642,WILLI,"Soltis, Douglas",1974-06-15,166,166,1974,6,15,NA,Virginia,New Kent,NA,"Edge of Rt 601, 0.5 mi S of Holly Forks, PO Barhamsville",37.468201,-76.783572,3072.0,Raphanus raphanistrum L.,raphanistrum
5103880435,2,11,15,5103880435,5103880435,WILLI,"Weldy, Troy R; Showacre, Jane",1994-08-15,227,227,1994,8,15,NA,Virginia,Lancaster,NA,"above beach-line along west tip at mouth of the Corrotoman River, northeast of Towles Point.",37.663682,-76.490259,1511.0,Raphanus raphanistrum L.,raphanistrum
2430325132,2,6,6,2430325132,2430325132,RSA,"Sara L. Crockett; Steven A. Junak, Gery Allan, Mark Hoefs",1996-10-31,305,305,1996,10,31,10/31/96,California,Los Angeles,NA,Santa Catalina Island; Lower Cape canyon.,33.358333,-118.420833,NA,Raphanus raphanistrum L.,raphanistrum
3710044656,5,7,22,3710044656,3710044656,GA,NA,NA,NA,NA,NA,NA,NA,NA,Oregon,Lane County,NA,"Lane County, OR",NA,NA,NA,Raphanus raphanistrum L.,raphanistrum
CDA-0047966,1,16,34,CDA-0047966,3059664326,CDA,G. K. Walden,2017-06-09,160,160,2017,6,9,6/9/2017,California,Yolo,NA,"West Sacramento, west of Mill street, south of S. River Rd.",38.57,-121.52,NA,Raphanus raphanistrum L.,raphanistrum
1998606348,1,3,7,1998606348,1998606348,NEBC,C. E. Perkins,1878-09-20,263,263,1878,9,20,"Sept. 20, 1878",Massachusetts,Suffolk County,Boston,S. [South] Boston,36.71926,-78.8993,3964m,Raphanus raphanistrum L.,raphanistrum
2430559176,1,5,9,2430559176,2430559176,RSA,Fred M. Roberts,2008-04-02,93,93,2008,4,2,2 Apr 2008,California,Orange,NA,"Dana Point: Dana Point Headlands, CNLM Preserve near NE Gate, 0.5km W Marine Institute (Dana Point Harbor).; Dana Point",33.461389,-117.711944,9.0,Raphanus sativus L.,sativus
3710068555,8,6,13,3710068555,3710068555,GA,"Smith, Rachel",2019-03-15,74,74,2019,3,15,NA,Georgia,Clayton County,NA,Lovejoy,33.450164,-84.36566,NA,Raphanus raphanistrum L.,raphanistrum
2989939290,0,1,11,2989939290,2989939290,RSA,Kristina Sargeant,1992-04-19,110,110,1992,4,19,19 April 92,California,Los Angeles,NA,"Flat lot on North side of Tetley Street, approx. 200 feet east of intersection of Hacienda Blvd. and Tetley St. in Hacienda Heights.",NA,NA,NA,Raphanus sativus L.,sativus
2234331400,0,9,38,2234331400,2234331400,NCU,NA,NA,NA,NA,NA,NA,NA,NA,North Carolina,Johnston,NA,NA,NA,NA,NA,Raphanus raphanistrum L.,raphanistrum
5067912783,0,0,1,5067912783,5067912783,University of New Hampshire,M. J. McDonnell,1978-07-26,207,207,1978,7,26,NA,Massachusetts,Essex,NA,Plum Island,42.761634,-70.798988,7131.0,Raphanus raphanistrum L.,raphanistrum
5067925809,1,2,5,5067925809,5067925809,University of New Hampshire,B. G. S.,1950-07,NA,NA,1950,7,NA,NA,New Hampshire,Strafford,Durham,"Agronomy Department, Farm Weed and Crop Plants",43.11743,-70.91946,6339.0,Raphanus raphanistrum L.,raphanistrum
SML_1998929009,2,3,7,SML_1998929009,1998929009,GH,[data not captured],NA,NA,NA,NA,NA,NA,NA,New Jersey,NA,NA,[data not captured],NA,NA,NA,Raphanus raphanistrum L.,raphanistrum
5070880623,1,4,29,5070880623,5070880623,MARY,E. A. Higgins,1965-06-12,163,163,1965,6,12,6/12/65,Maryland,Worcester,NA,"Assateague Island, MD State Park",38.0891,-75.208833,40234.0,Raphanus raphanistrum L.,raphanistrum
3357380373,12,22,0,3357380373,3357380373,GMUF,Ted Bradley,1995-03-26,85,85,1995,3,26,26 Mar 1995,Virginia,Henrico,NA,"Jct. of Richmond Henrico Turnpike and Azalea Avenue, n. of Richmond",NA,NA,NA,Raphanus raphanistrum L.,raphanistrum
CDA-0012316,0,11,4,CDA-0012316,3059684855,CDA,G.F. Hrusa; S. A. Wagner,1992-04-19,110,110,1992,4,19,4/19/1992,California,Kern,NA,Disturbed right-of-way SR 99 between Bakersfield and Delano. San Joaquin Valley.,35.73,-119.22,NA,Raphanus raphanistrum L.,raphanistrum
3744713760,1,12,13,3744713760,3744713760,UNA,D. D. Spaulding,2005-03-27,86,86,2005,3,27,3/27/2005,Alabama,Cherokee,NA,field off CR- 71 near Plano west of Centre. Coosa Valley district of the Ridge & Valley province.,34.11,-85.73,NA,Raphanus raphanistrum L.,raphanistrum
3897880617,3,5,3,3897880617,3897880617,CHRB,NA,NA,NA,NA,NA,NA,NA,NA,New Jersey,Burlington,NA,NA,NA,NA,NA,Raphanus raphanistrum L.,raphanistrum
2573088856,2,3,13,2573088856,2573088856,VT,NA,NA,NA,NA,NA,NA,NA,NA,Vermont,NA,Charlotte,NA,44.30894,-73.23596,8247.0,Raphanus sativus L.,sativus
CDA-0016210,0,4,16,CDA-0016210,3059684837,CDA,G.F. Hrusa,1999-04-25,115,115,1999,4,25,4/25/1999,California,Yolo,NA,I-5 exit to River Rd. ± 3-4 mi S of Woodland on W side. Sacramento Valley.,38.67,-121.64,NA,Raphanus sativus L.,sativus
2234331046,1,0,7,2234331046,2234331046,NCU,NA,NA,NA,NA,NA,NA,NA,NA,South Carolina,Barnwell,NA,NA,NA,NA,NA,Raphanus raphanistrum L.,raphanistrum
SML_1999221651,2,21,13,SML_1999221651,1999221651,GH,R. K. Godfrey,1938-03-27,86,86,1938,3,27,NA,North Carolina,Wake County,Raleigh,[no additional data],NA,NA,NA,Raphanus raphanistrum L.,raphanistrum
2234330657,5,12,17,2234330657,2234330657,NCU,NA,NA,NA,NA,NA,NA,NA,NA,North Carolina,Lenoir,NA,NA,NA,NA,NA,Raphanus raphanistrum L.,raphanistrum
3855484356,9,5,16,3855484356,3855484356,UF,Harry E. Ahles,1958-10-29,302,302,1958,10,29,October 29 1958,North Carolina,NA,NA,NA,NA,NA,NA,Raphanus raphanistrum L.,raphanistrum
5068043255,3,13,27,5068043255,5068043255,Keene State University,David Edward Boufford,NA,NA,NA,NA,NA,NA,6/13/69,New Hampshire,Cheshire,Keene,NA,42.94934,-72.29987,7605.0,Raphanus raphanistrum L.,raphanistrum
2234330483,2,1,33,2234330483,2234330483,NCU,NA,NA,NA,NA,NA,NA,NA,NA,North Carolina,Mitchell,NA,NA,NA,NA,NA,Raphanus raphanistrum L.,raphanistrum
3744713808,0,6,1,3744713808,3744713808,UNA,Alvin R. Diamond,2003-03-20,79,79,2003,3,20,3/20/2003,Alabama,Pike,NA,Troy; along railroad tracks north of square; Troy quad,31.81,-85.97,NA,Raphanus raphanistrum L.,raphanistrum
3865108374,0,1,1,3865108374,3865108374,PH,none,1890-05-10,130,130,1890,5,10,May 10 1890,New Jersey,Burlington,NA,Bordentown,40.146221,-74.711826,1522.0,Raphanus raphanistrum L.,raphanistrum
2430434509,1,19,30,2430434509,2430434509,RSA,Nathan Moorhatch,1991-05-22,142,142,1991,5,22,22 May 1991,California,San Bernardino,NA,"San Manuel Indian Reservation, approximately 1.5 miles north of Highland Ave. on Victoria.",34.15622,-117.21906,402.0,Raphanus sativus L.,sativus
3865362259,1,9,19,3865362259,3865362259,PH,Bayard Long,1956-06-17,169,169,1956,6,17,NA,Pennsylvania,Bucks,NA,Ca 0.5 mi. N of Midway,40.139187,-74.886226,495.0,Raphanus raphanistrum L.,raphanistrum
4067794452,6,1,7,4067794452,4067794452,MCA,"R. L. Schaeffer, Jr.",1969-08-26,238,238,1969,8,26,NA,Pennsylvania,Carbon,NA,2 miles NE of Forest Inn,40.879472,-75.566145,5042.0,Raphanus raphanistrum L.,raphanistrum
5067941420,0,9,40,5067941420,5067941420,University of New Hampshire,L. J. Mehrhoff;,1975-07-05,186,186,1975,7,5,NA,Connecticut,Middlesex,Westbrook,NA,41.30277,-72.46451,6343.0,Raphanus raphanistrum L.,raphanistrum
1999066003,0,12,43,1999066003,1999066003,GH,C. E. Faxon,NA,NA,NA,NA,NA,NA,NA,Massachusetts,Suffolk County,Boston,Jamaica Plain,42.30741,-71.11344,2640,Raphanus raphanistrum L.,raphanistrum
2514966053,0,0,7,2514966053,2514966053,NA,Stone BC,1968-06-28,180,180,1968,6,28,NA,NA,NA,NA,"California. San Diego County; Opp. Collwood Park, Montezuma Ave., in a dry wash.",NA,NA,NA,Raphanus raphanistrum L.,raphanistrum
3865109359,0,3,14,3865109359,3865109359,PH,Aubrey H. Smith,1864-06,NA,NA,1864,6,NA,NA,Pennsylvania,Delaware,NA,"Tinicum Island, Philadelphia",39.864077,-75.278138,3581.0,Raphanus raphanistrum L.,raphanistrum
3865096298,0,6,5,3865096298,3865096298,PH,David Berkheimer,1940-08-03,216,216,1940,8,3,NA,Pennsylvania,Bedford,NA,1 mi NE of Osterburg,40.17977,-78.506883,1020.0,Raphanus sativus L.,sativus
5072730532,5,12,23,5072730532,5072730532,PEMB,NA,NA,NA,NA,NA,NA,NA,NA,North Carolina,Scotland,NA,NA,NA,NA,NA,Raphanus raphanistrum L.,raphanistrum
5103889439,9,8,22,5103889439,5103889439,WILLI,"Blackman, Douglas E.",1977-05-19,139,139,1977,5,19,NA,New Jersey,Cape May,NA,1/2 mi. W of intersection with Bay Ave. Ocean City,NA,NA,NA,Raphanus raphanistrum L.,raphanistrum
5103889593,1,2,50,5103889593,5103889593,WILLI,"Vascott, Anna; Hall, W G",1982-05-27,147,147,1982,5,27,NA,Virginia,King and Queen,NA,"By dirt road off Rt. 605, 0.5 mi. S of Rt. 33 at Snow Hill.",37.53817,-76.749745,205.0,Raphanus raphanistrum L.,raphanistrum
3897882368,0,0,22,3897882368,3897882368,CHRB,NA,NA,NA,NA,NA,NA,NA,NA,New Jersey,Somerset,NA,NA,NA,NA,NA,Raphanus raphanistrum L.,raphanistrum
3091277542,4,9,2,3091277542,3091277542,ASC,C. Grue,1972-02-18,49,49,1972,2,18,NA,California,Santa Barbara,NA,"Storke campus, UCSB slough, between Los Carneros, El Colegio, and Storke Rds. 2 miles west of Goleta Post Office Isla Vista",34.412638,-119.848645,2482.0,Raphanus sativus L.,sativus
3820615030,1,4,12,3820615030,3820615030,OSU,Georgia S. Mason; Georgia Mason,1974-10-15,288,288,1974,10,15,NA,Oregon,Lane,NA,"Near Marist High School, Goodpasture Island Road, Eugene.",44.0522,-123.0856,9656.0,Raphanus raphanistrum L.,raphanistrum
3357380426,0,4,13,3357380426,3357380426,GMUF,"Ted Bradley, Gary Lam",1983-06-26,177,177,1983,6,26,26 Jun 1983,Virginia,Greene,NA,"Along fire road off U.S. 33, w. of Stanardsville, in the Shenandoah National Park.",NA,NA,NA,Raphanus raphanistrum L.,raphanistrum
2859094617,1,11,10,2859094617,2859094617,CM,"Isaac, B.L.; Isaac, J.A.",1990-07-25,206,206,1990,7,25,25 Jul 1990,Pennsylvania,Lawrence,NA,ca 1 mi SE of New Bedford along Marr Road,41.087033,-80.491195,4807.0,Raphanus sativus L.,sativus
3970668672,1,0,34,3970668672,3970668672,VT,S.R. Hill,NA,NA,NA,NA,NA,NA,NA,Rhode Island,NA,Washington Co.,NA,NA,NA,NA,Raphanus raphanistrum L.,raphanistrum
1998926105,1,6,21,1998926105,1998926105,GH,D. L. Dutton,1920-07-10,192,192,1920,7,10,"July 10, 1920",Vermont,Rutland County,Brandon,Brandon,NA,NA,NA,Raphanus sativus L.,sativus
2430546606,2,1,4,2430546606,2430546606,RSA,Timothy S. Ross; Annette Ross,1991-07-29,210,210,1991,7,29,29 July 1991,California,Los Angeles,NA,"Elephant Hill, N most point of the Puente Hills, W Pomona; San Dimas USGS 7.5’",NA,NA,NA,Raphanus sativus L.,sativus
3865377309,0,3,1,3865377309,3865377309,PH,"Robert L. Schaeffer, Jr.",1946-08-05,217,217,1946,8,5,NA,Pennsylvania,Northampton,NA,1 to 1.5 mi. SE of Redington,40.622781,-75.267699,1127.0,Raphanus sativus L.,sativus
CDA-0030836,0,8,67,CDA-0030836,3059684830,CDA,M. Beyers,2010-05-12,132,132,2010,5,12,5/12/2010,California,Yolo,NA,On strip of median that separates north and southbound I-505.,38.6,-121.95,NA,Raphanus sativus L.,sativus
3897880545,5,14,29,3897880545,3897880545,CHRB,NA,NA,NA,NA,NA,NA,NA,NA,California,Los Angeles,NA,NA,NA,NA,NA,Raphanus raphanistrum L.,raphanistrum
5103612993,1,3,29,5103612993,5103612993,UTEP,Collector(s): Louis C. Wheeler,1931-02-15,46,46,1931,2,15,15-Feb-31,California,Los Angeles County,NA,Pomona,34.05984,-117.763952,6554.0,Raphanus sativus L.,sativus
5067940421,4,7,12,5067940421,5067940421,University of New Hampshire,D. Dunlop,1974-07-14,195,195,1974,7,14,NA,Maine,York,Wells,Exit 5 off I-95 before Wells exit,43.32509,-70.62949,8062.0,Raphanus raphanistrum L.,raphanistrum
3897880729,1,0,5,3897880729,3897880729,CHRB,NA,NA,NA,NA,NA,NA,NA,NA,New Jersey,Middlesex,NA,NA,NA,NA,NA,Raphanus raphanistrum L.,raphanistrum
4075454272,0,0,12,4075454272,4075454272,DOV,W.M. Canby,1897-06-18,169,169,1897,6,18,NA,Delaware,New Castle,NA,"along New Spring Road, 1 mi W of Elsmere",39.73536,-75.62553,1200,Raphanus raphanistrum L.,raphanistrum
4101881489,0,1,13,4101881489,4101881489,BRIT,NA,NA,NA,NA,NA,NA,NA,NA,Louisiana,NA,NA,NA,NA,NA,NA,Raphanus raphanistrum L.,raphanistrum
2430530468,4,8,26,2430530468,2430530468,RSA,L. C. Wheeler,1967-05-13,133,133,1967,5,13,13 May 1967,California,Los Angeles,NA,San Gabriel Mountains; mesa between Little Dalton and Englewild canyons.,34.157899,-117.846251,1200.0,Raphanus sativus L.,sativus
3357379668,2,0,1,3357379668,3357379668,GMUF,"Ted Bradley, Hassan Kamel",1990-05-21,141,141,1990,5,21,21 May 1990,Virginia,Orange,NA,Near railroad in Barboursville along rte. 678,NA,NA,NA,Raphanus raphanistrum L.,raphanistrum
3969864035,0,1,27,3969864035,3969864035,BRIT,NA,NA,NA,NA,NA,NA,NA,NA,NA,NA,NA,NA,NA,NA,NA,Raphanus raphanistrum L.,raphanistrum
3865379340,3,7,1,3865379340,3865379340,PH,Harold W. Pretz,1952-06-14,166,166,1952,6,14,"Jun. 14, 1952",Pennsylvania,Lehigh,NA,2.5 mi. ENE of Hosensack,NA,NA,NA,Raphanus raphanistrum L.,raphanistrum
5068501414,0,11,33,5068501414,5068501414,USCS,NA,NA,NA,NA,NA,NA,NA,NA,South Carolina,Aiken,NA,NA,NA,NA,NA,Raphanus raphanistrum L.,raphanistrum
1998551301,0,3,0,1998551301,1998551301,NEBC,R. C. Bean,1947-06-07,158,158,1947,6,7,June 7 1947,Massachusetts,Middlesex County,Acton,Acton,NA,NA,NA,Raphanus raphanistrum L.,raphanistrum
3091277581,0,11,2,3091277581,3091277581,ASC,H. D. Hammond,2000-08-04,217,217,2000,8,4,NA,Oregon,Clatsop,NA,Hammond Basin. Small park just E of Ft. Stevens. Shore of Columbia River where it meets Pacific Ocean.,46.205781,-123.958139,500.0,Raphanus sativus L.,sativus
3820737976,4,10,10,3820737976,3820737976,OSU,Richard R. Halse,2008-10-27,301,301,2008,10,27,NA,Oregon,Benton,NA,ca. 9 miles south of Corvallis along Smith Loop Road ca. 0.5 miles north of its junction with Dorr Road.,44.46044,-123.23572,805.0,Raphanus sativus L.,sativus
3865362263,2,3,0,3865362263,3865362263,PH,Thomas C. Porter,1863-06-13,164,164,1863,6,13,NA,Pennsylvania,Chester,NA,NA,NA,NA,NA,Raphanus raphanistrum L.,raphanistrum
4436954095,1,7,7,4436954095,4436954095,State University of New York Oswego,J. S. Gardiner,1961-07-22,203,203,1961,7,22,7/22/61,New York,Onondaga,Syracuse,East Colvin Street (Garden),NA,NA,NA,Raphanus sativus L.,sativus
77919,2,8,24,77919,4404923225,RENO,K. Terrell,1960-04-16,107,107,1960,4,16,NA,California,Shasta,NA,Redding.,40.58654,-122.391675,4000.0,Raphanus sativus L.,sativus
5103824047,2,4,0,5103824047,5103824047,WILLI,"Weldy, Troy R",1994-05-07,127,127,1994,5,7,NA,Virginia,Lancaster,NA,"on westside of Rt. 604, 0.2 miles north of jct. Rts. 604 & 616 near Regina.",37.79823,-76.435721,236.0,Raphanus raphanistrum L.,raphanistrum
3897882352,0,4,13,3897882352,3897882352,CHRB,NA,NA,NA,NA,NA,NA,NA,NA,New Jersey,Somerset,NA,NA,NA,NA,NA,Raphanus raphanistrum L.,raphanistrum
2234309107,0,5,9,2234309107,2234309107,NCU,"Thomas, R.",1990-06-09,160,160,1990,6,9,NA,Louisiana,Ouachita,NA,"FLORA OF LOUISIANA Parish: Ouachita Median of I-20 between Well Road Exit and Thomas Road Exit in West Monroe; Sec. 34, T18N, R3E. Showing effects of herbicide.",32.51056,-92.17443,1600,Raphanus raphanistrum L.,raphanistrum
5072892614,2,5,10,5072892614,5072892614,K,"Thompson, J.W.",1927-09-09T00:00,252,252,1927,9,9,NA,NA,NA,NA,"Sauvies Island, Ore.",NA,NA,NA,Raphanus raphanistrum L.,raphanistrum
2234331494,4,8,9,2234331494,2234331494,NCU,NA,NA,NA,NA,NA,NA,NA,NA,South Carolina,Cherokee,NA,NA,NA,NA,NA,Raphanus raphanistrum L.,raphanistrum
2573522189,1,7,17,2573522189,2573522189,COLO,NA,NA,NA,NA,NA,NA,NA,NA,California,Humboldt,NA,NA,NA,NA,NA,Raphanus raphanistrum L.,raphanistrum
5103889546,3,8,25,5103889546,5103889546,WILLI,"Kral, R",1970-04-17,107,107,1970,4,17,NA,Alabama,Geneva,NA,by Pea River 2 mi. w. Samson.,NA,NA,NA,Raphanus raphanistrum L.,raphanistrum
5833124723,1,2,1,5833124723,5833124723,UCSC,Unknown,1974-01-14,14,14,1974,1,14,NA,California,San Mateo,NA,Butano State Park.,NA,NA,NA,Raphanus sativus L.,sativus
3357379691,2,6,1,3357379691,3357379691,GMUF,"Ted Bradley, Hassan Kamel",1990-05-21,141,141,1990,5,21,21 May 1990,Virginia,Orange,NA,Near railroad in Barboursville along rte. 678,NA,NA,NA,Raphanus raphanistrum L.,raphanistrum
4101886531,2,9,26,4101886531,4101886531,BRIT,NA,NA,NA,NA,NA,NA,NA,NA,California,Butte,NA,NA,NA,NA,NA,Raphanus sativus L.,sativus
3865097237,0,0,2,3865097237,3865097237,PH,J. A. Ruth; H. F. Ruth,1899-06-27,178,178,1899,6,27,NA,Pennsylvania,Armstrong,NA,South Bethlehem,40.99951,-79.340874,1247.0,Raphanus raphanistrum L.,raphanistrum
4872674694,3,25,24,4872674694,4872674694,DEK,T. C. Arambula,1966-02-18,49,49,1966,2,18,18 Feb 1966,California,Orange,Stanton,Field along Monroe St. just east of Beach Blvd. Stanton.,33.805663,-117.992466,50.0,Raphanus raphanistrum subsp. sativus (L.) Domin,raphanistrum
3357383420,0,3,11,3357383420,3357383420,GMUF,"Ted Bradley, Gary Lam",1983-05-24,144,144,1983,5,24,24 May 1983,Virginia,Page,NA,Along railroad at train station in Luray.,NA,NA,NA,Raphanus sativus L.,sativus
4075454233,2,2,20,4075454233,4075454233,DOV,Merritt J. Murray,1932-10-23,297,297,1932,10,23,10/23/32,New York,Suffolk,NA,Cold Spring Harbor,NA,NA,NA,Raphanus raphanistrum L.,raphanistrum
2452343409,7,9,8,2452343409,2452343409,US,W. Stickel,1942-05-29,149,149,1942,5,29,NA,Maryland,Prince George's,NA,Patuxent Research Refuge. Prince Georges County. Recently plowed field in plot 5472.,NA,NA,NA,Raphanus sativus L.,sativus
1998961162,7,14,4,1998961162,1998961162,NEBC,Grace Gilbert,1894-06,NA,NA,1894,6,NA,June 94,Massachusetts,Middlesex County,Newton,Newton Upper Falls,42.31191,-71.2197,800,Raphanus raphanistrum L.,raphanistrum
2516955410,4,6,20,2516955410,2516955410,NA,Steward AN,1955-07-04,185,185,1955,7,4,NA,NA,NA,NA,"Plants of Oregon. Gravel bed east of Cottage Grove, Lane County.",NA,NA,NA,Rapistrum raphanistrum (L.) Crantz,raphanistrum
4015893363,1,14,37,4015893363,4015893363,GA,Nicholas C. Kawa,2009-11-16,320,320,2009,11,16,NA,Florida,Alachua,NA,"Gainesville, University of Florida, Natural Area Teaching Laboratory. 500ft. S of Phillips Center",29.614722,-82.337222,4751.0,Raphanus raphanistrum L.,raphanistrum
SML_1999087187,0,7,19,SML_1999087187,1999087187,GH,W. M. Benner,1926-06-19,170,170,1926,6,19,NA,Pennsylvania,Philadelphia County,NA,Along Pennypack Creek. 1 1/2 mi s.s.w. of Bustleton. Philadelphia,NA,NA,NA,Raphanus raphanistrum L.,raphanistrum
CDA-0043773,2,3,0,CDA-0043773,3059667876,CDA,G.K. Helmkamp,2004-02-11,42,42,2004,2,11,2/11/2004,California,San Luis Obispo,NA,"Nipomo Mesa, Pomeroy Rd, 0.2 mi N of Willow Rd. Central Coast.",35.05,-120.53,NA,Raphanus raphanistrum L.,raphanistrum
5106241854,4,9,7,5106241854,5106241854,UNCC,"Daggy, Tom",1982-05-11,131,131,1982,5,11,1982-5-11,North Carolina,Alexander,NA,Rocky Face,35.972354,-81.108692,NA,Raphanus raphanistrum subsp. raphanistrum,raphanistrum
2234332332,4,10,22,2234332332,2234332332,NCU,NA,NA,NA,NA,NA,NA,NA,NA,North Carolina,Brunswick,NA,NA,NA,NA,NA,Raphanus raphanistrum L.,raphanistrum
1999012358,2,2,2,1999012358,1999012358,NEBC,E. S. Hoar,1858-06-08,159,159,1858,6,8,"June 8, 1858",Massachusetts,Middlesex County,Concord,Waltham road,42.40172,-71.338,645.04 m,Raphanus raphanistrum L.,raphanistrum
2234331908,4,5,2,2234331908,2234331908,NCU,NA,NA,NA,NA,NA,NA,NA,NA,South Carolina,Lee,NA,NA,NA,NA,NA,Raphanus raphanistrum L.,raphanistrum
3897882372,0,3,14,3897882372,3897882372,CHRB,NA,NA,NA,NA,NA,NA,NA,NA,New Jersey,Somerset,NA,NA,NA,NA,NA,Raphanus raphanistrum L.,raphanistrum
4075454244,3,1,2,4075454244,4075454244,DOV,Henry R. Baker,1923-06-23,174,174,1923,6,23,NA,Delaware,New Castle,NA,Newark,39.68192,-75.75135,2250,Raphanus raphanistrum L.,raphanistrum
3865378422,2,2,19,3865378422,3865378422,PH,Benjamin H. Smith,1900-07-04,185,185,1900,7,4,NA,Pennsylvania,Delaware,NA,Tinicum,39.861576,-75.267284,4474.0,Raphanus raphanistrum L.,raphanistrum
3865374378,0,0,8,3865374378,3865374378,PH,Walter M. Benner,1931-07-13,194,194,1931,7,13,NA,Pennsylvania,Bucks,NA,Bristol,40.100666,-74.851831,2062.0,Raphanus sativus L.,sativus
SML_5198174852,1,2,25,SML_5198174852,5198174852,CAS,"Halse, Richard R.",1995-04-25,115,115,1995,4,25,25 Apr 1995,Oregon,Lane County,NA,"Along State Hwy. 126, 4.8 miles east of its junction with U.S. Hwy. 101 in Florence.",NA,NA,NA,Raphanus raphanistrum L.,raphanistrum
3344481241,0,3,2,3344481241,3344481241,CLEMS,C. J. Hutto,1995-03-31,90,90,1995,3,31,NA,South Carolina,Colleton,NA,Colleton,NA,NA,NA,Raphanus raphanistrum L.,raphanistrum
4067794448,2,4,44,4067794448,4067794448,MCA,"R. L. Schaeffer, Jr.",1965-06-23,174,174,1965,6,23,NA,Pennsylvania,Carbon,NA,1 mile NE of Forest Inn,40.869227,-75.579694,4807.0,Raphanus raphanistrum L.,raphanistrum
2573009258,0,13,21,2573009258,2573009258,VT,"Hill, S. R.",1996-04-09,100,100,1996,4,9,9 April 1996,Georgia,Bulloch,NA,"W side GA Rt. 67, margin of Black Creek, 1.5 mi NW of Co. Rt. 317, SE of Statesboro. 5.8 mi SE of Lotts Creek crossing.",32.512453,-81.972084,3731.0,Raphanus raphanistrum L.,raphanistrum
2430431896,0,6,9,2430431896,2430431896,RSA,Edith Allen,1939-07-03,184,184,1939,7,3,"July 3, 1939",California,San Bernardino,NA,Big Bear.,NA,NA,NA,Raphanus sativus L.,sativus
5074461244,5,2,4,5074461244,5074461244,University of Rhode Island,NA,1881-05,NA,NA,1881,5,NA,NA,New Jersey,Ocean,Point Pleasant,NA,NA,NA,NA,Raphanus raphanistrum L.,raphanistrum
3496963417,2,17,6,3496963417,3496963417,ODU,Roger A. Walker,1970-04-16,106,106,1970,4,16,NA,Virginia,Suffolk City,NA,"Along Route 135, 1.9 miles west of junction of Route 135 and U.S. Hwy 17",NA,NA,NA,Raphanus raphanistrum L.,raphanistrum
5106272375,2,8,12,5106272375,5106272375,UNCC,NA,NA,NA,NA,NA,NA,NA,NA,South Carolina,Chesterfield,NA,NA,NA,NA,NA,Raphanus raphanistrum subsp. raphanistrum,raphanistrum
1998900001,0,3,19,1998900001,1998900001,NEBC,[no data available],1886-10-03,276,276,1886,10,3,"Oct. 3, 1886",Massachusetts,Middlesex County,Belmont,Belmont,42.39856,-71.18349,2575,Raphanus raphanistrum L.,raphanistrum
3865101231,0,2,3,3865101231,3865101231,PH,Edgar T. Wherry,1953-05-27,147,147,1953,5,27,NA,Pennsylvania,Chester,NA,1.5 mi. S of Chester Springs,40.078371,-75.615414,1977.0,Raphanus raphanistrum L.,raphanistrum
4102218534,4,5,7,4102218534,4102218534,BRIT,NA,NA,NA,NA,NA,NA,NA,NA,Virginia,King William,NA,NA,NA,NA,NA,Raphanus raphanistrum L.,raphanistrum
5067925813,1,5,37,5067925813,5067925813,University of New Hampshire,H. G. Jesup,1885-07-27,208,208,1885,7,27,NA,New Hampshire,Grafton,Hanover,ground,43.71556,-72.19101,9733.0,Raphanus raphanistrum L.,raphanistrum
3969778966,0,1,4,3969778966,3969778966,BRIT,NA,NA,NA,NA,NA,NA,NA,NA,NA,NA,NA,NA,NA,NA,NA,Raphanus raphanistrum L.,raphanistrum
5070543301,1,20,36,5070543301,5070543301,BALT,NA,NA,NA,NA,NA,NA,NA,NA,NA,NA,NA,NA,NA,NA,NA,Raphanus L.,NA
3357380410,3,4,12,3357380410,3357380410,GMUF,Ted Bradley,1979-10-08,281,281,1979,10,8,8 Oct 1979,Virginia,Northampton,NA,Jct. of U.S. 13 and Bus. U.S. 13 in n. Exmore.,NA,NA,NA,Raphanus raphanistrum L.,raphanistrum
3969795116,0,1,7,3969795116,3969795116,BRIT,NA,NA,NA,NA,NA,NA,NA,NA,NA,NA,NA,NA,NA,NA,NA,Raphanus raphanistrum L.,raphanistrum
1998985206,4,5,12,1998985206,1998985206,GH,B. L. Robinson,1897-07-19,200,200,1897,7,19,19 July 1897,New Hampshire,Hillsborough County,Peterborough,Peterborough,NA,NA,NA,Raphanus raphanistrum L.,raphanistrum
4010710685,0,1,8,4010710685,4010710685,APCR,Harry E. Ahles,1979-07-05,186,186,1979,7,5,"July 5, 1979",Massachusetts,Hampshire,NA,"Northampton, Daymon Road near railroad.",42.338,-72.63613,70,Raphanus raphanistrum L.,raphanistrum
5103891117,0,2,7,5103891117,5103891117,WILLI,"Greaves, James M",1975-05-05,125,125,1975,5,5,NA,Virginia,James City,NA,S of Rt 60 near Busch Gardens; near Williamsburg,NA,NA,NA,Raphanus raphanistrum L.,raphanistrum
5067926815,5,13,6,5067926815,5067926815,University of New Hampshire,P. B. Weatherbee;,1987-06-08,159,159,1987,6,8,NA,Massachusetts,Berkshire,Williamstown,NA,42.68476,-73.22833,8663.0,Raphanus raphanistrum L.,raphanistrum
3969593863,1,9,17,3969593863,3969593863,BRIT,NA,NA,NA,NA,NA,NA,NA,NA,NA,NA,NA,NA,NA,NA,NA,Raphanus raphanistrum L.,raphanistrum
2859112611,1,3,8,2859112611,2859112611,CM,"Isaac, B.L.; Isaac, J.A.",1990-07-25,206,206,1990,7,25,25 Jul 1990,Pennsylvania,Lawrence,NA,ca 1 mi SE of New Bedford along Marr Road,41.097037,-80.496929,3206.0,Raphanus sativus L.,sativus
2452240171,0,0,12,2452240171,2452240171,US,C. Batchelder,1913-08-30,242,242,1913,8,30,NA,New Hampshire,NA,NA,Peterborough. open roadside.,NA,NA,NA,Raphanus raphanistrum L.,raphanistrum
5070845109,0,9,6,5070845109,5070845109,MARY,Wayne D. Longbottom,2012-04-09,100,100,2012,4,9,4/9/12,Maryland,Caroline,NA,"W of Denton, MD Rte 404, Shore Highway, at Saathoff Road",38.917733,-75.909072,NA,Raphanus sativus L.,sativus
3707766885,2,4,1,3707766885,3707766885,MMNS,Richard Carter; W.W. Baker,2013-03-21,80,80,2013,3,21,2013-03-21,Georgia,Miller,NA,"Mayhaw WMA, Willoughby Tract, E of Springhead Rd., along wind row in long field.",31.21909,-84.80658,NA,Raphanus raphanistrum L.,raphanistrum
3855480749,1,5,15,3855480749,3855480749,UF,NA,NA,NA,NA,NA,NA,NA,NA,Pennsylvania,NA,NA,NA,NA,NA,NA,Raphanus raphanistrum L.,raphanistrum
3820607955,1,12,53,3820607955,3820607955,OSU,"Albert N. Steward; Albert N. Steward, David Steward",1955-07-04,185,185,1955,7,4,NA,Oregon,Lane,NA,east of Cottage Grove.,NA,NA,NA,Raphanus raphanistrum L.,raphanistrum
3091204934,3,7,3,3091204934,3091204934,ASC,J. M. Rominger,1990-03-16,75,75,1990,3,16,NA,California,San Luis Obispo,NA,Near Cambria,35.569267,-121.1104,NA,Raphanus sativus L.,sativus
5070543317,0,2,4,5070543317,5070543317,BALT,NA,NA,NA,NA,NA,NA,NA,NA,NA,NA,NA,NA,NA,NA,NA,Raphanus L.,NA
2234331733,0,1,46,2234331733,2234331733,NCU,NA,NA,NA,NA,NA,NA,NA,NA,North Carolina,Wayne,NA,NA,NA,NA,NA,Raphanus raphanistrum L.,raphanistrum
2430455554,1,3,0,2430455554,2430455554,RSA,Doris Hoover Bowers,1954-04-05,95,95,1954,4,5,5 Apr 1954,California,Los Angeles,NA,LaVerne hills,NA,NA,NA,Raphanus raphanistrum L.,raphanistrum
2430287328,0,2,26,2430287328,2430287328,RSA,L. C. Wheeler,1968-04-13,104,104,1968,4,13,13 Apr 1968,California,Los Angeles,NA,San Gabriel Mountains: Ridge south of mouth of Big Dalton Canyon.,34.157909,-117.828874,1200.0,Raphanus raphanistrum L.,raphanistrum
5103891681,4,4,24,5103891681,5103891681,WILLI,"Smith, Eddie",1978-06-20,171,171,1978,6,20,NA,Virginia,Hanover,NA,E of Rt 654 at Hwy 301,37.707662,-77.383805,2501.0,Raphanus raphanistrum L.,raphanistrum
3865096294,0,2,8,3865096294,3865096294,PH,Paul R. Wagner,1934-08-27,239,239,1934,8,27,NA,Pennsylvania,Schuylkill,NA,1.5 mi. S of Tamaqua,40.775573,-75.979671,1391.0,Raphanus raphanistrum L.,raphanistrum
3865109355,1,2,10,3865109355,3865109355,PH,"Robert L. Schaeffer, Jr.",1954-07-16,197,197,1954,7,16,NA,Pennsylvania,Northampton,NA,2 mi. NW of Riverton,40.848367,-75.113093,1630.0,Raphanus raphanistrum L.,raphanistrum
SML_1999035968,4,5,18,SML_1999035968,1999035968,GH,L. M. Parker,1888-09-02,246,246,1888,9,2,NA,New York,Westchester County,NA,"Pine Cottage, Port Chester",NA,NA,NA,Raphanus raphanistrum L.,raphanistrum
3865375343,0,11,30,3865375343,3865375343,PH,Charles S. Williamson,1907-06-22,173,173,1907,6,22,NA,Pennsylvania,Delaware,NA,Lester,39.872008,-75.285821,1302.0,Raphanus raphanistrum L.,raphanistrum
3820613941,1,17,0,3820613941,3820613941,OSU,Edmund P. Sheldon; E.P. Sheldon,1902-06-25,176,176,1902,6,25,NA,Oregon,Multnomah,NA,"Lower Albina, Portland.",45.5407,-122.6674,1609.0,Raphanus sativus L.,sativus
3897882364,2,0,7,3897882364,3897882364,CHRB,NA,NA,NA,NA,NA,NA,NA,NA,New Jersey,Somerset,NA,NA,NA,NA,NA,Raphanus raphanistrum L.,raphanistrum
2512865335,0,0,6,2512865335,2512865335,US,C. L. Pollard,1894-06-25,176,176,1894,6,25,NA,Connecticut,NA,NA,The Vicinity of Green's Farms.,41.12696,-73.31896,2350,Raphanus raphanistrum L.,raphanistrum
3865108378,0,5,2,3865108378,3865108378,PH,"Robert L. Schaeffer, Jr.",1942-06-08,159,159,1942,6,8,NA,Pennsylvania,Northampton,NA,0.5 mi. N of Hellertown,40.58679,-75.340735,1400.0,Raphanus sativus L.,sativus
1998739118,4,11,18,1998739118,1998739118,NEBC,W. Deane,1896-07-14,196,196,1896,7,14,July 14-1896,New Hampshire,Coos County,Whitefield,Whitefield,NA,NA,NA,Raphanus raphanistrum L.,raphanistrum
2234329354,0,0,20,2234329354,2234329354,NCU,NA,NA,NA,NA,NA,NA,NA,NA,South Carolina,Bamberg,NA,NA,NA,NA,NA,Raphanus raphanistrum L.,raphanistrum
3865374381,0,14,37,3865374381,3865374381,PH,William H. Witte,1932-07-09,191,191,1932,7,9,July 9 1932,New Jersey,Camden,NA,Cooper's Point RR Freight yard,NA,NA,NA,Raphanus sativus L.,sativus
3865362255,0,9,20,3865362255,3865362255,PH,C. H.,1896-06-19,171,171,1896,6,19,NA,Pennsylvania,Northampton,NA,"College Hill, Easton",40.703229,-75.207386,1373.0,Raphanus raphanistrum L.,raphanistrum
2573113018,2,0,29,2573113018,2573113018,VT,NA,1902-08-07,219,219,1902,8,7,1902-8-7,New Hampshire,Grafton,Haverhill,Woodsville,44.07474,-71.99546,9681.0,Raphanus raphanistrum L.,raphanistrum
2234331965,6,5,20,2234331965,2234331965,NCU,NA,NA,NA,NA,NA,NA,NA,NA,North Carolina,Northampton,NA,NA,NA,NA,NA,Raphanus sativus L.,sativus
3820611004,6,9,3,3820611004,3820611004,OSU,Orlin L. Ireland,1938-03-18,77,77,1938,3,18,NA,Oregon,Douglas,NA,2-3 miles north of Drain.,43.698425,-123.3175,4828.0,Raphanus raphanistrum L.,raphanistrum
3969595098,3,12,16,3969595098,3969595098,BRIT,NA,NA,NA,NA,NA,NA,NA,NA,NA,NA,NA,NA,NA,NA,NA,Raphanus sativus L.,sativus
3897880637,0,0,5,3897880637,3897880637,CHRB,NA,NA,NA,NA,NA,NA,NA,NA,New Jersey,Atlantic,NA,NA,NA,NA,NA,Raphanus raphanistrum L.,raphanistrum
3865377305,1,6,7,3865377305,3865377305,PH,Harold W. Pretz,1912-08-15,228,228,1912,8,15,NA,Pennsylvania,Lehigh,NA,"vicinity of Allentown, along Coopersburg Pike, 12th Ward",NA,NA,NA,Raphanus sativus L.,sativus
3865107330,1,9,14,3865107330,3865107330,PH,Paul R. Wagner,1937-06-12,163,163,1937,6,12,"June 12, 1937",Pennsylvania,Schuylkill,NA,0.5 mi. S of Nuremburg,40.932285,-76.171601,801.0,Raphanus sativus L.,sativus
5028857010,1,16,19,5028857010,5028857010,UTC,NA,NA,NA,NA,NA,NA,NA,NA,Georgia,Laurens,NA,NA,32.5235,-82.9484,NA,Raphanus raphanistrum L.,raphanistrum
4081344406,0,0,12,4081344406,4081344406,EIU,"Chase, Mary Agnes",1905-06-25,176,176,1905,6,25,NA,Virginia,NA,NA,Cape Henry. Dry sand along trolly.,NA,NA,NA,Raphanus raphanistrum L.,raphanistrum
4912308175,7,9,3,4912308175,4912308175,BRY,Virginia Alexson,1964-06-18,170,170,1964,6,18,1964-6-18,California,San Joaquin,NA,Three miles north of Stockton.,NA,NA,NA,Raphanus sativus L.,sativus
2234332830,0,0,3,2234332830,2234332830,NCU,NA,NA,NA,NA,NA,NA,NA,NA,South Carolina,Kershaw,NA,NA,NA,NA,NA,Raphanus raphanistrum L.,raphanistrum
3865104320,0,2,3,3865104320,3865104320,PH,Bayard Long,1949-07-21,202,202,1949,7,21,July 21 1949,New Jersey,Mercer,NA,just S of White Horse,40.182665,-74.703748,1239.0,Raphanus sativus L.,sativus
5067927814,0,0,18,5067927814,5067927814,University of New Hampshire,C. F. Batchelder,1926-07-23,204,204,1926,7,23,NA,New Hampshire,Hillsborough,Peterborough,waste ground,42.89051,-71.93935,7291.0,Raphanus raphanistrum L.,raphanistrum
3709838781,4,14,24,3709838781,3709838781,GA,"Zomlefer, Wendy",2014-04-17,107,107,2014,4,17,NA,Georgia,Sumter County,NA,Andersonville National Historic Site: cleared area on w side of GA-49 at entrance gate (service road) to park property to Boy Scout/CCC Camp.,32.20344,-84.1339,NA,Raphanus raphanistrum L.,raphanistrum
3865093281,0,4,15,3865093281,3865093281,PH,Paul R. Wagner,1935-08-09,221,221,1935,8,9,NA,Pennsylvania,Schuylkill,NA,7 mi. E of Pinegrove,40.548346,-76.251169,3122.0,Raphanus raphanistrum L.,raphanistrum
3744712413,0,1,3,3744712413,3744712413,UNA,Rebecca Deramus,1962-04-10,100,100,1962,4,10,4/10/1962,Alabama,Tuscaloosa,NA,On S.E. rim of Bryces [Hospital] in Tuscaloosa,33.21,-87.53,NA,Raphanus sativus L.,sativus
75601,2,5,2,75601,4404866744,RENO,N.D. Atwood,1993-03-26,85,85,1993,3,26,NA,California,Orange,NA,"Along Hwy 74, 6 miles NE of San Juan Capistrano.",33.514857,-117.566003,301.0,Raphanus sativus L.,sativus
2517603142,0,0,9,2517603142,2517603142,NA,Turner M,1964-03-30,90,90,1964,3,30,NA,Georgia,NA,NA,"Georgia Southern College, behind Home Management Building.",32.42448,-81.78369,NA,Raphanus raphanistrum L.,raphanistrum
3865363254,0,5,22,3865363254,3865363254,PH,Herbert A. Wahl,1945-08-15,227,227,1945,8,15,NA,Pennsylvania,Centre,NA,3.5 mi. NW of Bellefonte,NA,NA,NA,Raphanus sativus L.,sativus
3865378418,0,4,21,3865378418,3865378418,PH,Walter M. Benner,1921-06-12,163,163,1921,6,12,"June 12, 1921",Pennsylvania,Bucks,NA,near Doylestown,40.310106,-75.129894,3262.0,Raphanus raphanistrum L.,raphanistrum
3865092214,0,3,24,3865092214,3865092214,PH,G. Mekeel,1917-07-25,206,206,1917,7,25,NA,New York,Cortland,NA,"Little York Lake, Preble",NA,NA,NA,Raphanus raphanistrum L.,raphanistrum
1998844103,3,10,12,1998844103,1998844103,NEBC,A. S. Pease,1908-06-29,181,181,1908,6,29,"29 June, 1908",New Hampshire,Coos County,Berlin,Berlin,NA,NA,NA,Raphanus raphanistrum L.,raphanistrum
SML_5198194850,5,14,23,SML_5198194850,5198194850,CAS,"Halse, Richard R.",2014-07-21,202,202,2014,7,21,21 July 2014,Oregon,Coos County,NA,Just south of Bandon along Mars Lane by its intersection with Rohrer Road.,NA,NA,NA,Raphanus raphanistrum L.,raphanistrum
2270488411,4,3,36,2270488411,2270488411,ASU,R. Dale,1972-05-02,123,123,1972,5,2,2 May 1972,Louisiana,Ouachita,NA,"403 Stevenson Drive, N. of Monroe, OUACHITA Parish",32.583861,-92.062861,60.0,Raphanus sativus L.,sativus
CDA-0043944,0,7,29,CDA-0043944,3059684850,CDA,Barbara Ertter; Richard K. Brummitt,1998-05-13,133,133,1998,5,13,5/13/1998,California,Contra Costa,NA,"North Gate Road on west side of Mount Diablo, hairpin turn opposite Angel Kerley trailhead.",37.88,-121.96,301.0,Raphanus raphanistrum L.,raphanistrum
4912153302,4,7,17,4912153302,4912153302,BRY,Larry Reynolds,1984-05-05,126,126,1984,5,5,1984-5-5,California,Yolo,NA,Putah Creek at Pedrick Raod.,NA,NA,NA,Raphanus sativus L.,sativus
3865376390,0,0,2,3865376390,3865376390,PH,Bayard Long,1950-10-26,299,299,1950,10,26,NA,Pennsylvania,Bucks,NA,Doyle Street at Wern edge of Doylestown,40.312904,-75.135623,529.0,Raphanus sativus L.,sativus
5103853160,0,0,7,5103853160,5103853160,WILLI,"Plunkett, Gregory M",1989-05-26,146,146,1989,5,26,5/26/1989,Virginia,Isle of Wight,NA,"One large colony on roadside at edge of farm along St. Rt. 646, c. 3/10 mi. NW of intersection with St. Rt. 644, c. 4.2 mi. NW of Zuni.",36.874554,-76.780437,236.0,Raphanus raphanistrum L.,raphanistrum
4912304551,0,5,15,4912304551,4912304551,BRY,Robert L. Johnson,2015-07-29,210,210,2015,7,29,2015-7-29,California,San Luis Obispo,NA,"At bottom of beach access stairs off Wilmar Ave, Pismo Beach.",35.14627,-120.64832,NA,Raphanus sativus L.,sativus
3344481294,2,2,4,3344481294,3344481294,CLEMS,S. W. Leonard,1969-04-10,100,100,1969,4,10,NA,North Carolina,Brunswick,NA,Brunswick,NA,NA,NA,Raphanus raphanistrum L.,raphanistrum
3897880733,0,2,10,3897880733,3897880733,CHRB,NA,NA,NA,NA,NA,NA,NA,NA,New Jersey,Monmouth,NA,NA,NA,NA,NA,Raphanus raphanistrum L.,raphanistrum
2573485884,3,28,15,2573485884,2573485884,COLO,NA,NA,NA,NA,NA,NA,NA,NA,California,Fresno,NA,NA,NA,NA,NA,Raphanus sativus L.,sativus
4101881493,4,4,8,4101881493,4101881493,BRIT,NA,NA,NA,NA,NA,NA,NA,NA,Georgia,Lee,NA,NA,NA,NA,NA,Raphanus raphanistrum L.,raphanistrum
5106284962,7,10,26,5106284962,5106284962,UNCC,"Daggy, Tom",1975-05-10,130,130,1975,5,10,1975-5-10,North Carolina,Alexander,NA,Rocky Face,35.972354,-81.108692,NA,Raphanus raphanistrum subsp. raphanistrum,raphanistrum
2234334360,2,5,5,2234334360,2234334360,NCU,NA,NA,NA,NA,NA,NA,NA,NA,Virginia,Powhatan,NA,NA,NA,NA,NA,Raphanus raphanistrum L.,raphanistrum
3709808233,3,15,9,3709808233,3709808233,GA,"Lynch, P.",2010-03-28,87,87,2010,3,28,NA,Georgia,Houston County,NA,Oaky Woods WMA,32.500697,-83.528061,NA,Raphanus raphanistrum L.,raphanistrum
3865376386,1,5,12,3865376386,3865376386,PH,A. Commons,1898-06-30,181,181,1898,6,30,NA,Delaware,Kent,NA,Woodland Beach,39.333446,-75.474644,1933.0,Raphanus raphanistrum L.,raphanistrum
3344414990,0,5,11,3344414990,3344414990,CLEMS,"Frampton, John E.",1972-07-23,205,205,1972,7,23,23 July 1972,South Carolina,Dorchester,NA,"Tupperway Farm, Knightsville, S.C.",NA,NA,NA,Raphanus raphanistrum L.,raphanistrum
2452255488,0,3,28,2452255488,2452255488,US,E. K. Balls,1941-06-14,165,165,1941,6,14,NA,New York,NA,NA,"Between Cross Island Bd & 14th Ave. Robinwood, Queens, L. I.",NA,NA,NA,Raphanus raphanistrum L.,raphanistrum
5067923816,1,1,0,5067923816,5067923816,University of New Hampshire,R. A. Howard,1967-07-07,188,188,1967,7,7,NA,New Hampshire,Rockingham,Rye,"Appledore Island, Isles of Shoals",43.01408,-70.76224,5957.0,Raphanus raphanistrum L.,raphanistrum
CDA-0007749,1,21,3,CDA-0007749,3059687204,CDA,Mike Lahti,2008-03-11,71,71,2008,3,11,3/11/2008,California,Riverside,NA,"San Jacinto, 950 N. Ramona Blvd.",33.8,-116.97,NA,Raphanus raphanistrum L.,raphanistrum
1998952570,1,8,21,1998952570,1998952570,GH,F. C. Seymour,1958-06-22,173,173,1958,6,22,22 June 1958,Massachusetts,Bristol County,Dighton,Dighton,41.84376,-71.15307,3992m,Raphanus raphanistrum L.,raphanistrum
2573128020,1,9,31,2573128020,2573128020,VT,NA,1968-08-23,236,236,1968,8,23,1968-8-23,Massachusetts,Franklin,Deerfield,NA,42.52202,-72.60972,7304.0,Raphanus raphanistrum L.,raphanistrum
3969592823,1,11,8,3969592823,3969592823,BRIT,NA,NA,NA,NA,NA,NA,NA,NA,NA,NA,NA,NA,NA,NA,NA,Raphanus sativus L.,sativus
2430531849,0,6,52,2430531849,2430531849,RSA,Lyman Benson,1945-05-21,141,141,1945,5,21,May 21 1945,California,Los Angeles,NA,Claremont: Indian Hill. Pacific Slope Drainage Area.,34.115,-117.713333,400.0,Raphanus sativus L.,sativus
3865380397,1,9,4,3865380397,3865380397,PH,Ida K. Langman,1939-08-31,243,243,1939,8,31,NA,Pennsylvania,Monroe,NA,"along the Delaware, 2 mi. E of Bushkill",NA,NA,NA,Raphanus raphanistrum L.,raphanistrum
5070880496,0,0,0,5070880496,5070880496,MARY,E. G. Worthley,1949-10-23,296,296,1949,10,23,10/23/49,Maryland,Baltimore,NA,"Owings Mills, L.H.F.",39.419,-76.77925,NA,Raphanus raphanistrum L.,raphanistrum
2234331565,1,0,26,2234331565,2234331565,NCU,NA,NA,NA,NA,NA,NA,NA,NA,North Carolina,Rutherford,NA,NA,NA,NA,NA,Raphanus raphanistrum L.,raphanistrum
3897880621,0,0,21,3897880621,3897880621,CHRB,R. E. Schuh; N. L. Britton,1886-08,NA,NA,1886,8,NA,Aug. 1886,New Jersey,Bergen,Lyndhurst,NA,NA,NA,NA,Raphanus raphanistrum L.,raphanistrum
3865107326,1,4,9,3865107326,3865107326,PH,Robert C. Alexander,1953-04-29,119,119,1953,4,29,April 29 1953,New Jersey,Cape May,NA,"411 Pacific Ave., W Cape May",NA,NA,NA,Raphanus raphanistrum L.,raphanistrum
3969593859,0,3,24,3969593859,3969593859,BRIT,NA,NA,NA,NA,NA,NA,NA,NA,NA,NA,NA,NA,NA,NA,NA,Raphanus sativus L.,sativus
1999102041,0,7,19,1999102041,1999102041,GH,Mrs. C. S. Wilson,1914,NA,NA,1914,NA,NA,July 1914,New Hampshire,Sullivan County,Newport,Newport,NA,NA,NA,Raphanus raphanistrum L.,raphanistrum
5067924812,0,3,40,5067924812,5067924812,University of New Hampshire,H. E. Sargent,1911-07-20,201,201,1911,7,20,NA,New Hampshire,Carroll,Wolfeboro,"Grain fields, etc.",43.61174,-71.1706,9493.0,Raphanus raphanistrum L.,raphanistrum
5103560421,3,36,24,5103560421,5103560421,UTEP,Collector(s): Richard D. Worthington,1998-03-14,73,73,1998,3,14,14 MAR 1998,Texas,Smith County,NA,"Tyler, Broadway at the Loop",32.34766,-95.300664,5027.0,Raphanus raphanistrum L.,raphanistrum
SML_1999334642,1,2,0,SML_1999334642,1999334642,ECON,N. T. Kidder,1917-07-19,200,200,1917,7,19,NA,Massachusetts,Norfolk County,Milton,my garden,NA,NA,NA,Raphanus sativus L.,sativus
3855563086,1,4,7,3855563086,3855563086,UF,NA,NA,NA,NA,NA,NA,NA,NA,Massachusetts,NA,NA,NA,NA,NA,NA,Raphanus raphanistrum L.,raphanistrum
2859111284,6,6,1,2859111284,2859111284,CM,"Utech, F.H.",1994-06-17,168,168,1994,6,17,NA,Pennsylvania,Westmoreland,NA,"South Huntingdon Township, 0.5 mi S on Camp Tenacharison Road from PA 981",40.118056,-79.671667,NA,Raphanus raphanistrum L.,raphanistrum
5070880615,3,1,2,5070880615,5070880615,MARY,Ralph M. Quinn,1954-06-27,178,178,1954,6,27,6/27/54,Maryland,Baltimore,NA,NA,39.483666,-76.638333,NA,Raphanus sativus L.,sativus
3865380401,0,0,1,3865380401,3865380401,PH,M.W. Twaddell,1870-05-28,148,148,1870,5,28,May 28 1870,New Jersey,Cape May,NA,Cape May,38.935113,-74.906005,3624.0,Raphanus raphanistrum L.,raphanistrum
3865093278,1,3,7,3865093278,3865093278,PH,"John M. Fogg, Jr.",1944-09-21,265,265,1944,9,21,NA,Pennsylvania,Chester,NA,1.5 mi. S of Chester Springs,40.078371,-75.615414,1977.0,Raphanus raphanistrum L.,raphanistrum
4872674677,0,3,7,4872674677,4872674677,DEK,John M. Kunzer,2005-05-02,122,122,2005,5,2,2 May 2005,Florida,Volusia,South Daytona,"Volusia Co.: South Daytona, 610 Olive St. Ca. 3.7 mi ENE of the jct. of I-95 and I-4.",29.17398,-81.010554,20.0,Raphanus raphanistrum L.,raphanistrum
3820739876,0,8,8,3820739876,3820739876,OSU,Louis Whitaker; L. Whitaker,1938-05-14,134,134,1938,5,14,NA,Oregon,Benton,NA,W. of Corvallis.,44.5717,-123.3639,4828.0,Raphanus sativus L.,sativus
3406827763,0,2,13,3406827763,3406827763,LA,Schuyler S. Clark,1916-07-08,190,190,1916,7,8,"July 8, 16.",Massachusetts,Essex,NA,Nahant,NA,NA,NA,Raphanus sativus L.,sativus
3341236068,1,0,7,3341236068,3341236068,SIM,William T. Davis,1898-07-31,212,212,1898,7,31,NA,New York,Richmond,NA,"Grant City, Staten Island",40.582049,-74.104864,3036.0,Raphanus raphanistrum L.,raphanistrum
5070543287,2,14,33,5070543287,5070543287,BALT,J. L. Marll,1973-12-09,343,343,1973,12,9,12/9/1973,Maryland,Harford,NA,"Trimble Road, 0.5 mi. E of Magnolia Rd, 20 ft. from road",39.41584,-76.3169,80,Raphanus raphanistrum L.,raphanistrum
5068489031,10,9,0,5068489031,5068489031,USCS,NA,NA,NA,NA,NA,NA,NA,NA,South Carolina,Cherokee,NA,NA,NA,NA,NA,Raphanus raphanistrum L.,raphanistrum
2234331709,3,2,3,2234331709,2234331709,NCU,NA,NA,NA,NA,NA,NA,NA,NA,North Carolina,Dare,NA,NA,NA,NA,NA,Raphanus sativus L.,sativus
4081344411,0,1,6,4081344411,4081344411,EIU,Gordon C. Tucker,2008-07-24,206,206,2008,7,24,NA,Rhode Island,Washington,NA,"Perryville: Long Pond, middle of W shore, due NW of island. Elevation about 27 m.",41.411567,-71.553848,NA,Raphanus raphanistrum L.,raphanistrum
1999174916,0,5,11,1999174916,1999174916,NEBC,C. H. Knowlton,1908-09-07,251,251,1908,9,7,"Sept. 7, 1908",Massachusetts,Norfolk County,Sharon,Sharon,NA,NA,NA,Raphanus raphanistrum L.,raphanistrum
1999179277,1,7,26,1999179277,1999179277,NEBC,Sydney Harris,1897-06-27,178,178,1897,6,27,June 27 1897,Massachusetts,Norfolk County,Norwood,Norwood,42.1891,-71.19835,3000,Raphanus sativus L.,sativus
3865380400,0,0,13,3865380400,3865380400,PH,Bayard Long,1952-06-29,181,181,1952,6,29,June 29 1952,New Jersey,Burlington,NA,1 mi NE of Bustleton,NA,NA,NA,Raphanus raphanistrum L.,raphanistrum
3865093279,0,1,15,3865093279,3865093279,PH,John E. Peters,1885-07-10,191,191,1885,7,10,July 10 85,New Jersey,Mercer,NA,Princeton,40.348718,-74.659047,1984.0,Raphanus raphanistrum L.,raphanistrum
2417965559,3,4,22,2417965559,2417965559,CHSC,Georgia Mason,1974-10-15,288,288,1974,10,15,10/15/1974,Oregon,Lane,NA,"Near Marist High School, Goodpasture Island Road, Eugene. In field.",44.087014,-123.115089,1250.0,Raphanus raphanistrum L.,raphanistrum
2234331358,4,15,22,2234331358,2234331358,NCU,NA,NA,NA,NA,NA,NA,NA,NA,North Carolina,Lee,NA,NA,NA,NA,NA,Raphanus raphanistrum L.,raphanistrum
3865380396,0,4,6,3865380396,3865380396,PH,Bayard Long,1943-10-17,290,290,1943,10,17,NA,Pennsylvania,Montgomery,NA,"beyond extension of Penn Street, N edge of boro, Hatboro",40.174276,-75.106839,1818.0,Raphanus raphanistrum L.,raphanistrum
5103880382,4,6,0,5103880382,5103880382,WILLI,"Baldwin, Patrick",2008-04-19,110,110,2008,4,19,NA,Virginia,Hampton City,NA,Briarfield Rd. and E St.,37.016633,-76.408707,500.0,Raphanus raphanistrum L.,raphanistrum
2234333109,4,11,18,2234333109,2234333109,NCU,NA,NA,NA,NA,NA,NA,NA,NA,South Carolina,Marion,NA,NA,NA,NA,NA,Raphanus raphanistrum L.,raphanistrum
3707724321,2,11,55,3707724321,3707724321,MMNS,David Morgan,1978-04-15,105,105,1978,4,15,4/15/1978,Mississippi,Jones,NA,1.5 mi N of Sandersville.,31.79893,-89.03243,NA,Raphanus raphanistrum L.,raphanistrum
3865107327,0,3,15,3865107327,3865107327,PH,Bayard Long,1942-06-21,172,172,1942,6,21,NA,Pennsylvania,Philadelphia,NA,"along Hedley Street, S of Bridesburg",39.993127,-75.074339,356.0,Raphanus sativus L.,sativus
3969593858,3,17,0,3969593858,3969593858,BRIT,NA,NA,NA,NA,NA,NA,NA,NA,NA,NA,NA,NA,NA,NA,NA,Raphanus sativus L.,sativus
5067924813,0,0,17,5067924813,5067924813,University of New Hampshire,A. R. Hodgdon; Westgate,1938-09-07,250,250,1938,9,7,NA,New Hampshire,Strafford,Durham,Horticulture Farm,43.11743,-70.91946,6339.0,Raphanus raphanistrum L.,raphanistrum
1999284994,0,1,0,1999284994,1999284994,GH,A. H. Moore,1904-06-25,177,177,1904,6,25,June 25th 1904,Massachusetts,Bristol County,Mansfield,Mansfield,NA,NA,NA,Raphanus raphanistrum L.,raphanistrum
SML_3978711058,1,9,20,SML_3978711058,3978711058,BAYLU,R.D. Thomas,1992-02-12,43,43,1992,2,12,12 February 1992,Louisiana,Ouachita,NA,I-20 just west of Thomas Road Exit in West Monroe,32.509311,-92.119301,26835.0,Raphanus raphanistrum L.,raphanistrum
3865376387,0,1,4,3865376387,3865376387,PH,Stanley D. Wikoff,1941-06-03,154,154,1941,6,3,June 3 1941,New Jersey,Monmouth,NA,"0.5 mi W of Church and Main Streets, Allentown, 0.125 mi within Allentown borough",NA,NA,NA,Raphanus raphanistrum L.,raphanistrum
77914,1,5,0,77914,4404923176,RENO,M.J. Williams,1967-04-16,106,106,1967,4,16,NA,California,Amador,NA,Between Placerville and Plymouth.,38.5178,-120.848441,4000.0,Raphanus sativus L.,sativus
3344414991,2,1,0,3344414991,3344414991,CLEMS,T. M. Gwynette,1973-03-24,83,83,1973,3,24,NA,South Carolina,Clarendon,NA,Clarendon,NA,NA,NA,Raphanus raphanistrum L.,raphanistrum
2234306139,0,3,20,2234306139,2234306139,NCU,"Carter, J. [Jay]",1973-06-23,174,174,1973,6,23,NA,North Carolina,Moore,NA,"Pasture, 3 mi. WNW of Whispering Pines (NC 22)",NA,NA,NA,Raphanus raphanistrum L.,raphanistrum
2430315458,6,17,19,2430315458,2430315458,RSA,Scott D. White; Marty Jacobsmeyer,1996-04-20,111,111,1996,4,20,20 Apr 1996,California,Riverside,NA,"Near Perris Airport. Ca. 100 m north of Case Road, just W of Hwy I-215 Freeway.; Perris 7.5’ Q",33.766667,-117.191667,NA,Raphanus sativus L.,sativus
3925803542,2,3,41,3925803542,3925803542,MISS,R. V. Ferrari,1969-05-24,144,144,1969,5,24,5/24/1969,Mississippi,De Soto,NA,"Nail Rd, 2.3 mi E of the jct of this rd and US Hwy 61.",34.947754,-90.10268,268.0,Raphanus raphanistrum L.,raphanistrum
5067923817,1,2,25,5067923817,5067923817,University of New Hampshire,H. E. Ahles;,1979-07-05,186,186,1979,7,5,NA,Massachusetts,Hampshire,Northampton,NA,42.32664,-72.67454,7473.0,Raphanus raphanistrum L.,raphanistrum
4912304546,0,6,8,4912304546,4912304546,BRY,D. Ray,1974-05-03,123,123,1974,5,3,1974-5-3,California,Yolo,NA,City of Davis. Near intersection of county rd 103 and Chiles rd.,38.54823,-121.71301,NA,Raphanus sativus L.,sativus
5159149277,0,2,22,5159149277,5159149277,CSCN,R. Dale Thomas,1984-05-08,129,129,1984,5,8,8 May 1984,Louisiana,Richland,NA,"South of LA 15 on Richland Plantation, 1.5 mi E of Rhymes and LA 133.",32.37786,-91.92486,1500,Raphanus raphanistrum L.,raphanistrum
2234331476,5,5,4,2234331476,2234331476,NCU,NA,NA,NA,NA,NA,NA,NA,NA,South Carolina,Clarendon,NA,NA,NA,NA,NA,Raphanus raphanistrum L.,raphanistrum
4101881492,1,2,4,4101881492,4101881492,BRIT,NA,NA,NA,NA,NA,NA,NA,NA,North Carolina,Brunswick,NA,NA,NA,NA,NA,Raphanus raphanistrum L.,raphanistrum
3897880698,4,4,6,3897880698,3897880698,CHRB,NA,NA,NA,NA,NA,NA,NA,NA,New Jersey,Essex,NA,NA,NA,NA,NA,Raphanus raphanistrum L.,raphanistrum
2573111823,4,9,2,2573111823,2573111823,VT,NA,NA,NA,NA,NA,NA,NA,NA,Vermont,NA,Hubbardton,NA,43.7129,-73.17596,6827.0,Raphanus raphanistrum L.,raphanistrum
1999023428,3,7,4,1999023428,1999023428,NEBC,A. W. Cheever,1904-06-17,169,169,1904,6,17,June 17 1904,Massachusetts,Suffolk County,Boston,Dorchester; Suffolk Co. Mass (Mattapan),42.29646,-71.06412,3300,Raphanus raphanistrum L.,raphanistrum
1999121448,0,6,10,1999121448,1999121448,NEBC,S. D. Foot,NA,NA,NA,NA,NA,NA,NA,Massachusetts,Hampshire County (Massachusetts),Amherst,Amherst,NA,NA,NA,Raphanus raphanistrum L.,raphanistrum
2430415275,2,5,3,2430415275,2430415275,RSA,E. A. Purer,1932-02-10,41,41,1932,2,10,"Feb. 10, 1932",California,San Diego,NA,"Silver Strand, San Diego Co.",NA,NA,NA,Raphanus sativus L.,sativus
3865376391,0,0,10,3865376391,3865376391,PH,"Herbert A. Wahl; R.W. Booher, G.E. Yohn, E.C. Aharrah, R.A. Pursell",1952-08-26,239,239,1952,8,26,NA,Pennsylvania,Juniata,NA,1 mi. SSE of Richfield,40.675285,-77.105509,1221.0,Raphanus sativus L.,sativus
4912304550,3,22,14,4912304550,4912304550,BRY,N. Duane Atwood,1993-03-26,85,85,1993,3,26,1993-3-26,California,Riverside,NA,6 miles NE of San Juan Capistrana along Hwy 74.,NA,NA,NA,Raphanus sativus L.,sativus
3357380493,1,4,31,3357380493,3357380493,GMUF,"Gary P. Fleming, Bill Moorhead",1995-05-05,125,125,1995,5,5,5 May 1995,Virginia,Isle of Wight,NA,"Along Rt. 637, just north of Rt. 606 at Indika.",NA,NA,NA,Raphanus raphanistrum L.,raphanistrum
2859369854,1,5,6,2859369854,2859369854,CM,"Agostini, C.T.",1933-06-18,169,169,1933,6,18,18 Jun 1933,Pennsylvania,Allegheny,NA,1 mi NE of Gibsonia,40.640314,-79.955998,4807.0,Raphanus raphanistrum L.,raphanistrum
2573074641,1,1,18,2573074641,2573074641,VT,NA,NA,NA,NA,NA,NA,NA,NA,Vermont,NA,Swanton,NA,44.90801,-73.125,14386.0,Raphanus sativus L.,sativus
1998755097,0,5,7,1998755097,1998755097,GH,D. L. Dutton,1920-07-10,192,192,1920,7,10,"July 10, 1920",Vermont,Rutland County,Pittsfield,Pittsfield,NA,NA,NA,Raphanus raphanistrum L.,raphanistrum
3865363255,0,2,11,3865363255,3865363255,PH,Walter M. Benner,1928-07-14,196,196,1928,7,14,July 14 1928,New Jersey,Cape May,NA,Cold Spring,38.9667,-74.9167,1264.0,Raphanus sativus L.,sativus
3865378419,1,2,1,3865378419,3865378419,PH,Bayard Long,1943-11-14,318,318,1943,11,14,NA,Pennsylvania,Montgomery,NA,"Ca 0.5 mi. N of RR station, Woodmont",40.164856,-75.07175,411.0,Raphanus raphanistrum L.,raphanistrum
3865092215,0,0,0,3865092215,3865092215,PH,Hugh E. Stone,NA,NA,NA,NA,NA,NA,s.d.,Pennsylvania,Chester,NA,Coatesville,39.983162,-75.823836,3743.0,Raphanus sativus L.,sativus
SML_5198194851,0,3,36,SML_5198194851,5198194851,CAS,"Eastwood, Alice; Howell, John Thomas",1936-06-14,166,166,1936,6,14,"June 14, 1936",Oregon,Douglas County,NA,Yorcalla*.,NA,NA,NA,Raphanus raphanistrum L.,raphanistrum
3496963494,2,3,0,3496963494,3496963494,ODU,Susan B. Waters,1970-04-16,106,106,1970,4,16,NA,Virginia,Virginia Beach City,NA,"Field off Rt. 652, 3.6 miles N of junction with Rt. 58",NA,NA,NA,Raphanus raphanistrum L.,raphanistrum
5068482902,0,0,1,5068482902,5068482902,USCS,NA,NA,NA,NA,NA,NA,NA,NA,South Carolina,Spartanburg,NA,NA,NA,NA,NA,Raphanus raphanistrum L.,raphanistrum
2989911333,0,5,7,2989911333,2989911333,RSA,Joan Stewart,1992-02-25,56,56,1992,2,25,25 Feb 1992,California,Tulare,NA,"Sierra Nevada; Southern Sierra Nevada: Hwy 190, above Rio Vista Bridge.",NA,NA,NA,Raphanus L.,NA
4081344407,1,6,5,4081344407,4081344407,EIU,Gordon C. Tucker,2008-07-25,207,207,2008,7,25,NA,Rhode Island,Washington,NA,"Wakefield: White Pond, N. end. Elev. 35 m.",41.418177,-71.54469,NA,Raphanus raphanistrum L.,raphanistrum
2573076914,2,1,15,2573076914,2573076914,VT,NA,NA,NA,NA,NA,NA,NA,NA,Vermont,NA,Windsor,NA,43.477,-72.42083,5878.0,Raphanus raphanistrum L.,raphanistrum
SML_4006241339,0,1,20,SML_4006241339,4006241339,NEBC,W. T. Kittredge,2013-08-02,214,214,2013,8,2,NA,Massachusetts,Middlesex County,Cambridge,"Alewife Brook Reservation, s side of Little River along bike path",NA,NA,NA,Raphanus raphanistrum L.,raphanistrum
5106276862,4,8,64,5106276862,5106276862,UNCC,"Martin, David",1972-07-06,188,188,1972,7,6,1972-7-6,North Carolina,Duplin,NA,Warsaw,NA,NA,NA,Raphanus raphanistrum subsp. raphanistrum,raphanistrum
5103839793,3,6,0,5103839793,5103839793,WILLI,"Baldwin, Patrick",1991-05-01,121,121,1991,5,1,NA,Virginia,Newport News City,NA,bordering Rock Landing Road in Oyster Point Complex.,37.090958,-76.465636,774.0,Raphanus raphanistrum L.,raphanistrum
5103868289,5,5,19,5103868289,5103868289,WILLI,"Soltis, Douglas",1974-06-05,156,156,1974,6,5,NA,Virginia,New Kent,NA,"bordering Rt 600, 0.2 mi W of Holly Forks. PO Barhamsville",37.468201,-76.783572,3072.0,Raphanus raphanistrum L.,raphanistrum
3865104321,2,5,7,3865104321,3865104321,PH,"Robert L. Schaeffer, Jr.",1942-06-08,159,159,1942,6,8,NA,Pennsylvania,Northampton,NA,2 mi. NW of Freemansburg,40.64698,-75.372739,1334.0,Raphanus sativus L.,sativus
4101879464,5,1,10,4101879464,4101879464,BRIT,NA,NA,NA,NA,NA,NA,NA,NA,New Jersey,Cape May,NA,NA,NA,NA,NA,Raphanus raphanistrum L.,raphanistrum
5067927815,3,10,46,5067927815,5067927815,University of New Hampshire,C. F. Batchelder,1907-10-02,275,275,1907,10,2,NA,New Hampshire,Hillsborough,Peterborough,weedy grass field,42.89051,-71.93935,7291.0,Raphanus raphanistrum L.,raphanistrum
3865093280,0,1,9,3865093280,3865093280,PH,Bayard Long,1952-06-19,171,171,1952,6,19,June 19 1952,New Jersey,Burlington,NA,NE of Bordentown,40.156469,-74.698419,1440.0,Raphanus raphanistrum L.,raphanistrum
3855559246,0,0,9,3855559246,3855559246,UF,NA,NA,NA,NA,NA,NA,NA,NA,New Jersey,NA,NA,NA,NA,NA,NA,Raphanus raphanistrum L.,raphanistrum
3709845930,2,4,13,3709845930,3709845930,GA,"Moore, M",1996-10-02,276,276,1996,10,2,NA,Georgia,DeKalb County,NA,Stone Mountain Park,33.798499,-84.122753,58.0,Raphanus raphanistrum L.,raphanistrum
SML_3915845386,1,4,6,SML_3915845386,3915845386,NEBC,L. A. Standley  B. Connolly,2020-07-08,190,190,2020,7,8,NA,Connecticut,Windham County,Hampton,Corner of Station Rd and Utley Rd,41.79997,-72.06885,50,Raphanus raphanistrum L.,raphanistrum
SML_3978746654,0,3,12,SML_3978746654,3978746654,BAYLU,R.D. Thomas,2000-01-23,23,23,2000,1,23,23 January 2000,Louisana,Richland,NA,on Richland Plantation beside La. 15 at Moore Road northwest of Rhymes,32.422169,-91.9778,4597.0,Raphanus raphanistrum L.,raphanistrum
1998693494,0,1,22,1998693494,1998693494,GH,J. R. Churchill,1921-08-24,236,236,1921,8,24,"August 24, 1921",Maine,NA,NA,Monhegan Island,43.76521,-69.31238,1300,Raphanus raphanistrum L.,raphanistrum
SML_5198224849,3,17,15,SML_5198224849,5198224849,CAS,"Phelps, Orra Parker",1915-07-04,185,185,1915,7,4,"July 4, 1915",New York,NA,NA,Northern New York. Edwards.,NA,NA,NA,Raphanus sativus L.,sativus
5072730544,7,17,14,5072730544,5072730544,PEMB,NA,NA,NA,NA,NA,NA,NA,NA,North Carolina,Robeson,NA,NA,NA,NA,NA,Raphanus raphanistrum L.,raphanistrum
SML_1998838737,0,4,12,SML_1998838737,1998838737,GH,[data not captured],NA,NA,NA,NA,NA,NA,NA,Oregon,Lane County,NA,[data not captured],NA,NA,NA,Raphanus raphanistrum L.,raphanistrum
2430551064,0,5,33,2430551064,2430551064,RSA,P. H. Raven,1962-07-12,193,193,1962,7,12,12 July 1962,California,Los Angeles,NA,"Northwest Harbor, San Clemente Island",NA,NA,NA,Raphanus sativus L.,sativus
3357379777,0,0,35,3357379777,3357379777,GMUF,"Ted Bradley, Schuyler Vinzant, Sonny Chau",1997-07-28,209,209,1997,7,28,28 Jul 1997,Virginia,Washington,NA,"Along U.S. 58, e. from Bear Tree Gap Rd. to Creek Junction Rd.",NA,NA,NA,Raphanus raphanistrum L.,raphanistrum
3969595099,2,5,17,3969595099,3969595099,BRIT,NA,NA,NA,NA,NA,NA,NA,NA,NA,NA,NA,NA,NA,NA,NA,Raphanus sativus L.,sativus
2413153694,2,6,8,2413153694,2413153694,LOB,Ken Tanksley,1954-09-25,268,268,1954,9,25,"Sept. 25, 1954",NA,NA,NA,Buena Park,NA,NA,NA,Raphanus sativus L.,sativus
5103891090,2,10,1,5103891090,5103891090,WILLI,"Corcoran, Celeste M; Diggs Jr, G M & Hall, G W",1976-06-02,154,154,1976,6,2,NA,Virginia,Powhatan,NA,".25 miles south of the James River, 2 miles east of Fine Creek",37.610019,-77.777729,1409.0,Raphanus raphanistrum L.,raphanistrum
3865377304,0,8,7,3865377304,3865377304,PH,Bayard Long,1934-06-24,175,175,1934,6,24,June 24 1934,New Jersey,Cumberland,NA,Vineland,39.486227,-75.025731,13572.0,Raphanus raphanistrum L.,raphanistrum
2573011203,0,0,4,2573011203,2573011203,VT,NA,NA,NA,NA,NA,NA,NA,NA,NA,NA,NA,NA,NA,NA,NA,Raphanus L.,NA
3865108379,0,0,2,3865108379,3865108379,PH,Edwin B. Bartram,1921-10-03,276,276,1921,10,3,NA,Pennsylvania,Pike,NA,near Bushkill,41.093429,-75.00184,1337.0,Raphanus sativus L.,sativus
3344481313,3,11,5,3344481313,3344481313,CLEMS,L. W. Zettler,1988-03-25,85,85,1988,3,25,NA,South Carolina,Greenwood,NA,Greenwood,NA,NA,NA,Raphanus raphanistrum L.,raphanistrum
2234330877,0,6,45,2234330877,2234330877,NCU,NA,NA,NA,NA,NA,NA,NA,NA,North Carolina,Pender,NA,NA,NA,NA,NA,Raphanus raphanistrum L.,raphanistrum
3744713805,0,11,38,3744713805,3744713805,UNA,Rebecca Deramus,1967-04-30,120,120,1967,4,30,4/30/1967,Alabama,Mobile,NA,"Narvaez St, 2 blocks N of Bienville Blvd., Dauphin Island",30.25,-88.11,NA,Raphanus sativus L.,sativus
2512855501,1,7,11,2512855501,2512855501,US,A. Cook,1887,NA,NA,1887,NA,NA,NA,Massachusetts,NA,NA,So. Hadley.,NA,NA,NA,Raphanus sativus L.,sativus
3865374380,1,3,34,3865374380,3865374380,PH,"Robert L. Schaeffer, Jr.",1942-06-08,159,159,1942,6,8,NA,Pennsylvania,Northampton,NA,2 mi. NW of Freemansburg,40.64698,-75.372739,1334.0,Raphanus sativus L.,sativus
3865109354,1,0,2,3865109354,3865109354,PH,Isaac Burk,NA,NA,NA,NA,NA,NA,s.d.,New Jersey,Camden,NA,Kaighns Point,39.927044,-75.13119,86.0,Raphanus maritimus Sm.,maritimus
3865096295,1,13,28,3865096295,3865096295,PH,Alexander MacElwee,1890-06-22,173,173,1890,6,22,NA,Pennsylvania,Philadelphia,NA,West Philadelphia,39.960015,-75.22487,2920.0,Raphanus sativus L.,sativus
5068501435,1,16,30,5068501435,5068501435,USCS,NA,NA,NA,NA,NA,NA,NA,NA,South Carolina,Calhoun,NA,NA,NA,NA,NA,Raphanus raphanistrum L.,raphanistrum
5074461204,3,3,1,5074461204,5074461204,University of Rhode Island,Dr. R. Patrick,1940-06,NA,NA,1940,6,NA,NA,NA,NA,NA,"Roadside, Penna.",NA,NA,NA,Raphanus raphanistrum L.,raphanistrum
3865375342,1,5,12,3865375342,3865375342,PH,Edgar T. Wherry,1955-05-29,149,149,1955,5,29,NA,Pennsylvania,Philadelphia,NA,0.75 mi. S of Byberry,40.096364,-74.966573,918.0,Raphanus raphanistrum L.,raphanistrum
1999430450,1,3,3,1999430450,1999430450,NEBC,S. N. F. Sanford & D. L. Ordway,1934-06-04,155,155,1934,6,4,June 4 1934,Massachusetts,Norfolk County,Bellingham,Bellingham,NA,NA,NA,Raphanus raphanistrum L.,raphanistrum
2234329990,2,14,55,2234329990,2234329990,NCU,NA,NA,NA,NA,NA,NA,NA,NA,South Carolina,Charleston,NA,NA,NA,NA,NA,Raphanus raphanistrum L.,raphanistrum
3709959759,6,20,14,3709959759,3709959759,GA,"Lynch, P.",2010-04-14,104,104,2010,4,14,NA,Georgia,Twiggs County,NA,Private Property,32.523347,-83.466956,NA,Raphanus raphanistrum L.,raphanistrum
2859096125,3,10,7,2859096125,2859096125,CM,"Kirch, T.E.",1915-07-02,183,183,1915,7,2,2 Jul 1915,New York,Nassau,NA,"Long Island, Cold Spring Harbor, Bio Lab",40.858333,-73.466389,300.0,Raphanus raphanistrum L.,raphanistrum
3709935706,2,8,15,3709935706,3709935706,GA,"Hazelbaker, Michael",2018-03-31,90,90,2018,3,31,NA,Georgia,Walton County,NA,Monroe,33.82595,-83.6021,NA,Raphanus raphanistrum L.,raphanistrum
3865364292,0,2,0,3865364292,3865364292,PH,"Robert L. Schaeffer, Jr.",1956-06-13,165,165,1956,6,13,NA,Pennsylvania,Lehigh,NA,"2.5 mi. SW of Center Square, Allentown",40.582806,-75.523929,3417.0,Raphanus raphanistrum L.,raphanistrum
2430158391,5,19,15,2430158391,2430158391,RSA,N. C. Cooper,1945-05-01,121,121,1945,5,1,"May 1, 1945.",California,Los Angeles,NA,"Tapia Park area, Santa Monica Mountains.",NA,NA,NA,Raphanus sativus L.,sativus
2234331362,2,2,13,2234331362,2234331362,NCU,NA,NA,NA,NA,NA,NA,NA,NA,South Carolina,Barnwell,NA,NA,NA,NA,NA,Raphanus raphanistrum L.,raphanistrum
SML_1999421493,2,18,16,SML_1999421493,1999421493,GH,W. L. C. Muenscher & A. A. Lindsey,1932-06-19,171,171,1932,6,19,NA,New York,Fulton County,NA,near Broadalbin,NA,NA,NA,Raphanus raphanistrum L.,raphanistrum
1998887271,0,0,17,1998887271,1998887271,NEBC,J. R. Churchill,1891-06-13,164,164,1891,6,13,June 13 1891,Massachusetts,Essex County,Swampscott,Swampscott,42.47508,-70.91288,2430,Raphanus raphanistrum L.,raphanistrum
2242400589,3,7,0,2242400589,2242400589,DBG,James Montgomery,1958-06-01,152,152,1958,6,1,NA,Pennsylvania,Union,Lewisburg,Cultivated at Bucknell University.,40.95701,-76.885268,1795.0,Raphanus sativus L.,sativus
2573011385,0,1,18,2573011385,2573011385,VT,NA,NA,NA,NA,NA,NA,NA,NA,NA,NA,NA,NA,NA,NA,NA,Raphanus L.,NA
5067926814,3,0,4,5067926814,5067926814,University of New Hampshire,W. S. Harris,1892-07-23,205,205,1892,7,23,NA,New Hampshire,Rockingham,Windham,NA,42.80757,-71.29948,6656.0,Raphanus raphanistrum L.,raphanistrum
3969593862,0,4,5,3969593862,3969593862,BRIT,NA,NA,NA,NA,NA,NA,NA,NA,NA,NA,NA,NA,NA,NA,NA,Raphanus raphanistrum L.,raphanistrum
2234332688,2,15,40,2234332688,2234332688,NCU,NA,NA,NA,NA,NA,NA,NA,NA,North Carolina,Craven,NA,NA,NA,NA,NA,Raphanus raphanistrum L.,raphanistrum
3897882332,0,2,37,3897882332,3897882332,CHRB,NA,NA,NA,NA,NA,NA,NA,NA,New Jersey,Monmouth,NA,NA,NA,NA,NA,Raphanus raphanistrum L.,raphanistrum
5103891696,0,0,24,5103891696,5103891696,WILLI,"van Montfrans, Margaret; Hall, Gustav W",1979-06-21,172,172,1979,6,21,NA,Virginia,Mathews,NA,along St. Rte. 198 at Soles.,37.492915,-76.436891,781.0,Raphanus raphanistrum L.,raphanistrum
3897880460,0,2,13,3897880460,3897880460,CHRB,NA,NA,NA,NA,NA,NA,NA,NA,Pennsylvania,McKean,NA,NA,NA,NA,NA,Raphanus raphanistrum L.,raphanistrum
1998686585,1,9,17,1998686585,1998686585,GH,F. S. Collins,1887-07-15,196,196,1887,7,15,July 15. 1887,Massachusetts,Middlesex County,Malden,Malden,42.42815,-71.06216,2500,Raphanus raphanistrum L.,raphanistrum
2234585224,0,1,31,2234585224,2234585224,NCU,"Yocum, Lawson Edwin",1925-07-24,205,205,1925,7,24,NA,North Carolina,Avery,NA,Newland,NA,NA,NA,Raphanus sativus L.,sativus
4102218535,4,1,1,4102218535,4102218535,BRIT,NA,NA,NA,NA,NA,NA,NA,NA,Oregon,Clatsop,NA,NA,NA,NA,NA,Raphanus raphanistrum L.,raphanistrum
5067925812,4,8,12,5067925812,5067925812,University of New Hampshire,H. S. Clapp,1944-07-04,186,186,1944,7,4,NA,New Hampshire,Coos,Colebrook,"Colebrook Greenhouse, West Stewartstown Road",44.899,-71.41493,9667.0,Raphanus raphanistrum L.,raphanistrum
5070543300,3,12,28,5070543300,5070543300,BALT,NA,NA,NA,NA,NA,NA,NA,NA,NA,NA,NA,NA,NA,NA,NA,Raphanus L.,NA
1998590111,2,7,13,1998590111,1998590111,NEBC,F. W. Hunnewell,1914-06-21,172,172,1914,6,21,"June 21, 1914",Massachusetts,Norfolk County,Dover,Dover,NA,NA,NA,Raphanus raphanistrum L.,raphanistrum
3820745015,2,19,18,3820745015,3820745015,OSU,Keith R. Matson,1954-04-18,108,108,1954,4,18,NA,Oregon,Benton,NA,"3 miles North of Corvallis, on Highway 99W.",44.652932,-123.2719,4828.0,Raphanus raphanistrum L.,raphanistrum
4851194916,0,0,30,4851194916,4851194916,WS,Walter Fertig; Laura Fertig,2021-08-15,227,227,2021,8,15,NA,Washington,Grays Harbor,NA,"Pacific Northwest Coast ecoregion: McCleary, Beerbower Park, along WA Highway 108 just north of junction with South 3rd Street. T18N R5W S11 SE4 SE4 SE4",47.056155,-123.265104,NA,Raphanus raphanistrum L.,raphanistrum
2430148041,3,0,0,2430148041,2430148041,RSA,L. W. Nuttall,1920-05-24,145,145,1920,5,24,"May 24, 1920",California,Los Angeles,NA,Santa Catalina Island.,NA,NA,NA,Raphanus sativus L.,sativus
5103891100,0,13,50,5103891100,5103891100,WILLI,"Mikula, Bernard",1949-06-17,168,168,1949,6,17,NA,Virginia,York,NA,2 mi N of Williamsburg,37.300523,-76.708487,2855.0,Raphanus raphanistrum L.,raphanistrum
3496963416,1,16,10,3496963416,3496963416,ODU,Frank h. Causey,1970-04-23,113,113,1970,4,23,NA,Virginia,Chesapeake City,NA,"Found on sunny, sandy open area",36.68645,-76.309683,22379.0,Raphanus raphanistrum L.,raphanistrum
5937677303,2,5,10,5937677303,5937677303,STNF,Harry A. Fowells,1936-07-20,202,202,1936,7,20,20-Jul-36,California,NA,NA,Shasta-Trinity National Forest. Locality Stanislaus Branch.,NA,NA,NA,Raphanus sativus L.,sativus
4851299367,2,8,8,4851299367,4851299367,WS,Richard R. Halse,2020-09-28,272,272,2020,9,28,NA,Oregon,Benton,NA,"Along Old River Road, 1 mile east of its junction with OR Hwy 99W, N of Monroe.",44.37825,-123.26903,NA,Raphanus raphanistrum L.,raphanistrum
1998634721,6,18,3,1998634721,1998634721,NEBC,R. A. Ware,1903-05-30,150,150,1903,5,30,"May 30, 1903",Massachusetts,Norfolk County,Walpole,Walpole,42.15966,-71.25745,3997m,Raphanus raphanistrum L.,raphanistrum
3357380387,1,3,17,3357380387,3357380387,GMUF,"Ted Bradley, Eric Forbes",2001-07-07,188,188,2001,7,7,7 Jul 2001,Virginia,Pulaski,NA,"Along rte. 693 from jct. with rte. 669 north to jct. with rte. 605, se. of Pulaski.",NA,NA,NA,Raphanus raphanistrum L.,raphanistrum
3865101230,1,5,25,3865101230,3865101230,PH,E. M. Gress,1929-06-24,175,175,1929,6,24,NA,Pennsylvania,Erie,NA,North East,42.215613,-79.834216,1562.0,Raphanus raphanistrum L.,raphanistrum
2234330162,4,6,7,2234330162,2234330162,NCU,NA,NA,NA,NA,NA,NA,NA,NA,South Carolina,Richland,NA,NA,NA,NA,NA,Raphanus raphanistrum L.,raphanistrum
3865374379,0,9,4,3865374379,3865374379,PH,Dorothy Richman Wade; Douglas E. Wade,1939-06-14,165,165,1939,6,14,NA,Pennsylvania,Snyder,NA,0.75 mi. NW of Penns Creek P.O.,40.867489,-77.065416,1979.0,Raphanus sativus L.,sativus
3897880437,4,5,4,3897880437,3897880437,CHRB,NA,NA,NA,NA,NA,NA,NA,NA,New York,Rockland,NA,NA,NA,NA,NA,Raphanus raphanistrum L.,raphanistrum
1999245273,1,3,32,1999245273,1999245273,NEBC,Ralph Hoffmann,1912-09-05,249,249,1912,9,5,Sept. 5 1912,Massachusetts,NA,NA,NA,NA,NA,NA,Raphanus sativus L.,sativus
2989941281,2,24,19,2989941281,2989941281,RSA,Diane Elliott,1985-04-26,116,116,1985,4,26,26 April 1985,California,Los Angeles,NA,"Canyon, (.5)? miles S of intersection, Eastvale Rd. and Palos Verdes Drive North.",NA,NA,NA,Raphanus sativus L.,sativus
3344481305,0,6,23,3344481305,3344481305,CLEMS,NA,NA,NA,NA,NA,NA,NA,NA,South Carolina,Spartanburg,NA,NA,NA,NA,NA,Raphanus raphanistrum L.,raphanistrum
1999261686,6,2,6,1999261686,1999261686,NEBC,S. K. Harris,1968-06-26,178,178,1968,6,26,26 June 1968,New Hampshire,NA,NA,South Chatham,NA,NA,NA,Raphanus raphanistrum L.,raphanistrum
2234332919,2,1,14,2234332919,2234332919,NCU,NA,NA,NA,NA,NA,NA,NA,NA,South Carolina,Jasper,NA,NA,NA,NA,NA,Raphanus raphanistrum L.,raphanistrum
3865097241,0,0,13,3865097241,3865097241,PH,Bayard Long,1948-11-06,311,311,1948,11,6,"Nov. 6, 1948",Pennsylvania,Bucks,NA,within 1 mi. SE of Southampton,40.164027,-75.030369,1119.0,Raphanus raphanistrum L.,raphanistrum
4067794449,4,0,37,4067794449,4067794449,MCA,"R. L. Schaeffer, Jr.",1967-07-19,200,200,1967,7,19,NA,Pennsylvania,Carbon,NA,1 mile NE of Beltzville,40.850339,-75.621921,4807.0,Raphanus raphanistrum L.,raphanistrum
2859081863,1,0,1,2859081863,2859081863,CM,"Bright, J.",1927-07-16,197,197,1927,7,16,16 Jul 1927,Pennsylvania,Erie,NA,"near Erie, Wintergreen Gulch",42.119072,-79.990849,1500.0,Raphanus sativus L.,sativus
5068482938,2,5,10,5068482938,5068482938,USCS,NA,NA,NA,NA,NA,NA,NA,NA,North Carolina,Polk,NA,NA,NA,NA,NA,Raphanus raphanistrum L.,raphanistrum
2234332333,5,6,7,2234332333,2234332333,NCU,NA,NA,NA,NA,NA,NA,NA,NA,Virginia,New Kent,NA,NA,NA,NA,NA,Raphanus raphanistrum L.,raphanistrum
3897882373,3,5,0,3897882373,3897882373,CHRB,NA,NA,NA,NA,NA,NA,NA,NA,New Jersey,Somerset,NA,NA,NA,NA,NA,Raphanus raphanistrum L.,raphanistrum
2430139010,0,7,13,2430139010,2430139010,RSA,I. L. Wiggins,1930-04-18,108,108,1930,4,18,"April 18, 1930.",California,Contra Costa,NA,Jersey Island.,38.0324496,-121.6827785,4033.0,Raphanus sativus L.,sativus
4601577270,1,4,9,4601577270,4601577270,DOV,NA,NA,NA,NA,NA,NA,NA,NA,Massachusetts,NA,NA,NA,NA,NA,NA,Raphanus sativus L.,sativus
3865378423,3,2,0,3865378423,3865378423,PH,Joseph H. Painter,1903-09,NA,NA,1903,9,NA,Sp. mo. 1903,Delaware,New Castle,NA,Beaver Valley,39.83905,-75.5596,1600,Raphanus raphanistrum L.,raphanistrum
4912314643,1,2,60,4912314643,4912314643,BRY,Richard R. Halse,2014-07-19,200,200,2014,7,19,2014-7-19,Oregon,Coos,NA,Just S of Bandon at the end of Mars Lane.,43.08721,-124.43369,NA,Raphanus raphanistrum L.,raphanistrum
3865093275,0,0,10,3865093275,3865093275,PH,Bayard Long,1946-06-23,174,174,1946,6,23,NA,Pennsylvania,Bucks,NA,Ca 1 mi. NE of Southampton,40.184524,-75.030369,1149.0,Raphanus raphanistrum L.,raphanistrum
2859358581,2,0,41,2859358581,2859358581,CM,"Isaac, B.L.; Isaac, J.A.",1990-07-25,206,206,1990,7,25,25 Jul 1990,Pennsylvania,Lawrence,NA,ca 1 mi SE of New Bedford along Marr Road,41.097037,-80.496929,3206.0,Raphanus sativus L.,sativus
1999060338,0,6,11,1999060338,1999060338,NEBC,S. K. Harris,1933-07-25,206,206,1933,7,25,"July 25, 1933",Massachusetts,Essex County,Marblehead,Marblehead,42.49749,-70.86013,2650,Raphanus raphanistrum L.,raphanistrum
2512846209,0,3,31,2512846209,2512846209,US,R. Britt,NA,NA,NA,NA,NA,NA,Transcribed d/m/y: 23/5/65,North Carolina,NA,NA,Robeson County. Roadside 4.5 miles SSW of St. Pauls along Co. 1765,NA,NA,NA,Raphanus raphanistrum L.,raphanistrum
5070880618,0,1,2,5070880618,5070880618,MARY,R. Rappleye,1935-06-26,177,177,1935,6,26,6/26/35,Maryland,Calvert,NA,"Willows; In Fishermans Creek Swamp, Camp Roosevelt",38.63845,-76.5258,NA,Raphanus sativus L.,sativus
3925803519,6,12,28,3925803519,3925803519,MISS,T. Thriffiley & T. Dye,2000-02-28,59,59,2000,2,28,2/28/2000,Mississippi,Perry,NA,Camp Shelby Training Site. Dropzone. Easting: 0300479 Northing: 3450862.,NA,NA,NA,Raphanus raphanistrum L.,raphanistrum
2234331354,1,1,14,2234331354,2234331354,NCU,NA,NA,NA,NA,NA,NA,NA,NA,South Carolina,Dillon,NA,NA,NA,NA,NA,Raphanus raphanistrum L.,raphanistrum
2234332578,4,13,12,2234332578,2234332578,NCU,NA,NA,NA,NA,NA,NA,NA,NA,South Carolina,Edgefield,NA,NA,NA,NA,NA,Raphanus raphanistrum L.,raphanistrum
3341236065,0,1,22,3341236065,3341236065,SIM,William T. Davis,1899-06-17,168,168,1899,6,17,NA,New York,Richmond,NA,"Clove Valley, Staten Island",40.616215,-74.103753,3036.0,Raphanus raphanistrum L.,raphanistrum
5070543320,2,12,10,5070543320,5070543320,BALT,NA,NA,NA,NA,NA,NA,NA,NA,NA,NA,NA,NA,NA,NA,NA,Raphanus L.,NA
3897880694,8,0,19,3897880694,3897880694,CHRB,Gary H. Morton,1976-06-24,176,176,1976,6,24,"June 24, 1976",New Jersey,Essex,Newark,"Boyden Hall, Rutgers-Newark Campus",NA,NA,NA,Raphanus raphanistrum L.,raphanistrum
3897882353,0,14,1,3897882353,3897882353,CHRB,NA,NA,NA,NA,NA,NA,NA,NA,New Jersey,Somerset,NA,NA,NA,NA,NA,Raphanus raphanistrum L.,raphanistrum
4134266499,1,4,1,4134266499,4134266499,LYN,NA,NA,NA,NA,NA,NA,NA,NA,Virginia,Bedford,NA,NA,NA,NA,NA,Raphanus sativus L.,sativus
4092881445,0,4,7,4092881445,4092881445,FARM,NA,NA,NA,NA,NA,NA,NA,NA,Virginia,NA,NA,NA,NA,NA,NA,Raphanus raphanistrum L.,raphanistrum
2430174509,3,9,16,2430174509,2430174509,RSA,W. L. Halvorson,1977-03-29,88,88,1977,3,29,77-3-29,California,San Diego,NA,Vacant lot in Oceanside,NA,NA,NA,Raphanus sativus L.,sativus
5103889547,0,0,9,5103889547,5103889547,WILLI,"Vascott, Anna; Day, Fenton",1983-07-08,189,189,1983,7,8,NA,Virginia,King and Queen,NA,"Off Rt. 602, 1.4 mi. W of the intersection with Rt. 614, across from pond. North of Truhart.",37.67938,-76.807031,529.0,Raphanus raphanistrum L.,raphanistrum
2430130354,0,5,9,2430130354,2430130354,RSA,Claire Kibbe,1936-07,NA,NA,1936,7,NA,July 1936.,California,Orange,NA,Santa Ana Canyon.,NA,NA,NA,Raphanus sativus L.,sativus
2430203932,0,5,15,2430203932,2430203932,RSA,L. C. Wheeler,1933-07-20,201,201,1933,7,20,"July 20, 1933",California,San Bernardino,NA,"S. Fork Meadows, Santa Ana River San Bernardino Mts.",NA,NA,NA,Raphanus sativus L.,sativus
3865109362,0,0,0,3865109362,3865109362,PH,John M. Macfarlane,1907-09,NA,NA,1907,9,NA,Sept 1907,New Jersey,Cape May,NA,Holly Beach; 38.986357 -74.81786,38.986357,-74.81786,1139.0,Raphanus raphanistrum L.,raphanistrum
1999148571,0,8,28,1999148571,1999148571,NEBC,A. S. Pease,1956-07-26,208,208,1956,7,26,"26 July, 1956",Vermont,Essex County,Guildhall,Guildhall,NA,NA,NA,Raphanus raphanistrum L.,raphanistrum
2234331246,1,6,2,2234331246,2234331246,NCU,NA,NA,NA,NA,NA,NA,NA,NA,North Carolina,Wake,NA,NA,NA,NA,NA,Raphanus raphanistrum L.,raphanistrum
3865362262,2,4,13,3865362262,3865362262,PH,Joseph R. Rhoads,1862-08-24,236,236,1862,8,24,NA,Pennsylvania,NA,NA,"Haverford Road, 0.75 mi W of Haddington",NA,NA,NA,Raphanus raphanistrum L.,raphanistrum
3798074545,4,7,21,3798074545,3798074545,CS,Dick Walter Verda Walter,1985-04-28,118,118,1985,4,28,28/04/1985,California,San Bernardino County,NA,"Oak Glen Road, NE of Yucaipa, 1.5 mi from Bryant Street.",NA,NA,NA,Raphanus sativus L.,sativus
3357380466,2,18,32,3357380466,3357380466,GMUF,"B. Miller, M. Stanley",1973-04-21,111,111,1973,4,21,21 Apr 1973,Virginia,Lancaster,NA,"Rt. 604, 1 3/4 mi. N of Rt. e.",NA,NA,NA,Raphanus raphanistrum L.,raphanistrum
2573009412,2,0,7,2573009412,2573009412,VT,NA,NA,NA,NA,NA,NA,NA,NA,NA,NA,NA,NA,NA,NA,NA,Raphanus L.,NA
51063638087,6,22,22,51063638087,51063638087,NA,NA,NA,NA,NA,NA,NA,NA,NA,NA,NA,NA,NA,NA,NA,NA,NA,NA
3344481325,3,16,5,3344481325,3344481325,CLEMS,D. Harrigal,1980-04-05,96,96,1980,4,5,NA,South Carolina,Colleton,NA,Colleton,NA,NA,NA,Raphanus raphanistrum L.,raphanistrum
2430540907,2,10,7,2430540907,2430540907,RSA,Bill Duval,NA,NA,NA,NA,NA,NA,05 Jun,California,Los Angeles,NA,La Canada,NA,NA,NA,Raphanus sativus L.,sativus
3897880728,1,1,3,3897880728,3897880728,CHRB,NA,NA,NA,NA,NA,NA,NA,NA,New Jersey,Middlesex,NA,NA,NA,NA,NA,Raphanus raphanistrum L.,raphanistrum
3865378415,0,0,6,3865378415,3865378415,PH,"Robert L. Schaeffer, Jr.",1952-08-02,215,215,1952,8,2,NA,Pennsylvania,Northampton,NA,1.5 mi. E of Centerville,40.866877,-75.099035,1204.0,Raphanus raphanistrum L.,raphanistrum
4101881488,0,2,2,4101881488,4101881488,BRIT,NA,NA,NA,NA,NA,NA,NA,NA,Louisiana,NA,NA,NA,NA,NA,NA,Raphanus raphanistrum L.,raphanistrum
5889171835,3,10,7,5889171835,5889171835,BRIT,E. Stanley,2000-04-06,97,97,2000,4,6,NA,Texas,Erath,NA,"Stephenville, Tx; lot on the corner of Hyman and 6th St",32.205937,-98.214878,54.0,Raphanus sativus L.,sativus
2573085208,2,3,0,2573085208,2573085208,VT,NA,1898-06-15,166,166,1898,6,15,1898-6-15,Maine,Androscoggin,Lewiston,NA,44.09146,-70.16808,9610.0,Raphanus sativus L.,sativus
5106243448,3,2,0,5106243448,5106243448,UNCC,"Barringer, P. [""Phil""]",1976-05-10,131,131,1976,5,10,1976-5-10,North Carolina,Alexander,NA,Rocky Face,35.972354,-81.108692,NA,Raphanus raphanistrum subsp. raphanistrum,raphanistrum
3969864034,0,3,0,3969864034,3969864034,BRIT,NA,NA,NA,NA,NA,NA,NA,NA,NA,NA,NA,NA,NA,NA,NA,Raphanus raphanistrum L.,raphanistrum
2512862347,1,2,10,2512862347,2512862347,US,L. F. Ward,1877,NA,NA,1877,NA,NA,NA,Virginia,City of Norfolk,NA,Norfolk.,NA,NA,NA,Raphanus sativus L.,sativus
2234331250,1,12,2,2234331250,2234331250,NCU,NA,NA,NA,NA,NA,NA,NA,NA,North Carolina,NA,NA,NA,NA,NA,NA,Raphanus raphanistrum L.,raphanistrum
3925803558,5,10,1,3925803558,3925803558,MISS,S. B. Jones,1966-03-16,75,75,1966,3,16,3/16/1966,Mississippi,Jones,NA,R14W T6N sec 1.,NA,NA,NA,Raphanus raphanistrum L.,raphanistrum
1998976464,4,6,3,1998976464,1998976464,ECON,O. Ames,1916-06-13,165,165,1916,6,13,"June 13, 1916",Massachusetts,Bristol County,Easton,Easton,42.02778,-71.11192,3910m,Raphanus raphanistrum L.,raphanistrum
3344481299,2,14,9,3344481299,3344481299,CLEMS,John B. Nelson,1973-08-15,227,227,1973,8,15,NA,South Carolina,Richland,NA,Richland,NA,NA,NA,Raphanus sativus L.,sativus
2234332539,3,1,1,2234332539,2234332539,NCU,NA,NA,NA,NA,NA,NA,NA,NA,Alabama,Baldwin,NA,NA,NA,NA,NA,Raphanus raphanistrum L.,raphanistrum
YOSE225087,1,2,3,YOSE225087,NA,NA,NA,NA,NA,NA,NA,NA,NA,NA,NA,NA,NA,NA,NA,NA,NA,NA,NA
1999157503,5,14,15,1999157503,1999157503,GH,E. F. Williams,1897-07-25,206,206,1897,7,25,"July 25, 1897",New Hampshire,Coos County,Randolph,Randolph,NA,NA,NA,Raphanus raphanistrum L.,raphanistrum
2430082816,1,8,26,2430082816,2430082816,RSA,E. R. Blakley,1960-04-05,96,96,1960,4,5,"April 5-10, 1960",California,Santa Barbara,NA,"Beach bluffs at the Vail Ranch headquaters, Santa Rosa Island",34.0073,-120.04943,160.0,Raphanus raphanistrum L.,raphanistrum
3820734926,2,7,9,3820734926,3820734926,OSU,David Gross,2016-08-27,240,240,2016,8,27,27 Aug 2016,Oregon,Lincoln,NA,Waldport.,NA,NA,NA,Raphanus sativus L.,sativus
1998828278,0,3,20,1998828278,1998828278,NEBC,F. F. Forbes,1914-06-30,181,181,1914,6,30,June 30 1914,Massachusetts,Bristol County,Rehoboth,Rehoboth,NA,NA,NA,Raphanus sativus L.,sativus
3865377308,0,0,13,3865377308,3865377308,PH,"Robert L. Schaeffer, Jr.",1947-07-20,201,201,1947,7,20,NA,Pennsylvania,Northampton,NA,1 mi. N of Danielsville,40.806432,-75.534081,2639.0,Raphanus sativus L.,sativus
5067924809,1,0,5,5067924809,5067924809,University of New Hampshire,O. W. Knight;,1905-07-08,189,189,1905,7,8,NA,Maine,Penobscot,Bangor,NA,44.83124,-68.78856,7086.0,Raphanus raphanistrum L.,raphanistrum
2430390468,3,26,32,2430390468,2430390468,RSA,N. C. Cooper,1944-04-22,113,113,1944,4,22,"April 22, 1944.",California,Riverside,NA,Banning.,33.8999801,-116.8756071,10000.0,Raphanus sativus L.,sativus
3710040784,6,2,56,3710040784,3710040784,GA,NA,NA,NA,NA,NA,NA,NA,NA,California,Los Angeles County,NA,"Los Angeles County, CA",NA,NA,NA,Raphanus raphanistrum L.,raphanistrum
4856038261,0,15,40,4856038261,4856038261,ETSU,Jamey Donaldson,1990-03-30,89,89,1990,3,30,3/30/90,North Carolina,Scotland,NA,"Field next to sewer plant, St. Andrews",NA,NA,NA,Raphanus raphanistrum L.,raphanistrum
2234307765,5,12,9,2234307765,2234307765,NCU,"Carter, J. [Jay]",1973-06-23,174,174,1973,6,23,NA,North Carolina,Moore,NA,Open roadside at old field edge: 3 1/2 mi. NNE. of Southern Pines (SR 1802),NA,NA,NA,Raphanus raphanistrum L.,raphanistrum
5900701147,0,0,24,5900701147,5900701147,RSA,Jon Rebman; Christy Wolf,2022-05-25,145,145,2022,5,25,25 May 2022,California,San Diego,NA,Fallbrook Naval Weapons Station: west of Fallbrook; South Magazine; S side of Ammunition Rd along Fallbrook Creek.,33.36497,-117.26329,NA,Raphanus raphanistrum L.,raphanistrum
894984579,1,0,30,894984579,894984579,University of Lethbridge,H.E. Ahles,1979-07-05,186,186,1979,7,5,NA,Massachusetts,NA,NA,"Daymon Road near railroad, Northampton",42.338,-72.63613,150,Raphanus raphanistrum L.,raphanistrum
4912308178,5,14,17,4912308178,4912308178,BRY,Elizabeth Neese,1981-01-27,27,27,1981,1,27,1981-1-27,California,Santa Cruz,NA,Pajaro dunes near Watsonville.,NA,NA,NA,Raphanus sativus L.,sativus
3969780972,0,19,13,3969780972,3969780972,BRIT,NA,NA,NA,NA,NA,NA,NA,NA,NA,NA,NA,NA,NA,NA,NA,Raphanus raphanistrum L.,raphanistrum
5072730533,16,9,4,5072730533,5072730533,PEMB,NA,NA,NA,NA,NA,NA,NA,NA,North Carolina,Robeson,NA,NA,NA,NA,NA,Raphanus raphanistrum L.,raphanistrum
3865109358,0,1,4,3865109358,3865109358,PH,Edgar T. Wherry,1958-08-09,221,221,1958,8,9,NA,Pennsylvania,Montgomery,NA,1 mi. SW of Frederick,40.292628,-75.542784,1070.0,Raphanus raphanistrum L.,raphanistrum
2512771806,4,6,33,2512771806,2512771806,US,L. F. Ward,1877-05-17,137,137,1877,5,17,NA,Virginia,City of Norfolk,NA,Common's of Bombay Hook. Near Norfolk.,NA,NA,NA,Raphanus raphanistrum L.,raphanistrum
3829914342,0,7,19,3829914342,3829914342,MISSA,K. E. Rogers,1969-05-03,123,123,1969,5,3,NA,Mississippi,Stone,NA,University of Mississippi Forest Lands,30.78194,-89.13806,3036.0,Raphanus raphanistrum L.,raphanistrum
3091277543,0,23,55,3091277543,3091277543,ASC,R. Meidell,1971-05-15,135,135,1971,5,15,NA,California,Santa Barbara,NA,"Adams Park, 1 mile north of Lompoc on Hwy S-20",34.678111,-120.458736,NA,Raphanus sativus L.,sativus
3897880704,0,0,0,3897880704,3897880704,CHRB,NA,NA,NA,NA,NA,NA,NA,NA,New Jersey,Mercer,NA,NA,NA,NA,NA,Raphanus raphanistrum L.,raphanistrum
3865108375,0,6,25,3865108375,3865108375,PH,Flora S. Fender,1935-09-29,272,272,1935,9,29,Sept 29 1935,New Jersey,Cape May,NA,Avalon,39.101225,-74.717662,5034.0,Raphanus raphanistrum L.,raphanistrum
2565965269,0,4,10,2565965269,2565965269,CSLA,Alfred Traverse,1960-04-23,114,114,1960,4,23,23 Apr 1960,Texas,Harris,NA,"Houston (Spring Branch), 1428 Adkins Road.",NA,NA,NA,Raphanus sativus L.,sativus
3695177067,0,4,2,3695177067,3695177067,UAM,Eric Sundell; Milanne Sundell,2004-04-24,115,115,2004,4,24,24 April 2004,Alabama,Birmingham,NA,"Birmingham, E of metropolitan area. ""The Rise"" stables.",NA,NA,NA,Raphanus raphanistrum L.,raphanistrum
4067794453,1,2,12,4067794453,4067794453,MCA,"R. L. Schaeffer, Jr.",1968-06-19,171,171,1968,6,19,NA,Pennsylvania,Carbon,NA,1/2 mile S of Upper Pine Run School,40.882818,-75.620546,832.0,Raphanus raphanistrum L.,raphanistrum
2430071957,1,23,24,2430071957,2430071957,RSA,Phillip Robinson,1991-05-12,132,132,1991,5,12,12 May 1991,California,Los Angeles,NA,"Sycamore Canyon 0.25 miles south of intersection of Beverly Blvd & Workman Mill Road. 1.2 miles east of Workman Mill Rd on trail into canyon. [City of Industry, sw of Rio Hondo College, east of 605 Fwy]",NA,NA,NA,Raphanus sativus L.,sativus
2234334300,3,6,4,2234334300,2234334300,NCU,NA,NA,NA,NA,NA,NA,NA,NA,Virginia,Norfolk City,NA,NA,NA,NA,NA,Raphanus raphanistrum L.,raphanistrum
5081485331,0,6,9,5081485331,5081485331,ERSK,"Ellison, W.L.",1969-04-04,94,94,1969,4,4,NA,South Carolina,Barnwell,NA,Ca. 2 miles east of Williston on highway 39.,NA,NA,NA,Raphanus raphanistrum L.,raphanistrum
CDA-0016211,0,2,41,CDA-0016211,3059684838,CDA,G.F. Hrusa,1999-04-25,115,115,1999,4,25,4/25/1999,California,Yolo,NA,Roadside at I-5 exit to River Rd. ± 3-4 mi S of Woodland on W side. Sacramento Valley.,38.67,-121.64,NA,Raphanus sativus L.,sativus
3091277514,0,3,24,3091277514,3091277514,ASC,T. McLarty,1973-03-22,81,81,1973,3,22,NA,California,Los Angeles,NA,"Glendora, vacant lot",34.136119,-117.865339,6891.0,Raphanus raphanistrum L.,raphanistrum
1998820234,0,8,20,1998820234,1998820234,NEBC,N. F. Thayer,1903,NA,NA,1903,NA,NA,July 1903,Massachusetts,Worcester County,Lancaster,Lancaster,NA,NA,NA,Raphanus raphanistrum L.,raphanistrum
3400897306,0,11,28,3400897306,3400897306,USF,Nelson,2018-03-16,75,75,2018,3,16,NA,South Carolina,Colleton Co.,NA,"S side of SC 64 at Doctors Creek Road, 2.5 road mi. W of I-95, 4 air mi. W of Walterboro.",32.9389,-80.7309,NA,Raphanus raphanistrum L.,raphanistrum
2992927302,1,1,14,2992927302,2992927302,USF,NA,1887-07-31,212,212,1887,7,31,NA,Massachusetts,Norfolk Co.,NA,Needham.,42.2834,-71.2328,NA,Raphanus raphanistrum L.,raphanistrum
2573523062,0,2,2,2573523062,2573523062,COLO,NA,NA,NA,NA,NA,NA,NA,NA,Massachusetts,NA,NA,NA,NA,NA,NA,Raphanus raphanistrum L.,raphanistrum
2234331694,1,3,29,2234331694,2234331694,NCU,NA,NA,NA,NA,NA,NA,NA,NA,North Carolina,Harnett,NA,NA,NA,NA,NA,Raphanus raphanistrum L.,raphanistrum
2430251413,0,13,12,2430251413,2430251413,RSA,"Steve Boyd; Andy Sanders, Mark Skinner",1990-04-28,118,118,1990,4,28,"April 28, 1990",California,Riverside,NA,"Vail Lake area, SW base of ‘Big’ Oak Mtn. at mouth of Temecula Creek Cyn. below dam.",33.4999907,-116.9906059,5000.0,Raphanus sativus L.,sativus
5103533218,1,3,14,5103533218,5103533218,UTEP,Collector(s): unknown,1994-04-01,91,91,1994,4,1,01-Apr-94,California,Monterey County,NA,"Los Padres National Forest, meadow above Jade Cove",35.906668,-121.451851,1229.0,Raphanus sativus L.,sativus
2512815201,5,13,23,2512815201,2512815201,US,S. Blake,1911-06-15,166,166,1911,6,15,NA,Massachusetts,NA,NA,"New- planted field, Canton Junction.",42.16217,-71.15948,1000,Raphanus raphanistrum L.,raphanistrum
5106272801,0,0,18,5106272801,5106272801,UNCC,NA,NA,NA,NA,NA,NA,NA,NA,North Carolina,Robeson,NA,NA,NA,NA,NA,Raphanus raphanistrum subsp. raphanistrum,raphanistrum
1998838468,1,1,6,1998838468,1998838468,GH,R. H. Lombard,1937-07-10,191,191,1937,7,10,"July 10, 1937",Maine,York County,Ogunquit,Ogunquit,43.25084,-70.60324,4000,Raphanus raphanistrum L.,raphanistrum
2430172263,3,12,24,2430172263,2430172263,RSA,R. F. Thorne,1966-04-29,119,119,1966,4,29,"April 29, 1966",California,Los Angeles,NA,"Santa Catalina Island. Middle Ranch, Middle Ranch Canyon.",NA,NA,NA,Raphanus sativus L.,sativus
2430221992,0,10,27,2430221992,2430221992,RSA,H. M. Pollard,1947-02-16,47,47,1947,2,16,"Feb. 16, 1947",California,Ventura,NA,Fairview Road.,34.45828,-119.26906,1207.0,Raphanus raphanistrum L.,raphanistrum
2517362078,0,0,10,2517362078,2517362078,NA,Denton V,1898-01-01/1898-12-31,1,365,1898,NA,NA,NA,NA,NA,NA,"U.S.A. Wellesley, Mass.",NA,NA,NA,Rapistrum raphanistrum (L.) Crantz,raphanistrum
2573520967,0,12,30,2573520967,2573520967,COLO,NA,NA,NA,NA,NA,NA,NA,NA,California,Sonoma,NA,NA,NA,NA,NA,Raphanus sativus L.,sativus
5074461249,1,3,3,5074461249,5074461249,University of Rhode Island,W. L. Halvorson,1978-07-22,203,203,1978,7,22,NA,Rhode Island,Washington,South Kingstown,campus of Univ. of Rhode Island,41.4467,-71.54742,11590.0,Raphanus raphanistrum L.,raphanistrum
3744713798,0,1,8,3744713798,3744713798,UNA,Alvin R. Diamond,2005-02-22,53,53,2005,2,22,2/22/2005,Alabama,Dale,Ozark,air mi of Ozark.,31.45,-85.65,NA,Raphanus raphanistrum L.,raphanistrum
4912151099,2,9,28,4912151099,4912151099,BRY,D. E. Bright,1962-04-16,106,106,1962,4,16,1962-4-16,California,Alameda,NA,"Along Highway #17, north city limits of Fremont.",NA,NA,NA,Raphanus sativus L.,sativus
2234308015,3,22,10,2234308015,2234308015,NCU,"Poindexter, Derick B.; Poindexter, Amanda; Poindexter, Ashton; Poindexter, Carter",2012-04-08,99,99,2012,4,8,NA,North Carolina,Alleghany,NA,"Glade Creek Township, Barrett. Located along Little Pine Rd., ca. 0.5 mi NW of the Barrett Rd jct",36.526972,-80.997401,10.0,Raphanus sativus L.,sativus
3865104317,1,2,27,3865104317,3865104317,PH,H.L. Fisher,1913-06-28,179,179,1913,6,28,6-28-13,New Jersey,Hunterdon,NA,Annandale,40.640935,-74.881278,2556.0,Raphanus raphanistrum L.,raphanistrum
5070654920,2,1,1,5070654920,5070654920,IND,B. June McCaskill; J. M. Tucker,1958-05-29,149,149,1958,5,29,"May 29, 1958",California,Yolo,NA,"just south of Vegetable Crops' southernmost greenhouse, University of California, Davis",NA,NA,NA,Raphanus sativus L.,sativus
3344427785,0,8,20,3344427785,3344427785,CLEMS,Richard R. Halse,1995-07-22,203,203,1995,7,22,NA,Oregon,Benton,NA,Benton,NA,NA,NA,Raphanus sativus L.,sativus
SML_5068043243,1,4,0,SML_5068043243,5068043243,Keene State University,Mark N. North,NA,NA,NA,NA,NA,NA,NA,Massachusetts,Hampshire,Amherst,NA,42.36447,-72.50686,7831.0,Raphanus sativus L.,sativus
3344481309,0,0,24,3344481309,3344481309,CLEMS,"Payne, D.",2006-07-16,197,197,2006,7,16,NA,South Carolina,Beaufort,NA,At the on London Ave at the corner at the SW corner of London Ave. & 8th St. Town of Port Royal.,NA,NA,NA,Raphanus sativus L.,sativus
3865374375,4,3,16,3865374375,3865374375,PH,A. Commons,1898-08-04,216,216,1898,8,4,NA,Delaware,Sussex,NA,Lewes,38.774556,-75.13935,5774.0,Raphanus raphanistrum L.,raphanistrum
5106272840,4,7,17,5106272840,5106272840,UNCC,NA,NA,NA,NA,NA,NA,NA,NA,South Carolina,Darlington,NA,NA,NA,NA,NA,Raphanus raphanistrum subsp. raphanistrum,raphanistrum
2430340346,0,6,6,2430340346,2430340346,RSA,Fred M. Roberts; D. E. Bramlet,2004-04-21,112,112,2004,4,21,21 Apr 2004,California,Orange,NA,"Rancho Mission Viejo: Donna O’Neill Land Conservancy. Along Back Road in upper Shady Canyon, 1.74km NW Sycamore Gate, 1.23km W of Cristianitos Road.; San Clemente",33.493889,-117.573889,NA,Raphanus sativus L.,sativus
4092881462,0,0,4,4092881462,4092881462,FARM,NA,NA,NA,NA,NA,NA,NA,NA,Virginia,NA,NA,NA,NA,NA,NA,Raphanus raphanistrum L.,raphanistrum
4075454242,0,9,21,4075454242,4075454242,DOV,F.D. Chester,1891-08,NA,NA,1891,8,NA,Aug. 1891,Delaware,New Castle,NA,Newark,39.68192,-75.75135,2250,Raphanus sativus L.,sativus
3865378424,1,8,56,3865378424,3865378424,PH,Charles S. Williamson,1912-06-23,175,175,1912,6,23,June 23 1912,New Jersey,Ocean,NA,Point Pleasant,40.083171,-74.068193,2654.0,Raphanus raphanistrum L.,raphanistrum
1998874970,0,1,11,1998874970,1998874970,NEBC,E. J. Palmer,1925-07-10,191,191,1925,7,10,NA,Massachusetts,Suffolk County,Boston,The Arnold Arboretum [Jamaica Plain],42.2994,-71.12395,1100,Raphanus raphanistrum L.,raphanistrum
1998721168,0,5,22,1998721168,1998721168,NEBC,E. W. Sinnott,1907-07-11,192,192,1907,7,11,"July 11, 07",Massachusetts,NA,NA,Barnstable Town,NA,NA,NA,Raphanus raphanistrum L.,raphanistrum
5070543350,6,19,34,5070543350,5070543350,BALT,NA,NA,NA,NA,NA,NA,NA,NA,NA,NA,NA,NA,NA,NA,NA,Raphanus L.,NA
2573115324,2,3,5,2573115324,2573115324,VT,NA,1978-07-03,184,184,1978,7,3,1978-7-3,Connecticut,New London,Stonington,NA,41.3683,-71.90669,8831.0,Raphanus raphanistrum L.,raphanistrum
5106271621,1,3,1,5106271621,5106271621,UNCC,"Podolsky, Diane",2016-12-22,357,357,2016,12,22,NA,North Carolina,Mecklenburg,NA,Huntersville. Approximately 6 feet off access path next to Woodie's Auto on Market Square Drive.,35.40871,-80.86519,NA,Raphanus raphanistrum subsp. raphanistrum,raphanistrum
2859081864,0,0,14,2859081864,2859081864,CM,"Porter, T.C.",1897-06-19,170,170,1897,6,19,19 Jun 1897,Pennsylvania,Northampton,NA,"Easton, College Hill",40.70071,-75.20805,1275.0,Raphanus raphanistrum L.,raphanistrum
1999367088,0,3,9,1999367088,1999367088,NEBC,L. A. Wheeler,1916-07-12,194,194,1916,7,12,"July 12, 1916",Vermont,Windham County,Townshend,Townshend,NA,NA,NA,Raphanus sativus L.,sativus
3357380441,2,0,22,3357380441,3357380441,GMUF,"Ted Bradley, Gary Lam",1983-08-10,222,222,1983,8,10,10 Aug 1983,Virginia,Northampton,NA,j. n. of Cheriton on U.S. 13,NA,NA,NA,Raphanus raphanistrum L.,raphanistrum
3865097246,1,6,12,3865097246,3865097246,PH,David Berkheimer,1967-09-07,250,250,1967,9,7,NA,Pennsylvania,Bedford,NA,1 mi. NNE of Lafayetteville,40.215135,-78.446365,959.0,Raphanus raphanistrum L.,raphanistrum
3344481247,4,3,2,3344481247,3344481247,CLEMS,John F. Townsend,1993-04-04,94,94,1993,4,4,NA,South Carolina,Colleton,NA,Colleton,NA,NA,NA,Raphanus raphanistrum L.,raphanistrum
3709901927,1,15,33,3709901927,3709901927,GA,NA,NA,NA,NA,NA,NA,NA,NA,Oregon,Benton County,NA,"Benton County, OR",NA,NA,NA,Raphanus sativus L.,sativus
2573010090,0,0,1,2573010090,2573010090,VT,NA,NA,NA,NA,NA,NA,NA,NA,NA,NA,NA,NA,NA,NA,NA,Raphanus L.,NA
2430423842,1,16,22,2430423842,2430423842,RSA,F. R. Fosberg,1931-04-16,106,106,1931,4,16,4/16/1931,California,Los Angeles,NA,"Eagles Nest, Middle Ranch Canyon, Santa Catalina Island.",NA,NA,NA,Raphanus sativus L.,sativus
5067925815,2,1,7,5067925815,5067925815,University of New Hampshire,C. F. Batchelder,1932-07-15,197,197,1932,7,15,NA,New Hampshire,Hillsborough,Peterborough,open waste ground,42.89051,-71.93935,7291.0,Raphanus raphanistrum L.,raphanistrum
4101879459,3,1,5,4101879459,4101879459,BRIT,NA,NA,NA,NA,NA,NA,NA,NA,Louisiana,NA,NA,NA,NA,NA,NA,Raphanus raphanistrum L.,raphanistrum
4102218532,5,8,1,4102218532,4102218532,BRIT,NA,NA,NA,NA,NA,NA,NA,NA,California,Butte,NA,NA,NA,NA,NA,Raphanus sativus L.,sativus
3969778960,0,6,8,3969778960,3969778960,BRIT,NA,NA,NA,NA,NA,NA,NA,NA,NA,NA,NA,NA,NA,NA,NA,Raphanus sativus L.,sativus
SML_5198215850,4,8,10,SML_5198215850,5198215850,CAS,"Logue, John F.",1967-03-25,84,84,1967,3,25,3/25/67,South Carolina,Richland County,NA,"Intersection of I20 and U.S. 76, 7 miles north of Columbia. The Southeastern United States.",NA,NA,NA,Raphanus raphanistrum L.,raphanistrum
3091277620,2,13,28,3091277620,3091277620,ASC,P. Marx,1974-11-10,314,314,1974,11,10,NA,California,San Diego,NA,Roadside along Hwy 80 - 2 miles outside city of Alpine,32.834454,-116.741331,301.0,Raphanus sativus L.,sativus
3969795110,0,0,8,3969795110,3969795110,BRIT,NA,NA,NA,NA,NA,NA,NA,NA,NA,NA,NA,NA,NA,NA,NA,Raphanus sativus L.,sativus
2430274255,1,4,24,2430274255,2430274255,RSA,F. A. Thackery,1928-05-06,127,127,1928,5,6,"5-6, 1928",California,San Diego,NA,Franklin Canyon.,NA,NA,NA,Raphanus sativus L.,sativus
3820606968,3,7,12,3820606968,3820606968,OSU,Richard R. Halse,2008-10-27,301,301,2008,10,27,NA,Oregon,Benton,NA,ca. 9 miles south of Corvallis along Smith Loop Road ca. 0.5 miles north of its junction with Dorr Road.,44.46044,-123.23572,805.0,Raphanus sativus L.,sativus
3357380416,0,3,0,3357380416,3357380416,GMUF,"Ted Bradley, Brodeus",1978-05-17,137,137,1978,5,17,17 May 1978,Virginia,Culpeper,NA,Along railroad in Culpeper.,NA,NA,NA,Raphanus raphanistrum L.,raphanistrum
2573131006,3,1,5,2573131006,2573131006,VT,Richard R. Halse,NA,NA,NA,NA,NA,NA,NA,California,NA,Sonoma County,NA,NA,NA,NA,Raphanus sativus L.,sativus
5067926813,0,2,72,5067926813,5067926813,University of New Hampshire,A. R. Hodgdon; O. Wells;J. Mitchell;W. Yeo,1970-07-10,191,191,1970,7,10,NA,New Hampshire,Strafford,Madbury,Laton Farm,43.17479,-70.94086,8758.0,Raphanus raphanistrum L.,raphanistrum
1999119261,2,8,50,1999119261,1999119261,GH,G. G. Kennedy,1863-09-12,255,255,1863,9,12,Sept. 12 1863,Massachusetts,Suffolk County,Chelsea,Chelsea,42.39769,-71.03113,1300,Raphanus raphanistrum L.,raphanistrum
3897882335,1,6,25,3897882335,3897882335,CHRB,NA,NA,NA,NA,NA,NA,NA,NA,New Jersey,Ocean,NA,NA,NA,NA,NA,Raphanus raphanistrum L.,raphanistrum
2430276442,0,11,28,2430276442,2430276442,RSA,L. C. Wheeler,1932-01-08,8,8,1932,1,8,"Jan. 8, 1932",California,Los Angeles,NA,2 mi. SW Glendora.,NA,NA,NA,Raphanus sativus L.,sativus
SML_3395815342,1,1,0,SML_3395815342,3395815342,NEBC,L. Sneddon,1985-07,NA,NA,1985,7,NA,NA,Massachusetts,Plymouth County,Marshfield,Daniel Webster Wildlife Sanctuary,NA,NA,NA,Raphanus raphanistrum L.,raphanistrum
3865364295,2,9,12,3865364295,3865364295,PH,Bayard Long,1952-06-14,166,166,1952,6,14,NA,Pennsylvania,Philadelphia,NA,"about 18th and Parkway, Philadelphia",NA,NA,NA,Raphanus raphanistrum L.,raphanistrum
2430165112,1,4,19,2430165112,2430165112,RSA,Kenneth Beard,NA,NA,NA,NA,NA,NA,Apr,California,Los Angeles,NA,Along Palisades Road,NA,NA,NA,Raphanus sativus L.,sativus
3341236054,1,0,17,3341236054,3341236054,SIM,William T. Davis,1898-06-19,170,170,1898,6,19,NA,New York,Richmond,NA,"West New Brighton, Staten Island",40.634548,-74.112087,3036.0,Raphanus raphanistrum L.,raphanistrum
2234330574,1,5,40,2234330574,2234330574,NCU,NA,NA,NA,NA,NA,NA,NA,NA,North Carolina,Duplin,NA,NA,NA,NA,NA,Raphanus raphanistrum L.,raphanistrum
3865375345,0,10,13,3865375345,3865375345,PH,C.D. Lippincott,1891-08-09,221,221,1891,8,9,8/9 91,New Jersey,Cape May,NA,Cape May,38.935113,-74.906005,3624.0,Raphanus raphanistrum L.,raphanistrum
3865096292,0,0,3,3865096292,3865096292,PH,"John M. Fogg, Jr.",1944-09-21,265,265,1944,9,21,"Sept. 21, 1944",Pennsylvania,Chester,NA,1.5 mi. S of Chester Springs,40.078371,-75.615414,1977.0,Raphanus raphanistrum L.,raphanistrum
2859393230,1,10,3,2859393230,2859393230,CM,"Zanol, W.A.",1994-06-04,155,155,1994,6,4,NA,Pennsylvania,Cambria,NA,2 km SW of Belsano,40.51375,-78.87135,4834.0,Raphanus raphanistrum L.,raphanistrum
4102367465,3,5,35,4102367465,4102367465,BRIT,NA,NA,NA,NA,NA,NA,NA,NA,California,Humboldt,NA,NA,NA,NA,NA,Raphanus sativus L.,sativus
3865094240,1,1,5,3865094240,3865094240,PH,Kenneth K. Mackenzie,1914-07-26,207,207,1914,7,26,July 26 1914,New Jersey,Burlington,NA,Beverly,40.063418,-74.918884,2443.0,Raphanus raphanistrum L.,raphanistrum
2430344256,9,11,9,2430344256,2430344256,RSA,Steven A. Junak,1990-04-10,100,100,1990,4,10,10 Apr 1990,California,Santa Barbara,NA,"Santa Cruz Island, Prisoners’ Harbor, N side of magazine building",34.01859,-119.68365,160.0,Raphanus raphanistrum L.,raphanistrum
2859334853,1,4,7,2859334853,2859334853,CM,"Fogg, J.M., Jr.",1953-05-27,147,147,1953,5,27,27 May 1953,Pennsylvania,Chester,NA,1.5 mi S of Chester Springs,40.073105,-75.617254,NA,Raphanus raphanistrum L.,raphanistrum
3865374368,1,1,11,3865374368,3865374368,PH,David Berkheimer,1948-07-22,204,204,1948,7,22,NA,Pennsylvania,Berks,NA,2.75 mi. NW of Bethel,40.5026,-76.329077,1275.0,Raphanus raphanistrum L.,raphanistrum
SML_1999393230,1,11,0,SML_1999393230,1999393230,GH,[data not captured],NA,NA,NA,NA,NA,NA,NA,Mississippi,Panola County,NA,[data not captured],NA,NA,NA,Raphanus sativus L.,sativus
3344481314,4,4,0,3344481314,3344481314,CLEMS,R. M. Hendrick,1976-03-06,66,66,1976,3,6,NA,South Carolina,Hampton,NA,Hampton,NA,NA,NA,Raphanus raphanistrum L.,raphanistrum
SML_1999287812,0,0,7,SML_1999287812,1999287812,GH,J. C. Hall,2004-05-31,152,152,2004,5,31,NA,Massachusetts,Middlesex County,Cambridge,"Glasshouses of the Biological Laboratories, 16 Divinity Avenue [Harvard University]",42.37725,-71.11309,100,Raphanus raphanistrum L.,raphanistrum
3496963329,0,0,20,3496963329,3496963329,ODU,Danhof F. VanDyck,1968-06-05,157,157,1968,6,5,NA,Virginia,Norfolk City,NA,Old Dominion College campus,36.88648,-76.306584,756.0,Raphanus raphanistrum L.,raphanistrum
1998973354,2,1,32,1998973354,1998973354,NEBC,N. T. Kidder,1921-07-03,184,184,1921,7,3,NA,Massachusetts,Norfolk County,Quincy,Blue Hills Reservation. Furnace Brook Parkway,42.20583,-71.09347,2407m,Raphanus raphanistrum L.,raphanistrum
4067794458,3,8,18,4067794458,4067794458,MCA,"R. L. Schaeffer, Jr.; Harold W. Pretz",1957-10-05,278,278,1957,10,5,NA,Pennsylvania,Monroe,NA,1 mile SE of Long Pond,41.043174,-75.449375,4807.0,Raphanus raphanistrum L.,raphanistrum
1998785598,0,2,15,1998785598,1998785598,NEBC,A. S. Pease,1915-07-10,191,191,1915,7,10,"10 July, 1915",New Hampshire,Coos County,Dalton,Dalton,NA,NA,NA,Raphanus raphanistrum L.,raphanistrum
5068491368,2,5,7,5068491368,5068491368,USCS,NA,NA,NA,NA,NA,NA,NA,NA,South Carolina,Chester,NA,NA,NA,NA,NA,Raphanus raphanistrum L.,raphanistrum
4912144300,0,11,3,4912144300,4912144300,BRY,Michelle Mahoney,1965-05-01,121,121,1965,5,1,1965-5-1,California,Yolo,NA,"3rd Street, Davis.",38.54505,-121.73812,NA,Raphanus sativus L.,sativus
4081344396,1,0,0,4081344396,4081344396,EIU,Gordon C. Tucker,2002-06-23,174,174,2002,6,23,2002,New York,Suffolk,NA,"Fishers Island: Mosquito Hollow (E of Equestrian Ave., S of Beach Rd.)",41.256111,-72.021389,NA,Raphanus raphanistrum L.,raphanistrum
2512845204,6,20,65,2512845204,2512845204,US,M. L. Fernald & B. Long,1938-04-09,99,99,1938,4,9,NA,Virginia,Sussex,NA,"Southeastern Virginia. Sussex County. Roadside fill (""soft shoulder""), recently seeded, about 4 miles South of Jarrett. Homeville.",NA,NA,NA,Raphanus sativus L.,sativus
4912151102,1,15,36,4912151102,4912151102,BRY,N. Duane Atwood,1993-03-29,88,88,1993,3,29,1993-3-29,California,Riverside,NA,Huntington Beach along Beach Blvd. ca. 1/2 mi. N of beach.,NA,NA,NA,Raphanus sativus L.,sativus
3865377303,0,0,7,3865377303,3865377303,PH,Bayard Long,1949-11-03,307,307,1949,11,3,Nov 3 1949,New Jersey,Mercer,NA,"along P.R.R., S of Lalor St., S of Trenton; 40.197509 -74.752324",40.197509,-74.752324,1142.0,Raphanus raphanistrum L.,raphanistrum
5072730543,4,13,6,5072730543,5072730543,PEMB,NA,NA,NA,NA,NA,NA,NA,NA,North Carolina,Robeson,NA,NA,NA,NA,NA,Raphanus raphanistrum L.,raphanistrum
5068491387,0,1,3,5068491387,5068491387,USCS,NA,NA,NA,NA,NA,NA,NA,NA,South Carolina,Chester,NA,NA,NA,NA,NA,Raphanus raphanistrum L.,raphanistrum
1998620860,0,4,24,1998620860,1998620860,NEBC,J. M. Fogg,1923-07-24,205,205,1923,7,24,NA,Massachusetts,Dukes County,Gosnold,Gosnold,NA,NA,NA,Raphanus raphanistrum L.,raphanistrum
4433286380,0,9,6,4433286380,4433286380,WVW,R. Dale Thomas,1992-02-12,43,43,1992,2,12,2/12/1992,Louisiana,Ouachita,NA,Median of I-20 just west of Thomas Road Exit in West Monroe,32.50846,-92.16097,400,Raphanus raphanistrum L.,raphanistrum
3969684009,2,8,35,3969684009,3969684009,BRIT,NA,NA,NA,NA,NA,NA,NA,NA,NA,NA,NA,NA,NA,NA,NA,Raphanus raphanistrum L.,raphanistrum
2859370849,0,3,14,2859370849,2859370849,CM,"Buker, W.E.",1948-07-03,185,185,1948,7,3,3 Jul 1948,Pennsylvania,Fayette,NA,near Markleysburg Bog,39.764672,-79.467639,300.0,Raphanus sativus L.,sativus
1998563807,2,5,20,1998563807,1998563807,GH,B. L. Robinson,1912-08-22,235,235,1912,8,22,22 Aug. 1912,Massachusetts,Hampshire County (Massachusetts),Worthington,Worthington,NA,NA,NA,Raphanus raphanistrum L.,raphanistrum
5067927812,0,1,27,5067927812,5067927812,University of New Hampshire,A. R. Hodgdon; O. Wells;J. Mitchell;W. Yeo,1970-07-10,191,191,1970,7,10,NA,New Hampshire,Strafford,Madbury,"Laton Farm, Horticulture Farm",43.17479,-70.94086,8758.0,Raphanus raphanistrum L.,raphanistrum
4101879463,2,3,0,4101879463,4101879463,BRIT,R. Dale Thomas,1971-10-13,286,286,1971,10,13,1971-10-13,Texas,Val verde,NA,"Beside U.S. 272, one half mile east of Del Rio, Texas.",NA,NA,NA,Raphanus raphanistrum L.,raphanistrum
5070543297,1,12,2,5070543297,5070543297,BALT,Wanda J. Reed,1984-07-07,189,189,1984,7,7,7/7/1984,Maryland,Baltimore,NA,White Marsh,39.38016,-76.4626,3400,Raphanus sativus L.,sativus
2430282550,0,5,49,2430282550,2430282550,RSA,Steve Boyd; Tim Ross,1992-05-19,140,140,1992,5,19,"May 19, 1992",California,Orange,NA,"Southern Santa Ana Mountains, San Mateo Canyon Wilderness Area. Western edge of the wilderness in Aliso canyon at the confluence with Lucas Canyon, upstream to the Lucas Canyon Trail.",33.570966,-117.512936,1200.0,Raphanus sativus L.,sativus
3865363252,1,10,30,3865363252,3865363252,PH,Bayard Long,1933-06-11,162,162,1933,6,11,June 11 1933,New Jersey,Cumberland,NA,"Chestnut Run, Roadstown",39.437913,-75.344737,1018.0,Raphanus raphanistrum L.,raphanistrum
3865092212,0,1,46,3865092212,3865092212,PH,Bayard Long,1953-07-23,204,204,1953,7,23,July 23 1953,New Jersey,Mercer,NA,"along Crosswicks Creek, White Horse",40.182665,-74.703748,1239.0,Raphanus raphanistrum L.,raphanistrum
2413154044,0,24,45,2413154044,2413154044,LOB,P.C. Baker,1962-03-11,70,70,1962,3,11,"March 11, 1962",South Carolina,Georgetown,NA,on US. 17 near junction SC. 544,NA,NA,NA,Raphanus raphanistrum L.,raphanistrum
2859369853,2,7,38,2859369853,2859369853,CM,"Berkheimer, D.",1962-08-07,219,219,1962,8,7,7 Aug 1962,Pennsylvania,Bedford,NA,1.37 mi SW of Alum Bank,40.166592,-78.632006,3328.0,Raphanus sativus L.,sativus
2234331871,0,3,25,2234331871,2234331871,NCU,NA,NA,NA,NA,NA,NA,NA,NA,North Carolina,Vance,NA,NA,NA,NA,NA,Raphanus raphanistrum L.,raphanistrum
3496963493,1,20,32,3496963493,3496963493,ODU,J. Bolin,2005-05-07,127,127,2005,5,7,NA,Virginia,Virginia Beach City,NA,"Disturbed roadside, near intersection of Sandbridge and Princess Anne Road",36.752147,-76.01003,232.0,Raphanus raphanistrum L.,raphanistrum
4092881458,2,7,42,4092881458,4092881458,FARM,NA,NA,NA,NA,NA,NA,NA,NA,Virginia,NA,NA,NA,NA,NA,NA,Raphanus raphanistrum L.,raphanistrum
4601577308,2,17,9,4601577308,4601577308,DOV,NA,NA,NA,NA,NA,NA,NA,NA,South Carolina,NA,NA,NA,NA,NA,NA,Raphanus raphanistrum L.,raphanistrum
1998669622,2,9,13,1998669622,1998669622,GH,E. F. Adams & J. W. Spalding,1950-08-10,222,222,1950,8,10,"Aug. 10, 1950",Massachusetts,Barnstable County,Falmouth,Falmouth,NA,NA,NA,Raphanus raphanistrum L.,raphanistrum
3469883049,4,10,44,3469883049,3469883049,NO,D. C. Rentz,1968-05-19,140,140,1968,5,19,NA,California,Contra Costa,NA,NA,NA,NA,NA,Raphanus sativus L.,sativus
2514100465,0,7,36,2514100465,2514100465,NA,Heerdt van,1948-05-02,123,123,1948,5,2,NA,NA,NA,NA,"U.S.A. Berkeley Hills, Cal.",NA,NA,NA,Raphanus sativus L.,sativus
SML_5198176853,1,1,1,SML_5198176853,5198176853,CAS,"Thompson, J. H.",1915-05-01,121,121,1915,5,1,May 1915,Oregon,Curry County,NA,Brookings.,NA,NA,NA,Raphanus sativus L.,sativus
2573059704,0,2,3,2573059704,2573059704,VT,NA,1973-06-30,181,181,1973,6,30,1973-6-30,Connecticut,New London,Stonington,NA,41.3683,-71.90669,8831.0,Raphanus raphanistrum L.,raphanistrum
4912153304,4,9,16,4912153304,4912153304,BRY,Elizabeth Neese,1980-10-16,290,290,1980,10,16,1980-10-16,California,Santa Clara,NA,Near Cupertino.,NA,NA,NA,Raphanus sativus L.,sativus
2859080865,1,0,25,2859080865,2859080865,CM,"Guttenberg, G.",1879-07-09,190,190,1879,7,9,9 Jul 1879,Pennsylvania,Erie,NA,Presque Isle,42.163531,-80.101233,NA,Raphanus raphanistrum L.,raphanistrum
2859082858,0,0,7,2859082858,2859082858,CM,"Henlen, C.K.",1924-07-12,194,194,1924,7,12,12 Jul 1924,Pennsylvania,Lawrence,NA,New Wilmington,41.11984,-80.33619,1566.0,Raphanus raphanistrum L.,raphanistrum
3469834016,2,4,0,3469834016,3469834016,LSU,Tim Briley,1979-11-10,314,314,1979,11,10,NA,Louisiana,Tensas,NA,NA,NA,NA,NA,Raphanus raphanistrum L.,raphanistrum
3865363244,2,2,11,3865363244,3865363244,PH,R. H. Parker,1896-05,NA,NA,1896,5,NA,5-96,Pennsylvania,Northampton,NA,Easton,40.688432,-75.220732,6646.0,Raphanus raphanistrum L.,raphanistrum
1998581510,5,8,6,1998581510,1998581510,NEBC,R. C. Bean,1952-06-13,165,165,1952,6,13,June 13 1952,Massachusetts,Middlesex County,Reading,Reading,42.54555,-71.10541,2200,Raphanus raphanistrum L.,raphanistrum
2859098106,3,5,16,2859098106,2859098106,CM,"Young, H.W.",1873-06-20,171,171,1873,6,20,20 Jun 1873,New York,Suffolk,NA,Mattituck,40.991212,-72.534255,4708.0,Raphanus raphanistrum L.,raphanistrum
2430512155,1,9,26,2430512155,2430512155,RSA,Alice D. Randall,1910-03-28,87,87,1910,3,28,"Mch. 28, 1910",California,Monterey,NA,Carmel by the sea. The Monterey Peninsula.,NA,NA,NA,Raphanus sativus L.,sativus
4134266538,0,6,8,4134266538,4134266538,LYN,NA,NA,NA,NA,NA,NA,NA,NA,Virginia,Pittsylvania,NA,NA,NA,NA,NA,Raphanus raphanistrum L.,raphanistrum
CDA-0003833,1,9,30,CDA-0003833,NA,NA,NA,NA,NA,NA,NA,NA,NA,NA,NA,NA,NA,NA,NA,NA,NA,NA,NA
3969864029,2,11,14,3969864029,3969864029,BRIT,NA,NA,NA,NA,NA,NA,NA,NA,NA,NA,NA,NA,NA,NA,NA,Raphanus sativus L.,sativus
3865373301,1,2,6,3865373301,3865373301,PH,Harold W. Pretz,1949-06-04,155,155,1949,6,4,NA,Pennsylvania,Lehigh,NA,"Vicinity of Allentown, along road at Little Lehigh River, foot of S. Fulton St.",NA,NA,NA,Raphanus sativus L.,sativus
2270499210,2,6,19,2270499210,2270499210,ASU,R.R. Halse,2014-07-21,202,202,2014,7,21,NA,Oregon,Coos,NA,"Along Mars Lane by its intersection with Rohrer Road, just S of Bandon.",43.087215,-124.432799,805.0,Raphanus raphanistrum L.,raphanistrum
2273376950,1,0,39,2273376950,2273376950,WCUH,NA,NA,NA,NA,NA,NA,NA,NA,North Carolina,Robeson,NA,NA,NA,NA,NA,Raphanus raphanistrum L.,raphanistrum
2234332031,2,6,13,2234332031,2234332031,NCU,"Williams, Delbert E.",1969-04-23,113,113,1969,4,23,NA,North Carolina,Lee,NA,3.5 mi SW of Moncure,NA,NA,NA,Raphanus raphanistrum L.,raphanistrum
3865362269,0,0,4,3865362269,3865362269,PH,"Robert L. Schaeffer, Jr.",1946-08-15,227,227,1946,8,15,NA,Pennsylvania,Northampton,NA,1 mi. W of Wassergass,40.585932,-75.310372,1040.0,Raphanus sativus L.,sativus
77913,0,5,1,77913,4404923182,RENO,C. Burke,1959-03-28,87,87,1959,3,28,NA,California,Stanislaus,NA,3 miles E of Oakdale.,37.761917,-120.790949,969.0,Raphanus sativus L.,sativus
3865376380,0,2,39,3865376380,3865376380,PH,David Berkheimer,1949-05-22,142,142,1949,5,22,NA,Pennsylvania,Berks,NA,1 mi. S of Bethel,40.459931,-76.292029,1064.0,Raphanus raphanistrum L.,raphanistrum
2234308065,0,0,20,2234308065,2234308065,NCU,"Ahles, Harry E.; Haesloop, John G.",1960-05-26,147,147,1960,5,26,NA,South Carolina,Florence,NA,"around the Wellman Wool Combing Mill, north of Johnsonville on S.C. Rt. #41",33.836659,-79.441989,1000.0,Raphanus raphanistrum L.,raphanistrum
3969592825,0,5,1,3969592825,3969592825,BRIT,NA,NA,NA,NA,NA,NA,NA,NA,NA,NA,NA,NA,NA,NA,NA,Raphanus sativus L.,sativus
3469889147,4,5,6,3469889147,3469889147,NO,Lacy Kyzer,2000-03-07,67,67,2000,3,7,NA,South Carolina,Lexington,NA,NA,NA,NA,NA,Raphanus raphanistrum L.,raphanistrum
3357380482,0,1,31,3357380482,3357380482,GMUF,"Ted Bradley, Kerry Janssen",1992-06-10,162,162,1992,6,10,10 Jun 1992,Virginia,Essex,NA,Just n. of U.S. 17 on rte. 617 in Tappahannock,NA,NA,NA,Raphanus raphanistrum L.,raphanistrum
2430230536,2,4,37,2430230536,2430230536,RSA,L. C. Wheeler,1967-05-13,133,133,1967,5,13,13 May 1967,California,Los Angeles,NA,San Gabriel Mountains; mesa between Little Dalton and Englewild canyons.,34.157899,-117.846251,1200.0,Raphanus raphanistrum L.,raphanistrum
5067923810,0,1,41,5067923810,5067923810,University of New Hampshire,N. T. Kidder;,1917-08-11,223,223,1917,8,11,NA,Maine,Knox,Isle au Haut,NA,44.06701,-68.6265,8442.0,Raphanus raphanistrum L.,raphanistrum
2859088852,0,2,16,2859088852,2859088852,CM,"Buker, W.E.; Henrici, M.",1945-08-04,216,216,1945,8,4,4 Aug 1945,Pennsylvania,Lawrence,NA,"Slippery Rock Creek, above Wurtemburg",40.861516,-80.244909,1445.0,Raphanus raphanistrum L.,raphanistrum
2861418301,3,11,30,2861418301,2861418301,DES,Edward F. Anderson,NA,NA,NA,NA,NA,NA,NA,California,San Diego County,NA,Fallbrook,33.37642,-117.251147,3439.0,Raphanus sativus L.,sativus
5067938421,0,12,27,5067938421,5067938421,University of New Hampshire,D. Dunlop,1974-07-14,195,195,1974,7,14,NA,New Hampshire,Merrimack,Bradford,Hoyt Brook,43.23516,-71.96878,8159.0,Raphanus raphanistrum L.,raphanistrum
1999331105,4,18,32,1999331105,1999331105,GH,W. H. Blanchard,1903-08-18,230,230,1903,8,18,"Aug. 18, 1903",Massachusetts,Berkshire County,Sheffield,Sheffield,NA,NA,NA,Raphanus raphanistrum L.,raphanistrum
4102209476,3,3,20,4102209476,4102209476,BRIT,NA,NA,NA,NA,NA,NA,NA,NA,California,Riverside,NA,NA,NA,NA,NA,Raphanus sativus L.,sativus
1999127759,4,7,13,1999127759,1999127759,GH,E. F. Williams,1901-09-22,265,265,1901,9,22,Sept. 22. 1901,New Hampshire,Rockingham County,Hampton Falls,Hampton Falls,NA,NA,NA,Raphanus raphanistrum L.,raphanistrum
3820607986,1,5,12,3820607986,3820607986,OSU,Richard R. Halse,2000-07-02,184,184,2000,7,2,NA,Oregon,Linn,NA,"along Willamette River behind the Salmon Disease Lab, 34347 N.E. Electric Road, just E. of Corvallis.",44.57026,-123.24081,805.0,Raphanus sativus L.,sativus
5067924814,6,10,8,5067924814,5067924814,University of New Hampshire,A. R. Hodgdon,1966-09-13,256,256,1966,9,13,NA,New Hampshire,Strafford,Madbury,Laton Farm,43.17479,-70.94086,8758.0,Raphanus raphanistrum L.,raphanistrum
3744713750,0,3,3,3744713750,3744713750,UNA,Becky Banker,1979-03-31,90,90,1979,3,31,3/31/1979,Alabama,Barbour,NA,"Eufaula, Al.",31.90877,-85.15387,15900,Raphanus raphanistrum L.,raphanistrum
5070880613,1,3,11,5070880613,5070880613,MARY,Unknown,NA,NA,NA,NA,NA,NA,s.d.,Maryland,Prince George's,NA,College Park,38.989683,-76.93775,NA,Raphanus sativus L.,sativus
2573521081,3,1,11,2573521081,2573521081,COLO,NA,NA,NA,NA,NA,NA,NA,NA,North Carolina,Robeson,NA,NA,NA,NA,NA,Raphanus raphanistrum L.,raphanistrum
3925803512,0,8,1,3925803512,3925803512,MISS,S. Vanderplank & M. Hodson,NA,NA,NA,NA,NA,NA,3-Mar,Mississippi,Lafayette,NA,"Just N of Old Taylor Rd on E side of South Lamar, Oxford. 34:21'30""N 089:31'12""W",34.358333,-89.532851,NA,Raphanus sativus L.,sativus
4433286379,5,15,32,4433286379,4433286379,WVW,George B. Rossbach,1953-06-29,180,180,1953,6,29,6/29/1953,Maine,Waldo,NA,"Hills Corner, w. of Rt. 137 & Pitcher Pond, Lincolnville",44.32218,-69.07054,2000,Raphanus raphanistrum L.,raphanistrum
1998739173,3,0,36,1998739173,1998739173,NEBC,A. E. Cole,1919-08-03,215,215,1919,8,3,"Aug. 3, 1919",Maine,Lincoln County,Southport,Southport,43.81772,-69.66584,3650,Raphanus raphanistrum L.,raphanistrum
3865374372,0,6,38,3865374372,3865374372,PH,C.D. Fretz,1913-06-16,167,167,1913,6,16,NA,Pennsylvania,Philadelphia,NA,Oak Lane Park,NA,NA,NA,Raphanus raphanistrum L.,raphanistrum
2234330539,0,4,0,2234330539,2234330539,NCU,NA,NA,NA,NA,NA,NA,NA,NA,North Carolina,Durham,NA,NA,NA,NA,NA,Raphanus raphanistrum L.,raphanistrum
5067942420,10,2,4,5067942420,5067942420,University of New Hampshire,L. J. Mehrhoff;,1973-09-03,246,246,1973,9,3,NA,Connecticut,Tolland,Mansfield,NA,41.7892,-72.22873,8547.0,Raphanus raphanistrum L.,raphanistrum
SML_1998965389,2,7,8,SML_1998965389,1998965389,GH,A. J. Eames & C. C. Thomas,1915-07-06,187,187,1915,7,6,NA,New York,Tompkins County,Ithaca,near Dwyer's Pond,NA,NA,NA,Raphanus sativus L.,sativus
3897882401,0,6,10,3897882401,3897882401,CHRB,NA,NA,NA,NA,NA,NA,NA,NA,New Jersey,Sussex,NA,NA,NA,NA,NA,Raphanus raphanistrum L.,raphanistrum
2430415244,0,7,3,2430415244,2430415244,RSA,Steve Boyd; Tim Ross,1991-06-14,165,165,1991,6,14,"June 14, 1991",California,Riverside,NA,"Warm Springs Creek at NE end of Hogbacks ridge from Alamos Rd. S to confluence w/ Adobe Springs tributary, 2-3 miles NW of Murrieta Hot Spings.",33.6089866,-117.1416104,1000.0,Raphanus sativus L.,sativus
5106272847,2,2,8,5106272847,5106272847,UNCC,NA,NA,NA,NA,NA,NA,NA,NA,North Carolina,Rowan,NA,NA,NA,NA,NA,Raphanus raphanistrum subsp. raphanistrum,raphanistrum
4910126193,1,3,34,4910126193,4910126193,SAT,Jack W. Stanford,1972-07-23,205,205,1972,7,23,23 July 1972,California,San Diego,NA,"northeast of Vista, wasteland at base of low hill",33.239386,-117.181768,NA,Raphanus sativus L.,sativus
3897880650,11,9,12,3897880650,3897880650,CHRB,NA,NA,NA,NA,NA,NA,NA,NA,New Jersey,Camden,NA,NA,NA,NA,NA,Raphanus raphanistrum L.,raphanistrum
1999193262,0,4,22,1999193262,1999193262,NEBC,N. F. Thayer,1903,NA,NA,1903,NA,NA,"July, 1903",Massachusetts,Worcester County,Lancaster,Lancaster,NA,NA,NA,Raphanus sativus L.,sativus
3865378428,0,1,28,3865378428,3865378428,PH,"Robert L. Schaeffer, Jr.",1946-07-11,192,192,1946,7,11,NA,Pennsylvania,Northampton,NA,0.25 mi. N of Freemansburg,40.630111,-75.345735,942.0,Raphanus sativus L.,sativus
1999079562,2,0,0,1999079562,1999079562,NEBC,M. B. Simmons,NA,NA,NA,NA,NA,NA,NA,Rhode Island,Newport County,Middletown,[no additional data],NA,NA,NA,Raphanus raphanistrum L.,raphanistrum
5103831812,2,6,0,5103831812,5103831812,WILLI,"Baldwin, Patrick",1995-04-02,92,92,1995,4,2,NA,Virginia,Hampton City,NA,Sandy Bottom Nature Park; near visitor center and large pond,37.068521,-76.439741,1432.0,Raphanus raphanistrum L.,raphanistrum
5070567592,1,5,10,5070567592,5070567592,BALT,William Keith Harrison,1985-07-05,186,186,1985,7,5,NA,Maryland,Garrett,NA,"Twin Churches Rd, near Lower New Germany Rd.",39.63625,-79.10419,500,Raphanus raphanistrum L.,raphanistrum
3969595102,0,8,6,3969595102,3969595102,BRIT,NA,NA,NA,NA,NA,NA,NA,NA,NA,NA,NA,NA,NA,NA,NA,Raphanus raphanistrum L.,raphanistrum
5067926809,1,0,2,5067926809,5067926809,University of New Hampshire,L. O. Eaton,1897,NA,NA,1897,NA,NA,NA,Maine,Androscoggin,Livermore,East Livermore,44.40789,-70.21502,7926.0,Raphanus raphanistrum L.,raphanistrum
3969592782,0,4,37,3969592782,3969592782,BRIT,NA,NA,NA,NA,NA,NA,NA,NA,NA,NA,NA,NA,NA,NA,NA,Raphanus raphanistrum L.,raphanistrum
2859371852,1,6,7,2859371852,2859371852,CM,"Henrici, M.",1952-07-05,187,187,1952,7,5,5 Jul 1952,Pennsylvania,Beaver,NA,confluence of Raccoon Creek and Little Traverse Creek,40.528935,-80.431358,1100.0,Raphanus sativus L.,sativus
2573010659,0,3,0,2573010659,2573010659,VT,NA,NA,NA,NA,NA,NA,NA,NA,NA,NA,NA,NA,NA,NA,NA,Raphanus L.,NA
3865364299,0,4,16,3865364299,3865364299,PH,Austin C. Apgar,1886-07-18,199,199,1886,7,18,July 18 186,New Jersey,Mercer,NA,Trenton,40.217053,-74.742938,7064.0,Raphanus raphanistrum L.,raphanistrum
3925803524,0,0,22,3925803524,3925803524,MISS,J. R. MacDonald,1996-11-12,317,317,1996,11,12,11/12/1996,Mississippi,Webster,NA,"Mathiston, US Hwy 82, on new sec opened for 4 lane, plant scattered along whole sec from just E of jct of Hwy 82 with Hwy 15 and all the way W to the jct of Hwy 82 with the Natchez Trace Parkway",NA,NA,NA,Raphanus raphanistrum L.,raphanistrum
1999120383,0,10,38,1999120383,1999120383,NEBC,P. B. Weatherbee,1992-06-18,170,170,1992,6,18,18 June 1992,Massachusetts,Berkshire County,Pittsfield,Pittsfield,NA,NA,NA,Raphanus raphanistrum L.,raphanistrum
5106272806,2,6,1,5106272806,5106272806,UNCC,NA,NA,NA,NA,NA,NA,NA,NA,North Carolina,Mecklenburg,NA,NA,NA,NA,NA,Raphanus raphanistrum subsp. raphanistrum,raphanistrum
2234332050,2,5,11,2234332050,2234332050,NCU,NA,NA,NA,NA,NA,NA,NA,NA,Mississippi,Stone,NA,NA,NA,NA,NA,Raphanus raphanistrum L.,raphanistrum
2430416583,3,24,24,2430416583,2430416583,RSA,C. C. Bruce,1897-04,NA,NA,1897,4,NA,April 1897.,California,Butte,NA,[No locality information provided],NA,NA,NA,Raphanus sativus L.,sativus
3820739903,0,3,34,3820739903,3820739903,OSU,Richard R. Halse,2000-07-02,184,184,2000,7,2,NA,Oregon,Linn,NA,"along the Willamete River behind the Salmon Disease Lab, 34347 N.E. Electric Road, just E. of Corvallis.",44.57026,-123.24081,805.0,Raphanus sativus L.,sativus
3344427794,0,4,36,3344427794,3344427794,CLEMS,Steven R. Hill,1987-08-12,224,224,1987,8,12,NA,Rhode Island,Washington,NA,Washington,NA,NA,NA,Raphanus raphanistrum L.,raphanistrum
3898511062,2,5,13,3898511062,3898511062,Mohonk Preserve,Paul Huth,1987-09-29,272,272,1987,9,29,9/29/87,New York,NA,NA,NA,NA,NA,NA,Raphanus raphanistrum L.,raphanistrum
3820615962,0,3,23,3820615962,3820615962,OSU,Richard R. Halse,1995-06-22,173,173,1995,6,22,NA,Oregon,Benton,NA,"Corvallis; Jackson-Frazier Wetland, at the end of Lancaster St.; DLC 45, 46.",44.610808,-123.243396,805.0,Raphanus sativus L.,sativus
3798094147,0,2,8,3798094147,3798094147,CS,D.L. Denham,1969-08-28,240,240,1969,8,28,28 August 1969,California,Del Norte County,NA,"Rocky coast above tide level, Crescent City",NA,NA,NA,Raphanus sativus L.,sativus
5103868187,0,4,4,5103868187,5103868187,WILLI,"Fashing, N J",1964-03-29,89,89,1964,3,29,NA,California,Butte,NA,"W side of River RD 0.25 mi S of jct with Sacramento Ave, ca 5 mi W of Chico",NA,NA,NA,Raphanus sativus L.,sativus
5106272739,1,7,15,5106272739,5106272739,UNCC,NA,NA,NA,NA,NA,NA,NA,NA,California,Ventura,NA,NA,NA,NA,NA,Raphanus sativus L.,sativus
3331183216,3,11,5,3331183216,3331183216,MVSC,Gustav W. Hall,1971-06-03,154,154,1971,6,3,1971-06-03,Virginia,Williamsburg County,NA,"College of  William and Mary woods, by Old Physics Laser Station",37.27084,-76.72137,5000.0,Raphanus raphanistrum L.,raphanistrum
3969595051,1,5,13,3969595051,3969595051,BRIT,NA,NA,NA,NA,NA,NA,NA,NA,NA,NA,NA,NA,NA,NA,NA,Raphanus raphanistrum L.,raphanistrum
2234331294,2,17,12,2234331294,2234331294,NCU,NA,NA,NA,NA,NA,NA,NA,NA,Alabama,Mobile,NA,NA,NA,NA,NA,Raphanus L.,NA
3865108372,1,4,13,3865108372,3865108372,PH,Aubrey H. Smith,1865-06-18,169,169,1865,6,18,NA,Pennsylvania,Bucks,NA,Tinicum Island,NA,NA,NA,Raphanus raphanistrum L.,raphanistrum
1999082584,0,3,29,1999082584,1999082584,NEBC,G. H. Tilton,1902,NA,NA,1902,NA,NA,1902,Massachusetts,Middlesex County,Wilmington,Wilmington,42.55491,-71.17344,3947 m,Raphanus raphanistrum L.,raphanistrum
4067794454,2,1,22,4067794454,4067794454,MCA,"R. L. Schaeffer, Jr.",1970-07-07,188,188,1970,7,7,NA,Pennsylvania,Carbon,NA,1/4 mile E of Big Creek,40.845648,-75.643177,3182.0,Raphanus raphanistrum L.,raphanistrum
5836321492,0,3,43,5836321492,5836321492,UF,Alan R. Franck;Kaitlin C. Alexander;C./F./E. Alexander,2022-03-27,86,86,2022,3,27,NA,Florida,Leon County,NA,NA,30.383,-84.307,NA,Raphanus sativus L.,sativus
2452323625,1,1,9,2452323625,2452323625,US,J. W. Harshberger,1905-06-21,172,172,1905,6,21,NA,Pennsylvania,NA,NA,"Hamilton, weeds in fields.",NA,NA,NA,Raphanus sativus L.,sativus
4015459323,2,4,43,4015459323,4015459323,UF,Lucas C. Majure;Anna Becker;Lauren Whitehurst,2018-12-09,343,343,2018,12,9,NA,Florida,Alachua County,NA,NA,29.634031,-82.369466,NA,Raphanus raphanistrum L.,raphanistrum
3865375349,0,8,9,3865375349,3865375349,PH,Thomas C. Porter,1887,NA,NA,1887,NA,NA,NA,Pennsylvania,Northampton,NA,"College Hill, Easton",40.703229,-75.207386,1373.0,Raphanus sativus L.,sativus
3413164330,0,2,8,3413164330,3413164330,LA,Schuyler S. Clark,NA,NA,NA,NA,NA,NA,NA,Massachusetts,Essex,NA,Nahant,NA,NA,NA,Raphanus raphanistrum L.,raphanistrum
2430171223,2,3,11,2430171223,2430171223,RSA,E. C. Twisselmann,1970-06-11,162,162,1970,6,11,"June 11, 1970.",California,Monterey,NA,"Salinas River, ca. 1 mile above its mouth",NA,NA,NA,Raphanus sativus L.,sativus
2859091311,0,1,18,2859091311,2859091311,CM,"Hepner, C.M.",1933-07-01,182,182,1933,7,1,1 Jul 1933,Pennsylvania,Erie,NA,Mercyhurst,42.10233,-80.051451,NA,Raphanus raphanistrum L.,raphanistrum
4102367469,3,1,33,4102367469,4102367469,BRIT,NA,NA,NA,NA,NA,NA,NA,NA,Massachusetts,Hampshire,NA,NA,NA,NA,NA,Raphanus raphanistrum L.,raphanistrum
2430170625,2,21,16,2430170625,2430170625,RSA,J. Doughty,1985-05-19,139,139,1985,5,19,19 May 1985,California,Los Angeles,NA,"Angeles National Forest, Graveyard Canyon, junction of San Gabriel Road and entrance to Follows Camp.",NA,NA,NA,Raphanus sativus L.,sativus
3969684005,0,3,27,3969684005,3969684005,BRIT,NA,NA,NA,NA,NA,NA,NA,NA,NA,NA,NA,NA,NA,NA,NA,Raphanus sativus L.,sativus
3897880514,1,9,0,3897880514,3897880514,CHRB,NA,NA,NA,NA,NA,NA,NA,NA,California,San Mateo,NA,NA,NA,NA,NA,Raphanus raphanistrum L.,raphanistrum
3344481226,2,10,4,3344481226,3344481226,CLEMS,E. G. Young,1986-04-05,95,95,1986,4,5,NA,South Carolina,Colleton,NA,Colleton,NA,NA,NA,Raphanus raphanistrum L.,raphanistrum
SML_1998756598,1,20,47,SML_1998756598,1998756598,GH,[data not captured],NA,NA,NA,NA,NA,NA,NA,Oregon,Linn County,NA,[data not captured],NA,NA,NA,Raphanus raphanistrum L.,raphanistrum
2430535841,2,18,24,2430535841,2430535841,RSA,Keith E. Hoffmaster,1934-03,NA,NA,1934,3,NA,March 1934,California,San Diego,NA,San Onofre.,33.38047,-117.57051,1609.0,Raphanus sativus L.,sativus
3865368296,0,1,0,3865368296,3865368296,PH,"Robert L. Schaeffer, Jr.",1952-06-21,173,173,1952,6,21,NA,Pennsylvania,Lehigh,NA,0.5 mi. E of Neffs,40.693043,-75.600975,560.0,Raphanus raphanistrum L.,raphanistrum
5070543331,2,12,12,5070543331,5070543331,BALT,NA,NA,NA,NA,NA,NA,NA,NA,NA,NA,NA,NA,NA,NA,NA,Raphanus L.,NA
2430523096,1,12,48,2430523096,2430523096,RSA,Scott Lowe,1991-05-07,127,127,1991,5,7,7 May 1991,California,Los Angeles,NA,"San Gabriel river channel, about 50 m. south of the San Gabriel River Parkway bridge, city of Pico Rivera.",NA,NA,NA,Raphanus sativus L.,sativus
2573068147,1,5,17,2573068147,2573068147,VT,Nellie F. Flynn,1895-07-05,186,186,1895,7,5,1895-7-5,Massachusetts,Nantucket,Nantucket,NA,41.31079,-70.11468,16757.0,Raphanus raphanistrum L.,raphanistrum
1999130593,0,2,0,1999130593,1999130593,NEBC,W. P. Brooks,1874-06-13,164,164,1874,6,13,"June 13, 1874",Massachusetts,Hampshire County (Massachusetts),Amherst,Amherst,NA,NA,NA,Raphanus raphanistrum L.,raphanistrum
3865094237,0,0,11,3865094237,3865094237,PH,David Berkheimer,1963-08-28,240,240,1963,8,28,NA,Pennsylvania,Bedford,NA,Bedford Station,40.021584,-78.504679,428.0,Raphanus raphanistrum L.,raphanistrum
5011564466,0,2,21,5011564466,5011564466,CCUH,"High, F.",1982-05-02,122,122,1982,5,2,NA,South Carolina,Charleston,NA,NA,NA,NA,NA,Raphanus raphanistrum L.,raphanistrum
3820741964,1,21,17,3820741964,3820741964,OSU,Richard R. Halse,1977-05-08,128,128,1977,5,8,NA,Oregon,Yamhill,NA,"along State Hwy. 47, one mile south of Carlton.",45.28089,-123.16612,805.0,Raphanus raphanistrum L.,raphanistrum
4081344375,3,8,24,4081344375,4081344375,EIU,"Hastings, George",1942-04-22,112,112,1942,4,22,NA,California,Los Angeles,NA,Playa del Rey.,NA,NA,NA,Raphanus sativus L.,sativus
2234331257,3,10,9,2234331257,2234331257,NCU,NA,NA,NA,NA,NA,NA,NA,NA,North Carolina,Wilson,NA,NA,NA,NA,NA,Raphanus raphanistrum L.,raphanistrum
3709938001,10,17,27,3709938001,3709938001,GA,"Lynch, P.",2009-03-02,61,61,2009,3,2,NA,Georgia,Bleckley County,NA,Private Property,32.426842,-83.408531,NA,Raphanus raphanistrum L.,raphanistrum
2512769772,0,2,6,2512769772,2512769772,US,ex Herb. T. Morong,NA,NA,NA,NA,NA,NA,NA,Massachusetts,NA,NA,"Newford, Mass.",NA,NA,NA,Raphanus raphanistrum L.,raphanistrum
3978732636,1,8,29,3978732636,3978732636,BAYLU,R. Kral,2002-03-20,79,79,2002,3,20,NA,Georgia,Grady,NA,"by US 84, w side of Cairo",30.877413,-84.20129,4781.0,Raphanus raphanistrum L.,raphanistrum
2234332494,0,7,24,2234332494,2234332494,NCU,NA,NA,NA,NA,NA,NA,NA,NA,South Carolina,Berkeley,NA,NA,NA,NA,NA,Raphanus raphanistrum L.,raphanistrum
3344415221,5,9,2,3344415221,3344415221,CLEMS,"Allen L. Bowers, III",1972-04-27,118,118,1972,4,27,NA,South Carolina,Hampton,NA,Hampton,NA,NA,NA,Raphanus raphanistrum L.,raphanistrum
2418029927,1,1,9,2418029927,2418029927,CHSC,Richard R. Halse,2006-09-11,254,254,2006,9,11,09/11/2006,Oregon,Clatsop,NA,"Hammond, sandy shoreline of the Columbia River at the boat basin.",46.206389,-123.951667,NA,Raphanus raphanistrum L.,raphanistrum
2989912328,0,10,32,2989912328,2989912328,RSA,Joan Stewart,1992-02-25,56,56,1992,2,25,25 Feb 1992,California,Tulare,NA,"Sierra Nevada; Southern Sierra Nevada: Hwy 190, above Rio Vista Bridge.",NA,NA,NA,Raphanus L.,NA
4075454274,1,2,7,4075454274,4075454274,DOV,F.D. Chester,1890-09-23,266,266,1890,9,23,NA,Delaware,New Castle,NA,Newark,39.68192,-75.75135,2250,Raphanus L.,NA
CDA-0003829,0,7,11,CDA-0003829,NA,NA,NA,NA,NA,NA,NA,NA,NA,NA,NA,NA,NA,NA,NA,NA,NA,NA,NA
3969593812,1,4,8,3969593812,3969593812,BRIT,NA,NA,NA,NA,NA,NA,NA,NA,NA,NA,NA,NA,NA,NA,NA,Raphanus raphanistrum L.,raphanistrum
3969864033,0,4,10,3969864033,3969864033,BRIT,NA,NA,NA,NA,NA,NA,NA,NA,NA,NA,NA,NA,NA,NA,NA,Raphanus L.,NA
3865379346,0,1,24,3865379346,3865379346,PH,A. Commons,1882-07-25,206,206,1882,7,25,NA,Delaware,New Castle,NA,Wilmington,39.745947,-75.546589,7283.0,Raphanus raphanistrum L.,raphanistrum
5072730518,6,18,14,5072730518,5072730518,PEMB,NA,NA,NA,NA,NA,NA,NA,NA,North Carolina,Hoke,NA,NA,NA,NA,NA,Raphanus raphanistrum L.,raphanistrum
3865362265,0,1,1,3865362265,3865362265,PH,Bayard Long,1933-05-30,150,150,1933,5,30,May 30 1933,New Jersey,Cumberland,NA,Shiloh; 39.459003 -75.29908,39.459003,-75.29908,1742.0,Raphanus raphanistrum L.,raphanistrum
SML_1999334166,1,8,13,SML_1999334166,1999334166,GH,[data not captured],NA,NA,NA,NA,NA,NA,NA,Washington,Klickitat County,NA,[data not captured],NA,NA,NA,Raphanus sativus L.,sativus
SML_1999330575,0,6,27,SML_1999330575,1999330575,GH,[data not captured],NA,NA,NA,NA,NA,NA,NA,Oregon,Marion County,Salem,[data not captured],NA,NA,NA,Raphanus sativus L.,sativus
2430444267,1,15,40,2430444267,2430444267,RSA,K. Dobry,1991-11-13,317,317,1991,11,13,13 Nov 1991,California,Los Angeles,NA,At Soka Univ. SW section Santa Monica Mts Las Virgenes & Mulholland Hwy,NA,NA,NA,Raphanus sativus L.,sativus
5070849634,3,0,55,5070849634,5070849634,MARY,Edward C. Uebel,1993-08-25,237,237,1993,8,25,NA,Maryland,Caroline,NA,"Federalsburg, entrance of Federalsburg Industrial Park near intersection of Rt 313 and Rt 318",38.691366,-75.754898,1597.0,Raphanus raphanistrum L.,raphanistrum
3969592829,1,0,5,3969592829,3969592829,BRIT,NA,NA,NA,NA,NA,NA,NA,NA,NA,NA,NA,NA,NA,NA,NA,Raphanus raphanistrum L.,raphanistrum
3897882354,3,2,3,3897882354,3897882354,CHRB,NA,NA,NA,NA,NA,NA,NA,NA,New Jersey,Somerset,NA,NA,NA,NA,NA,Raphanus raphanistrum L.,raphanistrum
3865363248,2,7,33,3865363248,3865363248,PH,Bayard Long,1945-07-20,201,201,1945,7,20,NA,Pennsylvania,Montgomery,NA,by Fitzwatertown Road ca 0.5 mi. NE of Fitzwatertown,40.128431,-75.159699,607.0,Raphanus raphanistrum L.,raphanistrum
4088564482,1,3,9,4088564482,4088564482,USMS,"McNair, Daniel",2014-05-18,138,138,2014,5,18,18-May-14,Mississippi,Wayne,NA,"Gopher Farm Sandhill, DeSoto National Forest",31.460882,-88.766516,NA,Raphanus raphanistrum L.,raphanistrum
3709852246,5,5,22,3709852246,3709852246,GA,NA,NA,NA,NA,NA,NA,NA,NA,Alabama,Geneva County,NA,"Geneva County, AL",31.0451,-85.87446,2500,Raphanus raphanistrum L.,raphanistrum
2234332601,6,8,33,2234332601,2234332601,NCU,NA,NA,NA,NA,NA,NA,NA,NA,Mississippi,Forrest,NA,NA,NA,NA,NA,Raphanus raphanistrum L.,raphanistrum
3865109365,0,1,13,3865109365,3865109365,PH,"Robert L. Schaeffer, Jr.",1940-08-21,234,234,1940,8,21,"Aug, 21, 1440",Pennsylvania,Northampton,NA,0.25 mi. W of Howersville,40.770373,-75.516079,362.0,Raphanus sativus L.,sativus
3865379350,0,0,2,3865379350,3865379350,PH,Bayard Long,1950-07-20,201,201,1950,7,20,NA,Pennsylvania,Bucks,NA,"Bristol Pike and Beaver St., N of Bristol",NA,NA,NA,Raphanus sativus L.,sativus
4601577312,6,3,7,4601577312,4601577312,DOV,NA,NA,NA,NA,NA,NA,NA,NA,Oregon,NA,NA,NA,NA,NA,NA,Raphanus raphanistrum L.,raphanistrum
5067927808,1,2,1,5067927808,5067927808,University of New Hampshire,A. C. French,1881,NA,NA,1881,NA,NA,NA,New Hampshire,NA,NA,[no precise locality],NA,NA,NA,Raphanus raphanistrum L.,raphanistrum
3344415260,4,9,5,3344415260,3344415260,CLEMS,"Preston M. Blanton, Jr.",1977-03-01,60,60,1977,3,1,NA,South Carolina,Horry,NA,Horry,NA,NA,NA,Raphanus raphanistrum L.,raphanistrum
5070543327,1,1,12,5070543327,5070543327,BALT,NA,NA,NA,NA,NA,NA,NA,NA,NA,NA,NA,NA,NA,NA,NA,Raphanus L.,NA
3341236062,0,1,2,3341236062,3341236062,SIM,Arthur Hollick,1908-09-20,264,264,1908,9,20,NA,New York,Richmond,NA,"Arlington, Staten Island",40.632326,-74.165144,3036.0,Raphanus raphanistrum L.,raphanistrum
4433286375,2,3,18,4433286375,4433286375,WVW,George B. Rossbach,1988-07-09,191,191,1988,7,9,7/9/1988,Maine,Waldo,NA,"Just n. of Grindel Pt., Islesboro",44.28479,-68.93697,650,Raphanus raphanistrum L.,raphanistrum
3710019345,3,7,17,3710019345,3710019345,GA,NA,NA,NA,NA,NA,NA,NA,NA,Virginia,Northampton County,NA,"Northampton County, VA",NA,NA,NA,Raphanus raphanistrum L.,raphanistrum
1999056718,0,0,16,1999056718,1999056718,GH,G. Thurber,1844,NA,NA,1844,NA,NA,1844,Rhode Island,Providence County,Providence,Providence,NA,NA,NA,Raphanus raphanistrum L.,raphanistrum
5011564470,1,13,6,5011564470,5011564470,CCUH,"Porter, Evelyn",1989-01-21,21,21,1989,1,21,NA,South Carolina,Horry,NA,NA,NA,NA,NA,Raphanus raphanistrum L.,raphanistrum
5068491372,0,12,20,5068491372,5068491372,USCS,NA,NA,NA,NA,NA,NA,NA,NA,South Carolina,Laurens,NA,NA,NA,NA,NA,Raphanus raphanistrum L.,raphanistrum
5067924818,2,1,6,5067924818,5067924818,University of New Hampshire,F. Walters;,1916-07-26,208,208,1916,7,26,NA,Massachusetts,Berkshire,Williamstown,NA,42.68476,-73.22833,8663.0,Raphanus sativus L.,sativus
2512792002,4,5,28,2512792002,2512792002,US,E. E. Terrell & A. S. Barclay,1961-05-03,123,123,1961,5,3,NA,South Carolina,NA,NA,"Sandy soil in field, 8 mi. W of Blackville, Barnwell Co.",NA,NA,NA,Raphanus raphanistrum L.,raphanistrum
5103607954,1,25,9,5103607954,5103607954,UTEP,Collector(s): unknown,1989-03-30,89,89,1989,3,30,30 MAR 1989,California,Riverside County,NA,4 miles W of Temecula,33.0,-117.233333,NA,Raphanus sativus L.,sativus
3820615959,2,13,17,3820615959,3820615959,OSU,Richard R. Halse,1978-04-30,120,120,1978,4,30,NA,Oregon,Benton,NA,"N.E. of Corvallis, between Canterbury Street and Frazier Creek.",44.60008,-123.24113,805.0,Raphanus sativus L.,sativus
5011564471,1,2,0,5011564471,5011564471,CCUH,"Smith, C.",1990-04-03,93,93,1990,4,3,NA,South Carolina,Georgetown,NA,NA,NA,NA,NA,Raphanus raphanistrum L.,raphanistrum
SML_1999312794,2,2,16,SML_1999312794,1999312794,GH,P. Dowell,1903-09-22,265,265,1903,9,22,NA,New York,NA,NA,near Port Richmond,NA,NA,NA,Raphanus raphanistrum L.,raphanistrum
2234333416,1,4,16,2234333416,2234333416,NCU,"Rankin, K. B.",1976-03-14,74,74,1976,3,14,NA,North Carolina,Gaston,NA,NA,NA,NA,NA,Raphanus raphanistrum L.,raphanistrum
4075454234,0,0,4,4075454234,4075454234,DOV,L.H. Bailey,1924-08-16,229,229,1924,8,16,"Aug. 16, 1924",New York,Tompkins,NA,"Cornell University gardens, Ithaca",NA,NA,NA,Raphanus sativus L.,sativus
SML_5074461235,0,1,2,SML_5074461235,5074461235,University of Rhode Island,E. A. Palmatier,1942-11,NA,NA,1942,11,NA,NA,Rhode Island,Washington,South Kingstown,NA,41.4467,-71.54742,11590.0,Raphanus raphanistrum L.,raphanistrum
2573092565,0,0,26,2573092565,2573092565,VT,Nellie F. Flynn,1899-08-12,224,224,1899,8,12,1899-8-12,Massachusetts,Nantucket,Nantucket,NA,41.31079,-70.11468,16757.0,Raphanus raphanistrum L.,raphanistrum
2234331997,1,5,28,2234331997,2234331997,NCU,NA,NA,NA,NA,NA,NA,NA,NA,North Carolina,Martin,NA,NA,NA,NA,NA,Raphanus raphanistrum L.,raphanistrum
3344481231,0,5,9,3344481231,3344481231,CLEMS,K. W. Hunt,1942-04-03,93,93,1942,4,3,NA,South Carolina,Charleston,NA,Charleston,NA,NA,NA,Raphanus raphanistrum L.,raphanistrum
3969684012,0,9,24,3969684012,3969684012,BRIT,NA,NA,NA,NA,NA,NA,NA,NA,NA,NA,NA,NA,NA,NA,NA,Raphanus raphanistrum L.,raphanistrum
3865093273,0,5,15,3865093273,3865093273,PH,"Robert L. Schaeffer, Jr.",1964-08-21,234,234,1964,8,21,NA,Pennsylvania,Northampton,NA,"just E of the county line, Bethlehem",40.625932,-75.370458,7235.0,Raphanus raphanistrum L.,raphanistrum
2430242716,0,2,1,2430242716,2430242716,RSA,Mark Hoefs,1973-03-13,72,72,1973,3,13,"March 13, 1973",California,Los Angeles,NA,Santa Catalina Island. Upper Avalon Canyon below Memorial Garden.,NA,NA,NA,Raphanus sativus L.,sativus
CDA-0049115,3,15,3,CDA-0049115,3059684562,CDA,Katelyn Cook; Aaron Cunningham,2016-02-06,37,37,2016,2,6,2/6/2016,California,Fresno,NA,"Northeast of Clovis off of Hwy 168 E. 36.8783333333333, -119.5536111.",36.88,-119.55,NA,Raphanus sativus L.,sativus
5067927809,2,2,9,5067927809,5067927809,University of New Hampshire,A. H. Norton,1917-08-03,215,215,1917,8,3,NA,Maine,Piscataquis,Greenville,Greenville Junction,45.466,-69.55148,8469.0,Raphanus raphanistrum L.,raphanistrum
2573009443,0,5,8,2573009443,2573009443,VT,NA,NA,NA,NA,NA,NA,NA,NA,NA,NA,NA,NA,NA,NA,NA,Raphanus L.,NA
1998918695,0,1,18,1998918695,1998918695,NEBC,F. S. Collins,1887-07-15,196,196,1887,7,15,July 15. 1887,Massachusetts,Middlesex County,Malden,Malden,42.42815,-71.06216,2500,Raphanus raphanistrum L.,raphanistrum
4433286374,0,1,21,4433286374,4433286374,WVW,R. Dale Thomas & Barbara G. Thomas,1993-01-03,3,3,1993,1,3,1/3/1993,Mississippi,Scott,NA,along I-20W west of Lake in Bienville National Forest,NA,NA,NA,Raphanus raphanistrum L.,raphanistrum
3865363249,3,4,8,3865363249,3865363249,PH,J. Bernard Brinton,1878-07-17,198,198,1878,7,17,NA,Pennsylvania,NA,NA,none,NA,NA,NA,Raphanus raphanistrum L.,raphanistrum
3897882355,0,1,2,3897882355,3897882355,CHRB,NA,NA,NA,NA,NA,NA,NA,NA,New Jersey,Somerset,NA,NA,NA,NA,NA,Raphanus raphanistrum L.,raphanistrum
3357383470,0,1,41,3357383470,3357383470,GMUF,"Ted Bradley, Gary Lam",1983-05-24,144,144,1983,5,24,24 May 1983,Virginia,Page,NA,"along railroad at train station in Luray, abundant",NA,NA,NA,Raphanus sativus L.,sativus
3865092209,1,3,2,3865092209,3865092209,PH,Bayard Long,1961-06-18,169,169,1961,6,18,NA,Pennsylvania,Bucks,NA,tow path of Pa. canal just above Riegelsville,NA,NA,NA,Raphanus raphanistrum L.,raphanistrum
1999357673,3,2,28,1999357673,1999357673,GH,M. L. Fernald & B. H. Long,1913-08-22,234,234,1913,8,22,"August 22, 1913",Rhode Island,NA,NA,Block Island,NA,NA,NA,Raphanus raphanistrum L.,raphanistrum
3865379351,1,10,9,3865379351,3865379351,PH,David Berkheimer,1952-06-24,176,176,1952,6,24,NA,Pennsylvania,Dauphin,NA,1.25 mi. W of Lykens,40.56675,-76.724369,1210.0,Raphanus sativus L.,sativus
3865109364,0,4,22,3865109364,3865109364,PH,E. C. Aharrah,1952-07-26,208,208,1952,7,26,"July 26, 1952",Pennsylvania,Clarion,NA,1.8 mi. ENE of Sligo,41.119207,-79.458061,1029.0,Raphanus sativus L.,sativus
3496963488,2,0,12,3496963488,3496963488,ODU,Joan B. Wright; Judith L. Kernell,1981-11-11,315,315,1981,11,11,NA,Virginia,Virginia Beach City,NA,First Landing State Park [formerly Seashore State Park]; maintenance area,NA,NA,NA,Raphanus raphanistrum L.,raphanistrum
4601577313,3,15,1,4601577313,4601577313,DOV,Ralph L. Thompson; Patricia Thompson,1977-04-17,107,107,1977,4,17,17 April 1977,Oregon,Douglas,NA,"Myrtle Island Research Natural Area, at end of Cougar Creek Road, 7.3 kilometers W of Bullock Bridge and OR 138.",NA,NA,NA,Raphanus sativus L.,sativus
1998951838,0,1,6,1998951838,1998951838,GH,E. F. Williams,1910-07-11,192,192,1910,7,11,July 11. 1910,Vermont,Windsor County,Norwich,Norwich,NA,NA,NA,Raphanus raphanistrum L.,raphanistrum
3865362264,1,7,25,3865362264,3865362264,PH,Bayard Long,1950-06-11,162,162,1950,6,11,11 June 1950,New Jersey,Mercer,NA,"along P.R.R. S of Lalor St., Trenton; 40.197509 -74.752324",40.197509,-74.752324,1142.0,Raphanus raphanistrum L.,raphanistrum
3344481266,1,11,14,3344481266,3344481266,CLEMS,"Damrel, D.Z.; Damrel, D.W.",2008-10-05,279,279,2008,10,5,NA,South Carolina,Aiken,NA,Silver Bluff Audubon Center & Sanctuary. Kathwood Lakes/ off berm road.,33.33885,-81.839567,NA,Raphanus raphanistrum L.,raphanistrum
1998882151,0,1,20,1998882151,1998882151,NEBC,M. L. Fernald,1909-07-14,195,195,1909,7,14,July 14 1909,Maine,Washington County,Eastport,Eastport,44.92126,-67.01185,3550,Raphanus raphanistrum L.,raphanistrum
3344481323,1,6,28,3344481323,3344481323,CLEMS,"Arakian, A.",1978-06-10,161,161,1978,6,10,NA,South Carolina,Pickens,NA,"Hwy 93, Central.",NA,NA,NA,Raphanus raphanistrum L.,raphanistrum
3969778916,7,5,5,3969778916,3969778916,BRIT,NA,NA,NA,NA,NA,NA,NA,NA,NA,NA,NA,NA,NA,NA,NA,Raphanus raphanistrum L.,raphanistrum
2234329735,0,8,29,2234329735,2234329735,NCU,NA,NA,NA,NA,NA,NA,NA,NA,North Carolina,Orange,NA,NA,NA,NA,NA,Raphanus raphanistrum L.,raphanistrum
3969592828,5,4,2,3969592828,3969592828,BRIT,NA,NA,NA,NA,NA,NA,NA,NA,NA,NA,NA,NA,NA,NA,NA,Raphanus raphanistrum L.,raphanistrum
2234331893,5,9,22,2234331893,2234331893,NCU,NA,NA,NA,NA,NA,NA,NA,NA,North Carolina,Hoke,NA,NA,NA,NA,NA,Raphanus raphanistrum L.,raphanistrum
2859111108,0,2,14,2859111108,2859111108,CM,"Henry, L.K.",1926-07-24,205,205,1926,7,24,24 Jul 1926,New York,Nassau,NA,"Long Island, Cold Spring Harbor, Bio Lab",40.858333,-73.466389,300.0,Raphanus raphanistrum L.,raphanistrum
CDA-0003828,1,4,50,CDA-0003828,NA,NA,NA,NA,NA,NA,NA,NA,NA,NA,NA,NA,NA,NA,NA,NA,NA,NA,NA
3969593813,0,6,9,3969593813,3969593813,BRIT,NA,NA,NA,NA,NA,NA,NA,NA,NA,NA,NA,NA,NA,NA,NA,Raphanus raphanistrum L.,raphanistrum
5068501413,0,2,7,5068501413,5068501413,USCS,NA,NA,NA,NA,NA,NA,NA,NA,South Carolina,Aiken,NA,NA,NA,NA,NA,Raphanus raphanistrum L.,raphanistrum
3865379347,0,1,11,3865379347,3865379347,PH,none,1879-07,NA,NA,1879,7,NA,7.79,New Jersey,Monmouth,NA,Long Branch,40.304278,-73.99236,4538.0,Raphanus raphanistrum L.,raphanistrum
5072730519,6,23,16,5072730519,5072730519,PEMB,NA,NA,NA,NA,NA,NA,NA,NA,North Carolina,Bladen,NA,NA,NA,NA,NA,Raphanus raphanistrum L.,raphanistrum
3969864032,0,0,4,3969864032,3969864032,BRIT,NA,NA,NA,NA,NA,NA,NA,NA,NA,NA,NA,NA,NA,NA,NA,Raphanus raphanistrum L.,raphanistrum
3344481270,5,8,7,3344481270,3344481270,CLEMS,Charles N. Horn,1990-03-12,71,71,1990,3,12,NA,South Carolina,Allendale,NA,Allendale,NA,NA,NA,Raphanus raphanistrum L.,raphanistrum
3406824040,0,4,46,3406824040,3406824040,LA,Schuyler S. Clark,NA,NA,NA,NA,NA,NA,Unknown,Massachusetts,NA,NA,Nahant,NA,NA,NA,Raphanus raphanistrum L.,raphanistrum
5159149284,0,6,6,5159149284,5159149284,CSCN,N. Duane Atwood,1993-03-29,88,88,1993,3,29,29 March 1993,California,Riverside,NA,"Huntington Beach along Beach Blvd, 1/2 miles N of beach.",33.65574,-117.98833,160.0,Raphanus sativus L.,sativus
SML_1999000928,0,1,12,SML_1999000928,1999000928,GH,[data not captured],NA,NA,NA,NA,NA,NA,NA,New Jersey,Cape May County,NA,[data not captured],NA,NA,NA,Raphanus raphanistrum L.,raphanistrum
77908,0,8,16,77908,4404981149,RENO,R.R. Halse,1987-02-22,53,53,1987,2,22,NA,California,Sonoma,NA,"Sonoma Valley, along CA Hwy 121, 0.4 mile E of its junction with CA Hwy 116 at Big Bend.",38.245122,-122.445,200.0,Raphanus sativus L.,sativus
3798074555,2,7,3,3798074555,3798074555,CS,R. G. Walter,1976,NA,NA,1976,NA,NA,DD/03/1976,California,NA,NA,0.5 mi N of Borrego Springs.,NA,NA,NA,Raphanus sativus L.,sativus
2234330502,2,8,14,2234330502,2234330502,NCU,NA,NA,NA,NA,NA,NA,NA,NA,South Carolina,Williamsburg,NA,NA,NA,NA,NA,Raphanus raphanistrum L.,raphanistrum
3820613931,6,14,5,3820613931,3820613931,OSU,Georgia S. Mason; Georgia Mason,1971-05-14,134,134,1971,5,14,NA,Oregon,Lane,NA,"North bank of Willamette River, Eugene (under Freeway Bridge).",44.04625,-123.05005,9656.0,Raphanus sativus L.,sativus
2859086857,0,0,3,2859086857,2859086857,CM,"Jennings, O.E.",1933-08-08,220,220,1933,8,8,8 Aug 1933,Pennsylvania,Erie,NA,8 mi SE of Erie,42.047212,-79.974547,10537.0,Raphanus raphanistrum L.,raphanistrum
4426632361,0,3,1,4426632361,4426632361,BRIT,Patrick R. Hanshaw,2014-06-13,164,164,2014,6,13,NA,Texas,Tarrant,NA,"Plant was found going N. on Boat Club Rd. and 1/3 mile past Park Dr. It was found on the left road shoulder. This location is in N. Fort Worth, TX.",32.891224,-97.428988,684.0,Raphanus L.,NA
5011564467,2,2,0,5011564467,5011564467,CCUH,"Toot, Marie",1980-04-04,95,95,1980,4,4,NA,South Carolina,Marion,NA,NA,NA,NA,NA,Raphanus raphanistrum L.,raphanistrum
2234332354,1,3,15,2234332354,2234332354,NCU,NA,NA,NA,NA,NA,NA,NA,NA,Virginia,Chesterfield,NA,NA,NA,NA,NA,Raphanus raphanistrum L.,raphanistrum
3969691986,5,12,7,3969691986,3969691986,BRIT,Patrick R. Hanshaw,2015-05-18,138,138,2015,5,18,2015-5-18,Texas,Denton,NA,"Plant found at 10009 Southpoint Ct. in Denton, Texas. This location is in Robson Ranch.",33.132733,-97.237928,20.0,Raphanus L.,NA
1999307169,0,0,3,1999307169,1999307169,NEBC,A. S. Pease,1908-08-31,244,244,1908,8,31,"31 Aug., 1908",New Hampshire,Coos County,Dalton,Dalton,NA,NA,NA,Raphanus raphanistrum L.,raphanistrum
2430260671,0,7,3,2430260671,2430260671,RSA,I. L. Wiggins,1966-02-12,43,43,1966,2,12,12.II.66,California,Orange,NA,"N. side of La Palma Ave. near Harbor Blvd., Anaheim.",NA,NA,NA,Raphanus sativus L.,sativus
3969684004,1,14,28,3969684004,3969684004,BRIT,NA,NA,NA,NA,NA,NA,NA,NA,NA,NA,NA,NA,NA,NA,NA,Raphanus sativus L.,sativus
3925803509,1,1,40,3925803509,3925803509,MISS,R. F. Britt,1965-05-23,143,143,1965,5,23,5/23/1965,North Carolina,Robeson,NA,4.5 mi SSW of St Pauls along co 1765.,NA,NA,NA,Raphanus raphanistrum L.,raphanistrum
2234330806,4,9,3,2234330806,2234330806,NCU,NA,NA,NA,NA,NA,NA,NA,NA,North Carolina,Harnett,NA,NA,NA,NA,NA,Raphanus raphanistrum L.,raphanistrum
2234331714,4,13,21,2234331714,2234331714,NCU,NA,NA,NA,NA,NA,NA,NA,NA,South Carolina,Greenwood,NA,NA,NA,NA,NA,Raphanus raphanistrum L.,raphanistrum
3969781021,2,9,11,3969781021,3969781021,BRIT,NA,NA,NA,NA,NA,NA,NA,NA,NA,NA,NA,NA,NA,NA,NA,Raphanus raphanistrum L.,raphanistrum
2234332991,1,8,12,2234332991,2234332991,NCU,NA,NA,NA,NA,NA,NA,NA,NA,South Carolina,Lancaster,NA,NA,NA,NA,NA,Raphanus raphanistrum L.,raphanistrum
5070543330,0,5,0,5070543330,5070543330,BALT,NA,NA,NA,NA,NA,NA,NA,NA,NA,NA,NA,NA,NA,NA,NA,Raphanus L.,NA
3897882380,0,0,30,3897882380,3897882380,CHRB,NA,NA,NA,NA,NA,NA,NA,NA,New Jersey,Somerset,NA,NA,NA,NA,NA,Raphanus raphanistrum L.,raphanistrum
3865375348,0,1,5,3865375348,3865375348,PH,David Berkheimer,1954-08-02,214,214,1954,8,2,NA,Pennsylvania,Lebanon,NA,2.5 mi. SSE of Jonestown,NA,NA,NA,Raphanus sativus L.,sativus
3820611977,0,7,11,3820611977,3820611977,OSU,Richard R. Halse,2008-10-27,301,301,2008,10,27,NA,Oregon,Benton,NA,ca. 9 miles south of Corvallis along Smith Loop Road ca. 0.5 miles north of its junction with Dorr Road.,44.46044,-123.23572,805.0,Raphanus sativus L.,sativus
2573090470,0,3,25,2573090470,2573090470,VT,NA,1978-07-07,188,188,1978,7,7,1978-7-7,Massachusetts,Hampshire,Hadley,NA,42.35564,-72.56923,8543.0,Raphanus raphanistrum L.,raphanistrum
2573521327,1,4,31,2573521327,2573521327,COLO,NA,NA,NA,NA,NA,NA,NA,NA,California,Sonoma,NA,NA,NA,NA,NA,Raphanus sativus L.,sativus
2234331446,0,1,15,2234331446,2234331446,NCU,NA,NA,NA,NA,NA,NA,NA,NA,North Carolina,Pender,NA,NA,NA,NA,NA,Raphanus raphanistrum L.,raphanistrum
3091277545,0,8,9,3091277545,3091277545,ASC,J. Rominger,1968-04-05,96,96,1968,4,5,NA,California,San Luis Obispo,NA,Near Morro Bay Hwy. 41,35.404015,-120.819002,10208.0,Raphanus sativus L.,sativus
4102367468,7,12,10,4102367468,4102367468,BRIT,NA,NA,NA,NA,NA,NA,NA,NA,South Carolina,Hampton,NA,NA,NA,NA,NA,Raphanus raphanistrum L.,raphanistrum
3344481319,1,1,7,3344481319,3344481319,CLEMS,"Wright, L.M.",1974-02-21,52,52,1974,2,21,NA,South Carolina,Pickens,NA,(Clemson Campus & Environs): Clemson University,NA,NA,NA,Raphanus raphanistrum L.,raphanistrum
3865108373,3,10,18,3865108373,3865108373,PH,Rodney H. True; John K. Edwards,1938-06-21,172,172,1938,6,21,June 21 1938,New Jersey,Warren,NA,"W shore of White pond, N of Marksboro",40.999539,-74.918159,381.0,Raphanus raphanistrum L.,raphanistrum
CDA-0059482,0,12,58,CDA-0059482,3059684843,CDA,J. Dunnicliff,1985-04-04,94,94,1985,4,4,4/4/1985,California,Fresno,NA,Fresno.,36.73,-119.75,NA,Raphanus raphanistrum L.,raphanistrum
4067794455,1,8,5,4067794455,4067794455,MCA,"R. L. Schaeffer, Jr.",1955-07-09,190,190,1955,7,9,NA,Pennsylvania,Monroe,NA,3/4 mile WSW of Long Pond School,41.05815,-75.499892,265.0,Raphanus raphanistrum L.,raphanistrum
5106274984,4,3,17,5106274984,5106274984,UNCC,"Basinger, Mark",2010-05-26,146,146,2010,5,26,2010-5-26,North Carolina,Wilson,NA,"6044 Wiggins Mill Road, Lucama",35.67597,-78.03604,NA,Raphanus sativus L.,sativus
4015890749,1,13,22,4015890749,4015890749,GA,Richard Carter,2007-03-31,90,90,2007,3,31,3/31/2007,Georgia,Camden,NA,"3.17 airmiles NNE Kingsland jct. Hwy US 17 and Hwy GA 40, Harriets Bluff Rd, ca. 250 m W jct. I-95",30.844333,-81.676517,NA,Raphanus raphanistrum L.,raphanistrum
5068043252,1,2,24,5068043252,5068043252,Keene State University,Harry E. Ahles,1979-07-05,186,186,1979,7,5,NA,Massachusetts,Hampshire,Northampton,NA,42.32664,-72.67454,7473.0,Raphanus raphanistrum L.,raphanistrum
2234331411,4,3,0,2234331411,2234331411,NCU,"McElrath, M. K.",1975-03-31,90,90,1975,3,31,NA,North Carolina,Orange,NA,NA,NA,NA,NA,Raphanus sativus L.,sativus
3744713788,1,4,20,3744713788,3744713788,UNA,John S. Williams,1980-11-02,307,307,1980,11,2,11/2/1980,Alabama,Marengo,NA,"Hwy 25, 6 mi S of Faunsdale T16N, R5E, Sec 6",32.38,-87.6,NA,Raphanus raphanistrum L.,raphanistrum
3969595050,3,9,10,3969595050,3969595050,BRIT,NA,NA,NA,NA,NA,NA,NA,NA,NA,NA,NA,NA,NA,NA,NA,Raphanus raphanistrum L.,raphanistrum
2234330129,0,10,13,2234330129,2234330129,NCU,NA,NA,NA,NA,NA,NA,NA,NA,North Carolina,Scotland,NA,NA,NA,NA,NA,Raphanus raphanistrum L.,raphanistrum
1999429440,2,6,26,1999429440,1999429440,NEBC,E. F. Williams,1897-09-06,249,249,1897,9,6,Sept. 6. 1897,Massachusetts,Plymouth County,Scituate,Scituate,NA,NA,NA,Raphanus raphanistrum L.,raphanistrum
3865364298,0,7,5,3865364298,3865364298,PH,A. Commons,1893-06-28,179,179,1893,6,28,NA,Delaware,New Castle,NA,Elsmere,39.73823,-75.59472,1200,Raphanus raphanistrum L.,raphanistrum
2430055274,3,7,11,2430055274,2430055274,RSA,R. F. Thorne; M. Z. Thorne,1967-07-02,183,183,1967,7,2,"July 2, 1967",California,San Bernardino,NA,"Angeles National Forest: San Antonio Canyon: Chapman Ranch, above Mt. Baldy Village.",34.24058,-117.64999,321.0,Raphanus sativus L.,sativus
3925803525,3,3,33,3925803525,3925803525,MISS,H. E. Ahles,1979-07-05,186,186,1979,7,5,7/5/1979,Massachusetts,Hampshire,NA,"Daymon Rd nr RR, Northampton.",42.338,-72.63613,70,Raphanus raphanistrum L.,raphanistrum
2512772144,4,6,26,2512772144,2512772144,US,C. Harrison,1888-08,NA,NA,1888,8,NA,NA,Massachusetts,NA,NA,Martha's Vineyard.,NA,NA,NA,Raphanus sativus L.,sativus
3969595103,2,9,15,3969595103,3969595103,BRIT,NA,NA,NA,NA,NA,NA,NA,NA,NA,NA,NA,NA,NA,NA,NA,Raphanus raphanistrum L.,raphanistrum
4092881438,0,1,7,4092881438,4092881438,FARM,NA,NA,NA,NA,NA,NA,NA,NA,Virginia,NA,NA,NA,NA,NA,NA,Raphanus raphanistrum L.,raphanistrum
5067926808,1,3,9,5067926808,5067926808,University of New Hampshire,F. L. Harvey; L. H. Harvey,1895-08,NA,NA,1895,8,NA,NA,Maine,Penobscot,Orono,NA,44.88669,-68.71656,7009.0,Raphanus raphanistrum L.,raphanistrum
3969592783,2,4,7,3969592783,3969592783,BRIT,NA,NA,NA,NA,NA,NA,NA,NA,NA,NA,NA,NA,NA,NA,NA,Raphanus raphanistrum L.,raphanistrum
2859371853,0,4,9,2859371853,2859371853,CM,"Jennings, O.E.",1942-06-21,172,172,1942,6,21,21 Jun 1942,Pennsylvania,Fayette,NA,near Indian Head,40.026045,-79.396194,650.0,Raphanus sativus L.,sativus
3820738939,0,4,57,3820738939,3820738939,OSU,Richard R. Halse,2014-07-19,200,200,2014,7,19,NA,Oregon,Coos,NA,just south of Bandon at the end of Mars Lane; edge of coastal dunes.,43.087212,-124.433687,805.0,Raphanus raphanistrum L.,raphanistrum
5068043244,2,14,28,5068043244,5068043244,Keene State University,David Edward Boufford,1970-07-29,210,210,1970,7,29,NA,New Hampshire,Cheshire,Swanzey,NA,42.8625,-72.29601,7787.0,Raphanus raphanistrum L.,raphanistrum
1999137144,1,6,3,1999137144,1999137144,NEBC,B. P. Clark,1881,NA,NA,1881,NA,NA,"July, 1881",Massachusetts,Norfolk County,Cohasset,Cohasset,42.23543,-70.82266,4000,Raphanus raphanistrum L.,raphanistrum
5068491426,1,9,33,5068491426,5068491426,USCS,NA,NA,NA,NA,NA,NA,NA,NA,South Carolina,Spartanburg,NA,NA,NA,NA,NA,Raphanus raphanistrum L.,raphanistrum
3865104311,1,1,7,3865104311,3865104311,PH,"Robert L. Schaeffer, Jr.",1948-06-15,167,167,1948,6,15,"JUne 15, 1948",Pennsylvania,Northampton,NA,1 mi. N of Danielsville,40.806432,-75.534081,2639.0,Raphanus raphanistrum L.,raphanistrum
5067925818,1,3,8,5067925818,5067925818,University of New Hampshire,H. E. Sargent,1911-07-26,207,207,1911,7,26,NA,New Hampshire,Carroll,Wolfeboro,garden,43.61174,-71.1706,9493.0,Raphanus sativus L.,sativus
3709930518,1,2,3,3709930518,3709930518,GA,"Smith, Rachel",2019-03-15,74,74,2019,3,15,NA,Georgia,Clayton County,NA,Lovejoy,33.450164,-84.36566,NA,Raphanus raphanistrum L.,raphanistrum
2430442799,1,3,14,2430442799,2430442799,RSA,M. B. Dunkle,1933-04-09,99,99,1933,4,9,4/9/33,California,Orange,NA,Dana Point,33.460556,-117.714167,NA,Raphanus sativus L.,sativus
5138119250,1,1,0,5138119250,5138119250,State University of New York Oswego,J. T. Hickey,1970-09-01,244,244,1970,9,1,"Sept 1, 1970",New York,Oswego,Oswego,"Rice Creek Field Station, station lawn",NA,NA,NA,Raphanus raphanistrum L.,raphanistrum
1998979892,2,6,25,1998979892,1998979892,GH,B. L. Robinson,1903-06-19,170,170,1903,6,19,19 June 1903,Rhode Island,Newport County,Newport,Newport,NA,NA,NA,Raphanus raphanistrum L.,raphanistrum
3865096289,0,3,10,3865096289,3865096289,PH,Bayard Long,1958-11-06,310,310,1958,11,6,NA,Pennsylvania,Bucks,NA,within 1 mi. SE of Southampton,40.164027,-75.030369,1119.0,Raphanus raphanistrum L.,raphanistrum
3091277553,1,9,26,3091277553,3091277553,ASC,S. Gregorich,1964-03-30,90,90,1964,3,30,NA,California,San Diego,NA,"Below Wesley Palms, about 3/4 mile northeast of Pacific Beach",32.8158,-117.205879,3177.0,Raphanus sativus L.,sativus
3865378429,1,9,33,3865378429,3865378429,PH,J. Bernard Brinton,1890-05-18,138,138,1890,5,18,May 18 1890,New Jersey,Atlantic,NA,Egg Harbor; 39.382771 -74.616592,39.382771,-74.616592,NA,Raphanus sativus L.,sativus
SML_1998789260,1,0,6,SML_1998789260,1998789260,GH,W. M. Benner,1931-07-13,194,194,1931,7,13,NA,Pennsylvania,Bucks County,NA,Bristol,NA,NA,NA,Raphanus sativus L.,sativus
4088570116,2,8,15,4088570116,4088570116,USMS,"Wooten, Jean",1975-04-06,96,96,1975,4,6,4/6/1975,Mississippi,Pike,NA,"2 mi NW of Holmesville, Tuckers farm; 31.224035 -90.332704",31.224035,-90.332704,1541.0,Raphanus raphanistrum L.,raphanistrum
2413154423,1,2,1,2413154423,2413154423,LOB,Janet L. Kirchner; Janet K. Warter,1959-06,NA,NA,1959,6,NA,June 1959,Pennsylvania,Westmoreland,NA,Jamison reservoir area,40.320877,-79.478353,2247.0,Raphanus raphanistrum L.,raphanistrum
3897882379,7,4,12,3897882379,3897882379,CHRB,NA,NA,NA,NA,NA,NA,NA,NA,New Jersey,Somerset,NA,NA,NA,NA,NA,Raphanus raphanistrum L.,raphanistrum
3865374373,3,3,3,3865374373,3865374373,PH,Rachel L. Bodley,1871-06-01,152,152,1871,6,1,6/1/1871,New York,NA,NA,Cayuga Lake; 42.67602 -76.691306,42.67602,-76.691306,29360.0,Raphanus raphanistrum L.,raphanistrum
3496963332,0,6,3,3496963332,3496963332,ODU,Danhof F. VanDyck,1968-06-04,156,156,1968,6,4,NA,Virginia,Norfolk City,NA,Wards Corner between I-64 and cemetery on Granby Street,36.923808,-76.269091,784.0,Raphanus raphanistrum L.,raphanistrum
SML_2575052218,0,1,0,SML_2575052218,2575052218,NEBC,S. K. Harris,1968-06-26,178,178,1968,6,26,NA,New Hampshire,Carroll County,South Chatham,[no additional data],NA,NA,NA,Raphanus raphanistrum L.,raphanistrum
2430449182,1,2,0,2430449182,2430449182,RSA,Jack Rempel,1932-03-27,87,87,1932,3,27,3-27-32,California,Los Angeles,NA,El Segundo.,NA,NA,NA,Raphanus sativus L.,sativus
2825495297,2,4,16,2825495297,2825495297,NCSM,"McMillan, Patrick D.",1999-02-12,43,43,1999,2,12,NA,North Carolina,Johnston,NA,"Thanksgiving V.F.D. Rd., 1.3 miles north of intersection with NC 42",35.675841,-78.311153,200.0,Raphanus raphanistrum L.,raphanistrum
3469990117,1,9,15,3469990117,3469990117,NO,Raymond J. Dobbs,1924-04-20,111,111,1924,4,20,NA,California,Los Angeles,NA,NA,NA,NA,NA,Raphanus sativus L.,sativus
3865380406,0,0,5,3865380406,3865380406,PH,J.W. Harshberger,1894-08,NA,NA,1894,8,NA,Aug 1894,Maryland,Washington,NA,Hagerstown,39.641763,-77.719993,5798.0,Raphanus sativus L.,sativus
4851194746,0,0,24,4851194746,4851194746,WS,Walter Fertig,2022-06-28,179,179,2022,6,28,NA,Washington,Thurston,NA,"Puget Trough ecoregion: Flying J Truck Stop, east side of south-bound Interstate 5 south of 93rd Avenue (Lathrop Road). T17N R2W S21 NE4 NW4.",46.952311,-122.941353,NA,Raphanus sativus L.,sativus
3496963345,4,22,5,3496963345,3496963345,ODU,Michael N. Huff,1970-04-22,112,112,1970,4,22,NA,Virginia,Portsmouth City,NA,Near lake at Portsmouth Estates,NA,NA,NA,Raphanus raphanistrum subsp. sativus (L.) Domin,raphanistrum
5068461202,0,1,4,5068461202,5068461202,NTSC,B. B. Harris,1931-05-15,135,135,1931,5,15,NA,Texas,Denton,NA,[No additional locality data on sheet],NA,NA,NA,Raphanus sativus L.,sativus
2234332088,0,0,48,2234332088,2234332088,NCU,NA,NA,NA,NA,NA,NA,NA,NA,North Carolina,Onslow,NA,NA,NA,NA,NA,Raphanus raphanistrum L.,raphanistrum
4075454238,3,4,8,4075454238,4075454238,DOV,Merritt J. Murray,1932-10-23,297,297,1932,10,23,10/23/32,New York,Suffolk,NA,Cold Spring Harbor,NA,NA,NA,Raphanus raphanistrum L.,raphanistrum
3470668808,3,5,3,3470668808,3470668808,CAU,J. Christopher Havran,2014-09-30,273,273,2014,9,30,NA,North Carolina,Harnett,Buies Creek,Campbell University Campus. Across street (T.T. Lanier Exd) from McLamb Environmental Science Building.,35.410819,-78.74325,NA,Raphanus raphanistrum L.,raphanistrum
4088570161,4,5,3,4088570161,4088570161,USMS,"Rominger, James M.",1968-04-05,96,96,1968,4,5,NA,California,San Luis Obispo,NA,Near Morro Bay Hwy. 41,35.404015,-120.819002,10208.0,Raphanus sativus L.,sativus
2234329914,1,8,22,2234329914,2234329914,NCU,NA,NA,NA,NA,NA,NA,NA,NA,North Carolina,Hyde,NA,NA,NA,NA,NA,Raphanus raphanistrum L.,raphanistrum
2512761027,1,5,7,2512761027,2512761027,US,J. Blake,1851-07,NA,NA,1851,7,NA,NA,Maine,NA,NA,Station: Cumberland.,39.65053,-78.75794,40,Raphanus raphanistrum L.,raphanistrum
3820607987,0,22,23,3820607987,3820607987,OSU,Richard R. Halse,2014-07-21,202,202,2014,7,21,NA,Oregon,Coos,NA,Just south of Bandon along Mars Lane by its intersection with Rohrer Road.,43.087215,-124.432799,805.0,Raphanus sativus L.,sativus
2573101872,0,0,1,2573101872,2573101872,VT,NA,NA,NA,NA,NA,NA,NA,NA,Vermont,Rutland,Middletown Springs,NA,43.48474,-73.12664,6206.0,Raphanus raphanistrum L.,raphanistrum
2234331098,1,5,9,2234331098,2234331098,NCU,NA,NA,NA,NA,NA,NA,NA,NA,North Carolina,Mitchell,NA,NA,NA,NA,NA,Raphanus sativus L.,sativus
5067924815,2,5,32,5067924815,5067924815,University of New Hampshire,A. R. Hodgdon,1958-06-30,181,181,1958,6,30,NA,New Hampshire,Rockingham,Auburn,"roadside along Route 4, near Webster School",42.99064,-71.34383,7396.0,Raphanus raphanistrum L.,raphanistrum
3865107321,0,3,5,3865107321,3865107321,PH,Bayard Long,1924-05-31,152,152,1924,5,31,NA,Pennsylvania,Bucks,NA,Bristol,40.100666,-74.851831,2062.0,Raphanus raphanistrum L.,raphanistrum
2430552658,0,2,1,2430552658,2430552658,RSA,Matt Brooks,1988-05-01,122,122,1988,5,1,1 May 1988,California,Los Angeles,NA,"Whittier, Skyline Equestrian trail 1.1 miles south of its intersection with Turnbull Canyon Rd.",NA,NA,NA,Raphanus sativus L.,sativus
1998980193,2,1,2,1998980193,1998980193,NEBC,W. H. Manning,1882-08-05,217,217,1882,8,5,"Aug. 5, '82",Massachusetts,Suffolk County,Boston,Boston,NA,NA,NA,Raphanus raphanistrum L.,raphanistrum
2573494904,1,4,2,2573494904,2573494904,COLO,NA,NA,NA,NA,NA,NA,NA,NA,California,Los Angeles,NA,NA,NA,NA,NA,Raphanus sativus L.,sativus
3925803544,0,3,15,3925803544,3925803544,MISS,Ken E. Rogers,1971-03-30,89,89,1971,3,30,3/30/1971,Mississippi,Forrest,NA,Ragland Hills,NA,NA,NA,Raphanus raphanistrum L.,raphanistrum
3865362268,2,3,5,3865362268,3865362268,PH,Thomas C. Porter,1894-07-05,186,186,1894,7,5,NA,Pennsylvania,Northampton,NA,Bangor,40.865652,-75.206568,1670.0,Raphanus sativus L.,sativus
3969592824,1,3,1,3969592824,3969592824,BRIT,NA,NA,NA,NA,NA,NA,NA,NA,NA,NA,NA,NA,NA,NA,NA,Raphanus sativus L.,sativus
2242465374,2,5,10,2242465374,2242465374,USF,S. Myers,2018-03-13,72,72,2018,3,13,NA,Florida,Bay Co.,NA,"FL 77, Lynn Haven.",30.2272,-85.6494,NA,Raphanus raphanistrum L.,raphanistrum
2234331309,0,1,13,2234331309,2234331309,NCU,NA,NA,NA,NA,NA,NA,NA,NA,North Carolina,Catawba,NA,NA,NA,NA,NA,Raphanus raphanistrum L.,raphanistrum
3344481285,0,8,7,3344481285,3344481285,CLEMS,"Forand, A.",2012-03-29,89,89,2012,3,29,NA,South Carolina,Pickens,NA,(CXF) Clemson Experimental Forest. East Dam Ravines Natural Division (#4). Alongside the 3rd creek bed.,34.735833,-82.844722,NA,Raphanus sativus L.,sativus
5067923811,0,1,66,5067923811,5067923811,University of New Hampshire,A. S. Pease,1954-09-01,244,244,1954,9,1,NA,New Hampshire,Coos,Lancaster,Garden Weed,44.47513,-71.54769,10033.0,Raphanus raphanistrum L.,raphanistrum
1998604240,0,9,6,1998604240,1998604240,NEBC,M. B. Simmons,NA,NA,NA,NA,NA,NA,Oct. or Sept. '97,Rhode Island,Newport County,Jamestown,Jamestown,NA,NA,NA,Raphanus sativus L.,sativus
5103889408,7,5,5,5103889408,5103889408,WILLI,"Riffle, Michael S.",1984-03,NA,NA,1984,3,NA,NA,Florida,Alachua,NA,"U.F. camps, Gainesville, beside Hull Rd. 2 mi east of 34th street.",29.63975,-82.34903,2200,Raphanus raphanistrum L.,raphanistrum
2234331470,3,0,3,2234331470,2234331470,NCU,NA,NA,NA,NA,NA,NA,NA,NA,South Carolina,Marlboro,NA,NA,NA,NA,NA,Raphanus raphanistrum L.,raphanistrum
3897880734,2,1,7,3897880734,3897880734,CHRB,NA,NA,NA,NA,NA,NA,NA,NA,New Jersey,Monmouth,NA,NA,NA,NA,NA,Raphanus raphanistrum L.,raphanistrum
3469834017,4,14,13,3469834017,3469834017,LSU,R. Dale Thomas,1990-04-17,107,107,1990,4,17,NA,Louisiana,Madison,NA,NA,NA,NA,NA,Raphanus raphanistrum L.,raphanistrum
2234491251,1,1,1,2234491251,2234491251,NCU,"Peifer, Mark",2017-02-21,52,52,2017,2,21,NA,North Carolina,Orange,NA,"Medical Drive, University of North Carolina at Chapel Hill campus",35.906928,-79.051681,100.0,Raphanus raphanistrum L.,raphanistrum
5171830342,5,31,25,5171830342,5171830342,RSA,Richard R. Halse,2020-09-28,272,272,2020,9,28,28 Sept 2020,Oregon,Benton,NA,Along Old River Road one mile east of its junction with State Hwy. 99W north of Monroe.,44.37825,-123.26903,NA,Raphanus raphanistrum L.,raphanistrum
3897880671,9,6,6,3897880671,3897880671,CHRB,NA,NA,NA,NA,NA,NA,NA,NA,New Jersey,Camden,NA,NA,NA,NA,NA,Raphanus raphanistrum L.,raphanistrum
5074461238,2,1,2,5074461238,5074461238,University of Rhode Island,Muenscher; Palmatier;Ford,1940-06-11,163,163,1940,6,11,NA,New York,NA,NA,"Tioaghnioga River, north of Marathon, N.Y.",NA,NA,NA,Raphanus raphanistrum L.,raphanistrum
CDA-0003832,0,6,19,CDA-0003832,3059684548,CDA,D.G. Kelch; A.G. Murdock,2005-06-17,168,168,2005,6,17,6/17/2005,California,Solano,NA,Southwest corner of Mare Island. Carquinez Strait.,38.07,-122.26,NA,Raphanus sativus L.,sativus
2452243672,2,0,12,2452243672,2452243672,US,C. L. Pollard,1894-06-05,156,156,1894,6,5,NA,Connecticut,NA,NA,"The Vicinity of Green's Farms, Conn.",41.12696,-73.31896,2350,Raphanus raphanistrum L.,raphanistrum
2234309419,0,0,8,2234309419,2234309419,NCU,"Ahles, Harry E.; Haesloop, John G.",1959-05-27,147,147,1959,5,27,NA,South Carolina,Florence,NA,"around the Wellman Wool Combing Mill, north of Johnsonville on S.C. Rt. #41.",33.836659,-79.441989,1000.0,Raphanus L.,NA
5103880296,0,0,40,5103880296,5103880296,WILLI,"Baldwin, Patrick",1995-05-08,128,128,1995,5,8,NA,Virginia,Hampton City,NA,Sandy Bottom Nature Park (entire),37.067222,-76.439272,1400.0,Raphanus raphanistrum L.,raphanistrum
3969864028,4,3,15,3969864028,3969864028,BRIT,NA,NA,NA,NA,NA,NA,NA,NA,NA,NA,NA,NA,NA,NA,NA,Raphanus sativus L.,sativus
2573116026,1,3,21,2573116026,2573116026,VT,NA,NA,NA,NA,NA,NA,NA,NA,Vermont,NA,Mount Holly,NA,43.42917,-72.80459,8911.0,Raphanus raphanistrum L.,raphanistrum
5072733440,2,16,8,5072733440,5072733440,PEMB,NA,NA,NA,NA,NA,NA,NA,NA,North Carolina,Robeson,NA,NA,NA,NA,NA,Raphanus raphanistrum L.,raphanistrum
4912153305,0,8,27,4912153305,4912153305,BRY,K. Dobry,1991-06-13,164,164,1991,6,13,1991-6-13,California,Los Angeles,NA,"SW section of Soka University, Los Vergenes Road and Mulholland Hwy. Santa Monica Mountains.",34.1035,-118.71151,NA,Raphanus sativus L.,sativus
4075454279,3,8,0,4075454279,4075454279,DOV,Paul Redmond,1931-06-10,161,161,1931,6,10,"June 10, 1931",Maryland,Worcester,NA,near Berlin,38.32556,-75.21658,4000,Raphanus sativus L.,sativus
3865363253,0,2,17,3865363253,3865363253,PH,Elizabeth C. Earle,1943-10-02,275,275,1943,10,2,October 2 1943,Maryland,Talbot,NA,1.5 mi SSW of Unionville,38.79313,-76.1492,900,Raphanus raphanistrum L.,raphanistrum
3897880688,0,4,1,3897880688,3897880688,CHRB,NA,NA,NA,NA,NA,NA,NA,NA,New Jersey,Mercer,NA,NA,NA,NA,NA,Raphanus raphanistrum L.,raphanistrum
3865092213,0,0,6,3865092213,3865092213,PH,Carrie A. Boice,1879-07-31,212,212,1879,7,31,July 31 1879,New Jersey,Camden,NA,Camden,39.925946,-75.11962,5541.0,Raphanus raphanistrum L.,raphanistrum
1998844942,0,2,15,1998844942,1998844942,NEBC,W. Deane,1918-08-07,219,219,1918,8,7,"Aug. 7, 1918",New Hampshire,Coos County,Shelburne,Shelburne,NA,NA,NA,Raphanus raphanistrum L.,raphanistrum
4601577309,3,9,41,4601577309,4601577309,DOV,Roy D. Thomas,2000-03-14,74,74,2000,3,14,14 March 2000,Louisiana,Winn,NA,N of La. 156 at the E edge of the town of Calvin.,31.97048,-92.75419,800,Raphanus raphanistrum L.,raphanistrum
1998667810,0,0,17,1998667810,1998667810,GH,J. R. Churchill,1898-08-09,221,221,1898,8,9,Aug. 9 1898,Massachusetts,Berkshire County,Williamstown,Williamstown,NA,NA,NA,Raphanus sativus L.,sativus
3969684008,0,4,1,3969684008,3969684008,BRIT,NA,NA,NA,NA,NA,NA,NA,NA,NA,NA,NA,NA,NA,NA,NA,Raphanus sativus L.,sativus
2859370848,0,0,20,2859370848,2859370848,CM,"Neale, A.",1927-08-25,237,237,1927,8,25,25 Aug 1927,Pennsylvania,Armstrong,NA,Kittanning,40.82246,-79.52733,2108.0,Raphanus sativus L.,sativus
4101879462,4,14,18,4101879462,4101879462,BRIT,NA,NA,NA,NA,NA,NA,NA,NA,California,Orange,NA,NA,NA,NA,NA,Raphanus sativus L.,sativus
5067927813,1,5,6,5067927813,5067927813,University of New Hampshire,E. J. Hehre,1965-06-17,168,168,1965,6,17,NA,New Hampshire,Strafford,Madbury,just north of Hicks Hill,43.17479,-70.94086,8758.0,Raphanus raphanistrum L.,raphanistrum
5070543296,1,6,6,5070543296,5070543296,BALT,Wanda J. Reed,1984-07-07,189,189,1984,7,7,7/7/1984,Maryland,Baltimore,NA,White Marsh,39.38016,-76.4626,3400,Raphanus sativus L.,sativus
1998612855,0,24,17,1998612855,1998612855,GH,E. F. Williams,1910-07-13,194,194,1910,7,13,"July 13, 1910",New Hampshire,Grafton County,Hanover,Hanover,NA,NA,NA,Raphanus raphanistrum L.,raphanistrum
3820615943,1,7,30,3820615943,3820615943,OSU,Orlin L. Ireland,1934-04-27,117,117,1934,4,27,NA,Oregon,Lane,NA,"Near Willamette River, Eugene.",44.05095,-123.0669,9656.0,Raphanus raphanistrum L.,raphanistrum
2573491881,0,10,38,2573491881,2573491881,COLO,NA,NA,NA,NA,NA,NA,NA,NA,South Carolina,Dillon,NA,NA,NA,NA,NA,Raphanus raphanistrum L.,raphanistrum
2234331061,1,4,7,2234331061,2234331061,NCU,"North, D.",1975-11-11,315,315,1975,11,11,NA,North Carolina,Orange,NA,NA,NA,NA,NA,Raphanus raphanistrum L.,raphanistrum
3865377302,3,4,13,3865377302,3865377302,PH,A. Commons,1891-09-29,272,272,1891,9,29,NA,Delaware,New Castle,NA,Elsmere,39.73823,-75.59472,1200,Raphanus raphanistrum L.,raphanistrum
2430388402,0,4,25,2430388402,2430388402,RSA,E. R. Blakley,1960-04-05,96,96,1960,4,5,"April 5-10, 1960",California,Santa Barbara,NA,"Beach bluffs at the Vail Ranch headquaters, Santa Rosa Island",34.0073,-120.04943,160.0,Raphanus raphanistrum L.,raphanistrum
2430037612,1,20,9,2430037612,2430037612,RSA,E. C. Twisselmann,1957-03-27,86,86,1957,3,27,"March 27, 1957.",California,Kern,NA,"Bear Mtn Blvd, 5.3 miles E of Arvin.",NA,NA,NA,Raphanus sativus L.,sativus
5072730542,1,13,52,5072730542,5072730542,PEMB,NA,NA,NA,NA,NA,NA,NA,NA,North Carolina,Robeson,NA,NA,NA,NA,NA,Raphanus raphanistrum L.,raphanistrum
3744713803,1,21,22,3744713803,3744713803,UNA,Rebecca Deramus,1967-03-26,85,85,1967,3,26,3/26/1967,Alabama,Mobile,NA,"Narvaez St., N of Bienville Blvd., Dauphin Island",30.25,-88.11,NA,Raphanus sativus L.,sativus
1999321755,4,6,15,1999321755,1999321755,GH,F. C. Seymour,1913-09-18,261,261,1913,9,18,18 Sept. 1913,Massachusetts,Hampden County,Granville,Granville,NA,NA,NA,Raphanus raphanistrum L.,raphanistrum
2573522291,2,10,4,2573522291,2573522291,COLO,NA,NA,NA,NA,NA,NA,NA,NA,California,Santa Barbara,NA,NA,NA,NA,NA,Raphanus sativus L.,sativus
5103895387,2,10,3,5103895387,5103895387,WILLI,"Barans, Allene",1968-05-23,144,144,1968,5,23,NA,Virginia,James City,NA,"The College Woods, The College of William and Mary",37.270762,-76.728565,1186.0,Raphanus raphanistrum L.,raphanistrum
3865375344,1,2,1,3865375344,3865375344,PH,Bayard Long,1952-05-11,132,132,1952,5,11,May 11 1952,New Jersey,Middlesex,NA,1 mi NE of Cranbury,40.326467,-74.500324,992.0,Raphanus raphanistrum L.,raphanistrum
5068482928,0,8,37,5068482928,5068482928,USCS,NA,NA,NA,NA,NA,NA,NA,NA,South Carolina,York,NA,NA,NA,NA,NA,Raphanus raphanistrum L.,raphanistrum
3865096293,0,4,20,3865096293,3865096293,PH,Hugh E. Stone,1925-06-14,165,165,1925,6,14,June 14 1925,New Jersey,Ocean,NA,Bayhead; 40.0667 -74.05,40.0667,-74.05,754.0,Raphanus raphanistrum L.,raphanistrum
5072730539,2,18,29,5072730539,5072730539,PEMB,NA,NA,NA,NA,NA,NA,NA,NA,North Carolina,Robeson,NA,NA,NA,NA,NA,Raphanus raphanistrum L.,raphanistrum
3865094241,0,3,0,3865094241,3865094241,PH,Dorothy Richman Wade; Douglas E. Wade,1939-06-14,165,165,1939,6,14,"June 14, 1939",Pennsylvania,Snyder,NA,"0.75 mi. NW of Penns Creek, P.O.",40.867489,-77.065416,1979.0,Raphanus raphanistrum L.,raphanistrum
2859334852,1,7,1,2859334852,2859334852,CM,"Bright, J.",1912-08-23,236,236,1912,8,23,23 Aug 1912,Pennsylvania,Allegheny,NA,Glenshaw,40.5363,-79.96742,3024.0,Raphanus sativus L.,sativus
4134266503,3,1,0,4134266503,4134266503,LYN,NA,NA,NA,NA,NA,NA,NA,NA,Virginia,Suffolk City,NA,NA,NA,NA,NA,Raphanus raphanistrum L.,raphanistrum
5103856826,1,3,0,5103856826,5103856826,WILLI,"Salle, Emily D",1971-06-21,172,172,1971,6,21,NA,Virginia,York,NA,bank of York River 300 yds of Felgate's Creek on N side of Yorktown Colonial Parkway,37.256235,-76.582358,2000.0,Raphanus raphanistrum L.,raphanistrum
3865364294,1,0,4,3865364294,3865364294,PH,Edgar T. Wherry,1950-07-30,211,211,1950,7,30,NA,Pennsylvania,Bucks,NA,0.5 mi. N of Brownsburg,40.323816,-74.921335,575.0,Raphanus raphanistrum L.,raphanistrum
3820618824,1,7,41,3820618824,3820618824,OSU,Richard R. Halse,2020-09-28,272,272,2020,9,28,28 Sept 2020,Oregon,Benton,NA,Along Old River Road one mile east of its junction with State Hwy. 99W north of Monroe,44.37825,-123.26903,NA,Raphanus raphanistrum L.,raphanistrum
1999280791,0,7,9,1999280791,1999280791,NEBC,A. S. Pease,1957-08-24,236,236,1957,8,24,"24 Aug., 1957",New Hampshire,Coos County,Stark,Stark,NA,NA,NA,Raphanus raphanistrum L.,raphanistrum
2515500059,0,0,6,2515500059,2515500059,NA,Rietsema J,NA,NA,NA,NA,NA,NA,NA,NA,NA,NA,"Flora Americae Boreais. Maine. Washington. Pery, Passamgurdoly Bay.",NA,NA,NA,Rapistrum raphanistrum (L.) Crantz,raphanistrum
5067926812,1,0,26,5067926812,5067926812,University of New Hampshire,A. R. Hodgdon,1937-06-19,170,170,1937,6,19,NA,New Hampshire,Strafford,Durham,old field,43.11743,-70.91946,6339.0,Raphanus raphanistrum L.,raphanistrum
3744713784,1,0,18,3744713784,3744713784,UNA,Alvin R. Diamond,2005-01-01,1,1,2005,1,1,1/1/2005,Alabama,Dale,NA,AL 123 at intersection w/ Co Hwy 55. Pinckard Quad,31.28,-85.61,NA,Raphanus raphanistrum L.,raphanistrum
5106272734,0,1,1,5106272734,5106272734,UNCC,NA,NA,NA,NA,NA,NA,NA,NA,North Carolina,Mecklenburg,NA,NA,NA,NA,NA,Raphanus raphanistrum subsp. raphanistrum,raphanistrum
5103889465,0,3,25,5103889465,5103889465,WILLI,"Thomas, Dale R",1984-05-08,129,129,1984,5,8,NA,Louisiana,Richland,NA,South of La. 15 on Richland Plantation 1.5 miles west of Rhymes and L. 133.,32.37786,-91.92486,1500,Raphanus raphanistrum L.,raphanistrum
4101885510,2,0,11,4101885510,4101885510,BRIT,NA,NA,NA,NA,NA,NA,NA,NA,Mississippi,Scott,NA,NA,NA,NA,NA,Raphanus raphanistrum L.,raphanistrum
3331188457,1,4,9,3331188457,3331188457,MVSC,Mary Emma Groff,1961-07-25,206,206,1961,7,25,1961-07-25,Pennsylvania,Lancaster County,NA,RR between Shenks Ferry and Pequea,39.88806,-76.3675,NA,Raphanus raphanistrum L.,raphanistrum
5067925814,2,0,30,5067925814,5067925814,University of New Hampshire,C. F. Batchelder,1913-08-13,225,225,1913,8,13,NA,New Hampshire,Hillsborough,Peterborough,open roadside,42.89051,-71.93935,7291.0,Raphanus raphanistrum L.,raphanistrum
4102218533,1,12,41,4102218533,4102218533,BRIT,NA,NA,NA,NA,NA,NA,NA,NA,California,Riverside,NA,NA,NA,NA,NA,Raphanus sativus L.,sativus
3969778961,1,0,8,3969778961,3969778961,BRIT,NA,NA,NA,NA,NA,NA,NA,NA,NA,NA,NA,NA,NA,NA,NA,Raphanus sativus L.,sativus
3091277621,3,5,19,3091277621,3091277621,ASC,D. Walter; V. Walter,1985-04-28,118,118,1985,4,28,28/04/1985,California,San Bernardino,NA,"Oak Glen Road, NE of Yucaipa, 1.5 mi from Bryant Street.",34.033625,-117.043086,9270.0,Raphanus sativus L.,sativus
3969781017,2,4,10,3969781017,3969781017,BRIT,NA,NA,NA,NA,NA,NA,NA,NA,NA,NA,NA,NA,NA,NA,NA,Raphanus sativus L.,sativus
3969795111,2,10,14,3969795111,3969795111,BRIT,NA,NA,NA,NA,NA,NA,NA,NA,NA,NA,NA,NA,NA,NA,NA,Raphanus raphanistrum L.,raphanistrum
1998801349,1,2,23,1998801349,1998801349,GH,E. F. Williams,1903-09-27,270,270,1903,9,27,Sept. 27. 1903,Rhode Island,Newport County,Tiverton,Tiverton,NA,NA,NA,Raphanus raphanistrum L.,raphanistrum
5067939421,4,6,4,5067939421,5067939421,University of New Hampshire,L. J. Mehrhoff,1972-07-27,209,209,1972,7,27,NA,New Hampshire,Grafton,Holderness,"Squam Lakes Science Center, outside Merril's House",43.75024,-71.58847,8005.0,Raphanus raphanistrum L.,raphanistrum
5074461243,0,1,4,5074461243,5074461243,University of Rhode Island,C. Belin,1975-09,NA,NA,1975,9,NA,NA,NA,NA,NA,NA,NA,NA,NA,Raphanus raphanistrum L.,raphanistrum
2807518089,1,13,8,2807518089,2807518089,PRC,Alfred Traverse,1960-04-23,114,114,1960,4,23,NA,Texas,Harris,NA,"Houston (Spring Branch), 1428 Adkins Road. Flowerbed, E side of house.",NA,NA,NA,Raphanus sativus L.,sativus
5068043248,0,0,49,5068043248,5068043248,Keene State University,David Edward Boufford,1970-07-29,210,210,1970,7,29,NA,New Hampshire,Cheshire,Swanzey,NA,42.8625,-72.29601,7787.0,Raphanus raphanistrum L.,raphanistrum
3865101236,0,4,41,3865101236,3865101236,PH,"Robert L. Schaeffer, Jr.",1941-07-14,195,195,1941,7,14,NA,Pennsylvania,Northampton,NA,0.25 mi. N of Walnutport,40.757885,-75.598797,864.0,Raphanus sativus L.,sativus
3496963410,1,6,0,3496963410,3496963410,ODU,George Dulpa,1978-04-04,94,94,1978,4,4,NA,Virginia,Virginia Beach City,NA,"Mill Landing Road, Back Bay",36.643638,-76.010691,2193.0,Raphanus raphanistrum L.,raphanistrum
3820738935,0,1,0,3820738935,3820738935,OSU,Myrtle Burnap,1906-05-02,122,122,1906,5,2,NA,Oregon,Benton,NA,Corvallis,44.5647,-123.2608,4828.0,Raphanus sativus L.,sativus
3744713792,0,11,4,3744713792,3744713792,UNA,Alvin R. Diamond,2002-02-02,33,33,2002,2,2,2/2/2002,Alabama,Covington,NA,"US Hwy 84 at railroad in River Falls, S of the road, W of tracks T4N R15E S3",31.34,-86.53,NA,Raphanus raphanistrum L.,raphanistrum
2859373862,0,5,1,2859373862,2859373862,CM,"Buker, W.E.",1945-07-21,202,202,1945,7,21,21 Jul 1945,Pennsylvania,Venango,NA,"5 mi NE of Lisbon, along Allegheny River below Truetts",41.19653,-79.79427,10419.0,Raphanus raphanistrum L.,raphanistrum
3865108369,0,1,15,3865108369,3865108369,PH,W.L. Dix,1958-11-12,316,316,1958,11,12,NA,Pennsylvania,Bucks,NA,1 mi. SW of Morrisville,40.198398,-74.788038,1119.0,Raphanus raphanistrum L.,raphanistrum
2234329345,1,4,25,2234329345,2234329345,NCU,NA,NA,NA,NA,NA,NA,NA,NA,North Carolina,Rockingham,NA,NA,NA,NA,NA,Raphanus raphanistrum L.,raphanistrum
3865097247,0,10,6,3865097247,3865097247,PH,Thomas Seal,1883-07-03,184,184,1883,7,3,NA,Pennsylvania,Chester,NA,Unionville,39.895387,-75.734384,3095.0,Raphanus sativus L.,sativus
3709848955,4,14,55,3709848955,3709848955,GA,NA,NA,NA,NA,NA,NA,NA,NA,Alabama,Geneva County,NA,"Geneva County, AL",31.0451,-85.87446,2500,Raphanus raphanistrum L.,raphanistrum
1998950073,0,0,26,1998950073,1998950073,NEBC,W. Deane,1918-08-07,219,219,1918,8,7,"Aug. 7, 1918",New Hampshire,Coos County,Shelburne,Shelburne,NA,NA,NA,Raphanus raphanistrum L.,raphanistrum
2515436248,1,0,14,2515436248,2515436248,NA,Thomas RD,1984-05-08,129,129,1984,5,8,NA,NA,NA,NA,"Flora of Louisaina. Parish: Richland. Unplowed soybean field south of La. 15 on Richland Plantation, 1.5 miles west of Rhymes and La. 133, Sec. 10, T26N, R5E.",NA,NA,NA,Rapistrum raphanistrum (L.) Crantz,raphanistrum
2989913332,2,15,6,2989913332,2989913332,RSA,Joan Stewart,1992-02-17,48,48,1992,2,17,17 Feb 1992,California,Tulare,NA,Sierra Nevada; Southern Sierra Nevada: Hwy 190 above bridge.,NA,NA,NA,Raphanus L.,NA
3865096285,0,2,8,3865096285,3865096285,PH,Louise F. A. Tanger,1938-06-23,174,174,1938,6,23,NA,Pennsylvania,Lancaster,NA,0.5 mi. NE of Schoeneck,40.246605,-76.167402,592.0,Raphanus raphanistrum L.,raphanistrum
SML_3978755506,2,13,38,SML_3978755506,3978755506,BAYLU,R. Kral,1977-04-08,98,98,1977,4,8,NA,Georgia,Sumter,NA,"Sandy roadside, Leslie",32.042339,-84.236062,24109.0,Raphanus sativus L.,sativus
2992913303,0,11,19,2992913303,2992913303,USF,R. J. Barr,1967-05-11,131,131,1967,5,11,NA,California,Orange Co.,NA,"El Toro Road E of El Toro, Santa Ana Mountains.",33.4167,-116.133,NA,Raphanus sativus L.,sativus
5067915325,1,0,3,5067915325,5067915325,University of New Hampshire,W. F. Nichols; V. C. Nichols Sr.,2006-08-31,243,243,2006,8,31,NA,New Hampshire,Rockingham,Rye,Star Island,43.01408,-70.76224,5957.0,Raphanus raphanistrum L.,raphanistrum
3865378425,0,4,6,3865378425,3865378425,PH,"Robert L. Schaeffer, Jr.",1950-08-28,240,240,1950,8,28,NA,Pennsylvania,Lehigh,NA,1 mi. NE of Leather Corner Post,40.631176,-75.624743,1043.0,Raphanus sativus L.,sativus
2573522511,2,2,11,2573522511,2573522511,COLO,NA,NA,NA,NA,NA,NA,NA,NA,New York,Richmond,NA,NA,NA,NA,NA,Raphanus raphanistrum L.,raphanistrum
5011564406,1,3,4,5011564406,5011564406,CCUH,"Smith, Linda",1979-03-14,73,73,1979,3,14,NA,South Carolina,Horry,NA,NA,NA,NA,NA,Raphanus raphanistrum L.,raphanistrum
2270489880,1,3,5,2270489880,2270489880,ASU,Ken E. Rogers,1972-07-19,201,201,1972,7,19,"July 19, 1972",Mississippi,Forrest,Hattiesburg,"Hattiesburg, Forrest County",31.315833,-89.308611,10000.0,Raphanus sativus L.,sativus
5070543329,0,2,3,5070543329,5070543329,BALT,NA,NA,NA,NA,NA,NA,NA,NA,NA,NA,NA,NA,NA,NA,NA,Raphanus L.,NA
3331181566,1,1,3,3331181566,3331181566,MVSC,J.M. Rominger,1967-03-03,62,62,1967,3,3,1967-03-03,California,Ventura Co.,NA,"5 mi W of Filmore, CA",34.388881,-118.97081,5000.0,Raphanus sativus L.,sativus
3709897885,6,9,1,3709897885,3709897885,GA,NA,NA,NA,NA,NA,NA,NA,NA,New Hampshire,Rockingham County,NA,"Rockingham County, NH",NA,NA,NA,Raphanus raphanistrum L.,raphanistrum
2234332064,0,9,13,2234332064,2234332064,NCU,NA,NA,NA,NA,NA,NA,NA,NA,South Carolina,Aiken,NA,NA,NA,NA,NA,Raphanus raphanistrum L.,raphanistrum
3865380405,0,1,5,3865380405,3865380405,PH,"Robert L. Schaeffer, Jr.",1946-07-19,200,200,1946,7,19,NA,Pennsylvania,Northampton,NA,just S of Glendon,40.662587,-75.23601,475.0,Raphanus sativus L.,sativus
SML_5083369513,1,2,10,SML_5083369513,5083369513,NEBC,"A. W. Milby, J. K. Mitchell & J. M. Echeverría",2024-09-28,272,272,2024,9,28,NA,Maine,Waldo County,Searsport,"Sears Island, NW 1/4",44.44799,-68.8813,1000,Raphanus raphanistrum L.,raphanistrum
5067924816,6,6,24,5067924816,5067924816,University of New Hampshire,C. F. Batchelder,1913-08-30,242,242,1913,8,30,NA,New Hampshire,Hillsborough,Peterborough,open roadside,42.89051,-71.93935,7291.0,Raphanus raphanistrum L.,raphanistrum
2413154142,1,25,16,2413154142,2413154142,LOB,DeBoyd L. Smith,1965-04-24,114,114,1965,4,24,"April 24, 1956",NA,NA,NA,Campus L.B.S.C.,33.783692,-118.113697,565.0,Raphanus sativus L.,sativus
SML_5198218870,0,0,14,SML_5198218870,5198218870,CAS,"Suksdorf, Wilhelm N.",1900-06-04,155,155,1900,6,4,"June 4, 1900",Washington,Klickitat County,NA,Bingen (From the Bottomlands).,NA,NA,NA,Raphanus sativus L.,sativus
3865107322,0,0,8,3865107322,3865107322,PH,David Berkheimer,1944-07-20,202,202,1944,7,20,NA,Pennsylvania,Montgomery,NA,0.25 mi. SW of Glasgow,40.261145,-75.664099,380.0,Raphanus raphanistrum L.,raphanistrum
1999041745,0,3,3,1999041745,1999041745,NEBC,R. C. Bean,1916-10-08,282,282,1916,10,8,"Oct. 8, 1916",Massachusetts,Middlesex County,Wakefield,Wakefield,42.50164,-71.05913,3000,Raphanus sativus L.,sativus
3865380393,4,8,0,3865380393,3865380393,PH,C. P. Brown,1905-04-04,94,94,1905,4,4,4/4 1905,Pennsylvania,Chester,NA,Westtown Farm; Westtown Boarding School,39.933658,-75.555949,875.0,Raphanus L.,NA
1998633167,1,3,30,1998633167,1998633167,NEBC,[no data available],1907-10-12,285,285,1907,10,12,NA,Rhode Island,Kent County,Warwick,Warwick,NA,NA,NA,Raphanus raphanistrum L.,raphanistrum
3331186470,1,6,14,3331186470,3331186470,MVSC,Mary Emma Groff,1958-07-23,204,204,1958,7,23,1958-07-23,Delaware,Kent County,NA,Bombay Hook,39.35278,-75.49444,NA,Raphanus raphanistrum L.,raphanistrum
2430460223,2,13,8,2430460223,2430460223,RSA,Steve Boyd; Orlando Mistretta,1991-05-09,129,129,1991,5,9,"May 9, 1991",California,Orange,NA,"Crest of range at Oak Flat, SE of Sierra Peak, just West of Riverside County Line.",NA,NA,NA,Raphanus sativus L.,sativus
5067923812,0,1,4,5067923812,5067923812,University of New Hampshire,W. W. Eggleston,NA,NA,NA,NA,NA,NA,NA,New Hampshire,Grafton,Hanover,[no precise locality],43.71556,-72.19101,9733.0,Raphanus raphanistrum L.,raphanistrum
3969592827,1,7,0,3969592827,3969592827,BRIT,NA,NA,NA,NA,NA,NA,NA,NA,NA,NA,NA,NA,NA,NA,NA,Raphanus sativus L.,sativus
5159117472,4,14,18,5159117472,5159117472,CSCN,N. Duane Atwood,1993-03-26,85,85,1993,3,26,26 March 1993,California,Riverside,NA,6 miles NE of San Juan Capistrana along Hwy 74.,NA,NA,NA,Raphanus sativus L.,sativus
2514099464,1,0,12,2514099464,2514099464,NA,Brown HE,1987-06-11,162,162,1987,6,11,NA,NA,NA,NA,"California, collected north side Mt. Shasta, Siskiyou County.",NA,NA,NA,Raphanus raphanistrum L.,raphanistrum
3865376382,0,1,16,3865376382,3865376382,PH,Edgar T. Wherry,1953-06-10,161,161,1953,6,10,NA,Pennsylvania,Bucks,NA,0.5 mi. N of Brownsburg,40.323816,-74.921335,575.0,Raphanus raphanistrum L.,raphanistrum
3925803547,6,11,2,3925803547,3925803547,MISS,S. B. Jones,1966-04-30,120,120,1966,4,30,4/30/1966,Mississippi,Harrison,NA,Along Hwy 90 in Gulfport nr Beach.,NA,NA,NA,Raphanus raphanistrum L.,raphanistrum
2989940285,3,5,5,2989940285,2989940285,RSA,Kristina Sargeant,1992-04-04,95,95,1992,4,4,04 April 92,California,Los Angeles,NA,Flat lot on north side of Tetley St. approx. 200 ft east of intersection of Hacienda Blvd. and Tetley St. in Hacienda Heights.,NA,NA,NA,Raphanus sativus L.,sativus
3865373303,0,3,20,3865373303,3865373303,PH,Thomas C. Porter,1898-07-15,196,196,1898,7,15,NA,Pennsylvania,Northampton,NA,"Bushkill, Easton",40.702944,-75.252232,3314.0,Raphanus sativus L.,sativus
CDA-0003831,0,4,2,CDA-0003831,NA,NA,NA,NA,NA,NA,NA,NA,NA,NA,NA,NA,NA,NA,NA,NA,NA,NA,NA
2234328717,0,0,33,2234328717,2234328717,NCU,NA,NA,NA,NA,NA,NA,NA,NA,North Carolina,Columbus,NA,NA,NA,NA,NA,Raphanus raphanistrum L.,raphanistrum
3865092206,1,8,10,3865092206,3865092206,PH,"Robert L. Schaeffer, Jr.",1952-07-05,187,187,1952,7,5,NA,Pennsylvania,Lehigh,NA,1.5 mi. N of Germans Corners,NA,NA,NA,Raphanus raphanistrum L.,raphanistrum
3897880737,0,0,15,3897880737,3897880737,CHRB,NA,NA,NA,NA,NA,NA,NA,NA,New Jersey,Monmouth,NA,NA,NA,NA,NA,Raphanus raphanistrum L.,raphanistrum
2573489909,0,1,20,2573489909,2573489909,COLO,NA,NA,NA,NA,NA,NA,NA,NA,New York,Bronx,NA,NA,NA,NA,NA,Raphanus raphanistrum L.,raphanistrum
3357380603,0,4,2,3357380603,3357380603,GMUF,Ted Bradley,1981-08-01,213,213,1981,8,1,1 Aug 1981,Virginia,Loudoun,NA,"Along Potomac River at jct. of U.S. 340 and rte. 671, e. of Harper's Ferry, W. Va.",NA,NA,NA,Raphanus raphanistrum L.,raphanistrum
2859338848,2,10,5,2859338848,2859338848,CM,"Shafer, J.A.",1884-08-17,230,230,1884,8,17,17 Aug 1884,Pennsylvania,Allegheny,NA,"Pittsburgh, 18th Ward",40.421076,-80.002871,NA,Raphanus sativus L.,sativus
SML_3749287346,2,12,25,SML_3749287346,3749287346,NEBC,R. I. Bertin B. A. Trowbridge,2020-09-24,268,268,2020,9,24,NA,Massachusetts,Worcester County,Princeton,Wachusett Reservation,NA,NA,NA,Raphanus raphanistrum L.,raphanistrum
3344481290,10,12,4,3344481290,3344481290,CLEMS,"Payne, D.",2006-05-11,131,131,2006,5,11,NA,South Carolina,Beaufort,NA,At the on London Ave. at the corner at the SW corner of London Ave & 8th St. Town of Port Royal.,32.373389,-80.691056,NA,Raphanus sativus L.,sativus
2430196006,1,7,17,2430196006,2430196006,RSA,W. R. Ferren,1983-05-07,127,127,1983,5,7,7 May 1983,California,Santa Barbara,NA,La Purisima Mission State Historic Park: 2 km NE of Lompoc City Limit.,NA,NA,NA,Raphanus raphanistrum L.,raphanistrum
3820748835,4,22,4,3820748835,3820748835,OSU,Richard R. Halse,2020-09-28,272,272,2020,9,28,28 Sept 2020,Oregon,Benton,NA,Along Old River Road one mile east of its junction with State Hwy. 99W north of Monroe,44.37825,-123.26903,NA,Raphanus raphanistrum L.,raphanistrum
SML_1998850407,2,3,3,SML_1998850407,1998850407,ECON,O. Ames,1916-07,NA,NA,1916,7,NA,NA,Massachusetts,Bristol County,Easton,"Borderland, N. Easton",42.07479,-71.14571,1637m,Raphanus sativus L.,sativus
3496963491,3,8,1,3496963491,3496963491,ODU,Gisela Grimm; Becky White,1991-10-04,277,277,1991,10,4,NA,Virginia,Southampton,NA,"Rt. 611 at Joyners Bridge,",36.733483,-76.916627,211.0,Raphanus raphanistrum L.,raphanistrum
3469882089,3,8,17,3469882089,3469882089,NO,E. Sundell,1975-07-13,194,194,1975,7,13,NA,Vermont,Orange,NA,NA,NA,NA,NA,Raphanus L.,NA
CDA-0003827,0,11,28,CDA-0003827,NA,NA,NA,NA,NA,NA,NA,NA,NA,NA,NA,NA,NA,NA,NA,NA,NA,NA,NA
3865379348,0,0,12,3865379348,3865379348,PH,Otway H. Brown,1918-08-24,236,236,1918,8,24,Aug 24 1918,New Jersey,Cape May,NA,Cold Spring,38.9667,-74.9167,1264.0,Raphanus raphanistrum L.,raphanistrum
SML_1998567797,0,2,15,SML_1998567797,1998567797,ECON,D. A. Bissett,1912-10-01,275,275,1912,10,1,NA,Maryland,NA,NA,"Yarrow P.l. Garden, Rockville",NA,NA,NA,Raphanus sativus L.,sativus
4929697638,0,8,43,4929697638,4929697638,UF,Natalie M. Heaton;Colin Connealy,2023-04-25,115,115,2023,4,25,NA,Florida,Alachua,NA,NA,29.638642,-82.352501,NA,Raphanus raphanistrum L.,raphanistrum
2573115035,3,4,2,2573115035,2573115035,VT,NA,1981-06-06,157,157,1981,6,6,1981-6-6,Connecticut,New London,Stonington,NA,41.3683,-71.90669,8831.0,Raphanus raphanistrum L.,raphanistrum
3865363250,0,0,0,3865363250,3865363250,PH,Joel J. Carter,1863-06,NA,NA,1863,6,NA,NA,Pennsylvania,Chester,NA,Russelville,NA,NA,NA,Raphanus raphanistrum L.,raphanistrum
5103867657,2,18,18,5103867657,5103867657,WILLI,"Gray, Karen F",1971-04-14,104,104,1971,4,14,NA,Virginia,York,NA,beside Co Rt 646; 1 mi from jct with Rt 616; 5 mi W of Williamsburg,37.368236,-76.713777,2332.0,Raphanus raphanistrum L.,raphanistrum
4088570123,0,5,43,4088570123,4088570123,USMS,John R. MacDonald,1994-04-26,116,116,1994,4,26,4/26/1994,Mississippi,Monroe,NA,"roadside of US Hwy. 45 at 1.5 mi N of Lowndes Co. line, area of hwy. construction",33.689717,-88.435074,3136.0,Raphanus raphanistrum L.,raphanistrum
3865092210,0,0,8,3865092210,3865092210,PH,David Berkheimer,1964-07-21,203,203,1964,7,21,NA,Pennsylvania,Somerset,NA,2 mi E of Rummel,40.217848,-78.770116,785.0,Raphanus raphanistrum L.,raphanistrum
5103607367,3,4,0,5103607367,5103607367,UTEP,Collector(s): David J. Keil,1980-03-27,87,87,1980,3,27,27-Mar-80,California,San Luis Obispo County,NA,"on State Highway 166, 1 mile E of junction with United States Highway 101",34.99525,-120.417725,905.0,Raphanus raphanistrum L.,raphanistrum
4101879461,1,1,1,4101879461,4101879461,BRIT,NA,NA,NA,NA,NA,NA,NA,NA,Louisiana,NA,NA,NA,NA,NA,NA,Raphanus raphanistrum L.,raphanistrum
5067927810,0,1,0,5067927810,5067927810,University of New Hampshire,M. Anderson,1914-08,NA,NA,1914,8,NA,NA,Maine,Cumberland,Falmouth,NA,43.74338,-70.27825,9104.0,Raphanus raphanistrum L.,raphanistrum
5070543295,0,2,0,5070543295,5070543295,BALT,Bonnie DuVall,1973-06-03,154,154,1973,6,3,6/3/1973,Maryland,Anne Arundel,NA,"MD-3, 0.5 mi. N of Benfield Blvd",39.10225,-76.62701,450,Raphanus sativus L.,sativus
1999180641,1,5,3,1999180641,1999180641,NEBC,Charles Bullard,1933-08-30,242,242,1933,8,30,Aug 30 1933,New Hampshire,Merrimack County,Hill,Hill,NA,NA,NA,Raphanus raphanistrum L.,raphanistrum
1999288224,0,1,7,1999288224,1999288224,NEBC,T. W. Wells,1968-08-26,239,239,1968,8,26,"Aug. 26, 1968",Maine,York County,Old Orchard Beach,Old Orchard Beach,43.52113,-70.38483,3400,Raphanus raphanistrum L.,raphanistrum
3498205055,2,5,4,3498205055,3498205055,SBAC,"Damrel, D.Z.; Damrel, D.W.",2008-10-05,279,279,2008,10,5,NA,South Carolina,Aiken,NA,SILVER BLUFF AUDUBON CENTER & SANCTUARY. Kathwood lakes/ off berm road.,33.33885,-81.839567,NA,Raphanus raphanistrum L.,raphanistrum
4912157312,3,11,23,4912157312,4912157312,BRY,Richard R. Halse,2020-09-28,272,272,2020,9,28,2020-9-28,Oregon,Benton,NA,Along old River Road one mile east of its junction with State Hwy. 99W north of Monroe.,44.37825,-123.26903,NA,Raphanus raphanistrum L.,raphanistrum
3469833006,5,3,17,3469833006,3469833006,LSU,R. Dale Thomas,1978-05-31,151,151,1978,5,31,NA,Louisiana,Morehouse,NA,NA,NA,NA,NA,Raphanus raphanistrum L.,raphanistrum
5103891216,2,1,2,5103891216,5103891216,WILLI,"Blackman, Douglas E",1977-05-17,137,137,1977,5,17,NA,New Jersey,Cape May,NA,"Waterway Rd, along marsh edge. 0.25 m W of intersection with Bay Ave. Ocean City",NA,NA,NA,Raphanus raphanistrum L.,raphanistrum
5070836819,4,7,35,5070836819,5070836819,WEWO,"Carter, J. H., III",1973-06-23,174,174,1973,6,23,NA,North Carolina,Moore,Whispering Pines,3 mi. WNW. of Whispering Pines... (NC 22),35.272355,-79.417193,3938.0,Raphanus raphanistrum L.,raphanistrum
5072730541,3,4,13,5072730541,5072730541,PEMB,NA,NA,NA,NA,NA,NA,NA,NA,North Carolina,Robeson,NA,NA,NA,NA,NA,Raphanus raphanistrum L.,raphanistrum
1998595906,0,5,30,1998595906,1998595906,NEBC,A. S. Pease,1959-09-05,248,248,1959,9,5,"5 Sep., 1959",New Hampshire,Coos County,Milan,Milan,NA,NA,NA,Raphanus raphanistrum L.,raphanistrum
3865377301,0,12,10,3865377301,3865377301,PH,Charles F. Parker,1965-06-04,155,155,1965,6,4,NA,Pennsylvania,Philadelphia,NA,"below the Navy Yard, Philadelphia",39.927632,-75.147176,6208.0,Raphanus raphanistrum L.,raphanistrum
3897880633,0,0,0,3897880633,3897880633,CHRB,NA,NA,NA,NA,NA,NA,NA,NA,New York,Orleans,NA,NA,NA,NA,NA,Raphanus raphanistrum L.,raphanistrum
3709920254,6,20,38,3709920254,3709920254,GA,NA,NA,NA,NA,NA,NA,NA,NA,Oregon,Coos County,NA,"Coos County, OR",NA,NA,NA,Raphanus L.,NA
3496963429,3,5,0,3496963429,3496963429,ODU,John McLaughlin,1966-05-07,127,127,1966,5,7,NA,Virginia,Suffolk City,NA,Frederick College,36.805356,-76.349082,364.0,Raphanus raphanistrum L.,raphanistrum
4912151100,2,7,1,4912151100,4912151100,BRY,Robin Schramm; Richard Schoeninger; Vicki Schramm; Bill Schramm,1998-03-15,74,74,1998,3,15,1998-3-15,California,Los Angeles,NA,"Whittier Hills, formerly Cheveron Oil property. Overgrown fire road beginning at Bacon Rd and extending behind Mar Vista School and Catalina Ave.",NA,NA,NA,Raphanus sativus L.,sativus
3829914330,4,10,14,3829914330,3829914330,MISSA,Lucas Majure,2005-03-19,78,78,2005,3,19,NA,Alabama,Mobile,NA,"off of Hwy 90 in front of SuiteOne of Mobile, N of I-20; UTM 16 0387431 3383885 (NAD83)",30.582208,-88.173463,970.0,Raphanus raphanistrum L.,raphanistrum
SML_5198161855,4,12,6,SML_5198161855,5198161855,CAS,"Haydon, Walton",1914-06-01,152,152,1914,6,1,"June 1, 1914",Oregon,NA,NA,Coos River. Marshfield.,NA,NA,NA,Raphanus sativus L.,sativus
5011564468,1,2,0,5011564468,5011564468,CCUH,"Holbert, E.W.",1974-03-20,79,79,1974,3,20,NA,South Carolina,Horry,NA,NA,NA,NA,NA,Raphanus raphanistrum L.,raphanistrum
3865094239,0,1,4,3865094239,3865094239,PH,Halsted,1891-06,NA,NA,1891,6,NA,June 1891,New Jersey,Middlesex,NA,Milltown,39.73079,-75.66604,1000,Raphanus raphanistrum L.,raphanistrum
5103560761,5,21,1,5103560761,5103560761,UTEP,Collector(s): Sherman Lambert,1981-03-29,88,88,1981,3,29,29-Mar-81,California,Orange County,NA,"Newport, Backbay Ecology Reserve",33.650404,-117.880971,1438.0,Raphanus sativus L.,sativus
4436959695,1,6,4,4436959695,4436959695,State University of New York Oswego,NA,1892-07-10,192,192,1892,7,10,VII-10-1892,Massachusetts,Dukes,Martha's Vineyard,Martha's Vineyard,NA,NA,NA,Raphanus raphanistrum L.,raphanistrum
3344481316,0,5,10,3344481316,3344481316,CLEMS,T. C. McKinley,1995-04-01,91,91,1995,4,1,NA,South Carolina,Colleton,NA,Colleton,NA,NA,NA,Raphanus raphanistrum L.,raphanistrum
1998677184,0,0,12,1998677184,1998677184,NEBC,W. G. Farlow,1915,NA,NA,1915,NA,NA,July 1915,Massachusetts,Essex County,Manchester,Manchester,42.57842,-70.75813,3639m,Raphanus sativus L.,sativus
2234330872,2,16,22,2234330872,2234330872,NCU,NA,NA,NA,NA,NA,NA,NA,NA,North Carolina,Rowan,NA,NA,NA,NA,NA,Raphanus raphanistrum L.,raphanistrum
SML_3978740087,0,2,20,SML_3978740087,3978740087,BAYLU,R. D. Thomas,2000-03-14,74,74,2000,3,14,14 March 2000,Louisiana,Winn,NA,north of La. 156 at the east edge of the town of Calvin,31.965717,-92.775709,2136.0,Raphanus raphanistrum L.,raphanistrum
3357380510,1,6,2,3357380510,3357380510,GMUF,"Ted Bradley, Hunt, Kordella, Rahim",1998-05-19,139,139,1998,5,19,19 May 1998,Virginia,Patrick,NA,"Maple Swamp Branch, w. of rte. 600 at U.S. 58, w. of Meadows of Dan.",NA,NA,NA,Raphanus raphanistrum L.,raphanistrum
3744713800,0,0,47,3744713800,3744713800,UNA,John R. MacDonald,1992-05-19,140,140,1992,5,19,5/19/1992,Alabama,Dale,NA,vicinity of Grimes; Roadside of county Rd. 25 or Denton Rd. at 0.3 miles north of Houston County line,31.29,-85.42,NA,Raphanus raphanistrum L.,raphanistrum
2512754491,0,0,11,2512754491,2512754491,US,A. Langlois,1885-05-06,126,126,1885,5,6,NA,Louisiana,NA,NA,Ludoviciana. On ballast ground. Port Eads.,29.01519,-89.16681,1500,Raphanus sativus L.,sativus
4102367467,4,7,7,4102367467,4102367467,BRIT,NA,NA,NA,NA,NA,NA,NA,NA,Virginia,Richmond,NA,NA,NA,NA,NA,Raphanus raphanistrum L.,raphanistrum
2573103437,2,1,1,2573103437,2573103437,VT,NA,1893-06-30,181,181,1893,6,30,1893-6-30,New Hampshire,Grafton,Hanover,NA,43.71556,-72.19101,9733.0,Raphanus raphanistrum L.,raphanistrum
2430095358,0,8,12,2430095358,2430095358,RSA,L. C. Wheeler,1966-10-25,298,298,1966,10,25,25 Oct. 1966,California,Los Angeles,NA,"1/4 mile N of El Encanto, San Gabriel Canyon.",NA,NA,NA,Raphanus sativus L.,sativus
3865094242,1,3,32,3865094242,3865094242,PH,Benjamin H. Smith,1900-07-02,183,183,1900,7,2,NA,Pennsylvania,Delaware,NA,Middletown,NA,NA,NA,Raphanus sativus L.,sativus
3865096290,0,0,1,3865096290,3865096290,PH,Bayard Long,1954-06-01,152,152,1954,6,1,NA,Pennsylvania,Montgomery,NA,"Church Rd. W of Limekiln Pk., Glenside",40.094058,-75.165183,338.0,Raphanus raphanistrum L.,raphanistrum
3865375347,0,2,11,3865375347,3865375347,PH,John W. Eckfeldt,1909-06-21,172,172,1909,6,21,"June 21, 1909",Pennsylvania,Bucks,NA,Perkasie,NA,NA,NA,Raphanus sativus L.,sativus
3344498475,0,0,8,3344498475,3344498475,CLEMS,"Fairey, J.E. III",1997-06-25,176,176,1997,6,25,NA,South Carolina,Pickens,NA,"348 Issaqueena Trail, Clemson, SC.",NA,NA,NA,Raphanus sativus L.,sativus
2573011103,2,2,4,2573011103,2573011103,VT,NA,NA,NA,NA,NA,NA,NA,NA,NA,NA,NA,NA,NA,NA,NA,Raphanus L.,NA
3865364297,2,6,19,3865364297,3865364297,PH,William Randolph Taylor,1916-07-07,189,189,1916,7,7,NA,Pennsylvania,Delaware,NA,Essington,39.862189,-75.297002,1036.0,Raphanus raphanistrum L.,raphanistrum
5836322208,0,6,37,5836322208,5836322208,UF,Alan R. Franck;Kaitlin C. Alexander;C./F./E. Alexander,2022-03-27,86,86,2022,3,27,NA,Florida,Leon County,NA,NA,30.383,-84.307,NA,Raphanus sativus L.,sativus
2430266010,2,26,19,2430266010,2430266010,RSA,E. C. Twisselmann,1964-05-06,127,127,1964,5,6,"May 6, 1964.",California,San Bernardino,NA,S end of Kramer Hills,NA,NA,NA,Raphanus sativus L.,sativus
3897882337,0,7,47,3897882337,3897882337,CHRB,NA,NA,NA,NA,NA,NA,NA,NA,New Jersey,Monmouth,NA,NA,NA,NA,NA,Raphanus raphanistrum L.,raphanistrum
5103868189,4,9,3,5103868189,5103868189,WILLI,"Berg, Mary H",1973-03-30,89,89,1973,3,30,NA,Virginia,Gloucester,NA,"Berg farm, rt 616, Clay Bank",37.351017,-76.606813,411.0,Raphanus raphanistrum L.,raphanistrum
5067926811,0,2,34,5067926811,5067926811,University of New Hampshire,H. E. Sargent,1910-07-16,197,197,1910,7,16,NA,New Hampshire,Carroll,Wolfeboro,[no precise locality],43.61174,-71.1706,9493.0,Raphanus raphanistrum L.,raphanistrum
3865107318,1,4,4,3865107318,3865107318,PH,Thomas C. Porter,1897-06-28,179,179,1897,6,28,NA,Pennsylvania,Northampton,NA,"College Hill, Easton",40.703229,-75.207386,1373.0,Raphanus raphanistrum L.,raphanistrum
4436954623,0,1,11,4436954623,4436954623,State University of New York Oswego,R. L. Crockett,1939-07-01,182,182,1939,7,1,July 1/39,New York,Oneida,NA,Station- Fish Creek Station,NA,NA,NA,Raphanus raphanistrum L.,raphanistrum
3709997118,2,18,6,3709997118,3709997118,GA,NA,NA,NA,NA,NA,NA,NA,NA,North Carolina,Harnett County,NA,"Harnett County, NC",NA,NA,NA,Raphanus raphanistrum L.,raphanistrum
2430455950,0,16,18,2430455950,2430455950,RSA,Ann Williams,1992-05-14,135,135,1992,5,14,14 May 92,California,Los Angeles,NA,"End of Canyon Dr., 0.2 mi. off Penn St. and 100 yds E of Whittier College track.",NA,NA,NA,Raphanus sativus L.,sativus
2859114104,4,7,3,2859114104,2859114104,CM,"Lloyd, F.E.",1890-06-17,168,168,1890,6,17,17 Jun 1890,New Jersey,Burlington,NA,Indian Mills [Hills?],39.794006,-74.744326,2500.0,Raphanus raphanistrum L.,raphanistrum
2430080232,4,7,13,2430080232,2430080232,RSA,E. W. Lathrop,1966-03-30,89,89,1966,3,30,"March 30, 1966",California,Riverside,NA,"Main Divide Truck Trail between El Carriso and Santiago Peak, Cleveland Nat’l Forest.",NA,NA,NA,Raphanus sativus L.,sativus
5103891693,0,1,4,5103891693,5103891693,WILLI,"van Montfrans, Margaret; Jaffee, Norman",1979-06-15,166,166,1979,6,15,NA,Virginia,Mathews,NA,"along St Rt 626, near Blakes",37.499523,-76.366543,670.0,Raphanus raphanistrum L.,raphanistrum
5067925817,2,2,9,5067925817,5067925817,University of New Hampshire,A. R. Hodgdon; R. B. Pike,1967-09-02,245,245,1967,9,2,NA,Maine,Knox,NA,Criehaven,43.83162,-68.889888,1509.0,Raphanus raphanistrum L.,raphanistrum
4102218530,2,15,40,4102218530,4102218530,BRIT,NA,NA,NA,NA,NA,NA,NA,NA,Oregon,Curry,NA,NA,NA,NA,NA,Raphanus sativus L.,sativus
3969778962,1,1,1,3969778962,3969778962,BRIT,NA,NA,NA,NA,NA,NA,NA,NA,NA,NA,NA,NA,NA,NA,NA,Raphanus raphanistrum L.,raphanistrum
5068491429,0,0,2,5068491429,5068491429,USCS,NA,NA,NA,NA,NA,NA,NA,NA,South Carolina,Spartanburg,NA,NA,NA,NA,NA,Raphanus raphanistrum L.,raphanistrum
2859373861,2,10,22,2859373861,2859373861,CM,"Kline, H.",1952-09-14,258,258,1952,9,14,14 Sep 1952,Pennsylvania,Cambria,NA,2 mi S of Nicktown,40.584417,-78.80336,6033.0,Raphanus sativus L.,sativus
4101885505,1,0,1,4101885505,4101885505,BRIT,NA,NA,NA,NA,NA,NA,NA,NA,California,San Luis Obispo,NA,NA,NA,NA,NA,Raphanus sativus L.,sativus
3865101235,0,0,2,3865101235,3865101235,PH,Otway H. Brown,1919-07-15,196,196,1919,7,15,July 15 1919,New Jersey,Cape May,NA,Cold Spring,38.9667,-74.9167,1264.0,Raphanus sativus L.,sativus
2573103026,3,7,5,2573103026,2573103026,VT,NA,NA,NA,NA,NA,NA,NA,NA,Vermont,Grand Isle,Grand Isle,NA,44.72042,-73.29939,7627.0,Raphanus raphanistrum L.,raphanistrum
5103889470,0,0,0,5103889470,5103889470,WILLI,"Sleight, Trevor",2014-06-30,181,181,2014,6,30,NA,Virginia,Williamsburg City,NA,College Woods,37.27476,-76.72211,15.0,Raphanus raphanistrum L.,raphanistrum
3820745010,0,5,34,3820745010,3820745010,OSU,Richard R. Halse,2000-07-02,184,184,2000,7,2,NA,Oregon,Linn,NA,"along the Willamette River behind the Salmon Disease Lab, 34347 Electric Road, just east of Corvallis.",44.57026,-123.24081,805.0,Raphanus sativus L.,sativus
3897880609,3,14,32,3897880609,3897880609,CHRB,NA,NA,NA,NA,NA,NA,NA,NA,California,Los Angeles,NA,NA,NA,NA,NA,Raphanus raphanistrum L.,raphanistrum
3695177078,0,1,4,3695177078,3695177078,UAM,Jeff Zetson,1979-04-23,113,113,1979,4,23,1979-4-23,Texas,Kimble,NA,NA,NA,NA,NA,Raphanus raphanistrum L.,raphanistrum
3865097244,0,1,14,3865097244,3865097244,PH,Hugh E. Stone,1929-06-30,181,181,1929,6,30,NA,Pennsylvania,Chester,NA,Bacton,40.056772,-75.586315,895.0,Raphanus raphanistrum L.,raphanistrum
1998783458,1,7,20,1998783458,1998783458,GH,W. C. Cusick,1887,NA,NA,1887,NA,NA,July 1887,New Hampshire,Coos County,Gorham,Gorham,NA,NA,NA,Raphanus raphanistrum L.,raphanistrum
2234331799,1,2,23,2234331799,2234331799,NCU,NA,NA,NA,NA,NA,NA,NA,NA,North Carolina,Sampson,NA,NA,NA,NA,NA,Raphanus raphanistrum L.,raphanistrum
4856042859,2,11,24,4856042859,4856042859,ETSU,L.K. Clarke,1969-07-14,195,195,1969,7,14,7/14/69,North Carolina,Mitchell,NA,Grassy rdg.,NA,NA,NA,Raphanus raphanistrum L.,raphanistrum
SML_1999241263,1,1,11,SML_1999241263,1999241263,GH,A. G. McKeel,1917-07-25,206,206,1917,7,25,NA,New York,Cortland County,NA,"Little York Lake, Preble",NA,NA,NA,Raphanus raphanistrum L.,raphanistrum
5937711436,0,2,24,5937711436,5937711436,BRY,Robert L. Johnson; Dustin Rooks,2023-08-03,215,215,2023,8,3,2023-8-3,California,Santa Clara,NA,"Santa Clara Valley, near jct with Monterey Rd on Coyote Creek Golf Dr, Madrone.",37.19016,-121.711,NA,Raphanus sativus L.,sativus
5103889427,0,10,3,5103889427,5103889427,WILLI,"North, Gretchen; Hall, G.W.",1981-03-29,88,88,1981,3,29,NA,Virginia,Middlesex,NA,"Opposite Clarksbury Methodist Church on Va Rt. 33, E of Hardyville.",37.554625,-76.362938,255.0,Raphanus raphanistrum L.,raphanistrum
2573071186,0,5,40,2573071186,2573071186,VT,NA,1979-07-05,186,186,1979,7,5,1979-7-5,Massachusetts,Hampshire,Northampton,NA,42.32664,-72.67454,7473.0,Raphanus raphanistrum L.,raphanistrum
SML_2575051207,0,1,1,SML_2575051207,2575051207,NEBC,C. Triedman & C. W. Moore,2018-09-21,264,264,2018,9,21,NA,Rhode Island,Bristol County,Warren,Jacob's Point Preserve,NA,NA,NA,Raphanus raphanistrum L.,raphanistrum
4075454240,1,2,11,4075454240,4075454240,DOV,Byron D. Halsted,1891-06,NA,NA,1891,6,NA,June 1891,New Jersey,Middlesex,NA,Milltown,39.73079,-75.66604,1000,Raphanus raphanistrum L.,raphanistrum
2430197912,0,30,13,2430197912,2430197912,RSA,Mark Elvin,2003-05-03,123,123,2003,5,3,3 May 2003,California,San Diego,NA,"Peninsular Ranges, San Ysidro Mountains: SE side of Otay Mtn., Marron Valley, along Cottonwood Creek ca. 1 km N of Mexican border, slopes above Tijuana River; Otay Mountain 7.5’",32.566667,-116.757778,NA,Raphanus raphanistrum L.,raphanistrum
3865378426,1,5,8,3865378426,3865378426,PH,Bayard Long,1947-09-21,264,264,1947,9,21,NA,Pennsylvania,Montgomery,NA,"along Horsham Road, just SE of Horsham",40.174015,-75.11812,1009.0,Raphanus sativus L.,sativus
1999280100,1,13,46,1999280100,1999280100,NEBC,E. F. Williams,1910-07-11,192,192,1910,7,11,"July 11, 1910",New Hampshire,Grafton County,Hanover,Hanover,NA,NA,NA,Raphanus raphanistrum L.,raphanistrum
3865096286,0,1,3,3865096286,3865096286,PH,Rodney H. True,1932-06-28,180,180,1932,6,28,NA,Pennsylvania,Northampton,NA,near Lower Saucon,40.606211,-75.2824,1766.0,Raphanus raphanistrum L.,raphanistrum
2989915292,6,10,2,2989915292,2989915292,RSA,A.C. Sanders,1988-05-18,139,139,1988,5,18,18 May 1988,California,Los Angeles,NA,"El Segundo Dunes, immediately west of Los Angeles International Airport & east of Vista Del Mar Blvd.",33.93333,-118.43333,NA,Raphanus sativus L.,sativus
3496963433,3,17,36,3496963433,3496963433,ODU,Marvin Moy,1970-05-02,122,122,1970,5,2,NA,Virginia,Norfolk City,NA,"Newtown Hs Apartmetns, North fo Newtown Rd.",NA,NA,NA,Raphanus raphanistrum L.,raphanistrum
4102209478,0,1,7,4102209478,4102209478,BRIT,NA,NA,NA,NA,NA,NA,NA,NA,Rhode Island,Newport,NA,NA,NA,NA,NA,Raphanus raphanistrum L.,raphanistrum
5011564472,0,11,22,5011564472,5011564472,CCUH,"Todd, Tammy L.",1995-03-26,85,85,1995,3,26,NA,South Carolina,Horry,NA,NA,NA,NA,NA,Raphanus raphanistrum L.,raphanistrum
2515352603,0,0,10,2515352603,2515352603,NA,Quayle EH,1900-06-03,154,154,1900,6,3,NA,NA,NA,NA,"Plants of Santa Cruz Mountain peninsula. Santa Clara County, California.",NA,NA,NA,Rapistrum raphanistrum (L.) Crantz,raphanistrum
1999108852,5,8,14,1999108852,1999108852,GH,E. F. Williams,1910-07-11,192,192,1910,7,11,July 11. 1910,New Hampshire,Grafton County,Hanover,Hanover,NA,NA,NA,Raphanus raphanistrum L.,raphanistrum
5068491370,6,3,30,5068491370,5068491370,USCS,NA,NA,NA,NA,NA,NA,NA,NA,South Carolina,Dorchester,NA,NA,NA,NA,NA,Raphanus raphanistrum L.,raphanistrum
2234332087,1,10,31,2234332087,2234332087,NCU,NA,NA,NA,NA,NA,NA,NA,NA,South Carolina,Sumter,NA,NA,NA,NA,NA,Raphanus raphanistrum L.,raphanistrum
1999004569,0,4,26,1999004569,1999004569,GH,[no data available],1894-10-20,293,293,1894,10,20,"Oct. 20, 1894",Massachusetts,Middlesex County,Medford,Medford,42.42762,-71.10837,3000,Raphanus sativus L.,sativus
2234332438,1,8,6,2234332438,2234332438,NCU,NA,NA,NA,NA,NA,NA,NA,NA,North Carolina,Granville,NA,NA,NA,NA,NA,Raphanus raphanistrum L.,raphanistrum
3969684011,0,1,0,3969684011,3969684011,BRIT,NA,NA,NA,NA,NA,NA,NA,NA,NA,NA,NA,NA,NA,NA,NA,Raphanus raphanistrum L.,raphanistrum
2512822233,0,0,24,2512822233,2512822233,US,R. Horner,1897-06-05,156,156,1897,6,5,NA,Washington,Walla Walla,NA,Southeastern Washington. Waitsburg.,NA,NA,NA,Raphanus sativus L.,sativus
3969864027,1,2,9,3969864027,3969864027,BRIT,NA,NA,NA,NA,NA,NA,NA,NA,NA,NA,NA,NA,NA,NA,NA,Raphanus sativus L.,sativus
3865379352,0,0,21,3865379352,3865379352,PH,"Robert L. Schaeffer, Jr.",1941-07-14,195,195,1941,7,14,NA,Pennsylvania,Northampton,NA,ca 0.25 mi. N of the village Walnutport,40.757885,-75.598797,864.0,Raphanus sativus L.,sativus
SML_1999165525,0,0,5,SML_1999165525,1999165525,NEBC,B. T. Hamlin,2015-08-08,220,220,2015,8,8,NA,Massachusetts,Middlesex County,Stoneham,"Boston Basin Ecosystem, Mystic River Watershed, Middlesex Fells Reservation, along south side of Doleful Pond, GPS 42 27.998N, 71 5.61W",42.4668,-71.09329,150,Raphanus raphanistrum L.,raphanistrum
5070653848,0,0,29,5070653848,5070653848,IND,Robert F. Britt,1965-05-23,143,143,1965,5,23,5/23/65,North Carolina,Robeson,NA,4.5 miles south-southwest of St. Pauls near Co. 1765,34.729295,-79.004373,1500.0,Raphanus raphanistrum L.,raphanistrum
2234333291,0,0,26,2234333291,2234333291,NCU,NA,NA,NA,NA,NA,NA,NA,NA,Virginia,Isle of Wight,NA,NA,NA,NA,NA,Raphanus raphanistrum L.,raphanistrum
3344481320,3,11,45,3344481320,3344481320,CLEMS,Cynthia A. Aulbach-Smith,1980-04-20,111,111,1980,4,20,NA,South Carolina,Saluda,NA,Saluda,NA,NA,NA,Raphanus raphanistrum L.,raphanistrum
2859088734,0,10,10,2859088734,2859088734,CM,"Wolle, J.",1838,NA,NA,1838,NA,NA,1838,Pennsylvania,Northampton,NA,Bethlehem,40.64038,-75.36223,4738.0,Raphanus sativus L.,sativus
3865362267,1,4,2,3865362267,3865362267,PH,J. Bernard Brinton,1878-07-10,191,191,1878,7,10,NA,Pennsylvania,NA,NA,none,NA,NA,NA,Raphanus sativus L.,sativus
3865379344,0,3,9,3865379344,3865379344,PH,Edgar T. Wherry,1968-06-21,173,173,1968,6,21,NA,Pennsylvania,Philadelphia,NA,"Schuylkill Valley Nature Center, 0.75 mi. WNW of Shawmont",40.054817,-75.253274,616.0,Raphanus raphanistrum L.,raphanistrum
3969864031,1,6,20,3969864031,3969864031,BRIT,NA,NA,NA,NA,NA,NA,NA,NA,NA,NA,NA,NA,NA,NA,NA,Raphanus raphanistrum L.,raphanistrum
CDA-0035919,0,15,33,CDA-0035919,3059684612,CDA,M. Beyers,2011-07-09,190,190,2011,7,9,7/9/2011,California,Solano,NA,Side of I-80 in vicinity of Vacaville.,38.35,-121.98,3194.0,Raphanus sativus L.,sativus
3897880668,1,10,1,3897880668,3897880668,CHRB,NA,NA,NA,NA,NA,NA,NA,NA,New Jersey,Camden,NA,NA,NA,NA,NA,Raphanus raphanistrum L.,raphanistrum
2517128134,1,1,1,2517128134,2517128134,NA,Woodward HO,1953-10-09,282,282,1953,10,9,NA,NA,NA,NA,Massachusetts. Bristol county. Dighton.,NA,NA,NA,Rapistrum raphanistrum (L.) Crantz,raphanistrum
5106272740,0,2,7,5106272740,5106272740,UNCC,NA,NA,NA,NA,NA,NA,NA,NA,California,Ventura,NA,NA,NA,NA,NA,Raphanus sativus L.,sativus
2234332245,0,1,24,2234332245,2234332245,NCU,NA,NA,NA,NA,NA,NA,NA,NA,North Carolina,Bladen,NA,NA,NA,NA,NA,Raphanus raphanistrum L.,raphanistrum
5103891758,1,1,1,5103891758,5103891758,WILLI,"Train, Elizabeth L.",1977-04-23,113,113,1977,4,23,NA,Virginia,Middlesex,NA,At intersection of Rte. 618 & 614,37.630127,-76.641158,109.0,Raphanus raphanistrum L.,raphanistrum
CDA-0016146,2,6,4,CDA-0016146,3059684846,CDA,G.F. Hrusa,1999-04-10,100,100,1999,4,10,4/10/1999,California,Sacramento,NA,"Corner of Power Line Rd and Del Paso, Sacramento, ± 1 mi W of I-5. Sacramento Valley.",38.66,-121.58,NA,Raphanus sativus L.,sativus
2234330852,2,8,34,2234330852,2234330852,NCU,NA,NA,NA,NA,NA,NA,NA,NA,North Carolina,Washington,NA,NA,NA,NA,NA,Raphanus raphanistrum L.,raphanistrum
1999431458,1,6,22,1999431458,1999431458,NEBC,J. M. Hunnewell,NA,NA,NA,NA,NA,NA,'98,Massachusetts,NA,NA,Magnolia,42.57388,-70.71093,300,Raphanus raphanistrum L.,raphanistrum
1998640668,1,11,10,1998640668,1998640668,NEBC,J. A. Bates,NA,NA,NA,NA,NA,NA,NA,Vermont,Orange County,Randolph,Randolph,NA,NA,NA,Raphanus sativus L.,sativus
2630823347,0,2,1,2630823347,2630823347,KU,R Dale Thomas,1971-10-13,286,286,1971,10,13,NA,Texas,Val Verde,NA,"Beside US 277, 1 mi E of Del Rio",29.367516,-100.818647,9783.0,Raphanus raphanistrum L.,raphanistrum
5068491366,0,1,36,5068491366,5068491366,USCS,NA,NA,NA,NA,NA,NA,NA,NA,South Carolina,Dorchester,NA,NA,NA,NA,NA,Raphanus raphanistrum L.,raphanistrum
894984655,0,8,18,894984655,894984655,University of Lethbridge,S. Jones,1968-04-20,111,111,1968,4,20,NA,California,NA,NA,Located 2 mi e of Dairyville,NA,NA,NA,Raphanus sativus L.,sativus
3709906690,1,4,18,3709906690,3709906690,GA,NA,NA,NA,NA,NA,NA,NA,NA,Massachusetts,Dukes County,NA,"Dukes County, MA",NA,NA,NA,Raphanus raphanistrum L.,raphanistrum
2430439082,0,13,17,2430439082,2430439082,RSA,D. Atwood,1993-03-29,88,88,1993,3,29,29 March 1993,California,Orange,NA,"Huntington Beach along Beach Blvd, ca.0.5 miles N of the Beach.",33.65574,-117.98833,160.0,Raphanus raphanistrum L.,raphanistrum
5103865261,3,9,2,5103865261,5103865261,WILLI,"Baldwin, Patrick",1995-03-19,78,78,1995,3,19,NA,Virginia,Hampton City,NA,Sandy Bottom Nature Park (entire),37.067222,-76.439272,1400.0,Raphanus raphanistrum L.,raphanistrum
4872674686,0,2,2,4872674686,4872674686,DEK,Dorothy Richman Wade; Douglas E. Wade,1939-06-14,165,165,1939,6,14,"June 14, 1939",Pennsylvania,Snyder,Penns Creek,3/4 mi. n.w. of Penns Creek P.O.,40.8636,-77.0714,500.0,Raphanus raphanistrum L.,raphanistrum
5070543299,6,19,40,5070543299,5070543299,BALT,NA,NA,NA,NA,NA,NA,NA,NA,NA,NA,NA,NA,NA,NA,NA,Raphanus L.,NA
1999055823,1,3,3,1999055823,1999055823,NEBC,C. E. Perkins,1878-06-11,162,162,1878,6,11,"June 11, 1878",Massachusetts,Suffolk County,Boston,S. [South] Boston,42.33447,-71.0412,2700,Raphanus sativus L.,sativus
3969781022,0,4,1,3969781022,3969781022,BRIT,NA,NA,NA,NA,NA,NA,NA,NA,NA,NA,NA,NA,NA,NA,NA,Raphanus raphanistrum L.,raphanistrum
1999258976,0,0,26,1999258976,1999258976,NEBC,C. F. Batchelder,1925-08-19,231,231,1925,8,19,"August 19, 1925",New Hampshire,Merrimack County,Hooksett,Hooksett,NA,NA,NA,Raphanus raphanistrum L.,raphanistrum
2234331347,1,4,7,2234331347,2234331347,NCU,NA,NA,NA,NA,NA,NA,NA,NA,North Carolina,Chatham,NA,NA,NA,NA,NA,Raphanus raphanistrum L.,raphanistrum
3969684007,0,3,4,3969684007,3969684007,BRIT,NA,NA,NA,NA,NA,NA,NA,NA,NA,NA,NA,NA,NA,NA,NA,Raphanus sativus L.,sativus
2234332584,0,0,25,2234332584,2234332584,NCU,NA,NA,NA,NA,NA,NA,NA,NA,North Carolina,Scotland,NA,NA,NA,NA,NA,Raphanus raphanistrum L.,raphanistrum
2234330604,0,0,28,2234330604,2234330604,NCU,NA,NA,NA,NA,NA,NA,NA,NA,Virginia,Mecklenburg,NA,NA,NA,NA,NA,Raphanus raphanistrum L.,raphanistrum
2234332639,0,0,12,2234332639,2234332639,NCU,NA,NA,NA,NA,NA,NA,NA,NA,North Carolina,Nash,NA,NA,NA,NA,NA,Raphanus raphanistrum L.,raphanistrum
3091277546,8,14,5,3091277546,3091277546,ASC,R. Honahnie,1981-03-21,80,80,1981,3,21,NA,California,San Diego,NA,La Jolla,32.84727,-117.274204,301.0,Raphanus sativus L.,sativus
1999157341,3,7,16,1999157341,1999157341,NEBC,J. F. Collins,1892-07-02,184,184,1892,7,2,"July 2, 1892",Rhode Island,Providence County,Providence,Providence,NA,NA,NA,Raphanus raphanistrum L.,raphanistrum
4067794456,0,5,19,4067794456,4067794456,MCA,"R. L. Schaeffer, Jr.",1969-08-13,225,225,1969,8,13,NA,Pennsylvania,Carbon,NA,1 mile N of Trauchsville,40.895417,-75.529353,5241.0,Raphanus raphanistrum L.,raphanistrum
CDA-0059481,0,1,58,CDA-0059481,3059684844,CDA,K. A. Stone,1978-05-16,136,136,1978,5,16,5/16/1978,California,Fresno,NA,"Fleming Ranch, Millerton-Auberry Rd, unirrigated cattle pasture.",37.01,-119.56,799.0,Raphanus raphanistrum L.,raphanistrum
3865108370,7,3,1,3865108370,3865108370,PH,Bayard Long,1961-06-04,155,155,1961,6,4,"June 4, 1961",Pennsylvania,Montgomery,NA,Glenside,40.102333,-75.15212,1523.0,Raphanus raphanistrum L.,raphanistrum
4088570154,0,0,11,4088570154,4088570154,USMS,Robert F. Britt,1965-05-23,143,143,1965,5,23,5/23/1965,North Carolina,Robeson,NA,NORTH CROLINA. Robeson Co.: 4.5 miles SSW of St Pauls along Co. 1765.,34.756454,-79.018612,1362.0,Raphanus raphanistrum L.,raphanistrum
3331186446,0,7,19,3331186446,3331186446,MVSC,Mary Emma Groff,1958-07-23,204,204,1958,7,23,1958-07-23,Delaware,Kent County,NA,Bombay Hook,39.35278,-75.49444,NA,Raphanus raphanistrum L.,raphanistrum
2573521373,1,5,2,2573521373,2573521373,COLO,NA,NA,NA,NA,NA,NA,NA,NA,New York,Bronx,NA,NA,NA,NA,NA,Raphanus sativus L.,sativus
2234331042,0,4,8,2234331042,2234331042,NCU,NA,NA,NA,NA,NA,NA,NA,NA,South Carolina,Horry,NA,NA,NA,NA,NA,Raphanus raphanistrum L.,raphanistrum
4436957900,0,1,0,4436957900,4436957900,State University of New York Oswego,R. L. Crockett,1937-07-12,193,193,1937,7,12,July 12/37,New York,Essex,North Elba,Heart Lake,NA,NA,NA,Raphanus sativus L.,sativus
2573060735,0,0,3,2573060735,2573060735,VT,NA,1971-07-13,194,194,1971,7,13,1971-7-13,Vermont,Lamoille,Belvidere,NA,44.76156,-72.68051,7127.0,Raphanus raphanistrum L.,raphanistrum
5028847937,2,8,5,5028847937,5028847937,UTC,NA,NA,NA,NA,NA,NA,NA,NA,South Carolina,Beaufort,NA,NA,NA,NA,NA,Raphanus raphanistrum L.,raphanistrum
2573097498,9,4,5,2573097498,2573097498,VT,Nellie F. Flynn,1909-06-14,165,165,1909,6,14,1909-6-14,Massachusetts,Nantucket,Nantucket,NA,41.31079,-70.11468,16757.0,Raphanus raphanistrum L.,raphanistrum
4102035533,1,9,6,4102035533,4102035533,BRIT,NA,NA,NA,NA,NA,NA,NA,NA,California,Alameda,NA,NA,NA,NA,NA,Raphanus sativus L.,sativus
2989914285,4,12,7,2989914285,2989914285,RSA,Caralisa Breidenbaugh; Mark Breidenbaugh,1992-05-01,122,122,1992,5,1,01 May 1992,California,Orange,NA,1/2 mile south of Chino Hills State Park.,33.88182,-117.70065,NA,Raphanus sativus L.,sativus
3344415258,6,27,29,3344415258,3344415258,CLEMS,Warren V. Kellahan,1971-04-09,99,99,1971,4,9,NA,South Carolina,Williamsburg,NA,Williamsburg,NA,NA,NA,Raphanus raphanistrum L.,raphanistrum
4101885509,2,6,15,4101885509,4101885509,BRIT,NA,NA,NA,NA,NA,NA,NA,NA,South Carolina,Lexington,NA,NA,NA,NA,NA,Raphanus raphanistrum L.,raphanistrum
3344438249,0,1,7,3344438249,3344438249,CLEMS,"Bowers, A.L., III",1972-04-27,118,118,1972,4,27,NA,South Carolina,Hampton,NA,1 mile west of Yemassee junction of US 68 and I-95.,NA,NA,NA,Raphanus raphanistrum L.,raphanistrum
2234331404,1,1,14,2234331404,2234331404,NCU,NA,NA,NA,NA,NA,NA,NA,NA,North Carolina,Iredell,NA,NA,NA,NA,NA,Raphanus raphanistrum L.,raphanistrum
3969595100,0,6,12,3969595100,3969595100,BRIT,NA,NA,NA,NA,NA,NA,NA,NA,NA,NA,NA,NA,NA,NA,NA,Raphanus raphanistrum L.,raphanistrum
2989917283,3,16,45,2989917283,2989917283,RSA,C. J. Parenti,1971-03-03,62,62,1971,3,3,3-3-71.,California,Los Angeles,NA,Brea Canyon.,NA,NA,NA,Raphanus sativus L.,sativus
1999082601,2,9,6,1999082601,1999082601,GH,B. N. Gates & W. C. Gates,1943-08-13,225,225,1943,8,13,13 Aug. 1943,Massachusetts,Worcester County,Paxton,Paxton,42.31648,-71.93797,4000 m,Raphanus raphanistrum L.,raphanistrum
2234331238,1,3,60,2234331238,2234331238,NCU,NA,NA,NA,NA,NA,NA,NA,NA,South Carolina,Beaufort,NA,NA,NA,NA,NA,Raphanus raphanistrum L.,raphanistrum
3820612925,1,8,47,3820612925,3820612925,OSU,Orlin L. Ireland,1934-05-30,150,150,1934,5,30,NA,Oregon,Lane,NA,South of Junction City.,44.18298,-123.20156,4828.0,Raphanus sativus L.,sativus
YOSE109090,1,5,22,YOSE109090,NA,NA,NA,NA,NA,NA,NA,NA,NA,NA,NA,NA,NA,NA,NA,NA,NA,NA,NA
3357380418,3,9,11,3357380418,3357380418,GMUF,"Ted Bradley, Kamel, Edmonds",1994-05-19,139,139,1994,5,19,19 May 1994,Virginia,Westmoreland,NA,"roadside, jct. rte. 621 and Va. 3. Nomini Grove.",NA,NA,NA,Raphanus raphanistrum L.,raphanistrum
5068491425,1,4,7,5068491425,5068491425,USCS,NA,NA,NA,NA,NA,NA,NA,NA,South Carolina,Laurens,NA,NA,NA,NA,NA,Raphanus raphanistrum L.,raphanistrum
1999385607,1,4,5,1999385607,1999385607,NEBC,A. R. Hodgdon & Westgate,1938-09-07,250,250,1938,9,7,"Sept. 7, 1938",New Hampshire,Strafford County,Durham,Durham,NA,NA,NA,Raphanus raphanistrum L.,raphanistrum
3969781018,0,6,21,3969781018,3969781018,BRIT,NA,NA,NA,NA,NA,NA,NA,NA,NA,NA,NA,NA,NA,NA,NA,Raphanus raphanistrum L.,raphanistrum
3091277550,1,7,7,3091277550,3091277550,ASC,S. Richardson,1975-03-29,88,88,1975,3,29,NA,California,Marin,NA,"State Hwy 1, 2 mi S of Muir Beach View Point, 15 mi NW of San Francisco",37.865109,-122.575016,NA,Raphanus sativus L.,sativus
3820615022,2,7,13,3820615022,3820615022,OSU,Taini Lammi; T. Lammi,1939-06-30,181,181,1939,6,30,NA,Oregon,Coos,NA,N of Charleston.,43.36926,-124.28401,4828.0,Raphanus sativus L.,sativus
2430485486,4,10,56,2430485486,2430485486,RSA,Henry J. Ramsey; Mrs. Henry J. Ramsey,1937-07-20,201,201,1937,7,20,"July 20, 1937",California,San Diego,NA,Between San Diego and Temecula,NA,NA,NA,Raphanus raphanistrum L.,raphanistrum
5011564409,0,10,79,5011564409,5011564409,CCUH,"Carmichael, Connie",1984-04-26,117,117,1984,4,26,NA,South Carolina,Marion,NA,NA,NA,NA,NA,Raphanus sativus L.,sativus
5072730520,7,14,8,5072730520,5072730520,PEMB,NA,NA,NA,NA,NA,NA,NA,NA,North Carolina,Hoke,NA,NA,NA,NA,NA,Raphanus raphanistrum L.,raphanistrum
3709986744,3,10,43,3709986744,3709986744,GA,"Zomlefer, Wendy",2014-04-17,107,107,2014,4,17,NA,Georgia,Sumter County,NA,Andersonville National Historic Site: cleared area on w side of GA-49 at entrance gate (service road) to park property to Boy Scout/CCC Camp.,32.20344,-84.1339,NA,Raphanus sativus L.,sativus
3820738982,1,15,46,3820738982,3820738982,OSU,Richard R. Halse,2014-07-21,202,202,2014,7,21,NA,Oregon,Coos,NA,just south of Bandon along Mars Lane by its intersection with Rohrer Road.,43.087215,-124.432799,805.0,Raphanus sativus L.,sativus
2859083857,2,14,44,2859083857,2859083857,CM,"Graham, E.H.",1925-10-07,280,280,1925,10,7,7 Oct 1925,Pennsylvania,Allegheny,NA,"Cathedral of Learning site, Pittsburgh",40.442847,-79.959219,629.0,Raphanus sativus L.,sativus
2573522772,0,0,0,2573522772,2573522772,COLO,NA,NA,NA,NA,NA,NA,NA,NA,Alabama,Mobile,NA,NA,NA,NA,NA,Raphanus sativus L.,sativus
3865108366,0,2,0,3865108366,3865108366,PH,John E. Peters,1883-04-26,116,116,1883,4,26,April 26 1883,New Jersey,Mercer,NA,Princeton,40.348718,-74.659047,1984.0,Raphanus L.,NA
3496963331,5,12,5,3496963331,3496963331,ODU,R.J. Hitt,1968-03-25,85,85,1968,3,25,NA,Virginia,Virginia Beach City,NA,Overpass f INterstate 264 adn 64,36.84552,-76.197336,380.0,Raphanus raphanistrum L.,raphanistrum
2234332156,2,7,57,2234332156,2234332156,NCU,NA,NA,NA,NA,NA,NA,NA,NA,North Carolina,Cumberland,NA,NA,NA,NA,NA,Raphanus raphanistrum L.,raphanistrum
1998596560,1,4,4,1998596560,1998596560,NEBC,G. G. Kennedy,1899-06-21,172,172,1899,6,21,21 June 1899,Massachusetts,Norfolk County,Westwood,Westwood,NA,NA,NA,Raphanus raphanistrum L.,raphanistrum
2234331794,2,7,3,2234331794,2234331794,NCU,NA,NA,NA,NA,NA,NA,NA,NA,North Carolina,Wayne,NA,NA,NA,NA,NA,Raphanus raphanistrum L.,raphanistrum
3865097249,0,0,9,3865097249,3865097249,PH,"Robert L. Schaeffer, Jr.",1941-08-15,227,227,1941,8,15,NA,Pennsylvania,Northampton,NA,along Bertsch Creek 0.5 to 1 mi. SW of Slate Valley,40.746463,-75.583278,804.0,Raphanus sativus L.,sativus
3865108367,5,2,2,3865108367,3865108367,PH,"Robert L. Schaeffer, Jr.",1951-07-03,184,184,1951,7,3,NA,Pennsylvania,Northampton,NA,2 mi. NE of Point Phillip,40.816976,-75.388388,1252.0,Raphanus raphanistrum L.,raphanistrum
5103834828,0,6,21,5103834828,5103834828,WILLI,"Daggy, Tom",1972-05-07,128,128,1972,5,7,NA,South Carolina,Chesterfield,NA,"Sandy roadside, S.C. Rd. 145 near junction with U.S. Rd. 1.",NA,NA,NA,Raphanus raphanistrum L.,raphanistrum
3865374371,0,0,10,3865374371,3865374371,PH,Bayard Long,1943-11-14,318,318,1943,11,14,NA,Pennsylvania,Montgomery,NA,"along brook ca 0.5 mi. N of R.R. station, Woodmont",40.164856,-75.07175,411.0,Raphanus raphanistrum L.,raphanistrum
2573522266,0,4,5,2573522266,2573522266,COLO,NA,NA,NA,NA,NA,NA,NA,NA,New Jersey,NA,NA,NA,NA,NA,NA,Raphanus raphanistrum L.,raphanistrum
3091277551,1,4,7,3091277551,3091277551,ASC,R. Smith,1975-05-31,151,151,1975,5,31,NA,California,Orange,NA,"Town and Country, off Main street in Orange",33.787794,-117.853112,9290.0,Raphanus sativus L.,sativus
3829914350,0,3,1,3829914350,3829914350,MISSA,Sula Vanderplank & M. Hodson,2003-03,NA,NA,2003,3,NA,"March, 2003",Mississippi,Lafayette,NA,"Just N of Old Taylor Rd on E side of South Lamar, Oxford",34.355,-89.518667,NA,Raphanus sativus L.,sativus
5011564408,1,2,0,5011564408,5011564408,CCUH,"Tate, Laurie",1993-02-11,42,42,1993,2,11,NA,South Carolina,Horry,NA,NA,NA,NA,NA,Raphanus raphanistrum L.,raphanistrum
5072730521,1,8,14,5072730521,5072730521,PEMB,NA,NA,NA,NA,NA,NA,NA,NA,North Carolina,Hoke,NA,NA,NA,NA,NA,Raphanus raphanistrum L.,raphanistrum
2234331517,3,3,8,2234331517,2234331517,NCU,NA,NA,NA,NA,NA,NA,NA,NA,South Carolina,Richland,NA,NA,NA,NA,NA,Raphanus raphanistrum L.,raphanistrum
2573487873,3,7,8,2573487873,2573487873,COLO,NA,NA,NA,NA,NA,NA,NA,NA,Massachusetts,NA,NA,NA,NA,NA,NA,Raphanus raphanistrum L.,raphanistrum
YOSE109091,0,1,0,YOSE109091,NA,NA,NA,NA,NA,NA,NA,NA,NA,NA,NA,NA,NA,NA,NA,NA,NA,NA,NA
3865104313,0,0,1,3865104313,3865104313,PH,Bayard Long,1952-11-20,325,325,1952,11,20,"November 20, 1952",Pennsylvania,Bucks,NA,ca. 0.5 mi. NW of Siles,NA,NA,NA,Raphanus raphanistrum L.,raphanistrum
2430560567,0,0,71,2430560567,2430560567,RSA,R. F. Thorne,1966-04-29,119,119,1966,4,29,"April 29, 1966",California,Los Angeles,NA,Santa Catalina Island: ranch in Middle Ranch Canyon,33.357058,-118.436179,203.0,Raphanus raphanistrum L.,raphanistrum
3969781019,1,11,5,3969781019,3969781019,BRIT,NA,NA,NA,NA,NA,NA,NA,NA,NA,NA,NA,NA,NA,NA,NA,Raphanus raphanistrum L.,raphanistrum
1998722120,0,2,7,1998722120,1998722120,NEBC,E. W. Hervey,NA,NA,NA,NA,NA,NA,NA,Massachusetts,Bristol County,New Bedford,New Bedford,41.64328,-70.93263,3910m,Raphanus raphanistrum L.,raphanistrum
1999049354,1,9,5,1999049354,1999049354,NEBC,R. I. Bertin,2006-06-30,181,181,2006,6,30,"June 30, 2006",Massachusetts,Worcester County,Blackstone,Blackstone,42.04479,-71.53329,3500,Raphanus raphanistrum L.,raphanistrum
3969795109,4,16,15,3969795109,3969795109,BRIT,NA,NA,NA,NA,NA,NA,NA,NA,NA,NA,NA,NA,NA,NA,NA,Raphanus sativus L.,sativus
SML_4527874197,1,5,8,SML_4527874197,4527874197,NEBC,"R. Y. Kartzinel, D. McGrady & S. Johnson",2022-08-27,239,239,2022,8,27,NA,Rhode Island,Bristol County,Bristol,"Mt Hope Farm, Mt Hope Bay",NA,NA,NA,Raphanus raphanistrum L.,raphanistrum
5103890830,1,12,22,5103890830,5103890830,WILLI,"Phillips, Wesley",1968-07-10,192,192,1968,7,10,NA,Virginia,York,NA,Yorktown Last cultivated field. Yorktown Battlefield Tour Road,37.2135,-76.511298,2000.0,Raphanus raphanistrum L.,raphanistrum
CDA-0043873,1,32,10,CDA-0043873,3059684560,CDA,G.K. Helmkamp; E.A. Helmkamp,2010-04-14,104,104,2010,4,14,4/14/2010,California,Solano,NA,"Tremont Road, 0.8 mile west of Mace Blvd, 3.8 mi. (air) SE of Davis. Southern Sacramento Valley.",38.5,-121.71,NA,Raphanus sativus L.,sativus
4102035532,3,2,3,4102035532,4102035532,BRIT,NA,NA,NA,NA,NA,NA,NA,NA,California,Mendocino,NA,NA,NA,NA,NA,Raphanus sativus L.,sativus
4088570155,4,10,50,4088570155,4088570155,USMS,"Barnes, Joel",1976-04-03,94,94,1976,4,3,4/3/1976,Mississippi,Lamar,NA,3-5 mi W of Hattiesburg via Hwy 98,31.322252,-89.376329,994.0,Raphanus raphanistrum L.,raphanistrum
4929352608,2,7,15,4929352608,4929352608,DAV,Shane Hanofee,2024-03-06,66,66,2024,3,6,March 6 2024,California,Nevada,NA,"Along Perimeter Rd, 1000' north of intersection with Rock Mountain Rd.",39.051371,-121.221072,NA,Raphanus sativus L.,sativus
3744713765,0,5,11,3744713765,3744713765,UNA,Robert R. Haynes,1993-03-28,87,87,1993,3,28,3/28/1993,Alabama,Coffee,NA,vicinity of the City of Opportunity T5NR20ES13,31.4,-85.99,NA,Raphanus raphanistrum L.,raphanistrum
2430136343,0,6,28,2430136343,2430136343,RSA,Scott D. White; B. Leatherman,1997-04-04,94,94,1997,4,4,4 Apr 1997,California,Fresno,NA,"Kings River, E of Centerville, just S of Hwy 180 (Kings Canyon road) just N of existing gravel quarry.; Wahtoke 7.5’",36.725,-119.475,NA,Raphanus raphanistrum L.,raphanistrum
5207750301,4,10,40,5207750301,5207750301,RSA,Richard R. Halse,2020-09-04,248,248,2020,9,4,NA,Oregon,Benton,NA,"Corvallis; along S. 3rd St., by junction with Richland Ave., on west side of street by bus stop.",NA,NA,NA,Raphanus raphanistrum L.,raphanistrum
3746436858,5,7,5,3746436858,3746436858,CHRB,John Haskell,1961-03-12,71,71,1961,3,12,"March 12, 1961",California,Los Angeles,Claremont,Pomona College,NA,NA,NA,Raphanus raphanistrum L.,raphanistrum
4067794457,2,8,15,4067794457,4067794457,MCA,"R. L. Schaeffer, Jr.",1967-07-05,186,186,1967,7,5,NA,Pennsylvania,Carbon,NA,just E of Big Creek,40.845648,-75.647966,3036.0,Raphanus raphanistrum L.,raphanistrum
1999136716,3,6,3,1999136716,1999136716,NEBC,"C. F. Jenney, J. R. Churchill & A. F. Hill",1919-06-30,181,181,1919,6,30,"June 30, 1919",Maine,NA,NA,Monhegan Island,43.76521,-69.31238,1300,Raphanus raphanistrum L.,raphanistrum
3865108371,0,0,5,3865108371,3865108371,PH,Ida K. Langman,1935-07-10,191,191,1935,7,10,NA,Pennsylvania,Monroe,NA,2 mi. SE of Mt. Pocono,41.107097,-75.342018,947.0,Raphanus raphanistrum L.,raphanistrum
5208943620,1,8,26,5208943620,5208943620,UCSB,Michael P. Williams,2005-03-21,80,80,2005,3,21,21 March 2005,California,Santa Barbara,NA,"Southern foothills of the San Rafael Range, Sedgwick Reserve, airstrip mesa off west side of road.",34.710377,-120.040476,3800.0,Raphanus sativus L.,sativus
3897880700,1,9,5,3897880700,3897880700,CHRB,NA,NA,NA,NA,NA,NA,NA,NA,New Jersey,Cape May,NA,NA,NA,NA,NA,Raphanus raphanistrum L.,raphanistrum
SML_1998926984,0,2,4,SML_1998926984,1998926984,ECON,F. J. Tyler,1906-07-21,202,202,1906,7,21,NA,Virginia,NA,NA,Arlington Farm,NA,NA,NA,Raphanus sativus L.,sativus
1999321022,3,10,12,1999321022,1999321022,GH,[no data available],1894-10-20,293,293,1894,10,20,"Oct. 20, 1894",Massachusetts,Middlesex County,Medford,Medford,42.42762,-71.10837,3000,Raphanus raphanistrum L.,raphanistrum
2234331501,2,5,23,2234331501,2234331501,NCU,"Radford, A. E.",1958-04-27,117,117,1958,4,27,NA,North Carolina,Greene,NA,3 miles NW of Willow Green,NA,NA,NA,Raphanus raphanistrum L.,raphanistrum
2512767893,1,0,5,2512767893,2512767893,US,F. N. Vasey,1897-08-04,216,216,1897,8,4,NA,Massachusetts,NA,NA,Nantucket.,NA,NA,NA,Raphanus raphanistrum L.,raphanistrum
5070543332,1,0,1,5070543332,5070543332,BALT,NA,NA,NA,NA,NA,NA,NA,NA,NA,NA,NA,NA,NA,NA,NA,Raphanus L.,NA
3865368295,1,3,24,3865368295,3865368295,PH,Thomas C. Porter,1896-06-29,181,181,1896,6,29,NA,Pennsylvania,Northampton,NA,"College Hill, Easton",40.703229,-75.207386,1373.0,Raphanus raphanistrum L.,raphanistrum
5070543298,5,33,14,5070543298,5070543298,BALT,NA,NA,NA,NA,NA,NA,NA,NA,NA,NA,NA,NA,NA,NA,NA,Raphanus L.,NA
5170655139,0,7,53,5170655139,5170655139,State University of New York Oswego,M. E. Faust,1946-07-06,187,187,1946,7,6,NA,New York,Onondaga,Pompey,"Fiddling A Bradley Field toward Pompey, W. side of Rd.",NA,NA,NA,Raphanus L.,NA
3969684006,0,1,13,3969684006,3969684006,BRIT,NA,NA,NA,NA,NA,NA,NA,NA,NA,NA,NA,NA,NA,NA,NA,Raphanus sativus L.,sativus
SML_1998815368,0,2,0,SML_1998815368,1998815368,GH,H. Laing,1957-05-01,121,121,1957,5,1,NA,North Carolina,Harnett County,NA,"bank of Black River, approx. 2.5 mi. s. of Dunn.",NA,NA,NA,Raphanus raphanistrum L.,raphanistrum
3820608943,0,2,24,3820608943,3820608943,OSU,Georgia S. Mason; Georgia Mason,1974-07-06,187,187,1974,7,6,NA,Oregon,Lane,NA,"Off Seavey Loop, southeast of Eugene; near the Willamette River.",NA,NA,NA,Raphanus raphanistrum L.,raphanistrum
4976699544,5,12,43,4976699544,4976699544,GMUF,Chris Johnstone,2006-04-23,113,113,2006,4,23,NA,Virginia,Richmond,NA,Totuskey Creek Watershed,37.949167,-76.607778,NA,Raphanus raphanistrum L.,raphanistrum
2573012427,0,0,1,2573012427,2573012427,VT,NA,NA,NA,NA,NA,NA,NA,NA,NA,NA,NA,NA,NA,NA,NA,Raphanus L.,NA
5103891759,3,6,24,5103891759,5103891759,WILLI,"Train, E L",1977-05-18,138,138,1977,5,18,NA,Virginia,Middlesex,NA,1 mi S of intersection of Rt 603 and 612,NA,NA,NA,Raphanus raphanistrum L.,raphanistrum
2234331741,0,4,11,2234331741,2234331741,NCU,NA,NA,NA,NA,NA,NA,NA,NA,South Carolina,York,NA,NA,NA,NA,NA,Raphanus raphanistrum L.,raphanistrum
5067923809,0,2,56,5067923809,5067923809,University of New Hampshire,H. H. Lamson,1891-07,NA,NA,1891,7,NA,NA,New Hampshire,Grafton,Hanover,[no precise locality],43.71556,-72.19101,9733.0,Raphanus raphanistrum L.,raphanistrum
2430373690,0,2,19,2430373690,2430373690,RSA,Hulda Crooks,1945-10-25,298,298,1945,10,25,"Oct. 25, 1945",California,San Bernardino,NA,Loma Linda. Santa Ana River.,34.04608,-117.25847,2414.0,Raphanus raphanistrum L.,raphanistrum
3969864030,0,0,15,3969864030,3969864030,BRIT,NA,NA,NA,NA,NA,NA,NA,NA,NA,NA,NA,NA,NA,NA,NA,Raphanus raphanistrum L.,raphanistrum
3865379345,2,7,35,3865379345,3865379345,PH,Charles S. Williamson,1907-06-22,173,173,1907,6,22,NA,Pennsylvania,Delaware,NA,Lester,39.872008,-75.285821,1302.0,Raphanus raphanistrum L.,raphanistrum
3496963536,2,20,3,3496963536,3496963536,ODU,A. Austin,1966-04-13,103,103,1966,4,13,NA,North Carolina,Dare,Kitty Hawk,outer banks highway bypass 5 miles N of Kill Devil Hills,36.089769,-75.718644,2350.0,Raphanus raphanistrum L.,raphanistrum
SML_5072863701,3,8,17,SML_5072863701,5072863701,K,[R.A.],NA,NA,NA,NA,NA,NA,s.d.,NA,NA,NA,[Praidens],NA,NA,NA,Raphanus raphanistrum L.,raphanistrum
4601577307,2,4,1,4601577307,4601577307,DOV,Roy D. Thomas,2003-03-09,68,68,2003,3,9,9 March 2003,Alabama,Tuscaloosa,NA,"Along I-20 and I-59, 1 mile N of Fosters Exit and just S of the Black Warrior River S of Tuscaloosa.",33.10706,-87.6772,500,Raphanus raphanistrum L.,raphanistrum
1998652068,2,5,0,1998652068,1998652068,NEBC,B. N. Gates,1945-05-27,147,147,1945,5,27,27 May 1945,Massachusetts,Worcester County,Leicester,Leicester,NA,NA,NA,Raphanus raphanistrum L.,raphanistrum
2573486872,0,3,4,2573486872,2573486872,COLO,NA,NA,NA,NA,NA,NA,NA,NA,California,San Francisco,NA,NA,NA,NA,NA,Raphanus sativus L.,sativus
3344481321,7,8,6,3344481321,3344481321,CLEMS,Mary G. Douglass,1979-04-21,111,111,1979,4,21,NA,South Carolina,Lexington,NA,Lexington,NA,NA,NA,Raphanus raphanistrum L.,raphanistrum
4102018364,0,1,0,4102018364,4102018364,BRIT,NA,NA,NA,NA,NA,NA,NA,NA,Vermont,Windham,NA,NA,NA,NA,NA,Raphanus sativus L.,sativus
3865362266,2,1,19,3865362266,3865362266,PH,"Robert L. Schaeffer, Jr.",1960-08-16,229,229,1960,8,16,NA,Pennsylvania,Lehigh,NA,3 mi. S of Dorneyville,NA,NA,NA,Raphanus sativus L.,sativus
CDA-0008773,3,27,44,CDA-0008773,3059684852,CDA,Richard R. Halse,2007-03-22,81,81,2007,3,22,3/22/2007,California,Colusa,NA,"By the junction of 5th Street and B Street, Williams. (39.1586° N,122.14724° W).",39.16,-122.15,NA,Raphanus raphanistrum L.,raphanistrum
4601577311,2,9,26,4601577311,4601577311,DOV,NA,NA,NA,NA,NA,NA,NA,NA,Mississippi,NA,NA,NA,NA,NA,NA,Raphanus sativus L.,sativus
3865109366,1,1,3,3865109366,3865109366,PH,Edgar T. Wherry,1951-07-09,190,190,1951,7,9,NA,Pennsylvania,Carbon,NA,2 mi. S of Beaver Meadows,40.902782,-75.914644,2582.0,Raphanus sativus L.,sativus
1998621803,2,6,14,1998621803,1998621803,NEBC,M. L. Loomis,1911-06-20,171,171,1911,6,20,"June 20, 1911",Massachusetts,Middlesex County,Sherborn,Sherborn,42.23602,-71.3705,3375,Raphanus raphanistrum L.,raphanistrum
1998579906,0,2,36,1998579906,1998579906,GH,B. L. Robinson,1896-07-16,198,198,1896,7,16,"16 July, 1896",Massachusetts,Middlesex County,Cambridge,"Cambridge, near Fresh Pond",42.38523,-71.15043,800,Raphanus raphanistrum L.,raphanistrum
YOSE65260,2,4,1,YOSE65260,NA,NA,NA,NA,NA,NA,NA,NA,NA,NA,NA,NA,NA,NA,NA,NA,NA,NA,NA
3344415263,4,10,27,3344415263,3344415263,CLEMS,"Allen L. Bowers, III",1972-04-27,118,118,1972,4,27,NA,South Carolina,Hampton,NA,Hampton,NA,NA,NA,Raphanus raphanistrum L.,raphanistrum
2430116059,0,9,56,2430116059,2430116059,RSA,E. Neese; E. Painter,1996-04-22,113,113,1996,4,22,22 April 1996,California,Monterey,NA,"Fort Hunter Liggett (Cantonment), Rancho Milpitas Housing Area, ca. 2.0 air km due E of San Antonio River, ca. 2.5 air km due W of Ruby Canyon.",36.004554,-121.231383,NA,Raphanus sativus L.,sativus
2992918306,2,2,9,2992918306,2992918306,USF,C. W. Jenks,1896-10-19,293,293,1896,10,19,NA,Massachusetts,Middlesex Co.,NA,Bedford.,42.4907,-71.2762,NA,Raphanus raphanistrum L.,raphanistrum
3341236061,1,2,2,3341236061,3341236061,SIM,N. L. Britton,1876-05-28,149,149,1876,5,28,NA,New York,Richmond,NA,"New Dorp, Staten Island",40.573994,-74.115976,3036.0,Raphanus raphanistrum L.,raphanistrum
2430074907,0,9,26,2430074907,2430074907,RSA,M. B. Dunkle,1933-04-09,99,99,1933,4,9,4/9/33,California,Orange,NA,Dana Point.,NA,NA,NA,Raphanus sativus L.,sativus
SML_1998560767,3,2,17,SML_1998560767,1998560767,GH,[no data available],NA,NA,NA,NA,NA,NA,NA,Pennsylvania,NA,NA,"In Delaware & Chester Counties, also from Philadelphia",NA,NA,NA,Raphanus raphanistrum L.,raphanistrum
2430435370,2,12,44,2430435370,2430435370,RSA,Elizabeth A. White,1928-05,NA,NA,1928,5,NA,May 1928,California,Los Angeles,NA,El Segundo.,NA,NA,NA,Raphanus sativus L.,sativus
3820608955,0,5,30,3820608955,3820608955,OSU,Aaron I. Liston; Aaron Liston,2006-08-11,223,223,2006,8,11,NA,Oregon,Coos,NA,Bandon.,43.1085,-124.4325,805.0,Raphanus sativus L.,sativus
3897880501,1,18,23,3897880501,3897880501,CHRB,NA,NA,NA,NA,NA,NA,NA,NA,California,Orange,NA,NA,NA,NA,NA,Raphanus raphanistrum L.,raphanistrum
3709849798,2,12,42,3709849798,3709849798,GA,NA,NA,NA,NA,NA,NA,NA,NA,Alabama,Mobile County,NA,"Mobile County, AL",30.68894,-88.03804,15000,Raphanus raphanistrum L.,raphanistrum
3969684010,1,9,14,3969684010,3969684010,BRIT,NA,NA,NA,NA,NA,NA,NA,NA,NA,NA,NA,NA,NA,NA,NA,Raphanus raphanistrum L.,raphanistrum
3978710990,0,2,9,3978710990,3978710990,BAYLU,R. Dale Thomas,1998-01-25,25,25,1998,1,25,NA,Louisiana,Ouachita,NA,Field on Louisiana State University Experiment Station Farm west of I-20 and U.S. 80 interchange at Calhoun,32.488309,-92.11772,24774.0,Raphanus raphanistrum L.,raphanistrum
1999360040,1,4,16,1999360040,1999360040,NEBC,C. W. Jenks,1896-10-19,293,293,1896,10,19,19.X.1896,Massachusetts,Middlesex County,Bedford,Bedford,42.49162,-71.28009,3300,Raphanus raphanistrum L.,raphanistrum
2234331429,2,5,23,2234331429,2234331429,NCU,NA,NA,NA,NA,NA,NA,NA,NA,North Carolina,Robeson,NA,NA,NA,NA,NA,Raphanus raphanistrum L.,raphanistrum
4075454236,0,4,10,4075454236,4075454236,DOV,Henry Hebert,1964-10-20,294,294,1964,10,20,"Oct. 20, 1964",Maryland,Montgomery,NA,"Silver Spring, Xaverian College grounds",39.12518,-77.02787,3000,Raphanus raphanistrum L.,raphanistrum
4102209479,0,1,12,4102209479,4102209479,BRIT,NA,NA,NA,NA,NA,NA,NA,NA,California,Monterey,NA,NA,NA,NA,NA,Raphanus raphanistrum L.,raphanistrum
2430481098,2,1,0,2430481098,2430481098,RSA,Loren Yaussy,1936-02-21,52,52,1936,2,21,Feb 21 1936,California,Kern,NA,Arvin,NA,NA,NA,Raphanus sativus L.,sativus
4102367470,1,0,2,4102367470,4102367470,BRIT,NA,NA,NA,NA,NA,NA,NA,NA,California,Riverside,NA,NA,NA,NA,NA,Raphanus raphanistrum L.,raphanistrum
3865378427,1,1,2,3865378427,3865378427,PH,Phyllis A. Shaw,1961-09,NA,NA,1961,9,NA,NA,Pennsylvania,Potter,NA,1 mi. NW of Inez,41.723584,-78.041149,619.0,Raphanus sativus L.,sativus
SML_5074461240,0,0,4,SML_5074461240,5074461240,University of Rhode Island,Harriet L. Merrow,1911-08-07,219,219,1911,8,7,NA,Rhode Island,Kent,South Kingstown,Kingston URI Campus,41.4467,-71.54742,11590.0,Raphanus raphanistrum L.,raphanistrum
2992913301,1,3,0,2992913301,2992913301,USF,T. O. Fuller,1891-06-21,172,172,1891,6,21,NA,Massachusetts,Norfolk Co.,NA,Needham.,42.2834,-71.2328,NA,Raphanus raphanistrum L.,raphanistrum
3865375350,3,3,2,3865375350,3865375350,PH,"Robert L. Schaeffer, Jr.",1941-08-15,227,227,1941,8,15,NA,Pennsylvania,Northampton,NA,"along Bertsch Creek, 0.5 mi. SW of Slate Valley",40.750095,-75.581385,607.0,Raphanus sativus L.,sativus
3865097245,0,6,16,3865097245,3865097245,PH,Bayard Long,1952-06-26,178,178,1952,6,26,June 26 1952,New Jersey,Middlesex,NA,1 mi NE of Cranbury; 40.326467 -74.500324,40.326467,-74.500324,992.0,Raphanus raphanistrum L.,raphanistrum
2234331632,0,4,11,2234331632,2234331632,NCU,NA,NA,NA,NA,NA,NA,NA,NA,North Carolina,Jones,NA,NA,NA,NA,NA,Raphanus raphanistrum L.,raphanistrum
1999262411,1,2,1,1999262411,1999262411,NEBC,T. W. Wells,1967-08-24,236,236,1967,8,24,"August 24, 1967",Maine,York County,Old Orchard Beach,Old Orchard Beach,43.52113,-70.38483,3400,Raphanus raphanistrum L.,raphanistrum
3897880433,0,2,9,3897880433,3897880433,CHRB,NA,NA,NA,NA,NA,NA,NA,NA,Massachusetts,Hampshire,NA,NA,NA,NA,NA,Raphanus raphanistrum L.,raphanistrum
1998915528,0,0,51,1998915528,1998915528,NEBC,J. R. Churchill,1889-07-12,193,193,1889,7,12,July 12-1889,Massachusetts,Plymouth County,Hingham,Hingham,NA,NA,NA,Raphanus raphanistrum L.,raphanistrum
2234331409,1,1,16,2234331409,2234331409,NCU,NA,NA,NA,NA,NA,NA,NA,NA,North Carolina,Harnett,NA,NA,NA,NA,NA,Raphanus raphanistrum L.,raphanistrum
3744713790,2,4,11,3744713790,3744713790,UNA,Russell A. Meigs,1980-05-28,149,149,1980,5,28,5/28/1980,Alabama,Madison,NA,"strip mine below Whitesburg bridge, Tennessee River S. of Huntsville, T.5.S. R.1.E. S Sec. 30",34.57,-86.56,NA,Raphanus raphanistrum L.,raphanistrum
2234333064,0,0,0,2234333064,2234333064,NCU,NA,NA,NA,NA,NA,NA,NA,NA,South Carolina,Horry,NA,NA,NA,NA,NA,Raphanus raphanistrum L.,raphanistrum
3969683960,0,1,0,3969683960,3969683960,BRIT,NA,NA,NA,NA,NA,NA,NA,NA,NA,NA,NA,NA,NA,NA,NA,Raphanus raphanistrum L.,raphanistrum
5103622291,0,5,5,5103622291,5103622291,UTEP,Collector(s): George K. Helmkamp,1996-09-22,266,266,1996,9,22,22 SEP 1996,California,San Luis Obispo County,NA,"along San Simeon Creek, 0.2 miles E of California Highway 1",35.595,-121.125,NA,Raphanus sativus L.,sativus
2859355401,0,6,9,2859355401,2859355401,CM,"Grisez, T.J.",1985-06-12,163,163,1985,6,12,12 Jun 1985,Pennsylvania,Erie,NA,"E of administration building, in corner by the road, Presque Isle State Park",42.125271,-80.147657,500.0,Raphanus raphanistrum L.,raphanistrum
3865101234,0,7,25,3865101234,3865101234,PH,A. Commons,1897-06-25,176,176,1897,6,25,NA,Delaware,New Castle,NA,Wilmington,39.745947,-75.546589,7283.0,Raphanus sativus L.,sativus
1998683916,1,4,3,1998683916,1998683916,GH,J. M. Greenman,1904-06-04,156,156,1904,6,4,4 June 1904,Massachusetts,Essex County,Ipswich,Ipswich,NA,NA,NA,Raphanus raphanistrum L.,raphanistrum
3897880608,2,12,25,3897880608,3897880608,CHRB,NA,NA,NA,NA,NA,NA,NA,NA,California,Los Angeles,NA,NA,NA,NA,NA,Raphanus raphanistrum L.,raphanistrum
3820608975,1,3,10,3820608975,3820608975,OSU,"Ralph L. Thompson; Ralph L. Thompson, Patricia Thompson",1977-11-17,321,321,1977,11,17,NA,Oregon,Douglas,NA,"Myrtle Island Research Natural Area, 11.3-ha island in the Umpqua River, at end of Cougar CreekRoad, 7.3 km west of Bullock Bridge and OR 138.",43.475,-123.5431,4828.0,Raphanus raphanistrum L.,raphanistrum
3969795113,3,2,12,3969795113,3969795113,BRIT,NA,NA,NA,NA,NA,NA,NA,NA,NA,NA,NA,NA,NA,NA,NA,Raphanus raphanistrum L.,raphanistrum
2234306003,0,1,0,2234306003,2234306003,NCU,"Ahles, Harry E.",1958-04-22,112,112,1958,4,22,NA,North Carolina,Mecklenburg,NA,"weedy field, 2.9 miles north of jct. US 21 and 29 on US 21 (within city limits of Charlotte)",NA,NA,NA,Raphanus raphanistrum L.,raphanistrum
3969781015,1,5,22,3969781015,3969781015,BRIT,NA,NA,NA,NA,NA,NA,NA,NA,NA,NA,NA,NA,NA,NA,NA,Raphanus sativus L.,sativus
5067925816,0,0,5,5067925816,5067925816,University of New Hampshire,W. F. Flint,1876-08,NA,NA,1876,8,NA,NA,New Hampshire,Cheshire,Winchester,[no precise locality],42.7874,-72.40055,9623.0,Raphanus raphanistrum L.,raphanistrum
3709848146,5,0,10,3709848146,3709848146,GA,NA,NA,NA,NA,NA,NA,NA,NA,North Carolina,Brunswick County,NA,"Brunswick County, NC",NA,NA,NA,Raphanus raphanistrum L.,raphanistrum
4102218531,2,12,14,4102218531,4102218531,BRIT,NA,NA,NA,NA,NA,NA,NA,NA,Mississippi,Wilkinson,NA,NA,NA,NA,NA,Raphanus sativus L.,sativus
5070543304,0,1,4,5070543304,5070543304,BALT,Rick Riefner,1976-09-05,249,249,1976,9,5,9/5/1976,Maryland,Harford,NA,"Gunpowder Falls State Park, at Kearney Dr. on margins of Joppatowne Marina",39.40361,-76.35064,500,Raphanus raphanistrum L.,raphanistrum
3969778963,1,1,2,3969778963,3969778963,BRIT,NA,NA,NA,NA,NA,NA,NA,NA,NA,NA,NA,NA,NA,NA,NA,Raphanus raphanistrum L.,raphanistrum
5068491428,8,17,17,5068491428,5068491428,USCS,NA,NA,NA,NA,NA,NA,NA,NA,South Carolina,Spartanburg,NA,NA,NA,NA,NA,Raphanus raphanistrum L.,raphanistrum
3798094148,0,6,25,3798094148,3798094148,CS,D.L. & M.L. Denham,1989-05-21,141,141,1989,5,21,21 May 1989,California,Sacramento County,NA,Weedy lot in Roseville.,NA,NA,NA,Raphanus sativus L.,sativus
3820736895,1,2,2,3820736895,3820736895,OSU,H. A. Scullen; H.A. Scullen,1926-07-12,193,193,1926,7,12,NA,Oregon,Coos,NA,Charleston; Lighthouse grounds.,43.3403,-124.3289,402.0,Raphanus sativus L.,sativus
3897882336,2,5,4,3897882336,3897882336,CHRB,NA,NA,NA,NA,NA,NA,NA,NA,New Jersey,Middlesex,NA,NA,NA,NA,NA,Raphanus raphanistrum L.,raphanistrum
3357383413,1,6,10,3357383413,3357383413,GMUF,"Ted Bradley, Brodeur",1978-05-17,137,137,1978,5,17,17 May 1978,Virginia,Culpeper,NA,Along railroad in Culpeper.,NA,NA,NA,Raphanus sativus L.,sativus
5106272736,0,12,15,5106272736,5106272736,UNCC,NA,NA,NA,NA,NA,NA,NA,NA,North Carolina,Gaston,NA,NA,NA,NA,NA,Raphanus sativus L.,sativus
3970670322,3,3,1,3970670322,3970670322,VT,P. Brave,NA,NA,NA,NA,NA,NA,NA,Vermont,NA,Chittenden Co.,NA,NA,NA,NA,Raphanus raphanistrum L.,raphanistrum
4075454345,1,0,7,4075454345,4075454345,DOV,Merritt J. Murray,1932-09-27,271,271,1932,9,27,9/27/32,New York,Suffolk,NA,Cold Spring Harbor,NA,NA,NA,Raphanus raphanistrum L.,raphanistrum
5067926810,0,1,14,5067926810,5067926810,University of New Hampshire,A. I. Evans;,1903-09-19,262,262,1903,9,19,NA,Maine,York,Old Orchard Beach,NA,43.52395,-70.39051,3312.0,Raphanus raphanistrum L.,raphanistrum
2234336765,0,5,4,2234336765,2234336765,NCU,"Ahles, Harry E.; Bell, C. Ritchie",1956-04-06,97,97,1956,4,6,NA,South Carolina,Hampton,NA,two miles north of Estill on US. Rt. 321,NA,NA,NA,Raphanus raphanistrum L.,raphanistrum
3865107319,2,9,34,3865107319,3865107319,PH,Thomas Breden,1979-10-06,279,279,1979,10,6,NA,New York,Onondaga,NA,"W side of building, ES&F Tully campus, Tully",NA,NA,NA,Raphanus raphanistrum L.,raphanistrum
2573130244,0,0,5,2573130244,2573130244,VT,NA,NA,NA,NA,NA,NA,NA,NA,Vermont,NA,Westminster,NA,43.0745,-72.51026,8375.0,Raphanus raphanistrum L.,raphanistrum
SML_1998636867,0,2,1,SML_1998636867,1998636867,GH,H. E. Stone,1929-06-30,181,181,1929,6,30,NA,Pennsylvania,Chester County,NA,"Valley Creek, near Bacton",NA,NA,NA,Raphanus raphanistrum L.,raphanistrum
5294112234,0,4,0,5294112234,5294112234,UCSC,E. Edinger,1985-01-01,1,1,1985,1,1,NA,California,San Mateo,NA,Año Nuevo State Reserve.,NA,NA,NA,Raphanus sativus L.,sativus
1998898180,0,2,14,1998898180,1998898180,NEBC,J. F. Collins,1935-06-22,173,173,1935,6,22,22 June 1935,Rhode Island,NA,NA,West Barrington,NA,NA,NA,Raphanus sativus L.,sativus
3341236057,0,3,23,3341236057,3341236057,SIM,Unknown,NA,NA,NA,NA,NA,NA,July,New York,Richmond,NA,Staten Island,40.583438,-74.149588,5421.0,Raphanus raphanistrum L.,raphanistrum
3865364296,0,4,9,3865364296,3865364296,PH,Isaac Burk,NA,NA,NA,NA,NA,NA,s.d.,Pennsylvania,Philadelphia,NA,"Salt Works, Philadelphia",NA,NA,NA,Raphanus raphanistrum L.,raphanistrum
2430274305,1,1,34,2430274305,2430274305,RSA,Michael Denslow; S. D. Boyd,2003-05-07,127,127,2003,5,7,7 May 2003,California,Los Angeles,NA,Angeles National ForestSan Gabriel Mountains region: Glendora Ridge Motorway (1N26) west of intersection with Glendora Mountain Road (2N08).; Glendora Quad,34.175222,-117.849806,NA,Raphanus raphanistrum L.,raphanistrum
2234331366,4,7,6,2234331366,2234331366,NCU,"Knight, R. L.",1973-03-16,75,75,1973,3,16,NA,South Carolina,Chesterfield,NA,NA,NA,NA,NA,Raphanus raphanistrum L.,raphanistrum
SML_5198222848,4,2,1,SML_5198222848,5198222848,CAS,"Sanders, A. C.",1989-06-29,180,180,1989,6,29,29 Jun 1989,Rhode Island,Washington County,NA,"Narragansett Bay area: Bonnett Shores, including Bonnett Point and Wesquage Pond, town of Narragansett.",NA,NA,NA,Raphanus raphanistrum L.,raphanistrum
4102367466,0,13,23,4102367466,4102367466,BRIT,NA,NA,NA,NA,NA,NA,NA,NA,California,Tehama,NA,NA,NA,NA,NA,Raphanus sativus L.,sativus
2859092861,0,2,16,2859092861,2859092861,CM,"Henry, L.K.; Buker, W.E.",1953-09-19,262,262,1953,9,19,19 Sep 1953,Pennsylvania,Erie,NA,2 mi SE of North East along Sixteenmile Creek,42.18856,-79.808486,NA,Raphanus raphanistrum L.,raphanistrum
2234332264,8,12,29,2234332264,2234332264,NCU,NA,NA,NA,NA,NA,NA,NA,NA,South Carolina,Barnwell,NA,NA,NA,NA,NA,Raphanus raphanistrum L.,raphanistrum
3865094243,0,2,0,3865094243,3865094243,PH,Alexander Macelwee,1892-06-04,156,156,1892,6,4,June 4 1892,New Jersey,Camden,NA,Camden,39.925946,-75.11962,5541.0,Raphanus sativus L.,sativus
5068501431,1,12,46,5068501431,5068501431,USCS,NA,NA,NA,NA,NA,NA,NA,NA,South Carolina,Calhoun,NA,NA,NA,NA,NA,Raphanus raphanistrum L.,raphanistrum
CDA-0012718,0,4,2,CDA-0012718,3059684848,CDA,G.F. Hrusa,1990-05-16,136,136,1990,5,16,5/16/1990,California,Sacramento,NA,Vicinity of gravel mining operation at Mississippi Bar. Natoma Unit - Folsom Lake State Rec. Area.,38.65,-121.19,NA,Raphanus sativus L.,sativus
SML_1998881573,0,4,0,SML_1998881573,1998881573,GH,[data not captured],1931-05-29,149,149,1931,5,29,NA,Virginia,NA,Richmond (Virginia),Campus,NA,NA,NA,Raphanus raphanistrum L.,raphanistrum
3865096291,0,0,3,3865096291,3865096291,PH,Helen I. Kennedy,1950-07-05,186,186,1950,7,5,NA,Pennsylvania,Adams,NA,1 mi. S McSherrystown,39.771439,-77.013593,3522.0,Raphanus raphanistrum L.,raphanistrum
2430549978,2,6,0,2430549978,2430549978,RSA,Joseph M. Keefe,2001-01-24,24,24,2001,1,24,24 January 2001,California,Los Angeles,NA,"Verdugo Mountains: East side of Arroyo Seco, 2 meters west of curb, across street from 1590 Arroyo Boulevard at Howard Street, Pasadena.",34.174222,-118.167111,NA,Raphanus sativus L.,sativus
2573522440,2,7,4,2573522440,2573522440,COLO,NA,NA,NA,NA,NA,NA,NA,NA,California,Los Angeles,NA,NA,NA,NA,NA,Raphanus L.,NA
3865375346,0,0,2,3865375346,3865375346,PH,"Robert L. Schaeffer, Jr.",1959-06-29,180,180,1959,6,29,NA,Pennsylvania,Lehigh,NA,2 mi. W of Emmaus,40.539536,-75.534991,1838.0,Raphanus sativus L.,sativus
SML_3395813387,3,10,34,SML_3395813387,3395813387,NEBC,L. Sneddon,1985-07,NA,NA,1985,7,NA,NA,Massachusetts,Plymouth County,Marshfield,Daniel Webster Wildlife Sanctuary,NA,NA,NA,Raphanus raphanistrum L.,raphanistrum
SML_5198185854,1,3,37,SML_5198185854,5198185854,CAS,"Halse, Richard R.",2020-09-04,248,248,2020,9,4,4 Sept. 2020,Oregon,Benton County,NA,"Corvallis; along S. 3rd St., by junction with Richland Ave., on west side of street by bus stop.",NA,NA,NA,Raphanus raphanistrum L.,raphanistrum
5103569111,0,4,12,5103569111,5103569111,UTEP,Collector(s): unknown,1983-10-30,303,303,1983,10,30,30-Oct-83,California,San Luis Obispo County,NA,S end of Huasna Township Road,35.089052,-120.370581,100.0,Raphanus sativus L.,sativus
2234333619,4,2,0,2234333619,2234333619,NCU,NA,NA,NA,NA,NA,NA,NA,NA,Virginia,Suffolk City,NA,NA,NA,NA,NA,Raphanus raphanistrum L.,raphanistrum
3344481317,4,25,28,3344481317,3344481317,CLEMS,"Boulware, Meg",1968-04-13,104,104,1968,4,13,NA,South Carolina,Fairfield,NA,"5 mi. SE of Winnsboro, Old Field Common.",NA,NA,NA,Raphanus raphanistrum L.,raphanistrum
2417979840,3,16,7,2417979840,2417979840,CHSC,Georgia Mason,1975-05-04,124,124,1975,5,4,05/04/1975,Oregon,Lane,NA,"Goodpasture Island Road, Eugene. Along the Willamette River.",NA,NA,NA,Raphanus raphanistrum L.,raphanistrum
5886721746,0,3,0,5886721746,5886721746,State University of New York Oswego,S. Boltz,2006-04-18,108,108,2006,4,18,4/18/06,Virginia,NA,Norfolk,Vacant lot at intersection of 46th Street and Killiam Ave.; northwest corner.,NA,NA,NA,Raphanus raphanistrum L.,raphanistrum
5072730540,5,7,22,5072730540,5072730540,PEMB,NA,NA,NA,NA,NA,NA,NA,NA,North Carolina,Hoke,NA,NA,NA,NA,NA,Raphanus raphanistrum L.,raphanistrum
5070836818,2,22,13,5070836818,5070836818,WEWO,"Carter, J. H., III",1973-04-06,96,96,1973,4,6,NA,North Carolina,Moore,Southern Pines,3.5 mi. NNE. of Southern Pines... (SR 1802),NA,NA,NA,Raphanus raphanistrum L.,raphanistrum
5068491384,0,3,22,5068491384,5068491384,USCS,NA,NA,NA,NA,NA,NA,NA,NA,South Carolina,Chester,NA,NA,NA,NA,NA,Raphanus raphanistrum L.,raphanistrum
4010713829,0,5,11,4010713829,4010713829,CHRB,NA,NA,NA,NA,NA,NA,NA,NA,New Jersey,Sussex,NA,NA,NA,NA,NA,Raphanus raphanistrum L.,raphanistrum
2430343154,1,13,20,2430343154,2430343154,RSA,George K. Helmkamp; E. A. Helmkamp,2008-10-06,280,280,2008,10,6,06 Oct 2008,California,Yuba,NA,"Ostrom #3 Road, 1.2 miles east of junction with CA-65, southeast of Olivehurst; Olivehurst 7.5’ Q.",39.070556,-121.4975,1000.0,Raphanus raphanistrum L.,raphanistrum
1998917651,0,5,25,1998917651,1998917651,NEBC,Sydney Harris,1897-06-27,178,178,1897,6,27,June 27 1897,Massachusetts,Norfolk County,Norwood,Norwood,42.1891,-71.19835,3000,Raphanus sativus L.,sativus
2237844229,0,19,41,2237844229,2237844229,USU,R.R. Halse,2014-07-21,202,202,2014,7,21,21 July 2014,Oregon,Coos,NA,"Along Mars Lane by its intersection with Rohrer Road, just S of Bandon.",43.087215,-124.432799,805.0,Raphanus raphanistrum L.,raphanistrum
2573081214,0,0,0,2573081214,2573081214,VT,NA,1938-06-19,170,170,1938,6,19,1938-6-19,Connecticut,Litchfield,Morris,NA,41.6898,-73.20799,6031.0,Raphanus raphanistrum L.,raphanistrum
4912151101,1,16,22,4912151101,4912151101,BRY,K. Dobry,1991-06-13,164,164,1991,6,13,1991-6-13,California,Los Angeles,NA,"SW section of Soka University, Los Vergenes Road and Mulholland Hwy. Santa Monica Mountains.",34.1035,-118.71151,NA,Raphanus sativus L.,sativus
4912250315,0,1,18,4912250315,4912250315,BRY,Richard R. Halse,2020-09-04,248,248,2020,9,4,2020-9-4,Oregon,Benton,NA,"Corvallis; along S. 3rd St., by junction with Richland Ave., on west side of street by bus stop.",44.54222,-123.26641,NA,Raphanus raphanistrum L.,raphanistrum
5011564469,1,8,15,5011564469,5011564469,CCUH,"Edwards, Page",1979-03-26,85,85,1979,3,26,NA,South Carolina,Horry,NA,NA,NA,NA,NA,Raphanus raphanistrum L.,raphanistrum
3829914331,3,8,33,3829914331,3829914331,MISSA,John R. MacDonald,1996-06-01,153,153,1996,6,1,NA,Mississippi,Monroe,NA,in area of new bypass around Hamilton; Hwy 45 at 3.3 mi N of jct with Hwy 373,33.74028,-88.41111,3036.0,Raphanus sativus L.,sativus
2234331960,0,9,50,2234331960,2234331960,NCU,NA,NA,NA,NA,NA,NA,NA,NA,North Carolina,Pamlico,NA,NA,NA,NA,NA,Raphanus raphanistrum L.,raphanistrum
3865094238,3,4,0,3865094238,3865094238,PH,Hugh E. Stone,1927-05-30,150,150,1927,5,30,NA,Pennsylvania,Chester,NA,Bacton,40.056772,-75.586315,895.0,Raphanus raphanistrum L.,raphanistrum
CDA-0025105,0,2,37,CDA-0025105,3059684857,CDA,Richard R. Halse,2006-09-11,254,254,2006,9,11,9/11/2006,Oregon,Clatsop,NA,"Hammond; shore of the Columbia River in the boat basin. (46.20615° N, 123.95159° W, WGS84).",46.21,-123.95,NA,Raphanus raphanistrum L.,raphanistrum
1999289571,0,13,21,1999289571,1999289571,NEBC,S. N. F. Sanford & D. L. Ordway,1934-07-04,185,185,1934,7,4,July 4. 1934,Massachusetts,Norfolk County,Bellingham,Bellingham,NA,NA,NA,Raphanus raphanistrum L.,raphanistrum
2573519157,0,6,48,2573519157,2573519157,COLO,NA,NA,NA,NA,NA,NA,NA,NA,California,NA,NA,NA,NA,NA,NA,Raphanus raphanistrum L.,raphanistrum
5067927811,0,1,0,5067927811,5067927811,University of New Hampshire,A. C. French,1882-06-03,154,154,1882,6,3,NA,New Hampshire,Grafton,Hanover,[no precise locality],43.71556,-72.19101,9733.0,Raphanus raphanistrum L.,raphanistrum
4101879460,1,2,24,4101879460,4101879460,BRIT,NA,NA,NA,NA,NA,NA,NA,NA,Louisiana,NA,NA,NA,NA,NA,NA,Raphanus raphanistrum L.,raphanistrum
5070543294,0,2,3,5070543294,5070543294,BALT,R. Stewart,1973-05-29,149,149,1973,5,29,5/29/1973,Maryland,Prince Georges,NA,"Beltsville, Virginia Manor Rd, 400 m. N of high school",39.06113,-76.89183,450,Raphanus raphanistrum L.,raphanistrum
3820739865,2,20,21,3820739865,3820739865,OSU,Georgia S. Mason; Georgia Mason,1975-05-04,124,124,1975,5,4,NA,Oregon,Lane,NA,"Goodpasture Island Road, Eugene; along the Willamette River.",44.0842,-123.1113,9656.0,Raphanus raphanistrum L.,raphanistrum
3865368299,0,0,12,3865368299,3865368299,PH,Edgar T. Wherry,1950-07-12,193,193,1950,7,12,NA,Pennsylvania,Bucks,NA,1 mi. SW of Hilltown,NA,NA,NA,Raphanus raphanistrum L.,raphanistrum
3865093284,0,1,0,3865093284,3865093284,PH,John K. Small,1887-07,NA,NA,1887,7,NA,NA,Pennsylvania,Centre,NA,State College,40.793395,-77.860001,4082.0,Raphanus sativus L.,sativus
3969778959,3,10,3,3969778959,3969778959,BRIT,NA,NA,NA,NA,NA,NA,NA,NA,NA,NA,NA,NA,NA,NA,NA,Raphanus sativus L.,sativus
2989916276,8,13,1,2989916276,2989916276,RSA,Tim Turmezei,1988-03-02,62,62,1988,3,2,2 March 88,California,Los Angeles,NA,Walnut Creek.,NA,NA,NA,Raphanus sativus L.,sativus
3496963490,0,1,24,3496963490,3496963490,ODU,Robert F. Britt,1965-05-23,143,143,1965,5,23,NA,North Carolina,Robeson,NA,4.5 miles SSW of St. Pauls along Co. 1765,34.756505,-79.017974,450.0,Raphanus raphanistrum L.,raphanistrum
3897880665,3,5,10,3897880665,3897880665,CHRB,NA,NA,NA,NA,NA,NA,NA,NA,New Jersey,Camden,NA,NA,NA,NA,NA,Raphanus raphanistrum L.,raphanistrum
2234331872,1,12,48,2234331872,2234331872,NCU,NA,NA,NA,NA,NA,NA,NA,NA,North Carolina,Cleveland,NA,NA,NA,NA,NA,Raphanus raphanistrum L.,raphanistrum
3865379349,0,17,8,3865379349,3865379349,PH,"Robert L. Schaeffer, Jr.",1939-07-09,190,190,1939,7,9,NA,Pennsylvania,Lehigh,NA,0.5 mi. W of Fogelsville,40.583151,-75.642229,2302.0,Raphanus sativus L.,sativus
3865363251,0,4,2,3865363251,3865363251,PH,Bayard Long,1950-06-08,159,159,1950,6,8,8 June 1950,New Jersey,Mercer,NA,"along Crosswicks Creek, S of White Horse",40.182665,-74.703748,1239.0,Raphanus raphanistrum L.,raphanistrum
4088570122,0,0,2,4088570122,4088570122,USMS,"Barnes, Joel",1976-04-03,94,94,1976,4,3,4/3/1976,Mississippi,Lamar,NA,3-5 mi W of Hattiesburg via Hwy 98,31.322252,-89.376329,994.0,Raphanus raphanistrum L.,raphanistrum
3865092211,0,1,7,3865092211,3865092211,PH,Hugh E. Stone,1929-06-30,181,181,1929,6,30,NA,Pennsylvania,Chester,NA,"valley creek, near Bacton",40.054177,-75.580135,869.0,Raphanus raphanistrum L.,raphanistrum
2573103733,2,2,9,2573103733,2573103733,VT,NA,NA,NA,NA,NA,NA,NA,NA,Vermont,NA,Brandon,NA,43.79975,-73.08017,7790.0,Raphanus sativus L.,sativus
3969592830,0,10,3,3969592830,3969592830,BRIT,NA,NA,NA,NA,NA,NA,NA,NA,NA,NA,NA,NA,NA,NA,NA,Raphanus raphanistrum L.,raphanistrum
3344481291,0,5,7,3344481291,3344481291,CLEMS,"Damrel, D.Z.",2012-03-15,75,75,2012,3,15,NA,South Carolina,Oconee,NA,"(CXF) Clemson Experimental Forest. Horse Head Point Natural Division (#6); gated area to the E of Old Clemson Hwy, on the Powerline access road. At jct of road leding to powerline right-of-way.",34.702778,-82.875833,NA,Raphanus sativus L.,sativus
2573092603,0,2,17,2573092603,2573092603,VT,NA,NA,NA,NA,NA,NA,NA,NA,Vermont,NA,Marshfield,NA,44.31569,-72.36097,7956.0,Raphanus raphanistrum L.,raphanistrum
3886934600,0,1,18,3886934600,3886934600,HTTU,"Richard W. Simmers, Jr.",NA,NA,NA,NA,NA,NA,NA,Massachusetts,Middlesex,NA,NA,NA,NA,NA,Raphanus raphanistrum L.,raphanistrum
3865373302,2,7,1,3865373302,3865373302,PH,David Berkheimer,1955-07-08,189,189,1955,7,8,NA,Pennsylvania,Berks,NA,"railroad station, Barto",40.390947,-75.611044,473.0,Raphanus sativus L.,sativus
CDA-0003830,4,16,29,CDA-0003830,3059684541,CDA,D.G. Kelch; A.G. Murdock,2005-06-17,168,168,2005,6,17,6/17/2005,California,Solano,NA,Southwest corner of Mare Island. Carquinez Strait.,38.07,-122.26,NA,Raphanus sativus L.,sativus
1999259444,3,7,24,1999259444,1999259444,NEBC,C. F. Batchelder,1920-07-06,188,188,1920,7,6,"July 6, 1920",New Hampshire,NA,NA,Merrimac,NA,NA,NA,Raphanus raphanistrum L.,raphanistrum
1999263105,1,0,23,1999263105,1999263105,NEBC,A. S. Pease,1908-09-23,267,267,1908,9,23,"23 Sept., 1908",New Hampshire,Coos County,Berlin,Berlin,NA,NA,NA,Raphanus raphanistrum L.,raphanistrum
3496963486,1,8,26,3496963486,3496963486,ODU,Gregory M. Plunkett,1989-05-26,146,146,1989,5,26,NA,Virginia,Isle of Wight,NA,"roadside along St. Rt. 646, about 3/10 miles NW of intersection with St. Rt. 644, about 4.2 miles NW of Zuni",36.87558,-76.782794,148.0,Raphanus raphanistrum L.,raphanistrum
2515370378,0,9,6,2515370378,2515370378,NA,Davis H,1911-06-30,181,181,1911,6,30,NA,NA,NA,NA,Flora of Eastern Massachusetts. Sudel land. Lynn.,NA,NA,NA,Rapistrum raphanistrum (L.) Crantz,raphanistrum
3469834015,3,10,24,3469834015,3469834015,LSU,Tim Briley,1981-04-20,110,110,1981,4,20,NA,Louisiana,Tensas,NA,NA,NA,NA,NA,Raphanus sativus L.,sativus
3865363247,0,0,1,3865363247,3865363247,PH,Bayard Long,1956-06-24,176,176,1956,6,24,NA,Pennsylvania,Bucks,NA,ca 1 mi. ENE of Midway,40.14139,-74.873305,868.0,Raphanus raphanistrum L.,raphanistrum
2859338849,0,0,3,2859338849,2859338849,CM,"Berkheimer, D.",1940-08-18,231,231,1940,8,18,18 Aug 1940,Pennsylvania,Bedford,NA,1.12 mi SW of Weyant,40.201932,-78.571159,3263.0,Raphanus raphanistrum L.,raphanistrum
5067923813,0,3,29,5067923813,5067923813,University of New Hampshire,A. R. Hodgdon; Y. T. Kiang;J. Mitchell,1973-06-29,180,180,1973,6,29,NA,New Hampshire,Strafford,Madbury,Laton Farm,43.17479,-70.94086,8758.0,Raphanus raphanistrum L.,raphanistrum
3344481287,3,12,7,3344481287,3344481287,CLEMS,"Hill, S.",1990-06-05,156,156,1990,6,5,NA,South Carolina,Pickens,NA,"156 (=136) Cedar Creek Circle, Central.",NA,NA,NA,Raphanus sativus L.,sativus
3969592826,0,16,25,3969592826,3969592826,BRIT,NA,NA,NA,NA,NA,NA,NA,NA,NA,NA,NA,NA,NA,NA,NA,Raphanus sativus L.,sativus
3357380481,0,3,49,3357380481,3357380481,GMUF,"Ted Bradley, Magnone",1977-05-24,144,144,1977,5,24,24 May 1977,Virginia,Middlesex,NA,Along rte. 633 s. of VA 33 and sw of Amburg.,NA,NA,NA,Raphanus raphanistrum L.,raphanistrum
3344414995,1,10,20,3344414995,3344414995,CLEMS,"Richard D. Porcher, Jr.",1980-06-25,177,177,1980,6,25,NA,South Carolina,Berkeley,NA,Berkeley,NA,NA,NA,Raphanus raphanistrum L.,raphanistrum
1999409580,3,18,56,1999409580,1999409580,GH,W. H. Blanchard,1902-08-02,214,214,1902,8,2,"Aug. 2, 1902",New Hampshire,Cheshire County,Hinsdale,Hinsdale,NA,NA,NA,Raphanus raphanistrum L.,raphanistrum
77910,2,9,3,77910,4404981145,RENO,N. Bacon,1967-03-29,88,88,1967,3,29,NA,California,Los Angeles,NA,"Los Angeles City, Glenwood Place, South Gate.",33.953908,-118.222952,600.0,Raphanus sativus L.,sativus
3865376383,0,1,10,3865376383,3865376383,PH,J. H. Mears,1978-06-06,157,157,1978,6,6,"June 6, 1978",Pennsylvania,Philadelphia,NA,"Philadelphia, corner of Race and Parkway between 19th and 20th St.",NA,NA,NA,Raphanus raphanistrum L.,raphanistrum
4134270683,2,1,0,4134270683,4134270683,LYN,NA,NA,NA,NA,NA,NA,NA,NA,Virginia,Campbell,NA,NA,NA,NA,NA,Raphanus raphanistrum L.,raphanistrum
2859339864,1,2,0,2859339864,2859339864,CM,"Buker, W.E.",1945-09-01,244,244,1945,9,1,1 Sep 1945,Pennsylvania,Allegheny,NA,Mayview,40.330187,-80.11025,986.0,Raphanus raphanistrum L.,raphanistrum
5067924817,2,2,14,5067924817,5067924817,University of New Hampshire,L. A. Leavitt;,1903-09-04,247,247,1903,9,4,NA,Massachusetts,Middlesex,Ayer,NA,42.5628,-71.57175,5007.0,Raphanus raphanistrum L.,raphanistrum
2573521651,2,7,21,2573521651,2573521651,COLO,NA,NA,NA,NA,NA,NA,NA,NA,California,Del Norte,NA,NA,NA,NA,NA,Raphanus sativus L.,sativus
3865107323,0,7,9,3865107323,3865107323,PH,Edgar T. Wherry,1961-07-13,194,194,1961,7,13,NA,Pennsylvania,Northumberland,NA,2.25 mi. SSE of Stonington,40.821861,-76.654715,1144.0,Raphanus raphanistrum L.,raphanistrum
SML_3978704823,3,17,3,SML_3978704823,3978704823,BAYLU,W.C. Holmes,1994-02-18,49,49,1994,2,18,NA,Louisiana,Natchitoches,NA,"Lime Kiln road, ca. 3 miles west of Natchitoches at jct with La Hwy 6",31.661908,-93.13542,21747.0,Raphanus sativus L.,sativus
2234331833,0,13,48,2234331833,2234331833,NCU,NA,NA,NA,NA,NA,NA,NA,NA,North Carolina,Caswell,NA,NA,NA,NA,NA,Raphanus raphanistrum L.,raphanistrum
4102209475,4,12,8,4102209475,4102209475,BRIT,NA,NA,NA,NA,NA,NA,NA,NA,California,Yolo,NA,NA,NA,NA,NA,Raphanus sativus L.,sativus
2234331075,2,12,29,2234331075,2234331075,NCU,NA,NA,NA,NA,NA,NA,NA,NA,North Carolina,Columbus,NA,NA,NA,NA,NA,Raphanus raphanistrum L.,raphanistrum
2989938277,0,4,2,2989938277,2989938277,RSA,B.G. Pitzer; Paul Gomez,1996-04-28,119,119,1996,4,28,"Apr. 28, 1996",California,Los Angeles,NA,"Harbor City / City of Wilmington, Ken Malloy Harbor Regional Park, at intersection of Pacific Coast Hwy (CA Hwy 1) with Vermont Avenue",33.79028,-118.29194,NA,Raphanus sativus L.,sativus
5070543328,2,8,13,5070543328,5070543328,BALT,NA,NA,NA,NA,NA,NA,NA,NA,NA,NA,NA,NA,NA,NA,NA,Raphanus L.,NA
1998649405,1,8,20,1998649405,1998649405,NEBC,"B. L. Robinson, J. M. Greenman & H. v. Schrenk",1895-05-26,146,146,1895,5,26,"May 26, 1895",Massachusetts,Middlesex County,Belmont,Waverly,42.38744,-71.18302,1000,Raphanus raphanistrum L.,raphanistrum
3341236082,0,0,3,3341236082,3341236082,SIM,William T. Davis,1898-07-31,212,212,1898,7,31,NA,New York,Richmond,NA,"Grant City, Staten Island",40.582049,-74.104864,3036.0,Raphanus raphanistrum L.,raphanistrum
3357380439,0,7,33,3357380439,3357380439,GMUF,"Ted Bradley, Schue",1973-06-23,174,174,1973,6,23,23 Jun 1973,Virginia,Fairfax,NA,Gateshead Rd. and Old Mill Rd. along the North Fork Dogue Creek.,NA,NA,NA,Raphanus raphanistrum L.,raphanistrum
2573492885,1,16,4,2573492885,2573492885,COLO,NA,NA,NA,NA,NA,NA,NA,NA,California,NA,NA,NA,NA,NA,NA,Raphanus sativus L.,sativus
3865380404,1,6,10,3865380404,3865380404,PH,David Berkheimer,1940-08-03,216,216,1940,8,3,NA,Pennsylvania,Bedford,NA,1 mi NE of Osterburg,40.17977,-78.506883,1020.0,Raphanus sativus L.,sativus
1998915734,0,0,1,1998915734,1998915734,GH,B. L. Robinson,1898-06-16,167,167,1898,6,16,"16 June, 1898",Vermont,Windham County,Westminster,Westminster,NA,NA,NA,Raphanus raphanistrum L.,raphanistrum
3969593857,1,4,10,3969593857,3969593857,BRIT,NA,NA,NA,NA,NA,NA,NA,NA,NA,NA,NA,NA,NA,NA,NA,Raphanus sativus L.,sativus
3865107328,0,1,7,3865107328,3865107328,PH,Bayard Long,1951-07-22,203,203,1951,7,22,July 22 1951,New Jersey,Camden,NA,Gloucester City,39.89178,-75.116286,2085.0,Raphanus sativus L.,sativus
3744713758,1,10,2,3744713758,3744713758,UNA,Brian R. Keener,1999-03-27,86,86,1999,3,27,3/27/1999,Alabama,Blount,NA,5 air mi SW of Allgood.,33.85,-86.57,NA,Raphanus raphanistrum L.,raphanistrum
SML_5074461230,1,2,0,SML_5074461230,5074461230,University of Rhode Island,George W. Burlingame,1891-05-28,148,148,1891,5,28,NA,Rhode Island,Washington,South Kingstown,NA,41.4467,-71.54742,11590.0,Raphanus raphanistrum L.,raphanistrum
2265939251,1,2,9,2265939251,2265939251,DUL,"Milne, James D.",1953-05-01,121,121,1953,5,1,5/1/1953,California,Los Angeles,Long Beach,NA,NA,NA,NA,Raphanus sativus L.,sativus
2430536906,0,0,11,2430536906,2430536906,RSA,Blanche Trask,1901-03,NA,NA,1901,3,NA,March 1901,California,Los Angeles,NA,"Avalon, Santa Catalina Island.",NA,NA,NA,Raphanus sativus L.,sativus
3865380399,0,4,6,3865380399,3865380399,PH,Bayard Long,1950-05-06,126,126,1950,5,6,May 6 1950,Maryland,Cecil,NA,1 mi E of Appleton,39.69941,-75.79133,700,Raphanus raphanistrum L.,raphanistrum
3798094179,0,8,14,3798094179,3798094179,CS,D.L. Denham,1969-08-28,240,240,1969,8,28,28 August 1969,California,Del Norte County,NA,"Rocky coast above tide level, Crescent City.",NA,NA,NA,Raphanus sativus L.,sativus
3820613922,2,15,1,3820613922,3820613922,OSU,Curt G. Carlbom,1961-04-14,104,104,1961,4,14,NA,Oregon,Benton,NA,One mile S.W. of Corvallis.,44.524431,-123.329293,1609.0,Raphanus sativus L.,sativus
2573493909,0,7,11,2573493909,2573493909,COLO,NA,NA,NA,NA,NA,NA,NA,NA,Oregon,Benton,NA,NA,NA,NA,NA,Raphanus sativus L.,sativus
2859103258,0,12,19,2859103258,2859103258,CM,"Utech, F.H.; Ohara, M.",1982-07-04,185,185,1982,7,4,4 Jul 1982,Pennsylvania,Westmoreland,NA,"Powdermill Nature Reserve, ca 6 mi SW of Rector on Weaver Mill Rd and PA 381, Friedline",40.129167,-79.291667,NA,Raphanus raphanistrum L.,raphanistrum
2234329767,4,12,42,2234329767,2234329767,NCU,NA,NA,NA,NA,NA,NA,NA,NA,South Carolina,Calhoun,NA,NA,NA,NA,NA,Raphanus raphanistrum L.,raphanistrum
5070543323,1,4,18,5070543323,5070543323,BALT,NA,NA,NA,NA,NA,NA,NA,NA,NA,NA,NA,NA,NA,NA,NA,Raphanus L.,NA
3969795071,0,2,4,3969795071,3969795071,BRIT,NA,NA,NA,NA,NA,NA,NA,NA,NA,NA,NA,NA,NA,NA,NA,Raphanus raphanistrum L.,raphanistrum
2573064526,1,8,15,2573064526,2573064526,VT,NA,1910-09-04,247,247,1910,9,4,1910-9-4,Vermont,Rutland,Brandon,NA,43.79975,-73.08017,7790.0,Raphanus raphanistrum L.,raphanistrum
3865093276,0,1,22,3865093276,3865093276,PH,Bayard Long,1961-06-20,171,171,1961,6,20,"June 20, 1961",Pennsylvania,Montgomery,NA,"Glenside, near Church and Easton roads",40.092829,-75.161235,350.0,Raphanus raphanistrum L.,raphanistrum
5106244009,4,14,45,5106244009,5106244009,UNCC,"Hechenbleikner, H. [Herbert]; Caldwell, M.; Taylor, J. [Jerry]",1968-04-16,107,107,1968,4,16,1968-4-16,South Carolina,Florence,NA,Lake City,NA,NA,NA,Raphanus raphanistrum subsp. raphanistrum,raphanistrum
3865109361,2,9,1,3865109361,3865109361,PH,Alexander Macelwee,1890-05-30,150,150,1890,5,30,May 30 1890,New Jersey,Burlington,NA,Beverly; 40.065389 -74.919056,40.065389,-74.919056,1356.0,Raphanus raphanistrum L.,raphanistrum
5106272300,4,9,39,5106272300,5106272300,UNCC,"Hechenbleikner, H. [Herbert]; Caldwell, M.; Taylor, J. [Jerry]",1968-04-16,107,107,1968,4,16,1968-4-16,South Carolina,Florence,NA,Lake City,NA,NA,NA,Raphanus raphanistrum subsp. raphanistrum,raphanistrum
4075454266,0,3,7,4075454266,4075454266,DOV,W.M. Canby,1897-07-18,199,199,1897,7,18,NA,Delaware,New Castle,NA,W of Elsmere,39.73536,-75.62553,4000,Raphanus raphanistrum L.,raphanistrum
2430397750,1,5,1,2430397750,2430397750,RSA,Lyman Benson,1932-03-26,86,86,1932,3,26,"Mar. 26, 1932",California,Riverside,NA,3 miles N [of] Temecula.,33.5368,-117.1719,1600.0,Raphanus sativus L.,sativus
5067923818,1,9,8,5067923818,5067923818,University of New Hampshire,N. T. Kidder;,1918-07-08,189,189,1918,7,8,NA,Maine,Knox,Isle au Haut,NA,44.06701,-68.6265,8442.0,Raphanus sativus L.,sativus
3865362261,1,10,18,3865362261,3865362261,PH,Durand?,NA,NA,NA,NA,NA,NA,"No date, prior to 1900",Pennsylvania,Philadelphia,NA,Philadelphia,39.952335,-75.163789,22256.0,Raphanus raphanistrum L.,raphanistrum
3865376388,0,1,24,3865376388,3865376388,PH,Flora S. Fender,1940-06-29,181,181,1940,6,29,June 29 1940,New Jersey,Cape May,NA,Beesleys Point,NA,NA,NA,Raphanus raphanistrum L.,raphanistrum
3357380465,0,5,23,3357380465,3357380465,GMUF,"Ted Bradley, Schue",1973-06-23,174,174,1973,6,23,23 Jun 1973,Virginia,Fairfax,NA,Gateshead Rd. and Old Mill Rd. along the North Fork Dogue Creek.,NA,NA,NA,Raphanus raphanistrum L.,raphanistrum
2234332193,0,5,26,2234332193,2234332193,NCU,NA,NA,NA,NA,NA,NA,NA,NA,South Carolina,Florence,NA,NA,NA,NA,NA,Raphanus raphanistrum L.,raphanistrum
SML_1999016729,0,7,50,SML_1999016729,1999016729,GH,C. D. Fretz,1913-06-16,167,167,1913,6,16,NA,Pennsylvania,NA,NA,Oak Lane Park,NA,NA,NA,Raphanus raphanistrum L.,raphanistrum
3820743009,0,4,15,3820743009,3820743009,OSU,Ralph L. Thompson; Ralph L. Thompson; Johnny R. Skeese,1988-08-12,225,225,1988,8,12,NA,Oregon,Coos,NA,Golden and Silver Falls State Park; 10 mi. NE of Allegany at end of Co. 48.,43.48223,-123.92909,805.0,Raphanus raphanistrum L.,raphanistrum
3091277583,3,3,4,3091277583,3091277583,ASC,J. Rominger,1967-03-03,62,62,1967,3,3,NA,California,Ventura,NA,5 miles west of Fillmore,34.383851,-118.991402,NA,Raphanus sativus L.,sativus
3865379342,0,1,1,3865379342,3865379342,PH,Bayard Long,1958-08-05,217,217,1958,8,5,"Aug. 5, 1958",Pennsylvania,Bucks,NA,Fairless Junction,NA,NA,NA,Raphanus raphanistrum L.,raphanistrum
894984604,0,8,10,894984604,894984604,University of Lethbridge,G.D. Strausbaugh,1968-03-08,68,68,1968,3,8,NA,California,NA,NA,"e side bus loop 5, ca. 7 mi s Redding City limit sign",NA,NA,NA,Raphanus raphanistrum L.,raphanistrum
2234581985,6,7,0,2234581985,2234581985,NCU,"Lussier, Tamah",1988-04-21,112,112,1988,4,21,NA,North Carolina,Davidson,NA,3 mi S on Lexington Avenue. W of road 50 feet.,NA,NA,NA,Raphanus raphanistrum L.,raphanistrum
3865378416,0,0,16,3865378416,3865378416,PH,William C. Brumbach,1936-06-14,166,166,1936,6,14,NA,Pennsylvania,Berks,NA,0.5 mi. E of Fleetwood,40.453982,-75.808453,880.0,Raphanus raphanistrum L.,raphanistrum
2234331195,0,4,33,2234331195,2234331195,NCU,NA,NA,NA,NA,NA,NA,NA,NA,North Carolina,Nash,NA,NA,NA,NA,NA,Raphanus raphanistrum L.,raphanistrum
4075454270,2,3,21,4075454270,4075454270,DOV,D. Smith,1966-10,NA,NA,1966,10,NA,NA,Delaware,New Castle,NA,Newark,39.68192,-75.75135,2250,Raphanus raphanistrum L.,raphanistrum
1999163008,1,3,3,1999163008,1999163008,NEBC,C. E. Perkins,1878-07-06,187,187,1878,7,6,"Jul. 6, 1878",Massachusetts,Suffolk County,Boston,S. [South] Boston,42.33447,-71.0412,2700,Raphanus sativus L.,sativus
3344415225,3,6,3,3344415225,3344415225,CLEMS,"Allen L. Bowers, III",1972-04-27,118,118,1972,4,27,NA,South Carolina,Hampton,NA,Hampton,NA,NA,NA,Raphanus raphanistrum L.,raphanistrum
2573085122,2,13,9,2573085122,2573085122,VT,NA,NA,NA,NA,NA,NA,NA,NA,Vermont,NA,Hartland,NA,43.57413,-72.43549,9302.0,Raphanus raphanistrum L.,raphanistrum
3865375336,0,0,17,3865375336,3865375336,PH,"Robert L. Schaeffer, Jr.",1956-08-08,221,221,1956,8,8,NA,Pennsylvania,Northampton,NA,0.75 mi. E of Bushkill Center,40.793706,-75.310268,781.0,Raphanus raphanistrum L.,raphanistrum
3709855196,1,11,27,3709855196,3709855196,GA,NA,NA,NA,NA,NA,NA,NA,NA,Alabama,Escambia County,NA,"Escambia County, AL",NA,NA,NA,Raphanus raphanistrum L.,raphanistrum
CDA-0019431,5,5,6,CDA-0019431,3059684839,CDA,"M.I. Wibawa; G.F Hrusa, J. Naughton",2002-05-01,121,121,2002,5,1,5/1/2002,California,Sacramento,NA,"E side of Jaeger Rd, ± 0.5 mi S of Douglas Blvd. ± 1 mi E of Sunrise Blvd, Sacramento. Sacramento Valley.",38.55,-121.23,NA,Raphanus sativus L.,sativus
2430289894,0,2,0,2430289894,2430289894,RSA,Timothy S. Ross,1991-02-23,54,54,1991,2,23,23 February 1991,California,Los Angeles,NA,"Whittier Hills (Puente Hills) Upper Turnbull Canyon, 1/5 air mile WNW of Turnbull Canyon Road x Skyline Drive in partially disturbed.",33.993802,-118.004887,1200.0,Raphanus sativus L.,sativus
3865094233,0,0,1,3865094233,3865094233,PH,"Robert L. Schaeffer, Jr.",1952-06-21,173,173,1952,6,21,NA,Pennsylvania,Lehigh,NA,0.5 mi. E of Neffs,40.693043,-75.600975,560.0,Raphanus raphanistrum L.,raphanistrum
5068489029,1,13,6,5068489029,5068489029,USCS,NA,NA,NA,NA,NA,NA,NA,NA,South Carolina,Calhoun,NA,NA,NA,NA,NA,Raphanus raphanistrum L.,raphanistrum
5139303511,1,2,20,5139303511,5139303511,ERSK,"Gaymon, K.",1996-11-21,326,326,1996,11,21,NA,South Carolina,Greenville,NA,"Collected on property of Mr. Jack Hill; 179 Chapman Road; Pelzer, SC.",NA,NA,NA,Raphanus raphanistrum L.,raphanistrum
2234331341,0,3,25,2234331341,2234331341,NCU,NA,NA,NA,NA,NA,NA,NA,NA,South Carolina,Chesterfield,NA,NA,NA,NA,NA,Raphanus raphanistrum L.,raphanistrum
2430391915,0,0,0,2430391915,2430391915,RSA,Timothy S. Ross,1991-02-23,54,54,1991,2,23,23 February 1991,California,Los Angeles,NA,"Whittier Hills (Puente Hills), upper Turnbull Canyon, 1/5 air mile WNW of Turnbull Canyon road x Skyline Drive in partially disturbed.",33.993802,-118.004887,1200.0,Raphanus sativus L.,sativus
5070654919,1,6,40,5070654919,5070654919,IND,Richard Gritz,1969-04-26,116,116,1969,4,26,"April 26, 1969",California,Tuolumne,NA,"Elk Hill, Sonora",37.984091,-120.382138,1500.0,Raphanus raphanistrum L.,raphanistrum
2234330415,6,21,18,2234330415,2234330415,NCU,NA,NA,NA,NA,NA,NA,NA,NA,North Carolina,Brunswick,NA,NA,NA,NA,NA,Raphanus raphanistrum L.,raphanistrum
5106271845,0,3,9,5106271845,5106271845,UNCC,NA,NA,NA,NA,NA,NA,NA,NA,North Carolina,Mecklenburg,NA,NA,NA,NA,NA,Raphanus raphanistrum subsp. raphanistrum,raphanistrum
4601577269,0,1,7,4601577269,4601577269,DOV,William W. Ashe,NA,NA,NA,NA,NA,NA,July 7,North Carolina,Watauga,NA,Rocky Knob,NA,NA,NA,Raphanus sativus L.,sativus
1998749994,0,7,17,1998749994,1998749994,NEBC,C. H. Morss,1898-06-25,176,176,1898,6,25,98-6-25,Massachusetts,Plymouth County,Marshfield,Marshfield,NA,NA,NA,Raphanus raphanistrum L.,raphanistrum
3897880707,0,3,7,3897880707,3897880707,CHRB,NA,NA,NA,NA,NA,NA,NA,NA,New Jersey,Mercer,NA,NA,NA,NA,NA,Raphanus raphanistrum L.,raphanistrum
3469983163,3,2,9,3469983163,3469983163,NO,Joseph A. Ewan,1933-09-02,245,245,1933,9,2,NA,California,Alameda,NA,NA,NA,NA,NA,Raphanus sativus L.,sativus
3829914341,3,12,19,3829914341,3829914341,MISSA,Rebecca Deramus,1967-03-26,85,85,1967,3,26,NA,Alabama,Mobile,NA,"Dauphin Island; Narvaiz St, N of Bienville Blvd",30.254839,-88.119612,414.0,Raphanus sativus L.,sativus
2273381323,5,11,32,2273381323,2273381323,WCUH,NA,NA,NA,NA,NA,NA,NA,NA,North Carolina,Davidson,NA,NA,NA,NA,NA,Raphanus sativus L.,sativus
2512866452,0,0,15,2512866452,2512866452,US,J. K. Small,1890-07-19,200,200,1890,7,19,NA,Pennsylvania,NA,NA,"Nockamixon Rocks, Bucks County.",NA,NA,NA,Raphanus sativus L.,sativus
4067794450,2,8,30,4067794450,4067794450,MCA,"R. L. Schaeffer, Jr.",1970-08-19,231,231,1970,8,19,NA,Pennsylvania,Carbon,NA,2 miles NE of Beltzville,40.860584,-75.608376,5042.0,Raphanus raphanistrum L.,raphanistrum
2234330897,3,7,31,2234330897,2234330897,NCU,NA,NA,NA,NA,NA,NA,NA,NA,South Carolina,Kershaw,NA,NA,NA,NA,NA,Raphanus raphanistrum L.,raphanistrum
3469988056,3,12,32,3469988056,3469988056,NO,Joseph A. Ewan,1932-04-30,121,121,1932,4,30,NA,California,Los Angeles,NA,NA,NA,NA,NA,Raphanus raphanistrum L.,raphanistrum
2516925454,0,0,2,2516925454,2516925454,NA,Wiegand KM,1908-07-23,205,205,1908,7,23,NA,NA,NA,NA,Massachusetts. U.S.A. Door St. Westward. Jull.,NA,NA,NA,Rapistrum raphanistrum (L.) Crantz,raphanistrum
SML_1999128077,0,3,2,SML_1999128077,1999128077,GH,[data not captured],1962-04-10,100,100,1962,4,10,NA,Alabama,Tuscaloosa County,NA,In old field on S. E. rim of Bryces in Tuscaloosa,NA,NA,NA,Raphanus sativus L.,sativus
2234332392,2,9,7,2234332392,2234332392,NCU,NA,NA,NA,NA,NA,NA,NA,NA,North Carolina,Wake,NA,NA,NA,NA,NA,Raphanus raphanistrum L.,raphanistrum
3865101229,0,2,7,3865101229,3865101229,PH,Bayard Long,1943-10-17,290,290,1943,10,17,NA,Pennsylvania,Montgomery,NA,"Penn Street, Nern edge of boro, Hatboro",40.181276,-75.101767,322.0,Raphanus raphanistrum L.,raphanistrum
2573114655,2,6,21,2573114655,2573114655,VT,NA,1892-09-14,258,258,1892,9,14,1892-9-14,Rhode Island,Providence,Providence,NA,41.82362,-71.42199,5758.0,Raphanus raphanistrum L.,raphanistrum
3744713762,2,7,37,3744713762,3744713762,UNA,Alvin R. Diamond,2006-12-25,359,359,2006,12,25,12/25/2006,Alabama,Butler,NA,McKenzie. Alabama Hwy. 55 along the railroad tracks.,31.54,-86.71,NA,Raphanus raphanistrum L.,raphanistrum
3865379339,1,4,9,3865379339,3865379339,PH,"Robert L. Schaeffer, Jr.",1946-08-06,218,218,1946,8,6,NA,Pennsylvania,Northampton,NA,1 mi. NW of Slateford,40.956453,-75.127632,1243.0,Raphanus raphanistrum L.,raphanistrum
3897880496,8,19,27,3897880496,3897880496,CHRB,NA,NA,NA,NA,NA,NA,NA,NA,California,Los Angeles,NA,NA,NA,NA,NA,Raphanus raphanistrum L.,raphanistrum
5106272802,5,8,3,5106272802,5106272802,UNCC,NA,NA,NA,NA,NA,NA,NA,NA,North Carolina,Mecklenburg,NA,NA,NA,NA,NA,Raphanus raphanistrum subsp. raphanistrum,raphanistrum
3344427790,0,9,32,3344427790,3344427790,CLEMS,Richard R. Halse,2000-07-02,184,184,2000,7,2,NA,Oregon,Linn,NA,Linn,44.562805,-123.241675,969.0,Raphanus raphanistrum L.,raphanistrum
4102035535,1,1,26,4102035535,4102035535,BRIT,NA,NA,NA,NA,NA,NA,NA,NA,Mississippi,Warren,NA,NA,NA,NA,NA,Raphanus raphanistrum L.,raphanistrum
2512830336,1,3,38,2512830336,2512830336,US,T. H. Kearney,1898-05-20,140,140,1898,5,20,NA,Virginia,NA,NA,Near Norfolk. Southeastern Virginia.,NA,NA,NA,Raphanus raphanistrum L.,raphanistrum
1999303400,1,4,21,1999303400,1999303400,GH,D. Potter,1925-07-25,206,206,1925,7,25,7/25/25,Massachusetts,Middlesex County,Concord,Concord,NA,NA,NA,Raphanus sativus L.,sativus
2234331814,4,1,17,2234331814,2234331814,NCU,NA,NA,NA,NA,NA,NA,NA,NA,North Carolina,Lee,NA,NA,NA,NA,NA,Raphanus raphanistrum L.,raphanistrum
5106279022,1,0,13,5106279022,5106279022,UNCC,"Britt, Robert F.",1965-05-23,143,143,1965,5,23,NA,North Carolina,Robeson,NA,Roadside 4.5 miles SSW of St Pauls along Co. 1765,34.731133,-79.00606,631.0,Raphanus raphanistrum subsp. raphanistrum,raphanistrum
2234331547,1,7,5,2234331547,2234331547,NCU,NA,NA,NA,NA,NA,NA,NA,NA,North Carolina,Wake,NA,NA,NA,NA,NA,Raphanus raphanistrum L.,raphanistrum
2859372846,5,6,8,2859372846,2859372846,CM,"Berkheimer, D.",1940-08-03,216,216,1940,8,3,3 Aug 1940,Pennsylvania,Bedford,NA,1 mi NE of Osterburg,40.17977,-78.506883,4807.0,Raphanus sativus L.,sativus
5068027696,2,8,8,5068027696,5068027696,University of New Hampshire,S. W. Leonard,1969-04-10,100,100,1969,4,10,NA,North Carolina,Brunswick,NA,2.5 mi. east of Bolivia on Co. Rt. 1513.,NA,NA,NA,Raphanus raphanistrum L.,raphanistrum
CDA-0047964,0,0,25,CDA-0047964,3059664332,CDA,G. K. Walden,2017-06-09,160,160,2017,6,9,6/9/2017,California,Yolo,NA,"West Sacramento, west of Mill street, south of S. River Rd.",38.57,-121.52,NA,Raphanus raphanistrum L.,raphanistrum
3744690045,2,0,0,3744690045,3744690045,UNA,"R. Dale Thomas, David Taylor",1983-03-10,69,69,1983,3,10,3/10/1983,Louisiana,Bossier,NA,I-220 at Airline Drive ( Bossier 3105) north of Bossier City T18N R13W S11,32.55739,-93.70992,500,Raphanus raphanistrum L.,raphanistrum
2234330839,1,0,0,2234330839,2234330839,NCU,NA,NA,NA,NA,NA,NA,NA,NA,South Carolina,Spartanburg,NA,NA,NA,NA,NA,Raphanus raphanistrum L.,raphanistrum
1999393385,1,2,29,1999393385,1999393385,NEBC,M. L. Fernald & B. H. Long,1913-08-22,234,234,1913,8,22,"August 22, 1913",Rhode Island,NA,NA,Block Island,NA,NA,NA,Raphanus raphanistrum L.,raphanistrum
3865104314,1,2,11,3865104314,3865104314,PH,Bayard Long,1943-07-03,184,184,1943,7,3,NA,Pennsylvania,Montgomery,NA,"Reading Ry. station, Colmar",40.268295,-75.254366,235.0,Raphanus raphanistrum L.,raphanistrum
3820608929,0,0,39,3820608929,3820608929,OSU,Richard R. Halse,2006-09-11,254,254,2006,9,11,NA,Oregon,Clatsop,NA,"Hammond, sandy shoreline of the Columbia River at the boat basin.",46.20615,-123.95159,805.0,Raphanus sativus L.,sativus
1998790784,2,4,22,1998790784,1998790784,NEBC,S. K. Harris,1966-08-17,229,229,1966,8,17,17 August 1966,New Hampshire,Coos County,Northumberland,Northumberland,NA,NA,NA,Raphanus raphanistrum L.,raphanistrum
2859093851,0,1,35,2859093851,2859093851,CM,"Jennings, O.E.",1942-06-21,172,172,1942,6,21,21 Jun 1942,Pennsylvania,Fayette,NA,near Indian Head,40.026045,-79.396194,650.0,Raphanus raphanistrum L.,raphanistrum
3925803561,5,5,15,3925803561,3925803561,MISS,C. Keller,1966-04-11,101,101,1966,4,11,4/11/1966,Mississippi,Lamar,NA,Bass Memorial Academy,NA,NA,NA,Raphanus raphanistrum L.,raphanistrum
4910126197,3,4,7,4910126197,4910126197,SAT,M. K. Sears,1990-03-24,83,83,1990,3,24,"March 24, 1990",Texas,Tom Green,NA,1.8 to 2.2 mi E on FM 380 from the intersection of Loop 306 (US 67-277) and FM 380,NA,NA,NA,Raphanus sativus L.,sativus
3865374376,0,5,16,3865374376,3865374376,PH,Witmer Stone,1933-06-20,171,171,1933,6,20,June 20 1933,New Jersey,Cape May,NA,Cape May,38.935113,-74.906005,3624.0,Raphanus raphanistrum L.,raphanistrum
1999375402,0,0,28,1999375402,1999375402,NEBC,C. F. Batchelder,1926-07-23,204,204,1926,7,23,"July 23, 1926",New Hampshire,Hillsborough County,Peterborough,Peterborough,NA,NA,NA,Raphanus raphanistrum L.,raphanistrum
2430249061,1,8,61,2430249061,2430249061,RSA,R. F. Thorne; P. Everett,1965-06-22,173,173,1965,6,22,22 June 1965,California,Los Angeles,NA,Santa Catalina Island. Canyon behind Bird Park,NA,NA,NA,Raphanus sativus L.,sativus
3897880438,2,17,15,3897880438,3897880438,CHRB,NA,NA,NA,NA,NA,NA,NA,NA,New York,Rockland,NA,NA,NA,NA,NA,Raphanus raphanistrum L.,raphanistrum
5068489033,1,7,5,5068489033,5068489033,USCS,NA,NA,NA,NA,NA,NA,NA,NA,South Carolina,Cherokee,NA,NA,NA,NA,NA,Raphanus raphanistrum L.,raphanistrum
5070543285,0,1,6,5070543285,5070543285,BALT,Abbye Friedman,1985-04-05,95,95,1985,4,5,4/5/1985,Maryland,Garrett,NA,"Twin Churches Rd, near Lower New Germany Rd.",39.63625,-79.10419,500,Raphanus raphanistrum L.,raphanistrum
2234332062,2,16,51,2234332062,2234332062,NCU,NA,NA,NA,NA,NA,NA,NA,NA,North Carolina,Hertford,NA,NA,NA,NA,NA,Raphanus raphanistrum L.,raphanistrum
3865380403,0,2,15,3865380403,3865380403,PH,David Berkheimer,1944-07-20,202,202,1944,7,20,NA,Pennsylvania,Montgomery,NA,0.25 mi. SW of Glasgow,40.261145,-75.664099,380.0,Raphanus sativus L.,sativus
2859087865,2,7,31,2859087865,2859087865,CM,"Henry, L.K.",1948-07-08,190,190,1948,7,8,8 Jul 1948,Pennsylvania,Somerset,NA,"branch of Boone Run, 2.5 mi S of Reels Corners",40.0219,-78.8278,2625.0,Raphanus raphanistrum L.,raphanistrum
SML_5198193840,5,12,70,SML_5198193840,5198193840,CAS,"Ahles, H. E.",1979-07-05,186,186,1979,7,5,"July 5, 1979",Massachusetts,Hampshire County,NA,"Daymon Road near railroad, Northampton.",42.338,-72.63613,70,Raphanus raphanistrum L.,raphanistrum
1999324495,3,15,17,1999324495,1999324495,NEBC,R. A. Ware,1911-08-06,218,218,1911,8,6,"Aug. 6, 1911",Massachusetts,Norfolk County,Wrentham,NA,NA,NA,NA,Raphanus raphanistrum L.,raphanistrum
3820742985,1,6,26,3820742985,3820742985,OSU,Kenneth C. Swedberg; K.C. Swedberg,1958-06-25,176,176,1958,6,25,NA,Oregon,Benton,NA,1/2 mi. north of Corvallis.,44.583,-123.2612,1609.0,Raphanus sativus L.,sativus
3344481238,0,0,0,3344481238,3344481238,CLEMS,"Payne, D.",2005-02-26,57,57,2005,2,26,NA,South Carolina,Beaufort,NA,"Around ruins of plantation house, Spring Island.",32.331389,-80.815278,NA,Raphanus raphanistrum L.,raphanistrum
5070880494,0,0,10,5070880494,5070880494,MARY,E. A. Higgins,1966-10-02,275,275,1966,10,2,10/2/66,Maryland,Worcester,NA,"Assateague Island, road by N End Bridge",38.0891,-75.208833,40234.0,Raphanus raphanistrum L.,raphanistrum
3865107324,0,1,4,3865107324,3865107324,PH,Bayard Long,1935-09-28,271,271,1935,9,28,September 28 1935,New Jersey,Hunterdon,NA,along Delaware River at Stockton,40.40798,-74.986245,1333.0,Raphanus raphanistrum L.,raphanistrum
5067924810,2,10,15,5067924810,5067924810,University of New Hampshire,N. T. Kidder,1923-07-04,185,185,1923,7,4,NA,Maine,Knox,Isle au Haut,East Side Road,44.06701,-68.6265,8442.0,Raphanus raphanistrum L.,raphanistrum
3870581939,3,8,12,3870581939,3870581939,CINC,NA,NA,NA,NA,NA,NA,NA,NA,NA,NA,NA,NA,NA,NA,NA,Raphanus sativus L.,sativus
2430443791,1,18,38,2430443791,2430443791,RSA,R. R. Halse,2007-03-22,81,81,2007,3,22,22 March 2007,California,Colusa,NA,Williams; by junction of 5th Street and B Street.,39.1586,-122.14724,NA,Raphanus raphanistrum L.,raphanistrum
3865380395,0,1,9,3865380395,3865380395,PH,Bayard Long,1946-09-01,244,244,1946,9,1,NA,Pennsylvania,Bucks,NA,near Street Road ca 0.75 mi. NW of Warminster,40.214461,-75.10968,2145.0,Raphanus raphanistrum L.,raphanistrum
1998941923,0,7,34,1998941923,1998941923,GH,E. F. Williams,1910-07-13,194,194,1910,7,13,"July 13, 1910",New Hampshire,Grafton County,Hanover,Hanover,NA,NA,NA,Raphanus raphanistrum L.,raphanistrum
1998561890,0,2,0,1998561890,1998561890,GH,M. A. Day,1900-06-04,155,155,1900,6,4,"June 4, 1900",Massachusetts,Nantucket County,Nantucket,Nantucket,NA,NA,NA,Raphanus raphanistrum L.,raphanistrum
4912304545,2,35,45,4912304545,4912304545,BRY,Keith Dobry,1991-06-13,164,164,1991,6,13,1991-6-13,California,Los Angeles,NA,"Santa Monica Mts, Las Virgenes & Mulholland Hwy at Doka Univ, SW section.",NA,NA,NA,Raphanus sativus L.,sativus
1999429074,4,7,2,1999429074,1999429074,NEBC,W. P. Brooks,NA,NA,NA,NA,NA,NA,July,Massachusetts,NA,NA,NA,NA,NA,NA,Raphanus raphanistrum L.,raphanistrum
5067923814,1,0,6,5067923814,5067923814,University of New Hampshire,A. R. Hodgdon; Westgate,1938-09-07,250,250,1938,9,7,NA,New Hampshire,Strafford,Durham,Horticultural Farm,43.11743,-70.91946,6339.0,Raphanus raphanistrum L.,raphanistrum
5103833276,8,13,14,5103833276,5103833276,WILLI,"Johnstone, Chris; Metivier, Sarah; Orciga, Michael",2006-04-23,113,113,2006,4,23,NA,Virginia,Richmond,NA,Totuskey Creek Watershed,37.949167,-76.607778,NA,Raphanus raphanistrum L.,raphanistrum
2512758461,1,5,0,2512758461,2512758461,US,J. M. Grant,1915-06-02,153,153,1915,6,2,NA,Washington,Clallam,NA,Clallam Co Wash.,NA,NA,NA,Raphanus sativus L.,sativus
2859339863,1,5,15,2859339863,2859339863,CM,"Mellor, C.C.",1889-06-21,172,172,1889,6,21,21 Jun 1889,Pennsylvania,Allegheny,NA,"along railroad, LE Railroad, Moon Run",40.502052,-80.23931,3772.0,Raphanus sativus L.,sativus
3865376384,0,0,0,3865376384,3865376384,PH,Stanley L. Glowenke,1939-06-10,161,161,1939,6,10,"June 10, 1938",Pennsylvania,Wyoming,NA,bank of Susquehanna River opposite Mahoopany,NA,NA,NA,Raphanus raphanistrum L.,raphanistrum
3344414992,4,13,23,3344414992,3344414992,CLEMS,Kay B. Van Sant,1989-03-25,84,84,1989,3,25,NA,South Carolina,Charleston,NA,Charleston,NA,NA,NA,Raphanus raphanistrum L.,raphanistrum
2515493583,0,0,9,2515493583,2515493583,NA,Wiegand KM,1909-06-25,176,176,1909,6,25,NA,NA,NA,NA,Massachusetts. U.S.A. Sirupron Miadow. Caunipuz.,NA,NA,NA,Rapistrum raphanistrum (L.) Crantz,raphanistrum
4101881491,8,11,2,4101881491,4101881491,BRIT,NA,NA,NA,NA,NA,NA,NA,NA,Virginia,Middlesex,NA,NA,NA,NA,NA,Raphanus raphanistrum L.,raphanistrum
1998673944,1,4,15,1998673944,1998673944,GH,Mrs. C. S. Wilson,1915,NA,NA,1915,NA,NA,Sept. 1915,New Hampshire,Sullivan County,Newport,Newport,NA,NA,NA,Raphanus raphanistrum L.,raphanistrum
2565962075,1,5,7,2565962075,2565962075,CSLA,S. W. Leonard,1969-04-10,100,100,1969,4,10,10 Apr 1969,North Carolina,Brunswick,NA,"Field, 2.5 mi. east of Bolivia on Co. Rt. 1513.",NA,NA,NA,Raphanus raphanistrum L.,raphanistrum
CDA-0034482,1,6,28,CDA-0034482,3059684607,CDA,M.K. Beyers,2010-12-02,336,336,2010,12,2,12/2/2010,California,Solano,NA,"Dixon: immediately east of I-80, just south of West A Street, on gravelly roadside in between the highway's exit and onramp here. Slightly northeast of Batavia Road.",38.45,-121.86,NA,Raphanus sativus L.,sativus
2859335856,0,2,0,2859335856,2859335856,CM,"Shafer, J.A.",1900-06-23,174,174,1900,6,23,23 Jun 1900,Pennsylvania,Allegheny,NA,Tarentum Island and Natrona,40.601456,-79.759771,1940.0,Raphanus sativus L.,sativus
3865376392,0,0,3,3865376392,3865376392,PH,"Robert L. Schaeffer, Jr.",1942-07-19,200,200,1942,7,19,NA,Pennsylvania,Northampton,NA,2 mi. NW of Freemansburg,40.64698,-75.372739,1334.0,Raphanus sativus L.,sativus
2452251575,0,2,7,2452251575,2452251575,US,A. E. Miller,NA,NA,NA,NA,NA,NA,NA,New York,NA,NA,Long Island.,NA,NA,NA,Raphanus raphanistrum L.,raphanistrum
3969863984,1,6,28,3969863984,3969863984,BRIT,NA,NA,NA,NA,NA,NA,NA,NA,NA,NA,NA,NA,NA,NA,NA,Raphanus raphanistrum L.,raphanistrum
3897880662,0,2,3,3897880662,3897880662,CHRB,NA,NA,NA,NA,NA,NA,NA,NA,New Jersey,Camden,NA,NA,NA,NA,NA,Raphanus raphanistrum subsp. sativus (L.) Domin,raphanistrum
5068482901,3,7,4,5068482901,5068482901,USCS,NA,NA,NA,NA,NA,NA,NA,NA,South Carolina,Spartanburg,NA,NA,NA,NA,NA,Raphanus raphanistrum L.,raphanistrum
CDA-0037168,1,5,7,CDA-0037168,3059684536,CDA,CDFA Staff,1975-04-17,107,107,1975,4,17,4/17/1975,California,Placer,NA,"Loomis; David Takagishi property, northeast of the junction of Sierra College Blvd. & Interstate 80.",38.82,-121.18,5000.0,Raphanus sativus L.,sativus
4101881487,2,3,2,4101881487,4101881487,BRIT,NA,NA,NA,NA,NA,NA,NA,NA,Louisiana,NA,NA,NA,NA,NA,NA,Raphanus raphanistrum L.,raphanistrum
3865363256,0,0,12,3865363256,3865363256,PH,"Robert L. Schaeffer, Jr.",1946-08-15,227,227,1946,8,15,NA,Pennsylvania,Northampton,NA,1 mi. W of Wassergass,40.585932,-75.310372,1040.0,Raphanus sativus L.,sativus
3865092216,0,0,6,3865092216,3865092216,PH,Bayard Long,1951-07-22,203,203,1951,7,22,July 22 1951,New Jersey,Camden,NA,Gloucester City,39.89178,-75.116286,1401.0,Raphanus sativus L.,sativus
3897880727,0,0,9,3897880727,3897880727,CHRB,NA,NA,NA,NA,NA,NA,NA,NA,New Jersey,Middlesex,NA,NA,NA,NA,NA,Raphanus raphanistrum L.,raphanistrum
3865104322,0,4,6,3865104322,3865104322,PH,Paul R. Wagner,1937-06-12,163,163,1937,6,12,NA,Pennsylvania,Schuylkill,NA,0.5 mi. S of Nuremburg,40.932285,-76.171601,801.0,Raphanus sativus L.,sativus
4101879467,2,4,38,4101879467,4101879467,BRIT,NA,NA,NA,NA,NA,NA,NA,NA,California,Tehama,NA,NA,NA,NA,NA,Raphanus raphanistrum L.,raphanistrum
5067927816,1,3,12,5067927816,5067927816,University of New Hampshire,R. M. Grey;,1902-06-17,168,168,1902,6,17,NA,Massachusetts,Bristol,Easton,NA,42.03621,-71.1103,7320.0,Raphanus raphanistrum L.,raphanistrum
3865093283,1,3,3,3865093283,3865093283,PH,"Robert L. Schaeffer, Jr.",1942-08-05,217,217,1942,8,5,NA,Pennsylvania,Northampton,NA,1.5 mi. SE of Redington,40.622781,-75.267699,1127.0,Raphanus sativus L.,sativus
2517371118,0,0,21,2517371118,2517371118,NA,Britt RF,1965-05-23,143,143,1965,5,23,NA,NA,NA,NA,North Carolina. Robeson County. Roadside 4.5 miles SSW of St. Pauls along Co. 1765.,NA,NA,NA,Rapistrum raphanistrum (L.) Crantz,raphanistrum
SML_1998602943,0,2,1,SML_1998602943,1998602943,ECON,T. C. Plowman,1969-09-08,251,251,1969,9,8,NA,Massachusetts,Worcester County,Bolton,"at Zink Farm, Sugar Road",42.44652,-71.58439,1900,Raphanus sativus L.,sativus
3865377307,0,1,3,3865377307,3865377307,PH,Douglas E. Wade; Dorothy Wade,1940-07-17,199,199,1940,7,17,NA,Pennsylvania,Northumberland,NA,0.75 mi. E of Northumberland,40.893438,-76.784118,2381.0,Raphanus sativus L.,sativus
3744714087,1,2,1,3744714087,3744714087,UNA,"S. Vanderplank, Michael Hodson",2003-03,NA,NA,2003,3,NA,2003-3-XX,Mississippi,Lafayette,NA,"Just N of Old Taylor Rd on E side of South Lamar, Oxford",34.35,-89.52,NA,Raphanus sativus L.,sativus
5103891139,1,0,4,5103891139,5103891139,WILLI,"Greaves, James M",1975-09-06,249,249,1975,9,6,NA,Virginia,Gloucester,NA,along Rt 616 Roaring Springs Farm G-7,37.432385,-76.526476,1000.0,Raphanus raphanistrum L.,raphanistrum
1998589020,1,4,4,1998589020,1998589020,NEBC,M. B. Simmons,NA,NA,NA,NA,NA,NA,NA,Rhode Island,Newport County,Middletown,Middletown,NA,NA,NA,Raphanus raphanistrum L.,raphanistrum
SML_1999117651,2,1,7,SML_1999117651,1999117651,GH,H. St. John,1939-09-21,264,264,1939,9,21,NA,New York,Suffolk County,NA,"Fishers Island, E. of East Harbor",NA,NA,NA,Raphanus raphanistrum L.,raphanistrum
3344481255,2,8,21,3344481255,3344481255,CLEMS,"Payne, D.",2005-12-29,363,363,2005,12,29,NA,South Carolina,Beaufort,NA,In front of shopping center across Hwy 280 (Parris Island Gateway) from Taylor's Mobile Home Park.,32.402778,-80.735722,NA,Raphanus raphanistrum L.,raphanistrum
2573069230,0,1,10,2573069230,2573069230,VT,NA,1967-11-05,309,309,1967,11,5,1967-11-5,Connecticut,New London,Old Lyme,NA,41.3202,-72.30472,5958.0,Raphanus raphanistrum L.,raphanistrum
3709852018,2,4,7,3709852018,3709852018,GA,NA,NA,NA,NA,NA,NA,NA,NA,Alabama,Lee County,NA,"Lee County, AL",NA,NA,NA,Raphanus raphanistrum L.,raphanistrum
3469984096,8,24,29,3469984096,3469984096,NO,Joseph A. Ewan,1932-04-30,121,121,1932,4,30,NA,California,Los Angeles,NA,NA,NA,NA,NA,Raphanus sativus L.,sativus
2234331766,3,8,3,2234331766,2234331766,NCU,NA,NA,NA,NA,NA,NA,NA,NA,North Carolina,Camden,NA,NA,NA,NA,NA,Raphanus raphanistrum L.,raphanistrum
3865094244,1,2,0,3865094244,3865094244,PH,Walter C. Muenscher; K. M. Wiegand,1924-07-02,184,184,1924,7,2,"July 2, 1924",New York,Wayne,NA,S of Sodus Center,NA,NA,NA,Raphanus sativus L.,sativus
4088570109,6,11,15,4088570109,4088570109,USMS,Amy Wilberding,1996-04-15,106,106,1996,4,15,4/15/1996,Mississippi,Forrest,NA,Dixie Community W of Camp Shelby,31.215178,-89.303673,1227.0,Raphanus raphanistrum L.,raphanistrum
3496963454,13,15,2,3496963454,3496963454,ODU,Mohammed S. Al-Zein,2004-04-11,102,102,2004,4,11,NA,Virginia,Norfolk City,NA,East of University Village complex on 45th Street,36.884966,-76.297505,254.0,Raphanus raphanistrum L.,raphanistrum
3897882366,1,3,14,3897882366,3897882366,CHRB,NA,NA,NA,NA,NA,NA,NA,NA,New Jersey,Somerset,NA,NA,NA,NA,NA,Raphanus raphanistrum L.,raphanistrum
1999085926,3,2,1,1999085926,1999085926,NEBC,H. A. Young,1877-05-30,150,150,1877,5,30,"May 30, 1877",Massachusetts,Suffolk County,Revere,Revere,42.42509,-70.99891,3600,Raphanus raphanistrum L.,raphanistrum
3865375341,4,7,0,3865375341,3865375341,PH,Bayard Long,1959-05-19,139,139,1959,5,19,NA,Pennsylvania,Philadelphia,NA,Bustleton Ave. and Rhawnhurst,NA,NA,NA,Raphanus raphanistrum L.,raphanistrum
3865109357,9,3,19,3865109357,3865109357,PH,Walter M. Benner,1926-07-26,207,207,1926,7,26,NA,Pennsylvania,Bucks,NA,Bristol,40.100666,-74.851831,2062.0,Raphanus raphanistrum L.,raphanistrum
1999019853,0,1,28,1999019853,1999019853,GH,"M. L. Fernald, B. H. Long & G. S. Torrey",1913-09-15,258,258,1913,9,15,"September 15, 1913",Rhode Island,NA,NA,Block Island,NA,NA,NA,Raphanus raphanistrum L.,raphanistrum
3865364291,0,3,26,3865364291,3865364291,PH,Thomas C. Porter,1898-07-18,199,199,1898,7,18,July 18 / 98,Pennsylvania,Northampton,NA,"Easton, College Hill",40.703229,-75.207386,1373.0,Raphanus raphanistrum L.,raphanistrum
3341236050,2,2,1,3341236050,3341236050,SIM,William T. Davis,1898-06-19,170,170,1898,6,19,NA,New York,Richmond,NA,"West New Brighton, Staten Island",40.634548,-74.112087,3036.0,Raphanus sativus L.,sativus
2512791309,4,10,45,2512791309,2512791309,US,C. Harrison,1888,NA,NA,1888,NA,NA,NA,Massachusetts,NA,NA,Martha's Vineyard.,NA,NA,NA,Raphanus raphanistrum L.,raphanistrum
3357383414,0,2,20,3357383414,3357383414,GMUF,"Ted Bradley, Brodeur",1978-05-17,137,137,1978,5,17,17 May 1978,Virginia,Culpeper,NA,In Culpeper.,NA,NA,NA,Raphanus sativus L.,sativus
3865101225,0,11,11,3865101225,3865101225,PH,Harold W. Pretz,1917-06-24,175,175,1917,6,24,"June 24, 1917",Pennsylvania,Lehigh,NA,Treichlers Station,NA,NA,NA,Raphanus raphanistrum L.,raphanistrum
3897881458,1,0,45,3897881458,3897881458,CHRB,NA,NA,NA,NA,NA,NA,NA,NA,California,Los Angeles,NA,NA,NA,NA,NA,Raphanus raphanistrum L.,raphanistrum
3969593861,0,2,15,3969593861,3969593861,BRIT,NA,NA,NA,NA,NA,NA,NA,NA,NA,NA,NA,NA,NA,NA,NA,Raphanus raphanistrum L.,raphanistrum
5074461250,1,1,0,5074461250,5074461250,University of Rhode Island,W. L. Halvorson,1975,NA,NA,1975,NA,NA,75-6-5,Rhode Island,Washington,South Kingstown,"University of Rhode Island, Kingston",41.4467,-71.54742,11590.0,Raphanus raphanistrum L.,raphanistrum
5067926817,10,2,4,5067926817,5067926817,University of New Hampshire,E. M. Meader,1952-06-30,182,182,1952,6,30,NA,New Hampshire,Strafford,Rochester,NA,43.29898,-70.97861,8933.0,Raphanus sativus L.,sativus
3969795114,7,0,2,3969795114,3969795114,BRIT,NA,NA,NA,NA,NA,NA,NA,NA,NA,NA,NA,NA,NA,NA,NA,Raphanus L.,NA
3469835044,1,7,1,3469835044,3469835044,LSU,R. Dale Thomas,1983-03-10,69,69,1983,3,10,NA,Louisiana,Bossier,NA,NA,NA,NA,NA,Raphanus raphanistrum L.,raphanistrum
2234307615,2,4,12,2234307615,2234307615,NCU,"Giencke, Lisa",2006-06-22,173,173,2006,6,22,NA,North Carolina,Orange,NA,"Upper Battle Park, at corner of Country Club Road and Gimghoul Road. 35.91188° N, 79.04273° W",35.915043,-79.03931,725.0,Raphanus raphanistrum L.,raphanistrum
3865104318,0,3,2,3865104318,3865104318,PH,Bayard Long,1950-06-15,166,166,1950,6,15,June 15 1950,New Jersey,Burlington,NA,Beverly,40.063418,-74.918884,2443.0,Raphanus raphanistrum L.,raphanistrum
5067925811,0,1,5,5067925811,5067925811,University of New Hampshire,G. Morse;,1918-06-16,167,167,1918,6,16,NA,Maine,Cumberland,Portland,NA,43.68047,-70.22315,11134.0,Raphanus raphanistrum L.,raphanistrum
3969778964,0,11,24,3969778964,3969778964,BRIT,NA,NA,NA,NA,NA,NA,NA,NA,NA,NA,NA,NA,NA,NA,NA,Raphanus raphanistrum L.,raphanistrum
5070543303,1,14,26,5070543303,5070543303,BALT,T. D. Misotti,1976-07-23,205,205,1976,7,23,7/23/1976,Maryland,Harford,NA,"Edgewood Senior High School, near railroad tracks",39.42144,-76.28485,280,Raphanus raphanistrum L.,raphanistrum
2459168788,1,4,27,2459168788,2459168788,UCSC,Al Keuter,2012-11-06,311,311,2012,11,6,6-Nov-12,California,Santa Cruz,Santa Cruz,"Along the north edge of the sidewalk, roughly 90' west of the intersection of Water Street and North Branciforte Avenue",37.08427,-122.06165,NA,Raphanus raphanistrum L.,raphanistrum
3469982046,1,6,29,3469982046,3469982046,NO,David Morgan,1978-04-15,105,105,1978,4,15,NA,Mississippi,Jones,NA,NA,NA,NA,NA,Raphanus raphanistrum L.,raphanistrum
2430138655,1,7,1,2430138655,2430138655,RSA,James Snow,1932,NA,NA,1932,NA,NA,Spring 1932,California,Los Angeles,NA,"Bryant Ranch, near Long Beach, Station no.3. Plat. 3.",33.793056,-118.024444,NA,Raphanus sativus L.,sativus
3865101233,0,7,6,3865101233,3865101233,PH,Bayard Long,1937-05-30,150,150,1937,5,30,May 30 1937,New Jersey,Salem,NA,1 mi E of Olivet,39.541329,-75.148914,1055.0,Raphanus raphanistrum L.,raphanistrum
5106272377,1,2,3,5106272377,5106272377,UNCC,NA,NA,NA,NA,NA,NA,NA,NA,North Carolina,Moore,NA,NA,NA,NA,NA,Raphanus raphanistrum subsp. raphanistrum,raphanistrum
4092881431,0,2,27,4092881431,4092881431,FARM,NA,NA,NA,NA,NA,NA,NA,NA,Virginia,NA,NA,NA,NA,NA,NA,Raphanus raphanistrum L.,raphanistrum
2859102605,0,5,21,2859102605,2859102605,CM,"Miller, J.",1888-06-23,175,175,1888,6,23,23 Jun 1888,Pennsylvania,Erie,NA,"Eighteenth and Plum Sts, Erie",42.111718,-80.096282,121.0,Raphanus sativus L.,sativus
2859099103,2,5,13,2859099103,2859099103,CM,"Graham, H.W.",1926-08-11,223,223,1926,8,11,11 Aug 1926,New York,Suffolk,NA,"Long Island, near Wading River",40.954882,-72.851818,4830.0,Raphanus raphanistrum L.,raphanistrum
3865097242,1,4,13,3865097242,3865097242,PH,Bayard Long,1943-07-10,191,191,1943,7,10,NA,Pennsylvania,Montgomery,NA,within 1 mi. W of Telford,40.321149,-75.3499,1096.0,Raphanus raphanistrum L.,raphanistrum
2859095120,0,2,13,2859095120,2859095120,CM,"Henry, L.K.",1929,NA,NA,1929,NA,NA,Jul-Aug 1929,New York,Suffolk,NA,"Long Island, Wading River",40.954882,-72.851818,4830.0,Raphanus raphanistrum L.,raphanistrum
3344481243,1,4,7,3344481243,3344481243,CLEMS,J. R. Davis,1982-10-10,283,283,1982,10,10,NA,South Carolina,Colleton,NA,Colleton,NA,NA,NA,Raphanus raphanistrum L.,raphanistrum
2430204411,1,13,15,2430204411,2430204411,RSA,E. W. Lathrop,1966-05-23,143,143,1966,5,23,"May 23, 1966",California,Riverside,NA,6 miles NW of Murrieta.,NA,NA,NA,Raphanus sativus L.,sativus
SML_1999120723,3,7,5,SML_1999120723,1999120723,GH,H. E. Stone,1927-05-30,150,150,1927,5,30,NA,Pennsylvania,Chester County,NA,Bacton,NA,NA,NA,Raphanus raphanistrum L.,raphanistrum
5101172796,3,4,2,5101172796,5101172796,CHAS,Collector(s): unknown,1983-06-20,171,171,1983,6,20,"""Jun 20, 1983""",North Carolina,Alamance County,NA,No specific locality recorded.,NA,NA,NA,Raphanus sativus L.,sativus
5106271625,6,10,5,5106271625,5106271625,UNCC,NA,NA,NA,NA,NA,NA,NA,NA,North Carolina,Durham,NA,NA,NA,NA,NA,Raphanus raphanistrum subsp. raphanistrum,raphanistrum
3469986052,0,2,55,3469986052,3469986052,NO,Henry M. Pollard,1967-06-16,167,167,1967,6,16,NA,California,Ventura,NA,NA,NA,NA,NA,Raphanus raphanistrum L.,raphanistrum
3709996871,6,16,26,3709996871,3709996871,GA,NA,NA,NA,NA,NA,NA,NA,NA,Alabama,Baldwin County,NA,"Baldwin County, AL",30.76381,-87.71111,56000,Raphanus raphanistrum L.,raphanistrum
2234333034,0,2,10,2234333034,2234333034,NCU,NA,NA,NA,NA,NA,NA,NA,NA,Virginia,Northampton,NA,NA,NA,NA,NA,Raphanus raphanistrum L.,raphanistrum
3897882370,1,5,10,3897882370,3897882370,CHRB,NA,NA,NA,NA,NA,NA,NA,NA,New Jersey,Somerset,NA,NA,NA,NA,NA,Raphanus raphanistrum L.,raphanistrum
3865378420,0,5,7,3865378420,3865378420,PH,J. H. Mears,1978-06-06,157,157,1978,6,6,"June 6, 1978",Pennsylvania,Philadelphia,NA,Philadelphia; corner of Race and Parkway between 19th and 20th Sts.,NA,NA,NA,Raphanus raphanistrum L.,raphanistrum
2992913306,1,4,22,2992913306,2992913306,USF,H. W. Graham,1927-09-11,254,254,1927,9,11,NA,California,Marin Co.,NA,"Along road, trails, railroad from Mill Valley to Muir Woods, near San Francisco.",37.9833,-122.117,NA,Raphanus sativus L.,sativus
3897882371,0,6,23,3897882371,3897882371,CHRB,NA,NA,NA,NA,NA,NA,NA,NA,New Jersey,Somerset,NA,NA,NA,NA,NA,Raphanus raphanistrum L.,raphanistrum
3865378421,3,3,31,3865378421,3865378421,PH,Stanley L. Glowenke,1939-06-15,166,166,1939,6,15,NA,Pennsylvania,Pike,NA,"bank of Lackawaxen Creek, Lackawaxen",41.486278,-74.993984,665.0,Raphanus raphanistrum L.,raphanistrum
2430432702,2,18,26,2430432702,2430432702,RSA,Mrs.Henry J. Ramsey; Mrs. Henry J. Ramsey,1937-07-20,201,201,1937,7,20,"July 20, 1937",California,San Diego,NA,Between San Diego and Temecula,NA,NA,NA,Raphanus sativus L.,sativus
2514964427,1,6,16,2514964427,2514964427,NA,Wijtman-Steelink V,1952-05-01/1952-05-31,122,152,1952,5,NA,NA,NA,NA,NA,Flora van N. Amerika. Canyon Hollywood.,NA,NA,NA,Raphanus sativus L.,sativus
2430423056,3,12,2,2430423056,2430423056,RSA,Steven A. Junak,1991-04-04,94,94,1991,4,4,4 Apr 1991,California,Santa Barbara,NA,"Santa Cruz Island, Canada Cebada, along S Ridge Road, halfway down grade from ridgetop to canyon bottom, N side of canyon.",34.01952,-119.84462,160.0,Raphanus raphanistrum L.,raphanistrum
1998853240,2,2,25,1998853240,1998853240,NEBC,C. F. Batchelder,1916-08-19,232,232,1916,8,19,"August 19, 1916",New Hampshire,Cheshire County,Rindge,Rindge,NA,NA,NA,Raphanus raphanistrum L.,raphanistrum
SML_5074461246,1,5,9,SML_5074461246,5074461246,University of Rhode Island,George W. Burlingame,1891-07-31,212,212,1891,7,31,NA,Rhode Island,Washington,South Kingstown,Kingston,41.4467,-71.54742,11590.0,Raphanus sativus L.,sativus
3357380444,0,2,53,3357380444,3357380444,GMUF,"Ted Bradley, John Whiton",1981-05-09,129,129,1981,5,9,9 May 1981,Virginia,Richmond,NA,"Roadside, 0.3 mi. s. of rte. 655 on rte. 614, sw. of Tidewater",NA,NA,NA,Raphanus raphanistrum L.,raphanistrum
2573078965,0,3,2,2573078965,2573078965,VT,NA,NA,NA,NA,NA,NA,NA,NA,Vermont,NA,Dorset,NA,43.25879,-73.05147,8006.0,Raphanus raphanistrum L.,raphanistrum
4134270703,4,12,37,4134270703,4134270703,LYN,NA,NA,NA,NA,NA,NA,NA,NA,Virginia,Middlesex,NA,NA,NA,NA,NA,Raphanus raphanistrum L.,raphanistrum
3865097243,0,4,21,3865097243,3865097243,PH,A. F. Hough,1935-07-15,196,196,1935,7,15,"July 15, 1935",Pennsylvania,McKean,NA,"Allegheny National Forest, near Ludlow",41.728394,-78.94337,2612.0,Raphanus raphanistrum L.,raphanistrum
SML_5198174851,0,4,30,SML_5198174851,5198174851,CAS,"Wiggins, Ira L.",1965-03-11,70,70,1965,3,11,"March 11, 1965",Florida,Alachua County,NA,"Northwest side of Alice Lake, University of Florida campus, Gainesville.",29.64267,-82.36275,110,Raphanus raphanistrum L.,raphanistrum
3344481242,6,5,1,3344481242,3344481242,CLEMS,R. H. Jones,1979-03-31,90,90,1979,3,31,NA,South Carolina,Colleton,NA,Colleton,NA,NA,NA,Raphanus raphanistrum L.,raphanistrum
5106274975,2,2,1,5106274975,5106274975,UNCC,"Basinger, Mark",2010-05-26,146,146,2010,5,26,2010-5-26,North Carolina,Wilson,NA,"6044 Wiggins Mill Road, Lucama",35.67597,-78.03604,NA,Raphanus sativus L.,sativus
2234331321,5,6,3,2234331321,2234331321,NCU,NA,NA,NA,NA,NA,NA,NA,NA,North Carolina,Carteret,NA,NA,NA,NA,NA,Raphanus raphanistrum L.,raphanistrum
3865101232,1,4,6,3865101232,3865101232,PH,Bayard Long,1949-11-03,307,307,1949,11,3,Nov 3 1949,New Jersey,Mercer,NA,"along P.R.R. S of Lalor St., S of Trenton; 40.197509 -74.752324",40.197509,-74.752324,1142.0,Raphanus raphanistrum L.,raphanistrum
3496963414,6,34,16,3496963414,3496963414,ODU,Roger A. Walker,1970-04-16,106,106,1970,4,16,NA,Virginia,Suffolk City,NA,"Along Route 135, 1.9 miles west of junction of Route 135 and U.S. Hwy 17",NA,NA,NA,Raphanus raphanistrum L.,raphanistrum
4912151097,1,4,3,4912151097,4912151097,BRY,S. Franson,1997-04-23,113,113,1997,4,23,1997-4-23,California,Lake,NA,"City of Upper Lake, immediately east of the intersection of Hwy 20 and hwy 29, about 300Õ north of Hwy 20, near a walnut orchard.",39.1625,-122.92222,NA,Raphanus sativus L.,sativus
1999395030,0,39,35,1999395030,1999395030,NEBC,E. F. Williams,1897-06-27,178,178,1897,6,27,"June 27, 1897",Massachusetts,Norfolk County,Dedham,Dedham,NA,NA,NA,Raphanus sativus L.,sativus
5081485329,0,1,16,5081485329,5081485329,ERSK,"Britt, R.F.",1963-05-23,143,143,1963,5,23,NA,North Carolina,Robeson,NA,4.5 miles south-southwest of St. Pauls along County 1765.,NA,NA,NA,Raphanus raphanistrum L.,raphanistrum
2234329480,0,2,33,2234329480,2234329480,NCU,NA,NA,NA,NA,NA,NA,NA,NA,North Carolina,Richmond,NA,NA,NA,NA,NA,Raphanus raphanistrum L.,raphanistrum
2234332366,5,12,14,2234332366,2234332366,NCU,NA,NA,NA,NA,NA,NA,NA,NA,Virginia,Suffolk City,NA,NA,NA,NA,NA,Raphanus raphanistrum L.,raphanistrum
3709905432,0,2,7,3709905432,3709905432,GA,NA,NA,NA,NA,NA,NA,NA,NA,New Jersey,NA,NA,NA,NA,NA,NA,Raphanus raphanistrum L.,raphanistrum
5103867451,0,0,18,5103867451,5103867451,WILLI,"Britt, Robert F",1965-05-23,143,143,1965,5,23,NA,North Carolina,Robeson,NA,4.5 mi SSW of St Pauls along Co 1765,NA,NA,NA,Raphanus raphanistrum L.,raphanistrum
3969795115,0,7,3,3969795115,3969795115,BRIT,NA,NA,NA,NA,NA,NA,NA,NA,NA,NA,NA,NA,NA,NA,NA,Raphanus raphanistrum L.,raphanistrum
4102218537,0,1,1,4102218537,4102218537,BRIT,NA,NA,NA,NA,NA,NA,NA,NA,California,Butte,NA,NA,NA,NA,NA,Raphanus raphanistrum L.,raphanistrum
3865104319,0,3,9,3865104319,3865104319,PH,John W. Eckfeldt,1909-06-30,181,181,1909,6,30,June 30 1909,New Jersey,Cape May,NA,Bennett Lake,NA,NA,NA,Raphanus raphanistrum L.,raphanistrum
5067925810,4,3,2,5067925810,5067925810,University of New Hampshire,F. P. Briggs,1890-07,NA,NA,1890,7,NA,NA,Maine,Penobscot,Orono,cultivated ground,44.88669,-68.71656,7009.0,Raphanus raphanistrum L.,raphanistrum
3969778965,0,3,1,3969778965,3969778965,BRIT,NA,NA,NA,NA,NA,NA,NA,NA,NA,NA,NA,NA,NA,NA,NA,Raphanus raphanistrum L.,raphanistrum
5070543302,2,7,15,5070543302,5070543302,BALT,NA,NA,NA,NA,NA,NA,NA,NA,NA,NA,NA,NA,NA,NA,NA,Raphanus L.,NA
3469982047,1,9,27,3469982047,3469982047,NO,Josephine D. Rondall,1907-06-03,154,154,1907,6,3,NA,California,Santa Clara,NA,NA,NA,NA,NA,Raphanus sativus L.,sativus
3744713780,6,14,36,3744713780,3744713780,UNA,Robert R. Haynes,1988-03-13,73,73,1988,3,13,3/13/1988,Alabama,Escambia,NA,N edge of Atmore; 1 mi. N jct. U. S. 31 and State Route 21,31.03,-87.49,NA,Raphanus raphanistrum L.,raphanistrum
3897882330,0,0,4,3897882330,3897882330,CHRB,NA,NA,NA,NA,NA,NA,NA,NA,New Jersey,Monmouth,NA,NA,NA,NA,NA,Raphanus raphanistrum L.,raphanistrum
SML_1998870921,2,1,4,SML_1998870921,1998870921,GH,P. G. Meissner,1950-08-15,227,227,1950,8,15,NA,New York,NA,NA,Little Neck,NA,NA,NA,Raphanus raphanistrum L.,raphanistrum
2234309165,0,7,3,2234309165,2234309165,NCU,"Thomas, R.",1990-05-08,128,128,1990,5,8,NA,Louisiana,Richland,NA,"FLORA OF LOUISIANA Parish: Richland Along south side of I-20E east of Start Exit west of Rayville; Sec. 10, T17N, R6E.",32.45733,-91.76188,300,Raphanus raphanistrum L.,raphanistrum
2265940650,1,6,0,2265940650,2265940650,DUL,"Milne, James D.",1953-05-01,121,121,1953,5,1,5/1/1953,California,Los Angeles,Long Beach,NA,NA,NA,NA,Raphanus L.,NA
3865101224,5,17,55,3865101224,3865101224,PH,Thomas C. Porter,1898-07-13,194,194,1898,7,13,NA,Pennsylvania,Northampton,NA,"College Hill, Easton",40.703229,-75.207386,1373.0,Raphanus raphanistrum L.,raphanistrum
3469884064,4,7,2,3469884064,3469884064,NO,George R. Cooley,1955-04-06,96,96,1955,4,6,NA,Mississippi,Panola,NA,NA,NA,NA,NA,Raphanus sativus L.,sativus
3820736893,3,12,12,3820736893,3820736893,OSU,"Ralph L. Thompson; Ralph L. Thompson, Patricia Thompson",1977-04-17,107,107,1977,4,17,NA,Oregon,Douglas,NA,"Myrtle Island Research Natural Area, 11.3-ha island in the Umpqua River, at end of Cougar Creek Road, 7.3 km west of Bullock Bridge and OR 138.",43.475,-123.5431,4828.0,Raphanus raphanistrum L.,raphanistrum
3897881459,0,2,33,3897881459,3897881459,CHRB,NA,NA,NA,NA,NA,NA,NA,NA,Pennsylvania,Northumberland,NA,NA,NA,NA,NA,Raphanus raphanistrum L.,raphanistrum
1999050539,1,0,29,1999050539,1999050539,NEBC,N. T. Kidder,1917-06-25,176,176,1917,6,25,25 June 1917,Massachusetts,Norfolk County,Milton,Milton,42.24132,-71.06974,3715m,Raphanus sativus L.,sativus
2430367972,1,2,0,2430367972,2430367972,RSA,N. C. Cooper,1944-05-21,142,142,1944,5,21,"May 21, 1944.",California,Riverside,NA,"San Jacinto Mountains, West side",33.7099895,-116.2705912,4000.0,Raphanus sativus L.,sativus
1999112582,0,7,29,1999112582,1999112582,NEBC,A. S. Pease,1912-08-17,230,230,1912,8,17,"17 Aug., 1912",New Hampshire,NA,NA,West Milan,NA,NA,NA,Raphanus raphanistrum L.,raphanistrum
1999192084,1,5,4,1999192084,1999192084,GH,D. Potter,1925-09-04,247,247,1925,9,4,9/4/25,Massachusetts,Middlesex County,Concord,Concord,NA,NA,NA,Raphanus sativus L.,sativus
3969593860,1,6,17,3969593860,3969593860,BRIT,NA,NA,NA,NA,NA,NA,NA,NA,NA,NA,NA,NA,NA,NA,NA,Raphanus raphanistrum L.,raphanistrum
5067926816,0,0,12,5067926816,5067926816,University of New Hampshire,F. L. Harvey; L. H. Harvey,1896-07,NA,NA,1896,7,NA,NA,Maine,Penobscot,Orono,Orono and Vicinity,44.88669,-68.71656,7009.0,Raphanus sativus L.,sativus
5067912299,1,0,3,5067912299,5067912299,University of New Hampshire,W. F. Nichols; V. C. Nichols Sr.,2006-08-31,243,243,2006,8,31,NA,New Hampshire,Rockingham,Rye,Star Island,43.01408,-70.76224,5957.0,Raphanus raphanistrum L.,raphanistrum
2234330822,7,2,0,2234330822,2234330822,NCU,NA,NA,NA,NA,NA,NA,NA,NA,South Carolina,Lexington,NA,NA,NA,NA,NA,Raphanus raphanistrum L.,raphanistrum
1998872730,3,12,5,1998872730,1998872730,NEBC,M. B. Simmons,NA,NA,NA,NA,NA,NA,Oct. or Sept. '97,Rhode Island,Newport County,Jamestown,Jamestown,NA,NA,NA,Raphanus sativus L.,sativus
2234308373,2,3,0,2234308373,2234308373,NCU,"Thomas, R.",1983-03-13,72,72,1983,3,13,NA,Louisiana,Bossier,NA,"FLORA OF LOUISIANA Parish: Bossier Roadbank of I-220 at Airline Drive (Bossier 3105) north of Bossier City, Sec. 11, T18N, R13W.",32.55739,-93.70992,500,Raphanus raphanistrum L.,raphanistrum
2512792123,1,2,33,2512792123,2512792123,US,W. Deane,1915-09-06,249,249,1915,9,6,NA,New Hampshire,NA,NA,Shelburne.,NA,NA,NA,Raphanus raphanistrum L.,raphanistrum
5103602230,2,15,40,5103602230,5103602230,UTEP,Collector(s): Scott D. White Jr.,1996-04-09,100,100,1996,4,9,09 APR 1996,California,Los Angeles County,NA,"Marina del Ray Area, Ballona Creek, Floodplain and adjacent N-facing slopes",33.966667,-118.433333,NA,Raphanus sativus L.,sativus
3897882367,4,5,7,3897882367,3897882367,CHRB,NA,NA,NA,NA,NA,NA,NA,NA,New Jersey,Somerset,NA,NA,NA,NA,NA,Raphanus raphanistrum L.,raphanistrum
3865375340,1,0,10,3865375340,3865375340,PH,Bayard Long,1956-06-24,176,176,1956,6,24,NA,Pennsylvania,Bucks,NA,Midway,40.131777,-74.887943,1003.0,Raphanus raphanistrum L.,raphanistrum
2430197515,2,6,3,2430197515,2430197515,RSA,Nathan Moorhatch,1991-05-21,141,141,1991,5,21,21 May 1991,California,San Bernardino,NA,"San Manuel Indian Reservation, approximately 1.5 miles north of Highland Ave. on Victoria.",34.15622,-117.21906,402.0,Raphanus sativus L.,sativus
3865096297,0,2,2,3865096297,3865096297,PH,"Robert L. Schaeffer, Jr.",1944-06-04,156,156,1944,6,4,NA,Pennsylvania,Northampton,NA,Just S of Shimersville,40.616296,-75.330414,301.0,Raphanus sativus L.,sativus
3428801686,0,3,3,3428801686,3428801686,LFCC,R. Simpson,1975-04-26,116,116,1975,4,26,NA,Virginia,Virginia Beach City,NA,Colonial Rd.,NA,NA,NA,Raphanus raphanistrum L.,raphanistrum
3344481254,1,1,6,3344481254,3344481254,CLEMS,R. Gambrell,1984-03-02,62,62,1984,3,2,NA,South Carolina,Barnwell,NA,Barnwell,NA,NA,NA,Raphanus raphanistrum L.,raphanistrum
1999146808,0,16,32,1999146808,1999146808,NEBC,R. G. Poland & S. K. Harris,1967-11-12,316,316,1967,11,12,"Nov. 12, 1967",Massachusetts,Franklin County,Deerfield,Deerfield,NA,NA,NA,Raphanus raphanistrum L.,raphanistrum
2234330930,2,2,9,2234330930,2234330930,NCU,NA,NA,NA,NA,NA,NA,NA,NA,North Carolina,Stanly,NA,NA,NA,NA,NA,Raphanus raphanistrum L.,raphanistrum
3357425421,1,0,13,3357425421,3357425421,LFCC,R.F. Whiting,1978-05-23,143,143,1978,5,23,1978-05-23,Virginia,Shenandoah,NA,"Strasburg, Junction of Rt. 55 and Rt. 623.",39.037231,-78.383375,43.0,Raphanus raphanistrum L.,raphanistrum
2573088224,2,6,34,2573088224,2573088224,VT,NA,1897-06-27,178,178,1897,6,27,1897-6-27,Massachusetts,Norfolk,Dedham,NA,42.24737,-71.17653,4960.0,Raphanus sativus L.,sativus
3865362256,0,0,6,3865362256,3865362256,PH,"Robert L. Schaeffer, Jr.",1958-06-30,181,181,1958,6,30,NA,Pennsylvania,Lehigh,NA,0.5 mi. E of Kuhnsville,NA,NA,NA,Raphanus raphanistrum L.,raphanistrum
2512774889,0,7,15,2512774889,2512774889,US,J. Chickering,1877-05-15,135,135,1877,5,15,NA,Virginia,City of Norfolk,NA,Norfolk.,NA,NA,NA,Raphanus raphanistrum L.,raphanistrum
3865377306,0,5,6,3865377306,3865377306,PH,J.A. Ruth; H. F. Ruth,1902-06-24,175,175,1902,6,24,NA,Pennsylvania,Washington,NA,West Bethlehem,40.034126,-80.114941,NA,Raphanus sativus L.,sativus
2512775099,1,0,0,2512775099,2512775099,US,ex herb. F. V. Coville,1883-06-21,172,172,1883,6,21,NA,New York,NA,NA,The Northern United States. Oxford. Old gardens and waste places.,NA,NA,NA,Raphanus sativus L.,sativus
1998918058,3,15,21,1998918058,1998918058,GH,W. H. Blanchard,1900,NA,NA,1900,NA,NA,"June, 1900",Vermont,Windham County,Westminster,Westminster,NA,NA,NA,Raphanus raphanistrum L.,raphanistrum
1999202144,0,2,33,1999202144,1999202144,GH,E. F. Williams,1897-06-27,178,178,1897,6,27,June 27 1897,Massachusetts,Norfolk County,Dedham,Dedham,NA,NA,NA,Raphanus sativus L.,sativus
5103856859,2,5,2,5103856859,5103856859,WILLI,"Brooks, E J",1942-05-06,126,126,1942,5,6,NA,Virginia,Williamsburg City,NA,Matoaka Park,37.266915,-76.72503,2080.0,Raphanus L.,NA
4081344393,0,10,39,4081344393,4081344393,EIU,"Steward, Albert; Steward, David",1955-07-04,185,185,1955,7,4,NA,Oregon,Lane,NA,Gravel bed east of Cottage Grove.,NA,NA,NA,Raphanus raphanistrum L.,raphanistrum
4010715017,2,10,4,4010715017,4010715017,GMUF,Gary P. Fleming,2020-04-10,101,101,2020,4,10,4/10/2020,Virginia,Nottoway,NA,"High Bridge Trail State Park. Along trail near a large farm pond, ca. 1.2 mi. SSE of Rt. 607 and 2.0 miles NW of Burkeville.",37.207546,-78.233351,NA,Raphanus raphanistrum L.,raphanistrum
5067927817,0,1,22,5067927817,5067927817,University of New Hampshire,A. H. Norton;,1912-07-16,198,198,1912,7,16,NA,Maine,Cumberland,Westbrook,NA,43.6954,-70.35383,6528.0,Raphanus sativus L.,sativus
3865093282,0,8,4,3865093282,3865093282,PH,Ida A. Keller,1884-06-21,173,173,1884,6,21,NA,Pennsylvania,Philadelphia,NA,Fairmount Park,39.952335,-75.163789,25090.0,Raphanus sativus L.,sativus
2430299319,0,22,51,2430299319,2430299319,RSA,L. C. Wheeler,1967-05-13,133,133,1967,5,13,13 May 1967,California,Los Angeles,NA,San Gabriel Mountains; mesa between Little Dalton and Englewild canyons.,34.157899,-117.846251,1200.0,Raphanus sativus L.,sativus
3820744000,0,7,6,3820744000,3820744000,OSU,H. A. Scullen; H.A. Scullen,1926-07-12,193,193,1926,7,12,NA,Oregon,Coos,NA,Arago Lighthouse grounds.,43.3394,-124.3731,4828.0,Raphanus sativus L.,sativus
1998952477,0,0,16,1998952477,1998952477,NEBC,T. O. Fuller,1890-08-25,237,237,1890,8,25,Aug 25 1890,Massachusetts,Norfolk County,Needham,Needham,42.27722,-71.23419,3500,Raphanus raphanistrum L.,raphanistrum
SML_1998605784,1,3,2,SML_1998605784,1998605784,GH,O. P. Phelps,1915-07-04,185,185,1915,7,4,NA,New York,Saint Lawrence County,NA,Edwards,NA,NA,NA,Raphanus sativus L.,sativus
2234332425,1,10,30,2234332425,2234332425,NCU,NA,NA,NA,NA,NA,NA,NA,NA,Georgia,Lowndes,NA,NA,NA,NA,NA,Raphanus raphanistrum L.,raphanistrum
2234330048,1,2,24,2234330048,2234330048,NCU,NA,NA,NA,NA,NA,NA,NA,NA,South Carolina,Hampton,NA,NA,NA,NA,NA,Raphanus raphanistrum L.,raphanistrum
2270498412,2,4,43,2270498412,2270498412,ASU,Richard R. Halse,2014-07-19,200,200,2014,7,19,2014-7-19,Oregon,Coos County,NA,"Coos Co., Oregon: Just south of Bandon at the end of Mars Lane.",43.087212,-124.433687,NA,Raphanus raphanistrum L.,raphanistrum
3496963496,0,1,19,3496963496,3496963496,ODU,J. Wells,1966-06-24,175,175,1966,6,24,NA,Virginia,Isle of Wight,NA,Along Rt. 600,NA,NA,NA,Raphanus raphanistrum L.,raphanistrum
2515123578,1,0,0,2515123578,2515123578,NA,Thomas RD; Taylor DD,1983-03-10,69,69,1983,3,10,NA,Louisiana,NA,NA,"Roadbank of I-220 at Airline Drive (Bossier 3105) north of Bossier City, Sec. 11, T18N, R13W.",32.55739,-93.70992,500,Raphanus raphanistrum L.,raphanistrum
3820752750,1,13,27,3820752750,3820752750,OSU,David M. Danley,1992-04-07,98,98,1992,4,7,07 April 92,Oregon,Multnomah,NA,"Portland, near Interstate 84 and 142nd. Ave.",NA,NA,NA,Raphanus sativus L.,sativus
4101881486,1,1,1,4101881486,4101881486,BRIT,NA,NA,NA,NA,NA,NA,NA,NA,Louisiana,NA,NA,NA,NA,NA,NA,Raphanus sativus L.,sativus
3865092217,0,0,16,3865092217,3865092217,PH,"Robert L. Schaeffer, Jr.",1940-07-24,206,206,1940,7,24,NA,Pennsylvania,Northampton,NA,ca 1 mi. E of Steel City,40.627875,-75.308584,1092.0,Raphanus sativus L.,sativus
3469838026,0,0,45,3469838026,3469838026,LSU,R. Dale Thomas,1990-06-09,160,160,1990,6,9,NA,Louisiana,Lincoln,NA,NA,NA,NA,NA,Raphanus raphanistrum L.,raphanistrum
3469987228,4,5,0,3469987228,3469987228,NO,E. E. Stanford,1930-04,NA,NA,1930,4,NA,NA,California,San Joaquin,NA,NA,NA,NA,NA,Raphanus sativus L.,sativus
3344481297,0,6,4,3344481297,3344481297,CLEMS,E. G. Young,1986-03-16,75,75,1986,3,16,NA,South Carolina,Sumter,NA,Sumter,NA,NA,NA,Raphanus raphanistrum L.,raphanistrum
3344415228,3,5,6,3344415228,3344415228,CLEMS,"Allen L. Bowers, III",1972-04-27,118,118,1972,4,27,NA,South Carolina,Hampton,NA,Hampton,NA,NA,NA,Raphanus raphanistrum L.,raphanistrum
2859335857,2,2,17,2859335857,2859335857,CM,"Henry, L.K.",1949-06-29,180,180,1949,6,29,29 Jun 1949,Pennsylvania,Crawford,NA,"along Rt 19, 6 mi S of Meadville",41.554505,-80.151448,10456.0,Raphanus raphanistrum L.,raphanistrum
2430411664,0,5,33,2430411664,2430411664,RSA,R. F. Thorne; P. Everett,1965-06-22,173,173,1965,6,22,22 June 1965,California,Los Angeles,NA,Catalina Island. South of Avalon golf course.,33.328879,-118.338976,552.0,Raphanus raphanistrum L.,raphanistrum
2515502332,1,0,67,2515502332,2515502332,NA,Genelle P; Fleming G,1975-04-27,117,117,1975,4,27,NA,NA,NA,NA,Plants of Florida. Manatee County Duette Road.,NA,NA,NA,Rapistrum raphanistrum (L.) Crantz,raphanistrum
4912153301,2,8,13,4912153301,4912153301,BRY,Richard R. Halse,1987-02-22,53,53,1987,2,22,1987-2-22,California,Lake,NA,"Along State Hwy 121, 0.4 miles east of its junction with State Hwy 116 at Big Bend in the Sonoma Valley.",NA,NA,NA,Raphanus sativus L.,sativus
3969863985,3,25,11,3969863985,3969863985,BRIT,NA,NA,NA,NA,NA,NA,NA,NA,NA,NA,NA,NA,NA,NA,NA,Raphanus raphanistrum L.,raphanistrum
4134270693,1,5,0,4134270693,4134270693,LYN,NA,NA,NA,NA,NA,NA,NA,NA,Virginia,Middlesex,NA,NA,NA,NA,NA,Raphanus raphanistrum L.,raphanistrum
CDA-0020839,2,8,1,CDA-0020839,3059684841,CDA,unknown,1908-03-27,87,87,1908,3,27,3/27/1908,California,Santa Barbara,NA,Vicinity of Santa Maria Union High School. South Central Coast.,34.94,-120.44,NA,Raphanus sativus L.,sativus
5068461197,1,1,0,5068461197,5068461197,NTSC,A. W. Roach,1949-06-03,154,154,1949,6,3,6/3/49,Oregon,NA,NA,NA,NA,NA,NA,Raphanus sativus L.,sativus
3897880675,0,1,0,3897880675,3897880675,CHRB,NA,NA,NA,NA,NA,NA,NA,NA,New Jersey,Camden,NA,NA,NA,NA,NA,Raphanus raphanistrum L.,raphanistrum
1999420891,0,1,21,1999420891,1999420891,NEBC,J. R. Churchill,1917-08-16,228,228,1917,8,16,Aug. 16 1917,Massachusetts,Nantucket County,Nantucket,Nantucket,NA,NA,NA,Raphanus sativus L.,sativus
3820743012,0,20,37,3820743012,3820743012,OSU,Richard R. Halse,1995-04-25,115,115,1995,4,25,NA,Oregon,Lane,NA,along State Hwy. 126; 4.8 miles east of its junction with U.S. Hwy. 101 in Florence.,44.00605,-124.01615,805.0,Raphanus sativus L.,sativus
2573122212,6,10,17,2573122212,2573122212,VT,NA,1878-06,NA,NA,1878,6,NA,1878-6,Massachusetts,Middlesex,Medford,NA,42.42416,-71.10831,3947.0,Raphanus raphanistrum L.,raphanistrum
3865373304,3,0,10,3865373304,3865373304,PH,"Robert L. Schaeffer, Jr.",1944-08-13,226,226,1944,8,13,NA,Pennsylvania,Northampton,NA,just S of Shimersville,40.616296,-75.330414,301.0,Raphanus sativus L.,sativus
CDA-0018779,1,4,1,CDA-0018779,3059684842,CDA,Boris Korotyaev,2000-03-28,88,88,2000,3,28,3/28/2000,California,Sonoma,NA,Bodega Bay. Northern California.,38.32,-123.02,4400.0,Raphanus sativus L.,sativus
2234335067,2,0,16,2234335067,2234335067,NCU,NA,NA,NA,NA,NA,NA,NA,NA,Virginia,Northampton,NA,NA,NA,NA,NA,Raphanus raphanistrum L.,raphanistrum
3357380604,0,7,61,3357380604,3357380604,GMUF,"Ted Bradley, John Slapcinsky",1985-05-21,141,141,1985,5,21,21 May 1985,Virginia,Accomack,NA,In Painter,NA,NA,NA,Raphanus raphanistrum L.,raphanistrum
4101881490,1,1,25,4101881490,4101881490,BRIT,NA,NA,NA,NA,NA,NA,NA,NA,California,Mendocino,NA,NA,NA,NA,NA,Raphanus sativus L.,sativus
2430462219,1,4,36,2430462219,2430462219,RSA,Lyman Benson,1937-04-17,107,107,1937,4,17,Apr. 17 1937,California,Kern,NA,E Bakersfield.,NA,NA,NA,Raphanus sativus L.,sativus
5067923815,0,6,8,5067923815,5067923815,University of New Hampshire,A. R. Hodgdon,1958-06-30,181,181,1958,6,30,NA,New Hampshire,Rockingham,Auburn,roadside,42.99064,-71.34383,7396.0,Raphanus raphanistrum L.,raphanistrum
2573072017,0,0,16,2573072017,2573072017,VT,NA,1987-08-12,224,224,1987,8,12,1987-8-12,Rhode Island,Washington,Westerly,NA,41.35984,-71.80749,8874.0,Raphanus raphanistrum L.,raphanistrum
3865376385,2,4,28,3865376385,3865376385,PH,Thomas C. Porter,1864-10-17,291,291,1864,10,17,NA,Pennsylvania,Delaware,NA,Tinicum,39.861576,-75.267284,4474.0,Raphanus raphanistrum L.,raphanistrum
2234330727,3,3,7,2234330727,2234330727,NCU,NA,NA,NA,NA,NA,NA,NA,NA,Virginia,Accomack,NA,NA,NA,NA,NA,Raphanus raphanistrum L.,raphanistrum
3357380346,0,9,44,3357380346,3357380346,GMUF,"Ted Bradley, Magnone",1977-05-24,144,144,1977,5,24,24 May 1977,Virginia,Middlesex,NA,Along rte. 633 s. of VA 33 and sw of Amburg.,NA,NA,NA,Raphanus raphanistrum L.,raphanistrum
2234331136,0,0,21,2234331136,2234331136,NCU,NA,NA,NA,NA,NA,NA,NA,NA,South Carolina,Darlington,NA,NA,NA,NA,NA,Raphanus raphanistrum L.,raphanistrum
5070880495,2,16,18,5070880495,5070880495,MARY,Eduards Baltars,1965-06-27,178,178,1965,6,27,6/27/65,Maryland,Baltimore,NA,"4 mi SE of Essex, along Evergeen Lane",39.271414,-76.418647,14484.0,Raphanus raphanistrum L.,raphanistrum
3865107325,0,3,15,3865107325,3865107325,PH,Bayard Long,1951-07-22,203,203,1951,7,22,July 22 1951,New Jersey,Camden,NA,"Collins Ave., Collingswood",NA,NA,NA,Raphanus raphanistrum L.,raphanistrum
5067924811,3,2,3,5067924811,5067924811,University of New Hampshire,J. M. Morrell,1890-09,NA,NA,1890,9,NA,NA,Maine,Hancock,Blue Hill,North Blue Hill,44.40888,-68.5738,12696.0,Raphanus raphanistrum L.,raphanistrum
3870581938,4,4,17,3870581938,3870581938,CINC,NA,NA,NA,NA,NA,NA,NA,NA,NA,NA,NA,NA,NA,NA,NA,Raphanus sativus L.,sativus
3496963438,2,3,0,3496963438,3496963438,ODU,D. Caldwell,1970-04-15,105,105,1970,4,15,NA,Virginia,Norfolk City,NA,Colley Ave. at Brambleton Expressway,36.858615,-76.302435,72.0,Raphanus raphanistrum L.,raphanistrum
5103867492,0,5,0,5103867492,5103867492,WILLI,"Pulley, H. A.",1970-04-11,101,101,1970,4,11,NA,Virginia,Suffolk City,NA,Lummis Rd. 7 miles from Suffolk and 1 mile off Rt. 158.,NA,NA,NA,Raphanus raphanistrum L.,raphanistrum
3865364300,0,1,4,3865364300,3865364300,PH,Flora S. Fender,1935-09-29,272,272,1935,9,29,Sept 29 1935,New Jersey,Cape May,NA,Avalon,39.101225,-74.717662,4016.0,Raphanus raphanistrum L.,raphanistrum
1999394932,0,7,18,1999394932,1999394932,NEBC,G. H. Leland,1880-08-08,221,221,1880,8,8,Aug. 8th 1880,Vermont,Windsor County,Windsor,Windsor,NA,NA,NA,Raphanus raphanistrum L.,raphanistrum
2573522647,1,8,37,2573522647,2573522647,COLO,NA,NA,NA,NA,NA,NA,NA,NA,Oregon,Lane,NA,NA,NA,NA,NA,Raphanus raphanistrum L.,raphanistrum
3820739930,6,13,3,3820739930,3820739930,OSU,Ruth Wrensch; Ernst J. Dornfeld,1973-06-18,169,169,1973,6,18,NA,Oregon,Benton,NA,Corvallis; OSU hops farm.,NA,NA,NA,Raphanus sativus L.,sativus
SML_1999417063,1,0,4,SML_1999417063,1999417063,GH,E. B. Bartram,1921-10-03,276,276,1921,10,3,NA,Pennsylvania,Pike County,NA,near Bushkill,NA,NA,NA,Raphanus sativus L.,sativus
3865380402,0,0,17,3865380402,3865380402,PH,"Robert L. Schaeffer, Jr.",1948-07-07,189,189,1948,7,7,NA,Pennsylvania,Lehigh,NA,0.5 mi. W of Wescoesville,40.566763,-75.562502,592.0,Raphanus sativus L.,sativus
3341236084,1,1,4,3341236084,3341236084,SIM,Charles Ericson,1941-05-24,144,144,1941,5,24,NA,New York,Richmond,NA,"Prince's Bay, Staten Island",40.528994,-74.197644,3036.0,Raphanus raphanistrum L.,raphanistrum
SML_5198172854,1,4,3,SML_5198172854,5198172854,CAS,"Steinmetz, F. J.",1901-09-05,248,248,1901,9,5,Sept. 5. 1901,NA,NA,NA,Roadside* w. of Carson. Eastwood* garden Radish*.?,NA,NA,NA,Raphanus sativus L.,sativus
3820612001,0,12,10,3820612001,3820612001,OSU,Georgia S. Mason; Georgia Mason,1974-06-08,159,159,1974,6,8,NA,Oregon,Lane,NA,"Near logging road of Wildish Construction Co., southeast of Eugene.",44.024342,-122.990124,4828.0,Raphanus raphanistrum L.,raphanistrum
2859087864,0,3,7,2859087864,2859087864,CM,"Bright, J.",1914-07-04,185,185,1914,7,4,4 Jul 1914,Pennsylvania,Crawford,NA,Hartstown,41.55412,-80.38026,964.0,Raphanus sativus L.,sativus
3865097238,0,5,29,3865097238,3865097238,PH,Edgar T. Wherry,1955-06-19,170,170,1955,6,19,NA,Pennsylvania,Lehigh,NA,just N of Friedensville,40.566015,-75.394882,788.0,Raphanus raphanistrum L.,raphanistrum
SML_5198193841,1,6,8,SML_5198193841,5198193841,CAS,"Suksdorf, Wilhelm N.",1900-06-04,155,155,1900,6,4,"June 4, 1900",Washington,Klickitat County,NA,Bingen (From the Bottomlands).,NA,NA,NA,Raphanus sativus L.,sativus
2512848219,0,1,4,2512848219,2512848219,US,A. Commons,1880-06-10,162,162,1880,6,10,NA,Delaware,Kent,NA,Bombay Hook.,NA,NA,NA,Raphanus raphanistrum L.,raphanistrum
3344481239,3,7,4,3344481239,3344481239,CLEMS,B. Steele,1993-02-14,45,45,1993,2,14,NA,South Carolina,Beaufort,NA,Beaufort,NA,NA,NA,Raphanus raphanistrum L.,raphanistrum
2512767303,0,3,19,2512767303,2512767303,US,A. MacElwee,1899-06-12,163,163,1899,6,12,NA,Pennsylvania,NA,NA,"Tinicum, on the Delaware River, Philadelphia County.",NA,NA,NA,Raphanus raphanistrum L.,raphanistrum
2430247838,4,14,17,2430247838,2430247838,RSA,Arthur L. Cohen,1934-07-11,192,192,1934,7,11,7/11/34,California,San Diego,NA,San Diego Bay mudflats.,NA,NA,NA,Raphanus sativus L.,sativus
2234332444,2,5,13,2234332444,2234332444,NCU,NA,NA,NA,NA,NA,NA,NA,NA,Alabama,Lee,NA,NA,NA,NA,NA,Raphanus raphanistrum L.,raphanistrum
3865374377,0,4,19,3865374377,3865374377,PH,"Robert L. Schaeffer, Jr.",1946-07-04,185,185,1946,7,4,NA,Pennsylvania,Lehigh,NA,0.5 mi. W of Fogelsville,40.583151,-75.642229,2302.0,Raphanus sativus L.,sativus
5103580744,5,9,0,5103580744,5103580744,UTEP,Collector(s): George K. Helmkamp,2012-02-09,40,40,2012,2,9,09 FEB 2012,California,Glenn County,NA,"Sacramento Valley, along Road Z, 0.9 miles N of junction with California Highway 162",39.475833,-122.93,NA,Raphanus sativus L.,sativus
3897880710,0,0,4,3897880710,3897880710,CHRB,NA,NA,NA,NA,NA,NA,NA,NA,New Jersey,Middlesex,NA,NA,NA,NA,NA,Raphanus raphanistrum L.,raphanistrum
2234331004,1,19,1,2234331004,2234331004,NCU,NA,NA,NA,NA,NA,NA,NA,NA,North Carolina,Wake,NA,NA,NA,NA,NA,Raphanus raphanistrum L.,raphanistrum
3897882392,0,6,12,3897882392,3897882392,CHRB,NA,NA,NA,NA,NA,NA,NA,NA,New Jersey,Union,NA,NA,NA,NA,NA,Raphanus raphanistrum L.,raphanistrum
2859372847,1,7,1,2859372847,2859372847,CM,"Shafer, J.A.; Medsger, O.P.",1903-05-31,151,151,1903,5,31,31 May 1903,Pennsylvania,Westmoreland,NA,Jacobs Creek above Laurelville,40.14333,-79.48525,1614.0,Raphanus sativus L.,sativus
3344427787,1,1,6,3344427787,3344427787,CLEMS,T. Kendall,1929-01-01,1,1,1929,1,1,NA,California,San Joaquin,NA,Stockton,NA,NA,NA,Raphanus sativus L.,sativus
CDA-0047965,1,12,24,CDA-0047965,3059664336,CDA,G. K. Walden,2017-06-09,160,160,2017,6,9,6/9/2017,California,Yolo,NA,"West Sacramento, west of Mill street, south of S. River Rd.",38.57,-121.52,NA,Raphanus raphanistrum L.,raphanistrum
3710063875,3,5,1,3710063875,3710063875,GA,NA,NA,NA,NA,NA,NA,NA,NA,Alabama,Lee County,NA,"Lee County, AL",NA,NA,NA,Raphanus raphanistrum L.,raphanistrum
4436953682,1,8,15,4436953682,4436953682,State University of New York Oswego,K. Rogers,1961-07-23,204,204,1961,7,23,7/23/61,New York,Onondaga,Syracuse,East Colvin Street (Garden),NA,NA,NA,Raphanus sativus L.,sativus
3925803537,0,3,35,3925803537,3925803537,MISS,J. R. MacDonald,1994-04-26,116,116,1994,4,26,4/26/1994,Mississippi,Monroe,NA,"Rd side of US Hwy 45 at 1.5 mi N of Lowndes Co line, area of Hwy construction",NA,NA,NA,Raphanus raphanistrum L.,raphanistrum
1086616831,2,8,14,1086616831,1086616831,UFPR,"Ahles, H.E.",1979-07-05,186,186,1979,7,5,NA,Massachusetts,NA,Hampshire,"Daymon Road near railroad, Northampton.",NA,NA,NA,Raphanus raphanistrum L.,raphanistrum
2430273825,1,1,0,2430273825,2430273825,RSA,Jane Shank,NA,NA,NA,NA,NA,NA,13 Apr,California,Mariposa,NA,[no locality information provided],NA,NA,NA,Raphanus sativus L.,sativus
2234330091,0,0,34,2234330091,2234330091,NCU,NA,NA,NA,NA,NA,NA,NA,NA,South Carolina,Marlboro,NA,NA,NA,NA,NA,Raphanus raphanistrum L.,raphanistrum
3865104315,0,3,8,3865104315,3865104315,PH,W. A. Niering,1949-06-07,158,158,1949,6,7,NA,Pennsylvania,Monroe,NA,Delaware Water Gap,40.979262,-75.142956,1581.0,Raphanus raphanistrum L.,raphanistrum
5106264754,0,1,0,5106264754,5106264754,UNCC,"Daggy, Tom",1982-05-11,131,131,1982,5,11,1982-5-11,North Carolina,Alexander,NA,Rocky Face,35.972354,-81.108692,NA,Raphanus raphanistrum subsp. raphanistrum,raphanistrum
3496963418,1,7,3,3496963418,3496963418,ODU,H.D. Ward,1968-04-10,101,101,1968,4,10,NA,Virginia,Accomack,NA,"Rt. 180, 2 miles from town of keller",37.621139,-75.764392,3756.0,Raphanus raphanistrum L.,raphanistrum
1999146280,0,4,24,1999146280,1999146280,NEBC,F. F. Forbes,1914-06-30,181,181,1914,6,30,June 30 1914,Massachusetts,Bristol County,Rehoboth,Rehoboth,NA,NA,NA,Raphanus sativus L.,sativus
2992909301,0,0,1,2992909301,2992909301,USF,L. J. Uttal,1973-06-20,171,171,1973,6,20,NA,Virginia,Montgomery Co.,NA,Norfolk and Western Railway service road W of Merrimac Mines.,NA,NA,NA,Raphanus raphanistrum L.,raphanistrum
1998740219,0,36,47,1998740219,1998740219,NEBC,F. C. Seymour,1958-06-22,173,173,1958,6,22,22 June 1958,Massachusetts,Bristol County,Dighton,Dighton,41.84376,-71.15307,3992m,Raphanus raphanistrum L.,raphanistrum
5081485325,3,5,2,5081485325,5081485325,ERSK,"Shepard, C.A.",2006-03-31,90,90,2006,3,31,NA,South Carolina,Abbeville,NA,"Erskine campus, on the corner of Alexander Street and College Street",NA,NA,NA,Raphanus raphanistrum L.,raphanistrum
5070880620,1,0,7,5070880620,5070880620,MARY,E. G. Worthley,1949-10-23,296,296,1949,10,23,10/23/49,Maryland,Baltimore,NA,"Owings Mills, L.H.F.",39.419,-76.77925,NA,Raphanus raphanistrum L.,raphanistrum
3925803521,0,5,33,3925803521,3925803521,MISS,J. R. MacDonald,1996-11-12,317,317,1996,11,12,11/12/1996,Mississippi,Webster,NA,"Mathiston, US Hwy 82, on new sec opened for 4 lane, plant scattered along whole sec from just E of jct of Hwy 82 with Hwy 15 and all the way W to the jct of Hwy 82 with the Natchez Trace Parkway",NA,NA,NA,Raphanus sativus L.,sativus
2234331679,0,4,28,2234331679,2234331679,NCU,NA,NA,NA,NA,NA,NA,NA,NA,South Carolina,Georgetown,NA,NA,NA,NA,NA,Raphanus raphanistrum L.,raphanistrum
2234329619,2,10,8,2234329619,2234329619,NCU,"Nifong, Timothy D.; Threadgill, P. F.",1978-04-12,102,102,1978,4,12,NA,North Carolina,New Hanover,NA,NA,NA,NA,NA,Raphanus raphanistrum L.,raphanistrum
5106272803,2,2,1,5106272803,5106272803,UNCC,NA,NA,NA,NA,NA,NA,NA,NA,North Carolina,Mecklenburg,NA,NA,NA,NA,NA,Raphanus raphanistrum subsp. raphanistrum,raphanistrum
3344427791,6,14,23,3344427791,3344427791,CLEMS,Richard R. Halse,1995-04-25,115,115,1995,4,25,NA,Oregon,Lane,NA,Lane,44.00605,-124.01615,805.0,Raphanus raphanistrum L.,raphanistrum
5067924348,1,7,15,5067924348,5067924348,University of New Hampshire,L. A. Bohs,1976-09-16,260,260,1976,9,16,NA,New Hampshire,Strafford,Durham,Old Landing,43.11743,-70.91946,6339.0,Raphanus raphanistrum L.,raphanistrum
3820616832,0,20,22,3820616832,3820616832,OSU,Richard R. Halse,2020-09-28,272,272,2020,9,28,28 Sept. 2020,Oregon,Benton,NA,Along Old River Road one mile east of its junction with State Hwy. 99W north of Monroe,44.37825,-123.26903,NA,Raphanus raphanistrum L.,raphanistrum
4102035534,2,0,16,4102035534,4102035534,BRIT,NA,NA,NA,NA,NA,NA,NA,NA,Virginia,York,NA,NA,NA,NA,NA,Raphanus raphanistrum L.,raphanistrum
2234333701,2,3,15,2234333701,2234333701,NCU,NA,NA,NA,NA,NA,NA,NA,NA,Virginia,Norfolk City,NA,NA,NA,NA,NA,Raphanus raphanistrum L.,raphanistrum
2234332239,5,9,10,2234332239,2234332239,NCU,NA,NA,NA,NA,NA,NA,NA,NA,South Carolina,Orangeburg,NA,NA,NA,NA,NA,Raphanus raphanistrum L.,raphanistrum
5067911285,0,0,4,5067911285,5067911285,University of New Hampshire,W. F. Nichols; V. C. Nichols Sr.,2006-08-30,242,242,2006,8,30,NA,New Hampshire,Rockingham,Rye,Star Island,43.01408,-70.76224,5957.0,Raphanus raphanistrum L.,raphanistrum
3865101228,2,6,6,3865101228,3865101228,PH,Bayard Long,1959-05-31,151,151,1959,5,31,NA,Pennsylvania,Bucks,NA,0.5 mi. E of Holland,NA,NA,NA,Raphanus raphanistrum L.,raphanistrum
2573080970,0,2,4,2573080970,2573080970,VT,NA,1971-08-26,238,238,1971,8,26,1971-8-26,Maine,Waldo,Unity,NA,44.5905,-69.3428,7503.0,Raphanus raphanistrum L.,raphanistrum
2989939285,3,1,16,2989939285,2989939285,RSA,Scott D. White; B. Leatherman,1997-04-03,93,93,1997,4,3,3 Apr 1997,California,Fresno,NA,"Kings River area: east of Centerville, just south of CA Hwy 180 (Kings Canyon Road) at gravel quarry",36.725,-119.475,NA,Raphanus raphanistrum L.,raphanistrum
2234331045,1,8,22,2234331045,2234331045,NCU,NA,NA,NA,NA,NA,NA,NA,NA,North Carolina,Pender,NA,NA,NA,NA,NA,Raphanus raphanistrum L.,raphanistrum
5139350332,2,5,2,5139350332,5139350332,WILLI,"Nakahata, Eileen S",2017-03-24,83,83,2017,3,24,3/24/2017,Virginia,Henrico,NA,"On slope, by the trail along the floodwall; Pipeline/Trestle Trail, Unit 3",37.532864,-77.435417,127.0,Raphanus raphanistrum L.,raphanistrum
2430175727,1,20,33,2430175727,2430175727,RSA,Violet Gray,1981-03-24,83,83,1981,3,24,"24 March, 1981",California,Santa Barbara,NA,"West end of airfield, 1.8 km ESE of Christi Ranch, Canada Cervada, Santa Cruz Island",NA,NA,NA,Raphanus sativus L.,sativus
3357380370,1,8,27,3357380370,3357380370,GMUF,Ted Bradley,1977-08-08,220,220,1977,8,8,8 Aug 1977,Virginia,King William,NA,Near marsh at 2nd and Lee St. in West Point,NA,NA,NA,Raphanus raphanistrum L.,raphanistrum
1999321970,0,2,29,1999321970,1999321970,NEBC,Ralph Hoffmann,1919-09-09,252,252,1919,9,9,"9/9, '19",Massachusetts,Berkshire County,Lenox,Lenox,NA,NA,NA,Raphanus raphanistrum L.,raphanistrum
3469886110,1,8,12,3469886110,3469886110,NO,John L. Patterson,1964-05-06,127,127,1964,5,6,NA,South Carolina,Orangeburg,NA,NA,NA,NA,NA,Raphanus raphanistrum L.,raphanistrum
77920,0,8,1,77920,4404923101,RENO,S.T. Timko,1967-05-06,126,126,1967,5,6,NA,California,Santa Clara,NA,Uvas Meadows Road.,37.083157,-121.712391,4000.0,Raphanus sativus L.,sativus
4067794451,0,0,16,4067794451,4067794451,MCA,"R. L. Schaeffer, Jr.",1969-07-14,195,195,1969,7,14,NA,Pennsylvania,Carbon,NA,1/2 mile N of Forest Inn,40.866227,-75.593243,3479.0,Raphanus raphanistrum L.,raphanistrum
2512859469,0,9,5,2512859469,2512859469,US,A. S. Hitchcock,1914-08-28,240,240,1914,8,28,NA,Oregon,NA,NA,Garibaldi.,NA,NA,NA,Raphanus sativus L.,sativus
2234333243,6,6,3,2234333243,2234333243,NCU,NA,NA,NA,NA,NA,NA,NA,NA,Alabama,Lee,NA,NA,NA,NA,NA,Raphanus raphanistrum L.,raphanistrum
3344481258,4,23,14,3344481258,3344481258,CLEMS,"Jones, W.A. Jr.",1978-09-16,259,259,1978,9,16,NA,South Carolina,Barnwell,NA,"At Edisto Experimental Station, 4 miles west of Blackville, 1.5 miles east of Administration Building.",NA,NA,NA,Raphanus raphanistrum L.,raphanistrum
1998659177,1,10,13,1998659177,1998659177,NEBC,C. N. S. Horner,NA,NA,NA,NA,NA,NA,NA,Vermont,NA,NA,Georgetown,NA,NA,NA,Raphanus raphanistrum L.,raphanistrum
3865108377,0,7,6,3865108377,3865108377,PH,David Berkheimer,1952-06-15,167,167,1952,6,15,NA,Pennsylvania,Bedford,NA,1.75 mi NNW of West End,39.975459,-78.761293,1157.0,Raphanus sativus L.,sativus
3469988057,3,14,23,3469988057,3469988057,NO,Louis C. Wheeler,1932-01-08,8,8,1932,1,8,NA,California,Los Angeles,NA,NA,NA,NA,NA,Raphanus sativus L.,sativus
3469836018,3,4,12,3469836018,3469836018,LSU,Robert Kirkpatrick,1971-02-07,38,38,1971,2,7,NA,Louisiana,East Baton Rouge,NA,NA,NA,NA,NA,Raphanus raphanistrum L.,raphanistrum
3829914340,2,4,25,3829914340,3829914340,MISSA,T. Daggy,1956-04-29,120,120,1956,4,29,NA,South Carolina,Georgetown,NA,"Brown's Ferry Park, Black River",33.546321,-79.404249,435.0,Raphanus raphanistrum L.,raphanistrum
5072730531,1,12,4,5072730531,5072730531,PEMB,NA,NA,NA,NA,NA,NA,NA,NA,North Carolina,Robeson,NA,NA,NA,NA,NA,Raphanus raphanistrum L.,raphanistrum
2989942289,0,1,29,2989942289,2989942289,RSA,Michael J. Graeser,1988-04-27,118,118,1988,4,27,27 April 88,California,Orange,NA,NE corner of intersection of Dover and 16th st. Newport Beach.,NA,NA,NA,Raphanus sativus L.,sativus
3969780970,0,2,7,3969780970,3969780970,BRIT,NA,NA,NA,NA,NA,NA,NA,NA,NA,NA,NA,NA,NA,NA,NA,Raphanus raphanistrum L.,raphanistrum
2234333687,2,8,0,2234333687,2234333687,NCU,NA,NA,NA,NA,NA,NA,NA,NA,Virginia,Accomack,NA,NA,NA,NA,NA,Raphanus raphanistrum L.,raphanistrum
2573060067,1,5,8,2573060067,2573060067,VT,Nellie F. Flynn,1891-08-07,219,219,1891,8,7,1891-8-7,Massachusetts,Nantucket,Nantucket,NA,41.31079,-70.11468,16757.0,Raphanus sativus L.,sativus
3357380425,0,2,3,3357380425,3357380425,GMUF,Doug Miller,1982-06-28,179,179,1982,6,28,28 Jun 1982,Virginia,Highland,NA,"N. of U.S. 250 on Back Creek, nw. of Hightown",NA,NA,NA,Raphanus raphanistrum L.,raphanistrum
SML_1999131447,1,2,34,SML_1999131447,1999131447,GH,[data not captured],NA,NA,NA,NA,NA,NA,NA,New Jersey,Cape May County,NA,[data not captured],NA,NA,NA,Raphanus raphanistrum L.,raphanistrum
3897880511,0,2,6,3897880511,3897880511,CHRB,NA,NA,NA,NA,NA,NA,NA,NA,California,Monterey,NA,NA,NA,NA,NA,Raphanus raphanistrum L.,raphanistrum
3344481223,3,7,16,3344481223,3344481223,CLEMS,W. M. Maksymowicz,1986-04-05,95,95,1986,4,5,NA,South Carolina,Colleton,NA,Colleton,NA,NA,NA,Raphanus raphanistrum L.,raphanistrum
3357379779,3,2,1,3357379779,3357379779,GMUF,"Ted Bradley, Hassan Kamel",1990-05-21,141,141,1990,5,21,21 May 1990,Virginia,Orange,NA,near railroad in Barboursville along rte. 678,NA,NA,NA,Raphanus raphanistrum L.,raphanistrum
5103891837,3,4,3,5103891837,5103891837,WILLI,"Thomas, R. Dale",1972-05-02,123,123,1972,5,2,NA,Louisiana,Ouachita,NA,"403 Stevenson Drive, N. of Monroe, La.",32.58401,-92.06289,50,Raphanus sativus L.,sativus
3865375337,2,0,5,3865375337,3865375337,PH,"Robert L. Schaeffer, Jr.",1952-07-18,200,200,1952,7,18,"July 18, 1952",Pennsylvania,Lehigh,NA,0.5 mi. N of Sigmund,40.480677,-75.557166,932.0,Raphanus raphanistrum L.,raphanistrum
3969595097,1,6,2,3969595097,3969595097,BRIT,NA,NA,NA,NA,NA,NA,NA,NA,NA,NA,NA,NA,NA,NA,NA,Raphanus sativus L.,sativus
1999348469,3,3,27,1999348469,1999348469,NEBC,A. S. Pease,1909-08-14,226,226,1909,8,14,"14 Aug., 1909",New Hampshire,Coos County,Lancaster,Lancaster,NA,NA,NA,Raphanus raphanistrum L.,raphanistrum
3865094232,0,1,21,3865094232,3865094232,PH,Mary H. Williams,1925-06-08,159,159,1925,6,8,"June 8, 1925",Pennsylvania,Chester,NA,Shif Road,NA,NA,NA,Raphanus raphanistrum L.,raphanistrum
1998773778,1,5,17,1998773778,1998773778,NEBC,S. K. Harris,1967-08-11,223,223,1967,8,11,11 August 1967,New Hampshire,Coos County,Gorham,Gorham,NA,NA,NA,Raphanus raphanistrum L.,raphanistrum
2430394612,4,19,14,2430394612,2430394612,RSA,R. F. Thorne,1966-04-29,119,119,1966,4,29,"April 29, 1966",California,Los Angeles,NA,"Santa Catalina Island. Middle Ranch, Middle Ranch Canyon.",NA,NA,NA,Raphanus sativus L.,sativus
3469891138,3,4,16,3469891138,3469891138,NO,N. Floy Bracelin,1943-04-04,94,94,1943,4,4,NA,California,Alameda,NA,NA,NA,NA,NA,Raphanus sativus L.,sativus
4403306335,1,14,4,4403306335,4403306335,PRC,Dora Sylvester,2001-03-29,88,88,2001,3,29,NA,Texas,Val Verde,NA,"3.6 miles west of Del Rio, on U.S. 90.",29.417222,-100.905833,NA,Raphanus sativus L.,sativus
1999324573,1,9,15,1999324573,1999324573,GH,G. G. Kennedy,1907-09-25,268,268,1907,9,25,25 Sept 1907,New Hampshire,Grafton County,Franconia,Franconia,NA,NA,NA,Raphanus raphanistrum L.,raphanistrum
3897880546,1,0,0,3897880546,3897880546,CHRB,NA,NA,NA,NA,NA,NA,NA,NA,California,Orange,NA,NA,NA,NA,NA,Raphanus raphanistrum L.,raphanistrum
2859337866,0,2,3,2859337866,2859337866,CM,"Jennings, O.E.",1927-07,NA,NA,1927,7,NA,1927-7,Pennsylvania,Cambria,NA,"Stony Creek near light school, near Johnstown",40.252957,-78.883524,1985.0,Raphanus raphanistrum L.,raphanistrum
3865379343,0,2,9,3865379343,3865379343,PH,Bayard Long,1961-06-06,157,157,1961,6,6,NA,Pennsylvania,Philadelphia,NA,"Shelbourne and Bustleton Avenues, Rhawnhurst",NA,NA,NA,Raphanus raphanistrum L.,raphanistrum
5068501417,0,3,0,5068501417,5068501417,USCS,NA,NA,NA,NA,NA,NA,NA,NA,South Carolina,Aiken,NA,NA,NA,NA,NA,Raphanus raphanistrum L.,raphanistrum
2573096133,0,5,11,2573096133,2573096133,VT,NA,NA,NA,NA,NA,NA,NA,NA,Vermont,NA,Colchester,NA,44.55473,-73.21948,11376.0,Raphanus sativus L.,sativus
3820741936,2,4,0,3820741936,3820741936,OSU,F. K. Greene; F.K. Greene,1915-04-19,109,109,1915,4,19,NA,Oregon,Benton,NA,NE Corvallis,44.5647,-123.2608,4828.0,Raphanus sativus L.,sativus
3897882347,0,4,5,3897882347,3897882347,CHRB,NA,NA,NA,NA,NA,NA,NA,NA,New Jersey,Ocean,NA,NA,NA,NA,NA,Raphanus raphanistrum L.,raphanistrum
5103867563,3,13,23,5103867563,5103867563,WILLI,"Hall, Gustav W.",1971-05-31,151,151,1971,5,31,NA,Virginia,James City,NA,By old Physics Laser Station. The College Woods,NA,NA,NA,Raphanus raphanistrum L.,raphanistrum
3865362260,0,8,22,3865362260,3865362260,PH,Walter M. Benner,1926-06-19,170,170,1926,6,19,NA,Pennsylvania,Philadelphia,NA,"Along Pennypack Creek, 1.5 SSW of Bustleton, Philadelphia",NA,NA,NA,Raphanus raphanistrum L.,raphanistrum
3865376389,0,3,2,3865376389,3865376389,PH,"Robert L. Schaeffer, Jr.",1941-07-11,192,192,1941,7,11,NA,Pennsylvania,Lehigh,NA,0.5 mi. W of Fogelsville,40.583151,-75.642229,2302.0,Raphanus sativus L.,sativus
3357380464,0,0,1,3357380464,3357380464,GMUF,Ted Bradley,1979-10-08,281,281,1979,10,8,8 Oct 1979,Virginia,Northampton,NA,Jct. of U.S. 13 and Bus. U.S. 13 in n. Exmore.,NA,NA,NA,Raphanus raphanistrum L.,raphanistrum
3865109360,0,0,4,3865109360,3865109360,PH,"Robert L. Schaeffer, Jr.",1948-06-28,180,180,1948,6,28,Jun 28 1948,New Jersey,Warren,NA,2 mi SE of Columbia,40.90571,-75.065552,1324.0,Raphanus raphanistrum L.,raphanistrum
SML_1999264736,2,15,21,SML_1999264736,1999264736,GH,C. N. Horn [data not captured],1995-04-14,104,104,1995,4,14,NA,South Carolina,Saluda County,NA,"Roadside along SC 121, 1.6 mi W of jct with US 178 in Saluda.",NA,NA,NA,Raphanus raphanistrum L.,raphanistrum
2234331497,2,4,20,2234331497,2234331497,NCU,"Otte, Deborah K. Strady",1975-10-12,285,285,1975,10,12,NA,North Carolina,Orange,NA,NA,NA,NA,NA,Raphanus raphanistrum L.,raphanistrum
3820745963,2,10,28,3820745963,3820745963,OSU,Richard R. Halse,2014-07-19,200,200,2014,7,19,NA,Oregon,Coos,NA,just south of Bandon at the end of Mars Lane; edge of coastal dunes.,43.087212,-124.433687,805.0,Raphanus raphanistrum L.,raphanistrum
3357383024,0,6,29,3357383024,3357383024,GMUF,Ted Bradley; Charles Horn,2004-05-29,150,150,2004,5,29,NA,Virginia,Shenandoah,NA,"Near Strasburg High School, near North Fork of the Shenandoah River.",NA,NA,NA,Raphanus raphanistrum L.,raphanistrum
4075454267,0,0,4,4075454267,4075454267,DOV,W.M. Canby,1903-06-27,178,178,1903,6,27,NA,Delaware,New Castle,NA,Newark,39.68192,-75.75135,2250,Raphanus raphanistrum L.,raphanistrum
4872674697,1,0,0,4872674697,4872674697,DEK,Dorothy Richman Wade; Douglas E. Wade,1939-06-14,165,165,1939,6,14,"June 14, 1939",Pennsylvania,Snyder,Penns Creek,3/4 mi. n.w. of Penns Creek P.O.,40.8636,-77.0714,500.0,Raphanus raphanistrum subsp. sativus (L.) Domin,raphanistrum
3969795070,1,11,26,3969795070,3969795070,BRIT,NA,NA,NA,NA,NA,NA,NA,NA,NA,NA,NA,NA,NA,NA,NA,Raphanus raphanistrum L.,raphanistrum
3897880442,0,0,14,3897880442,3897880442,CHRB,NA,NA,NA,NA,NA,NA,NA,NA,Massachusetts,Dukes,NA,NA,NA,NA,NA,Raphanus raphanistrum L.,raphanistrum
3820742967,1,16,13,3820742967,3820742967,OSU,James M. Word; James Word,1997-05-20,140,140,1997,5,20,NA,Oregon,Clatsop,NA,Camp Rilea; southwest of Warrenton; 200 meters north of intersection of Clatsop Avenue and North Oregon Street.,46.11929,-123.93131,805.0,Raphanus sativus L.,sativus
3091277605,2,22,13,3091277605,3091277605,ASC,S. Gregorich,1965-04-15,105,105,1965,4,15,NA,California,San Diego,NA,"Vacant lot on north side of Garnet Street, 2000 block, Pacific Beach",32.797826,-117.240314,301.0,Raphanus sativus L.,sativus
SML_1998723521,0,3,3,SML_1998723521,1998723521,ECON,O. Ames,1941-07,NA,NA,1941,7,NA,NA,Massachusetts,Bristol County,Easton,in O. Ames garden at North Easton,42.0586,-71.10952,2900,Raphanus sativus L.,sativus
3344481235,2,12,22,3344481235,3344481235,CLEMS,Charles N. Horn,1993-06-19,170,170,1993,6,19,NA,South Carolina,Chester,NA,Chester,NA,NA,NA,Raphanus raphanistrum L.,raphanistrum
4101886532,3,4,4,4101886532,4101886532,BRIT,NA,NA,NA,NA,NA,NA,NA,NA,North Carolina,Catawba,NA,NA,NA,NA,NA,Raphanus raphanistrum L.,raphanistrum
3865093277,0,1,10,3865093277,3865093277,PH,David Berkheimer,1952-07-09,191,191,1952,7,9,NA,Pennsylvania,Dauphin,NA,0.75 mi. S of Loyalton,40.558105,-76.761635,1059.0,Raphanus raphanistrum L.,raphanistrum
3969593856,0,12,3,3969593856,3969593856,BRIT,NA,NA,NA,NA,NA,NA,NA,NA,NA,NA,NA,NA,NA,NA,NA,Raphanus sativus L.,sativus
3865107329,0,1,0,3865107329,3865107329,PH,"Robert L. Schaeffer, Jr.",1942-05-29,149,149,1942,5,29,NA,Pennsylvania,Northampton,NA,0.5 mi. E of Johnsonville,40.898548,-75.142991,752.0,Raphanus sativus L.,sativus
5070880499,0,0,16,5070880499,5070880499,MARY,Halsted,1891-06,NA,NA,1891,6,NA,June 1891,New Jersey,Middlesex,Milltown,NA,40.456216,-74.443207,2022.0,Raphanus raphanistrum L.,raphanistrum
2512864403,0,5,6,2512864403,2512864403,US,H. W. Pretz,1952-06-14,166,166,1952,6,14,NA,Pennsylvania,NA,NA,Collected in Lehigh County. Om grain field along road about 2-1/2 miles E. by N.E. of Hosensack.,NA,NA,NA,Raphanus sativus L.,sativus
SML_1999401292,0,4,1,SML_1999401292,1999401292,GH,H. A. Wahl,1941-06-17,168,168,1941,6,17,NA,Pennsylvania,Huntingdon County,NA,5 mi. s.w. of Penna. Furnace,NA,NA,NA,Raphanus sativus L.,sativus
2430470506,1,3,18,2430470506,2430470506,RSA,"TAB, BEB",1943-07,NA,NA,1943,7,NA,"July, 1943",California,Los Angeles,NA,Redondo Beach.,NA,NA,NA,Raphanus sativus L.,sativus
3865380398,0,5,13,3865380398,3865380398,PH,Edgar T. Wherry,1947-07-04,185,185,1947,7,4,NA,Pennsylvania,Delaware,NA,W side of Springfield,NA,NA,NA,Raphanus raphanistrum L.,raphanistrum
3820738012,0,7,22,3820738012,3820738012,OSU,Richard R. Halse,2006-09-11,254,254,2006,9,11,NA,Oregon,Clatsop,NA,"Hammond, sandy shoreline of the Columbia River at the boat basin.",46.20615,-123.95159,805.0,Raphanus sativus L.,sativus
2573055850,1,4,5,2573055850,2573055850,VT,D. Ladd,1976-07-04,186,186,1976,7,4,1976-7-4,Vermont,Washington,East Montpelier,Below U-32 Highschool,44.28934,-72.50745,7128.0,Raphanus raphanistrum L.,raphanistrum
2430096142,0,2,14,2430096142,2430096142,RSA,Steven A. Junak,1990-05-29,149,149,1990,5,29,29 May 1990,California,Santa Barbara,NA,"Santa Cruz Island, Central Valley, along Valley Road 0.1 mile W of the Nature Conservancy Cabins",33.99982,-119.73601,160.0,Raphanus raphanistrum L.,raphanistrum
3496963434,2,13,4,3496963434,3496963434,ODU,Robert Gunn,1969-04-07,97,97,1969,4,7,NA,Virginia,Norfolk City,NA,Old Dominion University campus,36.885989,-76.306982,735.0,Raphanus raphanistrum L.,raphanistrum
