Year,id1,id2,Latitude,Longitude,Elevation,Tmax01,Tmax02,Tmax03,Tmax04,Tmax05,Tmax06,Tmax07,Tmax08,Tmax09,Tmax10,Tmax11,Tmax12,Tmin01,Tmin02,Tmin03,Tmin04,Tmin05,Tmin06,Tmin07,Tmin08,Tmin09,Tmin10,Tmin11,Tmin12,Tave01,Tave02,Tave03,Tave04,Tave05,Tave06,Tave07,Tave08,Tave09,Tave10,Tave11,Tave12,PPT01,PPT02,PPT03,PPT04,PPT05,PPT06,PPT07,PPT08,PPT09,PPT10,PPT11,PPT12,rsds01,rsds02,rsds03,rsds04,rsds05,rsds06,rsds07,rsds08,rsds09,rsds10,rsds11,rsds12,DD_0_01,DD_0_02,DD_0_03,DD_0_04,DD_0_05,DD_0_06,DD_0_07,DD_0_08,DD_0_09,DD_0_10,DD_0_11,DD_0_12,DD5_01,DD5_02,DD5_03,DD5_04,DD5_05,DD5_06,DD5_07,DD5_08,DD5_09,DD5_10,DD5_11,DD5_12,DD_18_01,DD_18_02,DD_18_03,DD_18_04,DD_18_05,DD_18_06,DD_18_07,DD_18_08,DD_18_09,DD_18_10,DD_18_11,DD_18_12,DD18_01,DD18_02,DD18_03,DD18_04,DD18_05,DD18_06,DD18_07,DD18_08,DD18_09,DD18_10,DD18_11,DD18_12,NFFD01,NFFD02,NFFD03,NFFD04,NFFD05,NFFD06,NFFD07,NFFD08,NFFD09,NFFD10,NFFD11,NFFD12,PAS01,PAS02,PAS03,PAS04,PAS05,PAS06,PAS07,PAS08,PAS09,PAS10,PAS11,PAS12,Eref01,Eref02,Eref03,Eref04,Eref05,Eref06,Eref07,Eref08,Eref09,Eref10,Eref11,Eref12,CMD01,CMD02,CMD03,CMD04,CMD05,CMD06,CMD07,CMD08,CMD09,CMD10,CMD11,CMD12,RH01,RH02,RH03,RH04,RH05,RH06,RH07,RH08,RH09,RH10,RH11,RH12,CMI01,CMI02,CMI03,CMI04,CMI05,CMI06,CMI07,CMI08,CMI09,CMI10,CMI11,CMI12,Tmax_wt,Tmax_sp,Tmax_sm,Tmax_at,Tmin_wt,Tmin_sp,Tmin_sm,Tmin_at,Tave_wt,Tave_sp,Tave_sm,Tave_at,PPT_wt,PPT_sp,PPT_sm,PPT_at,rsds_wt,rsds_sp,rsds_sm,rsds_at,DD_0_wt,DD_0_sp,DD_0_sm,DD_0_at,DD5_wt,DD5_sp,DD5_sm,DD5_at,DD_18_wt,DD_18_sp,DD_18_sm,DD_18_at,DD18_wt,DD18_sp,DD18_sm,DD18_at,NFFD_wt,NFFD_sp,NFFD_sm,NFFD_at,PAS_wt,PAS_sp,PAS_sm,PAS_at,Eref_wt,Eref_sp,Eref_sm,Eref_at,CMD_wt,CMD_sp,CMD_sm,CMD_at,RH_wt,RH_sp,RH_sm,RH_at,CMI_wt,CMI_sp,CMI_sm,CMI_at,MAT,MWMT,MCMT,TD,MAP,MSP,AHM,SHM,DD_0,DD5,DD_18,DD18,NFFD,bFFP,eFFP,FFP,PAS,EMT,EXT,rsds,Eref,CMD,RH,CMI,DD1040
1901,2275918,NA,37.42756,-122.17152,-9999,15,15.9,18.7,19.2,21.6,26.1,26.4,25.2,24.3,24.9,19.3,15.7,5.6,6.1,6.3,4.8,8.3,9.2,10.2,11.7,9.8,10.8,8.4,3.7,10.3,11,12.5,12,15,17.7,18.3,18.5,17,17.8,13.9,9.7,114,145,34,59,15,1,0,1,11,24,72,29,-52.5,10.9,18.3,23.5,13.8,24.9,27.9,27.1,38.8,16.7,-27.1,-43.8,5,3,2,1,0,0,0,0,0,0,1,5,156,156,215,205,311,380,414,417,361,398,254,141,243,192,180,190,113,49,32,34,65,54,138,255,0,0,1,0,9,41,42,48,37,37,4,0,29,27,29,27,30,30,31,31,29,31,30,25,1,0,0,0,0,0,0,0,0,0,0,0,39.398,49.227,83.789,106.467,130.646,161.617,162.556,135.531,108.41,86.802,49.188,39.565,0,0,50.142,47.472,115.873,160.877,162.081,134.835,97.173,62.995,0,10.886,70,68,61,56,60,51,53,60,57,58,66,62,6.3,9.07,-3.69,-1.79,-7.06,-12.02,-12.05,-10.52,-9.21,-8.13,0.22,-2.82,15.5,19.8,25.9,22.8,5.1,6.5,10.4,9.7,10.3,13.2,18.2,16.2,288,107,2,107,-28.5,18.6,26.6,9.5,13,3,0,1,453,731,1211,1013,691,482,115,257,0,10,131,78,80,86,92,90,1,0,0,0,128,321,460,244,40,213,458,160,67,59,55,60,12.55,-12.54,-34.59,-17.12,14.5,18.5,9.7,8.8,504,28,48.5,660.8,17,3408,1544,219,348,45,349,303,1,-8.2,38.5,6.5,1153,871,60,-51.71,1748
1901,5504847,NA,37.6553,-122.0567,-9999,13.8,14.9,17.7,17.6,19.6,24,24.5,23.5,22.7,23.6,18.6,14.6,5.2,5.9,6.1,4.8,8.4,9.4,10.5,12,10.2,11.3,8.6,3.9,9.5,10.4,11.9,11.2,14,16.7,17.5,17.8,16.5,17.4,13.6,9.3,137,171,39,79,19,1,0,1,13,27,94,34,-51.7,10.3,17.6,22.2,17.2,23.2,31.1,28.3,39.3,17.2,-26.7,-43.4,6,4,2,1,0,0,0,0,0,0,1,6,136,142,198,184,281,350,387,396,344,385,247,130,267,209,195,210,140,67,45,44,76,60,144,269,0,0,0,0,4,28,29,36,30,31,3,0,28,26,29,27,30,30,31,31,30,31,30,26,1,0,0,0,0,0,0,0,0,0,0,0,36.181,45.697,78.831,97.417,116.151,145.638,147.427,122.005,98.068,79.752,46.343,36.491,0,0,39.946,18.46,96.808,144.487,146.973,121.174,85.379,52.445,0,2.257,72,71,64,60,65,57,58,65,62,63,68,65,9.22,12.06,-2.63,1.14,-5.24,-10.11,-10.32,-9,-7.66,-6.64,2.91,-1.6,14.4,18.3,24,21.6,5,6.5,10.6,10,9.7,12.4,17.3,15.8,342,137,2,134,-28.3,19,27.5,9.9,16,3,0,1,408,663,1133,976,745,545,156,280,0,4,93,64,80,86,92,91,2,0,0,0,118,292,415,224,36,155,413,138,69,63,60,65,19.68,-6.73,-29.42,-11.39,13.8,17.8,9.3,8.5,616,34,38.7,515.2,20,3180,1726,161,348,44,351,307,2,-9,37.1,7,1050,742,64,-27.86,1559
1901,1176,NA,34.03974,-118.589581,-9999,17.9,18.4,21.3,18.4,19.8,21.7,24.5,25.8,21.8,23,22.5,21.1,9.4,10.5,9.3,9.2,12.2,13.3,15,16.5,13.1,13.7,11.7,8.7,13.7,14.5,15.3,13.8,16,17.5,19.7,21.1,17.5,18.4,17.1,14.9,103,144,18,22,14,1,0,4,4,25,22,8,-53.2,10.4,18.7,19.3,22.9,20.2,37.4,31.1,41.8,19.2,-27.4,-44.9,2,1,1,0,0,0,0,0,0,0,0,1,253,250,302,259,342,374,457,500,374,413,350,291,148,111,106,141,87,53,17,10,58,46,67,117,9,9,15,4,16,38,71,108,42,43,32,17,31,28,31,30,31,30,31,31,30,31,30,31,0,0,0,0,0,0,0,0,0,0,0,0,48.26,55.049,96.629,94.622,105.216,115.345,132.562,125.547,90.199,78.54,61.66,56.055,0,0,78.155,72.394,90.874,114.455,132.486,121.544,86.659,53.864,39.447,47.668,73,75,63,71,76,74,71,72,73,72,67,62,4.44,8.53,-6.26,-3.99,-4.81,-7.1,-8.84,-9.06,-6.99,-5.58,-6.14,-7.33,19.2,19.8,24,22.4,9.5,10.2,14.9,12.8,14.3,15,19.5,17.6,255,55,5,50,-29.2,20.3,29.5,11.2,4,1,0,0,793,904,1331,1137,376,334,80,171,35,35,217,117,90,92,92,91,0,0,0,0,159,296,373,230,56,241,368,180,70,70,72,71,5.64,-15.06,-25,-18.71,16.6,21.1,13.7,7.5,365,23,72.8,925.5,6,4164,961,405,365,0,365,365,0,0.7,38.9,8,1060,846,71,-53.12,2397
1901,3904095,NA,34.533002,-117.283871,-9999,13.8,14.6,20.6,22.8,27.2,31.9,37.3,36.9,29.2,26.4,20.6,17.5,-0.4,1.5,2.3,3.4,9.1,12.4,16.3,16.7,9.9,7.5,3.1,-1,6.7,8.1,11.5,13.1,18.2,22.1,26.8,26.8,19.5,17,11.8,8.2,21,39,7,5,16,1,2,11,2,10,4,8,-53.3,13.8,22.9,27.2,13.9,29.3,27.8,29.3,41.4,17.4,-28,-44.8,12,8,2,1,0,0,0,0,0,0,1,8,86,104,203,243,408,513,675,674,436,371,205,117,354,275,206,159,47,9,1,1,31,69,190,300,0,0,3,8,49,129,274,274,77,34,3,0,14,18,22,24,31,30,31,31,30,30,23,12,0,0,0,0,0,0,0,0,0,0,0,0,47.732,55.659,104.593,133.363,171.468,198.393,233.273,210.136,141.361,106.585,65.153,53.178,26.364,16.206,97.715,128.261,155.428,197.288,231.04,199.15,139.577,96.633,60.734,44.755,54,58,46,44,49,47,45,47,46,46,48,44,-2.58,-1.39,-9.24,-11,-12.74,-18.84,-25.72,-23.96,-16.24,-12.99,-9.28,-6.46,15.3,23.6,35.4,25.4,0,5,15.1,6.8,7.7,14.3,25.3,16.1,69,28,14,16,-28.1,21.3,28.8,10.3,28,3,0,1,307,854,1863,1012,929,412,10,290,0,60,677,114,44,76,92,82,1,0,0,0,157,409,642,313,96,381,627,297,52,46,46,47,-10.44,-32.98,-68.52,-38.51,15.8,26.8,6.7,20.2,128,32,202.2,835.1,32,4035,1641,852,294,101,306,205,1,-19.6,45.5,8.1,1521,1402,48,-150.45,2407
1901,3440200,NA,35.098215,-120.579118,-9999,18.1,17.7,19.7,17.3,18.7,19.9,21.3,21.1,18.4,21.8,20.9,18.7,6.1,7.2,5.9,5.6,8.5,9,10.5,12.2,9.1,10.1,8.2,3.1,12.1,12.4,12.8,11.4,13.6,14.4,15.9,16.7,13.7,15.9,14.5,10.9,103,122,38,57,21,1,0,1,6,30,31,13,-54.7,11.9,20.1,21.7,19.7,22.4,36.7,30.4,40.7,18.6,-27.6,-44.9,3,2,2,1,0,0,0,0,0,0,0,4,202,189,224,191,270,282,340,362,263,340,273,170,189,162,171,205,150,118,77,65,140,90,121,218,2,0,0,0,0,10,14,23,12,11,5,0,29,28,29,28,30,30,31,31,29,31,30,24,0,0,0,0,0,0,0,0,0,0,0,0,52.452,57.261,94.086,97.116,111.797,119.619,125.915,106.66,82.114,79.954,59.318,52.615,0,0,56.033,40.019,91.293,118.208,125.859,105.162,75.973,50.425,28.314,39.619,62,67,57,63,68,66,67,73,71,64,61,52,3.54,6.02,-4.02,-0.64,-4.47,-7.05,-7.76,-6.92,-5.59,-5.26,-4.97,-6.41,18.2,18.6,20.8,20.4,5.4,6.7,10.6,9.1,11.8,12.6,15.7,14.7,238,116,3,67,-29.2,20.5,29.9,10.6,9,3,0,1,561,685,985,876,569,525,260,350,2,0,47,28,81,87,92,90,0,0,0,0,162,303,352,221,53,187,349,155,60,63,68,65,3.15,-9.13,-21.74,-15.82,13.7,16.7,10.9,5.8,424,30,56,562.9,12,3107,1705,76,349,38,344,306,1,-8.6,35.5,7.9,1039,744,64,-43.54,1438
1901,3425410,NA,37.898448,-122.313558,-9999,13.7,15.4,18.1,17.2,18.4,21.5,20.6,19.9,20.3,22.9,18.5,14.8,6.4,7.2,7.5,6,9.2,10.2,10.8,12.4,10.9,12.1,9.9,5.2,10,11.3,12.8,11.6,13.8,15.9,15.7,16.1,15.6,17.5,14.2,10,149,168,30,81,16,1,0,0,15,27,100,35,-51.1,9.7,16.8,20.7,19.7,21.6,37.2,30.2,39.7,17.5,-26.3,-43.2,5,3,2,1,0,0,0,0,0,0,1,5,147,161,223,194,276,325,332,346,318,388,262,149,252,192,171,200,144,85,84,77,94,59,129,245,0,0,2,0,3,20,12,18,23,31,5,0,30,28,30,28,31,30,31,31,30,31,30,28,1,0,0,0,0,0,0,0,0,0,0,0,33.812,44.767,77.522,91.986,104.314,125.071,117.112,93.643,82.687,74.484,43.035,35.098,0,0,47.071,11.134,88.019,124.276,116.835,93.167,67.401,47.551,0,0.537,76,73,66,65,71,65,69,77,71,67,73,69,10.64,11.89,-3.38,1.88,-4.51,-7.91,-7.16,-6.13,-5.39,-5.82,4.01,-1.63,14.6,17.9,20.7,20.6,6.3,7.6,11.1,11,10.5,12.7,15.9,15.8,352,128,2,142,-28.2,19.1,29.7,10.3,13,3,0,1,457,693,1003,968,688,515,245,283,0,4,50,59,86,89,92,91,1,0,0,0,114,274,336,200,35,146,334,115,73,67,70,70,20.9,-6.01,-21.2,-7.2,13.7,17.5,10,7.5,624,33,38,528.7,16,3121,1731,113,357,21,360,339,2,-6.4,34.6,7.7,924,631,70,-13.51,1479
1901,231694,NA,36.950879,-122.066217,-9999,16.2,16.4,19,17.1,17.9,21.3,20.9,20,20.5,22.9,20.2,16.8,4.9,5.3,5.3,3.8,7.4,7.8,9.3,10.5,8.4,9.5,7,2.4,10.5,10.8,12.2,10.4,12.6,14.5,15.1,15.2,14.4,16.2,13.6,9.6,176,213,56,88,28,2,2,1,15,26,97,35,-53.7,11.8,19.4,22.9,18.9,22.8,35.6,29.6,39.5,17.4,-27.8,-44.4,4,4,2,1,0,0,0,0,0,0,1,5,159,150,204,164,241,286,314,318,284,348,244,136,236,197,188,230,177,116,99,97,122,84,145,258,0,0,0,0,0,11,9,12,15,14,0,0,27,26,28,25,30,29,31,31,29,31,29,22,1,0,0,1,0,0,0,0,0,0,0,0,44.419,52.663,87.637,97.436,108.774,132.234,125.569,103.816,92.222,82.232,54.617,44.23,0,0,32.089,8.987,80.671,130.647,123.956,102.603,77.116,56.52,0,9.335,64,65,58,58,67,59,64,70,63,59,60,55,11.78,15.41,-1.84,2.29,-3.49,-8.29,-7.59,-6.69,-6.2,-6.69,1.9,-2.97,16.4,18,20.7,21.2,4.2,5.5,9.2,8.3,10.3,11.7,14.9,14.7,424,172,4,138,-28.7,20.4,29.3,9.7,13,4,0,1,446,608,917,876,691,595,312,351,0,0,31,30,75,83,91,88,1,1,0,0,141,294,362,229,44,122,357,134,61,61,65,61,24.22,-3.04,-22.57,-10.98,12.9,16.2,9.6,6.6,738,48,31.1,340.1,18,2847,1949,61,337,65,335,270,3,-10.2,34.8,7.7,1026,657,62,-12.37,1235
1902,2275918,NA,37.42756,-122.17152,-9999,13.3,15.1,16.4,19.8,21.4,26.9,27.5,26.6,26.6,22.1,16.6,14.5,2.9,7.1,4.9,7.1,8,9.5,10.5,11.7,11,9.4,6,4.3,8.1,11.1,10.7,13.4,14.7,18.2,19,19.1,18.8,15.8,11.3,9.4,37,216,88,39,16,1,1,1,1,42,72,52,-52.2,9.7,17.6,22,13.9,25.1,26.5,26.3,38.3,17.4,-26.4,-43.4,9,3,3,0,0,0,0,0,0,0,1,6,105,162,168,247,302,396,435,438,414,335,180,136,311,196,230,150,120,41,23,25,39,94,204,264,0,0,0,4,8,50,55,61,63,14,0,0,23,28,28,29,30,30,31,31,30,31,28,26,0,0,0,0,0,0,0,0,0,0,0,0,38.144,44.564,75.661,104.594,130.318,166.339,169.66,144.437,118.121,77.709,44.5,36.276,1.601,0,0,65.942,114.46,165.594,169.133,143.717,116.643,36.157,0,0,66,74,63,61,59,50,51,57,55,61,66,62,-0.51,16.75,2.83,-3.69,-6.89,-12.68,-13.02,-11.73,-11.93,-4.5,1.34,0.26,14.7,19.2,27,21.8,4.6,6.7,10.6,8.8,9.6,12.9,18.8,15.3,281,143,2,115,-28.6,17.8,26,9.8,17,4,0,2,410,718,1269,928,762,500,90,337,0,13,166,77,76,87,92,88,1,0,0,0,122,311,480,240,12,180,478,153,67,61,53,61,16.5,-7.75,-37.43,-15.09,14.1,19.1,8.1,11,564,19,42.8,989.7,23,3317,1698,255,343,45,345,300,1,-8.2,38.5,6.2,1154,824,61,-43.77,1693
1902,5504847,NA,37.6553,-122.0567,-9999,11.9,14.4,15.4,18.1,19.1,24.7,25.5,24.7,25.1,20.8,15.8,13.4,2.7,7.2,4.9,7.1,8,9.8,10.9,12,11.6,9.9,6.2,4.4,7.3,10.8,10.1,12.6,13.6,17.2,18.2,18.3,18.4,15.3,11,8.9,39,242,101,50,21,1,0,1,1,49,90,59,-51.2,9.1,16.7,20.5,17.6,23.2,29.8,27.6,38.9,17.9,-26,-42.9,11,4,4,1,0,0,0,0,0,0,2,6,87,154,154,222,269,366,411,413,401,322,171,124,335,198,246,173,151,57,33,35,45,104,211,279,0,0,0,2,3,35,40,45,55,10,0,0,22,28,27,29,30,30,31,31,30,31,28,27,1,1,0,0,0,0,0,0,0,0,1,0,34.539,41.493,70.73,94.239,114.357,149.864,153.726,130.409,107.983,70.451,41.673,33.073,0,0,0,44.03,93.149,148.598,153.228,129.407,106.728,21.711,0,0,69,76,66,66,65,56,57,62,60,66,69,65,0.47,19.75,4.63,-1.49,-4.86,-10.63,-11.12,-10,-10.46,-2.73,3.56,1.63,13.6,17.5,25,20.6,4.6,6.7,10.9,9.2,9.1,12.1,17.9,14.9,316,173,3,140,-28.4,18.3,26.9,10.3,20,4,0,2,373,645,1190,893,802,570,125,359,0,4,120,66,76,87,92,89,1,0,0,1,113,279,434,220,2,137,431,128,70,66,58,65,21.85,-1.72,-31.75,-9.63,13.5,18.4,7.3,11,656,25,35.8,727.5,27,3094,1867,190,344,43,348,305,2,-9,37.1,6.8,1046,699,65,-21.25,1514
1902,1176,NA,34.03974,-118.589581,-9999,19.5,18.1,18.1,19.4,20.7,23.5,23.8,23.8,25.3,21.9,19,18.8,8,9.1,7.5,9.7,11.4,13.4,14.9,15,14.8,12.8,10,9.3,13.7,13.6,12.8,14.5,16.1,18.5,19.3,19.4,20.1,17.3,14.5,14.1,42,104,86,11,6,1,0,1,1,11,72,75,-54.9,11.1,17.5,19.7,20.9,21.5,38.2,31.4,41.6,19.4,-26.3,-44.2,2,2,2,0,0,0,0,0,0,0,0,2,255,225,227,281,345,404,445,446,452,382,274,265,145,132,171,121,86,37,20,23,26,62,122,138,9,5,1,8,17,54,63,67,88,28,7,11,31,28,31,30,31,30,31,31,30,31,30,31,0,0,0,0,0,0,0,0,0,0,0,0,56.233,56.823,83.898,99.155,116.3,130.114,126.897,116.38,106.582,75.458,51.772,47.841,14.581,0,0,87.968,110.524,129.412,126.822,115.301,105.247,64.022,0,0,64,72,67,70,71,69,73,73,69,72,72,62,-3.02,4.36,2.22,-5.57,-6.52,-8.51,-8.28,-8.16,-9.51,-6.34,0.85,1.06,19.6,19.4,23.7,22.1,8.6,9.5,14.4,12.6,14.1,14.5,19.1,17.3,154,103,2,84,-29.3,19.4,30.4,11.6,5,2,0,1,771,853,1295,1108,395,377,80,210,31,26,183,123,90,92,92,91,0,0,0,0,169,299,373,234,62,198,372,169,66,69,72,71,2.4,-9.87,-24.95,-15.01,16.2,20.1,12.8,7.3,410,9,63.8,2240.1,8,4001,1083,357,364,0,365,365,0,0.7,38.9,8,1076,802,70,-47.43,2246
1902,3904095,NA,34.533002,-117.283871,-9999,15.5,17.9,17.1,23.3,27.9,34.9,34.9,34.8,33.3,26.1,16.2,14.2,-1.4,0.9,0.8,4.5,8.1,12.3,15.1,14,11.2,6.2,0.4,-1.5,7,9.4,8.9,13.9,18,23.6,25,24.4,22.2,16.2,8.3,6.4,9,39,29,6,7,2,2,2,2,5,15,33,-54.5,15.8,21.6,26.7,12.9,31,29.3,29.7,40.3,17.4,-26.8,-44.1,11,5,5,0,0,0,0,0,0,0,4,13,91,133,135,265,404,558,618,600,516,347,117,76,344,236,283,138,49,5,1,2,13,84,292,358,0,0,0,10,46,172,217,200,139,24,0,0,11,16,17,26,30,30,31,31,30,29,16,11,0,0,0,0,0,0,0,0,0,0,0,1,52.825,66.965,90.315,134.369,178.784,221.834,217.069,201.553,161.846,106.851,54.593,45.535,43.8,28.278,60.967,128.781,171.966,219.873,214.998,200.004,159.61,102.038,39.801,12.66,47,48,50,46,45,41,47,45,41,44,51,44,-4.83,-4.07,-4.29,-11.11,-14.74,-23.29,-22.16,-22.52,-21.13,-13.52,-4.95,-1.59,17,22.8,34.9,25.2,-0.5,4.5,13.8,5.9,8.2,13.6,24.3,15.6,56,42,6,22,-27.6,20.4,30,10.3,24,6,0,4,341,804,1776,980,880,469,8,389,0,56,589,163,39,74,92,74,0,0,0,0,173,403,640,323,117,362,635,301,46,47,44,45,-10.49,-30.14,-67.96,-39.6,15.3,25,6.4,18.6,150,15,168.8,1706.1,39,3860,1805,808,278,105,304,199,1,-19.6,45.5,8.3,1540,1415,46,-148.19,2301
1902,3440200,NA,35.098215,-120.579118,-9999,18.2,17.1,16.4,17.5,17.5,20.9,20.4,20,21.8,19.7,17.3,17.7,3.2,6.5,4.5,6.6,7.4,9.3,10.1,10.9,10.4,9.1,6.7,4.4,10.7,11.8,10.4,12.1,12.4,15.1,15.3,15.5,16.1,14.4,12,11.1,38,134,69,41,9,1,0,1,2,15,72,47,-55.4,12.1,18.5,20.9,20.6,22.5,37.7,30.5,40.4,19,-26.4,-44.5,4,3,3,1,0,0,0,0,0,0,1,4,164,172,159,208,235,302,319,325,332,294,197,174,231,178,236,188,183,102,94,92,84,127,187,217,0,0,0,0,0,14,10,13,27,0,0,0,24,27,27,29,30,30,31,31,30,31,28,27,0,0,0,0,0,0,0,0,0,0,0,0,55.705,56.535,80.671,95.912,107.463,125.726,120.422,104.35,97.336,72.764,49.902,48.804,18.2,0,12.035,54.748,98.216,125.026,120.37,103.381,94.902,57.427,0,1.927,54,66,62,65,68,64,68,72,65,67,66,52,-3.61,7.4,0.77,-2.16,-5.15,-7.72,-7.22,-6.63,-7.89,-5.5,1.09,-2.16,18,17.2,20.4,19.6,4.3,6.1,10.1,8.7,11.1,11.7,15.3,14.2,185,119,2,90,-29.3,20,30.2,11,11,4,0,1,505,602,947,823,627,607,288,398,0,0,37,27,74,85,92,89,0,0,0,0,165,284,350,220,58,165,349,152,57,65,68,66,1.63,-6.54,-21.57,-12.3,13.1,16.1,10.4,5.6,429,13,53.7,1197.9,16,2882,1919,63,343,47,343,296,1,-8.6,35.5,8,1019,724,65,-38.78,1252
1902,3425410,NA,37.898448,-122.313558,-9999,12,14.7,15.9,17.5,17.8,22.2,21.8,21.2,22.7,20.1,15.8,13.5,3.9,8.6,6.2,8.4,9.2,10.5,11.5,12.5,12.2,10.7,7.5,5.7,8,11.7,11.1,13,13.5,16.4,16.6,16.8,17.4,15.4,11.7,9.6,44,263,98,62,22,1,0,1,1,58,102,64,-50.8,8.2,15.9,18.7,20.8,21.2,35.9,29.5,39.4,18.3,-25.6,-42.6,9,3,3,1,0,0,0,0,0,0,1,5,100,171,177,232,266,341,361,367,373,324,189,139,315,182,216,164,153,74,62,62,58,102,195,259,0,0,0,2,2,25,19,24,42,10,0,0,25,28,29,30,31,30,31,31,30,31,29,29,1,0,0,0,0,0,0,0,0,0,1,0,32.823,38.77,69.634,86.533,99.793,129.085,123.06,102.968,92.431,65.396,39.047,31.1,0,0,0,24.792,78.177,128.229,122.756,102.348,91.133,6.93,0,0,73,80,69,71,73,64,68,73,68,71,73,69,0.92,22.04,4.42,0.37,-3.6,-8.34,-7.78,-6.99,-8.17,-1.03,5.08,2.18,13.8,17,21.7,19.5,5.9,8,11.5,10.1,9.9,12.5,16.6,14.8,341,182,2,161,-28.4,18.5,28.9,10.7,16,3,0,1,422,675,1068,886,742,533,197,356,0,4,68,52,82,90,92,90,1,0,0,1,107,256,355,197,1,103,353,98,74,71,69,71,25.15,1.19,-23.11,-4.13,13.4,17.4,8,9.4,715,25,32.7,705.8,22,3039,1842,124,354,17,356,339,2,-6.4,34.6,7.4,915,555,72,-0.9,1430
1902,231694,NA,36.950879,-122.066217,-9999,14.6,15.3,16.5,17.7,18.1,22.2,21.7,21.1,22.6,20.2,17.5,15.8,2,5.8,4,6.1,6.8,8,9.3,10.6,9.5,8.2,5,3.3,8.3,10.6,10.2,11.9,12.4,15.1,15.5,15.8,16.1,14.2,11.3,9.5,64,327,120,55,24,1,2,1,3,39,108,67,-53.3,10.8,18.6,21.2,18.2,23.4,34.3,29.1,39.2,18.1,-27,-44,8,4,4,1,0,0,0,0,0,0,2,5,105,146,154,201,235,303,325,337,333,286,176,136,305,204,243,193,183,102,89,83,83,134,205,260,0,0,0,0,0,14,11,16,27,0,0,0,21,26,26,28,29,29,31,31,29,30,26,24,1,1,0,0,0,0,0,0,0,0,1,0,43.117,48.387,78.717,95.629,111.516,137.458,131.554,111.039,100.889,72.92,49.386,41.141,0,0,0,40.164,87.75,135.997,129.657,109.935,97.559,33.559,0,0,60,69,60,64,65,57,62,68,60,63,61,55,1.54,27.48,5.76,-0.89,-4.14,-8.88,-8.15,-7.43,-8.65,-3.62,4.24,0.97,15.6,17.4,21.6,20.1,3.4,5.6,9.3,7.6,9.5,11.5,15.5,13.8,426,199,4,151,-28.8,19.3,28.9,10.1,17,5,0,2,389,590,965,795,767,618,274,422,0,0,40,27,69,83,91,86,2,1,0,1,136,286,380,223,9,128,376,131,61,63,62,61,29.99,0.73,-24.46,-8.03,12.6,16.1,8.3,7.8,813,32,27.8,509.6,24,2737,2084,67,332,64,334,269,3,-10.2,34.8,7.4,1025,644,62,-1.77,1165
1903,2275918,NA,37.42756,-122.17152,-9999,13.5,14.4,16.5,19.4,23.4,27.3,26.1,27,26.6,25.3,17.3,15.6,4.5,2.1,6.3,5.9,7.9,10.2,10,10.2,10.1,9.5,8.1,4.3,9,8.2,11.4,12.6,15.6,18.8,18,18.6,18.3,17.4,12.7,9.9,113,71,181,18,1,1,0,1,1,28,91,28,-51.8,12.5,16.5,22.7,10.9,26.8,28.3,25.7,38.2,16.4,-26.2,-43.7,7,7,3,1,0,0,0,0,0,0,1,5,127,96,188,223,331,412,404,421,400,384,220,150,282,269,207,172,96,34,36,32,45,61,169,247,0,0,0,1,15,59,37,50,55,31,0,0,27,19,29,28,30,30,31,31,30,31,30,27,1,1,0,0,0,0,0,0,0,0,0,0,36.834,49.594,73.323,105.318,144.038,167.149,160.569,151.584,120.006,90.749,43.452,38.715,0,0,0,87.251,142.931,166.424,160.073,150.907,118.929,63.218,0,10.322,71,61,67,58,54,51,53,52,52,54,71,67,6.96,2.32,12.3,-5.78,-9.91,-12.84,-11.77,-12.63,-12.23,-8.48,3.31,-2.78,14.1,19.8,26.8,23.1,3.7,6.7,10.1,9.2,8.9,13.2,18.5,16.1,235,200,2,119,-27.7,16.7,26.9,9.4,19,3,0,1,359,743,1238,1005,815,475,101,274,0,16,146,86,72,87,92,90,2,0,0,0,123,323,479,254,0,230,477,182,66,60,52,59,6.5,-3.38,-37.25,-17.41,14.2,18.8,8.2,10.5,533,4,45.4,4595.7,23,3358,1650,249,341,55,341,286,2,-8.2,38.5,6.4,1179,890,59,-51.54,1730
1903,5504847,NA,37.6553,-122.0567,-9999,12.1,13.2,15.4,17.7,21.6,25.1,24,25.1,25.1,24.1,16.6,14.4,4.3,1.9,6.1,5.9,8.2,10.5,10.3,10.4,10.7,10.1,8.4,4.4,8.2,7.6,10.8,11.8,14.9,17.8,17.2,17.7,17.9,17.1,12.5,9.4,130,69,219,23,1,1,0,1,1,24,115,34,-50.8,11.9,15.6,21.3,13.9,25.1,31.6,27,38.8,16.8,-25.8,-43.3,8,9,3,1,0,0,0,0,0,0,1,6,106,82,170,198,309,383,378,395,387,376,215,135,308,288,227,196,115,47,50,45,51,66,173,265,0,0,0,0,9,43,25,36,48,28,0,0,26,19,29,28,30,30,31,31,30,31,30,27,1,1,0,0,0,0,0,0,0,0,0,0,33.044,46.099,67.607,95.312,130.902,150.894,144.831,137.818,110.218,84.327,40.551,35.309,0,0,0,71.95,129.493,149.838,144.337,136.905,109.233,60.033,0,1.283,74,63,70,63,59,57,59,57,57,58,74,70,9.49,2.75,16.69,-4.23,-8.51,-10.84,-10,-10.83,-10.77,-7.73,6.1,-1.44,12.9,18.2,24.8,22,3.5,6.7,10.4,9.7,8.2,12.5,17.6,15.8,258,244,2,140,-27.4,16.9,27.9,9.9,23,4,0,1,312,676,1156,978,875,538,143,290,0,9,103,76,71,87,92,90,3,0,0,0,112,294,434,235,0,201,431,169,69,64,57,63,10.8,3.95,-31.66,-12.4,13.6,17.9,7.6,10.3,620,5,38,3682.8,28,3133,1831,189,341,53,344,291,4,-9,37.1,6.8,1075,802,63,-29.32,1556
1903,1176,NA,34.03974,-118.589581,-9999,19.4,16.7,18.3,18.1,20.3,23.1,24.2,25.6,24.3,24.9,23.4,21.1,9.2,5.6,8.2,10.5,11.9,14.5,13.7,16,15.4,12.9,12,9.5,14.3,11.2,13.3,14.3,16.1,18.8,18.9,20.8,19.9,18.9,17.7,15.3,68,58,147,60,3,1,0,1,5,2,5,4,-54.4,12.7,17.1,17.7,22,20.7,36.9,31.1,41.7,18.6,-27.6,-44.8,2,3,1,0,0,0,0,0,0,0,0,1,275,164,244,275,345,413,432,489,446,429,369,305,131,194,158,126,85,34,24,12,28,39,57,108,13,0,4,8,18,59,53,99,84,54,43,22,31,26,31,30,31,30,31,31,30,31,30,31,0,0,0,0,0,0,0,0,0,0,0,0,53.88,58.511,83.178,87.396,110.035,121.293,135.924,125.539,97.515,90.6,64.223,54.71,0,0.726,0,27.596,107.223,120.649,135.854,124.487,92.438,88.665,59.136,51.082,68,65,68,76,74,74,68,71,73,64,66,70,0.01,-0.28,8.32,0.31,-6.33,-7.8,-9.02,-9.29,-8.01,-9.71,-8.44,-7.56,18.3,18.9,24.3,24.2,8,10.2,14.7,13.4,13.2,14.6,19.5,18.8,201,210,2,12,-28.8,18.9,29.5,10.9,6,2,0,0,707,864,1334,1244,464,370,70,124,25,30,212,181,88,92,92,91,0,0,0,0,160,281,383,252,1,135,381,240,68,73,71,68,-7.83,2.3,-26.1,-26.16,16.6,20.8,11.2,9.6,353,10,75.4,2154.5,8,4186,998,458,363,0,364,364,0,0.7,38.9,7.6,1076,757,69,-57.79,2424
1903,3904095,NA,34.533002,-117.283871,-9999,15,13.1,17.7,21.1,27,34,36,36.9,30.8,28.4,21.6,17.3,-0.7,-2.6,1.2,4.7,8.3,12.9,13.9,15.5,12.2,6.7,3,-1.3,7.1,5.2,9.5,12.9,17.6,23.5,25,26.2,21.5,17.6,12.3,8,17,16,43,17,5,1,1,3,10,1,3,1,-54,15.7,21.7,25.1,13.9,30,28.2,29.1,41.2,16.9,-28.3,-44.8,11,16,5,1,0,0,0,0,0,0,1,8,95,55,151,237,391,554,617,656,494,389,219,112,340,354,267,165,56,5,1,1,17,58,179,307,0,0,0,7,42,168,216,256,121,42,5,0,13,7,19,26,30,30,31,31,30,29,22,11,0,1,0,0,0,0,0,0,0,0,0,0,50.977,54.395,92.528,121.384,171.639,213.656,229.036,213.45,146.123,116.071,68.338,52.856,34.45,38.555,49.687,104.024,166.814,212.309,227.626,210.637,136.482,114.8,65.39,51.578,51,49,49,51,47,44,42,44,48,40,45,50,-3.79,-2.49,-3.5,-8.05,-13.83,-21.76,-24.48,-25.32,-16.72,-16.21,-10.27,-6.99,14.1,21.9,35.7,27,-1.6,4.7,14.1,7.3,6.2,13.3,24.9,17.1,65,65,6,14,-27.7,20.3,29.1,9.9,40,5,0,1,227,779,1827,1103,1052,487,7,253,0,49,640,168,31,75,92,82,1,0,0,0,151,386,656,331,86,321,651,317,50,49,43,45,-13.27,-25.38,-71.57,-43.2,15.5,26.2,5.2,21,118,20,216.2,1308.7,42,3971,1749,858,281,105,309,203,2,-19.6,45.5,7.9,1523,1373,46,-153.42,2388
1903,3440200,NA,35.098215,-120.579118,-9999,17.9,15.3,16.5,17,18.2,21.6,19.8,21.5,21.6,22.6,21.3,19.7,4.8,2.2,6.3,6.5,8.3,10.5,9.4,11.4,10.4,8.9,8.2,4,11.3,8.8,11.4,11.8,13.2,16,14.6,16.5,16,15.7,14.8,11.8,90,83,102,28,3,2,0,1,2,8,16,8,-54.9,13.8,17,20.6,20.2,22.3,38,30,40.4,18.2,-27.8,-45.1,4,6,3,1,0,0,0,0,0,0,0,3,181,106,185,199,259,331,296,356,331,334,281,195,209,255,209,196,160,81,111,69,85,95,115,198,1,0,0,0,0,21,7,21,26,11,9,2,27,19,29,28,30,30,31,31,30,31,30,26,0,1,0,0,0,0,0,0,0,0,0,0,53.257,56.279,76.899,93.321,109.374,126.9,118.855,113.282,96.23,85.873,60.664,54.377,0,0,0,64.864,106.078,125.101,118.803,112.015,94.606,78.185,44.641,46.016,59,58,67,66,69,66,68,69,66,59,60,58,2.11,2.93,4.49,-3.17,-5.97,-7.82,-7.02,-7.51,-7.83,-8.36,-6.76,-7.32,17,17.2,21,21.8,3.8,7,10.4,9.2,10.4,12.1,15.7,15.5,220,134,3,25,-28.7,19.3,30.1,10.3,13,4,0,1,464,643,983,945,681,565,261,295,1,0,49,46,73,88,92,90,1,0,0,0,158,280,359,243,2,171,356,217,59,67,67,62,-2.28,-4.65,-22.35,-22.95,13.5,16.5,8.8,7.7,344,8,68.3,2048.7,17,3054,1783,97,342,47,342,295,1,-8.6,35.5,7.7,1040,746,63,-52.22,1416
1903,3425410,NA,37.898448,-122.313558,-9999,12,13.6,15.5,17.4,20.4,22.8,20.3,21.6,22.6,23.3,16.5,14.4,5.6,3.4,7.3,7.1,9.2,11.2,10.6,10.8,11.3,11.1,9.7,5.7,8.8,8.5,11.4,12.3,14.8,17,15.4,16.2,16.9,17.2,13.1,10.1,143,61,202,25,1,1,0,1,1,25,118,38,-50.1,11.1,14.7,19.8,16.2,23.2,37.5,28.8,39.3,17.1,-25.2,-43,7,7,3,1,0,0,0,0,0,0,1,5,118,99,184,212,306,359,325,348,358,378,230,151,290,262,209,183,117,62,90,75,67,65,158,243,0,0,0,0,8,31,11,18,35,28,1,0,29,22,30,29,31,30,31,31,30,31,30,29,1,0,0,0,0,0,0,0,0,0,0,0,30.138,45.015,64.995,89.925,119.264,130.879,115.59,112.447,94.506,78.425,37.038,33.517,0,0,0,64.746,118.136,130.093,115.296,111.906,93.51,53.53,0,0,79,67,73,68,65,65,70,67,66,63,78,74,10.93,1.81,15.22,-3.54,-7.38,-8.59,-7,-7.81,-8.4,-6.64,6.87,-0.96,13,17.8,21.6,20.8,4.9,7.9,10.9,10.7,9,12.8,16.2,15.7,268,228,2,143,-27.3,16.9,29.8,10.4,19,3,0,1,355,702,1032,966,811,509,226,290,0,8,60,64,80,90,92,91,2,0,0,0,106,274,359,210,0,183,357,147,73,69,67,69,11.78,4.31,-23.4,-8.17,13.5,17.2,8.5,8.7,616,4,38.1,4588,23,3068,1820,133,352,27,354,327,3,-6.4,34.6,7.5,949,687,69,-15.48,1462
1903,231694,NA,36.950879,-122.066217,-9999,15,15,16.8,17.2,19.4,22.4,20.3,21.8,22.8,23.3,18.4,17.1,3.5,1.3,5.6,4.9,6.7,8.8,8.9,9.4,8.6,7.9,6.6,2.9,9.2,8.1,11.2,11.1,13.1,15.6,14.6,15.6,15.7,15.6,12.5,10,182,152,240,27,2,2,2,1,2,36,129,32,-53.2,13.5,17.4,22,16.1,24.6,36.1,28.4,39.1,17,-27.1,-44.4,6,8,3,1,0,0,0,0,0,0,1,5,128,91,180,181,254,317,296,330,321,329,214,148,276,272,212,214,165,91,111,89,92,98,173,246,0,0,0,0,0,17,7,14,23,10,0,0,24,17,29,27,29,30,31,31,29,30,28,23,1,1,0,0,0,0,0,0,0,0,0,0,42.717,53.123,76.988,95.971,120.721,136.873,123.126,120.34,103.815,86.141,49.973,44.5,0,0,0,68.823,118.309,135.216,121.445,119.121,101.539,50.599,0,12.215,63,56,65,61,61,59,65,62,57,54,63,60,12.98,10.02,17.92,-3.71,-7.13,-8.84,-7.32,-8.32,-9.13,-6.35,6.1,-3.47,15.2,17.8,21.5,21.5,2.7,5.8,9,7.7,9,11.8,15.3,14.6,400,269,5,167,-28,18.5,29.7,9.7,19,4,0,1,355,614,943,865,808,591,291,362,0,0,38,33,66,85,91,88,3,0,0,0,137,294,380,240,0,187,376,152,60,62,62,58,19.53,7.08,-24.48,-9.38,12.7,15.7,8.1,7.6,806,9,28.2,1697.5,24,2788,2038,72,328,75,327,252,4,-10.2,34.8,7.5,1051,715,60,-7.25,1217
1904,2275918,NA,37.42756,-122.17152,-9999,15.4,15.6,16.8,20.7,24.7,27,26.2,25.7,27,22.4,19.3,14.4,2.8,5.8,7.4,6.9,8.8,10.6,10.7,11,12.4,10.3,7,4.6,9.1,10.7,12.1,13.8,16.8,18.8,18.5,18.4,19.7,16.4,13.1,9.5,35,147,144,47,4,1,1,4,43,63,32,57,-53.6,10.8,15.8,22.8,9.3,27.1,28.4,26.7,38.3,17.5,-27.4,-43.3,7,4,2,0,0,0,0,0,0,0,1,5,128,152,206,257,366,413,418,414,440,353,234,138,281,200,190,141,71,34,30,35,30,81,157,262,0,0,0,6,25,59,44,46,80,19,3,0,23,26,30,29,31,30,31,31,30,31,29,27,0,0,0,0,0,0,0,0,0,0,0,0,43.546,48.414,71.938,110.304,151.123,163.992,159.648,140.42,116.994,77.025,50.928,35.502,8.398,0,0,63.361,147.059,163.14,159.095,136.695,74.469,14.176,19.249,0,60,69,70,58,53,53,55,57,57,63,62,64,-1.94,9.37,8.7,-3.53,-10.53,-12.43,-11.7,-10.81,-7.76,-2.33,-4.09,0.87,15.5,20.7,26.3,22.9,4.3,7.7,10.8,9.9,9.9,14.2,18.5,16.4,211,195,5,137,-28.7,16,27.4,9.5,15,2,0,1,429,828,1245,1027,729,402,99,267,0,31,150,102,76,90,92,90,1,0,0,0,131,333,464,245,19,210,459,108,64,60,55,61,8.31,-5.36,-34.95,-14.18,14.7,19.7,9.1,10.6,576,52,42.9,380.8,19,3517,1510,283,347,41,352,312,1,-8.2,38.5,6.1,1173,796,60,-46.17,1855
1904,5504847,NA,37.6553,-122.0567,-9999,14.2,14.3,15.4,18.8,22.9,25.1,24.1,23.8,25.4,21.1,18.3,13.1,2.6,5.7,7.2,6.9,9.1,10.7,11,11.4,12.9,10.8,7.2,4.8,8.4,10,11.3,12.9,16,17.9,17.5,17.6,19.1,16,12.8,8.9,40,183,183,61,5,1,1,5,46,66,42,61,-52.9,10.1,14.8,21.3,12.5,25.3,32,27.9,39,18,-26.9,-42.7,8,5,3,1,0,0,0,0,0,0,1,6,111,135,184,230,342,387,389,391,424,340,222,124,302,221,210,166,87,45,44,47,35,89,167,279,0,0,0,2,18,45,30,34,69,15,1,0,22,26,30,29,31,30,31,31,30,31,29,27,0,1,0,0,0,0,0,0,0,0,0,0,40.468,44.007,65.256,99.246,137.351,149.815,142.892,126.461,105.95,70.005,47.488,31.724,0.833,0,0,37.766,132.304,148.486,142.364,121.935,59.706,3.623,5.886,0,62,72,73,63,59,58,61,63,63,68,65,68,-0.79,13.58,13.33,-0.89,-8.93,-10.7,-9.83,-9.1,-5.77,-0.97,-2.51,2,14.3,19,24.3,21.6,4.2,7.7,11,10.3,9.2,13.4,17.7,15.9,257,250,6,154,-28.5,16.2,28.4,10,18,3,0,1,381,757,1167,987,788,464,136,292,0,20,108,86,75,90,92,90,1,0,0,0,120,302,419,223,2,170,413,69,67,65,60,65,14.79,3.51,-29.63,-9.25,14,19.1,8.4,10.7,694,58,34.6,331.7,23,3281,1693,214,347,38,354,316,2,-9,37.1,6.5,1064,654,65,-20.57,1653
1904,1176,NA,34.03974,-118.589581,-9999,20,19.6,19.3,20.8,20.8,23.9,23.9,26.1,25.2,23.9,24.4,20.5,7.8,9.1,9.4,10.7,12.9,14.1,14.6,16.8,17,14.3,12.2,10.2,13.9,14.4,14.3,15.7,16.9,19,19.3,21.5,21.1,19.1,18.3,15.3,23,97,101,28,4,0,0,7,19,15,3,66,-55.3,12.2,16.9,20,22,20.4,37.8,31.1,41.7,19.1,-28,-44.5,2,1,1,0,0,0,0,0,0,0,0,1,260,246,273,317,368,419,443,510,482,435,385,303,141,114,130,91,69,31,21,9,19,37,49,107,10,9,8,16,25,63,61,115,111,56,50,21,31,28,31,30,31,30,31,31,30,31,30,31,0,0,0,0,0,0,0,0,0,0,0,0,58.216,63.223,85.124,104.761,110.089,130.079,129.449,125.722,96.936,81.54,67.573,51.66,35.346,0,0,76.744,106.058,129.629,129.385,118.232,78.11,66.153,64.081,0,62,67,69,69,75,70,72,72,75,71,63,64,-5.29,2.65,3.38,-4.55,-6.31,-8.61,-8.5,-8.79,-6.8,-7.03,-9.37,-0.71,20.2,20.3,24.6,24.5,8.8,11,15.2,14.5,14.5,15.6,19.9,19.5,123,133,8,38,-29.2,19.6,29.8,10.9,4,1,0,0,809,958,1372,1302,364,291,61,104,39,49,239,218,90,92,92,91,0,0,0,0,176,300,385,246,86,183,377,208,65,71,71,70,-3.34,-7.48,-25.89,-23.2,17.4,21.5,13.9,7.6,364,31,75.3,695.7,6,4442,819,545,365,0,365,365,0,0.7,38.9,7.8,1107,855,70,-59.91,2679
1904,3904095,NA,34.533002,-117.283871,-9999,16.1,18.9,19.8,23.9,28.8,35.1,36.4,36.9,32,26.2,22.1,16.2,-1.1,2.9,3.3,5.8,10.3,13.1,15.6,16.4,13,6.8,3,-0.8,7.5,10.9,11.6,14.9,19.6,24.1,26,26.7,22.5,16.5,12.6,7.7,7,20,29,8,4,1,2,13,7,5,0,7,-54.7,15.2,21.8,26.1,12.7,29.6,28.3,29.3,40.9,17.4,-28.5,-44.5,10,4,2,0,0,0,0,0,0,0,1,9,102,167,204,293,450,573,649,670,523,356,226,103,330,196,204,113,30,4,1,1,12,79,172,317,0,2,3,16,72,187,248,269,144,27,5,0,12,21,24,28,31,30,31,31,30,29,22,13,0,0,0,0,0,0,0,0,0,0,0,0,54.153,68.333,99.78,135.579,180.351,221.315,227.441,210.735,150.998,106.293,69.921,49.973,47.021,48.223,70.686,128.019,176.336,220.568,225.115,197.55,143.656,101.309,69.794,42.641,47,51,50,48,48,42,45,46,48,45,44,44,-5.47,-6.52,-6.25,-11.13,-15.42,-23.4,-24.33,-23.82,-18.16,-13.38,-10.98,-5.57,17.4,24.2,36.1,26.8,0.2,6.5,15.1,7.6,8.8,15.3,25.6,17.2,29,41,16,12,-28,20.2,29,9.9,22,3,0,1,379,947,1892,1104,832,347,6,262,2,91,704,177,45,83,92,82,0,0,0,0,175,416,659,327,147,375,643,315,47,49,44,46,-17.56,-32.79,-71.56,-42.53,16.7,26.7,7.5,19.2,104,28,256.8,965.6,26,4315,1457,974,302,88,315,227,0,-19.6,45.5,7.8,1578,1480,47,-164.44,2643
1904,3440200,NA,35.098215,-120.579118,-9999,19,19.5,18.4,19.3,18.8,20.7,20.4,21.6,22.3,21.6,22.8,19.2,2.8,7.6,7.8,7.8,9,10,9.8,12.5,12.6,11.1,7.6,5.1,10.9,13.5,13.1,13.5,13.9,15.3,15.1,17,17.5,16.3,15.2,12.1,28,135,87,46,11,1,0,5,54,37,17,47,-56,12.8,17.4,21.4,19.9,22.1,37.5,30.2,40.5,18.8,-28.4,-44.9,4,2,2,0,0,0,0,0,0,0,0,3,169,221,234,250,279,310,314,374,374,352,292,205,225,134,163,148,142,97,99,57,58,81,106,189,0,4,2,3,2,16,9,27,42,15,10,2,23,28,31,29,31,30,31,31,30,31,29,28,0,0,0,0,0,0,0,0,0,0,0,0,58.274,63.496,83.299,103.25,111.014,121.355,121.509,109.716,93.562,76.64,66.307,52.029,30.486,0,0,57.106,99.684,120.443,121.458,105.121,39.475,39.439,48.874,4.823,51,63,66,64,69,67,67,72,70,68,55,52,-5.15,6.19,2.17,-2.47,-5.35,-7.34,-7.29,-6.93,-2.46,-4.06,-7.91,-2.89,19.4,18.8,20.9,22.2,4.8,8.2,10.8,10.4,12.1,13.5,15.8,16.3,171,145,6,109,-29.3,19.5,30,10.3,9,2,0,1,584,764,997,1017,557,452,253,245,4,6,51,68,76,91,92,90,0,0,0,0,176,298,353,237,77,157,347,128,55,67,69,64,-1.85,-5.65,-21.56,-14.43,14.5,17.5,10.9,6.6,469,71,52.2,246,11,3374,1499,132,351,28,359,331,0,-8.6,35.5,7.6,1063,708,64,-43.5,1673
1904,3425410,NA,37.898448,-122.313558,-9999,14.2,14,15.5,18.3,21.7,22.7,20.4,20,22.9,20.3,18.1,13.1,4,6.8,8.2,8.3,10.2,11.5,11.4,11.7,13.5,11.7,8.6,6.1,9.1,10.4,11.8,13.3,15.9,17.1,15.9,15.8,18.2,16,13.3,9.6,36,219,197,64,4,1,0,2,55,69,45,60,-52.4,9.1,13.8,19.6,14.9,23.4,38.2,29.9,39.5,18.4,-26.5,-42.4,7,4,2,1,0,0,0,0,0,0,1,5,126,143,196,242,340,362,339,337,396,342,238,140,281,208,197,155,89,59,78,83,47,88,152,258,0,0,0,3,17,33,13,16,53,15,2,0,25,27,31,30,31,30,31,31,30,31,30,30,0,1,0,0,0,0,0,0,0,0,0,0,38.486,40.738,61.855,91.967,125.006,128.95,112.224,98.159,89.498,63.689,44.256,29.654,2.317,0,0,27.831,120.949,127.934,111.876,95.69,34.86,0,0,0,67,76,77,68,65,66,72,74,71,73,70,72,-1.09,17.53,14.95,0.09,-7.73,-8.4,-6.78,-6.27,-2.59,0.14,-1.62,2.05,14.2,18.5,21,20.5,5.5,8.9,11.5,11.2,9.9,13.7,16.3,15.9,293,265,4,168,-28.6,16.1,30.5,10.5,15,3,0,1,421,778,1038,976,732,441,221,287,0,20,62,70,82,91,92,91,1,0,0,0,113,279,339,197,2,149,336,35,72,70,71,71,18.49,7.31,-21.45,-4.08,13.9,18.2,9.1,9.1,752,63,31.7,291.1,19,3201,1695,152,356,14,362,347,2,-6.4,34.6,7.1,928,521,71,0.27,1551
1904,231694,NA,36.950879,-122.066217,-9999,16.4,16.7,17.5,18.8,20.8,21.8,20.6,20.8,23.2,20.6,20.8,16.1,1.6,5.3,6.8,6,7.5,9.1,9.5,10,11.1,9,5.7,3.5,9,11,12.2,12.4,14.1,15.5,15.1,15.4,17.2,14.8,13.3,9.8,66,178,163,73,8,2,2,6,61,77,45,81,-54.6,12,17.1,22.3,14.5,25.1,36.1,29.1,39.2,18.1,-28.3,-44,7,3,2,1,0,0,0,0,0,0,1,5,123,156,206,215,286,314,313,323,365,306,235,143,283,199,188,180,135,94,99,93,63,117,154,252,0,0,0,0,4,17,9,13,38,5,0,0,19,26,30,28,30,30,31,31,30,31,27,25,1,0,0,0,0,0,0,0,0,0,0,0,48.269,53.765,77.814,102.182,128.119,131.692,123.062,111.36,100.204,73.045,57.836,41.61,0,0,0,29.482,120.165,130,121.128,105.336,39.102,0,12.438,0,54,64,66,60,59,61,66,67,63,64,54,56,0.41,11.78,10.11,0.14,-7.35,-8.31,-7.34,-6.92,-2.91,0.07,-4.02,2.11,16.7,19,21.1,21.5,3.3,6.8,9.5,8.6,10,12.9,15.3,15.1,276,244,10,184,-28.9,17.9,30.1,9.7,15,3,0,1,428,707,950,906,728,503,286,334,0,4,38,43,68,88,91,88,1,0,0,0,147,308,366,231,12,150,356,52,58,62,65,61,14.3,2.9,-22.57,-6.85,13.3,17.2,9,8.1,761,79,30.6,217.9,19,2986,1857,85,337,59,343,283,2,-10.2,34.8,7.2,1052,570,62,-12.22,1353
1905,2275918,NA,37.42756,-122.17152,-9999,14.9,16.5,18.7,20.6,21.6,24.2,27.4,27,26.5,24.2,18.5,14.4,6,6.1,8.8,7.6,7.8,9.6,11.8,11.1,10.4,7,5.6,2.2,10.4,11.3,13.8,14.1,14.7,16.9,19.6,19,18.5,15.6,12,8.3,93,92,119,51,42,1,0,1,2,3,57,40,-52.2,11.3,16.3,22.2,13.4,25.4,27.3,25.9,38.2,16.4,-27.3,-43.6,4,3,1,0,0,0,0,0,0,0,1,8,162,166,257,267,304,357,453,435,404,329,202,110,239,191,145,131,119,63,18,26,43,98,185,297,1,0,7,8,9,31,68,59,57,12,0,0,29,27,31,29,30,30,31,31,30,29,27,21,0,0,0,0,0,0,0,0,0,0,0,0,38.408,51.264,78.208,108.381,132.264,146.853,165.59,148.99,118.769,89.863,50.325,37.969,0,0,0,57.797,89.95,146.146,165.101,148.249,116.74,87.2,0,0,71,67,69,60,58,57,55,54,53,50,60,68,4.32,3.38,5.41,-2.97,-4.45,-10.2,-12.58,-12.32,-11.94,-10.64,-1.37,-0.8,15.3,20.3,26.2,23.1,5.6,8.1,10.8,7.7,10.4,14.2,18.5,15.4,241,212,2,62,-28.2,17.3,26.2,9.1,13,2,0,1,467,827,1245,935,692,396,107,327,1,24,158,69,83,90,92,86,1,0,0,0,125,319,461,259,0,148,459,204,69,62,55,54,6.9,-2,-35.11,-23.95,14.5,19.6,8.3,11.3,500,46,49,423.6,18,3445,1557,252,345,42,337,295,1,-8.2,38.5,6.1,1164,811,60,-54.16,1784
1905,5504847,NA,37.6553,-122.0567,-9999,13.8,15.7,17.5,19.2,19.5,22.1,25.4,25.2,24.9,22.9,17.8,13.3,5.7,6,8.5,7.7,8,9.6,11.9,11.3,11,7.5,5.7,2.3,9.7,10.8,13,13.5,13.7,15.9,18.7,18.3,17.9,15.2,11.7,7.8,106,99,145,57,56,1,0,1,2,1,60,43,-51.5,10.7,15.4,20.9,17,23.5,30.7,27.2,38.9,16.8,-27,-43.2,5,4,2,0,0,0,0,0,0,0,1,9,144,154,234,248,273,325,424,411,388,318,193,97,261,197,165,149,147,85,27,37,51,107,193,313,0,0,4,5,3,20,48,44,49,9,0,0,29,26,31,29,30,30,31,31,30,30,27,22,1,0,0,0,0,0,0,0,0,0,0,0,35.473,48.177,72.264,99.636,116.814,132.017,149.172,135.564,108.365,83.43,47.914,34.949,0,0,0,42.304,61.188,130.983,148.694,134.6,106.745,81.957,0,0,73,69,71,64,64,62,60,59,59,54,62,73,6.19,4.51,8.64,-1.39,-1.65,-8.6,-10.66,-10.61,-10.43,-9.66,-0.74,0.06,14.2,18.7,24.2,21.9,5.5,8.1,11,8.1,9.8,13.4,17.6,15,266,258,2,63,-28,17.8,27.1,9.6,15,2,0,1,422,755,1160,899,737,461,149,350,0,12,112,58,83,90,92,87,1,0,0,0,115,289,417,240,0,103,414,189,72,67,60,58,10.76,5.6,-29.87,-20.83,13.9,18.7,7.8,10.8,571,60,41.8,312.4,21,3209,1732,182,346,39,340,301,2,-9,37.1,6.6,1061,706,64,-34.34,1583
1905,1176,NA,34.03974,-118.589581,-9999,20.2,18.9,19.1,18.2,18.7,20.7,23.6,25.1,25.1,24.1,20.5,19.1,10.3,10.7,12,11.8,11.3,12.9,15.2,15.9,14.3,12.8,11.4,7.5,15.2,14.8,15.6,15,15,16.8,19.4,20.5,19.7,18.5,16,13.3,146,230,169,21,30,0,0,1,3,6,61,15,-54.6,10.5,14.4,16.4,23.9,20,38.8,31.2,41.5,18.8,-26.6,-44.5,1,1,1,0,0,0,0,0,0,0,0,2,300,259,310,295,312,352,446,480,440,416,317,242,108,104,100,109,112,66,20,14,30,45,88,158,18,11,16,11,8,29,64,92,80,45,19,7,31,28,31,30,31,30,31,31,30,31,30,31,0,0,0,0,0,0,0,0,0,0,0,0,54.866,56.363,75.177,81.898,100.41,109.019,123.016,122.021,107.046,86.681,54.713,51.25,0,0,0,60.614,70.623,108.551,122.918,120.705,104.119,80.675,0,36.29,69,74,78,80,77,76,75,72,68,66,72,68,7.53,16.93,11.02,-3.2,-2.8,-6.55,-7.97,-8.86,-9.34,-8.63,-0.83,-5.54,19.9,18.7,23.1,23.2,10.4,11.7,14.7,12.8,15.1,15.2,18.9,18,442,220,2,70,-29.5,18.2,30,11.2,3,1,0,0,862,917,1278,1173,319,321,100,163,50,35,184,143,90,92,92,91,0,0,0,0,163,257,354,248,0,131,352,185,70,78,74,68,18.92,5.02,-23.37,-18.8,16.6,20.5,13.3,7.2,683,35,39,592.4,6,4169,953,399,365,0,365,365,0,0.7,38.9,7.5,1023,668,72,-18.23,2414
1905,3904095,NA,34.533002,-117.283871,-9999,16.6,16.3,19,21.3,23.7,31.9,36,36.1,32.5,26.7,17.1,14.6,0.3,2.1,4.8,6.6,8.2,11.5,15.4,15.3,11.2,6,2.5,-2.6,8.5,9.2,11.9,13.9,16,21.7,25.7,25.7,21.8,16.3,9.8,6,38,59,57,9,19,1,1,2,3,1,26,9,-54.9,14.4,20.1,23.9,17.1,27.1,28.5,29.4,40.5,17.2,-26.9,-44.2,8,6,2,0,0,0,0,0,0,0,3,14,124,129,213,267,342,501,641,640,504,352,153,69,300,242,196,136,88,11,1,1,15,81,247,370,0,0,4,11,23,118,240,239,129,26,0,0,16,19,27,29,30,30,31,31,30,28,21,8,0,0,0,0,0,0,0,0,0,0,0,0,54.74,60.503,93.579,119.376,149.203,200.987,224.999,207.424,157.657,109.404,55.488,46.884,17.057,1.115,36.882,110.663,130.294,200.34,223.687,204.964,154.309,108.824,29.281,38.039,50,56,56,55,54,45,46,45,43,42,55,47,-2.98,-0.68,-2.59,-8.7,-9.29,-19.27,-23.89,-23.94,-19.97,-14.56,-4.71,-4.09,16.4,21.4,34.7,25.4,0.5,6.5,14.1,6.5,8.4,13.9,24.4,16,104,84,4,30,-28.2,20.4,28.4,10.3,22,3,0,3,357,822,1782,1009,860,420,13,344,0,38,597,156,48,86,92,79,1,0,0,0,165,362,633,323,61,278,629,292,51,55,45,46,-7.75,-20.57,-67.1,-39.23,15.5,25.7,6,19.7,225,27,113.6,964,33,3935,1688,791,301,89,311,222,1,-19.6,45.5,7.7,1483,1260,49,-134.64,2306
1905,3440200,NA,35.098215,-120.579118,-9999,17.9,18.3,19.3,18,17.4,19.4,21.6,21.4,21.9,22.1,20.5,17.4,7.1,7.3,9.2,8,7.5,9.5,10.8,11.1,10.1,8,7.2,2.7,12.5,12.8,14.3,13,12.4,14.5,16.2,16.3,16,15,13.9,10.1,48,131,127,24,52,1,0,1,4,7,72,18,-54.2,12.3,16.9,20,20.8,22.3,36.5,30,40.3,18.2,-27.6,-44.6,3,2,1,1,0,0,0,0,0,0,1,5,213,200,269,236,235,284,348,350,331,313,254,149,180,152,131,162,182,117,71,74,85,111,137,244,3,2,7,0,0,11,16,19,26,4,2,0,31,28,31,29,30,30,31,31,30,30,29,23,0,0,0,0,0,0,0,0,0,0,0,0,50.209,59.658,84.204,94.936,106.394,113.91,127.255,114.012,98.91,85.804,59.546,49.597,1.932,0,0,71.28,54.873,112.894,127.187,112.831,95.185,79.292,0,31.336,66,65,68,68,68,69,67,68,64,57,59,57,-1.54,6.5,5.96,-3.89,-0.84,-6.62,-7.91,-7.56,-7.94,-8.4,-0.9,-5.17,18.5,18.3,20.8,21.5,6.5,8.2,10.5,8.4,12.5,13.2,15.6,15,227,202,2,82,-28.8,19.3,29.6,10.3,7,2,0,1,619,740,982,897,521,475,262,333,7,7,45,32,86,90,92,89,0,0,0,0,162,286,355,244,7,126,353,174,63,68,68,60,-0.21,1.23,-22.09,-17.25,13.9,16.3,10.1,6.2,484,58,49.4,282.8,12,3182,1646,89,352,29,343,314,1,-8.6,35.5,7.6,1047,660,65,-38.33,1507
1905,3425410,NA,37.898448,-122.313558,-9999,13.7,16,18,18.8,18.2,19.5,21.4,21.6,22.3,22.1,17.8,13.6,6.8,7.2,9.8,8.9,9.1,10.3,12.4,11.8,11.4,8.4,6.9,3.6,10.3,11.6,13.9,13.8,13.6,14.9,16.9,16.7,16.9,15.3,12.4,8.6,122,97,144,58,49,1,0,1,2,1,62,44,-50.8,10.1,14.7,19.4,19.9,21.6,37.4,29.1,39.4,17.1,-26.7,-43.1,5,3,1,0,0,0,0,0,0,0,1,7,154,169,256,258,271,296,370,363,356,319,209,112,245,183,142,140,149,107,56,65,68,106,177,290,0,0,6,5,2,13,22,23,35,8,0,0,30,28,31,30,31,30,31,31,30,30,29,25,1,0,0,0,0,0,0,0,0,0,0,0,32.849,46.841,70.274,92.902,103.403,109.75,116.208,108.988,92.138,78.274,45.847,33.898,0,0,0,34.555,53.985,109.017,115.917,108.384,90.383,76.93,0,0,78,72,74,69,71,71,72,70,67,59,66,77,8.07,4.44,8.64,-0.63,-1.11,-6.5,-7.23,-7.53,-8.02,-8.76,-0.12,0.04,14.3,18.3,20.8,20.7,6.7,9.3,11.5,8.9,10.5,13.8,16.2,14.8,280,251,2,65,-27.9,18,29.4,9.9,13,2,0,1,462,785,1029,884,685,431,227,352,0,14,58,43,88,91,92,89,1,0,0,0,109,267,335,216,0,89,333,167,75,71,71,64,12.55,6.9,-21.26,-16.9,13.7,16.9,8.6,8.3,582,53,40.8,320.1,18,3133,1727,115,355,16,348,332,2,-6.4,34.6,7.3,927,589,70,-18.72,1495
1905,231694,NA,36.950879,-122.066217,-9999,15.8,17,19.2,18.3,17.9,19.5,22,21.7,22.8,22.5,19.7,15.7,5.3,5.4,8.1,6.7,6.6,8.5,10.7,10,9.1,5.7,4.6,1.4,10.6,11.2,13.6,12.5,12.2,14,16.4,15.8,16,14.1,12.1,8.5,150,165,153,87,76,2,2,1,5,7,131,58,-53.2,12.2,17.4,21.2,18.3,23.5,34.9,28.7,39.1,17,-28,-44.2,4,3,1,1,0,0,0,0,0,0,1,7,162,160,250,219,229,270,353,337,330,284,203,111,235,194,148,176,188,128,67,83,86,136,182,291,0,0,5,0,0,8,17,16,26,0,0,0,28,26,31,29,29,30,31,31,29,28,26,19,1,0,0,0,1,0,0,0,0,0,1,0,42.865,54.81,83.353,97.449,111.153,117.427,128.884,116.959,103.053,86.101,55.812,42.504,0,0,0,10.075,34.941,115.673,127.176,115.712,98.285,79.364,0,0,66,63,65,64,64,66,65,64,59,50,54,60,9.44,10.32,8.39,2.08,1.15,-6.87,-8.02,-7.99,-8.8,-9.14,5.01,0.2,16.3,18.5,21.1,21.7,4.7,7.1,9.8,6.5,10.5,12.8,15.4,14.1,396,317,5,142,-28.4,19,29,9.4,13,2,0,1,464,698,960,816,681,512,278,404,0,5,41,26,79,89,91,83,1,1,0,1,139,292,363,245,0,45,359,178,63,64,65,54,19.96,11.62,-22.89,-12.92,13.1,16.4,8.5,7.8,837,86,27.6,191,18,2908,1914,72,336,59,326,267,2,-10.2,34.8,7.2,1039,581,61,-4.22,1288
1906,2275918,NA,37.42756,-122.17152,-9999,15.4,17.1,16.5,20.5,20.9,25.9,29.3,26.5,26.6,25.5,18.2,14.6,4.7,8.2,7.2,7.2,8.9,10.3,12.1,11.7,10.5,8.6,5.8,5.7,10.1,12.7,11.8,13.8,14.9,18.1,20.7,19.1,18.5,17.1,12,10.1,114,99,163,28,34,10,0,1,7,4,62,212,-53.1,10.2,15.7,22.5,15.2,23.9,24.8,26.4,38.2,16.2,-27.2,-43.1,5,2,2,0,0,0,0,0,0,0,1,5,152,199,199,258,309,393,486,437,406,374,201,155,250,156,196,139,115,43,11,26,42,67,185,241,0,3,0,6,9,48,95,60,58,27,0,0,27,28,30,29,31,30,31,31,30,30,27,29,1,0,0,0,0,0,0,0,0,0,0,1,41.668,49.651,70.589,108.719,124.292,156.784,178.384,144.005,118.951,92.818,49.352,34.629,0,0,0,80.347,90.07,146.347,177.905,143.252,111.916,89.068,0,0,66,71,70,59,63,55,51,57,53,51,61,61,5.92,4.21,10.82,-5.2,-4.49,-10.5,-14.4,-11.67,-11.48,-11.26,-0.64,16.37,15.7,19.3,27.2,23.4,5.1,7.8,11.4,8.3,10.4,13.5,19.3,15.9,253,226,12,73,-28.7,17.8,25,9.1,15,3,0,1,461,766,1315,981,704,450,79,295,3,15,202,85,76,90,92,87,1,0,0,0,129,304,479,261,0,170,468,201,66,64,54,55,26.5,1.12,-36.58,-23.37,14.9,20.7,10.1,10.6,735,53,33.9,390.6,16,3568,1472,306,353,29,345,315,1,-8.2,38.5,5.8,1173,839,61,-32.33,1888
1906,5504847,NA,37.6553,-122.0567,-9999,14.4,16.3,15.3,18.8,18.7,23.4,27.4,24.8,25.3,24.1,17.7,13.4,4.5,8,7.1,7.3,8.8,10.5,12.4,12.1,11,9.3,6.2,5.8,9.5,12.1,11.2,13,13.8,17,19.9,18.5,18.1,16.7,12,9.6,146,111,205,43,45,19,0,1,7,3,72,232,-52.4,9.7,14.7,21,19,22.2,28,27.6,38.8,16.6,-26.9,-42.6,6,3,3,1,0,0,0,0,0,0,1,5,137,185,181,235,275,358,462,418,394,363,199,141,269,169,213,161,145,62,16,34,48,74,187,258,0,2,0,3,3,31,76,48,52,23,0,0,27,28,30,29,31,30,31,31,30,31,28,29,1,0,0,0,0,0,0,0,0,0,0,1,38.718,46.549,64.767,98.481,108.454,137.816,162.57,130.674,110.334,85.887,47.078,31.171,0,0,0,55.281,63.524,118.6,162.116,129.64,103.427,82.753,0,0,68,73,73,64,69,61,57,62,58,56,64,64,9.73,5.79,15.58,-2.65,-2.01,-7.49,-12.4,-10.05,-10.23,-10.1,0.7,19.02,14.7,17.6,25.2,22.4,5,7.7,11.7,8.8,9.8,12.7,18.4,15.6,299,293,21,82,-28.4,18.2,25.9,9.5,17,3,0,1,418,692,1237,956,752,519,112,308,2,6,155,75,76,90,92,88,2,0,0,0,120,272,431,243,0,119,410,186,69,69,60,59,34.54,10.92,-29.94,-19.62,14.3,19.9,9.5,10.4,885,73,27.4,274.4,18,3348,1636,237,354,26,348,321,2,-9,37.1,6.3,1066,715,65,-4.1,1700
1906,1176,NA,34.03974,-118.589581,-9999,18.7,19,17.5,18.5,17.9,22.4,25.3,24.6,25,26.1,20.1,17.9,8.3,11,10.1,10.4,12.5,14.8,17.6,16,15.4,13.4,9.9,10.8,13.5,15,13.8,14.4,15.2,18.6,21.5,20.3,20.2,19.8,15,14.4,101,86,182,28,34,1,0,1,7,3,69,173,-54.3,10.4,14.7,18.1,26.7,18.6,38.6,31.4,41.6,18.3,-26.8,-43.5,2,1,1,0,0,0,0,0,0,0,0,1,249,265,258,279,318,407,510,474,455,457,289,275,151,100,144,123,107,36,8,15,25,29,110,131,8,13,6,8,10,56,114,87,90,71,11,13,31,28,31,30,31,30,31,31,30,31,30,31,0,0,0,0,0,0,0,0,0,0,0,0,53.211,55.961,72.474,89.917,85.637,113.599,124.19,117.97,102.438,95.534,56.297,41.449,0,0,0,61.726,51.152,112.799,124.097,117.034,95.322,92.884,0,0,67,75,76,75,83,77,77,74,71,63,68,64,3.5,2.54,12.84,-3.06,-1.42,-7.14,-8.44,-8.47,-8.44,-10.6,-0.22,11.88,18.9,17.9,24.1,23.8,9,11,16.1,12.9,13.9,14.5,20.1,18.3,202,245,2,79,-29.1,19.8,29.5,11.1,5,2,0,0,758,855,1391,1200,409,373,59,165,28,23,257,172,90,92,92,91,0,0,0,0,160,248,356,254,36,113,354,188,69,78,76,67,17.92,8.35,-24.05,-19.26,16.8,21.5,13.5,7.9,686,43,39.1,494.1,6,4235,978,487,365,0,362,362,0,0.7,38.9,7.8,1018,691,74,-17.03,2472
1906,3904095,NA,34.533002,-117.283871,-9999,14.9,16.6,19.8,20.8,24.3,32.1,37.3,34.8,31.2,28.2,16.9,13.7,-0.9,3.5,3.3,5.3,9.1,13.2,18.3,15.8,12,7.2,1.2,0.8,7,10.1,11.6,13.1,16.7,22.7,27.8,25.3,21.6,17.7,9.1,7.3,20,18,68,14,12,3,4,2,4,2,18,49,-54,13.8,21.7,24.6,16.8,26.8,28.4,29.9,41.1,16.9,-27,-43.8,11,4,2,1,0,0,0,0,0,0,3,10,93,150,206,242,363,529,705,628,498,393,136,95,344,218,204,160,73,7,0,1,16,56,269,330,0,0,4,8,31,145,304,227,124,44,0,0,13,22,24,27,31,30,31,31,30,30,18,17,0,0,0,0,0,0,0,0,0,0,0,1,50.847,60.131,99.437,119.082,151.191,198.082,226.466,196.421,148.772,114.692,56.113,42.743,31.277,41.931,31.222,105.422,138.765,195.157,222.238,194.894,144.604,112.577,38.44,0,50,59,50,53,55,48,50,49,47,42,51,47,-3.41,-5.12,-2.28,-8.12,-10.25,-18.71,-24.49,-21.72,-17.85,-15.78,-5.33,0.11,15.4,21.7,34.7,25.5,0,5.9,15.8,6.8,7.7,13.8,25.3,16.1,47,94,9,24,-28,21,28.4,10.3,30,3,0,3,312,811,1863,1027,932,437,9,341,0,42,677,168,43,82,92,77,1,0,0,0,158,370,621,320,111,275,612,296,52,53,49,47,-8.42,-20.65,-64.93,-38.96,15.8,27.8,7,20.8,213,25,121.1,1100.7,32,4038,1679,887,304,93,312,220,1,-19.6,45.5,7.9,1468,1295,51,-132.96,2413
1906,3440200,NA,35.098215,-120.579118,-9999,17.6,18.9,18,18,16.8,19.3,22.5,21.2,21.8,23,19.7,19.2,4.6,7.7,7.2,6.7,8.6,8.7,11.5,11.5,10.7,8.1,5.8,6.7,11.1,13.3,12.6,12.4,12.7,14,17,16.3,16.2,15.6,12.8,12.9,72,121,172,24,40,2,0,1,4,4,64,131,-54.8,12.4,17.6,21.3,22.8,20.8,35.7,30.2,40.4,18,-27.5,-44.7,4,2,2,1,0,0,0,0,0,0,1,2,174,213,218,217,244,268,373,352,338,328,221,229,215,141,177,180,174,129,54,72,80,99,166,168,0,3,0,0,0,8,23,20,28,8,0,4,27,28,30,29,30,30,31,31,30,30,27,30,0,0,0,0,0,0,0,0,0,0,0,0,52.765,60.929,82.57,98.641,97.491,115.989,131.357,110.995,96.394,89.455,58.754,50.354,0,0,0,74.191,57.708,114.471,131.315,109.844,92.011,85.246,0,0,59,65,66,64,74,67,66,70,66,55,57,54,0.43,5.22,10.77,-4.11,-1.39,-6.69,-8.38,-7.3,-7.6,-9.3,-1.4,5.84,18,17.6,21,21.5,5,7.5,10.5,8.2,11.5,12.6,15.8,14.9,211,236,3,73,-29,20.5,28.9,10.3,10,3,0,1,535,678,993,887,599,531,255,345,3,0,51,36,77,89,92,87,0,0,0,0,163,279,358,245,31,132,356,177,59,68,68,60,11.49,5.27,-22.36,-18.3,13.9,17,11.1,5.9,636,47,37.6,362.5,11,3173,1654,94,353,25,346,321,1,-8.6,35.5,7.7,1045,696,64,-23.9,1499
1906,3425410,NA,37.898448,-122.313558,-9999,14.4,16.6,15.5,18.5,17.3,20.6,23.3,21,22.6,23.3,17.9,13.5,5.8,9.3,8.4,8.7,9.8,11.5,12.7,12.5,11.5,10.1,7.6,7,10.1,12.9,11.9,13.6,13.6,16.1,18,16.8,17.1,16.7,12.8,10.3,174,123,187,38,44,15,0,1,8,3,64,205,-51.9,9,13.6,19.3,22.3,20.5,34.4,29.7,39.3,17,-26.6,-42.3,5,2,2,0,0,0,0,0,0,0,1,4,149,204,198,251,269,332,403,366,362,363,221,155,250,149,194,146,151,80,37,63,65,74,166,238,0,3,0,4,2,22,36,24,37,21,0,0,29,28,31,30,31,30,31,31,30,31,29,31,1,0,0,0,0,0,0,0,0,0,0,1,36.719,44.613,61.175,91.811,93.484,113.035,129.85,101.488,93.924,80.23,45.148,29.034,0,0,0,53.962,49.962,97.539,129.561,100.812,85.843,77.052,0,0,72,76,77,69,76,72,68,74,66,60,68,67,12.65,7.26,14.06,-2.56,-0.97,-5.43,-8.57,-6.85,-7.64,-9.07,0.12,16.43,14.9,17.1,21.6,21.3,6.2,9,12.2,9.7,10.5,13,16.9,15.5,341,269,16,75,-28.4,18.4,28.2,9.9,14,3,0,1,465,718,1100,946,689,491,179,305,3,6,82,58,82,92,92,90,1,0,0,0,115,246,344,219,0,104,328,163,72,74,71,65,36.34,10.53,-20.85,-16.58,14.1,18,10.1,7.9,862,68,28,264.1,15,3271,1612,149,361,5,355,349,2,-6.4,34.6,7,925,595,71,9.43,1613
1906,231694,NA,36.950879,-122.066217,-9999,16.3,17.6,16.9,18.3,17.5,21.4,23.8,21.4,22.7,23.8,19,15.9,3.9,7.4,6.4,6,7.9,8.5,10.9,10.4,9.2,7.1,4.5,4.9,10.1,12.5,11.7,12.2,12.7,15,17.3,15.9,16,15.5,11.8,10.4,157,160,223,39,59,15,2,1,11,6,95,310,-54,11.2,16.9,21.9,20,22,32.2,28.9,39.2,16.8,-27.7,-43.8,5,2,2,1,0,0,0,0,0,0,1,4,148,191,191,210,243,298,383,338,329,326,191,158,250,161,201,185,175,106,47,82,86,100,192,234,0,1,0,0,0,13,27,16,26,9,0,0,25,28,30,28,30,30,31,31,29,30,25,28,1,0,0,0,0,0,0,0,0,0,0,1,45.817,53.562,75.743,99.711,104.04,130.697,141.752,114.197,102.219,89.549,54.016,39.736,0,0,0,60.953,44.702,116.178,140.153,113.009,91.685,83.838,0,0,61,68,67,62,70,61,61,66,59,51,55,55,9.58,9.93,16.38,-2.99,0,-6.88,-9.39,-7.73,-8.1,-9.98,1.89,25.35,16.5,17.6,22.2,21.9,4.2,6.8,9.9,6.9,10.4,12.2,16.1,14.4,375,321,17,111,-28.9,19.6,27.7,9.4,14,3,0,1,450,644,1020,846,702,561,235,379,1,0,56,34,72,88,91,84,1,1,0,1,142,279,387,246,0,106,369,176,61,66,63,55,44.86,13.39,-24.01,-16.19,13.4,17.3,10.1,7.3,1077,87,21.7,198.9,16,3007,1820,92,344,46,334,288,3,-10.2,34.8,7,1054,651,62,18.05,1373
1907,2275918,NA,37.42756,-122.17152,-9999,12.9,18,15.9,21.1,22.1,24.4,25.9,25.7,24.6,22.7,19.2,15.3,4.9,9,6.5,8.5,8.7,10.6,11.5,11.6,9.9,10.1,5.6,5.8,8.9,13.5,11.2,14.8,15.4,17.5,18.7,18.7,17.2,16.4,12.4,10.6,169,92,262,23,5,11,1,1,3,67,6,140,-51.2,10.3,15.8,21.8,13.2,25,29.3,26.8,38.7,17.4,-27.6,-43.4,7,2,3,0,0,0,0,0,0,0,1,4,123,221,181,286,325,375,426,424,368,353,212,165,285,136,213,115,101,52,27,31,61,81,176,229,0,5,0,11,13,39,49,52,39,19,0,0,27,28,30,30,30,30,31,31,30,31,27,29,1,0,0,0,0,0,0,0,0,0,0,0,34.552,51.136,69.451,108.827,133.428,145.086,155.263,139.116,109.423,78.773,52.402,36.529,0,0,0,86.058,127.996,134.285,154.747,137.986,105.925,11.432,46.664,0,74,71,70,61,59,59,58,58,57,62,58,71,12.93,3.28,20.87,-5.85,-8.32,-9.06,-11.23,-10.95,-10.16,-2.17,-6.96,8.81,15.2,19.7,25.4,22.2,6.5,7.9,11.2,8.5,10.8,13.8,18.3,15.3,473,290,12,77,-28.1,16.9,27,9.5,13,3,0,1,498,792,1224,932,662,428,110,318,5,24,140,58,84,90,92,88,2,0,0,0,120,312,439,241,0,214,427,164,72,64,58,59,25.02,6.7,-31.24,-19.28,14.6,18.7,8.9,9.8,781,21,31.5,875.9,17,3457,1505,227,354,25,347,322,3,-8.2,38.5,6.3,1112,805,63,-18.81,1787
1907,5504847,NA,37.6553,-122.0567,-9999,11.8,16.9,14.3,19.5,20,22.2,24,24,23,21.5,18.9,14.1,4.5,8.7,6.3,8.5,8.8,10.5,11.6,11.9,10.3,10.7,5.8,5.9,8.1,12.8,10.3,14,14.4,16.3,17.8,17.9,16.7,16.1,12.3,10,199,118,313,32,7,19,1,1,3,67,6,156,-50.4,9.7,14.6,20.5,16.9,23.2,32.6,28,39.3,17.8,-27.5,-42.9,8,2,4,0,0,0,0,0,0,0,1,5,104,203,157,262,294,339,398,401,351,345,210,151,310,152,241,135,128,75,39,41,72,86,178,245,0,3,0,7,6,24,34,39,33,16,0,0,27,28,29,30,31,30,31,31,30,31,27,29,2,0,1,0,0,0,0,0,0,0,0,1,31.683,47.331,62.326,99.09,117.511,129.095,140.07,125.752,99.737,71.948,50.72,32.911,0,0,0,67.526,110.721,109.679,139.558,124.478,96.889,4.525,44.452,0,76,74,74,66,65,64,63,64,62,67,59,75,16.56,6.38,26.62,-3.96,-6.65,-6.53,-9.58,-9.39,-8.9,-1.18,-6.7,10.94,14,17.9,23.4,21.1,6.3,7.8,11.3,9,10.2,12.9,17.4,15,549,351,21,77,-27.9,17.3,27.9,9.9,16,4,0,1,447,713,1138,905,720,505,155,335,3,13,97,49,84,90,92,88,3,1,0,0,110,279,395,222,0,178,374,146,75,68,64,63,33.88,16.01,-25.49,-16.78,13.9,17.9,8.1,9.8,922,31,25.9,581.5,20,3214,1702,162,353,23,350,327,4,-9,37.1,6.8,1006,698,67,7.62,1580
1907,1176,NA,34.03974,-118.589581,-9999,15.8,22,18.5,19.3,19.3,21.5,25,23.5,23.7,21.8,21.8,19.5,8.7,11.8,9.1,12,11.3,12.8,15.3,15,13.2,15.1,10.3,10.1,12.2,16.9,13.8,15.7,15.3,17.2,20.1,19.3,18.4,18.4,16.1,14.8,290,95,158,17,3,3,0,1,1,43,24,81,-51.8,11.8,16.5,17.3,22.9,20.5,37,31.5,41.7,19.8,-27.3,-44.2,3,1,1,0,0,0,0,0,0,0,0,1,210,317,258,314,321,365,469,442,403,416,320,289,186,65,144,93,104,58,14,24,44,45,87,119,4,29,6,16,11,34,81,64,57,45,20,17,31,28,31,30,31,30,31,31,30,31,30,31,1,0,0,0,0,0,0,0,0,0,0,0,42.07,66.918,81.871,89.255,105.631,116.53,134.963,114.083,101.635,67.23,61.418,48.523,0,0,0,72.122,102.341,113.378,134.901,112.917,100.643,24.412,36.991,0,77,69,70,77,75,73,71,74,68,79,65,78,24.21,1.63,9.55,-4.26,-5.86,-6.92,-9.13,-7.92,-8.67,-2.37,-5.75,1.4,18.5,19.1,23.3,22.4,10.4,10.8,14.4,12.9,14.5,14.9,18.9,17.6,558,179,4,68,-28.1,18.9,29.7,11.4,5,1,0,0,802,894,1276,1138,382,341,96,175,46,32,179,122,90,92,92,91,1,0,0,0,150,277,366,230,0,174,361,162,74,74,73,71,27.25,-0.57,-23.97,-16.79,16.5,20.1,12.2,7.9,717,9,37,2323.1,6,4123,982,382,365,0,365,365,1,0.7,38.9,8,1023,698,72,-14.07,2364
1907,3904095,NA,34.533002,-117.283871,-9999,11.2,20.4,18.4,22.6,26.9,31.3,36.8,34.3,31.7,24.3,20.1,16,-0.5,5,2.7,7.3,9.8,11.6,16.2,14.5,10.1,9.2,2.2,-0.4,5.4,12.7,10.5,14.9,18.3,21.5,26.5,24.4,20.9,16.7,11.1,7.8,38,22,46,6,3,6,2,1,1,24,2,21,-51.7,14.9,21.2,24.2,14.4,28.4,28.1,29.9,40.7,18.1,-27.9,-44.4,18,2,3,0,0,0,0,0,0,0,2,9,62,213,179,296,413,493,665,601,476,364,185,108,395,155,234,111,45,12,1,2,20,73,208,313,0,5,2,17,52,110,264,201,107,32,2,0,14,25,23,29,31,30,31,31,30,31,20,14,1,0,0,0,0,0,0,0,0,0,0,0,40.821,71.562,93.8,125.154,167.889,196.368,229.351,196.748,154.741,94.614,64.426,49.356,3.178,49.504,47.38,119.455,164.663,190.306,227.717,195.686,153.908,70.508,62.158,28.733,61,53,52,54,51,46,46,47,42,55,47,59,0.46,-7.04,-3.61,-9.83,-13.53,-17.9,-24.91,-21.62,-19.41,-9.01,-9.31,-4.18,15.1,22.6,34.2,25.4,1.8,6.6,14.1,7.2,8.4,14.6,24.1,16.3,108,55,9,27,-27.1,19.9,28.8,10.3,30,4,0,2,371,888,1759,1025,880,390,15,301,5,71,574,141,56,83,92,81,2,0,0,0,155,387,622,314,53,331,614,287,58,52,46,48,-10.76,-26.97,-64.43,-37.74,15.9,26.5,5.4,21.1,172,13,150.9,2068.3,34,4056,1568,792,308,79,317,239,2,-19.6,45.5,8,1478,1284,50,-139.91,2417
1907,3440200,NA,35.098215,-120.579118,-9999,16.3,20,18.9,18.5,18.5,19.6,20.5,20,20.1,20.3,19.4,18,4.6,8.3,6.9,8,8.9,9.9,10.7,10.6,10.1,11.2,7.1,6.5,10.5,14.2,12.9,13.3,13.7,14.8,15.6,15.3,15.1,15.7,13.2,12.3,285,82,125,14,4,2,0,1,4,90,4,75,-53.9,12.6,18.5,20.4,20.2,22,38.1,30.5,40.6,19.2,-27.2,-44.4,4,1,2,1,0,0,0,0,0,0,1,3,157,237,226,243,273,292,330,321,304,333,233,208,238,118,169,155,147,110,85,95,106,95,155,185,0,6,0,1,0,12,12,12,19,9,0,1,27,28,30,29,31,30,31,31,30,31,29,30,1,0,0,0,0,0,0,0,0,0,0,0,48.866,64.007,87.604,97.71,109.458,114.148,118.449,105.695,88.205,70.067,55.986,47.32,0,0,0,84.027,105.53,112.496,118.406,104.636,84.194,0,51.615,0,63,64,63,67,69,70,70,71,69,72,62,61,22.53,0.79,5.47,-5.16,-5.95,-6.61,-7.1,-6.72,-6.58,2.21,-6.86,0.88,18.5,18.6,20,19.9,6.6,7.9,10.4,9.5,12.5,13.3,15.2,14.7,499,143,3,99,-28.5,19.7,30.2,10.9,8,2,0,1,622,742,943,870,524,471,291,355,10,1,36,28,85,90,92,89,1,0,0,0,163,295,338,214,0,190,336,136,63,66,70,68,24.2,-5.64,-20.42,-11.23,13.9,15.7,10.5,5.2,686,11,34.8,1470.3,12,3158,1659,72,356,17,354,338,2,-8.6,35.5,8.1,1011,661,67,-13.09,1480
1907,3425410,NA,37.898448,-122.313558,-9999,11.5,17.2,14.6,19,18.6,19.6,20.2,20.4,20.5,20.9,19.1,14.2,5.7,10.1,7.4,9.6,9.6,11.1,11.9,12.2,10.9,11.6,7,7,8.6,13.6,11,14.3,14.1,15.3,16.1,16.3,15.7,16.2,13.1,10.6,212,129,297,38,7,15,0,1,3,63,8,143,-49.5,8.8,13.8,18.9,19.7,21.5,39,29.8,39.6,18.2,-27.4,-42.6,7,2,3,0,0,0,0,0,0,0,1,4,112,223,173,271,285,310,344,351,322,349,230,164,296,131,218,128,136,97,74,73,92,83,158,227,0,5,0,7,4,16,15,19,23,16,0,0,29,28,30,30,31,30,31,31,30,31,29,31,2,0,0,0,0,0,0,0,0,0,0,0,28.393,44.801,59.891,92.104,104.281,107.271,108.878,98.945,84.31,66.477,49.58,31.076,0,0,0,54.602,97.643,92.676,108.555,98.259,81.552,3.058,41.295,0,81,77,77,70,72,73,74,74,70,71,62,79,18.09,7.73,25.2,-2.68,-5.5,-4.97,-6.54,-6.57,-6.84,-0.79,-6.35,9.92,14,17.4,20.1,20.2,7.6,8.9,11.7,9.8,10.8,13.1,15.9,15,546,341,16,74,-27.8,17.5,30.1,10.1,14,3,0,1,490,730,1005,900,665,481,243,333,5,12,50,40,87,91,92,89,3,0,0,0,102,256,315,200,0,152,299,126,79,73,74,68,35.73,17.01,-18.09,-13.98,13.7,16.3,8.6,7.7,915,25,26,652.5,17,3134,1712,106,360,5,358,352,3,-6.4,34.6,7.5,874,578,73,20.68,1491
1907,231694,NA,36.950879,-122.066217,-9999,14.4,18.6,17.1,18.9,19,19.9,20.3,20.4,20.8,20.5,19.6,16.7,4.4,7.9,6,7.7,7.7,9.5,10.6,10.6,8.7,8.7,4.7,4.8,9.4,13.2,11.5,13.3,13.3,14.7,15.4,15.5,14.8,14.6,12.2,10.8,286,111,338,23,10,17,2,2,7,96,12,193,-52.5,11.5,17.4,20.8,17.4,23.4,37.5,29.5,39.5,18.1,-27.9,-44.1,6,2,2,1,0,0,0,0,0,0,1,4,131,211,186,242,262,292,324,326,294,299,202,166,270,141,204,155,157,111,90,91,113,123,182,221,0,3,0,2,0,12,11,13,17,2,0,0,26,28,29,29,30,30,31,31,29,30,26,28,2,0,0,0,0,0,0,0,0,0,0,0,40.194,56.124,77.426,98.594,115.279,116.516,116.181,105.962,93.161,73.293,55.462,41.958,0,0,0,76.068,105.402,99.889,114.56,104.014,85.707,0,43.918,0,68,66,65,65,65,68,70,70,63,64,55,65,23.78,4.48,27.64,-4.57,-5.91,-5.37,-6.83,-6.84,-7.11,1.94,-6.8,13.16,16.3,18.3,20.2,20.3,5.8,7.1,10.2,7.4,11,12.7,15.2,13.9,707,370,20,115,-28.4,18.5,30.1,9.9,12,3,0,1,498,691,942,795,645,516,292,418,3,2,36,19,82,88,92,85,3,0,0,0,136,291,339,222,0,181,318,130,66,65,69,60,41.42,17.15,-19.04,-11.98,13.2,15.5,9.4,6,1095,38,21.2,412.7,16,2937,1858,59,347,37,337,300,4,-10.2,34.8,7.5,988,630,65,27.57,1298
1908,2275918,NA,37.42756,-122.17152,-9999,14.8,15.2,19.1,21.9,22,24.2,27.6,25.5,26.4,22.1,17.8,12.4,5.7,4.9,4.7,6.8,7,8.5,11.3,10.7,10.4,7.3,6.2,2.9,10.3,10.1,11.9,14.3,14.5,16.3,19.5,18.1,18.4,14.7,12,7.7,98,91,40,22,13,1,0,1,7,33,64,86,-52.3,11.3,19.9,23.8,12.4,26.6,26.7,26.7,38.3,17.2,-26.9,-42.9,5,4,2,0,0,0,0,0,0,0,1,9,159,138,202,273,297,339,449,407,402,301,202,95,244,218,194,126,126,75,19,39,44,121,186,318,0,0,1,9,7,24,66,42,56,6,0,0,29,25,27,29,30,30,31,31,30,30,28,23,0,0,0,0,0,0,0,0,0,0,0,1,38.657,48.819,88.625,117.472,137.168,149.988,168.311,139.727,117.972,81.125,47.848,32.724,0,0,48.492,95.712,124.171,148.611,167.843,138.859,110.693,48.204,0,0,71,67,56,55,55,54,53,57,54,56,63,69,4.86,3.76,-3.66,-6.94,-7.88,-10.43,-12.91,-10.98,-11.27,-5.87,-0.19,4.88,15.1,21,25.8,22.1,5.5,6.2,10.2,8,10.3,13.6,18,15,330,75,3,104,-28,18.7,26.7,9.5,13,3,0,1,464,771,1195,905,691,446,132,351,0,17,131,62,83,86,91,87,1,0,0,0,124,343,458,247,0,268,455,159,69,55,55,58,13.5,-18.48,-34.32,-17.33,14,19.5,7.7,11.8,457,23,52.5,847.2,22,3263,1710,211,341,54,337,283,1,-8.2,38.5,6.7,1172,883,59,-56.63,1631
1908,5504847,NA,37.6553,-122.0567,-9999,13.6,14.1,18.1,20.4,19.9,22.2,26.2,23.9,24.9,20.8,17.5,11.1,5.5,4.6,4.7,6.9,7.2,8.6,11.8,11.1,11,8,6.4,3.1,9.6,9.4,11.4,13.7,13.5,15.4,19,17.5,18,14.4,11.9,7.1,136,104,44,25,18,3,0,1,7,31,79,103,-51.5,10.7,19,22.6,15.8,24.6,29.3,27.8,38.9,17.6,-26.7,-42.3,6,5,3,0,0,0,0,0,0,0,1,10,141,123,188,254,268,312,434,387,389,292,199,82,266,237,208,144,152,95,24,49,50,129,188,335,0,0,0,6,3,16,55,32,49,5,0,0,28,25,27,29,30,30,31,31,30,30,28,24,1,0,0,0,0,0,0,0,0,0,0,1,35.357,45.329,83.497,108.582,122.112,135.628,156.046,127.532,108.464,74.365,46.065,28.963,0,0,39.71,83.733,103.615,133.022,155.547,126.477,101.003,43.216,0,0,73,69,58,59,61,59,58,62,59,61,65,73,9.22,5.67,-2.7,-5.64,-5.83,-8.77,-11.48,-9.55,-9.86,-5.02,1.57,7.27,14,19.5,24.1,21.1,5.3,6.3,10.5,8.4,9.6,12.9,17.3,14.8,395,87,4,118,-27.7,19.2,27.2,9.9,16,3,0,1,416,710,1133,880,749,504,168,367,0,9,103,54,82,86,91,88,2,0,0,0,114,314,419,229,0,227,415,144,72,59,59,61,22.16,-14.17,-29.8,-13.31,13.4,19,7.1,11.9,552,30,42.4,630.3,26,3068,1878,166,342,51,340,289,2,-9,37.1,7.2,1076,786,63,-35.12,1472
1908,1176,NA,34.03974,-118.589581,-9999,19,17.4,20.4,21.2,19.5,21.3,25,24.8,24.6,22.2,20.1,17.8,8.5,8.2,9,10.9,9.3,11.2,14.6,16,14.7,11,9,7.2,13.7,12.8,14.7,16,14.4,16.2,19.8,20.4,19.6,16.6,14.6,12.5,126,146,44,41,11,0,0,4,30,12,48,53,-54.4,11.4,18.2,20.1,21,22.4,36.5,31.3,41.6,19,-26.9,-44.2,2,2,1,0,0,0,0,0,0,0,0,2,256,204,283,325,294,336,460,477,439,359,275,219,145,152,122,85,128,77,16,14,30,76,121,179,9,3,10,19,5,23,74,90,79,19,8,4,31,28,31,30,31,30,31,31,30,31,30,31,0,0,0,0,0,0,0,0,0,0,0,0,53.789,56.223,92.462,106.787,115.766,122.025,138.748,118.655,102.404,82.262,57.626,47.889,0,0,48.195,65.606,104.832,121.605,138.674,115.143,72.83,70.184,9.687,0,67,71,65,68,68,69,69,74,70,66,66,71,5.86,8.77,-3.12,-3.46,-5.78,-7.52,-9.43,-8.3,-6.1,-7.12,-2.53,-1.04,18.6,20.3,23.7,22.3,9,9.7,14,11.6,13.8,15,18.8,16.9,353,96,4,90,-29.1,19.8,30.1,11.2,5,1,0,1,748,902,1273,1073,416,335,108,227,29,34,187,106,90,92,92,91,0,0,0,0,159,315,379,242,0,219,375,153,69,67,70,67,13.59,-12.35,-25.25,-15.74,15.9,20.4,12.5,7.9,515,45,50.4,458.3,8,3928,1146,343,364,0,363,363,0,0.7,38.9,8,1095,747,68,-39.75,2189
1908,3904095,NA,34.533002,-117.283871,-9999,15.2,15.2,20.1,25.2,25.7,32.8,37.7,35.6,32,24.1,19.3,14,-0.5,-0.2,2.4,5.3,6.4,10.5,15.9,16,12.7,5,1.3,-2.4,7.3,7.5,11.3,15.2,16,21.6,26.8,25.8,22.4,14.5,10.3,5.8,34,34,16,11,8,1,4,6,25,8,6,10,-54.1,15.2,22.5,27.3,14.6,30.8,27.4,29.7,40.9,17.8,-27.7,-44.1,11,9,3,0,0,0,0,0,0,0,2,15,99,94,198,306,344,498,674,643,520,297,166,66,335,289,211,103,86,11,1,1,12,124,232,376,0,0,3,19,25,115,273,242,142,13,0,0,14,13,22,27,29,30,31,31,30,27,18,9,1,0,0,0,0,0,0,0,0,0,0,0,51.362,59.245,101.889,144.135,166.571,209.673,237.449,202.409,152.051,99.532,62.797,45.523,17.019,25.599,85.455,133.111,158.686,208.933,233.643,196.761,127.494,92.011,57.175,35.353,51,52,47,44,45,41,43,48,47,45,46,49,-2.15,-2.29,-7.85,-12.15,-12.69,-20.79,-26.39,-22.62,-16.66,-11.53,-8.58,-3.64,15.5,23.6,35.4,25.1,-0.4,4.7,14.1,6.3,7.6,14.2,24.7,15.7,89,35,10,38,-27.7,21.4,29.3,10.3,28,3,0,2,301,848,1815,983,937,401,13,369,0,47,630,155,40,79,92,75,1,0,0,0,160,413,650,314,71,377,639,277,50,45,44,46,-8.08,-32.68,-69.8,-36.77,15.4,26.8,5.8,21,161,43,157.3,628.6,40,3906,1783,832,281,106,308,202,1,-19.6,45.5,8.3,1536,1365,46,-147.33,2318
1908,3440200,NA,35.098215,-120.579118,-9999,17.8,17,19.7,19.4,17.9,18.4,21.7,21.4,20.9,20,19.1,17,5.7,5.5,5.8,7.3,6.1,8,10.5,11.5,10.3,7.2,5.4,2.8,11.7,11.2,12.7,13.3,12,13.2,16.1,16.5,15.6,13.6,12.3,9.9,131,146,13,30,15,1,0,2,26,16,43,26,-54.5,12.6,20.1,22,19.1,24.1,36.2,30.1,40.5,18.7,-27.4,-44.5,3,3,2,0,0,0,0,0,0,0,1,5,189,161,223,245,222,244,345,356,319,269,207,145,199,193,173,153,194,146,73,70,94,149,179,249,2,0,0,2,0,6,15,21,23,0,0,0,29,26,29,29,29,29,31,31,30,30,27,23,0,0,0,0,0,0,0,0,0,0,0,0,51.836,57.583,93.838,105.425,114.525,112.121,128.568,112.64,92.674,78.017,57.422,48.327,0,0,80.636,75.103,99.38,111.215,128.512,111.135,66.547,62.164,14.304,22.107,62,64,57,62,63,67,66,69,67,61,58,64,6.5,8.47,-6.47,-4.26,-5.11,-6.37,-8.02,-7.43,-4.92,-6.13,-3.21,-4.05,17.6,19,20.5,20,5.9,6.4,10,7.6,11.8,12.7,15.2,13.8,352,59,2,85,-28.8,20.4,30.1,10.6,9,2,0,1,560,690,945,795,577,520,289,422,4,2,41,23,85,87,91,86,1,0,0,0,157,314,353,228,0,255,351,143,63,61,67,62,10.92,-15.84,-21.81,-14.26,13.2,16.5,9.9,6.5,450,44,51.5,376.1,15,2926,1872,67,342,54,338,284,1,-8.6,35.5,8.1,1052,749,63,-40.99,1283
1908,3425410,NA,37.898448,-122.313558,-9999,13.5,14.5,18.7,20.1,18.6,20.2,22.6,20.3,22.7,20.2,17.3,11.3,6.5,5.8,5.9,8.2,8.2,9.4,12.1,11.3,11.4,8.8,7.5,4.2,10,10.2,12.3,14.1,13.4,14.8,17.3,15.8,17,14.5,12.4,7.7,145,126,40,25,18,3,0,1,7,34,83,95,-50.9,10.1,18.5,21.2,18.3,22.6,35.1,29.7,39.3,17.9,-26.3,-42.1,5,4,2,0,0,0,0,0,0,0,1,9,149,138,210,266,265,293,383,336,362,296,211,94,253,216,185,132,155,110,47,84,65,125,176,316,0,0,1,7,2,12,27,15,37,4,0,0,30,26,29,30,30,30,31,31,30,30,29,26,1,0,0,0,0,0,0,0,0,0,0,1,32.962,44.267,83.548,103.089,110.027,118.105,126.978,101.354,94.58,69.577,43.399,27.563,0,0,43.21,77.949,91.987,115.537,126.655,100.676,87.307,35.106,0,0,77,72,60,63,67,67,68,72,66,65,69,76,10.33,7.77,-3.1,-5.01,-4.76,-7,-8.22,-6.72,-7.8,-3.95,2.37,6.45,14.1,19.1,21,20,6.4,7.4,10.9,9.3,10.3,13.3,16,14.6,414,84,4,124,-27.6,19.3,29.1,10.3,13,2,0,1,453,741,1012,869,695,472,241,366,0,10,55,41,87,89,92,89,2,0,0,0,108,297,346,208,0,213,343,122,75,64,69,67,24.55,-12.86,-21.93,-9.38,13.3,17.3,7.7,9.6,577,29,40.3,600.4,22,3003,1863,106,352,27,349,322,2,-6.4,34.6,7.8,959,678,69,-19.63,1389
1908,231694,NA,36.950879,-122.066217,-9999,16,16,19.3,19.5,18.4,19.2,21.2,20.1,22.3,20.2,18.9,14.1,5,4.4,3.8,5.7,5.7,7.1,10.1,9.8,9.1,5.7,5.1,2,10.5,10.2,11.6,12.6,12,13.1,15.7,14.9,15.7,13,12,8,138,140,55,43,19,2,1,1,13,33,89,88,-53.5,12.2,20.9,23.1,17,24.7,35.7,29.4,39.2,17.8,-27.5,-43.6,4,4,2,1,0,0,0,0,0,0,1,8,160,137,189,223,223,243,331,305,321,249,198,99,237,214,203,173,194,147,84,104,92,167,187,307,0,0,0,0,0,6,12,10,23,0,0,0,27,24,26,28,28,29,31,31,29,28,26,21,1,0,0,0,0,0,0,0,0,0,0,1,43.955,52.77,91.758,106.938,116.794,119.504,125.106,107.215,99.975,76.996,52.943,38.25,0,0,37.092,63.729,98.25,117.672,123.744,105.781,86.902,43.998,0,0,65,63,53,58,60,62,66,68,60,56,57,62,8.07,8.17,-2.47,-3.34,-5.09,-6.97,-7.64,-6.94,-7.52,-4.82,1.54,4.23,16.3,19.1,20.2,20.4,4.8,5.1,9,6.7,10.5,12.1,14.6,13.5,471,116,5,135,-28.3,20.3,29.9,9.8,12,3,0,2,466,635,880,768,672,570,335,446,0,0,28,23,79,82,91,84,2,0,0,1,139,315,352,230,0,199,347,131,63,57,65,58,20.46,-10.91,-21.55,-10.8,12.4,15.7,8,7.7,623,36,36,432.9,22,2679,2108,51,329,76,325,248,2,-10.2,34.8,7.9,1036,677,61,-22.79,1098
1909,2275918,NA,37.42756,-122.17152,-9999,14.1,14.6,15.7,21.6,21.9,24.2,26.3,26,25.9,21.9,17.3,13.2,7.8,6,5.3,6.3,6.8,9.9,10.1,10,10.7,9.2,6.6,3.8,10.9,10.3,10.5,14,14.4,17.1,18.2,18,18.3,15.5,11.9,8.5,282,178,101,2,1,1,0,1,21,34,64,192,-50.7,10.1,16.7,24,12.4,26.7,28,26.2,38.4,17.5,-26.6,-43,4,4,3,0,0,0,0,0,0,0,1,7,173,142,163,262,293,361,409,404,399,328,198,112,224,211,234,136,128,60,33,40,46,99,188,292,1,0,0,6,6,32,40,40,54,11,0,0,31,27,28,28,29,30,31,31,30,31,28,25,1,1,0,0,0,0,0,0,0,0,0,1,33.013,45.004,71.604,116.921,137.131,146.049,161.739,145.407,114.955,77.289,45.71,33.705,0,0,0,114.971,136.346,144.753,161.262,144.496,94.453,43.028,0,0,79,72,67,54,55,58,53,53,55,61,66,69,24.11,12.93,4.59,-8.83,-9.09,-10.07,-11.93,-11.7,-9.45,-5.14,0.28,15.04,13.7,19.8,25.5,21.7,5.6,6.2,10,8.8,9.6,13,17.8,15.3,546,104,3,119,-27.9,17.7,27,9.8,17,4,0,1,407,718,1174,924,753,498,134,333,1,12,112,65,81,86,92,89,2,0,0,0,111,326,453,238,0,251,451,137,73,58,55,61,52.08,-13.34,-33.7,-14.31,14,18.3,8.5,9.8,877,24,27.3,763.1,20,3243,1692,191,349,48,347,299,3,-8.2,38.5,6.6,1128,839,62,-9.27,1608
1909,5504847,NA,37.6553,-122.0567,-9999,13.2,13.7,14.6,20,20.1,22.4,24.5,24.4,24.4,20.4,16.5,12.2,7.6,6,5.3,6.4,7,9.9,10.4,10.3,11.2,9.6,6.7,3.9,10.4,9.8,10,13.2,13.5,16.2,17.4,17.3,17.8,15,11.6,8,333,209,118,2,1,2,0,1,22,38,91,216,-49.9,9.4,15.7,22.7,15.3,25,31,27.4,39,18,-26.2,-42.6,5,5,4,1,0,0,0,0,0,0,1,8,160,131,148,240,268,335,386,382,384,311,189,101,240,224,251,156,151,78,45,52,52,113,195,307,0,0,0,3,2,23,28,30,47,7,0,0,31,27,28,28,30,30,31,31,30,31,28,26,2,1,0,0,0,0,0,0,0,0,0,2,30.002,41.331,66.078,107.594,124.477,133.023,147.801,133.271,105.285,69.707,42.874,30.631,0,0,0,105.869,123.595,130.923,147.304,132.113,83.548,32,0,0,82,75,70,58,60,62,58,58,61,66,69,73,29.5,16.59,6.83,-7.81,-7.82,-8.63,-10.35,-10.2,-7.94,-3.68,3.37,18,12.6,18.3,23.8,20.5,5.6,6.2,10.2,9.2,9.1,12.2,17,14.8,645,121,4,150,-27.7,17.9,27.8,10.3,20,4,0,2,371,657,1104,884,800,559,175,360,0,6,81,54,81,86,92,89,4,0,0,1,100,298,414,218,0,229,410,116,77,62,59,65,64.09,-8.8,-29.18,-8.25,13.4,17.8,8,9.8,1032,26,22.6,675.3,23,3037,1865,141,350,45,350,305,4,-9,37.1,7.1,1030,755,66,17.86,1436
1909,1176,NA,34.03974,-118.589581,-9999,18.1,16.4,17.4,19.9,19.3,22.1,23,25.7,24.1,23.3,20.7,16.7,10.3,7.6,8.2,9.8,10.6,13.6,14.5,15.8,14.2,12.7,9.1,8.4,14.2,12,12.8,14.8,14.9,17.9,18.8,20.8,19.1,18,14.9,12.5,260,185,116,4,1,2,0,4,2,18,64,222,-52.9,11.2,16.3,20.1,22.2,21.1,38.9,31,41.7,19,-27.1,-43.6,2,3,2,0,0,0,0,0,0,0,0,2,269,182,228,290,311,386,427,488,423,402,286,220,135,173,171,113,113,46,26,12,35,51,112,179,12,1,2,10,9,44,50,98,69,39,11,5,31,28,31,30,31,30,31,31,30,31,30,31,0,0,0,0,0,0,0,0,0,0,0,0,46.906,53.65,78.421,102.146,109.09,117.719,122.154,128.196,100.773,83.096,59.608,42.454,0,0,0,97.866,108.114,115.768,122.053,123.885,99.192,65.514,0,0,75,72,71,68,73,74,74,70,70,68,64,67,20.33,13.08,5.77,-6.57,-6.3,-7.24,-7.79,-9.22,-8.61,-6.87,-1.33,16.81,17.4,18.9,23.6,22.7,8.4,9.5,14.6,12,12.9,14.2,19.1,17.3,498,121,6,83,-28.5,19.5,30.3,11.2,7,2,0,0,672,828,1301,1111,487,398,85,199,18,21,193,118,90,92,92,91,1,0,0,0,148,290,368,243,0,206,362,165,71,71,73,67,50.22,-7.11,-24.25,-16.82,15.9,20.8,12,8.7,878,9,29.5,2326.4,9,3912,1168,349,365,0,364,364,1,0.7,38.9,8.1,1050,732,71,2.05,2174
1909,3904095,NA,34.533002,-117.283871,-9999,15.7,14.6,16.7,23.6,26.3,33.9,35.7,36.4,30.9,26,18.8,12.1,0.8,1,2.1,5.8,7.6,12.9,15.4,16.2,11.4,5.8,0.9,-2.5,8.2,7.8,9.4,14.7,17,23.4,25.6,26.3,21.1,15.9,9.9,4.8,48,52,24,3,3,2,5,12,6,4,19,68,-54.3,14.2,20.4,26,14.3,30.1,28.7,29.4,41.1,17.4,-27.6,-43.6,8,8,5,0,0,0,0,0,0,0,2,19,120,100,151,290,372,552,636,658,483,339,157,51,306,282,268,117,67,5,1,1,19,91,244,407,0,0,0,16,34,167,236,257,112,24,0,0,17,16,21,28,30,30,31,31,30,28,17,9,1,1,0,0,0,0,0,0,0,0,0,2,51.926,56.157,86.843,133.914,168.75,212.649,222.958,207.44,147.862,106.549,61.653,40.914,3.628,4.027,62.488,131.203,166.206,210.635,218.175,195.564,141.594,102.888,42.392,0,53,57,54,48,47,44,46,47,46,43,46,47,-1.26,-0.08,-4.57,-11.36,-13.59,-21.5,-23.12,-23.15,-17.37,-13.55,-6.87,3.25,14.8,22.2,35.3,25.2,-0.2,5.2,14.8,6,7.3,13.7,25.1,15.6,111,30,19,29,-27.9,20.2,29.4,10.3,31,5,0,3,286,813,1846,978,964,451,7,354,0,50,659,135,42,79,92,75,1,0,0,0,154,390,643,316,43,360,624,287,52,50,46,45,1.91,-29.52,-67.78,-37.79,15.3,26.3,4.8,21.5,246,27,103,955.8,43,3907,1808,845,288,102,305,203,1,-19.6,45.5,8,1502,1314,49,-133.17,2333
1909,3440200,NA,35.098215,-120.579118,-9999,16.8,15.7,16.8,19.3,17.6,19.1,20,21.6,22,21.5,19.1,15.8,7.9,4.7,5.2,6.9,7.9,10,10.7,10.6,10,9.2,7.1,4.2,12.3,10.2,11,13.1,12.7,14.6,15.3,16.1,16,15.4,13.1,10,271,137,114,11,2,1,0,2,1,34,44,198,-53.1,12.4,18.2,22.2,20.9,22.1,38.7,29.8,40.3,18.5,-27.1,-44,3,4,3,1,0,0,0,0,0,0,1,5,209,137,173,237,244,286,322,345,331,322,230,147,183,214,220,161,174,115,92,77,85,104,158,246,3,0,0,0,0,11,10,18,26,6,0,0,31,25,28,29,30,30,31,31,30,31,29,26,1,0,0,0,0,0,0,0,0,0,0,1,45.411,54.334,80.792,105.543,106.189,109.434,115.328,117.249,99.716,80.806,55.023,43.721,0,0,0,94.785,104.158,108.293,115.265,115.642,98.764,46.725,11.265,0,71,65,63,62,69,71,71,66,63,62,63,56,21.58,8.09,5.32,-6.21,-5.8,-6.26,-6.82,-7.81,-8.32,-4.88,-2.73,14.02,16.5,17.9,20.3,20.9,5.1,6.6,10.4,8.8,10.8,12.3,15.3,14.8,435,127,3,79,-28.2,20.4,30.2,10.6,12,4,0,1,490,654,953,884,646,555,284,346,3,0,39,33,79,87,92,89,1,0,0,0,148,293,342,236,22,199,339,157,64,65,69,63,43.69,-6.7,-20.89,-15.93,13.3,16.1,10,6.1,815,6,28.6,2780.2,16,2984,1828,74,350,38,344,307,2,-8.6,35.5,8.2,1018,717,66,0.18,1339
1909,3425410,NA,37.898448,-122.313558,-9999,12.9,14,15.1,19.7,19,20.2,20.9,21,21.8,19.5,16.4,12.3,8.8,7.2,6.5,7.5,7.8,10.6,10.7,10.6,11.7,10.4,8,4.9,10.8,10.6,10.8,13.6,13.4,15.4,15.8,15.8,16.8,15,12.2,8.6,373,221,118,2,1,1,0,1,27,40,107,193,-48.9,8.7,15,21.5,17.4,23.3,36.6,29.1,39.5,18.4,-25.7,-42.3,4,4,3,0,0,0,0,0,0,0,1,7,168,146,169,252,264,312,337,335,354,310,204,113,227,203,225,145,155,95,80,85,70,113,181,289,0,0,0,5,1,16,13,15,34,6,0,0,31,28,30,29,30,30,31,31,30,31,30,28,1,1,0,0,0,0,0,0,0,0,0,1,26.128,39.599,65.111,102.742,113.992,114.025,119.951,109.251,88.686,63.479,39.97,29.151,0,0,0,100.719,113.166,112.527,119.635,108.534,61.648,23.853,0,0,86,78,72,62,65,70,68,68,69,71,73,76,33.92,17.93,6.88,-7.24,-6.82,-6.83,-7.41,-7.43,-5.05,-2.6,5.44,15.76,12.7,18,20.7,19.2,6.7,7.3,10.6,10.1,9.7,12.6,15.7,14.6,689,121,3,174,-27.5,18,29.6,10.7,17,4,0,1,407,685,983,868,746,525,260,364,0,6,44,40,85,89,92,90,3,0,0,1,93,282,343,192,0,214,341,86,80,66,69,71,67.61,-7.18,-21.67,-2.22,13.2,16.8,8.6,8.2,1085,30,21.4,552,20,2964,1868,90,357,24,357,334,3,-6.4,34.6,7.7,910,640,72,36.55,1340
1909,231694,NA,36.950879,-122.066217,-9999,14.9,15.2,16.1,19.4,18.1,19,20.3,20.5,22.2,20.5,18.5,14.4,6.8,4.7,4.2,5.4,6,8.8,9.2,9,9.3,8,5.6,3,10.8,10,10.1,12.4,12,13.9,14.7,14.8,15.7,14.2,12,8.7,435,256,133,5,2,3,1,1,26,35,72,261,-52,11.5,18,23.3,17.7,24.2,36.4,29,39.3,17.9,-27.3,-43.6,4,5,4,1,0,0,0,0,0,0,1,7,167,131,150,216,223,267,299,300,323,288,199,114,227,221,246,179,193,130,108,108,91,132,185,286,0,0,0,0,0,8,7,9,24,0,0,0,30,25,26,27,29,30,31,31,29,30,27,23,2,1,0,0,0,0,0,0,0,0,0,2,38.011,49.669,76.44,107.037,113.962,112.385,121.392,112.315,99.275,74.635,51.31,38.072,0,0,0,102.21,112.258,109.656,120.001,110.951,73.593,39.209,0,0,74,66,62,57,62,68,66,65,61,62,60,61,38.73,20.23,7.35,-7.18,-6.53,-6.34,-7.21,-7.41,-6.17,-4.28,0.16,21.26,14.7,17.8,19.9,20.4,4.5,5.2,9,7.6,9.6,11.5,14.5,14,779,139,5,133,-28,19.7,29.9,10,17,5,0,1,396,590,866,810,755,618,347,408,0,0,25,24,76,82,91,87,3,0,0,1,126,297,346,225,0,214,341,113,67,60,66,61,80.22,-6.35,-20.96,-10.29,12.5,15.7,8.7,7.1,1229,33,18.3,478.7,21,2677,2108,48,339,68,335,267,4,-10.2,34.8,7.9,995,668,64,42.61,1097
1910,2275918,NA,37.42756,-122.17152,-9999,12.2,15.6,18.8,21.9,24.2,24.4,26.2,25.6,24.8,23.9,18,16.3,3.3,4.7,7.5,7.5,9.3,8.7,10.8,9.3,9.4,8.8,6.1,4.9,7.8,10.1,13.2,14.7,16.7,16.5,18.5,17.4,17.1,16.4,12.1,10.6,159,64,109,25,1,2,0,1,8,53,31,89,-51.2,11.7,17.5,23.2,10.4,26.3,28.5,26.3,38.6,16.7,-27,-43.9,9,4,1,0,0,0,0,0,0,0,1,4,97,139,238,284,365,345,419,385,362,353,202,167,321,216,161,116,72,71,29,50,65,80,185,226,0,0,4,11,25,26,45,32,37,19,0,0,24,25,30,29,31,30,31,31,29,30,28,28,2,0,0,0,0,0,0,0,0,0,0,0,34.815,50.456,81.796,115.88,146.283,150.949,159.282,144.315,111.56,86.234,48.389,39.943,0,0,0,90.423,145.395,148.822,158.815,143.591,103.368,32.928,17.028,0,71,65,65,57,56,54,55,53,55,55,63,69,12.29,0.79,4.01,-6.4,-10.28,-10.49,-11.67,-11.51,-10,-4.92,-3.52,2.92,13.7,21.6,25.4,22.2,3.9,8.1,9.6,8.1,8.8,14.9,17.5,15.2,415,135,3,93,-27.8,17,27,9.5,21,2,0,1,349,887,1149,917,829,349,150,330,0,40,103,56,74,90,91,88,4,0,0,0,119,344,455,246,0,236,451,153,68,59,54,58,16,-12.68,-33.67,-18.44,14.3,18.5,7.8,10.7,543,12,44.7,1491.4,21,3356,1593,199,346,36,340,304,4,-8.2,38.5,6.4,1164,840,59,-48.79,1713
1910,5504847,NA,37.6553,-122.0567,-9999,11,14.5,17.9,20.3,22.3,22.3,24.5,24,23.2,22.6,17.4,15.2,3,4.6,7.4,7.7,9.4,8.7,11.1,9.6,9.8,9.5,6.5,5.1,7,9.6,12.7,14,15.8,15.5,17.8,16.8,16.5,16,11.9,10.2,181,75,128,32,1,3,0,1,8,45,32,102,-50.5,11,16.7,21.8,13.6,24.5,31.5,27.4,39.2,17.2,-26.7,-43.4,11,5,2,0,0,0,0,0,0,0,1,5,81,125,223,263,336,315,396,367,346,343,198,156,344,232,175,135,92,92,40,62,75,88,188,240,0,0,3,7,16,17,33,24,31,16,0,0,23,24,30,29,31,30,31,31,30,31,28,28,3,0,0,0,0,0,0,0,0,0,0,0,31.794,46.669,77.148,105.725,132.002,136.085,145.396,132.76,101.773,79.109,45.816,36.555,0,0,0,74.216,130.816,132.874,144.92,131.789,93.338,34.37,13.493,0,73,68,67,61,61,59,60,57,60,60,65,72,15.09,2.5,6.46,-4.67,-8.73,-8.76,-10.13,-10.1,-8.61,-4.62,-3.05,4.88,12.6,20.1,23.6,21.1,3.8,8.2,9.8,8.6,8.2,14.1,16.7,14.8,472,161,5,85,-27.6,17.4,27.8,9.9,25,2,0,1,308,822,1079,887,883,402,194,351,0,26,74,47,73,90,91,88,5,0,0,0,109,315,414,227,0,205,410,141,71,63,59,62,22.47,-6.94,-28.99,-16.28,13.7,17.8,7,10.7,609,14,38.8,1244.8,25,3150,1763,147,346,33,343,310,6,-9,37.1,6.9,1065,756,63,-29.74,1531
1910,1176,NA,34.03974,-118.589581,-9999,17.1,18,20.5,22.3,23,21.8,24.8,25.4,25.1,23.7,21.3,20.8,6.4,7,9.5,11.1,12,12.6,15.1,14.6,15.1,13.6,11,9.2,11.7,12.5,15,16.7,17.5,17.2,19.9,20,20.1,18.7,16.2,15,119,29,57,21,1,1,0,1,9,24,46,31,-53.7,12.6,17.9,20.9,18.1,22.9,37,30.9,41.6,19,-27,-44.8,3,2,1,0,0,0,0,0,0,0,0,1,194,195,294,345,387,365,463,465,452,422,323,295,199,160,113,72,58,58,15,17,26,42,84,115,3,2,13,25,33,34,77,80,89,49,22,19,30,28,31,30,31,30,31,31,30,31,30,31,0,0,0,0,0,0,0,0,0,0,0,0,50.739,60.652,91.799,113.545,132.059,119.555,134.757,130.173,104.117,82.866,58.616,54.037,0,31.759,34.661,92.464,131.161,118.966,134.668,129.057,95.307,58.526,12.894,23.303,66,66,66,66,66,72,71,68,70,69,68,73,5.79,-3.57,-1.79,-6.24,-8.57,-7.42,-9.08,-9.61,-8.46,-6.26,-3.11,-4.68,17.2,21.9,24,23.4,7.3,10.9,14.1,13.2,12.3,16.4,19,18.3,369,79,2,79,-28.6,18.9,30.3,11.2,8,1,0,0,609,1027,1293,1198,538,242,91,153,9,71,191,160,88,92,92,91,1,0,0,0,154,337,384,246,32,258,383,167,68,66,70,69,-2.47,-16.59,-26.11,-17.83,16.7,20.1,11.7,8.4,338,12,79,1747.6,8,4201,959,445,363,2,365,363,1,0.7,38.9,7.9,1121,839,68,-62.99,2443
1910,3904095,NA,34.533002,-117.283871,-9999,13.6,16,22.9,27.1,31.6,33.3,37.3,37.2,34,27.2,19.8,17.2,-3.1,-1.2,3.4,6.4,9.7,12.3,17.1,16,12.3,7.7,2.3,-0.4,5.3,7.4,13.1,16.8,20.7,22.8,27.2,26.6,23.2,17.5,11,8.4,20,8,13,4,1,1,3,3,3,4,8,8,-53.5,16.1,23.7,27.6,9.9,32.6,28,29.1,40.1,17.2,-27.8,-44.7,18,9,2,0,0,0,0,0,0,0,2,7,61,92,253,351,484,533,686,668,543,386,183,121,398,293,162,70,21,7,0,1,10,60,210,296,0,0,9,33,98,149,285,267,160,41,2,0,8,10,25,28,31,30,31,31,30,30,21,14,1,0,0,0,0,0,0,0,0,0,0,0,48.522,62.189,114.014,153.82,201.992,209.709,230.516,214.37,164.244,109.804,63.382,52.163,28.947,54.506,101.211,149.547,201.083,208.851,227.078,211.846,161.239,105.358,54.958,44.141,47,47,44,42,41,44,47,44,42,45,48,52,-2.34,-5.31,-10.26,-14.53,-19.43,-20.97,-25.15,-25.65,-21.79,-14.33,-8.43,-6.32,13.9,27.2,35.9,27,-2.2,6.5,15.1,7.4,5.8,16.9,25.5,17.2,95,18,7,16,-27.4,20.4,29.9,9.8,47,2,0,2,204,1088,1887,1112,1098,253,8,279,0,140,701,203,27,84,92,81,3,0,0,0,152,470,655,337,83,452,648,322,49,42,45,45,-13.97,-44.23,-71.77,-44.55,16.7,27.2,5.3,21.9,76,11,350.9,2533.3,38,4361,1529,1044,288,88,312,223,3,-19.6,45.5,8.2,1613,1505,45,-174.52,2750
1910,3440200,NA,35.098215,-120.579118,-9999,16,17.9,20.3,20.8,20.3,20.2,20.7,20.8,20.3,22.8,20.1,19.6,2.7,3,7.7,8.2,9.1,8.3,11.3,9.3,10.7,9.8,6.1,4.9,9.4,10.4,14,14.5,14.7,14.3,16,15.1,15.5,16.3,13.1,12.2,119,32,94,6,2,1,0,1,25,32,9,12,-54.1,14.7,19.1,22.2,17.7,23.2,38.3,29.9,40.6,18.2,-27.6,-45,6,4,1,0,0,0,0,0,0,0,1,3,132,143,261,279,304,278,341,313,315,350,230,208,272,208,139,122,119,122,76,101,97,83,159,187,0,0,6,8,7,10,14,11,22,15,0,2,22,21,31,30,31,30,31,31,30,31,28,28,1,0,0,0,0,0,0,0,0,0,0,0,50.08,63.787,93.415,111.201,121.569,124.378,117.556,116.068,87.984,85.323,59.546,53.276,0,31.794,0,105.312,119.519,123.233,117.491,114.96,63.271,53.119,50.539,41.335,58,54,61,61,65,63,71,65,70,61,57,63,5.98,-3.99,1.55,-7.41,-7.24,-7.48,-7.07,-7.63,-4.53,-5.87,-7.11,-6.71,16.6,20.5,20.6,21.1,3.3,8.3,9.6,8.8,9.9,14.4,15.1,14.9,349,102,2,66,-28.2,19.7,30.5,10.4,15,2,0,1,423,844,933,895,725,379,298,338,0,20,35,37,70,91,91,88,2,0,0,0,158,326,358,233,32,225,356,167,58,63,66,63,-4.72,-13.1,-22.18,-17.5,13.8,16.3,9.4,6.9,333,29,71.4,559.8,15,3155,1683,94,342,38,345,307,2,-8.6,35.5,8.1,1075,779,62,-57.51,1487
1910,3425410,NA,37.898448,-122.313558,-9999,10.8,14.7,18.1,19.7,21,20,20.8,20.7,20.8,22,17.4,15.4,4.1,5.8,8.6,8.7,10.2,9.4,11.1,9.8,10.2,10.2,7.6,6.2,7.5,10.3,13.4,14.2,15.6,14.7,16,15.2,15.5,16.1,12.5,10.8,190,81,116,30,1,2,0,1,8,42,27,96,-49.8,10.2,15.8,20.3,16.1,22.8,37.2,29,39.5,17.5,-26.4,-43.3,10,4,1,0,0,0,0,0,0,0,1,4,88,139,242,269,331,291,341,319,316,344,214,170,330,213,155,129,97,112,76,97,96,87,173,220,0,0,4,7,14,12,14,12,22,15,0,0,26,26,31,30,31,30,31,31,30,31,29,30,3,0,0,0,0,0,0,0,0,0,0,0,29.221,44.911,74.625,98.907,119.833,117.398,117.144,110.109,87.805,74.514,43.709,35.263,0,0,0,68.416,118.388,114.948,116.857,109.516,80.139,32.651,16.665,0,78,71,70,66,67,67,70,66,67,64,69,76,16.16,3.16,5.42,-4.04,-7.48,-6.94,-7.19,-7.47,-6.73,-4.16,-3.26,4.43,12.6,19.6,20.5,20.1,5,9.2,10.1,9.3,8.8,14.4,15.3,14.7,464,148,3,77,-27.6,17.4,29.7,10.2,21,2,0,1,340,842,950,874,832,381,285,356,0,26,37,37,80,92,92,90,4,0,0,0,103,293,345,206,0,187,341,129,75,68,68,67,23.75,-6.11,-21.6,-14.14,13.5,16.1,7.5,8.6,595,12,39.5,1293.5,21,3063,1785,101,355,13,351,338,5,-6.4,34.6,7.4,947,658,69,-18.1,1433
1910,231694,NA,36.950879,-122.066217,-9999,13.5,16.3,19.1,19.9,20.6,19.6,20.3,20,21,22.2,19,17.6,2.5,3.6,6.7,6.6,8.4,7.3,9.8,8.4,8.4,7.5,4.7,3.8,8,10,12.9,13.2,14.5,13.5,15,14.2,14.7,14.9,11.9,10.7,239,84,153,37,2,4,1,1,13,60,59,87,-52.5,12.8,18.5,22.6,15.4,24.1,36.9,29.1,39.4,17.3,-27.6,-44.5,9,5,2,1,0,0,0,0,0,0,1,4,97,131,227,241,297,253,312,285,291,308,194,165,315,221,168,156,125,140,100,121,116,115,190,225,0,0,1,2,6,7,9,7,16,4,0,0,22,23,30,29,30,29,31,31,29,30,26,25,3,0,0,0,0,0,0,0,0,0,0,0,39.873,54.738,85.894,107.118,124.024,121.444,119.13,110.91,94.876,82.5,53.608,45.004,0,0,0,70.374,122.255,117.751,117.65,109.794,81.684,22.208,0,0,64,60,61,59,63,62,68,64,61,56,56,63,19.67,2.3,8.1,-4.04,-7.61,-6.98,-7.04,-7.25,-6.74,-3.16,-1.63,1.91,14.7,19.9,19.9,20.7,3,7.2,8.5,6.9,8.9,13.5,14.2,13.8,584,192,6,132,-28,18.8,30,9.7,20,2,0,1,342,765,850,792,823,449,361,421,0,9,22,21,68,89,91,85,5,0,0,0,133,317,351,231,0,193,345,104,62,61,65,58,23.88,-3.55,-21.27,-11.53,12.8,15,8,7.1,742,21,30.7,707,21,2799,1992,52,334,53,328,275,5,-10.2,34.8,7.6,1032,642,61,-12.47,1193
1911,2275918,NA,37.42756,-122.17152,-9999,14.9,14.4,17.7,18.8,20.9,23.6,25.9,25,24.6,23,18.8,15,5.2,3.4,8,6.5,7.5,9.5,11.1,9.6,9.2,8.3,4.1,2.7,10.1,8.9,12.9,12.6,14.2,16.5,18.5,17.3,16.9,15.7,11.5,8.9,293,109,139,32,10,3,0,1,1,34,35,101,-52.6,11.8,16,21.7,14.4,25.1,29.2,26.7,38.7,17,-27.7,-43.8,5,6,2,1,0,0,0,0,0,0,1,7,152,110,227,223,288,346,418,381,356,331,184,121,250,251,170,173,133,70,30,53,68,96,199,281,0,0,3,1,5,26,45,30,35,12,0,0,28,22,31,28,30,30,31,31,29,30,25,23,2,1,0,0,0,0,0,0,0,0,0,1,39.772,48.313,74.726,100.333,128.009,142.5,155.968,139.586,110.914,83.434,52.707,39.045,0,0,0,68.671,117.765,139.989,155.53,138.949,109.672,49.125,17.847,0,69,64,69,62,59,58,57,55,55,56,55,64,24.17,6.03,7.89,-3.88,-7.19,-9.51,-11.28,-10.89,-10.57,-6.23,-4.08,4.83,15.2,19.1,24.8,22.1,4.5,7.4,10.1,7.2,9.9,13.2,17.4,14.7,490,181,4,70,-28.2,17.4,27,9.3,15,2,0,2,427,738,1145,872,727,476,153,364,0,9,101,47,78,89,92,84,2,0,0,0,128,303,438,247,0,186,434,177,66,63,57,55,35.04,-3.18,-31.68,-20.88,13.7,18.5,8.9,9.6,758,15,31.2,1225.4,21,3137,1774,156,338,56,332,276,3,-8.2,38.5,6.4,1116,798,60,-20.7,1522
1911,5504847,NA,37.6553,-122.0567,-9999,13.8,13.3,16.7,17.2,18.7,21.6,24.2,23,22.6,21.4,18.3,14,4.9,3.2,7.7,6.5,7.6,9.5,11.3,9.8,9.6,8.6,4.4,2.9,9.4,8.3,12.2,11.8,13.1,15.5,17.8,16.4,16.1,15,11.3,8.4,363,110,168,40,11,4,0,1,2,37,40,105,-51.9,11.1,15.4,20.3,17.9,23.3,32,28,39.3,17.5,-27.4,-43.3,6,7,2,1,0,0,0,0,0,0,1,7,134,95,208,199,256,316,396,354,334,312,180,110,272,269,187,195,163,92,40,71,83,112,202,294,0,0,0,0,0,17,33,20,27,7,0,0,27,22,31,28,30,30,31,31,29,30,25,23,3,1,0,0,0,0,0,0,0,0,0,1,36.775,44.714,70.075,91.049,113.055,128.268,142.793,125.57,99.473,75.774,50.61,35.888,0,0,0,51.254,102.247,124.356,142.33,124.602,97.424,38.297,10.304,0,71,67,71,66,65,63,61,60,61,61,57,68,31.81,6.78,11.23,-2.17,-5.75,-7.92,-9.86,-9.21,-8.88,-4.67,-3.23,5.9,14.1,17.5,22.9,20.8,4.4,7.3,10.2,7.5,9.3,12.4,16.6,14.2,575,219,5,80,-28,17.9,27.8,9.8,18,3,0,2,384,663,1066,826,781,544,203,397,0,0,70,34,77,89,92,85,4,0,0,0,118,274,397,226,0,154,391,146,68,67,62,59,44.48,3.31,-26.98,-16.78,13,17.8,8.3,9.5,882,18,26,976.5,25,2895,1979,104,338,53,334,281,4,-9,37.1,6.8,1015,691,64,4.03,1325
1911,1176,NA,34.03974,-118.589581,-9999,18.1,15.1,18.5,17.4,19.9,20.6,23.5,24.5,23.1,22.7,22.7,17.7,9.7,6.4,11.1,10.1,10.7,12.5,15.2,14.4,13.7,12.3,9.3,6.9,13.9,10.8,14.8,13.8,15.3,16.6,19.4,19.5,18.4,17.5,16,12.3,250,93,152,25,5,2,0,1,21,18,22,41,-53.2,11.1,14.7,17.4,21.5,21.5,38.9,31.1,41.8,19.1,-27.9,-44.2,2,4,1,0,0,0,0,0,0,0,0,3,261,154,289,258,322,346,445,449,402,388,318,213,142,199,118,141,104,70,20,22,44,59,88,186,10,0,12,5,11,26,63,68,56,32,20,4,31,27,31,30,31,30,31,31,30,31,30,31,0,0,0,0,0,0,0,0,0,0,0,0,48.213,50.97,74.88,84.253,113.072,110.79,122.273,124.933,96.3,81.143,66.407,47.967,0,0,0,59.295,107.613,108.748,122.208,123.875,75.777,63.486,44.519,7.332,74,72,77,77,71,75,75,69,71,68,60,65,19.2,4.34,9.46,-2.87,-6.21,-6.5,-7.9,-8.99,-6.09,-6.52,-7.01,-2.26,18,18.6,22.9,22.8,8.5,10.6,14,11.8,13.2,14.6,18.5,17.3,375,182,3,60,-28.7,17.9,30.5,11,7,1,0,0,710,868,1240,1108,455,363,112,191,29,28,157,108,89,92,92,91,1,0,0,0,153,272,358,244,23,167,355,184,70,75,73,66,21.29,0.39,-23.39,-19.62,15.7,19.5,10.8,8.7,630,29,40.8,668,10,3844,1192,307,363,0,363,363,1,0.7,38.9,7.6,1027,729,71,-21.33,2106
1911,3904095,NA,34.533002,-117.283871,-9999,15.5,12.8,19.6,21,26.2,32.5,36.5,36.3,31.2,25.5,18.5,13.1,0.1,-1.9,4.7,4.7,7.8,12.5,16.7,14.6,11.2,6.2,1.3,-2.5,7.8,5.5,12.1,12.9,17,22.5,26.6,25.5,21.2,15.8,9.9,5.3,47,43,34,11,8,0,3,1,21,4,6,13,-54.3,15.1,20.6,25.1,14.4,29.9,28.5,29.2,41,17.5,-27.5,-43.8,9,15,2,1,0,0,0,0,0,0,2,17,110,59,222,236,372,523,667,633,485,336,157,58,321,346,189,166,67,8,1,1,18,93,244,391,0,0,5,7,34,139,266,232,114,23,0,0,15,9,27,26,30,30,31,31,30,29,18,8,1,1,0,0,0,0,0,0,0,0,0,0,51.931,53.253,96.541,120.991,167.762,203.093,225.011,211.111,149.97,104.024,60.603,43.358,4.892,9.776,62.396,109.875,159.614,202.761,222.398,210.245,129.127,99.943,54.771,30.619,52,52,54,51,47,46,48,43,45,45,48,46,-1.19,0.31,-5.27,-8.62,-12.89,-19.79,-24,-24.82,-16.38,-12.92,-7.96,-2.84,15.2,22.3,35.1,25.1,-0.7,5.7,14.6,6.2,7.2,14,24.8,15.6,99,53,4,31,-27.7,20.1,29.2,10.3,32,3,0,3,289,831,1824,978,963,422,10,355,0,47,638,136,38,84,92,76,2,0,0,0,157,385,639,315,59,332,635,284,50,51,45,46,-3.71,-26.78,-68.61,-37.26,15.2,26.6,5.3,21.3,191,33,131.6,810.2,47,3859,1844,822,284,106,304,198,2,-19.6,45.5,8,1496,1310,48,-136.36,2303
1911,3440200,NA,35.098215,-120.579118,-9999,17.2,15.1,17.5,16.2,17.8,18.6,20.9,20.5,19.7,21,21.7,17.1,5.7,3.3,8.1,6.2,6.3,10.3,10.4,9.7,8.9,9.5,3.8,0.3,11.4,9.2,12.8,11.2,12.1,14.4,15.7,15.1,14.3,15.2,12.7,8.7,260,124,205,36,5,0,0,1,2,8,10,91,-54.2,13,16.3,20.2,19.4,23.7,37.2,30.1,40.6,18.7,-28.4,-44.7,3,6,2,1,0,0,0,0,0,0,1,7,183,116,225,185,223,283,331,314,280,319,220,115,206,242,171,211,193,118,84,100,125,106,167,285,1,0,0,0,0,10,12,11,14,6,0,0,29,22,31,28,29,30,31,31,29,31,24,16,1,1,0,0,0,0,0,0,0,0,0,1,50.193,54.517,77.221,89.236,113.004,103.916,123.001,112.352,90.135,78.021,66.452,50.41,0,0,0,53.43,107.726,103.505,122.951,111.301,88.597,69.907,56.347,0,63,62,70,68,64,74,68,67,66,64,47,55,19.66,7.11,14.67,-2.04,-5.97,-5.92,-7.48,-7.29,-6.96,-7.05,-8.57,2.56,17.3,17.2,20,20.8,4.6,6.9,10.1,7.4,11,12,15.1,14.1,396,247,2,20,-28.6,18.6,30.4,10.3,12,3,0,1,507,633,928,819,635,575,302,399,4,0,33,21,78,88,92,84,1,0,0,0,158,279,339,235,41,161,338,215,60,67,69,59,29.33,6.66,-20.68,-22.58,12.7,15.7,8.7,6.9,743,8,30.6,1879.2,20,2794,2009,55,330,71,330,259,2,-8.6,35.5,7.7,1011,755,64,-7.27,1195
1911,3425410,NA,37.898448,-122.313558,-9999,13.7,13.6,17.2,16.6,17.3,19.1,20.7,19.7,20.2,20.8,18.7,14.3,5.8,4.4,8.7,7.7,8.4,10,11.4,10.3,10,9.3,5.7,4.3,9.7,9,12.9,12.1,12.8,14.6,16.1,15,15.1,15.1,12.2,9.3,384,111,151,48,10,2,0,1,2,35,38,81,-51.3,10.4,15,18.6,20.8,21.5,37.7,29.7,39.6,17.7,-27.4,-43.2,5,6,2,1,0,0,0,0,0,0,1,6,140,109,227,209,247,287,344,306,303,313,203,130,260,247,167,186,171,115,74,103,106,111,181,266,0,0,2,0,0,11,15,10,19,6,0,0,29,24,31,29,30,30,31,31,30,31,27,27,2,1,0,0,0,0,0,0,0,0,0,0,34.54,43.603,69.737,83.729,99.571,107.57,114.626,101.369,84.77,71.48,49.723,34.913,0,0,0,35.388,89.156,105.7,114.322,100.83,83.141,36.004,11.872,0,74,70,73,71,72,72,71,71,68,64,60,70,34.09,6.73,9.47,-0.66,-4.65,-6.18,-6.99,-6.63,-6.93,-4.2,-3.37,3.34,14.2,17,19.8,19.9,5.5,8.3,10.6,8.3,9.9,12.6,15.2,14.1,591,209,3,75,-28,18.1,29.6,10,15,2,0,1,417,683,936,819,728,524,292,399,0,2,36,25,83,91,92,88,3,0,0,0,113,253,324,206,0,125,321,131,72,72,71,64,44.15,4.16,-19.81,-14.5,12.8,16.1,9,7,863,15,26.5,1088,21,2816,1989,62,349,27,343,316,4,-6.4,34.6,7.4,896,576,69,14.01,1227
1911,231694,NA,36.950879,-122.066217,-9999,15.9,15.3,17.9,16.7,17.4,18.9,20.1,19.9,21.2,21.4,19.7,16.1,4.5,2.9,7.5,5.7,6.4,8.4,10.3,8.6,8.1,7.4,2.9,1.3,10.2,9.1,12.7,11.2,11.9,13.6,15.2,14.3,14.7,14.4,11.3,8.7,422,199,209,45,19,5,1,1,2,37,53,162,-53.6,12.7,16.8,20.8,19,23.2,37.7,29.2,39.4,17.6,-28.1,-44.3,5,6,2,1,0,0,0,0,0,0,1,7,151,110,219,183,215,259,317,288,291,293,177,113,246,246,174,212,197,136,96,118,116,128,203,286,0,0,0,0,0,7,9,7,16,0,0,0,27,21,30,28,29,30,31,31,29,30,22,19,2,1,0,0,0,0,0,0,0,0,0,1,44.191,52.449,77.821,91.006,108.229,112.877,115.514,109.821,96.592,79.461,57.07,43.399,0,0,0,46.357,89.531,107.691,114.31,108.839,94.934,42.531,4.321,0,64,60,67,65,65,67,70,65,60,57,50,57,36.38,14.47,14.66,-1.49,-4.33,-6.11,-6.79,-7.16,-8.12,-4.93,-3.05,10.28,16.3,17.3,19.6,20.8,3.7,6.5,9.1,6.1,10,11.9,14.4,13.5,708,272,7,91,-28.4,18.8,30,9.6,15,3,0,2,426,617,863,760,716,583,351,448,0,0,24,16,73,87,91,81,3,0,0,0,142,277,338,233,0,136,331,142,60,66,67,56,61.13,8.84,-20.06,-16.1,12.3,15.2,8.7,6.5,1153,28,19.3,547.7,22,2616,2159,40,326,74,321,246,4,-10.2,34.8,7.5,990,609,62,33.81,1056
1912,2275918,NA,37.42756,-122.17152,-9999,15.2,17.5,16.2,17.9,23.1,25.8,26.1,26.7,26.6,22.9,18.8,15.3,5.7,5.4,5.3,5.9,8.7,10.8,10.9,10.7,11.1,6.6,5.5,2.4,10.5,11.4,10.7,11.9,15.9,18.3,18.5,18.7,18.9,14.8,12.2,8.9,92,38,116,71,23,10,0,1,21,27,56,45,-52.7,12.2,17.1,21.5,11.7,25.9,28.8,26,38.3,16.8,-27.5,-43.9,4,3,3,1,0,0,0,0,0,0,1,7,161,167,169,201,340,398,419,425,416,304,205,121,238,188,227,193,90,40,29,30,38,119,182,281,0,0,0,0,17,50,45,53,64,6,0,0,29,26,28,28,30,30,31,31,30,29,27,22,0,0,0,0,0,0,0,0,0,0,0,0,39.972,55.271,74.127,96.859,140.271,155.009,158.014,148.039,118.032,85.572,51.466,39.943,0,16.857,0,25.852,117.696,144.529,157.618,147.272,97.175,58.522,0,0,69,62,65,62,57,56,56,54,55,52,59,60,4.02,-2.64,5.76,0.46,-7.37,-10.31,-11.53,-12.15,-9.98,-7.29,-1.76,-0.92,15.9,19.1,26.2,22.8,4.6,6.6,10.8,7.7,10.3,12.8,18.5,15.3,231,209,12,103,-28.1,16.8,26.9,9.2,14,4,0,1,450,709,1241,924,708,510,100,339,0,17,148,69,77,86,92,86,1,0,0,0,134,311,461,255,17,144,449,156,64,61,55,55,0.46,-1.15,-33.99,-19.04,14.2,18.9,8.9,10,500,55,48.4,342.4,19,3325,1656,234,340,53,335,282,2,-8.2,38.5,6.2,1162,766,59,-53.72,1674
1912,5504847,NA,37.6553,-122.0567,-9999,14,16.5,15,16.1,20.9,23.5,24.1,24.7,24.7,21.4,17.9,14.2,5.5,5.3,5.1,5.7,8.7,11,11.1,11,11.6,7.3,5.8,2.7,9.8,10.9,10.1,10.9,14.8,17.2,17.6,17.9,18.1,14.3,11.9,8.4,110,55,137,87,30,19,0,1,24,32,72,44,-51.7,11.7,16.2,20.1,15.2,24.1,32.1,27.3,39,17.3,-27,-43.5,5,4,4,1,0,0,0,0,0,0,1,7,143,155,151,176,306,366,390,399,394,291,196,111,260,195,248,218,118,57,43,42,48,130,190,294,0,0,0,0,8,35,30,38,51,3,0,0,28,26,28,28,30,30,31,31,30,30,27,23,1,0,0,0,0,0,0,0,0,0,0,0,36.225,51.984,68.425,86.758,124.755,137.11,142.333,133.724,105.748,77.797,48.021,36.798,0,0,0,0,94.79,118.595,141.897,132.727,81.446,45.589,0,0,72,64,68,67,62,62,61,59,61,57,62,64,6.4,-0.54,8.43,3.01,-5.04,-7.52,-9.78,-10.33,-7.79,-5.49,0.48,-0.35,14.8,17.3,24.1,21.3,4.6,6.5,11,8.2,9.7,11.9,17.5,14.8,269,254,20,129,-27.8,17.2,27.8,9.8,16,5,0,1,409,632,1155,880,749,584,143,368,0,8,102,54,77,86,92,87,1,1,0,0,124,280,413,232,0,95,393,127,67,66,61,60,5.5,6.39,-27.64,-12.8,13.5,18.1,8.4,9.7,610,74,38.5,244.2,23,3076,1843,165,341,50,338,288,3,-9,37.1,6.7,1049,615,63,-28.55,1472
1912,1176,NA,34.03974,-118.589581,-9999,20.2,20.9,15.1,16.1,20.2,21.7,22.8,23.6,23.2,21.8,22.4,18.5,8.3,8.4,8.2,9.3,11.6,12.6,14.2,14.9,13.4,12.1,10.7,6.5,14.2,14.6,11.7,12.7,15.9,17.1,18.5,19.3,18.3,16.9,16.6,12.5,21,1,202,43,23,1,0,1,1,22,24,21,-55.3,13.4,14.2,17,21.9,20.9,39,31.4,41.7,19.3,-27.5,-44.5,2,1,2,1,0,0,0,0,0,0,0,2,270,255,194,227,338,363,418,443,398,370,334,219,133,108,201,171,91,59,30,24,46,69,77,179,12,10,0,0,15,33,45,64,54,23,25,4,31,28,31,30,31,30,31,31,30,31,30,30,0,0,0,0,0,0,0,0,0,0,0,0,58.172,69.557,65.423,78.472,111.018,119.327,121.717,115.245,98.022,77.205,63.106,51.036,37.56,68.175,0,35.112,87.912,118.636,121.66,114.063,96.683,55.645,39.396,30.215,63,62,77,78,73,72,74,73,70,70,64,66,-5.53,-7.95,15.57,-0.49,-4.35,-7.39,-7.72,-8.02,-8.19,-5.51,-6.21,-4.85,19.6,17.1,22.7,22.5,7.8,9.7,13.9,12,13.7,13.4,18.3,17.3,63,268,2,47,-28.8,17.7,30.4,11.2,5,3,0,0,737,760,1224,1102,426,462,112,192,25,15,142,102,90,92,92,91,0,0,0,0,176,255,356,238,113,123,354,192,64,76,73,68,-18.33,10.73,-23.13,-19.9,15.7,19.3,11.7,7.6,359,26,71.5,730.8,9,3830,1186,285,364,0,363,363,0,0.7,38.9,7.6,1025,782,70,-50.62,2092
1912,3904095,NA,34.533002,-117.283871,-9999,16.9,19.8,14.4,19.1,26.9,32.8,33.8,34.1,30.9,21.9,20.1,14.5,-0.6,0.5,1.3,3.9,9.1,12.7,15.2,14.5,10.6,6.4,2.7,-3.1,8.2,10.2,7.8,11.5,18,22.8,24.5,24.3,20.7,14.2,11.4,5.7,8,2,52,25,8,0,1,1,1,11,7,3,-55.2,16.8,19.3,24.4,14.2,29.1,30.1,30,41,18.4,-27.9,-44.2,8,4,7,1,0,0,0,0,0,0,1,15,116,150,109,195,403,532,604,597,472,286,191,64,309,216,317,204,49,7,2,2,21,134,201,378,0,0,0,2,46,148,203,196,103,9,2,0,13,15,19,25,31,30,31,31,30,29,22,7,0,0,1,0,0,0,0,0,0,0,0,0,56.117,73.287,77.441,111.549,169.668,204.863,208.315,195.425,149.497,88.567,64.096,46.923,48.217,70.952,25.106,86.437,161.988,204.475,207.119,194.676,148.43,77.965,57.312,43.867,46,43,58,54,49,46,49,47,44,54,48,49,-6.1,-9.41,0.04,-5.96,-13.3,-20.14,-20.59,-21.37,-18.19,-9,-8.78,-4.56,16.6,20.1,33.6,24.3,-0.9,4.8,14.1,6.6,7.9,12.4,23.9,15.4,23,85,2,18,-27.5,19.3,29.7,10.5,30,8,0,2,323,707,1733,948,916,570,11,357,0,48,547,115,37,74,92,80,0,1,0,0,173,359,609,302,150,274,606,284,46,54,47,49,-20.07,-19.23,-62.1,-35.96,14.9,24.5,5.7,18.8,119,11,209.2,2212.8,38,3718,1841,710,282,105,303,198,1,-19.6,45.5,8,1442,1313,49,-137.36,2145
1912,3440200,NA,35.098215,-120.579118,-9999,18.2,19,15.1,15.5,18.2,19.2,20.1,20.4,21.1,20.8,21,17.4,4.5,5,5.8,6.2,10.1,9.4,10.5,10.3,10.6,6.6,4.8,0.2,11.3,12,10.5,10.8,14.2,14.3,15.3,15.3,15.8,13.7,12.9,8.8,37,4,189,72,43,1,0,1,1,1,19,17,-55.2,14.1,16.2,19.5,22,20.6,38.5,30.2,40.5,18.4,-28.1,-44.8,3,3,3,1,0,0,0,0,0,0,1,7,181,177,161,176,287,278,320,322,326,272,226,118,209,174,236,220,134,121,93,95,89,146,162,282,0,0,0,0,3,10,10,12,25,0,0,0,26,25,29,28,31,30,31,31,30,29,26,16,0,0,0,0,0,0,0,0,0,0,0,0,54.57,65.338,71.218,85.017,101.066,113.044,116.054,109.913,92.752,82.351,63.754,51.152,17.714,61.407,0,13.056,58.265,112.37,116.003,108.751,91.751,81.25,45.104,34.608,57,57,70,70,75,69,70,68,68,57,51,48,-3.46,-7.12,13.75,1.96,-1.48,-6.57,-6.87,-7.08,-7.47,-8.28,-7.07,-5.15,18.1,16.3,19.9,21,3.3,7.4,10.1,7.4,10.7,11.8,15,14.2,132,303,2,21,-28.6,19.2,29.8,10.3,13,5,0,1,474,623,920,824,668,590,309,397,0,3,32,25,67,88,92,85,1,1,0,0,170,257,339,239,79,71,337,218,54,71,69,59,-15.73,14.23,-20.52,-22.82,12.9,15.8,8.8,7,383,46,59.8,346.5,19,2844,1960,60,331,50,331,281,2,-8.6,35.5,7.7,1005,706,63,-44.84,1221
1912,3425410,NA,37.898448,-122.313558,-9999,14,16.9,15.3,15.5,19.6,20.8,20.3,21.3,21.9,20.5,17.6,14.4,6.9,6.7,6.3,6.9,9.5,11.9,11.4,11.5,12.1,8.1,7.3,4.1,10.4,11.8,10.8,11.2,14.6,16.4,15.8,16.4,17,14.3,12.5,9.3,106,44,129,89,30,15,0,1,32,37,82,39,-51.1,10.9,15.3,18.4,17.8,22.3,38.4,29.2,39.5,17.6,-26.6,-43.3,5,3,3,1,0,0,0,0,0,0,1,6,157,172,168,184,299,340,337,353,360,289,212,129,240,179,226,210,123,74,80,71,66,131,174,268,0,0,0,0,7,24,13,20,36,2,0,0,30,27,29,29,31,30,31,31,30,30,29,26,0,0,0,0,0,0,0,0,0,0,0,0,33.682,50.633,66.438,79.698,112.366,112.225,111.692,108.053,88.178,72.439,44.778,35.46,0,6.543,0,0,82.501,97.317,111.422,107.456,55.738,35.464,0,0,77,68,71,72,68,73,72,70,70,62,67,68,6.29,-1.46,7.77,3.86,-3.88,-5.46,-6.74,-7.4,-4.48,-4.13,2.02,-0.93,15.1,16.8,20.8,20,6,7.6,11.6,9.2,10.5,12.2,16.2,14.6,231,248,16,151,-27.8,17.2,29.9,10.2,13,4,0,1,460,651,1030,861,685,559,225,371,0,7,57,38,84,89,92,89,1,1,0,0,119,259,332,205,7,83,316,91,71,71,72,66,3.9,7.76,-19.59,-6.59,13.4,17,9.3,7.7,604,78,38.7,217.6,19,3001,1842,102,353,23,346,324,2,-6.4,34.6,7.4,915,496,70,-14.53,1374
1912,231694,NA,36.950879,-122.066217,-9999,16.3,18,16.8,16.2,19.8,21.3,20.6,21.4,23.4,21.6,20.3,16.5,4.3,4.4,4.6,5.3,8.1,8.9,10.1,9.6,9.8,5.1,4,0.8,10.3,11.2,10.7,10.7,14,15.1,15.3,15.5,16.6,13.3,12.1,8.6,156,38,157,127,39,14,1,1,24,23,73,68,-54,13.2,18.3,20.7,16.5,23.7,36.6,28.7,39.1,17.3,-28.3,-44.4,5,3,3,1,0,0,0,0,0,0,1,7,155,160,166,172,281,303,321,327,348,260,202,114,243,194,228,222,140,102,92,90,73,157,183,288,0,0,0,0,3,14,10,14,32,0,0,0,26,24,27,27,30,30,31,31,30,27,24,17,1,0,0,1,0,0,0,0,0,0,0,0,45.571,59.087,79.09,89.178,119.309,128.572,120.575,116.807,104.188,83.347,57.964,44.609,0,21.447,0,0,79.868,114.38,119.437,115.532,80.43,60.654,0,0,62,58,61,65,64,62,67,64,59,51,51,54,9.52,-3.21,9.48,6.94,-3.36,-6.73,-7.23,-7.94,-7.12,-6.99,-1.3,0.7,16.8,17.6,21.1,21.8,3.3,6,9.5,6.3,10.1,11.8,15.3,14,355,324,17,119,-28.4,18.5,29.6,9.4,15,4,0,2,431,619,951,811,723,591,285,413,0,3,38,32,69,84,91,81,2,1,0,0,148,288,366,245,21,80,349,141,58,63,64,54,7.02,13.06,-21.9,-15.41,12.8,16.6,8.6,8,721,80,31.6,207.9,21,2810,2013,73,325,68,323,254,3,-10.2,34.8,7.3,1047,592,60,-17.23,1208
1913,2275918,NA,37.42756,-122.17152,-9999,13,16.9,18.1,20.9,23.2,24.9,27.4,28.5,28.5,25.1,17.1,14.1,2.7,4.5,4.1,6.3,8.6,10.5,12.2,13,11.4,8,8.1,4.3,7.8,10.7,11.1,13.6,15.9,17.7,19.8,20.7,20,16.5,12.6,9.2,123,42,89,21,16,3,2,5,1,3,131,171,-52,12.5,19.5,23.5,11.5,26,27.6,25.5,37.7,16.2,-26.1,-43.2,9,4,3,0,0,0,0,0,0,0,1,6,101,153,182,252,340,379,459,488,449,358,220,132,319,201,215,146,89,49,16,12,27,77,171,272,0,0,0,6,18,41,73,98,86,22,2,0,22,24,26,28,30,30,31,31,30,30,30,26,2,0,0,0,0,0,0,0,0,0,0,1,37.664,54.745,84.839,112.712,141.229,149.08,164.046,154.243,127.398,92.354,42.849,35.14,0,12.304,0,91.809,125.518,146.224,161.915,149.311,126.333,89.282,0,0,66,61,57,56,56,57,56,55,51,50,71,59,8.34,-2.11,1.77,-6.4,-8.16,-10.32,-12.26,-12.88,-13.74,-11.18,7.44,12.5,15.1,20.7,26.9,23.6,3.2,6.4,11.9,9.2,9.1,13.6,19.4,16.4,211,126,10,135,-27.6,18.2,26.4,9.3,19,3,0,1,378,774,1326,1027,801,450,78,275,0,24,212,111,68,85,92,89,2,0,0,0,132,339,467,263,12,217,457,216,62,56,56,58,18.73,-12.79,-35.46,-17.49,14.6,20.7,7.8,12.9,608,27,40.5,777.2,23,3514,1594,347,339,54,337,283,2,-8.2,38.5,6.6,1201,903,59,-47,1867
1913,5504847,NA,37.6553,-122.0567,-9999,11.8,16,17,19.2,21.3,22.6,25.5,26.8,26.9,24,16.3,13,2.3,4.4,4.1,6.5,8.8,10.5,12.5,13.5,12.2,8.9,8.3,4.4,7.1,10.2,10.5,12.8,15,16.5,19,20.1,19.5,16.4,12.3,8.7,143,55,104,32,20,4,2,5,1,3,170,186,-51.3,11.9,18.6,22,14.7,24.3,30.9,26.8,38.5,16.6,-25.6,-42.8,11,4,3,1,0,0,0,0,0,0,1,7,84,142,167,229,313,346,433,468,436,355,211,120,343,215,233,167,111,70,24,16,31,79,179,286,0,0,0,3,11,26,54,83,77,22,1,0,21,24,26,28,30,30,31,31,30,30,30,27,3,0,0,0,0,0,0,0,0,0,1,1,34.671,51.602,79.426,102.291,127.069,132.491,148.077,139.713,116.24,85.931,39.481,32.079,0,0,0,70.684,106.903,128.601,145.933,134.716,115.382,83.242,0,0,69,63,59,61,62,63,61,61,57,55,74,63,10.92,-0.45,3.83,-4.2,-6.27,-8.44,-10.42,-11,-11.97,-10.13,11.83,14.59,14,19.1,24.9,22.4,3.1,6.5,12.1,9.8,8.6,12.8,18.5,16.1,242,155,11,174,-27.4,18.4,27.3,9.8,23,4,0,1,340,709,1247,1001,851,512,111,289,0,14,164,100,68,85,92,90,3,0,0,1,123,309,420,242,0,178,409,199,65,61,62,62,25.07,-6.64,-29.85,-10.26,14,20.1,7.1,13.1,724,32,33.2,627.5,27,3304,1755,278,339,52,341,290,4,-9,37.1,7.1,1094,785,63,-21.69,1700
1913,1176,NA,34.03974,-118.589581,-9999,16,16.4,19.3,19.4,19.8,20.1,23.3,25.3,26.2,23.9,20.9,17.7,6.3,7.2,7.6,9.1,11.2,13.5,15.6,15.8,15.3,12.4,12,8.1,11.2,11.8,13.4,14.2,15.5,16.8,19.4,20.5,20.8,18.1,16.5,12.9,112,232,61,20,5,9,0,9,1,5,74,137,-53,11.4,18.5,20.3,22.2,20.9,39.5,31.1,41.4,18.8,-26.6,-44,4,3,1,0,0,0,0,0,0,0,0,2,182,178,248,273,327,354,448,482,472,407,334,233,213,178,154,128,99,65,19,13,21,49,78,169,2,1,5,7,13,29,65,93,104,42,27,7,30,28,31,30,31,30,31,31,30,31,30,31,0,0,0,0,0,0,0,0,0,0,0,0,47.45,54.299,90.22,101.055,109.393,100.497,118.215,124.116,110.624,87.154,54.907,46.238,0,0,29.448,81.032,104.874,91.754,118.077,115.017,109.248,82.217,0,0,69,71,63,68,73,79,76,72,68,65,72,62,5.75,17.66,-1.1,-4.83,-6.04,-5.12,-7.59,-8.29,-10.14,-8.77,0.31,7.61,17,19.5,22.9,23.7,6.7,9.3,15,13.2,11.8,14.4,18.9,18.5,365,85,18,80,-28.5,20.3,30.5,11.2,9,2,0,0,581,848,1283,1213,570,382,98,148,8,25,187,172,88,91,92,91,1,0,0,0,153,301,343,253,30,215,325,191,67,68,76,68,31.01,-11.97,-21,-18.6,15.9,20.8,11.2,9.6,664,24,39.1,869.6,11,3936,1187,394,363,3,362,358,1,0.7,38.9,8.4,1049,762,71,-20.56,2195
1913,3904095,NA,34.533002,-117.283871,-9999,13.7,15,18.8,23.1,27,30.2,34.3,35.7,33.1,27.3,18.2,13.3,-3,0.9,1,4.7,8.2,12.2,16.1,16.6,13.4,7,3.5,-0.5,5.3,8,9.9,13.9,17.6,21.2,25.2,26.1,23.3,17.1,10.8,6.4,17,41,17,5,4,6,8,12,2,0,24,11,-53.6,14.5,22.6,26.5,13.8,30.2,30.1,29.7,40.6,17.1,-27.2,-43.8,18,8,4,0,0,0,0,0,0,0,2,13,61,103,163,266,391,485,624,654,546,375,179,77,396,277,253,138,56,13,1,1,9,66,216,357,0,0,0,11,42,103,223,253,162,36,1,0,8,16,18,26,30,30,31,31,30,29,23,13,1,0,0,0,0,0,0,0,0,0,0,0,48.84,57.814,97.701,133.079,172.468,186.021,209.121,201.112,156.548,110.854,57.71,42.795,31.472,16.531,80.966,128.425,168.279,180.007,201.073,188.754,154.516,110.549,33.425,31.894,46,55,46,46,47,50,51,49,47,43,55,44,-2.64,-1.49,-7.13,-11.01,-14.02,-16.2,-20.21,-21.78,-20.08,-14.97,-5.51,-3.33,14.4,23,33.4,26.2,-1.8,4.6,15,8,6.3,13.8,24.2,17.1,62,26,26,27,-27.6,20.9,30,10.2,41,4,0,2,229,820,1763,1100,1052,446,15,291,0,53,579,200,31,75,92,83,1,0,0,0,154,403,596,325,92,378,570,298,49,46,50,48,-7.46,-32.15,-58.2,-40.57,15.4,26.1,5.3,20.8,148,33,171.4,801,45,3924,1784,832,286,102,312,210,1,-19.6,45.5,8.4,1478,1338,49,-138.37,2361
1913,3440200,NA,35.098215,-120.579118,-9999,16.1,17.2,17.8,18.3,18,17.5,19.6,21.2,21.8,21.6,19.9,16.4,2.5,5.3,3.5,5.8,8.3,9.7,11.7,12.7,11.2,7.1,8.9,4.4,9.3,11.2,10.7,12.1,13.2,13.6,15.6,16.9,16.5,14.3,14.4,10.4,106,133,66,28,21,10,0,12,7,3,121,137,-54.2,12.9,20.4,22.4,20.5,22.1,40.3,30.5,40.4,18.3,-27.1,-44.1,6,3,3,1,0,0,0,0,0,0,1,4,131,162,167,208,257,259,330,371,345,291,270,159,274,193,230,188,162,136,85,59,75,130,125,234,0,0,0,0,0,7,12,26,31,0,6,0,22,26,25,28,30,30,31,31,30,30,30,27,1,0,0,0,0,0,0,0,0,0,0,0,50.546,58.752,88.68,102.679,108.025,98.704,106.867,105.926,95.441,84.69,54.929,45.249,0,0,22.875,74.727,87.063,88.314,106.774,93.534,88.5,81.579,0,0,57,62,56,61,69,75,75,73,67,56,66,48,4.62,6.94,-0.47,-4.14,-4.09,-4.47,-6.21,-5.81,-7.26,-8.51,4.87,7.66,16.9,18.1,19.5,21.1,2.7,5.9,11.4,9.1,9.8,12,15.4,15.1,256,115,23,131,-28.5,21.1,30.9,10.5,16,4,0,1,412,631,960,906,749,580,280,329,0,0,45,37,63,83,92,89,1,0,0,0,160,299,311,235,35,185,289,170,56,62,75,63,19.22,-8.7,-16.48,-10.9,13.2,16.9,9.3,7.7,645,51,36,333.7,19,2949,1891,81,338,56,335,280,1,-8.6,35.5,8.5,1006,678,65,-16.86,1313
1913,3425410,NA,37.898448,-122.313558,-9999,11.7,16.4,17.3,18.4,20,20.1,21.8,23.4,24.5,23.3,16.2,13.1,3.4,5.7,5.3,7.7,9.7,11.1,12.9,13.8,12.6,9.8,9.5,5.4,7.6,11.1,11.3,13.1,14.9,15.6,17.3,18.6,18.6,16.6,12.9,9.3,163,55,94,34,18,2,1,2,1,3,169,190,-50.8,11.3,17.9,20.2,17.3,22.4,37.3,28.7,39,16.9,-25.1,-42.6,10,3,3,1,0,0,0,0,0,0,1,6,93,160,184,236,309,318,383,422,407,358,226,133,327,198,211,160,115,90,47,32,42,77,163,268,0,0,0,3,10,18,27,50,59,22,2,0,24,26,28,29,31,30,31,31,30,31,30,29,2,0,0,0,0,0,0,0,0,0,1,1,32.842,50.668,78.296,94.507,114.266,110.977,116.587,114.008,101.461,80.782,36.513,30.562,0,0,0,60.987,96.189,109.152,115.369,111.766,100.521,78.039,0,0,72,66,62,66,68,72,73,71,64,60,79,66,12.95,-0.36,2.97,-3.2,-5.25,-6.58,-7.23,-8.12,-9.56,-9.2,12.15,15.04,14.2,18.6,21.8,21.3,4.4,7.6,12.6,10.7,9.3,13.1,17.2,16,257,146,5,173,-27.4,18.5,29.5,10.3,19,3,0,1,385,729,1123,992,793,486,169,282,0,13,95,83,76,88,92,91,3,0,0,1,119,287,342,219,0,157,336,179,68,66,72,67,27.64,-5.49,-21.92,-6.61,13.9,18.6,7.6,11,732,24,32.6,765.2,23,3229,1730,191,350,29,349,321,3,-6.4,34.6,7.7,966,672,69,-6.38,1606
1913,231694,NA,36.950879,-122.066217,-9999,14.4,17.5,18.5,19,19.5,20.2,21.5,22.9,24.7,22.8,18.4,15.2,2,3.5,3.3,5.2,7.6,9.3,11.1,11.7,10,6.2,7.1,3.5,8.2,10.5,10.9,12.1,13.5,14.7,16.3,17.3,17.3,14.5,12.7,9.3,191,42,112,26,30,8,6,10,3,5,199,228,-53.2,13.5,20.7,23.2,16.6,23.9,36.1,28.4,38.8,17,-27,-43.8,8,4,3,1,0,0,0,0,0,0,1,6,105,146,173,207,267,292,350,382,369,295,221,132,307,206,222,187,152,111,69,52,60,126,167,267,0,0,0,0,2,12,16,30,40,3,0,0,21,23,24,27,30,30,31,31,30,29,29,25,2,0,0,0,0,0,0,0,0,0,1,1,42.736,58.499,88.979,105.295,118.863,119.457,123.167,120.049,110.808,86.633,49.266,39.539,0,16.602,0,79.225,89.164,111.756,117.604,110.391,107.578,81.738,0,0,60,57,53,57,63,66,68,66,57,51,64,51,14.3,-2.65,3.68,-4.85,-4.26,-6.52,-7.12,-7.64,-10.22,-9.44,13.22,17.46,16.1,19,21.5,21.9,2.1,5.3,10.7,7.7,9.1,12.2,16.1,14.8,301,168,23,207,-27.8,20.1,29.5,9.6,19,4,0,1,366,648,1024,886,800,562,233,354,0,2,58,43,60,81,92,87,3,0,0,1,146,313,363,247,17,168,340,189,56,58,67,57,29.11,-5.42,-21.28,-6.43,13.1,17.3,8.2,9.1,859,56,26.9,309.9,23,2940,1928,103,328,73,325,252,3,-10.2,34.8,7.8,1068,714,60,-4.02,1338
1914,2275918,NA,37.42756,-122.17152,-9999,14.4,16.7,20.9,21.1,22.6,25.4,25.6,25.5,25.1,23.2,21.2,12.9,6.5,5,7.5,7.9,9.5,10,11.4,11.6,10.1,9,4.7,3.2,10.4,10.8,14.2,14.5,16,17.7,18.5,18.6,17.6,16.1,12.9,8.1,295,151,29,47,13,7,1,1,1,26,45,147,-51.7,12.1,19.1,22.3,13,24.7,29.8,26.9,38.6,17,-28.6,-43,4,4,1,0,0,0,0,0,0,0,1,8,161,155,268,278,343,380,418,421,378,345,227,103,239,196,134,121,87,49,30,32,56,86,163,305,0,0,9,9,18,41,45,50,44,17,2,0,30,25,30,29,31,30,31,31,30,31,26,24,1,0,0,0,0,0,0,0,0,0,0,1,36.352,53.552,91.673,110.602,134.081,154.268,152.86,137.156,111.903,83.059,58.634,33.55,0,0,62.998,63.917,121.102,147.748,152.325,136.284,110.667,56.691,13.196,0,74,63,59,60,60,55,58,59,56,57,51,68,24.92,8.97,-5.35,-3.64,-7.69,-10.55,-10.92,-10.72,-10.81,-6.99,-4.51,10.71,15.1,21.5,25.5,23.2,5.2,8.3,11,7.9,10.1,14.9,18.2,15.5,617,88,8,73,-27.5,18.1,27.2,9,14,1,0,1,445,890,1219,950,707,342,111,304,0,36,136,62,81,91,92,86,3,0,0,0,125,336,444,254,0,248,436,181,68,60,57,55,44.6,-16.67,-32.19,-22.31,14.6,18.6,8.1,10.5,762,22,32.3,838.4,19,3478,1498,234,347,34,342,308,3,-8.2,38.5,6.7,1159,865,60,-26.58,1814
1914,5504847,NA,37.6553,-122.0567,-9999,13.5,15.7,19.9,19.3,20.4,22.8,23.4,23.9,23.5,21.9,20.5,11.9,6.2,5,7.4,7.9,9.4,9.8,11.3,11.6,10.5,9.5,4.9,3.3,9.9,10.4,13.7,13.6,14.9,16.3,17.4,17.8,17,15.7,12.7,7.6,346,170,32,61,18,11,1,1,1,31,62,164,-51.1,11.4,18.3,20.8,16.6,23,33.2,28,39.2,17.5,-28.3,-42.6,5,4,1,0,0,0,0,0,0,0,1,9,146,144,253,252,310,338,385,396,360,332,221,92,257,209,147,145,114,75,46,44,66,96,168,319,0,0,6,5,10,24,28,36,36,13,0,0,29,25,30,29,31,30,31,31,30,31,26,24,2,0,0,0,0,0,0,0,0,0,0,2,33.94,49.898,86.803,99.736,118.948,136.116,136.75,126.096,101.762,76.147,56.049,30.794,0,0,54.635,38.95,101.414,125.008,136.2,125.017,100.594,45.562,0,0,76,66,61,64,66,61,63,63,61,62,53,72,30.35,11.39,-4.43,-1.07,-5.76,-8.05,-9.18,-9.42,-9.39,-5.49,-2.39,12.92,14.1,19.9,23.4,22,5.2,8.2,10.9,8.3,9.6,14.1,17.1,15.1,702,110,13,94,-27.4,18.6,28.1,9.4,16,2,0,1,408,815,1119,913,752,406,166,330,0,21,88,49,81,91,92,87,4,0,0,0,116,305,399,234,0,195,386,146,71,64,62,59,54.66,-11.26,-26.66,-17.27,13.9,17.8,7.6,10.1,897,31,26.6,565,21,3228,1687,157,348,31,345,314,4,-9,37.1,7.2,1054,727,64,-0.53,1596
1914,1176,NA,34.03974,-118.589581,-9999,17.7,19.8,21.6,20.2,18.6,21.6,22.4,23.8,23.8,23.5,24.2,16.8,9.7,8.7,10.8,11.2,12.2,12.7,14.3,14.4,14.4,14.3,11.4,8.2,13.7,14.3,16.2,15.7,15.4,17.2,18.4,19.1,19.1,18.9,17.8,12.5,329,183,27,46,13,2,0,2,1,18,20,128,-52.9,12.5,17.7,19,25.1,19.3,39.6,31.3,41.7,19.2,-28,-43.7,2,1,1,0,0,0,0,0,0,0,0,2,251,243,328,314,324,364,415,437,422,429,369,217,148,116,86,93,102,58,31,26,36,39,56,180,8,8,22,15,11,34,43,60,68,52,41,3,31,28,31,30,31,30,31,31,30,31,30,31,0,0,0,0,0,0,0,0,0,0,0,0,46.841,64.614,94.134,98.862,94.158,118.144,117.26,118.767,98.104,79.248,68.122,43,0,0,67.564,52.624,80.911,115.708,117.131,117.189,97.055,60.822,47.734,0,75,66,67,72,80,72,75,72,72,72,62,69,27.26,11.11,-5.25,-2.17,-4.09,-7.12,-7.34,-8.28,-8.35,-6.38,-7.73,7.33,18.4,20.1,22.6,23.8,8.8,11.4,13.8,13.4,13.6,15.7,18.2,18.6,649,86,4,40,-28,20.6,30.1,11,5,1,0,0,724,966,1216,1221,433,281,115,131,21,48,136,160,90,92,92,91,1,0,0,0,158,287,354,245,0,201,350,206,70,73,73,68,45.69,-11.5,-22.73,-22.46,16.5,19.1,12.5,6.6,770,18,34.4,1035.4,7,4114,971,363,365,0,365,365,1,0.7,38.9,8.4,1044,757,71,-11,2369
1914,3904095,NA,34.533002,-117.283871,-9999,14.7,17.3,21.7,23.1,26.3,31.1,35.3,35.4,31.6,25.6,21.8,10.6,0.8,1.4,4.4,6.2,9.2,12.6,16.2,15.7,12,8.5,4,-2.9,7.7,9.3,13,14.6,17.7,21.9,25.7,25.5,21.8,17,12.9,3.8,67,54,7,23,6,5,2,2,2,5,2,34,-53.7,15.3,22.2,25.4,14.9,28.4,29.3,29.7,41,17.7,-28.3,-43.2,9,5,2,0,0,0,0,0,0,0,1,25,109,134,250,289,394,506,641,634,502,373,238,38,322,238,165,118,54,10,1,1,15,67,163,436,0,0,8,16,44,122,240,234,127,36,7,0,17,17,27,28,31,30,31,31,30,30,25,8,1,0,0,0,0,0,0,0,0,0,0,2,49.262,64.371,106.958,130.43,164.625,192.156,217.16,201.282,150.674,101.527,68.127,37.846,0,10.658,99.652,107.023,158.341,187.29,214.959,199.61,148.78,96.813,66.542,3.95,56,51,49,50,51,49,49,47,46,50,48,55,1.26,-2.02,-9.59,-8.77,-12.71,-17.4,-22.36,-22.72,-18.51,-12.39,-10.35,0.51,15.1,23.7,33.9,26.3,0.6,6.6,14.8,8.2,7.8,15.1,24.4,17.2,131,37,9,8,-27.2,20.8,29.1,10.1,28,2,0,1,320,932,1781,1112,918,337,12,246,0,68,596,170,48,85,92,85,1,0,0,0,156,402,611,320,43,365,602,312,54,50,48,48,-0.25,-31.08,-62.48,-41.26,15.9,25.7,3.8,21.9,208,17,124.6,1521.6,43,4107,1592,834,304,88,318,230,2,-19.6,45.5,8.2,1489,1322,50,-135.05,2485
1914,3440200,NA,35.098215,-120.579118,-9999,17.4,17.5,19.8,18.5,17.2,18.5,19.5,20.9,19.5,21.2,23.2,15.6,6.8,6,6.9,7.1,9,9.9,10.6,10.6,9.8,8.9,6.2,4.4,12.1,11.8,13.4,12.8,13.1,14.2,15,15.7,14.6,15,14.7,10,268,123,25,26,6,3,0,1,2,20,44,151,-53.9,12.7,19.3,21.3,22.4,20.8,39.4,30.1,40.6,18.6,-28.7,-43.9,3,3,1,1,0,0,0,0,0,0,0,5,202,171,242,230,256,276,312,334,289,312,278,147,189,179,155,168,163,123,100,85,117,112,116,245,2,0,2,0,0,9,9,15,16,4,6,0,30,27,30,29,31,30,31,31,30,31,28,27,1,0,0,0,0,0,0,0,0,0,0,0,49.119,58.881,92.439,100.152,98.951,105.538,111.294,112.385,85.94,79.729,69.087,43.157,0,0,67.271,74.112,93.43,102.879,111.244,111.133,83.774,59.566,24.939,0,66,64,60,64,74,73,72,68,70,62,50,62,20.67,5.94,-5.13,-4.12,-4.96,-5.78,-6.47,-7.34,-6.47,-6.07,-5.89,9.41,17.1,18.5,19.6,21.3,5.7,7.7,10.3,8.3,11.4,13.1,15,14.8,529,57,4,66,-28.4,21,30.1,10.2,10,2,0,1,530,728,922,879,602,486,309,345,2,2,33,26,83,90,92,88,1,0,0,0,153,292,329,235,0,235,325,168,64,66,71,61,36.02,-14.22,-19.6,-18.43,13.6,15.7,10,5.7,670,12,35.2,1352,13,3050,1753,63,353,26,345,319,2,-8.6,35.5,8.2,1009,728,66,-16.23,1381
1914,3425410,NA,37.898448,-122.313558,-9999,13.4,16.3,20.5,18.8,18.8,20.2,19.8,20.5,21.2,21.1,20.5,12.1,7.4,6.3,8.7,9.3,10.3,10.4,11.6,11.8,11,10.2,6.1,4.2,10.4,11.3,14.6,14.1,14.6,15.3,15.7,16.2,16.1,15.7,13.3,8.2,373,174,31,57,17,8,0,1,2,33,49,153,-50.2,10.8,17.7,19.1,19.9,21.2,39.5,29.7,39.5,17.8,-28.1,-42.4,5,3,1,0,0,0,0,0,0,0,1,8,157,161,278,265,299,309,333,347,333,332,236,103,241,192,123,133,124,98,83,76,83,96,153,302,0,0,10,6,7,15,12,18,27,11,1,0,31,27,31,30,31,30,31,31,30,31,28,26,2,0,0,0,0,0,0,0,0,0,0,1,30.754,49.216,86.267,92.251,103.317,114.508,106.663,101.132,87.267,70.739,54.445,29.745,0,0,55.333,35.658,85.884,106.321,106.341,100.482,85.716,37.651,5.412,0,80,68,64,70,73,70,74,73,69,66,56,75,33.47,11.78,-4.56,-0.77,-4.4,-6.19,-6.33,-6.75,-7.35,-4.39,-3.4,11.75,14.2,19.4,20.2,20.9,6.4,9.4,11.3,9.1,10.3,14.4,15.7,15,738,105,9,84,-27.3,18.9,30.1,9.7,14,1,0,1,448,842,989,901,701,380,256,332,0,24,46,39,86,92,92,88,3,0,0,0,111,282,322,212,0,177,313,129,74,69,72,64,57,-9.73,-19.27,-15.13,13.8,16.2,8.2,8,898,28,26.5,574.5,18,3153,1702,109,356,10,353,343,4,-6.4,34.6,7.9,927,619,70,12.87,1509
1914,231694,NA,36.950879,-122.066217,-9999,15.3,17.1,20.8,19,19.3,21.2,20.1,19.9,21.1,21.3,22.1,14.1,5.8,4.2,6.5,6.9,8.6,9,10.6,11,8.9,7.8,3.6,2.8,10.5,10.7,13.7,13,14,15.1,15.3,15.4,15,14.6,12.9,8.4,447,229,43,66,20,11,2,2,2,33,55,203,-52.7,12.9,20,21.7,17.7,22.8,38,29.8,39.5,17.7,-29,-43.5,4,4,1,1,0,0,0,0,0,0,1,7,159,147,249,233,281,302,322,325,301,298,223,107,237,201,148,163,140,103,92,92,108,124,164,295,0,0,4,1,3,14,10,13,18,2,0,0,29,24,30,29,30,30,31,31,29,30,24,23,2,1,0,0,0,0,0,0,0,0,0,1,40.849,56.424,94.467,101.583,114.058,127.333,114.233,101.412,94.347,78.373,63.278,37.494,0,0,51.363,35.327,94.308,116.378,112.514,99.911,92.209,45.429,8.035,0,69,60,56,62,67,63,71,72,63,59,46,62,39.46,16.44,-4.1,-0.48,-4.88,-6.93,-6.65,-6.48,-7.81,-5.16,-4.42,15.68,15.8,19.7,20.4,21.5,4.5,7.3,10.2,6.8,10.2,13.5,15.3,14.1,904,129,14,90,-27.8,19.8,30.2,9.4,14,2,0,1,436,764,948,822,705,451,287,396,0,9,37,21,77,89,92,83,4,0,0,0,137,310,343,236,0,181,329,146,64,62,68,56,71.58,-9.45,-20.06,-17.39,13.2,15.4,8.4,7,1112,36,20.9,428.1,19,2947,1866,66,339,48,331,283,4,-10.2,34.8,7.9,1026,655,63,24.68,1318
1915,2275918,NA,37.42756,-122.17152,-9999,14.3,14.8,19.4,19.7,20.5,25.3,27.1,28.1,26.7,24.9,18.3,15.2,4.4,6.8,7,8.7,8.7,8.7,11.9,11.9,9.7,8,5.5,4.5,9.4,10.8,13.2,14.2,14.6,17,19.5,20,18.2,16.5,11.9,9.9,175,237,88,52,53,1,1,1,1,3,37,156,-52.4,9.7,18.3,20.5,15.7,23.8,27.9,25.4,38.1,16.3,-27.3,-43.6,6,4,1,0,0,0,0,0,0,0,1,5,134,154,240,269,300,360,448,464,396,356,198,147,273,197,160,130,123,61,19,17,47,79,188,250,0,0,5,8,8,32,65,80,53,20,0,0,26,27,30,30,30,30,31,31,29,30,27,27,1,1,0,0,0,0,0,0,0,0,0,1,39.041,44.249,85.704,100.239,122.341,157.01,162.422,154.39,120.767,91.394,50.008,37.809,0,0,0,48.649,69.648,156.31,161.029,153.544,119.598,88.443,13.3,0,68,74,62,66,63,52,56,54,51,51,60,68,12.74,18.92,1.42,-2,-2.44,-11.39,-12.08,-13.19,-12.34,-10.99,-3.32,10.22,14,19.9,26.8,23.3,4.8,8.1,10.8,7.8,9.4,14,18.8,15.5,558,192,3,41,-28.8,18.2,25.7,9.1,18,2,0,1,392,809,1272,950,775,412,98,314,0,20,177,73,78,90,92,87,3,0,0,0,117,308,474,262,0,118,471,221,70,64,54,54,41.87,-3.02,-36.67,-26.64,14.6,20,9.4,10.6,804,57,30.6,351.8,18,3467,1543,270,349,27,340,313,3,-8.2,38.5,6,1161,811,60,-24.46,1807
1915,5504847,NA,37.6553,-122.0567,-9999,13.2,13.7,18.4,17.8,18.2,23.1,24.8,26.3,25.1,23.8,17.8,14.3,4,6.7,7,8.6,8.6,8.8,11.8,12.1,10.3,8.5,5.9,4.6,8.6,10.2,12.7,13.2,13.4,16,18.3,19.2,17.7,16.1,11.8,9.5,197,253,105,63,68,1,1,1,1,3,46,179,-51.7,9,17.5,18.8,19.5,22,31.4,26.8,38.8,16.7,-26.9,-43.2,7,4,2,1,0,0,0,0,0,0,1,6,116,140,224,241,264,329,413,440,380,346,195,137,295,214,174,156,155,82,32,25,54,85,191,262,0,0,3,4,2,21,42,62,45,17,0,0,26,27,30,30,30,30,31,31,30,30,28,27,2,1,0,0,0,0,0,0,0,0,0,1,36.208,40.303,80.623,88.434,106.019,141.1,145.748,140.822,110.917,85.534,47.518,34.989,0,0,0,25.687,38.362,140.045,144.506,139.753,109.705,82.757,1.512,0,70,77,64,71,70,57,61,58,56,55,63,71,15.6,21.03,3.75,0.25,0.5,-9.55,-10.17,-11.39,-10.83,-10.01,-2.02,13.06,13,18.2,24.7,22.2,4.7,8.1,10.9,8.2,8.8,13.1,17.8,15.2,615,236,3,50,-28.6,18.6,26.7,9.5,21,2,0,1,349,729,1182,921,829,485,139,331,0,8,125,62,77,90,92,87,4,0,0,0,107,275,428,244,0,64,424,194,73,68,59,58,49.69,4.5,-31.1,-22.86,13.9,19.2,8.6,10.6,918,72,26,265.7,21,3226,1726,195,349,23,343,320,5,-9,37.1,6.6,1054,682,64,0.23,1601
1915,1176,NA,34.03974,-118.589581,-9999,17.3,17.5,20.5,18.3,19.3,23.2,23.8,27,22.5,24.9,21.6,19,8.8,9.4,9.3,11.6,11.7,13.1,15.1,16.4,13.8,12.1,9,8.5,13,13.4,14.9,15,15.5,18.1,19.4,21.7,18.2,18.5,15.3,13.7,190,204,57,48,34,1,0,2,2,1,64,96,-53,10.5,18,16.7,23.3,20.2,38.3,30.7,41.8,18.5,-27.5,-44.3,2,2,1,0,0,0,0,0,0,0,0,2,236,222,292,294,328,394,448,516,395,417,299,256,164,136,115,110,99,42,19,8,47,44,102,147,7,5,13,11,13,48,65,120,52,47,14,10,31,28,31,30,31,30,31,31,30,31,30,31,0,0,0,0,0,0,0,0,0,0,0,0,47.246,53.699,92.368,83.748,103.459,129.492,125.924,135.335,92.368,92.926,63.138,49.522,0,0,35.402,35.736,69.594,128.723,125.855,133.685,90.653,91.498,0,0,73,74,65,79,76,69,73,69,73,62,61,73,13.35,14.82,-1.86,-0.66,-2.67,-8.4,-8.22,-10.42,-7.5,-10.09,-2.01,2.9,17.2,19.4,24.7,23,8.8,10.9,14.8,11.6,13,15.1,19.8,17.3,522,139,2,68,-28.9,19.3,29.7,10.9,6,1,0,0,677,914,1358,1111,480,323,70,194,16,36,233,113,90,92,92,91,1,0,0,0,144,280,391,248,0,141,388,182,73,73,70,65,31.07,-5.19,-27.03,-19.6,16.4,21.7,13,8.6,699,38,37.8,569.2,7,4096,1034,404,365,0,362,362,1,0.7,38.9,7.8,1063,711,70,-20.76,2328
1915,3904095,NA,34.533002,-117.283871,-9999,12.6,13.7,20.1,21.1,24.4,32.7,35,37.2,30.1,28.4,19.2,14.6,-1.4,0.8,3.5,6.5,7.7,12.6,15.8,15,11.2,7,1.3,-1.4,5.6,7.2,11.8,13.8,16.1,22.7,25.4,26.1,20.6,17.7,10.3,6.6,45,55,15,23,24,1,1,9,8,1,9,33,-52.7,13.8,21.8,23.8,16.2,28.3,29.5,29,41.3,16.9,-27.7,-44.1,17,10,2,0,0,0,0,0,0,0,2,12,65,88,212,263,344,530,631,651,468,393,165,81,389,297,197,140,86,7,1,1,22,56,233,352,0,0,4,11,24,145,230,251,100,44,0,0,11,16,25,28,30,30,31,31,30,29,18,11,1,1,0,0,0,0,0,0,0,0,0,1,45.123,53.662,100.578,118.098,155.272,204.337,215.366,216.423,143.754,115.804,62.379,46.271,0,0,85.57,95.56,131.648,203.058,214.43,207.477,136.014,115.207,53.537,13.744,54,58,50,56,51,46,49,42,47,41,46,54,0.59,0.76,-7.78,-7.14,-9.58,-19.94,-22.07,-25.32,-16.28,-16.22,-8.15,-1.84,12.3,21.9,34.9,25.9,-1.2,5.9,14.5,6.5,5.5,13.9,24.7,16.2,134,61,11,17,-27.7,20.6,28.9,10.2,51,3,0,2,191,819,1812,1026,1123,424,9,311,0,39,626,144,34,83,92,77,4,0,0,0,137,374,636,322,4,313,625,305,56,52,46,45,-0.48,-24.51,-67.33,-40.65,15.3,26.1,5.6,20.5,222,43,114,613,43,3890,1783,809,291,98,308,210,4,-19.6,45.5,8,1469,1246,49,-132.98,2321
1915,3440200,NA,35.098215,-120.579118,-9999,17.1,16.7,19.2,18.6,16.3,21,21,22.4,20.8,22.6,20.9,18,4.8,6.5,5.9,8.4,8.4,9.4,11.4,12.3,9.1,8.1,5.6,4.8,11,11.6,12.5,13.5,12.3,15.2,16.2,17.4,15,15.3,13.2,11.4,160,258,66,87,62,1,0,1,1,6,80,76,-54.3,11.8,19.7,20.2,23.4,20.6,37.8,29.9,40.4,18.1,-28,-44.6,4,3,2,0,0,0,0,0,0,0,1,3,171,168,217,250,232,306,347,384,300,321,234,183,223,185,178,148,185,100,71,51,109,104,154,209,0,0,0,3,0,15,15,31,18,6,0,0,27,27,29,30,30,30,31,31,29,30,27,27,1,0,0,0,0,0,0,0,0,0,0,0,50.872,55.044,91.462,97.38,94.445,126.473,119.96,116.543,95.268,87.529,62.579,49.153,0,0,25.462,10.292,32.453,125.556,119.914,115.356,94.183,81.934,0,0,61,67,59,68,75,64,70,69,64,56,54,64,9.57,19.94,-0.88,2.19,1.07,-7.78,-7.29,-7.94,-7.66,-8.81,-0.71,0.65,16.5,18,21.5,21.4,5.2,7.5,11,7.6,10.9,12.8,16.3,14.5,568,215,2,86,-29,21.1,29.4,10.2,12,2,0,1,487,699,1038,855,652,512,222,367,0,3,61,25,81,89,92,87,1,1,0,0,149,283,363,245,0,68,361,176,64,67,68,58,30.16,2.38,-23.01,-17.17,13.7,17.4,11,6.4,797,65,29.8,266.4,13,3113,1718,88,349,28,337,309,2,-8.6,35.5,7.9,1041,605,64,-7.64,1450
1915,3425410,NA,37.898448,-122.313558,-9999,13.3,14.1,18.9,17.4,16.9,20.9,21.4,22.9,22.7,23.2,17.7,14.4,5.1,7.8,8.1,9.8,9.5,9.5,12.1,12.4,10.7,9.1,7.1,5.8,9.2,11,13.5,13.6,13.2,15.2,16.8,17.7,16.7,16.2,12.4,10.1,227,274,106,55,65,1,1,1,1,3,45,178,-51.3,8.4,16.9,17.2,22.6,20.4,37.1,28.6,39.2,16.8,-26.7,-43,6,3,1,0,0,0,0,0,0,0,1,5,129,155,246,253,257,305,366,393,351,347,210,151,276,193,152,145,163,100,58,46,71,85,176,243,0,0,5,5,0,15,21,35,33,16,0,0,28,28,31,30,31,30,31,31,30,31,29,29,2,1,0,0,0,0,0,0,0,0,0,1,34.611,38.751,79.955,81.144,91.972,122.623,117.469,115.574,96.55,81.747,45.392,33.381,0,0,0,26.088,27.346,121.908,116.569,114.949,95.354,78.265,0.361,0,73,79,66,76,76,65,71,68,64,58,66,74,18.56,23.21,3.82,0.09,1.28,-7.63,-7.26,-8.3,-8.62,-9.26,-1.77,13.08,13.2,17.7,21.7,21.2,5.7,9.1,11.4,9,9.5,13.4,16.5,15.1,653,226,2,50,-28.6,18.9,28.7,9.8,18,2,0,1,386,755,1064,908,771,459,204,333,0,10,70,49,82,92,92,89,3,0,0,0,103,253,356,224,0,53,353,174,75,73,68,63,54.85,5.19,-23.18,-19.65,13.8,17.7,9.2,8.4,956,68,24.9,259.3,17,3161,1708,128,357,3,350,347,4,-6.4,34.6,7.2,936,581,70,17.21,1521
1915,231694,NA,36.950879,-122.066217,-9999,15.2,15.6,19.4,18,17.4,20.9,21.6,22.7,22.7,22.7,19.4,16.2,3.8,6.1,6.1,7.8,7.8,7.6,11.2,11,8.5,6.8,4.2,3.6,9.5,10.8,12.7,12.9,12.6,14.2,16.4,16.8,15.6,14.8,11.8,9.9,283,386,106,85,89,2,4,2,2,4,67,196,-53.3,10.8,19.2,19.8,20.2,22,36,28.4,39.1,17.1,-27.9,-44.1,6,4,2,1,0,0,0,0,0,0,1,5,134,151,222,231,240,276,354,367,319,304,192,145,269,197,173,165,178,123,66,62,94,118,191,249,0,0,1,1,0,9,17,24,23,4,0,0,25,27,29,29,30,29,31,31,29,29,25,25,2,1,0,0,1,0,0,0,0,0,0,1,43.04,48.778,88.279,92.583,103.188,129.696,123.44,120.839,103.74,85.531,55.149,41.867,0,0,0,7.605,14.108,128.097,119.215,119.302,101.651,81.24,0,0,63,69,59,68,70,59,68,64,57,53,54,63,23.01,33.38,3.05,2.28,3.05,-8.02,-7.29,-8.48,-9.13,-9.31,-1.19,13.53,14.9,18.2,21.7,21.6,4.2,7.3,9.9,6.5,9.6,12.7,15.8,14.1,873,280,7,73,-28.8,19.7,28.8,9.4,17,2,0,2,392,693,998,815,760,516,251,404,0,2,51,26,74,89,91,83,4,1,0,0,129,284,374,244,0,22,367,183,65,66,64,55,69.92,8.38,-23.78,-19.62,13.2,16.8,9.5,7.3,1226,99,18.9,170.8,18,2935,1885,80,340,41,328,287,5,-10.2,34.8,7.3,1032,571,62,34.88,1313
1916,2275918,NA,37.42756,-122.17152,-9999,11.3,17.8,19.5,22.3,22.1,25.2,28.4,26,26.3,19.1,17.8,13.1,4.1,7.8,6.9,6.8,6.8,9.6,10.3,11,10.2,7.7,3.5,2.2,7.7,12.8,13.2,14.5,14.5,17.4,19.4,18.5,18.2,13.4,10.7,7.7,368,98,69,16,5,0,2,8,34,62,62,159,-50.3,10.9,18.5,24.1,12,26.9,25,26.5,38.3,18.2,-27.4,-43.2,9,2,1,0,0,0,0,0,0,0,2,9,97,204,240,279,296,371,445,418,397,262,167,95,323,153,161,121,126,54,20,33,46,156,220,317,0,4,5,10,7,37,63,48,53,0,0,0,26,28,30,29,29,30,31,31,30,30,24,21,5,0,0,0,0,0,0,0,0,0,0,2,31.448,52.727,86.214,119.835,138.606,154.368,176.869,142.597,117.805,68.213,50.615,35.004,0,0,17.218,103.937,133.61,153.911,174.936,134.354,84.132,6.445,0,0,76,68,61,54,54,54,49,56,53,65,56,65,33.62,3.6,-0.51,-7.84,-8.83,-11.14,-13.88,-10.65,-8.59,-0.77,-0.85,11.82,14.8,21.3,26.5,21.1,5.4,6.8,10.3,7.2,10.1,14.1,18.4,14.1,621,90,11,158,-27.5,18.2,26.1,9.7,16,2,0,2,449,814,1234,826,726,408,108,422,4,22,148,53,80,88,92,83,6,0,0,1,122,345,474,237,0,255,463,91,70,56,53,58,49.04,-17.19,-35.67,-10.21,14,19.4,7.7,11.7,882,49,27.2,392.6,25,3270,1730,227,338,62,336,274,6,-8.2,38.5,6.6,1177,809,59,-14.03,1663
1916,5504847,NA,37.6553,-122.0567,-9999,10.5,16.8,18.4,20.8,20.2,23.2,26.4,24.3,24.7,18,17.3,12.1,3.9,7.6,6.7,6.8,6.7,9.5,10.7,11.3,10.8,8,3.9,2.5,7.2,12.2,12.6,13.8,13.5,16.4,18.6,17.8,17.8,13,10.6,7.3,427,121,83,20,7,1,2,11,37,67,80,180,-49.7,10.3,17.7,23,15,25.3,28.3,27.7,38.9,18.6,-27.1,-42.8,11,2,2,0,0,0,0,0,0,0,2,10,85,187,221,257,266,341,421,398,383,250,164,86,339,168,177,141,154,74,29,43,53,166,223,329,0,2,3,6,2,25,46,37,46,0,0,0,25,28,30,29,29,30,31,31,30,30,24,22,7,0,0,0,0,0,0,0,0,0,1,2,29.106,49.017,81.228,111.149,125.784,139.819,161.161,129.52,107.766,62.791,48.264,32.168,0,0,0,90.781,118.45,138.925,159.284,118.351,70.784,0,0,0,78,71,63,57,59,59,54,61,59,68,58,68,39.95,6.5,1.44,-6.4,-7.3,-9.47,-11.9,-8.81,-6.78,0.42,1.31,14.42,13.9,19.8,24.6,20,5.4,6.7,10.5,7.6,9.6,13.3,17.6,13.8,727,111,14,184,-27.4,18.6,27.1,10.1,19,2,0,2,410,744,1159,798,770,471,146,442,2,11,108,46,80,88,92,84,8,0,0,1,113,318,431,219,0,209,417,71,72,60,58,62,60.88,-12.26,-30.18,-5.05,13.4,18.6,7.2,11.4,1038,58,22.5,318.7,28,3059,1895,168,339,60,338,278,8,-9,37.1,7.1,1081,697,63,13.39,1484
1916,1176,NA,34.03974,-118.589581,-9999,15.3,20.5,21.5,20.9,20,21.8,23.2,23.8,23.7,19.1,20.6,16.5,8.2,10.2,10.3,10.2,10.6,12.1,14.1,15,14,11.2,8.3,6.9,11.8,15.3,15.9,15.5,15.3,16.9,18.7,19.4,18.9,15.2,14.4,11.7,379,112,80,13,6,3,0,6,34,44,53,120,-51.6,12,18,20.5,21.3,21.6,38.3,31.4,41.7,19.8,-27.3,-43.8,3,1,1,0,0,0,0,0,0,0,0,3,193,273,321,311,320,357,424,446,415,316,271,194,198,93,92,96,105,63,27,23,38,108,124,200,2,15,20,15,10,31,49,67,64,6,7,2,31,28,31,30,31,30,31,31,30,31,30,31,1,0,0,0,0,0,0,0,0,0,0,0,41.344,64.315,94.799,107.015,114.201,122.045,126.065,115.748,99.008,66.175,60.582,44.391,0,0,14.748,93.54,107.873,118.728,126.028,110.103,65.296,21.971,7.439,0,77,68,66,67,71,70,72,73,71,75,62,67,33.25,3.96,0.06,-6.2,-6.2,-7.32,-8.11,-7.64,-5.15,-1.66,-2.55,6.38,18.2,20.8,22.9,21.1,8.9,10.4,13.7,11.2,13.6,15.6,18.3,16.2,588,100,9,131,-27.8,19.9,30.5,11.4,6,1,0,1,722,952,1228,1003,439,293,113,270,26,45,146,77,90,92,92,91,1,0,0,0,155,316,364,226,0,216,355,95,71,68,72,69,43.59,-12.35,-23.07,-9.36,15.7,19.4,11.7,7.7,852,49,30.2,395.4,9,3843,1167,286,364,0,362,362,1,0.7,38.9,8.5,1061,666,70,-1.19,2108
1916,3904095,NA,34.533002,-117.283871,-9999,10.1,18.1,22.4,24.3,26.1,32.9,35.2,34.3,31.2,21.6,18.9,12.2,-1.9,2,4.7,6,7.7,12.1,15.2,14.3,10.8,4.8,0.6,-3.1,4.1,10.1,13.6,15.2,16.9,22.5,25.2,24.3,21,13.2,9.7,4.6,107,19,18,3,5,0,10,4,14,13,9,34,-51.3,15.4,22.6,26.2,14.5,29.8,29.1,29.9,40.9,18.3,-27.7,-43.6,25,4,1,0,0,0,0,0,0,0,3,21,44,150,265,304,370,524,625,597,479,257,153,47,434,218,151,105,68,8,1,2,20,160,249,414,0,0,10,19,34,140,224,196,109,7,0,0,10,19,27,28,30,30,31,31,30,27,16,7,6,0,0,0,0,0,0,0,0,0,0,1,39.048,66.755,110.323,137.711,167.004,207.358,219.178,197.489,150.979,89.59,62.026,41.6,0,47.546,92.03,134.814,161.904,207.039,209.232,193.317,136.559,76.659,52.663,7.706,60,51,48,47,47,44,47,46,44,50,45,49,7.92,-6.28,-9.07,-11.93,-13.08,-20.54,-21.81,-21.42,-17.21,-8.91,-7.87,-0.2,14.3,24.3,34.2,23.9,-0.4,6.2,13.9,5.4,6.9,15.2,24,14.7,158,26,14,37,-26.5,21.1,29.6,10.5,41,2,0,3,275,939,1746,889,1003,323,11,428,0,62,561,116,40,85,92,73,6,0,0,0,152,415,624,303,61,389,610,266,53,47,46,46,1.43,-34.09,-63.78,-34,15,25.2,4.1,21.1,237,34,105.6,742.5,54,3816,1828,739,286,99,303,203,7,-19.6,45.5,8.7,1494,1326,48,-130.44,2257
1916,3440200,NA,35.098215,-120.579118,-9999,14.7,19.9,19.6,19.6,17.4,19.4,21.2,20.3,21,17.9,18.8,16.7,3.6,7.8,7.5,7.2,7.1,8.6,10,10.5,9.9,7.8,3,2.9,9.1,13.8,13.6,13.4,12.3,14,15.6,15.4,15.4,12.9,10.9,9.8,280,60,136,88,11,8,0,5,30,67,66,165,-53,12.9,18.6,22.1,20.5,22.7,36.5,30.3,40.5,19.3,-27.5,-44.4,6,2,1,0,0,0,0,0,0,0,2,5,125,229,248,247,229,269,329,324,314,246,169,143,279,126,150,151,188,129,86,93,98,170,214,252,0,5,3,2,0,8,11,13,21,0,0,0,25,28,30,29,30,30,31,31,30,30,22,23,2,0,0,0,0,0,0,0,0,0,0,1,45.239,64.613,90.077,106.443,107.839,117.376,127.053,108.213,94.261,67.268,58.834,47.489,0,4.433,0,18.198,96.591,109.875,126.985,102.81,64.148,0.426,0,0,64,62,62,62,67,66,66,70,66,68,52,59,23.03,-1.48,6.27,1.42,-4.97,-6.21,-7.82,-6.51,-4.69,0.51,-1.21,10.09,17.5,18.9,20.3,19.2,5.4,7.3,9.7,6.9,11.5,13.1,15,13.1,416,236,13,163,-28.2,20.4,29.8,10.7,11,2,0,2,538,724,922,728,615,489,307,482,5,6,33,21,80,89,91,82,2,0,0,1,159,304,353,220,4,115,340,65,62,64,67,62,31.63,2.72,-20.54,-5.39,13,15.6,9.1,6.4,918,54,25.1,286.9,17,2872,1935,65,338,53,336,283,3,-8.6,35.5,8.2,1036,523,64,8.42,1250
1916,3425410,NA,37.898448,-122.313558,-9999,10.2,17,19,20.5,19.2,20.8,22.9,21,22.4,17.2,17.2,12.4,4.8,8.9,7.6,8,7.7,10.3,11.2,11.8,11.4,8.8,5.2,3.5,7.5,12.9,13.3,14.2,13.5,15.6,17.1,16.4,16.9,13,11.2,8,452,119,71,10,8,2,2,8,42,56,75,157,-48.9,9.5,17.3,21.7,17,23.5,33.7,29.4,39.3,19,-26.8,-42.7,10,2,1,0,0,0,0,0,0,0,2,8,89,205,241,270,266,316,375,353,356,251,176,99,329,149,157,129,154,92,52,71,68,165,206,308,0,4,5,8,2,17,24,20,35,0,0,0,27,28,31,29,30,30,31,31,30,30,27,25,7,0,0,0,0,0,0,0,0,0,0,1,26.368,46.875,81.229,106.146,115.782,119.936,133.188,104.747,92.913,57.337,46.438,31.327,0,0,9.943,95.965,107.932,117.943,131.375,96.341,50.86,0.906,0,0,82,74,65,61,64,67,64,71,66,73,62,72,42.65,6.55,0.22,-6.85,-6.27,-7.3,-8.61,-6.32,-4.08,0.07,1.14,12.05,13.9,19.6,21.6,18.9,6.5,7.8,11.1,8.5,10.2,13.7,16.3,13.7,750,89,12,174,-27.4,18.7,28.9,10.5,17,2,0,2,447,776,1044,783,722,440,215,439,4,14,61,35,84,90,92,87,7,0,0,1,107,303,358,197,0,214,346,52,76,63,68,67,61.25,-12.9,-22.23,-2.87,13.3,17.1,7.5,9.6,1005,62,23.2,274.7,24,2997,1882,113,348,38,346,308,8,-6.4,34.6,7.7,964,611,68,23.26,1409
1916,231694,NA,36.950879,-122.066217,-9999,12.1,18.6,19.5,19.8,18.2,20.2,22.3,20.4,22.3,17.1,18.5,14.2,3.4,6.9,6.4,6,6.1,8.1,9,9.9,8.8,6.6,2,1.5,7.7,12.8,12.9,12.9,12.2,14.2,15.6,15.1,15.6,11.8,10.3,7.8,593,151,112,52,9,1,6,8,55,76,93,228,-51.2,12.1,19.1,23.1,17.4,24.3,33.2,29.3,39.2,18.8,-27.8,-43.7,9,2,2,1,0,0,0,0,0,1,2,9,93,200,229,230,227,275,331,315,318,214,154,94,322,153,167,166,190,124,85,100,95,197,233,313,0,2,2,1,0,9,12,11,22,0,0,0,24,28,29,28,29,30,31,31,29,29,20,19,8,0,0,0,0,0,0,0,0,0,1,2,35.127,57.907,88.461,108.219,114.964,123.674,137.034,108.953,101.045,63.215,54.506,38.973,0,0,0,56.714,105.924,122.797,131.045,100.725,46.072,0,0,0,71,63,59,57,62,63,60,67,59,67,50,60,55.78,8.26,3.64,-2.67,-5.89,-7.52,-8.3,-6.44,-3.46,1.63,1.56,18.1,15.6,19.2,21,19.3,4.6,6.1,9,5.8,10.1,12.7,15,12.5,940,172,15,224,-27.6,19.9,28.9,10.1,16,2,0,3,438,686,921,685,724,523,308,525,2,3,32,22,77,86,91,78,9,0,0,1,135,312,370,219,0,163,355,46,65,60,63,59,82.14,-4.92,-22.26,-0.27,12.4,15.6,7.7,7.9,1383,79,16.2,197.7,25,2678,2144,60,327,77,324,247,9,-10.2,34.8,7.8,1035,563,61,54.69,1129
1917,2275918,NA,37.42756,-122.17152,-9999,13.1,16.2,16.8,20.4,20.6,27.7,28.8,25.4,27.8,24.4,20.1,17.6,1.6,4.4,2.8,5.7,7.1,8.2,11.6,11.6,11.2,9,7,5.1,7.4,10.3,9.8,13.1,13.8,17.9,20.2,18.5,19.5,16.7,13.6,11.4,112,258,98,55,11,1,1,1,9,0,69,130,-52.4,12.1,19.5,23.7,14.5,25.3,25.2,27,37.9,16.6,-27.8,-44.3,10,4,4,1,0,0,0,0,0,0,1,3,90,145,148,236,278,388,470,418,435,363,249,188,333,211,255,161,143,45,14,33,32,74,145,210,0,0,0,4,5,45,82,48,76,24,6,3,19,24,23,28,30,30,31,31,30,31,29,28,2,1,0,0,0,0,0,0,0,0,0,0,39.124,52.612,81.041,111.363,127.558,174.752,176.316,136.659,123.679,87.773,53.364,42.897,0,0,0,56.545,116.972,173.795,175.687,135.552,114.986,87.523,0,0,62,62,56,55,59,45,51,59,53,55,60,64,7.1,19.85,3.25,-2.82,-7.08,-13.77,-14.04,-10.62,-12.25,-10.55,-0.91,6.39,14.2,19.3,27.3,24.1,2.8,5.2,10.5,9.1,8.5,12.2,18.9,16.6,529,163,3,78,-28.2,19.2,25.8,8.9,23,5,0,1,331,662,1277,1046,862,559,92,251,0,8,176,106,65,81,91,89,4,0,0,0,127,320,488,265,0,174,485,203,63,57,52,56,33.34,-6.66,-38.43,-23.71,14.3,20.2,7.4,12.8,744,22,32.7,918.4,23,3407,1656,293,333,66,340,273,5,-8.2,38.5,6.4,1199,861,57,-35.45,1779
1917,5504847,NA,37.6553,-122.0567,-9999,12.3,15.4,15.9,18.7,18.8,25.7,27.1,23.9,26,23.5,19.5,16.5,1.6,4.3,3,5.9,7,8.7,11.9,12,11.8,9.7,7.1,5.3,6.9,9.9,9.4,12.3,12.9,17.2,19.5,18,18.9,16.6,13.3,10.9,144,256,116,75,12,1,1,2,11,0,88,142,-51.8,11.7,18.6,22.2,17.4,23.8,28.1,28,38.7,16.9,-27.5,-43.8,12,5,5,1,0,0,0,0,0,0,1,4,81,135,137,214,250,365,449,402,418,359,241,176,347,223,268,181,169,58,19,41,38,76,152,218,0,0,0,1,0,34,66,39,65,23,5,2,19,24,24,28,30,30,31,31,30,31,29,28,3,1,0,0,0,0,0,0,0,0,0,0,36.668,49.936,76.22,101.347,115.344,160.02,162.16,124.906,112.556,82.375,51.037,39.441,0,0,0,26.573,103.629,158.593,161.583,122.944,101.846,82.177,0,0,65,64,59,60,63,51,56,64,58,59,62,68,10.78,19.99,5.69,0.25,-5.85,-11.84,-12.28,-9.23,-10.3,-9.72,1.32,8.25,13.3,17.8,25.6,23,2.8,5.3,10.9,9.5,8,11.6,18.2,16.3,580,202,4,99,-28,19.4,26.7,9.4,26,5,0,1,303,601,1216,1018,899,618,118,266,0,1,139,93,65,81,92,89,6,1,0,0,119,293,447,246,0,130,443,184,66,61,57,60,39.02,0.09,-33.34,-18.7,13.8,19.5,6.9,12.6,847,26,28.1,738.6,26,3227,1789,235,334,64,343,279,7,-9,37.1,6.8,1105,757,60,-12.93,1632
1917,1176,NA,34.03974,-118.589581,-9999,15.4,17.7,19,17.9,18,25,26.3,24.7,26,24.8,23.4,22.4,6.7,7.4,5.8,9.2,9.8,13.7,17.1,15.8,14.9,13.7,11.9,9.2,11.1,12.6,12.4,13.6,13.9,19.4,21.7,20.3,20.5,19.2,17.7,15.8,141,195,46,64,10,0,0,3,4,4,61,12,-52.4,12.1,19.7,18.8,23.5,20.7,36.7,31.3,41.5,18.7,-27.7,-45.2,4,2,2,0,0,0,0,0,0,0,0,1,180,200,219,252,279,430,517,473,464,439,369,320,216,159,181,147,141,27,7,15,23,35,57,97,2,3,2,5,4,70,119,87,97,62,43,27,30,28,29,30,31,30,31,31,30,31,30,31,1,0,0,0,0,0,0,0,0,0,0,0,44.817,58.992,92.721,91.076,102.05,141.118,137.136,119.186,110.605,88.065,64.552,59.14,0,0,46.507,26.923,91.598,140.715,137.004,116.034,106.314,83.678,3.699,46.719,72,67,59,72,74,66,73,73,67,67,65,69,9.03,13.29,-2.78,0.53,-4.73,-9.72,-9.61,-8.36,-9.8,-9.12,-2.92,-7.71,16.6,18.3,25.3,24.7,7,8.3,15.5,13.5,11.8,13.3,20.4,19.1,457,121,4,70,-28.5,20.7,29.6,10.8,9,2,0,0,577,751,1420,1273,575,470,49,116,8,11,276,202,89,90,92,91,1,0,0,0,148,286,397,263,0,165,394,194,70,68,71,66,14.61,-6.98,-27.69,-21.85,16.5,21.7,11.1,10.6,543,18,48.8,1176.5,10,4143,1107,520,362,6,363,357,1,0.7,38.9,8.1,1095,752,68,-41.91,2395
1917,3904095,NA,34.533002,-117.283871,-9999,11,14.9,17.9,21.8,23.7,35.7,37.1,36,33,28.9,21.3,19.7,-3.3,-0.4,-0.7,4.1,7.1,13.3,17.6,15.8,12.2,8.8,1.8,0.6,3.8,7.3,8.6,12.9,15.4,24.5,27.4,25.9,22.6,18.8,11.6,10.1,25,34,8,16,9,1,6,8,3,1,9,4,-52.1,15.2,23.1,26.1,16.7,28.2,28.3,29.5,40.5,16.9,-28.3,-45.3,27,10,6,1,0,0,0,0,0,0,1,5,42,91,132,240,325,585,691,647,527,428,199,166,442,296,293,164,101,3,0,1,12,40,197,241,0,0,0,9,22,199,290,246,147,65,3,2,7,12,13,25,30,30,31,31,30,30,19,17,2,0,0,0,0,0,0,0,0,0,0,0,42.314,58.585,95,126.518,151.738,225.747,227.101,205.905,158.198,115.699,68.342,57.942,16.892,24.919,86.757,110.79,142.858,225.193,220.716,198.057,155.633,115.116,59.212,53.819,52,52,44,48,51,41,48,46,44,44,43,51,-0.46,-2.09,-6.87,-8.92,-10.56,-24.38,-24.25,-23.14,-20.29,-16.28,-9.66,-9.1,12.7,21.1,36.3,27.7,-2.3,3.5,15.6,7.6,5.2,12.3,25.9,17.7,93,33,15,12,-27.4,22,28.7,9.7,57,6,0,1,181,697,1923,1154,1152,559,5,249,0,31,735,215,27,68,92,80,3,0,0,0,142,373,659,342,50,340,644,330,51,48,45,44,-11.65,-26.35,-71.77,-46.23,15.8,27.4,3.8,23.5,123,26,209.1,1042.8,49,4073,1792,983,276,115,309,195,3,-19.6,45.5,8.2,1517,1364,46,-156,2484
1917,3440200,NA,35.098215,-120.579118,-9999,15,18,17.3,18.5,17.1,22.2,23.1,20.8,23,23.1,22.6,21.2,2.6,4.3,2.9,5.3,6.9,8.8,11.5,11,10.7,9.2,6.4,4.9,8.8,11.2,10.1,11.9,12,15.5,17.3,15.9,16.9,16.1,14.5,13,201,238,60,72,18,1,0,5,9,27,95,49,-53.5,14,20.5,23,20.9,22.5,34.9,30.2,40.2,18.1,-28.5,-45.4,7,3,4,1,0,0,0,0,0,0,0,2,120,161,151,201,222,313,381,339,356,346,274,235,290,195,249,194,194,94,48,82,68,86,122,165,0,0,0,0,0,16,26,16,35,15,8,6,22,24,23,27,30,30,31,31,30,31,28,28,2,0,0,0,0,0,0,0,0,0,0,0,47.106,63.003,87.212,104.692,106.052,136.71,135.739,109.846,103.382,87.926,67.129,57.843,0,0,27,33.03,87.888,135.707,135.67,104.657,94.787,60.602,0,8.383,61,57,55,59,68,59,65,70,63,58,52,57,14.88,16.7,-0.84,0.04,-4.12,-8.77,-8.81,-6.74,-8.12,-6.77,-0.34,-4.13,16.6,17.6,22,22.9,3.3,5,10.4,8.8,9.9,11.3,16.2,15.8,604,150,6,131,-28.3,21.5,29.2,9.9,15,5,0,1,426,575,1033,975,736,636,224,276,0,0,59,57,69,80,92,88,3,0,0,0,158,298,382,258,0,148,376,155,58,61,65,58,27.45,-4.92,-24.32,-15.23,13.6,17.3,8.8,8.5,775,33,30.4,523,18,3099,1786,122,334,68,339,270,4,-8.6,35.5,8.1,1096,679,60,-17.01,1462
1917,3425410,NA,37.898448,-122.313558,-9999,12.5,15.9,16.4,18.3,17.7,23.4,23.4,20.7,23.6,23.2,19.6,16.7,2.5,5.5,4.2,7.1,7.9,9.3,12.1,12.4,12.5,10.1,8.4,6.4,7.5,10.7,10.3,12.7,12.8,16.4,17.8,16.5,18,16.7,14,11.5,138,246,103,91,9,1,0,1,13,0,76,123,-51.7,11.1,18,20.6,19.6,22.2,33.7,29.8,39.2,17,-27.3,-43.7,10,4,4,1,0,0,0,0,0,0,1,3,91,151,158,225,246,340,397,358,391,361,259,190,329,200,241,170,173,74,39,68,49,75,134,205,0,0,0,2,0,24,33,21,50,22,7,3,22,26,26,29,30,30,31,31,30,31,30,30,2,1,0,0,0,0,0,0,0,0,0,0,35.916,49.394,76.217,95.257,104.526,141.956,133.397,99.396,96.305,79.607,49.112,38.303,0,0,0,4.212,95.642,140.949,133.029,98.308,82.918,79.154,0,0,67,67,61,65,69,58,66,74,67,61,65,71,10.08,18.96,4.2,2.5,-5.18,-9.63,-8.87,-6.6,-7.54,-9.23,0.5,6.52,13.6,17.5,22.5,22.1,3.8,6.4,11.3,10.4,8.7,11.9,16.9,16.2,541,203,2,90,-28.1,19.4,28.6,9.7,22,4,0,1,342,629,1096,1012,838,584,181,258,0,2,79,79,72,85,92,91,4,0,0,0,117,276,375,225,0,100,372,162,68,65,66,64,35.56,1.53,-25.1,-16.28,13.7,18,7.5,10.5,803,25,29.6,728.9,22,3168,1757,163,345,40,351,311,5,-6.4,34.6,7.4,992,634,66,-4.29,1551
1917,231694,NA,36.950879,-122.066217,-9999,13.4,16.4,16.7,18.3,16.5,22.7,22.7,19.5,24,22,20.8,18.8,0.8,3.7,1.9,4.7,6.4,6.7,10.5,10.4,9.7,7.7,5.8,4,7.1,10.1,9.3,11.5,11.4,14.7,16.6,15,16.8,14.8,13.3,11.4,186,406,129,68,23,2,2,1,11,2,121,181,-52.8,12.9,20.4,23,20.4,22.5,33.6,29.9,38.9,17.4,-28.2,-44.9,11,4,5,1,0,0,0,0,0,0,1,3,82,136,132,192,203,290,361,306,355,306,238,186,341,218,272,203,209,112,62,103,69,117,153,209,0,0,0,0,0,12,19,10,34,6,3,2,17,23,21,26,29,29,31,31,29,30,27,26,3,1,0,0,0,0,0,0,0,0,0,0,41.345,55.002,82.843,102.278,102.079,144.539,135.013,100.594,107.617,81.159,57.811,47.916,0,0,0,34.527,78.587,142.534,133.005,99.157,96.996,79.188,0,0,59,60,54,58,68,52,63,72,58,57,54,59,14.38,34.37,6.51,-0.33,-3.34,-9.55,-8.6,-6.36,-8.95,-8.75,3.52,10.47,14.7,17.2,21.6,22.2,2,4.3,9.2,7.7,8.3,10.8,15.4,15,819,220,5,133,-28.3,21.3,28.7,9.4,24,6,0,1,314,526,956,899,872,683,277,339,0,0,41,43,59,76,91,87,7,1,0,0,135,287,380,247,0,113,375,176,59,60,62,56,59.22,2.85,-24.51,-14.19,12.7,16.8,7.1,9.7,1131,40,20,425.5,26,2785,2067,85,319,83,328,245,9,-10.2,34.8,7.8,1049,664,59,23.37,1227
1918,2275918,NA,37.42756,-122.17152,-9999,16.4,15.8,18.3,21.7,21.8,28.2,26.4,27.5,24.6,24.2,16.8,14.1,4.1,5,6.5,6.2,7.1,10.9,11.2,11.3,12.4,10.3,5.7,2.2,10.2,10.4,12.4,14,14.4,19.5,18.8,19.4,18.5,17.2,11.2,8.1,78,158,155,64,1,1,0,1,41,14,76,74,-54,11.5,17.8,24.1,12.8,26.2,28.4,25.7,39,16.9,-26.5,-43.5,5,4,2,0,0,0,0,0,0,0,2,8,157,145,216,262,295,435,427,446,405,379,178,105,246,210,182,136,127,26,26,23,43,64,205,304,0,0,2,7,7,73,51,67,58,30,0,0,26,25,30,28,30,30,31,31,30,31,27,21,0,0,0,0,0,0,0,0,0,0,0,1,44.919,50.473,81.13,117.404,135.225,171.967,159.658,151.731,103.722,84.872,45.484,37.181,0,0,0,53.489,134.324,171.212,159.19,150.847,62.513,70.738,0,0,61,65,63,54,56,51,56,54,63,59,65,61,1.65,10.18,8.8,-2.7,-8.88,-13.57,-11.75,-12.73,-5.71,-8.67,1.58,2.83,16.6,20.6,27.3,21.9,4.7,6.6,11.1,9.4,10.6,13.6,19.2,15.7,366,220,2,132,-28.7,18.2,26.8,9.8,12,2,0,2,489,773,1308,962,665,444,74,312,2,16,190,88,79,88,92,88,1,0,0,1,138,334,483,234,0,188,481,133,62,58,53,62,14.66,-2.78,-38.05,-12.8,14.5,19.5,8.1,11.4,664,44,36.9,441.2,21,3450,1590,294,339,62,347,285,1,-8.2,38.5,6.5,1189,802,59,-38.97,1811
1918,5504847,NA,37.6553,-122.0567,-9999,15.2,14.7,17,20.2,19.9,26.5,24.3,25.5,22.8,22.8,16.2,13,3.9,4.8,6.3,6.3,6.9,11.1,11.2,11.6,12.6,10.7,5.8,2.2,9.6,9.8,11.6,13.3,13.4,18.8,17.8,18.6,17.7,16.7,11,7.6,104,183,178,80,2,1,0,1,45,12,87,79,-53.2,10.9,16.9,22.9,15.6,24.9,31.8,27.1,39.6,17.3,-26.3,-43.1,6,5,2,1,0,0,0,0,0,0,2,9,141,131,193,242,264,413,397,421,381,364,172,93,265,227,203,155,156,34,40,32,54,73,210,319,0,0,0,4,2,60,33,50,45,24,0,0,25,25,29,28,30,30,31,31,30,31,27,21,1,1,0,0,0,0,0,0,0,0,1,1,41.652,46.932,75.098,108.581,123.125,158.627,143.672,137.104,91.784,77.511,43.351,34.375,0,0,0,28.957,121.06,157.532,143.194,136.022,47.199,65.404,0,0,64,68,66,58,60,55,61,59,69,63,67,65,5.01,13.18,11.69,-0.14,-7.56,-11.87,-9.95,-10.83,-3.82,-7.69,2.95,3.87,15.5,19,25.4,20.6,4.7,6.5,11.3,9.7,10.1,12.8,18.4,15.2,429,259,3,144,-28.5,18.5,27.9,10.2,14,3,0,2,446,699,1231,918,710,513,105,337,1,6,143,69,79,87,92,88,2,0,0,1,128,307,439,213,0,150,437,113,65,61,58,66,22.06,3.99,-32.65,-8.55,13.8,18.8,7.6,11.2,772,49,30.9,381.1,24,3212,1766,218,339,64,348,284,2,-9,37.1,7,1087,699,63,-15.15,1611
1918,1176,NA,34.03974,-118.589581,-9999,18.7,18.1,19.1,20,18.9,25.3,24.6,24.7,25,25.3,20.2,18.7,8.9,8.5,10.7,9.8,10.5,15.2,14,15.9,15.9,15.1,9.4,6.3,13.8,13.3,14.9,14.9,14.7,20.3,19.3,20.3,20.5,20.2,14.8,12.5,60,209,175,9,12,3,0,10,23,1,83,107,-54,11.6,15.6,20.2,22.9,20.8,36.6,31.3,41.7,18.8,-26.9,-44.5,2,2,1,0,0,0,0,0,0,0,0,2,257,217,291,292,303,457,442,474,463,469,282,218,144,140,116,111,120,19,21,15,23,26,115,180,10,4,12,11,7,87,61,87,97,79,9,4,31,28,31,30,31,30,31,31,30,31,30,30,0,0,0,0,0,0,0,0,0,0,0,0,52.21,58.128,79.943,102.862,105.58,136.714,138.081,119.038,100.09,86.542,57.286,51.668,0,0,0,94.273,93.42,133.967,137.85,109.429,76.824,85.626,0,0,69,70,74,68,74,70,68,73,73,69,67,60,-0.48,14.75,11.24,-6.22,-4.9,-9.21,-9.26,-7.71,-6.6,-9.4,1.04,3.65,19.7,19.3,24.9,23.5,8.9,10.3,15,13.5,14.3,14.8,19.9,18.5,282,195,13,107,-29,19.5,29.6,11.2,5,1,0,0,792,886,1374,1214,381,347,55,165,39,29,236,186,90,92,92,91,0,0,0,0,169,288,394,244,47,188,381,162,66,72,70,70,17.92,0.13,-26.17,-14.95,16.6,20.5,12.5,8,691,48,38.5,426.4,8,4166,1031,468,364,6,365,359,0,0.7,38.9,7.8,1096,778,70,-23.08,2418
1918,3904095,NA,34.533002,-117.283871,-9999,16.1,15.9,18.8,22.7,25.1,36.2,35.6,34.1,31.4,26.2,16.3,13.3,-1.3,0.3,4.1,5.3,7.2,16.7,15.9,15.1,12.3,9,0.9,-3,7.4,8.1,11.4,14,16.1,26.5,25.8,24.6,21.9,17.6,8.6,5.2,14,34,57,7,10,8,9,15,17,14,14,32,-54.8,15.2,20.5,25.8,15.4,29.5,28.9,30.1,41,17.6,-26.8,-43.9,10,8,3,0,0,0,0,0,0,0,4,18,101,106,203,270,346,643,642,606,505,390,126,56,332,274,207,134,85,1,1,2,15,57,283,395,0,0,4,12,26,255,241,205,130,43,0,0,12,14,26,27,30,30,31,31,30,31,17,7,0,0,0,0,0,0,0,0,0,0,0,1,54.243,60.981,93.686,129.871,161.074,220.338,220.798,193.357,149.298,103.44,54.497,43.985,40.161,26.993,36.57,122.702,151.179,212.234,212.191,178.221,132.631,89.003,40.327,12.407,46,51,55,49,48,48,47,49,47,50,52,44,-4.76,-2.78,-2.54,-10.29,-11.73,-23.05,-22.39,-19.6,-16.76,-11.89,-5.13,-1,17.2,22.2,35.3,24.6,-0.1,5.5,15.9,7.4,8.5,13.9,25.6,16,52,74,32,45,-27.8,20.6,29.5,10.6,23,3,0,4,372,819,1891,1021,848,426,4,355,2,41,701,173,43,83,92,78,1,0,0,0,173,385,634,307,121,310,603,262,47,51,48,50,-8.54,-24.56,-65.03,-33.78,15.6,26.5,5.2,21.3,231,58,110.8,453.1,42,3994,1787,915,286,115,308,193,1,-19.6,45.5,8.2,1500,1296,49,-131.91,2419
1918,3440200,NA,35.098215,-120.579118,-9999,18.5,17.2,18.7,19.8,17.1,24.2,21,21.3,20.4,22.9,19.2,16.3,3.2,4.3,7.5,6.4,6.3,10.7,11.1,12.2,12.3,11.4,5.3,2.1,10.8,10.8,13.1,13.1,11.7,17.4,16.1,16.8,16.4,17.2,12.3,9.2,57,217,160,26,0,3,0,5,32,20,87,112,-55.6,13.6,17.9,23.1,20.4,23.2,37.7,30.3,40.7,18.4,-27.4,-44.4,4,4,2,1,0,0,0,0,0,0,1,6,170,152,236,237,211,373,344,365,342,377,208,129,228,198,162,160,202,53,74,63,78,65,179,271,0,0,3,2,0,38,14,24,29,26,0,0,24,24,31,28,29,30,31,31,30,31,27,21,0,0,0,0,0,0,0,0,0,0,0,1,56.442,60.215,85.336,109.878,108.505,145.786,120.582,108.48,82.632,82.448,57.848,47.161,0,0,0,83.84,108.477,142.482,120.501,103.008,51.108,62.624,0,0,53,59,65,59,66,60,70,72,75,65,57,51,-1.86,15.13,9.21,-5.14,-6.11,-9.68,-7.32,-6.7,-3.41,-6.76,1.13,5.12,19,18.5,22.2,20.9,4.1,6.7,11.3,9.7,11.5,12.6,16.8,15.3,323,186,9,139,-28.8,20.4,30.4,10.6,10,2,0,1,557,684,1082,927,591,524,191,321,6,4,76,56,75,88,92,88,1,0,0,1,174,304,375,223,8,192,366,114,55,63,67,66,18.39,-2.04,-23.7,-9.04,13.7,17.4,9.2,8.3,719,40,33,431.8,17,3143,1733,136,336,70,349,279,1,-8.6,35.5,8.2,1076,680,63,-16.39,1504
1918,3425410,NA,37.898448,-122.313558,-9999,15.4,15.1,17.4,19.9,18.9,24,20.6,22,20.4,22.3,16.4,13.4,5.3,5.9,7.3,7.5,7.8,11.4,11.5,12,13.1,11.4,6.9,3.3,10.4,10.5,12.3,13.7,13.3,17.7,16,17,16.8,16.8,11.6,8.3,92,174,146,73,3,1,0,1,49,10,80,73,-52.9,10.4,16.3,21.6,17.6,23.2,38,28.9,39.8,17.6,-26.1,-43,5,4,2,0,0,0,0,0,0,0,1,8,158,145,211,254,261,380,343,373,353,367,189,107,241,206,184,143,158,49,75,58,70,71,195,298,0,0,1,5,1,41,14,26,34,24,0,0,28,26,30,29,30,30,31,31,30,31,29,24,0,0,0,0,0,0,0,0,0,0,0,1,40.042,46.077,74.244,103.578,113.028,139.752,113.307,111.462,75.829,73.567,42.023,33.76,0,0,0,30.111,110.022,138.462,112.99,110.767,27.133,63.397,0,0,68,70,68,62,65,62,72,69,77,66,69,67,3.82,12.28,8.59,-0.19,-6.51,-9.52,-6.89,-7.8,-1.48,-7.26,2.41,3.12,15.7,18.7,22.2,19.7,5.9,7.5,11.6,10.4,10.8,13.1,16.9,15.1,389,223,2,139,-28.5,18.5,30,10.4,12,2,0,1,493,727,1096,909,653,485,182,336,2,8,82,57,84,90,92,90,1,0,0,1,124,291,365,191,0,140,362,91,68,65,68,71,19.22,1.89,-24.2,-6.32,13.7,17.7,8.3,9.4,702,54,33.8,327.7,20,3142,1749,147,350,39,356,317,1,-6.4,34.6,7.6,971,593,68,-9.41,1516
1918,231694,NA,36.950879,-122.066217,-9999,17.2,16.3,18.8,19.2,18,23.1,20.9,22.4,21.2,22.2,17.6,14.9,2.7,4.2,6.1,5.3,6.5,9.8,10.4,10.4,11.4,9.2,4.7,1.5,9.9,10.3,12.4,12.2,12.2,16.5,15.6,16.4,16.3,15.7,11.1,8.2,110,257,237,92,1,2,1,2,65,18,144,132,-54.9,12.5,18.7,23.2,18.1,23.7,36.4,28.4,39.7,17.6,-27.1,-43.9,5,4,2,1,0,0,0,0,0,0,2,8,146,139,213,211,228,344,330,354,339,332,173,105,254,212,181,184,189,72,85,71,80,96,207,300,0,0,0,0,0,26,12,20,29,11,0,0,22,24,29,27,29,30,31,31,30,31,26,19,1,1,0,0,0,0,0,0,0,0,1,1,49.361,53.998,85.422,106.066,111.933,138.869,121.751,120.587,87.64,79.345,49.973,40.616,0,0,0,13.81,110.622,137.249,120.34,119.047,22.954,61.499,0,0,55,62,60,57,64,60,67,64,70,61,59,54,4.21,19.65,16.6,1.68,-6.4,-9.14,-7.34,-8.4,-0.89,-6.93,7.72,8.08,17.4,18.6,22.1,20.3,3.6,5.9,10.2,8.4,10.5,12.3,16.2,14.4,548,331,5,227,-28.8,20,29.5,10.1,13,3,0,2,470,652,1028,845,676,554,227,382,0,0,57,40,72,86,92,86,2,0,0,1,151,303,381,217,0,124,377,84,57,60,64,63,31.94,11.88,-24.87,-0.11,13.1,16.5,8.2,8.2,1061,71,21.7,233.6,22,2915,1930,97,329,79,339,260,2,-10.2,34.8,7.7,1053,586,61,18.83,1323
1919,2275918,NA,37.42756,-122.17152,-9999,16,14.1,15.9,21.3,22.8,26,26,26,25.7,23,19,13.8,2.9,5.2,5.4,7.4,8.7,9.4,10.6,11,10.7,6.5,4.1,3.9,9.5,9.7,10.7,14.3,15.7,17.7,18.3,18.5,18.2,14.7,11.5,8.9,65,162,99,7,2,1,1,1,19,23,24,108,-54.1,10.4,16.7,23,12.1,25.7,28.7,26.5,38.5,16.8,-27.8,-43.2,6,5,3,0,0,0,0,0,0,0,1,7,136,127,167,273,335,381,414,419,396,303,185,121,269,229,229,126,93,48,32,33,47,119,198,281,0,0,0,8,15,42,42,49,53,5,0,0,23,26,28,29,30,30,31,31,30,29,25,26,0,1,0,0,0,0,0,0,0,0,0,1,45.223,44.706,72.315,113.153,138.248,160.572,158.522,142.242,114.063,85.762,53.205,34.999,0,0,0,105.896,136.168,159.757,157.465,141.209,95.523,62.545,28.914,0,58,71,66,58,58,52,55,56,56,51,54,62,0.55,11.54,4.25,-7.87,-9.18,-11.89,-11.5,-11.33,-9.49,-7.71,-5.25,6.28,14.7,20,26,22.6,3.4,7.2,10.4,7.1,9.1,13.6,18.2,14.8,301,108,3,66,-29,17.3,26.9,9.2,19,4,0,2,366,775,1214,884,802,449,113,364,0,23,133,58,70,88,92,83,2,0,0,0,127,324,461,253,0,242,458,187,64,61,54,54,18.36,-12.81,-34.72,-22.45,14,18.5,8.9,9.6,511,24,46.9,786.6,22,3257,1705,214,337,51,333,282,2,-8.2,38.5,6.1,1165,887,59,-51.62,1630
1919,5504847,NA,37.6553,-122.0567,-9999,14.8,13.3,14.8,19.6,21,23.9,24.2,24.1,24.1,21.7,18.3,12.5,2.7,5,5.2,7.1,8.7,9.5,10.7,11.1,11.1,7.1,4.3,3.9,8.7,9.1,10,13.4,14.9,16.7,17.5,17.6,17.6,14.4,11.3,8.2,71,191,99,8,2,1,1,1,18,18,29,105,-53.3,9.9,16,21.7,15.2,24.1,31.6,27.7,39.1,17.2,-27.4,-42.7,7,6,4,0,0,0,0,0,0,0,2,8,117,115,149,244,308,350,387,392,379,293,178,105,292,244,250,152,115,67,45,47,55,128,204,301,0,0,0,4,9,28,29,34,44,3,0,0,22,25,28,29,30,30,31,31,30,30,25,26,1,1,0,0,0,0,0,0,0,0,0,1,41.777,41.897,67.358,103.114,125.053,144.876,144.687,129.169,103.812,79.285,50.678,31.429,0,0,0,95.304,122.834,143.632,143.628,127.851,85.563,60.993,21.776,0,61,73,69,62,62,57,60,61,61,56,57,65,2.01,14.98,4.8,-6.71,-7.85,-10.01,-9.96,-9.73,-8.05,-7.16,-4.38,6.7,13.7,18.5,24.1,21.4,3.3,7,10.4,7.5,8.5,12.7,17.3,14.4,342,109,4,65,-28.7,17.6,27.8,9.6,22,4,0,2,324,701,1128,851,855,518,159,387,0,13,91,48,69,87,92,84,2,0,0,0,118,296,419,234,0,218,415,168,66,64,59,58,23.7,-9.76,-29.7,-19.59,13.3,17.6,8.2,9.4,546,24,42.7,732.4,27,3018,1900,151,336,51,336,285,3,-9,37.1,6.6,1066,802,63,-35.35,1439
1919,1176,NA,34.03974,-118.589581,-9999,21.6,15.7,17,19.6,19.3,24.4,25,24.8,24.2,21.3,21.5,20.7,6.9,6.3,7.2,9.8,12.9,12.3,15.6,15.3,14.2,10.2,8.4,8,14.2,11,12.1,14.7,16.1,18.3,20.3,20,19.2,15.8,15,14.4,62,74,115,19,14,1,0,1,32,26,92,70,-56.6,11.6,16.9,19.7,24.6,19.3,37.3,31.2,41.7,19.1,-27.6,-44.9,2,3,2,0,0,0,0,0,0,0,0,1,273,160,209,287,344,400,475,466,426,334,289,277,132,192,189,116,86,39,13,17,35,94,110,130,12,0,0,10,17,52,86,81,70,12,12,14,30,27,30,30,31,30,31,31,30,31,30,31,0,0,0,0,0,0,0,0,0,0,0,0,64.688,53.242,79.206,99.991,96.473,142.112,133.269,122.638,101.914,79.945,63.576,55.536,3.101,0,0,81.469,82.891,141.137,133.211,121.152,70.381,54.114,0,0,56,70,69,70,80,64,72,71,70,66,60,61,-2.78,2.14,5.63,-4.93,-4.29,-9.61,-9.01,-8.82,-5.77,-5.31,0.71,-1.06,18.6,18.6,24.7,22.4,6.5,10,14.4,10.9,12.6,14.3,19.6,16.6,243,147,3,150,-30,20.4,29.2,11.1,7,2,0,1,652,839,1340,1049,505,391,69,239,17,27,219,95,87,91,92,91,0,0,0,0,170,276,398,245,3,164,396,124,62,73,69,65,-1.71,-3.6,-27.44,-10.37,15.9,20.3,11,9.3,505,48,51.4,426.5,9,3937,1155,368,362,0,356,356,1,0.7,38.9,7.7,1089,687,67,-43.11,2185
1919,3904095,NA,34.533002,-117.283871,-9999,15.7,12.9,16.8,23.9,27.2,35.2,36.9,36.4,31.4,22.8,17.9,15.4,-2.1,-1.4,0.7,5.5,10,12,16.9,15.7,12.2,4.7,0.5,-1.3,6.8,5.8,8.7,14.7,18.6,23.6,26.9,26.1,21.8,13.8,9.2,7.1,13,33,37,6,7,1,6,6,22,8,13,19,-54.6,14.8,21.5,26.4,14.2,28.4,28.3,29.4,41,18.1,-27.3,-44.4,12,14,6,0,0,0,0,0,0,0,3,11,89,63,132,290,422,557,678,652,502,273,140,91,350,339,290,116,41,5,1,1,15,145,265,337,0,0,0,16,57,172,277,251,128,9,0,0,10,10,17,27,31,30,31,31,30,27,16,11,0,1,0,0,0,0,0,0,0,0,0,0,53.691,53.206,88.808,136.199,169.264,224.607,227.892,208.858,149.113,94.621,59.336,48.374,40.872,20.435,51.512,130.153,161.825,223.973,221.502,202.566,127.321,87.065,45.959,29.118,45,53,50,47,51,40,47,45,47,47,47,48,-4.52,-0.85,-3.17,-11.37,-13.34,-23.97,-24.27,-23.95,-16.19,-10.47,-6.54,-3.77,14,22.6,36.2,24,-2.2,5.4,14.9,5.8,5.9,14,25.5,14.9,77,51,13,43,-28.1,20.7,28.7,10.6,44,6,0,3,208,844,1886,916,1084,447,6,425,0,73,700,137,27,75,92,73,2,0,0,0,151,394,661,303,74,343,648,260,49,49,44,47,-9.14,-27.88,-72.19,-33.19,15.2,26.9,5.8,21.2,172,43,147.1,632.8,46,3888,1905,909,270,96,301,205,3,-19.6,45.5,8,1510,1326,47,-142.4,2354
1919,3440200,NA,35.098215,-120.579118,-9999,17.7,15.2,16,18.3,17.9,21.3,20.8,21.1,21.2,20.2,21.8,18.7,2.6,4.4,5.9,6.9,9,8.9,11.6,10.9,10.4,6.1,3,4.1,10.2,9.8,10.9,12.6,13.4,15.1,16.2,16,15.8,13.2,12.4,11.4,76,110,145,19,26,2,0,2,19,19,25,117,-55.2,12.3,16.9,21.3,21.3,21.4,38.3,30.1,40.5,18.5,-28.6,-44.8,5,5,3,1,0,0,0,0,0,0,1,3,151,128,173,224,265,302,348,342,324,256,210,184,248,225,221,173,155,103,71,79,90,161,176,208,0,0,0,0,0,14,16,17,24,0,0,0,22,24,29,29,31,30,31,31,30,29,23,26,0,0,0,0,0,0,0,0,0,0,0,0,54.911,53.292,75.482,99.798,104.16,129.937,117.402,112.24,93.852,80.698,67.423,51.641,0,0,0,80.453,78.037,128.096,117.359,110.672,74.507,61.259,42.333,0,53,65,68,64,72,62,71,69,67,57,45,55,0.41,5.59,8.91,-4.75,-3.3,-7.99,-7.09,-7.33,-5.75,-6.16,-7.32,4.19,16.4,17.4,21.1,21.1,3,7.3,10.5,6.5,9.7,12.3,15.8,13.8,298,190,3,64,-29.2,19.9,29.9,10.1,16,4,0,1,405,661,992,791,744,549,253,426,0,0,46,24,67,88,92,81,1,0,0,0,155,279,360,242,0,158,356,178,58,68,67,56,10.18,0.86,-22.41,-19.23,13.1,16.2,9.8,6.4,560,49,41.2,331.1,18,2907,1909,71,333,52,329,277,2,-8.6,35.5,7.7,1036,693,62,-30.59,1276
1919,3425410,NA,37.898448,-122.313558,-9999,14.8,13.6,15.2,19,19.8,21.5,20.6,20.7,21.8,21.3,18.6,12.4,3.8,6.1,6.3,8.3,9.6,10.1,10.8,11.3,11.6,7.7,5.4,4.9,9.3,9.8,10.8,13.7,14.7,15.8,15.7,16,16.7,14.5,12,8.7,88,205,82,10,3,1,1,1,21,17,35,99,-52.9,9.3,15.3,20.1,17.6,22.4,37.3,29.4,39.5,17.3,-27.4,-42.4,6,5,3,0,0,0,0,0,0,0,1,7,130,129,168,254,302,323,332,342,353,296,198,115,274,225,226,143,120,87,83,79,70,125,186,287,0,0,0,5,7,19,12,17,33,3,0,0,25,27,29,30,31,30,31,31,30,30,27,28,1,1,0,0,0,0,0,0,0,0,0,1,40.141,40.615,66.174,96.306,113.147,125.412,116.782,104.592,89.13,76.382,49.846,29.58,0,0,0,86.54,110.595,124.444,116.089,103.832,67.958,59.745,14.757,0,65,75,71,67,68,65,70,71,69,59,59,67,3.75,16.27,3.1,-5.81,-6.69,-7.92,-7.09,-7.02,-5.69,-6.84,-3.66,6.22,13.9,18,20.9,20.6,4.4,8.1,10.7,8.3,9.1,13,15.8,14.4,367,94,2,73,-28.7,17.7,29.7,9.8,18,4,0,1,364,724,998,847,797,490,249,382,0,12,48,36,76,90,92,87,2,0,0,0,115,276,347,215,0,197,344,142,69,69,68,62,26.23,-9.39,-22.03,-16.19,13.1,16.7,8.7,8.1,561,26,41.2,640.4,23,2942,1906,97,347,29,344,315,3,-6.4,34.6,7.1,952,684,68,-21.38,1335
1919,231694,NA,36.950879,-122.066217,-9999,17.2,14.7,16.3,19.4,19,21.5,20.2,20.9,21.8,20.7,20.1,15.7,2,5,5.1,6.8,7.9,8.2,10.2,10.5,9.4,5.2,2.5,3.2,9.6,9.8,10.7,13.1,13.5,14.9,15.2,15.7,15.6,13,11.3,9.5,123,244,187,20,6,2,3,2,38,36,31,194,-55,11,17.5,22.1,17.5,23.2,37.4,29.2,39.4,17.6,-28.3,-44,6,5,3,1,0,0,0,0,0,0,1,6,134,127,164,237,266,295,316,332,318,249,177,133,266,225,229,159,154,108,97,87,95,167,203,262,0,0,0,1,0,13,9,15,22,0,0,0,20,25,28,29,30,30,31,31,29,28,21,24,1,1,0,0,0,0,0,0,0,0,0,1,49.792,47.692,75.548,103.955,114.682,132.132,116.98,110.138,96.701,79.646,58.417,41.079,0,0,0,84.231,108.417,130.545,114.205,108.375,59.162,44.068,26.979,0,53,68,64,61,65,60,69,68,62,53,48,57,5.53,19.42,12.83,-5.39,-6.23,-8.31,-6.75,-7.26,-4.63,-5.02,-5.52,13.72,15.6,18.2,20.8,20.8,2.8,6.6,9.6,5.7,9.2,12.4,15.2,13.3,499,213,6,105,-29.3,19,29.9,9.5,18,4,0,2,364,667,944,743,790,543,291,465,0,1,36,22,65,87,91,78,3,0,0,0,138,294,359,235,0,193,353,130,60,64,65,54,38.66,1.2,-22.32,-15.16,12.6,15.7,9.5,6.2,884,50,25.6,314.2,22,2748,2052,60,326,64,322,258,4,-10.2,34.8,7.3,1026,676,61,2.38,1157
1920,2275918,NA,37.42756,-122.17152,-9999,16.4,16.1,16.2,19.6,23,25.9,25.6,27.5,25.2,20.9,16.5,14,4.2,4.3,5.1,6.1,7.3,10.6,10.6,12,10.6,8,6.9,5.2,10.3,10.2,10.7,12.9,15.2,18.2,18.1,19.7,17.9,14.5,11.7,9.6,45,36,95,54,1,7,1,3,8,69,70,177,-54,12.1,17.2,22.7,11,27.1,29.3,25.9,38.6,17.7,-26.2,-43,5,4,3,1,0,0,0,0,0,0,1,5,157,139,167,230,317,396,407,456,387,295,192,141,244,215,229,166,108,41,35,20,51,126,193,258,0,0,0,2,11,50,38,74,48,4,0,0,26,24,28,28,30,30,31,31,30,30,29,28,0,0,0,0,0,0,0,0,0,0,0,1,44.922,52.381,74.34,105.989,143.156,156.027,155.519,149.753,111.537,75.241,43.12,34.007,0,16.351,0,52.396,141.851,148.692,154.923,146.676,104.004,6.424,0,0,61,62,65,59,53,55,56,55,57,61,69,68,-1.62,-2.33,3.64,-2.31,-9.75,-10.74,-11.17,-12.28,-10.16,-1.25,1.32,13.14,15.4,19.6,26.3,20.9,4.1,6.2,11.1,8.5,9.8,12.9,18.7,14.7,189,150,11,146,-28.3,17,27.4,10,15,4,0,2,418,715,1259,874,739,503,95,371,0,13,162,52,75,86,92,88,1,0,0,0,132,323,461,230,16,194,450,110,64,59,56,62,9.19,-8.43,-34.19,-10.08,14.1,19.7,9.6,10.1,565,20,42.6,992.9,20,3284,1685,227,344,54,339,285,1,-8.2,38.5,6.5,1147,771,60,-43.51,1635
1920,5504847,NA,37.6553,-122.0567,-9999,15.3,15.3,15.2,18.1,21.2,23.8,23.6,25.9,23.5,19.4,15.9,13,3.8,3.9,4.9,6,7.3,10.6,10.7,12.3,11,8.5,7,5.1,9.6,9.6,10,12,14.3,17.2,17.1,19.1,17.2,13.9,11.5,9.1,56,46,112,68,1,12,1,3,7,80,85,187,-53.3,11.9,16.6,21.6,13.9,25.5,32.6,27,39.2,18.2,-25.8,-42.6,6,5,4,1,0,0,0,0,0,0,1,6,139,126,151,205,290,365,377,438,368,278,184,127,266,231,249,189,132,58,51,25,61,141,200,275,0,0,0,0,6,34,25,61,39,1,0,0,25,23,27,28,30,30,31,31,30,30,29,28,0,0,0,0,0,0,0,0,0,0,0,1,42.098,50.032,69.984,97.578,130.601,140.403,139.72,137.924,100.959,67.702,40.435,30.975,0,3.654,0,29.582,129.314,128.727,139.042,134.837,93.903,0,0,0,63,63,67,62,58,61,61,60,62,66,72,72,0.1,-0.84,5.77,-0.01,-8.45,-8.54,-9.44,-10.81,-8.72,0.97,3.27,14.7,14.4,18.2,24.4,19.6,3.9,6,11.2,8.8,9.1,12.1,17.8,14.2,207,181,15,173,-28,17.4,28.4,10.5,18,5,0,2,371,646,1180,830,798,570,134,402,0,6,119,40,74,85,92,89,1,0,0,1,124,298,418,209,4,159,403,94,66,62,61,67,13.95,-2.69,-28.79,-4.47,13.4,19.1,9.1,10.1,658,24,35.5,804.1,23,3046,1878,165,342,55,340,285,2,-9,37.1,7.1,1049,659,64,-21.99,1444
1920,1176,NA,34.03974,-118.589581,-9999,19.8,18.9,18.2,19.1,20.7,22.1,25.3,26,24,21.3,20.6,18.3,9,8.5,7.7,8.5,11.6,13.5,14.1,16.2,14.6,10.8,9.5,7.5,14.4,13.7,12.9,13.8,16.1,17.8,19.7,21.1,19.3,16,15,12.9,42,88,111,27,9,3,0,4,1,13,40,37,-54.8,12.1,17.4,20.6,21.1,21.3,35.8,31,41.7,19.2,-27.1,-44.3,2,2,2,0,0,0,0,0,0,0,0,2,275,228,232,259,347,383,456,498,428,343,290,231,129,131,167,141,84,47,17,10,34,88,109,169,13,6,2,4,18,43,71,106,72,14,11,6,31,28,31,30,31,30,31,31,30,31,30,31,0,0,0,0,0,0,0,0,0,0,0,0,55.767,61.372,83.906,100.968,115.135,118.433,143.572,128.195,98.881,77.99,58.811,48.881,13.685,0,0,73.485,105.884,115.672,143.422,124.549,97.457,65.14,18.776,12.311,66,67,67,67,72,73,67,71,71,68,66,61,-2.95,2.12,4.71,-4.04,-6.09,-7.2,-9.87,-9.35,-8.43,-6.37,-3.59,-2.89,19.8,19.3,24.5,22,8.5,9.3,14.6,11.6,14.1,14.3,19.5,16.8,199,148,7,54,-29,19.7,29.4,11.3,5,2,0,1,778,837,1338,1061,390,393,75,231,32,24,220,97,90,91,92,91,0,0,0,0,173,300,390,236,14,179,384,181,65,69,70,68,-3.72,-5.42,-26.42,-18.39,16.1,21.1,12.9,8.2,375,17,69.4,1223.3,8,3970,1127,366,364,1,359,358,0,0.7,38.9,7.8,1099,758,68,-53.94,2218
1920,3904095,NA,34.533002,-117.283871,-9999,16.1,15.5,17.3,21.5,27.6,31.8,37.5,35.5,30.6,22.6,17.7,13.8,0.3,1.6,1.4,4.2,9,11.9,15.5,15.6,11.1,4.7,0.8,-2.8,8.2,8.5,9.3,12.9,18.3,21.8,26.5,25.5,20.9,13.6,9.3,5.5,17,42,51,10,6,2,1,9,4,12,5,31,-54.5,14.3,21.3,25.8,13.4,29.9,27.5,29.7,41.2,18.1,-27.2,-44,8,7,5,1,0,0,0,0,0,0,3,16,118,115,148,236,412,504,665,635,475,270,142,61,308,261,271,166,45,10,1,1,20,149,263,385,0,0,0,7,52,121,264,235,106,9,0,0,16,18,19,26,31,30,31,31,30,27,17,8,0,0,0,0,0,0,0,0,0,0,0,1,53.24,58.511,90.23,124.838,174.939,199.064,236.96,202.368,146.923,93.509,58.476,45,36.044,16.066,39.403,115.26,169.004,197.36,235.614,193.289,143.308,81.152,53.315,13.948,51,56,51,49,47,46,43,47,46,48,49,47,-4.6,-1.73,-2.32,-9.3,-14.27,-18.85,-26.46,-22.2,-17.39,-9.76,-7.2,-1.34,15.7,22.1,34.9,23.6,0.2,4.9,14.3,5.6,7.9,13.5,24.6,14.6,79,66,12,21,-28.1,20.2,29,10.7,26,5,0,3,324,796,1804,887,906,481,12,432,0,59,619,115,45,75,92,73,1,0,0,0,160,390,638,299,81,324,626,278,52,49,45,47,-7.67,-25.89,-67.51,-34.35,15,26.5,5.5,21,190,22,131.5,1222.2,40,3781,1880,793,282,102,302,200,1,-19.6,45.5,7.9,1487,1309,48,-135.42,2208
1920,3440200,NA,35.098215,-120.579118,-9999,18.4,18.1,16.4,17.5,18.7,20.1,19.7,21.5,20,19.1,20.1,16.3,5.2,5.7,5,5.7,8.1,10.3,10.8,11.3,10.2,7,5.8,4.8,11.8,11.9,10.7,11.6,13.4,15.2,15.3,16.4,15.1,13,12.9,10.6,57,67,143,32,10,6,0,3,9,28,48,60,-55.1,13.2,18.1,21.9,19.4,22.8,39.3,30,40.6,18.9,-27.7,-44.1,3,3,3,1,0,0,0,0,0,0,1,4,190,174,166,195,263,305,320,355,304,251,225,162,197,176,228,201,156,101,94,70,105,165,162,228,1,0,0,0,0,15,10,21,19,0,0,0,28,26,28,28,30,30,31,31,30,29,27,27,0,0,0,0,0,0,0,0,0,0,0,0,54.176,61.449,79.621,98.375,113.024,115.873,111.989,113.896,87.78,74.185,59.969,44.675,0,0,0,66.634,102.674,110.131,111.916,111.254,78.463,46.568,11.97,0,59,61,64,63,67,70,72,69,69,63,56,55,-1.43,-0.13,8.32,-3.3,-5.57,-6.38,-6.55,-7.43,-6.01,-4.35,-3.29,0,18.4,17.5,20.4,19.7,5,6.3,10.8,7.7,11.7,11.9,15.6,13.7,240,185,8,85,-28.6,19.8,30.7,10.6,9,4,0,1,547,625,980,781,582,584,264,432,1,0,45,19,80,86,92,86,0,0,0,0,167,291,342,222,0,169,333,137,58,64,70,63,-1.56,-0.55,-20.36,-13.65,13.2,16.4,10.6,5.9,462,28,50.1,584.7,15,2912,1882,65,345,48,336,289,1,-8.6,35.5,8.1,1022,640,65,-36.11,1272
1920,3425410,NA,37.898448,-122.313558,-9999,15.5,15.8,15.7,17.6,19.9,21.3,19.6,22.5,21.1,18.8,15.8,13.3,5,4.9,5.9,7,8.1,11.2,11.1,12.7,11.5,9.4,8.4,6.3,10.3,10.3,10.8,12.3,14,16.3,15.4,17.6,16.3,14.1,12.1,9.8,53,46,94,77,1,8,1,1,9,62,88,165,-53,11.4,16.1,20.2,16.2,23.7,39.2,28.8,39.6,18.5,-25.3,-42.4,5,4,3,1,0,0,0,0,0,0,1,5,153,140,168,213,283,338,323,391,339,284,200,142,245,210,225,182,138,76,91,47,79,136,184,253,0,0,0,0,4,23,10,34,29,0,0,0,28,25,29,29,30,30,31,31,30,31,30,30,0,0,0,0,0,0,0,0,0,0,0,1,40.58,49.672,69.501,91.762,119.079,119.649,108.008,112.142,85.351,62.757,37.466,29.626,0,3.451,0,15.212,117.68,111.178,107.404,111.051,76.823,0.257,0,0,66,65,68,66,64,69,73,70,70,70,76,75,-0.12,-1,3.97,1.43,-7.26,-6.71,-6.36,-7.91,-6.45,-0.13,3.96,12.51,14.6,17.7,21.2,18.6,5,7,11.7,9.8,9.8,12.4,16.4,14.2,198,172,10,159,-28,17.5,30.6,10.9,16,4,0,1,408,664,1052,824,742,545,214,399,0,4,68,29,80,88,92,90,1,0,0,0,120,280,340,186,3,133,330,77,69,66,71,72,11.38,-1.87,-20.98,-2.62,13.3,17.6,9.8,7.8,606,20,38.4,876.5,19,2975,1866,101,353,31,349,318,2,-6.4,34.6,7.7,926,543,70,-14.08,1348
1920,231694,NA,36.950879,-122.066217,-9999,17.1,16.6,16.4,17.7,19.4,21.2,20.3,21.7,21.4,19.1,17.6,15,3.4,3.9,4.6,5.9,6.6,9.4,9.8,10.9,9.4,6.8,5.6,4.5,10.2,10.3,10.5,11.8,13,15.3,15,16.3,15.4,13,11.6,9.8,84,54,150,70,3,15,1,7,12,94,133,273,-54.7,12.8,17.9,21.5,16,24.8,36.9,28.9,39.4,18.2,-26.9,-43.6,5,4,3,1,0,0,0,0,0,0,1,5,152,137,159,198,252,308,312,352,313,249,186,141,245,213,235,196,167,98,100,73,98,167,195,253,0,0,0,0,0,15,9,19,21,0,0,0,24,23,27,28,29,30,31,31,29,29,27,27,0,0,0,0,0,0,0,0,0,0,1,1,48.407,55.26,76.953,96.475,121.263,125.875,119.2,113.931,94.763,71.276,48.885,38.156,0,0.969,0,26.149,118.024,110.911,117.798,106.687,82.996,0,0,0,57,60,63,63,60,64,68,67,63,62,62,60,1.76,-0.83,8.97,0.52,-7.09,-6.42,-7.06,-7.15,-6.94,2.21,6.81,22.03,16.5,17.8,21,19.4,3.5,5.7,10.1,7.3,10,11.7,15.5,13.3,332,223,24,239,-28.5,18.5,30.2,10.2,14,4,0,2,422,608,972,749,720,599,271,461,0,0,43,21,71,84,92,86,1,0,0,1,145,295,359,215,1,144,335,83,59,62,66,62,22.96,2.4,-20.62,2.08,12.7,16.3,9.8,6.5,897,39,25.3,422.5,20,2759,2041,65,336,65,330,264,2,-10.2,34.8,7.6,1013,564,63,6.82,1161
1921,2275918,NA,37.42756,-122.17152,-9999,13.9,16.4,17.8,20.2,20.1,26.4,27.5,26.7,26.6,23.8,19.8,15.7,4.5,5.7,7.8,6.1,8.2,11.2,10.8,11,10.5,9.8,6.3,5.8,9.2,11,12.8,13.2,14.2,18.8,19.1,18.8,18.6,16.8,13.1,10.8,161,46,64,29,22,1,1,1,15,33,45,177,-52.1,11.5,16.3,23.2,16,23.8,26.6,26.1,38.2,16.9,-27.8,-43.5,6,3,2,1,0,0,0,0,0,0,1,4,130,158,226,239,288,413,438,429,407,366,231,170,276,199,171,158,134,33,22,29,42,72,158,222,0,0,3,3,5,60,58,55,59,23,2,0,27,26,31,28,30,30,31,31,30,31,28,29,1,0,0,0,0,0,0,0,0,0,0,0,37.836,51.432,75.592,109.759,120.947,158.145,168.771,146.98,118.677,84.314,53.39,37.515,0,5.468,11.585,80.827,98.851,157.456,168.119,146.037,103.401,50.817,8.007,0,69,66,69,57,63,56,52,55,54,58,58,71,11.58,-1.22,0.29,-5.23,-5.33,-11.73,-12.91,-12,-10.61,-6.58,-3.25,12.29,14.8,19.4,26.8,23.4,5.1,7.4,11,8.9,10,13.4,18.9,16.1,384,115,2,94,-28.1,18.5,25.5,9.1,15,2,0,1,429,752,1280,1004,733,463,85,272,0,11,172,84,81,89,92,88,2,0,0,0,123,306,474,256,5,191,472,162,69,63,54,57,22.66,-10.27,-36.64,-20.45,14.7,19.1,9.2,9.9,596,40,41.4,482.3,17,3494,1517,267,351,41,347,306,3,-8.2,38.5,6.3,1160,831,60,-44.7,1829
1921,5504847,NA,37.6553,-122.0567,-9999,12.7,15.4,16.6,18.6,18.1,24.4,25.8,24.9,25,22.5,19.3,14.8,4.3,5.4,7.4,6.2,8.1,11.2,11.1,11.1,11,10.3,6.4,5.8,8.5,10.4,12,12.4,13.1,17.8,18.5,18,18,16.4,12.8,10.3,191,49,75,33,26,1,1,1,14,29,56,195,-51.3,10.9,15.6,21.8,19.4,22.3,29.5,27.3,38.9,17.4,-27.5,-43.2,8,4,2,1,0,0,0,0,0,0,1,4,113,145,202,216,255,383,419,404,390,353,224,157,299,208,192,179,164,47,29,40,50,80,165,237,0,0,0,0,0,43,45,40,50,19,1,0,26,26,30,28,30,30,31,31,30,31,28,29,2,0,0,0,0,0,0,0,0,0,0,1,34.669,48.267,70.455,100.049,106.519,142.768,155.38,134.35,108.914,77.165,51.187,34.628,0,0,0,66.832,81.018,141.638,154.74,133.163,95.05,48.078,0,0,72,68,71,61,69,61,57,59,59,63,60,74,15.25,-0.53,1.86,-3.77,-3.73,-9.93,-11.33,-10.41,-9.3,-5.89,-1.82,14.55,13.7,17.8,25,22.3,4.9,7.2,11.2,9.2,9.3,12.5,18.1,15.7,427,133,3,99,-27.8,18.9,26.3,9.6,18,3,0,1,384,673,1206,967,781,536,117,295,0,0,128,70,80,89,92,89,3,0,0,0,114,277,432,237,0,148,430,143,71,67,59,60,29.26,-5.64,-31.66,-17,14,18.5,8.5,10,671,42,35.8,437,20,3261,1691,198,350,41,349,308,4,-9,37.1,6.8,1061,721,64,-25.04,1633
1921,1176,NA,34.03974,-118.589581,-9999,17.6,19.4,19.7,19.4,16.8,21.5,25.1,25.7,24.8,23.7,24,20.5,7.4,7.6,9.5,8.4,11.4,13.7,16.4,15.6,14.1,14.6,10.5,10.5,12.5,13.5,14.6,13.9,14.1,17.6,20.7,20.7,19.4,19.2,17.2,15.5,127,40,75,23,54,1,0,1,12,19,0,234,-53.7,13.1,17.2,21,27.1,18.7,37.8,31,41.6,19.2,-28.1,-44.5,3,2,1,0,0,0,0,0,0,0,0,1,218,224,283,261,285,377,488,485,432,438,354,311,179,134,122,139,136,51,11,13,32,36,65,103,5,5,11,5,4,40,97,96,75,59,35,23,31,28,31,30,31,30,31,31,30,31,30,31,0,0,0,0,0,0,0,0,0,0,0,0,50.801,65.198,87.467,103.435,83.61,111.988,129.743,128.164,105.545,79.479,69.163,51.085,0,25.617,12.12,80.631,29.34,111.195,129.625,127.388,93.423,60.268,69.163,0,68,63,68,66,83,76,74,70,68,72,60,66,6.61,-3.3,0.56,-4.75,0.81,-6.86,-8.77,-9.55,-8.19,-6.38,-9.93,16.14,18.4,18.6,24.1,24.2,7.5,9.8,15.2,13.1,13,14.2,19.7,18.6,204,152,2,31,-28.4,21.8,29.1,10.9,6,1,0,0,673,830,1350,1225,482,397,74,133,16,19,232,168,90,92,92,91,0,0,0,0,165,275,370,254,38,122,368,223,66,72,73,67,19.46,-3.37,-25.19,-24.5,16.6,20.7,12.5,8.3,586,68,45.4,304.7,7,4158,1019,452,365,3,365,362,1,0.7,38.9,8.3,1063,751,70,-33.6,2403
1921,3904095,NA,34.533002,-117.283871,-9999,12.6,17.5,20,21.9,22.8,32.1,37.3,35.6,31.7,26.5,20.9,16,-2.3,-0.2,3.9,2.7,8.2,12.5,16.6,15.1,10.4,8.6,1.3,1.1,5.1,8.6,11.9,12.3,15.5,22.3,27,25.3,21,17.6,11.1,8.5,39,14,28,2,41,1,4,8,11,8,13,117,-52.9,16.2,21.4,27.2,18.1,26.2,27.9,29.6,40.8,17.4,-28.2,-44.3,19,7,2,1,0,0,0,0,0,0,2,7,59,118,216,220,327,518,679,629,481,390,185,125,402,258,195,181,99,8,1,1,19,58,208,291,0,0,5,6,21,135,278,228,110,43,2,0,9,13,26,22,30,30,31,31,30,30,18,18,1,0,0,0,0,0,0,0,0,0,0,1,45.761,66.353,99.52,129.276,142.456,199.694,232.074,204.413,154.094,105.538,67.462,48.256,6.963,51.983,71.458,126.876,101.258,198.81,228.479,195.955,143.067,97.929,54.558,0,51,46,51,44,56,47,46,46,43,49,43,48,0.02,-5.98,-6.32,-10.66,-6.21,-19.12,-25.38,-22.63,-18.26,-13.03,-9.06,5.38,14.6,21.6,35,26.4,-1.8,4.9,14.8,6.8,6.4,13.2,24.9,16.6,84,72,13,32,-27,22.2,27.9,10,42,3,0,2,238,764,1826,1055,1046,475,10,285,0,32,641,155,30,78,92,78,2,0,0,0,157,371,636,327,73,300,623,296,48,51,46,45,-0.58,-23.19,-67.12,-40.35,15.5,27,5.1,21.8,286,65,89.2,413.8,37,3947,1722,828,288,109,309,200,2,-19.6,45.5,8.3,1492,1291,48,-131.24,2330
1921,3440200,NA,35.098215,-120.579118,-9999,16.4,18.1,19.2,18.3,16.3,20.1,21.3,21.6,21.5,22.4,23.6,19.1,4.5,5.5,7.9,5.6,7.9,10.2,11.5,11.1,9.5,9.9,6,5.8,10.4,11.8,13.5,11.9,12.1,15.2,16.4,16.4,15.5,16.2,14.8,12.5,133,51,64,31,58,2,0,1,20,18,23,159,-53.9,13.3,17.9,22.6,23,21,37.6,29.9,40.4,18.3,-28.9,-44.8,4,3,1,1,0,0,0,0,0,0,0,2,157,172,246,203,224,304,354,353,316,346,280,214,239,179,152,192,192,101,66,72,96,85,115,180,0,0,3,0,0,14,17,20,22,13,7,2,26,26,31,28,30,30,31,31,29,31,28,29,1,0,0,0,0,0,0,0,0,0,0,0,49.22,61.469,86.828,102.936,96.458,116.572,121.094,115.206,97.906,83.556,70.382,51.06,0,10.844,23.147,71.949,38.332,115.012,121.041,114.061,77.712,65.168,47.324,0,62,61,65,60,73,69,70,68,64,62,49,63,7.24,-1.77,-0.62,-3.85,0.57,-6.85,-7.41,-7.69,-6.12,-6.96,-8.33,8.54,16.9,17.9,21,22.5,4.9,7.1,10.9,8.5,10.9,12.5,16,15.5,244,153,3,62,-28.5,21.2,29.5,9.9,11,2,0,1,491,673,1011,942,645,536,239,296,0,3,51,42,80,88,92,88,1,1,0,0,155,286,353,252,11,133,350,190,62,66,69,58,14.02,-3.9,-21.95,-21.4,13.9,16.4,10.4,6,560,81,42.6,202.2,13,3169,1670,98,350,43,343,300,2,-8.6,35.5,8,1046,685,63,-33.24,1508
1921,3425410,NA,37.898448,-122.313558,-9999,12.7,16,16.9,18.1,16.9,21.8,22.2,21.5,22.6,21.9,19.3,14.9,5.5,6.8,8.7,7.4,9,11.9,11.5,11.5,11.7,11.1,7.7,6.9,9.1,11.4,12.8,12.8,12.9,16.8,16.8,16.5,17.2,16.5,13.5,10.9,200,45,71,34,22,1,0,1,13,32,56,169,-50.7,10.3,14.7,20.2,22,20.8,35.2,29.1,39.3,17.7,-27.3,-42.9,6,3,2,1,0,0,0,0,0,0,1,4,126,163,224,227,250,355,368,358,366,357,243,172,279,190,171,169,169,64,57,68,62,78,147,217,0,0,2,1,0,30,21,21,39,19,2,0,28,27,31,29,31,30,31,31,30,31,29,31,2,0,0,0,0,0,0,0,0,0,0,0,32.379,47.519,67.96,93.549,94.535,120.929,126.381,109.175,93.382,72.02,49.075,33.115,0,2.746,0,59.735,72.067,119.986,125.984,108.46,80.437,39.761,0,0,76,70,74,66,75,69,67,69,67,67,64,77,16.18,-0.88,1.7,-3.06,-3.09,-7.65,-8.09,-7.51,-7.1,-4.76,-1.49,12.18,14,17.3,21.8,21.3,6.2,8.4,11.6,10.2,10.1,12.8,16.7,15.7,410,127,2,101,-27.8,19,28.4,9.9,15,2,0,1,431,700,1080,965,722,509,189,287,0,3,72,60,86,91,92,90,2,0,0,0,110,256,356,214,3,132,354,120,75,72,69,66,27.48,-4.44,-23.25,-13.35,13.9,17.2,9.1,8.1,645,37,37.1,458.7,16,3207,1672,135,359,17,358,341,3,-6.4,34.6,7.4,937,609,70,-13.56,1563
1921,231694,NA,36.950879,-122.066217,-9999,14.9,16.9,18.4,18.2,16.8,21.7,21.3,21.3,22.6,22,20.8,17,3.7,4.9,7.2,5.1,7.4,10,9.8,10.2,9.2,8.4,5,5,9.3,10.9,12.8,11.6,12.1,15.8,15.6,15.7,15.9,15.2,12.9,11,264,83,99,62,50,2,2,2,33,48,96,291,-53.1,12.4,17.4,22.6,20.8,21.9,35.2,28.9,39.2,17.5,-28.3,-44.2,6,4,2,1,0,0,0,0,0,0,1,4,128,151,223,194,225,324,328,334,327,317,224,173,275,195,172,200,191,86,87,85,88,108,163,219,0,0,0,0,0,19,11,15,25,6,0,0,25,25,30,27,30,30,31,31,29,30,26,28,2,0,0,0,0,0,0,0,0,0,0,1,42.26,55.071,81.02,100.981,100.6,128.091,127.119,114.077,101.394,80.238,58.425,42.566,0,0,0,39.063,50.613,126.579,125.108,112.48,68.77,32.127,0,0,64,62,65,59,70,64,65,66,60,59,53,66,21.24,2.03,3.29,-0.77,-0.63,-8.02,-7.74,-7.66,-5.77,-4.01,0.89,22.82,15.6,17.8,21.4,21.8,4.4,6.6,10,7.5,10,12.2,15.7,14.7,619,211,5,176,-28.3,20.3,28.7,9.5,15,3,0,1,420,642,986,867,723,563,258,359,0,0,46,31,77,87,92,86,3,1,0,1,135,283,369,240,0,90,364,101,64,65,65,57,46.09,1.89,-23.43,-8.9,13.2,15.9,9.3,6.6,1030,88,22.6,180.9,17,2948,1867,76,342,58,335,277,5,-10.2,34.8,7.5,1027,555,62,15.66,1330
1922,2275918,NA,37.42756,-122.17152,-9999,12.6,13.8,16.1,18.4,23.6,26.8,27.2,26.9,29.1,22.1,16.5,14.1,1.5,4.7,5.3,5.5,8.2,11.3,12.2,10.7,11.2,9.4,4.8,5.8,7.1,9.3,10.7,12,15.9,19,19.7,18.8,20.1,15.7,10.6,9.9,62,143,74,41,17,5,0,1,1,65,79,164,-52.1,10.5,17,22.4,10.7,26.8,27.9,25.9,37.4,17.4,-26.6,-43,11,6,3,1,0,0,0,0,0,0,2,5,84,122,172,203,340,421,455,429,453,333,167,152,343,240,228,191,89,31,17,29,26,95,222,248,0,0,0,0,18,64,71,55,89,15,0,0,19,25,28,27,30,30,31,31,30,31,26,29,1,1,0,0,0,0,0,0,0,0,1,1,37.773,44.474,73.592,100.913,144.939,160.932,162.208,149.572,131.022,77.709,45.829,33.384,0,0,0,60.161,128.038,155.901,161.781,148.764,130.093,12.373,0,0,64,70,65,60,54,55,57,53,50,61,63,68,2.4,9.82,1.63,-2.99,-8.46,-11.66,-12.19,-12.37,-14.45,-2.12,1.87,11.8,14,19.4,27,22.6,4,6.3,11.4,8.4,9,12.9,19.2,15.5,382,131,6,146,-28.2,16.7,26.9,9.4,21,4,0,2,378,715,1305,953,806,508,77,343,2,18,190,104,73,86,92,86,2,0,0,1,120,319,473,255,0,188,466,142,67,60,55,58,24.03,-9.82,-36.22,-14.7,14.1,20.1,7.1,13.1,652,24,36.9,835.1,28,3329,1758,312,337,62,338,276,3,-8.2,38.5,6.2,1166,797,60,-36.72,1727
1922,5504847,NA,37.6553,-122.0567,-9999,11.2,12.7,14.9,17,21.7,24.7,25.4,25,27.7,20.7,15.5,12.8,1.1,4.4,5.1,5.3,8.4,11.3,12.4,11.1,11.8,9.7,4.8,5.7,6.1,8.5,10,11.2,15,18,18.9,18,19.7,15.2,10.2,9.2,78,165,92,52,21,8,0,1,1,68,120,202,-51.2,9.9,16.1,21.3,13.9,24.9,30.9,27.2,38.2,17.9,-26.1,-42.4,14,7,4,1,0,0,0,0,0,0,2,6,66,105,154,183,313,388,431,404,442,318,156,134,371,261,249,212,112,45,25,40,29,107,236,270,0,0,0,0,11,45,53,41,81,11,0,0,18,24,28,27,30,30,31,31,30,31,26,29,2,1,0,0,0,0,0,0,0,0,1,1,34.518,40.961,67.964,92.981,130.795,144.876,148.186,135.429,121.669,70.631,42.568,29.703,0,0,0,41.386,109.565,136.658,147.726,134.374,120.776,2.822,0,0,66,73,68,63,60,60,61,59,54,66,66,71,4.7,12.69,4.04,-1.14,-6.53,-9.46,-10.59,-10.56,-12.92,-0.84,6.4,16.39,12.9,17.9,25,21.3,3.7,6.3,11.6,8.8,8.3,12.1,18.3,15,439,165,10,188,-27.9,17.1,27.7,10,26,5,0,2,333,649,1223,915,870,573,110,372,1,11,139,92,71,85,92,87,4,0,0,1,110,292,428,235,0,151,419,124,70,64,60,62,33.78,-3.64,-30.61,-7.35,13.3,19.7,6.1,13.6,809,32,28.9,619.6,34,3094,1956,242,335,63,340,277,4,-9,37.1,6.7,1065,693,64,-7.81,1548
1922,1176,NA,34.03974,-118.589581,-9999,17.1,17,17.1,18.4,21.6,23.7,24.6,26,27.4,23.4,20.7,18.6,5.6,7.4,7.5,8.4,11.5,14.2,15.6,16.5,16.4,12,8.5,10.5,11.4,12.2,12.3,13.4,16.5,18.9,20.1,21.3,21.9,17.7,14.6,14.6,131,141,75,11,17,1,0,1,1,18,42,112,-54,11.7,16.6,20,19.7,22.1,37.7,31,41.3,18.9,-27.3,-43.9,3,2,2,0,0,0,0,0,0,0,0,1,187,189,216,248,359,417,469,504,506,392,280,284,208,169,184,151,76,32,14,10,15,56,119,125,3,2,2,4,23,62,82,111,131,35,11,16,29,28,31,30,31,30,31,31,30,31,30,31,0,0,0,0,0,0,0,0,0,0,0,0,51.98,56.355,78.653,96.75,122.71,128.044,130.228,126.443,114.277,85.441,60.653,44.662,0,0,3.571,86.071,105.926,127.226,130.164,125.729,113.465,67.805,19.087,0,64,69,69,69,69,71,73,72,68,66,63,69,6.81,8.3,1.67,-5.29,-6.02,-8.38,-8.71,-9.5,-10.91,-7.17,-3.74,5.24,18.2,19,24.8,23.8,7.8,9.2,15.4,12.3,13,14.1,20.1,18.1,505,103,2,60,-28.7,18.8,30.3,11,7,2,0,1,689,823,1390,1178,480,411,56,190,29,28,254,177,87,91,92,91,1,0,0,0,159,298,385,260,0,196,383,200,67,69,72,65,20.35,-9.64,-26.59,-21.82,16.2,21.9,11.4,10.5,548,19,47.9,1141.2,10,4052,1158,480,361,8,359,351,1,0.7,38.9,7.8,1103,779,69,-37.7,2298
1922,3904095,NA,34.533002,-117.283871,-9999,11.6,12.9,16.5,20.2,28.2,33.6,36.2,36.2,34.8,25.6,17,14.1,-4.1,-1,0.2,3,8.3,13.6,16.8,16.5,14,5.9,-0.4,0.3,3.7,5.9,8.4,11.6,18.3,23.6,26.5,26.3,24.4,15.8,8.3,7.2,41,48,27,8,17,3,9,12,2,5,18,48,-52.5,14.5,21.6,25.9,12.7,31,28.8,29.5,40,17.5,-27.1,-43.9,27,14,6,1,0,0,0,0,0,0,4,10,41,67,126,201,411,557,665,659,581,334,121,95,445,334,300,201,46,5,1,1,6,94,291,331,0,0,0,5,53,172,264,259,195,23,0,0,6,11,16,23,30,30,31,31,30,28,14,16,3,1,0,0,0,0,0,0,0,0,0,1,44.097,52.755,88.299,119.369,180.402,208.7,222.433,204.936,165.76,104.863,57.317,44.18,2.9,4.663,61.786,110.98,163.066,205.232,213.838,193.125,163.455,99.448,39.214,0,48,55,50,48,45,46,48,48,45,44,47,53,0.93,0.68,-4.03,-8.65,-13.96,-20.67,-22.9,-22.66,-22.49,-12.98,-5.19,-0.21,13.5,21.7,35.3,25.8,-1.3,3.9,15.6,6.5,6.1,12.8,25.5,16.2,206,52,24,26,-27.3,20.1,29.8,10.1,48,7,0,4,232,738,1882,1036,1070,546,6,391,0,58,695,218,35,69,92,72,5,0,0,0,145,388,636,328,8,336,612,302,52,48,47,45,1.4,-26.64,-66.23,-40.65,15,26.5,3.7,22.8,239,44,104.7,609.4,62,3858,2054,971,265,115,303,188,5,-19.6,45.5,8.2,1497,1258,48,-132.12,2384
1922,3440200,NA,35.098215,-120.579118,-9999,16,16.3,17.2,18.2,20.4,22,22.7,22,24.2,22.8,19.6,18.5,2.2,5.2,4.5,4.5,7.4,10.6,11.6,10.9,11.1,8.1,3.8,6.7,9.1,10.8,10.9,11.3,13.9,16.3,17.1,16.5,17.7,15.4,11.7,12.6,124,152,93,25,38,5,0,1,2,54,127,108,-54.2,12.5,19.1,23.4,16.4,25,35.6,29.7,40,18.1,-27.7,-44.5,6,4,3,1,0,0,0,0,0,0,1,2,128,153,173,188,279,339,377,356,380,325,192,221,279,198,223,207,141,75,51,69,55,102,193,177,0,0,0,0,3,24,25,21,45,9,0,5,21,26,27,26,30,30,31,31,30,30,24,30,1,0,0,0,0,0,0,0,0,0,1,0,50.505,55.896,84.397,104.504,127.571,129.268,132.023,118.592,109.357,88.233,60.437,48.329,0,0,0,79.818,89.306,124.687,131.957,117.506,107.415,34.46,0,0,56,65,60,58,60,65,66,66,61,56,52,59,6.49,9.26,2.76,-4.62,-4.1,-7.79,-8.45,-8.03,-9.68,-4.12,4.51,3.97,17.2,18.6,22.2,22.2,4.4,5.5,11.1,7.7,10.8,12,16.6,14.9,435,156,6,182,-28.8,19.7,30.1,10.1,12,4,0,1,498,641,1072,897,658,572,195,349,4,3,69,54,76,83,92,84,1,0,0,1,157,316,380,258,0,169,374,142,60,59,66,56,19.73,-5.95,-24.27,-9.29,13.6,17.7,9.1,8.5,728,46,32.5,384.6,18,3112,1770,131,336,70,336,266,2,-8.6,35.5,7.8,1112,685,61,-19.79,1471
1922,3425410,NA,37.898448,-122.313558,-9999,11.4,12.9,15.2,16.4,20.4,22,21.7,21.6,25.4,19.6,15.6,12.7,2.3,5.6,6.3,6.6,9.4,11.8,12.6,11.3,12.2,10.6,5.9,6.6,6.8,9.3,10.8,11.5,14.9,16.9,17.2,16.4,18.8,15.1,10.7,9.6,73,166,80,56,18,6,0,1,1,70,103,181,-51,9.2,15.3,19.5,16.5,23,37,28.9,38.7,18.4,-25.9,-42.1,12,6,3,1,0,0,0,0,0,0,2,5,78,120,171,191,310,357,378,355,413,314,168,143,349,240,226,203,114,63,50,70,39,110,218,257,0,0,0,0,10,30,25,20,62,9,0,0,21,26,29,29,31,30,31,31,30,31,28,30,1,1,0,0,0,0,0,0,0,0,1,1,33.372,39.294,66.22,86.092,118.146,122.322,117.851,110.741,107.459,63.335,41.01,27.385,0,0,0,30.43,100.445,115.954,117.554,109.985,106.265,0,0,0,70,76,71,68,66,69,72,68,61,72,69,74,4.09,12.71,2.95,-0.08,-5.63,-7.23,-7.4,-7.65,-10.43,0.41,4.91,14.46,13.1,17.3,21.8,20.2,4.9,7.4,11.9,9.5,9,12.4,16.8,14.9,408,153,7,173,-28,17.1,29.6,10.4,21,4,0,2,374,672,1089,895,807,544,184,368,2,10,76,72,78,89,92,88,3,0,0,1,106,270,351,212,0,131,343,106,73,69,70,67,31.27,-2.76,-22.29,-5.12,13.2,18.8,6.8,11.9,754,26,30.7,713.3,29,2998,1941,158,347,38,348,311,3,-6.4,34.6,7.3,939,581,70,1.1,1423
1922,231694,NA,36.950879,-122.066217,-9999,14.1,15,16.8,16.7,20.2,22.3,21.3,21.6,24.9,20.7,18,16.3,1.4,4.5,4.7,4.8,7.2,10.2,11.4,9.8,9.9,8.2,4,5.4,7.7,9.8,10.7,10.8,13.7,16.2,16.4,15.7,17.4,14.5,11,10.8,112,236,105,78,36,8,1,1,2,82,126,213,-53.2,11.5,18.2,21.6,15.2,24.9,36.6,28.6,38.7,17.9,-27.3,-43.9,9,5,3,1,0,0,0,0,0,0,2,4,95,130,169,172,273,336,354,333,372,295,170,171,323,226,227,222,148,77,67,86,59,126,211,221,0,0,0,0,3,23,17,15,41,4,0,0,19,24,27,27,30,30,31,31,30,30,24,28,2,1,0,0,0,0,0,0,0,0,1,0,42.496,49.476,78.568,93.192,125.07,131.79,120.679,117.648,112.397,75.299,51.73,40.216,0,0,0,15.427,89.313,123.485,119.642,116.442,110.718,0,0,0,59,66,62,62,60,63,69,64,56,61,56,62,6.68,18.41,4.24,1.64,-4.24,-7.74,-7.37,-8.05,-10.63,0.29,5.49,15.51,15.4,17.9,21.8,21.2,3.6,5.6,10.5,7.4,9.5,11.7,16.1,14.3,640,218,11,210,-28.5,18.3,30,9.7,18,4,0,2,401,614,1024,838,767,597,229,395,0,3,55,45,71,83,92,84,3,1,0,1,135,297,370,239,0,105,360,111,62,61,65,58,40.6,1.64,-23.17,-4.85,12.9,17.4,7.7,9.7,1000,48,22.9,362.8,24,2871,1991,102,331,73,330,257,4,-10.2,34.8,7.4,1041,575,62,14.23,1291
1923,2275918,NA,37.42756,-122.17152,-9999,13.9,16.1,20.1,19.5,22.9,23.1,26.9,26.9,27.4,23.5,21.6,14.5,3.4,3.6,5.3,7.3,7.8,9.5,11.1,12,11.8,8.5,6.7,3.4,8.7,9.9,12.7,13.4,15.4,16.3,19,19.4,19.6,16,14.1,8.9,92,52,15,67,3,5,1,1,18,20,32,41,-52.5,12.6,20.2,21.6,11.5,26.5,27.6,26.2,38.1,16.8,-28.5,-43.5,7,5,2,0,0,0,0,0,0,0,1,6,118,133,224,245,323,339,434,448,438,341,264,125,293,223,174,151,102,75,24,22,30,89,131,278,0,0,3,4,13,24,55,68,79,16,8,0,24,23,28,29,30,30,31,31,30,30,28,24,1,0,0,0,0,0,0,0,0,0,0,0,39.204,53.295,92.1,102.817,141.199,139.547,163.734,145.571,120.551,84.989,58.03,37.02,0,0.961,77.285,35.493,138.519,134.263,163.221,144.227,102.708,64.727,26.485,0,66,60,55,62,55,59,54,57,55,55,55,73,4.66,-0.79,-6.71,-0.63,-9.41,-8.89,-12.27,-11.86,-10.81,-7.95,-5.8,-0.82,14.7,20.8,25.6,24.2,4.3,6.8,10.9,9,9.5,13.8,18.3,16.6,308,85,7,70,-27.8,17.8,26.8,8.8,17,2,0,1,401,793,1221,1043,764,428,121,250,0,20,147,102,76,87,92,89,2,0,0,0,126,336,449,264,1,251,442,194,66,57,57,55,3.05,-16.75,-33.03,-24.56,14.5,19.6,8.7,11,347,28,70.6,709.4,21,3433,1594,269,339,51,342,291,2,-8.2,38.5,6.4,1174,888,58,-71.29,1789
1923,5504847,NA,37.6553,-122.0567,-9999,12.4,15,19.1,17.7,20.8,20.9,24.8,24.7,25.8,21.9,21,13.3,3.1,3.4,5.3,7.2,8,9.3,11.2,12.2,12.4,9,6.8,3.4,7.7,9.2,12.2,12.5,14.4,15.1,18,18.5,19.1,15.5,13.9,8.3,110,55,15,94,4,7,1,2,21,32,40,41,-51.4,12,19.3,20.1,14.9,24.6,31,27.6,38.8,17.4,-28.2,-43,9,6,2,1,0,0,0,0,0,0,1,7,97,118,210,219,294,302,405,418,423,326,257,110,322,242,187,177,128,103,36,33,36,101,137,297,0,0,2,1,7,14,37,48,68,12,7,0,23,22,28,29,30,30,31,31,30,31,29,24,1,0,0,0,0,0,0,0,0,0,0,0,35.13,49.686,86.969,92.185,126.399,123.784,147.528,130.016,109.71,77.229,55.553,33.878,0,0,72.194,0,122.086,117,147.006,127.752,88.276,45.048,15.31,0,69,63,57,67,61,64,60,63,60,61,57,76,7.31,0.19,-6.1,3.05,-7.73,-7.16,-10.39,-9.85,-8.81,-5.49,-4.52,-0.1,13.4,19.2,23.5,22.9,4.1,6.8,10.9,9.4,8.7,13,17.2,16.2,367,113,10,94,-27.5,18.1,27.8,9.3,21,3,0,1,347,722,1124,1006,834,492,172,273,0,10,99,87,75,87,92,89,3,0,0,0,115,306,401,242,0,194,392,149,70,62,62,59,7.39,-10.78,-27.4,-18.82,13.7,19.1,7.7,11.4,422,35,56.2,540.9,26,3177,1798,196,338,48,345,296,4,-9,37.1,6.9,1064,735,62,-49.61,1581
1923,1176,NA,34.03974,-118.589581,-9999,19.7,18.9,21.6,17.7,22,20.4,24.3,23.6,23.9,23.5,24,19.3,8.5,7,8.2,10.6,11.9,11.3,14.4,15.5,15.2,12.9,11.2,7.7,14.1,13,14.9,14.2,16.9,15.8,19.4,19.5,19.6,18.2,17.6,13.5,93,56,14,51,3,1,0,3,10,19,16,24,-54.9,13.1,19.8,17.1,19.5,22.1,37.2,31.6,41.8,18.9,-28,-44.6,2,2,1,0,0,0,0,0,0,0,0,2,265,207,289,271,370,324,445,450,437,408,365,247,136,148,116,130,68,86,20,21,31,49,58,153,11,3,11,6,25,19,63,69,78,40,38,7,31,28,31,30,31,30,31,31,30,31,30,31,0,0,0,0,0,0,0,0,0,0,0,0,56.349,64.266,100.813,83.83,124.06,114.61,133.299,111.813,95.631,83.826,67.948,51.78,0,8.396,86.946,32.863,121.173,113.951,133.214,108.652,85.136,64.823,52.414,28.161,65,63,59,77,69,72,70,75,74,68,62,74,2.02,-1.48,-7.21,-0.28,-7.57,-6.84,-8.85,-7.56,-7.21,-6.86,-8.16,-4.79,19.1,20.4,22.7,23.8,8.7,10.2,13.7,13.1,13.9,15.3,18.2,18.5,261,68,4,45,-28.8,18.8,30.3,10.9,5,1,0,0,752,929,1219,1210,408,314,128,137,27,41,151,156,90,92,92,91,0,0,0,0,165,309,360,247,8,241,356,202,67,69,72,68,-4.25,-15.06,-23.24,-22.23,16.4,19.6,13,6.6,289,17,91.4,1132.7,7,4078,1016,369,364,0,365,365,0,0.7,38.9,7.8,1081,808,68,-64.79,2327
1923,3904095,NA,34.533002,-117.283871,-9999,15.6,15.6,19.6,20,28.7,29.5,35.8,34.4,30.5,24.5,19.6,13.4,-1,-0.9,2.4,5,9.1,10.1,15.5,14.6,12.1,5.8,2.8,-1.6,7.3,7.4,11,12.5,18.9,19.8,25.6,24.5,21.3,15.2,11.2,5.9,23,15,16,20,4,2,5,4,24,9,12,16,-54.4,15.8,22.2,24.2,12.4,30.7,28.7,29.9,41.3,17.7,-27.7,-43.8,11,9,3,1,0,0,0,0,0,0,2,15,98,90,190,225,430,444,637,603,488,317,187,67,335,294,218,176,37,23,1,2,18,108,205,373,0,0,2,5,61,79,236,202,116,16,2,0,12,11,22,27,31,30,31,31,30,28,22,11,0,0,0,0,0,0,0,0,0,0,0,0,52.722,60.98,99.943,114.753,182.371,186.819,222.936,197.176,144.106,100.53,62.679,43.516,29.377,45.591,84.041,95.175,178.329,185.115,217.695,193.187,120.082,91.389,50.754,27.852,48,48,48,54,45,46,46,47,49,46,49,56,-3.5,-4.33,-7.59,-6.95,-15.65,-16.56,-23.08,-21.43,-14.83,-11.61,-7.91,-2.78,15.1,22.8,33.2,24.9,-0.5,5.5,13.4,6.9,7.3,14.1,23.3,15.9,86,40,11,45,-27.5,19.6,29.8,10.4,30,4,0,2,282,845,1685,992,960,431,26,330,0,69,518,135,39,79,92,80,1,0,0,0,158,397,607,307,75,358,596,262,51,49,46,48,-10.61,-30.19,-61.07,-34.35,15.1,25.6,5.9,19.7,150,39,167.1,656.6,40,3777,1789,721,286,94,311,216,2,-19.6,45.5,8.1,1469,1291,48,-136.22,2204
1923,3440200,NA,35.098215,-120.579118,-9999,19.1,18.8,21.5,17.8,19.9,18,21,21.5,22.5,22.4,23.5,19.2,3.9,3,3.6,7,7.2,7.5,10.4,10.8,11.4,8.6,6.8,2.3,11.5,10.9,12.6,12.4,13.5,12.7,15.7,16.2,17,15.5,15.1,10.8,107,68,20,103,12,8,0,4,31,33,10,28,-55.8,15.1,23.1,20.9,16.9,24.8,37.1,29.9,40.3,18.2,-28.8,-45.1,3,4,2,1,0,0,0,0,0,0,0,4,184,153,218,218,268,232,332,348,360,328,290,168,204,195,177,179,152,155,84,75,66,99,107,221,0,0,0,0,0,5,12,18,36,8,10,0,25,21,25,29,30,29,31,31,30,30,29,22,0,0,0,0,0,0,0,0,0,0,0,0,57.669,66.713,106.1,96.68,125.181,111.29,123.785,115.627,98.749,85.942,69.3,54.48,0,0,86.325,0,113.41,103.573,123.679,111.858,68.175,52.584,59.338,26.329,54,52,47,66,61,67,67,67,66,58,51,63,2.87,-0.92,-7.55,3.92,-6.5,-5.58,-7.54,-7.45,-5.35,-5.78,-9.38,-5.36,18.8,19.8,20.2,22.8,4.6,5.9,9.6,9,11.7,12.8,14.9,15.9,283,134,12,74,-28.6,20.3,30.6,9.9,9,3,0,1,555,704,912,978,576,508,314,272,3,0,35,53,77,84,91,89,1,0,0,0,173,328,351,254,0,200,339,180,56,58,67,58,-3.41,-10.12,-20.58,-20.52,13.7,17,10.8,6.2,423,54,55.9,314.9,14,3098,1714,88,332,57,341,284,2,-8.6,35.5,8,1105,719,59,-54.62,1433
1923,3425410,NA,37.898448,-122.313558,-9999,12.3,15.6,19.7,17.3,19.6,18.4,21.1,21.4,23.4,21.3,21.2,13.7,4.3,4.7,6.8,8.4,9,10,11.5,12.5,12.8,9.9,8.1,4.5,8.3,10.2,13.3,12.8,14.3,14.2,16.3,17,18.1,15.6,14.6,9.1,112,44,15,100,5,5,0,2,25,19,33,36,-50.9,11.5,18.6,18.5,17.4,22.7,37,29.4,39.3,17.7,-28.1,-43,8,4,1,1,0,0,0,0,0,0,0,6,107,138,240,228,291,275,351,371,393,328,277,128,305,215,159,167,131,124,68,59,48,99,119,273,0,0,5,2,6,9,16,26,51,11,10,0,26,25,30,30,31,30,31,31,30,31,30,27,1,0,0,0,0,0,0,0,0,0,0,0,32.933,49.68,86.615,85.46,113.865,102.488,118.129,104.982,94.367,72.072,54.092,33.195,0,6.093,71.815,0,109.243,97.733,117.818,102.91,69.293,52.669,20.997,0,74,65,60,72,67,73,70,72,68,65,60,80,7.61,-1.26,-6.11,4.32,-6.5,-5.47,-7.31,-7.05,-6.14,-5.95,-5,-0.76,13.5,18.9,20.3,21.9,5.2,8.1,11.3,10.3,9.4,13.5,15.8,16.1,337,120,7,78,-27.4,18.2,29.7,9.6,18,2,0,1,387,759,998,999,777,457,251,265,0,12,52,73,81,90,92,90,2,0,0,0,110,286,326,221,6,181,318,143,73,66,72,64,5.59,-8.3,-19.83,-17.09,13.6,18.1,8.3,9.8,396,37,59.7,491.5,21,3129,1767,137,350,23,353,331,3,-6.4,34.6,7.5,942,649,68,-39.63,1503
1923,231694,NA,36.950879,-122.066217,-9999,15.7,16.9,20.4,17.7,19.6,18.7,21.5,22,23.6,22,22.4,16.1,2.8,3.4,4.3,6.6,6.7,8.4,10.2,11.2,10.7,7.2,5.6,2.7,9.2,10.1,12.4,12.1,13.2,13.6,15.8,16.6,17.1,14.6,14,9.4,155,118,24,103,3,14,2,1,25,19,57,63,-53.9,13.3,21.3,20.8,15.8,24.8,35.4,28.8,39.1,17.4,-28.9,-44.1,6,4,2,1,0,0,0,0,0,0,1,6,128,136,211,208,257,257,337,360,364,300,257,133,277,217,183,187,162,138,80,67,63,122,134,264,0,0,0,0,0,7,13,22,38,3,4,0,23,22,26,29,29,30,31,31,30,30,27,23,1,0,0,0,0,0,0,0,0,0,0,0,45.353,56.809,95.96,94.55,122.105,112.001,126.542,115.444,103.295,82.179,62.538,42.389,0,0,71.709,0,118.837,98.212,124.808,114.407,78.091,63.196,5.246,0,59,58,51,65,60,68,65,67,61,56,50,65,9.84,5.24,-6.14,3.97,-7.17,-5.17,-7.75,-7.95,-6.91,-7.22,-4.04,0.38,16.3,19.2,20.7,22.7,3.8,5.9,9.9,7.8,10,12.5,15.3,15.3,486,131,17,101,-28.2,19.3,29.6,9.2,14,3,0,1,433,676,953,921,714,532,284,320,0,0,42,45,73,84,91,86,2,0,0,0,142,313,354,248,0,191,337,147,61,59,67,56,15.47,-9.34,-20.87,-18.17,13.2,17.1,9.2,7.9,585,45,39.6,380.3,20,2947,1894,87,330,66,333,268,3,-10.2,34.8,7.5,1057,675,60,-32.91,1331
1924,2275918,NA,37.42756,-122.17152,-9999,15.2,18.8,17.1,21.5,23.8,26,25.8,26,26.4,21,17.8,12.5,3.2,6.9,4.5,7.2,8.9,10.1,10,10.7,10,8.5,6.1,3.3,9.2,12.9,10.8,14.4,16.4,18,17.9,18.4,18.2,14.7,11.9,7.9,59,53,53,20,2,1,1,2,1,60,56,107,-53.4,12,18.5,23.3,10.7,26.3,28.7,26.4,38.2,17.7,-26.9,-42.8,6,2,3,0,0,0,0,0,0,0,1,8,131,205,171,274,354,390,400,414,396,303,198,98,277,151,226,125,79,44,38,35,47,120,188,311,0,4,0,9,21,46,35,46,53,6,0,0,24,28,27,29,31,30,31,31,30,30,28,24,0,0,0,0,0,0,0,0,0,0,0,1,42.804,57.61,79.581,114.795,144.808,158.207,158.423,143.15,119.182,74.58,47.769,32.358,0,4.28,27.066,95.113,142.844,157.283,157.818,141.574,118.236,14.229,0,0,62,63,60,57,56,54,54,56,52,62,63,64,0.51,-1.64,-1.2,-6.82,-9.97,-11.62,-11.49,-11.38,-12.09,-2.01,-0.94,6.99,16.2,20.8,25.9,21.7,4.5,6.9,10.3,8.2,10.3,13.8,18.1,15,153,74,3,117,-28.1,17.5,27.1,9.7,15,3,0,1,459,798,1204,897,706,430,117,354,4,30,127,59,76,86,92,88,1,0,0,0,137,339,460,242,4,265,457,132,63,58,54,59,5.86,-18,-34.48,-15.04,14.2,18.4,7.9,10.5,414,6,58.5,3051.6,22,3333,1640,219,341,47,338,291,1,-8.2,38.5,6.6,1178,858,59,-61.66,1696
1924,5504847,NA,37.6553,-122.0567,-9999,13.9,17.9,16.3,20.1,22.2,24,23.7,24.1,24.9,19.4,16.9,11,2.7,6.8,4.4,7.1,9.1,10.1,10.3,10.9,10.5,9.1,6.3,3.5,8.3,12.3,10.4,13.6,15.7,17,17,17.5,17.7,14.2,11.6,7.3,67,64,59,21,3,1,1,2,1,65,64,123,-52.6,11.5,17.8,22.1,13.5,24.7,32,27.7,38.8,18.3,-26.4,-42.2,8,2,3,0,0,0,0,0,0,0,1,10,108,190,160,252,332,361,373,389,382,288,187,84,305,165,239,146,95,61,54,48,54,133,197,330,0,2,0,5,15,32,23,33,46,3,0,0,22,27,27,29,31,30,31,31,30,31,28,25,1,0,0,0,0,0,0,0,0,0,0,1,39.466,54.251,75.762,106.136,132.481,143.765,142.743,129.828,109.529,66.481,44.52,28.342,0,0,17.118,85.557,129.597,142.467,142.148,127.678,108.683,1.012,0,0,64,65,62,60,60,59,60,61,57,68,66,68,2.17,-0.08,-0.21,-5.78,-8.6,-9.92,-9.74,-9.71,-10.66,-0.35,0.44,9.24,15,19.5,24,20.4,4.3,6.9,10.4,8.6,9.7,13.2,17.2,14.5,172,82,4,131,-27.8,17.8,28.1,10.2,18,4,0,2,407,743,1122,856,767,480,162,384,2,20,88,49,74,86,92,88,1,0,0,0,128,314,416,221,0,232,412,110,65,61,60,64,11.32,-14.59,-29.38,-10.57,13.5,17.7,7.3,10.5,471,8,50,2279.3,26,3104,1826,159,341,46,341,295,1,-9,37.1,7.1,1079,754,63,-43.21,1503
1924,1176,NA,34.03974,-118.589581,-9999,20.3,23,18.2,19,21.8,24.1,23.5,24.3,25.3,21.1,22.7,18,6.6,9.8,7.6,10.7,13.1,13.6,14.2,14.6,14.5,11,10,7.2,13.5,16.4,12.9,14.8,17.5,18.8,18.9,19.4,19.9,16.1,16.3,12.6,22,6,92,41,1,1,0,1,1,15,38,49,-55.9,13.7,17.5,18.3,20.8,20.9,38,31.2,41.5,19.3,-27.7,-44.3,2,1,2,0,0,0,0,0,0,0,0,2,246,304,229,289,387,414,430,448,447,344,327,221,153,72,169,114,58,33,25,22,28,87,81,177,8,24,1,10,32,60,52,68,85,14,23,4,30,28,31,30,31,30,31,31,30,31,30,31,0,0,0,0,0,0,0,0,0,0,0,0,61.026,75.312,84.14,92.548,117.051,134.083,128.359,121.595,107.592,77.035,65.14,48.577,39.515,68.888,0,51.948,115.822,133.496,128.285,120.443,106.779,62.081,27.134,0,58,60,67,74,73,68,72,71,68,69,62,64,-5.95,-8.66,2.8,-2.08,-7.23,-8.94,-8.33,-8.65,-9.66,-6.04,-5.16,-1.57,20.9,19.7,24,23,8,10.5,14.1,11.8,14.5,15.1,19,17.4,52,134,2,54,-28.8,18.9,30,11,5,2,0,0,798,906,1291,1118,378,341,81,196,40,43,180,121,89,92,92,91,0,0,0,0,188,294,384,250,137,168,382,196,61,71,70,66,-16.18,-6.51,-25.92,-20.86,16.4,19.9,12.6,7.3,267,4,99.1,5166.6,7,4087,1019,379,363,0,359,359,0,0.7,38.9,7.8,1116,883,67,-69.47,2339
1924,3904095,NA,34.533002,-117.283871,-9999,14.9,21.2,16.2,20.9,30.2,34.9,35.7,35.5,33.4,24.3,20.2,13.6,-2.5,1.2,0.8,5.2,10.3,13,14.9,14.5,12.1,5,2.2,-2.1,6.2,11.2,8.5,13.1,20.2,24,25.3,25,22.8,14.7,11.2,5.8,5,6,35,18,1,1,2,1,1,6,7,33,-54.2,17,20.9,24.7,11.4,30.8,28.6,29.5,40.3,17.7,-28,-43.9,14,3,6,1,0,0,0,0,0,0,2,15,76,175,125,241,470,568,628,619,532,302,187,65,369,194,297,161,24,4,1,2,11,120,205,377,0,2,0,7,86,182,227,218,152,13,2,0,9,17,17,27,31,30,31,31,30,27,21,9,0,0,0,0,0,0,0,0,0,0,0,1,51.611,77.515,86.01,119.808,190.361,219.994,223.892,205.21,161.285,100.561,64.863,44.283,47.1,71.948,51.425,101.917,189.123,219.326,221.857,204.112,160.554,94.199,58.316,10.936,45,42,52,53,45,42,45,45,43,45,46,52,-4.72,-10.05,-2.99,-7.79,-17.36,-23.12,-23.51,-23.45,-21.24,-11.88,-9,-1.09,16.5,22.4,35.4,26,-1,5.4,14.2,6.5,7.8,13.9,24.8,16.2,26,54,4,14,-27,19,29.7,10,32,7,0,2,318,836,1815,1021,936,482,7,336,2,93,628,166,36,75,92,78,0,0,0,0,173,396,649,327,147,342,645,313,46,50,44,45,-15.87,-28.14,-70.08,-42.11,15.7,25.3,5.8,19.5,115,6,224,4385,41,3986,1765,889,280,98,304,206,1,-19.6,45.5,7.9,1545,1448,46,-156.19,2411
1924,3440200,NA,35.098215,-120.579118,-9999,19.4,21.8,18.1,20,22.1,22.2,21.2,21.8,23,20.6,22.6,18.3,1.3,5.7,3.7,6.8,8.8,8.8,9.2,10.4,9,6.6,5,3.3,10.4,13.7,10.9,13.4,15.4,15.5,15.2,16.1,16,13.6,13.8,10.8,40,21,82,41,7,1,0,1,4,41,56,53,-56.4,15.1,20.5,22.9,14.9,25.1,36,29.7,40,18.5,-28.7,-44.8,5,2,3,0,0,0,0,0,0,0,1,4,156,225,172,247,326,315,318,345,330,269,251,166,241,130,221,151,101,93,96,77,86,149,140,222,0,5,0,2,11,17,9,18,26,0,0,0,19,26,25,29,30,30,31,31,29,29,26,24,0,0,0,0,0,0,0,0,0,0,0,0,60.507,74.142,89.947,110.436,135.373,137.21,129.557,119.261,107.622,81.419,68.369,51.256,20.857,52.97,7.737,69.827,128.012,135.842,129.507,117.956,103.22,40.392,12.108,0,46,52,55,59,60,59,63,65,58,57,48,49,-4.5,-7.18,1,-3.77,-8.07,-8.79,-8.01,-8.04,-9,-4.14,-4.46,-2.13,20.1,20.1,21.7,22.1,3.1,6.4,9.5,6.9,11.6,13.3,15.6,14.5,89,130,3,102,-28.7,19.4,30.3,9.9,10,3,0,1,548,744,978,850,591,473,265,374,5,13,44,26,67,85,91,85,0,0,0,0,189,336,386,257,100,206,383,156,49,58,63,55,-13.81,-10.84,-24.83,-17.6,13.7,16.1,10.4,5.7,348,14,68.2,1111.9,14,3119,1705,87,329,59,326,267,1,-8.6,35.5,7.7,1168,845,56,-67.08,1443
1924,3425410,NA,37.898448,-122.313558,-9999,14,18.2,16.9,19.7,20.9,21.5,20.3,20.9,22.8,18.7,17,11.1,4,8.1,5.6,8.2,10,10.6,10.5,11.2,10.9,9.9,7.5,4.5,9,13.2,11.3,14,15.4,16.1,15.4,16,16.9,14.3,12.3,7.8,75,73,50,18,2,1,0,1,1,68,65,124,-52.3,10.8,17.3,20.8,16,22.9,37.4,29.3,39.2,18.6,-26.2,-42,7,2,3,0,0,0,0,0,0,0,1,9,123,212,182,262,325,331,324,343,356,290,207,96,284,143,211,136,101,80,90,79,68,131,179,313,0,4,0,6,13,21,10,17,35,2,0,0,25,28,29,30,31,30,31,31,30,31,29,27,1,0,0,0,0,0,0,0,0,0,0,1,37.898,52.871,75.742,100.575,120.081,123.634,115.881,105.993,96.711,61.014,42.745,26.83,0,0,25.327,82.469,118.541,122.761,115.488,104.753,95.7,0,0,0,67,68,64,64,66,66,70,70,64,72,70,70,2.91,0.99,-1.07,-5.43,-7.48,-7.8,-7.01,-7.1,-8.68,0.65,0.7,9.42,15.3,19.2,20.9,19.5,5.6,7.9,10.8,9.4,10.4,13.6,15.8,14.5,184,70,3,134,-27.8,18,29.9,10.5,15,3,0,1,462,769,998,852,699,448,249,379,4,19,49,37,80,89,92,90,1,0,0,0,124,296,346,200,0,226,343,96,69,65,69,69,13.32,-13.98,-21.91,-7.33,13.5,16.9,7.8,9,479,5,49,3333.7,22,3051,1815,109,351,25,349,324,1,-6.4,34.6,7.7,966,665,68,-29.9,1424
1924,231694,NA,36.950879,-122.066217,-9999,16.7,19.5,17.2,19.6,20.3,21.5,20.3,20.8,22.6,19.4,19.3,14.1,2.5,6.1,3.7,6.5,8,9,9,9.9,8.7,7,5,2.5,9.6,12.8,10.4,13.1,14.1,15.2,14.6,15.4,15.7,13.2,12.1,8.3,99,69,80,41,8,2,2,2,2,65,101,158,-54.6,13.1,19.3,22.6,15.6,24.2,36.3,29,39.1,18.2,-27.7,-43.5,6,2,3,1,0,0,0,0,0,0,1,8,137,199,158,236,286,306,297,322,320,256,201,105,264,153,237,161,135,100,110,94,93,161,183,298,0,2,0,2,4,15,7,13,23,0,0,0,22,27,25,28,30,30,31,31,29,29,26,22,1,0,0,0,0,0,0,0,0,0,0,1,48.24,61.947,82.144,106.145,123.235,129.694,122.217,112.017,102.88,71.949,54.154,37.927,0,0,1.736,64.716,115.705,127.503,120.338,110.006,101.058,6.938,0,0,56,59,58,59,62,62,65,66,58,61,56,58,3.53,-0.66,1.41,-3.46,-6.93,-8.04,-7.23,-7.38,-9.04,-0.83,2.45,11.15,17.4,19,20.9,20.4,3.8,6,9.3,6.9,10.6,12.5,15.1,13.7,232,129,6,168,-28.4,19.1,29.8,9.9,13,4,0,2,468,680,925,778,682,533,305,437,2,6,34,23,71,84,91,85,1,0,0,0,153,312,364,229,0,182,358,108,57,60,64,59,14.02,-8.97,-22.65,-7.42,12.9,15.7,8.3,7.3,630,15,36.3,1014.5,21,2824,1990,65,331,62,326,264,1,-10.2,34.8,7.6,1057,648,60,-25.01,1218
1925,2275918,NA,37.42756,-122.17152,-9999,14.9,16.4,18.6,19.6,22,25.9,26.5,25.9,24.1,22.3,17.9,15.7,4.6,7.3,5.8,8.2,10.2,10.9,12.2,11.2,10.6,9.2,6,4.5,9.8,11.9,12.2,13.9,16.1,18.4,19.4,18.6,17.4,15.8,11.9,10.1,75,147,66,48,29,3,1,1,11,29,42,51,-52.8,10.4,18.6,20.9,14.5,23.6,28.9,26.6,38.9,17.4,-27,-43.7,5,3,2,0,0,0,0,0,0,0,1,5,144,176,209,260,346,401,445,421,371,334,197,153,259,177,186,138,85,39,20,32,59,94,188,243,0,0,0,6,18,52,63,50,41,13,0,0,27,28,29,30,31,30,31,31,30,31,28,27,0,0,0,0,0,0,0,0,0,0,0,0,40.524,48.766,84.241,100.915,127.551,155.236,157.524,141.395,105.358,78.765,48.231,38.935,0,0,18.483,52.954,98.771,152.268,156.599,140.583,94.622,49.913,6.189,0,67,71,60,64,64,56,58,57,60,60,63,70,2.34,9.23,-0.53,-2.4,-5.47,-11.1,-11.54,-11.25,-8.84,-5.95,-2.42,-0.58,14.6,20.1,26.1,21.4,5.1,8.1,11.4,8.6,9.8,14.1,18.8,15,329,142,5,82,-28.7,18,26.3,9.8,17,2,0,1,417,814,1267,903,747,409,91,341,0,24,165,54,79,89,92,88,2,0,0,0,122,313,454,232,0,170,449,151,69,63,57,61,10.99,-8.4,-33.89,-17.21,14.6,19.4,9.8,9.6,502,44,49,437.9,16,3457,1521,243,350,26,344,318,2,-8.2,38.5,6.3,1121,770,62,-48.51,1785
1925,5504847,NA,37.6553,-122.0567,-9999,13.9,15.3,17.5,17.8,19.8,24.2,24.8,23.7,22.1,20.8,17.2,14.4,4.4,7.1,5.6,8,10.1,10.9,12.3,11.4,10.8,9.2,6.1,4.6,9.1,11.2,11.6,12.9,14.9,17.6,18.5,17.6,16.4,15,11.7,9.5,63,178,68,66,38,4,1,1,8,21,51,45,-52.1,9.8,17.9,19.4,18.2,22,31.9,28,39.5,17.8,-26.7,-43.2,6,3,2,1,0,0,0,0,0,0,1,5,128,160,190,231,310,376,420,390,343,311,190,137,279,195,204,165,113,51,29,48,76,112,194,262,0,0,0,2,9,39,46,33,30,7,0,0,26,28,29,29,31,30,31,31,30,31,28,27,0,0,0,0,0,0,0,0,0,0,0,0,37.605,44.866,79.178,90.359,111.584,142.738,143.369,125.615,93.451,71.941,45.764,35.063,0,0,11.547,24.114,73.48,138.617,142.442,124.584,85.453,50.912,0,0,69,73,62,69,70,60,63,63,65,64,65,75,1.73,12.81,0.22,0.46,-3.07,-9.59,-9.98,-9.35,-7.52,-5.69,-1.18,-0.31,13.4,18.4,24.2,20,5,7.9,11.5,8.7,9.2,13.1,17.9,14.4,363,172,6,80,-28.5,18.5,27.3,10.2,20,3,0,2,372,732,1186,845,804,482,128,383,0,11,118,37,79,89,92,88,2,0,0,0,111,281,412,211,0,109,406,136,72,67,62,65,14.23,-2.39,-28.91,-14.4,13.8,18.5,9.1,9.4,543,52,43.9,355.3,20,3187,1728,167,350,25,344,320,3,-9,37.1,6.9,1015,651,66,-31.47,1549
1925,1176,NA,34.03974,-118.589581,-9999,19.9,20,20.5,19.3,20.6,22.9,25.4,24.1,24,22.1,21.9,21.6,7.1,8.7,8.6,10.3,12.7,14.3,16.5,15.6,13.3,12.5,10.1,10.1,13.5,14.3,14.6,14.8,16.7,18.6,21,19.8,18.7,17.3,16,15.9,32,47,77,40,15,7,0,5,1,24,28,57,-55.4,12.7,18.6,19,22.2,20.4,37.4,31.4,41.6,19.3,-27.4,-44.9,2,1,1,0,0,0,0,0,0,0,0,1,248,246,280,289,362,407,495,460,410,380,318,320,152,115,124,114,73,36,10,19,41,63,88,95,8,8,9,10,22,56,102,77,60,27,19,26,31,28,31,30,31,30,31,31,30,31,30,31,0,0,0,0,0,0,0,0,0,0,0,0,58.832,65.351,93.974,95.965,109.445,120.051,131.939,115.886,103.365,77.554,62.252,55.367,26.336,18.355,16.551,55.627,94.2,113.496,131.861,110.987,102.469,53.648,33.918,0,61,65,63,72,75,74,73,74,68,71,64,66,-4.41,-2.65,0.03,-2.4,-5.12,-7.07,-9.01,-7.81,-8.92,-5.37,-5.51,-2.39,19.3,20.1,24.1,22.7,7.7,10.5,15.5,12,13.5,15.3,19.8,17.3,128,133,12,53,-29.2,19.9,29.8,11.2,6,1,0,0,715,931,1362,1108,443,312,64,192,21,41,235,107,90,92,92,91,0,0,0,0,173,299,368,243,45,166,356,190,64,70,74,67,-9.46,-7.49,-23.89,-19.8,16.8,21,13.5,7.5,334,28,80,757.9,6,4214,929,425,365,0,359,359,0,0.7,38.9,7.9,1083,757,69,-60.63,2449
1925,3904095,NA,34.533002,-117.283871,-9999,16.4,18.5,21.2,22.1,27.9,32,36.8,35.3,31.1,23.7,18.3,16.9,-1.5,2.1,2.9,5.7,9.8,13.5,17.3,14.6,10.1,6.2,1.6,0.9,7.4,10.3,12,13.9,18.8,22.8,27.1,24.9,20.6,15,10,8.9,5,7,26,22,5,12,3,4,3,13,16,12,-54.9,15.5,22.9,25.1,13.4,29.3,28.5,29.6,40.9,17.9,-27.4,-44.6,10,4,2,0,0,0,0,0,0,0,2,6,101,154,217,265,428,532,682,616,468,310,158,132,331,211,192,138,38,7,0,2,22,113,241,280,0,0,5,11,60,148,281,215,100,15,0,0,11,19,23,28,31,30,31,31,30,29,19,17,0,0,0,0,0,0,0,0,0,0,0,0,55.044,68.051,106.489,125.627,175.109,196.797,225.656,203.398,151.708,96.639,59.675,50.755,50.485,61.133,80.236,103.233,169.933,184.539,222.841,199.251,148.91,83.333,44.078,38.554,45,50,46,51,49,49,48,45,43,49,49,50,-5.89,-7.78,-7.61,-8.16,-14.43,-17.59,-24.24,-22.75,-18.49,-10.36,-6.81,-5.82,16.2,23.7,34.7,24.4,-0.5,6.1,15.1,6,7.8,14.9,24.9,15.2,45,54,19,32,-28,20.5,29.1,10.5,29,2,0,3,320,911,1830,936,919,368,9,377,0,75,645,115,40,82,92,77,1,0,0,0,167,407,626,308,123,353,607,276,48,49,47,47,-19.49,-30.2,-64.58,-35.65,16,27.1,7.4,19.6,128,27,202.3,995,26,4065,1576,834,299,93,303,210,1,-19.6,45.5,8,1508,1359,48,-149.92,2397
1925,3440200,NA,35.098215,-120.579118,-9999,18.9,21.1,20.7,18.8,19.8,21.2,22.5,20.9,20.5,21.6,20.7,20.3,3.4,6.2,5.6,7.7,9.2,10,11.9,11.1,9.7,8.5,6,5.2,11.1,13.6,13.1,13.3,14.5,15.6,17.2,16,15.1,15.1,13.3,12.8,37,70,95,62,40,2,0,5,5,32,27,63,-55.8,14.5,21,21,18.6,22.7,36.1,30.2,40.5,18.4,-27.9,-45.2,4,2,2,1,0,0,0,0,0,0,1,2,175,224,234,244,296,317,379,343,304,314,237,223,214,131,162,155,126,91,50,79,105,110,152,172,0,4,1,2,5,17,25,17,19,4,0,4,24,27,29,29,31,30,31,31,29,30,28,28,0,0,0,0,0,0,0,0,0,0,0,0,57.567,71.21,99.111,100.477,117.233,125.339,129.045,110.15,92.066,82.525,61.476,55.02,20.948,1.169,3.882,38.433,77.614,122.985,128.954,105.18,87.119,50.902,34.876,0,53,55,54,65,67,66,68,70,67,60,55,54,-4.11,-1.7,1,-0.59,-3.09,-7.57,-8.19,-6.8,-6.92,-5.36,-5.78,-2.06,19.4,19.7,21.5,20.9,4.3,7.5,11,8.1,11.9,13.6,16.3,14.5,159,197,7,63,-28.8,20.2,29.7,10.3,9,2,0,1,565,774,1039,855,567,443,220,368,4,8,60,23,75,88,92,87,0,0,0,0,180,317,365,236,22,120,357,173,54,62,68,61,-7.86,-2.67,-22.56,-18.06,14.2,17.2,11.1,6.1,437,52,55.4,331.1,11,3290,1547,99,347,33,338,305,1,-8.6,35.5,7.8,1097,672,61,-51.16,1593
1925,3425410,NA,37.898448,-122.313558,-9999,14.2,15.7,18.3,17.4,18.4,22,21.2,20.3,19.9,20.4,17.4,14.5,5.6,8.1,6.6,9,10.9,11.3,12.4,11.7,11.3,9.9,7.3,5.8,9.9,11.9,12.5,13.2,14.6,16.7,16.8,16,15.6,15.1,12.3,10.2,71,207,63,63,35,4,1,1,11,16,50,35,-51.9,9.2,17.6,18,21.4,20.5,37.8,29.8,39.7,18,-26.5,-43,5,3,2,1,0,0,0,0,0,0,1,5,144,173,212,239,301,349,366,342,318,315,207,151,255,176,180,157,121,68,58,80,94,109,177,241,0,0,0,2,7,28,21,17,23,6,0,0,29,28,30,30,31,30,31,31,30,31,29,29,0,0,0,0,0,0,0,0,0,0,0,0,36.395,43.835,80.215,83.681,97.227,124.939,114.234,99.577,79.384,68.398,44.267,33.518,0,0,17.104,20.241,62.178,121.293,113.654,98.81,68.542,52.285,0,0,72,76,63,73,76,67,73,73,73,67,68,78,2.47,15.8,-0.41,0.76,-2.2,-7.71,-7.03,-6.58,-5.47,-5.67,-1.08,-1.3,13.7,18,21.2,19.2,6.1,8.8,11.8,9.5,9.9,13.4,16.5,14.4,402,162,5,77,-28.5,19,29.4,10.4,16,2,0,1,410,753,1057,841,744,459,206,381,0,9,65,29,83,91,92,90,2,0,0,0,107,261,339,192,0,100,334,121,75,71,71,69,16.97,-1.85,-21.32,-12.22,13.7,16.8,9.9,6.9,556,51,42.7,329.8,16,3119,1717,103,358,5,352,347,2,-6.4,34.6,7.6,899,554,71,-18.42,1469
1925,231694,NA,36.950879,-122.066217,-9999,15.8,17.5,19.1,17.8,19,20.6,20.9,21.1,20.8,20.8,18.7,17.3,3.7,6.7,5.2,7.6,9.4,9.9,11.4,10.4,9.6,8.5,4.8,3.5,9.8,12.1,12.2,12.7,14.2,15.2,16.1,15.7,15.2,14.7,11.8,10.4,146,193,108,71,52,8,3,2,23,53,70,115,-53.7,11.6,19.6,20,18.9,21.9,37.3,29.1,39.6,17.9,-27.5,-44.4,5,3,2,1,0,0,0,0,0,0,1,4,139,179,203,225,288,307,346,334,308,301,190,156,260,170,188,171,134,99,72,85,103,121,192,234,0,0,0,0,4,15,15,15,20,2,0,0,25,27,28,29,31,30,31,31,29,30,26,25,1,0,0,0,0,0,0,0,0,0,0,0,44.648,54.301,88.288,92.665,108.639,120.06,117.23,111.545,90.851,75.181,52.733,44.547,0,0,0,21.371,56.248,111.756,114.411,109.964,67.76,21.818,0,0,62,66,57,67,70,67,71,67,66,62,57,62,8.87,13.07,3.33,0.92,-1.19,-6.56,-6.88,-7.42,-5.31,-2.61,-0.34,4.77,15.8,18.6,20.8,20.1,4.3,7.4,10.6,7.6,10.1,13,15.7,13.9,497,232,13,146,-28.9,19.5,29.4,10,15,3,0,2,423,716,987,798,728,493,257,416,0,4,45,22,74,88,92,86,2,0,0,1,137,290,349,219,0,78,336,90,63,65,68,62,26.72,3.06,-20.85,-8.26,13.3,16.1,9.8,6.4,845,88,27.6,183.1,17,2977,1830,71,342,38,336,298,3,-10.2,34.8,7.5,994,503,64,0.66,1339
1926,2275918,NA,37.42756,-122.17152,-9999,14.1,17.1,20.8,21.9,24.1,26.3,27.6,26.6,24.8,23.7,20.4,13.9,3,7.2,8.1,10.4,9.2,10.6,11.4,11.5,9.4,10.3,9,4.5,8.6,12.1,14.5,16.1,16.7,18.5,19.5,19,17.1,17,14.7,9.2,94,134,15,78,5,1,0,1,1,33,130,49,-52.8,10.9,18.5,20.8,10.5,26.2,26.8,26.2,38.6,17,-27.5,-43.1,8,3,1,0,0,0,0,0,0,0,0,6,115,185,277,326,362,403,449,436,363,372,279,131,297,170,126,83,73,38,19,26,64,68,118,270,0,2,11,21,24,53,66,59,37,27,11,0,23,28,31,30,31,30,31,31,29,31,30,27,1,0,0,0,0,0,0,0,0,0,0,0,40.266,51.382,89.946,108.354,145.692,159.579,167.997,145.357,111.652,82.922,51.469,34.418,0,0,74.68,30.264,140.812,158.953,167.51,144.398,110.831,49.635,0,0,64,68,61,65,56,54,53,56,55,60,65,64,4.73,7.48,-6.48,-0.4,-9.81,-11.86,-12.87,-11.82,-10.75,-6.37,5.47,0.43,15.6,22.3,26.9,23,4.9,9.2,11.1,9.5,10.3,15.7,19,16.2,279,98,2,164,-28.3,16.6,26.4,9.4,15,1,0,1,455,965,1288,1014,709,283,83,250,2,56,179,75,78,92,92,90,1,0,0,0,131,344,473,246,0,246,471,160,65,61,55,60,12.63,-16.69,-36.55,-11.65,15.2,19.5,8.6,10.9,541,8,46.7,2508.3,18,3699,1352,312,351,24,344,320,1,-8.2,38.5,6,1194,877,61,-52.27,2023
1926,5504847,NA,37.6553,-122.0567,-9999,12.1,16,19.9,20.2,22.1,24.9,25.9,24.9,23.1,22.4,19.8,13,2.6,6.9,7.9,10.3,9.4,10.7,11.6,11.7,9.6,10.7,9.1,4.5,7.3,11.4,13.9,15.3,15.8,17.8,18.8,18.3,16.4,16.6,14.4,8.8,110,154,17,110,6,1,0,1,1,39,167,48,-51.4,10.3,17.9,19.3,13.8,24.4,29.6,27.4,39.2,17.5,-27.2,-42.7,10,3,1,0,0,0,0,0,0,0,0,7,88,169,261,300,335,383,428,414,342,358,273,121,334,188,142,103,93,48,26,35,77,77,123,284,0,0,8,14,16,43,51,46,30,22,10,0,22,28,31,30,31,30,31,31,29,31,30,27,2,0,0,0,0,0,0,0,0,0,0,0,35.192,47.542,85.653,97.47,131.217,148.505,154.483,132.846,101.911,76.001,49.024,31.881,0,0,69.06,0,125.069,147.569,153.997,131.595,101.083,36.641,0,0,68,71,63,69,61,58,58,61,60,64,67,68,7.4,10.05,-5.86,3.89,-8.15,-10.57,-11.28,-10.26,-9.37,-4.68,9.55,0.82,14.1,20.7,25.3,21.8,4.7,9.2,11.4,9.8,9.4,15,18.3,15.8,309,132,3,207,-28,17,27.2,9.8,19,1,0,1,396,896,1225,973,784,337,109,278,0,39,139,61,77,91,92,90,2,0,0,0,118,314,436,227,0,194,433,138,69,64,59,64,18.26,-10.12,-32.12,-4.51,14.6,18.8,7.3,11.4,654,10,37.5,1947.6,22,3471,1530,239,350,23,345,322,3,-9,37.1,6.5,1095,765,64,-28.48,1827
1926,1176,NA,34.03974,-118.589581,-9999,20.4,20.8,21.8,20.4,21.9,22.8,24,25.2,23.7,24.4,24.2,17.6,8.3,10.3,11.8,13.9,13.5,15.5,15.4,16.6,13.7,13.6,12.2,8,14.4,15.6,16.8,17.2,17.7,19.2,19.7,20.9,18.7,19,18.2,12.8,43,108,16,123,6,1,0,1,1,4,94,66,-55.5,12.1,17,16.4,20.9,20.7,38.4,31.3,41.7,18.8,-27.9,-44,2,1,0,0,0,0,0,0,0,0,0,2,274,281,348,359,393,424,456,492,410,433,384,229,130,88,74,63,54,29,17,11,40,38,49,171,13,17,29,30,35,66,71,102,61,56,49,5,31,28,31,30,31,30,31,31,30,31,30,31,0,0,0,0,0,0,0,0,0,0,0,0,59.099,65.552,92.23,87.877,116.282,113.273,125.625,119.646,100.065,86.252,67.007,45.954,16.595,0,76.237,0,109.812,112.601,125.554,118.158,99.323,82.142,0,0,62,67,69,80,74,77,74,74,70,68,64,65,-3.53,3.24,-6.16,6.25,-6.67,-7.22,-8.24,-8.69,-8.55,-8.84,-0.22,0.6,21,21.4,24,24.1,9.6,13.1,15.8,13.2,15.3,17.2,19.9,18.6,207,146,2,99,-29.1,18.1,30.1,10.9,3,1,0,0,876,1100,1372,1227,313,191,58,128,55,95,239,166,90,92,92,91,0,0,0,0,180,296,359,253,17,186,356,181,65,74,75,67,0.31,-6.57,-24.14,-17.6,17.5,20.9,12.8,8.1,463,9,59.5,2212.6,5,4484,765,534,365,8,362,354,0,0.7,38.9,7.5,1088,740,71,-48,2722
1926,3904095,NA,34.533002,-117.283871,-9999,15.3,18.2,21.1,22.3,28.1,33.9,36.3,35.7,31.8,27.9,21.9,11.6,-1.3,2.5,5.5,8.3,10.2,15.1,16.3,16.1,11,8,4.4,-1.6,7,10.3,13.3,15.3,19.1,24.5,26.3,25.9,21.4,17.9,13.2,5,10,32,8,45,5,2,2,4,1,1,22,26,-54.3,15.1,21.1,23.2,13.4,29,28.6,29.6,40.8,17.1,-28.3,-43.4,11,4,1,0,0,0,0,0,0,0,1,18,93,156,257,308,437,584,659,646,491,400,245,54,345,211,158,101,35,3,1,1,17,52,156,400,0,1,9,20,66,198,258,245,118,48,8,0,12,20,28,30,31,30,31,31,30,30,25,11,0,0,0,0,0,0,0,0,0,0,0,1,52.053,66.409,102.36,121.293,175.356,207.018,224.736,202.804,153.523,112.219,68.047,39.435,42.043,34.865,94.737,76.311,169.871,205.505,222.895,199.16,152.493,111.148,45.823,13.101,48,52,53,58,49,49,47,48,44,44,48,51,-4.58,-4.98,-8.84,-5.43,-14.47,-20.77,-23.95,-22.92,-19.18,-15.28,-8.27,-0.81,16.8,23.8,35.3,27.2,0.7,8,15.8,7.8,8.7,15.9,25.6,17.5,54,58,7,24,-27.5,19.2,29.1,9.9,22,2,0,1,382,1002,1889,1136,836,294,5,226,1,95,701,174,49,89,92,85,0,0,0,0,169,399,635,334,115,341,628,309,50,53,48,46,-10.36,-28.74,-67.64,-42.73,16.6,26.3,5,21.3,157,14,169.1,1947,37,4329,1481,971,308,81,312,230,1,-19.6,45.5,7.7,1537,1393,50,-149.47,2693
1926,3440200,NA,35.098215,-120.579118,-9999,19.7,20.5,21.4,20.9,20.9,21.6,22.5,21.9,21.7,23.1,23.9,17.2,3.4,7.1,8.2,10.6,8.7,11.2,11.2,11.6,9.2,9.4,8.2,3.4,11.5,13.8,14.8,15.7,14.8,16.4,16.8,16.7,15.4,16.3,16,10.3,120,99,22,93,2,1,0,1,2,18,136,69,-56.3,13.7,19.6,20,16.6,24.1,35.5,29.9,40.3,18.1,-28.7,-44.5,3,2,1,0,0,0,0,0,0,0,0,4,185,228,286,316,306,342,368,364,313,349,317,156,204,128,117,91,117,73,57,64,98,83,87,235,1,5,10,16,7,25,21,23,21,14,18,0,24,28,31,30,30,30,31,31,29,31,30,25,0,0,0,0,0,0,0,0,0,0,0,0,59.772,67.834,98.025,104.315,126.838,124.17,132.679,115.244,99.869,87.486,69.02,48.472,0,0,76.165,11.251,124.785,123.071,132.622,114.014,98.109,69.357,0,0,51,59,60,68,63,68,65,68,62,59,54,54,3.72,1.82,-6.3,1.89,-7.72,-7.69,-8.48,-7.73,-8.2,-7.63,3.21,0.16,20.2,21.1,22,22.9,5.2,9.2,11.3,8.9,12.7,15.1,16.7,15.9,282,117,2,156,-29,18.7,29.8,9.9,7,1,0,0,637,907,1073,980,504,326,194,268,10,33,69,54,80,91,92,90,0,0,0,0,183,329,372,256,0,212,370,167,55,64,67,58,5.7,-12.13,-23.89,-12.62,14.9,16.8,10.3,6.5,563,6,44.2,2716.3,11,3529,1355,163,349,29,339,310,1,-8.6,35.5,7.4,1140,749,61,-42.94,1826
1926,3425410,NA,37.898448,-122.313558,-9999,11.9,16.4,20.4,19.6,20.9,22.7,22.4,21.6,21,21.8,19.7,13.6,3.8,8.1,8.9,11.4,10.3,11.1,11.8,12,10.1,11.5,10.4,5.8,7.8,12.3,14.7,15.5,15.6,16.9,17.1,16.8,15.5,16.7,15.1,9.7,127,157,8,129,6,1,0,1,1,45,179,44,-50.8,9.7,17.5,17.7,16.3,22.7,35.1,29.2,39.5,17.8,-26.8,-42.7,9,2,1,0,0,0,0,0,0,0,0,5,97,187,281,307,331,357,375,366,316,362,289,141,319,166,122,97,96,63,52,62,96,75,109,256,0,2,11,15,14,31,24,24,22,22,13,0,25,28,31,30,31,30,31,31,30,31,30,29,2,0,0,0,0,0,0,0,0,0,0,0,32.742,46.333,85.556,89.346,118.901,130.41,126.832,107.956,88.876,70.575,46.278,31.242,0,0,77.99,0,112.462,129.734,126.516,107.076,87.988,25.939,0,0,73,74,64,74,67,65,68,70,66,69,71,72,9.32,10.42,-6.81,6.62,-6.9,-8.55,-8.17,-7.42,-7.54,-3.32,11.22,0.12,14.3,20.3,22.2,20.8,5.9,10.2,11.6,10.7,10.1,15.3,16.9,15.7,319,143,2,225,-27.9,17.2,29,10.2,16,1,0,1,437,919,1098,967,726,315,177,279,2,41,79,56,82,92,92,91,2,0,0,0,113,294,365,206,0,190,363,114,73,69,68,69,19.85,-7.09,-24.14,0.35,14.5,17.1,7.8,9.2,698,9,35.1,1856.6,19,3408,1513,178,356,9,353,343,2,-6.4,34.6,7.1,977,668,70,-11.03,1748
1926,231694,NA,36.950879,-122.066217,-9999,16.4,18,21,20,20.5,21,21.7,21.2,20.9,22,21.3,14.7,2.4,6.6,7.6,9.6,8,9.4,10.5,10.5,8.4,9,7.8,3.5,9.4,12.3,14.3,14.8,14.3,15.2,16.1,15.9,14.6,15.5,14.5,9.1,150,214,31,114,8,1,2,1,2,34,209,79,-54.5,12,19.2,19.9,15.3,24.3,35.2,29,39.4,17.6,-28.1,-43.6,6,2,1,0,0,0,0,0,0,0,0,6,131,185,268,287,290,306,345,337,290,326,273,125,271,166,131,114,131,100,74,83,117,101,121,273,0,0,8,10,5,15,15,16,16,8,6,0,22,27,31,30,30,30,31,31,29,31,29,25,1,0,0,0,0,0,0,0,0,0,0,0,47.565,56.212,92.937,99.328,124.491,124.529,127.405,111.783,94.699,78.942,57.095,38.318,0,0,61.812,0,116.582,123.11,125.856,110.334,93.141,44.688,0,0,56,64,59,68,62,65,66,67,61,61,59,57,8.87,14.84,-5.13,4.4,-7.02,-7.64,-7.87,-7.47,-7.88,-5.2,12.39,2.87,17.2,20.5,21.3,21.4,4.2,8.4,10.2,8.4,10.7,14.5,15.7,14.9,479,153,4,244,-28.7,18.1,29.5,9.6,13,1,0,1,473,846,988,889,671,376,256,338,0,22,45,31,73,91,92,89,2,0,0,0,148,317,364,231,0,178,359,138,59,63,66,60,26.58,-7.74,-22.98,-0.7,13.8,16.1,9.1,7,845,14,28.2,1158.7,17,3163,1680,98,345,34,335,300,2,-10.2,34.8,7.1,1060,676,63,-4.84,1513
1927,2275918,NA,37.42756,-122.17152,-9999,14.5,15.3,16.6,19.8,23.4,25.1,26.3,25.6,25.2,23.7,18.3,14.2,5.6,7.7,6.1,6.6,8.1,11,10.8,11.2,10.1,9.3,8.8,4.4,10,11.5,11.3,13.2,15.7,18.1,18.6,18.4,17.7,16.5,13.6,9.3,78,170,50,45,4,5,0,1,2,32,55,97,-52.1,9.4,16.7,22.4,10.9,26.7,28.4,26.8,38.6,16.9,-26.5,-43.2,5,3,3,1,0,0,0,0,0,0,1,6,150,168,184,240,334,391,420,415,381,357,246,131,252,186,209,157,94,44,29,35,54,78,145,268,0,0,0,3,15,47,46,46,45,20,4,0,29,28,29,29,30,30,31,31,30,31,30,27,0,0,0,0,0,0,0,0,0,0,0,0,37.885,44.15,73.851,105.797,143.642,148.923,159.759,139.164,112.531,84.738,45.493,35.289,0,0,23.749,60.608,139.828,143.798,159.325,138.368,110.975,52.688,0,0,71,75,67,60,55,58,55,58,56,57,70,69,2.94,12.18,-0.8,-3.15,-9.6,-10.12,-11.74,-10.95,-10.88,-6.77,-0.69,5,14.6,19.9,25.6,22.4,5.9,6.9,11,9.4,10.3,13.4,18.3,15.9,297,99,6,89,-28.6,16.7,27.3,9.6,14,3,0,1,447,758,1226,984,708,460,107,277,0,18,139,68,83,88,92,90,1,0,0,0,116,323,448,243,0,224,441,164,72,60,57,61,20.12,-13.56,-32.81,-18.35,14.5,18.6,9.3,9.3,538,12,45.5,1582.3,18,3417,1550,226,353,35,346,311,1,-8.2,38.5,6.2,1130,829,62,-44.6,1750
1927,5504847,NA,37.6553,-122.0567,-9999,13.4,14.3,15.5,18.2,21.1,23.1,24.7,23.8,23.5,22.6,17.4,13.2,5.2,7.4,6,6.5,8.1,10.9,11,11.3,10.7,9.7,8.9,4.4,9.3,10.9,10.7,12.4,14.6,17,17.9,17.6,17.1,16.1,13.1,8.8,86,188,57,60,5,9,0,1,1,42,69,94,-51.4,8.9,15.9,21.1,14.5,24.8,31.1,27.9,39.2,17.3,-26,-42.9,6,4,3,1,0,0,0,0,0,0,1,7,131,153,168,215,300,360,399,391,363,346,233,119,274,196,227,180,123,61,38,47,64,85,156,283,0,0,0,0,7,32,34,34,37,16,2,0,28,28,29,28,30,30,31,31,30,31,30,27,1,0,0,0,0,0,0,0,0,0,0,1,34.981,40.877,68.815,96.516,128.063,134.595,147.243,126.536,101.508,78.567,41.912,32.657,0,0,11.735,36.448,123.059,125.6,146.761,125.534,100.076,36.761,0,0,73,77,69,64,60,63,59,62,61,61,73,72,4.46,14.45,0.38,-0.72,-7.84,-8.2,-10.34,-9.46,-9.34,-4.83,1.27,5.27,13.6,18.3,23.9,21.2,5.7,6.8,11.1,9.8,9.6,12.6,17.5,15.5,323,122,10,113,-28.4,17.2,27.9,10.1,16,4,0,1,402,682,1150,942,754,531,146,306,0,7,100,55,83,88,92,90,1,0,0,0,108,293,408,222,0,171,398,137,74,64,62,65,24.18,-8.18,-27.99,-12.89,13.8,17.9,8.8,9.1,615,17,38.7,1055.7,21,3177,1736,162,352,35,348,314,2,-9,37.1,6.7,1031,706,66,-24.88,1553
1927,1176,NA,34.03974,-118.589581,-9999,18.8,17,18,18.7,21.4,21.3,25.5,24.2,22.7,23.9,22.2,17.3,8.5,9.8,8.6,10,11.4,13.3,15.4,15.2,13.9,13.5,12.7,8.5,13.6,13.4,13.3,14.4,16.4,17.3,20.4,19.7,18.3,18.7,17.4,12.9,28,243,63,20,2,1,0,2,1,31,27,91,-54.2,10,16.5,18.8,19.9,22.1,36.5,31.3,41.8,18.9,-27,-43.8,2,2,1,0,0,0,0,0,0,0,0,2,252,219,242,276,355,369,478,455,399,424,360,230,148,137,157,125,78,56,12,20,46,41,61,169,9,4,3,7,20,36,89,73,54,50,37,5,31,28,31,30,31,30,31,31,30,31,30,31,0,0,0,0,0,0,0,0,0,0,0,0,53.055,50.874,80.394,93.677,121.847,112.128,138.722,118.215,93.058,84.087,58.254,44.153,24.774,0,17.302,73.214,120.335,111.502,138.66,116.619,92.191,53.137,31.283,0,68,77,70,72,69,75,70,73,73,69,71,70,-3.78,19.12,0.21,-4.14,-7.45,-6.85,-9.53,-8.32,-7.68,-5.79,-5.08,3.43,17.8,19.4,23.6,22.9,8.8,10,14.6,13.4,13.3,14.7,19.1,18.1,338,85,2,59,-29.4,18.4,30,11.2,6,2,0,0,700,873,1301,1182,457,361,88,148,18,30,197,140,90,92,92,91,0,0,0,0,150,296,369,235,25,211,367,177,71,71,73,71,18.77,-11.38,-24.7,-18.55,16.3,20.4,12.9,7.5,509,5,51.7,4383.7,8,4059,1052,386,365,0,365,365,0,0.7,38.9,7.6,1050,779,72,-35.86,2310
1927,3904095,NA,34.533002,-117.283871,-9999,15.3,15.6,17.8,21.7,28.1,32.2,36.9,35.1,30.1,27.2,20.2,12.2,-0.2,2.2,2,5.1,8.8,12.7,16.7,14.8,10.6,7.4,3.6,-2.4,7.5,8.9,9.9,13.4,18.5,22.5,26.8,25,20.4,17.3,11.9,4.9,5,81,22,9,5,1,4,2,1,12,6,27,-54.2,14,21.2,25.3,12.9,30.5,28.3,29.7,41.3,17.2,-27.9,-43.6,10,6,4,0,0,0,0,0,0,0,1,19,104,124,163,253,417,523,674,618,460,381,209,52,328,251,254,151,43,8,1,2,24,62,188,405,0,0,1,10,55,139,273,218,94,39,4,0,14,19,21,27,30,30,31,31,30,30,24,9,0,0,0,0,0,0,0,0,0,0,0,1,51.64,58.334,91.692,124.226,178.878,199.819,228.134,201.869,144.902,110.052,63.816,41.136,46.576,0,69.313,115.675,174.21,199.085,224.146,199.89,144.374,98.041,57.929,13.743,51,57,52,51,46,47,47,46,46,44,50,56,-5.23,1.97,-5.65,-9.33,-15,-19.18,-24.52,-22.67,-17.2,-13.62,-8.8,-0.89,14.2,22.5,34.7,25.8,0.1,5.3,14.8,7.2,7.1,13.9,24.7,16.5,112,36,7,18,-27.9,19.8,29.5,10.2,34,4,0,1,282,833,1815,1050,979,447,10,274,0,66,629,137,44,79,92,83,1,0,0,0,149,395,630,319,60,359,623,300,55,49,47,47,-4.15,-29.99,-66.37,-39.62,15.6,26.8,4.9,21.9,174,12,147,2251.5,41,3978,1716,833,296,97,308,211,1,-19.6,45.5,7.9,1493,1342,49,-140.13,2380
1927,3440200,NA,35.098215,-120.579118,-9999,18.1,17.6,17.8,18.4,19.9,19.7,21.2,21.1,21,22.5,21.7,17.2,5.1,6.7,5.2,6.1,7.2,9.5,11.1,11,9,9.1,8.3,4.1,11.6,12.2,11.5,12.2,13.5,14.6,16.1,16,15,15.8,15,10.6,50,155,59,31,10,3,0,1,2,58,41,87,-54.9,12.2,19,22.2,17,24.7,37.4,30.1,40.4,18.2,-27.9,-44.4,3,3,2,1,0,0,0,0,0,0,0,4,184,181,187,213,268,287,346,343,301,336,287,163,203,169,205,184,152,114,72,79,108,93,109,226,0,0,0,0,0,11,15,17,19,10,8,0,28,27,28,28,30,30,31,31,29,31,30,26,0,0,0,0,0,0,0,0,0,0,0,0,53.495,57.908,85.694,102.189,124.806,115.913,122.427,112.019,96.905,85.194,61.935,47.781,3.012,0,27.057,71.354,114.341,113.065,122.377,110.616,94.972,27.067,21.131,0,59,66,61,62,61,68,69,69,63,60,59,57,-1.89,9.24,-0.86,-3.81,-6.59,-6.61,-7.49,-7.33,-7.77,-3.21,-4.58,2.09,17.6,18.7,20.6,21.7,5.1,6.2,10.5,8.8,11.4,12.4,15.6,15.3,275,100,4,101,-29,19.4,30.7,10.2,10,3,0,1,521,667,977,924,607,541,265,309,0,0,43,36,79,86,92,90,1,0,0,0,160,313,350,244,3,213,346,143,61,61,69,61,9.44,-11.25,-21.43,-15.56,13.7,16.1,10.6,5.5,498,17,47.6,966.5,14,3096,1714,79,348,45,339,294,1,-8.6,35.5,7.8,1067,705,63,-38.8,1431
1927,3425410,NA,37.898448,-122.313558,-9999,13.4,14.7,16.1,17.8,19.9,20.9,21,20.5,21.3,22.2,17.7,13.8,6.5,8.6,7.1,7.7,9,11.7,11.2,11.6,11.3,10.4,10.3,5.5,10,11.6,11.6,12.7,14.4,16.3,16.1,16.1,16.3,16.3,14,9.6,98,195,53,66,6,7,0,1,1,39,78,85,-50.8,8.2,15.3,19.7,16.8,23,36.9,29.6,39.5,17.4,-25.8,-42.8,5,3,2,1,0,0,0,0,0,0,1,5,145,168,188,226,295,337,346,344,340,351,256,138,253,183,203,170,127,76,73,78,79,82,134,257,0,0,0,0,6,23,15,17,29,16,3,0,30,28,30,29,31,30,31,31,30,31,30,29,1,0,0,0,0,0,0,0,0,0,0,0,32.605,38.854,68.126,90.983,116.476,114.217,118.431,102.101,87.174,75.042,40.095,32.003,0,0,15.22,24.763,110.834,107.298,118.101,101.471,85.754,36.345,0,0,77,80,71,68,66,71,70,72,69,64,76,74,5.73,15.26,-0.02,0.43,-6.64,-6.41,-7.31,-6.82,-7.38,-4.58,2.34,4.14,13.9,17.9,20.8,20.4,7,7.9,11.5,10.7,10.4,12.9,16.2,15.5,337,125,8,118,-28.5,17.3,29.8,10.4,13,3,0,1,451,709,1027,947,692,500,227,295,0,6,56,48,87,90,92,91,1,0,0,0,103,276,335,202,0,151,327,122,77,68,71,70,25.13,-6.23,-20.54,-9.62,13.8,16.3,9.6,6.7,629,15,37.8,1091.9,17,3133,1714,110,359,14,355,341,1,-6.4,34.6,7.3,915,600,72,-11.25,1490
1927,231694,NA,36.950879,-122.066217,-9999,15.4,16,16.8,17.7,19.9,20.1,20.4,20.4,21.5,21.8,19.7,15.1,5,7.1,5.3,6,7.2,9.7,10,10.4,8.5,8.1,7.6,3.2,10.2,11.6,11,11.8,13.5,14.9,15.2,15.4,15,15,13.6,9.2,127,285,71,68,7,9,1,1,3,33,90,170,-53.1,10.4,17.7,21.5,15.5,24.7,36.9,29.4,39.3,17.5,-27.4,-43.8,5,3,3,1,0,0,0,0,0,0,1,6,151,166,173,200,268,297,316,323,302,310,245,125,246,185,217,194,151,106,97,93,107,114,144,271,0,0,0,0,0,13,9,13,19,4,0,0,28,28,28,28,30,30,31,31,29,30,29,24,1,0,0,0,0,0,0,0,0,0,0,1,42.212,48.23,77.363,96.521,123.363,117.46,119.213,107.359,97.499,79.797,52.394,39.623,0,0,6.247,28.452,116.44,108.597,118.011,106.054,94.149,46.41,0,0,67,72,64,63,61,68,68,69,60,59,63,64,7.25,23.21,1.03,0.29,-6.95,-6.25,-7.09,-7.02,-8.1,-5.39,1.65,11.68,15.4,18.1,20.3,21,5.2,6.1,10,8.1,10.3,12.1,15.2,14.5,490,146,11,127,-28.8,18.2,30.3,9.8,14,4,0,1,440,641,937,857,703,563,297,364,0,0,35,23,80,86,92,88,1,0,0,0,129,297,344,230,0,151,333,141,67,62,68,61,42.14,-5.64,-20.35,-11.84,13,15.4,9.2,6.2,865,22,26.6,711.1,18,2877,1925,58,345,50,334,284,2,-10.2,34.8,7.4,1000,624,64,4.31,1257
1928,2275918,NA,37.42756,-122.17152,-9999,14.8,17,18.9,20.8,23.1,26,25.8,25.3,26,21.4,17.7,13.5,5.4,5.7,8.6,7.2,10,10.3,10.6,10.7,10.3,8.9,6.2,3.1,10.1,11.3,13.8,14,16.5,18.1,18.2,18,18.2,15.1,11.9,8.3,39,47,98,29,7,1,0,1,1,3,64,86,-52.4,11.8,16.5,22.7,12.6,24.7,29,26.8,38.4,17.6,-26.8,-43.2,5,3,1,0,0,0,0,0,0,0,1,8,151,165,255,264,359,394,411,403,395,316,198,108,251,191,145,134,76,42,33,40,47,109,188,298,0,0,7,7,23,48,40,40,52,8,0,0,28,26,31,29,31,30,31,31,30,31,28,24,0,0,0,0,0,0,0,0,0,0,0,1,39.049,53.356,79.254,110.495,136.148,158.131,156.983,138.807,116.306,75.512,47.283,35.187,0.396,6.454,0,81.177,129.072,157.539,156.531,138.07,114.967,72.73,0,0,70,64,68,59,61,54,56,57,54,62,64,68,-1.15,-1.46,3.17,-5.33,-8.54,-11.65,-11.37,-10.86,-11.57,-7.96,-0.01,4.26,15.3,20.9,25.7,21.7,5.1,8.6,10.5,8.5,10.2,14.8,18.1,15.1,182,134,2,68,-28,17.3,26.8,9.7,14,2,0,1,448,878,1207,909,709,355,115,344,0,36,129,61,81,91,92,88,1,0,0,0,128,326,454,239,7,210,452,188,67,62,56,60,1.65,-10.7,-33.89,-19.54,14.5,18.2,8.3,9.9,376,10,65.2,1788.4,19,3418,1553,225,348,33,344,310,1,-8.2,38.5,6.5,1147,857,61,-62.48,1763
1928,5504847,NA,37.6553,-122.0567,-9999,13.4,15.9,17.6,19,21.4,24.1,24.2,24.1,24.8,20.4,17.1,12.5,4.9,5.4,8.5,7.2,10,10.4,10.9,10.8,10.9,9.5,6.4,3.1,9.2,10.7,13.1,13.1,15.7,17.3,17.5,17.4,17.9,15,11.7,7.8,45,52,121,38,9,1,0,1,1,3,86,96,-51.5,11.3,15.6,21.3,15.5,23.3,31.8,27.7,38.9,18,-26.5,-42.8,6,4,2,1,0,0,0,0,0,0,1,9,129,150,234,237,332,367,388,386,386,310,192,95,279,201,164,159,95,57,44,50,52,114,193,315,0,0,4,3,15,35,29,32,47,7,0,0,27,26,31,29,31,30,31,31,30,31,28,24,0,0,0,0,0,0,0,0,0,0,0,1,35.454,49.913,72.88,99.964,123.736,143.753,143.708,129.612,107.914,69.672,45.033,32.246,0,0,0,61.73,114.72,142.83,143.226,128.637,106.588,66.855,0,0,72,66,71,63,65,59,60,60,59,66,66,71,0.32,-0.48,6.14,-3.31,-7.13,-9.99,-9.92,-9.79,-10.38,-7.16,2.5,5.9,14.2,19.4,24.1,20.8,4.9,8.5,10.7,8.9,9.5,13.9,17.4,14.9,191,168,2,90,-27.7,17.4,27.6,10.1,17,2,0,1,399,803,1141,888,763,419,151,358,0,22,96,55,80,91,92,89,1,0,0,0,118,297,417,223,0,176,415,173,70,66,60,64,5.73,-4.3,-29.7,-15.04,13.8,17.9,7.8,10.1,454,13,52.5,1403.4,22,3207,1722,172,348,33,347,314,1,-9,37.1,6.9,1054,765,65,-43.3,1582
1928,1176,NA,34.03974,-118.589581,-9999,21.2,20.3,20.3,20.8,21.3,21.5,23.6,24,25.6,21.6,21.8,18.9,8.4,8.5,10.7,10,14.1,14,14.7,15.7,15.1,12.3,10.4,8,14.8,14.4,15.5,15.4,17.7,17.7,19.2,19.8,20.4,17,16.1,13.5,5,69,49,7,11,1,0,1,1,7,37,68,-56,13,16.6,20.6,22.6,19.8,38.3,31.5,41.5,19.4,-27.3,-44.4,1,1,1,0,0,0,0,0,0,0,0,2,287,247,308,307,393,381,439,459,460,371,320,247,118,113,101,99,55,48,22,19,24,69,86,153,15,9,16,13,34,42,58,76,94,23,19,8,31,28,31,30,31,30,31,31,30,31,30,31,0,0,0,0,0,0,0,0,0,0,0,0,61.558,66.848,86.732,107.381,106.853,109.928,126.26,114.17,106.964,75.665,61.403,50.148,56.849,0,37.392,100.341,96.188,109.035,126.194,113.083,106.055,68.642,24.273,0,61,64,70,67,78,77,73,75,69,71,65,72,-7.85,-0.7,-2.05,-6.86,-5.53,-6.72,-8.2,-8.03,-9.65,-6.76,-4.48,-0.01,19.6,20.8,23,23,8.5,11.6,14.8,12.6,14,16.2,18.9,17.8,165,67,2,45,-29.1,20,29.8,11.2,5,1,0,0,763,1008,1279,1151,400,254,89,179,28,64,176,136,90,92,92,91,0,0,0,0,173,301,350,244,57,234,348,199,65,72,75,68,-8.55,-14.44,-22.94,-20.89,16.8,20.4,13.5,6.9,256,14,104.6,1494.1,6,4220,906,407,365,0,363,363,0,0.7,38.9,8,1068,838,70,-66.82,2461
1928,3904095,NA,34.533002,-117.283871,-9999,17.1,17.5,20.5,24.3,28.8,32.1,36.4,35.9,34.5,25.7,19.3,13.6,-0.7,0.8,4.1,4.8,10.4,12.6,15.4,15.1,12.5,6.2,2.1,-2,8.2,9.1,12.3,14.6,19.6,22.4,25.9,25.5,23.5,15.9,10.7,5.8,6,25,10,4,12,1,1,1,0,5,8,22,-55.2,15.7,21.6,27.1,12.8,29.4,28.3,29.5,39.9,17.5,-27.7,-43.9,8,6,2,0,0,0,0,0,0,0,2,15,118,128,226,286,450,520,645,634,554,339,175,66,308,244,184,119,30,8,1,1,9,91,220,376,0,0,5,15,74,136,244,233,168,22,1,0,13,16,26,27,31,30,31,31,30,29,20,10,0,0,0,0,0,0,0,0,0,0,0,0,56.513,65.704,101.699,139.917,179.557,199.736,228.038,206.468,166.787,104.863,62.098,44.319,50.846,40.437,91.451,136.146,167.6,198.839,226.998,205.614,166.347,99.616,53.838,22.072,46,49,51,44,48,47,45,45,42,45,48,52,-6.43,-5.02,-8.44,-12.17,-14.51,-19.13,-24.54,-23.85,-22.74,-13,-8.13,-2.22,15.6,24.5,34.8,26.5,-0.8,6.5,14.4,6.9,7.4,15.5,24.6,16.7,58,26,3,14,-27.8,20.5,29,9.9,33,2,0,2,297,963,1799,1068,957,333,10,319,0,94,613,191,37,84,92,79,1,0,0,0,163,421,634,334,105,395,631,320,49,48,46,45,-13.67,-35.12,-67.52,-43.88,16.1,25.9,5.8,20.1,96,15,272.4,1702.6,33,4141,1591,898,293,93,311,218,1,-19.6,45.5,7.9,1553,1451,47,-160.19,2515
1928,3440200,NA,35.098215,-120.579118,-9999,18.9,20.1,20.7,19.8,20.2,20.8,20.7,21.1,22.5,20.2,20.9,18,4.4,4.9,7.9,7,10.4,10.1,10.8,11.4,10.2,7.6,5.6,3.4,11.7,12.5,14.3,13.4,15.3,15.4,15.7,16.3,16.4,13.9,13.2,10.7,9,71,58,15,20,1,0,1,1,3,71,74,-55.6,14.8,19.2,22.5,19,21.9,37.8,30.2,40.2,18.7,-28,-44.7,3,2,1,0,0,0,0,0,0,0,1,4,187,191,268,247,321,312,334,350,341,277,234,164,201,160,131,151,104,95,82,73,78,142,154,224,0,0,6,2,10,16,12,19,29,0,0,0,26,25,31,29,31,30,31,31,30,30,27,24,0,0,0,0,0,0,0,0,0,0,0,0,56.722,69.445,94.609,108.305,115.178,121.884,119.749,110.767,101.823,78.071,62.634,50.514,47.634,0,36.239,93.713,95.252,120.786,119.703,109.506,100.332,74.586,0,0,55,54,61,61,70,67,69,70,63,61,54,59,-6.69,-1.24,-2.16,-6.14,-4.97,-7.38,-7.22,-7.26,-8.57,-7.4,-1.55,0.18,18.8,20.2,20.9,21.2,4.4,8.4,10.8,7.8,11.6,14.3,15.8,14.5,167,93,2,76,-28.5,20.2,30,10.3,9,2,0,1,540,836,997,852,587,387,250,374,0,18,48,29,77,90,92,87,0,0,0,0,174,318,352,243,48,225,350,175,56,64,69,59,-7.76,-13.27,-21.86,-17.52,14.1,16.4,10.7,5.7,325,24,74,686.6,12,3228,1596,95,344,38,337,299,0,-8.6,35.5,8,1087,798,62,-60.4,1540
1928,3425410,NA,37.898448,-122.313558,-9999,13.4,16.4,18,18.6,20,21.9,20.7,20.6,22.6,19.8,17.3,12.9,6.2,6.7,9.6,8.4,10.7,11.1,11.2,11.1,11.4,10.4,7.6,4.2,9.8,11.6,13.8,13.5,15.4,16.5,16,15.9,17,15.1,12.4,8.5,57,54,120,43,8,1,0,1,2,3,77,93,-50.9,10.6,14.8,19.7,18.2,21.7,37.4,29.4,39.3,18.3,-26.3,-42.7,5,3,1,0,0,0,0,0,0,0,1,7,142,169,255,248,323,345,341,338,360,314,211,111,259,184,144,149,103,71,76,82,66,110,175,292,0,0,6,4,12,26,14,16,36,7,0,0,29,27,31,30,31,30,31,31,30,31,29,26,0,0,0,0,0,0,0,0,0,0,0,1,33.134,49.144,70.932,93.429,110.634,124.954,116.011,104.526,94.311,64.872,43.365,31.587,0,0,0,50.305,102.348,124.339,115.708,103.94,92.673,61.447,0,0,76,69,73,68,71,67,71,71,66,70,69,73,1.58,-0.24,6.22,-2.17,-5.98,-8,-7.1,-7.02,-8.32,-6.43,1.85,5.4,14.5,18.9,21.1,19.9,6.2,9.6,11.1,9.8,10.3,14.2,16.1,14.8,196,172,2,82,-27.7,17.6,29.5,10.4,14,2,0,1,451,826,1024,886,700,395,230,351,0,22,56,43,86,92,92,90,1,0,0,0,114,275,345,203,0,153,344,154,73,71,69,68,6.74,-1.94,-22.11,-12.9,13.8,17,8.5,8.5,459,11,51.8,1486.2,18,3158,1710,121,356,13,354,341,1,-6.4,34.6,7.5,937,651,70,-30.2,1512
1928,231694,NA,36.950879,-122.066217,-9999,16.2,17.8,19.5,19,19.5,21.1,19.8,19.5,21.8,19.1,18.5,14.9,4.5,5,7.8,6.2,9.2,8.8,9.6,9.9,8.9,7.3,4.9,2.3,10.3,11.4,13.7,12.6,14.3,14.9,14.7,14.7,15.3,13.2,11.7,8.6,50,85,122,42,12,1,1,1,2,3,111,119,-53.7,12.8,17.9,22.3,17.9,22.4,37.5,29.7,39.3,18.3,-27.4,-43.8,5,3,1,1,0,0,0,0,0,0,1,7,155,163,250,223,293,298,299,300,311,257,189,112,242,189,147,173,129,106,108,109,100,160,193,288,0,0,4,0,5,13,7,9,21,0,0,0,27,25,31,28,31,30,31,31,29,30,26,22,0,0,0,0,0,0,0,0,0,0,1,1,44.782,57.892,85.263,103.298,113.108,127.349,116.615,102.738,97.854,70.254,52.146,39.935,0,0,0,61.405,100.882,125.917,115.282,101.455,95.688,67.123,0,0,63,60,64,60,68,62,68,70,61,63,58,62,-0.87,1.76,4.98,-3.08,-5.59,-7.87,-6.82,-6.53,-8.29,-6.76,3.88,6.81,16.4,19.3,20.1,19.8,4.3,7.8,9.5,7.1,10.3,13.5,14.8,13.4,305,176,4,116,-28.2,19.3,29.9,10.1,14,2,0,2,443,765,896,758,702,450,323,453,0,9,30,21,76,90,91,85,1,0,0,1,142,302,347,220,0,162,343,163,62,64,67,61,7.71,-3.68,-21.22,-11.18,13,15.3,8.6,6.7,551,18,41.7,832.3,18,2849,1945,60,339,48,332,284,2,-10.2,34.8,7.8,1011,668,63,-28.38,1233
1929,2275918,NA,37.42756,-122.17152,-9999,12.8,15.3,17.3,18.1,22.6,26.2,27,27.1,25.2,24.8,20.7,16,3.1,3.7,5.9,5.7,8.4,11.1,11.7,11.7,10.7,9.6,4.3,7.3,8,9.5,11.6,11.9,15.5,18.7,19.4,19.4,17.9,17.2,12.5,11.7,26,39,49,32,1,12,0,1,1,4,4,67,-51.8,12.1,17.5,21.9,12.3,25.7,27.8,26,38.7,16.6,-28.4,-43.4,9,5,2,1,0,0,0,0,0,0,1,3,102,125,193,201,327,409,446,447,388,377,216,194,315,234,203,193,99,35,20,22,51,65,173,202,0,0,0,0,14,57,63,67,49,29,1,3,23,23,29,28,30,30,31,31,30,31,25,31,0,0,0,0,0,0,0,0,0,0,0,0,36.657,50.764,77.752,98.55,137.395,157.33,162.798,147.989,110.905,88.554,57.548,36.299,10.5,11.964,28.28,66.975,136.069,145.586,162.328,147.158,109.601,84.395,53.213,0,68,63,64,61,57,56,56,55,57,55,51,66,-1.29,-1.56,-1.32,-3.66,-9.15,-10.51,-12.21,-12.23,-10.68,-10.36,-8.33,1.41,13.9,19.3,26.8,23.5,3.3,6.7,11.5,8.2,8.6,13,19.1,15.9,151,82,13,10,-27.7,17.2,26.5,8.9,22,3,0,1,336,721,1302,981,847,495,78,289,0,14,187,79,70,87,92,86,1,0,0,0,123,314,468,257,22,231,455,247,66,61,56,55,-1.45,-14.13,-34.95,-29.37,14.4,19.4,8,11.4,237,16,103.1,1238.4,21,3425,1613,283,342,54,341,287,2,-8.2,38.5,6.2,1161,956,60,-79.9,1790
1929,5504847,NA,37.6553,-122.0567,-9999,11.4,14.5,16.4,16.5,20.9,24.1,25.3,25.6,23.9,23.7,20.5,15.1,2.8,3.5,5.6,5.4,8.3,11.1,11.9,12.1,10.9,10,4.3,7.3,7.1,9,11,11,14.6,17.6,18.6,18.8,17.4,16.9,12.4,11.2,33,43,55,37,2,20,0,1,1,4,3,76,-50.8,11.7,16.9,20.7,15,24.4,30.8,27.1,39.1,16.9,-28.4,-43,11,6,3,1,0,0,0,0,0,0,1,3,83,114,178,177,300,377,420,428,373,369,212,183,342,248,219,217,123,51,29,29,59,70,177,215,0,0,0,0,8,40,46,55,41,26,0,2,23,22,29,27,30,30,31,31,30,31,25,31,1,0,0,0,0,0,0,0,0,0,0,0,32.918,48.256,73.785,89.623,125.643,141.376,148.605,136.176,103.228,82.857,56.524,33.343,0,5.217,19.221,52.698,123.924,121.154,148.121,135.128,102.165,78.689,53.214,0,72,64,66,65,61,61,60,60,61,59,51,69,0.1,-0.67,-0.42,-2.27,-7.94,-7.84,-10.58,-10.75,-9.66,-9.44,-8.38,2.81,12.8,17.9,25,22.7,3.1,6.5,11.7,8.4,8,12.2,18.3,15.6,173,93,22,9,-27.4,17.6,27.4,9.2,26,4,0,1,294,655,1226,953,904,559,108,305,0,8,141,67,69,86,92,86,2,0,0,0,113,289,426,243,5,196,404,234,68,64,60,57,2.25,-10.63,-29.18,-27.48,13.8,18.8,7.1,11.7,276,25,86.3,766.9,26,3214,1777,218,340,55,342,286,2,-9,37.1,6.7,1071,840,63,-65.03,1619
1929,1176,NA,34.03974,-118.589581,-9999,17.6,17.2,18.6,17.1,22.2,23.3,24.9,27.5,24.6,25.3,25.2,22.9,7,6.6,7.8,9,12.5,13.8,16.2,17.5,15.5,15,10.4,11.1,12.3,11.9,13.2,13.1,17.3,18.5,20.6,22.5,20.1,20.2,17.8,17,44,44,49,35,1,3,0,1,5,2,3,1,-53.9,12.4,17.7,18.2,19.7,21.7,37.9,30.8,41.7,18.8,-28.6,-45.1,3,3,1,1,0,0,0,0,0,0,0,1,215,181,243,238,383,405,483,541,451,468,373,356,184,177,160,160,60,37,12,5,26,26,55,74,5,2,5,3,32,54,92,141,88,81,45,40,31,27,31,30,31,30,31,31,30,31,30,31,0,0,0,0,0,0,0,0,0,0,0,0,51.472,58.496,85.897,86.513,123.08,126.267,129.107,133.624,98.805,86.761,73.552,57.859,7.597,14.618,37.358,51.339,121.789,123.498,129.044,132.292,93.766,84.916,71.017,56.697,67,66,66,74,70,71,74,71,73,69,56,66,-1.84,-1.71,-1.81,-1.95,-7.7,-7.97,-8.69,-10.43,-8.2,-9.33,-10.75,-8.68,17.9,19.3,25.2,25,7.2,9.8,15.8,13.7,12.6,14.5,20.5,19.3,156,85,4,9,-28.9,18.5,30.1,10.6,7,2,0,0,647,864,1428,1293,514,380,54,108,16,39,287,214,89,92,92,91,0,0,0,0,160,295,389,259,22,210,385,250,66,70,72,66,-12.23,-11.47,-27.09,-28.28,17,22.5,11.9,10.6,188,10,144.2,2142.7,8,4338,977,588,363,0,365,365,0,0.7,38.9,7.6,1104,867,69,-79.07,2574
1929,3904095,NA,34.533002,-117.283871,-9999,13,14.1,19.5,20.2,29.2,32.7,36.6,37.3,30.8,27.9,22.2,19.4,-1.6,-1.1,2.3,4,9.7,12.8,17.2,18.3,12.4,9,2,1.6,5.7,6.5,10.9,12.1,19.4,22.8,26.9,27.8,21.6,18.5,12.1,10.5,15,18,15,16,1,2,1,5,10,1,2,1,-53,15.2,22.2,25.2,12.2,30.5,28.5,29.4,41.3,17.1,-28.6,-45.2,16,12,3,1,0,0,0,0,0,0,1,4,69,76,189,214,446,532,677,706,497,416,214,176,384,318,223,187,32,7,1,0,16,45,184,230,0,0,3,6,72,148,276,305,123,57,4,3,11,11,22,25,31,30,31,31,30,31,20,20,0,0,0,0,0,0,0,0,0,0,0,0,46.446,56.645,99.222,117.95,184.31,203.584,224.962,208.154,145.071,110.888,70.91,56.834,31.204,39.037,84.418,101.643,183.401,201.733,223.555,203.064,135.039,109.651,69.245,55.523,53,51,48,51,46,46,48,50,49,47,42,50,-2.64,-3.09,-7.59,-7.67,-16.32,-19.77,-24.21,-24.45,-16.48,-14.99,-11.12,-9.05,13.6,23,35.6,27,-1.6,5.3,16.1,7.8,6,14.1,25.8,17.4,55,32,8,13,-27.6,19.8,29.5,9.9,43,4,0,1,211,849,1915,1127,1078,442,8,245,0,81,729,184,31,78,92,80,1,0,0,0,147,401,637,327,92,369,628,314,51,48,48,46,-14.79,-31.59,-68.43,-42.59,16.2,27.8,5.7,22.1,87,19,299.9,1443,37,4212,1626,997,291,101,315,215,1,-19.6,45.5,7.9,1512,1404,48,-157.39,2591
1929,3440200,NA,35.098215,-120.579118,-9999,16.5,17.5,18.2,17.3,19.6,21,21.1,23.3,22,23.8,24.7,21.5,2.1,2.2,4.5,5.2,7.4,9.8,11.2,11.6,10.4,9.2,3.2,4.8,9.3,9.8,11.4,11.3,13.5,15.4,16.2,17.5,16.2,16.5,14,13.2,43,45,48,26,2,5,0,1,4,3,8,15,-54.6,14.9,19.9,22.1,17.5,24.3,37.5,29.3,40.3,17.9,-29.5,-45.5,6,5,3,1,0,0,0,0,0,0,1,2,132,130,186,186,268,312,347,388,337,357,257,238,274,225,208,209,152,95,72,49,81,78,136,162,0,0,0,0,1,16,15,32,28,18,4,7,21,19,27,27,30,30,31,31,30,31,23,28,0,0,0,0,0,0,0,0,0,0,0,0,52.043,63.307,89.079,98.166,122.286,125.036,121.369,125.668,98.513,90.859,75.777,58.533,9.218,18.211,41.076,72.297,120.228,120.05,121.318,124.365,94.828,87.762,68.218,43.485,55,53,58,62,62,65,69,65,65,57,40,55,-2,-2.5,-2.32,-3.85,-7.2,-7.26,-7.4,-8.86,-7.92,-9.74,-11.36,-7.75,17.3,18.4,21.8,23.5,2.5,5.7,10.9,7.6,9.9,12.1,16.4,15.6,162,76,6,14,-28.4,19.8,30.4,9.6,15,4,0,1,429,641,1046,951,723,569,216,294,0,1,64,51,64,84,92,83,1,0,0,0,166,310,372,265,27,234,366,251,54,61,66,54,-12.25,-13.38,-23.52,-29.02,13.7,17.5,9.3,8.2,200,12,118.7,1447.3,17,3137,1741,122,326,74,333,259,1,-8.6,35.5,7.9,1113,878,58,-78.17,1490
1929,3425410,NA,37.898448,-122.313558,-9999,11.4,15.1,16.9,16,19.6,21.8,21.6,22.1,21.7,23.2,21,15.3,4,4.6,6.7,6.5,9,11.7,12.2,12.3,11,10.7,5.5,8.5,7.7,9.9,11.8,11.2,14.3,16.7,16.9,17.2,16.3,17,13.2,11.9,29,46,53,36,2,15,0,1,1,4,4,101,-50.3,11.3,16.4,19.2,17.4,22.7,36.8,28.9,39.4,17.1,-28.4,-42.7,9,5,2,1,0,0,0,0,0,0,1,3,94,131,196,183,291,351,369,379,341,371,236,198,323,224,198,211,131,67,56,54,78,69,154,195,0,0,0,0,6,28,22,29,29,25,2,3,25,24,30,28,31,30,31,31,30,31,27,31,0,0,0,0,0,0,0,0,0,0,0,0,31.116,48.202,73.542,83.68,113.996,120.992,118.937,110.859,90.315,78.919,56.241,31.575,1.941,1.719,20.961,47.88,112.428,106.109,118.634,110.224,89.186,74.611,52.514,0,75,66,67,69,67,69,71,70,67,62,53,71,-0.26,-0.67,-0.64,-1.84,-6.82,-6.24,-7.46,-7.77,-7.79,-8.76,-8.37,5.48,13.1,17.5,21.8,22,4.3,7.4,12,9.1,8.7,12.4,16.9,15.5,169,90,16,9,-27.3,17.7,29.5,9.4,21,3,0,1,337,670,1100,947,839,539,177,301,0,6,79,57,76,89,92,88,1,0,0,0,111,271,351,225,4,181,335,216,71,68,70,61,4.56,-9.3,-21.47,-24.91,13.7,17.2,7.7,9.5,291,19,81.3,929.8,21,3140,1759,145,349,34,348,314,2,-6.4,34.6,7.3,958,736,68,-51.13,1528
1929,231694,NA,36.950879,-122.066217,-9999,14.2,15.6,17.4,16.3,19,21.5,21.1,21.6,20.9,22.6,21.2,17.2,2.3,2.6,5.3,5.2,7.5,9.7,10.7,10.5,9.8,8.3,2.9,6,8.2,9.1,11.4,10.7,13.2,15.6,15.9,16.1,15.3,15.4,12.1,11.6,45,69,75,54,2,22,1,1,3,5,10,92,-53,13.1,18.2,21,17.3,23.5,36.3,28.8,39.6,17.3,-28.7,-44.1,8,6,3,1,0,0,0,0,0,0,1,3,104,113,183,171,259,317,339,345,311,325,200,190,307,245,209,223,160,91,78,77,100,101,185,203,0,0,0,0,0,17,13,18,21,9,0,1,21,20,28,27,30,30,31,31,29,30,22,30,1,0,0,0,0,0,0,0,0,0,0,0,41.864,53.766,80.385,90.248,115.549,127.396,122.022,115.051,91.171,83.049,61.131,41.995,0,0,5.123,36.493,113.339,105.756,120.526,113.729,88.14,77.882,50.704,0,62,59,62,64,64,64,68,66,66,57,46,60,-0.17,1.31,1.08,-0.48,-6.7,-5.92,-7.38,-7.82,-7.36,-8.82,-8.32,2.95,14.9,17.6,21.4,21.6,2.4,6,10.3,7,8.7,11.8,15.9,14.3,234,131,24,19,-28,18.8,29.5,9.4,21,4,0,1,330,614,1000,836,840,591,247,386,0,0,48,30,63,85,92,82,2,0,0,0,136,286,364,235,0,155,340,217,60,64,66,56,4.08,-6.1,-21.12,-24.5,12.9,16.1,8.2,7.9,380,30,60.3,541.8,22,2857,1979,79,330,69,331,262,3,-10.2,34.8,7.4,1022,712,62,-47.65,1275
1930,2275918,NA,37.42756,-122.17152,-9999,13.3,18.4,18.7,21.6,20.8,25.5,25.5,26.3,24,23.7,19.2,15.4,4.9,6.6,6.9,8.1,7.6,10.2,10.8,11.5,11.1,8.6,5.6,2.8,9.1,12.5,12.8,14.9,14.2,17.9,18.2,18.9,17.6,16.1,12.4,9.1,117,93,84,30,9,1,0,1,5,11,38,10,-51.5,12,17.9,22.6,14.6,24.9,29.5,26.4,39,16.8,-27.6,-43.8,7,2,2,0,0,0,0,0,0,0,1,6,126,195,227,288,289,386,408,431,377,346,211,127,281,160,170,113,133,46,34,28,56,86,176,274,0,3,3,11,5,44,39,56,43,16,0,0,27,27,30,29,30,30,31,31,30,30,27,23,1,0,0,0,0,0,0,0,0,0,0,0,35.658,56.813,82.698,113.077,127.212,154.571,154.584,143.379,103.437,85.772,52.429,39.61,0,0,0,83.456,118.029,153.878,154.127,142.015,98.768,74.357,14.869,29.271,72,63,63,59,60,55,57,57,61,55,58,72,7.58,2.51,1.44,-5.66,-7.22,-11.19,-11.08,-11.5,-9.2,-9,-3.78,-4.42,15.9,20.4,25.8,22.3,6.3,7.5,10.8,8.4,11.1,14,18.3,15.4,277,123,3,54,-27.8,18.3,26.9,9.4,12,2,0,1,514,804,1225,934,643,416,108,318,5,19,139,60,85,90,92,87,1,0,0,0,129,323,453,242,0,201,450,188,69,61,56,58,5.67,-11.44,-33.77,-21.98,14.5,18.9,9.1,9.8,399,16,61.2,1154.9,18,3411,1557,221,346,43,344,301,1,-8.2,38.5,6.7,1146,840,60,-61.52,1759
1930,5504847,NA,37.6553,-122.0567,-9999,12.3,17.6,17.8,19.8,18.7,23.8,23.9,24.5,22.2,22.4,19,14.7,4.5,6.4,6.7,7.9,7.5,10.2,10.9,11.8,11.4,9,5.8,2.6,8.4,12,12.3,13.9,13.1,17,17.4,18.1,16.8,15.7,12.4,8.7,134,107,97,39,10,1,0,2,5,16,45,10,-50.8,11.6,17.2,21.2,17.8,23.4,32.2,27.7,39.5,17.2,-27.5,-43.6,8,3,2,0,0,0,0,0,0,0,1,7,110,178,209,260,254,358,385,407,355,333,211,116,301,174,186,138,165,62,46,38,69,95,176,287,0,1,1,6,0,31,28,42,34,13,0,0,27,27,30,29,30,30,31,31,30,31,27,22,1,0,0,0,0,0,0,0,0,0,0,0,33.01,53.848,78.028,102.624,113.26,141.771,141.699,129.604,92.339,79.361,51.092,37.797,0,0,0,63.248,103.023,140.715,141.205,127.701,87.565,63.859,5.716,27.774,74,65,65,63,65,59,61,62,67,59,59,75,9.81,4.35,3.21,-3.54,-5.82,-9.72,-9.69,-9.79,-7.75,-7.55,-2.88,-4.04,15,18.8,24,21.2,6.1,7.4,10.9,8.7,10.5,13.1,17.5,15,318,146,3,66,-27.6,18.7,27.8,9.7,14,2,0,1,469,723,1151,899,690,489,146,340,3,7,101,47,85,89,92,88,2,0,0,0,120,294,413,223,0,166,410,157,71,64,61,62,10.13,-6.15,-29.2,-18.18,13.8,18.1,8.4,9.7,467,18,51,981.8,21,3177,1739,156,345,44,345,301,2,-9,37.1,7.2,1050,733,63,-43.4,1559
1930,1176,NA,34.03974,-118.589581,-9999,17.1,21.2,20,21.4,19.2,23,25.2,25.9,22.8,23.7,23,20.4,8.7,9.6,10,11.7,10.7,14.3,15.8,16.9,14.2,12.7,10.5,7.4,12.9,15.4,15,16.5,14.9,18.6,20.5,21.4,18.5,18.2,16.7,13.9,151,27,93,9,22,1,0,1,1,3,57,2,-52.9,12.8,17,19.6,22.4,21,37.1,31.1,41.8,18.9,-27.8,-44.9,2,1,1,0,0,0,0,0,0,0,0,2,232,277,294,340,311,408,480,507,404,408,340,261,167,91,113,74,113,36,12,9,43,49,73,143,6,16,13,24,9,57,90,113,57,41,28,11,31,28,31,30,31,30,31,31,30,31,30,31,0,0,0,0,0,0,0,0,0,0,0,0,46.861,68.393,87.286,105.467,107.964,121.409,134.15,123.839,92.385,85.098,65.493,55.421,0,41.308,0,96.338,85.694,120.635,134.071,122.687,91.025,81.755,8.969,53.724,73,64,69,70,73,73,72,73,74,67,62,64,9.58,-5.25,2.32,-6.6,-4.09,-7.77,-9.12,-9.22,-7.59,-8.62,-3.43,-7.78,20.4,20.2,24.7,23.1,9.8,10.8,15.6,12.4,15.1,15.5,20.2,17.8,180,124,2,61,-28.3,19.7,29.7,11,4,1,0,0,863,945,1396,1152,332,301,57,165,61,45,260,127,90,92,92,91,0,0,0,0,173,301,379,243,98,182,377,182,67,71,73,68,-3.45,-8.37,-26.11,-19.64,16.9,21.4,12.9,8.5,368,26,73.1,834.2,6,4263,923,465,365,3,362,359,0,0.7,38.9,8,1096,839,69,-57.57,2493
1930,3904095,NA,34.533002,-117.283871,-9999,11.8,19.7,19.6,24.7,23.9,33.3,36.8,35.2,29.4,25.3,19.3,15.3,-1.2,2.6,3.6,7.1,7.2,13.2,17.2,16.4,10.9,6.6,2.1,-2.5,5.3,11.2,11.6,15.9,15.6,23.3,27,25.8,20.2,15.9,10.7,6.4,41,12,33,7,26,1,1,2,1,5,16,1,-52.2,15.8,21.4,25.7,16.6,28.3,28.4,29.8,41.5,17.6,-27.7,-44.4,18,3,2,0,0,0,0,0,0,0,2,13,61,175,209,325,329,547,680,643,454,340,176,77,398,195,202,88,98,6,1,1,26,90,220,358,0,2,4,24,21,162,279,242,90,24,1,0,12,20,25,29,30,30,31,31,30,29,20,8,1,0,0,0,0,0,0,0,0,0,0,0,42.991,71.576,98.289,138.294,152.545,207.146,226.454,198.186,140.471,102.812,62.272,48.441,2.312,59.377,64.884,131.309,126.193,206.465,225.399,196.218,139.636,97.834,46.633,47.383,57,48,51,49,51,46,48,49,48,46,48,47,0.52,-8,-5.59,-11.66,-8.92,-20.61,-24.55,-22.15,-16.24,-12.56,-7.44,-5.31,17,22.7,35.1,24.7,1,6,15.6,6.5,9,14.4,25.3,15.6,54,67,4,21,-26.9,21.3,28.8,10.5,26,3,0,2,412,863,1870,970,822,388,7,336,5,50,683,115,52,84,92,79,1,0,0,0,171,389,632,306,117,322,628,284,51,51,48,48,-12.79,-26.17,-67.31,-36.24,15.7,27,5.3,21.7,146,31,176.4,874.1,39,4017,1682,851,295,98,306,208,2,-19.6,45.5,8.4,1498,1352,49,-142.51,2400
1930,3440200,NA,35.098215,-120.579118,-9999,17.3,21.1,18.7,20.1,17.1,20.8,21.9,22.6,20.9,22.8,21.7,19.5,4.4,6.5,6.2,8,7.2,9.6,10.8,11.2,9.7,8.4,5.8,2.3,10.8,13.8,12.5,14.1,12.2,15.2,16.3,16.9,15.3,15.6,13.8,10.9,120,46,82,22,25,2,0,1,6,3,56,9,-54.5,14.3,19,21.8,21.1,22.3,36.1,29.5,40.5,18.1,-28.3,-45.2,4,2,2,0,0,0,0,0,0,0,1,4,167,228,215,267,227,305,352,369,310,329,250,170,227,127,180,133,189,100,68,60,100,98,141,218,0,5,0,5,0,15,17,25,21,8,0,0,26,27,29,29,30,30,31,31,29,30,27,22,0,0,0,0,0,0,0,0,0,0,0,0,51.865,70.863,88.443,107.562,105.285,124.377,129.471,122.263,94.285,87.717,64.974,55.192,0,24.592,6.704,85.822,79.985,122.515,129.424,121.263,88.742,85.177,9.114,46.387,60,56,61,63,69,65,66,65,66,57,52,50,5.37,-4.01,1.07,-5.4,-3.36,-7.49,-8.13,-8.46,-7.13,-9.17,-3.67,-7.48,20,18.7,21.8,21.8,5.2,7.2,10.5,8,12.6,12.9,16.1,14.9,181,129,3,64,-28.5,20.6,29.3,10.1,8,2,0,1,630,709,1027,889,516,502,228,339,10,5,57,29,81,89,92,87,1,0,0,0,181,301,376,247,68,173,373,183,55,64,65,58,-6.12,-7.69,-24.08,-19.97,13.9,16.9,10.8,6.1,370,34,64.7,500.4,13,3190,1642,95,342,47,337,290,1,-8.6,35.5,7.9,1106,797,61,-57.85,1521
1930,3425410,NA,37.898448,-122.313558,-9999,12.6,18.2,18.5,19.3,17.4,21.4,20.4,21.4,19.8,22,19.3,15,5.7,7.6,7.8,9,8.2,10.7,11,12,11.9,9.8,7.1,3.8,9.1,12.9,13.2,14.2,12.8,16.1,15.7,16.7,15.8,15.9,13.2,9.4,135,100,88,41,9,1,0,1,7,17,43,12,-50.5,11.1,16.8,19.7,20.4,21.7,37.8,29.3,39.8,17.4,-27.4,-43.5,6,2,1,0,0,0,0,0,0,0,1,6,124,203,234,268,245,331,333,363,325,338,233,133,280,149,161,130,173,80,83,64,89,91,155,264,0,3,3,7,0,21,12,23,25,13,0,0,29,28,31,30,30,30,31,31,30,31,29,25,1,0,0,0,0,0,0,0,0,0,0,0,31.688,53.623,78.478,95.966,101.312,122.718,114.09,106.567,76.217,75.609,49.865,37.006,0,0,0,54.525,92.28,121.975,113.791,105.659,69.448,58.441,6.902,25.369,77,67,67,68,71,67,71,71,75,63,62,78,9.83,3.55,2.28,-2.65,-4.91,-7.73,-6.91,-7.27,-5.58,-6.79,-2.95,-4.07,15.4,18.4,21.1,20.4,7.3,8.3,11.2,9.6,11.3,13.4,16.2,15,336,139,2,67,-27.6,19,29.6,9.9,11,2,0,1,524,748,1028,897,624,464,228,335,5,10,57,37,88,91,92,89,1,0,0,0,117,276,343,202,0,147,341,135,74,68,70,67,9.31,-5.28,-21.91,-15.32,13.7,16.7,9.1,7.6,454,18,52.3,940.5,17,3133,1720,107,354,22,353,331,1,-6.4,34.6,7.7,938,623,69,-33.2,1496
1930,231694,NA,36.950879,-122.066217,-9999,14,18.9,18.8,19.7,17.4,20.6,19.7,21.1,20.5,21.7,19.6,16,4.1,5.8,6.1,7.4,6.9,9.2,9.9,10.5,10,7.3,4.1,1.9,9,12.3,12.4,13.5,12.2,14.9,14.8,15.8,15.2,14.5,11.9,8.9,200,146,120,41,21,2,1,2,8,8,65,16,-52.3,12.9,18.7,21.8,19.3,22.8,37.9,29,39.7,17.5,-28,-44.2,7,2,2,0,0,0,0,0,0,0,1,6,122,187,212,250,227,295,302,336,308,297,194,120,282,164,181,147,189,108,106,84,102,124,189,279,0,0,0,3,0,13,8,15,20,2,0,0,26,26,29,29,30,30,31,31,30,30,25,20,2,0,0,0,0,0,0,0,0,0,0,0,39.324,60.34,85.384,104.448,106.915,122.543,114.305,111.943,88.538,80.805,55.999,42.718,0,0,0,63.688,85.626,120.883,113.016,110.129,80.958,72.552,0,26.249,68,59,61,62,67,65,70,67,67,57,53,65,15.45,7.34,4.89,-3.37,-3.99,-7.4,-6.64,-7.44,-6.59,-8.04,-1.62,-4.18,16.7,18.6,20.5,20.6,5.3,6.8,9.9,7.1,11,12.7,15.2,13.9,437,182,5,80,-27.9,19.9,29.9,9.7,12,2,0,1,497,690,932,799,649,518,298,416,0,3,36,22,81,88,92,84,2,0,0,0,142,297,349,225,0,149,344,154,64,63,67,59,18.61,-2.47,-21.48,-16.25,13,15.8,8.9,6.9,630,34,36.5,469.6,19,2849,1957,61,336,58,333,275,2,-10.2,34.8,7.9,1013,647,62,-21.6,1246
1931,2275918,NA,37.42756,-122.17152,-9999,15.1,17.1,19.9,22.9,24.9,25.1,28.9,27.3,25.9,22.5,16.2,12.5,4.9,7.5,6.7,7.2,11.3,11.5,12.3,11.4,10.4,8.4,4.5,4.2,10,12.3,13.3,15,18.1,18.3,20.6,19.3,18.1,15.4,10.4,8.3,114,34,48,10,16,6,0,1,1,17,60,209,-52.9,10.7,19,24.3,10.6,25,25.4,25.8,38.4,17.2,-26.5,-42.7,5,2,1,0,0,0,0,0,0,0,2,8,152,191,243,294,406,399,484,444,394,324,159,111,253,166,158,108,48,40,11,23,48,102,230,297,0,3,6,13,43,51,93,65,52,12,0,0,27,28,30,29,31,30,31,31,30,30,25,26,1,0,0,0,0,0,0,0,0,0,0,1,40.684,50.709,88.769,122.659,145.415,147.467,175.088,150.246,115.631,81.027,45.291,31.411,0,16.995,40.85,112.803,129.064,141.293,174.645,149.494,114.684,63.581,0,0,67,70,59,53,60,60,53,54,55,58,63,60,6.11,-2.42,-2.97,-8.85,-8.8,-9.89,-13.96,-12.53,-11.49,-7.46,0.08,17.17,15.8,22.6,27.1,21.5,5.1,8.4,11.7,7.7,10.5,15.5,19.4,14.6,158,74,7,79,-28.3,17.9,25.4,9.7,14,2,0,2,473,943,1327,877,692,314,74,380,3,62,210,64,78,90,92,85,1,0,0,1,131,357,473,242,46,283,465,178,66,57,56,58,20.86,-20.61,-36.38,-18.87,14.9,20.6,8.3,12.3,517,25,48.2,835.5,19,3600,1484,337,348,35,339,304,1,-8.2,38.5,6.2,1203,973,60,-54.99,1941
1931,5504847,NA,37.6553,-122.0567,-9999,14.1,16.1,18.9,21.5,23.3,22.9,27.5,25.9,24.2,21.3,16,11.7,4.6,7.4,6.6,7.3,11.3,11.4,12.7,11.7,10.7,8.7,4.7,4.3,9.3,11.7,12.8,14.4,17.3,17.2,20.1,18.8,17.5,15,10.3,8,129,40,49,11,21,10,0,1,1,17,78,229,-52.2,10.1,18.2,23.1,13.5,23.6,28,26.9,39,17.5,-26.4,-42.3,6,3,2,0,0,0,0,0,0,0,2,8,136,176,228,275,382,365,468,428,374,312,159,103,273,180,172,125,61,58,14,29,58,112,230,307,0,2,4,9,32,34,81,54,42,9,0,0,27,28,30,29,31,30,31,31,30,30,26,26,1,0,0,0,0,0,0,0,0,0,1,2,37.82,47.296,83.704,114.069,132.598,131.224,162.687,139.03,104.902,75.155,44.09,29.059,0,7.024,34.921,103.044,111.316,121.076,162.187,138.049,103.977,58.265,0,0,69,72,62,57,64,65,57,59,60,62,64,61,8.22,-1.31,-2.3,-7.72,-6.96,-7.77,-12.44,-11.11,-9.92,-6.63,1.97,19.52,15,21.2,25.4,20.5,4.9,8.4,12,8,9.9,14.8,18.7,14.3,179,81,12,96,-28.1,18.3,26.2,10.1,16,2,0,2,430,884,1261,844,740,357,101,400,2,45,169,51,77,90,92,86,1,0,0,1,123,330,433,224,35,249,421,162,67,61,60,62,26.44,-16.98,-31.32,-14.58,14.4,20.1,8,12.1,587,34,41.5,594.2,21,3404,1619,266,349,34,341,307,1,-9,37.1,6.6,1110,868,64,-36.45,1765
1931,1176,NA,34.03974,-118.589581,-9999,19.7,19.6,23.6,22.9,23,23.2,27.4,26.5,24.3,23.6,19.2,16.5,9,10.3,10.8,12.1,14.8,14.4,18.7,18.4,14.7,14.1,8.9,7.8,14.3,15,17.2,17.5,18.9,18.8,23.1,22.4,19.5,18.9,14,12.2,101,121,2,48,14,1,0,7,5,3,58,180,-54.7,11.3,19.4,20.5,20.5,20.5,36.6,31.3,41.7,19.1,-26.6,-43.7,2,1,0,0,0,0,0,0,0,0,1,3,277,267,363,368,429,413,559,540,435,429,263,212,130,101,67,57,38,33,4,5,31,39,133,189,14,13,36,36,54,60,158,139,76,55,7,5,31,28,31,30,31,30,31,31,30,31,30,31,0,0,0,0,0,0,0,0,0,0,0,0,55.327,60.433,105.689,114.265,118.243,122.616,137.528,120.609,100.367,80.909,54.862,42.987,0,0,103.855,66.342,104.592,121.363,137.452,113.845,95.14,77.422,0,0,67,71,61,67,75,73,74,76,71,71,68,60,3.05,5.4,-9.3,-3.73,-6.29,-7.85,-9.94,-8.56,-8.27,-8.1,-0.99,12.57,19.9,23.2,25.7,22.4,8.9,12.5,17.2,12.6,14.4,17.8,21.4,17.5,224,63,8,67,-29,20.1,29.5,11.4,4,1,0,1,807,1159,1512,1127,374,162,42,204,39,126,357,139,90,92,92,91,0,0,0,0,171,338,381,236,54,275,373,173,66,68,74,70,21.02,-19.33,-26.35,-17.36,17.6,23.1,12.2,10.9,540,27,51.2,854.7,6,4554,828,653,365,1,364,363,0,0.7,38.9,8,1126,874,71,-42.02,2789
1931,3904095,NA,34.533002,-117.283871,-9999,15.4,16.6,23.1,25.7,29.8,31.9,39.1,35.9,30.4,25.6,15.7,11.9,-0.2,2.4,3.8,6.9,11,12.9,19.7,17.8,11.6,7.3,0,-2.3,7.6,9.5,13.5,16.3,20.4,22.4,29.4,26.9,21,16.5,7.8,4.8,17,40,4,22,6,3,3,17,5,10,22,46,-54.2,14.4,23.5,26.4,12,29.6,27.5,29.8,41.3,17.6,-26.7,-43.5,10,5,1,0,0,0,0,0,0,0,5,19,107,139,266,340,475,522,754,676,480,356,111,52,327,235,153,79,23,8,0,1,19,78,305,406,0,0,10,30,94,138,352,275,110,31,0,0,14,20,25,29,31,30,31,31,30,30,14,9,0,0,0,0,0,0,0,0,0,0,0,2,51.873,61.266,114.637,144.313,185.436,197.252,236.566,199.137,145.019,103.272,53.632,40.377,34.466,21.743,110.531,122.508,179.274,194.12,233.7,181.932,139.613,93.763,31.88,0,51,56,44,47,48,48,49,51,48,48,51,44,-4.05,-2.93,-11.25,-11.15,-16.1,-18.5,-27.15,-21.12,-16.84,-12.25,-3.87,1.1,15.8,26.2,35.6,23.9,-0.1,7.3,16.8,6.3,7.8,16.7,26.2,15.1,58,32,23,37,-27.8,20.7,29,10.7,28,2,0,5,324,1081,1951,947,919,256,9,403,0,134,765,141,43,85,92,74,0,0,0,0,162,444,633,302,104,412,610,265,50,46,50,49,-5.89,-38.49,-66.77,-32.95,16.3,29.4,4.8,24.6,195,35,135.1,845.1,41,4276,1635,1041,294,85,309,224,1,-19.6,45.5,8.1,1541,1391,49,-144.1,2680
1931,3440200,NA,35.098215,-120.579118,-9999,18.4,18.6,21.8,21.4,22.1,19.9,23.8,23.1,22.7,21.9,19.2,16.3,4.7,7.1,6.3,7.9,10.4,10.6,12.3,12.6,10.2,9.1,4.1,4.2,11.5,12.9,14,14.6,16.2,15.3,18.1,17.9,16.4,15.5,11.7,10.3,113,48,11,22,21,4,0,4,1,11,71,197,-55.2,12.6,21.3,23,15.9,23.6,34.4,29.6,40.2,18.4,-27.6,-44.1,3,2,1,0,0,0,0,0,0,0,1,4,187,204,263,282,349,308,405,399,344,327,190,156,204,151,138,119,82,98,35,43,76,100,194,238,2,3,7,9,18,15,38,38,30,9,0,0,27,28,29,29,31,30,31,31,30,31,25,26,0,0,0,0,0,0,0,0,0,0,0,1,54.682,60.988,103.47,115.656,130.154,113.243,138.476,120.66,103.499,82.443,58.966,45.235,0,13.206,92.434,93.866,109.226,109.21,138.42,116.994,102.229,71.026,0,0,58,64,53,59,64,71,65,68,62,61,54,48,4.13,-2.04,-8.08,-6.32,-6.29,-6.35,-9.18,-8.16,-8.82,-7.41,-0.72,13.62,18.8,21.7,22.3,21.3,4.7,8.2,11.8,7.8,11.8,15,17.1,14.5,170,54,8,84,-28.9,20.1,29.2,10.3,9,1,0,1,563,895,1112,860,573,339,176,370,4,33,91,39,76,90,92,85,0,0,0,0,171,349,372,245,60,296,365,173,57,59,68,59,15.71,-20.69,-23.7,-16.95,14.5,18.1,10.3,7.8,503,30,48.8,603,13,3414,1478,167,347,33,341,308,1,-8.6,35.5,7.7,1137,893,62,-45.62,1721
1931,3425410,NA,37.898448,-122.313558,-9999,14.3,16.6,19.3,20.9,21.9,20.5,23.9,22.4,21.8,20.7,16.3,12,5.7,8.6,7.9,8.2,12.1,12.1,12.7,11.9,11.1,9.4,5.9,5.2,10,12.6,13.6,14.5,17,16.3,18.3,17.2,16.5,15.1,11.1,8.6,138,36,46,11,19,9,0,1,1,22,71,212,-51.8,9.5,17.5,21.8,16.3,21.9,33.5,28.7,39.4,17.8,-26.2,-42.2,5,2,1,0,0,0,0,0,0,0,2,7,150,197,250,279,373,339,412,378,345,313,173,114,252,157,149,121,66,75,32,55,76,111,208,290,0,3,6,9,28,24,41,28,31,8,0,0,29,28,31,30,31,30,31,31,30,31,28,28,1,0,0,0,0,0,0,0,0,0,0,1,36.362,46.194,82.611,107.773,118.606,109.508,134.512,114.52,90.746,70.662,42.891,28.075,0,9.882,36.239,96.373,99.43,100.994,134.203,113.922,89.698,48.942,0,0,72,74,64,61,70,74,66,68,67,65,67,64,9.11,-1.63,-2.47,-6.93,-5.77,-5.88,-9.06,-8.13,-7.87,-5.45,1.43,17.81,15.3,20.7,22.3,19.6,6.1,9.4,12.2,8.8,10.7,15,17.3,14.2,186,77,9,94,-28.2,18.5,28,10.3,13,2,0,2,481,901,1129,831,673,337,162,395,3,43,93,38,82,91,92,88,1,0,0,0,120,309,359,204,35,232,349,139,70,65,69,66,25.28,-15.17,-23.06,-11.89,14.2,18.3,8.6,9.7,567,30,42.7,617,18,3321,1593,177,356,18,347,330,1,-6.4,34.6,7.2,991,755,69,-24.83,1668
1931,231694,NA,36.950879,-122.066217,-9999,15.9,17.5,20.1,20.7,21.3,20.5,22.7,21.7,22.4,20.6,16.8,13.4,4,6.6,5.6,6.5,10.2,10.2,11.2,10.5,9.2,7.4,3.3,3.4,10,12.1,12.9,13.6,15.8,15.4,17,16.1,15.8,14,10.1,8.4,195,59,61,19,29,11,1,1,2,19,92,306,-53.7,11.7,20.1,23.4,15.6,23.1,34.2,28.8,39.2,17.8,-26.9,-43.2,5,3,2,0,0,0,0,0,0,0,2,7,148,181,227,251,336,310,372,344,326,280,150,109,253,172,170,146,93,96,54,78,89,140,239,295,0,0,2,4,15,16,23,17,25,0,0,0,26,27,29,28,31,30,31,31,29,30,23,25,1,0,0,0,0,0,0,0,0,0,1,2,44.746,54.523,92.438,112.292,123.092,117.872,132.303,115.45,100.496,75.984,48.962,35.265,0,0,31.594,93.427,93.706,106.404,131.13,114.101,98.909,57.07,0,0,62,66,56,57,66,68,65,66,60,60,58,56,13.64,-0.35,-1.99,-6.44,-4.89,-6.07,-8.47,-7.86,-8.75,-6.13,2.72,26.41,16.5,20.7,21.6,19.9,4.2,7.4,10.7,6.7,10.3,14.1,16.1,13.3,270,109,14,112,-28.4,19.7,28.7,10,14,2,0,3,450,814,1027,755,704,408,228,467,0,21,56,25,73,88,92,82,1,0,0,1,142,328,366,225,26,219,352,156,61,59,66,59,39.69,-13.32,-22.39,-12.16,13.4,17,8.4,8.6,796,45,29.4,377.5,20,3033,1823,102,339,49,330,281,2,-10.2,34.8,7.5,1061,753,63,-8.18,1398
1932,2275918,NA,37.42756,-122.17152,-9999,13,14.7,19.2,20,22.1,25.7,26.3,26.4,27,23.4,21.2,12.9,3.3,4.2,6.4,5.9,9.5,10.6,11,11,11.2,8.5,7.6,1.3,8.2,9.5,12.8,13,15.8,18.1,18.6,18.7,19.1,15.9,14.4,7.1,64,82,18,21,8,1,1,1,1,3,15,62,-51.8,11.4,18.6,23.2,13.9,24.2,28.5,26.2,38.2,16.9,-28.2,-43.2,8,5,2,1,0,0,0,0,0,0,1,11,107,125,229,233,336,393,422,425,423,340,272,82,309,235,170,163,92,42,28,30,36,90,125,336,0,0,4,3,17,48,47,52,68,16,10,0,24,24,30,28,31,30,31,31,30,30,29,19,1,0,0,0,0,0,0,0,0,0,0,1,36.903,48.276,85.85,108.642,130.359,154.696,159.331,145.511,119.474,84.554,55.858,35.361,0,0,68.083,87.572,122.032,153.938,158.704,144.752,118.409,81.855,41.277,0,68,66,60,57,62,56,55,55,54,56,59,72,2.35,3.12,-5.57,-5.87,-7.76,-11.23,-11.68,-11.81,-12.24,-9.62,-6.99,2.26,13.4,20.4,26.1,23.9,3.9,7.3,10.8,9.1,8.6,13.9,18.5,16.5,354,47,2,18,-27.9,18.5,26.3,9,21,2,0,1,342,798,1241,1034,842,426,101,250,0,23,148,94,74,88,92,89,3,0,0,0,117,325,460,260,0,278,457,242,69,60,55,56,7.73,-19.19,-34.72,-28.85,14.3,19.1,7.1,12,275,12,88.3,1655.5,27,3387,1657,265,336,57,338,280,3,-8.2,38.5,6.5,1161,977,59,-75.03,1776
1932,5504847,NA,37.6553,-122.0567,-9999,12.2,13.9,18.3,18.3,20.2,24,24.5,24.9,25.9,22.3,20.9,11.8,3.1,4,6.4,5.8,9.4,10.6,11.1,11.1,11.7,8.9,7.8,1.3,7.6,8.9,12.4,12.1,14.8,17.3,17.8,18,18.8,15.6,14.4,6.5,62,89,21,23,12,1,1,1,1,2,18,69,-51.3,10.9,17.9,21.9,17,22.8,31.4,27.3,38.7,17.2,-28,-42.8,10,6,2,1,0,0,0,0,0,0,1,12,96,113,216,207,306,367,397,404,414,329,271,71,325,249,182,188,118,56,39,40,39,98,126,353,0,0,3,0,9,35,33,40,63,13,10,0,23,23,30,28,31,30,31,31,30,31,29,19,1,1,0,0,0,0,0,0,0,0,0,1,34.602,45.454,81.336,99,117.013,142.16,145.859,134.405,112.377,78.703,54.006,32.463,0,0,60.799,76.228,105.418,141.033,145.183,133.41,111.419,76.484,35.545,0,70,68,63,61,67,60,60,59,58,60,60,75,2.65,4.39,-4.8,-4.69,-6.17,-9.79,-10.16,-10.43,-11.23,-8.76,-6.36,3.47,12.6,18.9,24.5,23,3.8,7.2,10.9,9.5,8.2,13.1,17.7,16.2,381,55,3,22,-27.7,18.9,27.2,9.3,24,3,0,1,312,728,1168,1014,882,488,136,263,0,12,109,86,73,88,92,90,3,0,0,0,109,297,422,245,0,242,420,223,71,63,60,59,10.52,-15.66,-30.39,-26.35,13.7,18.8,6.5,12.3,300,15,79,1225.3,31,3190,1814,207,335,57,340,283,4,-9,37.1,6.9,1074,886,63,-61.88,1621
1932,1176,NA,34.03974,-118.589581,-9999,15.7,17.3,21.4,20.9,20.8,22.5,23.3,24.1,24.1,23,25.8,17,5.8,8.1,9.4,9.1,12.1,12.5,14.5,14.9,15.2,13.2,11.9,6.8,10.7,12.7,15.4,15,16.4,17.5,18.9,19.5,19.7,18.1,18.9,11.9,66,181,4,11,3,2,0,1,7,6,4,42,-53,11.4,18.7,21.6,21.4,20.9,38.6,31.3,41.7,19.1,-28.6,-44,4,2,1,0,0,0,0,0,0,0,0,3,170,203,307,295,356,375,431,449,440,406,403,199,230,154,104,109,78,52,25,22,30,50,41,196,0,3,16,11,21,39,53,68,80,41,61,3,29,28,31,30,31,30,31,31,30,31,30,30,0,0,0,0,0,0,0,0,0,0,0,0,47.366,56.142,97.193,111.127,113.37,126.218,124.428,118.724,97,80.565,73.325,46.041,0,0,93.213,100.521,110.121,124.133,124.361,117.545,89.59,75.053,69.074,4.461,68,71,63,64,73,69,73,72,73,70,59,72,1.11,12.24,-7.79,-6.84,-6.59,-7.89,-8.01,-8.38,-7.69,-7.74,-10.66,-1.79,16.5,21,23.3,24.3,7.2,10.2,14,13.4,11.9,15.6,18.6,18.9,426,18,3,17,-28.5,20.6,30.3,10.8,9,1,0,0,582,957,1255,1249,573,291,98,121,6,49,160,181,88,92,92,91,1,0,0,0,146,322,369,251,0,304,366,234,70,67,72,67,11.57,-21.22,-24.27,-26.09,16.2,19.7,10.7,9,326,14,80.4,1406.8,10,4032,1091,395,362,5,365,360,1,0.7,38.9,8.3,1088,904,69,-60.01,2294
1932,3904095,NA,34.533002,-117.283871,-9999,11.3,14.3,21.8,23.7,26.6,32.3,35.6,35.9,33.2,25.9,23.2,12.2,-3.1,0.8,3.6,4.4,8.7,12.2,15.3,15,12.2,7.1,3.7,-3.1,4.1,7.6,12.7,14.1,17.6,22.2,25.5,25.5,22.7,16.5,13.5,4.5,17,65,4,6,3,5,1,1,6,3,1,22,-52.2,14.2,22.9,27,14.4,29.2,28.8,29.4,40.4,17.5,-28.8,-43.6,25,9,2,0,0,0,0,0,0,0,1,21,44,95,239,272,392,516,633,633,531,356,254,47,435,288,174,133,55,9,1,1,11,78,148,415,0,0,7,13,43,133,232,232,151,29,9,0,8,16,25,26,30,30,31,31,30,29,24,7,1,1,0,0,0,0,0,0,0,0,0,1,42.831,55.709,108.748,137.049,167.948,202.132,222.151,207.069,159.888,104.699,72.684,41.507,26.252,0,104.517,131.307,165.39,196.857,221.111,206.016,153.552,101.378,71.83,19.927,52,57,46,44,49,45,46,45,44,46,44,53,-1.48,1.32,-10.2,-11.51,-13.53,-19.08,-23.32,-23.95,-20.34,-13.19,-11.69,-1.41,12.5,24,34.6,27.4,-1.5,5.6,14.2,7.7,5.5,14.8,24.4,17.6,127,13,7,11,-27.2,21.4,29.1,9.7,53,2,0,1,190,903,1782,1141,1129,362,11,237,0,62,597,189,32,81,92,83,3,0,0,0,139,414,631,337,26,401,624,327,54,47,45,45,-1.57,-35.24,-66.35,-45.21,15.5,25.5,4.1,21.4,133,16,191.7,1566.1,57,4013,1748,848,287,100,311,211,4,-19.6,45.5,8.3,1521,1378,47,-148.38,2461
1932,3440200,NA,35.098215,-120.579118,-9999,15.2,17,20.8,19.5,19.3,21.2,20.9,20.3,22.1,21.9,24.1,15.6,2.6,4.8,5.9,5.9,8.7,9.2,10.2,11.2,10.9,7.7,6.1,2.5,8.9,10.9,13.4,12.7,14,15.2,15.5,15.7,16.5,14.8,15.1,9,93,103,14,11,6,1,0,1,4,4,9,46,-53.6,13.2,20.9,23.3,18.9,22.8,37.1,30.5,40.4,18.2,-29,-44.1,7,4,1,1,0,0,0,0,0,0,0,6,121,154,243,227,282,306,327,334,346,305,290,124,287,195,156,171,138,100,88,85,75,117,108,275,0,0,3,0,3,15,11,15,31,4,11,0,22,25,29,28,30,30,31,31,30,30,28,22,1,0,0,0,0,0,0,0,0,0,0,0,47.678,58.845,99.357,109.525,115.714,128.482,123.722,105.304,97.54,85.038,71.788,44.934,0,0,85.508,98.074,109.794,127.397,123.667,104.24,93.18,80.877,63.23,0,60,61,55,58,67,63,67,72,66,57,48,62,3.96,3.94,-7.18,-6.54,-6.29,-7.95,-7.53,-6.73,-7.77,-8.49,-10.16,-0.99,16.2,19.9,20.8,22.7,3.9,6.8,10.2,8.3,10,13.4,15.5,15.5,393,31,2,17,-28.2,21,30.1,9.9,15,2,0,1,431,752,967,941,719,465,273,300,0,6,41,45,73,87,92,87,2,0,0,0,152,325,358,254,0,293,355,237,61,60,67,57,6.91,-20.01,-22.21,-26.42,13.5,16.5,8.9,7.6,292,12,80.3,1322.3,19,3059,1795,93,335,57,337,280,2,-8.6,35.5,8.2,1088,886,61,-61.73,1419
1932,3425410,NA,37.898448,-122.313558,-9999,12.6,14.6,19.2,17.9,18.9,21.7,21.1,21.6,23.7,21.7,21.1,12.3,4.1,5,7.6,6.9,10.1,11,11.3,11.3,11.9,9.6,9,2.1,8.4,9.8,13.4,12.4,14.5,16.4,16.2,16.5,17.8,15.6,15,7.2,66,77,22,24,13,1,0,1,1,3,20,64,-51.2,10.7,17.5,20.4,19.5,21.4,36.9,28.9,39.1,17.5,-27.9,-42.8,8,5,1,1,0,0,0,0,0,0,0,10,110,132,244,216,297,341,347,356,385,331,289,83,302,224,156,179,125,74,72,69,52,97,110,332,0,0,5,0,7,24,15,21,47,13,13,0,26,25,31,29,31,30,31,31,30,31,30,21,1,0,0,0,0,0,0,0,0,0,0,1,34.217,45.959,82.39,93.324,105.023,123.743,118.522,111.283,98.968,74.53,52.656,32.356,0,0,59.936,69.052,92.5,122.857,118.074,110.722,97.666,72.012,32.759,0,72,69,64,66,72,67,70,68,64,63,63,77,2.86,2.71,-4.81,-3.96,-5.01,-7.84,-7.31,-7.72,-9.08,-8.04,-6.02,2.8,13.1,18.7,21.5,22.2,4.8,8.2,11.2,10.2,8.9,13.4,16.3,16.2,355,59,2,24,-27.8,19.2,29.1,9.6,20,2,0,1,357,757,1043,1005,817,460,215,258,0,13,60,73,79,90,92,91,2,0,0,0,108,281,354,226,0,221,352,202,73,67,68,63,8.36,-13.79,-22.88,-23.15,13.6,17.8,7.2,10.6,292,16,80.7,1135.1,26,3130,1793,146,345,38,347,309,3,-6.4,34.6,7.5,969,776,67,-51.45,1528
1932,231694,NA,36.950879,-122.066217,-9999,13.4,15,19.2,18.2,18.5,20.5,20.3,20.7,22.5,21.3,21.8,14.1,2.6,3.6,5.7,5.3,8.8,9.6,10.2,10.4,10.2,7.4,6.1,0.6,8,9.3,12.4,11.7,13.6,15.1,15.3,15.5,16.4,14.3,13.9,7.3,139,152,29,33,17,2,2,1,2,5,23,92,-52.4,12.2,19.3,22.4,19.2,22,37.1,29.2,39.3,17.6,-28.6,-43.7,9,6,2,1,0,0,0,0,0,0,1,10,100,118,215,197,271,302,319,328,342,291,256,84,314,240,181,197,149,103,94,90,77,130,136,328,0,0,1,0,2,14,10,14,30,2,5,0,22,23,29,27,31,30,31,31,30,30,28,17,2,1,0,0,0,0,0,0,0,0,0,1,39.734,50.793,87.84,100.525,107.388,120.555,118.042,109.379,98.814,78.972,60.284,39.266,0,0,58.668,67.201,90.063,118.826,116.495,107.986,96.648,74.33,37.482,0,65,63,59,60,70,66,69,68,63,58,53,67,9.65,9.97,-4.52,-3.59,-4.54,-7.24,-6.97,-7.21,-8.53,-8.07,-6.91,4.66,14,18.6,20.5,21.9,3.2,6.6,10.1,7.9,8.6,12.6,15.3,14.9,597,80,5,30,-28,20.3,29.5,9.4,22,3,0,1,328,683,949,889,849,527,287,343,0,3,37,37,69,86,92,87,5,0,0,0,126,296,348,238,0,216,343,208,65,63,68,58,24.29,-12.66,-21.42,-23.51,12.7,16.4,7.3,9.1,497,24,45.8,678.1,28,2823,2039,77,326,69,329,260,6,-10.2,34.8,7.8,1008,768,62,-33.3,1261
1933,2275918,NA,37.42756,-122.17152,-9999,12.4,15.2,17.8,20,20.4,23.9,27.4,26.2,25,25,20.9,13.9,2.8,3,6.6,6.3,7.5,9.8,11.3,11.7,10.5,10.5,6.2,5.4,7.6,9.1,12.2,13.1,13.9,16.8,19.4,19,17.7,17.7,13.5,9.7,125,22,61,6,18,1,1,1,2,34,2,123,-51.6,12.4,17.4,22.9,15,24.8,27,26.5,38.7,16.6,-28.2,-43,10,6,2,1,0,0,0,0,0,0,1,5,94,116,210,238,280,354,446,433,382,394,246,144,327,245,188,158,141,65,20,27,54,56,146,256,0,0,2,4,5,30,63,58,46,37,5,0,23,21,30,28,30,30,31,31,30,31,28,28,2,0,0,0,0,0,0,0,0,0,0,0,36.014,51.048,78.876,108.122,125.206,144.367,166.79,142.042,110.401,87.814,56.406,33.45,0,29.502,18.117,102.095,107.636,143.33,166.154,140.893,108.505,53.885,54.521,0,68,61,65,58,60,58,54,58,57,57,56,62,8.85,-3.17,-0.37,-7.33,-6.16,-9.89,-12.69,-11.36,-10.52,-7.3,-8.33,7.77,13.5,19.4,25.9,23.6,2.4,6.8,10.9,9,7.9,13.1,18.4,16.3,209,84,3,38,-27.4,18.4,26.1,9,26,3,0,1,292,728,1234,1022,908,486,112,256,0,10,151,87,63,88,92,89,3,0,0,0,122,312,453,255,30,228,450,217,64,61,56,57,13.44,-13.86,-33.93,-26.16,14.1,19.4,7.6,11.8,394,22,61.2,869.7,24,3338,1682,248,341,56,344,288,3,-8.2,38.5,6.5,1142,925,60,-60.51,1723
1933,5504847,NA,37.6553,-122.0567,-9999,11.2,14.3,16.7,18.6,18.3,21.9,26.1,24.7,23.5,24.1,20.5,12.6,2.5,2.9,6.4,6.2,7.2,9.7,11.7,12,10.8,11,6.2,5.4,6.9,8.6,11.6,12.4,12.8,15.8,18.9,18.4,17.1,17.5,13.3,9,142,24,73,6,23,2,1,1,2,36,2,134,-50.8,11.9,16.5,21.7,18.2,23.3,29.5,27.6,39.2,16.9,-28.1,-42.4,12,7,2,1,0,0,0,0,0,0,1,6,79,106,193,216,246,323,430,415,364,388,241,127,349,259,203,179,173,86,25,35,63,59,152,277,0,0,0,1,0,19,52,47,38,34,4,0,22,21,30,28,30,30,31,31,30,31,28,28,3,0,0,0,0,0,0,0,0,0,0,1,32.905,48.287,73.482,99.497,111.553,129.598,155.289,130.552,100.89,82.45,54.693,29.755,0,24.092,0,93.387,88.719,127.552,154.708,129.246,98.644,46.521,53.181,0,71,63,67,62,65,63,58,62,62,61,57,65,11.07,-2.41,1.47,-6.42,-4.39,-8.26,-11.37,-9.99,-9.17,-6.27,-8.15,9.63,12.4,17.9,24.2,22.7,2.2,6.6,11.1,9.3,7.3,12.3,17.7,16,235,102,4,40,-27.1,18.8,26.8,9.4,31,3,0,1,255,655,1168,993,961,556,146,274,0,1,118,77,62,88,92,89,4,0,0,0,114,285,415,238,24,182,412,198,66,65,61,60,18.29,-9.35,-29.62,-23.59,13.5,18.9,6.9,12,446,29,52.7,650.1,29,3127,1860,196,339,57,346,288,4,-9,37.1,7,1052,816,64,-44.26,1555
1933,1176,NA,34.03974,-118.589581,-9999,17.1,18.4,20.2,18.5,18.9,21.6,24,24.6,22.6,24.4,24.6,19.1,6.1,5.7,8.1,9.3,9.3,12,15.3,15.8,13.1,14.2,11.5,8.8,11.6,12,14.1,13.9,14.1,16.8,19.6,20.2,17.8,19.3,18,13.9,210,2,8,18,6,7,0,6,1,11,4,140,-53.8,13.7,18.8,19.3,21.9,21.9,38.3,31.3,41.8,18.9,-28.2,-44.3,3,3,1,0,0,0,0,0,0,0,0,2,190,182,269,263,284,354,453,471,385,442,378,263,203,173,135,137,137,65,18,16,52,34,53,141,2,1,8,5,4,30,69,85,47,62,46,11,29,26,31,30,31,30,31,31,30,31,30,31,1,0,0,0,0,0,0,0,0,0,0,0,51.264,64.29,93.874,94.814,110.985,121.038,126.276,118.219,95.432,84.503,69.502,49.375,0,62.193,85.535,77.234,104.611,114.263,126.212,111.992,94.643,73.827,65.223,0,65,60,63,71,70,70,74,74,71,69,61,67,14.82,-6.8,-6.83,-4.48,-5.82,-6.88,-8.28,-7.95,-7.88,-7.97,-9.67,7.26,17.5,19.2,23.4,23.8,6.2,8.9,14.4,12.9,11.8,14,18.9,18.4,253,32,13,16,-28.2,20,30.5,10.8,9,2,0,0,571,816,1279,1205,572,409,98,139,6,17,184,155,86,91,92,91,1,0,0,0,162,300,366,249,67,267,352,234,64,68,73,67,15.29,-17.13,-23.11,-25.52,16,20.2,11.6,8.7,413,20,62.9,999.3,9,3935,1164,371,361,6,365,359,1,0.7,38.9,8.3,1076,920,68,-50.48,2195
1933,3904095,NA,34.533002,-117.283871,-9999,12.6,15.5,20.8,21.6,24,32.5,37.8,36.2,31.9,29,22.6,16.3,-2.7,-1.9,2.7,4.4,6.4,11.3,17.5,16,11.3,9.5,3,0.4,5,6.8,11.8,13,15.2,21.9,27.6,26.1,21.6,19.2,12.8,8.4,38,3,5,6,8,1,3,8,1,4,8,45,-52.9,16.3,22.8,25.7,16.2,29.3,27.7,29.5,40.8,16.9,-28.6,-44.5,20,11,2,1,0,0,0,0,0,0,1,7,57,82,213,241,318,506,700,652,496,440,235,121,407,309,199,162,107,10,0,1,16,35,166,296,0,0,5,9,19,123,299,251,123,72,6,0,8,9,23,26,29,30,31,31,30,31,22,16,2,0,0,0,0,0,0,0,0,0,0,0,45.952,61.248,104.915,124.928,155.292,206.322,233.806,206.669,153.91,115.288,71.237,49.57,8.133,58.405,99.815,118.471,147.21,204.828,231.065,199,152.474,111.355,63.498,4.41,50,46,46,49,49,43,47,46,44,46,43,51,-0.05,-5.39,-9.47,-9.63,-11.08,-20.14,-26.01,-23.36,-19.25,-15.88,-10.59,-2.02,13.4,22.1,35.5,27.8,-2.6,4.5,14.9,7.9,5.4,13.3,25.2,17.9,62,20,12,13,-27,21.6,28.8,9.7,51,3,0,1,186,772,1857,1171,1131,468,11,217,0,33,672,201,24,78,92,83,2,0,0,0,149,385,647,340,86,365,635,327,49,48,45,44,-7.46,-30.17,-69.51,-45.72,15.8,27.6,5,22.7,130,21,197.6,1290.1,42,4061,1708,906,286,111,315,203,2,-19.6,45.5,8.3,1521,1414,47,-152.86,2457
1933,3440200,NA,35.098215,-120.579118,-9999,16,16.7,19.2,18.3,17.7,19.4,21.1,20.3,19.8,23,23.7,18.4,1.2,1.6,5.1,5.5,6,9.2,11.6,11.9,9.7,10.5,5.1,3.8,8.6,9.1,12.2,11.9,11.9,14.3,16.4,16.1,14.8,16.7,14.4,11.1,154,10,21,9,12,15,0,1,1,12,3,93,-54.4,14.9,20.2,22.7,19.4,23.9,37.9,30.7,40.6,18.3,-29,-44.8,7,6,2,1,0,0,0,0,0,0,1,4,115,115,208,202,215,278,354,345,294,363,269,178,295,244,188,193,198,121,67,77,114,74,125,217,0,0,0,0,0,10,17,18,17,21,7,0,18,18,28,27,29,30,31,31,29,31,26,25,1,0,0,0,0,0,0,0,0,0,0,0,51.344,61.386,92.873,103.194,113.215,115.449,119.618,101.943,88.117,84.598,71.582,51.323,0,50.943,71.495,94.288,101.323,100.402,119.572,100.677,86.804,72.201,68.558,0,54,53,57,60,63,68,71,74,69,62,46,59,9.54,-5.31,-5.5,-6.08,-5.32,-5.32,-7.29,-6.48,-6.8,-7.78,-10.63,1.85,16.1,18.4,20.3,22.2,1.8,5.5,10.9,8.4,8.9,12,15.6,15.3,211,42,16,17,-28.1,20.8,30.8,9.9,19,3,0,1,354,624,977,926,815,579,265,312,0,0,44,44,58,84,92,87,2,0,0,0,158,309,337,244,51,267,321,228,55,60,71,59,6.08,-16.9,-19.09,-25.22,13.1,16.7,8.6,8.1,332,30,69.6,565.3,20,2935,1912,89,324,83,333,250,2,-8.6,35.5,8.4,1048,866,61,-55.12,1330
1933,3425410,NA,37.898448,-122.313558,-9999,11.4,15,17.1,18.2,17.4,19.7,22.5,21.3,21.1,23.5,20.8,12.8,3.7,4,7.7,7.2,8,10.2,11.6,12.2,11.2,11.6,7.4,6.6,7.5,9.5,12.4,12.7,12.7,14.9,17.1,16.7,16.2,17.6,14.1,9.7,145,27,75,7,23,2,0,1,3,38,2,120,-50.5,11.6,15.8,20.5,20.2,21.9,34.9,29.4,39.6,17.1,-28,-42.1,10,5,2,1,0,0,0,0,0,0,1,5,91,123,214,225,242,298,374,364,336,389,261,142,328,235,182,170,176,106,52,64,82,58,132,256,0,0,2,2,0,13,24,23,28,34,7,0,25,23,31,29,30,30,31,31,30,31,29,30,2,0,0,0,0,0,0,0,0,0,0,0,31.613,48.677,72.09,94.717,102.281,111.548,127.869,105.087,86.441,78.316,53.878,27.773,0,22.103,0,87.96,79.417,109.472,127.524,104.407,83.17,40.081,52.307,0,74,64,70,65,70,70,67,72,69,64,59,67,11.34,-2.58,1.75,-5.87,-3.59,-6.52,-8.26,-7.16,-7.09,-5.34,-8.06,8.24,12.9,17.6,21.1,21.8,3.3,7.6,11.3,10.1,8.1,12.6,16.2,15.9,236,105,3,43,-27,18.8,28.7,9.5,25,3,0,1,296,682,1036,986,895,528,222,272,0,3,60,68,69,90,92,90,3,0,0,0,113,269,345,219,22,167,341,176,68,68,70,64,17,-7.72,-21.94,-20.48,13.4,17.6,7.5,10,442,29,52.9,601.1,24,3060,1840,132,350,35,354,319,3,-6.4,34.6,7.5,945,706,69,-33.14,1461
1933,231694,NA,36.950879,-122.066217,-9999,13.5,15.4,18.1,17.9,16.8,19.2,21.1,20.8,21,22.6,21.5,15.5,1.8,2.2,5.6,5.6,7,8.7,10.5,10.9,9.4,9.3,4.8,4.4,7.7,8.8,11.9,11.8,11.9,14,15.8,15.8,15.2,16,13.2,10,215,33,70,11,27,2,2,2,3,37,5,189,-52.7,13.2,18.5,21.9,20.3,22.3,36.2,29.4,39.5,17.4,-28.7,-43.8,10,6,2,1,0,0,0,0,0,0,1,5,91,106,197,198,216,269,335,337,307,341,233,148,325,253,196,196,197,129,81,83,103,89,156,247,0,0,0,0,0,8,13,16,20,14,0,0,20,19,29,28,30,30,31,31,29,31,26,27,3,0,0,0,0,0,0,0,0,0,0,1,40.79,53.515,82.975,98.15,102.63,114.728,122.698,107.686,92.574,81.273,60.644,39.437,0,20.118,12.643,86.725,75.726,112.232,120.675,105.737,89.685,44.587,55.4,0,62,58,61,62,69,67,67,69,64,60,50,57,17.23,-2.11,0.24,-5.54,-3.07,-6.56,-7.37,-7.03,-7.53,-5.4,-8.73,13.34,14.3,17.6,20.4,21.7,1.5,6.1,10,7.8,7.9,11.8,15.2,14.8,340,109,6,45,-27.8,20.2,29.3,9.4,26,3,0,1,281,610,940,881,907,589,293,348,0,0,36,33,56,86,91,86,4,0,0,0,134,284,345,234,20,175,339,190,59,64,68,58,28.46,-8.37,-20.97,-21.66,12.7,16,7.7,8.3,598,36,37.9,440.5,25,2777,2056,70,329,70,333,263,5,-10.2,34.8,7.8,997,724,63,-22.54,1215
1934,2275918,NA,37.42756,-122.17152,-9999,15.1,17.2,21.6,22.9,24.5,25.1,27.1,26.5,27.6,23.3,18.7,15.9,5.5,7.8,9.1,8.6,10.4,11.2,11.5,11.7,10.4,9.4,7.9,4.9,10.3,12.5,15.4,15.7,17.4,18.1,19.3,19.1,19,16.4,13.3,10.4,30,101,4,9,10,10,0,1,8,26,89,81,-52.7,10.5,18.4,23.2,10.6,25.5,27.7,26.4,37.9,17,-26.9,-43.7,5,2,1,0,0,0,0,0,0,0,1,4,156,194,302,315,386,394,443,438,420,352,237,160,243,160,104,91,59,42,21,26,37,81,152,234,0,2,16,17,32,48,61,61,67,18,2,0,28,28,31,30,31,30,31,31,30,31,29,28,0,0,0,0,0,0,0,0,0,0,0,0,39.962,50.662,91.902,119.764,145.172,148.384,163.521,143.837,124.748,82.848,47.912,38.819,9.748,0,87.922,110.731,135.576,138.301,163.061,142.722,116.594,56.414,0,0,69,70,62,57,58,59,55,57,51,58,66,72,-2.17,4.31,-7.95,-8.61,-9.36,-9.58,-12.29,-11.61,-12.43,-6.97,2.21,2.45,15.4,23,26.2,23.2,6.2,9.4,11.5,9.2,10.8,16.2,18.9,16.2,254,23,12,123,-28.6,17.4,26.5,9.3,12,1,0,1,491,1003,1275,1010,659,254,88,270,2,66,170,87,85,92,92,90,1,0,0,0,124,357,456,256,10,334,444,173,70,59,57,58,4.59,-25.93,-33.48,-17.2,15.6,19.3,10.3,9,370,29,69.1,656.1,13,3797,1249,325,357,17,348,331,1,-8.2,38.5,6.1,1192,961,61,-72.02,2098
1934,5504847,NA,37.6553,-122.0567,-9999,13.7,16.1,20.6,21.7,22.5,22.9,25.2,24.8,26.3,22.1,18,14.8,5.3,7.6,8.9,8.5,10.3,11.1,11.7,11.9,10.9,9.9,8.2,5,9.5,11.8,14.8,15.1,16.4,17,18.4,18.4,18.6,16,13.1,9.9,35,118,3,11,13,14,1,1,8,25,108,88,-51.6,9.9,17.7,22.2,13.9,23.9,30.8,27.5,38.5,17.5,-26.6,-43.3,6,3,1,0,0,0,0,0,0,0,1,5,137,175,285,296,355,360,417,415,409,341,231,147,267,178,118,106,78,61,30,35,41,89,158,249,0,0,12,13,21,32,44,46,60,15,1,0,28,28,31,30,31,30,31,31,30,31,30,28,0,0,0,0,0,0,0,0,0,0,0,0,35.899,46.808,86.925,112.162,130.974,132.404,148.653,131.472,116.086,75.957,45.204,35.766,0.77,0,83.972,100.907,118.212,118.005,148.141,130.128,108.582,50.487,0,0,72,73,64,60,63,64,60,62,55,63,69,76,-0.9,6.52,-7.46,-7.53,-7.54,-7.44,-10.57,-10.1,-11.15,-6,4.5,3.69,14.2,21.6,24.3,22.1,6.1,9.3,11.6,9.7,10.1,15.4,17.9,15.9,287,27,16,141,-28.3,17.9,27.4,9.8,15,1,0,1,435,936,1192,981,722,303,126,288,0,46,122,76,84,92,92,90,1,0,0,0,112,330,413,237,1,303,396,159,74,62,62,62,9.31,-22.54,-28.1,-12.65,14.9,18.6,9.5,9.1,425,37,58.6,510,16,3567,1411,244,357,16,352,336,1,-9,37.1,6.7,1092,859,64,-53.98,1890
1934,1176,NA,34.03974,-118.589581,-9999,20.5,19.7,23.8,22.6,23.7,20.9,25.3,25.2,25.4,24,21.5,19.5,9,10.4,11.9,12.2,13.5,13,16.1,15.9,15.2,13.3,11.1,10.1,14.8,15.1,17.8,17.4,18.6,17,20.7,20.6,20.3,18.7,16.3,14.8,89,85,6,7,2,6,0,2,5,32,71,108,-55.3,11.3,18.6,20.2,18.3,22.1,37.2,31.2,41.6,18.9,-27.1,-44.3,1,1,0,0,0,0,0,0,0,0,0,1,284,265,377,366,420,358,486,482,459,423,325,285,119,98,56,59,42,62,11,13,24,42,82,120,14,12,42,32,47,31,95,94,93,48,20,15,31,28,31,30,31,30,31,31,30,31,30,31,0,0,0,0,0,0,0,0,0,0,0,0,58.141,60.7,103.653,111.922,130.617,110.771,133.809,122.509,105.34,85.256,58.89,48.563,0,0,97.727,105.408,128.331,104.591,133.741,120.374,100.352,53.266,0,0,65,71,64,68,69,75,72,72,70,68,68,68,1.28,1.84,-8.71,-7.62,-8.45,-6.14,-9.12,-8.83,-9.03,-5.85,-0.66,4.1,19.8,23.3,23.8,23.6,9.4,12.5,15,13.2,14.6,17.9,19.4,18.4,315,15,8,108,-29.4,19,30.1,11.1,4,0,0,0,809,1162,1326,1207,359,156,86,148,35,121,219,161,90,92,92,91,0,0,0,0,168,346,367,249,0,331,359,154,68,67,73,68,7.23,-24.77,-24.1,-15.55,17.7,20.7,14.8,5.9,413,16,66.9,1320.6,5,4529,728,543,365,0,365,365,0,0.7,38.9,7.7,1131,844,69,-57.19,2772
1934,3904095,NA,34.533002,-117.283871,-9999,17.8,18.7,26.4,27.6,30.6,29.5,37,36,32.3,27.1,19.3,15.3,0.2,3,6.3,7.9,11,11.7,17.3,16.7,13,8.1,3.5,0.8,9,10.8,16.4,17.8,20.8,20.6,27.1,26.3,22.6,17.6,11.4,8.1,19,15,4,1,1,8,2,10,7,17,8,36,-55.6,15.1,24,26.9,11.3,30.3,28.3,29.6,40.8,17.3,-27.6,-44.2,7,4,1,0,0,0,0,0,0,0,1,8,136,166,347,379,487,468,683,660,528,390,191,112,284,197,82,53,20,17,0,1,11,58,201,305,1,1,30,43,98,94,282,259,148,41,2,0,15,21,29,29,31,30,31,31,30,30,23,17,0,0,0,0,0,0,0,0,0,0,0,0,58.036,67.553,127.623,154.481,191.216,182.624,227.236,203.006,152.722,108.702,61.164,46.794,39.188,52.664,123.426,153.879,190.158,174.489,225.428,193.502,145.505,91.394,53.148,11.249,47,52,44,45,46,50,48,48,47,46,52,51,-5.85,-6.88,-13.78,-15.07,-17.59,-15.38,-24.66,-22.5,-18.59,-12.79,-7.94,-2.26,17.6,28.2,34.2,26.2,1.2,8.4,15.2,8.2,9.4,18.3,24.7,17.2,79,6,19,33,-28.2,20.7,29.4,10.2,18,1,0,1,422,1213,1811,1109,776,156,18,270,3,171,636,191,53,90,92,84,1,0,0,0,175,473,613,323,96,467,593,290,50,45,49,48,-14.99,-46.44,-62.54,-39.31,17.4,27.1,8.1,19,127,28,215.3,977.7,21,4547,1230,1001,319,65,325,261,1,-19.6,45.5,8,1584,1447,48,-163.28,2844
1934,3440200,NA,35.098215,-120.579118,-9999,18.6,19.7,22.8,21.7,21.2,18.1,21.4,21.9,22.4,22.2,19.8,17.8,3.8,7.4,9,8.6,10.1,10.3,11.5,12.2,10.5,9.9,8,5.6,11.2,13.6,15.9,15.2,15.6,14.2,16.5,17.1,16.5,16,13.9,11.7,40,69,13,2,10,15,0,1,1,43,79,53,-55.5,13.1,20,22.6,17.1,23.1,37.3,30,40.3,18.4,-27.2,-44.4,4,2,1,0,0,0,0,0,0,0,1,3,176,221,318,299,332,275,356,375,345,343,253,189,212,133,92,105,96,124,65,56,75,88,137,202,0,4,18,11,13,9,18,27,31,12,1,0,25,28,31,30,31,30,31,31,30,31,30,29,0,0,0,0,0,0,0,0,0,0,0,0,56.346,64.649,103.447,115.943,124.455,99.987,122.646,113.223,100.758,82.4,56.083,47.753,16.358,0,90.679,113.982,114.017,84.559,122.596,112.176,99.905,39.396,0,0,54,62,58,60,66,75,69,70,64,63,63,55,-3.51,-0.62,-8.04,-8.38,-6.75,-4.11,-7.55,-7.61,-8.51,-4.3,0.5,-1.36,18.9,21.9,20.5,21.5,5,9.2,11.3,9.5,12,15.6,15.9,15.5,201,25,17,123,-29,19.9,30.1,10.5,9,1,0,1,572,949,1007,941,562,292,245,300,4,42,54,44,78,92,92,90,0,0,0,0,172,344,336,239,16,319,319,139,57,61,72,63,-5.49,-23.18,-19.26,-12.31,14.8,17.1,11.2,5.9,326,28,76.1,614.3,10,3483,1385,145,355,18,350,332,0,-8.6,35.5,7.9,1091,794,64,-60.25,1770
1934,3425410,NA,37.898448,-122.313558,-9999,14.1,16.6,21.1,21.2,21.3,20.7,21.5,21.4,24.1,21.4,18.1,15.3,6.7,8.7,10.1,9.5,11,11.7,11.7,12.2,11.4,10.8,9.4,6.2,10.4,12.7,15.6,15.4,16.2,16.2,16.6,16.8,17.7,16.1,13.8,10.7,38,117,6,15,13,11,0,1,7,27,116,75,-51.3,9.4,17.1,20.9,16.4,22.3,36.6,29.3,39,17.8,-26.2,-43.2,5,2,1,0,0,0,0,0,0,0,1,4,157,196,307,303,347,334,361,367,382,344,250,167,240,156,99,100,84,78,61,62,53,87,140,223,0,2,17,14,18,22,19,24,46,14,3,0,30,28,31,30,31,30,31,31,30,31,30,30,0,0,0,0,0,0,0,0,0,0,0,0,34.543,45.893,85.998,105.964,118.502,112.546,120.018,105.58,102.306,70.641,42.908,35.005,0,0,79.811,91.234,105.899,102.011,119.695,104.795,95.797,44.137,0,0,76,75,66,64,68,72,70,72,62,67,72,80,-0.59,6.43,-7.1,-6.48,-6.31,-5.9,-7.51,-7.21,-9.01,-5.08,5.62,2.43,14.5,21.2,21.2,21.2,7.3,10.2,11.9,10.6,10.9,15.7,16.5,15.9,274,34,12,149,-28.4,18.1,29.4,10.2,12,1,0,1,491,958,1062,977,652,283,202,280,2,50,66,63,88,92,92,91,1,0,0,0,108,310,338,216,0,277,327,140,77,66,71,67,8.27,-19.89,-20.62,-8.47,14.8,17.7,10.4,7.3,424,31,58.6,576.9,12,3516,1383,181,362,3,358,356,1,-6.4,34.6,7.3,973,743,70,-40.7,1820
1934,231694,NA,36.950879,-122.066217,-9999,16.5,17.9,21.8,20.7,20.9,20.2,21.3,21.2,23.5,21.4,19.5,16.8,4.3,7.1,8.3,7.9,9.5,10.1,10.8,10.9,9.2,8,6.7,4,10.4,12.5,15,14.3,15.2,15.2,16,16,16.3,14.7,13.1,10.4,55,157,10,12,17,25,1,2,13,37,132,128,-54,11.6,19.4,22.1,15.6,23.4,36,29.1,39,17.6,-27.5,-44.2,5,2,1,0,0,0,0,0,0,0,1,4,155,190,290,271,318,305,343,343,340,303,229,156,241,160,112,128,107,101,75,79,79,120,158,234,0,0,12,6,10,15,14,17,29,2,0,0,26,28,31,29,31,30,31,31,29,30,28,26,0,0,0,0,0,0,0,0,0,0,0,0,45.862,55.167,95.819,108.694,123.044,116.388,123.319,110.74,106.086,78.445,52.958,42.987,0,0,85.837,96.507,105.745,91.546,122.027,108.934,92.588,41.473,0,0,62,66,59,61,65,69,68,68,57,59,60,64,-0.59,9.33,-7.7,-6.75,-6.03,-4.59,-7.53,-7.35,-8.39,-4.78,5.79,6.44,16.6,21.1,20.9,21.5,5.3,8.5,10.6,8,11,14.8,15.8,14.7,401,39,28,183,-28.9,19,29.5,9.7,12,1,0,1,490,880,991,871,647,346,254,356,0,28,46,31,81,91,92,88,1,0,0,0,140,328,350,237,0,288,323,134,64,61,68,59,15.18,-20.48,-19.47,-7.38,14.1,16.3,10.4,5.9,591,59,40.8,277.8,13,3243,1591,105,350,29,338,309,1,-10.2,34.8,7.3,1056,745,63,-32.14,1567
1935,2275918,NA,37.42756,-122.17152,-9999,14.5,16.6,16.3,20.4,22.9,27.7,27.3,26.9,25,22.2,17.8,15.9,4.8,5.6,4.4,8.1,8.7,10.4,11.1,11.2,11.2,8.4,4.6,4.1,9.6,11.1,10.3,14.3,15.8,19.1,19.2,19.1,18.1,15.3,11.2,10,137,27,86,89,1,1,0,6,2,30,14,55,-52.4,11.6,17.9,21.6,12.1,25.6,27.1,26,38.8,17.3,-27.2,-43.9,6,3,3,0,0,0,0,0,0,0,2,5,141,159,158,271,337,421,441,436,392,321,175,150,263,197,240,128,92,30,21,26,49,105,207,245,0,0,0,8,16,64,60,59,51,9,0,0,27,26,27,30,30,30,31,31,30,30,26,26,1,0,0,0,0,0,0,0,0,0,0,0,38.954,52.187,76.02,105.861,138.531,169.526,166.654,148.344,108.612,80.062,49.488,39.711,0,24.707,0,16.406,137.606,168.93,166.182,141.917,106.824,50.131,35.037,0,69,65,62,62,58,51,53,54,59,58,59,65,8.83,-3.19,2.55,1.19,-9.34,-13.2,-12.67,-11.67,-10.3,-6.03,-5.4,-0.37,15.6,19.9,27.3,21.7,5.1,7.1,10.9,8,10.4,13.5,19.1,14.9,246,176,7,46,-28.2,17.2,26.2,9.6,13,4,0,2,460,766,1298,888,694,459,78,360,0,24,184,60,81,87,92,86,1,0,0,0,130,320,485,238,25,154,477,192,66,61,53,59,5.26,-5.6,-37.54,-21.73,14.4,19.2,9.6,9.6,449,10,54.4,1884.1,19,3401,1603,267,343,41,341,300,2,-8.2,38.5,6.2,1173,848,59,-59.6,1749
1935,5504847,NA,37.6553,-122.0567,-9999,13.4,15.2,15,18.4,20.8,25.8,25.4,25.4,23.8,20.9,17.1,15,4.6,5.4,4.2,8.1,8.6,10.7,11.3,11.4,11.4,8.8,4.7,4.2,9,10.3,9.6,13.2,14.7,18.2,18.3,18.4,17.6,14.9,10.9,9.6,150,34,105,117,1,1,1,6,2,31,21,61,-51.6,10.9,16.9,19.8,15.5,24,30.3,27.1,39.2,17.7,-26.9,-43.5,7,4,4,1,0,0,0,0,0,0,2,5,124,141,139,241,303,396,414,417,378,307,170,139,283,211,262,156,120,41,32,34,56,116,214,258,0,0,0,3,8,50,42,47,44,6,0,0,27,26,26,30,30,30,31,31,30,30,26,26,1,0,0,0,0,0,0,0,0,0,0,0,35.904,47.734,70.21,93.241,123.837,155.225,151.425,137.053,101.199,73.315,47.072,37.125,0,13.93,0,0,122.784,154.267,150.921,130.645,99.624,42.798,25.908,0,71,68,65,68,63,56,58,59,63,63,61,68,10.79,-1.92,5.25,5.19,-7.84,-11.4,-10.87,-10.27,-9.34,-4.95,-4.36,0.85,14.5,18,25.5,20.6,5,7,11.1,8.3,9.7,12.5,18.3,14.5,272,223,8,53,-28.1,17.4,27.1,10,16,5,0,2,413,682,1227,855,743,538,106,385,0,11,139,50,80,86,92,86,2,0,0,0,119,287,444,222,14,123,436,168,69,65,58,62,9.72,2.6,-32.54,-18.65,13.7,18.4,9,9.4,529,10,44.8,1756,23,3170,1782,200,343,39,342,303,2,-9,37.1,6.6,1072,741,63,-38.88,1559
1935,1176,NA,34.03974,-118.589581,-9999,18,20,16.7,18.9,19.7,22.6,24.6,26.1,25.1,22.9,20.8,20.2,8.1,9.2,6.4,10.2,11.3,13.7,14.2,16.7,15.1,12.4,8.6,8.4,13,14.6,11.6,14.5,15.5,18.1,19.4,21.4,20.1,17.7,14.7,14.3,92,53,78,54,1,1,0,10,4,9,27,31,-53.8,12.3,17.2,18.7,22.2,20.9,36.7,31,41.6,19,-27.3,-44.7,2,1,2,0,0,0,0,0,0,0,0,1,237,256,194,281,327,393,447,508,452,392,281,275,164,108,204,121,99,42,20,9,26,56,118,132,7,11,0,9,13,48,64,114,88,35,10,14,31,28,30,30,31,30,31,31,30,31,30,31,0,0,0,0,0,0,0,0,0,0,0,0,51.291,64.386,79.472,93.67,109.205,121.112,136.992,126.478,104.164,81.855,60.83,53.335,0,11.1,1.749,39.564,107.728,120.602,136.878,116.291,100.143,72.99,34.282,22.736,68,67,67,73,73,73,69,72,70,68,63,70,2.92,-1.89,1.91,-0.8,-6.33,-7.7,-9.19,-8.58,-8.94,-7.52,-5.28,-4.48,19.2,18.4,24.4,22.9,9.1,9.3,14.9,12,14.1,13.9,19.7,17.5,253,133,11,39,-28.7,19.4,29.5,11.1,5,3,0,1,783,803,1348,1125,393,424,71,200,36,22,226,133,90,91,92,91,0,0,0,0,164,282,385,247,11,149,374,207,68,71,71,67,-3.45,-5.21,-25.47,-21.74,16.2,21.4,11.6,9.8,359,16,73.1,1312.6,8,4043,1100,414,363,0,363,363,0,0.7,38.9,7.8,1078,741,69,-55.88,2279
1935,3904095,NA,34.533002,-117.283871,-9999,14,17.1,16.9,22,25.2,34.6,35.7,35.8,33.1,24.4,18.2,15.6,-0.8,2,1.1,6.2,8,14.1,15.3,16.8,13.4,6.3,0.9,-0.9,6.6,9.6,9,14.1,16.6,24.3,25.5,26.3,23.2,15.3,9.5,7.3,30,31,19,16,4,1,2,23,4,4,5,13,-53.5,14.9,21.2,24.6,15.6,28.6,28.7,29.7,40.6,17.8,-27.4,-44.4,13,5,5,0,0,0,0,0,0,0,3,10,83,137,138,271,361,579,634,659,546,321,147,96,357,232,281,133,74,4,1,1,9,104,255,328,0,0,0,12,29,193,233,259,162,17,0,0,13,19,18,28,30,30,31,31,30,29,17,12,1,0,0,0,0,0,0,0,0,0,0,0,48.331,63.566,88.892,123.945,159.817,214.837,222.873,201.467,156.827,99.244,59.857,48.411,18.05,32.585,70,108.301,156.02,214.084,220.927,178.404,152.35,95.089,55.288,35.241,53,53,51,53,50,45,46,49,47,48,48,55,-1.75,-4.25,-5.18,-8.62,-12.2,-22.21,-23.37,-20.83,-19.9,-11.84,-7.71,-4.51,15.5,21.4,35.4,25.2,0.7,5.1,15.4,6.9,8.1,13.2,25.4,16,97,38,26,13,-27.6,20.5,29,10.3,26,6,0,3,333,770,1872,1014,895,488,6,368,0,41,684,180,49,77,92,76,1,0,0,0,159,373,639,316,62,334,613,303,53,51,47,47,-10.51,-25.99,-66.42,-39.45,15.6,26.3,6.6,19.7,152,34,168.9,773.5,36,3973,1779,905,289,101,309,208,1,-19.6,45.5,8,1486,1312,49,-142.38,2377
1935,3440200,NA,35.098215,-120.579118,-9999,16.1,17.7,15.6,18.6,18.8,20.6,20.7,21.6,21.8,21.4,19.3,18.8,4.3,5.6,3.6,7.7,7.9,9.5,10.2,12.1,11.6,8.3,4,3.9,10.2,11.7,9.6,13.1,13.4,15.1,15.4,16.9,16.7,14.8,11.6,11.4,118,46,86,85,2,1,0,8,2,13,42,47,-53.8,13,18.5,20.8,19,23.1,37.3,30.1,40.5,18.4,-27.6,-44.9,5,3,4,1,0,0,0,0,0,0,1,3,154,171,139,239,264,302,324,368,351,306,188,184,246,182,262,159,156,103,90,61,72,117,195,209,0,0,0,1,0,14,11,25,33,3,0,0,26,26,25,29,30,30,31,31,30,30,24,26,1,0,0,0,0,0,0,0,0,0,0,0,48.625,60.117,78.286,99.133,114.873,123.031,122.593,111.579,93.594,81.79,59.426,52.252,0,14.459,0,14.163,112.667,122.154,122.543,103.549,91.498,68.815,17.182,4.863,62,62,62,66,66,66,67,71,69,60,53,62,5.86,-2.04,2.93,1.84,-6.53,-7.46,-7.42,-6.73,-7.56,-7.09,-3.7,-2.9,17.2,17.7,21,20.8,5.2,6.4,10.6,8,11.2,12,15.8,14.4,217,173,9,57,-28.6,19.5,30.2,10.4,11,5,0,2,516,641,995,845,629,577,254,384,0,1,49,36,81,85,92,85,1,0,0,0,156,292,357,235,14,127,348,177,62,65,68,61,0.93,-1.76,-21.61,-18.35,13.3,16.9,9.6,7.2,451,13,51.8,1271,17,2989,1851,87,339,48,342,294,1,-8.6,35.5,7.9,1041,667,63,-40.79,1351
1935,3425410,NA,37.898448,-122.313558,-9999,13.5,15.8,15.6,17.9,19.6,23.6,21.8,22,21.5,20.4,17.1,15.1,5.8,6.7,5.4,9.3,9.5,11.3,11.5,11.6,11.9,9.7,6,5.4,9.6,11.3,10.5,13.6,14.6,17.4,16.6,16.8,16.7,15,11.5,10.2,165,44,97,116,1,1,0,3,2,27,25,59,-51.2,10.2,16.4,18.2,17.9,22.3,35.9,28.8,39.6,18,-26.6,-43.3,6,3,3,0,0,0,0,0,0,0,1,4,138,160,161,252,299,372,361,367,350,312,185,154,264,193,233,145,124,53,61,62,72,112,198,239,0,0,0,4,7,37,19,24,32,6,0,0,29,27,28,30,31,30,31,31,30,31,28,28,1,0,0,0,0,0,0,0,0,0,0,0,34.191,46.9,70.303,86.315,112.057,136.733,122.852,112.697,86.328,68.79,45.228,35.55,0,3.368,0,0,110.947,136.045,122.545,109.253,83.984,42.041,20.719,0,75,71,67,73,69,63,69,68,70,67,65,71,12.32,-0.9,4.27,5.79,-6.73,-9.24,-7.76,-7.62,-7.23,-4.65,-3.73,0.76,14.9,17.7,22.5,19.7,6.2,8.1,11.5,9.2,10.5,12.9,17,14.4,284,215,4,54,-28.1,17.5,29,10.3,13,4,0,2,465,713,1101,846,680,501,177,382,0,11,81,38,86,89,92,88,1,0,0,0,116,269,372,200,3,111,368,147,72,69,66,67,12.18,3.33,-24.61,-15.61,13.7,17.4,9.6,7.8,541,8,43.7,2208.7,19,3111,1755,131,354,16,351,336,2,-6.4,34.6,7.2,957,629,69,-24.72,1475
1935,231694,NA,36.950879,-122.066217,-9999,15.2,17.5,16.7,18.8,19.3,22.5,21.5,21.2,20.8,20.4,18.4,16.8,3.9,4.8,3.6,7.2,7.8,8.9,10.2,10.4,10.3,7.2,3.2,3.1,9.5,11.1,10.1,13,13.6,15.7,15.8,15.8,15.6,13.8,10.8,9.9,237,36,119,143,2,1,1,14,3,43,24,78,-53.2,12.8,19,21.2,17,23.6,35.3,29,39.6,17.9,-27.6,-44.3,6,3,4,1,0,0,0,0,0,0,2,5,134,156,149,235,269,321,336,337,318,275,166,145,267,196,247,162,151,88,80,83,95,144,216,247,0,0,0,1,1,18,13,16,22,0,0,0,25,25,25,29,30,30,31,31,30,30,23,24,2,0,0,0,0,0,0,0,0,0,0,0,42.784,57.074,80.149,99.547,117.057,137.506,126.631,112.734,88.954,75.466,53.405,43.708,0,20.927,0,0,114.717,136.184,125.203,98.858,85.757,32.704,29.332,0,64,60,59,64,64,59,65,67,68,60,53,60,18.4,-2.99,5.49,7.44,-6.84,-8.95,-7.78,-6.31,-7.11,-3.65,-5.04,1.34,16.5,18.3,21.7,19.9,4.2,6.2,9.8,6.9,10.3,12.2,15.8,13.4,401,264,17,70,-28.3,19.1,29.3,10,13,4,0,2,446,653,994,758,697,559,252,455,0,2,47,22,76,84,91,82,2,0,0,0,143,297,377,218,21,115,360,148,61,62,64,60,16.75,6.08,-23.05,-15.8,12.9,15.8,9.5,6.3,703,22,32.6,714.1,20,2839,1977,72,331,58,332,275,3,-10.2,34.8,7.5,1034,644,62,-16.01,1234
1936,2275918,NA,37.42756,-122.17152,-9999,15.7,15.4,19.3,21.3,24.8,26.7,28.5,27.4,28.7,24.4,19.9,14.7,6.2,6.4,6.7,7.7,10.2,11.6,11.8,11.8,10.7,9.7,5.5,3.7,11,10.9,13,14.5,17.5,19.2,20.2,19.6,19.7,17,12.7,9.2,100,198,36,29,11,6,1,1,1,18,4,102,-52.8,10.4,18.4,22.7,10.1,25.9,25.7,25.9,37.6,16.7,-27.9,-43.5,4,4,2,0,0,0,0,0,0,0,1,6,175,157,234,279,388,424,470,453,440,373,221,131,223,194,165,121,57,29,14,21,30,67,169,271,2,0,4,10,34,66,82,71,80,27,1,0,29,27,30,29,31,30,31,31,30,31,27,25,0,0,0,0,0,0,0,0,0,0,0,0,40.602,47.036,85.725,112.202,147.693,159.4,173.392,149.799,129.47,86.866,54.431,37.124,0,0,49.388,83.016,137.046,153.816,172.38,149.027,128.102,69.312,50.668,0,69,71,61,59,57,56,53,55,49,56,56,62,4.65,14.63,-3.71,-5.58,-9.55,-11.44,-13.61,-12.51,-14.06,-8.68,-7.63,5.15,15.7,21.8,27.5,24.3,5.6,8.2,11.7,8.6,10.6,15,19.6,16.5,352,76,7,23,-28.7,17.1,25.8,8.8,12,2,0,1,484,901,1347,1034,663,343,64,266,2,48,219,108,83,90,92,87,1,0,0,0,127,346,483,271,0,269,475,248,68,59,54,54,24.43,-18.83,-37.55,-30.37,15.4,20.2,9.2,11,505,19,50.2,1039.9,16,3744,1361,378,351,30,346,315,1,-8.2,38.5,5.7,1226,993,59,-62.33,2059
1936,5504847,NA,37.6553,-122.0567,-9999,14.8,14.4,18.4,19.5,22.7,24.4,26.7,26,27.3,23.3,19.4,13.4,6.1,6.3,6.7,7.7,10.2,11.6,12.1,12.1,11.3,10,5.5,3.7,10.4,10.4,12.6,13.6,16.5,18,19.4,19,19.3,16.7,12.5,8.6,116,232,42,38,14,9,1,1,2,18,3,106,-52.2,9.8,17.7,21.2,13.6,24.1,28.8,26.9,38.2,17,-27.7,-43,4,4,2,0,0,0,0,0,0,0,1,7,162,144,220,253,356,389,446,435,429,362,214,115,239,209,177,145,78,45,20,26,33,74,175,290,0,0,3,5,22,46,63,59,73,23,0,0,29,27,30,29,31,30,31,31,30,31,27,25,1,1,0,0,0,0,0,0,0,0,0,1,37.844,43.501,81.236,101.34,132.159,141.434,158.498,138.904,120.465,81.019,52.466,33.912,0,0,39.53,63.029,117.697,132.272,157.672,137.862,118.788,62.748,49.915,0,72,73,63,63,62,62,57,59,54,60,57,65,6.61,18.46,-2.69,-3.49,-7.49,-9,-11.8,-11.12,-12.57,-7.67,-7.47,6.36,14.8,20.2,25.7,23.3,5.5,8.2,11.9,9,10.1,14.2,18.8,16.1,408,94,11,22,-28.5,17.5,26.6,9.2,14,2,0,1,447,829,1270,1005,707,400,91,282,0,30,168,95,82,90,92,88,1,0,0,0,118,315,439,254,0,220,428,231,70,63,60,57,31.42,-13.67,-31.92,-27.71,14.7,19.4,8.6,10.8,582,27,42.5,713.2,19,3525,1511,293,351,28,348,320,2,-9,37.1,6.2,1126,880,63,-41.88,1863
1936,1176,NA,34.03974,-118.589581,-9999,20.2,17.4,19.9,20.1,22.6,24.3,26.2,26.3,25.4,23.6,25.1,19.4,8.5,8.5,9.2,9.8,12.4,14,16.7,16.6,14.5,13.2,11.2,8.3,14.4,13,14.5,15,17.5,19.1,21.5,21.4,20,18.4,18.2,13.9,12,214,37,15,2,3,0,7,2,30,9,152,-55.2,11.2,17.7,20.2,19,22.1,36.5,31,41.5,18.9,-28.4,-44.5,2,2,1,0,0,0,0,0,0,0,0,2,275,209,281,294,388,424,510,509,448,415,382,260,130,148,124,110,57,29,8,9,27,45,50,143,13,3,10,11,33,66,114,114,86,45,48,11,31,28,31,30,31,30,31,31,30,31,30,31,0,0,0,0,0,0,0,0,0,0,0,0,57.78,55.572,89.581,103.286,126.771,133.644,138.518,128.829,108.122,83.693,71.732,51.283,45.625,0,53.044,88.393,125.132,130.991,138.394,122.134,106.208,54.095,62.34,0,64,72,67,68,69,69,72,71,67,68,59,64,-6.31,15.63,-3.54,-5.63,-8.02,-8.74,-9.7,-9.17,-9.62,-5.82,-9.68,8.13,19.3,20.9,25.6,24.7,8.5,10.5,15.8,13,13.9,15.7,20.7,18.8,257,53,9,41,-29.5,19,29.9,10.7,5,1,0,0,757,963,1442,1245,410,291,46,123,29,54,294,179,90,92,92,91,0,0,0,0,167,320,401,264,68,267,392,223,66,68,71,65,17.45,-17.19,-27.61,-25.13,17.2,21.5,13,8.5,482,13,56.5,1647.1,7,4394,881,554,365,0,363,363,0,0.7,38.9,7.5,1151,949,68,-52.48,2628
1936,3904095,NA,34.533002,-117.283871,-9999,16.4,14.6,21.2,25.2,29.5,34.2,36.7,36.5,32.7,25.1,20.2,14.2,0,1,3.7,6.7,10.9,14,18.3,16.8,12.2,7.8,2.8,-1,8.2,7.8,12.5,16,20.2,24.1,27.5,26.7,22.4,16.4,11.5,6.6,2,74,14,8,1,3,7,8,3,15,4,60,-54.8,14.2,22.4,26.3,12.2,29.6,28.9,29.5,40.6,17.7,-27.9,-44,8,8,2,0,0,0,0,0,0,0,1,12,119,100,232,327,468,572,695,670,522,355,196,82,307,281,180,86,25,4,0,1,12,79,198,350,0,0,6,25,86,186,294,270,143,28,3,0,15,16,25,29,31,30,31,31,30,30,22,12,0,1,0,0,0,0,0,0,0,0,0,1,54.417,56.259,105.78,141.985,183.71,211.745,221.561,206.639,156.505,100.391,64.259,45.248,52.723,0,91.772,134.158,182.66,209.143,214.875,199.105,153.474,85.303,60.234,0,49,57,48,47,48,46,51,48,45,50,48,49,-6.4,2.05,-8.72,-12.15,-16.31,-21.41,-23.23,-23.54,-19.82,-11.06,-9.09,1.04,15.5,25.3,35.8,26,0.1,7.1,16.4,7.6,7.8,16.2,26.1,16.8,89,23,17,22,-28.2,20.3,29.3,10.1,26,2,0,1,316,1027,1938,1073,917,291,5,290,0,117,750,174,44,85,92,82,1,0,0,0,159,431,640,321,88,409,623,299,52,48,48,48,-3.32,-37.18,-68.17,-39.98,16.7,27.5,6.6,20.9,197,21,135.4,1315.5,32,4338,1525,1041,302,85,313,227,1,-19.6,45.5,7.9,1552,1419,49,-148.65,2709
1936,3440200,NA,35.098215,-120.579118,-9999,18.6,17.7,19.1,18.7,20.7,21.9,22.9,21.9,22.9,22,23.5,17.8,4.8,6,6.1,7.1,8.9,10.5,12.2,12.2,10.3,9.9,5.4,4.2,11.7,11.8,12.6,12.9,14.8,16.2,17.5,17.1,16.6,16,14.4,11,36,182,37,27,5,4,0,3,3,46,7,151,-55.3,12.7,19.3,21.5,17,23.8,35.8,30.1,40.2,18.5,-28.9,-44.6,3,3,2,1,0,0,0,0,0,0,0,4,189,174,219,232,305,336,389,375,348,341,270,173,199,178,177,165,118,77,44,57,73,89,124,215,2,0,0,0,7,23,30,27,32,12,5,0,27,27,29,29,31,30,31,31,30,31,27,26,0,0,0,0,0,0,0,0,0,0,0,0,55.341,59.329,90.298,101.397,124.813,129.144,131.101,112.966,103.827,81.572,70.569,49.316,19.084,0,52.861,74.317,120.201,125.377,130.989,110.12,100.891,35.847,63.352,0,57,63,60,64,64,65,68,70,62,63,47,54,-3.69,11.67,-3.59,-4.15,-7.28,-7.84,-8.42,-7.4,-8.71,-3.9,-9.95,8.18,18.4,19.5,22.2,22.8,4.9,7.4,11.6,8.6,11.6,13.4,16.9,15.7,265,69,7,56,-29.1,19.3,29.9,9.9,9,2,0,1,546,756,1100,960,586,460,178,286,2,7,80,49,79,89,92,87,0,0,0,0,167,317,373,256,24,247,366,200,58,62,68,58,16.16,-15.02,-23.66,-22.55,14.4,17.5,11,6.5,501,14,48.7,1227.9,13,3351,1515,137,348,36,344,308,1,-8.6,35.5,7.5,1113,838,62,-45.08,1665
1936,3425410,NA,37.898448,-122.313558,-9999,14.9,14.8,19.2,19,21.3,21.9,23,22.6,25.1,22.9,19.8,13.9,7.3,7.4,8,8.9,11.2,12.2,12.3,12.3,11.8,10.7,6.4,4.8,11.1,11.1,13.6,14,16.3,17.1,17.6,17.5,18.4,16.8,13.1,9.4,137,235,35,40,13,8,0,1,2,15,4,88,-51.7,9.2,17.2,19.6,16.4,22.2,34.5,28.7,38.8,17.2,-27.8,-43,4,3,1,0,0,0,0,0,0,0,1,6,177,159,249,263,351,361,392,387,403,365,231,133,214,196,149,135,81,60,42,49,44,72,158,265,2,0,6,6,20,32,31,32,56,23,1,0,31,28,31,30,31,30,31,31,30,31,28,27,0,0,0,0,0,0,0,0,0,0,0,0,35.696,42.295,81.272,94.47,118.451,119.677,129.36,113.913,106.966,77.469,52.053,33.487,0,0,46.757,54.136,105.851,111.561,128.903,113.264,105.339,62.554,48.516,0,75,76,65,68,69,70,67,69,60,63,59,69,9.07,18.9,-3.49,-2.6,-6.32,-6.85,-8.46,-8.1,-10.27,-7.42,-7.37,4.27,15,19.8,22.5,22.6,6.7,9.4,12.3,9.6,10.8,14.6,17.4,16.1,432,87,9,20,-28.5,17.7,28.5,9.4,11,2,0,1,492,862,1141,999,649,366,151,274,2,32,96,81,87,92,92,89,1,0,0,0,114,294,363,236,0,207,354,216,73,67,69,61,32.25,-12.41,-23.41,-25.06,14.7,18.4,9.4,9.1,577,23,42.7,785.7,15,3471,1467,210,359,9,355,346,1,-6.4,34.6,6.8,1007,777,68,-28.64,1792
1936,231694,NA,36.950879,-122.066217,-9999,16.2,15.8,19.2,19.3,21.2,22.3,22.6,21.6,24.2,22.1,20.6,15.7,5,5.4,5.7,6.8,9.1,10.3,10.9,10.9,9.4,8.6,4.1,3,10.6,10.6,12.5,13,15.2,16.3,16.7,16.3,16.8,15.4,12.4,9.3,157,308,57,46,20,13,5,1,2,29,10,169,-53.7,11.4,19.4,22,15,23.9,34.2,28.9,38.8,17.5,-28.4,-44,4,4,2,1,0,0,0,0,0,0,1,6,163,147,214,235,317,339,364,350,354,322,209,131,233,202,180,161,108,75,59,74,70,103,177,266,0,0,0,2,10,24,20,19,34,8,0,0,28,26,29,29,31,30,31,31,29,30,25,23,1,1,0,0,0,0,0,0,0,0,0,1,44.487,50.773,88.325,103.654,125.817,131.449,132.253,113.378,109.649,80.207,58.781,41.311,0,0,31.06,57.939,105.729,118.747,127.32,112.002,107.315,51.422,48.921,0,64,67,58,61,63,63,65,67,56,59,50,57,9.89,25.24,-1.78,-2.76,-6,-7.27,-8.06,-7.67,-10.08,-5.95,-7.77,11.19,16.3,19.9,22.2,22.3,4.5,7.2,10.7,7.4,10.4,13.5,16.4,14.8,544,123,19,41,-28.7,18.8,29,9.3,13,2,0,1,456,766,1053,885,682,450,208,350,0,12,63,42,77,88,92,85,2,0,0,0,139,318,377,249,0,195,358,208,63,61,65,55,46.32,-10.54,-23,-23.8,13.8,16.8,9.3,7.4,817,41,29.1,404.9,17,3144,1709,116,341,47,335,287,2,-10.2,34.8,7.1,1082,760,61,-11.02,1494
1937,2275918,NA,37.42756,-122.17152,-9999,10.1,14.2,17.5,19.8,23.5,26.1,27.3,27.8,26.6,24.4,18.5,16.3,1.2,4.4,7,6.3,8.5,11.6,12.2,11.2,11.1,9.9,7.8,5.5,5.6,9.3,12.2,13,16,18.9,19.7,19.5,18.9,17.1,13.2,10.9,110,135,162,24,2,5,0,1,1,28,62,122,-50.5,11,16.7,22.7,10.9,26.4,27.8,25.5,38.3,16.7,-26.9,-43.8,17,6,2,1,0,0,0,0,0,0,1,4,58,122,214,236,343,415,457,450,415,376,237,177,387,240,186,161,87,33,17,21,38,66,156,218,0,0,3,4,19,61,72,70,64,30,5,2,18,24,30,28,30,30,31,31,30,31,29,29,3,1,0,0,0,0,0,0,0,0,0,0,31.994,46.261,76.286,106.604,143.607,155.017,162.932,154.135,117.53,86.375,47.48,39.273,0,0,0,82.609,142.1,150.011,162.441,153.362,116.262,58.767,0,0,70,68,67,59,55,57,56,53,55,57,67,65,8.39,8.84,10.08,-5.35,-9.85,-10.93,-12.28,-13.1,-11.86,-7.59,-0.34,6.42,13,20.3,27.1,23.1,3.1,7.3,11.7,9.6,8,13.8,19.4,16.4,347,188,6,91,-27.8,16.8,26.6,9.4,28,3,0,1,314,793,1323,1029,898,434,71,260,0,26,202,99,68,89,92,90,5,0,0,0,115,326,472,251,0,225,466,175,68,60,55,60,23.65,-5.13,-36.31,-19.79,14.5,19.7,5.6,14.1,653,9,37.6,2181.4,29,3502,1611,329,342,53,342,289,5,-8.2,38.5,6.2,1165,866,61,-37.58,1880
1937,5504847,NA,37.6553,-122.0567,-9999,9.1,13.4,16.6,18,21.6,23.8,25.5,26.2,25,23.1,18.1,15.1,0.9,4.3,6.9,6.3,8.6,11.6,12.5,11.6,11.6,10.5,8.1,5.6,5,8.8,11.8,12.1,15.1,17.7,19,18.9,18.3,16.8,13.1,10.4,121,154,194,29,2,8,1,1,1,25,81,131,-49.8,10.5,16,21.1,14.1,24.7,30.8,26.7,38.9,17.2,-26.6,-43.3,19,6,2,1,0,0,0,0,0,0,1,4,48,112,200,209,316,380,434,430,399,365,234,164,406,253,199,186,108,49,24,28,45,72,159,235,0,0,2,1,12,41,55,55,54,26,4,1,18,24,30,28,30,30,31,31,30,31,30,29,5,1,0,0,0,0,0,0,0,0,0,0,29.554,43.432,71.707,95.823,129.965,136.966,148.531,141.59,107.559,79.321,45.435,35.824,0,0,0,66.679,127.848,128.511,147.902,140.573,106.525,54.266,0,0,72,70,69,63,60,63,61,57,60,62,68,68,9.8,11.14,13.69,-3.73,-8.37,-8.57,-10.62,-11.44,-10.41,-6.71,1.83,7.87,12,18.7,25.1,22.1,3,7.3,11.9,10,7.5,13,18.5,16,381,225,10,107,-27.6,17.1,27.4,9.8,33,3,0,1,278,726,1244,998,948,493,101,276,0,15,151,85,67,89,92,90,6,0,0,0,107,297,427,232,0,195,417,161,70,64,61,63,28.81,1.59,-30.64,-15.29,13.9,19,5,14,748,13,32,1433,34,3291,1764,252,341,51,344,293,7,-9,37.1,6.7,1064,772,65,-15.53,1703
1937,1176,NA,34.03974,-118.589581,-9999,12.8,16.6,19.1,20.9,21.1,22.9,25,25.4,25.9,24.1,21.4,20.7,3,6.7,8,9.1,12.4,13.7,15.9,16.2,15.6,13.2,10.5,10.3,7.9,11.6,13.5,15,16.8,18.3,20.4,20.8,20.7,18.7,15.9,15.5,66,206,105,11,6,1,0,1,1,3,1,86,-51.8,11.9,17.9,21.6,21.2,21,37.4,31.2,41.5,18.8,-27.2,-44.6,9,3,1,0,0,0,0,0,0,0,0,1,105,178,255,295,365,398,478,489,471,423,320,315,317,182,151,109,71,40,12,12,21,42,89,103,0,2,7,13,26,51,88,99,103,53,23,25,23,27,31,30,31,30,31,31,30,31,30,31,1,0,0,0,0,0,0,0,0,0,0,0,42.3,55.929,87.842,110.82,114.679,123.944,132.042,122.857,107.161,85.793,59.793,52.202,0,0,0,100.082,109.144,123.329,131.954,121.758,106.213,82.497,58.387,0,68,69,65,64,73,72,73,73,69,67,66,65,2.68,14.84,3.59,-6.8,-6.51,-7.95,-8.92,-9.01,-9.73,-8.8,-7.73,1.16,16.3,20.3,24.4,23.8,6,9.8,15.2,13.1,11.1,15.1,19.8,18.4,424,121,2,6,-28.2,20.2,29.9,11.1,13,2,0,0,548,916,1365,1214,642,331,64,152,14,47,238,179,82,92,92,91,1,0,0,0,150,313,379,253,0,209,377,247,67,67,72,68,18.68,-9.72,-25.88,-26.26,16.3,20.8,7.9,12.9,486,8,54,2508.8,15,4093,1150,491,356,18,359,342,1,0.7,38.9,8.2,1094,833,69,-43.19,2364
1937,3904095,NA,34.533002,-117.283871,-9999,7.2,15.2,19.2,23.7,28.8,33.2,36.7,37.2,34.2,28.8,21.5,16.7,-6.8,-0.1,2.2,4.6,10,13.2,17.3,16.8,14,7.6,3.1,1.3,0.2,7.6,10.7,14.2,19.4,23.2,27,27,24.1,18.2,12.3,9,25,54,40,4,4,2,2,3,2,1,1,26,-50.2,15.1,22,26.9,12.6,29.8,28.6,29.2,40.3,16.8,-28.3,-44.5,65,9,3,0,0,0,0,0,0,0,1,6,15,98,190,278,445,546,680,679,571,408,224,138,553,288,229,131,32,6,1,1,7,49,178,277,0,0,3,16,76,161,279,279,185,56,5,0,3,13,22,26,31,30,31,31,30,30,23,19,5,1,0,0,0,0,0,0,0,0,0,0,34.775,59.003,97.927,136.471,180.824,206.698,224.491,211.526,162.189,116.69,68.068,49.94,9.912,5.25,57.598,132.233,176.402,205.065,222.414,208.956,160.684,115.922,66.907,23.687,50,52,49,45,47,46,49,46,46,42,46,52,1.1,-0.26,-4.84,-11.58,-15.43,-20.43,-24.08,-25.14,-21.63,-16.46,-10.37,-4.28,12.2,23.9,35.7,28.2,-2.6,5.6,15.8,8.2,4.8,14.7,25.7,18.2,138,49,6,3,-26.6,20.5,29.2,9.6,86,4,0,1,197,913,1905,1203,1192,392,7,233,0,95,719,246,28,79,92,82,7,0,0,0,139,415,643,347,15,366,636,344,51,47,47,44,-3.43,-31.84,-69.64,-48.46,16.1,27,0.2,26.8,164,12,159.4,2211.3,85,4272,1751,1061,288,98,312,214,7,-19.6,45.5,8.2,1544,1361,48,-153.38,2673
1937,3440200,NA,35.098215,-120.579118,-9999,12.3,15.7,17.7,18.5,19.8,20.7,21.2,21.5,21.8,22.3,20.2,19.8,1.2,4,5.2,5.5,8.5,10.3,12,11.5,11.2,9.6,6.6,6.3,6.7,9.9,11.5,12,14.1,15.5,16.6,16.5,16.5,16,13.4,13,104,144,117,9,2,1,0,1,1,8,15,112,-52,12.9,18.9,22.8,18,23.3,38.1,30,40.4,18.3,-27.6,-44.9,12,5,2,1,0,0,0,0,0,0,1,2,75,134,190,206,286,314,360,358,346,340,243,235,354,224,206,190,135,93,62,68,75,89,149,166,0,0,0,0,5,17,19,21,31,14,3,7,18,23,28,28,30,30,31,31,30,31,28,30,2,1,0,0,0,0,0,0,0,0,0,0,41.218,55.421,85.233,104.151,119.677,120.285,118.342,113.17,95.235,83.387,59.364,52.488,0,0,0,94.652,117.852,119.118,118.3,112.094,93.951,75.67,44.077,0,64,63,61,60,65,68,72,69,67,62,58,57,6.79,8.66,5.05,-6.13,-7.04,-7.24,-7.21,-7.53,-7.81,-7.98,-6.46,3.43,15.3,18.6,21.1,21.5,3.1,6.4,11.3,9.2,9.2,12.5,16.2,15.3,399,128,2,24,-28,19.9,30.5,10.4,21,3,0,1,385,682,1032,930,792,531,223,313,0,5,57,49,68,86,92,89,3,0,0,0,146,309,352,238,0,213,350,214,61,62,70,62,18.87,-8.12,-21.98,-22.25,13.5,16.6,6.7,9.9,515,5,45.6,3073.7,23,3088,1811,117,338,57,341,284,3,-8.6,35.5,8.2,1045,776,64,-33.47,1465
1937,3425410,NA,37.898448,-122.313558,-9999,9.4,13.8,17.1,17.6,20.4,21.2,21.9,22.7,22.7,22.6,18.2,15.4,1.9,5.4,8.2,7.5,9.5,12.2,12.7,11.8,11.9,11.3,9.4,6.7,5.7,9.6,12.6,12.5,15,16.7,17.3,17.3,17.3,17,13.8,11.1,126,166,169,29,2,8,0,1,1,24,93,119,-49.6,9.9,15.3,19.7,16.5,22.9,36.9,28.5,39.3,17.4,-26.3,-43.2,16,5,2,1,0,0,0,0,0,0,1,4,56,128,223,219,311,351,381,381,369,371,255,179,386,231,175,176,113,67,49,53,61,69,139,218,0,0,3,2,10,28,26,29,40,27,7,2,20,26,31,29,31,30,31,31,30,31,30,30,4,1,0,0,0,0,0,0,0,0,0,0,28.73,42.72,70.747,90.064,117.869,114.433,118.601,116.914,92.931,74.893,43.202,34.682,0,0,0,60.834,115.784,105.946,118.151,116.305,91.83,51.018,0,0,75,72,71,68,66,72,72,67,67,66,72,70,10.24,12.2,11.28,-3.16,-7.17,-6.32,-7.46,-8.38,-8.24,-6.12,3.29,6.83,12.4,18.4,21.9,21.2,4,8.4,12.2,10.9,8.2,13.4,17.1,16,380,201,10,118,-27.6,17.2,29.4,10.2,27,2,0,1,319,753,1112,995,882,464,169,268,0,15,84,73,73,91,92,91,5,0,0,0,105,279,350,211,0,177,340,143,72,69,70,68,29.27,0.95,-22.17,-11.07,13.8,17.3,5.7,11.6,739,13,32.2,1358.4,28,3223,1735,174,350,31,351,321,5,-6.4,34.6,7.3,945,660,70,-3.02,1617
1937,231694,NA,36.950879,-122.066217,-9999,10.5,14.4,17.4,17.9,19.7,21.8,21.4,22.3,22.8,22.8,19.2,17.6,0.4,3.5,6,5.5,7.5,10.3,11.2,10.4,10,8.5,6.5,4.7,5.4,9,11.7,11.7,13.6,16.1,16.3,16.3,16.4,15.6,12.8,11.1,195,215,216,39,3,7,1,1,3,37,81,193,-51,11.8,17.6,22,16.1,24.2,36.3,28.4,39.2,17.3,-27.4,-44.4,17,6,2,1,0,0,0,0,0,0,1,3,51,113,196,197,271,331,351,351,343,330,225,180,393,249,200,197,149,80,69,73,77,98,165,216,0,0,0,0,3,21,16,19,30,12,2,2,16,22,29,27,30,30,31,31,30,30,28,27,7,1,0,0,0,0,0,0,0,0,0,0,34.399,48.784,78.814,98.593,120.847,127.882,121.914,119.932,100.998,83.227,52.276,44.231,0,0,0,59.56,118.201,120.564,120.766,118.588,98.464,46.641,0,0,66,65,64,61,62,65,69,64,61,57,61,59,16.74,16.65,15.27,-2.82,-7.16,-7.45,-7.45,-8.34,-8.78,-5.72,0.79,12.65,13.5,18.4,21.8,21.6,2.3,6.4,10.6,8.3,7.9,12.4,16.2,14.9,578,257,10,120,-27.9,18.6,29.6,9.7,29,3,0,1,299,664,1033,898,908,546,222,339,0,3,57,44,62,87,92,88,8,0,0,0,124,298,370,237,0,178,360,145,64,63,66,60,46.04,5.29,-23.24,-13.71,13,16.4,5.4,11,990,15,23.2,1094.9,31,2940,1965,106,332,68,332,264,9,-10.2,34.8,7.5,1029,683,63,14.38,1371
1938,2275918,NA,37.42756,-122.17152,-9999,14.9,15.3,15.8,19.5,23.1,25,26.4,27.1,26.6,22.6,18.7,15.8,4.8,6.4,6.5,7.1,9,10.7,12.1,11.1,11.4,9.6,4.6,5.6,9.9,10.9,11.2,13.3,16,17.8,19.2,19.1,19,16.1,11.6,10.7,83,224,161,41,2,1,1,1,3,35,29,38,-52.7,10.3,15.8,21.8,11.9,25.6,29.1,25.9,38.3,17.3,-27.6,-43.6,5,4,3,1,0,0,0,0,0,0,1,4,146,154,179,243,343,385,441,437,420,345,188,167,257,196,214,153,87,47,21,26,37,86,196,225,0,0,0,3,17,43,60,60,66,16,0,0,27,27,30,29,31,30,31,31,30,31,26,29,0,0,0,0,0,0,0,0,0,0,0,0,40.117,46.663,69.403,103.341,139.31,149.113,156.662,149.401,117.054,79.294,51.912,37.823,0,0,0,61.994,137.059,148.527,156.109,148.312,114.41,44.435,22.764,0,68,71,70,61,58,58,58,54,56,61,56,65,3.1,17.3,10.75,-3.28,-9.31,-10.57,-11.45,-12.35,-11.66,-5.48,-4.47,-1.7,15.5,19.5,26.1,22.6,5.6,7.5,11.3,8.5,10.5,13.5,18.7,15.6,429,204,2,67,-28.7,16.5,26.8,9.4,13,3,0,1,472,765,1262,953,671,454,94,319,0,21,163,82,83,89,92,86,1,0,0,0,126,312,455,248,0,199,453,182,68,63,57,58,18.71,-1.83,-34.37,-21.61,14.6,19.2,9.9,9.3,618,7,39.8,2698.3,17,3447,1545,266,350,34,348,314,2,-8.2,38.5,6,1142,834,62,-39.12,1783
1938,5504847,NA,37.6553,-122.0567,-9999,13.4,14.3,14.6,17.7,21.2,23.3,24.7,25.3,25.2,21.2,18.1,14.6,4.5,6.1,6.3,7.1,9,10.7,12.2,11.3,12,10,4.7,5.7,9,10.2,10.4,12.4,15.1,17,18.5,18.3,18.6,15.6,11.4,10.1,93,252,179,50,2,1,1,1,3,36,32,37,-51.7,9.8,14.8,20.2,15,24,32,27.1,38.9,17.8,-27.3,-43.1,7,4,3,1,0,0,0,0,0,0,1,5,124,139,161,216,316,360,417,413,409,329,182,153,284,214,237,179,109,61,30,36,41,98,201,242,0,0,0,0,11,32,44,45,60,11,0,0,27,27,29,29,31,30,31,31,30,31,26,29,1,1,0,0,0,0,0,0,0,0,0,0,36.148,43.356,63.523,92.114,125.781,136.34,142.656,136.863,107.361,72.123,49.794,34.236,0,0,0,41.703,123.572,135.414,142.074,135.592,104.465,35.858,17.361,0,71,73,73,67,63,62,63,59,61,66,58,69,5.05,20.5,13.13,-1.25,-7.95,-9.18,-9.92,-10.75,-10.24,-4.26,-3.84,-1.18,14.3,17.8,24.4,21.5,5.4,7.5,11.4,8.9,9.8,12.6,17.9,15.2,476,232,3,72,-28.3,16.7,27.7,9.8,15,4,0,2,423,692,1190,920,733,525,127,340,0,11,121,71,82,89,92,87,2,0,0,0,115,281,416,229,0,165,413,158,71,67,61,62,24.37,3.93,-29.84,-18.34,13.9,18.6,9,9.6,688,8,34.7,2361.8,21,3217,1733,203,349,32,350,318,3,-9,37.1,6.5,1042,736,65,-19.88,1593
1938,1176,NA,34.03974,-118.589581,-9999,20.7,17.4,18,19.9,20.8,21.3,23.9,26,26.7,23,22.3,20.8,9,8.4,8.2,10.2,11.8,13.9,15.4,16.2,16.2,12.2,8.3,10.1,14.9,12.9,13.1,15,16.3,17.6,19.7,21.1,21.4,17.6,15.3,15.5,51,230,200,17,3,1,0,2,2,2,2,182,-55.4,11.2,16.8,19.7,21.1,21.2,38.5,31,41.5,19,-27.9,-44.6,1,2,2,0,0,0,0,0,0,0,0,1,290,207,237,295,351,378,455,498,493,390,298,309,117,150,163,109,81,50,18,10,17,58,103,104,16,3,3,11,19,40,70,106,120,32,14,23,31,28,31,30,31,30,31,31,30,31,30,31,0,0,0,0,0,0,0,0,0,0,0,0,58.765,55.632,81.366,100.632,115.151,109.104,124.934,127.775,109.938,82.759,66.458,52.813,7.344,0,0,83.277,111.884,108.147,124.856,125.513,108.002,80.609,64.682,0,64,71,69,70,72,77,74,71,69,67,58,68,-2.62,17.21,13.78,-5.14,-6.71,-6.63,-8.17,-9.44,-10.13,-8.31,-8.96,10.61,19.6,19.5,23.7,24,9.3,10.1,15.2,12.2,14.4,14.8,19.5,18.1,367,220,3,6,-29.6,19.2,30.2,10.9,4,2,0,0,809,884,1331,1180,369,352,78,178,43,34,216,166,90,92,92,91,0,0,0,0,167,297,362,259,7,195,359,253,68,70,74,65,25.2,1.93,-24.25,-27.4,16.7,21.4,12.9,8.5,692,9,38.6,2523.1,7,4201,979,458,365,0,362,362,0,0.7,38.9,7.7,1085,814,69,-24.52,2438
1938,3904095,NA,34.533002,-117.283871,-9999,16.8,14.2,17,22.9,27.7,32.5,36.6,36.2,34.3,25.1,18.7,16.5,0.5,0.7,2,5.5,8.5,12.8,16.9,16.3,14,6.7,-0.7,0.6,8.7,7.5,9.5,14.2,18.1,22.6,26.7,26.3,24.1,15.9,9,8.6,16,62,66,9,5,2,5,6,6,4,1,51,-55,14.2,20.7,25.8,13.2,30.4,28.5,29.5,40.2,17.6,-27.7,-44.5,7,9,4,0,0,0,0,0,0,0,3,7,129,91,151,274,407,528,671,657,572,339,134,124,293,291,265,130,48,7,1,1,7,91,270,290,0,0,0,12,48,144,270,256,186,22,0,0,16,15,21,27,30,30,31,31,30,29,13,17,0,1,0,0,0,0,0,0,0,0,0,0,55.227,55.423,88.281,130.635,176.486,201.954,225.183,205.444,162.377,101.945,62.179,49.907,39.534,0,22.467,121.244,171.648,199.719,219.716,199.243,156.104,98.405,60.967,0,50,57,53,49,46,46,48,47,46,47,42,52,-5.39,1.13,-0.65,-10.18,-14.59,-19.43,-23.78,-23.3,-21.2,-12.51,-8.33,-1.58,15.9,22.5,35.1,26,0.8,5.4,15.3,6.7,8.4,13.9,25.2,16.3,104,80,14,11,-28.4,19.9,29.5,10.1,23,5,0,3,355,831,1856,1045,862,443,9,368,0,60,671,208,50,79,92,72,1,0,0,0,161,395,633,327,63,315,619,315,53,49,47,45,-5.84,-25.43,-66.51,-42.05,15.9,26.7,7.5,19.2,234,25,111,1067.6,32,4077,1693,938,291,98,312,214,1,-19.6,45.5,7.8,1515,1313,48,-139.84,2462
1938,3440200,NA,35.098215,-120.579118,-9999,18.8,16.9,16.5,18.6,18.7,19.1,20.3,21.2,22.3,21.1,21.1,19.5,4.8,6,5.7,7,8.6,10.6,11.5,11.7,11.6,9.1,3.5,6,11.8,11.5,11.1,12.8,13.7,14.8,15.9,16.5,16.9,15.1,12.3,12.8,99,222,136,55,5,1,0,1,14,16,22,62,-55.4,12.3,17.5,21.5,19.7,22.4,38.9,30.2,40.4,18.6,-28.3,-44.9,3,3,3,1,0,0,0,0,0,0,1,2,190,165,176,230,272,295,339,356,359,314,206,223,197,187,216,168,148,109,78,69,67,110,179,172,1,0,0,0,0,12,14,21,36,4,0,4,27,27,29,29,30,30,31,31,30,31,24,29,0,0,0,0,0,0,0,0,0,0,0,0,55.903,56.769,78.344,101.122,111.883,106.938,113.867,109.916,96.705,79.225,65.007,52.042,0,0,0,46.512,107.13,105.55,113.818,108.784,82.676,63.218,43.166,0,57,65,66,64,68,73,72,71,67,63,48,58,2.5,16.15,7.7,-1.36,-6.06,-6.08,-6.77,-7.22,-6.76,-6.42,-7.04,-1.46,18.5,17.9,20.2,21.5,5.7,7.1,11.3,8.1,12.1,12.5,15.7,14.8,433,195,3,52,-29.3,19.6,30.5,10.2,8,3,0,1,586,678,991,879,550,532,255,355,6,0,47,40,83,88,92,84,1,0,0,0,165,291,331,241,0,154,328,189,60,66,72,59,17.19,0.28,-20.08,-20.22,13.8,16.9,11.1,5.9,633,21,37.6,793.4,13,3126,1699,92,347,39,346,307,1,-8.6,35.5,7.7,1028,671,64,-22.82,1457
1938,3425410,NA,37.898448,-122.313558,-9999,13.7,14.8,15.1,17.3,20,20.9,20.9,22,22.9,20.6,18.4,15,5.7,7.3,7.6,8.3,9.7,11.2,12.4,11.5,12.6,10.8,6,6.8,9.7,11.1,11.4,12.8,14.9,16,16.7,16.7,17.7,15.7,12.2,10.9,96,248,167,53,2,1,0,1,4,31,33,31,-51.4,9.2,14.1,18.6,17.3,22.4,38.4,28.8,39.4,18.1,-27.2,-43,5,3,3,1,0,0,0,0,0,0,1,4,141,156,183,227,309,331,362,364,382,332,204,171,261,198,209,168,115,81,61,64,54,96,181,218,0,0,0,1,9,21,20,23,46,11,0,0,29,28,31,30,31,30,31,31,30,31,28,31,1,0,0,0,0,0,0,0,0,0,0,0,34.848,42.179,62.124,85.841,114.41,116.147,111.714,112.921,92.222,67.188,48.569,33.398,0,0,0,32.674,112.693,115.483,111.34,112.19,88.35,35.692,15.09,1.941,74,76,76,71,68,70,74,68,69,70,61,72,5.24,20.2,11.95,-0.41,-6.9,-7.16,-6.83,-7.9,-7.93,-4.02,-3.55,-1.67,14.6,17.5,21.2,20.6,6.6,8.5,11.7,9.8,10.6,13,16.5,15.2,463,221,2,69,-28.4,16.7,29.9,10.1,12,3,0,1,472,719,1057,917,676,492,205,331,0,10,64,57,87,91,92,89,1,0,0,0,112,262,341,208,0,145,339,139,74,72,71,67,23.77,4.63,-21.9,-15.5,13.8,17.7,9.7,8,667,7,35.7,2407.5,17,3162,1705,131,358,9,358,349,2,-6.4,34.6,7.1,923,624,71,-8.99,1511
1938,231694,NA,36.950879,-122.066217,-9999,16.1,15.8,16.2,17.8,19.4,20,20.7,21.5,22.6,20.8,19.4,17,4,5.9,5.8,6.3,8.2,9.6,11.2,10.4,10.1,8.5,3.2,4.7,10,10.9,11,12.1,13.8,14.8,15.9,16,16.3,14.7,11.3,10.9,140,360,231,68,6,1,2,2,5,48,44,72,-53.8,11.1,16.8,21.2,17.1,23.3,37.5,28.8,39.3,17.9,-28,-44.2,5,4,3,1,0,0,0,0,0,0,1,4,147,150,173,207,276,294,340,341,340,301,177,169,251,196,217,188,144,109,77,80,79,121,203,219,0,0,0,0,2,12,14,17,29,2,0,0,26,26,29,28,30,30,31,31,30,30,23,27,1,1,0,0,0,0,0,0,0,0,0,0,45.076,49.899,73.774,95.974,116.413,116.841,116.408,115.089,99.426,75.098,56.16,42.785,0,0,0,27.474,110.818,115.562,114.866,113.295,94.727,26.687,11.724,0,62,68,67,64,65,68,71,66,62,62,51,60,8.11,30.6,17.46,0.37,-6.48,-6.94,-6.91,-7.77,-8.35,-3.09,-3.66,0.82,16.5,17.8,20.7,20.9,4.9,6.8,10.4,7.3,10.7,12.3,15.6,14.1,694,306,5,98,-29,18.4,29.9,9.7,12,4,0,2,472,656,975,818,663,549,266,403,0,2,43,31,79,87,92,83,2,0,0,0,139,286,348,231,0,138,344,133,63,65,68,58,39.53,11.35,-21.62,-15.1,13.1,16.3,10,6.3,980,15,23.6,1094.5,18,2916,1883,76,341,48,338,289,3,-10.2,34.8,7.2,1004,615,64,14.16,1293
1939,2275918,NA,37.42756,-122.17152,-9999,15.1,15.1,16.7,21.6,23.4,26,27.2,26.8,28.7,24.7,20.7,16.8,3.9,3.3,6.1,8,9.2,9.9,11.3,11.5,12.4,8.7,5.2,5.9,9.5,9.2,11.4,14.8,16.3,18,19.3,19.2,20.5,16.7,13,11.3,70,53,58,11,12,1,0,1,8,17,9,36,-53.1,12.2,16.8,22.7,11.5,25.7,27.3,26.1,37.8,16.5,-28.3,-43.9,6,6,3,0,0,0,0,0,0,0,1,3,139,118,188,287,352,388,443,440,466,362,229,186,268,243,207,114,81,45,21,25,23,75,162,210,0,0,0,11,21,45,61,62,99,23,2,2,25,22,29,29,31,30,31,31,30,30,27,29,0,0,0,0,0,0,0,0,0,0,0,0,41.671,50.527,74.665,113.334,141.138,158.831,165.345,146.729,126.279,89.6,56.837,39.924,0,0,16.809,102.484,129.614,158.101,164.868,145.952,117.917,72.649,47.832,3.468,64,62,66,59,57,53,54,56,54,53,53,67,1.75,0.04,-0.12,-7.57,-8.61,-11.7,-12.51,-12.03,-12.89,-9.24,-7.7,-2.32,15.3,20.6,26.7,24.7,4.3,7.8,10.9,8.8,9.8,14.2,18.8,16.7,162,80,2,34,-28.3,17,26.4,8.6,15,3,0,1,426,827,1271,1056,735,402,91,259,0,32,168,124,76,89,92,87,1,0,0,0,130,329,471,273,0,249,469,238,65,61,54,53,-0.53,-16.3,-36.25,-29.83,14.9,20.5,9.2,11.4,277,22,90.1,939.1,18,3597,1472,327,345,39,346,308,1,-8.2,38.5,5.9,1203,956,58,-82.91,1929
1939,5504847,NA,37.6553,-122.0567,-9999,14.1,14.3,15.8,20.5,21.7,24.2,25.6,25.3,27.1,23.4,20.4,15.8,3.6,3.2,5.9,7.9,9.1,10,11.5,11.7,12.9,9,5.4,5.9,8.9,8.8,10.8,14.2,15.4,17.1,18.5,18.5,20,16.2,12.9,10.8,76,57,70,12,14,1,1,1,9,17,9,36,-52.5,11.7,16.1,21.7,14.4,24.2,30.1,27.2,38.5,16.9,-28.2,-43.5,7,6,3,0,0,0,0,0,0,0,1,4,123,108,173,269,324,362,420,419,450,348,228,174,288,255,224,129,102,60,29,33,27,84,163,220,0,0,0,8,13,33,46,49,87,18,2,1,25,22,29,29,31,30,31,31,30,31,27,29,1,0,0,0,0,0,0,0,0,0,0,0,39.106,47.731,70.129,106.356,128.511,145.646,152,135.334,115.918,83.054,55.437,37.235,0,0,0.452,93.966,114.268,144.643,151.492,134.335,106.586,65.974,46.15,1.162,66,64,68,61,62,58,59,60,59,57,54,71,2.92,0.92,1.5,-6.67,-7.04,-10.17,-10.96,-10.61,-11.14,-8.11,-7.53,-1.91,14.3,19.3,25,23.6,4.2,7.7,11.1,9.1,9.2,13.5,18,16.4,170,96,3,36,-28.1,17.4,27.2,9.1,18,3,0,1,386,767,1201,1025,785,455,121,274,0,21,127,107,75,89,92,87,1,0,0,0,121,305,433,254,0,209,430,219,67,64,59,57,1.93,-12.21,-31.74,-26.78,14.3,20,8.8,11.3,304,26,80.1,767.4,21,3397,1612,257,344,39,347,309,1,-9,37.1,6.4,1113,858,61,-68.81,1754
1939,1176,NA,34.03974,-118.589581,-9999,18.2,16.5,17.9,21.6,20.8,23,24.7,26,27.1,25.5,24,22.4,7.9,5.2,8.4,11.3,11.7,12.6,15.1,16.3,16.7,12.6,11.2,9.6,13,10.9,13.2,16.5,16.3,17.8,19.9,21.2,21.9,19,17.6,16,81,41,51,8,5,1,0,1,43,4,7,24,-54,12.9,16.6,20.1,21,21.4,37.2,31,41.4,18.4,-28,-45.1,2,4,1,0,0,0,0,0,0,0,0,1,238,159,243,338,350,383,462,501,505,434,368,327,164,195,161,76,82,48,16,10,15,37,58,93,7,0,5,24,20,43,76,108,130,59,43,29,31,26,31,30,31,30,31,31,30,31,30,31,0,0,0,0,0,0,0,0,0,0,0,0,52.147,58.367,80.567,108.175,115.975,130.016,133.308,128.116,111.259,94.364,68.074,58.599,0,17.811,29.624,100.215,111.421,129.4,133.244,126.696,67.964,89.983,60.902,34.108,67,64,70,68,72,68,71,71,69,62,62,67,1.65,-1.96,-1.01,-6.97,-6.64,-8.41,-8.94,-9.58,-6.25,-10.11,-9.02,-6.4,18.5,20.1,24.6,25.5,7.7,10.5,14.7,13.5,13.1,15.3,19.6,19.5,303,63,2,55,-28.8,19.2,29.9,10.6,7,2,0,0,708,931,1345,1308,464,318,73,110,31,49,226,232,88,92,92,91,0,0,0,0,163,305,391,274,18,241,389,219,66,70,70,64,-6.71,-14.62,-26.93,-25.38,16.9,21.9,10.9,11,266,50,101.3,438,9,4307,955,543,362,3,364,361,0,0.7,38.9,7.7,1133,867,67,-73.64,2538
1939,3904095,NA,34.533002,-117.283871,-9999,14.2,13.2,19.4,26,28.3,33.5,36.7,37.2,30.9,26.2,21.8,18.7,-0.7,-2.4,2.5,7,9.2,12.6,16.8,17,13.5,7.1,3,0.6,6.8,5.4,11,16.5,18.8,23.1,26.8,27.1,22.2,16.7,12.4,9.6,24,18,22,9,5,1,1,5,48,3,10,7,-53.6,15.6,22,26.6,12.8,30.2,28.4,29.2,41.3,17.4,-28.4,-45,12,16,3,0,0,0,0,0,0,0,1,5,89,57,192,344,426,541,673,684,514,362,223,152,351,349,220,75,39,6,1,1,13,75,176,257,0,0,3,30,60,156,272,283,137,31,5,2,13,8,22,29,31,30,31,31,30,30,22,17,0,1,0,0,0,0,0,0,0,0,0,0,49.031,54.515,98.801,146.024,179.275,209.919,226.609,211.684,143.506,105.983,69.088,55.449,24.919,37.007,76.817,136.888,174.503,209.062,225.457,206.796,95.321,102.792,59.265,48.193,52,50,49,46,46,44,47,47,51,46,45,51,-2.56,-2.4,-6.81,-12.7,-15.09,-21.05,-24.51,-24.98,-12.45,-13.5,-9.78,-7.88,14.6,24.6,35.8,26.3,-0.8,6.3,15.5,7.9,6.9,15.4,25.6,17.1,93,36,7,61,-27.7,20.5,29.3,10.1,35,3,0,1,272,962,1898,1099,991,334,7,264,0,93,711,174,38,82,92,82,1,0,0,0,153,424,648,319,62,388,641,257,51,47,46,47,-12.83,-34.6,-70.54,-35.74,16.4,27.1,5.4,21.7,153,60,172.4,453,37,4256,1563,980,293,89,313,225,1,-19.6,45.5,8,1544,1349,47,-153.71,2629
1939,3440200,NA,35.098215,-120.579118,-9999,17.1,15.6,17.7,19.7,18.9,20.5,20.7,21.6,23.5,23,22.3,20,4.4,2.6,5.9,8.2,8.7,9.3,10.8,11.8,12.5,8.8,6.9,6.1,10.8,9.1,11.8,14,13.8,14.9,15.8,16.7,18,15.9,14.6,13.1,105,54,75,11,5,1,0,1,23,17,28,42,-54.4,13.8,18.3,21.3,19.5,22.5,37.8,30.1,40.2,18.1,-28.3,-45,4,6,2,0,0,0,0,0,0,0,0,2,170,115,197,264,276,297,335,362,390,338,276,236,229,245,198,135,145,107,81,65,50,91,120,164,0,0,0,6,2,13,13,23,50,13,9,7,26,20,29,30,30,30,31,31,30,30,29,30,0,0,0,0,0,0,0,0,0,0,0,0,51.324,56.994,83.65,104.575,112.724,122.846,119.841,112.297,101.426,88.022,65.378,53.37,0,3.166,8.546,93.249,107.463,121.601,119.794,110.924,78.702,71.191,37.183,10.882,60,59,63,64,68,65,69,70,67,57,54,58,3.98,-0.26,1.01,-6.13,-6.09,-7.39,-7.23,-7.43,-6.61,-7.82,-6.58,-3.72,17.4,18.8,20.9,22.9,4.3,7.6,10.6,9.4,10.9,13.2,15.8,16.2,220,92,3,68,-28.6,19.7,30.1,10,12,3,0,1,511,737,994,1005,646,478,253,261,6,8,48,71,76,89,92,89,1,0,0,0,160,301,355,255,3,209,352,187,59,65,68,59,0.01,-11.2,-22.06,-21,14,18,9.1,8.9,363,31,66.2,587.4,15,3256,1630,134,346,34,349,315,1,-8.6,35.5,7.8,1071,752,63,-54.24,1576
1939,3425410,NA,37.898448,-122.313558,-9999,14.4,15.1,16.4,20.3,20.5,21.8,22,21.8,24.9,23,20.6,16,4.8,4.6,7.2,9,10,10.5,11.8,12,13.3,9.7,6.6,7,9.6,9.8,11.8,14.6,15.2,16.2,16.9,16.9,19.1,16.4,13.6,11.5,78,52,61,11,14,1,0,1,8,13,9,37,-52.3,11.2,15.5,20.6,16.8,22.6,35.8,29,39,17,-28.1,-43.3,6,5,2,0,0,0,0,0,0,0,1,3,139,130,195,281,319,334,369,371,423,353,246,188,265,225,198,118,106,78,56,60,36,81,145,206,0,0,0,10,11,22,22,26,68,19,4,2,27,24,30,30,31,30,31,31,30,31,28,31,1,0,0,0,0,0,0,0,0,0,0,0,38.053,48.051,69.47,101.856,116.595,125.989,123.617,109.649,101.974,79.691,54.145,35.731,0,0,8.461,91.219,102.158,125.299,123.289,109.045,93.507,66.786,45.302,0,69,66,71,65,68,65,69,70,65,60,57,73,2.93,-0.12,0.64,-6.37,-5.85,-8.04,-7.86,-7.62,-8.96,-7.96,-7.36,-1.62,14.8,19,21.9,22.8,5.4,8.7,11.4,9.9,10.1,13.9,16.7,16.3,161,86,2,30,-28.1,17.6,29.1,9.3,14,3,0,1,442,795,1074,1021,708,423,194,262,0,21,70,91,82,91,92,89,1,0,0,0,120,288,359,236,2,202,358,206,69,68,68,61,1.19,-11.58,-23.52,-24.29,14.3,19.1,9.6,9.5,284,25,85.6,778.8,17,3348,1575,184,354,18,355,337,1,-6.4,34.6,7,1002,767,66,-58.21,1683
1939,231694,NA,36.950879,-122.066217,-9999,15.7,15.2,17,19.2,19.5,21.1,21.1,21.4,24.6,22.7,21.1,17.8,3.3,2.3,5.5,7.3,8.4,8.8,10.4,10.6,11.3,7.6,4,5.2,9.5,8.7,11.2,13.2,14,14.9,15.8,16,17.9,15.2,12.6,11.5,128,100,88,22,20,2,1,1,13,27,19,65,-53.8,13,17.7,21.4,17,23.2,36,28.9,38.9,17.2,-28.6,-44.4,6,6,3,1,0,0,0,0,0,0,1,3,137,106,181,241,281,297,335,342,388,316,216,189,267,255,212,156,140,107,81,79,51,108,171,206,0,0,0,3,4,13,13,17,49,8,0,2,24,20,28,29,30,30,31,31,30,30,25,28,1,1,0,0,0,0,0,0,0,0,0,0,44.959,52.594,78.144,101.47,116.731,127.434,123.378,113.183,107.146,84.274,60.229,44.349,0,0,0,79.762,97.039,125.304,121.986,111.776,94.467,57.285,41.218,0,60,59,63,63,65,62,67,67,60,55,49,61,7.12,4.69,2.6,-4.94,-5.11,-7.81,-7.5,-7.62,-8.81,-6.83,-7.23,-0.25,16,18.6,21.2,22.8,3.5,7,9.9,7.6,9.7,12.8,15.6,15.2,300,129,5,59,-28.4,18.7,29.4,9.2,16,3,0,1,415,703,974,920,741,509,267,330,0,7,42,56,71,88,91,84,2,0,0,0,140,296,364,252,0,177,359,193,60,64,65,55,11.56,-7.46,-22.93,-22.87,13.4,17.9,8.7,9.2,486,37,48.1,480.7,20,3029,1834,107,335,51,338,287,2,-10.2,34.8,7.2,1052,729,61,-41.69,1399
1940,2275918,NA,37.42756,-122.17152,-9999,15,16.4,19.1,21.3,23.5,25.9,27,26.6,26.1,24,18.3,16.9,6.6,7.7,7.9,8.5,9.6,11.1,11.6,11.8,12,9.3,5.8,6.4,10.8,12,13.5,14.9,16.5,18.5,19.3,19.2,19.1,16.6,12,11.7,208,201,111,19,9,1,1,1,9,23,25,174,-52.1,10.1,17.3,22,11.6,25.4,27.9,26.3,38.6,16.8,-27.2,-43.9,4,3,1,0,0,0,0,0,0,0,1,3,168,179,245,289,358,405,443,440,421,361,200,191,228,173,152,112,76,37,21,25,36,75,185,202,0,0,5,11,22,55,62,62,67,21,0,2,30,28,31,30,31,30,31,31,30,31,27,30,1,0,0,0,0,0,0,0,0,0,0,0,37.817,47.998,82.062,109.972,140.444,154.83,162.418,144.596,112.616,85.535,49.707,39.816,0,0,0,91.068,131.862,153.726,161.827,143.714,103.405,62.642,24.727,0,73,72,65,61,58,57,56,57,59,57,61,66,15.99,14.73,4.2,-6.38,-8.85,-11.26,-12.14,-11.74,-10.3,-7.85,-4.43,11.42,16,21.3,26.5,22.8,6.7,8.6,11.5,9,11.4,15,19,15.9,446,139,3,57,-28.6,17,26.5,9.4,10,2,0,1,530,893,1288,983,611,340,82,296,1,38,178,88,87,91,92,88,1,0,0,0,126,332,462,248,3,223,459,191,70,61,56,59,42.14,-11.02,-35.14,-22.59,15.3,19.3,10.8,8.5,782,20,32.4,947.5,13,3702,1322,306,359,14,354,340,1,-8.2,38.5,6.1,1168,876,62,-26.61,2009
1940,5504847,NA,37.6553,-122.0567,-9999,13.7,15.6,18,19.5,21.7,24.3,25.1,25,24.1,22.6,17.6,16.1,6.5,7.6,7.8,8.4,9.6,11.2,11.7,12,12.5,9.8,6,6.3,10.1,11.6,12.9,14,15.6,17.7,18.4,18.5,18.3,16.2,11.8,11.2,245,227,130,26,12,1,1,1,8,24,32,202,-51.1,9.6,16.5,20.5,14.7,23.8,31,27.5,39.2,17.2,-26.9,-43.6,5,3,2,0,0,0,0,0,0,0,1,3,151,168,228,262,332,382,414,418,399,349,193,180,249,184,168,136,96,48,31,33,46,83,191,214,0,0,2,6,14,42,43,48,54,17,0,0,30,28,31,30,31,30,31,31,30,31,28,30,1,0,0,0,0,0,0,0,0,0,0,0,34.053,44.904,76.772,99.18,127.079,142.606,147.787,132.318,100.21,78.634,46.992,37.421,0,0,0,73.488,115.289,141.127,147.205,131.237,92.527,54.618,15.094,0,76,74,68,66,63,61,60,61,65,61,63,68,20.22,17.71,6.66,-4.55,-7.17,-9.87,-10.46,-10.24,-8.69,-6.63,-3.32,14.65,15,19.7,24.8,21.5,6.7,8.6,11.6,9.4,10.8,14.2,18.2,15.4,508,168,3,64,-28.4,17.2,27.4,9.9,12,2,0,1,490,822,1214,940,653,399,113,320,0,23,133,71,87,91,92,88,2,0,0,0,116,303,423,226,1,189,420,162,73,65,61,63,52.58,-5.06,-30.56,-18.64,14.7,18.5,10.1,8.3,909,23,27.2,816.8,15,3476,1479,226,359,12,356,345,2,-9,37.1,6.5,1068,772,66,-1.68,1797
1940,1176,NA,34.03974,-118.589581,-9999,18.7,18.3,20.8,20.9,22.9,22.9,24.4,25,24.1,24.4,21.9,20.4,9.9,9.3,10.4,11.3,13.1,14,14.3,15.5,14.1,13.3,9.9,10.6,14.3,13.8,15.6,16.1,18,18.5,19.4,20.2,19.1,18.8,15.9,15.5,124,159,26,29,3,1,0,1,1,25,14,194,-53.6,11.2,17.3,19.5,19.2,21.7,37,31.2,41.7,18.8,-27.5,-44.4,2,2,1,0,0,0,0,0,0,0,0,1,270,229,310,327,403,403,445,472,422,428,314,308,132,127,99,84,50,38,20,16,36,40,90,103,11,5,16,19,39,54,63,86,68,51,17,22,31,28,31,30,31,30,31,31,30,31,30,31,0,0,0,0,0,0,0,0,0,0,0,0,50.187,57.521,90.806,103.656,125.807,122.49,134.868,123.207,101.458,87.113,62.581,50.661,0,0,64.639,74.302,122.875,121.977,134.796,121.985,100.559,61.693,48.882,0,72,71,68,70,70,73,70,72,70,67,63,61,6.2,9.83,-4.83,-4.35,-7.87,-7.86,-8.99,-8.93,-8.76,-6.81,-7.03,12.26,19.8,21.5,24.1,23.5,9.6,11.6,14.6,12.4,14.7,16.6,19.4,17.9,308,58,2,40,-28.9,18.7,30,11,4,1,0,0,821,1040,1321,1164,353,232,73,165,43,74,203,136,90,92,92,91,0,0,0,0,166,320,381,251,34,262,379,211,68,69,71,67,28.28,-17.05,-25.79,-22.6,17.1,20.2,13.8,6.4,578,6,46.9,3589,5,4331,834,450,365,0,365,365,0,0.7,38.9,7.7,1118,886,70,-37.15,2565
1940,3904095,NA,34.533002,-117.283871,-9999,15.8,16.1,21.5,23.8,30.6,35.2,36.6,37.3,30.8,27.1,18.3,15.9,1.2,1.2,4.1,6.2,10.4,14.9,15.3,15.8,11.4,7.5,1.4,0.8,8.5,8.7,12.8,15,20.5,25.1,25.9,26.6,21.1,17.3,9.9,8.3,35,34,12,13,2,1,1,1,2,9,5,55,-54.2,14.8,22.3,25.8,11,31,28.1,29,41.1,17.2,-27.4,-44.3,8,6,2,0,0,0,0,0,0,0,2,8,124,116,239,298,479,601,647,667,483,382,154,118,299,257,171,108,22,3,1,1,19,62,245,298,0,0,6,16,92,214,246,266,112,37,0,0,18,17,26,28,31,30,31,31,30,30,18,17,0,0,0,0,0,0,0,0,0,0,0,0,51.819,61.017,106.401,134.646,193.283,217.569,230.279,215.635,147.448,109.576,60.004,48.197,16.884,26.933,94.835,121.421,191.348,216.967,229.348,214.724,145.526,100.423,55.067,0,54,53,49,49,45,46,44,44,47,45,48,46,-2.69,-3.06,-9.07,-10.43,-17.81,-22.91,-25.01,-26.08,-17.71,-13.79,-7.89,-0.68,16.9,25.3,36.4,25.4,1,6.9,15.3,6.8,8.9,16.1,25.8,16.1,76,27,2,16,-27.9,19.7,29.4,10.3,19,2,0,3,391,1015,1914,1019,813,302,4,326,1,114,726,149,52,85,92,78,1,0,0,0,168,434,663,317,92,408,661,301,51,47,45,47,-6.43,-37.31,-73.99,-39.39,16.6,26.6,8.3,18.2,170,6,157.1,4216,26,4306,1485,989,307,87,312,225,1,-19.6,45.5,7.9,1583,1462,48,-157.12,2652
1940,3440200,NA,35.098215,-120.579118,-9999,17.6,17.7,19.2,19.8,20.4,20.4,20.2,20.9,21.7,22,20.5,19.9,7.4,7.4,7.6,8.6,9.7,11.3,11.2,11.4,11.3,10.2,6.1,7.8,12.5,12.5,13.4,14.2,15.1,15.8,15.7,16.2,16.5,16.1,13.3,13.9,121,105,69,33,2,1,0,1,1,19,15,160,-53.9,11.9,18.2,21.1,17.9,22.8,38.9,30.3,40.5,18.5,-27.8,-44.8,3,2,1,0,0,0,0,0,0,0,1,2,212,190,240,271,314,325,332,347,345,345,235,254,178,159,155,129,110,85,83,76,75,86,152,143,2,0,0,5,8,20,12,18,31,11,0,7,31,28,31,30,31,30,31,31,30,31,28,31,0,0,0,0,0,0,0,0,0,0,0,0,48.876,57.262,87.768,104.309,120.314,114.234,114.153,109.109,94.275,80.762,60.957,51.004,0,0,19,71.6,118.209,113.286,114.108,108.197,93.061,61.432,45.462,0,68,67,64,65,67,72,72,71,68,64,56,57,5.92,4.28,-0.21,-3.98,-7.16,-6.81,-6.77,-7.13,-7.7,-6.43,-6.77,8.56,18.5,19.8,20.5,21.4,7,8.6,11.3,9.2,12.7,14.2,15.9,15.3,268,104,2,36,-28.9,19.1,30.7,10.4,7,2,0,1,632,825,1004,925,501,395,244,313,5,13,50,42,89,91,92,88,0,0,0,0,160,312,337,236,11,209,336,200,64,65,71,63,18.76,-11.35,-20.7,-20.9,14.6,16.5,12.5,4,527,5,46.6,3157,9,3411,1433,114,361,8,357,349,1,-8.6,35.5,7.8,1045,755,66,-34.19,1701
1940,3425410,NA,37.898448,-122.313558,-9999,13.7,16.1,18.5,19.2,20.3,21.7,21.5,21.5,21.7,22,17.4,16.2,7.6,8.9,9,9.7,10.5,11.8,11.9,12.3,13.1,10.7,7.5,7.4,10.6,12.5,13.7,14.4,15.4,16.7,16.7,16.9,17.4,16.3,12.4,11.8,256,242,130,30,15,1,0,1,8,26,40,191,-50.4,9,15.8,19,17.5,22.1,36.7,29.3,39.6,17.6,-26.4,-43.4,4,2,1,0,0,0,0,0,0,0,1,3,161,190,251,275,325,352,364,369,373,352,210,193,233,161,145,124,101,66,59,60,59,81,175,198,0,1,5,8,12,29,20,25,41,17,0,1,31,28,31,30,31,30,31,31,30,31,29,31,1,0,0,0,0,0,0,0,0,0,0,0,31.504,43.657,75.493,92.906,113.656,120.367,119.476,105.949,83.632,73.436,43.907,35.847,0,0,0,62.892,98.398,118.908,119.136,105.33,75.293,47.814,4.344,0,80,77,70,70,69,69,70,72,73,66,68,71,21.59,19.33,6.73,-3.52,-5.54,-7.53,-7.48,-7.27,-6.43,-5.63,-2.03,13.71,15.3,19.3,21.6,20.4,7.8,9.7,12,10.4,11.5,14.5,16.8,15.4,535,175,2,74,-28.3,17.4,29.3,10.3,10,2,0,1,536,852,1085,935,600,370,186,315,1,25,74,58,90,92,92,90,1,0,0,0,111,282,346,201,0,161,343,127,76,70,70,69,54.63,-2.34,-22.28,-14.1,14.6,17.4,10.6,6.8,940,26,26.2,669.5,12,3416,1463,159,364,0,362,362,2,-6.4,34.6,7.2,940,632,71,15.91,1732
1940,231694,NA,36.950879,-122.066217,-9999,16.2,16.8,19.1,19.2,19.9,21,21.1,21,22.8,22.1,19.5,17.8,5.8,6.9,7.1,7.7,8.6,10,10.9,10.8,10.6,8.1,4.5,6,11,11.9,13.1,13.4,14.3,15.5,16,15.9,16.7,15.1,12,11.9,340,316,138,27,14,3,2,1,16,29,35,241,-53.4,11,18.1,21,16.6,23.4,36.5,29.2,39.3,17.5,-27.9,-44.3,4,3,2,0,0,0,0,0,0,0,1,3,170,171,231,247,290,315,341,338,352,315,197,194,217,177,163,150,131,93,76,82,71,110,186,195,0,0,1,3,4,17,14,16,33,5,0,0,29,28,30,29,30,30,31,31,30,30,25,29,1,0,0,0,0,0,0,0,0,0,0,0,43.322,51.439,84.96,100.072,118.762,123.017,121.068,109.796,99.065,80.963,55.42,43.552,0,0,0,73.477,105.245,120.36,119.161,108.415,82.869,51.484,20.877,0,67,69,63,64,65,66,68,68,63,58,54,61,28.34,25.86,6.65,-4.33,-5.93,-7.41,-7.27,-7.29,-7.19,-5.99,-4.49,17.49,16.9,19.4,21,21.5,6,7.8,10.5,7.8,11.5,13.6,15.8,14.6,721,178,6,80,-28.9,18.6,29.7,9.6,10,2,0,1,526,769,994,864,600,444,251,366,0,8,47,38,85,90,92,85,2,0,0,0,139,304,354,235,0,179,348,155,65,64,68,58,71.69,-3.62,-21.97,-17.67,13.9,16.7,11,5.7,1160,36,20.6,468.6,13,3162,1652,92,353,26,345,319,2,-10.2,34.8,7.2,1032,682,64,28.44,1499
1941,2275918,NA,37.42756,-122.17152,-9999,15.4,16,19.2,19.4,24,25.3,27.1,26.4,26.6,22.5,19,15.2,6.7,8,8.1,7.7,10.8,10.8,12.7,12.3,10.9,8.5,7.6,6.7,11.1,12,13.7,13.5,17.4,18.1,19.9,19.4,18.7,15.5,13.3,11,141,161,112,102,18,2,1,1,1,38,41,189,-52.4,9.6,17.3,21.1,11.8,24.6,28.4,26.6,38.3,17.2,-27.1,-43.2,4,3,1,0,0,0,0,0,0,0,1,4,175,179,251,249,384,391,461,445,412,327,238,175,216,173,148,148,59,43,16,23,40,100,152,215,1,1,6,4,32,47,75,66,62,10,2,0,30,28,31,29,31,30,31,31,30,30,29,30,1,0,0,0,0,0,0,0,0,0,0,0,38.989,45.893,82.293,100.757,139.902,150.904,159.722,141.739,118.234,80.944,49.211,34.9,0,0,0,0,121.704,148.88,159.049,140.943,117.224,43.293,8.235,0,72,74,65,64,61,58,58,59,54,58,65,67,9.06,10.99,4.2,3.07,-7.93,-10.65,-11.9,-11.41,-11.99,-5.43,-2.82,13.92,16.1,20.8,26.3,22.7,7,8.9,11.9,9,11.6,14.9,19.1,15.9,476,232,3,80,-28.6,16.7,26.5,9.4,9,2,0,1,546,885,1297,976,591,355,82,292,4,42,188,74,88,91,92,89,1,0,0,0,125,323,452,248,0,122,449,169,71,63,58,59,33.97,-0.65,-33.96,-20.23,15.3,19.9,11,8.9,806,23,31.4,875.7,13,3687,1334,306,361,8,349,341,1,-8.2,38.5,6,1148,739,63,-20.87,1989
1941,5504847,NA,37.6553,-122.0567,-9999,14.4,15,18.1,17.5,21.6,23,25.4,24.2,25,21.3,18.4,14.3,6.4,7.9,7.9,7.6,10.7,10.7,12.8,12.4,11.2,9,7.8,6.7,10.4,11.4,13,12.5,16.1,16.9,19.1,18.3,18.1,15.1,13.1,10.5,164,173,119,125,22,3,1,1,1,34,55,198,-51.7,9,16.5,19.6,15.7,22.8,31.3,28,38.9,17.6,-26.9,-42.8,5,3,2,1,0,0,0,0,0,0,1,4,158,166,231,220,346,355,438,413,393,315,231,162,240,188,166,175,84,64,22,36,48,109,158,231,0,0,3,0,18,30,58,45,51,7,1,0,30,28,31,29,31,30,31,31,30,31,29,30,1,0,0,0,0,0,0,0,0,0,0,1,36.024,42.116,76.926,89.85,122.529,134.938,146.471,125.762,108.019,74.642,47.025,32.065,0,0,0,0,100.341,131.725,145.838,124.64,107.006,40.909,0,0,74,77,68,68,67,63,63,64,59,62,66,69,11.77,12.67,5.53,6.46,-5.75,-8.79,-10.42,-9.46,-10.46,-4.87,-1.14,15.3,15.2,19.1,24.2,21.6,6.9,8.7,12,9.3,11,13.9,18.1,15.4,539,267,5,89,-28.5,17.3,27.4,9.9,11,2,0,1,505,798,1206,939,642,425,122,315,0,21,133,60,88,91,92,90,1,0,0,0,116,289,407,230,0,100,402,148,73,68,63,63,39.74,6.23,-28.66,-16.46,14.6,19.1,10.4,8.7,896,28,27.4,678.9,15,3429,1521,214,360,6,351,346,2,-9,37.1,6.5,1042,650,67,0.84,1751
1941,1176,NA,34.03974,-118.589581,-9999,18.4,18.5,19.7,17.8,23.1,21.9,24.6,24.4,23.4,22.6,23.3,18.1,9.6,10.7,10.6,10.1,13.3,12.9,15.4,15.5,13.3,11.8,11.1,9.4,14,14.6,15.2,14,18.2,17.4,20,19.9,18.3,17.2,17.2,13.7,97,244,205,84,5,1,0,2,1,34,7,134,-53.5,10.3,16.2,17.8,18.9,21.9,37.6,31.3,41.7,19,-27.8,-43.9,2,1,1,0,0,0,0,0,0,0,0,2,260,253,297,265,409,371,465,462,400,378,353,254,140,108,109,136,47,55,15,18,45,64,64,147,10,9,13,5,42,37,78,79,55,25,32,8,31,28,31,30,31,30,31,31,30,31,30,31,0,0,0,0,0,0,0,0,0,0,0,0,49.661,54.692,83.546,87.149,127.434,119.15,131.047,118.404,99.602,82.034,65.634,45.229,0,0,0,3.072,122.283,118.553,130.961,116.416,99.01,47.724,58.311,0,72,75,72,75,70,72,72,73,69,67,63,69,3.67,18.57,13.91,2.8,-7.82,-7.41,-8.75,-8.34,-8.45,-4.94,-8.44,7.4,19.1,20.2,23.6,23.1,10.3,11.3,14.6,12.1,14.7,15.8,19.1,17.6,535,294,3,42,-29,17.6,30.3,11,4,1,0,0,820,970,1298,1132,351,292,88,173,40,59,193,113,90,92,92,91,0,0,0,0,155,298,369,247,0,125,366,205,72,72,73,67,29.65,8.89,-24.51,-21.84,16.6,20,13.7,6.3,814,8,32.7,2375.8,6,4166,947,392,365,0,361,361,0,0.7,38.9,7.5,1069,696,71,-7.81,2411
1941,3904095,NA,34.533002,-117.283871,-9999,13.6,16.4,18.9,19.2,28.1,30.9,36.7,33.1,30.3,22.6,20.2,13.6,0.4,2.7,3.2,3.9,10.2,11.6,16.3,14.6,9.4,5.6,2.5,-1.1,7,9.6,11,11.6,19.1,21.3,26.5,23.9,19.8,14.1,11.3,6.3,24,62,61,31,4,2,1,14,1,22,7,43,-53,14.1,21.1,24.5,13.3,29.1,28.2,30.3,41.1,18.2,-27.9,-43.9,12,5,3,1,0,0,0,0,0,0,1,13,91,137,191,198,437,487,664,585,444,284,191,75,346,232,217,202,35,13,1,3,29,136,202,360,0,0,2,3,65,104,263,184,83,10,2,0,16,21,24,25,31,30,31,31,29,28,21,12,0,0,0,0,0,0,0,0,0,0,0,1,46.482,60.39,95.22,112.323,175.535,193.633,228.235,187.844,148.008,92.657,64.65,43.899,22.367,0,34.271,80.896,171.081,191.742,227.075,173.942,147.352,70.474,57.788,1.335,57,57,52,53,49,47,46,49,43,50,47,53,-2.22,-0.57,-2.37,-5.43,-14.6,-17.83,-24.73,-18.54,-17.79,-8.62,-8.91,-0.31,15.3,22.1,33.6,24.4,1.3,5.8,14.2,5.8,8.3,13.9,23.9,15.1,141,97,17,30,-27.6,19.7,29.2,10.4,24,4,0,2,347,826,1736,919,876,454,16,367,0,71,551,95,54,80,92,79,1,0,0,0,155,383,610,305,22,286,593,276,56,52,47,47,-3.09,-22.4,-61.11,-35.32,15.1,26.5,6.3,20.2,272,22,92.3,1200.3,35,3784,1775,718,299,94,302,208,1,-19.6,45.5,7.9,1453,1177,50,-121.92,2184
1941,3440200,NA,35.098215,-120.579118,-9999,18,17.7,18.8,17.2,20.1,19.1,19.8,20.3,20.3,21.1,21.8,17.5,7.3,8.7,8.5,7.9,10.6,10.2,11.9,11.9,9.8,9.4,7.8,7.1,12.7,13.2,13.6,12.5,15.3,14.6,15.8,16.1,15.1,15.2,14.8,12.3,144,195,145,99,13,1,0,3,1,35,22,178,-54.2,10.9,17.1,19.4,19.2,21.8,40.2,30.7,40.5,18.7,-28.1,-44.1,2,2,1,1,0,0,0,0,0,0,0,3,216,208,246,223,322,288,337,344,303,319,279,207,174,142,149,175,103,114,80,78,106,106,114,185,3,1,1,0,10,11,13,18,19,3,4,0,31,28,31,29,31,30,31,31,30,31,29,31,0,0,0,0,0,0,0,0,0,0,0,0,50.222,54.611,83.152,89.969,114.289,108.592,107.326,102.259,90.52,78.227,63.053,44.867,0,0,0,0,100.916,107.447,107.241,99.137,89.294,43.722,41.232,0,66,71,68,70,70,72,75,74,68,64,57,63,8.03,13.6,7.92,4.16,-5.56,-6.21,-6.27,-6.31,-7.11,-4.44,-6.7,11.7,18.5,18.7,19.7,21.1,8,9,11.3,9,13.2,13.8,15.5,15,499,258,4,58,-29.1,18.5,30.9,10.4,6,2,0,1,678,791,970,900,459,427,271,327,11,11,42,26,90,91,92,90,1,0,0,0,156,287,318,232,0,101,314,174,67,69,74,63,33.34,6.51,-18.79,-18.25,14.3,16.1,12.3,3.8,837,19,29,848.7,10,3292,1526,83,362,0,351,351,1,-8.6,35.5,7.7,993,589,69,2.82,1594
1941,3425410,NA,37.898448,-122.313558,-9999,14.5,15.4,18.8,17.2,20.1,20.6,21.7,20.9,22.6,20.8,18.4,14.4,7.6,9,9,8.7,11.6,11.3,13,12.8,11.8,9.7,9,7.7,11,12.2,13.9,13,15.8,15.9,17.4,16.8,17.2,15.3,13.7,11.1,188,177,109,132,24,3,0,1,1,33,60,183,-51.2,8.4,16,18.1,18.9,21.1,37.5,29.8,39.3,17.8,-26.5,-42.5,4,2,1,1,0,0,0,0,0,0,1,4,170,181,255,232,338,328,384,367,366,319,247,173,217,168,141,164,91,83,46,62,63,106,142,218,0,0,5,1,15,20,28,24,38,7,1,0,31,28,31,30,31,30,31,31,30,31,30,31,1,0,0,0,0,0,0,0,0,0,0,0,33.936,40.603,76.763,83.534,107.421,113.561,115.427,99.426,93.191,70.448,44.343,30.316,0,0,0,0,83.378,110.565,115.05,98.673,91.988,37.694,0,0,77,79,69,73,73,71,73,75,67,66,71,72,14.45,13.19,4.48,7.63,-4.2,-6.71,-7.23,-6.67,-8.25,-4.33,-0.18,14.04,15.4,18.7,21.1,20.6,8,9.8,12.4,10.2,11.7,14.2,16.7,15.4,556,265,4,94,-28.4,17.7,29.5,10.2,9,2,0,1,544,825,1079,932,584,396,191,311,0,22,72,47,90,92,92,91,1,0,0,0,110,268,328,208,0,83,324,130,76,72,73,68,41.68,7.9,-20.61,-12.76,14.4,17.4,11,6.4,912,29,26.8,591.7,13,3361,1501,141,364,0,356,356,2,-6.4,34.6,7.2,915,537,73,16.22,1677
1941,231694,NA,36.950879,-122.066217,-9999,16.1,16.5,19.2,17.4,20.8,20.6,21,21.5,22.8,20.3,20,16.3,6.1,7.4,7.4,7.1,10,9.8,11.9,11.4,9.8,7.5,6.6,6.1,11.1,12,13.3,12.2,15.4,15.2,16.4,16.5,16.3,13.9,13.3,11.2,228,293,206,180,32,5,2,1,2,65,57,286,-53.2,10.5,17.9,20.1,16.3,22.9,37.6,29.1,39.2,17.9,-27.8,-43.7,4,3,1,1,0,0,0,0,0,0,1,3,171,173,237,212,325,307,355,356,338,279,234,176,215,174,157,183,101,99,66,69,80,141,153,214,0,0,2,0,11,15,17,21,28,0,0,0,29,28,30,29,31,30,31,31,30,30,28,30,1,0,0,0,0,0,0,0,0,0,0,1,42.651,49.664,84.52,91.629,120.229,120.623,115.863,111.049,101.061,74.772,54.541,39.281,0,0,0,0,88.497,116.023,113.787,109.941,99.107,9.579,0,0,68,71,63,67,67,67,72,69,61,61,59,63,17.29,23.79,13.52,11.89,-4.35,-6.98,-6.88,-7.5,-8.83,-1.3,-2.08,22.98,16.8,19.1,21,21,6.5,8.2,11,8,11.7,13.7,16,14.5,762,417,8,124,-28.8,18.1,29.9,9.8,9,2,0,1,538,774,1018,851,585,442,234,373,0,13,53,28,87,90,92,88,2,0,0,0,136,296,348,230,0,88,340,109,67,66,69,60,64.06,21.06,-21.36,-12.21,13.9,16.5,11.1,5.4,1357,41,17.6,397.2,13,3164,1653,95,356,15,342,327,2,-10.2,34.8,7.2,1010,537,66,51.55,1497
1942,2275918,NA,37.42756,-122.17152,-9999,14.5,15.6,18.5,19.1,22,26,27.6,26.2,25.3,23.7,18.2,15.1,5.6,5.1,4.7,7.8,8.4,9.9,12.1,11.7,10.5,9.2,6.1,4.8,10.1,10.3,11.6,13.5,15.2,18,19.8,19,17.9,16.4,12.1,10,120,89,59,79,18,1,0,1,4,25,83,64,-52.1,11.3,19.4,20.8,13.2,25.2,27.3,26.5,38.6,16.9,-27.1,-43.5,5,4,2,0,0,0,0,0,0,0,1,5,152,143,193,248,318,388,460,433,387,355,204,149,250,210,202,149,107,45,16,27,51,79,182,247,0,0,0,4,11,45,74,58,48,19,0,0,29,25,27,29,30,30,31,31,30,31,28,28,1,0,0,0,0,0,0,0,0,0,0,0,38.004,49.538,85.809,99.086,133.15,158.793,165.576,141.957,111.822,84.71,48.825,36.93,0,0,26.797,20.133,114.706,158.194,165.08,141.191,108.192,59.475,0,0,71,66,57,65,59,53,55,58,57,57,62,73,7.18,3.44,-1.38,0.92,-6.97,-11.71,-12.62,-11.38,-10.59,-7.44,1.57,1.14,15.1,19.9,26.6,22.4,5.8,7,11.2,8.6,10.5,13.4,18.9,15.5,398,156,2,112,-28.1,17.8,26.3,9.5,13,3,0,1,470,759,1281,946,676,458,88,313,0,15,177,68,84,87,92,88,1,0,0,0,122,318,466,245,0,162,464,168,70,60,55,59,11.76,-7.43,-35.71,-16.46,14.5,19.8,10,9.9,544,24,45,829.2,18,3429,1566,260,348,33,344,311,2,-8.2,38.5,6.4,1152,794,61,-47.84,1767
1942,5504847,NA,37.6553,-122.0567,-9999,13.1,14.7,17.6,17.4,19.7,24,25.7,24.8,24,22.8,17.6,13.9,5.3,5,4.6,7.7,8.1,9.9,12.4,11.9,11,9.6,6.2,5,9.2,9.9,11.1,12.5,13.9,17,19,18.3,17.5,16.2,11.9,9.5,137,98,70,109,24,1,1,1,5,27,104,74,-51.1,10.8,18.7,19.3,16.8,23.5,30.5,27.5,39.1,17.1,-26.8,-43,6,5,3,1,0,0,0,0,0,0,1,6,130,132,178,220,280,359,436,414,375,348,197,137,276,224,215,175,141,62,23,35,57,84,188,262,0,0,0,0,4,31,56,46,42,17,0,0,28,25,27,29,30,30,31,31,30,31,28,28,1,0,0,0,0,0,0,0,0,0,0,0,34.161,46.655,81.359,88.594,117.91,144.595,150.384,131.339,103.438,79.932,46.69,33.368,0,0,11.39,0,94.287,143.623,149.837,130.33,98.796,52.829,0,0,74,68,59,69,64,58,61,62,61,60,64,75,9.62,4.72,0.2,4.88,-4.96,-10.04,-10.84,-10.11,-9.34,-6.55,3.97,2.91,14,18.2,24.9,21.5,5.7,6.8,11.4,8.9,9.9,12.5,18.1,15.2,433,202,3,136,-27.8,18.3,27.2,9.8,15,3,0,1,425,678,1208,920,731,531,120,330,0,4,133,60,84,87,92,88,2,0,0,0,113,288,426,230,0,106,424,152,73,64,60,62,17.25,0.12,-30.99,-11.92,13.8,19,9.2,9.8,650,31,36.7,618.5,21,3205,1744,197,348,32,346,314,2,-9,37.1,6.9,1057,681,64,-25.54,1584
1942,1176,NA,34.03974,-118.589581,-9999,19.6,18,20.3,18.4,21,22.2,25.5,24.7,24.2,24.1,22.7,19.9,8.2,6.1,7.4,10.4,10.5,13.3,15.7,15.8,14.1,13.9,10.7,8.6,13.9,12,13.9,14.4,15.7,17.8,20.6,20.3,19.1,19,16.7,14.3,16,28,31,55,2,1,0,8,1,19,9,31,-54.9,13.2,19.4,18,19.8,22.5,36.6,31.3,41.7,18.9,-27.6,-44.6,2,3,1,0,0,0,0,0,0,0,0,1,261,183,260,277,334,382,484,473,423,432,338,272,141,172,142,124,94,48,11,15,35,38,74,133,10,1,6,8,14,42,93,87,69,55,28,13,31,27,30,30,31,30,31,31,30,31,30,31,0,0,0,0,0,0,0,0,0,0,0,0,56.239,62.447,96.044,89.297,122.148,119.189,137.708,119.398,101.634,83.93,64.072,52.388,40.683,34.779,65.058,34.118,120.301,118.64,137.639,111.827,100.845,64.765,55.271,21.498,65,62,60,75,68,73,71,73,70,69,64,72,-5.65,-3.94,-4.81,-0.31,-7.36,-7.48,-9.47,-7.94,-8.8,-6.98,-7.9,-4.25,18.6,19.9,24.1,23.6,7.9,9.4,15,12.9,13.2,14.7,19.5,18.3,177,88,8,29,-28.8,19.1,30.1,11,6,2,0,0,701,872,1339,1193,460,360,75,148,21,28,222,152,89,91,92,91,0,0,0,0,164,307,376,250,75,219,368,221,67,68,72,67,-13.84,-12.49,-24.89,-23.68,16.5,20.6,12,8.6,199,11,132.9,1904,8,4121,1030,427,363,0,365,365,0,0.7,38.9,7.9,1097,884,68,-74.9,2359
1942,3904095,NA,34.533002,-117.283871,-9999,15.3,15,19.7,20.9,27.1,33.3,38.7,35.9,32.1,26.3,20.8,17,-0.6,-1.3,0.9,5,7.6,12.6,17.1,15.9,10.6,7.4,2.6,-0.4,7.3,6.9,10.3,13,17.3,22.9,27.9,25.9,21.4,16.8,11.7,8.3,3,8,11,13,1,1,1,24,1,7,2,9,-54.2,15.7,23.3,24.8,13.5,30.9,27,29.5,40.6,17.4,-28.1,-44.7,10,11,4,1,0,0,0,0,0,0,1,8,100,81,173,239,383,537,708,647,491,367,201,119,334,308,241,163,60,7,0,1,17,71,194,298,0,0,2,8,38,153,307,246,118,33,3,0,13,10,18,27,30,30,31,31,30,30,21,14,0,0,0,0,0,0,0,0,0,0,0,0,51.864,59.383,101.878,120.059,174.201,208.932,241.81,204.933,156.352,106.018,66.299,51.736,49.124,51.293,91.336,106.971,173.495,208.228,240.822,180.684,155.647,99.455,63.888,42.29,50,49,44,52,45,44,44,47,42,46,46,53,-5.41,-4.59,-8.46,-8.3,-14.6,-20.86,-27.9,-21.3,-19.86,-13.18,-9.78,-6.05,14.7,22.6,36,26.4,-1,4.5,15.2,6.9,6.8,13.5,25.6,16.6,53,24,26,10,-27.7,20.5,29.1,10,34,4,0,1,257,795,1892,1059,1002,464,8,282,0,48,706,154,35,74,92,81,1,0,0,0,155,396,656,329,102,372,630,319,50,47,45,45,-16.06,-31.36,-70.07,-42.82,15.8,27.9,6.9,21,80,27,321.8,1019.7,34,4047,1694,908,285,106,305,199,1,-19.6,45.5,8,1536,1422,46,-160.31,2428
1942,3440200,NA,35.098215,-120.579118,-9999,18,16.4,18.4,17.3,18.4,19,21.4,20.3,20.2,21.8,20.6,18.6,5.8,4.5,4.4,7.7,7.8,9.5,11.8,11.4,10.3,10.2,6.9,4.6,11.9,10.5,11.4,12.5,13.1,14.2,16.6,15.8,15.2,16,13.7,11.6,46,32,44,82,8,1,0,1,1,21,31,53,-54.7,13,20.2,19.7,19.5,22.9,37.5,30.5,40.6,18.5,-27.7,-44.8,3,4,3,1,0,0,0,0,0,0,1,3,194,143,185,221,255,276,360,336,308,341,249,188,194,207,207,176,164,123,62,84,102,89,141,203,2,0,0,0,0,9,19,15,20,12,0,0,29,24,27,29,30,30,31,31,30,31,29,27,0,0,0,0,0,0,0,0,0,0,0,0,52.388,57.223,90.204,91.413,112.668,111.205,121.653,104.412,88.867,80.159,60.339,51.123,6.221,24.977,46.335,9.192,105.16,110.345,121.61,102.938,87.549,58.906,29.599,0,62,62,57,69,66,70,70,72,69,64,58,67,-2.12,-2.86,-2.88,2.32,-5.8,-6.4,-7.48,-6.62,-6.94,-6.13,-5.14,-2.06,17.3,18.1,20.2,20.9,5.8,6.6,10.9,9.1,11.6,12.3,15.5,15,257,134,2,53,-28.8,19.8,30.3,10.5,9,3,0,1,546,661,973,899,585,548,268,332,4,0,44,32,84,86,92,89,0,0,0,0,154,294,337,229,31,161,335,176,64,64,71,64,-7.04,-6.36,-20.5,-18.21,13.6,16.6,10.5,6.1,321,11,73.4,1482,14,3057,1752,77,347,34,346,312,1,-8.6,35.5,7.9,1015,703,65,-52.11,1402
1942,3425410,NA,37.898448,-122.313558,-9999,13.1,15.3,18.1,16.9,18.4,21.6,22.1,21.4,21.7,22.2,17.7,14.1,6.5,6.4,5.7,8.8,9,10.6,12.7,12.2,11.5,10.4,7.5,6.3,9.8,10.8,11.9,12.9,13.7,16.1,17.4,16.8,16.6,16.3,12.6,10.2,140,121,69,117,22,1,0,1,5,25,106,78,-50.5,10.2,18.1,17.7,19.4,21.9,36.6,29.3,39.5,17.4,-26.6,-42.7,5,4,2,1,0,0,0,0,0,0,1,5,141,151,197,230,274,333,384,367,349,351,215,152,259,196,195,166,147,79,46,62,73,82,171,240,0,0,0,1,2,22,28,24,32,17,0,0,30,27,29,30,31,30,31,31,30,31,29,30,1,0,0,0,0,0,0,0,0,0,0,0,31.799,45.975,81.051,81.399,105.634,124.138,119.948,106.218,88.902,75.28,44.909,31.752,0,0,11.735,0,83.195,123.459,119.614,105.568,83.402,49.923,0,0,78,71,61,74,70,66,71,71,69,64,67,78,10.07,7.03,0.14,6.35,-3.99,-7.87,-7.61,-7.28,-7.21,-5.96,4.39,3.37,14.3,17.8,21.7,20.6,6.9,7.9,11.8,9.8,10.6,12.8,16.8,15.2,444,209,2,137,-27.7,18.4,29.2,10.1,13,3,0,1,467,700,1085,915,674,508,187,326,0,4,74,49,88,89,92,90,1,0,0,0,108,268,350,209,0,95,349,133,76,69,70,67,20.47,2.5,-22.76,-8.78,13.8,17.4,9.8,7.6,687,30,34.6,587.2,17,3144,1717,127,357,8,354,346,2,-6.4,34.6,7.5,936,577,70,-8.57,1506
1942,231694,NA,36.950879,-122.066217,-9999,16,15.9,18.5,17.2,18.6,21,21.7,20.3,21,21.4,19,16.4,4.9,4.2,4.1,7.2,7.9,8.8,11.1,10.9,9.4,8.1,5.1,3.8,10.4,10,11.3,12.2,13.3,14.9,16.4,15.6,15.2,14.7,12.1,10.1,179,136,88,122,33,1,1,1,3,33,129,80,-53.5,12.2,20,19.8,18.1,23,35.8,29.6,39.5,17.7,-27.6,-44.1,4,4,3,1,0,0,0,0,0,0,1,5,157,132,181,210,260,296,354,330,306,302,199,148,239,219,210,186,160,107,66,88,104,120,184,244,0,0,0,0,0,13,17,14,20,3,0,0,27,24,26,29,30,30,31,31,29,30,26,25,1,0,0,0,0,0,0,0,0,0,1,0,43.774,52.578,87.665,89.871,112.115,127.012,124.587,104.776,92.529,78.14,53.322,42.128,0,0,0,0,78.738,125.685,123.213,103.441,89.266,44.759,0,0,65,63,56,68,66,63,68,71,64,59,57,68,12.16,7.79,1.45,6.31,-3.29,-7.85,-7.68,-6.81,-7.49,-5.09,5.43,1.8,16,18.1,21,20.5,5.1,6.4,10.3,7.5,10.6,12.2,15.6,14,601,244,4,166,-28.5,19.3,29.4,9.9,12,3,0,1,466,650,980,808,671,555,262,408,0,0,44,22,81,85,92,86,2,1,0,1,136,290,356,224,0,79,352,134,65,63,67,60,21.74,4.47,-22.33,-7.15,13,16.4,10,6.3,808,41,28.5,403.1,18,2875,1926,66,339,45,334,288,3,-10.2,34.8,7.5,1006,565,63,-3.26,1257
1943,2275918,NA,37.42756,-122.17152,-9999,15.4,17.4,18.1,20.8,24.9,24.6,26.8,27.2,27.7,23.1,20.2,16.1,4.1,5.8,7.4,8.1,8.6,9.8,11.4,11.3,12.1,9,6.1,5.1,9.7,11.6,12.8,14.4,16.8,17.2,19.1,19.2,19.9,16,13.1,10.6,151,61,83,32,2,1,0,1,1,19,18,48,-53.3,12,16.9,21.9,9,27.5,28,25.9,38.1,17.1,-28,-43.8,5,3,2,0,0,0,0,0,0,0,1,4,143,171,225,275,365,366,437,441,446,342,233,167,261,183,172,124,71,58,23,24,28,88,157,226,0,0,3,9,25,34,57,63,84,16,2,0,26,26,30,29,30,30,31,31,30,31,28,28,1,0,0,0,0,0,0,0,0,0,0,0,42.355,54.683,78.153,108.125,152.845,149.125,161.654,149.766,121.68,82.446,54.724,39.244,0,0,0,75.936,150.822,147.9,161.172,149.153,120.671,63.281,36.81,0,64,63,67,61,52,56,55,54,55,58,57,67,9.59,-0.25,1.93,-4.8,-10.94,-10.43,-12.04,-12.47,-12.73,-7.59,-6.31,-0.94,16,21.2,26.2,23.7,4.9,8,10.8,9,10.4,14.6,18.5,16.4,276,118,2,38,-28.4,15.9,27.1,9,13,2,0,1,464,866,1244,1022,692,367,104,273,0,36,155,102,79,90,92,88,1,0,0,0,134,339,461,259,0,227,458,221,65,60,55,56,8.39,-13.81,-34.94,-26.63,15,19.9,9.7,10.2,418,5,59.8,3717.3,15,3613,1415,293,350,31,350,319,2,-8.2,38.5,5.9,1192,906,59,-66.99,1927
1943,5504847,NA,37.6553,-122.0567,-9999,14.4,16.4,17,19.1,23.1,22.4,25.1,25.4,26.4,22,19.8,15.4,3.8,5.5,7.3,8,8.7,9.6,11.6,11.4,12.4,9.4,6,5.1,9.1,11,12.2,13.5,15.9,16,18.3,18.4,19.4,15.7,12.9,10.2,169,68,100,43,2,2,1,1,1,19,26,56,-52.7,11.5,16.1,20.5,11.9,25.8,30.9,27.1,38.6,17.4,-27.8,-43.5,7,3,2,0,0,0,0,0,0,0,1,4,127,157,208,249,339,330,414,415,431,332,226,157,281,193,188,148,90,82,32,35,33,96,163,238,0,0,1,5,17,21,42,47,74,13,2,0,25,26,30,29,30,30,31,31,30,31,28,28,1,0,0,0,0,0,0,0,0,0,0,0,39.712,51.449,73.019,97.807,139.754,133.999,148.025,136.717,112.908,76.499,52.956,37.174,0,0,0,54.371,137.293,132.068,147.477,135.843,111.994,57.588,27.167,0,66,65,69,65,57,61,60,59,59,62,58,71,12.04,0.83,4.1,-2.6,-9.43,-8.73,-10.48,-10.78,-11.4,-6.72,-5.28,0.14,14.9,19.7,24.3,22.7,4.8,8,10.9,9.3,9.8,13.9,17.6,16,311,146,3,46,-28.2,16.2,28,9.4,15,2,0,1,422,796,1158,990,736,426,148,292,0,23,110,88,79,90,92,88,2,0,0,0,125,311,419,242,0,192,415,197,67,64,60,60,13.02,-7.93,-29.99,-23.41,14.4,19.4,9.1,10.3,488,7,50,2882.9,18,3386,1577,220,349,30,351,321,2,-9,37.1,6.3,1096,804,62,-48.31,1717
1943,1176,NA,34.03974,-118.589581,-9999,19,20.6,18.8,20.5,22.7,22.4,24.6,25.3,26.4,23.7,23.5,18.1,8.7,9.4,10.4,11.1,12.4,11.9,14.7,15.1,14.7,13.4,10.1,9.5,13.9,15,14.6,15.8,17.6,17.2,19.7,20.2,20.6,18.6,16.8,13.8,239,90,96,22,1,1,0,1,2,7,5,200,-54.3,12.5,15.6,19.2,18.8,22.3,37,31,41.4,19,-28,-43.9,2,1,1,0,0,0,0,0,0,0,0,2,258,263,281,319,389,365,456,471,466,420,341,257,142,100,122,90,57,58,17,16,23,43,72,145,9,12,9,16,33,34,71,85,99,47,28,9,31,28,31,30,31,30,31,31,30,31,30,31,0,0,0,0,0,0,0,0,0,0,0,0,53.642,66.261,79.389,100.958,128.06,128.046,134.986,127.924,113.624,83.322,67.988,45.096,0,0,0,79.306,126.917,127.416,134.921,126.731,111.236,75.961,63.369,0,68,66,73,71,68,68,70,69,66,69,60,65,17.16,1.39,3.49,-4.83,-8.18,-8.15,-9.06,-9.4,-10.41,-8.02,-9.16,14.1,19.8,20.7,24.1,24.5,8.9,11.3,13.9,12.8,14.4,16,19,18.7,359,119,2,14,-28.6,17.9,30.1,10.8,4,1,0,0,791,989,1291,1227,376,269,91,137,33,58,189,173,90,92,92,91,0,0,0,0,172,308,391,265,21,206,389,251,66,71,69,65,32.65,-9.53,-26.61,-27.58,17,20.6,13.8,6.7,664,5,40.6,3791.7,6,4285,885,451,365,0,365,365,0,0.7,38.9,7.5,1137,867,68,-31.07,2529
1943,3904095,NA,34.533002,-117.283871,-9999,15.1,17.9,19.5,24.1,29.3,30.8,36.2,35.7,34.8,26.6,20.6,12.7,-0.5,1.5,4.8,6.7,10,10.6,15.9,15.8,13.1,8,2.2,-0.3,7.3,9.7,12.1,15.4,19.7,20.7,26.1,25.7,23.9,17.3,11.4,6.2,68,35,35,11,1,1,1,1,7,8,3,64,-54.1,15.5,20.5,25.7,12.1,30.3,28.5,29.6,39.9,17.4,-28.1,-43.6,11,5,2,0,0,0,0,0,0,0,1,13,98,141,221,311,453,471,651,641,567,381,191,73,336,228,189,98,29,16,1,1,7,63,202,363,0,0,5,20,75,96,250,240,177,38,2,0,14,18,27,29,31,30,31,31,30,30,20,14,1,0,0,0,0,0,0,0,0,0,0,1,51.193,66.46,96.136,135.658,184.682,195.191,225.254,203.327,167.221,106.89,65.82,41.226,0,31.572,61.266,124.492,183.861,194.308,223.987,202.374,159.944,99.127,62.589,0,51,50,55,49,46,45,46,47,43,47,46,47,1.24,-4.5,-5.14,-10.81,-16.42,-18.12,-24.04,-23.25,-22.25,-13.3,-9.58,2.3,16.7,24.3,34.2,27.3,0.2,7.2,14.1,7.7,8.4,15.8,24.2,17.5,112,47,3,18,-27.4,19.4,29.5,9.7,23,2,0,2,357,985,1763,1139,862,316,18,272,0,100,586,217,45,87,92,80,1,0,0,0,169,416,624,340,74,370,621,322,49,50,46,45,-0.97,-32.37,-65.4,-45.13,16.3,26.1,6.2,19.8,235,11,111.9,2326.4,33,4198,1533,903,304,79,322,243,1,-19.6,45.5,7.8,1550,1386,48,-143.87,2573
1943,3440200,NA,35.098215,-120.579118,-9999,17.9,19.4,17.8,19.6,19.8,19.2,20.6,20.4,22.2,21.2,21.8,18.1,4.6,6.4,8,8.4,8.6,8.7,10.7,11.3,11.3,9.3,6.6,6.3,11.2,12.9,12.9,14,14.2,13.9,15.7,15.9,16.8,15.3,14.2,12.2,188,52,85,36,3,1,0,1,1,23,10,90,-54.9,13.5,16.7,21.1,18.1,23.3,37.9,30.5,40.4,18.6,-28.2,-44.4,4,2,2,0,0,0,0,0,0,0,1,3,176,201,226,265,287,268,332,338,354,320,263,206,212,151,169,134,134,130,84,83,70,106,129,188,0,2,0,5,3,8,12,16,34,5,3,1,27,27,31,30,30,30,31,31,30,31,28,30,1,0,0,0,0,0,0,0,0,0,0,0,53.358,64.94,79.332,103.747,119.346,115.262,119.608,105.796,97.173,79.202,64.45,47.709,0,12.814,0,67.929,116.701,114.291,119.562,104.782,96.184,56.326,54.376,0,59,60,69,65,65,67,69,72,67,63,54,57,11.91,-2.27,2.4,-3.6,-6.94,-6.68,-7.2,-6.79,-8.1,-5.75,-8.15,2.34,18.6,19.1,20.1,21.8,5.2,8.3,10.2,9.1,11.9,13.7,15.2,15.4,293,124,2,34,-28.6,18.6,30.5,10.3,9,2,0,1,565,779,937,936,566,438,296,304,2,8,36,42,81,91,92,89,1,0,0,0,169,302,341,241,13,185,339,207,58,66,69,61,11.98,-8.13,-20.68,-21.99,14.1,16.8,11.2,5.5,490,6,49.2,2962.9,11,3235,1588,88,355,18,354,335,1,-8.6,35.5,7.7,1053,743,64,-38.82,1545
1943,3425410,NA,37.898448,-122.313558,-9999,14.5,17,17.5,18.6,21.8,20,21.4,22,24,21.3,19.8,15.6,5,6.7,8.5,9.2,9.7,10.3,12,11.8,12.9,10.3,7.4,6.2,9.8,11.8,13,13.9,15.8,15.2,16.7,16.9,18.4,15.8,13.6,10.9,190,64,84,46,3,2,0,1,1,15,28,55,-52.3,10.9,15.4,19,14.3,23.8,37,28.9,39.2,17.8,-27.6,-43.4,5,3,2,0,0,0,0,0,0,0,1,4,143,174,230,261,336,304,364,370,402,335,246,172,259,177,166,137,92,101,59,60,44,93,145,218,0,0,3,6,15,14,20,25,56,13,3,0,28,27,31,30,31,30,31,31,30,31,29,30,1,0,0,0,0,0,0,0,0,0,0,0,38.105,50.845,71.816,91.228,127.531,113.526,118.112,111.681,97.462,71.244,51.104,35.938,0,0,0,45.393,124.182,111.722,117.76,111.173,96.369,56.07,23.066,0,69,67,71,70,63,70,71,69,67,66,61,75,14.12,0.47,2.62,-1.74,-8.03,-6.73,-7.36,-7.82,-8.98,-6.27,-4.74,0.24,15.2,19.3,21.1,21.7,6,9.1,11.4,10.2,10.6,14.2,16.3,15.9,332,133,3,44,-28.3,16.2,29.9,9.8,13,2,0,1,471,827,1038,983,677,395,220,282,0,24,60,72,85,92,92,90,1,0,0,0,121,291,343,220,0,170,341,176,70,68,70,65,14.83,-7.14,-21.91,-19.99,14.3,18.4,9.8,8.6,490,7,49.6,2590.9,15,3337,1552,156,358,7,359,351,2,-6.4,34.6,6.9,974,686,68,-34.22,1656
1943,231694,NA,36.950879,-122.066217,-9999,16,18,18.2,18.7,20.9,19.9,20.7,21.6,23.6,21,20.8,16.6,3.3,5.2,6.8,7.2,7.8,8.8,10.4,10.4,10.8,7.8,5.1,4.5,9.7,11.6,12.5,13,14.3,14.3,15.6,16,17.2,14.4,12.9,10.6,246,101,136,48,3,2,1,1,2,28,24,88,-54,12.8,17.6,21.1,14.5,24.9,36.7,28.8,39.1,17.8,-28.3,-44.1,6,3,2,1,0,0,0,0,0,0,1,4,139,168,214,233,292,279,328,342,367,292,225,163,262,184,180,164,130,121,86,80,62,129,163,228,0,0,0,1,5,10,11,17,39,1,0,0,24,25,30,29,30,30,31,31,30,30,26,27,2,0,0,0,0,0,0,0,0,0,0,0,45.779,58.096,80.998,98.658,127.933,118.977,120.106,115.35,102.841,77.106,58.352,42.038,0,0,0,50.304,124.9,116.556,118.826,114.335,100.81,48.851,34.501,0,60,60,64,64,60,66,68,66,62,60,53,60,18.68,3.3,6.98,-1.97,-7.84,-6.96,-7.2,-7.87,-9.18,-5.41,-6.28,2.68,16.8,19.2,20.7,21.8,4.1,7.3,9.9,7.9,10.4,13.3,15.3,14.8,427,187,5,54,-28.4,17.7,30.1,9.5,13,2,0,1,457,739,949,884,690,473,287,353,0,6,38,40,75,89,91,86,2,0,0,0,146,308,354,238,0,175,350,184,60,63,66,58,24.66,-2.83,-22.04,-20.87,13.5,17.2,9.7,7.5,682,10,34.5,1760.1,16,3042,1788,85,343,43,341,298,3,-10.2,34.8,7.2,1046,709,62,-21.08,1389
1944,2275918,NA,37.42756,-122.17152,-9999,15,14.8,19.3,18.6,23.1,24.3,25.4,27.3,27.2,24,16.4,16,5,4.7,5.3,6.4,8.5,10.5,11.3,10.7,10.1,9.5,6.4,5.2,10,9.8,12.3,12.5,15.8,17.4,18.3,19,18.7,16.8,11.4,10.6,82,140,29,37,14,3,1,1,1,39,128,72,-52.8,11.1,19.6,21.6,11.5,26.1,30,25.6,38,16.8,-26.2,-43.7,5,5,2,1,0,0,0,0,0,0,1,4,149,129,210,219,337,372,414,433,410,365,182,165,252,226,185,176,91,54,31,27,41,72,201,227,0,0,0,0,16,37,42,58,61,23,0,0,27,25,28,28,30,30,31,31,30,31,28,28,0,1,0,0,0,0,0,0,0,0,1,0,40.269,47.661,88.488,99.621,140.905,145.262,151.827,152.095,122.919,85.392,43.555,38.785,0,0,59.785,62.935,127.105,142.398,151.235,151.388,122.025,46.405,0,0,68,67,57,62,56,59,58,52,51,57,68,65,2.94,8.87,-4.79,-3.29,-8.31,-9.87,-10.78,-12.75,-12.79,-6.23,7.12,1.48,15.3,20.4,25.7,22.5,5,6.7,10.8,8.7,10.1,13.5,18.2,15.6,270,79,4,168,-28.5,17.6,27.2,9.5,14,3,0,2,444,767,1219,957,705,452,112,314,0,16,137,83,80,87,92,88,1,0,0,1,127,329,449,252,0,250,445,168,67,58,56,59,13.29,-16.4,-33.4,-11.9,14.4,19,9.8,9.2,544,19,44.8,1006.2,18,3385,1585,236,347,41,343,302,1,-8.2,38.5,6.5,1157,863,60,-48.4,1732
1944,5504847,NA,37.6553,-122.0567,-9999,14.1,14,18.4,16.8,21.3,22,23.7,25.7,26.4,22.9,15.7,14.8,4.6,4.6,5.1,6.3,8.5,10.2,11.2,10.9,10.9,10,6.5,5.3,9.4,9.3,11.8,11.5,14.9,16.1,17.5,18.3,18.6,16.5,11.1,10,94,160,32,49,18,5,1,1,1,43,149,83,-52.2,10.6,19,20.2,14.6,24.5,32.8,26.8,38.4,17.2,-25.9,-43.3,6,5,2,1,0,0,0,0,0,0,2,5,133,119,195,192,309,332,387,413,408,356,173,150,272,239,199,202,115,80,45,36,41,79,208,245,0,0,0,0,9,22,29,45,60,20,0,0,27,25,28,28,30,30,31,31,30,31,28,28,1,1,0,0,0,0,0,0,0,0,1,0,38.027,45.044,84.325,89.329,127.563,128.836,139.035,140.75,116.61,79.324,40.961,35.378,0,0,51.875,40.437,109.648,124.278,138.402,139.761,115.667,36.131,0,0,69,69,59,66,61,64,63,57,55,61,70,67,4.69,11.37,-3.96,-1.08,-6.53,-7.97,-9.41,-11.27,-11.9,-4.86,9.6,3.19,14.5,18.8,23.8,21.7,4.8,6.6,10.8,9.1,9.6,12.7,17.3,15.4,310,99,6,193,-28.3,17.9,28,9.9,16,3,0,2,408,696,1133,938,749,516,160,328,0,9,96,79,79,86,92,89,2,0,0,1,120,301,409,237,0,202,402,152,68,62,61,62,19.24,-11.57,-28.65,-7.15,13.8,18.6,9.3,9.3,636,25,37.4,743.7,21,3168,1759,184,347,39,347,307,2,-9,37.1,6.9,1067,756,64,-28.13,1556
1944,1176,NA,34.03974,-118.589581,-9999,18.6,16.6,20,18.6,20.3,19.9,22.4,25.7,24.5,23.2,19.3,20.6,7.9,6.8,8.7,8.6,12,11.9,13.8,14.8,15.2,13.2,10.2,9.2,13.3,11.7,14.3,13.6,16.1,15.9,18.1,20.3,19.9,18.2,14.7,14.9,45,232,54,18,2,1,0,1,1,2,109,24,-54.3,11.8,18,20.1,22,20.7,39.2,30.8,41.7,19.1,-26.3,-44.7,2,3,1,0,0,0,0,0,0,0,0,1,242,174,275,254,346,327,406,473,445,408,281,290,158,181,130,145,84,84,35,15,28,48,116,118,7,0,9,4,18,20,38,86,84,42,10,17,31,27,31,30,31,30,31,31,30,31,30,31,0,0,0,0,0,0,0,0,0,0,0,0,53.551,55.906,90.873,97.947,110.329,107.825,120.272,132.136,99.871,81.25,52.462,53.491,8.537,0,36.55,80.371,108.267,106.671,120.203,130.969,98.85,79.419,0,29.394,66,69,65,68,74,75,74,68,72,70,72,73,-2.16,17.52,-1.89,-4.73,-6.43,-6.28,-7.54,-9.86,-8.69,-8.21,4.44,-5.22,17.8,19.6,22.7,22.3,8.1,9.8,13.5,12.9,12.9,14.7,18.1,17.6,478,74,2,112,-29.1,20,30.2,11.5,7,2,0,1,675,875,1206,1135,484,359,134,192,18,31,145,135,89,92,92,91,1,0,0,0,155,299,360,234,9,225,358,178,69,69,72,71,10.15,-13.06,-23.68,-12.46,15.9,20.3,11.7,8.6,490,5,52.9,3702.2,8,3923,1144,335,364,0,365,365,1,0.7,38.9,8.2,1048,770,70,-39.05,2168
1944,3904095,NA,34.533002,-117.283871,-9999,13.7,13,18.6,21.3,27,28.6,34.9,36.8,33.7,27.2,15.9,15.7,-1.7,-0.8,1.9,3.7,8.6,10,14.4,14.7,12.2,7.4,1.6,-0.8,6,6.1,10.3,12.5,17.8,19.3,24.6,25.8,23,17.3,8.8,7.4,10,71,16,8,1,1,1,1,1,1,39,8,-53.4,14.4,21.9,26.1,14,29.7,29.1,29.1,40.2,17.2,-26.6,-44.4,15,13,4,1,0,0,0,0,0,0,4,10,72,67,170,225,395,428,607,642,537,380,129,98,377,329,242,176,53,28,2,1,10,63,278,326,0,0,1,6,43,69,206,241,156,37,0,0,11,11,21,25,30,30,31,31,30,30,19,13,0,2,0,0,0,0,0,0,0,0,1,0,48.151,52.785,95.741,124.361,170.964,179.833,218.854,214.547,162.505,109.865,52.872,48.637,38.413,0,79.436,116.263,169.613,178.93,218.026,213.529,161.507,109.053,14.07,40.959,50,55,49,48,48,48,45,42,43,44,55,58,-3.53,2.86,-6.91,-9.37,-14.1,-15.5,-22.52,-25.62,-21.53,-14.69,-2.43,-5.14,13.1,22.3,33.4,25.6,-0.9,4.7,13,7.1,6.1,13.5,23.2,16.3,144,26,3,41,-27.8,20.6,29.3,10.3,42,4,0,4,212,790,1677,1046,1069,472,30,351,0,50,516,193,36,76,92,79,3,0,0,1,142,391,613,325,38,365,610,285,55,48,45,47,-5.81,-30.38,-63.65,-38.66,14.9,25.8,6,19.8,157,5,158.5,5050.7,46,3751,1885,759,281,102,314,212,3,-19.6,45.5,8.1,1472,1299,48,-138.5,2220
1944,3440200,NA,35.098215,-120.579118,-9999,18.5,16.3,19.2,17.4,18.2,18.2,19.1,21,21.4,21.6,18.3,18.8,4.7,5,5.3,6.3,8.7,10,10.8,10.9,11,9.9,6.9,5.2,11.6,10.7,12.3,11.8,13.5,14.1,15,16,16.2,15.7,12.6,12,48,166,33,46,6,1,0,1,1,4,103,41,-55.3,12.5,20,21.1,20.7,21.8,40.2,30.1,40.5,18.6,-26.8,-44.7,3,4,2,1,0,0,0,0,0,0,1,3,184,146,207,201,265,273,305,341,336,333,215,196,203,202,186,194,154,125,102,80,81,95,171,194,0,0,0,0,0,9,8,17,28,9,0,0,27,25,28,28,30,30,31,31,30,31,29,28,0,0,0,0,0,0,0,0,0,0,0,0,55.117,55.87,92.267,95.753,107.071,102.391,107.076,112,93.425,79.601,52.964,50.863,7.208,0,59.44,49.74,101.123,101.342,107.031,110.811,91.928,75.544,0,9.527,57,64,57,65,70,74,74,69,68,64,64,63,-2.47,10.71,-4.28,-1.64,-5.54,-5.71,-6.15,-7.34,-7.54,-7.73,3.66,-3.2,17.6,18.2,19.4,20.4,5.3,6.8,10.6,9.2,11.5,12.5,15,14.8,304,85,2,109,-29.2,20.6,30.7,10.7,10,3,0,1,537,674,919,884,592,534,307,347,1,0,34,36,82,87,92,89,1,0,0,0,159,295,321,226,7,210,319,167,61,64,72,65,5.04,-11.46,-19.2,-11.61,13.4,16.2,10.7,5.5,451,10,51.9,1663.7,14,3004,1788,70,348,37,348,311,1,-8.6,35.5,8.2,1001,704,65,-37.23,1360
1944,3425410,NA,37.898448,-122.313558,-9999,14,14.6,19.1,16.3,19.9,19.4,20.1,22.4,24.1,22.2,15.7,14.8,5.8,6.1,6.6,7.5,9.4,10.9,11.5,11.2,11.4,10.8,7.8,6.4,9.9,10.4,12.9,11.9,14.7,15.2,15.8,16.8,17.7,16.5,11.7,10.6,106,154,36,54,19,4,0,1,1,42,142,78,-51.6,10,18.3,18.5,17.2,22.7,38.8,28.5,39,17.5,-25.5,-43,5,4,2,1,0,0,0,0,0,0,1,4,144,141,225,202,302,305,336,367,383,357,190,164,256,210,170,192,121,100,81,62,53,78,193,227,0,0,2,0,7,15,13,24,46,19,0,0,29,27,30,29,31,30,31,31,30,31,29,30,1,0,0,0,0,0,0,0,0,0,1,0,35.507,44.238,84.355,82.506,115.002,106.321,109.576,116.417,102.056,74.002,38.331,33.464,0,0,48.854,28.613,96.278,102.039,109.179,115.822,100.972,32.377,0,0,73,72,61,72,67,73,73,66,62,65,74,69,6.13,10.6,-3.72,0.02,-5.23,-5.91,-6.55,-8.27,-9.52,-4.14,9.27,2.98,14.8,18.5,20.6,20.6,6,7.8,11.2,10,10.4,13.2,15.9,15.3,316,108,5,185,-28.2,18,30,10.3,13,3,0,1,456,729,1007,929,684,482,243,324,0,9,51,65,85,90,92,90,1,0,0,1,116,282,332,214,0,174,327,133,72,67,71,67,19.71,-8.93,-20.74,-4.39,13.7,17.7,9.9,7.9,637,25,37.2,707.6,17,3114,1742,126,357,13,356,343,1,-6.4,34.6,7.5,944,634,69,-14.35,1478
1944,231694,NA,36.950879,-122.066217,-9999,15.6,15,19.1,16.8,19.4,19.8,19.4,21.5,22.3,22,17.4,17.2,4.2,4.1,4.5,5.7,7.8,9.6,10.7,9.8,8.9,8.4,5.5,4.4,9.9,9.5,11.8,11.2,13.6,14.7,15.1,15.7,15.6,15.2,11.4,10.8,134,244,41,61,24,6,2,1,2,44,206,98,-53.5,11.8,20.2,20.9,16.9,23.6,39.1,28.7,39.2,17.5,-26.8,-44.3,5,5,2,1,0,0,0,0,0,0,1,4,143,120,193,184,270,291,313,331,318,317,180,167,255,233,198,211,150,111,100,87,95,108,200,221,0,0,0,0,1,12,9,14,22,5,0,0,26,24,27,28,30,30,31,31,29,30,27,27,1,1,0,0,0,0,0,0,0,0,1,0,43.849,50.041,89.895,91.544,117.296,115.531,108.924,116.495,100.704,80.05,48.214,43.683,0,0,48.614,30.894,92.908,109.271,107.327,115.297,98.863,36.427,0,0,63,65,55,65,64,68,73,64,59,59,63,62,7.73,19.14,-3.56,0.06,-4.66,-6.33,-6.22,-7.93,-8.73,-4.43,14.22,3.24,15.8,18.4,20.2,20.5,4.3,6,10,7.6,10,12.2,15.1,14.1,466,126,9,251,-28.7,19.3,30.5,10,14,3,0,2,424,647,936,815,716,558,298,403,0,1,35,28,76,85,92,87,2,0,0,1,136,299,341,229,0,172,332,135,63,61,68,60,30.11,-8.16,-20.48,1.06,12.9,15.7,9.5,6.1,862,35,26.5,443.6,19,2827,1968,64,339,55,331,276,2,-10.2,34.8,7.8,1005,640,63,2.54,1226
1945,2275918,NA,37.42756,-122.17152,-9999,14.3,16.7,15.9,21.7,20.6,27.2,27.3,26.6,27,23.4,17.3,14.7,3.7,5.3,4.7,6,9.2,10.6,12.3,10.9,11.3,10.2,6.5,5.6,9,11,10.3,13.9,14.9,18.9,19.8,18.7,19.2,16.8,11.9,10.1,22,122,92,11,12,1,1,1,1,51,58,171,-52.7,11.8,17.4,24.4,16,23.4,27.9,26.1,38.2,17.1,-26.6,-43.2,7,3,3,0,0,0,0,0,0,0,1,5,126,159,159,260,309,416,459,426,425,366,198,155,283,199,240,138,115,32,17,30,35,72,188,242,0,0,0,6,10,61,73,53,69,24,0,0,25,26,27,28,31,30,31,31,30,31,28,29,0,0,0,0,0,0,0,0,0,0,0,1,40.062,52.895,74.002,118.319,120.984,165.815,162.355,146.696,119.509,81.386,45.88,35.017,18.415,0,0,107.386,108.846,165.083,161.772,145.865,118.348,30.095,0,0,65,64,64,53,65,52,57,54,55,61,66,66,-2.63,6.13,3.46,-8.11,-6.4,-12.69,-12.21,-11.96,-12.24,-4.27,-0.34,12.14,15.7,19.4,27,22.6,4.7,6.6,11.3,9.4,10.2,13,19.1,16,215,115,2,111,-28,19.2,25.8,9.6,14,4,0,1,451,728,1300,988,710,493,79,295,0,16,187,94,79,86,92,89,1,0,0,0,132,313,475,247,18,216,473,148,65,61,55,60,15.63,-11.05,-36.86,-16.85,14.5,19.8,9,10.8,542,15,45.3,1281.8,20,3455,1592,296,346,45,347,301,2,-8.2,38.5,6.6,1167,856,61,-49.12,1806
1945,5504847,NA,37.6553,-122.0567,-9999,12.8,15.8,14.9,20.6,18.6,25.3,25.8,25,25.8,22.2,16.7,13.6,3.2,5.2,4.3,6.1,9,10.8,12.4,11,11.8,10.8,6.8,5.6,8,10.5,9.6,13.4,13.8,18,19.1,18,18.8,16.5,11.7,9.6,26,130,109,12,15,1,1,1,1,61,71,186,-51.7,11.3,16.7,23.4,19.2,22,30.4,27.2,38.8,17.6,-26.2,-42.8,9,4,4,0,0,0,0,0,0,0,1,5,103,148,140,245,277,391,436,403,414,357,193,142,314,205,262,152,144,44,23,41,39,78,193,258,0,0,0,4,4,47,57,40,63,21,0,0,24,25,27,28,31,30,31,31,30,31,29,29,0,0,0,0,0,0,0,0,0,0,0,1,36.152,49.966,69.408,111.36,107.323,150.903,150.576,135.263,110.911,74.579,43.246,31.943,9.846,0,0,99.119,91.934,149.908,149.911,134.301,109.803,13.786,0,0,69,66,66,56,70,57,61,59,59,65,68,69,-1.3,7.33,5.7,-7.21,-4.88,-10.87,-10.86,-10.54,-10.98,-2.3,1.31,14.25,14.5,18,25.3,21.5,4.6,6.5,11.4,9.8,9.5,12.3,18.4,15.7,239,136,3,133,-27.7,19.8,26.5,10,17,5,0,1,403,662,1230,964,764,558,107,309,0,8,143,84,77,85,92,89,1,0,0,0,121,288,437,229,10,191,434,124,68,64,59,64,20.27,-6.39,-32.27,-11.98,13.9,19.1,8,11.1,614,19,39,997.7,24,3249,1751,235,344,47,349,302,2,-9,37.1,7.2,1075,759,64,-30.36,1642
1945,1176,NA,34.03974,-118.589581,-9999,19.2,18.6,17.3,19.8,20.3,21.2,25,26.3,26.1,23.1,21.5,18.4,7.1,8.7,7.1,9.1,11.3,13.2,16,16.4,15.9,14.2,9.6,8.9,13.1,13.7,12.2,14.4,15.8,17.2,20.5,21.4,21,18.6,15.5,13.6,6,110,104,4,1,1,0,4,2,18,11,141,-55,11.8,17.2,20.6,21.4,21.2,37.4,30.9,41.5,19.3,-27.4,-44.1,2,2,2,0,0,0,0,0,0,0,0,2,239,229,211,278,337,365,480,507,478,422,305,255,161,131,188,124,91,58,12,9,20,42,98,149,7,6,0,8,15,34,90,113,108,50,17,10,31,28,30,30,31,30,31,31,30,31,30,31,0,0,0,0,0,0,0,0,0,0,0,0,56.659,59.865,81.067,103.65,113.408,111.688,131.926,129.701,107.312,77.76,61.65,47.168,50.507,0,0,99.259,112.002,110.832,131.845,125.732,105.433,60.038,50.439,0,62,69,67,67,72,75,73,71,70,73,64,65,-6.6,4.58,4.35,-6.66,-6.7,-6.77,-8.92,-9.52,-9.71,-6.21,-7.06,7.85,19.4,19.1,24.2,23.6,8.3,9.2,15.2,13.2,13.9,14.1,19.7,18.4,140,110,5,31,-29.1,19.8,29.9,11.1,5,2,0,0,759,826,1352,1206,411,403,79,160,31,23,237,175,90,91,92,91,0,0,0,0,170,298,373,247,80,211,368,216,65,69,73,69,5.83,-9.01,-25.22,-22.98,16.4,21.4,12.2,9.2,404,8,65.5,2607.1,8,4105,1082,458,364,2,365,363,0,0.7,38.9,7.9,1088,875,69,-51.37,2340
1945,3904095,NA,34.533002,-117.283871,-9999,15.4,15.7,16,23.5,26.4,31.5,37.6,35.5,32.8,26,19,14.2,-1.9,0.8,0.5,4.5,8.5,12.4,17.3,16.2,12.9,8.1,1.1,-1.4,6.7,8.3,8.2,14,17.5,21.9,27.4,25.8,22.9,17.1,10.1,6.4,4,36,36,4,2,0,3,24,5,7,1,54,-54.4,14.9,21,26.8,14.5,29.2,27.9,29.7,40.6,17.5,-27.7,-44.1,12,7,6,0,0,0,0,0,0,0,2,13,87,109,121,269,387,507,694,644,535,374,161,78,353,268,304,135,58,10,0,1,11,67,238,356,0,0,0,12,40,124,293,244,154,36,0,0,10,16,16,26,30,30,31,31,30,30,18,11,0,0,0,0,0,0,0,0,0,0,0,1,52.675,60.036,85.495,135.36,167.351,195.693,232.406,200.455,156.021,103.956,62.042,45.488,48.335,24.075,49.834,131.519,165.173,195.208,229.641,176.435,151.227,96.609,60.693,0,46,53,52,45,49,47,47,48,46,49,46,49,-5.14,-2.51,-2.71,-11.44,-13.47,-18.43,-25.67,-20.4,-19.61,-12.66,-8.82,0.55,15.6,22,34.8,26,-0.6,4.5,15.3,7.4,7.5,13.2,25.1,16.7,48,42,27,13,-27.9,20.8,29,10.2,29,7,0,2,295,777,1845,1070,947,497,11,316,0,52,660,189,38,73,92,78,0,0,0,0,161,388,629,322,113,347,601,309,49,49,48,47,-7.1,-27.62,-64.5,-41.1,15.5,27.4,6.4,21,177,34,144.1,801.3,41,3967,1802,901,280,103,312,208,1,-19.6,45.5,8,1500,1370,48,-140.32,2405
1945,3440200,NA,35.098215,-120.579118,-9999,17.3,18.2,15.9,18.8,17.8,19.6,21,21.4,22.2,21.5,19.6,17.7,4.1,6.1,4.9,6,8.5,9.8,12.2,12.1,11.7,10.6,6.5,5.7,10.7,12.1,10.4,12.4,13.2,14.7,16.6,16.8,16.9,16,13,11.7,15,104,89,7,4,2,0,2,3,18,21,112,-54.6,13,17.7,22.6,21,21.7,38.5,30.2,40.4,18.7,-27.4,-44.4,4,3,3,1,0,0,0,0,0,0,1,3,165,182,158,218,257,291,361,365,359,342,229,190,231,170,239,178,162,112,61,63,67,88,160,202,0,0,0,0,0,12,19,24,36,12,0,0,26,27,27,28,30,30,31,31,30,31,28,29,0,0,0,0,0,0,0,0,0,0,0,0,52.278,60.997,77.139,105.184,105.438,114.074,116.176,110.104,95.787,77.399,57.515,47.327,37.179,0,0,98.392,101.875,112.233,116.127,108.09,93.172,59.43,36.3,0,59,62,65,60,71,69,73,71,68,67,60,58,-5.15,3.59,3.22,-6.53,-5.63,-6.58,-7.04,-7.19,-7.79,-6.05,-5.46,4.63,18.1,17.5,20.7,21.1,5.1,6.5,11.4,9.6,11.6,12,16,15.3,160,100,4,42,-28.7,20.5,30.1,10.6,9,4,0,1,544,634,1017,929,595,579,236,315,1,0,55,48,80,86,92,89,0,0,0,0,164,288,340,231,47,200,336,189,60,65,71,65,3.06,-8.94,-20.8,-19.31,13.7,16.9,10.4,6.6,376,10,63.1,1680.4,15,3117,1731,103,348,41,351,310,1,-8.6,35.5,8.1,1023,772,65,-45.99,1463
1945,3425410,NA,37.898448,-122.313558,-9999,12.7,16.5,15.5,20.4,17.2,22.9,22,21.5,23.5,21.4,16.7,13.6,4.6,6.7,5.5,7.5,10,11.5,12.6,11.2,12.3,11.7,8.2,6.7,8.7,11.6,10.5,13.9,13.6,17.2,17.3,16.4,17.9,16.6,12.5,10.2,37,120,100,10,17,1,0,0,1,60,77,190,-51.1,10.7,16.2,22,22.6,20.3,36.5,29,39.2,18,-25.9,-42.5,7,3,3,0,0,0,0,0,0,0,1,5,116,169,161,261,269,366,381,353,387,359,213,154,294,184,235,137,151,58,48,71,51,77,174,240,0,0,0,6,2,34,26,20,48,20,0,0,27,27,28,29,31,30,31,31,30,31,30,30,0,0,0,0,0,0,0,0,0,0,0,1,33.884,49.43,69.28,106.535,92.006,130.656,120.06,110.625,96.592,68.836,40.611,29.966,0,0,0,96.128,75.162,130.011,119.615,110.164,95.418,9.03,0,0,73,69,68,60,77,65,71,68,66,70,73,73,-0.13,6.37,4.6,-6.84,-3.54,-8.61,-7.59,-7.66,-8.78,-1.53,2.33,14.82,14.7,17.7,22.1,20.6,5.9,7.6,11.8,10.7,10.3,12.7,16.9,15.6,235,127,2,138,-27.6,20.3,28.6,10.4,14,4,0,1,450,691,1100,958,705,523,177,302,0,8,80,69,84,88,92,91,1,0,0,0,117,268,361,206,0,171,360,104,71,68,68,70,21.05,-5.78,-23.86,-7.99,13.8,17.9,8.7,9.2,614,20,38.8,914.6,20,3188,1720,157,355,23,357,334,2,-6.4,34.6,7.9,952,636,70,-16.58,1557
1945,231694,NA,36.950879,-122.066217,-9999,16.1,17,16.1,18.8,17.1,22,21.1,20.9,22.8,21.4,18.2,15.6,3.2,4.6,4.3,5.1,8.4,9.2,11.6,10.2,10.2,9,5.4,4.9,9.6,10.8,10.2,11.9,12.8,15.6,16.4,15.6,16.5,15.2,11.8,10.3,35,211,139,23,18,3,1,3,3,63,94,233,-54,12.6,18,23.1,21.1,21.3,37.1,29.1,39.2,17.8,-27.2,-43.7,6,4,4,1,0,0,0,0,0,0,1,4,137,150,151,202,245,317,353,329,346,318,192,154,264,197,244,192,174,91,67,89,75,107,191,238,0,0,0,0,0,17,17,14,31,6,0,0,24,25,26,27,30,30,31,31,30,31,27,28,0,0,0,0,0,0,0,0,0,0,0,1,45.935,55.718,76.184,104.335,99.295,132.38,118.271,111.253,100.277,76.621,50.723,39.127,10.583,0,0,80.959,81.184,129.398,116.8,108.418,97.628,13.595,0,0,59,61,62,58,72,61,71,67,62,62,60,60,-2.41,14.72,8.03,-5,-3.77,-8.26,-7.13,-7.25,-8.69,-1.92,2.54,17.72,16.8,17.3,21.3,20.8,4.1,5.9,10.4,8.2,10.4,11.6,15.8,14.5,344,181,7,160,-28.4,20.7,29.2,9.9,13,5,0,1,455,598,999,856,682,610,247,373,0,0,48,37,75,84,92,87,1,0,0,0,145,280,362,228,11,162,355,111,60,64,66,61,30.03,-0.75,-22.63,-8.07,13.1,16.5,9.6,6.9,827,28,27.9,588.9,20,2893,1929,86,338,58,338,280,3,-10.2,34.8,7.9,1015,639,63,-1.41,1289
1946,2275918,NA,37.42756,-122.17152,-9999,15.1,15,17.1,21.1,21.6,25.3,27,25.8,27.4,22.9,16.8,14.1,2.8,3.2,5.4,6.3,8.7,10.2,11.9,11.1,10.5,7.2,4.9,4.6,9,9.1,11.3,13.7,15.1,17.8,19.5,18.4,19,15.1,10.8,9.3,36,58,53,4,13,1,1,1,2,8,88,55,-53.5,12.2,17.8,23.7,14,24.6,28,26.6,37.9,16.9,-26.7,-43.2,7,6,3,0,0,0,0,0,0,0,2,6,125,115,184,255,316,382,449,417,419,313,169,134,284,245,211,142,109,48,19,34,37,111,216,266,0,0,0,5,11,42,66,48,66,8,0,0,23,22,28,28,30,30,31,31,30,30,26,27,0,0,0,0,0,0,0,0,0,0,1,0,42.88,50.447,78.097,114.387,129.684,153.05,162.088,141.245,123.548,84.478,46.397,34.869,7.064,0,25.367,110.133,116.516,152.444,160.816,140.609,121.525,76.129,0,0,61,62,63,55,61,56,56,57,51,53,62,71,-1.7,0.55,-1.02,-8.28,-7.14,-11.01,-12.06,-11.24,-12.83,-8.97,2.63,0.91,14.9,20,26.1,22.4,3.9,6.8,11.1,7.5,9.4,13.4,18.6,14.9,264,70,3,99,-28.1,18.5,26.4,9.4,17,3,0,2,394,755,1248,901,771,462,101,364,0,16,155,74,73,87,92,85,1,0,0,1,128,322,456,254,7,252,454,198,64,60,56,56,-0.25,-16.44,-34.3,-19.17,14,19.5,9,10.5,320,18,74.9,1100,23,3277,1722,245,336,58,331,273,1,-8.2,38.5,6.5,1161,911,59,-70.16,1659
1946,5504847,NA,37.6553,-122.0567,-9999,14,14,16.2,19.7,19.6,23.1,25.2,24.3,26,21.5,16.1,12.7,2.5,2.9,5.2,6.2,8.6,10.1,12.2,11.2,11,7.7,5.1,4.7,8.3,8.5,10.7,12.9,14.1,16.6,18.7,17.7,18.5,14.6,10.6,8.7,38,65,58,5,17,1,1,1,2,7,97,66,-52.8,11.7,17.1,22.7,17.2,23.1,31.1,27.6,38.6,17.3,-26.3,-42.6,8,7,3,1,0,0,0,0,0,0,2,7,108,101,168,232,285,348,425,395,405,300,164,118,305,263,229,164,136,69,27,45,43,122,223,285,0,0,0,2,5,27,49,36,57,5,0,0,22,21,28,28,30,30,31,31,30,30,26,27,0,0,0,0,0,0,0,0,0,0,1,0,40.076,47.313,73.658,106.077,116.019,137.435,147.44,130.41,114.156,77.712,43.842,30.887,2.158,0,16.048,100.871,99.512,136.475,146.024,129.424,112.381,70.886,0,0,63,64,65,58,66,61,61,61,56,58,65,74,-0.85,1.86,-0.09,-7.27,-5.52,-9.24,-10.38,-9.92,-11.39,-8.04,3.87,2.75,13.9,18.5,24.2,21.2,3.7,6.6,11.1,7.9,8.8,12.6,17.7,14.6,289,79,3,106,-27.9,19,27.3,9.9,20,4,0,2,350,685,1168,868,826,529,140,388,0,7,112,63,72,87,92,86,2,0,0,1,119,296,415,236,2,216,412,183,67,63,61,60,3.76,-12.88,-29.55,-15.56,13.3,18.7,8.3,10.4,357,22,65.3,864.3,28,3049,1911,182,335,59,334,275,2,-9,37.1,7.1,1066,814,63,-54.22,1477
1946,1176,NA,34.03974,-118.589581,-9999,19.5,18.6,19.2,21.1,18.9,23.5,25.2,25.8,26.8,22.3,19.6,18.3,7,5.9,8.2,10.8,11.9,13.2,15.5,15.7,14.9,11.1,9.2,9.1,13.3,12.3,13.7,15.9,15.4,18.3,20.3,20.8,20.9,16.7,14.4,13.7,12,44,96,11,3,1,0,1,1,17,167,95,-55.2,13.6,17.9,20.1,24.2,19.7,36.9,31,41.3,19,-26.7,-44,2,2,1,0,0,0,0,0,0,0,1,2,243,190,255,322,325,399,475,488,475,363,271,255,158,166,147,87,102,40,13,12,20,74,125,148,8,2,6,18,12,51,86,99,106,21,7,10,31,26,31,30,31,30,31,31,30,31,30,31,0,0,0,0,0,0,0,0,0,0,0,0,57.867,64.843,88.181,106.419,98.418,130.667,135.613,128.573,115.668,82.388,55.811,46.245,46.304,20.599,0,95.891,95.552,130.139,135.487,127.418,114.38,65.763,0,0,61,61,66,68,78,69,71,70,65,66,67,70,-6.3,-2.69,2.64,-6.48,-5.41,-8.55,-9.22,-9.58,-10.85,-6.69,9.7,3.34,18.9,19.7,24.8,22.9,7.3,10.3,14.8,11.7,13.1,15,19.8,17.3,197,109,2,185,-28.5,20.8,29.2,11.2,6,1,0,1,686,901,1362,1109,473,336,65,219,19,35,236,135,88,92,92,91,0,0,0,0,170,293,395,254,67,191,393,180,64,71,70,66,-5.65,-9.24,-27.35,-7.85,16.3,20.9,12.3,8.6,447,6,58.9,3500.5,8,4059,1092,425,363,2,359,357,0,0.7,38.9,8.1,1112,832,68,-50.09,2308
1946,3904095,NA,34.533002,-117.283871,-9999,15.3,16.6,19,25.7,26.9,33.9,36.2,36.6,33.6,23.2,16,16,-1.6,-1.2,1.7,6.4,9.1,13.2,16.7,16.3,12.4,5,0.7,0.6,6.9,7.7,10.3,16.1,18,23.5,26.5,26.4,23,14.1,8.4,8.3,2,12,26,5,1,1,8,2,5,10,41,31,-54.4,16.4,22.3,26.8,14.2,29.1,28.7,29.4,40.3,18,-26.7,-44.4,12,8,3,0,0,0,0,0,0,0,4,8,88,97,172,330,403,555,664,663,539,284,119,118,349,284,240,84,49,5,1,1,10,136,290,298,0,0,1,25,46,170,263,262,157,10,0,0,11,10,20,28,31,30,31,31,30,27,16,17,0,0,0,0,0,0,0,0,0,0,1,0,52.456,64.196,97.719,145.592,169.634,211.604,222.931,208.658,161.737,95.709,53.975,48.759,50.168,52.165,71.725,140.674,168.376,210.87,214.484,207.049,157.068,86.119,12.65,17.429,47,45,48,45,49,45,48,46,43,47,52,51,-5.36,-5.37,-6.24,-13.03,-13.94,-21.45,-23,-24.48,-20.99,-10.5,-2.2,-3.19,15.4,23.9,35.6,24.3,-1.4,5.7,15.4,6,7,14.8,25.5,15.2,69,32,11,56,-27.5,21.1,29.1,10.5,33,4,0,4,263,905,1882,942,989,373,7,436,0,73,695,166,32,79,92,74,1,0,0,1,162,413,643,311,102,381,632,256,48,47,46,47,-13.92,-33.21,-68.93,-33.69,15.8,26.5,6.9,19.6,144,17,178.7,1584.6,36,4032,1748,934,282,95,303,208,1,-19.6,45.5,8.3,1530,1371,47,-149.75,2442
1946,3440200,NA,35.098215,-120.579118,-9999,18,16.8,17.8,19.8,17.7,19.7,20.5,20.9,22.2,20.5,18.5,17,3.1,3.8,5.7,8,8.8,9.7,12,12,11.1,8.3,5.9,5.6,10.5,10.3,11.7,13.9,13.3,14.7,16.3,16.4,16.7,14.4,12.2,11.3,26,48,103,18,7,1,0,1,1,10,127,62,-55.3,13.7,18.6,21.6,21.4,21.4,39.2,30.4,40.3,18.7,-27,-44.2,4,4,2,0,0,0,0,0,0,0,1,3,161,139,193,262,260,290,350,355,350,293,203,181,236,213,200,138,160,112,70,70,72,128,182,211,0,0,0,4,0,12,16,20,32,0,0,0,23,23,29,29,30,30,31,31,30,30,28,29,0,0,0,0,0,0,0,0,0,0,1,0,55.206,59.363,84.663,105.844,103.9,115.031,112.554,106.459,98.149,78.028,54.736,45.49,29.395,11.518,0,88.279,96.738,114.1,112.489,105.401,96.807,68.323,0,0,54,59,62,63,72,69,74,72,66,62,61,62,-4.67,-1.63,3.72,-5.63,-5.16,-6.74,-6.71,-6.92,-8.16,-6.81,5.73,-0.02,17.5,18.4,20.3,20.4,4.2,7.5,11.2,8.4,10.8,13,15.8,14.4,186,128,2,138,-28.6,20.5,30.4,10.7,12,3,0,1,489,714,995,846,650,497,252,382,0,4,48,32,75,89,92,88,0,0,0,1,162,294,334,231,41,185,332,165,58,66,72,63,-6.33,-7.06,-20.37,-9.24,13.5,16.7,10.3,6.4,404,11,58.2,1577.4,16,3036,1790,85,343,39,340,301,1,-8.6,35.5,8.2,1021,723,65,-43.01,1386
1946,3425410,NA,37.898448,-122.313558,-9999,14.2,14.4,16.6,19.1,18.2,20.6,21.6,20.9,23.5,21,16.2,13,3.9,4.2,6.5,7.3,9.4,10.8,12.7,11.4,11.4,8.6,6.5,5.9,9,9.3,11.6,13.2,13.8,15.7,17.1,16.1,17.5,14.8,11.3,9.4,44,60,51,6,12,1,1,1,2,4,83,61,-52.5,11.1,16.3,21.1,20.2,21.4,37.3,29.4,39.1,17.6,-26.1,-42.4,7,5,2,1,0,0,0,0,0,0,1,6,124,117,188,240,277,321,377,346,375,305,179,134,282,239,204,157,144,88,51,76,58,118,203,264,0,0,0,3,3,19,25,18,42,5,0,0,25,24,30,29,31,30,31,31,30,30,28,29,0,0,0,0,0,0,0,0,0,0,0,0,38.621,46.57,72.241,99.387,102.302,116.188,116.421,105.269,99.168,73.266,41.804,29.567,0,0,20.784,93.231,90.068,115.513,115.511,104.713,97.096,68.832,0,0,66,67,68,63,72,70,72,71,64,62,69,77,-0.35,1.1,-0.59,-6.44,-4.76,-7.13,-7.22,-7.12,-8.98,-7.56,2.81,2.25,14.1,18,21,20.2,4.9,7.8,11.6,8.9,9.5,12.9,16.3,14.5,293,70,2,90,-27.9,19.2,29.4,10.2,17,3,0,2,394,705,1044,858,762,505,215,378,0,6,61,47,79,89,92,88,1,0,0,0,115,274,338,214,0,204,336,166,70,68,71,65,2.99,-11.8,-21.47,-13.74,13.2,17.5,9,8.4,326,16,71.2,1062.7,22,2982,1883,114,348,34,343,309,2,-6.4,34.6,7.7,941,706,68,-44.01,1382
1946,231694,NA,36.950879,-122.066217,-9999,15.9,15.6,17.3,19.1,18,20.7,20.9,20.3,23.4,20.9,17.6,15.6,2.3,2.8,4.7,5.8,8,9.1,10.8,10.4,9.4,6.3,3.7,3.8,9.1,9.2,11,12.4,13,14.9,15.9,15.3,16.4,13.6,10.7,9.7,63,100,89,7,25,1,2,1,4,19,190,79,-54.2,13,18.6,22.7,19.3,22.3,36.6,29.5,39,17.6,-27.2,-43.8,6,6,3,1,0,0,0,0,0,0,2,5,125,114,173,218,252,296,338,321,343,268,163,139,280,242,220,178,167,108,79,95,77,150,221,255,0,0,0,0,0,13,13,12,30,0,0,0,21,21,27,28,30,30,31,31,29,29,24,25,0,0,0,0,0,0,0,0,0,0,1,0,46.417,53.557,80.986,104.563,106.812,123.577,120.409,106.136,105.071,79.065,50.828,40.115,0,0,0,97.15,81.73,122.193,117.989,105.18,101.463,59.588,0,0,57,59,60,59,69,64,69,69,58,56,57,66,0.46,4.4,2.44,-6.65,-3.67,-7.53,-7.15,-6.93,-9.24,-6.56,12.11,2.28,15.7,18.1,20.6,20.6,3.3,6.2,10.1,6.5,9.5,12.1,15.4,13.5,396,122,5,213,-28.3,20.2,29.5,9.8,16,4,0,2,393,643,955,773,759,564,281,448,0,0,38,30,70,85,92,82,2,0,0,1,139,292,350,235,0,179,345,161,61,63,67,57,7.14,-7.88,-21.61,-3.69,12.6,16.4,9.1,7.3,582,33,38.9,490.4,23,2749,2071,68,326,69,323,255,2,-10.2,34.8,7.8,1017,685,62,-26.04,1169
1947,2275918,NA,37.42756,-122.17152,-9999,13.6,16.5,18.2,22.5,24.3,26.9,27.1,27.1,27.3,22.6,16.8,14.8,1.1,5.9,7.5,8,9.6,11.5,11.3,11.8,10.6,9.8,4.1,3.4,7.4,11.2,12.9,15.2,16.9,19.2,19.2,19.4,19,16.2,10.5,9.1,24,48,72,9,8,7,0,1,1,78,22,34,-52.9,11.3,16.9,23.3,10.5,26,27.5,26,38,17.3,-26.9,-43.6,10,3,2,0,0,0,0,0,0,0,2,6,89,164,231,300,371,424,440,448,419,349,162,129,333,194,169,103,68,29,22,22,37,84,227,274,0,0,4,15,28,67,59,68,66,19,0,0,18,26,31,29,31,30,31,31,30,31,25,24,0,0,0,0,0,0,0,0,0,0,0,0,40.692,51.302,78.726,118.602,145.739,160.557,164.423,147.605,122.484,79.037,47.455,37.85,16.314,3.768,6.453,109.562,137.837,153.742,164.014,146.952,121.69,1.441,25.818,4.147,60,66,66,56,57,55,54,56,52,61,60,69,-1.87,-1.05,0.75,-8.42,-9.54,-11.46,-12.39,-12.2,-12.76,-1.17,-4.23,-1.72,14.7,21.7,27,22.3,3.9,8.4,11.5,8.2,9.3,15,19.3,15.2,127,89,8,100,-28.4,16.9,26.5,9.5,19,2,0,2,389,902,1312,929,793,340,73,348,0,46,193,85,72,91,92,85,1,0,0,0,127,343,473,249,20,254,465,149,65,60,55,58,-4.65,-17.21,-36.05,-18.17,14.7,19.4,7.4,12.1,303,17,81.5,1172.9,24,3526,1562,325,337,52,339,287,1,-8.2,38.5,6.1,1191,888,59,-76.07,1899
1947,5504847,NA,37.6553,-122.0567,-9999,12.3,15.4,17.2,21.1,22.7,24.7,25,25,26.4,21.2,16.3,13.7,0.7,5.6,7.4,7.9,9.7,11.6,11.4,11.9,11.2,10.3,4.3,3.3,6.5,10.5,12.3,14.5,16.2,18.2,18.2,18.4,18.8,15.7,10.3,8.5,25,54,87,11,10,12,0,1,1,78,31,31,-52.1,10.8,16.1,22.3,13.2,24.5,30.9,27.4,38.5,17.9,-26.6,-43.2,13,4,2,0,0,0,0,0,0,0,2,7,72,149,213,278,349,395,410,417,414,333,158,115,360,206,186,121,83,42,33,34,39,95,231,292,0,0,2,10,20,49,40,48,63,14,0,0,17,26,30,29,31,30,31,31,30,31,25,24,1,0,0,0,0,0,0,0,0,0,0,0,37.498,47.707,73.418,110.243,133.821,144.293,148.084,132.502,115.56,71.295,45.463,34.805,12.679,0,0,99.325,124.129,132.317,147.592,131.549,114.713,0,14.605,3.31,62,69,69,60,61,61,60,61,56,67,62,74,-1.14,0.05,2.82,-7.29,-8.11,-9.05,-10.48,-10.27,-11.76,0.04,-3.04,-1.27,13.5,20.3,24.9,21.3,3.7,8.3,11.6,8.6,8.6,14.3,18.3,15,144,108,13,110,-28.2,17.2,27.6,9.9,24,2,0,2,341,839,1221,906,852,390,109,365,0,33,136,77,70,91,92,86,1,0,0,0,116,317,425,232,13,223,411,129,68,63,61,61,-2.36,-12.58,-29.8,-14.76,14,18.8,6.5,12.3,341,24,70.4,784.8,29,3302,1722,246,335,52,341,289,2,-9,37.1,6.7,1091,777,63,-59.51,1705
1947,1176,NA,34.03974,-118.589581,-9999,18.7,20.8,20.6,21.2,21.7,22.2,26.1,25,26.2,23.5,20.4,19,5.6,8.8,10,11.1,13.1,13.8,13.9,14.7,15.7,13.1,8.4,7.5,12.2,14.8,15.3,16.2,17.4,18,20,19.9,21,18.3,14.4,13.3,18,19,35,5,5,1,0,2,2,4,2,52,-55.1,13.1,17.5,19.9,21,20.8,34.7,31,41.5,19,-27.2,-44.5,3,1,1,0,0,0,0,0,0,0,1,2,209,260,304,329,384,389,464,460,479,412,271,243,188,104,105,82,60,45,15,18,20,47,125,159,4,12,16,20,31,46,78,77,109,44,8,8,28,28,31,30,31,30,31,31,30,31,30,31,0,0,0,0,0,0,0,0,0,0,0,0,57.233,68.475,90.78,106.034,115.751,117.265,150.876,126.938,109.034,82.977,59.788,51.088,39.482,49.419,56.215,101.276,111.229,116.456,150.806,124.819,107.132,78.712,57.992,0,59,63,67,69,74,74,64,69,69,69,63,71,-5.49,-6.01,-3.96,-7.04,-6.78,-7.33,-10.66,-9.15,-9.93,-8.23,-7.53,-1.76,19.3,21.1,24.4,23.4,7.8,11.4,14.1,12.4,13.5,16.3,19.3,17.9,131,44,3,8,-28.8,19.5,28.9,11.1,6,1,0,1,724,1017,1314,1161,440,247,78,191,25,67,200,160,87,92,92,91,0,0,0,0,172,313,395,252,89,269,392,244,64,70,69,67,-13.26,-17.78,-27.14,-25.69,16.7,21,12.2,8.8,144,9,185.5,2227.1,7,4205,968,451,362,4,365,361,0,0.7,38.9,7.7,1131,994,67,-83.87,2442
1947,3904095,NA,34.533002,-117.283871,-9999,15.3,19.9,20.7,24,29.7,31.5,37.4,34.5,34.6,26.1,17.4,13.8,-2.5,1.8,3.9,6.3,11,12.5,15.4,14.6,13.6,7.3,0.1,-1.6,6.4,10.8,12.3,15.1,20.4,22,26.4,24.6,24.1,16.7,8.7,6.1,6,5,10,4,2,1,1,5,2,3,2,28,-54.4,16.2,21.9,25.8,12.1,29.6,27.5,29.9,40.1,17.4,-27.2,-44,13,4,2,0,0,0,0,0,0,0,4,14,80,166,227,303,475,509,662,605,571,363,129,71,363,197,184,105,23,10,1,2,7,74,278,366,0,2,5,18,90,125,262,205,185,31,0,0,9,18,26,28,31,30,31,31,30,30,15,10,0,0,0,0,0,0,0,0,0,0,0,1,52.757,72.562,103.036,135.33,185.126,195.103,236.379,198.035,164.86,105.54,58.269,44.677,46.498,67.856,92.683,130.85,183.359,194.345,235.491,193.17,163.113,102.897,55.817,16.587,44,46,50,49,48,48,43,47,44,46,47,52,-4.83,-8.98,-8.64,-11.41,-16.49,-18.31,-26.37,-21.52,-22.25,-13.46,-7.16,-1.82,17.1,24.8,34.5,26,0,7.1,14.2,7,8.5,15.9,24.3,16.5,42,17,7,7,-27.4,19.9,29,10.1,25,2,0,4,365,1004,1777,1062,858,313,12,359,2,114,592,216,44,85,92,74,0,0,0,0,174,423,630,329,132,407,623,322,47,49,46,46,-15.62,-36.54,-66.2,-42.87,16.1,26.4,6.1,20.3,69,10,378.8,2635.9,37,4161,1610,923,289,89,314,225,1,-19.6,45.5,7.9,1556,1484,47,-161.24,2563
1947,3440200,NA,35.098215,-120.579118,-9999,17.2,18.4,19.6,19.8,20.3,20.4,20.5,20.8,22.7,21,18.6,17.7,2.4,6,7,8.3,9.8,10.8,10.1,11,11.2,9.9,4.8,4,9.8,12.2,13.3,14,15,15.6,15.3,15.9,16.9,15.5,11.7,10.8,24,25,40,9,8,3,0,2,2,18,9,25,-54.9,13.2,19,21.4,18.1,22.7,37.5,30.2,40.3,18.7,-27.3,-44.6,5,2,1,0,0,0,0,0,0,0,1,4,143,184,240,265,314,316,320,339,358,325,190,170,259,168,158,134,111,92,94,82,67,101,193,219,0,0,3,5,9,17,10,16,35,8,0,0,22,26,30,30,31,30,31,31,30,31,26,26,0,0,0,0,0,0,0,0,0,0,0,0,53.646,62.169,91.045,105.026,119.209,116.244,121.371,110.262,100.253,76.824,56.506,49.241,29.469,37.028,51.186,96.112,110.71,113.25,121.328,108.487,98.671,58.367,47.741,23.897,54,61,61,64,67,70,68,69,65,66,57,64,-4.41,-4.46,-3.49,-6.42,-6.43,-6.73,-7.3,-7.12,-8.43,-5.86,-6.44,-4.4,17.6,19.9,20.6,20.8,4.7,8.3,10.6,8.6,11.1,14.1,15.6,14.7,111,57,5,29,-28.8,19.5,30.1,10.6,11,2,0,1,509,819,975,874,638,403,267,361,0,17,43,43,77,90,92,87,0,0,0,0,161,315,348,234,66,258,343,205,60,64,69,63,-13.26,-16.33,-21.15,-20.73,13.8,16.9,9.8,7.1,166,15,144,1137.1,15,3165,1677,103,342,38,346,308,1,-8.6,35.5,7.9,1058,872,63,-71.47,1495
1947,3425410,NA,37.898448,-122.313558,-9999,12.5,15.8,17.4,20.6,21.2,22,21.2,21.4,24,20.3,16.6,13.9,1.9,6.9,8.6,9.2,10.7,12.4,11.9,12.4,11.8,11.2,6,4.5,7.2,11.4,13,14.9,15.9,17.2,16.5,16.9,17.9,15.8,11.3,9.2,27,60,93,12,10,10,0,1,1,78,27,28,-51.9,10.2,15.2,20.7,16.2,22.6,37.3,29.4,39,18.3,-26.4,-43,11,3,2,0,0,0,0,0,0,0,1,6,84,166,233,289,341,366,358,370,386,335,180,130,339,190,165,111,89,57,63,60,51,94,203,271,0,0,4,12,17,34,18,25,48,14,0,0,20,27,31,30,31,30,31,31,30,31,28,27,0,0,0,0,0,0,0,0,0,0,0,0,36.457,46.77,70.926,103.371,119.418,120.352,116.519,105.138,100.577,64.952,43.651,33.56,9.747,0,0,91.071,109.559,110.067,116.223,104.575,99.686,0,16.372,5.147,65,71,72,65,68,70,71,72,63,72,66,76,-1.06,0.74,3.63,-6.39,-6.64,-6.71,-7.21,-7.21,-9.35,0.92,-3.14,-1.65,13.8,19.7,21.5,20.3,4.9,9.5,12.2,9.7,9.3,14.6,16.9,15,148,116,11,106,-28.2,17.3,29.7,10.3,20,2,0,2,386,863,1094,902,793,366,181,348,0,33,78,62,77,92,92,89,1,0,0,0,113,294,342,209,10,201,331,116,71,68,71,67,-1.97,-9.4,-21.13,-11.56,13.9,17.9,7.2,10.7,348,22,68.9,816.2,23,3239,1694,173,347,32,349,318,1,-6.4,34.6,7.3,958,657,69,-44.06,1614
1947,231694,NA,36.950879,-122.066217,-9999,15,17.2,18.6,20.2,20.4,22,21.5,21.9,23,20.9,17.4,16,0.7,5.4,6.8,7.2,8.7,10.2,10.2,10.8,9.5,8.7,3,2.8,7.8,11.3,12.7,13.7,14.6,16.1,15.8,16.4,16.2,14.8,10.2,9.4,47,76,89,17,15,10,1,1,2,96,31,60,-53.9,12.2,18,22.3,15.9,23.6,35.3,28.7,39.1,17.9,-27.2,-44.1,9,3,2,0,0,0,0,0,0,0,2,6,96,163,221,254,299,332,336,354,337,304,152,134,319,191,174,143,123,80,80,71,81,118,235,264,0,0,2,5,7,22,13,20,28,5,0,0,17,26,30,29,30,30,31,31,29,30,22,23,1,0,0,0,0,0,0,0,0,0,0,0,45.213,55.292,83.168,107.33,121.808,129.394,126.694,115.978,102.987,74.8,50.868,42.222,0,0,0,90.007,107.075,119.305,125.607,114.978,101.392,0,19.445,0,55,63,63,60,64,64,65,66,59,63,55,62,-0.42,1.31,2.03,-6.04,-6.11,-7.32,-7.82,-7.98,-9.13,1.68,-3.74,0.11,15.9,19.7,21.8,20.4,3.3,7.6,10.4,7,9.6,13.6,16.1,13.7,202,121,12,129,-28.6,18.7,29.2,9.9,17,2,0,2,400,775,1022,794,765,441,231,434,0,13,54,33,68,89,92,82,1,0,0,0,141,312,372,229,0,197,360,121,60,62,65,59,1,-10.12,-23.12,-11.19,13.2,16.4,7.8,8.5,445,29,52.2,574.8,23,2983,1880,100,329,61,330,269,3,-10.2,34.8,7.3,1054,678,61,-43.43,1376
1948,2275918,NA,37.42756,-122.17152,-9999,17.8,15.2,15.9,18.3,21.4,23.9,26.2,26.5,26.4,23.1,18.9,11.9,4.1,3.9,4.5,7.3,8.5,11.5,10.9,11.3,9.7,8.6,4.6,2.6,10.9,9.5,10.2,12.8,14.9,17.7,18.6,18.9,18,15.8,11.8,7.3,21,45,83,80,14,1,0,1,1,10,15,102,-55,11.9,17.5,20.6,14.2,24.6,28.5,26.2,38.2,17,-27.6,-42.7,4,5,4,1,0,0,0,0,0,0,1,10,174,126,156,227,310,381,421,431,391,337,194,86,224,234,244,169,114,49,29,28,49,92,192,329,2,0,0,2,10,41,46,56,50,15,0,0,26,23,27,29,30,30,31,31,29,30,26,22,0,0,0,0,0,0,0,0,0,0,0,1,48.637,50.068,74.146,95.671,128.964,138.989,159.248,145.284,119.591,83.001,52.498,31.877,27.938,5.13,0,15.446,115.246,137.507,158.806,144.51,118.405,72.873,37.522,0,57,64,64,65,61,63,55,56,52,57,56,63,-4.87,-0.85,2.53,1.44,-7,-9.38,-11.68,-11.81,-12.12,-8.58,-6.03,6.72,15.9,18.5,25.6,22.8,3.8,6.7,11.2,7.6,9.8,12.6,18.4,15.2,99,177,3,26,-28.6,17.4,26.5,9.2,15,4,0,1,428,694,1233,922,732,526,105,333,2,12,144,65,73,86,92,86,0,0,0,0,137,299,444,255,37,131,441,229,61,63,58,55,1,-3.02,-32.87,-26.73,13.9,18.9,7.3,11.6,374,18,63.9,1074,25,3235,1752,224,335,55,331,276,1,-8.2,38.5,6.1,1134,838,60,-61.61,1624
1948,5504847,NA,37.6553,-122.0567,-9999,16.8,14.3,15,16.4,19.2,22,24.4,24.7,25,21.9,18.4,10.9,3.6,3.4,4.1,7.1,8.3,11.4,11.2,11.5,10.3,9.1,4.8,2.7,10.2,8.9,9.6,11.7,13.7,16.7,17.8,18.1,17.7,15.5,11.6,6.8,22,48,102,98,20,3,1,1,1,14,16,108,-54.4,11.6,17,19,17.7,23,31.6,27.5,38.8,17.4,-27.4,-42.3,5,6,4,1,0,0,0,0,0,0,1,11,157,111,139,197,274,350,397,407,380,326,189,76,246,252,264,197,146,67,39,38,55,100,196,344,0,0,0,0,4,28,33,42,45,12,0,0,25,22,26,29,30,30,31,31,30,31,26,23,0,0,0,0,0,0,0,0,0,0,0,2,46.034,47.699,70.433,84.572,113.697,123.823,144.925,131.88,110.615,76.83,50.43,28.931,24.043,0,0,0,93.446,120.49,144.385,130.772,109.386,63.095,33.949,0,59,65,65,70,66,68,60,61,57,61,58,66,-4.31,-0.04,4.97,4.22,-4.91,-7.69,-10.08,-10.14,-10.78,-7.27,-5.58,7.77,14.9,16.8,23.7,21.8,3.5,6.5,11.4,8.1,9.2,11.7,17.5,14.9,101,220,5,31,-28.4,17.9,27.3,9.6,18,5,0,2,381,610,1155,896,790,607,145,351,0,4,104,57,71,85,92,86,1,1,0,0,129,269,401,238,27,93,396,206,63,67,63,59,3.42,4.27,-27.91,-23.63,13.2,18.1,6.8,11.3,434,26,53.4,685.3,29,3003,1945,164,333,55,334,278,2,-9,37.1,6.6,1036,723,63,-43.85,1444
1948,1176,NA,34.03974,-118.589581,-9999,21.1,17.8,17.3,19.4,20.8,21.3,23.6,24.3,25.1,22.6,22.6,16.9,8.4,6.6,6.3,10,10.7,13.2,14.1,14.4,14.7,12.7,8.5,6.4,14.7,12.2,11.8,14.7,15.8,17.2,18.8,19.4,19.9,17.7,15.5,11.6,2,33,66,26,1,2,0,1,1,3,2,66,-55.8,12.8,17.9,19.4,20.2,22.2,37.8,31.2,41.6,19.2,-27.9,-44,1,2,2,0,0,0,0,0,0,0,0,3,286,186,198,287,336,366,429,445,447,393,305,192,120,169,198,116,92,57,25,23,28,56,98,203,15,1,0,10,15,35,52,66,85,34,16,2,31,27,29,30,31,30,31,31,30,31,30,30,0,0,0,0,0,0,0,0,0,0,0,0,60.849,60.85,83.011,98.243,120.161,112.323,129.45,122.999,105.929,79.699,66.985,46.199,58.508,27.789,17.054,71.952,118.958,110.055,129.383,121.904,105.119,76.598,64.532,0,61,65,65,71,69,75,71,70,69,70,58,64,-7.93,-3.16,0.35,-4,-7.27,-6.69,-8.42,-8.78,-9.45,-7.8,-9.03,0.64,19.3,19.2,23.1,23.4,7.5,9,13.9,12,13.4,14.1,18.5,17.7,88,93,3,6,-29,19.2,30.4,10.9,6,3,0,0,715,821,1241,1144,447,406,105,182,24,24,152,134,89,90,92,91,0,0,0,0,173,301,365,253,86,208,361,246,63,68,72,65,-10.46,-10.92,-23.89,-26.27,15.8,19.9,11.6,8.3,205,5,126,3657,10,3871,1184,328,361,4,363,359,0,0.7,38.9,7.9,1092,902,67,-71.54,2138
1948,3904095,NA,34.533002,-117.283871,-9999,18,15.4,16.8,22.5,27.2,32,36,36.3,33.6,26,19.4,13.1,-0.7,-1.1,0,5.2,7.8,12.2,14.7,14.2,12,6.8,0.3,-3.4,8.7,7.1,8.4,13.8,17.5,22.1,25.4,25.2,22.8,16.4,9.9,4.9,1,24,15,9,2,5,1,1,1,6,1,22,-55.8,15.8,22,25.8,13.5,30.7,28.3,29.2,40.2,17.5,-27.8,-43.9,7,10,6,0,0,0,0,0,0,0,2,19,129,86,123,264,387,512,630,626,533,353,156,51,294,300,300,139,58,9,1,1,11,80,245,405,0,0,0,11,40,128,229,226,152,27,0,0,13,11,15,27,30,30,31,31,30,29,15,7,0,0,0,0,0,0,0,0,0,0,0,1,59.016,60.304,89.734,128.91,174.306,199.819,227.532,212.138,162.276,105.377,63.679,43.795,57.842,36.572,74.527,119.829,172.602,195.262,226.227,211.316,161.229,99.148,62.509,22.208,44,48,48,49,45,46,44,42,42,46,43,50,-7.67,-3.28,-5.35,-9.95,-14.53,-18.73,-24.29,-25,-21.45,-13.04,-9.18,-1.86,15.7,22.2,34.8,26.3,-1.1,4.3,13.7,6.4,7.3,13.2,24.2,16.3,53,26,7,8,-28,20.4,29.4,10,31,7,0,3,287,775,1767,1041,960,498,12,336,0,51,582,179,34,72,92,75,1,0,0,0,164,393,639,331,111,367,633,323,48,47,44,44,-12.82,-29.83,-68.02,-43.67,15.2,25.4,4.9,20.5,88,9,287.3,2687.3,46,3849,1845,812,269,106,306,200,1,-19.6,45.5,8,1528,1434,45,-154.34,2300
1948,3440200,NA,35.098215,-120.579118,-9999,20.3,17.1,16.3,17.4,18,19.3,19.4,20.1,22.2,20.9,20.5,15.3,4.2,4,4.9,7.7,8,10.5,10.5,11,10.4,9.1,4.5,3.5,12.3,10.5,10.6,12.6,13,14.9,14.9,15.5,16.3,15,12.5,9.4,7,45,88,67,21,2,0,1,1,5,5,82,-56.5,13.6,18.1,19.8,20.4,22.3,39.4,30.5,40.3,18.7,-28,-43.9,3,4,3,1,0,0,0,0,0,0,1,6,209,146,164,223,251,295,305,327,339,312,213,132,184,205,232,174,167,108,102,90,79,112,174,265,3,0,0,0,0,13,8,14,29,5,0,0,26,23,27,29,30,30,31,31,30,31,25,25,0,0,0,0,0,0,0,0,0,0,0,0,60.936,59.964,79.414,92.026,108.421,108.898,111.238,104.846,99.637,78.169,62.386,43.207,53.992,15.281,0,25.375,87.527,107.232,111.192,103.858,98.339,72.71,57.158,0,51,59,63,69,69,72,72,72,64,64,52,57,-7.87,-2.06,2.88,0.7,-4.11,-6.21,-6.46,-6.68,-8.31,-7.31,-8.08,2.74,18.4,17.2,19.6,21.2,4.1,6.9,10.6,8,11.2,12.1,15.1,14.6,77,176,3,12,-28.9,19.4,30.7,10.3,10,4,0,1,525,638,928,864,608,573,301,365,3,0,34,33,75,87,92,86,0,0,0,0,170,280,325,240,93,113,322,228,56,67,72,60,-7.19,-0.53,-19.34,-23.7,13.1,16.3,9.4,6.9,324,25,71.4,654.2,17,2917,1892,71,339,47,339,292,1,-8.6,35.5,7.9,1015,757,64,-50.76,1282
1948,3425410,NA,37.898448,-122.313558,-9999,16.7,14.7,15.5,15.6,17.8,19.5,20.8,21.3,22.6,21.3,18.4,11.2,4.8,4.6,5.3,8.1,9.1,12.2,11.6,11.9,10.8,9.9,6.2,3.8,10.7,9.7,10.4,11.8,13.5,15.8,16.2,16.6,16.7,15.6,12.3,7.5,34,49,89,104,17,3,0,1,2,11,20,98,-54,11,16.4,17.2,20.5,21.3,37.7,29.3,39.2,17.7,-27.2,-42.1,4,5,3,1,0,0,0,0,0,0,1,9,166,126,159,199,266,325,348,361,351,330,208,88,231,230,238,195,154,85,71,66,71,97,179,324,0,0,0,0,2,19,16,22,33,11,0,0,27,25,28,29,31,30,31,31,30,31,28,25,0,0,0,0,0,0,0,0,0,0,0,1,44.073,46.78,69.787,75.768,100.691,100.859,114.583,106.393,95.786,72.125,48.492,27.885,9.584,0,0,0,83.532,98.154,114.253,105.684,93.874,61.416,28.677,0,62,67,67,76,72,77,72,71,64,65,62,70,-2.71,-0.17,3.55,5.61,-4.11,-5.75,-7.01,-7.27,-8.45,-6.83,-4.91,6.78,15.1,16.3,20.5,20.8,4.6,7.5,11.9,9,9.9,11.9,16.2,14.9,111,211,4,32,-28.4,18,29.4,9.9,15,4,0,1,421,624,1034,889,731,586,222,348,0,2,57,44,78,88,92,88,0,1,0,0,124,246,322,216,15,84,318,184,66,72,73,64,3.9,5.04,-20.02,-20.19,13.1,16.7,7.5,9.2,428,23,53.8,731.6,24,2926,1940,103,346,31,343,312,1,-6.4,34.6,7.3,909,600,69,-31.28,1340
1948,231694,NA,36.950879,-122.066217,-9999,18.6,15.8,15.8,16.6,18,19.3,20.1,21,22.3,21,19.7,13.1,3.4,3.5,4.3,6.8,7.7,10.3,9.8,10.3,8.4,7.5,3.6,2,11,9.7,10,11.7,12.9,14.8,15,15.7,15.4,14.3,11.6,7.5,29,76,125,134,24,2,1,1,2,24,28,158,-55.7,12.6,17.8,19.6,19,22.6,37.1,29.1,39.2,17.7,-28.1,-43.3,4,5,4,1,0,0,0,0,0,0,1,9,173,125,149,196,248,294,305,331,312,289,188,88,217,230,249,198,171,109,102,87,99,132,195,322,0,0,0,0,0,12,8,14,21,1,0,0,24,22,26,29,30,30,31,31,29,30,24,21,0,0,0,0,0,0,0,0,0,0,0,2,52.455,53.297,75.107,87.564,108.366,109.066,118.396,111.602,101.649,77.621,56.645,36.034,23.776,0,0,0,84.432,106.85,117.207,110.458,99.508,53.535,28.753,0,53,61,63,69,67,72,68,67,58,59,51,58,-4.68,1.79,6.73,7.69,-3.89,-6.22,-7,-7.46,-8.81,-5.9,-5.43,11.74,16.8,16.8,20.2,21,3.2,6.3,10.1,6.5,10,11.5,15.1,13.8,165,283,5,54,-28.8,18.8,29.6,9.6,14,5,0,2,432,593,930,788,710,617,299,426,0,0,35,22,69,85,92,82,1,1,0,0,148,271,339,236,24,84,335,182,57,66,69,56,8.85,10.53,-20.68,-20.14,12.5,15.7,7.5,8.1,604,31,37.2,511.1,25,2698,2111,57,326,64,322,258,2,-10.2,34.8,7.3,994,625,63,-21.44,1132
1949,2275918,NA,37.42756,-122.17152,-9999,10.9,13,16,21.8,22.1,26.1,26.1,25.8,27.2,22.3,21.5,14.2,-0.5,3.5,6.9,7,9.3,10.9,11,11.2,11.2,7.5,7.8,2.9,5.2,8.3,11.5,14.4,15.7,18.5,18.6,18.5,19.2,14.9,14.6,8.5,37,73,117,1,8,0,1,2,1,4,32,48,-51.4,10.8,15.6,23.6,13.6,24.5,28.8,26.6,38.1,17.1,-28.3,-43.5,19,7,2,0,0,0,0,0,0,0,0,7,51,101,193,276,333,404,421,418,426,309,281,117,401,268,206,124,95,37,29,33,34,115,118,291,0,0,0,10,17,54,46,48,71,9,13,0,14,23,30,29,31,30,31,31,30,30,29,23,1,1,0,0,0,0,0,0,0,0,0,0,35.444,43.742,69.39,116.662,131.428,157.254,157.993,140.732,120.663,81.867,56.548,36.941,0,0,0,115.199,123.097,156.816,156.999,138.471,119.241,78.04,25.027,0,62,69,71,55,61,55,56,57,54,55,58,69,0.85,3.3,6.31,-8.88,-7.85,-11.61,-11.48,-11.01,-12.42,-8.93,-5.48,0.05,11.9,20,26,23.7,1.9,7.7,11,8.8,6.9,13.9,18.5,16.3,212,126,4,37,-28,17.6,26.6,9,36,3,0,1,240,802,1243,1016,998,424,99,267,0,27,149,92,59,90,92,89,3,0,0,0,111,317,456,259,0,238,452,222,67,62,56,56,4.19,-10.42,-34.1,-26.83,14,19.2,5.2,14,325,13,73.8,1429.1,36,3330,1750,268,329,62,332,270,3,-8.2,38.5,6.3,1144,913,60,-67.15,1747
1949,5504847,NA,37.6553,-122.0567,-9999,10,12.2,15,20.5,20.1,24.5,24.6,23.9,25.8,21.5,20.8,13.1,-0.9,3.2,6.7,7.1,9.4,11,11.2,11.4,11.8,7.9,7.9,2.8,4.6,7.7,10.9,13.8,14.8,17.8,17.9,17.7,18.8,14.7,14.3,8,40,77,130,1,12,1,1,3,2,4,37,53,-50.9,10.5,14.8,22.5,17,22.9,31.4,27.9,38.7,17.3,-27.9,-43.1,22,8,3,0,0,0,0,0,0,0,1,8,42,89,177,258,305,382,399,393,414,303,272,104,419,284,223,140,118,48,39,46,39,119,126,308,0,0,0,7,10,42,34,35,63,8,11,0,13,22,30,29,31,30,31,31,30,30,29,23,2,1,0,0,0,0,0,0,0,0,0,0,33.397,41.536,64.323,108.815,116.965,144.947,145.713,127.141,111.248,77.396,53.714,33.995,0,0,0,107.439,105.398,144.073,144.567,124.428,109.587,73.136,16.288,0,63,70,73,59,67,60,60,62,59,59,61,73,1.46,4.05,8.1,-8.02,-6.16,-10.18,-10.11,-9.36,-10.98,-8.25,-4.4,1.19,11,18.6,24.3,22.7,1.7,7.7,11.2,9.2,6.4,13.1,17.8,16,225,143,5,43,-27.8,18.1,27.4,9.4,42,3,0,1,209,740,1173,989,1047,482,133,284,0,17,111,82,57,89,92,89,4,0,0,0,104,290,418,242,0,213,413,199,69,66,61,59,6.69,-6.08,-29.65,-23.63,13.4,18.8,4.6,14.2,361,18,64.9,1047.3,43,3137,1910,210,328,62,333,271,4,-9,37.1,6.8,1054,825,63,-52.67,1594
1949,1176,NA,34.03974,-118.589581,-9999,12.6,15.9,17.3,21.5,20.4,23.3,23.8,25,26.3,23.2,25.8,18.2,3.9,5.9,7.8,11.1,12.2,14.3,14.7,15,15.2,11.3,11.9,7.1,8.3,10.9,12.5,16.3,16.3,18.8,19.3,20,20.8,17.2,18.9,12.7,56,40,35,1,13,1,0,1,1,1,35,76,-51.4,12.1,16.6,20.2,22.1,20.6,38,31.1,41.4,18.8,-28.6,-44.3,8,4,2,0,0,0,0,0,0,0,0,2,114,161,224,333,352,413,442,466,473,379,405,228,305,195,178,79,81,34,21,17,21,64,42,175,0,0,3,23,21,59,61,81,104,31,63,7,25,26,31,30,31,30,31,31,30,31,30,31,1,0,0,0,0,0,0,0,0,0,0,0,40.474,55.121,78.874,108.133,109.986,124.216,128.322,125.733,111.634,86.023,73.303,49.338,0,15.167,44.094,106.8,97.443,123.288,128.253,124.637,110.881,84.761,38.315,0,71,68,70,68,74,72,72,70,67,64,59,67,1.77,-1.56,-2.4,-7.61,-5.38,-8.02,-8.39,-9.16,-10.35,-8.84,-7.58,0.99,15.1,19.7,24.1,25.1,5.4,10.4,14.7,12.8,10.3,15,19.4,19,162,49,2,37,-27.9,19.6,29.9,10.6,15,2,0,0,471,910,1321,1258,703,338,72,126,4,48,201,198,82,92,92,91,1,0,0,0,142,297,378,271,15,248,376,234,69,71,72,63,1.2,-15.39,-25.57,-26.77,16,20.8,8.3,12.5,260,15,100.2,1351,16,3991,1211,454,357,16,355,339,1,0.7,38.9,8,1088,874,68,-66.52,2274
1949,3904095,NA,34.533002,-117.283871,-9999,6.4,13.2,17.5,25.5,26.4,34,36.3,35.5,34.6,25.3,24,14.4,-6.8,-2.9,1.1,6.3,8.8,13.8,15.8,14.3,12.8,5.1,4.4,-2.2,-0.2,5.1,9.3,15.9,17.6,23.9,26,24.9,23.7,15.2,14.2,6.1,32,14,14,1,5,1,1,2,1,2,11,20,-49.8,15.9,21.7,26.8,14.6,28.9,28.4,29.5,40,17.5,-29,-44.1,72,17,5,0,0,0,0,0,0,0,1,14,12,57,153,329,392,567,650,615,560,318,278,73,566,357,272,88,55,4,1,2,8,107,130,367,0,0,1,27,47,181,249,215,172,22,13,0,3,7,18,28,31,30,31,31,30,27,25,9,8,1,0,0,0,0,0,0,0,0,0,0,0,54.789,91.831,144.405,166.763,211.447,226.05,206.014,166.573,104.332,74.584,46.214,0,40.656,77.531,143.231,161.911,210.911,225.36,204.372,165.655,102.797,63.792,26.526,53,48,50,45,50,46,46,44,42,43,44,47,2.03,-2.68,-6.18,-13.2,-13.14,-21.53,-24.24,-23.53,-22.68,-13.23,-11.26,-2.91,10.9,23.2,35.3,28,-4.4,5.4,14.6,7.4,3.3,14.3,24.9,17.7,68,20,3,13,-26,21,29,9.5,108,5,0,1,122,873,1832,1155,1328,415,7,245,0,75,645,207,16,77,92,83,9,0,0,0,99,403,644,345,63,383,641,332,49,48,45,43,-3.56,-32.52,-69.3,-47.16,15.1,26,-0.2,26.2,102,9,245.8,3014,108,4004,1957,927,270,100,301,201,9,-19.6,45.5,8.4,1491,1418,46,-152.54,2498
1949,3440200,NA,35.098215,-120.579118,-9999,12.8,14.6,16.1,20.2,18.8,19.8,19.6,20.3,21.8,20.3,24.5,17.2,0.5,3.5,6.3,8,9.2,10.4,10.9,10.9,11.2,7.3,8,4.2,6.6,9.1,11.2,14.1,14,15.1,15.3,15.6,16.5,13.8,16.3,10.7,34,49,90,7,18,1,0,1,1,2,33,69,-52.5,12.5,16.7,21.9,20.1,21.9,39.5,30.4,40.4,18.6,-29,-44.4,13,6,3,0,0,0,0,0,0,0,0,4,73,116,182,268,282,302,319,331,346,276,326,169,356,245,214,132,139,102,94,88,75,143,82,225,0,0,0,7,4,14,10,14,31,0,24,0,16,23,29,29,31,30,31,31,30,30,30,26,1,0,0,0,0,0,0,0,0,0,0,0,43.248,52.534,74.955,108.072,109.793,113.582,110.656,106.812,95.324,79.138,71.304,47.651,9.342,3.164,0,101.187,91.375,112.531,110.609,105.802,94.392,77.473,38.103,0,60,64,68,62,70,70,73,71,67,60,52,62,-0.44,-0.06,3.5,-6.94,-4.56,-6.66,-6.45,-6.86,-7.85,-7.73,-7.64,0.32,14.2,18.4,19.9,22.2,2.5,7.8,10.7,8.8,8.4,13.1,15.3,15.5,165,116,2,36,-28.1,19.6,30.6,10,24,3,0,1,325,732,952,948,866,484,284,300,0,11,38,55,63,89,92,89,1,0,0,0,139,293,331,246,13,193,329,210,62,67,71,60,-0.18,-7.99,-19.96,-23.23,13.2,16.5,6.6,9.9,306,21,75.8,769.5,26,2990,1896,103,335,50,335,285,2,-8.6,35.5,8,1009,744,65,-51.36,1379
1949,3425410,NA,37.898448,-122.313558,-9999,10.3,12.7,15.5,20.1,19,22.2,20.9,20.6,23.4,21,20.8,13.3,0.5,4.4,8,8.1,10.3,11.6,11.3,11.7,12.4,8.8,9.1,3.9,5.4,8.6,11.7,14.1,14.6,16.9,16.1,16.1,17.9,14.9,15,8.6,42,78,125,2,11,1,1,2,1,3,35,49,-50.8,9.9,14,21.3,19.7,21.3,37.2,29.6,39.2,17.6,-27.7,-42.9,18,7,2,0,0,0,0,0,0,0,0,7,52,105,197,267,301,356,346,346,387,308,288,118,394,260,199,131,122,63,72,77,51,115,111,288,0,0,0,8,9,30,15,18,48,8,14,0,16,24,31,30,31,30,31,31,30,30,30,26,1,1,0,0,0,0,0,0,0,0,0,0,32.655,40.929,62.59,103.494,104.343,124.703,117.08,102.001,95.796,73.322,51.779,32.938,0,0,0,101.848,93.509,124.099,116.306,100.313,94.431,70.075,17.092,0,67,72,76,63,73,68,70,72,67,62,64,75,1.48,3.94,7.67,-7.4,-5.14,-8.02,-7.16,-6.71,-8.66,-7.7,-4.34,0.7,11.4,18.2,21.2,21.8,2.9,8.8,11.5,10.1,7.2,13.5,16.4,15.9,218,137,3,39,-27.9,18.3,29.4,9.7,34,3,0,1,248,765,1048,983,977,453,212,278,0,17,63,70,66,91,92,90,3,0,0,0,101,270,344,221,0,195,341,182,72,70,70,64,6.12,-4.88,-21.89,-20.7,13.3,17.9,5.4,12.5,348,15,67.1,1172.2,35,3072,1884,150,340,44,341,298,3,-6.4,34.6,7.4,937,718,69,-41.35,1499
1949,231694,NA,36.950879,-122.066217,-9999,11.3,13.4,16.2,19.5,18.5,20.8,19.8,20.3,23.1,19.9,22.7,15.4,-1,3,6.2,6.4,8.3,9.5,10.2,10.2,9.9,6.4,6.7,2.4,5.2,8.2,11.2,12.9,13.4,15.1,15,15.3,16.5,13.1,14.7,8.9,73,121,174,4,11,1,2,3,2,5,60,70,-51.9,11.5,16.4,22.5,18.7,22.5,38,29.4,39.1,17.9,-28.9,-44,19,7,3,1,0,0,0,0,0,0,0,6,47,97,183,232,263,304,312,319,345,255,279,124,402,270,213,165,157,101,100,97,75,162,118,279,0,0,0,2,2,14,9,12,31,0,11,0,12,21,29,28,30,30,31,31,30,29,28,22,3,1,0,0,0,0,0,0,0,0,0,0,37.735,46.369,72.431,105.361,109.559,123.469,114.251,107.381,102.36,74.915,62.19,41.058,0,0,0,101.217,98.347,122.604,111.94,104.036,99.936,69.858,2.532,0,59,66,68,60,68,65,70,68,60,58,53,64,4.28,7.9,11.83,-7.09,-5.3,-7.59,-6.56,-6.8,-8.99,-7.28,-3.75,1.55,12.6,18,20.3,21.9,1.3,7,10,7.7,7,12.5,15.1,14.8,352,189,7,67,-28.1,19.2,29.9,9.4,36,3,0,1,235,677,935,879,994,534,298,356,0,4,35,42,54,88,92,87,5,0,0,0,120,287,345,239,0,200,339,172,63,65,68,57,13.73,-0.57,-20.95,-20.02,12.5,16.5,5.2,11.3,528,20,42.6,817.6,37,2759,2139,81,322,71,324,253,6,-10.2,34.8,7.6,992,710,63,-27.81,1216
1950,2275918,NA,37.42756,-122.17152,-9999,11.8,16,17.3,22,22.6,24.1,26.3,27.8,26.8,24,20.6,15.7,2.6,4.1,5.5,6.6,7.7,9.9,11.7,11.4,11.6,9.6,9.1,7.5,7.2,10.1,11.4,14.3,15.2,17,19,19.6,19.2,16.8,14.8,11.6,148,59,43,25,9,1,0,1,3,49,122,119,-51.2,12.2,17.8,24.1,11.8,26.4,28.9,25.5,38.3,16.8,-27.6,-43.2,11,4,3,0,0,0,0,0,0,0,0,3,86,139,189,272,318,360,435,452,426,366,285,193,339,218,208,127,107,61,23,21,35,72,114,204,0,0,0,9,12,32,56,71,70,25,13,3,22,24,28,29,30,30,31,31,30,31,30,31,2,0,0,0,0,0,0,0,0,0,0,0,34.807,52.487,78.583,118.339,139.625,145.224,157.468,153.734,117.699,85.378,52.027,35.018,0,0,35.74,93.194,130.506,144.098,157.05,153.117,114.736,36.398,0,0,69,62,63,54,55,58,57,53,56,57,64,63,11.43,-0.03,-2.07,-6.71,-8.58,-9.99,-11.54,-13.07,-11.76,-5.23,4.52,6.85,14,20.6,26.1,23.8,3.2,6.6,11,10.1,8.6,13.6,18.6,17,255,77,2,174,-27.4,17.9,26.9,9.2,22,3,0,1,341,778,1248,1077,847,442,105,220,0,21,159,109,69,87,92,91,3,0,0,0,124,337,456,255,0,259,454,151,65,57,56,59,18.25,-17.37,-34.59,-12.47,14.7,19.6,7.2,12.4,579,14,42.6,1375.5,22,3521,1529,291,346,47,347,300,3,-8.2,38.5,6.6,1172,865,60,-46.19,1869
1950,5504847,NA,37.6553,-122.0567,-9999,11.1,15.2,16.3,20.7,21.1,22.2,25.2,26.6,25.3,22.6,19.8,14.5,2.3,4,5.3,6.8,7.9,9.9,11.9,11.8,12.1,10.2,9.5,7.8,6.7,9.6,10.8,13.7,14.5,16,18.6,19.2,18.7,16.4,14.6,11.2,169,65,51,33,11,1,1,1,3,56,157,142,-50.8,11.7,17,22.9,14.4,25,30.9,26.5,38.9,17.3,-27.1,-42.6,13,5,3,0,0,0,0,0,0,0,0,3,75,129,173,256,297,331,421,440,411,353,279,183,355,231,226,142,125,81,28,25,40,81,119,215,0,0,0,6,8,21,47,62,61,21,12,2,21,23,28,29,30,30,31,31,30,31,30,31,3,0,0,0,0,0,0,0,0,0,0,0,32.852,49.653,73.76,110.57,128.758,131.477,148.267,144.144,107.634,77.734,48.441,30.771,0,0,23.193,77.579,117.697,130.013,147.727,143.223,104.931,21.947,0,0,71,64,65,57,60,63,61,57,61,62,68,66,13.82,1.04,-0.81,-5.06,-7.3,-8.53,-10.54,-11.83,-10.31,-3.31,8.63,9.82,13.1,19.4,24.7,22.6,3,6.7,11.2,10.6,8.1,13,17.9,16.6,286,95,3,215,-27.2,18.1,27.4,9.7,26,3,0,1,306,726,1192,1043,895,492,134,239,0,14,130,94,68,87,92,91,4,0,0,0,117,313,424,234,0,218,421,127,67,61,60,64,24.68,-13.17,-30.9,-5,14.2,19.2,6.7,12.5,688,17,35.1,1150.2,25,3348,1667,241,345,46,350,303,4,-9,37.1,7,1087,766,64,-24.39,1722
1950,1176,NA,34.03974,-118.589581,-9999,15.2,19.3,20.1,20.6,19.6,22,24.4,24.5,23,24.9,23.2,22.4,5,8.4,8.6,11.3,11.3,12.5,16.5,15.1,14.8,13.8,12.3,11.1,10.1,13.9,14.4,16,15.5,17.2,20.4,19.8,18.9,19.4,17.8,16.7,66,51,21,16,1,1,0,1,7,9,31,3,-52.9,12.5,18.2,19.2,22.5,20.7,38.8,31.2,41.8,18.7,-27.5,-45,5,2,1,0,0,0,0,0,0,0,0,1,156,236,277,324,326,367,478,459,416,444,372,349,249,125,129,86,100,57,12,19,38,34,56,78,0,7,10,19,13,35,89,76,64,65,44,37,27,28,31,30,31,30,31,31,30,31,30,31,0,0,0,0,0,0,0,0,0,0,0,0,47.091,63.348,91.884,101.551,107.776,122.506,122.782,121.939,91.027,88.246,62.983,56.421,0,12.782,70.669,85.511,106.278,121.644,122.679,120.911,84.028,79.191,32.261,53.255,67,66,64,71,74,71,76,71,75,67,67,65,1.23,-1.93,-5.32,-5.47,-6.21,-7.65,-8.13,-8.76,-6.95,-8.71,-5.64,-8.13,17.6,20.1,23.7,23.7,6.8,10.4,14.7,13.7,12.2,15.3,19.2,18.7,193,39,2,47,-28.5,20,30.2,11,9,1,0,0,619,927,1304,1233,550,316,88,127,13,43,199,174,86,92,92,91,0,0,0,0,160,301,367,242,13,262,365,195,66,70,73,70,-8.84,-17.01,-24.54,-21.29,16.7,20.4,10.1,10.3,207,10,128.7,1948.1,9,4205,984,460,361,3,365,362,0,0.7,38.9,8.2,1070,836,70,-71.68,2451
1950,3904095,NA,34.533002,-117.283871,-9999,12.6,19.2,20.9,25.6,27.6,32.6,36.4,37.3,30.6,29.2,22.7,20,-3.5,1.4,2.7,6.7,8.4,11.7,17.4,15.3,11.6,8.5,4.5,1.6,4.5,10.3,11.8,16.2,18,22.1,26.9,26.3,21.1,18.8,13.6,10.8,10,14,13,5,2,1,4,1,2,1,6,1,-53,16.1,22.9,26.6,13.2,30.5,28.8,29,41.2,16.8,-28.6,-45.3,22,4,2,0,0,0,0,0,0,0,1,4,51,157,214,334,403,513,677,658,483,427,258,183,420,210,197,82,50,9,1,1,19,40,145,221,0,1,5,27,48,130,276,257,112,63,10,3,7,17,23,29,30,30,31,31,30,30,25,20,0,0,0,0,0,0,0,0,0,0,0,0,46.267,70.791,105.535,144.663,176.286,205.707,222.002,216.746,146.054,117.355,70.477,58.276,35.938,56.699,92.795,139.648,174.167,204.75,218.117,215.336,143.612,116.364,64.784,57.234,48,47,46,46,46,44,49,43,47,43,47,48,-2.7,-7.65,-8.81,-12.87,-14.82,-20.12,-23.4,-26.2,-17.37,-16.66,-10.59,-9.48,15.4,24.7,35.4,27.5,-1.4,5.9,14.8,8.2,7,15.3,25.1,17.8,44,20,6,9,-27.4,20.9,29.4,9.8,40,2,0,1,280,951,1848,1168,998,329,10,204,1,80,663,185,33,82,92,86,1,0,0,0,163,426,644,334,119,407,638,325,47,46,45,46,-19.83,-36.51,-69.73,-44.61,16.7,26.9,4.5,22.3,61,11,439.9,2486.8,33,4358,1395,933,303,86,317,231,1,-19.6,45.5,8.2,1568,1489,46,-170.67,2673
1950,3440200,NA,35.098215,-120.579118,-9999,14.2,17.8,18.4,19.5,17.5,18.9,20.9,20,20.8,22.3,21.6,19.3,3.3,6,5.6,7.4,8,9.6,12.1,11.1,11.8,9.8,9.3,7.9,8.7,11.9,12,13.4,12.8,14.3,16.5,15.5,16.3,16,15.5,13.6,70,65,36,31,5,1,0,1,1,33,56,35,-52.8,12.8,19.2,21.9,21,21.9,38.7,30.6,40.6,18.4,-27.7,-44.6,7,3,2,0,0,0,0,0,0,0,0,2,118,176,200,248,245,277,357,328,339,342,301,250,291,176,194,150,173,122,64,90,79,88,99,151,0,0,0,3,0,9,18,14,29,13,14,9,24,27,28,29,30,30,31,31,30,31,30,31,1,0,0,0,0,0,0,0,0,0,0,0,44.335,59.647,87.919,105.419,105.458,110.02,115.017,103.736,87.039,82.989,60.148,49.216,0,0,52.106,74.068,100.853,109.136,114.781,102.76,85.915,50.313,4.409,14,65,63,60,63,70,71,73,72,72,62,62,59,2.23,-0.04,-3.43,-4.17,-5.49,-6.3,-6.92,-6.58,-6.89,-5.42,-2.75,-3.56,16.4,18.5,19.9,21.6,4.5,7,10.9,10.3,10.4,12.7,15.4,15.9,204,72,2,90,-28.2,20.7,30.4,10.4,14,3,0,1,460,694,962,983,692,517,276,267,0,3,41,56,77,88,92,91,1,0,0,0,152,299,329,230,0,227,327,141,62,64,72,66,-1.37,-13.09,-19.81,-15.06,13.9,16.5,8.7,7.7,333,8,71.6,2108.5,15,3182,1678,109,352,31,351,320,1,-8.6,35.5,8.3,1009,694,66,-49.32,1511
1950,3425410,NA,37.898448,-122.313558,-9999,11.2,15.5,16.6,20.3,19.8,19.8,21.4,23.2,22.9,21.7,19.7,14.6,3.6,5.2,6.5,7.9,8.8,10.5,12.1,12.1,12.6,11.1,10.6,8.9,7.4,10.4,11.6,14.1,14.3,15.2,16.7,17.7,17.8,16.4,15.2,11.7,181,77,48,34,11,1,0,1,2,56,147,132,-50.4,11.1,16.3,21.6,16.9,23.1,37.1,28.3,39.4,17.7,-26.7,-42.3,10,4,2,0,0,0,0,0,0,0,0,3,87,144,191,265,290,304,365,393,383,353,293,195,333,209,203,133,132,101,59,46,53,81,106,200,0,0,0,7,6,14,20,35,46,19,14,3,24,25,30,29,30,30,31,31,30,31,30,31,3,0,0,0,0,0,0,0,0,0,0,0,31.172,48.616,72.46,104.908,116.159,110.801,117.324,119.496,92.186,71.322,45.913,28.738,0,0,24.114,71.109,105.447,109.784,117.004,118.98,90.568,15.323,0,0,74,67,68,62,66,71,71,66,69,67,71,69,15.02,2.23,-0.93,-4.33,-6.09,-6.59,-7.3,-8.71,-8.16,-2.27,8.04,9.06,13.4,18.9,21.5,21.4,4.2,7.7,11.6,11.4,8.8,13.3,16.5,16.4,307,93,2,204,-27.2,18.3,29.5,10.1,21,3,0,1,347,746,1062,1029,831,468,206,240,0,13,70,80,76,90,92,91,3,0,0,0,113,294,348,209,0,201,346,106,70,65,70,69,26.31,-11.35,-22.6,-2.38,14,17.8,7.4,10.4,689,14,34.9,1253.1,21,3262,1657,165,353,27,357,330,4,-6.4,34.6,7.7,963,652,69,-10.03,1621
1950,231694,NA,36.950879,-122.066217,-9999,12.3,16.6,17.6,19.3,18.4,19.4,19.8,21.5,22.7,22.3,21.6,16.9,2,3.6,4.9,5.8,6.9,8.9,10.9,10.3,10.4,8.4,7.9,6.5,7.1,10.1,11.2,12.6,12.6,14.1,15.4,15.9,16.5,15.4,14.7,11.7,241,100,64,38,16,2,1,1,7,69,193,148,-51.8,13,18.7,22.9,17.8,23.6,38.7,28.8,39.3,17.4,-28.2,-43.9,11,4,3,1,0,0,0,0,0,0,0,3,81,137,181,221,240,274,322,340,347,322,280,193,341,217,213,175,178,125,91,81,74,103,116,202,0,0,0,0,0,9,10,16,31,9,10,2,20,23,27,28,30,30,31,31,30,30,29,30,4,0,0,0,0,0,0,0,0,0,0,0,37.376,55.832,82.007,105.915,113.52,114.807,110.717,114.88,99.14,81.617,57.705,40.492,0,0,18.17,67.868,97.089,112.458,109.909,113.412,92.528,12.621,0,0,66,59,60,58,64,67,72,66,63,58,58,59,20.45,3.68,-0.26,-3.74,-5.05,-6.6,-6.47,-7.77,-8.14,-2.17,10.69,8.92,14.8,18.4,20.2,22.2,2.7,5.8,10.1,8.9,8.7,12.1,15.1,15.5,411,118,5,269,-27.5,19.8,30.4,9.5,22,3,0,1,341,642,936,949,836,565,297,294,0,0,36,51,65,85,92,89,5,0,0,0,134,301,340,238,0,183,336,105,61,61,68,60,33.05,-9.05,-20.84,0.37,13.1,16.5,7.1,9.4,881,28,26.2,598,23,2939,1915,88,339,61,338,277,5,-10.2,34.8,8,1015,624,63,3.53,1331
1951,2275918,NA,37.42756,-122.17152,-9999,14.1,15.9,18.6,18.5,23.1,23.4,25.6,25.3,25.6,23.5,18.3,13.5,4.7,5,4.6,7.2,9,10.5,10.9,11.4,11.7,9,7.6,4.2,9.4,10.5,11.6,12.8,16,16.9,18.3,18.3,18.6,16.3,13,8.8,77,55,41,19,12,1,0,2,2,28,66,173,-52.1,11.6,19.6,20.8,11.9,25.6,29.5,27,38.7,16.9,-26.8,-43,6,4,2,1,0,0,0,0,0,0,1,7,135,145,191,229,344,357,412,414,408,349,228,120,271,207,203,167,86,63,32,35,41,83,162,282,0,0,0,2,18,31,41,46,60,18,1,0,27,25,27,29,31,30,31,31,30,31,29,26,1,0,0,0,0,0,0,0,0,0,0,1,38.046,50.71,86.337,96.739,139.167,138.549,154.394,136.542,110.867,84.014,47.243,33.822,0,0,45.645,78.034,127.558,137.687,153.939,134.549,109.345,55.842,0,0,70,65,57,65,58,61,57,59,59,57,66,74,3.07,-0.21,-3.28,-4.82,-8.36,-9.3,-11.08,-10.5,-10.74,-7,0.11,13.01,15.2,20,24.8,22.4,5.7,6.9,10.9,9.4,10.5,13.5,17.8,15.9,250,71,3,96,-27.9,17.4,27.4,9.6,13,3,0,1,470,763,1183,985,683,457,130,286,2,20,117,78,83,87,92,90,1,0,0,0,124,322,429,242,0,251,426,165,69,60,59,61,15.86,-16.46,-30.88,-17.63,14.2,18.6,8.8,9.8,474,16,51,1132.4,21,3331,1634,216,346,37,346,309,1,-8.2,38.5,6.6,1118,843,62,-49.11,1689
1951,5504847,NA,37.6553,-122.0567,-9999,13,14.9,17.7,17.3,21.2,21.8,24,24,24.4,22.3,17.8,12.7,4.5,4.9,4.6,7,9.1,10.2,11,11.5,12,9.5,7.5,4.2,8.7,9.9,11.1,12.2,15.2,16,17.5,17.8,18.2,15.9,12.7,8.4,91,63,46,25,14,1,1,3,2,31,92,192,-51.4,11,18.8,19.9,15.1,23.9,32.1,27.9,39.1,17.3,-26.6,-42.7,7,5,3,1,0,0,0,0,0,0,1,7,118,133,179,209,317,330,388,396,396,339,219,111,292,222,215,186,108,82,44,44,47,91,169,294,0,0,0,0,11,21,29,36,53,14,0,0,27,25,27,29,31,30,31,31,30,31,29,26,1,0,0,0,0,0,0,0,0,0,0,1,34.958,47.417,81.735,89.933,125.481,126.893,142.225,126.652,103.253,77.886,45.398,31.505,0,0,35.26,64.781,111.115,125.514,141.697,123.575,101.531,47.057,0,0,72,68,59,67,63,65,61,63,63,61,68,78,5.12,1.07,-2.19,-3.55,-6.71,-8.09,-9.76,-9.28,-9.7,-5.79,2.98,15.34,14.1,18.7,23.2,21.5,5.8,6.9,10.9,9.7,9.9,12.8,17.1,15.6,296,86,5,125,-27.7,17.9,28,9.9,15,4,0,1,431,704,1113,954,728,509,170,306,1,11,86,67,83,86,92,90,1,0,0,0,113,297,396,227,0,211,391,149,73,63,63,64,21.53,-12.45,-27.13,-12.51,13.6,18.2,8.4,9.8,562,21,42.1,864.1,24,3134,1793,165,346,36,348,313,2,-9,37.1,7,1033,751,65,-30.56,1526
1951,1176,NA,34.03974,-118.589581,-9999,18.3,18.3,20.1,18.4,20.6,21.2,24.7,24.3,25.5,24,21.3,16.7,7.8,7.6,8.1,11.1,11.5,13.4,15.6,15.5,15.7,13.2,10.4,7.8,13,13,14.1,14.7,16,17.3,20.2,19.9,20.6,18.6,15.8,12.2,68,33,18,36,2,0,0,4,1,13,35,138,-54.1,12.4,18.6,17.4,21.2,21.3,37.6,31.4,41.6,18.9,-27.1,-43.7,2,2,1,0,0,0,0,0,0,0,0,3,235,208,268,287,344,368,470,462,467,421,313,211,164,148,136,115,86,56,14,18,22,42,91,187,7,3,8,10,17,35,82,78,100,49,18,3,31,28,31,30,31,30,31,31,30,31,30,31,0,0,0,0,0,0,0,0,0,0,0,0,52.479,61.046,93.101,86.802,114.389,110.119,131.103,117.586,104.07,85.397,59.586,43.426,0,27.624,75.51,51.161,112.456,109.64,131.033,113.685,103.312,72.207,24.11,0,67,66,63,77,72,76,73,73,71,67,66,65,0.39,-3.22,-5.81,-2.11,-6.75,-6.71,-8.79,-8.07,-9.34,-7.74,-4.27,8.29,19.7,19.7,23.4,23.6,8.8,10.2,14.9,13.1,14.2,15,19.1,18.3,105,55,4,49,-28.5,19.1,30.1,11.1,5,1,0,0,790,899,1300,1202,391,337,88,156,46,34,196,167,90,92,92,91,0,0,0,0,170,294,359,249,81,239,354,200,66,71,74,68,5.47,-14.67,-23.57,-21.36,16.3,20.6,12.2,8.4,349,7,75.3,2882.7,9,4054,1081,410,365,0,365,365,0,0.7,38.9,7.9,1072,874,70,-54.12,2305
1951,3904095,NA,34.533002,-117.283871,-9999,15,16.6,20.2,22.4,28.1,32.2,37.1,35.7,35.1,26.1,18.5,12.6,-1.3,-0.3,2.1,5.9,9.3,12.4,17.5,15.6,13.4,7.1,1.6,-1.8,6.9,8.2,11.2,14.2,18.7,22.3,27.3,25.7,24.2,16.6,10,5.4,19,6,5,13,8,1,4,1,4,8,8,55,-54.2,15.9,22.8,25.1,13.1,30,28.3,29.6,39.8,17.4,-27.5,-43.7,12,7,3,0,0,0,0,0,0,0,2,17,90,108,197,275,423,519,689,639,575,359,161,60,349,271,214,130,40,8,0,1,7,76,239,389,0,0,3,13,59,135,288,238,189,30,0,0,12,13,21,28,31,30,31,31,30,29,19,10,0,0,0,0,0,0,0,0,0,0,0,1,51.466,63.637,102.978,126.939,177.591,200.749,227.535,203.749,168.412,105.685,60.254,41.798,32.571,57.401,97.701,114.162,169.323,200.124,223.803,202.73,164.193,98.129,52.598,0,49,48,46,51,47,46,48,47,43,46,49,46,-3.53,-6.06,-9.14,-9.32,-14.47,-19.32,-24.58,-23.32,-22.91,-12.99,-7.75,1.63,17.2,23.6,35,26.6,0,5.8,15.2,7.3,8.6,14.7,25.1,16.9,26,26,5,19,-27.3,20.3,29.3,9.9,23,3,0,2,381,895,1847,1095,841,384,10,322,3,75,661,219,44,80,92,78,0,0,0,0,173,408,632,334,147,381,627,315,47,48,47,46,-7.95,-32.93,-67.22,-43.66,15.9,27.3,5.4,21.9,132,18,196.7,1527.9,42,4095,1726,956,284,96,310,215,0,-19.6,45.5,8.1,1547,1470,48,-151.76,2510
1951,3440200,NA,35.098215,-120.579118,-9999,16.6,17.5,18.8,16.9,18.2,18.5,19.4,19.2,21.1,22.1,20.1,15.6,4.5,4.8,4.7,7.8,8.5,10.4,11.2,11.6,11.7,9.2,7.2,4.6,10.5,11.1,11.8,12.3,13.4,14.5,15.3,15.4,16.4,15.6,13.6,10.1,54,38,18,40,3,1,0,1,2,18,40,111,-54,13.4,20.3,19.2,20.4,22.1,40.1,31,40.6,18.4,-27.5,-43.9,4,3,2,1,0,0,0,0,0,0,1,5,160,158,194,216,263,283,320,324,342,330,246,150,236,196,199,181,157,117,94,93,77,97,144,243,0,0,0,0,0,10,10,13,30,9,0,0,27,25,27,29,30,30,31,31,30,31,29,27,0,0,0,0,0,0,0,0,0,0,0,0,49.628,60.371,91.668,88.549,108.583,102.905,107.831,95.352,88.931,83.336,58.259,42.816,0,22.715,73.802,48.91,105.28,101.977,107.785,94.188,87.218,65.727,17.867,0,62,60,56,71,69,74,74,76,71,61,60,64,-0.74,-2.85,-5.68,-1.68,-5.91,-5.79,-6.24,-5.88,-7.04,-6.95,-3.74,5.49,17.8,18,19,21.1,5.7,7,11.1,9.4,11.8,12.5,15.1,15.2,127,61,2,60,-28.2,20,31.1,10.5,9,3,0,1,567,672,927,919,582,536,304,318,8,0,33,38,82,87,92,89,0,0,0,0,159,289,306,231,37,228,304,171,62,65,75,64,1.9,-13.27,-17.92,-17.73,13.3,16.4,10.1,6.3,325,7,71.7,2291.2,16,2986,1833,71,346,33,347,314,1,-8.6,35.5,8.3,985,739,67,-47.01,1340
1951,3425410,NA,37.898448,-122.313558,-9999,13,15.3,18.2,16.6,19.9,19.2,20.3,20.5,22,21.6,17.7,12.9,5.7,6.2,5.8,8.2,10,11,11.2,11.9,12.5,10.5,8.8,5.5,9.3,10.7,12,12.4,15,15.1,15.8,16.2,17.2,16,13.2,9.2,104,61,42,24,15,1,0,2,2,31,95,176,-50.8,10.3,18.2,18.1,17.8,22.1,38.1,29.7,39.5,17.7,-26.2,-42.5,6,4,2,1,0,0,0,0,0,0,1,6,130,149,200,216,311,302,335,348,367,343,234,128,274,199,192,179,113,103,81,75,62,88,155,271,0,0,0,0,9,14,13,18,39,15,0,0,29,27,29,30,31,30,31,31,30,31,30,29,1,0,0,0,0,0,0,0,0,0,0,1,32.769,46.242,81.365,81.718,112.168,104.36,112.812,100.205,87.052,72.107,42.642,30.043,0,0,39.709,57.921,97.04,103.511,112.473,98.049,85.124,41.206,0,0,76,71,61,73,69,74,72,73,71,66,72,81,6.53,1.01,-2.67,-2.96,-5.38,-6.1,-6.81,-6.52,-7.43,-4.86,3.62,13.7,14.3,18.2,20,20.4,6.9,8,11.4,10.6,10.6,13.1,15.7,15.5,297,81,3,127,-27.7,18,30,10.3,13,3,0,1,472,727,985,944,673,484,259,304,2,9,45,54,86,89,92,91,1,0,0,0,108,275,317,202,0,195,314,126,76,68,73,70,21.24,-11.01,-19.43,-8.67,13.5,17.2,9.2,8,553,20,42.5,844.5,20,3063,1790,108,356,11,357,346,1,-6.4,34.6,7.7,902,635,71,-17.87,1433
1951,231694,NA,36.950879,-122.066217,-9999,15,16.3,18.6,16.3,19.4,18.6,19.5,19.5,21.5,21.5,19.1,14.3,3.9,4.3,3.7,6.7,8,9.4,10.2,10.6,10.6,7.8,6.8,3.6,9.4,10.3,11.2,11.5,13.7,14,14.9,15,16.1,14.7,12.9,8.9,113,89,54,31,19,2,1,2,2,38,95,238,-53.1,12.5,20.4,19.4,17.1,23.4,38.4,29.9,39.5,17.6,-27.4,-43.5,6,4,3,1,0,0,0,0,0,0,1,6,133,138,178,191,273,269,303,312,333,302,225,120,270,212,213,203,147,129,105,102,84,121,162,279,0,0,0,0,2,8,8,11,27,3,0,0,25,24,25,29,30,30,31,31,30,30,28,25,1,0,0,0,0,0,0,0,0,0,0,1,42.309,53.941,88.669,85.866,116.625,107.161,112.214,99.718,92.189,79.16,51.77,37.284,0,0,34.297,54.718,97.331,105.385,111.077,98.006,90.004,40.915,0,0,64,62,54,69,65,71,71,72,66,58,62,67,6.15,2.89,-2.06,-2.4,-5.12,-6.03,-6.5,-6.26,-7.65,-4.77,2.27,19.02,16.1,18.1,19.2,20.7,4.9,6.2,10,8.4,10.5,12.1,14.6,14.6,351,105,5,135,-28,19,30.6,9.9,13,4,0,1,461,642,883,859,683,563,335,366,0,2,27,30,79,84,92,88,1,0,0,0,137,291,319,223,0,186,314,131,64,63,71,62,28.06,-9.58,-18.79,-10.15,12.7,16.1,8.9,7.1,685,26,33.2,615.7,21,2776,2026,58,338,48,338,290,2,-10.2,34.8,7.9,970,632,65,-10.46,1181
1952,2275918,NA,37.42756,-122.17152,-9999,12.6,15.5,15.7,20.1,24.3,23.1,26.9,26.4,27.9,23.1,18,13.9,3.8,5.4,5.2,7.7,8.3,9.4,12.1,11.1,11.4,9.9,4.9,6,8.2,10.4,10.4,13.9,16.3,16.3,19.5,18.7,19.6,16.5,11.5,10,186,55,107,24,5,5,1,1,2,2,54,174,-51.4,11.1,16.7,21.7,9.7,27.2,28.4,26.3,37.9,17.2,-27.2,-42.8,8,4,3,0,0,0,0,0,0,0,1,5,108,146,162,260,351,338,450,426,439,357,185,152,307,208,237,138,81,76,19,30,30,78,200,246,0,0,0,7,21,23,66,53,79,21,0,0,25,26,28,29,30,30,31,31,30,31,26,30,2,0,0,0,0,0,0,0,0,0,0,1,35.364,49.02,71.69,104.937,149.238,139.573,160.041,144.801,124.185,80.894,49.609,32.543,0,0,0,80.696,144.532,134.421,159.41,144.2,122.358,78.455,0,0,71,67,66,62,53,59,57,56,53,60,59,69,14.81,0.14,5.22,-5.2,-10.2,-8.91,-11.88,-11.74,-13.04,-9.04,-1.5,12.9,13.9,20,25.4,23,4.5,7.1,10.9,8.7,9.2,13.5,18.2,15.9,414,136,6,58,-27.7,16.1,27.3,9.3,19,4,0,2,376,773,1213,980,797,456,125,308,0,27,142,100,77,88,92,87,3,0,0,0,118,326,444,255,0,225,438,201,69,60,57,57,27.85,-10.18,-32.52,-23.58,14.3,19.6,8.2,11.4,616,13,39.4,1520,22,3373,1649,270,346,37,348,310,4,-8.2,38.5,6.2,1143,864,61,-38.43,1738
1952,5504847,NA,37.6553,-122.0567,-9999,11.7,14.5,14.8,18.6,22.6,20.8,25.4,25,26.6,22.5,17.5,13,3.5,5.1,4.9,7.7,8.4,9.3,12.4,11.3,12,10.4,5,6.1,7.6,9.8,9.9,13.2,15.5,15,18.9,18.2,19.3,16.5,11.3,9.5,219,62,121,44,5,7,1,1,2,2,69,197,-50.7,10.6,16.2,20.4,12.5,25.7,31.1,27.3,38.5,17.4,-27,-42.4,10,5,4,1,0,0,0,0,0,0,1,5,94,132,148,239,328,301,431,409,429,355,180,141,327,226,254,158,99,104,25,37,33,79,204,260,0,0,0,4,14,14,53,43,72,21,0,0,24,25,28,29,30,30,31,31,30,31,26,30,3,0,0,0,0,0,0,0,0,0,0,1,32.786,45.636,67.96,96.117,137.348,123.531,147.371,134.742,115.429,76.995,47.84,29.559,0,0,0,51.984,132.163,116.123,146.756,133.844,113.475,74.625,0,0,73,70,68,66,57,64,62,59,57,63,61,72,18.58,1.27,7,-2.33,-8.87,-7.07,-10.49,-10.51,-11.69,-8.54,0.29,15.79,12.9,18.7,23.7,22.2,4.3,7,11,9.1,8.6,12.9,17.4,15.7,473,171,9,74,-27.5,16.4,28,9.6,22,5,0,2,338,715,1141,964,847,510,166,316,0,18,110,93,76,87,92,87,5,0,0,0,110,301,406,240,0,184,397,188,71,64,62,60,35.64,-4.2,-28.07,-19.95,13.7,19.3,7.6,11.7,731,16,32.4,1203,26,3187,1804,221,345,36,350,314,5,-9,37.1,6.6,1057,769,65,-16.57,1586
1952,1176,NA,34.03974,-118.589581,-9999,15.6,18.8,15.6,18.9,22,20.1,24,25.2,26.5,24,19.5,17.3,6.6,8.4,7,10.6,12.4,11.9,14.8,15.9,15.5,13.6,9.1,8.4,11.1,13.6,11.3,14.7,17.2,16,19.4,20.5,21,18.8,14.3,12.8,247,12,160,35,1,1,0,1,2,1,89,92,-52.6,12.2,15.8,18.3,19.8,21.7,37.9,31.2,41.4,18.9,-26.7,-43.8,4,2,3,0,0,0,0,0,0,0,1,2,181,228,187,287,379,329,446,481,479,428,270,231,214,132,210,115,63,82,20,14,20,40,127,171,2,6,0,10,30,21,64,93,109,54,8,6,30,28,30,30,31,30,31,31,30,31,30,31,1,0,0,0,0,0,0,0,0,0,0,0,45.625,61.437,72.297,92.06,122.446,109.486,128.71,122.685,111.632,84.307,55.411,44.364,0,49.104,0,57.056,121.56,108.961,128.62,121.608,109.95,83.457,0,0,71,67,72,74,70,74,72,72,67,69,68,72,19.45,-5.44,10.8,-2.59,-7.67,-6.48,-8.45,-8.95,-10.29,-8.85,1.99,3.44,17,18.8,23.1,23.3,7.6,10,14.2,12.8,12.3,14.4,18.6,18,397,195,2,91,-28.1,18,30.3,11.2,8,3,0,1,621,853,1257,1177,534,389,115,186,12,40,177,171,89,91,92,91,1,0,0,0,150,287,361,251,49,179,359,193,70,72,73,68,17.45,0.54,-23.88,-17.15,15.9,21,11.1,9.9,639,4,40.5,4932.1,11,3926,1207,403,363,0,365,365,1,0.7,38.9,7.8,1050,780,71,-23.04,2190
1952,3904095,NA,34.533002,-117.283871,-9999,11.6,16.3,14.9,22.3,30.4,30,36.8,37.3,33.7,30.6,16.1,13.1,-2.1,0.3,0.3,5.6,10.2,10.6,16.7,16.5,13.3,8.7,0.1,-1.2,4.7,8.3,7.6,13.9,20.3,20.3,26.8,26.9,23.5,19.7,8.1,5.9,44,4,38,11,1,1,5,1,15,1,24,32,-52.3,15.4,20.4,25.3,11.2,31,28.3,29.1,40.4,16.4,-26.8,-43.7,21,7,8,0,0,0,0,0,0,0,5,14,53,111,108,268,472,459,673,677,554,453,115,69,414,268,324,137,24,19,1,1,8,31,297,371,0,0,0,12,90,88,272,276,168,80,0,0,10,14,16,28,31,30,31,31,30,30,15,12,2,0,0,0,0,0,0,0,0,0,0,1,43.118,62.363,80.978,126.892,191.686,189.448,227.678,213.557,160.642,123.687,54.56,42.576,0,58.676,42.901,116.359,190.693,188.657,223.058,212.456,145.328,123.051,30.674,10.553,54,50,54,50,45,46,47,45,45,41,50,53,1.01,-6.15,-1.67,-9.52,-17.61,-17.13,-24.36,-25.7,-19.76,-18.46,-3.95,-1.02,13.5,22.5,34.7,26.8,-1.2,5.4,14.6,7.4,6.1,14,24.7,17.1,103,50,7,40,-26.9,19,29.5,10,45,8,0,5,224,848,1809,1122,1071,484,20,336,0,102,637,248,34,74,92,75,3,0,0,0,147,400,631,339,59,350,624,299,53,50,46,45,-6.16,-28.81,-67.19,-42.17,15.5,26.9,4.7,22.1,176,23,145.2,1178.5,55,4012,1894,987,277,92,316,224,4,-19.6,45.5,7.9,1516,1332,49,-144.33,2522
1952,3440200,NA,35.098215,-120.579118,-9999,14.8,17.7,14.9,18,19.4,17.6,19.7,19.7,22,20.3,18.9,16.5,4.3,6,4.8,7.8,8.5,8.6,11.1,10.9,10.7,9.9,6.2,5.1,9.5,11.9,9.8,12.9,14,13.1,15.4,15.3,16.3,15.1,12.5,10.8,162,16,142,28,2,3,0,1,1,2,82,127,-52.9,12.7,17,20.2,18.7,23,39.6,30.7,40.4,18.9,-27.1,-44.1,6,3,4,1,0,0,0,0,0,0,1,4,136,174,144,233,281,243,323,321,341,315,214,168,266,177,255,165,140,148,91,95,78,109,172,221,0,0,0,0,2,6,10,12,29,5,0,0,26,27,27,29,30,30,31,31,30,31,28,28,1,0,0,0,0,0,0,0,0,0,0,0,44.664,59.398,72.701,95.148,116.7,104.503,110.353,102.253,97.586,73.624,55.587,44.797,0,43.069,0,67.164,114.858,101.852,110.294,101.232,96.15,71.73,0,0,66,63,67,68,66,71,73,72,66,68,61,65,11.12,-4.86,9,-3.47,-6.77,-5.6,-6.44,-6.43,-8.05,-7.04,1,6.68,16,17.4,19,20.4,5,7,10.2,9,10.5,12.2,14.6,14.7,289,171,4,85,-28.1,18.6,31.1,10.7,13,5,0,1,461,658,887,871,686,560,334,359,0,2,28,35,80,87,91,88,1,0,0,0,147,285,317,227,43,182,313,168,65,67,72,65,12.94,-1.24,-18.47,-14.08,13.1,16.3,9.5,6.8,566,7,40.8,2332.3,18,2894,1917,65,348,29,349,320,2,-8.6,35.5,8.1,975,706,67,-20.86,1263
1952,3425410,NA,37.898448,-122.313558,-9999,11.5,14.8,15.5,18.2,21.4,18.4,21.5,21.6,24.1,21.8,17.7,13.1,4.7,6.5,6.1,8.9,9.3,9.9,12.8,11.6,12.5,11,6.4,7.2,8.1,10.6,10.8,13.5,15.3,14.2,17.1,16.6,18.3,16.4,12,10.2,241,65,106,32,6,8,0,1,2,2,64,195,-50.1,9.8,15.7,18.9,14.7,23.9,37.6,29.1,39.1,17.7,-26.8,-42.1,8,4,3,0,0,0,0,0,0,0,1,5,104,149,170,250,322,274,376,360,399,353,201,155,311,202,225,147,104,125,51,67,45,80,185,240,0,0,0,5,12,9,24,22,54,19,0,0,27,27,29,30,31,30,31,31,30,31,28,31,3,0,0,0,0,0,0,0,0,0,0,1,30.323,44.117,68.046,89.651,125.642,102.495,115.02,109.267,99.724,71.92,46.3,27.53,0,0,0,57.187,119.679,94.683,114.654,108.762,97.713,69.527,0,0,77,73,70,70,63,73,73,69,65,67,64,75,20.94,1.7,5.36,-2.89,-7.54,-5.16,-7.16,-7.55,-9.18,-7.72,-0.05,15.71,13.1,18.4,20.5,21.2,5.5,8.1,11.4,9.9,9.3,13.2,16,15.6,482,144,9,68,-27.5,16.5,30.2,10,18,4,0,1,383,742,1010,954,783,477,242,311,0,17,56,74,83,90,92,89,4,0,0,0,104,283,327,218,0,177,318,167,75,68,72,65,38.35,-5.07,-19.87,-16.95,13.6,18.3,8.1,10.2,723,17,32.6,1099.2,22,3114,1783,146,355,13,358,345,4,-6.4,34.6,7.3,933,662,70,-3.55,1484
1952,231694,NA,36.950879,-122.066217,-9999,13.5,16.4,15.4,17.8,20.3,18.5,20.7,20.5,23.8,20.7,18.7,14.8,3.3,4.9,4.6,6.9,7.4,8.4,11.2,10.1,10,8.8,3.9,5.3,8.4,10.6,10,12.3,13.8,13.5,15.9,15.3,16.9,14.7,11.3,10.1,290,84,154,30,10,9,2,1,4,3,93,235,-52.2,12.1,17.2,20.6,15.2,24.7,37.4,29.3,39,18,-27.6,-43.4,8,4,4,1,0,0,0,0,0,0,1,5,108,148,149,214,277,254,340,321,357,304,178,151,303,202,250,181,144,140,78,95,68,119,204,243,0,0,0,0,3,7,14,12,35,4,0,0,24,25,27,29,30,30,31,31,30,30,24,28,3,0,0,0,0,0,0,0,0,0,1,1,39.006,53.269,72.611,94.138,124.775,110.45,116.783,108.395,106.087,73.96,53.502,36.649,0,0,0,63.994,114.858,101.053,115.071,107.439,101.723,71.008,0,0,67,64,65,66,60,68,70,68,59,63,55,65,24.75,2.47,9.9,-3.31,-6.81,-5.48,-6.92,-7.14,-9.36,-7.47,1.78,18.45,14.7,17.8,19.9,21.1,3.9,6.3,9.9,7.6,9.3,12.1,14.9,14.3,612,194,12,100,-27.8,17.7,30.5,9.8,18,5,0,2,378,640,914,839,783,574,313,390,0,3,32,39,74,86,91,84,5,0,0,1,130,292,336,234,0,179,324,173,65,64,69,59,45.66,-0.22,-19.54,-15.05,12.7,16.9,8.4,8.5,915,26,24.8,641.1,23,2800,2025,75,339,50,338,288,5,-10.2,34.8,7.5,990,675,65,10.86,1207
1953,2275918,NA,37.42756,-122.17152,-9999,16.3,17.6,18,19,22,24.5,28,25.6,26.5,24,18.1,16.9,7,4.1,4.7,6.2,7.8,9.8,10.7,11.8,12.6,8.1,8.2,4.5,11.6,10.8,11.4,12.6,14.9,17.1,19.4,18.7,19.6,16,13.2,10.7,78,2,51,48,9,4,0,2,1,10,51,19,-53,13.1,19,22.2,12.8,25.8,25.8,26.9,38.5,16.6,-26.6,-44.1,3,4,3,1,0,0,0,0,0,0,1,4,189,153,185,223,309,363,445,425,436,343,233,168,201,196,208,172,114,59,20,30,31,88,156,224,2,0,0,0,9,33,63,53,77,15,1,0,30,24,27,28,30,30,31,31,30,30,30,27,0,0,0,0,0,0,0,0,0,0,0,0,41.042,57.411,83.521,102.596,135.341,148.124,173.108,137.858,113.685,87.759,45.9,41.754,0,55.304,33.017,54.176,126.342,144.464,172.73,135.634,112.767,77.82,0,22.929,70,58,59,60,57,57,51,59,59,53,69,74,2.29,-6.63,-1.92,-2.44,-8.11,-10.07,-13.53,-10.69,-11.37,-9.52,-1.17,-4.45,15.9,19.7,26,22.9,5.7,6.2,10.8,9.6,10.8,13,18.4,16.2,253,108,6,62,-28,18,26.2,9.5,12,3,0,1,491,717,1234,1012,644,495,109,275,2,9,149,93,84,86,92,90,1,0,0,0,131,321,459,247,55,214,453,191,67,59,56,60,-8.79,-12.48,-34.29,-22.07,14.7,19.6,10.7,8.8,274,16,89.9,1208.5,15,3472,1501,254,348,43,348,305,1,-8.2,38.5,6.4,1159,912,59,-77.62,1797
1953,5504847,NA,37.6553,-122.0567,-9999,15.3,16.8,17,17.8,19.5,22.2,26.5,23.8,25.3,22.7,17.3,16,6.7,3.9,4.6,6.2,7.7,9.7,11.1,11.9,13.1,8.5,8.3,4.4,11,10.4,10.8,12,13.6,16,18.8,17.8,19.2,15.6,12.8,10.2,84,2,57,62,12,7,0,3,1,10,58,22,-52.3,12.7,18.2,21.1,16.7,23.8,28.4,28.1,39,17,-26.2,-43.8,4,4,3,1,0,0,0,0,0,0,1,4,174,142,169,206,271,328,428,398,425,330,223,155,217,210,226,189,149,83,26,43,35,98,165,239,1,0,0,0,2,21,51,37,70,11,0,0,30,23,27,28,30,30,31,31,30,30,30,27,0,0,0,0,0,0,0,0,0,0,0,0,38.236,54.75,78.508,95.346,118.276,131.833,160.697,124.009,104.873,80.966,42.752,39.269,0,52.984,21.783,33.325,105.824,124.625,160.219,121.091,103.912,71.079,0,17.714,72,59,61,64,63,62,55,64,64,58,71,77,3.34,-6.29,-0.75,-0.38,-6.09,-7.98,-12.01,-9.02,-10.15,-8.39,-0.01,-3.76,15,18.1,24.2,21.8,5.6,6.2,10.9,10,10.3,12.1,17.5,15.9,283,131,11,69,-27.8,18.7,26.8,10,13,4,0,1,453,645,1154,978,687,564,152,298,1,2,109,81,83,85,92,90,1,0,0,0,123,292,417,229,53,161,406,175,70,63,61,64,-6.7,-7.22,-29.01,-18.55,14,19.2,10.2,9,318,24,75.6,799,17,3248,1680,194,347,43,349,306,2,-9,37.1,6.9,1060,795,63,-61.49,1603
1953,1176,NA,34.03974,-118.589581,-9999,20.9,20.6,19.9,17.5,19.7,21.1,25.8,24,24.8,24.4,22.7,20.8,10.2,7.3,7.8,9.4,10.3,12.2,16.2,14.7,14.8,12.9,11.5,8.6,15.6,14,13.8,13.5,15,16.6,21,19.4,19.8,18.6,17.1,14.7,26,4,13,26,2,1,0,1,1,1,38,5,-55.2,13.9,18.8,18.3,21.5,21.6,36.7,31.3,41.6,18.7,-27.5,-44.8,1,2,1,0,0,0,0,0,0,0,0,1,310,236,258,249,312,348,495,445,442,422,350,284,101,123,144,150,112,69,10,23,29,42,67,122,21,7,5,3,8,27,102,66,81,48,32,16,31,28,31,30,31,30,31,31,30,31,30,31,0,0,0,0,0,0,0,0,0,0,0,0,57.593,70.067,92.859,87.995,112.944,115.812,137.043,119.517,103.112,88.011,62.68,55.001,31.961,65.917,80.228,62.343,110.773,114.889,136.961,118.378,102.396,86.889,24.423,49.927,67,59,63,74,71,72,71,72,70,66,66,72,-5.05,-7.71,-6.25,-3.06,-6.49,-7.01,-9.47,-8.44,-9.09,-9.35,-4.73,-7.42,19.6,19,23.6,23.9,8.6,9.1,14.4,13.1,14.1,14.1,19,18.5,122,40,2,40,-28.7,19.5,29.9,11,5,2,0,0,774,819,1288,1214,395,405,101,138,33,17,195,162,90,91,92,91,0,0,0,0,172,294,372,254,98,253,370,214,66,69,72,67,-20.18,-15.8,-24.92,-23.17,16.6,21,13.5,7.5,118,5,226.1,4169.6,6,4151,991,417,364,0,365,365,0,0.7,38.9,7.9,1092,935,68,-84.07,2399
1953,3904095,NA,34.533002,-117.283871,-9999,17.9,17.8,20.3,22.4,23.7,31.1,37.7,35.3,34.2,26.6,20.4,16,1.2,-0.6,1.7,4.6,6,11.5,18.2,15,12.6,6.8,3.3,-1.7,9.6,8.6,11,13.5,14.9,21.3,27.9,25.1,23.4,16.7,11.8,7.2,5,8,9,8,5,1,1,3,1,1,5,3,-55.5,16.6,23.1,26.1,16.4,29.4,28,29.6,40.1,17.3,-27.9,-44.5,6,7,3,0,0,0,0,0,0,0,1,10,152,116,191,254,309,489,709,623,551,363,205,93,266,259,220,149,115,13,0,1,9,74,190,334,2,0,3,9,16,106,308,222,166,31,3,0,18,12,20,26,29,30,31,31,30,29,23,10,0,0,0,0,0,0,0,0,0,0,0,0,57.795,67.652,103.701,129.046,154.218,195.152,230.527,202.755,164.579,108.24,64.509,49.776,53.153,59.689,94.955,121.281,149.372,194.34,229.461,200.231,163.698,107.329,59.481,46.474,49,44,45,48,48,46,48,46,43,44,49,54,-7.51,-6.85,-8.92,-10.09,-11.25,-18.2,-25.63,-22.83,-22.13,-14.26,-9.06,-5.7,16.3,22.1,34.7,27.1,-0.2,4.1,14.9,7.6,8,13.1,24.8,17.3,45,21,4,7,-27.8,21.9,29,9.8,27,3,0,1,337,753,1821,1119,897,484,14,273,2,28,636,200,42,75,92,82,1,0,0,0,168,387,628,337,123,366,624,331,49,47,47,45,-20.06,-30.25,-66.66,-45.45,15.9,27.9,7.2,20.8,48,10,534.5,2758,27,4053,1631,866,290,113,311,198,1,-19.6,45.5,8.2,1521,1444,46,-162.42,2392
1953,3440200,NA,35.098215,-120.579118,-9999,18.8,19.1,18.3,16.6,17.8,18.4,21.2,19.4,21.1,22.3,20.4,18.9,7.2,3.8,4.6,6.1,7,8.5,11.3,10.9,11.6,8.5,7.8,4.3,13,11.5,11.4,11.3,12.4,13.4,16.2,15.2,16.3,15.4,14.1,11.6,44,3,23,49,4,2,0,1,1,2,73,8,-54.8,14.9,19.9,20.6,19.9,23,37.5,30.8,40.6,18.2,-27.5,-44.9,2,3,3,1,0,0,0,0,0,0,1,3,227,164,184,189,235,252,349,316,341,322,259,186,166,187,208,207,183,141,70,99,78,103,132,204,4,0,0,0,0,6,16,11,29,5,1,0,31,23,27,28,30,30,31,31,30,30,29,26,0,0,0,0,0,0,0,0,0,0,0,0,52.997,67.188,89.294,91.49,110.791,110.431,121.757,100.376,90.091,85.529,58.293,52.218,8.729,64.092,66.535,42.827,107.05,108.715,121.709,99.31,88.95,83.655,0,43.943,64,53,57,67,66,69,69,73,70,58,61,64,-2.5,-7.53,-4.88,-0.96,-5.97,-6.17,-7.44,-6.25,-7.22,-8.85,-0.47,-6.8,18.1,17.5,19.7,21.3,5.4,5.9,10.2,9.3,11.7,11.7,14.9,15.3,174,75,3,76,-28.3,20.1,30.4,10.4,9,4,0,1,557,607,917,922,574,598,310,313,4,0,34,36,82,85,91,90,0,0,0,0,165,292,333,234,73,216,330,173,60,63,70,63,-16.83,-11.8,-19.87,-16.54,13.5,16.3,11.3,5,210,8,111.8,2120.2,13,3023,1778,74,346,44,346,302,1,-8.6,35.5,8.2,1023,792,64,-65.04,1375
1953,3425410,NA,37.898448,-122.313558,-9999,15.3,17.5,17.4,17.3,18.4,19.9,22.8,20.4,23,22,17.2,16.3,8.1,5.4,5.8,7.4,8.6,10.4,11.4,12.3,13.6,9.5,9.5,5.8,11.7,11.4,11.6,12.4,13.5,15.2,17.1,16.3,18.3,15.8,13.4,11,108,2,60,72,12,6,0,2,1,11,64,19,-51.6,12,17.5,19.5,18.9,22.2,34,29.9,39.5,17.3,-25.7,-43.7,3,3,2,1,0,0,0,0,0,0,1,4,188,164,189,215,267,304,376,352,399,334,238,174,199,188,202,180,153,101,51,72,45,94,151,218,2,0,0,0,1,14,24,20,55,11,0,0,31,26,29,29,30,30,31,31,30,31,30,29,0,0,0,0,0,0,0,0,0,0,0,0,35.539,54.452,77.818,88.744,107.432,112.706,131.781,98.026,89.205,75.904,39.66,37.968,0,52.711,18.088,16.969,95.247,106.701,131.492,96.034,88.193,64.943,0,18.703,77,62,63,69,69,70,65,75,72,62,76,81,6.1,-6.31,-0.41,1.22,-5.14,-6.24,-8.64,-6.37,-7.93,-7.44,1.06,-3.8,15.3,17.7,21.1,20.7,6.9,7.3,11.3,10.9,11.1,12.5,16.2,15.8,305,144,8,76,-27.7,18.7,28.7,10.4,11,3,0,1,504,671,1032,971,628,534,225,290,2,1,58,66,88,88,92,91,1,0,0,0,118,274,343,205,53,130,334,153,73,67,70,70,-4.01,-4.32,-21.25,-14.31,14,18.3,11,7.3,357,21,67.2,852.4,14,3202,1654,128,357,18,358,340,1,-6.4,34.6,7.5,939,670,69,-43.89,1544
1953,231694,NA,36.950879,-122.066217,-9999,17,17.9,18.2,16.6,18.5,19.7,21.7,20.2,22.3,22.2,19.3,17.8,6.3,3.3,4.1,5.4,6.9,8.7,9.8,10.9,11.3,6.9,7,3.7,11.6,10.6,11.2,11,12.7,14.2,15.7,15.5,16.8,14.5,13.2,10.7,133,5,69,83,14,5,1,3,2,14,91,27,-53.8,13.9,19.8,21,17.6,23.7,34.6,29.6,39.5,17.3,-27.4,-44.6,3,4,3,1,0,0,0,0,0,0,1,4,185,145,177,179,242,274,334,328,353,297,231,165,202,203,213,216,176,124,82,90,70,125,156,223,1,0,0,0,0,9,12,14,34,1,0,0,30,22,26,27,30,30,31,31,30,29,29,25,0,0,0,0,0,0,0,0,0,0,0,0,44.915,60.232,86.288,91.374,114.332,117.736,130.08,103.948,94.34,83.234,51.931,45.68,0,55.227,16.929,8.833,99.964,112.406,129.214,100.752,92.714,69.678,0,18.883,66,55,56,64,64,66,64,71,66,54,62,69,7.28,-6.67,-0.25,2.28,-5.33,-6.55,-8.15,-6.54,-8.05,-7.94,1.82,-4.33,16.6,17.8,20.5,21.2,5,5.5,9.8,8.4,10.8,11.6,15.1,14.8,373,166,9,106,-28.2,19.5,29.3,9.8,12,4,0,1,478,598,936,881,648,605,296,351,1,0,35,35,80,83,91,88,1,1,0,0,142,292,352,230,55,126,342,162,63,61,67,61,-3.72,-3.3,-21.24,-14.18,13.1,16.8,10.6,6.1,446,25,51.9,660.2,16,2911,1879,71,339,59,339,280,2,-10.2,34.8,7.6,1015,686,62,-42.43,1285
1954,2275918,NA,37.42756,-122.17152,-9999,14.2,18.2,16,21.5,23.5,25.3,28.2,24.7,26.4,23.8,18.3,14.1,4.7,4.9,5.2,8.2,8.5,10,11.9,10.9,10.3,8.2,6.9,4.2,9.5,11.6,10.6,14.9,16,17.6,20,17.8,18.4,16,12.6,9.2,77,63,89,28,3,4,0,3,1,3,50,94,-52.3,12.9,17,22.3,10.9,26.5,26.2,27.2,38.3,16.7,-27,-43.2,6,3,3,0,0,0,0,0,0,0,1,6,138,171,167,288,343,379,466,397,401,342,219,130,269,185,231,113,87,50,15,44,44,88,170,272,0,0,0,12,18,40,79,37,56,16,1,0,27,25,28,30,30,30,31,31,30,30,29,26,1,0,0,0,0,0,0,0,0,0,0,0,38.51,58.245,73.19,111.82,143.825,153.313,170.739,133.79,118.374,86.684,48.369,35.385,0,0,0,83.925,140.892,149.178,170.258,131.23,117.281,83.291,0,0,69,59,66,60,55,55,53,59,53,54,64,61,2.97,-0.75,3.21,-5.69,-9.73,-10.67,-13.3,-10.04,-11.96,-9.96,-1.65,4.76,16.4,20.3,26,22.9,4.7,7.3,10.9,8.5,10.6,13.8,18.5,15.7,158,120,7,55,-27.5,16.7,26.6,9.3,13,3,0,1,478,798,1241,962,677,431,108,303,0,29,156,73,79,88,92,88,1,0,0,0,139,329,458,253,23,225,451,201,63,60,56,57,6.98,-12.22,-34.01,-23.57,14.5,20,9.2,10.9,416,11,59,1787.5,19,3440,1568,258,346,38,340,302,1,-8.2,38.5,6.3,1179,899,60,-62.82,1781
1954,5504847,NA,37.6553,-122.0567,-9999,13.5,16.4,14.9,20.3,21.9,23.2,26.4,22.9,24.9,22.6,17.3,12.5,4.4,4.8,4.9,8.3,8.5,10.1,12.1,11,10.7,8.7,6.9,4.2,8.9,10.6,9.9,14.3,15.2,16.6,19.3,17,17.8,15.6,12.1,8.3,83,75,100,39,4,7,1,3,1,3,62,112,-51.8,11.9,16.2,21.3,13.7,24.9,29.2,28.3,38.8,17.1,-26.5,-42.6,7,4,4,0,0,0,0,0,0,0,1,7,124,150,148,271,318,348,442,371,384,330,204,109,286,203,253,128,107,69,21,59,53,97,184,297,0,0,0,8,12,27,61,26,47,13,0,0,26,25,28,30,30,30,31,31,30,30,29,26,1,0,0,0,0,0,0,0,0,0,0,1,36.596,52.415,68.251,104.205,131.654,137.729,156.633,121.502,109.124,80.338,44.746,31.015,0,0,0,65.558,127.212,130.996,156.064,118.549,108.068,77.302,0,0,70,63,68,63,60,61,58,64,58,58,67,63,3.99,1.4,4.83,-3.81,-8.32,-8.69,-11.59,-8.63,-10.58,-8.97,0.13,7.42,15.3,19,24.2,21.6,4.5,7.2,11.1,8.8,9.9,13.1,17.6,15.2,179,143,10,66,-27.5,17.1,27.5,9.8,15,4,0,1,431,737,1162,918,727,488,149,333,0,20,114,59,78,88,92,89,1,0,0,0,128,304,416,234,18,193,406,185,65,63,61,61,12.81,-7.3,-28.9,-19.42,13.8,19.3,8.3,10.9,489,16,48.7,1223.2,24,3200,1755,193,345,37,341,304,1,-9,37.1,6.7,1082,801,63,-42.82,1582
1954,1176,NA,34.03974,-118.589581,-9999,17.6,23.5,17.2,19.2,20.6,21.5,26.2,23.5,25.2,23,23.5,19.4,7.9,10.4,8.1,11.2,12.6,13.2,17.2,15.7,14.3,12.2,11.5,8.2,12.8,16.9,12.7,15.2,16.6,17.4,21.7,19.6,19.8,17.6,17.5,13.8,113,87,82,5,2,1,0,1,1,1,38,30,-53.6,13.6,16.2,18,22.1,20.5,36.9,31.6,41.5,19,-27.8,-44.5,2,1,2,0,0,0,0,0,0,0,0,2,227,321,224,302,361,371,517,453,443,389,363,259,172,64,175,103,74,54,7,21,29,58,60,145,6,30,2,13,23,37,119,71,82,33,39,11,31,28,31,30,31,30,31,31,30,31,30,31,0,0,0,0,0,0,0,0,0,0,0,0,50.151,76.306,77.393,92.022,109.931,114.56,135.485,110.457,107.691,82.963,65.608,51.202,0,0,0,87.246,108.153,113.919,135.416,109.397,106.954,82.062,28.01,20.712,69,60,71,75,75,74,73,76,67,67,64,63,5.21,-0.81,2.41,-5.67,-6.49,-7.04,-9.47,-7.67,-9.66,-8.46,-5.44,-4.02,20.6,19,23.8,23.9,8.9,10.6,15.4,12.7,14.8,14.8,19.6,18.3,205,88,2,39,-28.1,18.8,29.7,10.9,4,2,0,0,834,887,1340,1195,358,352,82,147,53,38,227,154,90,92,92,91,0,0,0,0,181,279,361,256,50,195,359,217,64,74,75,66,0.38,-9.75,-24.18,-23.56,16.8,21.7,12.7,9,359,4,74.5,5060.4,7,4230,961,465,365,0,361,361,0,0.7,38.9,7.8,1078,821,70,-57.11,2464
1954,3904095,NA,34.533002,-117.283871,-9999,14.7,21,16.9,25.5,29.6,31.6,37.2,33.8,33.1,27.5,21.1,14.1,-0.5,2.4,1.6,7.4,10.4,12.5,18.2,14,12.3,7.1,3.7,-1.6,7.1,11.7,9.2,16.5,20,22.1,27.7,23.9,22.7,17.3,12.4,6.3,47,17,28,1,1,2,4,2,1,1,21,11,-53.9,16.4,20.9,26,12,30.2,28.5,30,40.5,17.1,-28.1,-44,11,3,5,0,0,0,0,0,0,0,1,13,94,186,146,342,463,511,701,585,530,381,223,75,342,182,273,76,26,9,0,3,11,62,175,361,0,3,0,29,83,127,300,185,150,39,5,0,14,20,20,29,31,30,31,31,30,30,24,11,1,0,0,0,0,0,0,0,0,0,0,0,50.133,75.737,88.254,142.582,185.883,196.171,225.872,194.092,158.683,111.476,66.367,45.192,3.01,58.8,60.132,141.442,184.794,193.841,222.054,192.23,157.524,110.686,45.521,33.917,52,45,53,48,47,48,50,47,44,43,48,45,-0.56,-8.47,-4.28,-12.95,-16.63,-18.34,-24.38,-20.91,-20.56,-15.09,-7.95,-3.65,17.2,24,34.2,27.2,0.1,6.5,14.9,7.7,8.6,15.2,24.6,17.5,67,30,8,23,-27.2,19.6,29.5,9.8,24,5,0,1,373,951,1797,1134,858,376,12,249,3,113,612,194,44,80,92,83,1,0,0,0,176,417,616,337,108,386,608,314,47,49,48,45,-12.68,-33.85,-63.63,-43.6,16.4,27.7,6.3,21.4,136,10,193.4,2699.4,33,4238,1523,922,299,83,313,230,1,-19.6,45.5,8,1545,1417,48,-153.77,2606
1954,3440200,NA,35.098215,-120.579118,-9999,16.1,21,16.2,18.5,19,19.3,21.6,18.7,21.2,21.6,21.7,17.3,4.9,6.4,5.3,8.7,8.7,8.9,12.1,10.8,9.8,7.7,7.1,5.1,10.5,13.7,10.8,13.6,13.8,14.1,16.8,14.7,15.5,14.6,14.4,11.2,104,54,100,20,3,1,0,1,1,3,38,54,-53.6,14.3,17.7,19.7,19.4,22.5,37.5,31,40.4,18.3,-28.1,-44.3,4,2,3,0,0,0,0,0,0,0,0,3,159,226,168,254,276,273,368,300,316,300,270,179,237,129,227,145,144,126,57,108,96,122,124,213,0,5,0,3,2,9,21,9,22,2,5,0,27,27,28,30,30,30,31,31,30,30,29,28,0,0,0,0,0,0,0,0,0,0,0,0,47.848,70.613,78.052,95.391,113.281,115.559,121.581,95.301,95.602,84.021,63.391,46.976,0,16.879,0,75.858,110.722,114.068,121.53,94.267,94.705,81.219,25.542,0,64,56,65,69,68,67,71,75,65,58,56,55,4.57,-3.21,4.16,-4.4,-6.4,-6.67,-7.51,-5.81,-7.77,-8.45,-5.14,-1.02,18.7,17.9,19.9,21.5,5.2,7.6,10.6,8.2,11.9,12.7,15.2,14.9,166,122,3,42,-27.9,18.9,30.4,10.2,9,4,0,1,574,698,941,885,570,516,290,342,5,5,40,28,81,88,92,88,1,0,0,0,171,287,332,243,61,187,330,201,58,67,71,60,0.34,-6.64,-19.99,-21.36,13.7,16.8,10.5,6.3,378,6,62.6,2792.5,14,3089,1728,78,350,22,340,318,1,-8.6,35.5,7.9,1033,779,65,-47.66,1419
1954,3425410,NA,37.898448,-122.313558,-9999,13.6,16.8,15.4,19.6,20.6,20.9,22.8,19.5,22.7,21.8,17.1,12.6,5.8,6.1,6.1,9.4,9.3,10.8,12.2,11.4,11.2,9.6,8.2,5.3,9.7,11.4,10.7,14.5,15,15.8,17.5,15.4,16.9,15.7,12.7,8.9,101,79,95,48,4,5,0,3,1,5,62,103,-51.3,11.3,15.6,19.7,16,23.2,34.8,30.1,39.3,17.4,-26.1,-42.4,6,3,3,0,0,0,0,0,0,0,1,6,140,165,167,277,311,324,388,325,358,333,218,122,263,189,227,122,113,86,44,92,67,95,169,279,0,0,0,9,9,19,29,13,35,12,0,0,29,27,29,30,31,30,31,31,30,31,30,28,1,0,0,0,0,0,0,0,0,0,0,1,34.413,51.269,67.434,96.714,119.946,118.305,128.242,95.733,95.216,75.136,42.072,29.303,0,0,0,48.692,116.254,113.743,127.784,92.685,94.009,70.342,0,0,74,66,70,68,65,69,68,74,65,63,71,67,5.8,2,4.37,-2.1,-7.2,-6.93,-8.34,-5.96,-8.47,-7.93,0.53,6.6,15.5,18.5,21.1,20.6,5.9,8.3,11.4,9.6,10.7,13.4,16.3,15.1,199,147,8,68,-27.5,17.1,29.4,10.2,12,3,0,1,480,756,1038,908,669,462,222,332,0,18,62,47,85,90,92,90,1,0,0,0,124,284,342,212,19,165,334,164,69,68,70,66,14.4,-4.93,-21.23,-15.86,13.7,17.5,8.9,8.6,506,13,46.8,1350.6,20,3128,1745,127,356,15,350,335,1,-6.4,34.6,7.3,962,682,69,-27.63,1491
1954,231694,NA,36.950879,-122.066217,-9999,14.6,19.8,16.2,18.9,19.6,20.5,22.1,19.1,22.3,21.9,19.9,16,3.9,4.3,4.7,7.6,7.6,8.7,11,10.2,9.2,7,6,3.5,9.2,12,10.4,13.2,13.6,14.6,16.5,14.6,15.7,14.4,12.9,9.8,145,101,136,45,6,8,1,3,2,5,84,114,-52.8,14.2,17.7,20.9,16.4,24,35,30,39.2,17.4,-27.8,-44,6,3,3,1,0,0,0,0,0,0,1,5,127,178,159,241,270,288,359,297,323,294,225,142,276,172,236,156,150,114,63,111,91,127,163,253,0,0,0,2,1,11,19,9,24,2,0,0,25,24,27,29,30,30,31,31,29,29,28,25,1,0,0,0,0,0,0,0,0,0,0,0,41.237,64.997,75.822,98.926,119.631,123.84,128.365,98.816,99.974,82.12,54.889,41.456,0,0,0,53.669,113.357,115.468,127.31,95.329,98.097,77.453,0,0,65,53,63,65,63,64,66,72,60,55,57,56,9.54,1.92,7.68,-2.33,-6.68,-6.83,-8.06,-5.97,-8.64,-8.63,0.55,5.46,17.4,18.2,20.6,21.4,4,6.6,10,7.4,10.7,12.4,15.3,14.4,272,187,13,91,-27.5,18.3,29.7,9.6,13,4,0,1,473,669,944,842,671,543,288,380,0,4,39,26,74,86,91,86,1,0,0,0,152,294,351,237,19,167,338,176,58,64,67,58,16.92,-1.33,-20.86,-16.71,13.1,16.5,9.2,7.3,650,21,35.5,785.4,19,2903,1912,68,338,49,330,281,2,-10.2,34.8,7.5,1034,700,62,-21.98,1280
1955,2275918,NA,37.42756,-122.17152,-9999,12.8,15.8,18.7,18,23.2,24.5,25.5,26.6,26.7,23.5,18.1,14.5,2.4,3,4.7,5.2,8.5,9.8,10.4,10.4,9.7,8.4,5.6,7,7.6,9.4,11.7,11.6,15.8,17.2,17.9,18.5,18.2,15.9,11.8,10.8,100,39,9,44,8,1,1,1,1,2,43,245,-51.9,12.7,19.5,22.3,11.5,26.1,29.3,26,38.1,16.8,-27.1,-42.8,10,5,2,1,0,0,0,0,0,0,1,4,93,122,194,194,337,364,401,419,397,340,196,171,327,237,201,200,91,58,38,33,47,90,190,222,0,0,0,0,16,34,35,48,53,15,0,0,22,21,27,27,30,30,31,31,29,30,27,31,1,0,0,0,0,0,0,0,0,0,0,1,37.326,52.875,86.438,99.233,141.047,148.726,155.284,147.997,120.953,85.02,49.287,32.517,0,14.234,77.389,55.173,133.09,148.097,154.709,147.281,119.956,83.036,6.001,0,66,60,57,60,56,56,56,53,51,55,61,68,6.09,-1.88,-6.46,-2.47,-8.91,-10.44,-11.12,-12.12,-12.39,-9.78,-2.5,20,14.2,19.9,25.5,22.7,3.2,6.1,10.2,7.9,8.7,13,17.9,15.3,232,61,2,46,-27.3,17.8,27.1,9.3,21,3,0,1,344,725,1184,932,836,493,129,327,0,16,117,68,69,85,92,87,2,0,0,0,126,327,452,255,14,266,450,209,64,58,55,56,24.21,-17.83,-33.69,-24.67,13.9,18.5,7.6,10.9,493,11,48.4,1700.7,24,3226,1735,202,337,59,335,276,2,-8.2,38.5,6.7,1160,939,59,-51.98,1611
1955,5504847,NA,37.6553,-122.0567,-9999,11.5,14.9,17.7,16.2,21.3,22.5,23.8,25.4,25.6,22.5,17.4,13.8,2.1,2.8,4.4,5.1,8.6,9.8,10.5,10.7,10.3,9,5.8,7.1,6.8,8.8,11.1,10.7,15,16.2,17.2,18.1,18,15.7,11.6,10.4,115,45,15,54,11,1,1,1,2,2,52,281,-51.1,12.3,18.9,20.9,14.5,24.5,32.1,26.9,38.6,17.2,-26.8,-42.5,12,6,3,1,0,0,0,0,0,0,1,4,76,110,179,169,312,335,378,405,389,333,190,163,351,253,216,224,112,78,50,39,50,95,195,232,0,0,0,0,10,22,25,41,49,14,0,0,21,21,27,27,30,30,31,31,30,31,27,31,2,0,0,0,0,0,0,0,0,0,0,1,34.131,50.174,82.126,89.343,127.926,133.895,142.304,138.904,113.354,79.378,46.739,30.065,0,5.324,66.935,35.535,116.823,132.916,141.733,137.857,111.507,77.19,0,0,69,61,59,64,61,62,60,57,55,59,63,73,8.22,-0.71,-5.37,-0.54,-7.26,-8.83,-9.72,-10.99,-11.19,-8.89,-1.23,23.86,13,18.4,23.9,21.8,3,6,10.4,8.4,8,12.2,17.1,15.1,271,80,3,56,-27.1,18.1,27.8,9.7,26,4,0,1,296,660,1118,912,901,552,168,341,0,10,88,63,68,84,92,88,3,0,0,0,115,299,415,239,5,219,413,189,67,61,60,59,31.37,-13.16,-29.54,-21.32,13.3,18.1,6.8,11.3,579,16,40.2,1161.3,28,3039,1897,162,336,58,338,279,4,-9,37.1,7.1,1069,826,62,-32.65,1466
1955,1176,NA,34.03974,-118.589581,-9999,16.6,18.3,20.5,19.5,19.1,21.2,23.1,26.4,26.4,22.6,21.3,17.1,6.3,6.5,8.6,8.7,11.8,13,14.2,16.8,15.9,12.6,10.2,10,11.4,12.4,14.6,14.1,15.4,17.1,18.7,21.6,21.1,17.6,15.8,13.6,118,35,13,45,17,1,0,2,1,1,36,52,-53.4,13.1,18.6,20.8,23.6,20,38.6,31,41.5,19.2,-27.2,-43.5,3,2,1,0,0,0,0,0,0,0,0,2,188,195,283,267,326,363,424,513,484,390,313,253,207,162,124,133,101,59,27,8,19,58,93,151,3,3,11,7,13,33,48,117,113,34,19,10,30,27,31,30,31,30,31,31,30,31,30,31,0,0,0,0,0,0,0,0,0,0,0,0,49.291,62.926,94.312,103.121,101.686,113.201,124.446,128.37,109.593,79.67,59.899,40.696,0,27.426,81.743,57.744,84.671,112.693,124.381,126.498,108.837,78.855,24.245,0,67,63,63,66,77,74,73,71,69,70,66,65,6.03,-3.26,-6.5,-2.48,-4.22,-6.91,-7.97,-9.63,-10.14,-8.01,-4.3,0.03,18.1,19.7,23.6,23.4,7,9.7,14.7,12.9,12.6,14.7,19.1,18.2,184,75,2,37,-27.9,21,29.8,11.2,7,1,0,0,644,876,1299,1186,514,358,95,169,16,31,198,166,88,92,92,91,0,0,0,0,163,299,366,249,48,224,364,212,65,69,73,68,2.8,-13.2,-24.52,-22.45,16.1,21.6,11.4,10.1,321,20,81.3,1066.2,9,3998,1142,410,362,4,364,360,1,0.7,38.9,8.5,1078,848,70,-57.36,2239
1955,3904095,NA,34.533002,-117.283871,-9999,11.1,14.6,20.2,21.7,25.9,31.7,34.5,36.6,33.6,27.4,19.4,15.4,-2.6,-1.6,2,3.3,8.4,12.2,15.5,17.5,13.4,7.6,1.7,0.9,4.3,6.5,11.1,12.5,17.1,22,25,27.1,23.5,17.5,10.5,8.1,31,9,2,4,10,1,4,9,1,1,7,9,-52,15.7,22.8,26.6,15,28.8,29.7,29.5,40.4,17.2,-27.7,-44.2,24,12,3,1,0,0,0,0,0,0,2,8,47,76,197,227,377,508,619,682,555,387,174,116,429,318,215,176,64,10,1,1,8,59,225,303,0,0,3,7,37,124,218,281,169,43,1,0,9,9,21,24,30,30,31,31,30,30,19,18,2,0,0,0,0,0,0,0,0,0,0,0,42.094,58.302,102.83,127.274,163.523,197.909,212.906,205.178,159.838,110.642,62.755,46.921,10.953,48.983,100.589,123.044,153.447,197.073,208.889,196.146,159.012,109.855,55.771,38.047,54,49,46,46,50,47,49,49,46,44,47,51,0,-4.16,-9.42,-10.18,-12.12,-18.76,-21.23,-23.2,-21.02,-14.9,-8.43,-4.99,13.3,22.6,34.3,26.8,-1.9,4.6,15.1,7.6,5.7,13.6,24.7,17.2,52,17,14,9,-26.8,21.5,29.3,9.9,49,3,0,2,199,800,1809,1116,1109,455,12,292,0,48,624,213,29,75,92,79,2,0,0,0,146,394,616,333,94,377,602,325,51,47,48,46,-9.14,-31.72,-63.19,-44.35,15.4,27.1,4.3,22.8,88,25,287.9,1092,49,3963,1809,884,282,108,313,206,2,-19.6,45.5,8.5,1488,1398,48,-148.39,2393
1955,3440200,NA,35.098215,-120.579118,-9999,14.6,16.6,18.9,16.6,16.8,18,18.1,20.7,21.1,21,19.9,16.5,2.7,3.1,5.3,5.3,8.3,9.4,9.8,11,10.7,9.2,6.7,7.2,8.7,9.8,12.1,10.9,12.6,13.7,14,15.9,15.9,15.1,13.3,11.9,109,49,11,59,20,1,0,2,1,2,44,167,-53.2,14,19.8,21.5,22.4,21.1,40.8,30.3,40.5,18.6,-27.5,-43.8,7,5,2,1,0,0,0,0,0,0,1,3,115,129,204,178,239,260,278,337,327,314,237,195,294,225,190,217,179,135,128,83,88,110,153,197,0,0,0,0,0,7,5,16,25,5,0,1,22,21,28,27,30,30,31,31,30,31,28,31,1,0,0,0,0,0,0,0,0,0,0,0,46.203,59.485,90.731,94.214,99.171,103.629,104.103,108.737,92.572,78.609,58.056,41.817,0,10.845,80.008,35.565,78.727,102.575,104.056,107.142,91.688,76.947,13.654,0,62,58,58,64,73,73,74,70,68,64,60,62,5.93,-1.48,-6.29,-0.18,-3.43,-5.75,-5.83,-6.99,-7.46,-7.76,-3.27,11.18,16.2,17.4,18.9,20.7,3.6,6.3,10.1,8.9,9.9,11.9,14.5,14.8,212,90,3,47,-27.7,21.2,30.7,10.6,15,3,0,1,424,621,876,878,732,586,346,351,0,0,28,30,72,86,92,89,1,0,0,0,153,284,316,229,11,194,314,182,60,65,72,64,15.63,-9.9,-18.57,-18.5,12.8,15.9,8.7,7.2,464,24,49.1,660.7,19,2814,1999,60,341,52,343,291,2,-8.6,35.5,8.7,982,701,66,-31.34,1213
1955,3425410,NA,37.898448,-122.313558,-9999,11.8,15.6,18.2,15.8,20.3,20.1,20.5,21.9,23.1,21.7,17.6,13.9,3.3,4,5.6,6.2,9.4,10.5,10.9,10.8,10.8,9.7,7.2,8.1,7.5,9.8,11.9,11,14.9,15.3,15.7,16.3,16.9,15.7,12.4,11,103,43,11,59,7,1,0,1,4,3,54,265,-50.9,11.8,18.4,19.3,16.5,22.9,37.4,28.7,39.1,17.5,-26.6,-42.2,10,5,2,1,0,0,0,0,0,0,1,4,90,130,198,178,308,308,332,352,358,333,210,176,328,225,195,216,116,98,83,72,67,95,177,219,0,0,0,0,9,15,12,20,36,12,0,0,24,24,29,28,31,30,31,31,30,31,29,31,2,0,0,0,0,0,0,0,0,0,0,1,33.133,50.284,82.006,83.356,117.771,113.486,115.875,114.357,98.53,74.255,44.853,28.335,0,7.729,70.823,24.492,110.629,112.832,115.532,113.736,94.52,71.029,0,0,72,63,61,69,66,70,70,66,63,63,67,76,6.9,-1.37,-5.8,0.51,-6.65,-6.85,-7.05,-8.01,-8.64,-7.94,-0.75,22.53,13.3,18.1,20.8,20.8,4.2,7.1,10.7,9.2,8.8,12.6,15.8,15,248,77,2,61,-27.1,18.1,29.7,10,21,3,0,1,342,684,992,901,833,527,254,339,0,9,47,48,76,87,92,89,2,0,0,0,113,283,344,218,8,206,342,166,70,65,69,64,28.06,-11.93,-21.91,-17.32,13.2,16.9,7.5,9.4,551,13,42.1,1326.4,23,2973,1892,104,347,35,346,311,3,-6.4,34.6,7.7,957,721,68,-23.1,1372
1955,231694,NA,36.950879,-122.066217,-9999,13.6,16.1,18.8,16.2,19.1,19.7,19.1,20.6,22.5,21.4,18.8,15.1,2.1,2.6,4.1,4.6,7.7,8.6,9.4,9.7,8.8,7.2,4.5,6.3,7.8,9.4,11.5,10.4,13.4,14.2,14.3,15.1,15.6,14.3,11.7,10.7,183,62,11,85,18,2,2,1,1,3,79,339,-52.6,13.4,20.3,21.4,17.2,23.5,38.5,29.1,39.2,17.6,-27.6,-43.3,9,5,2,2,0,0,0,0,0,0,1,4,95,118,186,162,265,274,287,316,319,290,189,167,319,238,206,231,155,124,120,99,93,130,194,223,0,0,0,0,0,9,6,11,23,1,0,0,21,20,26,26,30,30,31,31,29,30,25,30,2,0,0,1,0,0,0,0,0,0,0,1,40.479,55.347,89.145,90.848,115.863,118.279,111.869,111.256,101.902,79.657,53.483,36.044,0,0,78.493,6.251,97.997,116.763,110.309,110.109,100.872,76.308,0,0,63,57,55,63,65,66,70,66,59,57,56,60,13.99,0.23,-6.51,2.56,-5.17,-6.98,-6.36,-7.37,-8.98,-8.32,0.44,28.95,15.2,18,19.8,20.9,2.7,5.5,9.2,6.8,9,11.7,14.5,13.9,359,113,4,84,-27.5,19.6,30.3,9.7,20,4,0,2,355,613,877,799,810,592,344,418,0,0,26,24,66,82,91,84,3,1,0,0,137,296,341,235,0,183,337,177,60,61,67,57,43.18,-9.11,-20.71,-16.86,12.4,15.6,7.8,7.8,785,23,28.5,675.8,24,2668,2134,50,329,69,326,256,4,-10.2,34.8,8,1010,697,62,-3.51,1106
1956,2275918,NA,37.42756,-122.17152,-9999,13.8,14.6,18.2,19.8,22.8,26.5,25.5,25.9,27.1,21.9,21.1,16.9,6.4,3,4.4,6.6,9.2,10.3,11.6,11.3,11,8.3,5,2.9,10.1,8.8,11.3,13.2,16,18.4,18.6,18.6,19.1,15.1,13.1,9.9,162,49,6,35,14,1,1,1,7,36,2,14,-51.2,12.1,19.4,22.4,12.4,25.2,30.1,26.6,38.1,17.4,-28.5,-44.3,5,6,3,1,0,0,0,0,0,0,1,5,152,108,185,240,343,400,421,422,422,314,231,148,250,254,209,157,87,39,29,32,36,110,159,249,0,0,0,3,18,52,46,51,68,8,2,0,30,21,27,29,31,30,31,31,30,30,26,23,1,0,0,0,0,0,0,0,0,0,0,0,34.515,49.346,84.944,105.996,137.008,161.219,151.344,141.378,120.433,78.815,58.263,43.159,0,0.146,78.667,71.094,122.779,160.52,150.765,140.457,113.561,43.03,56.531,28.858,76,63,57,59,59,53,59,57,54,59,52,76,11.9,-0.03,-6.52,-4.2,-7.86,-12.05,-10.76,-11.25,-11.81,-5.21,-8.79,-5.16,14.3,20.3,26,23.4,5.5,6.7,11.1,8.1,9.9,13.5,18.5,15.7,456,55,2,44,-27.8,18.1,27.3,9,15,3,0,1,431,768,1243,967,726,453,99,305,0,21,149,78,82,86,92,86,2,0,0,0,116,328,454,258,0,273,452,213,71,58,56,55,6.71,-18.59,-34.05,-25.81,14.3,19.1,8.8,10.3,327,23,74.3,818.1,20,3385,1611,248,338,52,337,286,2,-8.2,38.5,6.6,1156,938,59,-71.74,1735
1956,5504847,NA,37.6553,-122.0567,-9999,12.9,13.7,17.3,18.2,20.8,24.6,24,24.3,25.5,20.7,20.3,15.7,6.2,2.7,4.3,6.6,9,10.4,11.8,11.4,11.5,8.7,4.9,2.6,9.5,8.2,10.8,12.4,14.9,17.5,17.9,17.8,18.5,14.7,12.6,9.2,187,55,6,47,18,1,1,1,9,38,2,13,-50.5,11.7,18.7,21.1,15.7,23.6,32.7,27.7,38.8,17.8,-28.2,-44,6,7,3,1,0,0,0,0,0,0,1,6,139,95,171,217,310,373,400,398,405,302,217,129,266,270,225,179,114,53,38,43,43,121,171,271,0,0,0,0,10,38,35,38,58,6,0,0,29,21,26,29,31,30,31,31,30,30,26,22,1,0,0,0,0,0,0,0,0,0,0,0,32.035,46.802,80.514,96.769,122.745,147.1,139.38,129.275,110.466,72.467,55.414,40.244,0,0,74.845,50.063,104.839,146.016,138.753,128.186,101.874,33.989,53.343,27.28,78,64,59,63,64,58,63,62,59,63,53,78,14.88,1.04,-6.11,-2.08,-6.07,-10.36,-9.51,-9.79,-10.13,-4,-8.23,-4.47,13.5,18.8,24.3,22.1,5.3,6.6,11.2,8.4,9.4,12.7,17.7,15.3,523,70,3,49,-27.6,18.5,28,9.5,17,4,0,1,396,697,1172,924,769,518,133,335,0,10,110,63,81,86,92,86,2,0,0,0,109,300,416,238,0,230,413,189,73,62,61,58,11.46,-14.26,-29.66,-22.36,13.7,18.5,8.2,10.3,378,29,62.7,632.1,24,3157,1794,183,336,53,339,286,3,-9,37.1,7.1,1063,832,62,-54.82,1548
1956,1176,NA,34.03974,-118.589581,-9999,17.9,16.6,21.1,17.6,20,23.3,23.8,23.7,27.9,22,25.7,21.8,8.9,5.5,8.2,9.8,12.3,13.6,15,15,15.6,12.5,10.2,8.6,13.4,11.1,14.6,13.7,16.2,18.4,19.4,19.3,21.7,17.3,17.9,15.2,188,22,2,53,15,1,0,1,1,5,1,7,-53.4,12.7,19.4,17.9,22.7,20.2,38.3,31.4,41.1,19.3,-28.8,-45.1,2,3,1,0,0,0,0,0,0,0,0,1,248,163,285,256,348,402,447,444,501,380,377,303,155,198,123,144,83,38,19,23,15,63,54,110,9,0,12,5,19,53,65,65,126,30,47,21,31,26,31,30,31,30,31,31,30,31,30,31,0,0,0,0,0,0,0,0,0,0,0,0,49.313,58.136,98.236,86.393,106.313,127.649,126.231,115.233,120.441,76.963,75.509,58.033,0,36.267,96.402,33.216,90.945,127.112,126.162,113.917,119.742,71.975,74.479,50.899,71,65,61,75,76,70,73,74,64,71,55,77,12.82,-3.81,-8.06,-0.2,-4.81,-8.3,-8.24,-8.01,-11.75,-7.18,-11.39,-7.93,17.2,19.6,23.6,25.2,8.1,10.1,14.5,12.8,12.7,14.8,19.1,19,262,70,2,7,-28.6,20,30,10.6,7,1,0,0,664,889,1294,1257,504,350,81,132,19,36,183,203,88,92,92,91,0,0,0,0,148,291,369,273,36,221,367,266,71,71,72,63,1.09,-13.07,-24.56,-30.32,16.5,21.7,11.1,10.7,296,18,89.6,1207.5,8,4154,1026,452,363,0,363,363,0,0.7,38.9,8,1081,890,68,-66.86,2385
1956,3904095,NA,34.533002,-117.283871,-9999,15.8,14.5,21.6,21.2,26.8,34.2,35.6,34.7,35.3,24.8,20.6,17.2,1.3,-1.7,2.3,4.8,9.2,13.6,16.2,14.3,14,6.3,0.8,-1.2,8.6,6.4,12,13,18,23.9,25.9,24.5,24.6,15.6,10.7,8,40,4,1,14,5,1,8,1,1,2,1,3,-54.3,15.7,23.6,25.2,14.3,28.9,29.1,29.8,39.8,17.7,-28.2,-44.7,7,12,2,1,0,0,0,0,0,0,2,8,127,72,214,240,402,566,646,602,587,328,176,111,296,321,194,162,50,4,1,2,6,99,219,308,0,0,4,7,46,181,245,202,201,19,1,0,19,9,22,27,31,30,31,31,30,29,17,12,0,0,0,0,0,0,0,0,0,0,0,0,51.914,58.038,109.379,122.091,168.313,213.295,218.901,199.839,168.298,101.165,66.849,52.452,11.558,53.757,108.062,108.111,162.959,212.766,210.497,198.898,167.38,98.859,66.272,49.854,54,49,43,51,50,45,48,46,44,47,42,55,-2.2,-4.58,-10.6,-8.48,-13.34,-21.86,-22.1,-22.25,-23.3,-12.45,-10.14,-6.74,15.2,23.2,34.8,26.9,0.2,5.4,14.7,7,7.7,14.3,24.8,17,54,21,10,4,-27.8,21,29.3,9.8,27,3,0,2,313,856,1815,1091,920,405,7,324,0,57,628,221,45,79,92,76,1,0,0,0,157,400,632,336,103,379,622,333,53,48,46,44,-13.53,-32.43,-66.21,-45.89,15.9,25.9,6.4,19.5,82,16,317.9,1604.1,32,4072,1661,906,286,102,309,207,1,-19.6,45.5,8.1,1525,1437,47,-158.06,2448
1956,3440200,NA,35.098215,-120.579118,-9999,15.9,15.2,18.8,16.7,18.1,20,18.8,18.8,22.7,19.6,23.6,20.8,6.3,2.5,5.4,7.1,9.4,9.9,11.3,10.6,11.1,8.9,4.9,1.6,11.1,8.8,12.1,11.9,13.8,14.9,15,14.7,16.9,14.2,14.2,11.2,101,26,5,57,21,1,0,1,1,19,2,12,-53,13.6,19.7,19.7,21.4,21.2,41.1,30.9,40.3,19,-29,-45.5,4,6,2,1,0,0,0,0,0,0,1,3,177,108,205,202,275,298,312,299,357,288,265,180,215,253,191,193,146,106,100,109,68,132,129,214,1,0,0,0,2,13,9,9,35,0,6,0,30,20,28,29,31,30,31,31,30,31,26,20,0,0,0,0,0,0,0,0,0,0,0,0,45.237,55.663,90.307,89.332,103.81,116.845,102.464,97.315,100.425,72.702,71.399,58.838,0,29.514,85.256,32.469,82.424,115.987,102.414,96.388,99.38,53.796,69.417,46.514,69,59,58,69,72,69,76,74,65,67,46,70,4.64,-2.72,-6.8,0.01,-3.78,-6.92,-5.83,-5.97,-8.5,-5.12,-10.69,-8.11,15.9,17.9,19.2,21.9,5.3,7.3,10.6,8.3,10.6,12.6,14.9,15.1,294,83,2,22,-28.3,20.3,31.1,10.1,13,3,0,1,481,681,909,910,664,529,315,329,3,2,31,41,81,88,92,86,1,0,0,0,143,283,317,245,30,200,315,223,66,67,73,59,-6.18,-10.57,-18.73,-24.31,13.2,16.9,8.8,8.1,246,24,94.4,696.1,17,2965,1854,74,335,46,339,292,1,-8.6,35.5,8.3,987,767,64,-59.79,1323
1956,3425410,NA,37.898448,-122.313558,-9999,12.8,14.3,17.7,17.8,19.5,22.3,20.4,21,23.1,20,20.3,15.9,7.3,4,5.5,7.7,9.9,11.1,12,11.8,11.9,9.5,6.3,3.5,10,9.2,11.6,12.7,14.7,16.7,16.2,16.4,17.5,14.7,13.3,9.7,202,73,6,44,15,1,0,1,8,42,3,9,-49.8,11.1,18,19.7,18.3,21.9,38.9,29.4,39.2,18.1,-28,-43.9,5,6,2,1,0,0,0,0,0,0,1,5,149,114,190,226,305,351,348,354,375,304,236,141,251,243,203,169,119,67,71,71,57,119,153,255,0,0,0,1,8,28,16,20,43,5,1,0,31,23,28,29,31,30,31,31,30,31,28,25,1,0,0,0,0,0,0,0,0,0,0,0,29.361,46.476,79.62,90.706,110.093,127.548,109.343,104.742,95.824,67.685,53.565,39.423,0,0,73.495,47.163,94.906,126.665,108.917,104.069,88.036,26.174,50.903,30.064,82,67,62,68,70,66,74,71,66,67,57,81,16.56,2.5,-5.99,-1.81,-5.18,-8.23,-6.58,-7.09,-7.97,-2.99,-7.82,-4.93,13.7,18.3,21.2,21.1,6.5,7.7,11.6,9.2,10.1,13,16.4,15.2,540,65,2,52,-27.5,18.7,30.1,9.8,14,3,0,1,437,720,1053,915,714,491,209,329,0,9,64,49,85,89,92,89,2,0,0,0,104,280,342,217,0,216,340,165,76,67,70,63,14.13,-12.97,-21.91,-18.78,13.6,17.5,9.2,8.3,403,25,58.5,701.4,20,3091,1778,122,348,30,347,317,2,-6.4,34.6,7.7,943,720,68,-39.53,1459
1956,231694,NA,36.950879,-122.066217,-9999,14.2,14.9,18.5,17.6,19.2,21.3,19.2,20.2,23.2,20,22.3,18.3,5.7,2.5,3.9,5.9,8.5,9,10.8,10.4,10,7.3,4.3,2.3,10,8.7,11.2,11.7,13.8,15.1,15,15.3,16.6,13.7,13.3,10.3,259,79,13,59,26,1,2,1,9,43,4,27,-51.9,12.7,20.2,21.4,17.7,22.8,39.6,29.5,39.1,18,-29,-44.9,5,6,3,1,0,0,0,0,0,0,1,4,147,104,179,197,277,303,306,320,347,271,237,156,253,256,213,197,143,102,101,96,74,148,152,236,0,0,0,0,3,14,8,12,31,0,0,0,29,20,26,28,30,30,31,31,30,30,25,22,1,0,0,0,0,0,0,0,0,0,0,0,37.857,51.69,88.148,95.792,113.752,128.375,106.739,105.766,102.834,73.895,63.344,47.972,0,0,74.662,36.648,88.204,126.968,105.233,104.337,93.611,31.357,59.455,20.536,72,60,55,63,67,62,74,69,60,61,47,71,21.29,2.72,-6.08,-0.53,-4.26,-7.99,-6.06,-6.85,-8.38,-3.41,-9.58,-4.84,14.8,18.4,20.2,21.8,4.9,6.1,10,7.2,9.8,12.3,15.1,14.5,678,98,4,56,-28,19.8,30.6,9.4,15,4,0,1,418,653,929,855,732,553,299,373,0,3,35,31,79,84,92,84,3,0,0,0,126,298,341,240,0,200,337,184,68,61,68,56,19.17,-10.87,-20.89,-21.37,12.9,16.6,8.7,7.8,524,39,43.7,423.5,21,2845,1971,69,330,61,330,269,3,-10.2,34.8,7.9,1004,720,62,-33.96,1237
1957,2275918,NA,37.42756,-122.17152,-9999,12.9,15.7,17.4,21.7,22.2,28,27.5,26.8,26.9,22.3,18,15.3,2.7,7.5,7.2,7.7,9.9,11.4,11.8,10.9,12,10.2,5.8,4.7,7.8,11.6,12.3,14.7,16,19.7,19.6,18.9,19.4,16.2,11.9,10,67,94,54,30,26,1,0,1,15,52,21,81,-52,9.8,16.5,22.9,14,24,27.2,26,38.3,17.5,-27.1,-43.6,9,3,2,0,0,0,0,0,0,0,1,5,98,173,214,284,343,440,454,430,433,349,198,153,321,184,184,116,87,24,18,28,32,84,189,245,0,1,2,11,19,77,70,56,75,19,0,0,22,28,30,29,31,30,31,31,30,31,27,27,1,0,0,0,0,0,0,0,0,0,0,0,37.363,45.982,75.399,114.344,129.765,169.058,165.796,148.035,117.172,77.062,48.864,37.761,0,0,21.754,84.394,104.058,167.891,165.389,147.393,102.115,25.543,28.129,0,67,73,68,58,63,53,55,54,57,63,62,56,2.72,4.39,-0.69,-5.77,-5.98,-13.16,-12.62,-12.18,-10.5,-3.45,-4.67,2.62,15.2,20.4,27.4,22.4,4.3,8.3,11.4,9.3,9.8,14.4,19.4,15.9,175,109,2,87,-28.6,17.8,25.7,9.6,17,2,0,1,420,841,1324,980,754,387,70,305,1,32,202,94,73,90,92,88,1,0,0,0,127,320,483,243,29,210,481,156,65,63,54,60,9.72,-12.44,-37.97,-18.62,14.9,19.7,7.8,11.9,440,43,56.4,458.1,21,3569,1512,328,348,36,349,313,1,-8.2,38.5,6.1,1172,876,61,-59.32,1913
1957,5504847,NA,37.6553,-122.0567,-9999,12.1,14.8,16.4,20.1,20,26.1,25.7,25.1,25.3,20.7,17.4,13.9,2.2,7.1,7.1,7.8,9.8,11.6,12.1,11.2,12.4,10.5,5.7,4.6,7.1,11,11.8,13.9,14.9,18.9,18.9,18.1,18.9,15.6,11.6,9.3,72,106,63,40,34,2,1,1,14,57,20,89,-51.5,9.4,15.7,21.6,17.6,22.4,30.2,27.2,38.9,18.1,-26.8,-43,11,3,2,0,0,0,0,0,0,0,1,6,84,159,198,262,309,415,431,407,416,330,189,133,341,193,198,136,114,33,25,39,38,98,197,268,0,0,0,7,10,61,53,42,64,13,0,0,21,28,30,29,31,30,31,31,30,31,27,27,1,0,0,0,0,0,0,0,0,0,0,0,35.484,43.091,70.348,104.624,114.164,154.776,151.562,135.35,107.007,68.691,46.768,33.881,0,0,7.459,64.951,80.227,152.774,151.057,134.392,93.174,12.112,26.368,0,67,75,70,62,68,57,60,59,62,69,63,58,3.68,5.95,0.73,-3.73,-3.7,-11.33,-10.96,-10.56,-9.13,-1.71,-4.41,4.38,14.2,18.8,25.6,21.1,4,8.2,11.6,9.6,9.1,13.5,18.6,15.4,192,136,3,91,-28.4,18.3,26.6,10.1,21,3,0,2,374,769,1253,934,805,449,96,333,0,17,156,77,71,90,92,88,2,0,0,0,119,289,442,222,27,153,438,132,67,67,59,64,14.01,-6.7,-32.85,-15.25,14.2,18.9,7.1,11.8,499,51,48.5,368.9,25,3332,1680,250,346,37,350,313,2,-9,37.1,6.6,1072,750,65,-40.79,1712
1957,1176,NA,34.03974,-118.589581,-9999,15.6,19.6,19.9,18.6,19.1,24.6,25.9,25.9,24.9,21.4,20.7,21.4,7.2,11.1,9.7,10.2,12,15.5,15.8,16.4,14.5,13.2,9,10.1,11.4,15.4,14.8,14.4,15.6,20,20.9,21.2,19.7,17.3,14.8,15.8,140,57,40,28,16,2,0,1,1,29,14,97,-52.4,10.8,17.1,18.5,24,19.8,36.2,31,41.6,19.6,-27.2,-44.8,3,1,1,0,0,0,0,0,0,0,0,1,187,278,289,276,330,450,492,501,442,381,285,319,208,92,119,125,97,21,10,10,29,62,114,98,2,16,12,8,14,83,100,108,81,30,12,26,31,28,31,30,31,30,31,31,30,31,30,31,0,0,0,0,0,0,0,0,0,0,0,0,44.541,58.564,87.596,91.897,99.843,129.222,140.466,126.336,105.165,71.782,59.748,54.875,0,1.786,47.151,63.824,83.514,127.274,140.389,125.096,104.458,42.607,45.577,0,73,73,68,73,78,72,70,72,69,75,64,60,8.95,-0.76,-2.95,-3.23,-4.18,-8.56,-9.78,-9.42,-9.34,-4.1,-6.33,1.71,19,19.2,25.5,22.3,9,10.6,15.9,12.2,14,14.9,20.7,17.3,204,85,3,44,-28.8,19.9,29,11.3,6,1,0,1,767,895,1443,1108,410,341,41,206,39,34,291,122,90,92,92,91,0,0,0,0,161,279,396,237,53,194,393,193,69,73,71,69,9.89,-10.36,-27.76,-19.76,16.8,21.2,11.4,9.8,426,20,62.8,1043.1,7,4230,985,492,365,0,361,361,1,0.7,38.9,7.8,1073,833,71,-47.99,2461
1957,3904095,NA,34.533002,-117.283871,-9999,11.1,19,19.5,22.4,24.6,34.7,37.1,35.5,32.4,22.3,16.4,16.1,-1.3,4.1,3.8,5.7,8.3,15.4,17,16.1,12.8,7.4,1.2,0.5,4.9,11.5,11.6,14.1,16.4,25,27,25.8,22.6,14.8,8.8,8.3,40,15,11,6,9,2,2,1,1,16,7,26,-51.8,14.7,21.2,25.3,16.3,27.8,28.2,29.7,40.8,18.4,-26.8,-44.4,20,3,2,0,0,0,0,0,0,0,4,8,56,183,209,272,355,600,681,644,526,306,132,119,409,186,202,133,78,3,0,1,12,117,276,299,0,3,4,13,29,214,280,243,147,16,0,0,11,24,25,28,30,30,31,31,30,30,18,16,2,0,0,0,0,0,0,0,0,0,0,0,41.349,67.497,97.301,127.283,154.827,211.67,229.142,201.045,153.785,88.634,54.611,48.886,1.471,52.946,85.852,121.344,145.505,209.671,227.332,200.271,152.564,73.013,47.383,23.182,58,54,52,51,52,48,47,48,47,55,53,45,0.77,-6.92,-7.64,-10.04,-10.98,-21.68,-25,-22.84,-19.41,-8.56,-5.96,-3.77,15.7,22.1,35.7,23.7,0.5,5.9,16.2,7.1,8.1,14,26,15.4,57,27,5,24,-27.2,20.9,28.6,10.8,31,3,0,4,350,836,1925,964,904,413,4,404,3,46,736,163,47,84,92,78,2,0,0,0,161,379,642,297,104,353,637,273,52,52,48,52,-9.92,-28.67,-69.52,-33.93,15.9,27,4.9,22.1,135,15,191.2,1786.5,37,4083,1716,948,305,98,312,213,2,-19.6,45.5,8.3,1480,1367,51,-142.04,2452
1957,3440200,NA,35.098215,-120.579118,-9999,14.5,17.5,18.3,18,17.6,21.9,21.3,20.2,21.4,20,19.5,19,3.1,8.4,6.9,6.9,9.2,11,11.6,11.1,11.7,9.8,5.7,5.3,8.8,13,12.6,12.4,13.4,16.4,16.4,15.6,16.5,14.9,12.6,12.1,90,67,23,44,32,6,0,1,1,33,17,77,-53,11,18.1,21.1,21.9,21,37.7,30.5,40.5,19,-27.5,-44.8,7,2,2,1,0,0,0,0,0,0,1,3,118,207,219,218,264,342,356,331,347,308,217,206,290,148,177,179,156,73,65,88,74,115,170,189,0,3,0,0,0,25,18,14,31,5,0,3,23,28,30,29,31,30,31,31,30,31,27,28,1,0,0,0,0,0,0,0,0,0,0,0,45.271,54.339,84.817,97.684,101.224,126.738,120.66,104.827,90.925,72.57,58.297,51.291,0,0,61.926,53.593,69.347,121.054,120.614,103.828,89.601,39.534,41.362,0,63,71,64,65,73,67,70,72,70,68,57,44,4.09,0.84,-4.39,-2.05,-2.51,-7.46,-7.38,-6.69,-7.32,-3.75,-6.03,0.24,17.6,18,21.1,20.3,4.4,7.6,11.2,9.1,11,12.8,16.2,14.7,169,99,7,51,-28.9,20.4,29.7,10.7,13,3,0,1,505,701,1028,872,652,511,226,360,3,0,57,36,71,89,92,88,1,0,0,0,158,284,352,222,47,185,345,170,59,67,70,65,5.17,-8.96,-21.53,-17.1,13.7,16.5,8.8,7.8,390,40,60.9,414.1,15,3134,1724,98,349,35,348,314,1,-8.6,35.5,8,1016,747,67,-42.41,1476
1957,3425410,NA,37.898448,-122.313558,-9999,12.2,15.2,16.6,19.7,18.8,23.7,22.1,21.8,22.9,19.9,17.4,13.8,3.2,8.2,8.3,9,10.6,12.2,12.3,11.5,12.9,11.3,7.1,5.7,7.7,11.7,12.5,14.3,14.7,17.9,17.2,16.6,17.9,15.6,12.3,9.8,70,113,63,41,33,1,0,1,21,65,21,76,-51.3,8.8,14.8,20.1,20.4,20.9,36.1,28.9,39.4,18.5,-26.5,-42.8,9,3,2,0,0,0,0,0,0,0,1,5,95,173,216,272,303,387,380,361,386,330,208,144,322,181,180,126,120,45,49,66,51,97,179,253,0,0,2,8,8,45,26,22,48,12,0,0,24,28,31,30,31,30,31,31,30,31,29,29,1,0,0,0,0,0,0,0,0,0,0,0,34.308,41.849,68.03,98.403,101.112,133.755,122.241,111.45,91.422,62.767,44.388,31.862,0,0,4.885,57.637,68.559,132.53,121.921,110.847,70.35,0,22.992,0,70,77,73,67,74,65,70,68,69,73,67,61,3.45,6.71,0.95,-2.97,-2.74,-8.95,-7.78,-7.76,-6.13,-0.07,-3.93,3.2,14.4,18.4,22.5,20.1,5,9.3,12,10.4,9.7,13.8,17.3,15.3,193,136,2,107,-28.4,18.5,28.6,10.5,17,2,0,1,411,791,1128,924,758,427,160,328,0,19,93,60,76,92,92,90,1,0,0,0,116,268,367,199,30,131,365,93,69,71,68,70,13.36,-4.76,-24.49,-10.13,14,17.9,7.7,10.2,505,56,47.5,321.4,21,3256,1671,172,354,19,356,337,1,-6.4,34.6,7.3,949,620,71,-26.03,1621
1957,231694,NA,36.950879,-122.066217,-9999,13.4,16.3,17.8,19.4,18.2,22.9,21.3,21.1,22.9,20.5,18.8,17,2.4,7.3,6.5,6.9,9.2,10.1,10.8,10,10.9,9.1,4.8,4.2,7.9,11.8,12.1,13.1,13.7,16.5,16,15.6,16.9,14.8,11.8,10.6,138,146,66,51,47,3,1,1,19,66,40,120,-52.5,10.5,17.5,21.9,19.9,21.6,36.1,28.9,39.3,18.1,-27.6,-44.3,9,3,2,1,0,0,0,0,0,0,1,4,97,174,205,238,273,344,343,329,357,305,194,166,318,179,189,159,148,71,74,89,68,117,191,226,0,0,0,2,2,26,14,14,35,5,0,0,21,28,30,29,31,30,31,31,30,31,26,26,2,0,0,0,0,0,0,0,0,0,0,0,39.863,49.361,79.673,103.443,104.295,136.115,122.779,113.322,98.67,72.68,53.179,43.319,0,0,13.328,52.685,57.355,132.953,121.761,112.335,80.052,6.445,13.121,0,64,71,64,61,71,62,68,66,64,65,57,51,9.6,9.17,0.22,-2.24,-1.35,-8.71,-7.51,-7.63,-6.92,-0.95,-3.42,5.6,16,18.4,21.8,20.7,4,7.5,10.3,8.3,10,13,16,14.5,311,164,5,125,-28.7,19.8,28.9,9.9,16,3,0,1,429,715,1017,856,732,496,235,376,0,5,54,40,71,89,92,86,2,0,0,0,137,287,372,225,21,123,367,100,62,66,65,62,24.37,-3.36,-23.85,-11.29,13.4,16.9,7.9,9,699,71,33.5,238.7,20,3025,1830,99,342,44,343,299,2,-10.2,34.8,7.5,1021,611,64,-14.14,1399
1958,2275918,NA,37.42756,-122.17152,-9999,15.7,16.7,15.7,21,23.8,25.8,25.7,27.8,29.4,25.4,19.5,18.9,4.7,8.6,5.4,7.4,10,12.4,12.8,13.4,12,9.7,6.2,5.7,10.2,12.6,10.5,14.2,16.9,19.1,19.3,20.6,20.7,17.6,12.9,12.3,108,202,145,94,8,4,1,1,3,3,8,26,-53.3,9.7,16.6,22.7,11.4,25.2,30.6,26,37.4,16.3,-27.7,-44.6,5,2,3,0,0,0,0,0,0,0,1,3,155,199,164,269,370,423,443,484,471,390,225,214,247,156,234,129,68,30,21,13,21,58,164,185,0,3,0,8,27,65,61,95,103,34,2,5,27,28,28,29,31,30,31,31,30,31,28,29,1,0,0,0,0,0,0,0,0,0,0,0,42.412,47.242,71.427,111.007,141.394,149.725,148.973,147.959,131.137,90.993,52.583,45.45,0,0,0,16.802,133.82,145.457,148.142,147.223,127.869,87.688,44.979,19.505,65,74,67,59,59,60,62,58,51,54,59,66,5.16,14.9,9,1.09,-9.09,-10.44,-10.58,-12.42,-14.33,-10.97,-6.84,-4.69,15.9,20.2,26.5,24.8,6,7.6,12.9,9.3,10.9,13.9,19.7,17.1,391,247,6,14,-29.4,16.9,27.3,8.7,12,4,0,1,506,804,1349,1086,649,431,64,243,3,35,222,139,82,88,92,89,1,0,0,0,127,324,447,275,0,151,441,261,68,61,60,55,15.37,0.99,-33.43,-32.14,15.6,20.7,10.2,10.6,603,17,42.4,1243.3,14,3807,1326,403,353,30,348,318,1,-8.2,38.5,5.9,1173,852,61,-49.21,2106
1958,5504847,NA,37.6553,-122.0567,-9999,14.4,15.8,14.7,19.3,21.9,23.5,24.1,26.6,27.9,24.5,19.2,18,4.3,8.4,5.1,7.4,10,12.3,12.9,13.8,12.6,10.4,6.4,5.6,9.3,12.1,9.9,13.4,16,17.9,18.5,20.2,20.3,17.4,12.8,11.8,129,233,176,127,13,7,1,1,2,4,7,29,-52.5,9.2,15.9,21.2,14.7,23.6,33.5,27,38.2,16.7,-27.5,-44.3,6,3,4,0,0,0,0,0,0,0,1,3,135,184,147,244,341,386,418,471,457,384,223,197,273,170,254,152,88,46,30,16,25,61,166,199,0,2,0,4,18,44,44,85,92,32,2,3,26,28,28,29,31,30,31,31,30,31,28,29,1,0,0,0,0,0,0,0,0,0,0,0,39.055,43.933,66.792,100.598,127.187,132.296,135.512,137.411,121.004,85.264,50.904,42.963,0,0,0,0,113.755,124.921,134.703,136.211,118.59,81.411,43.867,13.511,67,76,69,63,64,66,66,62,56,58,60,70,8.06,18.38,12.6,5.47,-7.05,-8.24,-9.18,-11.11,-12.73,-9.98,-6.69,-3.89,14.7,18.6,24.7,23.8,5.8,7.5,13,9.8,10.2,13.1,18.9,16.8,451,317,9,13,-29.2,17.3,28.1,9.1,14,4,0,1,452,733,1275,1065,711,494,92,252,2,22,174,126,81,88,92,89,2,1,0,0,117,295,405,257,0,114,396,244,71,65,65,58,22.55,11.02,-28.53,-29.4,15,20.3,9.3,10.9,731,25,34.1,803.4,17,3589,1480,327,352,30,351,321,2,-9,37.1,6.3,1074,753,64,-24.35,1911
1958,1176,NA,34.03974,-118.589581,-9999,20.5,19.4,16.8,21.3,22.4,22.8,23.6,25.9,26.7,26.4,22.8,23.5,8.9,10.4,8.1,11.2,13.3,13.8,15.2,18,16.6,16,10.8,10.2,14.7,14.9,12.5,16.3,17.8,18.3,19.4,22,21.6,21.2,16.8,16.9,57,209,134,71,1,1,0,3,5,3,3,2,-55.3,11.1,15.9,19.9,20.1,21.2,38.7,31.4,41.5,18.6,-27.7,-45.4,1,1,2,0,0,0,0,0,0,0,0,1,286,264,219,332,397,397,447,525,497,500,343,352,122,102,180,80,53,40,20,7,16,19,72,76,15,12,2,22,37,50,64,126,124,104,30,39,31,28,31,30,31,30,31,31,30,31,30,31,0,0,0,0,0,0,0,0,0,0,0,0,58.23,59.334,75.374,106.497,120.902,122.033,123.805,117.897,108.693,89.754,64.481,61.494,0.915,0,0,35.362,119.462,121.528,123.741,115.303,103.682,86.547,61.388,59.846,64,72,72,69,72,73,74,76,70,69,63,65,-1.91,14.41,7.92,-0.47,-7.57,-7.79,-8.04,-8.62,-9.69,-9.85,-8.58,-9.45,20.4,20.2,24.1,25.3,9.8,10.9,15.7,14.4,15.1,15.5,19.9,19.9,363,207,3,11,-29.9,18.6,30.4,10.8,4,2,0,0,868,948,1370,1340,322,313,67,107,54,60,241,258,90,92,92,91,0,0,0,0,172,303,364,263,1,155,361,252,67,71,74,68,3.04,-0.11,-24.45,-28.11,17.7,22,12.5,9.5,489,10,56.6,2285.3,6,4559,786,625,365,0,365,365,0,0.7,38.9,7.5,1102,768,70,-49.65,2787
1958,3904095,NA,34.533002,-117.283871,-9999,15.3,17,14.7,21.9,29.5,32.1,35.6,36.8,33.2,28.5,19.8,19.5,0.1,3.2,1.4,5.6,10.9,13.3,16,17.9,13.9,9.4,2.6,1.3,7.7,10.1,8,13.7,20.2,22.7,25.8,27.4,23.5,18.9,11.2,10.4,12,43,39,26,3,1,4,11,12,7,6,1,-54.2,14.1,19.4,25,12.2,29.5,29,29.5,40.6,17,-27.8,-45.2,9,4,7,0,0,0,0,0,0,0,2,4,107,149,114,261,469,530,643,692,554,431,186,171,323,217,311,142,24,7,1,0,8,38,206,234,0,0,0,10,86,146,242,291,168,64,2,3,15,22,19,28,31,30,31,31,30,31,21,19,0,0,0,0,0,0,0,0,0,0,0,0,51.465,61.714,78.651,124.319,183.806,197.684,219.869,205.923,156.058,113.072,63.461,57.157,39.264,18.646,39.399,98.79,180.609,196.8,215.732,195.075,143.966,106.295,57.051,56.196,52,57,58,52,48,48,48,50,48,47,48,52,-4.55,-2.92,-1.48,-7.66,-16.12,-18.85,-22.67,-23.27,-19.02,-15.02,-8.65,-9.18,16.1,22,34.8,27.2,1.3,6,15.7,8.6,8.7,14,25.3,17.9,81,68,16,25,-28.4,18.9,29.4,10,21,7,0,2,374,844,1865,1171,839,478,9,253,0,96,679,234,53,78,92,82,0,0,0,0,162,387,623,333,81,319,608,307,54,52,49,47,-16.66,-25.26,-64.79,-42.69,16.6,27.4,7.7,19.7,165,31,161.1,878.5,27,4307,1513,1011,307,86,324,238,1,-19.6,45.5,7.4,1505,1315,50,-149.4,2653
1958,3440200,NA,35.098215,-120.579118,-9999,18.5,18.4,15.8,19.2,19.2,20,19.5,21.9,22.8,23.3,22.1,21.6,4.7,8,5.5,7.8,9.8,10.8,11.8,14,12.3,11.2,6.9,6.5,11.6,13.2,10.6,13.5,14.5,15.4,15.6,17.9,17.5,17.2,14.5,14,76,162,155,105,9,1,0,3,23,2,9,8,-55.3,11.9,17.1,21.3,20,21.7,40.6,30.5,40.4,18.3,-28.3,-45.4,3,2,3,0,0,0,0,0,0,0,0,2,188,212,165,250,296,311,330,401,377,378,272,263,202,143,231,149,126,96,85,42,56,64,122,139,2,3,0,3,5,16,12,39,43,26,6,11,27,28,28,29,31,30,31,31,30,31,29,30,0,0,0,0,0,0,0,0,0,0,0,0,55.12,58.669,75.125,102.696,110.573,113.448,105.079,104.363,97.279,84.485,64.984,57.405,0,0,0,0,101.483,112.548,105.034,101.587,73.803,82.701,55.91,49.54,57,67,67,64,70,71,76,76,68,63,54,58,0.29,9.74,9.96,3.43,-5.6,-6.69,-6.09,-6.78,-5.96,-8.88,-8.39,-8.22,18.6,18,20.4,22.7,6,7.7,12.2,10.1,12.3,12.9,16.3,16.4,315,268,4,34,-29.6,19.4,31,10.1,8,4,0,1,606,711,1043,1027,534,506,222,243,7,8,66,75,83,89,92,89,0,0,0,0,165,288,323,247,0,101,319,212,61,67,74,62,1.81,7.79,-19.56,-23.24,14.6,17.9,10.6,7.3,552,36,44.6,494,11,3443,1454,166,355,20,358,338,1,-8.6,35.5,7.7,1023,633,66,-33.19,1731
1958,3425410,NA,37.898448,-122.313558,-9999,14.4,16.1,15.2,19,20.7,21.2,20.5,23.1,25.7,23.7,19.3,18,5.5,9.7,6.2,8.7,10.9,13.1,13.2,14,13.1,11,7.8,6.7,9.9,12.9,10.7,13.8,15.8,17.2,16.9,18.6,19.4,17.3,13.5,12.4,141,257,158,129,12,6,1,1,2,4,6,29,-52,8.4,15.4,19.9,17.2,22,40,29,38.8,17,-27.3,-44.1,5,2,3,0,0,0,0,0,0,0,1,2,147,204,167,259,335,364,369,421,432,383,244,214,255,150,229,139,93,58,56,32,32,62,147,183,0,3,0,6,15,34,22,50,74,30,4,4,28,28,29,30,31,30,31,31,30,31,29,30,1,0,0,0,0,0,0,0,0,0,0,0,37.082,41.513,66.547,95.436,114.718,110.429,104.119,110.315,106.548,80.385,49.093,41.221,0,0,0,0,102.233,104.726,103.485,109.532,104.604,76.219,43.069,12.185,71,79,71,67,70,75,77,72,63,62,64,74,9.34,20.99,10.67,6.24,-5.95,-6.34,-6.27,-7.9,-10.32,-9.07,-6.5,-3.62,14.7,18.3,21.6,22.9,7,8.6,13.5,10.6,10.9,13.4,17.5,16.8,474,299,7,12,-29.3,17.5,30.3,9.5,12,4,0,1,495,761,1154,1059,658,461,147,241,3,21,105,108,85,90,92,90,1,0,0,0,110,277,325,236,0,102,318,224,75,69,75,63,26.71,10.96,-20.51,-25.9,14.9,19.4,9.9,9.5,746,22,33.3,900.5,14,3539,1436,242,359,12,356,345,2,-6.4,34.6,7,948,644,70,-8.74,1843
1958,231694,NA,36.950879,-122.066217,-9999,16.4,17.1,15.7,18.8,20,21,19.5,21.9,25.1,23.3,20.4,19.9,4.1,7.8,5,6.6,9.2,11.1,11.9,12.4,10.8,8.5,5.1,5,10.3,12.5,10.3,12.7,14.6,16,15.7,17.1,17.9,15.9,12.8,12.4,168,291,201,145,12,7,2,1,12,4,20,30,-54.1,10.6,17.1,21.7,16.9,22.9,40.2,29.2,38.7,17.1,-28.2,-45.1,5,2,3,1,0,0,0,0,0,0,1,2,154,191,156,226,300,331,333,376,388,340,221,215,244,161,240,170,123,81,83,56,51,90,166,181,0,1,0,0,6,21,12,28,49,13,0,4,26,28,28,29,31,30,31,31,30,30,26,28,1,0,0,0,0,0,0,0,0,0,0,0,46.032,50.989,73.096,100.906,117.492,118.228,103.982,109.721,111.156,85.501,57.237,49.683,0,0,0,0,105.069,111.616,101.943,108.536,99.126,81.125,36.893,19.993,61,70,66,62,66,69,76,71,58,56,54,60,10.67,23.36,14.56,7.45,-5.96,-6.66,-5.89,-7.46,-9.46,-9.38,-6.36,-5.1,16.9,18.2,20.8,22.9,5.4,6.9,11.8,8.2,11.1,12.5,16.3,15.5,579,358,10,37,-29.5,18.6,30.8,9.2,11,4,0,1,510,682,1040,948,631,533,220,307,1,6,61,61,80,87,92,87,1,1,0,0,140,291,332,254,0,105,322,217,64,65,72,56,28.93,16.04,-20.01,-25.2,14,17.9,10.3,7.6,893,34,26.9,522.8,15,3230,1645,134,347,40,341,301,2,-10.2,34.8,7.3,1018,644,64,-0.24,1562
1959,2275918,NA,37.42756,-122.17152,-9999,15.7,15.6,20.7,22.9,22.9,26.5,28.1,27.5,25.8,25.5,20.8,16.8,6,4.8,6.4,8,8.6,10.7,12.1,12.4,11.3,10.3,5.7,4.1,10.9,10.2,13.6,15.4,15.7,18.6,20.1,20,18.5,17.9,13.2,10.5,110,118,12,9,1,1,0,1,27,2,2,29,-52.9,11.6,19.8,23.6,11.9,25.9,26.5,25.9,38.6,16.4,-28.3,-44.2,4,4,1,0,0,0,0,0,0,0,1,4,171,139,249,306,334,408,469,463,406,399,236,162,226,215,151,98,94,36,14,18,42,53,154,232,1,0,6,15,15,56,81,79,58,38,3,0,29,25,30,29,30,30,31,31,30,31,27,26,0,0,0,0,0,0,0,0,0,0,0,0,40.933,50.137,93.13,120.751,139.339,160.334,169.278,149.216,112.985,90.465,56.662,42.042,0,0,81.078,111.375,138.046,159.815,168.871,148.22,85.752,88.898,54.709,13.165,69,65,56,56,57,54,54,56,57,55,54,59,5.63,6.22,-7.17,-8.68,-9.38,-11.99,-13.13,-12.46,-8.49,-11.08,-8.37,-3.51,16.7,22.2,27.4,24,5.5,7.6,11.7,9.1,11.1,14.9,19.6,16.6,254,23,2,31,-28.5,18.4,26.1,8.9,11,2,0,1,523,889,1340,1041,626,342,68,249,6,36,217,99,83,89,92,88,1,0,0,0,137,353,479,260,20,330,477,229,64,56,55,56,8.35,-25.23,-37.57,-27.94,15.4,20.1,10.2,10,312,30,81.2,660.7,15,3742,1332,353,349,36,349,312,1,-8.2,38.5,6.2,1229,1056,58,-82.4,2051
1959,5504847,NA,37.6553,-122.0567,-9999,14.8,14.8,19.9,21.7,21,24.9,26.6,25.8,24.3,24.4,20.4,15.9,5.8,4.4,6.3,8.1,8.6,10.9,12.5,12.6,11.7,10.9,5.5,3.7,10.3,9.6,13.1,14.9,14.8,17.9,19.5,19.2,18,17.6,12.9,9.8,115,137,13,12,1,1,1,1,29,2,2,34,-52.3,11.2,19.1,22.6,15.1,24.2,29.2,27.2,39.1,16.8,-28.2,-43.9,5,5,2,0,0,0,0,0,0,0,1,5,157,126,235,290,306,386,451,440,390,391,228,145,244,231,163,111,117,46,19,25,50,57,162,253,0,0,4,12,9,44,67,62,50,34,2,0,29,24,29,29,30,30,31,31,30,31,27,25,1,1,0,0,0,0,0,0,0,0,0,0,38.335,47.643,88.788,113.28,125.294,147.46,156.82,135.99,102.986,84.068,55.208,39.706,0,0,75.651,100.86,123.916,146.527,156.31,134.733,74.344,82.566,53.634,5.527,71,67,58,59,62,59,59,61,62,60,55,61,6.5,8.62,-6.56,-7.53,-7.95,-10.47,-11.65,-10.76,-6.94,-10.02,-8.24,-2.48,15.9,20.9,25.8,23,5.2,7.7,12,9.4,10.6,14.3,18.9,16.2,282,27,3,32,-28.3,18.9,26.8,9.3,13,2,0,1,478,831,1277,1008,674,392,89,269,3,24,173,85,82,89,92,88,1,0,0,0,129,327,440,242,14,300,438,211,66,60,59,59,12.64,-22.05,-32.89,-25.2,14.8,19.5,9.6,9.9,348,33,71.3,597.3,18,3543,1477,283,347,39,350,311,1,-9,37.1,6.7,1139,962,61,-67.49,1881
1959,1176,NA,34.03974,-118.589581,-9999,20.7,17.8,23.3,22.2,19.9,23.9,26.7,25.1,24.2,24.8,24.9,20.7,9.5,7.9,10.6,12.8,12.1,14.9,17.7,17,16.2,14.9,12,10.2,15.1,12.9,17,17.5,16,19.4,22.2,21,20.2,19.8,18.4,15.4,57,132,1,10,1,1,0,2,2,2,1,35,-55.3,11.8,19.2,19.3,22.7,20.3,36.7,31.4,41.8,18.9,-28.2,-44.6,1,2,0,0,0,0,0,0,0,0,0,1,298,207,355,368,343,432,533,496,454,458,391,309,112,151,70,57,87,27,5,11,26,29,47,105,18,3,32,35,17,71,132,105,90,73,54,23,31,28,31,30,31,30,31,31,30,31,30,31,0,0,0,0,0,0,0,0,0,0,0,0,58.047,58.366,104.265,106.923,106.546,125.768,136.948,116.145,92.986,84.624,69.843,52.379,1.073,0,103.064,97.005,105.742,125.206,136.879,114.552,90.561,82.474,69.16,17.709,65,69,62,71,75,73,73,76,76,70,62,60,-1.95,7.03,-9.15,-6.79,-6.26,-8.29,-9.71,-8.37,-7.83,-8.93,-10.16,-3.99,20.7,21.8,25.2,24.6,9.2,11.8,16.5,14.3,14.9,16.8,20.9,19.5,190,12,2,5,-29.3,20.4,29.5,10.8,4,1,0,0,857,1066,1460,1303,338,215,43,101,60,84,308,217,90,92,92,91,0,0,0,0,178,318,379,247,61,306,377,242,65,69,74,69,1.08,-22.2,-26.37,-26.92,17.9,22.2,12.9,9.3,243,5,114.9,4071.6,5,4643,726,653,365,7,365,358,0,0.7,38.9,7.8,1122,986,70,-74.42,2865
1959,3904095,NA,34.533002,-117.283871,-9999,17.1,14.2,22.8,26.3,26.1,34.9,38.7,35.2,30.7,28,21.1,15.2,0.7,0.2,4.4,8,9,14.8,19.4,16.1,12.5,8.6,2.8,0.3,8.9,7.2,13.6,17.2,17.6,24.8,29.1,25.6,21.6,18.3,11.9,7.7,12,33,1,3,1,1,2,5,9,1,6,24,-55.1,14.4,23,26.1,15,28.4,27.7,29.8,41.3,17.1,-28.2,-44.2,7,10,1,0,0,0,0,0,0,0,1,9,135,88,267,363,389,594,743,638,497,412,209,106,287,298,149,63,57,3,0,1,16,47,188,316,1,0,11,37,42,207,342,238,124,54,4,0,17,14,27,29,31,30,31,31,30,30,22,16,0,0,0,0,0,0,0,0,0,0,0,0,55.687,55.696,112.562,146.358,163.723,215.1,234.119,199.005,144.79,112.27,66.897,46.751,43.739,22.933,111.323,143.419,162.502,214.292,232.499,194.461,135.492,110.932,60.767,22.987,50,55,46,48,51,46,50,49,49,45,46,46,-5.96,-1.72,-11.17,-13.43,-13.08,-22.37,-26.66,-22.01,-16.5,-15.3,-9.56,-3.29,16.9,25.1,36.2,26.6,0.7,7.1,16.8,8,8.8,16.1,26.5,17.3,46,5,7,17,-28.3,21.4,28.6,10,21,1,0,1,396,1019,1976,1118,819,269,4,251,4,90,787,182,50,87,92,82,1,0,0,0,169,423,648,324,123,417,641,307,50,48,48,47,-10.96,-37.67,-71.05,-41.36,17,29.1,7.2,21.9,98,17,276.2,1661,28,4443,1425,1060,308,85,315,231,1,-19.6,45.5,7.9,1563,1489,49,-161.04,2776
1959,3440200,NA,35.098215,-120.579118,-9999,18.8,16.7,21.1,20,18,20.7,21.7,20.9,20,23.2,23.6,19.6,6.6,5.2,7.2,9.2,8.2,10.3,11.9,12.3,11.5,10.6,6.4,5.1,12.7,11,14.2,14.6,13.1,15.5,16.8,16.6,15.8,16.9,15,12.4,61,126,3,14,3,1,0,1,12,1,2,14,-55,12.7,20.1,20.7,20.4,22.2,37.2,30.5,40.7,18.2,-28.9,-45,2,3,1,0,0,0,0,0,0,0,0,2,220,154,265,282,256,314,367,359,323,368,286,212,173,192,135,119,164,93,57,67,91,70,110,183,4,0,6,8,0,17,21,22,24,21,8,2,30,26,30,30,30,30,31,31,30,31,28,28,0,0,0,0,0,0,0,0,0,0,0,0,53.717,57.163,98.247,103.76,108.301,120.353,123.219,104.822,83.675,85.323,70.155,53.238,0,0,95.469,89.357,105.654,119.455,123.173,103.633,71.3,84.284,68.576,39.427,62,64,58,66,69,68,70,73,73,62,50,54,-0.9,6.53,-8.18,-5.79,-5.94,-7.27,-7.64,-6.78,-5.35,-9.05,-10.43,-6.52,19,19.7,21.1,22.3,6.1,8.2,11.5,9.5,12.6,14,16.3,15.9,196,20,2,15,-29.1,20.4,30,10,7,1,0,1,636,802,1041,977,504,417,218,271,14,14,60,53,86,90,92,89,0,0,0,0,168,310,348,239,50,290,346,224,60,64,70,62,-0.89,-19.91,-21.7,-24.83,14.5,16.9,11,5.9,238,17,102.9,984.2,10,3407,1454,132,355,21,354,333,1,-8.6,35.5,7.8,1066,910,64,-67.33,1711
1959,3425410,NA,37.898448,-122.313558,-9999,14.9,15.3,20.3,21.3,19.9,22.7,23,22.3,22.1,24,20.5,16.1,6.9,5.7,7.5,9.2,9.6,11.6,12.6,12.9,12.3,11.8,7,4.9,10.9,10.5,13.9,15.2,14.8,17.2,17.8,17.6,17.2,17.9,13.8,10.5,122,139,16,11,2,1,0,1,32,1,2,35,-51.8,10.6,18.5,21.2,17.3,22.5,34.8,29,39.5,17,-28,-43.7,4,4,1,0,0,0,0,0,0,0,1,4,169,142,257,300,305,364,398,392,366,398,250,160,225,207,140,103,118,58,39,47,62,53,140,230,0,0,6,13,8,34,34,34,39,36,3,0,30,26,31,30,31,30,31,31,30,31,29,28,0,0,0,0,0,0,0,0,0,0,0,0,36.247,46.977,88.129,107.375,114.284,128.619,128.165,109.743,88.484,79.814,53.525,38.533,0,0,72.177,96.723,112.52,127.985,127.844,108.997,55.993,78.33,51.845,3.232,74,69,61,63,68,66,68,71,70,63,59,65,7.44,8.64,-6.25,-7.03,-6.87,-8.42,-8.39,-7.71,-4.54,-9.31,-7.94,-2.29,16,20.5,22.7,22.2,6.4,8.8,12.4,10.4,11.2,14.6,17.5,16.3,289,28,2,36,-28.3,19,28.8,9.5,10,1,0,1,523,862,1154,1014,616,362,144,256,3,27,102,78,87,91,92,90,1,0,0,0,124,310,367,222,12,281,365,186,69,64,69,64,13.79,-20.15,-24.52,-21.79,14.8,17.9,10.5,7.4,361,36,68.6,496.8,14,3501,1424,207,357,17,358,341,1,-6.4,34.6,7.2,1023,845,66,-52.67,1829
1959,231694,NA,36.950879,-122.066217,-9999,16.4,15.9,20.7,20.2,19.1,21.4,21.7,21.9,21.7,23.3,21.9,18.1,5.3,4.4,5.6,7.2,7.5,9.3,11.1,11.3,10.1,9.1,4.6,3.6,10.9,10.1,13.2,13.7,13.3,15.4,16.4,16.6,15.9,16.2,13.2,10.8,201,202,18,18,3,1,1,2,42,3,6,33,-53.7,12.1,20.5,22.3,17.1,23.6,35.7,28.8,39.5,17.2,-28.8,-44.7,4,4,1,0,0,0,0,0,0,0,1,4,167,134,234,255,262,310,355,360,328,347,233,168,226,216,161,142,158,97,66,66,87,85,155,221,0,0,2,4,0,16,17,22,25,14,0,0,28,24,29,29,30,30,31,31,30,31,26,25,1,1,0,0,0,0,0,0,0,0,0,0,44.721,52.415,95.234,107.6,116.48,128.093,124.902,114.537,94.215,84.334,61.789,46.431,0,0,76.836,89.229,113.625,126.979,123.91,112.791,51.734,81.349,55.385,13.881,64,63,54,60,64,63,68,67,65,58,49,55,14.16,14.39,-6.65,-5.97,-6.72,-8.01,-7.75,-7.79,-3.85,-9.33,-8.91,-3.94,17.4,20,21.7,22.3,4.9,6.8,10.6,7.9,11.1,13.4,16.1,15.1,432,40,4,52,-28.8,20,29.4,9.3,11,2,0,1,515,751,1025,908,623,462,229,327,3,6,55,39,80,88,92,86,1,0,0,0,147,319,368,240,20,280,364,188,61,59,66,57,24.62,-19.34,-23.55,-22.09,13.8,16.6,10.1,6.5,530,49,44.9,337.4,15,3153,1680,100,342,49,340,291,2,-10.2,34.8,7.5,1074,852,61,-40.36,1500
1960,2275918,NA,37.42756,-122.17152,-9999,13.5,15.8,18.4,20.8,22.7,27,27.4,26.6,26.1,22.5,16.9,14.6,4.5,5.4,7.5,7.2,8.3,12,12,11.1,10.6,8.5,6.4,4.2,9,10.6,12.9,14,15.5,19.5,19.7,18.9,18.4,15.5,11.6,9.4,98,97,33,22,9,0,0,1,1,7,75,29,-51.8,11.3,17.1,22.7,12.1,25.9,27.5,26.1,38.4,17.2,-26.4,-43.4,7,4,2,0,0,0,0,0,0,0,1,6,126,149,231,264,327,433,455,430,401,327,190,136,284,203,167,134,100,26,17,29,45,100,195,264,0,0,4,7,14,72,70,55,55,11,0,0,26,26,30,29,30,30,31,31,30,30,28,26,1,0,0,0,0,0,0,0,0,0,0,0,36.863,50.115,79.602,110.656,138.41,159.954,164.599,146.675,116.405,80.926,44.914,36.51,0,0,46.211,88.779,129.358,159.454,164.11,146.062,115.516,73.503,0,7.149,70,66,66,58,57,56,55,55,55,58,66,60,5.48,4.13,-3.24,-6.09,-8.48,-12.05,-12.47,-12,-11.65,-8.45,1.51,-2.02,15.4,20.6,27,21.9,4.6,7.7,11.7,8.5,10,14.2,19.3,15.2,224,64,2,83,-28,17.3,26.5,9.7,15,2,0,1,438,822,1318,917,719,401,72,340,0,24,198,67,78,90,92,88,1,0,0,0,129,329,471,242,13,264,470,189,65,60,56,60,7.59,-17.81,-36.53,-18.59,14.6,19.7,9,10.7,373,12,65.9,1704.8,20,3467,1564,288,348,43,339,297,1,-8.2,38.5,6.4,1171,936,61,-65.35,1814
1960,5504847,NA,37.6553,-122.0567,-9999,12.7,15.1,17.5,19.2,20.7,25.7,25.9,25.3,25,21.4,16.3,13.2,4.2,5.3,7.4,7.1,8.4,12.2,12.3,11.3,10.9,9.1,6.5,4.2,8.5,10.2,12.4,13.2,14.5,18.9,19.1,18.3,18,15.3,11.4,8.7,107,112,39,27,13,1,1,1,1,7,106,33,-51.3,10.9,16.4,21.5,15.4,24.1,30.1,27.1,38.9,17.6,-26.1,-42.9,8,4,2,1,0,0,0,0,0,0,1,7,112,140,216,239,298,417,438,412,389,319,183,119,300,215,181,157,125,32,22,36,50,106,201,285,0,0,2,3,7,62,58,45,49,10,0,0,26,26,30,29,30,30,31,31,30,31,28,26,1,0,0,0,0,0,0,0,0,0,1,0,34.757,47.429,75.013,101.119,124.078,149.201,152.255,136.394,108.863,74.935,42.552,32.744,0,0,35.982,73.979,110.878,148.301,151.645,135.512,107.808,68.004,0,0,72,68,68,62,62,60,60,59,58,62,69,61,6.8,5.98,-2.21,-4.55,-6.63,-10.8,-11.06,-10.72,-10.56,-7.61,4.95,-0.83,14.6,19.1,25.6,20.9,4.4,7.6,11.9,8.9,9.5,13.4,18.8,14.9,253,79,2,114,-27.8,17.7,27.1,10.1,17,2,0,2,398,753,1267,891,768,463,90,357,0,13,164,59,76,90,92,89,2,0,0,1,122,300,438,226,6,221,435,176,67,64,60,63,11.95,-13.39,-32.59,-13.23,14,19.1,8.5,10.7,448,17,53.7,1149,23,3282,1710,236,348,42,341,300,2,-9,37.1,6.8,1086,838,64,-47.25,1665
1960,1176,NA,34.03974,-118.589581,-9999,16.7,17.9,20.6,21.4,22,23.9,26.3,24.7,26.9,23.5,20.3,20.3,7.2,8.4,10.5,11.1,12.9,14.9,16.4,15.7,16.1,12.8,10.1,8.4,12,13.1,15.6,16.3,17.5,19.4,21.3,20.2,21.5,18.2,15.2,14.4,82,70,10,38,1,0,0,1,1,1,83,6,-53.2,11.5,17.1,20.2,20.2,21.3,36.2,31.3,41.4,18.9,-26.8,-44.7,3,2,1,0,0,0,0,0,0,0,0,1,201,214,313,332,387,432,506,471,494,408,296,277,192,144,99,80,58,27,8,16,17,49,105,130,4,4,18,22,33,71,111,85,121,42,14,14,31,28,31,30,31,30,31,31,30,31,30,31,0,0,0,0,0,0,0,0,0,0,0,0,48.395,57.617,89.305,107.675,120.11,125.785,140.822,119.84,111.676,84.17,56.774,53.931,0,0,79.729,70.009,118.666,125.305,140.746,118.547,111.156,82.819,0,47.784,70,70,69,68,72,73,71,73,68,67,68,67,2.52,0.96,-6.32,-3.93,-7.45,-8.3,-9.9,-8.6,-10.51,-8.68,1.1,-7.06,18.4,21.4,25,23.6,8.6,11.5,15.7,13,13.5,16.4,20.3,18.3,187,49,2,85,-28.8,19.1,29.6,11.2,6,1,0,0,724,1031,1408,1197,441,238,51,170,31,72,267,177,90,92,92,91,0,0,0,0,158,317,386,253,18,268,385,194,69,70,72,68,-3.57,-17.7,-26.79,-18.08,17,21.5,12,9.5,294,4,91.8,5634.4,8,4329,925,539,365,1,361,360,0,0.7,38.9,7.8,1115,865,69,-66.15,2554
1960,3904095,NA,34.533002,-117.283871,-9999,11.7,14.9,22.3,24.7,28.4,36,38.3,36.5,34.7,26.2,18.1,15.3,-2.2,0.3,4.8,6.3,9.4,15.2,18.1,16.2,14.2,7.4,1.8,-1.6,4.7,7.6,13.5,15.5,18.9,25.6,28.2,26.3,24.5,16.8,9.9,6.8,16,20,3,6,2,1,2,3,12,6,16,3,-52.3,14.7,22.3,26.3,12.9,30.1,27.6,29.4,40.1,17.4,-27.3,-44.3,21,9,1,0,0,0,0,0,0,0,2,11,54,97,267,315,430,616,717,659,582,367,160,87,415,288,151,97,38,2,0,1,6,71,243,344,0,0,11,22,64,229,316,259,196,35,0,0,9,14,27,28,31,30,31,31,30,30,19,11,1,0,0,0,0,0,0,0,0,0,0,0,43.417,57.784,109.246,139.598,179.144,222.801,235.681,208.136,164.846,105.76,58.954,48.047,27.252,37.721,106.597,133.632,177.255,222.016,233.92,205.552,153.291,99.879,42.481,44.938,54,54,49,47,47,45,47,46,45,47,50,53,-1.8,-3.44,-10.45,-11.94,-15.37,-24.01,-26.66,-24.24,-21.35,-13.19,-6.53,-5.22,13.9,25.1,36.9,26.4,-0.5,6.9,16.5,7.8,6.7,16,26.7,17.1,60,11,5,34,-27.3,20.5,29,10.1,39,2,0,2,257,1012,1993,1109,1018,285,3,320,0,97,804,231,39,86,92,79,1,0,0,0,148,428,667,330,88,417,661,296,54,48,46,47,-10.47,-37.76,-74.92,-41.07,16.5,28.2,4.7,23.5,89,19,298.5,1518.4,45,4351,1655,1131,292,97,310,213,1,-19.6,45.5,8.1,1572,1463,48,-164.21,2768
1960,3440200,NA,35.098215,-120.579118,-9999,15.5,16.5,18.6,19,18.7,20.7,21.3,20.1,21.6,20.6,18.2,17.8,4.2,5.7,7.3,7.4,8.4,11.3,11.9,11,10.7,8.6,6.6,4,9.9,11.1,12.9,13.2,13.6,16,16.6,15.5,16.1,14.6,12.4,10.9,88,115,26,51,2,1,0,1,1,19,89,28,-53.4,12.2,18,21.5,19.5,22.6,37.8,30.5,40.4,18.7,-26.8,-44.6,5,3,2,1,0,0,0,0,0,0,1,4,144,157,229,242,268,329,361,328,335,299,211,171,256,198,167,156,151,82,61,90,82,123,175,218,0,0,1,2,0,21,19,14,27,2,0,0,26,26,30,29,30,30,31,31,30,30,28,26,1,0,0,0,0,0,0,0,0,0,0,0,47.003,55.637,85.492,102.815,112.515,116.566,120.122,104.643,95.776,77.848,53.05,49.505,0,0,59.569,51.787,110.644,115.72,120.079,103.566,94.941,58.655,0,21.473,64,66,64,64,68,71,71,72,66,63,64,56,3.15,5.62,-4.19,-1.92,-6.39,-7.02,-7.36,-6.65,-7.87,-5.85,2.25,-4.19,17.2,18.8,20.7,20.2,5,7.7,11.4,8.6,11.1,13.2,16,14.4,216,79,2,109,-28.6,19.7,30.3,10.8,11,2,0,1,514,740,1018,845,637,475,234,380,3,3,54,29,80,90,92,88,1,0,0,0,156,301,341,227,39,222,339,154,62,65,71,64,4.59,-12.5,-21.03,-11.47,13.6,16.6,9.9,6.8,421,5,56,3559.7,16,3075,1760,85,348,38,341,302,1,-8.6,35.5,8,1025,754,66,-40.42,1419
1960,3425410,NA,37.898448,-122.313558,-9999,12.8,15.8,17.7,18.7,19.4,23.2,22.3,21.9,22.6,20.8,16.4,13.5,5.6,6.6,8.6,8.3,9.4,12.8,12.3,11.6,11.3,10.1,7.8,5.6,9.2,11.2,13.1,13.5,14.4,18,17.3,16.8,16.9,15.5,12.1,9.6,117,115,54,28,15,1,0,1,1,9,97,39,-50.7,10.4,15.4,19.9,18.1,22.3,35.9,28.9,39.3,17.9,-25.8,-42.7,6,3,1,0,0,0,0,0,0,0,1,5,127,160,235,249,293,389,382,366,358,325,201,138,278,195,162,148,129,44,48,62,67,101,184,259,0,0,4,4,6,46,26,24,35,10,0,0,28,27,31,30,31,30,31,31,30,31,29,29,1,0,0,0,0,0,0,0,0,0,0,0,32.446,47.171,72.32,94.581,111.045,127.455,123.206,112.019,94.264,69.739,40.291,31.318,0,0,18.624,66.81,96.081,126.854,122.854,111.489,93.345,60.756,0,0,76,70,71,67,69,68,70,68,66,67,73,64,7.87,6.2,-0.51,-3.82,-5.24,-8.43,-7.87,-7.84,-8.38,-6.62,4.35,-0.3,14.9,18.6,22.5,19.9,5.7,8.8,12.3,9.7,10.3,13.7,17.4,14.8,267,96,1,107,-27.7,17.8,29,10.5,14,2,0,1,449,777,1137,885,704,439,155,352,0,14,96,45,83,91,92,90,1,0,0,0,118,278,363,204,3,182,361,154,70,69,69,68,13.77,-9.57,-24.14,-10.65,14,18,9.2,8.8,475,17,50.4,1036.7,18,3224,1678,156,358,18,350,333,1,-6.4,34.6,7.4,963,700,70,-30.58,1580
1960,231694,NA,36.950879,-122.066217,-9999,13.9,16.1,18.6,18.8,19.2,21.4,21.3,20.7,22,20.5,17.7,16.3,3.7,4.8,6.7,6.5,7.3,10.6,10.9,10.1,9.6,7.2,5.3,3.4,8.8,10.5,12.7,12.6,13.2,16,16.1,15.4,15.8,13.8,11.5,9.8,163,168,44,43,12,1,1,1,2,9,109,37,-52.4,12,18,21.8,16.9,23.9,36.2,29.2,39.3,17.8,-27,-44.1,7,4,2,1,0,0,0,0,0,0,1,5,117,143,219,223,259,329,345,323,325,275,184,143,289,207,175,173,161,82,73,94,90,144,198,251,0,0,0,0,0,21,15,13,24,0,0,0,25,25,30,28,30,30,31,31,29,30,27,24,1,0,0,0,0,0,0,0,0,0,1,0,39.794,52.465,83.298,101.165,117.56,123.695,122.519,109.84,97.737,75.911,49.548,42.221,0,0,38.877,57.878,105.349,122.564,121.389,108.783,95.584,67.262,0,4.958,67,64,63,62,63,67,68,67,62,59,61,55,11.8,10.96,-2.44,-2.71,-5.87,-7.68,-7.48,-7.27,-8.32,-7.13,4.25,-2.38,16,18.8,21.1,20.1,4,6.8,10.5,7.3,10,12.8,15.8,13.7,364,100,3,120,-28.2,18.9,29.8,10.1,15,2,0,2,428,701,997,784,717,508,249,431,0,0,48,24,74,88,92,86,2,0,0,1,139,302,356,223,14,202,353,163,62,63,67,61,20.38,-11.02,-22.43,-11.2,13,16.1,8.8,7.3,591,18,38.9,910.3,20,2884,1936,73,340,58,331,273,2,-10.2,34.8,7.6,1020,732,63,-24.27,1276
1961,2275918,NA,37.42756,-122.17152,-9999,15,17,17,21.7,21,27,28.8,27.3,26.8,23.8,17.8,13.8,3.9,6.1,5.7,6.8,8.4,11.9,12.4,13.2,11,8.9,5.7,3.9,9.5,11.6,11.4,14.3,14.7,19.5,20.6,20.2,18.9,16.3,11.8,8.8,51,30,61,20,12,1,0,2,6,4,67,41,-53.1,11.5,17.5,23.7,14.8,24.4,25.7,26.3,38.2,16.8,-27,-43.2,6,3,3,0,0,0,0,0,0,0,1,7,139,172,187,272,303,433,483,472,417,352,194,123,269,184,209,127,120,26,11,16,38,81,192,281,0,1,0,9,9,72,93,86,65,20,0,0,25,27,29,29,30,30,31,31,30,31,27,26,0,0,0,0,0,0,0,0,0,0,0,0,41.576,52.848,77.128,116.669,126.322,160.772,173.501,144.999,119.223,85.611,48.131,34.9,0,23.105,16.159,96.688,114.79,159.3,173.07,143.445,113.516,81.423,0,0,64,65,64,55,61,56,54,59,54,56,62,66,-0.16,-3.1,-0.09,-7.02,-6.94,-12.06,-13.75,-11.89,-11.71,-9.71,0.11,-0.32,15.6,19.9,27.7,22.8,4.8,7,12.5,8.5,10.2,13.4,20.1,15.7,110,92,3,77,-28.3,18.7,25.4,9.3,14,3,0,1,448,762,1389,963,717,456,53,311,1,17,251,85,78,88,92,88,1,0,0,0,131,320,479,253,30,228,476,195,65,60,56,57,-3.59,-14.05,-37.69,-21.3,14.8,20.6,8.8,11.8,295,21,84.1,995.6,20,3548,1554,354,345,49,340,291,1,-8.2,38.5,6.3,1183,929,60,-76.63,1894
1961,5504847,NA,37.6553,-122.0567,-9999,12.2,16.1,16,20.2,18.8,25.4,27.2,25.7,25.2,22.7,17.3,12.5,3.3,6,5.6,6.9,8.3,12,12.8,13.4,11.4,9.5,5.7,4.1,7.8,11.1,10.8,13.6,13.5,18.7,20,19.6,18.3,16.1,11.5,8.3,67,32,70,28,15,2,0,3,7,4,91,48,-51.2,11,16.6,22.5,18.4,22.7,28.4,27.4,38.8,17.2,-26.8,-42.7,9,3,3,0,0,0,0,0,0,0,1,8,99,162,173,250,267,411,465,452,400,344,188,110,321,197,226,147,153,34,15,21,45,87,198,299,0,0,0,5,3,58,78,71,55,17,0,0,24,27,29,29,30,30,31,31,30,31,27,26,1,0,0,0,0,0,0,0,0,0,0,0,34.515,49.689,72.008,107.547,111.002,148.124,160.626,132.719,109.185,79.547,46.55,31.26,0,17.733,1.575,79.082,96.197,146.055,160.138,130.111,102.671,75.083,0,0,71,68,67,59,67,60,58,63,59,60,63,70,3.11,-2.46,1.38,-5.15,-5.21,-10.54,-12.18,-10.3,-10.11,-8.73,2.7,1.07,13.9,18.3,26.1,21.8,4.5,6.9,12.7,8.9,9.2,12.6,19.4,15.3,132,114,5,102,-27.6,19.2,26.2,9.7,19,4,0,2,381,690,1328,931,803,525,70,330,0,8,207,72,77,88,92,88,1,0,0,0,117,291,441,235,18,177,436,178,70,64,61,61,1.72,-8.98,-33.02,-16.14,14.1,20,7.8,12.2,368,26,65.4,755.4,25,3320,1742,288,344,50,341,291,2,-9,37.1,6.9,1084,809,64,-56.42,1716
1961,1176,NA,34.03974,-118.589581,-9999,22.2,21.3,19.5,21.3,19.3,23.2,25,25.6,23.6,23.4,20.4,18.1,9.8,9.2,8.9,10.9,11.3,14.4,16.8,17.3,14.4,13.3,10.2,8.3,16,15.2,14.2,16.1,15.3,18.8,20.9,21.4,19,18.4,15.3,13.2,37,4,15,6,1,1,0,5,2,1,58,41,-56.2,13.1,17.5,20.3,22.8,20.5,38.2,31.3,41.7,19,-26.8,-44.1,1,1,1,0,0,0,0,0,0,0,0,2,325,272,272,327,322,413,492,509,420,413,297,240,91,94,132,83,104,34,10,9,37,46,104,161,25,14,8,20,11,60,100,115,67,44,13,7,31,28,31,30,31,30,31,31,30,31,30,31,0,0,0,0,0,0,0,0,0,0,0,0,62.786,69.414,88.039,107.771,105.826,122.076,126.842,119.406,97.157,81.795,56.519,47.174,25.792,65.904,73.518,101.581,104.67,121.542,126.759,114.128,95.458,81.003,0,6.17,62,63,67,68,75,73,75,75,72,69,68,63,-4.99,-7.77,-5.54,-7.07,-6.09,-7.88,-8.55,-8.39,-8.17,-8.42,-1.42,-2.15,21.3,20.1,24.6,22.5,9.1,10.4,16.2,12.6,15.2,15.2,20.4,17.5,47,22,6,60,-29.1,20.2,30,11.3,3,1,0,0,873,921,1415,1130,316,319,52,186,53,39,274,124,90,92,92,91,0,0,0,0,186,302,368,235,139,280,362,176,63,70,75,70,-14.9,-18.7,-24.82,-18,17,21.4,13.2,8.3,170,9,159.2,2451.3,6,4303,904,484,365,1,363,361,0,0.7,38.9,8.1,1092,958,70,-76.42,2543
1961,3904095,NA,34.533002,-117.283871,-9999,17.2,18.8,19.7,25.1,26.3,35.5,37.9,35.9,30.9,26.1,17.4,13.9,-0.7,0.9,2.6,6.2,8.3,15.4,18,16.9,11.5,7.2,1.4,-1.2,8.3,9.9,11.2,15.6,17.3,25.5,28,26.4,21.2,16.6,9.4,6.4,7,2,6,1,1,1,1,13,1,2,13,23,-55.3,16.2,22.1,26.6,14.6,29.3,27.8,29.7,41.1,17.5,-27.1,-44,8,5,3,0,0,0,0,0,0,0,3,13,121,145,197,318,382,613,710,661,484,361,146,77,305,224,213,94,61,2,0,1,18,75,258,358,0,0,3,22,38,226,308,261,113,31,0,0,13,16,23,28,30,30,31,31,30,30,18,12,0,0,0,0,0,0,0,0,0,0,0,0,56.975,69.716,100.02,142.348,166.716,218.573,232.926,201.31,147.626,105.276,57.39,44.666,50.216,67.437,93.962,141.211,165.272,217.748,231.655,188.265,147.004,103.471,44.611,21.747,45,46,49,46,49,46,48,49,47,46,51,47,-6.47,-8.52,-8.59,-12.86,-13.44,-23.17,-26.08,-21.82,-17.89,-13.48,-6.28,-2.43,17.1,23.7,36.4,24.8,-0.5,5.7,16.8,6.7,8.3,14.7,26.6,15.7,12,9,15,15,-27.7,21.1,28.9,10.5,24,3,0,3,353,896,1984,992,873,368,3,351,0,64,795,144,40,81,92,78,0,0,0,0,175,409,653,310,163,400,638,295,46,48,48,48,-17.43,-34.89,-71.08,-37.65,16.3,28,6.4,21.6,71,17,370.8,1624.7,31,4216,1610,1003,292,101,304,203,0,-19.6,45.5,8.2,1547,1496,48,-161.05,2576
1961,3440200,NA,35.098215,-120.579118,-9999,19.7,19.1,18.3,19.7,17.4,20.9,21.4,20.8,20.5,21.7,18.9,16.3,4,6.3,6.1,7.1,7.8,11.1,11.7,13.5,10.5,8.9,5.6,4.8,11.9,12.7,12.2,13.4,12.6,16,16.6,17.2,15.5,15.3,12.3,10.6,39,14,28,7,7,1,0,1,2,1,75,51,-56.2,13.4,18.8,22.4,21.1,22,37.5,30.9,40.6,18.4,-27.3,-44.1,3,2,2,0,0,0,0,0,0,0,1,4,193,198,207,248,240,330,360,378,317,321,206,163,195,155,187,151,178,81,62,55,95,104,179,228,2,2,0,2,0,21,19,29,22,6,0,0,26,27,29,29,30,30,31,31,30,31,27,27,0,0,0,0,0,0,0,0,0,0,0,0,59.292,63.947,86.709,107.691,105.224,118.764,121.563,98.533,89.747,82.311,56.498,44.695,20.619,49.902,58.598,100.322,97.768,117.749,121.508,97.304,88.21,80.886,0,0,52,60,62,61,69,70,70,77,69,61,59,57,-4.31,-5.9,-4.07,-6.8,-5.17,-7.19,-7.47,-6.35,-7.04,-8.37,0.12,-0.85,18.9,18.5,21.1,20.4,4.8,7,12.1,8.4,11.8,12.7,16.6,14.4,81,43,2,78,-29,20.7,30.1,10.6,9,3,0,1,562,694,1068,844,568,516,198,379,4,2,68,29,78,88,92,87,0,0,0,0,173,300,339,229,92,257,337,169,57,64,72,63,-11.06,-16.04,-21.01,-15.3,13.9,17.2,10.6,6.6,227,11,105.2,1521.6,13,3160,1671,103,347,44,341,298,1,-8.6,35.5,8.1,1040,854,65,-63.41,1494
1961,3425410,NA,37.898448,-122.313558,-9999,12.2,16.6,16.4,19.7,17.5,23.1,23.6,22.4,22.9,21.9,17.5,12.8,4.7,7.4,6.9,8.1,9.2,12.5,12.8,13.6,11.9,10.3,7,5.1,8.5,12,11.7,13.9,13.3,17.8,18.2,18,17.4,16.1,12.2,8.9,77,38,71,31,12,1,0,1,8,5,87,53,-50.6,10.3,15.7,21,21.1,21.1,33.9,29.2,39.3,17.5,-26.5,-42.5,8,3,2,0,0,0,0,0,0,0,1,6,111,179,192,260,262,384,410,403,372,344,207,122,300,174,202,138,158,47,33,40,59,87,180,279,0,1,0,6,1,43,40,40,41,16,0,0,27,28,30,29,31,30,31,31,30,31,29,28,1,0,0,0,0,0,0,0,0,0,0,0,32.106,48.433,70.184,101.214,98.285,127.983,132.305,107.035,94.392,74.114,44.709,30.157,0,10.391,0,70.183,86.493,126.558,131.996,105.574,86.433,68.857,0,0,75,71,70,64,73,68,67,73,67,64,67,74,4.19,-1.73,1.57,-4.2,-4.46,-8.36,-8.83,-7.44,-7.75,-7.75,2.6,1.53,14.1,17.9,23,20.8,5.9,8.1,13,9.7,10,13,18,15.2,155,114,3,101,-27.6,19.3,28.1,10.1,16,3,0,1,429,714,1197,923,732,497,121,326,1,8,123,57,84,90,92,90,1,0,0,0,112,270,367,213,10,157,364,155,73,69,69,66,3.98,-7.09,-24.64,-12.9,14,18.2,8.5,9.8,386,23,62.1,793.8,21,3247,1696,189,354,26,350,324,2,-6.4,34.6,7.5,962,686,69,-40.65,1625
1961,231694,NA,36.950879,-122.066217,-9999,18.3,17.6,17.4,19.6,17.7,21.8,22.5,21.6,22.9,21.9,18.4,15.3,3.5,5.3,5,6,7.7,10.6,11.5,12.1,9.8,7.6,4.9,3.2,10.9,11.4,11.2,12.8,12.7,16.2,17,16.9,16.3,14.8,11.7,9.3,80,51,88,29,18,4,1,2,6,5,86,53,-55.4,12.5,18.5,23,19.5,22.4,34.7,29.3,39.2,17.5,-27.4,-43.8,4,3,3,1,0,0,0,0,0,0,1,6,170,165,179,228,242,335,372,368,340,304,188,129,225,188,213,168,176,78,54,61,78,119,195,268,0,0,0,0,0,23,23,25,29,4,0,0,24,26,28,28,30,30,31,31,30,30,26,24,0,0,0,0,0,0,0,0,0,0,0,0,51.43,56.667,81.061,107.152,106.279,125.936,129.453,108.745,101.723,80.908,51.879,40.091,0,5.708,0,78.1,88.701,121.672,128.236,107.048,96.046,76.022,0,0,55,61,61,58,68,66,66,71,60,57,58,59,0.72,-1.45,2.3,-4.79,-4.35,-7.59,-8.2,-7.28,-8.56,-8.41,1.48,-0.16,17.4,18.2,21.9,21.1,4.1,6.2,11.4,7.4,10.7,12.2,16.7,14.2,169,135,7,97,-28.9,20.3,28.8,9.8,12,3,0,2,478,649,1076,832,665,557,193,392,0,0,70,33,74,86,92,85,1,0,0,0,150,294,364,235,11,167,357,172,58,62,68,59,-0.9,-6.84,-23.07,-15.49,13.4,17,9.3,7.7,423,30,55.4,557.7,18,3020,1824,103,337,62,330,268,1,-10.2,34.8,7.5,1043,706,62,-46.3,1391
1962,2275918,NA,37.42756,-122.17152,-9999,15.4,14.3,15.6,22.3,21.8,25.3,25.5,27.6,25,22.4,19.2,15.1,3.1,5.8,5.4,7.5,8.1,9.9,10.7,11.7,10.6,9.7,6.8,5.3,9.3,10.1,10.5,14.9,14.9,17.6,18.1,19.6,17.8,16,13,10.2,37,185,67,9,1,1,0,2,3,94,12,56,-53.6,10.1,16.5,23.6,13.3,25.4,29.5,25.7,38.7,17.4,-27.4,-43.4,6,4,3,0,0,0,0,0,0,0,1,5,132,137,163,290,311,378,406,454,385,343,230,156,275,218,235,111,113,50,35,20,52,88,160,240,0,0,0,12,10,40,38,72,47,16,2,0,23,26,28,29,30,30,31,31,30,31,29,28,0,1,0,0,0,0,0,0,0,0,0,0,43.463,44.446,70.924,118.632,133.03,153.835,154.52,151.23,110.398,78.4,50.955,36.572,6.711,0,4.36,109.412,131.847,153.025,154.067,149.673,107.295,0,39.097,0,61,72,67,56,58,55,56,54,57,61,62,68,-1.84,13.75,1.21,-8.38,-8.66,-11.06,-11.07,-12.63,-10.41,0.56,-6.07,0.38,14.5,19.9,26.1,22.2,4.3,7,10.8,9,9.4,13.5,18.4,15.6,263,77,3,109,-29,17.8,26.9,9.6,17,4,0,1,390,764,1238,958,775,459,106,300,0,21,150,65,75,88,92,89,1,0,0,0,123,323,460,240,7,246,457,146,67,60,55,60,12.28,-15.83,-34.76,-15.92,14.3,19.6,9.3,10.4,466,7,52.3,2762.9,20,3384,1598,236,346,42,346,304,2,-8.2,38.5,6.3,1145,855,61,-54.23,1733
1962,5504847,NA,37.6553,-122.0567,-9999,13.7,13.2,14.8,21.1,19.7,23.6,24.2,25.7,23.9,20.8,18.7,13.8,2.5,5.3,5.2,7.5,8,10,10.9,12,11.1,10.2,7.1,5.2,8.1,9.3,10,14.3,13.9,16.8,17.5,18.8,17.5,15.5,12.9,9.5,37,220,74,10,1,1,1,2,3,101,15,64,-52.6,9.6,15.9,22.6,16.6,23.7,31.8,27.1,39.1,18,-27.1,-42.9,8,6,4,0,0,0,0,0,0,0,1,5,104,119,149,272,279,354,389,429,375,326,228,139,311,240,251,127,142,65,44,29,58,100,162,261,0,0,0,8,4,29,30,55,42,11,2,0,22,26,28,29,30,30,31,31,30,31,29,28,0,1,0,0,0,0,0,0,0,0,0,0,39.342,41.1,67.132,110.945,118.611,141.322,143.855,137.221,102.604,69.83,48.692,32.87,2.688,0,0,100.84,117.339,140.25,143.334,135.27,99.677,0,33.468,0,63,74,69,59,64,59,60,60,62,67,64,72,-0.79,17.88,2.29,-7.43,-7.26,-9.66,-9.93,-10.8,-9.39,2.55,-5.41,1.93,13.2,18.5,24.5,21.1,4,6.9,11,9.5,8.6,12.7,17.7,15.3,305,85,4,119,-28.6,18.4,27.5,10,22,4,0,1,332,700,1173,928,850,520,137,320,0,12,114,56,73,87,92,90,2,0,0,0,112,297,422,221,3,218,419,133,70,64,60,64,19.02,-12.4,-30.39,-12.25,13.7,18.8,8.1,10.7,528,8,44.9,2433.6,25,3163,1790,182,344,44,347,303,3,-9,37.1,6.8,1052,773,64,-36.01,1559
1962,1176,NA,34.03974,-118.589581,-9999,20.1,15.7,16.7,22,19,21,22.8,25.5,24.7,23.4,21.6,20,8,8.5,7.3,11.5,11.2,13.2,14.3,15.8,15.3,13.3,11,9,14.1,12.1,12,16.7,15.1,17.1,18.5,20.6,20,18.3,16.3,14.5,77,272,32,1,4,1,0,1,1,5,1,2,-55.4,10,16.5,20.2,23.3,20.3,39.1,31.1,41.7,19,-27.2,-44.6,2,3,2,0,0,0,0,0,0,0,0,1,266,185,203,346,315,363,419,485,451,412,327,280,137,170,193,71,109,59,29,13,27,47,82,127,11,1,0,26,10,33,45,96,87,44,24,15,31,28,30,30,31,30,31,31,30,31,30,31,0,0,0,0,0,0,0,0,0,0,0,0,58.534,48.539,77.163,109.889,103.318,110.51,120.99,125.632,100.686,81.896,59.685,51.815,0,0,45.038,109.006,99.685,109.888,120.923,124.237,99.964,77.222,58.678,49.571,62,77,70,68,75,76,74,71,72,69,67,69,0.01,22.43,-2.45,-7.89,-5.63,-6.69,-7.66,-9.23,-8.84,-8.04,-7.79,-7.03,18,19.2,23.1,23.2,8.3,10,14.4,13.2,13.1,14.6,18.8,18.2,390,37,2,6,-30,20,30.2,11.2,6,2,0,0,691,864,1266,1190,469,373,101,155,20,35,174,155,90,91,92,91,0,0,0,0,154,290,357,242,6,254,355,236,69,71,74,69,15.42,-15.97,-23.59,-24.67,16.3,20.6,12,8.7,396,6,66.3,3206.2,8,4051,1065,391,364,2,365,363,1,0.7,38.9,7.8,1044,851,71,-48.81,2298
1962,3904095,NA,34.533002,-117.283871,-9999,15,14.1,16.3,26.8,25.3,32.7,36.1,37.4,34,27,20.9,17.3,-1,1.4,0.5,7.6,8.1,12.7,15.6,15.7,12.8,7.4,2.9,-0.8,7,7.8,8.4,17.2,16.7,22.7,25.8,26.5,23.4,17.2,11.9,8.2,14,54,10,1,6,1,1,1,1,3,1,2,-54.1,13.6,21.2,26.7,15.4,28.7,28.5,29,40.2,17.2,-28.1,-44.8,11,8,6,0,0,0,0,0,0,0,1,8,92,98,123,364,363,530,645,666,550,378,206,116,344,283,300,62,73,7,1,1,9,64,189,300,0,0,0,37,30,146,244,265,165,36,3,0,12,17,17,29,30,30,31,31,30,30,22,13,0,1,0,0,0,0,0,0,0,0,0,0,51.316,54.224,86.901,150.27,160.666,203.869,225.795,216.171,163.125,109.079,66.411,52.687,37.015,0.491,76.667,149.586,154.635,202.945,224.612,215.482,161.847,105.625,65.57,50.33,49,59,51,46,50,46,46,44,43,45,47,52,-4.02,0.37,-5.5,-14.31,-12.1,-19.9,-24.09,-26.21,-21.73,-14.23,-9.96,-6.94,14.4,22.8,35.4,27.3,-0.3,5.4,14.7,7.7,7,14.1,25,17.5,91,17,3,6,-28.4,21.1,28.7,9.8,33,6,0,1,265,850,1841,1134,985,434,9,262,0,67,655,204,41,76,92,82,1,0,0,0,150,398,646,339,59,381,643,333,53,49,45,45,-10.6,-31.9,-70.21,-45.93,16.1,26.5,7,19.5,96,10,272.4,2626.5,35,4130,1632,926,292,91,314,222,1,-19.6,45.5,7.8,1532,1416,48,-158.64,2529
1962,3440200,NA,35.098215,-120.579118,-9999,17.5,15,15.4,20,17.1,18.8,18.5,21.3,20.3,21.1,21,19,2.7,6.3,5,8,7.8,9.8,10.6,11.3,10.6,9.6,7.3,5.3,10.1,10.6,10.2,14,12.5,14.3,14.5,16.3,15.4,15.4,14.1,12.2,65,251,41,3,4,1,0,1,1,18,2,35,-55.1,10.9,17.1,21.8,21.5,21.8,41,30.1,40.6,18.7,-27.8,-44.8,5,4,4,0,0,0,0,0,0,0,1,3,150,147,153,264,236,279,294,351,314,322,260,205,249,202,244,136,182,121,114,73,98,104,131,189,0,0,0,5,0,10,7,19,21,6,3,2,22,27,28,29,30,30,31,31,30,31,29,28,0,1,0,0,0,0,0,0,0,0,0,0,54.203,49.27,74.308,106.817,103.095,108.229,103.028,112.022,88.015,77.782,60.872,51.282,0,0,32.847,103.576,99.136,106.868,102.977,111.075,86.714,59.689,58.896,16.363,54,72,67,63,70,72,75,69,70,65,58,63,-0.54,20.17,-1.26,-7.16,-5.35,-6.12,-5.81,-7.41,-6.87,-6.03,-8.16,-3.95,16.3,17.5,19.5,20.8,4.6,6.9,10.6,9.2,10.4,12.2,15,15,367,49,2,21,-29.7,20.1,31,10.5,13,4,0,1,459,653,923,896,679,561,308,333,0,5,35,31,77,87,92,89,1,0,0,0,148,284,323,227,0,236,321,205,63,67,72,64,15.68,-13.78,-19.34,-21.05,13.3,16.3,10.1,6.2,423,8,55,2138,16,2973,1841,72,346,39,346,307,2,-8.6,35.5,8,982,762,66,-38.49,1332
1962,3425410,NA,37.898448,-122.313558,-9999,14.2,13.9,15.2,20.7,18.5,21.3,20.5,22.2,21.5,20,18.7,14.1,3.8,6.5,6.4,8.6,9,10.6,11.2,12.3,11.6,11.2,8.5,6.5,9,10.2,10.8,14.6,13.8,16,15.9,17.3,16.6,15.6,13.6,10.3,37,211,79,12,1,1,0,1,5,110,16,64,-52.5,9.2,15.2,21.3,19.2,21.9,37.8,28.9,39.5,18.4,-26.8,-42.7,7,4,3,0,0,0,0,0,0,0,1,4,123,138,169,281,275,328,337,381,347,330,246,155,283,213,225,118,145,83,79,53,74,97,144,238,0,0,0,10,3,21,13,30,31,11,3,0,25,27,30,30,31,30,31,31,30,31,30,30,0,1,0,0,0,0,0,0,0,0,0,0,38.743,40.937,65.952,105.346,106.203,121.693,114.459,111.316,87.628,63.668,46.307,31.476,1.952,0,0,93.826,105.1,121.019,114.152,109.888,82.8,0,30.537,0,66,76,71,63,70,67,71,70,69,72,68,75,-1.05,16.76,2.89,-6.66,-6.17,-7.63,-6.96,-7.74,-7.12,4.33,-4.97,1.98,13.6,18.1,21.3,20.1,5.1,8,11.4,10.4,9.4,13.1,16.4,15.3,301,92,2,131,-28.7,18.6,29.5,10.4,17,3,0,1,382,725,1046,923,775,488,215,315,0,12,63,45,80,90,92,91,1,0,0,0,110,278,347,198,2,199,345,113,72,68,69,70,17.69,-9.94,-22.33,-7.76,13.6,17.3,9,8.2,537,8,44,2070.1,20,3111,1753,121,355,22,357,335,2,-6.4,34.6,7.4,932,659,70,-22.35,1479
1962,231694,NA,36.950879,-122.066217,-9999,16.9,14.9,15.6,20,18.3,20.2,19.2,22.3,20.9,21,19.9,16.8,2.6,5.6,4.7,6.7,7.2,8.8,9.6,10.7,9.4,8.3,5.6,4.5,9.8,10.2,10.2,13.4,12.8,14.5,14.4,16.5,15.2,14.6,12.8,10.6,77,301,89,16,4,2,1,2,4,90,18,78,-54.8,10.7,17.2,22.6,18.2,23.2,38.5,28.5,39.5,17.8,-27.9,-44.2,5,4,4,0,0,0,0,0,0,0,1,4,140,137,151,245,245,284,290,357,305,300,220,163,260,213,245,153,173,117,117,69,104,122,167,226,0,0,0,3,0,11,6,21,19,2,0,0,22,26,27,29,30,30,31,31,29,30,27,27,0,1,0,0,0,0,0,0,0,0,0,0,48.728,47.315,73.225,107.653,111.84,121.203,111.714,118.859,91.915,76.035,55.546,42.481,0,0,0,91.827,107.562,118.875,110.592,116.614,87.864,0,37.173,0,55,70,65,59,65,65,70,65,65,61,56,61,1.13,25.06,3.31,-6.2,-6.14,-7.18,-6.41,-8.16,-7.33,0.9,-6.16,1.51,15.7,18,20.5,20.6,3.8,6.2,9.7,7.8,9.8,12.1,15.1,14.2,431,109,6,112,-29.4,19.3,30.1,9.8,15,4,0,1,405,640,931,825,742,571,303,393,0,3,38,22,72,86,91,87,2,0,0,0,136,293,352,223,0,199,346,125,62,63,66,61,27.7,-9.03,-21.75,-12.59,12.9,16.5,9.8,6.7,683,14,33.6,1175.9,19,2837,1965,62,339,55,336,281,2,-10.2,34.8,7.5,1004,671,63,-15.67,1223
1963,2275918,NA,37.42756,-122.17152,-9999,13.8,18.7,17.1,17.9,21.7,24.7,26.6,27,27.9,23.1,16.9,14.4,2.3,8.6,5.2,6.7,9.7,10.3,11,11.4,12.3,10.2,6.9,3,8.1,13.6,11.1,12.3,15.7,17.5,18.8,19.2,20.1,16.7,11.9,8.7,83,86,86,83,10,1,0,1,5,39,89,11,-52.7,10.9,17.9,20.8,14.6,23.8,28,26,38,17.2,-26.3,-43.5,9,2,3,1,0,0,0,0,0,0,1,7,105,229,182,214,333,375,429,440,452,361,199,119,311,131,214,181,95,52,25,25,26,75,188,287,0,7,0,0,16,38,52,63,88,23,0,0,21,28,28,29,31,30,31,31,30,31,29,23,1,0,0,0,0,0,0,0,0,0,0,0,40.135,54.348,78.406,94.916,127.034,148.188,161.958,148.246,121.847,80.412,44.265,37.165,0,0,0,12.342,117.086,147.682,161.55,147.492,116.735,41.858,0,25.712,63,68,62,65,63,58,55,55,55,61,68,68,3.86,2.15,2.32,1.78,-7.26,-10.43,-12.04,-12.24,-12.37,-5.36,3.02,-3.66,15.9,18.9,26.1,22.6,5.4,7.2,10.9,9.8,10.6,13.1,18.5,16.2,226,179,2,132,-28.4,17.8,25.9,9.6,15,3,0,1,491,729,1244,1013,682,490,102,289,7,16,153,112,78,87,92,89,1,0,0,0,131,300,458,247,0,129,457,159,66,63,56,61,2.34,-3.15,-34.72,-14.72,14.5,20.1,8.1,12,494,17,49.5,1200.7,22,3439,1610,287,341,43,348,305,2,-8.2,38.5,6.2,1136,745,61,-50.25,1800
1963,5504847,NA,37.6553,-122.0567,-9999,12.4,17.9,16,15.9,19.5,22.8,24.7,25.3,26.4,21.6,16.1,11.7,1.8,8.6,5,6.5,9.6,10.3,11.1,11.7,12.9,10.6,7.1,3,7.1,13.2,10.5,11.2,14.5,16.5,17.9,18.5,19.6,16.1,11.6,7.4,92,105,101,111,14,1,0,1,5,43,110,13,-51.9,10.3,17.1,19.1,18.2,22.2,31.2,27.2,38.7,17.8,-25.9,-42.6,11,2,3,1,0,0,0,0,0,0,1,10,84,218,165,183,298,345,401,419,439,346,190,89,342,141,235,211,124,71,38,33,30,85,196,326,0,5,0,0,8,26,35,49,79,18,0,0,20,28,28,28,31,30,31,31,30,31,29,24,2,0,0,0,0,0,0,0,0,0,1,0,36.76,51.07,73.246,83.273,111.82,134.188,146.858,135.744,111.822,72.672,41.067,30.607,0,0,0,0,98.146,133.035,146.379,134.682,106.46,29.481,0,18.033,65,71,65,70,69,62,60,60,60,66,71,72,5.47,4.45,4.32,5.74,-5.49,-8.88,-10.31,-10.66,-10.82,-3.72,5.61,-2.13,14.7,17.1,24.3,21.4,5.2,7,11,10.2,9.9,12.1,17.6,15.8,260,226,3,159,-28,18.1,26.9,10.2,19,4,0,1,442,646,1165,974,744,571,141,312,5,8,110,97,76,87,92,90,2,1,0,1,121,268,417,226,0,98,414,136,69,68,61,66,7.79,4.57,-29.84,-8.93,13.7,19.6,7.1,12.6,597,22,39.7,903.4,29,3176,1834,221,340,43,350,307,3,-9,37.1,6.8,1031,648,66,-26.41,1601
1963,1176,NA,34.03974,-118.589581,-9999,17.9,22.4,19.3,17.4,19.3,20,23.5,24.8,27.4,23.4,21.3,21.8,7.6,11.7,8.2,8.8,12.9,13.6,14.8,16.2,17.8,15.2,11.5,8.5,12.8,17,13.7,13.1,16.1,16.8,19.2,20.5,22.6,19.3,16.4,15.2,14,116,65,39,4,4,0,4,21,13,68,2,-53.9,12.1,17.9,18.8,24.6,19.3,38.5,31.3,41.5,19.3,-26.9,-45.1,2,1,1,1,0,0,0,0,0,0,0,1,229,324,257,240,345,352,439,481,525,442,330,301,171,62,146,159,85,66,22,14,12,34,80,111,6,32,6,3,18,29,59,93,146,63,25,21,31,28,31,30,31,30,31,31,30,31,30,31,0,0,0,0,0,0,0,0,0,0,0,0,51.709,68.864,88.434,89.443,96.634,98.721,124.538,118.606,108.508,75.888,57.403,58.483,37.691,0,23.651,50.858,92.917,94.515,124.471,114.806,87.167,62.962,0,56.885,67,67,65,73,80,80,74,74,72,75,70,66,-4.9,3.35,-0.51,-1.85,-5.29,-5.45,-8.06,-8.29,-8.23,-6.55,-0.69,-8.58,20.1,18.7,22.8,24,9.4,10,14.9,14.8,14.8,14.3,18.8,19.4,132,107,8,102,-29,20.4,29.7,11.3,4,2,0,0,834,842,1272,1298,360,390,102,126,53,27,180,235,90,92,92,91,0,0,0,0,172,275,342,242,87,167,334,150,67,73,76,72,-10.13,-7.66,-21.8,-15.47,16.9,22.6,12.8,9.8,349,33,77.1,680.8,6,4266,963,500,365,0,365,365,0,0.7,38.9,8.1,1031,739,71,-55.06,2492
1963,3904095,NA,34.533002,-117.283871,-9999,14.1,20.8,18.6,19.7,27.6,29.7,36.6,35.2,33,26.2,18.4,16.3,-2.4,4.5,1.8,3.6,9.9,12.2,15.9,15.9,14.4,9.4,3.1,-1.5,5.8,12.7,10.2,11.7,18.7,20.9,26.2,25.5,23.7,17.8,10.7,7.4,4,22,13,11,1,3,1,12,34,10,15,2,-53.8,15.3,21.9,25.1,13.8,28.9,28.2,29.8,40.8,17.6,-27.3,-44.6,16,2,4,1,0,0,0,0,0,0,2,10,70,212,169,200,424,477,657,635,559,396,177,98,380,156,245,199,40,15,1,1,8,54,219,326,0,5,1,4,58,99,256,235,172,45,1,0,9,24,20,24,31,30,31,31,30,31,23,11,0,0,0,0,0,0,0,0,0,0,0,0,49.673,73.365,95.728,115.436,172.168,182.301,228.751,198.981,154.206,102.962,58.802,50.563,45.601,51.49,82.765,104.823,171.492,179.798,227.752,187.283,119.972,92.548,43.926,48.121,47,51,49,51,50,51,45,48,49,51,53,45,-4.3,-7.45,-7.24,-7.91,-14.44,-15.94,-24.78,-21.27,-16.43,-12.21,-6.69,-6.05,17.4,21.9,33.8,25.9,0.4,5.1,14.7,8.9,8.9,13.5,24.2,17.4,28,24,15,60,-27.7,20.3,29,10.4,26,5,0,2,398,794,1769,1132,837,484,17,281,5,63,590,218,46,76,92,83,0,0,0,0,176,383,610,316,147,359,595,256,48,50,48,51,-17.8,-29.59,-61.99,-35.33,15.9,26.2,5.8,20.4,127,50,203.7,523.6,34,4073,1644,876,295,99,322,223,0,-19.6,45.5,8,1485,1358,49,-144.71,2456
1963,3440200,NA,35.098215,-120.579118,-9999,17,20.5,17.8,15.9,17,18.1,19.4,20.6,22.7,21,19.5,19.5,2.4,9.2,5.1,5.9,9.7,9.9,10.4,11.4,12.8,11.3,7.1,3.2,9.7,14.8,11.4,10.9,13.4,14,14.9,16,17.7,16.1,13.3,11.4,49,114,86,81,12,2,0,2,10,32,79,5,-54.8,12.3,19.2,20.1,23.5,20.1,39.3,30.4,40.4,19,-27.3,-45.1,5,1,2,1,0,0,0,0,0,0,1,3,142,259,187,176,263,270,304,342,383,345,237,184,262,104,207,219,157,128,103,79,53,86,153,210,0,11,0,0,0,8,8,17,46,14,0,0,22,28,28,28,31,30,31,31,30,31,29,24,0,0,0,0,0,0,0,0,0,0,0,0,53.088,64.28,86.168,87.996,94.025,102.126,111.775,106.497,95.174,73.304,56.456,54.628,4.539,0,0,7.185,81.796,99.761,111.725,104.5,85.2,41.148,0,49.49,54,65,60,68,77,74,72,72,70,70,62,58,-1.81,3.91,1.85,2.59,-3.98,-5.55,-6.49,-6.78,-7.09,-4.08,0.55,-7.7,18.8,16.9,19.4,21.1,5.6,6.9,10.6,10.4,12.2,11.9,15,15.7,198,179,4,122,-29.2,20.9,30,10.7,9,4,0,1,608,626,916,965,554,583,310,292,14,0,34,60,78,86,92,90,0,1,0,0,169,268,320,225,21,89,316,126,59,68,72,67,-5.6,0.46,-18.82,-10.62,13.6,17.7,9.7,8,473,27,49.9,666.8,15,3092,1761,105,341,43,354,311,1,-8.6,35.5,8.1,982,552,66,-34.58,1444
1963,3425410,NA,37.898448,-122.313558,-9999,12.6,18.2,16.5,15.5,18.4,20.3,21.2,22,24.2,21,16.3,11.7,3,9.8,6.2,7.6,10.5,10.9,11.5,12.1,13.3,11.4,8.4,4.2,7.8,14,11.3,11.5,14.4,15.6,16.4,17,18.7,16.2,12.3,8,101,97,97,116,13,1,0,1,5,40,110,15,-51.6,9.7,16.5,17.7,21,20.7,36.8,29,39.2,18.1,-25.6,-42.3,9,1,3,1,0,0,0,0,0,0,1,8,97,238,185,191,295,318,353,374,412,348,210,101,321,122,210,203,127,91,67,58,40,84,178,308,0,8,0,0,7,18,17,27,62,18,0,0,23,28,29,29,31,30,31,31,30,31,30,26,1,0,0,0,0,0,0,0,0,0,0,0,35.467,49.516,72.505,77.111,98.733,113.191,118.744,110.437,97.471,67.451,39.171,28.719,0,0,0,0,86.22,112.371,118.448,109.766,92.156,27.028,0,13.975,68,73,67,74,75,71,70,70,67,70,74,75,6.34,3.81,4,6.69,-4.53,-6.85,-7.37,-7.7,-8.61,-3.23,5.83,-1.84,15,16.8,21.2,20.5,6.4,8.1,11.5,11,10.7,12.4,16.3,15.8,262,226,2,156,-28.1,18.4,28.8,10.6,15,4,0,1,493,671,1045,971,680,540,215,301,8,7,61,80,81,89,92,91,2,1,0,0,116,248,342,204,0,86,341,119,72,72,70,71,8.31,6.15,-21.93,-6.01,13.6,18.7,7.8,11,596,20,39.6,955.6,24,3123,1806,156,349,21,357,336,2,-6.4,34.6,7.4,911,546,71,-13.48,1523
1963,231694,NA,36.950879,-122.066217,-9999,15.1,19.1,17.4,16.1,18.1,19.7,20.5,21.3,23.7,21.3,17.9,17.4,1.6,7.8,4.6,6.2,9,9.2,10,10.4,11.1,9.1,5.8,2.4,8.4,13.4,11,11.1,13.5,14.5,15.3,15.8,17.4,15.2,11.9,9.9,151,134,125,125,14,1,1,1,9,50,143,16,-53.8,11.8,18.8,19.8,20,21.6,36.6,28.9,39.1,17.8,-27,-44.6,8,2,3,1,0,0,0,0,0,0,1,5,109,220,175,182,268,283,319,336,372,317,195,147,302,136,219,213,151,118,94,84,59,107,190,249,0,5,0,0,2,10,10,16,41,8,0,0,19,28,27,28,31,30,31,31,30,31,27,22,2,0,0,1,0,0,0,0,0,0,1,0,44.954,58.211,81.949,86.237,103.864,115.783,120.608,113.165,103.045,75.962,49.455,45.77,0,0,0,0,90.236,114.557,119.573,111.918,93.775,25.791,0,29.961,57,65,60,68,71,67,67,66,62,63,62,61,9.82,6.45,5.9,7.03,-4.63,-6.82,-7.24,-7.62,-8.5,-3.1,7.64,-5.39,17,17.2,20.5,21,4.6,6.6,9.9,8.7,10.8,11.9,15.2,14.8,362,264,4,202,-28.8,19.5,29,10,14,4,0,1,495,625,939,885,664,584,295,356,5,2,36,49,74,86,92,88,2,1,0,1,146,272,350,228,0,90,346,120,61,66,67,62,10.88,8.3,-21.68,-3.96,13.1,17.4,8.4,9,771,26,30,658.9,20,2925,1922,91,334,51,341,290,3,-10.2,34.8,7.4,996,556,64,-6.46,1312
1964,2275918,NA,37.42756,-122.17152,-9999,14.3,17.9,16.9,20.2,21,24.9,27,27,26.4,24.9,16,14.5,3.6,2.7,4.8,6,7.4,10.5,11.8,11.9,10.6,10.1,6,6.9,9,10.3,10.9,13.1,14.2,17.7,19.4,19.4,18.5,17.5,11,10.7,83,8,42,6,9,6,1,2,1,29,76,165,-52.7,13.9,18.1,23.3,14.1,25.3,27.8,26.1,38.3,16.6,-26.1,-42.9,7,4,3,1,0,0,0,0,0,0,2,4,125,142,173,236,288,379,446,447,405,386,173,169,284,212,223,161,133,50,20,22,43,60,211,224,0,0,0,3,5,41,64,67,57,32,0,0,25,21,27,28,30,30,31,31,30,31,28,31,1,0,0,0,0,0,0,0,0,0,0,0,40.023,59.593,78.378,109.521,129.239,149.176,162.718,146.611,117.563,88.074,42.779,32.797,0,51.778,36.847,103.954,119.832,143.112,162.137,144.887,116.618,58.786,0,0,65,53,62,57,59,57,56,56,54,56,68,63,3.56,-6.46,-2.16,-7.53,-7.4,-10.01,-12.19,-11.96,-11.85,-7.79,2.03,11.97,15.5,19.4,26.3,22.4,3.1,6.1,11.4,8.9,9.3,12.7,18.8,15.6,103,57,8,106,-27.2,18.5,26.4,9.6,18,4,0,2,384,697,1273,963,782,517,92,314,0,8,172,90,69,85,92,88,1,0,0,0,137,317,459,248,77,261,450,175,61,59,56,60,9.07,-17.08,-34.16,-17.61,14.3,19.4,9,10.4,427,19,56.9,1037.9,20,3370,1642,270,341,58,342,284,1,-8.2,38.5,6.8,1161,964,60,-59.77,1734
1964,5504847,NA,37.6553,-122.0567,-9999,13.2,17,16.2,18.8,19.1,22.8,25.3,25.4,24.8,23.8,15.2,13.9,3.3,2.6,4.6,5.9,7.3,10.4,11.9,12.3,11,10.6,6.1,7,8.3,9.8,10.4,12.4,13.2,16.6,18.6,18.8,17.9,17.2,10.7,10.5,96,7,45,7,11,11,1,3,1,36,92,175,-51.9,13.5,17.6,22.2,17.2,23.8,30.9,27.3,38.9,16.9,-25.7,-42.6,8,5,3,1,0,0,0,0,0,0,2,4,108,130,161,215,258,347,422,429,387,379,165,163,306,226,237,180,161,69,28,29,51,64,221,231,0,0,0,0,1,27,47,55,48,29,0,0,24,20,27,28,30,30,31,31,30,31,28,31,1,0,0,0,0,0,0,0,0,0,1,0,36.999,56.697,75.056,101.835,116.207,133.682,148.348,134.011,107.716,82.143,39.904,30.613,0,49.921,29.827,94.411,105.235,122.577,147.666,131.421,106.813,45.985,0,0,68,55,63,60,63,63,61,61,59,60,71,71,5.49,-6.04,-1.47,-6.54,-6.02,-7.84,-10.54,-10.34,-10.4,-6.15,4.09,13.18,14,18,24.5,21.3,3,6,11.5,9.3,8.5,12,18,15.3,116,64,14,129,-27,19,27.3,10.1,23,4,0,2,326,635,1198,931,859,578,126,336,0,1,129,77,68,85,92,89,1,0,0,1,124,293,416,230,68,229,402,153,65,62,61,63,12.63,-14.03,-28.72,-12.45,13.7,18.8,8.3,10.6,485,26,48.9,717.3,23,3165,1803,207,340,59,344,285,2,-9,37.1,7.3,1063,852,63,-42.57,1565
1964,1176,NA,34.03974,-118.589581,-9999,18.7,20.7,18.7,18.8,19.3,20.4,24.6,24.6,24.1,25.4,19.9,17.8,7.5,7,7.9,9.9,10.8,13.2,15.4,17,14.6,15.5,9.6,9.8,13.1,13.9,13.3,14.4,15.1,16.8,20,20.8,19.4,20.4,14.7,13.8,53,3,47,23,3,2,0,2,1,10,41,69,-54.5,14.1,17.6,18.9,22.4,20.9,37.5,31.6,41.7,18.8,-26.7,-43.7,2,2,1,0,0,0,0,0,0,0,0,2,236,233,242,276,314,353,465,489,431,476,280,258,162,126,158,125,110,66,15,12,33,24,116,145,6,6,3,7,9,29,78,99,74,85,9,10,31,28,31,30,31,30,31,31,30,31,30,31,0,0,0,0,0,0,0,0,0,0,0,0,54.338,70.905,85.975,94.136,108.079,104.831,131.62,111.81,99.179,85.976,55.901,43.217,1.442,68.234,38.946,70.962,105.095,102.393,131.552,110.261,98.375,76.033,14.704,0,65,58,66,72,73,77,72,77,71,70,68,59,-1.5,-8,-1.98,-3.91,-6.04,-6.05,-8.81,-7.95,-8.55,-8.45,-2.91,1.23,20.4,18.9,23.2,23.1,7.7,9.6,15.2,13.2,14,14.2,19.2,18.2,57,73,4,52,-28,19.6,30,11.3,5,2,0,0,767,832,1307,1187,400,393,93,173,32,19,206,167,90,92,92,91,0,0,0,0,184,288,348,241,127,215,344,189,61,71,76,70,-8.26,-11.93,-22.8,-19.92,16.3,20.8,13.1,7.7,253,8,103.8,2650.1,8,4053,1093,415,364,0,365,365,0,0.7,38.9,8.2,1061,875,70,-62.91,2301
1964,3904095,NA,34.533002,-117.283871,-9999,13.9,16.7,18,21.4,26.2,31.3,37.2,35.8,32,29.4,16,14.6,-2.1,-0.9,1.1,4.6,8.4,12.5,17.1,16.6,11.4,9.8,0.7,0.6,5.9,7.9,9.5,13,17.3,21.9,27.2,26.2,21.7,19.6,8.3,7.6,12,3,14,7,6,2,3,2,1,3,16,5,-53.6,16.3,22,25.5,14.7,29.2,28.1,29.7,40.8,16.8,-26.7,-44,15,8,4,1,0,0,0,0,0,0,4,9,72,102,153,240,381,506,685,655,500,451,120,103,378,279,265,163,61,10,0,1,16,31,290,320,0,0,0,8,38,123,284,254,126,78,0,0,10,11,18,26,30,30,31,31,30,31,16,17,0,0,0,0,0,0,0,0,0,0,0,0,48.977,64.277,93.722,123.644,165.984,193.887,230.031,201.759,154.058,116.57,53.876,45.302,36.735,60.927,79.285,116.379,160.449,192.278,227.282,200.064,152.955,113.367,38.018,40.141,49,46,49,50,49,48,47,49,44,46,52,45,-3.4,-6.33,-6.55,-9.37,-12.93,-18.01,-25.12,-22.99,-19.34,-16.31,-4.73,-4.81,15.6,21.9,34.8,25.8,-1.5,4.7,15.4,7.3,7.1,13.3,25.1,16.5,18,27,6,20,-27.1,20.7,29,10.3,33,5,0,4,271,774,1846,1071,983,489,11,337,0,46,661,203,32,75,92,77,0,0,0,0,164,383,626,325,146,356,620,304,47,49,48,47,-14.54,-28.84,-66.12,-40.38,15.5,27.2,5.9,21.2,74,13,343.7,2140.3,42,3966,1814,910,281,105,313,208,1,-19.6,45.5,8.2,1497,1426,49,-149.88,2410
1964,3440200,NA,35.098215,-120.579118,-9999,17,18.9,17.5,17.7,16.8,18.6,19.9,20.2,20.2,22.6,18.1,16.7,3.5,2.8,3.9,6.2,7,9.5,11.1,11.4,9.9,10.5,5.3,7,10.2,10.8,10.7,12,11.9,14,15.5,15.8,15.1,16.6,11.7,11.8,47,7,47,26,13,4,0,2,3,37,67,71,-54.6,15.3,19.9,21.4,21.4,22.2,39.2,30.6,40.6,18.4,-27,-43.9,5,4,3,1,0,0,0,0,0,0,1,3,153,152,166,204,215,270,326,336,302,358,189,194,245,196,228,191,198,127,88,84,107,77,194,197,0,0,0,0,0,9,11,15,19,17,0,0,24,21,26,28,30,30,31,31,30,31,27,31,0,0,0,0,0,0,0,0,0,0,0,0,52.136,67.527,86.963,97.767,103.719,108.134,112.61,103.658,89.86,82.856,54.335,42.76,4.958,60.276,39.941,71.9,90.269,103.995,112.548,102.003,87.111,46.096,0,0,57,51,57,64,69,71,72,73,68,63,60,51,-1.9,-7.17,-2.14,-3.85,-4.4,-5.81,-6.62,-6.54,-6.88,-5.05,-0.22,1.36,18.5,17.3,19.6,20.3,3.1,5.7,10.6,8.6,10.8,11.5,15.1,14.4,60,86,6,106,-27.7,20.9,30.7,10.7,12,4,0,1,487,585,933,849,651,617,299,378,0,0,35,36,69,83,92,87,0,0,0,0,174,288,324,227,115,202,319,133,53,63,72,64,-7.71,-10.4,-18.98,-12.15,13,16.6,10.2,6.3,323,22,71.2,750.5,17,2866,1933,71,338,58,341,283,1,-8.6,35.5,8.6,1014,769,65,-49.24,1249
1964,3425410,NA,37.898448,-122.313558,-9999,13.2,17.7,16.8,18.4,17.8,20.4,21.7,22.1,22.7,23.2,15.3,14.1,4.6,3.9,5.8,7,8.2,11.1,12.2,12.5,11.7,11.2,7.5,8.1,8.9,10.8,11.3,12.7,13,15.7,17,17.3,17.2,17.2,11.4,11.1,104,7,42,7,10,8,0,1,1,36,93,156,-51.5,13,17,20.9,19.7,22.1,36.6,29,39.3,17.2,-25.4,-42.3,7,4,3,1,0,0,0,0,0,0,1,4,120,151,182,225,251,321,372,383,366,379,181,177,287,197,211,170,168,88,54,52,63,64,201,216,0,0,0,1,0,19,23,30,38,28,0,0,27,23,29,29,30,30,31,31,30,31,29,31,1,0,0,0,0,0,0,0,0,0,1,0,35.184,57.053,74.751,96.488,104.193,112.881,119.748,109.713,93.934,77.792,37.72,28.964,0,49.738,32.722,89.715,94.591,104.475,119.269,108.715,93.14,42.029,0,0,72,57,65,64,69,71,71,71,66,64,75,75,6.32,-6.2,-1.8,-6.05,-5.09,-6.08,-7.52,-7.64,-8.38,-5.45,4.47,11.5,14.2,17.7,21.4,20.4,4.2,7,11.9,10.1,9.2,12.3,16.7,15.3,126,58,10,130,-26.9,19.2,29.2,10.4,19,3,0,2,370,658,1076,926,792,549,194,327,0,1,72,66,76,88,92,90,1,0,0,1,121,275,342,209,64,217,332,135,68,66,71,68,11.62,-12.94,-21.24,-9.36,13.6,17.3,8.9,8.4,465,20,50.8,854.7,19,3109,1770,139,351,35,353,317,2,-6.4,34.6,8,948,748,69,-31.93,1487
1964,231694,NA,36.950879,-122.066217,-9999,15.3,18.3,17,17.8,17.4,20.1,20.9,21.2,22.2,22.7,17.1,15.2,3,2,4.2,5.2,6.6,9.3,10.7,10.6,9.2,8.9,4.9,6.1,9.2,10.2,10.6,11.5,12,14.7,15.8,15.9,15.7,15.8,11,10.7,133,18,71,12,20,10,1,3,4,36,126,253,-53.6,14.7,18.8,22.2,19.1,23.1,36.7,29,39.3,17.4,-26.8,-43.3,6,4,3,1,0,0,0,0,0,0,2,4,125,135,162,191,222,289,334,338,322,336,168,164,278,216,232,203,194,113,82,82,92,93,211,225,0,0,0,0,0,11,12,16,23,11,0,0,23,19,26,27,29,30,31,31,29,31,26,30,1,0,0,0,0,0,0,0,0,0,1,1,44.19,62.477,80.809,98.7,107.702,118.503,120.233,112.098,99.373,82.027,48.145,36.398,0,44.58,9.912,86.848,87.504,108.005,118.934,108.679,95.544,45.771,0,0,61,50,59,60,66,66,68,67,61,59,62,53,7.87,-5.82,0.62,-5.54,-4.15,-6.15,-7.23,-7.3,-8.36,-5.56,6.24,20.22,17,17.4,20.7,20.7,2.5,5.3,10.2,7.7,9.7,11.4,15.4,14.2,167,103,15,166,-27.4,20.1,29.6,9.9,16,4,0,2,404,576,962,825,743,629,277,395,0,0,40,34,64,83,92,86,1,0,0,1,152,287,351,230,75,184,336,141,55,62,67,60,22.27,-9.07,-20.68,-7.68,12.7,15.9,9.2,6.7,688,39,33.1,404.6,21,2786,2021,74,332,73,332,259,2,-10.2,34.8,8,1020,736,63,-15.16,1205
1965,2275918,NA,37.42756,-122.17152,-9999,14.4,16.4,16.9,19.7,22.4,23.2,25.6,27.6,24.7,25.9,17.8,12.7,5.3,4.7,6.4,8.2,8.1,10.1,11.5,13,10.9,10.2,8.2,2.8,9.8,10.6,11.6,13.9,15.3,16.7,18.5,20.3,17.8,18.1,13,7.8,83,24,47,69,1,1,0,3,1,3,112,88,-52.2,12.1,16.7,20.9,12.3,25.9,29.9,26,38.8,16.2,-26.4,-43,5,4,2,0,0,0,0,0,0,0,1,9,149,151,195,262,320,349,420,474,384,404,232,98,258,204,202,137,105,68,29,15,53,50,159,315,0,0,0,7,13,27,46,88,47,42,4,0,28,25,30,30,30,30,31,31,30,31,30,23,0,0,0,0,0,0,0,0,0,0,0,1,38.072,52.875,74.659,101.357,137.275,137.768,152.692,147.762,107.962,92.518,44.874,33.449,0,28.834,27.793,31.904,136.585,136.996,152.244,145.106,107.028,89.172,0,0,70,63,67,64,57,61,58,58,59,54,70,75,3.52,-3.62,-1.24,-0.3,-9.18,-9.2,-10.92,-12.15,-10.26,-11.34,5.09,4.98,15.1,19.7,25.5,22.8,5.6,7.6,11.5,9.8,10.4,13.6,18.5,16.3,272,117,4,116,-27.7,16.7,27.3,9.5,13,3,0,1,470,777,1243,1021,686,444,112,262,1,20,161,93,83,89,92,90,1,0,0,0,124,313,438,245,29,196,434,196,69,63,59,61,4.88,-10.72,-32.27,-16.5,14.5,20.3,7.8,12.5,432,5,56.6,3693.6,22,3438,1594,273,347,36,348,311,2,-8.2,38.5,6.4,1121,856,62,-54.61,1788
1965,5504847,NA,37.6553,-122.0567,-9999,13,15.5,16.1,17.9,20.8,21,24,25.8,23.1,24.8,17.3,11.2,4.9,4.5,6.1,8,8.1,9.8,11.5,13.3,10.9,10.4,8.4,2.8,9,10,11.1,13,14.4,15.4,17.8,19.6,17,17.6,12.8,7,97,25,56,90,1,1,1,5,1,3,141,99,-51.2,11.6,16.3,19.4,15,24.5,32.5,27.4,39.3,16.6,-26.1,-42.4,7,5,3,1,0,0,0,0,0,0,1,11,127,138,180,233,295,312,396,451,359,390,226,81,284,220,216,164,127,95,40,21,66,57,165,338,0,0,0,3,8,16,33,70,36,36,3,0,27,24,29,29,30,30,31,31,30,31,30,23,1,0,0,0,0,0,0,0,0,0,0,1,34.487,50.049,71.166,90.431,125.811,122.635,140.288,133.428,98.626,86.542,42.596,29.634,0,25.509,15.142,0.045,124.875,121.531,139.567,128.718,97.692,83.193,0,0,73,64,68,69,61,66,63,63,63,58,72,77,5.65,-3.2,0.01,2.86,-8.02,-7.66,-9.57,-10.17,-8.97,-10.3,8.36,6.76,14.2,18.2,23.6,21.7,5.5,7.4,11.6,9.9,9.8,12.8,17.6,15.8,296,147,7,145,-27.3,16.9,28.1,9.9,15,3,0,1,430,708,1159,976,735,506,156,289,1,11,119,74,82,89,92,90,1,0,0,0,115,287,396,228,26,140,390,181,72,66,64,64,9.21,-5.15,-27.4,-10.91,13.7,19.6,7,12.5,519,8,45.7,2326.4,26,3189,1794,204,346,35,348,312,2,-9,37.1,6.9,1027,736,66,-34.25,1585
1965,1176,NA,34.03974,-118.589581,-9999,19.8,19.6,18.3,18.7,19.8,19,22.5,25.5,22.6,26.8,20.2,18.2,9,7.6,8.8,10.6,11.7,12.7,14.7,17.3,14.2,14.5,12,8.4,14.4,13.6,13.5,14.6,15.8,15.8,18.6,21.4,18.4,20.6,16.1,13.3,16,11,39,87,1,1,0,4,10,1,147,127,-54.8,13.1,16.5,18.2,22.5,20.5,39.7,31.3,41.8,18.3,-26.3,-44.1,1,2,1,0,0,0,0,0,0,0,0,2,276,227,250,284,336,324,421,509,402,482,321,243,129,132,151,118,93,86,28,9,44,23,85,158,13,6,5,9,14,19,47,114,56,89,21,7,31,28,31,30,31,30,31,31,30,31,30,31,0,0,0,0,0,0,0,0,0,0,0,0,55.955,65.811,81.258,91.299,107.339,94.892,116.564,118.366,90.843,96.089,52.031,47.116,39.545,55.156,42.106,4.164,106.341,94.086,116.428,114.665,81.194,95.301,0,0,66,63,70,74,75,80,76,75,74,64,74,75,-5.55,-6.3,-2.29,2.69,-6.27,-5.42,-7.32,-8.45,-6.59,-11.02,8.15,6.44,19.1,18.9,22.3,23.2,8.8,10.4,14.9,13.6,13.9,14.6,18.6,18.4,96,127,5,157,-28.6,19.1,30.5,11.3,5,2,0,0,761,870,1255,1205,405,362,123,152,28,28,180,166,90,92,92,91,0,0,0,0,165,280,330,239,95,153,325,176,68,73,77,71,-5.41,-5.86,-21.18,-9.45,16.4,21.4,13.3,8.1,443,15,59.4,1401.6,7,4075,1055,400,365,0,365,365,0,0.7,38.9,8.1,1014,749,72,-41.91,2318
1965,3904095,NA,34.533002,-117.283871,-9999,16.1,17.9,17.9,20.6,26.1,29.4,35.9,35.9,29.3,29.9,18.2,13.1,0,0.4,2.9,5.6,9.1,11.2,16,17.2,10.3,8.3,4.3,-0.9,8.1,9.1,10.4,13.1,17.6,20.3,25.9,26.6,19.8,19.1,11.2,6.1,4,4,15,30,1,2,5,6,5,1,41,54,-54.6,16.1,20.7,24.2,15,28.4,28.8,29.7,41.5,16.6,-27.1,-43.7,9,6,3,1,0,0,0,0,0,0,2,14,115,128,176,242,391,457,647,667,444,436,187,71,312,244,237,160,56,19,1,1,29,37,205,367,0,0,2,8,41,88,246,267,83,67,2,0,15,14,23,28,31,30,31,31,30,30,25,12,0,0,0,0,0,0,0,0,0,0,0,1,53.495,67.264,91.428,117.303,163.804,183.036,222.226,201.059,141.037,120.927,57.051,42.494,48.997,63.331,76.768,86.941,162.564,181.188,217.528,194.721,135.773,120.086,16.33,0,50,47,54,54,51,49,47,50,47,41,57,55,-5.87,-7.45,-6.45,-6.22,-13.09,-16.02,-23.09,-22.5,-15.86,-17.64,-3.73,1.18,16.2,21.6,33.7,25.8,0.3,5.9,14.8,7.6,8.3,13.7,24.3,16.7,14,46,13,47,-27.4,20,29,10.3,23,4,0,2,346,809,1772,1067,876,453,21,270,0,51,600,152,46,81,92,85,0,0,0,0,166,373,606,319,152,326,593,272,51,53,49,48,-12.14,-25.76,-61.6,-37.23,15.6,26.6,6.1,20.5,169,19,151.7,1371.1,34,3962,1667,803,300,89,314,224,0,-19.6,45.5,8,1464,1344,50,-136.74,2344
1965,3440200,NA,35.098215,-120.579118,-9999,17.3,17.8,16.9,17.4,17.9,17.2,19.7,21.3,19.6,24.6,19.7,16.6,5.7,4.3,6.6,8.1,7.6,9.4,10.9,12.3,10.5,10.2,8.8,3.7,11.5,11,11.8,12.8,12.7,13.3,15.3,16.8,15,17.4,14.2,10.1,52,19,49,92,1,1,0,1,1,1,153,80,-54.2,13.9,17.1,19.3,20.1,22.6,39.4,30.3,40.7,17.8,-27,-44.3,3,3,2,1,0,0,0,0,0,0,1,5,186,157,195,229,244,248,319,366,301,383,265,152,204,198,199,169,174,144,94,63,108,61,129,242,1,0,0,0,0,6,10,24,19,28,5,0,29,24,30,30,30,30,31,31,30,31,30,25,0,0,0,0,0,0,0,0,0,0,0,0,50.337,62.032,78.239,90.675,109.651,97.697,111.529,107.885,84.414,92.745,54.379,46.452,0,42.988,28.924,0,108.437,96.749,111.475,106.687,82.984,91.365,0,0,63,58,67,70,67,75,72,72,71,57,66,69,-1.11,-4.99,-0.97,3.37,-6.15,-5.31,-6.52,-7.07,-6.43,-10.34,8.17,1.69,17.3,17.4,19.4,21.3,5.7,7.4,10.8,9.8,11.5,12.4,15.1,15.5,142,143,2,155,-28.2,18.9,30.8,10.5,10,3,0,1,538,668,934,949,600,541,300,297,3,0,40,52,83,89,92,91,0,0,0,0,155,279,317,232,43,137,315,174,63,68,73,65,-4.41,-3.75,-18.89,-8.59,13.5,17.4,10.1,7.3,452,5,52,3587,15,3045,1784,93,349,30,349,319,1,-8.6,35.5,8,982,670,67,-35.65,1389
1965,3425410,NA,37.898448,-122.313558,-9999,13,16.1,16.6,17.4,19.5,18.5,20.3,22.4,20.8,24.2,17.3,11.4,6.1,5.7,7.2,9.2,8.9,10.5,11.7,13.4,11.3,11.3,9.7,3.9,9.6,10.9,11.9,13.3,14.2,14.5,16,17.9,16,17.7,13.5,7.6,119,25,49,100,1,1,0,4,1,3,131,87,-50.7,11.1,15.7,17.8,17.4,22.8,38.5,29.2,39.6,16.8,-25.7,-42.2,6,4,2,0,0,0,0,0,0,0,1,9,139,156,199,243,287,285,342,401,331,394,244,93,266,195,195,153,134,116,75,42,85,55,148,318,0,0,0,4,5,11,14,39,26,36,4,0,29,26,30,30,31,30,31,31,30,31,30,25,1,0,0,0,0,0,0,0,0,0,0,1,32.29,49.68,70.669,83.387,113.858,101.061,110.909,107.657,84.304,81.871,39.945,28.534,0,24.282,21.701,0,112.965,100.275,110.561,103.928,83.313,78.817,0,0,77,67,70,74,67,75,73,73,71,61,76,80,7.96,-3.12,-0.7,4.42,-6.87,-5.8,-6.69,-7.26,-7.05,-9.5,7.67,5.48,14.4,17.8,20.4,20.8,6.6,8.4,11.9,10.7,10.5,13.1,16.1,15.7,300,150,5,135,-27.3,17,30.2,10.2,13,3,0,1,474,730,1028,969,677,482,233,288,1,9,63,66,86,91,92,91,1,0,0,0,111,268,320,206,24,135,315,162,75,70,73,69,10.32,-3.14,-19.75,-8.88,13.6,17.9,7.6,10.3,520,7,45.4,2654.9,22,3113,1783,139,354,14,355,341,2,-6.4,34.6,7.5,905,636,71,-21.45,1491
1965,231694,NA,36.950879,-122.066217,-9999,15.6,16.8,16.9,17.8,18.5,18.5,19.5,22.1,20.9,23.9,18.6,14.3,4.7,4,5.9,7.6,7.3,9.2,10.7,12,10.1,9.1,7.2,2.3,10.2,10.4,11.4,12.7,12.9,13.9,15.1,17.1,15.5,16.5,12.9,8.3,113,43,68,93,2,2,1,4,2,6,191,148,-53.3,12.9,17.3,19.9,17.9,23.4,39,29,39.6,17,-27,-43.6,5,4,3,1,0,0,0,0,0,0,1,8,153,144,185,224,249,265,315,374,316,358,226,107,247,207,208,172,170,131,98,57,96,77,163,298,0,0,0,0,0,8,9,27,22,19,0,0,27,24,29,29,30,30,31,31,30,31,29,22,1,0,0,0,0,0,0,0,0,0,1,1,43.097,55.939,76.624,92.173,113.195,106.97,109.28,113.065,89.893,86.944,49.575,38.599,0,12.856,8.809,0,110.854,105.161,108.442,108.641,88.068,80.94,0,0,65,60,65,68,65,71,73,69,67,56,64,71,5.76,-2.07,0.76,3.18,-6.46,-6,-6.33,-7.44,-7.35,-9.54,12.39,10.07,15.9,17.7,20,21.1,5,6.9,10.7,8.8,10.4,12.3,15.3,15,409,164,7,199,-28,18.3,30.4,9.9,13,3,0,1,463,658,954,900,680,550,286,336,0,0,44,42,80,88,92,89,1,0,0,1,135,282,329,226,13,120,322,169,65,66,71,62,13.75,-2.51,-19.77,-4.5,13.1,17.1,8.3,8.7,675,11,34.2,1517.2,21,2916,1924,85,341,46,340,294,2,-10.2,34.8,7.7,973,624,65,-13.03,1301
1966,2275918,NA,37.42756,-122.17152,-9999,14.8,15,17.6,23.3,23.1,26.5,26,27.4,27.1,24.5,17.9,14.4,3.5,4.3,6.1,8.1,8.9,11,11.2,12,11.4,9.3,7.8,5.3,9.2,9.7,11.8,15.7,16,18.7,18.6,19.7,19.2,16.9,12.9,9.8,55,57,13,13,3,1,2,2,3,1,99,85,-53.1,11.5,17.6,23.8,11.8,25.7,29,25.9,38.2,16.6,-26.6,-43.2,6,5,2,0,0,0,0,0,0,0,1,5,129,128,198,313,342,411,422,455,426,369,226,147,278,229,197,93,88,34,28,20,34,70,164,251,0,0,0,17,17,58,47,73,71,25,2,0,24,24,29,29,31,30,31,31,30,31,29,28,0,0,0,0,0,0,0,0,0,0,0,0,41.419,48.892,78.817,122.863,139.696,159.278,156.842,149.334,119.69,87.943,45.757,34.852,0,0,66.239,110.356,136.585,158.025,154.699,147.657,116.236,86.846,0,0,64,66,64,55,57,55,57,55,55,55,68,68,0.4,0.47,-5.15,-8.66,-9.26,-11.8,-11.23,-12.36,-12.05,-10.52,3.72,3.69,14.2,21.3,26.6,23.2,3.6,7.7,11.4,9.5,8.9,14.5,19,16.3,200,28,5,104,-28.2,17.7,26.9,9.4,20,2,0,1,353,852,1288,1021,822,378,83,268,0,35,178,97,71,89,92,90,1,0,0,0,124,341,465,253,0,313,460,203,66,59,56,59,4.57,-23.07,-35.39,-18.85,14.8,19.7,9.2,10.5,334,12,74.3,1691.3,20,3565,1487,310,348,38,346,308,2,-8.2,38.5,6.4,1184,977,60,-72.74,1908
1966,5504847,NA,37.6553,-122.0567,-9999,14,14.1,16.7,22,21.4,24.5,24.1,26.1,25.5,23.2,17.5,13,3.2,4,5.9,8.2,8.9,11.2,11.3,12.3,11.9,9.7,7.9,5.5,8.6,9,11.3,15.1,15.2,17.8,17.7,19.2,18.7,16.4,12.7,9.2,67,64,14,16,5,3,2,3,4,1,128,95,-52.6,11.1,16.9,22.7,14.6,24.3,32.2,26.9,38.8,17,-26.3,-42.5,8,6,3,0,0,0,0,0,0,0,1,6,115,114,184,295,318,385,393,441,411,355,221,131,297,247,211,107,107,47,41,24,40,79,169,270,0,0,0,13,11,44,32,63,61,20,1,0,24,23,29,30,31,30,31,31,30,31,29,29,1,0,0,0,0,0,0,0,0,0,0,0,39.23,46.173,74.51,114.569,127.632,143.816,141.729,138.865,109.516,81.186,43.819,30.411,0,0,60.923,98.967,122.419,141.136,139.355,136.227,105.876,80.055,0,0,65,67,66,58,62,60,62,60,60,59,70,72,2.05,1.67,-4.62,-7.38,-7.84,-9.89,-9.54,-10.99,-10.5,-9.39,6.83,5.6,13.1,20,24.9,22.1,3.3,7.7,11.6,9.8,8.2,13.9,18.2,15.9,229,34,8,133,-28,18.1,27.8,9.8,24,3,0,1,308,797,1219,986,882,424,112,288,0,25,138,82,70,89,92,90,2,0,0,0,115,317,424,235,0,282,417,186,68,62,61,63,9.32,-19.84,-30.42,-13.06,14.2,19.2,8.6,10.7,400,17,60.6,1161.7,23,3363,1638,245,347,39,347,309,3,-9,37.1,6.9,1091,885,64,-54,1739
1966,1176,NA,34.03974,-118.589581,-9999,18.1,17.6,20.8,21.5,20,22.5,23.8,25.7,24.8,24.7,20.9,19.4,7.1,7,9.7,12,13.2,14.2,15,17.2,15.7,13.8,11.7,8.9,12.6,12.3,15.2,16.7,16.6,18.4,19.4,21.5,20.2,19.2,16.3,14.2,35,36,7,1,5,1,0,1,4,2,101,125,-54.2,12.3,18,19.4,23.7,19.5,38.2,31.3,41.7,18.8,-26.7,-44.4,2,2,1,0,0,0,0,0,0,0,0,2,222,190,302,346,362,401,447,510,457,440,328,271,176,166,108,71,74,39,20,9,25,35,82,135,5,2,15,26,23,52,64,115,92,61,24,13,31,28,31,30,31,30,31,31,30,31,30,31,0,0,0,0,0,0,0,0,0,0,0,0,52.999,59.258,92.942,105.094,101.108,117.693,126.519,120.429,99.849,87.134,55.664,50.186,18.183,23.204,85.715,104.183,96.42,117.156,126.434,119.162,95.599,85.146,0,0,65,66,66,71,79,75,73,75,72,67,71,69,-3.03,-2.63,-6.93,-7.41,-5.57,-7.45,-8.26,-8.89,-8.43,-9.22,2.95,5.56,17.9,20.8,24,23.5,7.5,11.6,15.5,13.7,12.7,16.2,19.7,18.6,198,13,2,108,-28.8,20.4,29.7,11.3,7,1,0,0,657,1010,1357,1225,501,252,67,142,15,64,231,177,89,92,92,91,0,0,0,0,159,299,365,243,41,286,363,181,67,72,74,70,-0.1,-19.92,-24.6,-14.7,16.9,21.5,12.3,9.2,318,11,84.6,1982.4,8,4275,938,493,364,2,365,363,0,0.7,38.9,8.1,1066,871,71,-59.32,2502
1966,3904095,NA,34.533002,-117.283871,-9999,13.4,14.7,21.5,26,28.9,33.1,36.2,37.1,32.4,26.8,19.1,15.2,-2.2,-1.3,3.1,6.5,10.5,13.3,16.4,17.2,12.8,7.2,3.2,-0.3,5.6,6.7,12.3,16.2,19.7,23.2,26.3,27.1,22.6,17,11.2,7.4,6,16,6,1,2,1,2,1,4,3,12,33,-53.3,15.6,22.9,27,12.6,29.5,28.7,29.3,40.8,17.3,-27.5,-44.2,17,11,2,0,0,0,0,0,0,0,2,10,67,79,228,335,454,545,658,684,527,372,187,99,387,312,184,81,29,6,1,1,12,68,206,325,0,0,6,27,77,161,257,284,147,35,2,0,9,10,24,28,31,30,31,31,30,30,23,14,0,0,0,0,0,0,0,0,0,0,0,0,47.839,58.369,107.603,147.152,180.645,205.562,223.586,209.617,154.084,108.633,60.875,47.21,41.609,42.71,101.344,146.25,178.687,204.684,221.779,208.281,150.126,105.627,49.16,14.276,50,50,46,45,48,46,47,48,47,45,52,55,-3.71,-3.62,-9.8,-13.7,-15.68,-20.3,-23.73,-24.91,-19.21,-14.16,-7.5,-2.33,13.7,25.5,35.4,26.1,-1.5,6.7,15.6,7.7,6.1,16.1,25.5,16.9,76,9,4,19,-27.3,20.8,29.2,10.2,41,2,0,2,217,1017,1888,1086,1066,294,7,286,0,110,701,185,32,83,92,82,2,0,0,0,149,435,639,324,84,426,635,305,51,46,47,48,-9.66,-39.18,-68.93,-40.87,16.3,27.1,5.6,21.5,87,10,303.4,2731.5,41,4235,1611,996,291,89,311,222,2,-19.6,45.5,8.2,1546,1450,48,-158.65,2646
1966,3440200,NA,35.098215,-120.579118,-9999,16.2,15.9,19.1,21,18.8,20.3,19.5,21,21.1,22.4,19.3,16.6,3.2,3.6,5.8,8.3,9.6,10.3,10.7,11.9,11.6,10,8.6,5.7,9.7,9.8,12.5,14.7,14.2,15.3,15.1,16.5,16.3,16.2,14,11.2,39,28,8,3,1,1,0,1,10,1,75,105,-54.1,13.2,19.6,22.3,20.4,21.6,39.6,30.4,40.6,18.4,-26.9,-44.1,6,5,2,0,0,0,0,0,0,0,1,3,139,128,215,284,289,307,313,356,340,348,257,177,263,226,180,117,133,99,99,69,78,84,135,215,0,0,0,9,4,15,9,21,29,14,3,0,24,23,29,30,31,30,31,31,30,31,30,29,0,0,0,0,0,0,0,0,0,0,0,0,49.962,56.571,90.818,112.26,108.507,117.502,110.538,107.199,89.547,82.823,53.652,44.416,10.655,28.459,83.294,108.854,107.3,116.03,110.415,106.109,79.586,81.793,0,0,59,61,59,61,71,69,73,72,71,63,66,59,-2.11,-3.05,-6.64,-7.78,-6.2,-6.95,-6.41,-6.98,-6.27,-8.58,0.53,4.51,16.2,19.6,20.2,20.9,3.5,7.9,11,10.1,9.8,13.8,15.6,15.5,147,12,3,86,-28.3,20.7,30.5,10.7,15,2,0,1,418,788,977,945,731,430,267,298,0,12,45,46,71,89,92,91,1,0,0,0,153,312,335,226,39,299,333,161,60,64,71,67,-0.65,-20.62,-20.35,-14.32,13.8,16.5,9.7,6.8,272,14,87.3,1188.5,17,3154,1700,103,347,33,350,317,1,-8.6,35.5,8.4,1026,832,66,-55.94,1499
1966,3425410,NA,37.898448,-122.313558,-9999,14.2,14.6,17,21.4,20,22.2,20.7,22.7,23.3,22.6,17.4,13.1,4.5,5.3,7,9.3,9.6,11.8,11.6,12.5,12.5,10.5,9,6.7,9.3,9.9,12,15.3,14.8,17,16.1,17.6,17.9,16.5,13.2,9.9,92,74,15,17,5,2,1,2,5,1,133,90,-52.3,10.5,16.2,21.2,17.3,22.5,37.9,28.7,39.3,17.3,-26,-42.3,6,5,2,0,0,0,0,0,0,0,1,5,132,131,201,302,307,359,346,391,386,358,235,147,273,222,192,101,117,61,72,47,52,77,154,248,0,0,0,14,8,32,15,34,47,20,1,0,27,26,30,30,31,30,31,31,30,31,30,30,1,0,0,0,0,0,0,0,0,0,0,0,37.826,45.39,73.027,107.814,114.521,123.907,113.789,113.635,94.723,76.41,41.497,28.686,0,0,58.073,91.025,109.973,121.548,112.743,111.296,90.2,75.426,0,0,69,70,68,63,68,68,72,69,67,63,73,75,4.52,2.53,-4.36,-6.47,-6.62,-7.79,-6.86,-7.92,-8.2,-8.61,7.64,5.09,13.4,19.5,21.8,21.1,4.5,8.7,12,10.7,9,14.1,16.9,15.9,253,36,6,138,-28,18.2,29.7,10.2,20,2,0,1,353,810,1096,979,813,409,181,283,0,23,80,69,78,91,92,91,2,0,0,0,112,295,351,213,0,259,346,166,71,66,70,68,12.14,-17.45,-22.57,-9.17,14.1,17.9,9.3,8.5,437,15,55.2,1205.1,19,3294,1617,172,356,19,356,337,2,-6.4,34.6,7.5,971,770,69,-37.05,1651
1966,231694,NA,36.950879,-122.066217,-9999,15.2,15.4,17.8,20.9,19,21.5,20.1,21.4,22.9,22.6,18.5,16,2.8,3.8,5.3,7.4,8.1,9.5,10.2,10.9,10.1,8.2,7.2,4.4,9,9.6,11.6,14.1,13.6,15.5,15.1,16.2,16.5,15.4,12.8,10.2,81,91,18,18,4,2,6,2,7,2,155,139,-53.6,12.2,18.5,22.7,17.8,23,37.4,29,39.2,17.3,-27,-43.9,7,5,2,0,0,0,0,0,0,0,1,4,122,123,189,267,269,314,316,348,345,323,223,153,283,231,203,131,151,93,97,75,75,103,165,239,0,0,0,6,1,17,9,18,31,8,0,0,23,23,28,29,30,30,31,31,30,30,29,27,1,0,0,0,0,0,0,0,0,0,0,0,44.09,51.617,82.434,111.282,113.549,127.796,116.684,112.202,101.197,83.187,49.4,40.706,0,0,64.868,93.333,109.811,125.752,110.199,110.518,94.312,80.746,0,0,60,63,61,59,66,63,69,68,61,57,65,61,2.74,3.64,-4.95,-6.45,-6.4,-7.91,-6.35,-7.52,-8.38,-9.11,8.83,8,15,19.2,21,21.3,3,6.9,10.2,8.5,9,13.1,15.6,14.9,320,39,10,165,-28.4,19.7,29.8,9.8,19,3,0,1,351,725,977,891,812,486,266,343,0,8,44,39,67,88,92,89,2,0,0,1,134,307,357,234,0,268,346,175,61,62,67,61,14.38,-17.8,-21.78,-8.66,13.3,16.5,9,7.5,525,21,44.4,791.7,20,2991,1848,91,340,49,337,288,3,-10.2,34.8,7.7,1032,790,63,-33.87,1371
1967,2275918,NA,37.42756,-122.17152,-9999,15.3,17,16.8,15.9,23.3,23.3,28,28.4,27.8,25.8,20,14.6,4.7,4.8,6,5.3,8.9,11,12.1,12.5,13.1,9.7,8.5,3.4,10,10.9,11.4,10.6,16.1,17.2,20,20.4,20.5,17.8,14.2,9,157,10,113,103,4,9,0,1,1,10,29,61,-53.1,12.3,17,20.4,11.5,25.8,26.6,25.4,38.2,16.2,-27.4,-43.5,5,4,3,1,0,0,0,0,0,0,1,6,151,157,187,168,346,364,466,478,464,396,266,126,254,195,208,226,85,58,15,14,23,55,129,277,0,0,0,0,19,34,79,90,97,37,8,0,27,25,29,27,31,30,31,31,30,31,30,24,1,0,0,1,0,0,0,0,0,0,0,0,41.402,54.506,75.098,86.968,141.009,135.976,168.833,154.438,119.752,92.775,51.119,37.303,0,44.784,0,0,137.311,127.287,168.425,153.787,118.431,82.91,22.177,0,66,62,66,66,57,63,54,55,58,53,64,70,10.3,-5.35,5.37,4.68,-9.36,-8.28,-13.06,-13.28,-12.46,-10.71,-4.49,1.12,15.6,18.7,26.6,24.6,4.9,6.7,11.9,10.4,10.2,12.7,19.2,17.5,252,220,10,40,-28.1,16.3,26,9,14,4,0,1,456,701,1308,1126,699,519,87,207,0,19,203,143,80,87,92,91,1,1,0,0,131,303,459,264,45,137,449,224,66,63,57,58,6.07,0.69,-34.63,-27.66,14.8,20.5,9,11.5,497,15,49.9,1387.6,19,3569,1538,366,345,45,349,304,2,-8.2,38.5,5.8,1157,855,61,-55.52,1918
1967,5504847,NA,37.6553,-122.0567,-9999,14.1,15.4,15.6,13.7,21.5,21.6,26.4,27.3,26.5,24.5,19.5,13.7,4.3,4.6,5.7,4.9,8.9,10.9,12.5,13,13.6,10.2,8.6,3.1,9.2,10,10.6,9.3,15.2,16.2,19.5,20.2,20,17.3,14,8.4,200,11,135,130,4,15,0,1,1,11,36,63,-52.2,11.5,16.2,18.7,14.5,24.3,29.4,26.4,38.8,16.6,-27.2,-43.2,6,5,3,2,0,0,0,0,0,0,1,7,132,136,168,134,317,336,448,470,451,382,261,111,277,221,230,262,108,77,19,16,27,62,134,296,0,0,0,0,12,23,65,84,88,31,8,0,26,24,29,27,31,30,31,31,30,31,30,24,2,0,0,2,0,0,0,0,0,0,0,0,38.114,49.306,69.915,75.27,128.056,123.046,155.564,144.997,110.359,85.708,48.922,35.104,0,38.535,0,0,123.744,108.511,155.067,144.115,109.145,74.717,12.928,0,68,65,68,71,61,67,59,59,62,58,66,75,15.32,-4.44,8.08,8.63,-7.96,-6.44,-11.5,-12.09,-11.08,-9.35,-3.47,1.89,14.1,16.9,25.1,23.5,4.8,6.5,12.1,10.8,9.5,11.7,18.6,17.1,306,270,16,48,-28,16.5,26.7,9.4,17,5,0,1,400,619,1253,1094,768,601,113,222,0,12,172,127,79,86,92,91,2,2,0,0,118,273,424,245,39,124,408,197,70,67,62,62,12.76,8.74,-30.03,-23.9,14.2,20.2,8.4,11.8,607,21,39.8,940,24,3346,1730,310,343,46,349,303,4,-9,37.1,6.2,1060,767,64,-32.43,1749
1967,1176,NA,34.03974,-118.589581,-9999,19.6,21.6,18.9,14.9,21,20.2,25.3,27.2,24.8,25.7,23,17.2,7.8,8.4,9.5,7.2,12.5,12.8,16.6,18.8,18,14.2,13.3,7.7,13.7,15,14.2,11,16.8,16.5,21,23,21.4,20,18.1,12.5,123,6,64,77,3,1,0,2,11,1,114,38,-55.1,13.8,16.5,17.9,21.4,20.8,37.7,31.1,41.8,18.5,-27.2,-43.9,2,1,1,1,0,0,0,0,0,0,0,2,259,269,275,181,365,344,495,558,491,463,384,222,146,100,133,215,71,71,10,4,17,28,51,181,11,14,10,0,26,26,102,157,119,79,51,6,31,28,31,29,31,30,31,31,30,31,30,31,0,0,0,0,0,0,0,0,0,0,0,0,57.03,72.083,82.806,78.697,113.636,104.825,130.465,124.659,88.803,91.533,59.906,45.294,0,66.418,19.257,1.779,110.992,104.234,130.4,123.147,77.345,90.648,0,7.553,63,60,70,75,74,77,74,75,79,66,71,67,4.95,-8,-0.07,3,-6.71,-6.2,-8.88,-9.6,-6.72,-10.15,3.24,-2.08,20.2,18.3,24.2,24.5,8.4,9.7,16.1,15.2,14.3,14,20.2,19.8,253,143,2,127,-28.4,18.6,29.9,11.1,4,2,0,0,802,821,1397,1338,382,420,85,96,39,36,285,249,90,91,92,91,0,0,0,0,179,275,360,240,66,132,358,168,63,73,75,72,-5.13,-3.79,-24.68,-13.62,16.9,23,11,12,438,16,61.5,1415.5,8,4306,1028,600,364,0,365,365,1,0.7,38.9,7.8,1055,724,71,-47.23,2553
1967,3904095,NA,34.533002,-117.283871,-9999,16,19.5,19.9,16.7,27.2,30.4,37.7,37.7,31.2,28.9,21,11.8,-0.7,0.5,3.2,1.3,9.4,11.3,18.4,18.7,14.5,8,4.8,-2.7,7.6,10,11.5,9,18.3,20.9,28.1,28.2,22.8,18.5,12.9,4.6,21,1,14,24,3,1,3,10,12,1,29,23,-54.6,16.7,21.9,24.8,13.9,29.1,28.1,29.3,41.4,16.8,-28,-43.5,10,4,2,2,0,0,0,0,0,0,1,21,107,151,208,134,412,476,712,717,534,417,240,48,326,219,205,271,45,15,0,0,11,44,162,414,0,0,4,1,54,99,311,316,153,58,7,0,13,15,24,18,31,30,31,31,30,30,26,8,0,0,0,0,0,0,0,0,0,0,0,1,53.654,72.386,100.292,102.703,171.128,190.434,230.201,210.144,142.954,116.937,65.095,40.479,32.332,71.228,86.707,78.305,168.266,189.069,226.882,200.222,130.918,116.174,35.637,17.612,48,44,50,52,49,47,49,50,53,42,51,51,-4.01,-9.32,-7.88,-4.45,-14.02,-17.31,-25.38,-24.5,-16.09,-16.54,-6.78,-1.15,16.9,21.3,35.3,27.1,-0.2,4.6,16.1,9.1,8.4,12.9,25.7,18.1,55,41,15,42,-27.2,20.2,28.8,10.1,24,5,0,1,358,755,1906,1191,870,521,16,217,0,60,727,218,42,73,92,86,1,0,0,0,173,374,631,325,118,333,616,283,48,50,49,49,-14.48,-26.36,-67.19,-39.42,16,28.2,4.6,23.6,143,30,182,955.9,41,4157,1712,1005,287,108,316,208,1,-19.6,45.5,8,1503,1350,49,-147.44,2566
1967,3440200,NA,35.098215,-120.579118,-9999,17.9,18.8,17,13.1,19.2,17.4,21.4,22,22,23.2,21.5,16.7,5,5.2,6.2,5.3,8.9,10.2,12.2,13,13.5,10,9.5,3.4,11.4,12,11.6,9.2,14,13.8,16.8,17.5,17.8,16.6,15.5,10,97,16,81,112,7,5,0,1,11,2,70,41,-54.8,13.9,17.6,18.1,19.2,22.5,37.9,30.2,40.6,18.1,-27.6,-44.3,3,3,2,2,0,0,0,0,0,0,0,5,184,181,192,133,283,264,367,388,383,361,302,150,207,173,203,265,138,133,57,49,53,75,99,245,2,0,0,0,3,8,21,33,46,20,15,0,27,25,29,27,31,30,31,31,30,31,30,24,0,0,0,1,0,0,0,0,0,0,0,0,52.925,64.56,79.872,73.538,114.02,94.675,119.206,110.215,87.867,86.898,59.387,46.972,0,48.899,0,0,106.706,90.056,119.162,109.158,77.011,84.842,0,6.379,60,58,66,74,68,77,72,72,74,60,63,65,2.93,-5.81,2.06,7.19,-6.01,-4.79,-7.31,-7.39,-6.2,-9.18,-1.19,-2.36,17.8,16.4,20.3,22.2,5.3,6.8,11.8,11,11.5,11.6,16,16.6,218,201,6,83,-28.4,18.3,30.2,10.4,9,5,0,0,545,608,1018,1045,595,606,239,228,2,3,61,81,82,87,92,91,1,2,0,0,162,267,324,234,49,107,318,162,61,69,74,66,-5.24,3.25,-19.49,-16.57,13.9,17.8,9.2,8.5,443,24,53.9,743.2,16,3188,1697,148,347,35,352,316,2,-8.6,35.5,7.6,988,636,67,-38.06,1544
1967,3425410,NA,37.898448,-122.313558,-9999,14.2,16,16,13.3,20.3,19.1,22.7,23.7,24.2,23.9,19.6,14.1,5.7,5.7,6.8,5.9,9.6,11.5,12.7,13.1,13.9,11,9.7,4.5,9.9,10.8,11.4,9.6,15,15.3,17.7,18.4,19.1,17.4,14.7,9.3,225,11,130,138,3,12,0,1,2,13,36,54,-51.8,11,15.6,17.3,16.7,22.7,35.4,28.3,39.2,16.9,-27,-43.1,5,4,3,2,0,0,0,0,0,0,0,6,148,154,186,142,311,308,393,417,422,384,278,132,255,196,208,253,112,98,41,34,36,61,118,268,0,0,0,0,10,15,31,47,68,31,10,0,29,26,30,28,31,30,31,31,30,31,30,27,1,0,0,1,0,0,0,0,0,0,0,0,36.248,49.156,68.978,69.955,116.906,100.546,125.167,119.132,95.557,81.021,47.157,34.257,0,38.174,0,0,113.435,88.43,124.857,118.576,93.851,68.061,10.7,0,72,67,70,75,67,76,69,68,69,61,69,79,17.9,-4.47,7.67,9.73,-6.95,-4.72,-8.1,-8.78,-8.77,-8.32,-3.17,0.73,14.4,16.6,21.8,22.6,6,7.4,12.4,11.5,10.2,12,17.1,17.1,327,272,13,51,-28,16.5,28.8,9.7,14,5,0,1,449,639,1118,1085,699,574,173,214,0,10,94,109,85,88,92,91,2,2,0,0,114,256,345,224,38,113,332,173,73,71,71,66,14.16,10.44,-21.6,-20.26,14.1,19.1,9.3,9.8,627,18,38.4,1050.2,20,3275,1680,213,353,23,356,334,4,-6.4,34.6,6.8,939,656,69,-17.26,1650
1967,231694,NA,36.950879,-122.066217,-9999,16.3,18.3,17,14.1,19.5,18,21.7,22.1,23.6,23.9,20.6,15.4,3.9,4.2,5.5,5,8.2,10,11.1,11.3,12,8.5,7.5,3,10.1,11.2,11.3,9.6,13.8,14,16.4,16.7,17.8,16.2,14,9.2,219,18,151,168,9,17,1,1,4,12,48,94,-54,13.5,17.7,19.1,17,23.3,35.6,28.7,39.2,16.9,-27.9,-43.9,5,3,3,2,0,0,0,0,0,0,1,6,151,162,182,141,277,269,354,364,385,348,259,128,249,193,211,254,144,129,66,64,52,84,133,271,0,0,0,0,3,8,17,23,47,16,5,0,25,24,28,27,30,30,31,31,30,30,29,23,1,0,0,2,0,0,0,0,0,0,0,0,45.723,60.175,78.226,78.016,116.738,100.01,125.426,115.734,99.921,87.806,55.229,40.407,0,42.617,0,0,108.129,82.736,124.436,114.665,95.764,76.266,7.307,0,61,57,64,70,65,75,67,67,65,55,60,63,15.87,-5.42,8.9,12.17,-6.21,-3.95,-7.79,-7.99,-8.65,-9.12,-3.22,3.95,16.8,16.9,20.6,22.7,4.2,6.3,10.8,9.4,10.5,11.6,15.7,16,376,327,19,64,-28.1,17.9,29.2,9.4,13,5,0,1,467,600,987,992,682,609,259,269,0,3,49,68,76,86,92,89,2,2,0,0,147,273,341,243,43,108,322,179,60,66,70,60,14.4,14.87,-19.73,-20.99,13.4,17.8,9.2,8.6,741,32,31.5,555.3,19,3021,1850,120,339,52,342,291,4,-10.2,34.8,7.1,1004,652,64,-11.45,1410
1968,2275918,NA,37.42756,-122.17152,-9999,14.4,17.3,19,21.9,22.4,26.8,27,27,26.9,23.1,17.2,13.3,3.4,8.6,6.9,6.5,8.5,11.2,12.1,12.6,11.6,8.7,7.3,3.9,8.9,13,13,14.2,15.5,19,19.5,19.8,19.3,15.9,12.2,8.6,108,47,74,14,6,1,0,4,1,15,57,97,-52.8,10.1,18.1,24.1,12.6,25.5,28.1,26.3,38.3,17,-26.3,-43,7,2,2,0,0,0,0,0,0,0,1,7,124,209,233,270,326,419,451,459,427,338,208,116,286,148,166,129,100,31,19,19,34,91,180,289,0,4,4,8,14,63,67,76,71,15,0,0,24,28,30,28,30,30,31,31,30,30,29,26,1,0,0,0,0,0,0,0,0,0,0,1,40.448,49.627,83.969,118.324,135.93,160.862,161.495,144.836,118.307,82.957,44.327,33.793,0,2.778,10.221,104.75,130.02,160.321,161.055,140.569,117.103,68.072,0,0,65,72,62,54,58,55,57,58,56,57,69,64,5.94,-1,0.26,-7.86,-8.53,-12.1,-12.08,-11.53,-12.05,-8.1,-0.22,5.52,15.4,21.1,26.9,22.4,5.1,7.3,12,9.2,10.3,14.2,19.5,15.8,215,93,5,73,-28.6,18.3,26.6,9.6,15,2,0,1,459,829,1329,974,711,395,68,305,4,26,207,86,77,89,92,89,1,0,0,0,127,338,467,246,3,245,462,185,67,58,57,60,10.46,-16.13,-35.71,-20.37,14.9,19.8,8.6,11.2,423,12,58.9,1603.6,19,3581,1492,323,348,44,344,300,1,-8.2,38.5,6.5,1178,895,61,-61.75,1919
1968,5504847,NA,37.6553,-122.0567,-9999,13.1,16.5,18.1,20.6,20.5,25.1,25.5,24.8,25.5,21.8,16.4,12.3,2.9,8.4,6.8,6.7,8.5,11.4,12.3,12.7,12.1,9.1,7.5,3.7,8,12.4,12.4,13.7,14.5,18.2,18.9,18.7,18.8,15.5,12,8,133,55,86,16,7,1,0,6,1,16,78,104,-52,9.6,17.4,22.9,15.8,23.9,30.8,27.7,38.8,17.4,-25.9,-42.6,9,2,2,0,0,0,0,0,0,0,1,8,101,193,216,253,296,396,430,426,415,325,199,102,315,162,181,144,126,41,25,30,39,101,187,306,0,3,2,5,7,50,52,53,63,11,0,0,23,28,30,29,30,30,31,31,30,31,29,25,2,0,0,0,0,0,0,0,0,0,0,1,37.23,46.541,79.276,110.316,122.383,147.577,148.663,129.027,109.075,76.332,41.272,31.234,0,0,0,94.718,115.249,146.746,148.182,123.482,108.03,60.226,0,0,67,74,64,57,63,59,61,64,60,62,72,65,9.23,0.2,1.98,-6.77,-7.07,-10.54,-10.63,-9.45,-10.71,-6.95,2.34,6.71,14.4,19.7,25.1,21.2,4.8,7.3,12.1,9.6,9.6,13.5,18.6,15.4,251,109,7,95,-28.3,18.7,27.5,10.1,19,2,0,1,405,765,1252,939,773,451,96,327,3,15,155,75,74,89,92,90,2,0,0,0,119,312,425,227,0,210,418,168,69,62,61,64,16.14,-11.86,-30.62,-15.32,14.3,18.9,8,10.9,502,15,48.3,1254.5,23,3354,1658,247,346,45,345,300,2,-9,37.1,7,1083,797,65,-41.66,1734
1968,1176,NA,34.03974,-118.589581,-9999,19.3,20.9,21.1,20.6,20.8,22.4,24.5,24,25,23.2,21.9,17.6,7.9,11.4,9.7,10.5,12.5,14.2,16.4,15.8,15.8,13.7,11,7.3,13.6,16.1,15.4,15.5,16.7,18.3,20.5,19.9,20.4,18.4,16.5,12.4,27,23,76,14,1,1,0,5,1,11,12,33,-54.8,11.4,18.2,19.9,21.7,20.7,38.5,31.5,41.7,19.2,-27.3,-44.1,2,1,1,0,0,0,0,0,0,0,0,2,252,296,305,311,362,397,479,461,462,416,332,217,149,77,104,96,73,40,12,18,24,45,78,181,9,21,16,15,23,50,90,78,96,45,25,4,31,28,31,30,31,30,31,31,30,31,30,31,0,0,0,0,0,0,0,0,0,0,0,0,55.749,63.242,94.515,103.914,111.809,116.741,124.726,114.116,100.66,79.641,60.594,47.225,28.406,40.586,18.577,89.553,110.486,116.224,124.635,108.672,99.934,68.529,48.519,14.013,65,71,65,69,74,75,75,75,72,71,67,70,-4.35,-4.95,-0.26,-5.81,-6.69,-7.36,-8.3,-7.6,-8.91,-7.1,-6.87,-2.88,19.1,20.8,23.6,23.4,9,10.9,15.4,13.5,14.1,15.9,19.5,18.4,88,92,6,24,-29.2,19.9,30.2,11.2,5,1,0,0,766,979,1338,1210,407,273,71,147,34,53,218,166,90,92,92,91,0,0,0,0,164,310,356,241,77,219,350,217,68,69,75,70,-12.18,-12.76,-23.25,-22.88,17,20.5,12.4,8,205,8,131.7,2526.6,6,4292,898,471,365,0,365,365,0,0.7,38.9,8,1071,862,70,-71.07,2534
1968,3904095,NA,34.533002,-117.283871,-9999,14.7,19.4,20.5,22.7,27.5,33.5,36.1,33.2,32.6,26.6,19.3,12.9,-1.3,3.7,3.1,4.8,9.6,13.8,17.5,15.2,12.8,7.8,2.9,-2.6,6.7,11.6,11.8,13.8,18.6,23.7,26.8,24.2,22.7,17.2,11.1,5.1,6,7,15,4,2,2,12,5,1,3,5,9,-54,15.1,22.3,26.2,13.8,29,29.1,30.3,40.7,17.4,-27.6,-43.8,12,3,2,0,0,0,0,0,0,0,2,18,87,184,213,264,419,560,674,593,529,378,185,56,353,185,198,141,42,5,1,2,11,65,208,396,0,3,4,11,56,174,273,193,149,38,2,0,12,23,24,27,31,30,31,31,30,30,22,8,0,0,0,0,0,0,0,0,0,0,0,0,50.636,69.564,102.912,130.828,172.218,207.339,218.992,186.623,154.979,107.054,61.759,42.94,44.804,62.476,87.431,126.433,170.44,205.11,207.235,181.455,153.964,104.339,56.829,34.326,49,52,48,48,49,47,50,51,46,46,50,52,-4.63,-8.09,-8.1,-10.7,-14.32,-20.57,-22.03,-19.26,-19.72,-13.83,-8.38,-3.13,15.3,23.6,34.3,26.2,-0.1,5.9,15.5,7.8,7.6,14.7,24.9,17,36,22,19,9,-27.6,20.8,29.5,10.1,36,3,0,2,318,896,1826,1092,952,380,8,284,3,72,640,189,42,81,92,82,1,0,0,0,161,406,613,324,125,384,594,315,51,48,49,48,-15.84,-33.12,-61.86,-41.93,16.1,26.8,5.1,21.6,71,22,367.6,1220.4,37,4140,1606,903,298,97,313,216,1,-19.6,45.5,8.2,1503,1418,49,-152.75,2518
1968,3440200,NA,35.098215,-120.579118,-9999,17.6,19.1,19.4,18.9,18.9,20.4,20.7,20.2,21.6,20.7,19.7,15.8,3.8,9.1,6.4,6.6,8.2,10.4,11.3,11.3,11.2,9.7,7.7,3.8,10.7,14.1,12.9,12.7,13.6,15.4,16,15.8,16.4,15.2,13.7,9.8,36,33,59,26,4,1,0,1,1,45,36,73,-54.9,11.6,19.3,22.2,19.1,22.9,38.2,30.5,40.5,18.8,-27.2,-44,4,1,2,1,0,0,0,0,0,0,1,5,164,237,228,228,269,311,342,335,342,318,248,143,232,120,168,169,151,96,75,85,77,107,142,251,0,7,0,0,0,16,14,15,30,6,1,0,25,28,30,29,30,30,31,31,30,31,29,25,0,0,0,0,0,0,0,0,0,0,0,0,53.338,59.296,91.048,104.332,114.487,117.565,117.815,104.395,93.92,75.709,56.164,44.293,17.817,26.322,32.205,78.106,110.246,116.736,117.772,103.354,92.877,31.082,20.191,0,57,69,60,62,67,69,71,72,68,66,63,58,-3.32,-3.36,-1.56,-4.52,-6.31,-7.04,-7.1,-6.66,-7.66,-3.06,-3.77,1.47,17.8,19.1,20.4,20.7,5.4,7.1,11,9.5,11.6,13.1,15.7,15.1,109,89,2,82,-29.1,20.2,30.5,10.7,10,2,0,1,549,724,989,908,597,489,256,327,7,0,45,36,77,88,92,90,0,0,0,0,160,310,340,226,51,221,338,144,61,63,71,66,-5.2,-12.39,-20.79,-14.49,13.9,16.4,9.8,6.6,314,7,76,2277.2,14,3165,1674,88,348,40,348,308,0,-8.6,35.5,8.1,1035,753,65,-52.88,1497
1968,3425410,NA,37.898448,-122.313558,-9999,13.2,16.9,18.5,20.3,19.2,22.7,21.8,21.4,23.3,21.1,16.5,12.5,4,9.5,8,7.9,9.4,11.9,12.4,13,12.8,9.8,8.6,4.8,8.6,13.2,13.2,14.1,14.3,17.3,17.1,17.2,18,15.5,12.5,8.7,149,68,78,13,7,1,0,3,1,21,72,107,-51.7,9,16.6,21.6,18.4,22.1,36.7,29.6,39.3,17.7,-25.6,-42.5,7,2,1,0,0,0,0,0,0,0,1,7,115,213,238,267,291,369,376,380,391,326,215,116,295,142,159,132,131,55,52,54,49,101,173,287,0,4,4,7,6,36,24,29,50,10,0,0,26,28,31,29,31,30,31,31,30,31,30,27,1,0,0,0,0,0,0,0,0,0,0,1,35.843,45.193,77.947,105.073,109.907,127.518,119.462,102.385,94.168,71.579,39.309,29.91,0,0,0,91.855,103.034,126.951,119.159,98.915,92.866,51.031,0,0,70,76,67,62,69,67,71,74,68,65,75,69,10.79,1.58,1.29,-6.42,-5.95,-8.34,-7.53,-6.72,-8.48,-5.75,2.02,7.01,14.7,19.3,22,20.3,6,8.4,12.5,10.4,10.4,13.9,17.2,15.3,270,98,4,94,-28.4,18.9,29.5,10.5,15,2,0,1,460,795,1125,932,705,422,160,322,4,17,89,61,80,91,92,91,2,0,0,0,115,293,349,205,0,195,345,144,72,66,71,69,19.38,-11.07,-22.59,-12.21,14.2,18,8.6,9.4,520,13,46.4,1441.3,19,3296,1629,172,354,25,352,327,2,-6.4,34.6,7.6,963,684,70,-26.48,1657
1968,231694,NA,36.950879,-122.066217,-9999,15.5,17.8,19,19.4,18.8,21.6,20.8,21.7,22.8,21,18.2,14.1,3,8,6.2,5.6,7.7,9.9,11.2,11.7,10.2,7.7,6.4,3.2,9.3,12.9,12.6,12.5,13.2,15.7,16,16.7,16.5,14.3,12.3,8.6,147,73,103,23,11,2,1,6,2,19,91,141,-53.7,10.9,18.8,23.1,17.7,23.2,37.2,29.1,39.2,17.7,-27,-43.4,6,2,2,1,0,0,0,0,0,0,1,7,130,203,218,219,259,322,341,363,346,291,208,114,275,150,177,177,160,87,76,65,75,130,178,288,0,3,0,0,0,19,14,23,31,2,0,0,23,28,29,28,30,30,31,31,30,30,28,24,1,0,0,0,0,0,0,0,0,0,0,1,44.701,53.008,86.342,106.453,113.822,127.7,117.673,110.911,99.88,77.311,49.466,37.057,0,0,0,83.432,102.729,126.113,116.423,105.246,97.532,58.377,0,0,60,69,60,58,65,64,70,69,62,59,63,61,9.13,1.27,3.04,-5.3,-5.66,-7.97,-7.05,-7.06,-8.66,-6.37,2.41,9.48,16.2,19.1,21.4,20.7,4.7,6.5,10.9,8.1,10.5,12.8,16.1,14.4,314,137,9,112,-28.8,19.9,29.9,10,14,3,0,1,461,696,1026,844,696,514,228,383,3,0,56,32,75,87,92,88,2,0,0,0,138,307,356,227,0,186,348,156,63,61,68,62,19.88,-7.92,-22.08,-12.62,13.4,16.7,8.6,8,619,22,37.8,760.4,19,3013,1838,91,341,56,336,280,2,-10.2,34.8,7.7,1028,690,64,-22.75,1390
1969,2275918,NA,37.42756,-122.17152,-9999,13,13.4,17.8,19.9,23.6,23.9,27.1,28.8,27,22.9,20.2,16.3,4.2,5,5.3,6.6,9.6,12,11.7,10.7,11.9,9.3,6.5,6.5,8.6,9.2,11.6,13.2,16.6,18,19.4,19.8,19.5,16.1,13.3,11.4,195,180,35,38,1,2,0,1,2,35,17,106,-51.5,10,18.4,22.5,11.5,25.5,27.7,24.7,38.3,17.1,-27.9,-43.6,7,6,2,1,0,0,0,0,0,0,1,3,117,117,192,241,361,388,446,458,434,345,240,188,295,243,203,155,74,45,20,19,32,86,152,209,0,0,0,4,24,45,64,75,76,17,4,2,26,25,28,29,31,30,31,31,30,31,28,30,2,1,0,0,0,0,0,0,0,0,0,0,35.844,42.55,81.435,106.376,141.266,136.94,163.233,162.091,118.074,81.369,54.229,38.143,0,0,46.671,67.881,140.124,135.093,162.799,161.49,116.545,46.506,37.444,0,71,72,61,59,58,64,55,49,56,59,58,69,15.5,13.78,-3.24,-3.89,-9.69,-9.17,-12.27,-14.32,-12.01,-5.84,-6.32,5,13.2,20.4,26.6,23.4,4.4,7.2,11.5,9.2,8.8,13.8,19,16.3,472,74,3,53,-28.4,17.4,26,9.2,20,3,0,1,350,795,1293,1018,827,433,84,270,0,28,184,96,77,88,92,89,3,0,0,0,112,329,462,254,0,255,459,200,71,59,56,58,34.28,-16.82,-35.76,-24.17,14.7,19.8,8.6,11.2,611,6,40.5,3563,20,3528,1533,311,349,38,346,308,4,-8.2,38.5,6.1,1157,915,61,-42.47,1875
1969,5504847,NA,37.6553,-122.0567,-9999,11.7,12.4,16.9,18.3,21.9,21.6,25.5,27.7,26.1,21.4,19.6,15.4,3.9,4.8,5.2,6.5,9.7,11.8,11.9,11.3,12.5,9.5,6.3,6.4,7.8,8.6,11,12.4,15.8,16.7,18.7,19.5,19.3,15.4,13,10.9,221,201,39,47,2,2,0,1,2,41,22,125,-50.6,9.5,17.6,21.2,14.5,23.9,30.5,25.7,38.8,17.7,-27.7,-43.3,9,7,3,1,0,0,0,0,0,0,1,4,99,105,179,217,336,350,426,450,428,325,229,175,319,259,217,178,92,68,26,21,34,102,162,219,0,0,0,1,16,28,50,69,72,12,3,2,25,25,28,28,31,30,31,31,30,31,28,30,3,1,0,0,0,0,0,0,0,0,0,0,32.4,39.392,76.854,97.408,128.277,119.607,150.429,152.548,110.873,73.753,52.13,35.36,0,0,37.472,50.33,126.752,117.483,149.949,151.677,108.84,32.622,30.25,0,74,75,63,63,63,70,60,53,60,64,59,71,18.75,16.38,-2.3,-2.11,-8.33,-7.44,-10.81,-13.03,-10.96,-4.02,-5.49,7.36,12.2,19,24.9,22.3,4.2,7.1,11.7,9.5,8.2,13.1,18.3,15.9,526,88,3,65,-28.1,17.8,26.7,9.6,24,4,0,1,308,732,1226,982,884,487,116,297,0,18,147,86,75,87,92,89,5,0,0,0,103,303,423,237,0,215,419,172,73,63,61,61,42.49,-12.74,-31.28,-20.46,14.1,19.5,7.8,11.7,703,7,34.3,2774.7,24,3319,1696,252,348,38,348,310,6,-9,37.1,6.5,1065,805,65,-21.99,1694
1969,1176,NA,34.03974,-118.589581,-9999,18,16.1,19.2,20,20.8,19.8,24.4,26.5,25,22.9,23.2,19.6,10.1,7.8,8,10.8,13.3,14.3,16.2,17.1,16,12.2,11.7,9.3,14.1,11.9,13.6,15.4,17.1,17,20.3,21.8,20.5,17.5,17.4,14.5,306,211,21,19,1,1,0,1,1,1,43,5,-53,10.8,18,19.2,22.5,20,38.5,31,41.7,19,-27.6,-44.4,2,3,1,0,0,0,0,0,0,0,0,1,268,181,253,307,374,360,474,519,465,388,361,280,137,175,150,99,66,61,13,8,23,59,61,128,12,1,6,15,28,32,85,122,98,33,39,15,31,28,31,30,31,30,31,31,30,31,30,31,0,0,0,0,0,0,0,0,0,0,0,0,47.268,51.917,88.513,99.551,107.478,92.492,125.129,127.931,99.717,82.395,63.936,50.212,0,0,67.495,80.434,106.023,91.62,124.941,126.656,98.965,81.603,21.314,45.513,75,73,65,71,77,83,75,72,73,67,65,67,24.89,15.86,-4.89,-4.91,-6.41,-5.42,-8.29,-9.69,-8.81,-8.38,-4.59,-6.46,17.3,20,23.6,23.7,8.4,10.7,15.8,13.3,12.8,15.3,19.7,18.5,550,42,2,44,-28.9,19.9,29.8,11,7,2,0,0,668,934,1353,1214,493,314,82,143,18,48,239,169,90,92,92,91,1,0,0,0,146,296,346,246,14,254,343,202,72,71,77,69,34.29,-16.2,-23.4,-21.78,16.8,21.8,11.9,9.8,610,5,43.9,4791.4,7,4230,979,485,365,0,361,361,1,0.7,38.9,8,1034,813,72,-27.1,2467
1969,3904095,NA,34.533002,-117.283871,-9999,15.2,12.8,18.2,22.7,28.8,30,36.2,38.2,33.8,23.9,19.5,15.9,1.7,-0.1,1.5,5.5,10.5,13,17.2,17.7,13.8,5.7,2.9,-0.3,8.4,6.3,9.9,14.1,19.7,21.5,26.7,28,23.8,14.8,11.2,7.8,54,75,9,7,12,4,6,1,5,1,11,2,-53.7,13.9,21.9,25.6,12.8,29.3,28.9,28.9,40.4,17.9,-27.7,-44.4,8,12,4,0,0,0,0,0,0,0,2,9,125,72,162,273,453,493,670,710,563,306,187,107,300,323,255,132,29,12,1,0,8,117,206,314,0,0,1,13,76,110,269,310,174,15,2,0,20,13,19,27,31,30,31,31,30,28,22,14,1,2,0,0,0,0,0,0,0,0,0,0,49.649,51.718,94.531,129.458,179.696,182.325,220.822,217.235,159.844,98.087,62.192,48.864,0,0,85.518,122.627,167.954,178.569,215.123,215.948,155.183,97.235,50.803,47.148,57,58,49,49,49,52,49,46,46,47,50,50,-0.36,3.32,-7.38,-10.27,-14.56,-15.92,-22.94,-26.81,-20.7,-11.9,-7.84,-5.95,13.6,23.3,34.8,25.7,-0.3,5.8,16,7.5,6.6,14.5,25.4,16.6,137,28,11,17,-28.1,20.1,29.1,10.2,38,4,0,2,253,888,1874,1056,1019,416,13,330,0,90,689,192,41,78,92,80,2,0,0,0,144,404,620,320,34,376,610,303,55,49,49,48,-2.99,-32.21,-65.67,-40.44,16,28,6.3,21.7,186,27,140.2,1030.9,35,4122,1696,972,297,91,311,220,2,-19.6,45.5,7.8,1488,1323,50,-141.3,2508
1969,3440200,NA,35.098215,-120.579118,-9999,16.2,14.8,17.6,17.8,18.9,18.1,20,21.5,20.9,21.2,22,18.4,6.6,5.6,5,7.2,9.5,11.5,11.6,11.2,11.6,8.5,7.5,5.2,11.4,10.2,11.3,12.5,14.2,14.8,15.8,16.4,16.3,14.8,14.8,11.8,274,210,25,55,2,1,0,1,3,11,27,27,-53.1,11.2,19,20.5,20.1,21.8,39.5,30,40.6,18.5,-28.2,-44.6,3,4,3,1,0,0,0,0,0,0,0,3,181,136,182,220,288,293,336,353,338,306,280,193,207,215,210,176,133,110,80,71,80,116,115,198,0,0,0,0,3,12,13,20,28,3,7,0,30,26,28,29,31,30,31,31,30,30,29,28,1,1,0,0,0,0,0,0,0,0,0,0,45.751,49.668,85.255,95.438,109.947,93.807,111.135,113.863,88.305,80.551,63.887,49.746,0,0,59.879,40.042,107.626,92.715,111.054,112.97,85.005,69.852,37.092,22.316,69,70,60,67,70,79,74,68,71,61,56,62,21.88,16.06,-4.12,-0.72,-6.2,-5.2,-6.55,-7.59,-6.8,-7.13,-6.39,-4.34,15.6,18.1,19.9,21.4,5.3,7.2,11.4,9.2,10.5,12.7,15.6,15.3,557,83,2,41,-28.9,19.9,30.4,10.3,13,3,0,1,460,690,982,925,674,520,262,311,0,3,45,38,81,87,92,89,2,0,0,0,140,291,319,233,0,208,317,192,67,66,74,63,33.61,-11.04,-19.33,-20.31,13.7,16.4,10.2,6.2,638,8,37.1,2128.3,15,3108,1714,86,353,26,347,321,2,-8.6,35.5,7.9,982,716,67,-17.08,1443
1969,3425410,NA,37.898448,-122.313558,-9999,11.7,12.9,17.2,17.9,20.5,19.2,21.8,24.4,23.8,20.9,19.7,15.6,4.8,6,6.3,7.7,10.7,12.6,12,11.6,12.9,10.5,7.6,7.7,8.3,9.4,11.8,12.8,15.6,15.9,16.9,18,18.3,15.7,13.6,11.7,226,201,36,51,1,1,0,1,1,44,19,139,-50.1,8.9,17,19.8,17.4,22.1,36.3,27.5,39.2,17.9,-27.5,-43,8,5,2,1,0,0,0,0,0,0,1,3,107,122,196,227,329,326,370,403,399,331,248,193,306,236,198,169,98,85,55,40,45,96,144,202,0,0,0,2,14,20,22,40,54,12,5,3,27,27,29,29,31,30,31,31,30,31,29,31,3,1,0,0,0,0,0,0,0,0,0,0,30.437,38.391,75.936,91.588,114.227,95.806,121.004,128.779,96.31,69.175,50.513,33.626,0,0,39.591,40.405,112.905,94.329,120.701,128.257,95.04,25.214,31.43,0,77,77,65,68,69,79,70,62,67,68,62,74,19.33,16.27,-2.53,-1.13,-7,-5.53,-7.64,-9.77,-8.8,-3.06,-5.51,8.99,12.4,18.5,21.8,21.4,5.2,8.2,12.1,10.3,8.8,13.4,16.9,15.9,534,89,2,64,-28.1,18.1,28.6,9.9,20,3,0,1,345,752,1099,978,829,464,180,286,0,16,82,71,81,90,92,90,4,0,0,0,99,282,346,216,0,193,343,152,76,67,70,66,44.58,-10.67,-22.94,-17.37,14,18.3,8.3,10.1,721,5,33.3,3740.5,20,3251,1674,172,356,18,355,337,4,-6.4,34.6,7.1,942,688,70,-6.39,1610
1969,231694,NA,36.950879,-122.066217,-9999,14.3,13.7,17.9,17.6,19.7,19.5,20.9,22.3,22.3,21,21,17.1,3.8,4.4,4.6,6,8.6,11,10.8,9.6,10.7,8.3,5.9,5.7,9,9.1,11.3,11.8,14.2,15.2,15.8,15.9,16.5,14.7,13.5,11.4,356,298,52,67,3,5,1,1,3,38,31,130,-52.6,10.8,19.1,21.3,16.9,23.2,36.8,28.2,39.4,17.8,-28.3,-44.1,7,6,3,1,0,0,0,0,0,0,1,3,123,111,180,199,288,307,337,340,346,301,241,185,282,246,212,195,134,99,79,81,75,121,148,208,0,0,0,0,4,15,13,16,31,3,1,0,25,24,27,28,30,30,31,31,30,30,28,29,3,2,0,0,0,0,0,0,0,0,0,0,40.499,45.179,83.784,95.671,117.226,106.767,119.767,122.975,96.052,76.416,58.267,42.088,0,0,31.307,28.384,114.465,102.171,118.638,121.995,93.432,38.728,26.797,0,66,70,59,63,66,73,69,61,65,61,54,65,30.85,25.42,-1.61,0.29,-6.87,-5.86,-7.22,-8.66,-8.14,-4.37,-5.53,6.77,14,18.4,20.9,21.5,3.8,6.4,10.5,8.3,8.9,12.4,15.7,14.9,794,123,7,72,-28.7,19.1,29.4,9.6,19,4,0,1,347,667,984,887,817,540,259,345,0,4,44,35,73,86,92,87,5,0,0,0,123,297,350,231,0,174,343,159,67,63,68,60,63.03,-8.19,-21.73,-18.04,13.2,16.5,9,7.5,984,12,23.6,1366.7,20,2957,1880,84,343,49,339,290,6,-10.2,34.8,7.4,1000,676,64,15.07,1344
1970,2275918,NA,37.42756,-122.17152,-9999,15.2,18.4,19.6,19.9,24.6,25,27.2,26.5,28.7,21.7,18,13.3,7.1,6.5,6.5,5.2,9.4,10.9,11.7,11.3,10.4,8.6,8.1,4.9,11.2,12.4,13.1,12.6,17,17.9,19.4,18.9,19.6,15.1,13.1,9.1,176,45,43,6,1,4,0,1,1,17,147,142,-52.1,12.1,18.9,23.8,9.8,26.5,27.6,26.3,37.5,17.5,-26.5,-42.8,4,2,2,1,0,0,0,0,0,0,1,6,179,193,236,221,372,388,448,430,437,315,232,128,214,162,163,175,67,45,19,28,31,109,159,273,2,2,4,1,28,45,65,56,78,8,2,0,31,27,30,27,31,30,31,31,30,30,30,28,1,0,0,0,0,0,0,0,0,0,0,1,37.746,56.884,87.714,109.88,148.893,149.033,164.089,145.01,130.289,77.632,45.505,32.597,0,11.867,44.521,103.831,147.441,145.05,163.68,144.299,129.506,60.178,0,0,74,63,60,55,55,58,55,56,49,60,69,69,12.71,-2.32,-3.29,-7.5,-10.55,-10.23,-12.38,-11.77,-14.26,-6.84,8.52,10.04,16.6,21.4,26.2,22.8,6.7,7,11.3,9,11.7,14.2,18.8,15.9,327,51,5,165,-27.6,17.5,26.8,9.5,9,2,0,1,559,829,1266,984,584,405,93,299,7,33,165,88,88,87,92,90,1,0,0,0,133,346,458,253,12,296,453,190,68,57,56,59,20.43,-21.34,-34.39,-12.58,14.9,19.6,9.1,10.5,584,7,42.7,2667.1,15,3578,1445,291,354,35,345,310,1,-8.2,38.5,6.5,1191,950,60,-47.88,1894
1970,5504847,NA,37.6553,-122.0567,-9999,14.4,17.3,18.7,18.3,22.8,23.1,25.6,24.9,27.1,20.7,17.6,12.3,6.8,6.3,6.5,5.1,9.6,11,11.9,11.4,11,8.9,8.4,5,10.6,11.8,12.6,11.7,16.2,17.1,18.8,18.1,19,14.8,13,8.6,215,48,50,8,2,8,0,1,1,19,190,162,-51.5,11.5,18.1,22.5,12.9,24.8,30.3,27.3,38.3,17.8,-26.3,-42.4,4,3,2,1,0,0,0,0,0,0,1,7,166,175,220,197,348,361,428,408,421,305,229,116,233,179,177,197,83,60,26,38,36,118,161,288,1,1,2,0,19,32,51,42,67,6,2,0,30,27,30,27,31,30,31,31,30,31,30,28,1,0,0,0,0,0,0,0,0,0,1,1,35.49,53.226,82.803,100.691,135.137,134.628,151.268,133.624,119.866,72.081,43.517,29.392,0,4.968,32.732,92.828,133.485,126.671,150.795,132.658,118.891,52.618,0,0,75,65,62,59,60,63,60,60,54,64,71,71,16.89,-1.45,-2.05,-6.34,-9.05,-8.31,-10.91,-10.36,-12.5,-5.85,13.09,12.64,15.7,19.9,24.6,21.8,6.5,7.1,11.4,9.4,11.1,13.5,18,15.6,388,60,9,211,-27.5,17.8,27.5,9.9,11,3,0,1,515,765,1197,955,631,458,124,315,3,22,126,76,87,87,92,90,1,0,0,1,124,319,420,235,5,259,410,172,70,60,61,63,28.08,-17.44,-29.58,-5.27,14.4,19,8.6,10.4,705,12,34.6,1583.9,18,3374,1597,225,354,34,347,313,1,-9,37.1,6.9,1098,846,64,-24.2,1715
1970,1176,NA,34.03974,-118.589581,-9999,18.3,20.8,20,19.3,22.1,22.4,25.3,25.9,25.5,22.7,21.2,17.3,9.5,9.9,9.3,8.8,12.4,14.3,16.1,16.5,14.2,13,11,8.1,13.9,15.4,14.6,14,17.3,18.3,20.7,21.2,19.9,17.8,16.1,12.7,47,88,75,1,1,1,0,1,1,1,123,122,-53.4,12.4,17.5,20.5,19.6,21.8,37.2,31.1,41.5,19.2,-27,-43.9,2,1,1,0,0,0,0,0,0,0,0,2,262,277,284,266,381,400,487,503,445,397,321,226,141,92,122,134,62,39,11,10,28,54,86,174,10,15,11,6,30,52,96,110,83,36,21,5,31,28,31,30,31,30,31,31,30,31,30,31,0,0,0,0,0,0,0,0,0,0,0,0,49.465,66.297,89.28,101.658,123.238,116.199,133.928,126.05,110.283,79.329,58.126,44.853,2.06,0,14.771,100.475,122.414,115.453,133.859,124.789,109.543,77.943,0,0,72,66,67,67,70,75,72,72,66,70,68,68,-1.3,1.16,0.28,-6.75,-7.75,-7.31,-9.14,-9.4,-10,-7.94,4.73,6.44,19.6,20.5,24.6,23.1,9.6,10.2,15.6,12.7,14.6,15.3,20.1,17.9,140,77,2,125,-28.3,19.2,30,11.2,4,1,0,0,817,931,1390,1163,361,318,60,168,40,46,257,140,90,92,92,91,0,0,0,0,166,314,376,248,48,238,374,187,69,68,73,68,6.3,-14.23,-25.85,-13.21,16.8,21.2,12.7,8.5,461,4,58.2,5835.2,7,4248,951,475,365,1,362,361,0,0.7,38.9,8,1104,847,70,-46.99,2489
1970,3904095,NA,34.533002,-117.283871,-9999,14.9,18.4,19.2,20.7,28.9,33.1,37.7,37.1,32.2,25.1,20.3,12.8,-0.2,2.4,2.8,3.1,10.1,13.7,18,17.8,11.1,6.8,2.8,-1.7,7.3,10.4,11,11.9,19.5,23.4,27.9,27.5,21.7,15.9,11.6,5.6,4,17,25,3,1,1,3,6,1,1,29,31,-53.9,15.3,21.7,26.2,12.6,29.8,28,29.4,40.6,17.7,-27.9,-43.7,10,4,3,1,0,0,0,0,0,0,1,16,100,157,194,208,448,551,707,694,500,340,199,63,334,210,217,193,31,5,0,0,16,90,197,382,0,1,3,5,74,166,306,293,126,24,3,0,14,20,23,23,31,30,31,31,30,29,22,10,0,0,0,0,0,0,0,0,0,0,0,1,50.469,67.185,97.497,122.117,181.166,204.073,230.959,208.579,156.106,101.603,64.642,42.314,46.574,50.47,72.823,118.745,180.016,202.8,227.686,203.074,155.307,100.742,36.133,10.877,52,51,50,47,47,47,48,49,43,47,48,50,-5.05,-6.62,-6.34,-9.53,-15.82,-20.04,-25.47,-24.37,-19.84,-12.71,-6.74,-0.91,16.4,23,36,25.9,0.6,5.4,16.5,6.9,8.5,14.2,26.2,16.4,22,29,10,30,-27.5,20.1,29,10.1,23,4,0,1,365,850,1952,1038,858,440,6,303,1,82,765,153,48,77,92,81,0,0,0,0,167,401,644,322,144,372,634,292,51,48,48,46,-12.57,-31.69,-69.88,-39.29,16.1,27.9,5.6,22.3,121,12,215.2,2321.4,35,4161,1675,1001,295,103,306,203,0,-19.6,45.5,8,1533,1442,49,-153.42,2539
1970,3440200,NA,35.098215,-120.579118,-9999,17.7,19.3,19.4,18.1,20,19.4,21,20.9,22.3,20.2,19.9,15.8,6.9,6.6,6.1,4.6,8.7,10.4,11.1,11,9.4,8.3,7.8,4.9,12.3,12.9,12.7,11.4,14.3,14.9,16,15.9,15.9,14.2,13.8,10.4,96,51,54,5,1,2,0,1,1,4,106,106,-54.1,13.3,19.5,23.3,17.9,23.3,37.6,30.2,40.2,18.8,-27.3,-43.9,3,2,2,1,0,0,0,0,0,0,1,4,208,203,222,189,292,296,343,339,326,288,251,156,184,149,173,207,129,107,75,81,88,132,139,235,3,2,0,0,4,13,14,16,25,0,0,0,30,27,29,26,30,30,31,31,29,30,29,28,0,0,0,0,0,0,0,0,0,0,0,0,49.843,64.135,91.634,103.839,120.318,109.763,120.947,110.343,103.064,76.641,56.664,43.073,0,12.885,37.998,99.014,119.206,108.192,120.903,109.394,102.042,72.747,0,0,66,61,59,58,65,72,69,69,61,63,63,59,3.28,-2.22,-2.15,-6.53,-7.19,-6.28,-7.35,-7.21,-8.72,-7.17,3.16,4.93,18.4,19.1,20.4,20.8,6.2,6.5,10.8,8.5,12.3,12.8,15.6,14.6,174,60,3,111,-28.2,20.2,30.4,10.6,8,3,0,1,603,703,979,865,532,509,263,360,4,4,43,25,86,86,92,89,0,0,0,0,164,316,341,236,35,256,338,175,62,61,70,62,5.99,-15.87,-20.85,-12.73,13.7,16,10.4,5.7,426,5,55.7,3411.7,13,3113,1701,76,352,41,340,299,0,-8.6,35.5,8.2,1057,805,64,-43.46,1443
1970,3425410,NA,37.898448,-122.313558,-9999,14.4,17.8,19.1,18,21.6,20.8,22,21.5,24.6,19.9,17.6,12.5,8.1,7.6,7.9,6.3,10.3,11.5,12.1,11.5,11.4,9.6,9.7,6.1,11.3,12.7,13.5,12.2,15.9,16.1,17,16.5,18,14.8,13.7,9.3,253,52,42,6,2,7,0,1,1,22,176,155,-50.8,10.9,17.2,21.2,15.2,23.2,36.1,29,38.8,18.1,-25.9,-42.1,4,2,1,1,0,0,0,0,0,0,1,6,180,199,247,209,340,334,373,357,391,304,248,131,211,155,151,185,90,79,53,68,49,118,143,268,2,3,5,0,16,22,23,21,50,5,4,0,31,28,31,28,31,30,31,31,30,31,30,30,1,0,0,0,0,0,0,0,0,0,0,1,32.762,52.449,81.463,96.02,123.67,113.905,121.966,109.783,105.259,67.031,40.89,27.908,0,0.522,39.925,90.349,122.059,106.548,121.67,109.198,103.979,44.647,0,0,79,68,65,63,65,71,70,69,61,68,75,75,21.03,-1.04,-2.8,-6.07,-7.85,-6.32,-7.73,-7.58,-10,-4.81,12.02,11.86,16,19.6,21.4,20.7,7.8,8.2,11.7,10.2,11.9,13.9,16.6,15.5,444,49,8,200,-27.3,17.9,29.4,10.4,9,2,0,1,570,795,1064,942,568,426,201,311,6,22,67,59,90,90,92,91,1,0,0,0,119,301,346,213,1,252,337,149,74,65,70,68,31.85,-16.72,-21.64,-2.78,14.2,18,9.3,8.7,716,11,33.9,1619.6,15,3311,1571,151,361,14,354,339,1,-6.4,34.6,7.6,979,739,69,-9.29,1632
1970,231694,NA,36.950879,-122.066217,-9999,15.6,18.8,19.7,17.7,20.8,20.2,21.1,20.8,24.8,19.6,18.6,14.4,6.3,5.7,5.7,4.3,8.4,9.7,10.7,10.6,9.2,7.5,7,4.2,11,12.2,12.7,11,14.6,14.9,15.9,15.7,17,13.6,12.8,9.3,258,81,80,14,3,7,1,1,2,20,229,186,-52.7,12.9,19.7,22.9,15.1,24.2,36.3,29.2,38.6,18.2,-27.1,-43.4,4,2,2,1,0,0,0,0,0,0,1,6,171,184,220,179,300,297,339,333,360,268,221,130,223,167,175,215,122,106,78,86,66,150,166,267,0,0,1,0,7,13,13,15,36,0,0,0,30,26,29,26,30,30,31,31,29,30,29,26,1,0,0,0,0,0,0,0,0,0,1,1,40.947,60.044,90.527,99.991,125.309,117.607,121.912,109.194,113.308,71.839,49.801,36.797,0,0,10.821,86.288,122.62,110.754,120.817,108.089,111.797,51.417,0,0,70,59,57,58,62,68,68,68,54,63,64,64,20.54,0.86,0.16,-5.47,-7.64,-6.46,-7.41,-7.24,-10.74,-5.3,16.17,13.74,17.2,19.4,20.7,21,5.9,6.1,10.3,7.9,11.5,12.8,15.5,14.4,468,96,9,251,-27.7,19.3,29.9,9.9,10,3,0,1,540,700,969,849,599,512,271,382,0,8,41,36,85,85,92,88,1,0,0,1,143,316,349,235,0,220,340,163,64,59,68,60,35.15,-12.95,-21.12,0.13,13.4,17,9.3,7.7,880,13,26.6,1282.6,16,3004,1822,85,346,50,335,285,2,-10.2,34.8,7.8,1043,723,63,1.21,1362
1971,2275918,NA,37.42756,-122.17152,-9999,14.7,16,17.5,19,20.9,25.1,26.6,28,28.2,22.2,17.7,12.4,4.5,4.6,5.4,6.1,8.4,10.3,11.5,12.9,11.9,7,5.3,2.8,9.6,10.3,11.4,12.5,14.7,17.7,19.1,20.4,20,14.6,11.5,7.6,32,13,57,23,5,1,1,1,6,4,35,107,-52.7,11.9,18.1,22.3,14.8,24.3,28.3,25.7,37.9,17.1,-27,-42.9,6,4,2,1,0,0,0,0,0,0,1,9,143,145,191,220,302,380,437,479,451,299,187,94,265,211,207,175,121,49,23,14,27,122,199,319,0,0,0,2,9,41,57,91,87,7,0,0,27,25,28,28,30,30,31,31,30,29,27,23,0,0,0,0,0,0,0,0,0,0,0,1,40.088,51.744,79.971,102.725,125.918,151.722,160.367,151.07,124.925,82.053,48.458,32.719,8.001,38.297,23.24,79.784,120.765,151.175,159.835,149.652,119.421,78.372,12.958,0,67,64,62,60,62,56,56,56,53,55,61,72,-1.83,-4.49,-0.85,-5,-7.53,-10.85,-11.87,-12.74,-12.86,-8.96,-3.09,6.97,14.7,19.1,26.6,22.7,4.7,6.6,11.6,8.1,9.7,12.9,19.1,15.4,188,85,2,45,-27.9,18.4,26.1,9.3,16,3,0,2,419,713,1296,938,749,503,86,347,0,11,189,94,79,87,92,86,1,0,0,0,124,309,463,255,46,224,461,211,68,61,56,56,0.65,-13.39,-35.47,-24.91,14.1,20.4,7.6,12.8,284,13,85,1554.4,24,3330,1731,294,339,55,337,282,1,-8.2,38.5,6.5,1152,941,60,-73.11,1706
1971,5504847,NA,37.6553,-122.0567,-9999,13.4,15,16.4,17.5,18.9,23,25.1,26.4,26.7,21.2,17.3,11.8,4.3,4.3,5.2,6,8.4,10.2,12,13.2,12.3,7.5,5.4,2.8,8.8,9.7,10.8,11.7,13.6,16.6,18.5,19.8,19.5,14.4,11.4,7.3,38,15,69,33,9,1,1,1,5,4,38,113,-51.8,11.5,17.3,21,18.3,22.7,31.1,27,38.5,17.4,-26.8,-42.6,7,5,3,1,0,0,0,0,0,0,1,10,124,130,174,197,270,348,420,459,436,292,183,87,289,229,224,197,150,69,29,19,31,129,202,330,0,0,0,0,4,27,46,76,77,5,0,0,26,24,28,28,30,30,31,31,30,30,27,23,0,0,0,0,0,0,0,0,0,0,0,1,36.482,48.699,74.714,93.933,111.304,136.184,147.255,137.961,115.198,76.989,46.876,30.924,0,33.72,5.46,60.55,102.413,135.215,146.712,136.477,110.233,73.116,8.78,0,70,65,64,64,67,61,61,61,58,58,62,76,-0.47,-3.8,0.95,-3.09,-5.83,-9.11,-10.43,-11.08,-11.39,-8.19,-2.65,7.9,13.6,17.6,24.8,21.8,4.5,6.5,11.8,8.4,9,12.1,18.3,15.1,215,112,3,47,-27.6,18.9,26.9,9.7,19,4,0,2,372,641,1227,911,806,571,116,362,0,4,149,82,78,86,92,87,1,0,0,0,115,280,421,239,34,168,418,192,70,65,61,60,3.63,-7.97,-30.62,-22.22,13.5,19.8,7.3,12.5,327,17,71.9,1175.9,28,3119,1898,235,338,55,338,283,2,-9,37.1,7,1055,813,64,-57.18,1542
1971,1176,NA,34.03974,-118.589581,-9999,19.1,19.3,19.6,19,18.6,21.5,25,27.3,25.7,23.3,20.8,15.6,7.8,7.9,8.6,8.9,11.3,13.4,16.1,18.2,16,11.8,9.3,6.7,13.5,13.6,14.1,14,14.9,17.4,20.5,22.7,20.9,17.6,15.1,11.1,23,23,16,15,8,1,0,1,3,7,10,163,-54.7,12.7,17.8,20.1,23.9,20,37.6,31,41.6,18.9,-27.2,-43.6,2,2,1,0,0,0,0,0,0,0,0,3,252,230,272,265,310,373,480,549,476,389,293,183,153,132,135,135,114,53,12,5,20,58,109,216,9,7,10,7,10,38,90,148,106,35,15,2,31,28,31,30,31,30,31,31,30,31,30,30,0,0,0,0,0,0,0,0,0,0,0,0,55.473,63.998,89.306,99.518,100.014,113.216,130.632,128.373,104.707,85.514,59.759,41.952,32.639,40.726,73.74,84.357,92.407,112.68,130.566,127.19,102.166,78.992,50.233,0,65,65,66,68,77,75,73,73,71,65,65,71,-4.74,-4.74,-5.57,-5.15,-4.98,-6.96,-8.81,-9.94,-9.3,-8.28,-6.81,11.06,18.6,19.1,24.6,23.3,8,9.6,15.9,12.4,13.3,14.4,20.2,17.8,169,38,2,19,-28.5,20.6,29.5,11.1,6,2,0,0,711,847,1402,1157,458,384,70,187,23,27,276,155,90,92,92,91,0,0,0,0,164,289,372,250,73,251,370,231,67,70,74,67,1.58,-15.71,-25.71,-24.39,16.3,22.7,11.1,11.6,267,12,98.3,1904.2,9,4071,1142,476,364,1,361,360,0,0.7,38.9,8.2,1075,926,69,-64.23,2314
1971,3904095,NA,34.533002,-117.283871,-9999,15.8,17.5,20.8,22,24.4,32.1,37.2,37.1,32.7,24.4,18.7,11.2,-1.4,0.2,2.7,4.3,7.9,13,17.4,18.1,12.7,4.7,1.2,-2.7,7.2,8.9,11.7,13.1,16.1,22.5,27.3,27.6,22.7,14.5,10,4.3,4,6,4,5,8,1,3,4,1,6,2,40,-54.6,16,22.8,26.1,16.3,28.1,28.2,29.4,40.7,17.7,-27.5,-43.4,11,6,2,1,0,0,0,0,0,0,2,22,98,124,214,245,346,525,690,698,530,297,160,44,338,252,199,159,85,8,0,0,11,125,242,423,0,0,5,9,27,141,289,297,150,15,0,0,11,14,23,26,30,30,31,31,30,27,18,8,0,0,0,0,0,0,0,0,0,0,0,2,53.613,66.131,105.25,127.404,154.475,198.266,228.582,207.106,155.833,101,61.096,39.107,49.827,59.805,101.223,122.527,145.975,197.427,225.223,203.082,154.649,94.544,59.549,0,46,47,46,48,52,48,48,50,46,44,47,53,-5.58,-6.85,-9.63,-10.14,-11,-18.92,-24.83,-24.26,-19.91,-11.96,-8.55,0.8,15.4,22.4,35.4,25.3,-1,4.9,16.2,6.2,7.2,13.7,25.8,15.7,42,17,8,9,-27.3,21.8,28.6,10.3,33,3,0,3,286,805,1913,988,973,443,9,377,0,41,727,165,36,79,92,75,1,0,0,0,162,387,634,318,121,370,626,309,49,49,48,46,-11.62,-30.76,-68.01,-40.42,15.5,27.6,4.3,23.3,85,18,301.5,1540.3,45,3971,1842,934,278,109,302,193,1,-19.6,45.5,8.3,1501,1425,48,-150.81,2379
1971,3440200,NA,35.098215,-120.579118,-9999,17.2,17.7,18.2,17.4,16.6,19.1,20.3,21.8,21.8,20.4,18.9,14.5,4.2,4.5,4.8,5.7,7.9,9.7,11.2,13.2,11.2,7,5.4,3.1,10.7,11.1,11.5,11.5,12.2,14.4,15.7,17.5,16.5,13.7,12.1,8.8,29,9,18,27,24,1,0,1,2,7,33,108,-54.5,13.7,19.7,21.7,22.5,21.3,38.8,30.3,40.4,18.6,-27.3,-43.7,4,3,2,1,0,0,0,0,0,0,1,7,168,160,190,193,229,282,334,387,346,273,204,119,231,197,205,203,188,119,82,49,75,146,182,284,0,0,0,0,0,10,12,32,31,0,0,0,26,24,27,28,30,30,31,31,30,29,27,24,0,0,0,0,0,0,0,0,0,0,0,1,51.867,61.567,88.669,97.453,98.73,111.246,114.703,107.901,95.117,80.034,56.866,41.633,23.256,52.422,71.079,70.037,74.717,110.281,114.659,107.025,92.864,72.686,24.064,0,59,59,58,63,72,70,72,73,68,59,58,65,-3.72,-5.9,-5.32,-3.64,-3.01,-6.41,-6.82,-7.2,-7.69,-7.3,-4.13,5.86,16.9,17.4,20.4,20.4,4.5,6.1,11.3,7.9,10.7,11.8,15.9,14.1,144,69,2,42,-28.2,21.3,30.1,10.6,12,4,0,1,487,611,1003,823,662,596,250,403,0,0,55,31,78,85,92,86,0,0,0,0,157,285,334,232,76,216,332,190,61,64,72,62,-3.76,-11.97,-20.43,-19.12,13,17.5,8.8,8.7,259,28,88.9,620.6,19,2883,1960,86,337,58,335,277,1,-8.6,35.5,8.5,1007,813,65,-55.27,1262
1971,3425410,NA,37.898448,-122.313558,-9999,13.6,15.7,16.7,17.1,17.8,20.6,21.6,23.1,24.5,20.8,17.5,12.2,5.6,5.5,6.4,7.1,9.3,10.8,12.1,13.3,12.6,8.2,6.6,3.9,9.6,10.6,11.6,12.1,13.5,15.7,16.8,18.2,18.6,14.5,12.1,8,47,13,71,26,7,1,0,1,6,4,44,103,-51.4,11,16.5,19.6,20.8,21.2,36.8,28.8,39,17.6,-26.7,-42.5,6,4,2,1,0,0,0,0,0,0,1,8,140,149,192,207,268,321,367,409,407,296,202,102,266,203,203,187,152,88,57,37,42,126,185,306,0,0,0,0,2,18,21,43,59,5,0,0,28,26,30,29,31,30,31,31,30,30,28,26,0,0,0,0,0,0,0,0,0,0,0,1,34.763,48.623,73.216,88.23,99.754,115.926,119.039,113.224,101.23,73.311,45.441,30.179,0,36.109,1.803,62.648,92.657,115.188,118.698,112.35,95.555,69.789,1.663,0,74,67,67,68,73,70,71,70,64,61,66,79,0.38,-4.22,1.29,-3.33,-5.06,-7.1,-7.45,-8.12,-9.06,-7.63,-1.88,6.75,13.9,17.2,21.7,20.9,5.7,7.6,12.1,9.1,9.8,12.4,16.9,15,214,104,2,53,-27.6,18.9,28.9,10,15,3,0,1,421,667,1097,904,737,542,183,352,0,2,83,63,84,89,92,88,1,0,0,0,111,261,348,220,36,157,346,167,73,70,70,64,2.91,-7.09,-22.67,-18.57,13.4,18.6,8,10.5,321,15,73,1260.3,22,3059,1852,148,349,30,346,316,2,-6.4,34.6,7.5,941,706,69,-45.42,1449
1971,231694,NA,36.950879,-122.066217,-9999,15.8,16.5,17.8,16.7,17.2,20.5,20.4,22.3,23.9,20,18.2,13,3.5,4,4.5,5.3,7.6,9.1,10.4,11.9,10.7,6,4.4,2.4,9.7,10.3,11.2,11,12.4,14.8,15.4,17.1,17.3,13,11.3,7.7,50,27,68,40,11,1,1,2,9,6,72,162,-53.8,12.7,19.1,21.2,20.3,22,37.3,28.8,39,17.9,-27.4,-43.2,6,4,3,1,0,0,0,0,0,0,1,9,141,141,180,179,233,293,323,375,370,250,180,93,263,212,214,216,185,110,91,57,60,166,203,317,0,0,0,0,0,12,10,27,40,0,0,0,24,23,27,27,30,30,31,31,30,28,25,22,0,0,0,0,0,0,0,0,0,0,0,2,44.89,54.966,83.607,92.187,102.709,121.838,117.488,114.682,104.967,75.784,51.828,35.366,0,28.21,15.446,52.107,92.009,120.734,116.053,112.33,95.755,70.214,0,0,61,60,59,64,69,65,69,68,61,57,57,67,-0.8,-3.53,-0.02,-2.05,-4.73,-7.39,-6.95,-7.8,-8.77,-7.36,0.08,12.16,15.6,17.2,21,20.7,3.9,5.8,10.5,7,9.8,11.5,15.7,13.9,262,119,5,87,-28.1,20.2,29.4,9.8,15,4,0,2,415,591,991,799,742,614,257,430,0,0,50,40,74,84,92,83,1,0,0,0,137,279,354,233,28,160,349,166,63,64,67,58,7.83,-6.8,-22.14,-16.05,12.6,17.3,7.7,9.6,448,25,50.4,698.1,25,2757,2094,90,329,68,329,261,2,-10.2,34.8,7.8,1002,703,63,-37.16,1188
1972,2275918,NA,37.42756,-122.17152,-9999,13.7,16.8,20.2,21,23.9,25.9,27.9,27.7,25.5,22.2,16.3,12.4,2.7,5.9,7.5,6.8,8.8,10.7,12.9,12.5,11.3,10.9,6.9,2.7,8.2,11.4,13.9,13.9,16.3,18.3,20.4,20.1,18.4,16.6,11.6,7.6,30,33,8,24,1,2,1,1,14,82,136,57,-52.5,11.6,18.5,23.2,10.6,26.4,27.4,25.9,38.7,17.7,-26,-42.9,8,3,1,0,0,0,0,0,0,0,1,9,110,169,262,260,352,398,477,468,402,358,189,93,307,189,142,138,80,40,13,16,44,77,197,321,0,1,8,7,22,51,87,83,56,23,0,0,22,26,31,29,30,30,31,31,30,31,29,23,0,0,0,0,0,0,0,0,0,0,1,1,39.484,52.556,88.526,112.396,145.159,155.693,165.048,149.585,111.109,75.222,42.392,32.761,9.564,19.413,80.793,87.905,143.999,153.2,164.505,148.795,97.352,0,0,0,64,65,61,57,55,56,57,56,58,65,70,68,-1.43,-2.7,-6.99,-6.02,-10.09,-11.19,-12.63,-12.55,-9.53,-0.12,8.1,1.99,14.3,21.7,27.1,21.3,3.8,7.7,12.1,9.7,9.1,14.7,19.6,15.5,170,33,4,232,-27.9,17.5,26.6,10.1,20,2,0,1,373,873,1343,950,816,361,69,318,1,37,221,79,72,90,92,89,1,0,0,1,125,346,470,229,29,313,466,97,66,58,56,64,-2.14,-23.11,-36.37,-1.55,14.7,20.4,7.6,12.8,389,19,63.5,1087.4,24,3538,1565,338,343,48,346,298,2,-8.2,38.5,6.5,1170,906,61,-63.16,1907
1972,5504847,NA,37.6553,-122.0567,-9999,12.3,15.9,19.6,19.4,22.1,24.2,25.8,26,23.8,20.7,15.4,11,2.3,5.7,7.5,6.9,8.9,10.7,13,12.8,11.6,11.1,6.9,2.6,7.3,10.8,13.6,13.1,15.5,17.4,19.4,19.4,17.7,15.9,11.1,6.8,33,39,7,32,1,5,1,1,15,89,175,67,-51.6,11.1,18.1,21.8,13.5,24.8,30.8,27.1,39.2,18.2,-25.6,-42.4,11,4,1,1,0,0,0,0,0,0,2,11,88,155,252,238,327,372,447,445,382,338,176,76,336,198,150,159,99,53,20,23,54,91,208,346,0,0,7,4,14,37,65,66,46,16,0,0,21,26,30,29,31,30,31,31,30,31,29,22,1,0,0,0,0,0,0,0,0,0,1,1,35.892,49.378,85.399,102.803,132.417,143.079,148.829,136.617,100.738,67.113,39.276,29.335,3.054,10.404,77.973,71.085,130.96,138.529,148.303,135.55,86.068,0,0,0,67,67,62,61,60,60,62,61,63,70,72,70,-0.37,-1.69,-6.71,-4.27,-8.72,-9.57,-10.73,-10.89,-7.99,1.68,12.46,3.63,13.3,20.4,25.3,19.9,3.6,7.7,12.2,9.9,8.4,14.1,18.7,14.9,185,41,6,278,-27.6,17.8,27.6,10.6,24,2,0,2,330,817,1265,896,864,409,96,353,0,25,168,62,70,90,92,89,2,0,0,1,116,321,429,207,13,280,422,86,68,61,61,69,1.57,-19.7,-31.19,6.16,14,19.4,6.8,12.7,463,22,51.8,872.6,29,3297,1738,255,341,49,346,298,2,-9,37.1,7.1,1072,802,65,-43.16,1710
1972,1176,NA,34.03974,-118.589581,-9999,19,20.9,22.8,20.9,21.6,23,25.8,25.7,23.9,22.1,20.6,18.5,6.4,8.6,11.1,9.9,12.7,14.9,16.2,17.1,15.5,13.4,10,7.5,12.7,14.7,17,15.4,17.2,19,21,21.4,19.7,17.7,15.3,13,2,6,2,3,2,2,0,4,1,6,81,35,-55,13.2,18.4,20.8,20.6,21.2,36.6,31.3,41.8,19.4,-26.9,-44.3,2,1,0,0,0,0,0,0,0,0,0,2,226,259,354,306,377,418,495,507,440,394,297,234,172,105,71,99,64,31,9,9,30,56,104,167,6,11,32,14,28,63,103,113,80,34,14,6,30,28,31,30,31,30,31,31,30,31,30,31,0,0,0,0,0,0,0,0,0,0,0,0,56.98,68.905,100.119,108.24,117.958,118.446,137.464,120.664,94.042,74.697,57.723,49.542,55.329,62.751,97.802,105.136,115.555,116.751,137.395,116.861,92.909,68.976,0,14.675,61,62,65,66,72,75,71,74,75,73,67,71,-7.09,-7.37,-8.5,-7.34,-7.14,-7.49,-9.52,-8.64,-7.99,-6.87,0.73,-3.19,18.5,21.8,24.8,22.2,7.2,11.2,16.1,12.9,12.9,16.5,20.4,17.6,170,8,6,88,-28.7,19.9,29.7,11.4,7,1,0,0,665,1037,1421,1131,493,234,50,189,17,74,278,128,88,92,92,91,0,0,0,0,168,326,377,226,118,318,371,162,65,68,74,72,-17.64,-22.98,-25.65,-14.13,17,21.4,12.7,8.6,144,9,186.9,2347.2,7,4307,918,503,364,4,362,359,0,0.7,38.9,8.1,1097,969,69,-80.39,2544
1972,3904095,NA,34.533002,-117.283871,-9999,15.1,19.5,25.2,24.4,28.5,33,37.8,35.2,30.4,22.7,16.5,13,-3,1.1,5.4,5.6,9.5,14.2,17.6,16.2,12.2,7,1.1,-2.7,6,10.3,15.3,15,19,23.6,27.7,25.7,21.3,14.8,8.8,5.1,1,2,1,2,2,7,1,9,4,8,18,11,-54.4,16.4,23.9,26.6,12.7,30.1,27.8,29.8,41.3,18.2,-26.8,-43.8,15,4,1,0,0,0,0,0,0,0,4,18,74,156,320,299,433,556,701,641,489,307,131,56,375,211,105,109,36,5,0,1,18,116,277,396,0,1,21,18,65,171,300,240,117,16,0,0,8,16,28,28,31,30,31,31,30,29,18,8,0,0,0,0,0,0,0,0,0,0,0,0,52.404,71.989,123.157,139.065,180.23,202.103,233.289,198.483,143.565,91.211,54.983,43.136,51.586,70.186,121.814,136.717,178.357,195.034,232.077,189.777,139.742,83.63,36.723,31.735,43,45,44,46,47,49,47,49,49,53,52,54,-5.16,-9.15,-13.15,-12.19,-15.55,-19.16,-26.07,-21.52,-16.74,-9.84,-4.91,-2.88,15.3,26.1,35.3,23.2,-1.5,6.8,16,6.8,6.9,16.4,25.7,15,42,6,17,30,-27.3,21.1,29.3,10.9,41,1,0,4,275,1053,1898,927,1009,250,6,411,1,104,711,133,32,87,92,77,2,0,0,0,163,442,634,290,122,437,617,260,47,45,48,52,-17.19,-40.89,-66.74,-31.5,16.1,27.7,5.1,22.5,66,23,393.5,1220.1,42,4165,1649,950,288,98,306,208,2,-19.6,45.5,8.5,1530,1436,48,-156.32,2566
1972,3440200,NA,35.098215,-120.579118,-9999,16.2,18.8,21.5,19.3,19.6,19.9,20.6,21,20.3,19.7,17.9,15.8,3.1,6.1,7.9,6.5,8.5,11,11.5,12.2,11.4,10.8,7,3.9,9.7,12.4,14.7,12.9,14,15.4,16.1,16.6,15.9,15.2,12.5,9.8,14,13,4,15,2,2,0,1,1,35,120,38,-54.2,13.4,19.8,22.6,18.3,23.2,38.6,30.4,40.6,19.3,-26.6,-44,6,2,1,1,0,0,0,0,0,0,1,5,139,191,282,232,283,312,344,360,327,318,212,144,263,162,121,166,138,95,74,67,88,107,174,250,0,1,10,0,3,16,15,22,25,6,0,0,23,27,31,28,30,30,31,31,30,31,29,26,0,0,0,0,0,0,0,0,0,0,0,0,50.137,63.376,98.813,106.567,118.549,111.433,115.601,106.258,85.454,68.52,51.487,44.146,35.8,49.965,94.58,91.851,116.416,109.681,115.537,105.393,83.993,33.52,0,5.697,59,60,59,60,65,72,72,73,72,72,66,63,-4.65,-5.85,-8.15,-5.91,-6.91,-6.45,-6.92,-6.94,-6.63,-3.07,5.62,-1.94,16.5,20.1,20.5,19.3,4.1,7.6,11.6,9.7,10.3,13.9,16,14.5,135,21,3,157,-28.3,20.2,30.8,11.1,14,2,0,1,447,797,1016,857,708,424,236,369,1,13,53,31,74,90,92,90,1,0,0,0,155,324,333,205,86,303,331,118,61,62,72,70,-12.44,-20.97,-20.32,-4.08,13.8,16.6,9.7,6.9,247,6,96.3,2642.9,16,3144,1704,97,347,44,349,306,1,-8.6,35.5,8.5,1018,837,66,-57.81,1486
1972,3425410,NA,37.898448,-122.313558,-9999,12.3,16.1,19.9,18.9,20.7,21.7,22.1,22.6,21.5,20,15.6,11.2,3.5,7,8.5,8,9.6,11.2,13.3,13,12,11.9,8.1,3.7,7.9,11.6,14.2,13.4,15.1,16.5,17.7,17.8,16.7,16,11.8,7.4,39,46,9,37,2,4,0,1,18,91,155,68,-51.2,10.3,17.3,20.3,16,23.1,37.1,28.9,39.6,18.6,-25.3,-42.2,9,3,1,0,0,0,0,0,0,0,1,10,99,170,269,246,317,344,393,397,352,340,195,88,318,185,133,150,108,72,42,44,71,89,190,325,0,0,9,4,11,26,31,37,33,15,0,0,24,28,31,29,31,30,31,31,30,31,30,25,0,0,0,0,0,0,0,0,0,0,1,1,34.046,47.567,83.708,96.348,120.078,122.874,117.267,111.015,86.121,61.369,37.63,28.058,0,1.081,74.232,59.184,118.576,119.077,116.939,110.21,68.33,0,0,0,71,71,65,66,66,68,73,71,71,75,75,73,0.27,-0.73,-6.35,-3.05,-7.45,-7.49,-7.42,-7.85,-5.67,2.69,10.6,3.7,13.5,19.8,22.1,19,4.8,8.7,12.5,10.7,9.2,14.3,17.3,14.8,188,48,5,263,-27.7,17.9,29.7,10.9,20,2,0,1,370,832,1133,888,809,392,157,350,0,25,94,49,78,91,92,90,1,0,0,1,112,300,351,185,1,252,346,68,71,65,70,74,3.25,-16.84,-22.76,7.62,13.8,17.8,7.4,10.3,469,24,50.8,734,25,3210,1726,167,351,27,354,327,2,-6.4,34.6,7.7,948,668,70,-28.73,1605
1972,231694,NA,36.950879,-122.066217,-9999,14.8,17.5,20,18.7,20,20.7,22,22,21.6,20.4,17.2,13.8,2.2,5.3,6.7,5.9,8,9.6,12,11.7,10.4,10,6.1,2.6,8.5,11.4,13.4,12.3,14,15.1,17,16.9,16,15.2,11.7,8.2,51,47,14,36,3,4,2,1,16,97,226,79,-53.5,12.4,19.2,22.3,16,24,35.9,28.9,39.5,18.3,-26.6,-43.4,8,3,1,1,0,0,0,0,0,0,1,8,112,166,242,213,282,304,373,369,331,317,190,103,298,189,156,182,139,101,54,61,85,108,194,302,0,0,4,0,4,14,23,25,26,7,0,0,21,26,30,28,30,30,31,31,30,31,28,22,1,0,0,0,0,0,0,0,0,0,1,1,43.74,56.302,90.233,101.981,121.403,121.926,124.013,113.676,93.373,70.137,47.07,37.067,0,8.829,76.664,66.307,118.258,118.16,122.453,112.598,77.669,0,0,0,59,62,59,60,63,66,69,68,65,68,65,65,0.03,-1.74,-6.45,-3.54,-7.18,-7.17,-7.68,-7.81,-6.44,2.47,16.43,3.45,15.1,19.6,21.6,19.8,3.3,6.9,11.1,8.8,9.2,13.2,16.3,14.3,260,52,6,339,-28.2,19.2,29.6,10.4,20,2,0,2,370,738,1045,837,804,477,216,388,0,8,62,33,69,88,92,88,2,0,0,1,135,314,360,211,9,261,353,78,62,61,68,66,1.75,-17.17,-22.66,12.47,13.3,17,8.2,8.8,575,25,40.5,673,22,3000,1869,104,337,58,340,282,3,-10.2,34.8,7.7,1019,701,64,-25.62,1399
1973,2275918,NA,37.42756,-122.17152,-9999,13.6,16.2,16,21.9,24,27.6,27.1,26.1,26,23.2,16,14.7,4.4,6.9,5.5,7.4,9.8,11.8,11.7,11.2,11.5,8.9,7.1,5.7,9,11.6,10.7,14.7,16.9,19.7,19.4,18.6,18.8,16.1,11.5,10.2,160,166,68,4,1,0,0,1,7,46,149,107,-51.9,10.5,16.8,23.4,11,25.6,27.7,26.5,38.5,17,-25.9,-43.2,7,3,3,0,0,0,0,0,0,0,1,5,125,172,170,283,370,440,447,423,412,344,187,156,284,184,227,117,68,24,20,31,40,87,198,240,0,0,0,10,27,76,64,51,62,16,0,0,26,28,28,29,31,30,31,31,30,31,29,29,1,0,0,0,0,0,0,0,0,0,1,0,37.183,48.859,72.69,116.402,143.453,165.263,163.529,142.556,113.333,83.108,41.346,34.868,0,0,4.526,112.615,142.115,164.82,163.134,141.9,106.688,37.445,0,0,70,70,66,56,58,54,55,56,58,57,71,68,11.67,11.11,1.16,-8.63,-9.94,-12.75,-12.31,-11.43,-10.63,-5.07,9.62,5.84,14.1,20.7,26.9,21.7,4.7,7.6,11.5,9.2,9.4,14.1,19.2,15.5,382,73,1,202,-28.2,17,26.6,9.9,19,3,0,1,388,823,1309,943,789,412,75,324,0,37,191,78,77,88,92,89,2,0,0,1,119,333,471,238,0,259,470,144,69,60,55,62,28.63,-17.41,-36.49,-6.08,14.8,19.7,9,10.7,710,9,34.9,2076.6,19,3528,1519,307,352,31,346,315,3,-8.2,38.5,6.3,1160,873,62,-31.35,1870
1973,5504847,NA,37.6553,-122.0567,-9999,12.6,15.3,14.9,20.6,22.5,25.8,25.3,24.5,24.4,22,15.7,13.5,4.1,6.7,5.2,7.4,10,11.9,11.9,11.4,12,9.4,7.3,5.9,8.3,11,10.1,14,16.2,18.8,18.6,18,18.2,15.7,11.5,9.7,207,179,80,6,2,1,0,1,7,50,185,124,-51.3,10,16,22.2,13.6,24.2,30.7,27.6,39.1,17.4,-25.6,-42.6,8,3,4,0,0,0,0,0,0,0,1,5,110,159,152,263,350,415,423,403,396,332,186,143,304,199,248,135,82,33,28,41,47,96,198,256,0,0,0,7,20,61,48,40,53,13,0,0,26,27,28,29,31,30,31,31,30,31,29,29,2,0,0,0,0,0,0,0,0,0,1,0,34.584,45.638,67.569,108.058,132.04,151.329,149.077,130.927,103.19,76.603,39.571,31.228,0,0,0,101.867,130.39,150.468,148.592,130.012,96.252,26.257,0,0,72,72,69,60,62,59,60,61,63,62,73,72,16.84,12.81,2.82,-7.47,-8.74,-11.04,-10.65,-10.02,-9.17,-3.59,13.42,8.2,13,19.3,25.2,20.7,4.5,7.6,11.7,9.6,8.7,13.4,18.5,15.1,452,88,2,243,-28,17.3,27.5,10.3,23,4,0,2,342,765,1240,914,848,465,101,341,0,27,148,66,75,88,92,90,4,0,0,1,110,308,431,219,0,232,429,123,72,64,60,66,37.86,-13.38,-31.71,0.66,14.2,18.8,8.3,10.5,842,11,28.7,1737.6,22,3330,1665,240,352,31,348,318,5,-9,37.1,6.8,1068,784,66,-6.57,1698
1973,1176,NA,34.03974,-118.589581,-9999,17.6,18.5,16.5,19.6,21.4,24,23.7,24,22.9,24,19.5,20.3,7,9.8,7.7,10.2,13,14.6,15.4,16.4,14.8,12.8,9.6,8.8,12.3,14.2,12.1,14.9,17.2,19.3,19.6,20.2,18.8,18.4,14.6,14.6,109,217,70,1,1,1,0,1,1,5,42,26,-53.9,10.9,16,19.4,21.2,20.8,38.7,31.6,41.8,18.8,-26.6,-44.7,3,1,2,0,0,0,0,0,0,0,0,1,212,242,206,293,378,429,452,471,415,414,276,281,184,118,190,111,63,28,18,16,39,46,121,126,4,8,0,11,29,70,68,85,63,44,8,15,30,28,31,30,31,30,31,31,30,31,30,31,0,0,0,0,0,0,0,0,0,0,0,0,51.76,56.982,74.999,98.756,114.529,128.271,123.248,110.36,90.342,86.252,54.82,53.095,0,0,5.396,97.793,113.605,127.725,123.183,108.988,89.603,81.393,12.661,27.018,66,73,72,71,74,72,75,77,75,66,69,65,4.66,15.62,1.5,-6.6,-7.01,-8.5,-8.02,-7.73,-7.49,-8.67,-2.61,-4.91,18.2,19.2,23.9,22.1,8.1,10.3,15.5,12.4,13.1,14.7,19.7,17.3,361,71,2,48,-29.2,18.9,30.4,11.3,6,2,0,1,687,877,1351,1104,470,364,62,205,18,39,222,116,89,92,92,91,0,0,0,0,158,288,362,231,15,217,360,184,68,72,74,70,15.38,-12.11,-24.24,-18.78,16.3,20.2,12.1,8.1,474,4,55.6,5534.2,8,4068,1059,404,364,0,362,362,1,0.7,38.9,7.8,1040,775,71,-39.76,2315
1973,3904095,NA,34.533002,-117.283871,-9999,12.2,14.7,15.3,21.8,29.7,34.6,37,35.5,31.2,27,17.8,16.4,-2.6,1.3,0.8,5.1,10.4,14.4,16.5,16,11,6.5,2.2,-0.6,4.8,8,8,13.5,20.1,24.5,26.8,25.8,21.1,16.7,10,7.9,16,50,33,2,4,1,1,5,1,1,12,4,-52.7,14.1,20.3,25.4,11.9,30.2,28,29.7,41,17.2,-27.2,-44.5,21,8,7,0,0,0,0,0,0,0,2,8,54,104,117,254,465,584,673,642,482,364,160,110,412,277,311,150,26,3,1,1,19,73,241,310,0,0,0,10,85,198,272,241,112,32,0,0,9,17,17,27,31,30,31,31,30,29,20,13,1,0,0,0,0,0,0,0,0,0,0,0,44.991,56.249,82.142,125.223,186.326,214.564,230.475,201.009,150.571,110.19,57.849,50.32,29.276,6.007,48.821,123.511,182.61,213.731,229.447,196.387,149.646,109.404,46.14,46.622,51,57,54,50,47,46,46,48,45,43,52,49,-2.08,-0.36,-2.46,-10.15,-16.44,-22.2,-25.26,-22.43,-18.49,-14.74,-6.79,-6.12,13.3,22.3,35.7,25.3,-1.3,5.4,15.6,6.6,6,13.9,25.7,15.9,77,39,6,13,-27.7,19.2,29.3,10.3,46,7,0,2,214,836,1899,1007,1085,486,5,333,0,95,711,144,34,75,92,79,1,0,0,0,144,394,646,319,67,355,640,305,53,50,47,46,-8.56,-29.05,-69.89,-40.02,15.6,26.8,4.8,21.9,128,11,199.5,2405.8,47,4010,1823,950,285,100,302,202,2,-19.6,45.5,7.8,1503,1367,49,-147.52,2458
1973,3440200,NA,35.098215,-120.579118,-9999,15.3,17.1,15.3,18.4,19.8,21.4,20,20,20.2,21.1,18,17.8,3.9,7.6,5.1,6.9,9.6,11.2,11,11.4,11.3,8.9,6.2,5.2,9.6,12.4,10.2,12.6,14.7,16.3,15.5,15.7,15.7,15,12.1,11.5,155,178,84,2,3,1,0,1,2,24,72,64,-53.4,11.3,17,21.4,18.9,22.3,39,30.7,40.7,18.6,-26.8,-44.5,6,2,4,1,0,0,0,0,0,0,1,3,137,188,153,225,303,338,327,333,322,310,202,186,265,164,245,172,120,76,88,86,92,113,183,206,0,0,0,0,6,24,11,15,24,4,0,0,25,28,28,29,31,30,31,31,30,30,28,28,1,0,0,0,0,0,0,0,0,0,0,0,46.799,54.528,73.863,100.353,115.635,122.503,113.665,102.269,85.133,79.518,52.876,48.373,0,0,0,97.895,112.307,121.514,113.624,101.37,82.895,55.046,0,0,63,70,67,64,68,68,72,73,72,63,63,62,10.02,11.97,3.05,-6.49,-6.61,-7.54,-6.71,-6.49,-6.5,-5.61,0.61,-0.4,16.1,17.8,20.5,19.8,5.1,7.2,11.2,8.8,10.6,12.5,15.8,14.3,371,90,2,99,-28.9,19.1,30.7,10.8,13,4,0,1,470,681,998,834,679,536,249,388,0,6,49,28,79,87,92,88,1,0,0,0,145,290,338,218,6,210,337,138,65,66,71,66,21.58,-10.05,-20.74,-11.5,13.4,16.3,9.6,6.7,587,7,39.9,2171.6,17,3025,1808,83,349,34,345,311,2,-8.6,35.5,7.9,991,690,67,-20.7,1377
1973,3425410,NA,37.898448,-122.313558,-9999,12.7,15.7,15.6,20.2,21.2,23.4,21.8,20.8,22.1,21.5,15.7,13.7,5.2,8,6.4,8.6,10.7,12.3,12.2,11.6,12.5,10.2,8.7,7.1,9,11.9,11,14.4,15.9,17.8,17,16.2,17.3,15.8,12.2,10.4,241,174,68,6,2,1,0,1,11,39,213,107,-50.8,9.3,15.5,20.8,16.1,22.6,36.6,29.4,39.5,17.6,-25.1,-42.4,7,3,3,0,0,0,0,0,0,0,1,4,123,175,174,275,341,385,372,348,370,337,205,159,284,177,218,124,89,47,54,75,60,92,180,234,0,0,0,8,17,44,23,18,40,13,0,0,28,28,30,30,31,30,31,31,30,31,30,31,2,0,0,0,0,0,0,0,0,0,1,0,32.882,44.266,67.579,102.277,119.484,130.732,119.857,104.432,88.205,72.627,36.483,29.485,0,0,0,96.589,117.456,130.111,119.543,103.893,76.862,33.563,0,0,75,75,71,64,68,67,71,71,70,65,78,75,20.32,12.43,1.64,-6.89,-7.43,-8.71,-7.54,-7.05,-6.64,-4.1,16.55,6.58,13.2,19,22,19.8,5.6,8.6,12,10.5,9.4,13.8,17,15.1,482,76,1,263,-28,17.5,29.5,10.7,19,3,0,1,384,790,1104,912,786,430,176,333,0,25,85,53,81,90,92,91,3,0,0,1,105,289,355,197,0,214,354,110,75,67,69,71,39.33,-12.69,-23.3,5.81,14.1,17.8,9,8.9,863,15,27.9,1202.3,18,3263,1634,163,360,11,356,344,4,-6.4,34.6,7.4,947,678,71,9.15,1605
1973,231694,NA,36.950879,-122.066217,-9999,14,16.6,16,19.2,19.9,22.5,20.9,20.5,22,21,16.4,15.9,3.6,6.5,5.1,6.7,8.9,10.5,10.7,10.3,10.2,7.9,5.8,4.8,8.8,11.5,10.6,12.9,14.4,16.5,15.8,15.4,16.1,14.5,11.1,10.4,221,278,115,6,2,1,1,1,8,68,210,153,-52.5,11.2,17.2,22.1,16.8,23.1,36.6,29.3,39.4,17.8,-26.3,-43.8,7,3,3,1,0,0,0,0,0,0,2,4,118,167,162,233,294,345,336,323,334,295,172,158,289,185,233,164,128,71,81,93,83,127,208,234,0,0,0,1,5,26,13,13,27,2,0,0,25,27,28,29,31,30,31,31,30,30,27,28,2,0,0,0,0,0,0,0,0,0,1,0,40.097,51.633,74.047,103.436,117.606,131.775,120.469,107.817,95.519,77.107,44.956,39.931,0,0,0,97.222,115.241,130.85,119.531,106.758,87.444,9.444,0,0,66,68,65,61,66,64,68,69,64,60,66,64,17.55,22.07,5.8,-6.68,-6.96,-8.51,-7.29,-7.08,-7.48,-1.47,15.27,9.58,14.8,18.4,21.3,19.8,4.2,6.9,10.5,8,9.5,12.6,15.9,13.9,578,123,3,286,-28.4,18.7,29.7,10.3,18,4,0,2,387,689,1004,800,777,525,245,418,0,7,51,29,74,87,92,87,3,0,0,1,129,295,360,218,0,212,357,97,66,64,67,63,49.19,-7.84,-22.88,6.32,13.2,16.5,8.8,7.7,1065,13,21.8,1235.7,20,2935,1896,87,345,43,338,295,4,-10.2,34.8,7.6,1002,666,65,24.79,1316
1974,2275918,NA,37.42756,-122.17152,-9999,14,16.1,17,20.6,22.7,26.2,27.2,27,26.6,24.2,18,14.1,4.5,3.7,7.3,6.6,8.4,11,12.3,12.5,11.8,10,6.5,4.2,9.2,9.9,12.2,13.6,15.5,18.6,19.8,19.8,19.2,17.1,12.2,9.2,75,34,118,54,1,2,5,1,1,29,18,58,-52.2,12.5,16.1,23,12.1,25.8,28,26.3,38.4,16.8,-26.9,-43.2,6,5,2,0,0,0,0,0,0,0,1,6,131,134,208,252,329,406,458,458,425,375,208,130,276,222,188,146,98,36,17,19,35,66,180,271,0,0,1,5,14,56,72,75,70,28,0,0,26,23,30,29,30,30,31,31,30,31,28,26,1,0,0,0,0,0,0,0,0,0,0,0,38.111,53.111,73.43,110.413,138.319,156.976,162.063,144.777,116.31,85.249,48.033,35.398,0,19.493,0,56.475,137.447,154.585,157.357,144.078,115.251,55.986,29.595,0,69,61,69,57,57,56,57,58,57,58,64,71,2.97,-2.65,6,-2.83,-9.3,-11.39,-11.76,-11.87,-11.72,-7.21,-4.76,1.15,14.9,20.1,26.8,22.9,4.6,7.4,12,9.4,9.8,13.8,19.4,16.2,216,173,8,49,-27.6,17.1,26.7,9.4,15,2,0,1,421,788,1322,1008,738,432,72,281,0,20,203,98,78,89,92,89,1,0,0,0,126,322,464,250,19,194,456,201,67,61,57,59,1.47,-6.13,-35.01,-23.69,14.7,19.8,9.2,10.6,397,10,62.2,2032.4,20,3513,1554,321,346,46,347,301,2,-8.2,38.5,6.4,1162,870,61,-63.36,1865
1974,5504847,NA,37.6553,-122.0567,-9999,13.3,15.1,16,18.8,21,24.4,25.4,25.5,25.8,23.3,17.4,12.9,4.2,3.5,7.1,6.5,8.3,11.1,12.6,12.7,12.2,10.5,6.5,4.4,8.7,9.3,11.5,12.6,14.7,17.7,19,19.1,19,16.9,12,8.6,82,37,133,69,1,3,4,1,1,30,22,64,-51.7,12,15.4,21.6,14.8,24.4,31.2,27.4,38.8,17.1,-26.7,-42.7,7,5,2,1,0,0,0,0,0,0,1,7,119,120,190,223,303,381,434,437,420,370,199,117,291,239,204,172,120,49,24,26,37,69,187,288,0,0,0,2,8,42,55,60,67,25,0,0,26,22,30,28,30,30,31,31,30,31,28,27,1,0,0,0,0,0,0,0,0,0,0,0,36.136,49.852,68.379,99.866,126.541,143.104,146.811,133.176,110.107,80.192,45.836,31.901,0,12.877,0,30.713,125.413,139.834,142.375,132.236,109.135,50.664,23.819,0,70,63,71,62,61,61,62,62,60,61,65,75,4.06,-1.64,7.99,-0.18,-8.09,-9.74,-10.06,-10.44,-10.91,-6.43,-4.09,2.45,13.9,18.6,25.1,22.2,4.5,7.3,12.1,9.8,9.2,13,18.6,16,244,204,9,53,-27.5,17.3,27.7,9.7,18,3,0,1,381,716,1252,989,786,497,98,293,0,10,157,92,78,89,92,89,1,0,0,0,117,295,423,236,13,156,414,184,69,65,62,62,4.87,-0.28,-30.24,-21.42,14.1,19.1,8.6,10.5,448,11,53.8,1777.3,24,3313,1706,259,345,46,348,302,3,-9,37.1,6.8,1071,767,64,-47.06,1705
1974,1176,NA,34.03974,-118.589581,-9999,16.8,20.6,18.7,20.8,20.5,23.4,24.7,23.9,25.5,22.3,22.3,18.7,8,7.5,9.7,9.5,12.8,14.2,16.2,16.4,16.7,14,10.4,7.7,12.4,14.1,14.2,15.1,16.6,18.8,20.4,20.2,21.1,18.1,16.3,13.2,209,5,81,5,1,1,0,1,1,15,5,109,-53,13.8,16.1,21.1,22.5,20.2,38.1,31.6,41.7,19.5,-27.5,-44.4,3,1,1,0,0,0,0,0,0,0,0,2,216,240,271,299,361,413,478,470,483,407,328,241,181,121,133,106,74,33,12,16,19,49,81,160,5,8,8,12,23,60,89,84,112,41,24,7,31,28,31,30,31,30,31,31,30,31,30,31,0,0,0,0,0,0,0,0,0,0,0,0,47.253,69.818,81.054,108.712,107.421,125.813,127.506,109.893,100.446,73.64,62.997,49.924,0,64.835,0,103.578,106.223,125.287,127.428,108.545,99.577,58.173,58.405,0,72,60,72,65,76,72,74,77,74,75,64,65,15.3,-7.59,1.86,-7.16,-6.37,-8.2,-8.53,-7.69,-9,-5.83,-8.07,4.14,19.2,20,24,23.4,8.1,10.7,15.6,13.7,13.7,15.3,19.8,18.5,240,87,2,21,-27.9,19.9,30,11.2,5,1,0,0,738,931,1362,1218,428,313,62,149,28,43,233,177,90,92,92,91,0,0,0,0,170,297,363,237,92,210,361,216,65,71,74,71,11.85,-11.67,-24.41,-22.9,16.7,21.1,12.4,8.7,433,4,61.7,5255.7,8,4208,985,473,365,0,365,365,1,0.7,38.9,8.3,1068,879,70,-47.13,2448
1974,3904095,NA,34.533002,-117.283871,-9999,12.4,17.7,19.8,23.3,28.1,35.3,35.9,35.6,34.6,25.6,19.5,13.7,-0.7,-0.2,3.7,4.5,9.8,14.2,16.9,15.2,14.3,8.3,2,-1.9,5.8,8.7,11.7,13.9,19,24.7,26.4,25.4,24.4,17,10.7,5.9,44,2,18,2,6,1,6,7,2,8,2,23,-52.5,16.3,21.4,26.7,13.2,29.4,29,29.6,40.2,17.6,-27.8,-44,16,6,2,0,0,0,0,0,0,0,2,15,69,119,211,266,432,591,662,630,581,370,177,68,381,255,199,138,37,3,1,1,6,69,218,373,0,0,4,11,63,205,261,230,195,34,1,0,13,13,25,26,31,30,31,31,30,30,20,10,1,0,0,0,0,0,0,0,0,0,0,0,44.116,66.851,98.904,134.334,176.21,220.244,220.095,204.087,163.581,102.056,62.952,44.508,0.071,65.048,80.828,132.346,170.705,219.518,214.524,196.735,161.391,93.983,60.65,21.959,57,46,51,46,48,44,49,46,46,50,47,48,0.53,-7.38,-7.22,-11.47,-14.57,-23.33,-22.74,-22.68,-21.97,-12.16,-8.94,-2.26,15.5,23.7,35.6,26.6,-0.5,6,15.4,8.2,7.5,14.9,25.5,17.4,50,26,14,13,-26.7,20.5,29.3,10,31,3,0,2,298,908,1884,1129,947,373,5,294,0,78,696,230,39,82,92,80,1,0,0,0,161,409,644,329,112,384,631,316,50,48,46,48,-9.11,-33.26,-68.75,-43.07,16.1,26.4,5.8,20.6,120,21,217.5,1237.6,41,4177,1682,1004,290,100,314,213,1,-19.6,45.5,8.3,1544,1442,48,-154.19,2589
1974,3440200,NA,35.098215,-120.579118,-9999,16,18.6,17.3,18.5,18.3,20.5,20.3,20,21,20.6,20,17.5,5.7,3.8,7.2,6.6,7.9,10.4,11.7,11.9,11.3,10.3,6.5,4.4,10.9,11.2,12.3,12.6,13.1,15.5,16,16,16.2,15.4,13.2,10.9,146,9,124,34,1,1,0,1,1,29,13,87,-53.3,14.6,17,21.8,19.7,22.7,39.2,30.8,40.6,18.9,-27.5,-44.5,4,3,2,1,0,0,0,0,0,0,1,4,167,159,208,222,255,313,342,341,335,324,233,170,226,193,185,175,164,94,76,80,82,102,155,217,0,0,0,0,0,17,14,17,27,6,0,0,29,23,30,29,30,30,31,31,30,31,28,27,1,0,0,0,0,0,0,0,0,0,0,0,46.383,65.496,79.068,101.755,111.567,118.878,112.594,99.736,90.25,74.208,58.694,48.256,0,56.582,0,67.278,110.425,117.947,112.536,98.819,88.8,44.719,45.454,0,67,54,68,63,67,69,73,75,70,68,59,60,9,-6.63,6.39,-3.42,-6.34,-7.14,-6.68,-6.31,-7.18,-4.39,-6.52,1.94,17.5,18.1,20.3,20.5,4.9,7.2,11.3,9.3,11.2,12.6,15.8,14.9,219,160,2,44,-27.7,19.5,30.9,10.6,10,3,0,1,510,685,996,893,626,524,250,338,0,0,47,34,80,89,92,89,1,0,0,0,160,292,331,223,57,178,329,179,61,66,72,65,4.31,-3.38,-20.14,-18.08,13.6,16.2,10.9,5.3,447,4,52.7,3592.8,15,3070,1749,81,348,41,349,308,1,-8.6,35.5,8.3,1007,743,66,-37.29,1417
1974,3425410,NA,37.898448,-122.313558,-9999,13.5,15.5,16.4,18.2,19.8,21.9,21.8,21.9,23.4,22.8,17.5,13.3,5.4,4.8,8.3,7.7,9.2,11.6,12.8,13,12.4,11,7.5,5.5,9.5,10.1,12.3,13,14.5,16.8,17.3,17.4,17.9,16.9,12.5,9.4,99,45,135,68,1,2,3,1,1,24,21,56,-51.4,11.3,14.6,20.1,17.2,22.8,37.2,29.3,39.3,17.3,-26.5,-42.6,6,4,2,1,0,0,0,0,0,0,1,6,135,136,210,232,297,352,382,386,387,370,214,133,269,217,184,163,126,66,48,50,51,69,173,265,0,0,0,2,6,29,27,32,48,24,0,0,28,25,31,29,31,30,31,31,30,31,29,29,1,0,0,0,0,0,0,0,0,0,0,0,34.71,49.043,66.524,93.551,115.039,122.359,117.227,106.202,95.466,76.516,44.252,30.906,0,4.311,0,25.335,113.894,120.601,113.979,105.595,94.376,52.575,22.953,0,73,66,74,67,67,68,72,73,67,64,68,78,5.62,-1.04,8.25,0.37,-6.97,-7.68,-7.08,-7.37,-8.65,-6.38,-3.93,1.49,14.2,18.1,21.9,21.2,5.7,8.4,12.5,10.3,10,13.3,17.2,15.8,250,204,6,46,-27.5,17.3,29.7,10,15,3,0,1,429,739,1120,971,720,473,164,293,0,9,87,72,84,91,92,90,1,0,0,0,113,275,346,216,4,139,340,170,72,69,71,66,6.07,1.64,-22.13,-18.96,14,17.9,9.4,8.5,455,8,52.7,2280.5,20,3233,1681,168,354,23,355,332,2,-6.4,34.6,7.4,950,654,69,-33.37,1600
1974,231694,NA,36.950879,-122.066217,-9999,14.2,16.8,17.3,18.6,18.8,20.8,21,21,22.2,21.6,18.9,15.4,4.1,3.2,6.7,6,7.6,9.7,11.2,11.7,10.7,9.2,5.7,3.5,9.1,10,12,12.3,13.2,15.3,16.1,16.3,16.5,15.4,12.3,9.4,139,48,167,93,2,7,13,1,2,49,35,91,-52.5,13.4,17,22.1,17.7,23.3,36.9,29.5,39.4,17.8,-27.4,-43.8,6,5,2,1,0,0,0,0,0,0,1,6,125,132,199,213,258,307,346,353,344,323,206,133,280,220,193,182,161,99,72,72,76,103,179,263,0,0,0,0,0,15,15,20,30,8,0,0,26,22,30,28,30,30,31,31,30,31,27,25,1,0,0,0,0,0,0,0,0,0,0,0,39.943,56.784,76.831,101.122,113.705,122.609,119.257,106.071,95.564,77.111,52.269,40.049,0,8.962,0,8.298,112.012,115.479,105.86,104.991,93.34,27.828,17.309,0,67,57,66,61,65,66,70,71,65,62,59,65,9.19,-1.73,10.59,2.27,-6.59,-6.9,-5.99,-7.04,-8.11,-3.39,-3.76,3.57,15.6,18.2,21,20.9,4,6.8,10.9,8.5,9.8,12.5,15.9,14.7,339,261,22,86,-27.6,18.9,29.9,9.9,15,3,0,1,414,670,1006,873,734,536,243,358,0,0,50,38,75,88,92,88,2,0,0,0,137,292,348,225,9,120,326,138,63,64,69,62,11.02,6.27,-19.92,-15.26,13.2,16.5,9.1,7.3,646,26,35.8,644.6,21,2939,1900,88,339,56,340,284,3,-10.2,34.8,7.8,1001,594,64,-17.89,1334
1975,2275918,NA,37.42756,-122.17152,-9999,15.3,15.5,16.4,17.5,24.1,24.7,26.4,26.5,25.8,21.7,17.7,16.1,3.4,5.7,6.1,5.3,8.9,10.6,11.4,11.7,11.3,8.6,5,4,9.3,10.6,11.3,11.4,16.5,17.7,18.9,19.1,18.6,15.1,11.3,10.1,38,111,126,35,1,2,2,5,1,58,12,10,-53.4,10.9,16.6,21.7,10.3,26.5,28.6,26.4,38.6,17.5,-27.1,-44,6,4,3,1,0,0,0,0,0,0,1,5,132,149,183,189,356,379,432,436,407,316,180,152,274,203,211,205,77,50,24,26,42,109,202,243,0,0,0,0,22,41,54,60,59,8,0,0,24,26,29,27,31,30,31,31,30,30,26,26,0,0,0,0,0,0,0,0,0,0,0,0,42.815,48.286,73.245,95.831,146.394,147.207,158.909,143.898,112.728,77.609,48.894,40.426,5.284,0,0,60.953,145.304,145.646,157.032,138.982,111.786,19.302,37.129,30.591,62,69,67,62,55,58,56,57,58,60,60,68,-1.66,5.81,6.86,-3.02,-10.25,-10.24,-11.54,-11.23,-11.08,-2.75,-5.55,-5.03,15,19.3,25.9,21.7,4.4,6.8,11.2,8.3,9.7,13,18.6,15,207,162,8,71,-28.8,16.2,27.2,9.6,16,4,0,2,410,728,1247,903,748,494,100,353,0,22,154,67,76,87,92,86,1,0,0,0,126,315,450,239,5,206,442,168,66,61,57,59,-0.88,-6.41,-33.02,-19.38,14.2,19.1,9.3,9.8,400,10,60.4,1836.2,20,3311,1667,242,341,53,341,288,1,-8.2,38.5,6,1131,821,60,-59.69,1676
1975,5504847,NA,37.6553,-122.0567,-9999,13.6,14.7,15.3,15.8,22.5,23.1,24.5,24.7,24.8,20.5,17.1,15.1,3,5.5,5.9,5.1,9.1,10.6,11.6,11.9,11.9,9.1,5.1,3.9,8.3,10.1,10.6,10.5,15.8,16.8,18,18.3,18.4,14.8,11.1,9.5,41,137,159,49,1,2,2,5,1,64,14,11,-52.4,10.4,15.8,20.4,13.1,25,31.9,27.6,39,17.9,-26.8,-43.6,8,4,3,1,0,0,0,0,0,0,2,5,108,137,166,164,335,354,404,413,401,305,174,138,305,218,231,229,93,65,36,35,44,117,208,261,0,0,0,0,16,29,37,45,56,6,0,0,23,26,29,27,31,30,31,31,30,31,26,26,0,0,0,0,0,0,0,0,0,0,0,0,38.63,45.635,68.112,86.681,134.325,135.34,143.52,130.886,105.392,71.214,46.624,37.552,0,0,0,37.521,132.971,133.229,141.464,125.546,104.393,6.807,32.887,26.537,65,70,70,66,60,62,62,62,62,65,62,72,-0.32,8.71,10.68,-0.74,-8.95,-8.93,-9.81,-9.62,-10.1,-1.22,-5.02,-4.23,13.7,17.9,24.1,20.8,4.3,6.7,11.4,8.7,9,12.3,17.7,14.8,242,210,10,79,-28.5,16.4,28.1,10,19,5,0,2,361,664,1172,881,810,553,136,370,0,16,112,62,75,86,92,87,1,1,0,0,116,289,410,223,0,170,400,144,69,65,62,63,4.17,0.99,-28.36,-16.35,13.5,18.4,8.3,10.1,487,12,48.3,1549.2,24,3099,1843,189,340,52,343,290,2,-9,37.1,6.5,1038,715,64,-39.55,1506
1975,1176,NA,34.03974,-118.589581,-9999,20.2,18,17.1,16.2,20.2,20.8,24,24.1,25.9,22.8,21.7,20.6,7.7,7.6,8.4,8.2,11.6,13.4,15.3,15.1,16.2,12.6,9.7,8.3,14,12.8,12.7,12.2,15.9,17.1,19.7,19.6,21.1,17.7,15.7,14.4,3,91,111,39,1,1,0,1,1,7,1,6,-55.5,12.1,15.9,18.2,21.9,20.9,38.3,31.3,41.6,19.1,-27.4,-44.8,2,2,2,1,0,0,0,0,0,0,0,1,263,205,227,212,339,363,455,452,481,394,310,277,140,152,173,185,90,59,17,21,19,56,94,130,11,3,2,0,16,33,70,71,110,35,18,14,31,28,31,30,31,30,31,31,30,31,30,31,0,0,0,0,0,0,0,0,0,0,0,0,59.306,59.574,76.037,83.596,110.842,106.948,126.349,118.428,105.181,80.728,62.299,54.789,55.952,0,0,44.575,109.429,106.398,126.278,117.145,103.862,73.659,60.804,49.008,61,67,72,74,73,77,74,73,71,69,63,66,-7.46,2.78,5.53,-1.26,-6.51,-6.44,-8.3,-8.36,-9.51,-7.55,-8.17,-7.28,19,17.8,23,23.5,7.7,9.4,14.6,12.8,13.3,13.6,18.8,18.2,203,152,2,10,-29.4,18.7,30.2,11.1,6,2,0,0,709,778,1270,1184,453,448,97,169,21,18,174,163,90,92,92,91,0,0,0,0,169,270,352,248,56,154,350,238,65,73,74,68,-11.95,-2.23,-23.1,-25.23,16.1,21.1,12.2,8.9,264,5,98.8,4541.6,8,3977,1136,383,364,0,364,364,0,0.7,38.9,7.6,1039,798,70,-62.51,2221
1975,3904095,NA,34.533002,-117.283871,-9999,15.9,15.8,17.3,17.3,27.6,32.4,36.2,35.4,33.3,25.2,19.6,16.9,-1.5,0.2,1.9,2.7,8.6,12.8,16.5,14.7,13.9,6.7,1,-0.3,7.2,8,9.6,10,18.1,22.6,26.3,25.1,23.6,15.9,10.3,8.3,3,11,21,16,2,1,2,3,6,3,3,5,-54.6,15.2,21,24.1,13.4,30.2,28.7,29.6,40.6,17.6,-27.8,-44.7,11,8,4,2,0,0,0,0,0,0,2,8,95,103,152,157,405,527,660,621,557,340,166,118,340,275,263,242,48,8,1,2,8,90,231,298,0,0,0,0,47,143,259,220,170,22,0,0,11,14,21,22,30,30,31,31,30,29,17,14,0,0,0,0,0,0,0,0,0,0,0,0,53.731,60.718,89.701,103.695,175.419,201.324,223.303,203.977,156.746,102.332,63.779,51.533,50.538,49.68,68.86,87.36,173.601,200.225,221.424,201.205,150.413,99.405,60.798,46.9,46,51,52,55,46,47,48,45,47,47,45,50,-5.64,-5.01,-5.38,-5.86,-14.73,-19.43,-23.68,-23.04,-19.77,-12.66,-9.1,-6.48,15.1,20.7,34.7,26,-1.1,4.4,14.7,7.2,7,12.6,24.7,16.6,37,39,6,12,-28,19.5,29.5,10.1,33,6,0,2,264,715,1807,1062,988,553,10,330,0,47,622,192,35,73,92,77,1,0,0,0,159,369,629,323,122,330,623,311,49,51,46,46,-17.13,-25.97,-66.15,-41.53,15.4,26.3,7.2,19.2,76,14,335.1,1894.8,35,3900,1805,861,281,111,310,199,1,-19.6,45.5,7.8,1479,1385,48,-150.79,2322
1975,3440200,NA,35.098215,-120.579118,-9999,19.4,16.5,16.4,15.6,18.1,18.7,19.3,19.8,21.2,20.3,20.7,19.4,3.2,5.3,5.7,4.8,7.9,10.1,10.5,11,11.6,8.7,4.9,3,11.3,10.9,11.1,10.2,13,14.4,14.9,15.4,16.4,14.5,12.8,11.2,7,101,90,29,1,1,0,1,1,23,8,5,-56.2,12.5,17.5,21,20.1,22.5,39.7,30.6,40.6,18.8,-28,-45.1,4,4,3,2,0,0,0,0,0,0,1,3,178,153,176,160,252,282,304,324,343,297,221,179,211,194,216,234,167,119,103,93,76,125,166,213,0,0,0,0,0,10,8,13,30,0,0,0,23,26,29,27,30,30,31,31,30,30,26,24,0,0,0,0,0,0,0,0,0,0,0,0,59.128,56.485,78.127,89.36,110.039,105.888,109.692,102.339,90.237,76.393,62.566,54.473,51.98,0,0,59.949,108.828,104.973,109.647,101.521,89.397,53.625,54.816,49.737,51,64,66,65,68,73,73,73,70,64,52,59,-7.41,4.16,3.11,-2.63,-6.21,-6.01,-6.34,-6.47,-7.27,-5.28,-7.88,-7.7,17.8,16.7,19.3,20.7,4.3,6.1,10.6,8.4,11,11.4,14.9,14.6,195,120,2,31,-29.6,19.5,31,10.4,11,4,0,1,503,587,909,861,621,617,315,367,0,0,31,30,76,85,92,86,0,0,0,0,164,278,318,229,52,169,316,198,58,66,73,62,-10.95,-5.73,-18.81,-20.43,13,16.4,10.2,6.2,267,4,86.3,4291.1,16,2869,1917,61,336,62,341,279,1,-8.6,35.5,7.8,989,735,64,-55.93,1244
1975,3425410,NA,37.898448,-122.313558,-9999,13.8,14.9,15.8,15.4,21.2,20.4,20.9,21.3,22.3,19.9,17.1,15.2,4,6.7,7.3,6.3,9.9,11.1,11.8,12.2,12.2,9.9,6.3,5.1,8.9,10.8,11.5,10.9,15.5,15.7,16.4,16.7,17.2,14.9,11.7,10.1,51,156,151,48,2,1,1,2,1,67,16,12,-52.2,9.7,15,18.8,15.5,23.2,37.6,29.4,39.5,18.2,-26.5,-43.4,7,4,2,1,0,0,0,0,0,0,1,5,120,151,187,175,329,322,354,364,367,308,190,152,286,197,205,219,98,88,67,64,62,115,193,241,0,0,0,0,13,19,17,23,39,6,0,0,25,27,30,28,31,30,31,31,30,31,28,28,0,0,0,0,0,0,0,0,0,0,0,0,37.54,44.11,66.444,80.727,122.262,112.574,115.137,105.05,89.874,66.404,44.668,36.11,0,0,0,33.207,120.76,111.08,113.702,103.149,88.807,0,28.532,23.69,68,73,73,71,65,71,72,72,69,69,66,74,0.64,10.74,9.97,-0.39,-7.69,-6.75,-6.96,-7.04,-7.85,-0.28,-4.47,-4.05,14,17.5,20.9,19.8,5.4,7.8,11.7,9.5,9.7,12.6,16.3,14.6,263,200,5,84,-28.6,16.4,30.1,10.4,16,4,0,1,404,691,1040,865,748,522,218,370,0,13,59,45,81,89,92,89,1,0,0,0,113,269,333,201,0,154,328,117,72,70,72,68,7.33,1.89,-20.75,-12.6,13.4,17.2,8.9,8.3,508,7,46,2329.6,20,3019,1835,117,351,27,351,323,1,-6.4,34.6,7.1,916,599,70,-24.13,1401
1975,231694,NA,36.950879,-122.066217,-9999,16.9,15.8,16.6,15.4,19.8,19.4,20.3,20.9,21.5,19.8,18.6,17.6,2.9,5.3,5.6,4.8,8,9.6,10.5,10.7,10.2,7.4,4,3.3,9.9,10.6,11.1,10.1,13.9,14.5,15.4,15.8,15.9,13.6,11.3,10.4,55,174,166,50,2,3,4,9,2,67,22,15,-54.7,11.5,17.3,20.5,16.3,23.8,37.5,29.3,39.5,18.1,-27.6,-44.5,5,4,3,2,0,0,0,0,0,0,1,4,143,144,174,155,279,284,323,336,327,269,177,157,255,204,216,237,142,117,91,84,88,150,203,233,0,0,0,0,2,11,10,15,25,0,0,0,23,26,28,26,30,30,31,31,30,30,25,24,0,0,0,0,0,0,0,0,0,0,0,0,48.384,50.948,75.996,86.11,119.919,112.218,116.395,109.059,92.892,72.538,53.365,45.4,0,0,0,36.032,117.974,108.767,112.493,99.725,91.205,5.38,31.472,30.22,56,66,65,66,63,69,70,69,66,62,55,62,-1.12,11.84,10.67,-0.44,-7.16,-6.31,-6.61,-6.42,-7.76,-0.73,-5.26,-5.41,16,17.3,20.2,20,3.9,6.1,10.3,7.2,10,11.7,15.2,13.6,319,218,17,91,-29.2,18.1,30.2,10,15,5,0,2,418,607,943,772,722,595,291,441,0,2,36,25,73,85,92,84,1,1,0,0,139,282,338,219,0,154,321,128,61,65,69,61,5.31,3.07,-19.34,-13.76,12.7,15.9,9.9,6,569,20,39.9,780.7,20,2766,2019,64,333,63,332,269,2,-10.2,34.8,7.3,978,603,64,-24.73,1173
1976,2275918,NA,37.42756,-122.17152,-9999,17.1,16.4,17.7,19.7,24.5,27.7,27.3,26.9,26.2,24.9,20.4,17.4,2.6,4.8,4.6,6.2,8.9,10.7,12.1,12.7,12.3,9.9,7.7,2.8,9.8,10.6,11.1,13,16.7,19.2,19.7,19.8,19.2,17.4,14.1,10.1,9,39,33,25,1,1,1,10,15,13,25,37,-54.8,12,18.9,22.8,9.7,26.9,27.6,26.4,38.6,16.6,-27.8,-44.5,5,4,3,1,0,0,0,0,0,0,1,5,146,148,180,232,364,426,457,458,426,384,260,153,257,203,214,164,72,28,17,19,34,61,133,243,0,0,0,2,24,68,72,75,71,31,6,0,22,25,27,28,31,30,31,31,30,31,29,23,0,0,0,0,0,0,0,0,0,0,0,0,48.101,52.859,82.219,106.628,149.336,169.17,163.731,143.453,112.693,88.514,53.341,44.498,39.246,13.778,48.812,81.394,148.135,167.741,163.151,133.318,97.658,75.833,28.281,7.329,55,63,59,58,54,51,56,59,59,56,61,61,-5.84,-2.12,-3.45,-5.22,-10.6,-13.09,-12.37,-10.76,-9.76,-9.52,-5.34,-3.26,16.5,20.6,27.3,23.8,3.8,6.6,11.9,10,10.2,13.6,19.6,16.9,58,60,12,53,-29.1,17.1,27,9.1,14,3,0,1,447,776,1341,1071,704,450,65,228,0,27,215,108,73,86,92,90,0,0,0,0,141,338,476,255,84,278,464,202,60,57,55,59,-11.22,-19.28,-36.22,-24.63,15.1,19.8,9.8,9.9,210,28,119.4,696.6,18,3635,1447,349,337,56,344,287,0,-8.2,38.5,6,1210,1028,57,-91.34,1962
1976,5504847,NA,37.6553,-122.0567,-9999,16,15.6,16.9,18.1,23,25.6,25.6,24.4,24.8,23.9,19.4,16.4,2.2,4.7,4.5,6.1,9.1,10.8,12.4,12.8,12.7,10.5,8.1,2.8,9.1,10.2,10.7,12.1,16,18.2,19,18.6,18.8,17.2,13.7,9.6,9,44,38,29,1,2,1,13,16,16,30,41,-54.2,11.5,18.2,21.5,12.3,25.4,30.7,28,39.1,16.9,-27.3,-44.1,6,4,3,1,0,0,0,0,0,0,1,5,128,138,167,208,343,395,435,422,413,377,251,139,279,216,229,187,87,42,24,32,40,65,141,259,0,0,0,0,18,49,55,51,62,28,5,0,21,25,27,28,31,30,31,31,30,31,30,23,0,0,0,0,0,0,0,0,0,0,0,0,45.264,49.904,78.105,97.245,137.898,152.851,149.047,125.751,102.964,82.783,49.514,41.574,35.872,5.976,40.371,68.684,136.67,150.444,148.472,112.585,86.609,66.842,19.945,0.913,57,65,61,62,58,57,61,65,64,60,65,64,-5.01,-1.24,-2.6,-3.93,-9.37,-10.97,-10.69,-8.29,-8.27,-8.28,-4.21,-2.17,15.6,19.3,25.2,22.7,3.6,6.6,12,10.4,9.6,12.9,18.6,16.6,64,68,16,62,-28.9,17.3,28,9.6,16,4,0,1,404,718,1252,1041,756,503,97,245,0,18,155,95,72,86,92,90,0,0,0,0,133,313,428,235,68,246,412,173,62,61,61,63,-8.43,-15.89,-29.96,-20.77,14.4,19,9.1,9.9,240,34,102,563.7,21,3416,1599,268,337,55,345,290,1,-9,37.1,6.5,1109,899,61,-75.04,1775
1976,1176,NA,34.03974,-118.589581,-9999,22.6,19.3,20.1,18.4,21.7,24.3,23.7,24,23.4,24.9,25.1,22.3,7.6,8.9,8.3,9,13.2,14.2,16.2,15.2,17.4,14.4,12.6,8.7,15.1,14.1,14.2,13.7,17.4,19.2,20,19.6,20.4,19.6,18.8,15.5,2,115,34,19,2,2,0,4,44,6,12,17,-57,12.2,18.5,19.4,21,20.8,39.5,31.4,41.9,18.8,-28.2,-45.2,1,1,1,0,0,0,0,0,0,0,0,1,296,238,268,257,386,427,464,453,462,452,401,307,111,120,134,143,59,28,15,21,24,31,42,104,17,7,7,4,31,68,78,71,96,67,58,22,31,28,31,30,31,30,31,31,30,31,30,31,0,0,0,0,0,0,0,0,0,0,0,0,67.054,62.53,92.437,94.622,115.545,133.283,118.42,116.642,81.419,86.315,69.525,59.655,64.598,0,58.047,75.52,113.557,130.95,118.325,112.338,37.054,80.202,57.128,43.05,55,67,64,71,74,69,77,73,82,69,63,62,-9.28,4.63,-4.06,-4.29,-7.02,-8.76,-7.7,-7.89,-2.52,-8.75,-8.98,-7.38,20.8,20,24,24.5,8.3,10.2,15.2,14.8,14.5,15.1,19.6,19.6,123,55,7,63,-30,19.6,30.5,10.8,4,2,0,0,809,911,1344,1315,361,335,64,96,37,41,217,220,90,92,92,91,0,0,0,0,184,303,368,237,114,247,362,174,62,69,73,71,-12.04,-15.37,-24.35,-20.26,17.3,20.4,13.7,6.7,259,53,105.4,384.5,5,4411,831,524,365,0,365,365,0,0.7,38.9,7.7,1093,897,69,-72.02,2654
1976,3904095,NA,34.533002,-117.283871,-9999,17.6,17,19.1,21.2,29.3,33.1,35.7,33.4,28.9,26,21.5,16.4,-1,1.7,1.9,4.1,10.4,12.6,17.2,14.2,13.8,7.4,3.6,-2.2,8.3,9.3,10.5,12.7,19.8,22.8,26.4,23.8,21.3,16.7,12.5,7.1,1,41,12,6,3,1,4,1,53,6,5,4,-55.6,15,22.2,25.8,12.3,29.9,29.4,30.1,41.9,17.5,-28.3,-44.6,8,5,3,1,0,0,0,0,0,0,1,10,120,132,177,229,458,535,663,582,490,362,224,91,305,238,234,172,28,7,1,3,17,74,173,335,0,0,1,6,78,150,262,181,117,30,5,0,12,18,21,25,31,30,31,31,30,30,24,9,0,0,0,0,0,0,0,0,0,0,0,0,58.189,63.26,98.075,123.479,183.576,206.933,216.473,191.262,131.109,104.765,67.508,51.107,57.082,22.721,85.711,117.828,180.261,205.674,212.936,190.339,78.34,98.862,62.858,46.72,44,53,48,49,47,45,50,48,57,47,47,47,-7.31,-3.13,-7.66,-9.5,-16.02,-20.43,-22.3,-20.45,-9.46,-12.96,-9.87,-5.86,17.2,23.2,34.1,25.5,0.1,5.5,14.7,8.2,8.6,14.3,24.4,16.9,46,21,6,63,-28.4,20.1,29.8,10.4,21,4,0,1,370,864,1779,1076,842,434,10,264,0,85,594,152,44,77,92,83,0,0,0,0,173,405,615,303,127,384,609,240,48,48,48,50,-16.29,-33.17,-63.18,-32.29,16,26.4,7.1,19.3,136,62,190.3,427.9,29,4063,1587,831,292,98,314,216,0,-19.6,45.5,8,1496,1360,48,-144.93,2418
1976,3440200,NA,35.098215,-120.579118,-9999,20.7,18.5,18.6,16.9,19.7,21.2,20,19.8,20.1,21.9,23.1,20.8,2.9,5.7,5.3,5.9,8.7,10.2,11.7,12,13,10.8,7.8,2.6,11.8,12.1,11.9,11.4,14.2,15.7,15.8,15.9,16.6,16.4,15.4,11.7,5,96,40,28,2,2,0,9,54,13,23,35,-57,13.5,19.6,21,18.4,23.1,39.7,30.9,40.8,18.6,-28.5,-45.5,3,3,2,1,0,0,0,0,0,0,0,3,189,179,197,191,287,320,337,338,348,352,297,190,197,171,194,205,134,89,79,82,73,81,101,201,0,0,0,0,3,18,13,16,32,14,11,0,23,26,28,28,30,30,31,31,30,31,29,22,0,0,0,0,0,0,0,0,0,0,0,0,62.987,62.905,89.512,93.998,118.187,124.479,109.71,97.999,78.127,78.792,66.93,58.448,58.302,0,49.613,65.804,115.952,122.61,109.659,89.254,24.389,65.294,44.373,23.912,47,60,59,65,66,66,74,76,78,66,54,50,-8.58,2.54,-3.21,-3.24,-6.88,-7.55,-6.45,-5.38,-0.78,-6.74,-7.56,-5.76,19.5,18.4,20.3,21.7,3.9,6.6,11.3,10.5,11.7,12.5,15.8,16.1,106,70,11,90,-29.7,19.7,31.2,10.3,9,3,0,0,546,675,995,998,581,533,251,255,0,3,47,57,73,87,92,90,0,0,0,0,180,302,332,224,108,231,322,134,52,63,72,66,-11.81,-13.33,-19.39,-15.09,14.1,16.6,11.4,5.2,306,67,78.6,249,12,3226,1607,107,340,50,350,300,0,-8.6,35.5,7.9,1038,795,63,-59.61,1558
1976,3425410,NA,37.898448,-122.313558,-9999,16,15.9,17.3,17.7,21.7,23.2,22.1,21.3,22.6,23.4,19.6,16.5,3.4,5.9,5.5,7.1,9.7,11.4,12.7,13.1,13.1,10.9,9.3,3.8,9.7,10.9,11.4,12.4,15.7,17.3,17.4,17.2,17.8,17.1,14.4,10.1,11,45,35,34,1,1,0,8,14,11,28,38,-53.9,10.9,17.7,20.1,14.4,23.8,36.5,29.7,39.5,17.1,-27.1,-44,5,4,3,1,0,0,0,0,0,0,0,5,140,153,184,216,334,369,384,380,384,376,270,152,262,195,208,179,94,56,46,54,52,65,123,241,0,0,0,0,15,36,28,29,47,27,7,0,24,26,28,29,31,30,31,31,30,31,30,25,0,0,0,0,0,0,0,0,0,0,0,0,43.756,48.678,77.652,91.75,126.977,132.955,120.439,101.424,88.703,78.858,47.814,40.527,32.814,3.328,42.716,58.177,125.867,131.636,120.082,93.028,74.516,67.557,19.747,2.14,60,68,63,67,63,64,71,74,71,63,68,67,-4.84,-0.96,-2.85,-2.88,-8.19,-8.78,-7.65,-6.14,-6.48,-8.07,-4.12,-2.41,15.7,18.9,22.2,21.8,4.8,7.5,12.4,11.1,10.2,13.2,17.3,16.5,69,70,10,54,-29,17.4,30,9.8,14,3,0,1,445,734,1133,1031,698,481,156,241,0,15,92,81,79,88,92,91,0,0,0,0,129,296,355,215,60,227,345,162,65,64,70,67,-8.22,-13.93,-22.57,-18.67,14.3,17.8,9.7,8.1,228,25,106.6,702.1,17,3343,1575,188,347,35,352,317,0,-6.4,34.6,7,995,793,66,-63.38,1683
1976,231694,NA,36.950879,-122.066217,-9999,18.2,16.9,17.9,17.5,20.1,22.7,21,21.6,21.9,22.4,21.8,18.8,2.1,4.1,4,5.6,8,9.5,11.2,11.9,11.3,9,6.5,1.9,10.1,10.5,10.9,11.6,14.1,16.1,16.1,16.7,16.6,15.7,14.1,10.3,16,63,55,47,3,4,2,15,30,21,42,58,-55.7,12.9,19.6,21.6,15.9,24,36.9,29.2,39.5,17.4,-28.6,-45,5,4,3,1,0,0,0,0,0,0,1,4,149,143,171,193,285,332,346,364,347,333,260,156,248,205,221,201,136,80,73,64,74,95,131,235,0,0,0,0,3,22,15,23,31,10,4,0,21,24,26,28,30,30,31,31,30,31,28,20,0,0,0,0,0,0,0,0,0,0,0,0,52.51,56.042,84.731,96.156,121.879,136.963,119.196,109.449,92.108,80.991,59.924,49.327,36.02,0,29.636,48.881,119.017,133.348,117.566,94.779,62.465,59.756,17.775,0,51,60,57,62,63,60,70,70,67,59,54,56,-5.91,-0.11,-1.46,-1.74,-7.26,-8.7,-7.16,-6.03,-4.95,-6.87,-4.9,-2.17,17.6,18.5,21.8,22,3.2,5.9,10.9,8.9,10.4,12.2,16.3,15.5,95,105,20,93,-29.3,19,30,9.5,13,4,0,1,450,649,1042,940,686,559,216,300,0,3,60,45,68,84,92,89,0,0,0,0,154,303,366,233,66,198,346,140,55,61,67,60,-8.19,-10.47,-21.89,-16.73,13.6,16.7,10.1,6.6,355,52,66.4,318.9,18,3079,1764,108,329,67,337,270,1,-10.2,34.8,7.3,1055,749,60,-57.28,1446
1977,2275918,NA,37.42756,-122.17152,-9999,14.8,18.6,17.3,22.5,20.8,25.7,28,27.6,25.7,23.7,19.4,16.4,3.6,5.8,4.7,6.8,8,11.5,11.5,13,12.1,9.9,6.9,6.9,9.2,12.2,11,14.6,14.4,18.6,19.7,20.3,18.9,16.8,13.1,11.7,33,24,45,4,17,1,1,1,17,8,49,101,-53,12.6,18.5,24.3,14.8,24.5,26.3,26.1,38.7,17,-27.5,-43.6,6,2,3,0,0,0,0,0,0,0,1,3,131,188,176,282,294,408,457,473,416,365,234,194,277,167,220,118,128,36,17,15,38,73,157,202,0,2,0,10,7,56,71,87,64,24,3,3,25,26,27,29,30,30,31,31,30,31,29,31,0,0,0,0,0,0,0,0,0,0,0,0,41.336,58.557,80.15,121.038,125.93,151.772,170.231,147.526,110.151,83.396,51.389,37.726,7.984,34.566,34.695,117.333,109.035,151.132,169.521,146.63,93.564,74.902,2.156,0,64,60,60,53,61,58,53,58,60,59,61,54,-1.76,-4.71,-1.98,-9.22,-6.34,-10.96,-13.17,-12.29,-9.17,-8.91,-2.43,4.55,17,20.2,27.1,22.9,4.1,6.5,12,9.6,10.5,13.3,19.5,16.3,95,66,2,74,-28,19.2,25.6,9.4,13,3,0,1,473,752,1337,1015,687,466,68,268,2,17,215,91,74,86,92,89,0,0,0,0,144,327,470,245,50,261,467,171,60,58,56,60,-1.92,-17.54,-36.42,-20.51,15,20.3,9.2,11.1,301,36,83.2,567.3,16,3618,1448,328,349,44,349,305,1,-8.2,38.5,6.6,1186,949,60,-76.38,1939
1977,5504847,NA,37.6553,-122.0567,-9999,13,17.7,16.4,21.3,18.5,24,26.2,25.7,24.1,22.7,19,15.4,3.2,5.6,4.7,7.2,7.9,11.6,11.8,13.2,12.6,10.4,7,7,8.1,11.7,10.5,14.3,13.2,17.8,19,19.5,18.4,16.5,13,11.2,40,28,54,7,23,1,1,1,16,9,70,114,-51.8,12.1,17.7,23,18.6,22.8,29.4,27.4,39.3,17.3,-27.3,-43.1,8,3,3,0,0,0,0,0,0,0,1,3,105,173,164,271,257,385,434,448,400,358,230,182,311,182,234,128,162,47,24,22,45,77,160,214,0,1,0,8,1,43,55,68,55,22,3,2,24,26,27,29,30,30,31,31,30,31,29,31,0,0,0,0,0,0,0,0,0,0,0,0,36.653,55.272,75.579,113.155,110.167,138.881,155.915,133.355,99.934,77.663,49.504,34.53,0,26.844,21.502,106.391,87.046,137.91,155.26,132.296,84.05,69.099,0,0,68,62,63,57,67,63,58,63,65,63,63,57,-0.08,-3.78,-0.65,-8.03,-4.28,-9.54,-11.45,-10.51,-7.84,-8.04,-0.09,6.37,15.7,18.7,25.3,21.9,3.9,6.6,12.2,10,9.8,12.6,18.8,16,109,84,3,95,-27.6,19.8,26.5,9.8,17,4,0,1,420,692,1267,989,752,525,92,282,1,10,166,79,73,86,92,90,1,0,0,0,133,299,428,227,28,215,425,153,62,62,61,64,2.51,-12.96,-31.5,-15.97,14.4,19.5,8.1,11.3,363,42,67.3,466.9,19,3409,1607,259,348,44,351,307,1,-9,37.1,7.1,1088,821,64,-57.91,1763
1977,1176,NA,34.03974,-118.589581,-9999,19.3,23.2,18.7,21.5,18,22.6,25.1,25.1,24.1,24.5,24,20.6,8.8,10.1,7.3,10.8,10.9,14.5,15.5,17.4,15.4,14.1,11.7,11.7,14.1,16.6,13,16.2,14.4,18.5,20.3,21.3,19.8,19.3,17.8,16.1,103,9,41,1,28,1,0,18,1,1,4,133,-54.5,13.6,18.2,20.5,24.6,19.8,36.9,31.5,41.8,18.9,-27.9,-44.3,2,1,2,0,0,0,0,0,0,0,0,1,265,312,234,329,295,405,475,504,442,442,372,328,137,68,166,82,127,37,13,10,29,35,55,90,11,27,3,20,5,55,86,111,81,61,43,29,31,28,30,30,31,30,31,31,30,31,30,31,0,0,0,0,0,0,0,0,0,0,0,0,54.331,75.483,87.895,109.347,96.33,116.724,135.513,114.253,96.129,85.331,67,49.005,0,66.189,46.474,108.494,68.518,116.143,135.45,95.953,94.819,84.344,63.238,0,67,61,64,67,78,75,71,77,74,69,63,59,3.47,-8.43,-2.73,-7.76,-2.66,-7.39,-9.21,-6.58,-8.21,-9.06,-9.16,6.44,21.6,19.4,24.3,24.2,9.2,9.7,15.8,13.7,15.4,14.5,20,19,129,70,19,6,-28.4,21.1,29.4,10.9,3,2,0,0,886,858,1384,1255,310,375,59,119,60,28,252,185,90,91,92,91,0,0,0,0,189,294,366,248,109,223,348,242,62,70,74,68,1.48,-13.15,-23.19,-26.43,17.3,21.3,13,8.3,341,48,80,442.9,5,4402,850,532,364,4,365,361,0,0.7,38.9,8.3,1098,923,70,-61.29,2640
1977,3904095,NA,34.533002,-117.283871,-9999,13.8,20.7,17.3,25.2,22.1,34,37.2,35.4,31.3,28,21.5,17.3,-0.5,1.8,0.3,6,7.3,14.3,16.8,17.3,12.4,8.4,3,2.5,6.7,11.3,8.8,15.6,14.7,24.2,27,26.4,21.9,18.2,12.3,9.9,30,4,12,1,25,2,1,33,1,1,2,50,-53.3,16.6,22.1,26.8,18.4,26.7,28,29.9,41.1,17.1,-28.3,-44.6,12,3,5,0,0,0,0,0,0,0,1,5,85,177,134,316,303,574,681,661,505,409,218,158,355,192,287,94,120,4,0,1,15,48,179,250,0,2,0,21,14,189,280,260,130,51,5,2,14,18,16,28,30,30,31,31,30,30,22,22,1,0,0,0,0,0,0,0,0,0,0,0,47.832,75.469,91.696,143.33,140.645,209.783,230.633,196.574,148.346,112.093,68.173,50.587,18.073,71.92,79.537,142.471,115.705,208.162,229.635,163.211,147.026,110.943,66.044,0.165,54,44,48,45,55,47,46,51,48,45,46,44,-1.76,-9.76,-6.12,-13.05,-7.56,-21.17,-25.37,-18.86,-18.09,-15.27,-10.3,-2.45,17,21.6,35.5,26.9,-0.3,4.5,16.2,8,8.4,13,25.9,17.5,38,38,36,5,-27.1,22.4,28.2,9.9,26,6,0,1,354,753,1916,1132,881,501,5,242,2,36,729,186,41,74,92,83,1,0,0,0,174,376,637,329,137,338,601,324,47,49,48,46,-13.97,-26.73,-65.41,-43.66,16.4,27,6.7,20.3,162,62,162.7,434.2,27,4221,1544,954,302,100,315,215,1,-19.6,45.5,8.4,1516,1399,49,-149.76,2557
1977,3440200,NA,35.098215,-120.579118,-9999,18.1,21.3,17.5,20.4,16.6,19.8,20.8,21.7,20.9,21.6,22.2,19.8,4.4,5.4,3.5,6,7.6,11.1,10.7,12.8,11.2,9.3,7.8,8.3,11.2,13.3,10.5,13.2,12.1,15.4,15.8,17.2,16,15.4,15,14.1,41,5,39,2,37,1,0,1,1,3,12,123,-55.1,15,20.1,23.8,22.1,21.6,37.5,30.3,40.6,18.5,-28.2,-44.7,4,2,3,1,0,0,0,0,0,0,0,2,178,216,162,241,225,313,335,380,332,325,286,264,212,139,234,157,192,94,81,54,84,102,110,138,0,4,0,2,0,16,13,29,26,7,9,11,26,26,25,28,30,30,31,31,30,31,29,31,0,0,0,0,0,0,0,0,0,0,0,0,54.233,72.877,87.195,113.992,100.508,109.746,121.44,108.735,90.127,81.035,64.278,50.099,13.171,67.928,48.367,112.168,63.983,108.91,121.398,107.742,88.892,77.979,52.163,0,57,52,57,56,71,73,69,73,70,62,56,46,-2.96,-8.52,-2.98,-8.03,-1.88,-6.42,-7.36,-7.23,-7.18,-8.02,-7.96,5,20.1,18.2,20.8,21.6,4.1,5.7,11.5,9.4,12.1,11.9,16.2,15.5,81,77,2,16,-28.2,22,29.8,10.3,8,4,0,1,585,627,1028,943,551,583,229,296,4,2,58,43,74,83,92,90,0,0,0,0,186,302,340,235,105,225,338,219,52,61,71,63,-6.49,-12.89,-21.02,-23.16,14.1,17.2,10.5,6.7,265,40,91.2,434.9,12,3256,1596,117,347,50,346,296,1,-8.6,35.5,8.5,1063,887,63,-63.55,1564
1977,3425410,NA,37.898448,-122.313558,-9999,13.2,18.2,16.8,20.8,17.5,21.7,22.5,22.4,21.8,21.9,19,15.5,4.2,6.8,5.8,8.3,8.7,12.1,12,13.5,13,11,8.1,8,8.7,12.5,11.3,14.6,13.1,16.9,17.2,17.9,17.4,16.5,13.5,11.7,42,31,53,6,19,1,0,1,21,9,95,106,-51.6,11.6,17.1,21.7,20.7,21.4,35.1,29.2,39.6,17.6,-27,-42.9,7,2,3,0,0,0,0,0,0,0,1,3,116,193,183,280,255,356,380,401,371,356,244,194,293,161,210,120,164,63,49,41,60,79,147,200,0,2,0,9,0,30,26,39,41,20,3,2,26,27,29,30,30,30,31,31,30,31,30,31,0,0,0,0,0,0,0,0,0,0,0,0,35.562,54.902,75.13,107.306,100.052,119.089,126.609,107.452,84.301,72.508,47.671,32.974,0,23.984,21.918,101.101,80.62,118.473,126.22,106.774,63.137,63.647,0,0,70,64,65,61,72,70,68,73,73,67,66,60,0.12,-3.54,-0.73,-7.4,-3.81,-7.53,-8.16,-7.55,-5.21,-7.18,2.71,5.8,16,18.4,22.2,20.9,4.9,7.6,12.5,10.7,10.4,13,17.4,15.8,111,79,2,125,-27.6,19.8,28.6,10.1,14,3,0,1,462,718,1138,971,695,494,154,285,2,9,95,64,79,89,92,91,1,0,0,0,131,282,353,204,26,204,351,127,65,66,70,68,2.38,-11.93,-23.24,-9.67,14.3,17.9,8.7,9.2,385,42,63.1,424,16,3329,1586,173,356,25,357,332,1,-6.4,34.6,7.7,971,708,69,-42.46,1675
1977,231694,NA,36.950879,-122.066217,-9999,16.3,19.3,17.3,19.9,17.2,20.4,21.8,22.1,21.6,21.4,20.2,17.4,3.2,5.2,3.9,5.7,7.4,10.4,10.5,12.1,11,8.6,6,6.4,9.8,12.2,10.6,12.8,12.3,15.4,16.2,17.1,16.3,15,13.1,11.9,59,33,59,6,32,2,2,1,26,10,55,156,-54.2,13.5,19.3,23.4,20,22.2,35.1,29,39.6,17.7,-28,-44.1,5,2,3,1,0,0,0,0,0,0,1,3,141,184,162,227,231,311,347,376,340,311,229,196,260,167,233,169,186,96,72,56,79,112,159,196,0,0,0,0,0,16,15,28,29,5,0,2,24,25,26,28,30,30,31,31,30,30,28,30,0,0,0,0,0,0,0,0,0,0,0,0,46.641,62.494,82.362,109.264,103.754,116.491,127.832,112.905,91.194,77.502,55.806,42.117,0,29.227,23.167,103.679,72.142,114.236,125.938,111.495,65.076,67.695,0.569,0,59,57,58,56,69,69,66,69,68,61,57,49,-0.29,-4.33,-0.74,-7.38,-2.72,-6.88,-7.89,-7.73,-5.17,-7.37,-2.55,9.36,18.1,18.1,21.4,21.1,3.4,5.6,11,8.5,10.8,11.9,16.2,14.8,150,96,6,91,-28.3,20.9,28.8,9.8,12,4,0,1,481,620,1034,880,662,588,224,350,0,0,59,34,69,83,92,88,1,0,0,0,158,295,357,225,29,199,352,133,55,61,68,62,4.74,-10.83,-22.49,-15.09,13.5,17.1,9.8,7.3,441,63,53.4,270.3,16,3055,1784,95,342,59,341,283,1,-10.2,34.8,7.8,1036,713,63,-43.68,1415
1978,2275918,NA,37.42756,-122.17152,-9999,15.6,16.2,19.5,19.8,26.5,25.8,27.7,28,28,24.8,17.1,13.5,7.3,7.2,9.4,7.7,9.7,11.1,12.1,12.4,11.8,10,5.3,2.2,11.5,11.7,14.5,13.7,18.1,18.5,19.9,20.2,19.9,17.4,11.2,7.9,178,102,112,75,1,1,0,1,9,1,49,18,-52.3,10.4,16.4,21.4,7.2,27.8,27.1,25.7,37.9,16.6,-26.7,-43.3,3,3,1,0,0,0,0,0,0,0,2,9,189,175,279,256,406,404,462,470,447,383,179,99,206,181,126,142,48,38,16,16,28,61,206,312,3,1,12,6,43,54,76,84,84,32,0,0,31,28,31,29,31,30,31,31,30,31,27,21,1,0,0,0,0,0,0,0,0,0,0,0,38.651,48.448,80.238,103.017,161.418,154.296,166.271,151.921,124.087,87.945,46.788,36.035,0,0,0,28.037,160.518,153.57,165.856,151.325,115.524,86.5,0,17.924,73,71,69,63,52,57,55,55,53,56,63,70,12.76,4.79,4.44,0.09,-12.25,-11.23,-12.72,-12.9,-12.39,-10.53,-1.41,-2.49,16.1,21.9,27.2,23.3,7.1,9,11.9,9,11.6,15.4,19.5,16.2,381,188,2,59,-28.4,15,26.9,9.3,9,1,0,2,559,941,1336,1008,589,316,69,295,8,61,214,117,89,91,92,87,1,0,0,0,125,345,472,259,0,189,471,202,71,61,56,57,15.06,-7.72,-36.85,-24.33,15.4,20.2,7.9,12.3,547,11,46.4,1800.9,18,3748,1379,396,350,30,349,319,1,-8.2,38.5,5.7,1201,861,61,-53.84,2080
1978,5504847,NA,37.6553,-122.0567,-9999,14.6,15.2,18.5,17.9,24.3,23.9,26,26.2,26.2,24,16.6,12.3,7.2,6.9,9.3,7.6,9.9,11.1,12.3,12.8,12.2,10.6,5.5,2.2,10.9,11.1,13.9,12.8,17.1,17.5,19.1,19.5,19.2,17.3,11,7.2,210,117,147,92,1,1,0,1,8,1,62,18,-51.5,9.8,15.6,19.9,10.8,25.7,30.1,27,38.7,16.9,-26.5,-42.9,4,3,1,1,0,0,0,0,0,0,2,10,175,162,261,227,376,374,439,450,426,381,173,86,225,197,142,169,64,52,22,22,35,62,210,331,2,0,8,2,30,38,58,69,70,31,0,0,31,28,31,29,31,30,31,31,30,31,27,21,1,0,0,0,0,0,0,0,0,0,0,0,35.475,45.086,74.905,92.085,144.865,139.254,152.367,138.302,112.228,82.968,44.795,32.853,0,0,0,0.385,143.525,138.128,151.934,137.478,104.162,81.829,0,14.927,76,73,71,67,57,62,60,60,59,60,65,73,16.44,6.75,8.5,2.85,-10.24,-9.52,-11.09,-11.14,-10.55,-9.81,0.21,-1.88,15.1,20.2,25.3,22.3,7,8.9,12.1,9.4,11.1,14.6,18.7,15.8,441,240,2,72,-28.2,15.4,27.6,9.7,11,2,0,2,520,864,1262,980,637,376,96,307,4,41,165,102,89,91,92,88,1,0,0,0,115,312,430,240,0,144,428,186,74,65,61,61,21.31,1.11,-31.75,-20.16,14.7,19.5,7.2,12.3,660,12,37.5,1654.4,21,3528,1532,310,350,27,352,325,2,-9,37.1,6.1,1097,757,65,-29.48,1885
1978,1176,NA,34.03974,-118.589581,-9999,18.7,19.2,20.6,18.3,23.5,24.1,25,24.7,25.5,25.2,20.1,17.9,10.5,9.6,12,10.5,12.6,14.7,15,16.1,15.7,15.7,9.7,6.3,14.6,14.4,16.3,14.4,18,19.4,20,20.4,20.6,20.5,14.9,12.1,194,226,197,45,1,0,0,1,17,3,55,47,-53.3,11.6,15.8,17.9,17.9,22.7,36.8,31.3,41.6,18.9,-26.8,-44.3,1,1,1,0,0,0,0,0,0,0,0,3,283,248,333,277,404,430,465,477,468,478,285,207,123,114,84,124,49,27,15,14,22,24,113,191,14,9,24,8,40,70,78,90,100,87,11,3,31,28,31,30,31,30,31,31,30,31,30,30,0,0,0,0,0,0,0,0,0,0,0,0,48.972,60.424,84.535,88.612,132.839,128.785,136.357,118.078,104.468,84.195,56.365,49.388,0,0,0,43.334,131.493,128.288,136.292,116.72,87.809,81.246,1.652,2.83,74,70,73,75,67,72,70,74,71,72,68,72,13.35,15.99,12.89,-1.25,-8.67,-8.55,-9.24,-8.46,-7.81,-8.9,-1.66,-1.93,19.5,20.8,24.6,23.6,10.6,11.7,15.3,13.7,15,16.2,19.9,18.7,553,244,2,74,-28.7,17.2,30.3,11.2,4,1,0,0,859,1015,1372,1231,327,257,57,159,53,72,238,197,90,92,92,91,0,0,0,0,158,306,383,245,0,175,381,171,72,72,72,70,27.41,2.97,-26.25,-18.37,17.1,20.6,12.1,8.5,787,20,34.5,1034.4,7,4356,899,534,364,0,365,365,0,0.7,38.9,7.5,1093,727,71,-14.23,2602
1978,3904095,NA,34.533002,-117.283871,-9999,13.3,16,19.7,20.1,28.5,34.3,37.2,35.7,31,29.1,17.2,13,1.2,2.1,5.1,5,9.1,13.9,16.4,15.6,12,9.9,1,-3.2,7.3,9,12.4,12.5,18.8,24.1,26.8,25.7,21.5,19.5,9.1,4.9,53,71,64,17,2,1,2,4,13,3,14,22,-52.7,14.3,20.4,24.3,12.6,30.5,27.9,29.6,41.1,16.9,-27.1,-43.8,11,6,2,1,0,0,0,0,0,0,3,19,99,127,231,227,427,573,674,639,493,449,139,52,336,247,182,175,39,4,1,1,17,32,267,405,0,0,6,7,61,187,273,239,120,77,0,0,18,19,28,27,31,30,31,31,30,31,17,7,1,0,0,0,0,0,0,0,0,0,0,1,45.129,59.833,96.107,115.277,180.835,213.278,231.48,203.924,147.2,115.285,56.973,43.307,0,0,31.811,98.523,178.394,212.55,229.45,200.376,133.717,111.939,43.188,21.663,61,56,56,54,46,45,46,47,48,46,50,55,0.72,0.66,-2.21,-7.3,-15.56,-21.89,-25.37,-23.1,-16.56,-15.97,-5.93,-1.78,15.6,22.7,35.7,25.8,1.9,6.4,15.3,7.6,8.7,14.6,25.5,16.7,174,83,6,31,-27.4,19.1,29.4,10.3,21,3,0,3,384,884,1886,1080,833,396,6,316,2,73,698,197,59,85,92,78,1,0,0,0,156,392,649,319,0,309,642,289,57,52,46,48,-0.4,-25.06,-70.36,-38.46,16,26.8,4.9,21.9,266,22,97.8,1205.3,41,4128,1706,969,300,97,318,221,1,-19.6,45.5,7.8,1516,1240,50,-134.28,2543
1978,3440200,NA,35.098215,-120.579118,-9999,17.6,17.2,19.2,16.7,20.6,20.1,19.8,20.6,21.8,22.1,18.9,16.5,7.8,7.2,9.7,7.7,8.4,9.7,10.6,11.6,11.3,10,5.2,2.6,12.7,12.2,14.5,12.2,14.5,14.9,15.2,16.1,16.6,16.1,12,9.5,161,193,132,84,2,1,0,1,23,1,51,29,-53.7,11.7,16.4,19,16.7,24.2,39,30.5,40.4,18.4,-27.3,-44.4,2,2,1,1,0,0,0,0,0,0,1,5,222,185,275,211,298,296,318,345,348,343,200,136,173,167,127,185,124,108,95,77,73,87,185,260,5,0,8,0,5,13,10,18,32,13,0,0,31,28,31,29,30,30,31,31,30,31,27,22,0,0,0,0,0,0,0,0,0,0,0,0,48.191,55.817,82.336,87.213,126.142,118.078,113.814,105.862,94.808,81.821,56.765,47.167,0,0,0,3.607,124.344,116.807,113.771,104.966,72.036,80.703,5.847,18.45,69,68,70,71,62,68,71,72,68,63,58,64,10.07,13.34,6.63,2.84,-7.66,-6.98,-6.69,-6.84,-5.62,-8.4,-2.29,-3.38,18.2,18.8,20.2,20.9,7.8,8.6,10.6,8.9,13,13.7,15.4,14.9,477,217,2,75,-28.8,17.4,31.2,10.5,6,2,0,1,671,784,959,891,478,436,280,346,16,14,40,45,90,91,92,87,1,0,0,0,154,296,338,233,0,128,336,159,67,68,70,63,20.03,1.81,-20.51,-16.31,13.9,16.6,9.5,7.1,677,27,35.3,619.3,13,3177,1663,103,351,25,352,327,1,-8.6,35.5,7.6,1021,622,66,-14.98,1506
1978,3425410,NA,37.898448,-122.313558,-9999,14.7,15.8,19,17.7,23.1,21.4,22.4,22.7,23.8,23.5,16.9,12.8,8.3,8.1,10.4,8.7,10.8,11.7,12.4,13,12.8,11.3,6.5,3.2,11.5,11.9,14.7,13.2,16.9,16.6,17.4,17.9,18.3,17.4,11.7,8,228,123,131,91,1,1,0,1,11,1,52,16,-51,9.3,15,18.6,13.1,23.9,35.7,28.9,39.2,17.1,-26.4,-42.9,3,3,1,1,0,0,0,0,0,0,1,8,187,178,283,239,370,347,386,399,399,384,192,101,205,175,121,157,68,70,45,43,46,61,193,307,3,1,12,3,27,27,28,38,54,31,0,0,31,28,31,30,31,30,31,31,30,31,28,24,1,0,0,0,0,0,0,0,0,0,0,0,33.349,44.208,73.871,86.851,132.82,118.248,124.024,111.552,96.943,78.885,43.837,32.516,0,0,0,0,131.382,117.465,123.749,111.045,85.937,77.694,0,16.988,79,75,73,71,63,70,69,71,67,63,67,76,18.49,7.34,6.86,3.25,-8.87,-7.4,-7.97,-7.94,-7.9,-9.12,-0.75,-2.35,15.3,19.9,22.2,21.4,8.1,10,12.4,10.2,11.7,14.9,17.3,15.8,457,223,2,64,-28.2,15.6,29.5,10,9,1,0,1,560,892,1132,975,580,346,158,299,7,42,93,86,90,92,92,89,1,0,0,0,111,294,354,220,0,131,352,164,77,69,70,66,23.48,1.25,-23.31,-17.77,14.6,18.3,8,10.3,655,14,37.6,1305.6,17,3465,1491,225,356,12,357,346,1,-6.4,34.6,6.7,978,647,70,-16.34,1804
1978,231694,NA,36.950879,-122.066217,-9999,16.1,16.6,19.4,17.4,22.7,21,21.4,22.3,24.2,22.3,17.7,14.7,6.6,6.7,8.9,7.2,8.7,9.9,11.3,11.4,10.6,8.6,4.5,1.7,11.4,11.6,14.1,12.3,15.7,15.4,16.3,16.8,17.4,15.4,11.1,8.2,280,181,151,121,2,2,1,1,15,3,92,40,-53,11,16.9,20,12.4,25.6,36.4,28.7,38.9,17.5,-27.1,-43.8,3,3,1,1,0,0,0,0,0,0,2,8,184,171,266,214,332,312,352,367,371,325,173,104,208,183,136,181,95,95,68,62,59,102,208,302,2,0,8,0,14,16,17,24,41,10,0,0,30,27,31,29,30,30,31,31,30,30,25,20,1,0,0,0,0,0,0,0,0,0,1,0,42,51.062,82.065,91.256,137.681,122.992,121.768,116.678,106.839,80.882,50.347,39.852,0,0,0,0,135.655,121.182,120.575,115.686,92.1,78.173,0,0,70,69,67,68,58,66,69,67,59,59,59,65,22.57,12.43,8.27,6.05,-9.04,-7.49,-7.44,-8.11,-8.49,-8.68,2.4,-0.95,16.7,19.8,21.5,21.4,6.6,8.3,10.8,7.9,11.6,14,16.2,14.6,617,274,4,109,-28.6,16.4,30.2,9.8,9,2,0,2,553,812,1031,870,586,412,225,369,5,22,57,51,87,90,92,86,1,0,0,1,135,311,361,238,0,136,357,170,68,64,67,59,34.04,5.28,-23.03,-14.77,13.8,17.4,8.2,9.2,889,21,26.8,836.9,18,3171,1697,132,345,37,341,305,2,-10.2,34.8,6.9,1046,663,64,1.52,1526
1979,2275918,NA,37.42756,-122.17152,-9999,13.2,14.9,17.4,20.6,24.8,26.6,28,26.8,29.3,23.7,17.6,16.7,4.2,5,7.6,7.6,9.9,10.7,12.7,12.5,13.3,11.5,7,5.2,8.7,9.9,12.5,14.1,17.4,18.6,20.3,19.7,21.3,17.6,12.3,10.9,118,114,67,19,7,0,2,1,1,53,50,99,-51.6,11,16.2,22.2,9.9,26.1,27,26.4,37.7,17.2,-26.6,-44,7,5,2,0,0,0,0,0,0,0,1,4,121,136,221,266,383,409,475,454,488,390,212,177,292,221,178,132,60,35,13,20,18,58,178,217,0,0,3,8,33,57,86,72,116,35,1,2,26,25,31,29,31,30,31,31,30,31,29,28,1,0,0,0,0,0,0,0,0,0,0,0,36.254,47.585,74.53,108.095,148.469,161.217,166.786,143.513,127.841,80.141,46.062,40.625,0,0,7.672,88.962,141.881,160.724,164.916,142.716,126.71,26.769,0,0,71,68,69,60,56,54,56,58,54,63,67,63,7.72,6.24,0.71,-6.08,-10.03,-12.1,-12.7,-11.68,-14.02,-3.94,-1.21,3.81,13.9,20.9,27.1,23.5,3.8,8.4,12,10.6,8.8,14.7,19.5,17.1,250,93,3,105,-28.2,16.1,26.5,9.4,20,2,0,1,357,871,1338,1089,826,371,69,253,0,44,215,153,72,91,92,90,2,0,0,0,120,331,472,254,18,239,468,153,67,62,56,61,17.76,-15.39,-36.48,-19.18,15.3,21.3,8.7,12.6,531,11,47.6,1957.4,19,3732,1423,414,351,28,357,329,2,-8.2,38.5,6,1177,878,62,-53.29,2061
1979,5504847,NA,37.6553,-122.0567,-9999,12.5,14.2,16.5,18.9,23.1,25,26.2,25,28,22.3,17,15.7,4,4.8,7.4,7.5,10.1,10.8,12.9,12.7,13.7,11.8,7.1,5.1,8.2,9.5,12,13.2,16.6,17.9,19.5,18.8,20.9,17.1,12.1,10.4,150,134,77,26,8,1,2,1,1,53,64,115,-51.2,10.6,15.5,20.8,12.9,24.5,30.1,27.6,38.3,17.8,-26.3,-43.6,8,5,2,1,0,0,0,0,0,0,1,4,110,127,204,239,360,386,451,428,475,374,204,163,306,233,193,157,75,46,19,29,20,67,184,233,0,0,2,4,24,44,67,54,106,28,0,1,26,25,30,29,31,30,31,31,30,31,29,28,2,1,0,0,0,0,0,0,0,0,0,0,34.216,45.385,69.964,98.006,135.515,148.866,152.232,129.928,118.502,72.645,43.755,37.699,0,0,0,71.894,127.532,147.984,150.422,128.975,117.473,19.633,0,0,72,69,71,64,61,58,61,63,59,68,68,67,11.22,8.61,2.16,-4.32,-8.5,-10.63,-11,-10.02,-12.54,-2.84,0.46,5.9,13,19.5,25.4,22.4,3.7,8.3,12.1,10.9,8.3,13.9,18.7,16.7,301,111,4,118,-28,16.4,27.4,9.9,23,3,0,1,323,803,1265,1053,870,425,94,272,0,30,166,134,72,90,92,90,2,0,0,0,112,303,431,235,15,199,427,137,69,65,61,65,25.74,-10.66,-31.65,-14.92,14.7,20.9,8.2,12.6,630,13,39.1,1648.5,21,3521,1563,331,351,27,358,331,3,-9,37.1,6.4,1082,779,65,-31.49,1874
1979,1176,NA,34.03974,-118.589581,-9999,16.7,17.8,18.9,20.4,21.7,24.9,24.9,24.4,28.3,23,22,22.2,7.5,7.4,9.5,10.7,13.4,14.8,15.4,16.4,17.2,14.3,9.6,9.5,12.1,12.6,14.2,15.6,17.6,19.8,20.1,20.4,22.7,18.7,15.8,15.8,181,95,129,1,2,1,0,1,3,11,16,25,-53.1,12.2,16.4,19.7,21.2,20.6,37.1,31.5,41.2,19.3,-27.5,-45.1,3,2,1,0,0,0,0,0,0,0,0,1,210,201,273,311,389,444,469,477,530,422,313,322,189,157,133,96,57,23,14,14,11,42,92,96,4,3,9,16,34,79,82,90,150,51,20,27,31,28,31,30,31,30,31,31,30,31,30,31,0,0,0,0,0,0,0,0,0,0,0,0,47.899,59.224,82.494,102.724,114.638,134.839,133.996,114.355,117.153,76.987,63.317,58.236,0,0,0,101.526,113.06,134.156,133.937,113.399,114.526,65.679,46.897,33.356,70,67,71,70,74,70,71,76,68,73,62,64,12.49,3.27,6.49,-7.01,-7.01,-9.16,-9.05,-8.16,-11.29,-6.75,-6.89,-6.26,17.5,20.3,24.7,24.4,7.1,11.2,15.5,13.7,12.3,15.8,20.1,19.1,323,132,2,30,-28.7,19.1,29.7,11,8,1,0,0,620,973,1391,1266,537,286,51,146,12,60,251,221,89,92,92,91,1,0,0,0,157,300,383,257,3,215,381,227,67,72,72,68,9.51,-7.53,-26.37,-24.94,17.1,22.7,12.1,10.6,465,6,58.3,3847.8,8,4363,925,567,365,0,365,365,1,0.7,38.9,7.8,1097,826,69,-49.33,2591
1979,3904095,NA,34.533002,-117.283871,-9999,10.8,15.1,18,23.4,28.2,34.6,36.9,34.1,35.4,26.5,18.7,17.4,-1.7,-0.5,2.9,5.4,10,13.7,16.2,15.7,14.5,8.4,1,-0.2,4.5,7.3,10.5,14.4,19.1,24.2,26.6,24.9,24.9,17.5,9.8,8.6,47,29,43,1,4,1,5,8,2,7,1,4,-51.7,15.3,20.8,26.1,13.3,29.2,28.1,30.1,39.9,17.4,-27.5,-44.8,22,9,3,0,0,0,0,0,0,0,2,7,50,91,179,282,436,574,667,616,596,386,156,127,420,295,235,124,35,4,1,2,5,60,246,288,0,0,2,15,66,188,266,215,210,42,0,0,11,12,23,27,31,30,31,31,30,30,17,14,2,0,0,0,0,0,0,0,0,0,0,0,40.827,59.198,91.808,133.518,176.075,215.974,230.31,192.217,167.802,105.7,61.101,52.685,0,29.955,48.413,132.792,172.466,215.153,225.032,184.297,165.786,99.172,59.753,48.987,58,51,53,48,49,44,46,50,45,48,47,48,1.62,-2.64,-3.63,-11.48,-14.76,-22.38,-24.75,-20.19,-23.14,-13.17,-8.5,-7.01,13,23.2,35.2,26.8,-1.8,6.1,15.2,8,5.6,14.7,25.2,17.4,98,48,14,10,-27.1,20.1,29.1,9.9,51,4,0,3,193,896,1856,1139,1121,395,6,311,0,82,669,252,30,82,92,78,3,0,0,0,143,401,639,335,52,354,624,325,52,50,47,47,-8.02,-29.87,-67.32,-44.8,16,26.6,4.5,22,151,20,172,1352.3,45,4160,1715,1003,288,97,315,219,4,-19.6,45.5,8,1518,1354,49,-150.01,2575
1979,3440200,NA,35.098215,-120.579118,-9999,15.1,16.1,17.4,18.4,19.3,20.5,20.3,20.2,23.9,21.6,20.3,20.3,4.8,4.5,7.2,6.9,9.2,10,11.1,11.3,11.7,10.5,5.5,4.7,9.9,10.3,12.3,12.6,14.3,15.2,15.7,15.8,17.8,16.1,12.9,12.5,101,101,94,6,3,1,0,1,4,23,21,59,-52.9,12.8,16.9,21.5,19.3,22.3,38.6,30.5,40.1,18.7,-27.8,-45.2,5,4,2,1,0,0,0,0,0,0,1,2,147,140,211,224,290,307,333,335,384,343,226,217,254,212,185,173,132,99,83,85,52,87,163,180,0,0,0,0,4,15,12,15,47,14,0,4,27,24,30,29,31,30,31,31,30,31,27,27,1,0,0,0,0,0,0,0,0,0,0,0,44.927,56.111,79.043,100.384,113.841,120.55,115.625,104.457,105.883,78.238,60.877,55.396,0,0,0,94.819,111.136,119.679,115.583,103.476,101.384,55.546,40.076,0,67,63,68,64,68,67,71,72,63,66,55,56,4.85,4.25,3.37,-6.18,-6.48,-7.27,-6.89,-6.67,-8.97,-5.71,-6.21,-2.56,15.9,18.4,20.4,21.9,3.9,7.8,10.8,9.2,9.9,13.1,15.6,15.6,232,102,2,48,-28.4,19.2,30.5,10.3,15,3,0,1,425,725,975,954,727,489,266,303,0,4,42,60,74,90,92,88,1,0,0,0,148,293,341,245,18,206,339,197,62,67,70,61,6.54,-9.29,-20.82,-20.89,13.8,17.8,9.9,7.9,414,9,57.5,1957.5,15,3158,1705,111,348,34,352,317,1,-8.6,35.5,7.9,1027,760,65,-44.46,1491
1979,3425410,NA,37.898448,-122.313558,-9999,12.7,14.8,17,18.4,21.7,22.5,22.7,21.7,25.7,21.6,17.1,15.9,5.2,6,8.5,8.6,10.9,11.3,13.1,12.9,14.1,12.5,8.3,6.3,9,10.4,12.8,13.5,16.3,16.9,17.9,17.3,19.9,17,12.7,11.1,166,139,66,30,9,1,1,1,1,55,72,115,-50.8,10.1,14.9,19.3,15.5,22.8,35.8,29.4,38.9,18.1,-26,-43.4,7,4,2,0,0,0,0,0,0,0,1,4,125,145,226,249,352,357,401,382,446,373,222,179,284,208,172,148,81,63,38,53,28,68,168,217,0,0,3,5,21,30,35,30,84,27,1,2,28,27,31,30,31,30,31,31,30,31,30,30,1,0,0,0,0,0,0,0,0,0,0,0,32.747,44.826,69.151,91.335,122.427,128.513,123.401,104.711,103.739,67.18,41.646,36.384,0,0,3.599,61.346,113.507,127.865,122.524,104.16,102.408,12.663,0,0,75,72,73,69,67,66,71,73,66,72,72,68,12.85,9.03,1.04,-3.29,-7.05,-8.37,-7.92,-7.22,-10.05,-1.88,1.61,6.08,13.4,19,22.3,21.5,4.8,9.4,12.4,11.6,9.1,14.2,17.4,16.5,321,104,2,128,-28,16.6,29.3,10.3,19,2,0,1,372,827,1139,1041,800,400,153,263,0,29,96,113,79,92,92,91,2,0,0,0,110,283,357,213,17,178,355,115,72,70,70,70,27.96,-9.3,-23.52,-10.33,14.6,19.9,9,10.9,655,12,37.5,1614.1,17,3456,1526,239,359,7,364,357,2,-6.4,34.6,7,962,665,70,-15.18,1785
1979,231694,NA,36.950879,-122.066217,-9999,13.4,14.8,17.4,18.5,20.6,21.4,21.7,21.4,24.9,21.9,18.4,17.8,3.6,4.3,7,6.9,9,9.5,11.6,11.6,11.9,10.4,6,4.3,8.5,9.5,12.2,12.7,14.8,15.5,16.6,16.5,18.4,16.1,12.2,11,188,172,109,28,11,1,6,1,2,70,75,130,-52.1,11.5,16.8,21.2,15.8,23.6,36.2,29.2,38.9,17.9,-27.2,-44.5,8,5,2,1,0,0,0,0,0,0,1,4,112,124,208,226,306,313,362,358,403,346,206,177,300,233,188,170,118,94,61,68,44,86,181,218,0,0,0,1,8,17,19,21,57,16,0,1,24,24,30,29,31,30,31,31,30,31,28,26,2,1,0,0,0,0,0,0,0,0,0,0,38.393,48.973,76.573,98.656,122.165,127.262,122.444,109.481,107.531,75.716,50.551,45.157,0,0,0,70.694,110.988,126.19,116.191,108.111,105.083,5.758,0,0,68,66,67,64,64,64,69,70,61,65,61,59,14.59,12.11,4.81,-3.99,-6.52,-7.95,-7.03,-7.34,-9.95,-1.18,0.62,6.16,14.3,18.8,21.5,21.7,3.2,7.6,10.9,9.5,8.7,13.2,16.2,15.6,399,148,9,147,-28.3,17.9,29.7,9.9,21,3,0,1,341,739,1033,955,835,475,223,310,0,10,57,73,68,89,92,89,3,0,0,0,127,297,359,234,0,182,350,111,64,65,68,63,32.85,-5.71,-22.32,-10.52,13.7,18.4,8.5,10,794,22,29.8,826.1,20,3141,1760,141,344,39,350,311,4,-10.2,34.8,7.3,1018,643,65,-5.7,1509
1980,2275918,NA,37.42756,-122.17152,-9999,15.1,17.5,18.3,21.2,21.6,24.8,27.1,25.6,25.9,25,19.9,16.9,6.3,8,6.1,7.7,9,10.5,12.9,12.1,11.7,9.6,6.4,5.3,10.7,12.8,12.2,14.4,15.3,17.6,20,18.9,18.8,17.3,13.2,11.1,108,156,41,32,5,1,2,1,1,3,7,50,-52.3,10.6,18.2,22.6,14.2,24.4,28.5,27,38.6,16.5,-27.8,-44,4,2,2,0,0,0,0,0,0,0,1,3,166,201,208,276,322,378,465,430,414,382,234,179,232,153,187,123,103,50,15,28,39,62,156,216,0,3,0,9,12,40,78,56,63,30,2,0,30,28,29,29,31,30,31,31,30,31,28,28,0,0,0,0,0,0,0,0,0,0,0,0,38.691,51.534,82.411,111.473,129.003,148.307,159.586,136.305,112.546,89.378,53.533,40.98,0,0,40.984,79.077,123.702,147.247,157.2,135.531,111.418,86.372,46.852,0,71,70,62,59,62,58,59,60,58,55,58,63,5.82,9.6,-2.73,-5.16,-7.88,-10.41,-11.73,-10.67,-11.07,-10.65,-7.16,-1.16,16.4,20.4,25.8,23.6,6.5,7.6,11.8,9.2,11.5,14,18.8,16.4,363,79,4,11,-28.6,18.3,26.6,9.1,10,2,0,1,540,806,1273,1029,602,414,94,258,3,21,174,94,86,89,92,89,1,0,0,0,131,323,444,255,0,244,440,245,68,61,59,57,14.26,-15.77,-32.8,-28.88,15.2,20,10.7,9.3,408,11,61.7,1878.3,13,3653,1366,291,355,23,351,328,1,-8.2,38.5,6.4,1153,928,61,-63.19,1955
1980,5504847,NA,37.6553,-122.0567,-9999,14,16.6,17.2,19.5,19.8,22.4,25.2,23.9,24.5,24,19.5,15.4,6,7.8,5.8,7.7,8.9,10.4,13,12.2,12.1,10.2,6.6,5.1,10,12.2,11.5,13.6,14.3,16.4,19.1,18.1,18.3,17.1,13,10.3,133,181,51,43,7,1,3,1,1,3,8,55,-51.5,10.1,17.4,21.2,17.3,22.9,31.7,28.1,39.1,16.8,-27.6,-43.5,5,3,2,0,0,0,0,0,0,0,1,4,149,183,189,250,292,341,437,405,399,375,229,156,252,169,204,147,130,74,23,39,46,66,160,238,0,1,0,4,6,25,57,41,54,26,1,0,29,28,29,29,31,30,31,31,30,31,28,28,1,0,0,0,0,0,0,0,0,0,0,0,35.612,48.052,77.292,101.138,115.853,131.3,144.076,123.931,103.354,83.765,51.518,37.016,0,0,26.235,58.481,108.694,129.935,141.337,123.02,102.388,80.503,43.676,0,74,72,64,63,66,63,64,65,63,59,60,66,8.76,12.59,-1.21,-3.03,-6.46,-8.56,-9.95,-9.24,-9.8,-9.72,-6.76,0.06,15.4,18.8,23.8,22.7,6.3,7.5,11.9,9.6,10.9,13.1,17.8,16.1,429,101,5,12,-28.3,18.6,27.6,9.4,12,3,0,1,492,731,1183,1003,655,481,136,272,1,10,123,82,85,89,92,89,1,0,0,0,121,294,399,239,0,193,394,227,71,64,64,61,21.42,-10.7,-27.75,-26.29,14.5,19.1,10,9.1,487,13,50.3,1452.6,16,3405,1548,216,355,23,353,330,2,-9,37.1,6.8,1054,814,65,-43.31,1738
1980,1176,NA,34.03974,-118.589581,-9999,19.2,21,19.2,20.9,18.2,22.7,25.8,24.8,24,25.1,23.4,22.6,11.1,11.1,9.1,11,11.7,13.2,16,16.6,15.3,14.2,10.7,9.9,15.2,16.1,14.2,15.9,15,17.9,20.9,20.7,19.6,19.6,17,16.3,180,224,91,11,6,1,0,1,1,1,1,28,-53.5,11.7,17.1,19.8,25,19.4,36.5,31.4,41.8,18.7,-27.9,-45.2,1,1,1,0,0,0,0,0,0,0,0,1,297,293,267,323,311,387,493,487,438,452,348,331,110,79,134,87,113,45,10,12,30,31,68,87,17,20,7,17,8,45,101,98,79,67,30,30,31,28,31,30,31,30,31,31,30,31,30,31,0,0,0,0,0,0,0,0,0,0,0,0,49.589,64.33,85.582,104.598,94.561,124.386,138.531,116.293,95.621,88.102,66.363,58.929,0,0,0,93.566,89.009,123.882,138.455,115.191,94.746,87.29,65.822,31.009,74,70,68,69,79,71,71,75,74,67,62,61,11.83,15.02,2.41,-6.25,-4.83,-7.94,-9.6,-8.38,-8.18,-9.55,-9.25,-6.16,20.8,19.4,24.4,24.1,10.6,10.6,15.3,13.4,15.7,15,19.9,18.8,429,108,2,2,-29,20.6,29.1,10.9,3,1,0,0,908,901,1368,1238,285,334,68,129,62,32,243,176,90,92,92,91,0,0,0,0,172,285,379,250,33,183,378,248,68,72,72,68,20.69,-8.67,-25.93,-26.98,17.4,20.9,14.2,6.8,544,8,50.3,2579.9,4,4427,807,518,365,0,365,365,0,0.7,38.9,7.9,1086,841,70,-40.88,2675
1980,3904095,NA,34.533002,-117.283871,-9999,15.3,18,17.7,23.3,23.9,32.2,37.6,35.2,32.5,27.7,21.2,19.2,2.5,3.3,2.3,5.8,8,12.1,17.5,15.9,12.5,8.5,2.7,0.9,8.9,10.6,10,14.6,16,22.1,27.5,25.5,22.5,18.1,12,10.1,58,71,36,7,11,1,2,1,2,1,1,4,-53.7,14.7,20.9,25.8,16.9,27.4,27.9,29.8,40.7,17.1,-28.2,-45.1,7,4,4,0,0,0,0,0,0,0,1,5,133,161,162,285,342,513,696,635,524,405,208,162,287,202,251,119,88,9,0,1,12,50,187,244,0,1,0,14,22,130,295,234,145,48,3,2,22,22,22,28,30,30,31,31,30,30,22,18,1,0,0,0,0,0,0,0,0,0,0,0,49.275,65.254,90.888,132.639,150.796,201.377,231.533,199.463,155.24,110.944,67.447,56.53,0,0,54.62,126.105,139.603,200.14,229.346,198.292,153.331,109.673,66.642,52.961,59,54,53,49,53,46,47,48,46,46,45,46,-0.11,-0.79,-4.2,-10.78,-10.25,-19.34,-25.58,-22.41,-19.66,-14.97,-10.24,-8.75,16.9,21.6,35,27.2,1.9,5.4,15.2,7.9,9.4,13.5,25.1,17.5,133,54,5,4,-28,21.2,28.4,9.9,18,4,0,1,420,789,1844,1137,777,458,11,249,1,36,659,197,58,80,92,82,1,0,0,0,167,374,632,334,49,320,628,330,53,52,47,46,-9.65,-25.23,-67.33,-44.87,16.5,27.5,8.9,18.6,195,18,135.8,1554.4,21,4226,1450,895,315,85,323,238,1,-19.6,45.5,7.9,1508,1327,49,-147.07,2513
1980,3440200,NA,35.098215,-120.579118,-9999,18.1,19.2,17.7,19.2,16.6,19.4,20.3,20.3,20.4,23.1,22.2,21.7,7.1,7.8,6,7.5,8.4,9,11.8,11.6,10.9,9,6,5.8,12.6,13.5,11.9,13.4,12.5,14.2,16.1,16,15.6,16.1,14.1,13.7,127,168,59,24,11,1,0,1,1,3,1,28,-54.3,12.5,18.3,21.5,23,20.8,39.3,30.6,40.6,18.1,-28.4,-45.5,2,2,2,0,0,0,0,0,0,0,1,2,215,218,195,246,236,275,344,342,320,344,259,250,175,134,196,152,182,124,74,80,93,87,131,147,3,3,0,1,0,9,15,17,23,11,0,7,31,28,29,29,30,30,31,31,30,31,28,29,0,0,0,0,0,0,0,0,0,0,0,0,50.99,61.983,83.779,103.382,96.601,116.151,111.885,103.856,87.782,88.244,66.177,58.176,0,0,25.043,79.153,85.635,115.339,111.75,102.916,86.612,84.975,64.825,29.993,65,64,63,64,74,67,74,73,70,58,52,53,6.16,9.81,-0.64,-4.67,-4.19,-6.79,-6.63,-6.65,-6.88,-9.23,-9.42,-6.37,19.2,17.8,20,21.9,6.5,7.3,10.8,8.7,12.9,12.6,15.4,15.3,354,94,2,6,-29.1,20.9,30.2,10.1,7,3,0,1,645,677,960,923,490,529,278,311,7,1,40,34,86,89,92,88,0,0,0,0,168,284,332,242,0,190,330,236,61,67,71,60,9.61,-9.5,-20.08,-25.53,14.1,16.1,11.9,4.2,425,14,56.8,1146.8,9,3244,1575,88,356,20,351,331,1,-8.6,35.5,8,1026,756,65,-45.5,1554
1980,3425410,NA,37.898448,-122.313558,-9999,14.1,17,17.9,19.1,18.8,20.2,21.7,20.4,22.3,23.4,19.5,15.6,6.9,9.1,7,8.7,9.8,11,13,12.4,12.4,10.8,7.8,6.2,10.5,13,12.4,13.9,14.3,15.6,17.4,16.4,17.3,17.1,13.7,10.9,142,192,46,45,6,1,1,1,1,4,8,60,-51.2,9.4,16.9,19.9,19.5,21.5,37.4,30,39.5,17.1,-27.4,-43.3,4,2,2,0,0,0,0,0,0,0,1,4,157,206,212,260,291,317,383,353,371,375,246,171,238,146,181,137,131,91,47,71,60,66,143,217,0,3,0,5,5,17,27,20,41,25,2,0,30,28,30,30,31,30,31,31,30,31,29,30,1,0,0,0,0,0,0,0,0,0,0,0,34.016,46.548,77.217,95.663,105.105,112.045,116.054,97.307,89.457,79.172,49.668,35.762,0,0,31.389,51.074,98.77,110.712,114.751,96.772,88.38,75.358,41.446,0,76,75,66,67,72,71,73,75,70,62,64,69,9.81,13.83,-1.78,-2.28,-5.62,-6.71,-7.18,-6.46,-7.82,-8.87,-6.42,0.72,15.6,18.6,20.8,21.7,7.4,8.5,12.1,10.3,11.5,13.5,16.4,16,448,97,3,13,-28.4,18.8,29.6,9.7,10,2,0,1,537,763,1054,992,602,449,209,269,3,10,65,68,88,91,92,90,1,0,0,0,117,278,325,218,0,181,322,205,73,68,73,65,24.36,-9.68,-20.35,-23.1,14.4,17.4,10.5,6.9,506,11,48.1,1639.4,13,3343,1529,145,361,6,359,354,1,-6.4,34.6,7.4,939,709,70,-28.77,1670
1980,231694,NA,36.950879,-122.066217,-9999,16,18,18.3,19.1,17.7,20.1,21.3,20.1,21.7,22.8,20.9,18.7,5.8,7.3,5.5,6.9,8.2,9.3,12,11.4,10.6,8.3,5.2,4.6,10.9,12.6,11.9,13,12.9,14.7,16.7,15.8,16.2,15.6,13,11.6,170,244,61,52,12,3,9,1,3,4,11,72,-53.2,11.5,18.8,21.7,20,21.9,37.1,29.8,39.5,17.2,-28.3,-44.7,4,2,2,1,0,0,0,0,0,0,1,3,167,193,195,235,250,289,362,335,335,329,227,188,225,157,195,162,168,113,61,85,82,98,159,202,0,0,0,1,0,11,20,15,27,8,0,0,29,28,28,29,30,30,31,31,30,30,27,27,1,0,0,0,0,0,0,0,0,0,0,0,42.827,55.126,84.193,101.991,103.977,118.533,118.064,101.201,93.054,83.661,58.486,46.972,0,0,23.432,49.785,91.682,115.866,109.544,99.821,90.406,80.019,47.858,0,67,66,60,62,70,66,71,73,66,57,53,58,11.48,18.04,-0.87,-1.93,-4.72,-6.93,-6.44,-6.51,-7.72,-9.09,-7.64,-0.11,17.3,18.4,20.5,21.8,5.8,6.9,10.9,8,11.5,12.6,15.7,14.9,545,125,13,17,-28.8,20.2,29.6,9.5,10,3,0,1,533,680,986,891,599,526,258,340,0,1,46,36,83,88,92,86,1,0,0,0,143,290,338,235,0,165,325,218,64,64,70,58,29.41,-7.52,-19.88,-24.45,13.7,16.7,10.9,5.8,642,28,37,605.7,13,3106,1707,83,349,35,343,309,2,-10.2,34.8,7.6,1006,708,64,-22.45,1450
1981,2275918,NA,37.42756,-122.17152,-9999,15.8,17.8,17.5,22.2,23.8,28.7,27.3,27.4,26,22.1,18.8,15.7,6.3,6.6,6.5,7.5,9.5,12.8,11.7,12.1,11.7,8.5,9,6.7,11,12.2,12,14.9,16.7,20.8,19.5,19.7,18.9,15.3,13.9,11.2,118,43,100,7,4,1,1,1,4,51,121,97,-52.9,11.7,17.2,23.4,11.1,25.7,27.5,25.9,38.5,17.3,-26.7,-43.3,4,2,2,0,0,0,0,0,0,0,1,3,176,187,203,288,362,472,448,456,417,321,255,181,216,167,192,113,73,16,19,20,38,104,137,214,2,2,0,11,24,97,65,74,64,9,5,1,30,27,30,29,31,30,31,31,30,30,30,30,0,0,0,0,0,0,0,0,0,0,0,0,40.64,54.756,77.735,117.57,142.728,170.401,164.573,149.001,113.184,79.383,46.465,36.121,0,11.893,0,110.131,138.587,169.871,164.014,148.161,109.342,28.018,0,0,69,65,65,56,57,55,55,56,58,59,69,63,6.42,-2.15,3.75,-8.43,-9.55,-13.56,-12.43,-12.41,-10.91,-3.77,5.69,4.47,16.8,21.2,27.8,22.3,6.1,7.9,12.2,9.8,11.5,14.5,20,16,211,112,2,176,-28.2,17.3,26.4,9.7,10,2,0,1,541,854,1377,993,599,377,55,280,5,35,236,79,85,90,92,90,1,0,0,0,136,338,484,239,12,249,482,137,66,60,55,62,8.74,-14.23,-38.4,-8.99,15.5,20.8,11,9.7,548,10,46.6,2095.6,13,3766,1310,355,359,22,349,327,1,-8.2,38.5,6.3,1197,880,61,-52.88,2059
1981,5504847,NA,37.6553,-122.0567,-9999,14.3,17,16.5,20.7,22.1,27.1,25.8,25.7,24.8,20.9,18.2,14.6,5.9,6.4,6.3,7.6,9.7,13.2,11.8,12.4,12.3,9,9.2,6.9,10.1,11.7,11.4,14.2,15.9,20.2,18.8,19.1,18.6,14.9,13.7,10.7,135,43,121,13,5,1,1,1,3,57,157,110,-51.8,11.2,16.4,22.2,14.1,24.1,30,27.2,39.1,17.7,-26.4,-42.9,5,3,3,0,0,0,0,0,0,0,1,4,153,173,186,268,339,454,428,436,408,309,250,170,248,181,208,131,90,20,26,26,42,114,142,223,0,0,0,7,17,85,51,59,59,7,5,0,29,27,29,29,31,30,31,31,30,31,30,31,1,0,0,0,0,0,0,0,0,0,0,0,36.669,51.735,72.598,108.53,130.083,156.162,152.537,135.919,104.44,73.039,43.966,32.739,0,8.771,0,95.532,125.495,155.215,151.977,134.94,101.086,16.067,0,0,73,67,68,60,62,60,59,61,63,63,72,67,8.82,-1.72,6.29,-6.85,-8.21,-11.79,-11.05,-10.76,-9.76,-2.27,9.61,6.3,15.6,19.8,26.2,21.3,5.8,7.9,12.5,10.2,10.7,13.8,19.3,15.7,233,138,2,217,-27.8,17.6,27.1,10.1,12,3,0,1,483,793,1318,967,667,428,72,298,0,24,196,71,84,89,92,90,1,0,0,0,125,311,445,221,9,221,442,117,69,63,60,66,13.4,-8.78,-33.6,-2.42,14.9,20.2,10.1,10,646,10,38.6,1932.5,15,3574,1450,291,358,22,350,328,1,-9,37.1,6.7,1103,789,65,-31.4,1879
1981,1176,NA,34.03974,-118.589581,-9999,20.9,21.6,18.9,21.1,21.7,26,25.8,27.1,25.5,22.2,22.5,20.7,10.1,10.2,9.7,11.6,13.7,16.8,16.6,17.3,16.6,13.1,11.7,9.9,15.5,15.9,14.3,16.3,17.7,21.4,21.2,22.2,21.1,17.7,17.1,15.3,72,44,104,11,2,0,0,1,1,10,59,16,-55.2,12.7,16.3,19.4,21.6,20.3,37,30.8,41.7,19.3,-27.4,-44.6,1,1,1,0,0,0,0,0,0,0,0,1,308,290,274,335,394,492,501,531,481,393,350,303,103,82,130,78,54,12,9,6,19,56,67,108,20,19,8,22,35,109,107,131,111,33,32,21,31,28,31,30,31,30,31,31,30,31,30,31,0,0,0,0,0,0,0,0,0,0,0,0,57.562,68.86,82.202,103.53,112.541,134.553,135.053,131.738,100.951,76.451,61.563,52.726,0,24.682,0,92.285,111.02,134.056,134.989,130.798,100.224,66.779,2.396,36.454,67,65,71,71,76,72,73,71,73,72,67,62,-0.43,-3.67,4.05,-6.18,-6.87,-9.45,-9.33,-10.2,-9.06,-6.7,-2.43,-5.89,21.7,20.6,26.3,23.4,10.1,11.7,16.9,13.8,15.9,16.1,21.6,18.6,144,117,2,70,-29,19.1,29.4,11.2,3,1,0,0,930,1002,1524,1225,272,263,27,142,70,65,346,177,90,92,92,91,0,0,0,0,185,298,401,239,56,203,400,169,64,72,72,71,-9.99,-9,-28.97,-18.19,18,22.2,14.3,7.8,320,4,87.3,5911.1,5,4651,724,648,365,4,359,355,0,0.7,38.9,7.7,1124,828,70,-66.16,2881
1981,3904095,NA,34.533002,-117.283871,-9999,16.7,18.8,18.4,25.1,28.2,36.2,37.3,38.1,33.1,23.6,20.5,17.4,1.4,1.6,3.1,6.8,10.7,15.8,17.1,17.4,13.9,6.5,3.5,1,9.1,10.2,10.8,16,19.4,26,27.2,27.8,23.5,15,12,9.2,20,13,30,3,4,1,1,3,5,7,13,3,-54.7,15.8,20.9,26.2,13.4,28.6,28.1,29,40.6,18,-27.9,-44.7,7,4,3,0,0,0,0,0,0,0,1,6,138,151,183,326,446,630,686,704,554,312,209,140,281,215,226,87,32,2,0,0,8,111,186,270,1,0,2,23,70,242,285,303,168,15,3,0,19,18,24,29,31,30,31,31,30,29,24,18,0,0,0,0,0,0,0,0,0,0,0,0,54.157,69.098,93.444,141.303,174.798,223.07,230.21,217.06,155.978,95.597,64.666,51.904,34.156,55.918,63.301,138.096,170.617,222.394,229.21,213.897,151.326,88.629,51.979,48.618,53,48,53,47,50,46,47,46,48,50,49,45,-4.92,-7.38,-5.19,-12.5,-14.56,-24.19,-25.33,-26.52,-19.75,-10.78,-8.33,-7.15,18.2,23.9,37.2,25.7,1.3,6.9,16.8,8,9.8,15.4,27,16.9,37,38,5,24,-27.9,20.2,28.5,10.2,16,3,0,1,451,954,2019,1076,740,345,3,306,3,95,830,186,55,84,92,83,0,0,0,0,180,410,670,316,143,372,666,292,49,50,46,49,-19.45,-32.25,-76.05,-38.86,17.2,27.8,9.1,18.7,103,14,263.5,2031.8,21,4478,1419,1112,313,83,313,230,0,-19.6,45.5,7.8,1576,1472,49,-166.61,2773
1981,3440200,NA,35.098215,-120.579118,-9999,19.3,19,17.7,19.2,19.1,22.8,20.5,21.1,21.2,20.4,20.4,18.5,6.8,6.6,7,8,8.8,11.6,11.2,11.6,11.3,8.1,8.1,5.6,13.1,12.8,12.3,13.6,14,17.2,15.8,16.4,16.2,14.3,14.3,12.1,93,62,150,17,2,1,0,1,1,27,45,35,-55.3,13.2,17.4,21,19.3,22.5,38.4,30.2,40.5,18.7,-27.4,-44.6,2,2,2,0,0,0,0,0,0,0,1,3,230,198,209,253,281,365,337,354,337,288,264,201,164,153,184,146,140,58,79,71,80,132,128,192,5,1,0,3,2,34,13,20,28,0,2,0,30,27,30,29,31,30,31,31,30,30,30,29,0,0,0,0,0,0,0,0,0,0,0,0,55.07,63.3,81.2,101.768,113.438,131.556,116.625,109.747,91.224,77.702,57.947,49.685,0,1.712,0,84.321,111.922,130.62,116.582,108.846,90.33,51.076,13.06,15.147,61,61,66,65,68,66,71,71,69,62,62,53,1.96,-1.04,8.69,-5.2,-6.53,-8.47,-6.98,-7.22,-7.35,-5.06,-3.28,-3.63,20,18.6,21.5,20.7,6.4,7.9,11.5,9.2,13.2,13.3,16.5,14.9,183,168,2,72,-28.9,19.3,30.4,10.6,6,2,0,1,679,743,1056,890,463,470,208,340,13,4,67,30,87,90,92,90,0,0,0,0,177,296,358,227,32,196,356,154,58,66,69,65,-2.7,-3.05,-22.67,-15.68,14.3,17.2,12.1,5.1,432,4,56.3,4007.8,10,3317,1526,108,358,18,348,330,0,-8.6,35.5,7.8,1058,738,65,-44.1,1621
1981,3425410,NA,37.898448,-122.313558,-9999,14.2,17.5,17.1,20.4,21,24.6,22.2,22.4,22.6,20.4,18.3,14.8,7.1,7.6,7.5,8.8,10.5,13.9,12.1,12.7,12.7,9.7,10.4,8,10.7,12.5,12.3,14.6,15.8,19.2,17.1,17.6,17.6,15,14.4,11.4,143,45,107,9,5,1,0,1,5,56,157,127,-51.2,10.7,15.9,20.9,16.3,22.5,35.8,28.9,39.4,18,-26.1,-42.6,4,2,2,0,0,0,0,0,0,0,1,3,164,193,209,280,336,427,377,391,379,313,268,185,232,159,185,120,93,28,51,47,55,111,125,209,0,2,0,9,15,68,25,34,44,7,7,1,31,28,30,30,31,30,31,31,30,31,30,31,1,0,0,0,0,0,0,0,0,0,0,0,33.94,51.112,72.467,103.246,118.713,134.171,123.663,111.166,90.28,68.765,41.779,31.088,0,5.912,0,94.544,113.773,133.512,123.263,110.556,85.367,12.643,0,0,77,69,69,64,68,68,69,70,70,67,75,70,9.92,-1.48,4.9,-6.71,-7.05,-9.25,-7.89,-7.86,-7.57,-1.72,9.9,8.27,15.8,19.5,23.1,20.4,7,8.9,12.9,10.9,11.4,14.2,18,15.7,248,121,2,218,-27.7,17.7,29.1,10.5,10,2,0,1,531,825,1194,960,609,397,126,291,2,25,127,58,88,91,92,91,1,0,0,0,121,294,369,201,6,208,367,98,72,67,69,70,16.72,-8.86,-24.99,0.61,14.9,19.2,10.7,8.6,656,12,37.9,1670.7,13,3522,1415,213,363,7,355,348,1,-6.4,34.6,7.4,985,680,70,-16.52,1819
1981,231694,NA,36.950879,-122.066217,-9999,17.3,18.1,17.5,19.7,19.7,23.6,20.9,21.7,21.8,20.1,19.3,16.6,5.8,5.9,6,6.7,8.5,11.2,10.7,10.9,10.5,7.4,7.8,5.7,11.5,12,11.8,13.2,14.1,17.4,15.8,16.3,16.1,13.7,13.6,11.2,196,79,139,16,7,1,1,1,5,64,185,115,-54.2,12.4,17.8,22.4,17,23.2,36.6,28.9,39.5,18,-27.2,-43.9,3,3,2,1,0,0,0,0,0,0,1,3,183,177,192,239,285,371,336,352,335,273,244,176,204,173,199,158,136,54,80,72,82,146,145,215,0,0,0,2,3,37,13,19,27,0,0,0,29,26,29,29,30,30,31,31,30,30,29,29,1,0,0,0,0,0,0,0,0,0,0,0,46.457,57.572,79.703,105.826,117.127,137.982,120.763,114.21,93.869,73.935,51.03,40.847,0,0,0,89.639,109.889,136.829,119.354,112.778,88.952,9.784,0,0,64,62,64,60,65,63,68,67,65,61,64,57,13.33,1.21,7.46,-5.95,-6.4,-9.2,-7.27,-7.76,-7.59,-1.26,11.38,5.52,18,19,22.1,20.4,5.4,7.1,10.9,8.6,11.7,13,16.5,14.5,348,162,4,254,-28.6,19,29.5,10.1,9,3,0,1,548,717,1059,851,580,492,207,373,0,5,69,27,82,88,92,89,1,0,0,0,151,303,373,219,0,200,369,99,61,63,66,64,20.05,-4.89,-24.23,2.53,13.9,17.4,11.2,6.2,810,16,29.5,1076.5,13,3162,1665,101,353,34,342,308,1,-10.2,34.8,7.5,1045,667,64,-6.54,1494
1982,2275918,NA,37.42756,-122.17152,-9999,13.1,17.1,16,20.2,23.3,23.6,26.4,27.3,26.5,23.6,16.4,14.7,2.9,6.1,6.4,7.3,9.1,11,11.8,12.3,12.1,9.7,6.1,5,8,11.6,11.2,13.8,16.2,17.3,19.1,19.8,19.3,16.7,11.3,9.8,173,81,142,69,1,3,1,1,20,56,120,84,-52.1,11.6,16.1,22.1,11.7,25.7,28.8,26.1,38.5,17,-26.3,-43.3,9,3,3,0,0,0,0,0,0,0,1,5,104,173,183,257,347,368,437,459,428,362,180,148,313,183,213,141,84,56,23,19,34,75,204,251,0,1,0,6,20,35,57,76,72,23,0,0,23,27,29,29,31,30,31,31,30,31,28,28,2,0,0,0,0,0,0,0,0,0,1,0,37.734,53.202,70.749,106.684,140.36,137.686,157.984,147.339,114.633,83.301,43.831,35.761,0,0,0,37.192,139.664,134.512,157.452,146.41,94.96,27.054,0,0,67,65,69,60,57,62,57,57,58,59,67,71,13.22,1.95,8.73,-0.86,-9.59,-9.02,-11.59,-12.19,-9.61,-4.1,6.23,3.45,15.3,19.8,25.7,22.2,5.3,7.6,11.7,9.3,10.3,13.7,18.7,15.7,351,212,5,196,-27.9,16.6,26.8,9.7,15,3,0,2,460,787,1264,970,711,437,98,313,3,26,168,95,80,89,92,88,2,0,0,1,127,318,443,242,0,177,438,122,68,62,59,61,18.62,-1.72,-32.8,-7.49,14.5,19.8,8,11.8,751,25,32.6,791.9,21,3446,1595,290,347,39,348,309,3,-8.2,38.5,6.3,1130,737,62,-23.38,1802
1982,5504847,NA,37.6553,-122.0567,-9999,11.8,16.2,15,18.4,21.8,21.3,24.6,25.5,24.8,22.2,15.3,13.6,2.6,5.9,6.1,7.3,9.1,10.8,11.9,12.7,12.5,10.2,6.1,5,7.2,11,10.6,12.8,15.5,16,18.2,19.1,18.6,16.2,10.7,9.3,198,92,183,92,1,5,1,1,22,64,159,88,-51.2,11.2,15.3,20.6,14.1,24.4,31.8,27.3,39.1,17.5,-25.7,-42.9,11,3,3,1,0,0,0,0,0,0,2,6,86,161,166,229,326,330,411,437,409,348,167,134,337,198,233,167,100,82,33,26,41,84,220,268,0,0,0,3,14,21,41,60,60,18,0,0,22,26,29,29,31,30,31,31,30,31,28,28,3,0,0,0,0,0,0,0,0,0,1,0,34.413,50.299,65.749,95.973,129.747,121.19,143.706,133.681,103.5,75.897,40.23,32.86,0,0,0,4.072,129.033,115.976,143.141,132.592,81.417,11.527,0,0,69,67,71,65,61,68,62,62,63,64,70,75,16.33,3.43,13.33,2.49,-8.52,-7.19,-10.01,-10.49,-7.76,-2.13,10.68,4.45,14.2,18.4,23.8,20.7,5.1,7.5,11.8,9.6,9.7,13,17.8,15.2,399,276,7,245,-27.6,16.7,27.9,10.3,18,4,0,2,418,722,1177,924,758,500,140,345,1,17,121,79,79,89,92,89,4,0,0,1,117,291,399,220,0,133,392,93,70,66,64,66,24.21,7.3,-27.68,0.79,13.8,19.1,7.2,11.8,905,30,26.3,643.3,26,3204,1788,216,346,38,350,312,5,-9,37.1,6.8,1027,618,66,4.61,1595
1982,1176,NA,34.03974,-118.589581,-9999,17.9,20.1,18,19.4,19.7,19.8,24.3,26.1,24.5,24.9,20.6,18.6,7.5,10.3,9,10.3,13.1,13.4,15.7,17.1,16.7,13.7,10.5,8.5,12.7,15.2,13.5,14.9,16.4,16.6,20,21.6,20.6,19.3,15.5,13.5,74,17,117,38,3,1,0,1,17,7,107,42,-53.9,11.7,16.1,19.1,24.1,19.4,38.3,31.1,41.8,18.7,-26.8,-44.2,2,1,1,0,0,0,0,0,0,0,0,2,224,271,249,290,354,346,465,513,468,442,305,251,174,96,153,113,79,70,15,8,22,34,97,152,5,14,5,11,20,27,78,118,101,62,16,9,31,28,31,30,31,30,31,31,30,31,30,31,0,0,0,0,0,0,0,0,0,0,0,0,51.746,62.536,79.029,96.917,99.16,97.968,126.388,124.344,93.21,88.754,56.6,48.298,0,45.757,0,59.362,96.002,97.224,126.319,123.263,75.762,81.479,0,5.99,67,69,72,72,79,80,74,73,76,66,69,67,1.08,-5.32,5.72,-2.77,-5.56,-5.72,-8.35,-9.31,-6.44,-8.95,3.41,-2.26,19.6,19,23.4,23.3,9.2,10.8,15.4,13.7,14.4,14.9,19.4,18.5,107,158,2,131,-28.8,19.8,29.6,11.2,5,2,0,0,800,894,1325,1216,378,344,93,154,41,36,222,179,90,92,92,91,0,0,0,0,167,275,349,239,82,155,347,157,68,74,76,71,-6.5,-2.6,-23.39,-11.98,16.6,21.6,12.7,8.9,424,22,62.9,959.2,7,4181,1013,466,365,0,365,365,0,0.7,38.9,7.9,1029,742,72,-44.47,2418
1982,3904095,NA,34.533002,-117.283871,-9999,13.2,17.3,16.9,21.6,27.1,30.5,35.5,35.7,30.4,25.2,16.3,13.3,-1.6,2.5,2.5,5.4,9.8,12.4,16.2,17.1,13.3,6.7,1.3,-1.1,5.8,9.9,9.7,13.5,18.5,21.5,25.8,26.4,21.9,15.9,8.8,6.1,35,15,50,20,6,1,4,6,11,4,34,25,-53.1,14.7,20.3,25,14.2,28.5,29.1,29.8,41.4,17.6,-26.8,-43.8,16,5,4,0,0,0,0,0,0,0,4,14,70,146,158,254,416,493,645,662,506,340,131,71,381,223,258,149,43,12,1,1,15,90,276,367,0,0,0,9,54,110,244,261,130,23,0,0,11,20,22,27,31,30,31,31,30,29,18,12,1,0,0,0,0,0,0,0,0,0,1,0,46.904,63.624,87.271,123.139,169.036,188.272,219.005,199.601,141.262,102.348,54.33,42.985,12.119,48.175,37.025,103.577,163.047,187.089,214.798,193.398,130.269,98.663,20.806,18.186,52,54,55,52,51,50,48,50,52,47,53,50,-0.79,-5.99,-2.19,-8.09,-13.43,-17.08,-22.52,-22.18,-15.66,-12.59,-3.28,-1.85,16,21.9,33.9,24,0.7,5.9,15.2,7.1,8.3,13.9,24.6,15.6,54,76,12,48,-27.4,19.8,29.1,10.8,26,5,0,4,357,829,1799,976,874,450,14,380,1,63,615,153,49,81,92,77,1,0,0,1,162,379,607,298,109,304,595,250,52,52,49,51,-8.63,-23.7,-61.78,-31.53,15.3,26.4,5.8,20.6,211,29,120.2,924.3,43,3890,1815,832,293,94,313,219,1,-19.6,45.5,8.1,1447,1258,51,-125.64,2325
1982,3440200,NA,35.098215,-120.579118,-9999,16.2,18.8,16.6,18,17.7,18.1,19.6,20.7,21.1,22,19,17.1,3.1,6.7,6.6,6.8,9,10.1,10.8,12,11.8,9.4,6.6,4.8,9.7,12.7,11.6,12.4,13.3,14.1,15.2,16.3,16.4,15.7,12.8,11,93,36,144,85,2,2,0,2,16,33,124,64,-54.2,12.9,16.9,21.2,21.7,21.2,39.5,30.5,40.6,18.4,-27.1,-44.3,6,2,2,1,0,0,0,0,0,0,1,4,139,199,191,217,261,272,317,352,344,332,222,172,263,154,203,179,158,127,96,72,76,96,166,216,0,2,0,0,0,9,9,20,30,10,0,0,23,27,30,29,31,30,31,31,30,31,28,28,1,0,0,0,0,0,0,0,0,0,0,0,50.228,62.234,76.906,98.219,102.439,101.373,111.169,104.92,89.025,82.48,55.545,46.644,0,26.583,0,13.224,100.915,99.043,111.13,103.167,73.348,49.184,0,0,59,62,68,65,72,75,72,73,71,62,61,60,3.2,-3.45,8.64,1.99,-5.62,-5.5,-6.48,-6.7,-5.66,-5.25,5.24,-0.02,17.8,17.4,19.4,20.7,5.1,7.4,10.9,9.2,11.5,12.4,15.2,15,163,230,4,173,-28.5,19.9,30.4,10.6,10,3,0,1,541,669,940,897,608,540,295,338,4,0,37,40,80,89,92,89,1,0,0,0,162,278,317,227,42,114,313,123,60,68,73,65,-0.27,5,-18.68,-5.66,13.4,16.4,9.7,6.8,600,21,39,770.8,16,3017,1806,79,348,35,349,314,1,-8.6,35.5,8.1,984,592,67,-19.62,1367
1982,3425410,NA,37.898448,-122.313558,-9999,12,16.7,15.6,18,20.6,19,21.3,22.4,22.7,21.6,15.5,13.9,3.9,7,7.2,8.4,9.8,11.3,12.1,12.8,13,10.9,7.1,6,7.9,11.8,11.4,13.2,15.2,15.2,16.7,17.6,17.8,16.3,11.3,9.9,227,100,163,98,1,2,0,1,22,66,155,78,-50.8,10.6,14.9,19.2,16.4,22.8,37.4,29,39.5,17.7,-25.5,-42.7,9,3,3,1,0,0,0,0,0,0,1,5,99,175,186,239,319,304,363,391,385,350,179,149,317,178,208,157,106,101,60,47,52,83,204,247,0,1,0,3,12,14,20,34,47,18,0,0,25,28,30,30,31,30,31,31,30,31,29,29,3,0,0,0,0,0,0,0,0,0,1,0,32.805,49.597,65.805,89.835,118.512,100.621,116.258,110.669,89.748,71.39,38.706,31.748,0,0,0,0,117.763,98.231,115.9,110.012,67.483,5.75,0,0,73,69,73,70,67,76,72,71,70,67,73,78,19.21,4.25,11.25,3.65,-7.39,-5.68,-7.2,-7.81,-5.8,-1.3,10.53,3.39,14.5,18.1,20.9,19.9,6.3,8.5,12.1,10.3,10.4,13.3,16.5,15.1,453,262,3,243,-27.6,16.8,29.7,10.6,15,3,0,2,460,744,1058,913,703,471,208,339,3,15,68,65,84,91,92,90,3,0,0,1,113,274,328,200,0,118,324,73,73,70,73,70,26.85,7.51,-20.69,3.42,13.7,17.8,7.9,9.9,913,26,26,674.3,21,3139,1760,149,354,17,357,340,4,-6.4,34.6,7.4,915,515,71,17.1,1513
1982,231694,NA,36.950879,-122.066217,-9999,14.1,17.5,16,18,18.8,18.7,20.1,21.7,22.3,21.7,17.6,15.6,2.1,5.6,5.8,6.6,8.2,10,10.8,11.3,10.9,8.5,5.5,4.5,8.1,11.6,10.9,12.3,13.5,14.4,15.5,16.5,16.6,15.1,11.5,10.1,277,121,195,107,2,9,2,2,33,63,194,139,-53,12.3,16.6,21.1,18.2,22.7,38,29,39.4,17.6,-26.9,-43.8,8,3,3,1,0,0,0,0,0,0,1,5,102,169,173,214,267,281,326,358,349,314,185,150,310,184,221,181,153,119,89,68,72,111,198,244,0,0,0,0,1,10,11,21,32,7,0,0,21,26,29,29,30,30,31,31,30,30,27,27,3,0,0,0,0,0,0,0,0,0,1,0,41.859,56.089,72.789,96.646,111.82,105.457,114.099,112.916,95.629,78.709,48.921,39.632,0,0,0,0,109.734,96.276,112.494,111.415,62.18,15.263,0,0,61,63,67,64,67,73,71,68,65,60,62,65,23.08,5.69,13.93,4.13,-6.41,-5.2,-6.67,-7.65,-5.02,-2.21,12.88,8.27,16.1,17.6,20.2,20.5,4.5,6.9,10.7,8.3,10.3,12.3,15.5,14.4,513,304,12,291,-28.2,18.6,29.9,10,15,4,0,2,450,654,965,848,710,555,276,381,0,1,42,39,76,88,92,87,4,0,0,1,139,281,332,223,0,110,320,77,63,66,71,62,37.03,11.65,-19.52,5.65,13,16.6,8.1,8.5,1145,48,20.1,347.9,21,2889,1950,82,340,50,340,290,5,-10.2,34.8,7.6,976,507,65,34.82,1283
1983,2275918,NA,37.42756,-122.17152,-9999,14.7,16.4,16.8,19.2,23.1,26.2,27.9,28.4,28.9,24.9,17.1,14.8,5,7.5,8,7.5,9.6,11.4,12.3,13.6,13.6,10.9,7.8,7.5,9.8,12,12.4,13.4,16.4,18.8,20.1,21,21.3,17.9,12.4,11.1,160,174,223,77,9,1,1,2,16,14,148,139,-52.5,10.2,15.3,21.2,12.2,25,26.9,25.7,37.9,16.7,-26.2,-42.8,5,3,2,0,0,0,0,0,0,0,1,3,147,180,216,245,354,413,468,495,487,400,214,181,258,174,181,152,79,34,14,11,18,52,175,216,0,2,2,4,22,60,81,104,115,40,0,2,27,28,31,29,31,30,31,31,30,31,29,31,1,0,0,0,0,0,0,0,0,0,1,0,39.45,48.332,70.331,100.515,137.726,155.769,167.644,151.439,124.658,86.913,43.188,32.568,0,0,0,23.737,129.09,155.058,166.995,149.038,108.748,72.584,0,0,68,72,72,63,59,57,55,57,56,58,71,69,10.97,11.95,16.81,0.56,-8.54,-11.44,-12.9,-12.78,-11.97,-9.11,9.11,9.36,15.3,19.7,27.5,23.6,5.8,8.4,12.4,10.8,10.5,14.1,20,17.2,418,309,4,178,-28.4,16.2,25.9,9.5,13,2,0,1,475,815,1377,1101,682,413,59,245,2,28,244,155,83,91,92,90,1,0,0,1,124,309,475,255,0,153,471,181,70,65,56,62,32.28,8.83,-37.12,-11.97,15.5,21.3,9.8,11.4,964,28,26.5,750.9,15,3800,1365,431,359,15,361,346,2,-8.2,38.5,5.8,1162,805,64,-7.98,2105
1983,5504847,NA,37.6553,-122.0567,-9999,12.9,15.4,15.7,17.3,21.2,24.2,25.7,26.4,27.4,23.7,16.4,14,4.6,7.3,7.8,7.4,9.5,11.3,12.4,13.8,14,11.3,7.9,7.4,8.7,11.3,11.8,12.3,15.4,17.8,19,20.1,20.7,17.5,12.1,10.7,193,197,267,100,11,1,1,4,17,15,189,159,-51.3,9.7,14.5,19.6,15.4,23.5,30.6,27.1,38.6,17.1,-25.8,-42.5,7,3,2,1,0,0,0,0,0,0,1,4,120,167,198,215,323,382,435,469,470,389,205,171,292,190,198,180,103,48,23,16,22,58,183,223,0,0,0,1,13,42,56,83,102,35,0,1,27,28,31,29,31,30,31,31,30,31,29,31,2,0,0,0,0,0,0,0,0,0,1,0,34.608,44.858,64.868,89.394,123.989,141.192,149.95,136.283,114.37,80.308,40.576,30.104,0,0,0,0,113.43,140.251,149.341,132.499,97.74,65.461,0,0,73,74,74,68,64,62,61,63,61,63,73,72,15.37,14.75,21.73,3.97,-6.97,-9.77,-10.79,-10.7,-10.27,-7.99,13.53,11.65,14,18.1,25.4,22.5,5.6,8.2,12.5,11.1,9.8,13.2,19,16.8,478,378,5,220,-28,16.5,27.1,10,16,3,0,1,422,736,1286,1063,750,481,88,263,0,14,181,136,82,91,92,90,3,0,0,1,112,278,427,235,0,113,422,163,73,69,62,65,41.76,18.74,-31.25,-4.73,14.8,20.7,8.7,12,1152,33,21.5,636.1,18,3544,1538,333,358,14,362,347,4,-9,37.1,6.4,1053,699,68,24.52,1880
1983,1176,NA,34.03974,-118.589581,-9999,20.6,19.8,18.6,17.9,21.8,21.4,24.7,26.7,26.5,24.8,20.5,19,9.6,10.3,10.6,9.9,12.8,14.8,15.6,18.3,18.2,15.7,11.8,10,15.1,15,14.6,13.9,17.3,18.1,20.1,22.5,22.4,20.2,16.1,14.5,154,157,222,76,4,1,0,18,23,27,77,95,-55.1,11.4,15.2,18.1,20.5,21.2,37.6,31.2,41.7,19.1,-26.5,-44.1,1,1,1,0,0,0,0,0,0,0,0,1,298,267,284,261,382,392,469,541,520,470,323,279,111,99,122,139,61,43,14,5,12,26,85,128,18,13,11,5,31,47,81,141,142,81,22,15,31,28,31,30,31,30,31,31,30,31,30,31,0,0,0,0,0,0,0,0,0,0,0,0,57.272,61.164,77.28,88.111,118.471,104.364,130.663,123.044,100.616,81.589,53.865,46.905,0,0,0,11.957,114.506,103.815,130.595,105.134,77.927,55,0,0,66,70,75,75,72,79,73,75,75,73,73,68,7.94,8.89,16.23,1.94,-7.05,-6.4,-8.75,-7.69,-7.09,-6.12,0.8,3.18,19.6,19.4,24.3,23.9,9.5,11.1,16.2,15.2,14.6,15.3,20.2,19.6,353,302,19,126,-29.3,17.9,30,11.4,4,1,0,0,816,927,1402,1313,362,322,63,123,40,46,269,245,90,92,92,91,0,0,0,0,167,284,358,236,6,126,340,133,68,74,76,74,20.01,11.12,-22.83,-12.41,17.5,22.5,13.9,8.6,852,45,32.3,497.7,5,4486,845,606,365,0,365,365,0,0.7,38.9,7.5,1045,605,73,-4.12,2716
1983,3904095,NA,34.533002,-117.283871,-9999,15.8,16.1,17.1,18.6,27.8,31.7,35.7,34.4,32.9,25.5,18,14.9,0.6,2.3,4.1,3.7,9.4,12.6,15.4,17,15.1,9.1,2.9,1.2,8.2,9.2,10.6,11.2,18.6,22.1,25.5,25.7,24,17.3,10.5,8,40,44,69,24,2,1,1,30,11,13,16,26,-54.4,14.2,19.2,24.3,13.4,29.6,28.8,30.2,40.9,17.7,-27.2,-44,8,6,3,1,0,0,0,0,0,0,2,8,117,127,178,187,420,513,635,640,569,381,168,111,308,242,231,212,42,9,1,1,7,62,226,306,0,0,1,1,54,129,234,239,183,36,0,0,17,20,26,25,31,30,31,31,30,31,22,18,0,0,0,0,0,0,0,0,0,0,0,0,52.451,59.851,85.59,109.524,174.957,196.559,222.287,190.151,151.565,100.295,57.85,45.377,12.167,16.191,16.753,85.238,173.275,195.583,221.395,159.929,140.571,86.941,41.529,19.095,52,57,59,54,48,48,46,52,51,52,53,54,-2.15,-2.14,-0.26,-5.79,-14.73,-18.55,-23.38,-17.78,-18.25,-11.29,-6.33,-2.9,15.1,21.2,33.9,25.5,0.6,5.7,15,9.1,7.8,13.5,24.5,17.3,109,95,32,41,-28.1,19,29.5,10.5,28,4,0,2,313,784,1788,1119,917,484,11,296,0,56,603,219,48,81,92,83,1,0,0,0,155,370,609,310,47,275,577,269,54,54,49,52,-7.19,-20.77,-59.71,-35.87,15.9,25.7,8,17.7,278,45,93.3,574,28,4046,1648,878,311,93,327,235,2,-19.6,45.5,7.7,1444,1168,52,-123.54,2419
1983,3440200,NA,35.098215,-120.579118,-9999,18.6,17.8,17.2,16.5,19,18.9,19.6,21.7,22.6,22.7,18.8,17.3,5.7,7.3,8,6.8,8.9,10.7,11.6,13.6,13.6,11.4,8,6.2,12.1,12.6,12.6,11.7,13.9,14.8,15.6,17.6,18.1,17.1,13.4,11.7,183,166,169,85,10,1,0,10,10,27,80,105,-55.1,12,16.1,19.8,19.6,22.3,40.2,30.5,40.5,18.5,-26.8,-44.2,3,2,2,1,0,0,0,0,0,0,1,3,204,194,219,197,280,293,329,392,394,375,240,191,188,159,176,199,141,109,86,46,48,67,149,201,3,1,0,0,2,12,11,35,51,24,0,0,29,28,31,29,31,30,31,31,30,31,30,30,0,0,0,0,0,0,0,0,0,0,0,0,54.349,57.696,75.808,89.041,112.348,104.928,107.444,104.746,91.779,81.42,52.76,45.531,0,0,0,3.657,102.314,103.712,107.404,95.239,81.894,54.756,0,0,60,67,71,69,68,74,75,75,72,66,66,61,11.14,10.3,11.19,2.91,-5.59,-5.95,-6.25,-6.09,-6.77,-5.91,1.31,4.28,17.8,17.5,20.1,21.4,5.9,7.9,12,11,11.9,12.7,16,16.2,412,265,11,117,-29.1,18.5,31,10.7,9,3,0,1,570,696,1015,1008,563,516,242,264,4,2,58,75,84,90,92,91,1,0,0,0,159,277,317,226,0,106,306,137,63,69,75,68,25.72,8.51,-18.29,-11.37,14.3,18.1,11.7,6.4,845,31,28.7,590.5,12,3307,1569,139,359,15,363,348,2,-8.6,35.5,7.8,979,549,69,4.56,1629
1983,3425410,NA,37.898448,-122.313558,-9999,13,15.8,16.1,17,20.2,22.1,22.3,23.1,25.1,23.2,16.4,14.1,5.7,8.6,9,8.5,10.2,11.9,12.7,14,14.3,12.1,8.9,8.5,9.3,12.2,12.6,12.7,15.2,17,17.5,18.5,19.7,17.6,12.7,11.3,189,222,268,100,10,1,0,3,14,15,181,161,-50.8,9,13.8,18.2,17.5,22.1,36.1,29,39.1,17.4,-25.5,-42.2,6,2,2,1,0,0,0,0,0,0,1,3,133,186,219,225,318,358,387,419,440,391,220,183,273,168,178,170,107,62,45,33,30,57,168,212,0,2,2,2,11,31,29,49,79,34,0,2,29,28,31,30,31,30,31,31,30,31,30,31,1,0,0,0,0,0,0,0,0,0,1,0,32.759,43.268,63.079,83.195,113.471,122.561,121.938,110.52,99.425,75.575,38.475,28.054,0,0,0,0,103.235,121.896,121.541,107.157,85.446,60.138,0,0,76,77,77,73,69,69,71,72,68,66,76,74,14.98,17.38,21.85,4.46,-6,-7.83,-7.78,-7.66,-8.15,-7.16,13.06,12.14,14.2,17.8,22.5,21.6,6.8,9.2,12.8,11.8,10.5,13.5,17.7,16.7,489,377,4,211,-28,16.5,29.1,10.3,13,2,0,1,469,762,1165,1051,688,455,140,256,2,16,109,114,86,91,92,91,2,0,0,1,108,260,355,213,0,103,351,146,76,73,71,70,44.5,20.31,-23.27,-2.26,14.7,19.7,9.3,10.3,1164,29,21.2,686.7,15,3480,1503,242,362,0,365,365,3,-6.4,34.6,7,936,599,73,39.28,1804
1983,231694,NA,36.950879,-122.066217,-9999,16.4,16.9,16.9,17.2,19.4,21,21.9,23,24.5,22.8,17.9,15.4,4.5,6.9,7.5,6.8,8.9,10.4,11.4,12.8,12.6,9.9,7.1,6.9,10.4,11.9,12.2,12,14.2,15.7,16.7,17.9,18.6,16.3,12.5,11.2,247,255,305,123,15,3,2,3,35,24,225,184,-53.9,11.1,16,20.2,17.8,22.6,35.6,28.7,39.1,17.5,-26.8,-43.3,4,3,2,1,0,0,0,0,0,0,1,3,159,175,207,203,287,321,363,399,407,351,213,179,239,176,187,190,134,88,60,43,42,82,173,215,0,0,0,0,4,18,20,38,59,17,0,0,26,28,30,29,31,30,31,31,30,31,29,31,1,0,0,0,0,0,0,0,0,0,1,0,45.542,51.813,73.128,91.108,113.619,121.291,125.236,116.145,103.473,80.655,47.852,36.004,0,0,0,0,98.517,118.721,123.582,113.069,68.089,57.096,0,0,62,68,70,67,67,67,68,69,64,61,66,64,18.67,19.75,24.79,6.24,-5.32,-7.29,-7.74,-7.98,-6.11,-6.65,16.16,13.36,16.3,17.8,22,21.7,5.3,7.7,11.5,9.8,10.8,12.8,16.7,15.8,642,442,7,284,-28.7,18,29,9.9,12,3,0,1,484,698,1082,971,660,511,191,297,0,4,76,75,81,90,92,90,2,1,0,1,137,278,363,232,0,99,355,125,65,68,68,64,51.78,25.7,-23.01,3.41,14.1,18.6,10.4,8.1,1420,58,17,321.1,15,3263,1630,156,356,22,356,334,4,-10.2,34.8,7,1009,579,67,57.88,1604
1984,2275918,NA,37.42756,-122.17152,-9999,15.4,16.7,20.2,20.3,25.7,25.7,29.2,28,30.3,22,16.1,13.3,5.2,5.4,7.3,6.7,9.9,10.6,13.3,12.7,12.9,9.3,6.8,3.8,10.3,11.1,13.7,13.5,17.8,18.2,21.2,20.4,21.6,15.6,11.4,8.5,9,46,34,20,2,3,1,2,3,54,143,45,-52.9,11.8,18.6,22.8,8.4,27,25.6,25.7,37.2,17.5,-26,-43,5,3,1,0,0,0,0,0,0,0,1,7,160,162,258,248,397,395,503,476,498,331,186,116,244,198,145,149,52,41,8,15,16,97,200,291,1,0,8,5,39,49,108,89,124,14,0,0,28,26,30,29,31,30,31,31,30,31,28,25,0,0,0,0,0,0,0,0,0,0,1,0,41.001,52.914,88.622,108.606,155.347,154.924,174.005,151.442,133.929,77.599,41.997,33.857,32.441,6.66,54.665,88.284,153.427,152.184,173.333,149.915,131.15,23.925,0,0,67,64,61,58,54,56,55,56,51,61,70,76,-4.52,-1.43,-4.37,-5.97,-11.36,-11.06,-13.89,-12.77,-15.05,-3.26,8.86,0.32,15.6,22.1,27.6,22.8,6,8,12.2,9.7,10.8,15,19.9,16.2,194,56,5,199,-28.1,16.6,26.1,9.6,12,2,0,2,505,904,1374,1014,657,347,65,313,4,52,246,138,85,90,92,89,0,0,0,1,126,353,480,254,39,296,475,155,69,58,56,61,-5.63,-21.71,-37.72,-9.45,15.3,21.6,8.5,13.1,360,10,70.2,2243,18,3731,1457,438,350,34,349,314,1,-8.2,38.5,6.1,1213,966,60,-74.51,2059
1984,5504847,NA,37.6553,-122.0567,-9999,14.3,15.7,19.4,18.8,24,24,27.7,26.4,28.9,20.7,15.5,12.2,4.8,5,7.3,6.7,10.3,10.7,13.6,13,13.7,9.7,6.9,3.8,9.5,10.4,13.3,12.7,17.1,17.4,20.6,19.7,21.3,15.2,11.2,8,10,54,39,27,2,4,1,2,3,57,179,49,-52.2,11.4,18,21.5,11.6,25.1,28.4,26.9,38,17.9,-25.6,-42.6,6,4,1,1,0,0,0,0,0,0,2,8,141,147,246,226,376,371,484,455,488,317,179,103,267,210,157,170,64,55,11,20,18,108,206,308,0,0,6,3,30,36,94,73,116,11,0,0,27,25,30,29,31,30,31,31,30,31,29,25,0,0,0,0,0,0,0,0,0,0,1,0,38.107,49.801,84.341,99.93,141.337,141.658,160.784,138.455,123.721,70.699,39.633,30.817,28.095,0,45.627,73.122,139.264,137.284,160.115,135.978,120.718,13.363,0,0,69,66,63,62,59,60,59,61,56,66,72,78,-3.77,-0.22,-3.43,-4.42,-9.77,-9.43,-12.28,-11.02,-13.31,-1.89,12.83,1.28,14.7,20.7,26,21.7,5.7,8.1,12.5,10.1,10.2,14.4,19.2,15.9,223,68,8,240,-27.8,17,26.8,10.1,14,2,0,2,460,848,1310,984,700,391,86,331,2,39,203,127,83,90,92,89,1,0,0,1,118,326,441,234,28,258,433,134,71,61,60,65,-2.72,-17.63,-32.73,-2.37,14.7,21.3,8,13.3,428,13,57.8,1689.4,22,3533,1593,369,349,34,350,316,1,-9,37.1,6.5,1119,854,64,-55.45,1892
1984,1176,NA,34.03974,-118.589581,-9999,21.3,21.2,22.4,21,24.5,22.8,26.1,26.6,28.4,22.7,20.1,17.1,9.8,8.4,10.7,10.6,14.2,15,18,18.8,19.2,13.1,10.2,8.5,15.6,14.8,16.6,15.8,19.3,18.9,22.1,22.7,23.8,17.9,15.2,12.8,4,2,7,10,1,1,0,4,5,5,56,135,-55.6,13.5,18.4,20.3,17.7,22.1,37.7,31.3,41.5,19.2,-26.7,-43.8,1,1,1,0,0,0,0,0,0,0,0,2,314,263,344,318,442,416,529,547,561,400,296,231,101,104,78,90,33,32,6,5,8,52,106,172,22,12,29,18,63,62,128,147,173,39,15,7,31,28,31,30,31,30,31,31,30,31,30,31,0,0,0,0,0,0,0,0,0,0,0,0,59.678,70.41,99.161,106.943,134.014,116.175,130.086,118.79,109.345,79.247,55.664,43.519,55.717,68.309,92.488,96.934,133.136,115.499,130.01,114.924,104.407,74.475,0,0,65,61,64,68,69,76,76,77,73,70,69,72,-7.62,-8.04,-7.89,-6.56,-9.02,-7.4,-9.06,-8.73,-10.24,-7.6,-1.4,7.93,20.5,22.6,25.2,23.7,9.4,11.8,17.3,14.2,14.9,17.2,21.2,18.9,101,18,5,66,-28.6,18.8,30.4,11.3,4,1,0,0,858,1105,1492,1257,333,201,43,166,50,109,336,228,90,92,92,91,0,0,0,0,177,340,365,244,124,323,360,179,66,67,76,71,-7.73,-23.48,-25.19,-19.24,17.9,23.8,12.8,11,229,10,121.8,2277.4,6,4662,787,714,365,0,360,360,0,0.7,38.9,8,1126,986,70,-75.65,2890
1984,3904095,NA,34.533002,-117.283871,-9999,16.5,18.6,22.2,23,32,32.7,36.3,35.9,34.1,23.5,17.4,11.2,0.7,0.1,4,5.3,11.8,13.9,18.8,18.1,15.7,6.3,1.8,-1.5,8.6,9.4,13.1,14.1,21.9,23.3,27.6,27,24.9,14.9,9.6,4.9,1,1,2,2,1,1,17,11,8,1,11,73,-54.8,16.5,22.8,26,10.1,30.8,29.3,29.9,40.6,18,-27.1,-43.3,7,5,2,0,0,0,0,0,0,0,3,19,129,135,253,274,520,547,698,679,595,308,151,52,296,238,163,131,14,6,0,1,5,115,252,404,0,0,9,13,127,162,297,279,209,17,0,0,17,14,26,27,31,30,31,31,30,29,19,11,0,0,0,0,0,0,0,0,0,0,0,2,54.22,69.791,110.01,131.72,200.167,200.532,216.64,197.627,157.308,95.597,57.125,38.35,53.165,68.323,108.088,130.039,198.871,199.447,199.567,186.487,149.74,94.506,46.009,0,51,44,47,48,45,49,53,52,50,49,52,57,-6.6,-8.35,-10.65,-11.11,-19.24,-19.42,-21.32,-21.47,-20.07,-11.36,-6.48,4.09,16.7,25.7,35,25,0.7,7,16.9,7.9,8.7,16.4,25.9,16.5,29,5,29,20,-27.2,19.7,30,10.5,21,2,0,3,377,1048,1924,1054,840,308,7,373,0,149,737,225,49,84,92,78,0,0,0,0,169,442,615,310,141,437,586,290,51,47,51,50,-10.87,-41,-62.21,-37.92,16.6,27.6,4.9,22.7,130,38,204.8,722.4,37,4342,1625,1112,296,92,311,218,0,-19.6,45.5,8.2,1536,1453,50,-151.99,2716
1984,3440200,NA,35.098215,-120.579118,-9999,18.7,19.2,21.6,18.9,21.8,19.6,21.6,22.4,24.2,20.6,18.7,16.1,5.5,5,6.5,6,8.9,10.1,12.9,13.2,13.7,9,6.5,4.6,12.1,12.1,14,12.5,15.4,14.9,17.2,17.8,19,14.8,12.6,10.4,6,14,19,17,2,1,0,2,3,20,76,86,-55.2,14.2,21.1,22.7,15.4,24.7,38.3,30.1,40.2,18.7,-27,-44,3,3,1,1,0,0,0,0,0,0,1,4,206,183,264,219,323,296,379,397,420,304,217,159,189,171,138,177,103,107,49,43,37,118,171,235,4,1,7,0,11,13,26,37,66,4,0,0,28,25,30,28,31,30,31,31,30,31,28,27,0,0,0,0,0,0,0,0,0,0,0,0,54.775,66.022,102.212,105.682,132.703,113.174,117.422,112.461,101.543,77.068,54.526,44.136,48.805,51.91,83.259,89.038,131.138,112.076,117.353,110.528,99.023,56.694,0,0,59,56,54,60,61,70,73,72,68,64,62,65,-6.62,-6.23,-7.11,-5.6,-8.38,-6.6,-7.22,-7.55,-8.79,-5.64,0.63,2.72,18.4,20.8,21.2,21.2,5.6,7.1,12.1,9.7,12,14,16.6,15.5,125,37,3,99,-28.3,19.7,31,10.7,8,2,0,1,582,807,1073,941,561,418,200,326,6,19,75,71,83,88,92,89,0,0,0,0,166,341,343,233,101,303,340,156,60,58,72,65,-10.13,-21.09,-21.37,-13.8,14.4,19,10.4,8.6,245,7,99.5,2644.3,13,3369,1539,169,349,38,350,312,0,-8.6,35.5,8.3,1083,900,64,-66.38,1672
1984,3425410,NA,37.898448,-122.313558,-9999,14.5,16,19.8,18.5,22.6,21.7,24.2,23,26.6,20.2,15.6,12.5,6,6.2,8.5,7.8,11,11.2,13.7,13.2,13.9,10.4,8.1,4.7,10.2,11.1,14.2,13.1,16.8,16.5,18.9,18.1,20.2,15.3,11.8,8.6,11,53,40,29,3,4,0,2,4,52,182,43,-51.9,10.7,17.3,20.2,14.1,23.3,33.9,28.7,38.6,18.2,-25.3,-42.5,5,3,1,1,0,0,0,0,0,0,1,7,157,162,269,237,367,344,432,406,456,320,196,116,246,196,134,159,70,72,24,39,25,106,190,289,0,0,10,4,26,26,54,41,92,10,0,0,29,27,31,29,31,30,31,31,30,31,30,27,0,0,0,0,0,0,0,0,0,0,1,0,36.527,48.572,83.544,94.589,128.638,122.74,132.393,113.561,109.489,66.267,37.33,29.927,25.534,0,43.717,65.107,125.967,118.587,131.914,111.188,105.644,14.32,0,0,72,69,65,66,65,68,68,70,63,70,76,82,-3.63,-0.23,-3.29,-3.62,-8.32,-7.44,-8.93,-7.98,-10.7,-1.79,13.39,0.63,14.9,20.3,23,20.8,6.9,9.1,12.7,10.8,10.9,14.7,17.8,15.8,225,72,7,238,-27.9,17.2,28.7,10.5,11,2,0,1,504,873,1182,972,654,363,135,321,2,40,121,102,87,91,92,91,0,0,0,1,113,307,369,213,26,235,362,120,74,65,69,69,-3.23,-15.23,-24.36,0.9,14.6,20.2,8.6,11.6,424,14,58,1496.4,18,3463,1551,262,357,14,356,343,1,-6.4,34.6,7.1,1002,742,69,-41.91,1798
1984,231694,NA,36.950879,-122.066217,-9999,16.1,17.4,20.2,18.1,22,20.5,22.6,22.4,26.2,20,16.9,14.3,4.6,4.9,6.5,6,8.8,9.5,12.2,11.7,11.6,8.3,5.8,3.3,10.3,11.2,13.3,12,15.4,15,17.4,17.1,18.9,14.1,11.3,8.8,14,72,46,27,4,4,2,1,4,64,217,68,-53.7,12.7,19.4,21.7,13.5,24.9,35.3,28.7,38.5,18.2,-26.6,-43.5,5,3,1,1,0,0,0,0,0,0,1,7,159,162,243,205,323,299,385,374,417,285,181,121,242,195,156,190,102,105,46,57,38,135,203,282,0,0,5,0,12,13,28,27,64,2,0,0,27,25,30,28,30,30,31,31,30,30,27,24,0,0,0,0,0,0,0,0,0,0,1,0,44.633,56.679,91.21,98.338,132.5,120.8,127.019,116.061,115.158,71.747,46.593,37.561,30.703,0,45.206,71.017,128.532,116.4,125.322,114.76,111.35,8.24,0,0,63,61,58,62,60,66,68,67,57,64,65,72,-4.48,0.64,-3.34,-3.98,-8.28,-6.99,-7.99,-8.04,-11.02,-1.02,15.63,2.06,16.3,20.1,21.8,21,5.5,7.1,11.2,8.6,10.9,13.6,16.5,14.8,269,77,7,284,-28.2,18.2,29.6,10,11,2,0,2,501,771,1059,882,652,448,208,376,1,17,68,66,82,88,92,87,1,0,0,1,137,322,364,233,31,245,356,120,65,60,67,62,-1.77,-15.6,-23.02,3.58,13.7,18.9,8.8,10.1,523,15,45.4,1245,18,3153,1751,152,343,46,342,297,2,-10.2,34.8,7.4,1057,752,63,-36.8,1507
1985,2275918,NA,37.42756,-122.17152,-9999,13.7,17.9,16.3,22.6,22.7,27.7,27.9,27.1,25.1,23,15.6,14.8,3.5,4.8,5.3,8.9,8.8,12.1,13.3,11.9,11.5,8.9,5.6,3.8,8.6,11.4,10.8,15.8,15.7,19.9,20.6,19.5,18.3,16,10.6,9.3,20,48,91,6,4,3,1,1,9,23,75,58,-52.3,12.8,17.1,22.6,12.3,25.5,27.5,26.1,38.8,17.1,-26,-43.5,7,3,3,0,0,0,0,0,0,0,2,6,117,168,172,316,335,447,483,449,399,341,165,135,296,190,226,90,93,22,11,22,46,89,222,267,0,0,0,19,16,81,93,68,54,16,0,0,24,25,28,30,30,30,31,31,30,31,27,25,0,0,0,0,0,0,0,0,0,0,1,0,38.54,57.482,74.191,116.889,137.322,165.148,164.347,147.435,108.651,82.294,42.347,37.356,18.167,9.439,0,111.113,133.51,162.312,163.305,146.736,100.09,59.058,0,0,67,59,65,59,58,55,58,56,60,58,68,69,-2.36,-2.07,3.31,-8.59,-8.91,-12.53,-12.53,-12.18,-9.66,-7.16,2.08,0.71,15,20.5,27.6,21.3,4,7.7,12.4,8.7,9.5,14.1,20,15,113,101,5,107,-27.7,17.4,26.4,9.9,18,3,0,2,400,823,1378,905,777,410,55,357,0,35,242,70,74,88,92,87,1,0,0,1,130,328,477,233,28,245,472,159,65,61,56,62,-3.71,-14.19,-37.23,-14.73,14.7,20.6,8.6,12,339,17,72.9,1215,22,3525,1575,347,342,46,339,293,1,-8.2,38.5,6.5,1169,904,61,-69.87,1882
1985,5504847,NA,37.6553,-122.0567,-9999,11.9,17.3,15.3,21.4,20.8,26.1,26.1,25.2,23.4,21.9,15.2,12.7,3,4.7,5,9,8.7,12.3,13.5,12,11.8,9.5,5.6,3.6,7.4,11,10.2,15.2,14.8,19.2,19.8,18.6,17.6,15.7,10.4,8.2,23,52,105,10,4,6,1,1,9,25,98,68,-51.2,12.4,16.6,21.5,15.4,23.9,30.7,27.3,39.3,17.4,-25.8,-42.8,10,3,4,0,0,0,0,0,0,0,2,8,91,160,157,298,305,425,459,422,379,332,161,107,331,192,245,104,118,29,17,32,55,95,228,301,0,0,0,14,9,67,73,51,44,14,0,0,23,25,28,30,30,30,31,31,30,31,27,25,0,0,0,0,0,0,0,0,0,0,1,1,34.25,55.14,70.195,108.778,123.94,152.152,149.207,133.996,97.978,76.36,40.649,32.286,11.135,2.799,0,99.099,119.975,146.325,148.289,132.979,89.227,50.933,0,0,70,61,67,62,63,59,63,61,65,62,69,72,-1.17,-1.33,5.08,-7.3,-7.56,-10.69,-10.79,-10.46,-8.19,-6.04,4.59,2.91,13.8,19.2,25.8,20.2,3.8,7.6,12.6,9,8.8,13.4,19.2,14.6,124,119,8,132,-27.2,17.8,27.3,10.3,22,4,0,2,353,760,1305,873,832,467,77,379,0,24,190,59,73,88,92,88,1,0,0,1,120,303,435,215,14,219,428,140,68,64,61,65,0.41,-9.78,-31.94,-9.64,14,19.8,7.4,12.3,403,20,59.6,966.5,28,3296,1748,273,340,47,339,292,2,-9,37.1,7.1,1073,801,64,-50.95,1703
1985,1176,NA,34.03974,-118.589581,-9999,18.1,20,18.6,22,20.4,23.8,26.5,25.6,22.9,23.7,19.7,21.2,7.9,8.5,8.2,11.9,12.5,14.9,17.8,16,15.1,14,10.2,9.7,13,14.3,13.4,16.9,16.4,19.3,22.1,20.8,19,18.8,14.9,15.5,23,41,28,2,3,0,0,1,2,9,100,18,-54,12.8,17.3,19.9,22.5,20.3,37,31.1,41.8,19.1,-26.5,-44.8,2,1,1,0,0,0,0,0,0,0,0,1,236,246,246,352,356,429,530,490,419,428,287,309,164,116,156,67,78,27,5,12,37,40,112,105,7,9,4,28,21,70,129,100,66,53,11,23,31,28,31,30,31,30,31,31,30,31,30,31,0,0,0,0,0,0,0,0,0,0,0,0,51.785,65.981,84.712,108.374,107.864,125.373,134.679,126.143,89.188,81.272,54.102,54.769,28.391,24.768,56.749,106.471,105.294,124.91,134.597,125.15,86.811,71.915,0,37.16,68,64,67,69,76,73,74,71,76,71,70,73,-4,-3.33,-3.75,-7.66,-6.24,-8.25,-9.48,-9.36,-7.23,-7.56,3.3,-6.19,18.4,20.3,25.3,22.1,8.3,10.9,16.2,13.1,13.4,15.6,20.8,17.6,200,32,2,112,-28.6,19.9,29.5,11.5,6,2,0,0,710,953,1450,1134,452,301,45,189,22,53,299,131,90,92,92,91,0,0,0,0,161,301,386,225,53,269,385,159,68,71,73,72,-13.52,-17.65,-27.09,-11.5,17,22.1,13,9.1,228,6,118.4,3412.3,7,4327,919,522,365,3,363,360,0,0.7,38.9,8,1073,865,70,-69.75,2556
1985,3904095,NA,34.533002,-117.283871,-9999,13.7,17.2,18.5,26.2,28.4,35.6,37.5,36.4,28.5,25.9,17,16.1,-1,-0.3,1.4,7.2,9.6,14.5,18.5,15.2,10.8,7.7,2.3,-0.2,6.3,8.4,9.9,16.7,19,25,28,25.8,19.6,16.8,9.7,8,9,6,8,1,2,1,3,1,8,5,27,11,-53.3,16.2,22.1,26.6,12.9,29.9,28.3,29.3,41.7,17.5,-26.9,-44.5,14,7,4,0,0,0,0,0,0,0,3,8,80,114,164,348,433,600,710,644,439,366,152,112,365,264,253,72,36,3,0,1,30,72,251,308,0,0,1,32,64,214,309,243,79,33,0,0,12,13,19,29,31,30,31,31,30,30,21,14,0,0,0,0,0,0,0,0,0,0,0,0,47.714,65.572,95.695,146.95,178.709,221.598,227.4,210.565,135.247,103.962,55.473,49.433,38.327,59.351,87.472,146.169,176.853,220.421,223.94,209.625,127.071,99.015,28.455,37.954,53,46,48,46,47,44,50,44,50,48,54,58,-3.64,-6.55,-7.67,-13.7,-15.32,-23.61,-24.8,-24.78,-14.41,-12.88,-4.57,-5.17,14,24.3,36.5,23.8,-0.9,6.1,16.1,6.9,6.6,15.2,26.3,15.4,89,11,6,40,-27.2,20.5,29.2,10.8,40,4,0,3,245,945,1954,957,1033,361,4,353,0,97,766,112,36,79,92,80,3,0,0,0,152,421,660,295,98,410,654,255,52,47,46,51,-15.36,-36.69,-73.19,-31.85,16.1,28,6.3,21.6,84,16,312.1,1792.5,36,4160,1655,974,290,92,304,212,3,-19.6,45.5,8.3,1527,1417,48,-157.1,2551
1985,3440200,NA,35.098215,-120.579118,-9999,16.9,18.4,17.2,20.4,18.6,21.5,22.7,20.6,20.2,20.9,18.5,19.6,3.6,4.8,5.3,8.2,8.4,10.9,13.3,11.2,10.8,9.1,6.3,5,10.3,11.6,11.2,14.3,13.5,16.2,18,15.9,15.5,15,12.4,12.3,20,35,47,7,1,1,0,1,3,15,100,26,-54.5,13.9,18.5,21.9,19.7,22.5,36.9,30.4,40.6,18.7,-27,-45,5,3,3,0,0,0,0,0,0,0,1,3,155,170,182,273,267,335,403,339,317,310,211,212,244,183,212,127,153,78,36,81,96,113,176,184,0,0,0,7,0,23,36,16,22,5,0,3,25,25,28,30,30,30,31,31,30,31,28,28,0,0,0,0,0,0,0,0,0,0,0,0,51.658,63.753,82.798,108.565,111.785,124.793,124.607,107.756,87.02,78.03,54.299,53.376,32.153,28.908,35.901,101.149,110.324,123.9,124.551,106.582,84.09,62.804,0,27.322,58,58,62,63,68,67,71,71,71,64,62,64,-4.58,-3.73,-1.68,-6.95,-6.36,-7.74,-7.92,-6.96,-6.61,-6.31,3.11,-5.33,17.1,18.7,21.6,19.9,4.3,7.3,11.8,8.7,10.7,13,16.7,14.3,140,56,2,118,-28.5,20,29.9,10.8,12,3,0,1,484,722,1078,838,663,492,195,385,0,7,75,27,77,88,92,88,0,0,0,0,160,303,357,219,61,247,355,147,60,64,70,65,-13.63,-15,-22.61,-9.81,13.9,18,10.3,7.7,257,7,92.9,2762.4,14,3175,1684,112,345,40,340,300,1,-8.6,35.5,8.1,1039,810,64,-61.05,1502
1985,3425410,NA,37.898448,-122.313558,-9999,12.3,17.9,15.9,21,19.7,23.6,22.5,21.7,21.2,21.4,15.4,12.8,3.9,6,6.1,10,9.4,12.7,13.5,12.1,12.2,10.2,6.4,4.6,8.1,11.9,11,15.5,14.5,18.2,18,16.9,16.7,15.8,10.9,8.7,24,59,99,7,3,3,1,1,11,23,93,62,-51,11.9,16.1,20.2,17.6,22.5,36.7,29.1,39.6,17.7,-25.7,-42.6,9,3,3,0,0,0,0,0,0,0,2,7,103,178,176,307,298,394,403,370,350,335,170,117,311,175,217,97,124,42,36,60,72,94,214,286,0,1,0,16,7,49,36,26,33,13,0,0,25,27,29,30,31,30,31,31,30,31,28,27,0,0,0,0,0,0,0,0,0,0,1,0,33.474,54.964,70.191,102.867,113.176,131.318,119.227,108.626,83.611,72.048,39.648,30.975,9.865,0,0,95.875,110.289,128.202,118.661,107.957,72.687,48.893,0,0,72,63,68,66,68,67,73,70,72,66,71,74,-1.23,-0.69,4.43,-6.93,-6.64,-8.56,-7.61,-7.52,-6.06,-5.6,4.19,2.28,14.2,18.9,22.6,19.3,4.9,8.5,12.8,9.6,9.5,13.7,17.7,14.4,126,109,4,127,-27.2,18,29.4,10.5,18,3,0,2,396,782,1168,855,776,438,138,379,1,23,110,46,79,90,92,89,1,0,0,1,118,286,359,195,10,206,355,122,70,68,70,70,0.35,-9.15,-23.69,-7.47,13.9,18.2,8.1,10.1,385,18,62,1000.1,23,3203,1728,181,350,30,347,316,2,-6.4,34.6,7.7,959,692,69,-39.95,1594
1985,231694,NA,36.950879,-122.066217,-9999,15.1,17.8,16.2,20.1,18.8,22.3,22.1,21.6,21,20.8,16.3,17.1,2.9,4,4.8,8.1,8,10.7,12.5,11.1,10.5,7.7,5,3.3,9,10.9,10.5,14.1,13.4,16.5,17.3,16.3,15.8,14.3,10.6,10.2,39,74,133,13,8,5,3,1,11,32,135,79,-53.4,13.4,17.6,21.4,18,23,36.3,29,39.6,17.8,-26.4,-44.4,7,4,3,0,0,0,0,0,0,0,2,4,123,155,162,266,264,345,382,352,324,289,163,154,283,194,234,133,156,71,48,72,90,132,222,239,0,0,0,6,0,26,26,20,24,1,0,0,23,24,27,29,30,30,31,31,30,30,26,24,0,0,0,0,0,0,0,0,0,0,1,0,43.605,59.04,75.854,104.643,112.68,129.887,122.25,113.029,89.693,76.329,45.8,44.195,4.874,0,0,91.614,105.164,125.043,119.331,111.984,78.488,43.871,0,0,61,57,64,63,66,65,70,68,67,60,64,64,-1.38,0.41,7.39,-6.21,-5.93,-7.94,-7.43,-7.68,-6.42,-4.85,7.66,1.23,15.7,18.4,22,19.4,3.4,7,11.4,7.7,9.6,12.7,16.7,13.6,181,153,9,179,-28.1,19,29.4,10.3,17,4,0,2,396,692,1079,775,759,522,191,444,0,6,72,25,71,87,92,86,1,0,0,1,140,293,365,212,5,197,356,122,61,64,68,64,0.26,-4.75,-23.06,-3.6,13.2,17.3,9,8.3,532,28,43.7,628.1,21,2977,1873,104,335,54,331,277,2,-10.2,34.8,7.6,1010,680,64,-31.15,1360
1986,2275918,NA,37.42756,-122.17152,-9999,16.7,17.5,19.9,20.8,23.5,26.1,27,26.2,23.7,23.6,20.3,15.3,7.7,7.9,8.6,7.8,9.1,12.2,12,12.4,10.8,10.1,6.7,4.5,12.2,12.7,14.3,14.3,16.3,19.1,19.5,19.3,17.3,16.9,13.5,9.9,80,212,126,13,6,1,1,1,21,4,6,35,-53,10.7,17.4,22.2,11.3,25.9,28.1,26.7,39.1,17,-27.9,-43.6,3,2,1,0,0,0,0,0,0,0,1,5,208,200,270,271,352,424,449,444,368,368,243,148,187,154,132,128,80,30,19,23,61,70,148,249,4,3,9,8,20,66,66,65,39,24,3,0,31,28,31,29,31,30,31,31,30,31,28,27,0,0,0,0,0,0,0,0,0,0,0,0,41.232,51.587,84.457,108.976,142.08,152.368,161.315,139.973,102.577,82.679,54.169,37.839,0,0,0,96.39,136.067,151.753,160.714,139.187,81.997,79.101,48.16,3.23,71,69,65,60,57,59,57,59,61,60,58,65,2.49,15.26,5.29,-6.85,-9.26,-11.11,-12.03,-11.18,-7.45,-9.28,-7.39,-1.96,16.3,21.4,26.4,22.5,6.5,8.5,12.2,9.2,11.4,15,19.3,15.9,351,144,2,30,-28.6,17,26.9,9.4,11,1,0,1,541,893,1317,979,608,339,72,280,7,37,197,67,84,91,92,89,1,0,0,0,130,336,454,239,0,232,452,209,68,61,58,60,15.79,-10.82,-34.33,-24.12,15.4,19.5,9.9,9.6,504,29,50.5,681.3,12,3745,1281,308,358,22,350,328,1,-8.2,38.5,6.2,1159,893,62,-53.48,2033
1986,5504847,NA,37.6553,-122.0567,-9999,15.5,16.7,18.9,19.2,21.7,24.1,25.1,24.9,22.1,22.7,20,14,7.4,7.8,8.6,7.7,9.3,12.1,12.1,12.6,11.1,10.6,6.9,4.5,11.5,12.2,13.7,13.5,15.5,18.1,18.6,18.7,16.6,16.6,13.5,9.2,97,255,158,21,7,1,1,1,21,4,6,36,-52.2,10.2,16.6,20.9,14.5,24.1,31.3,27.7,39.5,17.4,-27.7,-43.1,3,2,1,0,0,0,0,0,0,0,1,6,186,186,254,248,326,393,422,426,348,361,242,131,206,167,145,149,100,42,28,30,74,75,148,269,2,2,6,4,13,48,47,53,32,21,3,0,31,28,31,29,31,30,31,31,30,31,29,27,0,0,0,0,0,0,0,0,0,0,0,0,37.782,48.42,79.205,99.628,128.102,137.688,146.425,129.667,92.407,77.222,52.56,34.49,0,0,0,78.794,120.786,136.687,145.736,128.703,71.217,73.687,46.524,0,74,72,68,64,62,64,61,63,67,63,60,70,4.65,19.98,9.06,-5.04,-7.7,-9.45,-10.33,-9.98,-6.08,-8.48,-7.2,-1.02,15,19.9,24.7,21.6,6.3,8.5,12.3,9.5,10.6,14.2,18.5,15.6,420,186,3,31,-28.4,17.3,27.7,9.7,14,2,0,1,477,828,1241,951,674,395,100,297,4,24,148,56,84,91,92,89,1,0,0,0,118,307,414,222,0,200,411,191,72,65,63,63,23.61,-3.68,-29.76,-21.77,14.8,18.7,9.2,9.5,607,31,40.9,601.5,14,3523,1434,232,358,19,353,334,2,-9,37.1,6.6,1061,802,66,-31.61,1835
1986,1176,NA,34.03974,-118.589581,-9999,22,19.4,20.4,20.2,21.2,23,23.2,25.8,21,23.2,23.6,19.9,11.6,11,11.5,11.4,13.2,15.1,15.4,17.1,14.1,13.6,12.2,9.2,16.8,15.2,15.9,15.8,17.2,19,19.3,21.5,17.5,18.4,17.9,14.6,81,189,109,18,1,1,0,1,19,6,31,9,-55.4,10.7,16,18.7,21.7,20.4,39.5,31.2,41.9,19.1,-27.7,-44.5,1,1,1,0,0,0,0,0,0,0,0,1,345,270,321,317,380,421,442,510,377,414,373,280,76,95,91,91,62,31,21,9,56,46,54,125,33,13,20,16,29,64,61,115,43,43,43,14,31,28,31,30,31,30,31,31,30,31,30,31,0,0,0,0,0,0,0,0,0,0,0,0,58.745,58.05,84.776,97.944,111.655,117.594,118.366,121.507,80.57,80.105,64.65,51.311,0,0,0,79.454,110.717,117.089,118.237,120.594,61.114,74.378,33.821,42.012,68,74,72,73,75,76,76,74,79,71,66,65,0.09,12.59,4.08,-4.87,-6.8,-7.55,-7.57,-9.03,-4.46,-7.69,-5.98,-6.23,20.9,20.6,24,22.6,10.8,12,15.9,13.3,15.8,16.3,19.9,17.9,288,129,2,56,-29.7,18.8,30.4,11.1,3,1,0,0,922,1018,1373,1163,276,244,60,156,68,64,240,129,90,92,92,91,0,0,0,0,172,294,357,225,37,190,356,169,69,73,75,72,6.45,-7.58,-24.15,-18.13,17.4,21.5,14.6,6.9,465,22,58.9,978.1,4,4450,757,494,365,0,363,363,0,0.7,38.9,7.6,1049,753,72,-43.41,2681
1986,3904095,NA,34.533002,-117.283871,-9999,18.4,17.8,21.4,22.9,28.9,34.9,34.7,37.6,27.7,24.5,20,14.6,2.2,3.2,5.3,6,10.5,14.7,15.6,18.1,10.5,7.2,3.7,-0.6,10.3,10.5,13.4,14.4,19.7,24.8,25.1,27.8,19.1,15.8,11.9,7,14,30,31,6,1,1,4,4,7,5,10,19,-55.6,14.6,21.4,25.4,12.6,29.5,29.6,29.3,41.9,17.8,-27.8,-44.1,5,4,1,0,0,0,0,0,0,0,1,11,170,159,259,282,454,594,622,705,424,337,207,89,244,207,156,123,29,3,1,0,35,92,189,339,3,1,9,14,76,207,222,305,69,22,4,0,21,22,28,28,31,30,31,31,30,30,24,13,0,0,0,0,0,0,0,0,0,0,0,0,58.364,64.427,104.332,129.663,180.736,215.683,213.838,210.822,131.692,98.584,63.075,45.896,44.452,33.979,73.777,123.543,179.717,215.05,209.895,206.642,124.2,93.412,52.935,26.836,51,55,52,50,48,46,49,49,51,50,51,49,-6.95,-4.7,-6.86,-10.38,-15.79,-22.49,-21.43,-25.09,-13.73,-11.63,-8.19,-3.28,17.4,24.4,35.7,24.1,1.7,7.3,16.1,7.2,9.6,15.8,25.9,15.6,56,38,9,23,-28.4,19.8,29.5,10.6,17,2,0,1,440,994,1921,967,759,308,5,317,4,100,733,95,57,87,92,83,0,0,0,0,172,415,640,293,116,377,632,271,52,50,48,50,-14.93,-33.03,-69.01,-33.55,16.7,27.8,7,20.8,133,17,200.9,1611.3,23,4301,1419,932,318,81,313,232,1,-19.6,45.5,7.9,1521,1396,50,-150.53,2594
1986,3440200,NA,35.098215,-120.579118,-9999,20.6,19,20,19.2,19.2,20.1,19.7,21,18.7,21.5,22.6,18.6,7.4,7.6,8.5,7.5,8,10.8,11,12.1,9.8,9.6,6.4,4.5,14,13.3,14.2,13.3,13.6,15.4,15.4,16.6,14.3,15.5,14.5,11.5,46,151,113,11,2,1,0,1,16,2,20,32,-56,12.5,18.1,21.6,18.6,23.3,39.5,30.4,40.7,18.6,-28.5,-44.8,2,2,1,1,0,0,0,0,0,0,0,3,258,213,265,245,271,312,323,360,279,327,271,185,139,140,133,154,150,95,91,67,126,100,122,205,9,3,5,1,0,16,10,22,14,7,4,0,31,28,31,29,30,30,31,31,30,31,28,27,0,0,0,0,0,0,0,0,0,0,0,0,58.34,61.466,89.552,103.417,117.067,113.999,111.157,106.529,81.264,79.875,66.947,50.981,12.631,0,0,92.893,115.27,113.101,111.104,105.561,64.784,77.923,46.945,19.159,60,65,64,64,65,71,73,73,72,63,52,55,-3.5,8.17,3.98,-6.04,-6.78,-6.74,-6.5,-6.95,-4.53,-7.97,-7.76,-4.16,19.7,19.4,20.3,20.9,6.7,8,11.3,8.6,13.2,13.7,15.8,14.8,223,126,2,38,-29.4,19.4,31.1,10.3,6,2,0,1,679,781,995,877,463,437,253,347,13,7,48,25,87,90,92,88,0,0,0,0,173,310,332,228,40,208,330,190,60,64,72,63,0.51,-8.84,-20.2,-20.26,14.3,16.6,11.5,5,395,20,61.6,820.7,9,3308,1520,91,356,25,347,323,1,-8.6,35.5,7.8,1043,768,65,-48.78,1614
1986,3425410,NA,37.898448,-122.313558,-9999,15.4,17.1,19.4,18.8,20.3,21.8,21.6,21.4,19.7,22,20.1,14.1,8.3,9,9.7,8.7,10,12.7,12.2,12.8,11.6,11.4,8.1,5.4,11.8,13.1,14.5,13.8,15.1,17.2,16.9,17.1,15.7,16.7,14.1,9.8,118,271,149,22,7,1,0,1,24,4,6,36,-51.5,9.5,16,19.6,17.1,22.4,37,29.5,39.8,17.7,-27.5,-42.9,3,2,1,0,0,0,0,0,0,0,1,5,192,207,276,257,316,366,370,375,321,361,259,142,196,146,125,141,108,57,55,57,92,75,132,253,2,3,10,5,10,34,22,27,23,20,4,0,31,28,31,30,31,30,31,31,30,31,30,29,0,0,0,0,0,0,0,0,0,0,0,0,35.238,47.112,78.403,93.931,115.456,116.659,118.082,103.186,76.953,71.867,50.777,33.042,0,0,0,71.765,108.138,115.96,117.686,102.618,52.638,67.435,44.306,0,77,74,69,68,68,72,71,73,75,68,63,73,7.12,21.71,8.21,-4.34,-6.46,-7.35,-7.38,-7.05,-3.88,-7.54,-6.87,-1.03,15.1,19.5,21.6,20.6,7.3,9.5,12.6,10.4,11.2,14.5,17.1,15.5,451,178,2,35,-28.3,17.6,29.6,10,12,1,0,1,513,849,1110,941,628,374,170,300,6,25,84,48,86,92,92,90,1,0,0,0,113,288,338,200,0,180,336,164,75,69,72,68,27.8,-2.59,-21.79,-18.29,14.6,17.2,9.8,7.4,640,33,38.5,516.9,12,3440,1438,162,361,7,358,351,2,-6.4,34.6,7.2,939,681,71,-14.87,1751
1986,231694,NA,36.950879,-122.066217,-9999,17.8,18,20,18.4,19.8,21.1,20.7,20.5,19.7,21.2,21,16.9,6.9,7.2,7.8,7,8.2,11,11.2,11.6,9.9,9,5.6,4.1,12.4,12.6,13.9,12.7,14,16.1,15.9,16.1,14.8,15.1,13.3,10.5,110,293,163,22,11,1,2,1,35,5,16,56,-54.2,11.6,18.3,21,16.4,23.7,37.4,29.7,39.8,17.9,-28.4,-44.2,3,2,1,1,0,0,0,0,0,0,1,4,209,191,256,227,282,332,340,344,295,314,235,158,182,158,141,170,139,80,77,78,113,110,152,231,3,0,5,0,3,22,14,17,17,5,0,0,30,28,31,29,30,30,31,31,30,31,27,26,0,0,0,0,0,0,0,0,0,0,0,0,46.491,55.205,87.683,97.697,119.649,119.633,116.623,102.485,84.341,75.675,58.555,43.132,0,0,0,75.563,108.978,118.202,115.12,101.117,49.311,70.656,42.988,0,66,66,62,64,64,69,71,73,69,63,53,57,4.65,22.91,8.83,-4.48,-6.27,-7.31,-6.94,-6.66,-3.32,-7.56,-7.18,-0.76,17.6,19.4,20.8,20.7,5.8,7.7,11.3,8.2,11.7,13.6,16,14.4,482,196,4,56,-29,18.6,30.3,9.8,9,2,0,1,551,764,1016,844,579,449,235,375,3,7,53,22,82,90,92,87,1,0,0,0,146,305,339,219,0,185,334,163,63,63,71,62,26.8,-1.93,-20.9,-18.06,13.9,16.1,10.5,5.6,715,50,33.5,321.7,12,3182,1631,85,353,31,343,312,2,-10.2,34.8,7.4,1008,682,65,-14.09,1509
1987,2275918,NA,37.42756,-122.17152,-9999,14.2,17.2,18.1,23.8,24.4,25.5,25.6,27,26.5,24.3,17.9,13.5,3.8,5.9,6.7,8.4,11.1,11.5,11.7,12.4,11.9,11.7,7.5,5.4,9,11.6,12.4,16.1,17.8,18.5,18.7,19.7,19.2,18,12.7,9.5,70,101,60,8,1,1,0,1,1,23,42,101,-52.5,11.8,17.5,23.9,11.2,24.8,30.1,26.3,38.4,17,-26.7,-42.8,7,3,2,0,0,0,0,0,0,0,1,6,126,171,216,326,395,404,424,455,426,402,221,137,283,184,181,83,53,37,27,20,35,52,168,262,0,0,2,21,37,54,48,73,70,40,1,0,25,26,30,30,31,30,31,31,30,31,29,29,1,0,0,0,0,0,0,0,0,0,0,0,39.428,53.848,80.234,125.196,142.512,150.839,151.688,145.227,115.412,82.587,46.346,32.199,0,0,19.862,117.686,141.361,150.082,151.226,144.532,114.598,59.386,4.312,0,66,64,64,55,60,59,59,58,57,62,67,65,2.35,3.84,-0.58,-9.5,-9.95,-10.83,-10.82,-11.92,-11.61,-7.44,-2.1,5.91,15.6,22.1,26,22.9,4.8,8.7,11.9,10.4,10.2,15.4,18.9,16.6,206,69,2,66,-27.8,17.5,27,9.6,14,2,0,1,446,937,1283,1049,716,318,85,254,0,60,176,111,79,90,92,90,1,0,0,0,131,348,448,244,3,279,446,178,65,60,58,62,12.1,-20.03,-33.57,-21.15,15.3,19.7,9,10.7,410,4,61.7,5074.4,18,3704,1385,347,352,25,356,331,1,-8.2,38.5,6.6,1171,906,62,-62.65,2036
1987,5504847,NA,37.6553,-122.0567,-9999,13.1,16.3,17.1,22.5,22.8,23.8,23.5,25.3,25.2,23.3,17.2,12.7,3.5,5.7,6.5,8.6,11.1,11.6,11.7,12.5,12.3,12.2,7.6,5.5,8.3,11,11.8,15.6,17,17.7,17.6,18.9,18.7,17.8,12.4,9.1,79,122,75,9,2,1,0,1,1,28,56,112,-51.8,11.3,16.8,22.7,14.1,23.4,33.4,27.4,39,17.4,-26.3,-42.4,8,3,2,0,0,0,0,0,0,0,1,6,109,158,197,309,371,380,390,432,412,395,212,129,304,192,198,95,67,49,43,28,40,55,176,272,0,0,0,17,27,41,30,57,62,37,0,0,24,26,30,30,31,30,31,31,30,31,29,29,1,0,0,0,0,0,0,0,0,0,0,1,36.57,50.629,75.251,116.796,129.712,137.48,135.805,132.67,106.499,76.641,43.694,29.781,0,0,0.703,108.202,127.95,136.344,135.341,131.776,105.696,48.372,0,0,69,66,66,58,65,63,64,62,62,66,69,69,3.8,6.42,1.36,-8.4,-8.58,-9.36,-9.12,-10.36,-10.34,-6.05,-0.33,7.39,14.5,20.8,24.2,21.9,4.6,8.8,11.9,10.7,9.5,14.8,18.1,16.3,237,85,2,85,-27.7,17.9,28.1,10,17,2,0,1,399,878,1202,1019,766,360,120,271,0,44,128,98,77,90,92,90,1,0,0,0,122,322,406,227,0,237,403,154,68,63,63,66,17.61,-15.62,-28.84,-16.72,14.7,18.9,8.3,10.6,485,5,50.8,3739.7,21,3494,1520,270,352,26,358,332,1,-9,37.1,7.1,1076,794,66,-43.57,1854
1987,1176,NA,34.03974,-118.589581,-9999,17.9,19.4,19.4,22.6,21.5,22.3,21.7,24,25.3,24.1,20.8,16,7.6,9.4,9.4,12.6,14.3,15.1,14.3,16.1,16.3,16.9,11.5,7.5,12.8,14.4,14.4,17.6,17.9,18.7,18,20,20.8,20.5,16.1,11.8,44,36,33,2,2,1,0,4,2,26,40,73,-53.9,11.8,17.1,19.8,22.4,19.8,40.5,31.6,41.7,19.5,-26.7,-43.6,2,1,1,0,0,0,0,0,0,0,0,3,228,249,277,372,400,410,403,466,473,479,323,196,171,114,128,56,51,35,37,17,21,23,85,199,6,9,10,36,39,58,36,81,104,88,22,2,31,28,31,30,31,30,31,31,30,31,30,31,0,0,0,0,0,0,0,0,0,0,0,0,51.716,61.545,86.235,110.193,108.356,110.478,111.461,111.493,100.184,73.411,55.284,41.672,7.673,25.53,53.635,107.968,106.674,109.075,111.294,107.437,97.866,47.303,15.596,0,67,69,68,69,78,78,77,76,73,78,71,67,-1.9,-3.16,-3.55,-7.9,-6.57,-6.85,-6.83,-7.53,-8.76,-5.14,-3.12,2.14,19.1,21.2,22.6,23.4,8.7,12.1,15.2,14.9,13.9,16.6,18.9,19.2,89,37,6,68,-28.6,19.7,30.6,11.5,5,1,0,0,759,1049,1279,1276,410,235,88,129,31,84,175,215,90,92,92,91,0,0,0,0,165,305,333,229,75,268,328,161,68,72,77,74,-2.92,-18.03,-21.22,-17.02,16.9,20.8,11.8,9,264,10,102.1,2160.2,8,4276,936,492,365,5,365,360,0,0.7,38.9,8.3,1032,832,73,-59.19,2524
1987,3904095,NA,34.533002,-117.283871,-9999,13.4,16.3,18.4,27,27.8,34.3,33.8,35.5,32.6,26.9,17.2,11.3,-1.4,1.3,2.6,8,10.5,14.6,14.6,16.1,13.5,10.7,2.9,-2.1,6,8.8,10.5,17.5,19.2,24.5,24.2,25.8,23,18.8,10,4.6,20,11,18,4,8,5,2,5,5,15,17,27,-53.2,14.9,21.2,26.5,13.7,28.5,30,29.7,40.8,17.5,-26.9,-43.3,15,6,3,0,0,0,0,0,0,0,2,20,72,121,179,372,438,584,594,644,540,427,160,48,377,254,234,58,34,3,2,1,10,40,240,413,0,0,2,41,67,197,193,244,158,62,0,0,11,17,23,29,31,30,31,31,30,31,22,9,1,0,0,0,0,0,0,0,0,0,0,1,47.203,61.385,93.773,150.232,172.602,211.314,209.907,201.283,153.927,103.629,55.438,38.818,27.693,50.859,75.713,145.733,164.7,206.514,208.128,196.384,148.69,88.715,38.63,12.2,52,53,52,46,51,47,48,48,48,53,55,52,-2.41,-5.53,-6.44,-13.94,-13.84,-21.2,-20.73,-22.48,-19.13,-12.02,-5.75,-0.56,14.7,24.4,34.6,25.6,-0.3,7.1,15.1,9,7.2,15.7,24.8,17.3,49,30,11,37,-27.2,20.5,29.4,10.5,32,3,0,2,283,989,1822,1127,969,326,6,290,0,110,634,220,41,83,92,83,1,0,0,0,154,417,623,313,105,386,611,276,52,50,48,52,-8.5,-34.22,-64.41,-36.9,16.1,25.8,4.6,21.2,136,25,192.4,1049.7,48,4180,1666,964,296,86,323,237,1,-19.6,45.5,8.3,1507,1379,51,-144.04,2614
1987,3440200,NA,35.098215,-120.579118,-9999,16.4,18.3,18.4,21.2,19.6,19.5,18.6,20,21.2,22.3,19.2,15.4,2.8,5.3,5.6,7.9,10.4,10.8,10.4,11.3,11.1,12.4,7.4,3.6,9.6,11.8,12,14.5,15,15.2,14.5,15.6,16.2,17.4,13.3,9.5,60,58,84,14,3,2,0,1,1,46,43,97,-54.3,13.6,19.2,22.8,19.8,21.6,40.5,30.6,40.5,18.8,-27.1,-44,6,3,2,0,0,0,0,0,0,0,1,5,138,175,201,280,311,304,293,331,336,383,237,137,265,178,193,121,113,101,114,88,81,62,153,260,0,0,0,8,8,14,6,14,28,28,0,0,23,26,29,29,31,30,31,31,30,31,29,25,0,0,0,0,0,0,0,0,0,0,0,0,50.96,62.747,87.832,114.36,111.185,109.131,105.442,102.794,92.047,76.803,55.164,43.495,0,4.297,3.859,100.487,107.719,106.805,105.396,101.804,91.074,31.253,12.222,0,57,59,60,60,71,73,74,73,69,70,63,57,-0.19,-1.2,1.4,-6.96,-6.26,-6.19,-5.98,-6.52,-7.43,-3.38,-2.85,4.15,17.8,19.7,19.4,20.9,4.2,7.9,10.8,10.3,11,13.8,15.1,15.6,150,101,3,89,-28.2,20.6,30.9,10.7,12,2,0,1,501,792,928,956,649,427,303,296,1,16,35,56,75,89,92,90,1,0,0,0,165,313,317,224,23,212,314,135,58,64,73,67,2.76,-11.82,-18.69,-13.66,13.7,17.4,9.5,7.8,410,8,57.9,2224.6,17,3126,1729,108,344,39,353,314,1,-8.6,35.5,8.5,1019,684,66,-41.41,1472
1987,3425410,NA,37.898448,-122.313558,-9999,13.2,16.7,17.5,22,21.7,21.5,20,21.9,22.8,22.7,17.4,12.9,4.8,6.9,7.6,9.6,11.8,12.1,12,12.8,12.6,12.8,8.7,6.7,9,11.8,12.6,15.8,16.8,16.8,16,17.3,17.7,17.8,13,9.8,86,119,70,8,2,1,0,1,1,28,56,112,-51.4,10.7,16.1,21.5,16.3,22,39.5,29.3,39.4,17.7,-26.1,-42.2,7,3,2,0,0,0,0,0,0,0,1,5,123,173,217,315,365,354,341,383,382,395,229,144,284,180,178,91,71,65,76,51,53,55,159,252,0,0,2,18,25,29,14,31,46,35,0,0,27,27,31,30,31,30,31,31,30,31,30,30,1,0,0,0,0,0,0,0,0,0,0,0,34.68,49.652,74.141,110.809,118.718,116.808,106.405,106.734,91.799,71.898,42.069,28.05,0,0,3.961,103.13,116.936,115.781,106.123,106.185,90.902,43.463,0,0,72,69,69,62,70,71,75,72,69,70,72,72,4.58,6.18,1,-7.77,-7.49,-7.28,-6.35,-7.41,-8.18,-5.29,-0.09,7.45,14.6,20.4,21.1,21,5.7,9.7,12.3,11.4,10.2,15,16.7,16.2,241,80,2,85,-27.6,18,30.3,10.3,15,2,0,1,438,898,1078,1006,717,339,193,268,0,44,74,81,83,92,92,91,1,0,0,0,117,304,330,206,0,224,328,134,71,67,73,70,18.21,-14.26,-21.04,-13.57,14.5,17.8,9,8.8,485,5,50.6,3914,17,3421,1516,199,359,10,363,353,1,-6.4,34.6,7.7,957,686,71,-30.66,1765
1987,231694,NA,36.950879,-122.066217,-9999,15,17.8,18.3,21.4,20.3,20.3,19.6,21.1,22.4,22,18.8,14.3,3.1,5.4,6.1,7.4,10.2,10.1,11,11.5,10.8,10.5,6.6,4.7,9,11.6,12.2,14.4,15.3,15.2,15.3,16.3,16.6,16.3,12.7,9.5,119,150,87,16,3,2,1,1,2,27,68,145,-53.4,12.6,18.3,23.1,17.3,22.3,39,29.3,39.4,17.8,-27.2,-43.3,7,3,2,0,0,0,0,0,0,0,1,5,123,168,206,275,321,305,321,351,348,350,218,135,282,184,187,124,104,100,93,73,73,82,169,261,0,0,0,8,11,15,10,19,32,16,0,0,23,26,29,29,31,30,31,31,30,31,28,27,1,0,0,0,0,0,0,0,0,0,0,1,43.367,57.181,83.14,113.927,115.769,116.95,109.231,107.849,96.27,76.132,50.971,36.131,0,0,0,98.226,113.013,115.367,107.809,106.75,94.714,49.089,0,0,62,61,62,58,69,68,73,70,65,65,62,60,6.71,8.34,1.9,-7.01,-6.85,-6.96,-6.29,-7.19,-8.28,-5.56,-0.2,9.77,16.6,20,20.3,21.1,4.2,7.9,10.9,9.3,10.4,14,15.6,15.2,326,106,4,97,-28,19.5,30.2,10,14,2,0,1,451,803,978,916,697,416,265,324,0,19,44,48,75,89,92,89,1,0,0,0,144,313,334,223,0,211,330,144,61,63,71,64,24.82,-11.96,-20.44,-14.04,13.7,16.6,9,7.5,621,8,38.2,1970.1,18,3123,1732,110,346,36,348,313,2,-10.2,34.8,7.9,1014,685,65,-21.62,1479
1988,2275918,NA,37.42756,-122.17152,-9999,14.9,19.1,20.3,21.6,23.2,25.9,28.9,27.6,26.5,22.9,17.1,15.2,5.2,5.6,6.9,8.5,9,11.6,13.1,12.9,11.2,10.7,7.8,4.3,10.1,12.4,13.6,15.1,16.1,18.7,21,20.2,18.8,16.8,12.5,9.8,70,12,8,39,10,3,1,1,1,8,62,100,-52.6,13,19.1,22.2,11.8,25.6,25.9,26,38.3,17.4,-26.2,-43.6,5,2,1,0,0,0,0,0,0,0,1,5,153,192,251,295,345,412,496,472,414,366,215,145,250,164,150,107,85,34,9,15,39,72,174,253,0,3,6,13,19,59,103,86,63,24,0,0,28,26,30,30,31,30,31,31,30,31,29,26,0,0,0,0,0,0,0,0,0,0,0,0,39.616,60.348,90.135,111.923,139.568,153.239,172.472,147.536,116.866,78.408,43.437,37.912,0,48.839,81.954,72.975,129.516,149.834,171.954,146.834,115.913,70.521,0,0,69,58,59,60,58,58,55,58,55,63,70,74,1.93,-6.3,-7.14,-4.61,-8.56,-10.87,-13.67,-12.31,-11.78,-8.1,0.49,4.62,15.8,21.7,27.5,22.2,5.4,8.1,12.5,9.9,10.6,14.9,20,16,183,57,5,71,-27.7,17.7,25.9,9.8,13,2,0,1,483,891,1380,996,676,343,59,284,3,38,248,88,83,90,92,90,1,0,0,0,132,342,473,239,49,284,469,186,67,59,57,63,0.25,-20.32,-36.84,-19.38,15.4,21,9.8,11.2,315,16,80.7,1343.3,15,3756,1354,376,353,28,350,321,1,-8.2,38.5,6.4,1186,988,61,-76.3,2063
1988,5504847,NA,37.6553,-122.0567,-9999,13.8,18.3,19.5,19.9,21,23.9,27.3,25.8,25.3,22.2,16.6,14.2,4.9,5.4,6.9,8.5,9,11.7,13.6,13.3,11.8,11.1,8.1,4.3,9.4,11.9,13.2,14.2,15,17.8,20.5,19.5,18.6,16.6,12.3,9.3,92,13,9,53,14,8,0,1,1,8,75,115,-51.9,12.6,18.4,20.8,15.4,23.8,28.9,27.3,38.9,17.6,-25.9,-43.2,6,3,1,0,0,0,0,0,0,0,1,6,135,178,239,270,313,383,479,451,407,361,210,133,272,177,161,128,112,47,12,21,42,75,178,268,0,2,5,8,10,43,90,70,59,23,0,0,27,26,30,30,31,30,31,31,30,31,30,26,1,0,0,0,0,0,0,0,0,0,0,1,36.776,57.613,85.961,101.525,124.092,137.55,158.421,133.866,108.704,74.198,40.978,35.065,0,44.474,76.689,48.559,110.198,129.825,157.924,132.951,107.814,65.747,0,0,71,60,61,65,63,63,60,63,60,66,73,76,4.66,-5.74,-6.57,-2.09,-6.61,-8.72,-11.99,-10.6,-10.63,-7.49,2.1,6.76,15,20.1,25.7,21.4,5.3,8.1,12.9,10.3,10.1,14.1,19.3,15.8,217,76,9,85,-27.5,18.2,26.7,10.2,15,2,0,1,443,822,1314,978,721,401,81,295,2,24,202,81,82,90,92,90,1,0,0,0,124,312,430,224,44,235,421,174,69,63,62,66,5.67,-15.28,-31.31,-16.02,14.9,20.5,9.3,11.2,390,24,63.8,855.7,18,3559,1494,309,352,27,351,324,1,-9,37.1,6.9,1089,874,64,-56.94,1892
1988,1176,NA,34.03974,-118.589581,-9999,18.8,21.8,22.7,20.3,21.3,22,24.5,24,24.4,23.7,20.3,18.2,8.7,9.7,10.3,11.4,13,13.7,17.2,17,15.8,15.4,11.3,9,13.7,15.8,16.5,15.8,17.1,17.9,20.9,20.5,20.1,19.6,15.8,13.6,60,57,14,60,2,1,0,1,2,1,25,98,-54.2,13.1,19,18.8,21.5,20.6,39.3,31.7,41.7,19.3,-26.5,-44,2,1,1,0,0,0,0,0,0,0,0,2,255,286,340,320,376,385,492,479,453,450,311,252,145,84,78,89,65,46,10,14,26,32,92,150,9,18,26,17,27,44,100,91,89,66,17,9,31,28,31,30,31,30,31,31,30,31,30,31,0,0,0,0,0,0,0,0,0,0,0,0,52.866,70.706,101.926,98.588,113.138,115.823,119.663,106.427,96.636,76.475,53.813,46.269,0,13.385,88.14,39.053,111.016,114.932,119.59,104.984,94.48,75.527,28.769,0,68,63,63,72,74,75,78,79,74,75,72,73,-0.6,-2.67,-7.53,-0.83,-6.77,-7.19,-7.97,-7.44,-8.25,-7.87,-4.3,3.67,18.9,21.4,23.5,22.8,8.7,11.6,16,14.2,13.8,16.5,19.7,18.5,191,75,2,28,-28.4,19.8,30.5,11.5,6,1,0,0,735,1035,1357,1214,429,232,70,150,28,70,235,172,90,92,92,91,0,0,0,0,165,314,342,227,13,238,340,199,68,70,77,74,0.41,-15.14,-22.59,-20.42,17.3,20.9,13.6,7.3,321,7,84.9,3124.3,6,4399,831,513,365,0,365,365,0,0.7,38.9,8.4,1048,790,72,-57.75,2638
1988,3904095,NA,34.533002,-117.283871,-9999,13.9,18.8,21.8,22.9,27.7,32.7,37.4,35.3,32.2,30,18.8,13.6,-0.5,1.8,3.4,6.3,9.6,13.2,18.1,16.6,13,10.5,3.3,-1,6.7,10.3,12.6,14.6,18.7,22.9,27.7,26,22.6,20.2,11,6.3,23,10,5,22,2,1,2,13,1,1,6,25,-53.3,15.8,23,25.2,13.6,29.3,28.3,29.8,40.9,16.7,-27.4,-43.9,12,4,2,0,0,0,0,0,0,0,2,13,86,155,235,286,423,537,702,648,527,471,182,76,354,211,177,120,40,7,0,1,12,25,210,359,0,1,7,15,58,153,301,248,147,92,2,0,14,18,24,28,31,30,31,31,30,31,23,12,0,0,0,0,0,0,0,0,0,0,0,0,47.872,69.249,108.797,128.98,173.953,202.945,228.011,198.366,152.308,118.579,59.645,43.786,24.864,59.295,103.614,106.499,171.724,201.802,226.369,184.889,150.839,117.911,53.515,19.047,54,48,46,51,49,47,49,50,48,46,53,56,-2.44,-7.73,-10.11,-8.66,-14.54,-19.76,-25.01,-21.08,-19.06,-17.16,-7.76,-2.08,14.6,24.1,35.1,27,-0.3,6.4,15.9,8.9,7.2,15.3,25.5,18,60,30,16,8,-27.1,20.6,29.1,10.1,37,2,0,2,290,945,1888,1180,979,337,8,247,1,80,702,241,41,83,92,84,1,0,0,0,156,412,629,331,96,382,613,322,53,49,48,49,-12.26,-33.3,-65.86,-43.99,16.6,27.7,6.3,21.4,112,20,237.6,1388.8,33,4330,1517,1023,304,88,323,236,2,-19.6,45.5,8.2,1528,1414,49,-155.41,2697
1988,3440200,NA,35.098215,-120.579118,-9999,17.5,21.3,21,19.1,19.2,19.3,20.9,20.3,20.8,20.8,19.5,17.7,3.8,5.5,6,7.6,8,9.8,12.2,12,10.5,10.5,6.9,4.2,10.6,13.4,13.5,13.4,13.6,14.6,16.6,16.2,15.6,15.7,13.2,11,54,60,19,67,6,3,0,1,1,2,38,113,-54.8,15,21,21.4,18.6,23.3,38.8,30.7,40.5,18.9,-27.3,-44.5,4,2,1,0,0,0,0,0,0,0,1,4,162,216,246,246,270,286,359,347,320,331,234,172,234,137,151,152,150,115,63,76,93,96,155,216,0,3,3,2,0,11,19,18,23,9,0,0,25,26,29,29,30,30,31,31,30,31,29,26,0,0,0,0,0,0,0,0,0,0,0,0,53.123,72.725,100.203,102.918,117.223,112.462,114.552,101.919,91.088,74.579,56.748,48.859,0,12.858,81.109,35.865,111.333,109.725,114.506,100.996,90.076,72.43,18.346,0,57,53,55,64,65,70,73,74,68,68,61,62,-1.46,-3,-6.78,-0.34,-6.38,-6.34,-6.91,-6.52,-7.26,-7.2,-3.61,4.43,18.1,19.8,20.2,20.4,4.3,7.2,11.3,9.3,11.2,13.5,15.8,14.8,210,92,4,42,-28.1,20.3,30.9,10.7,11,2,0,1,513,763,992,885,631,453,254,344,3,5,48,32,76,89,92,89,1,0,0,0,169,320,329,222,13,228,325,181,57,61,72,66,-0.03,-13.5,-19.77,-18.06,13.9,16.6,10.6,5.9,364,11,65.8,1560.5,13,3190,1638,87,347,38,347,309,1,-8.6,35.5,8.5,1041,747,64,-51.36,1515
1988,3425410,NA,37.898448,-122.313558,-9999,13.9,18.8,20,19.5,19.7,21.5,23.7,22.3,23,21.5,16.6,14.6,6,6.7,8.1,9.6,9.8,12.3,13.8,13.5,12.1,11.7,9.2,5.5,10,12.7,14,14.5,14.8,16.9,18.8,17.9,17.5,16.6,12.9,10.1,113,12,8,52,14,7,0,1,1,9,80,98,-51.4,12,17.9,19.3,18,22.1,34.9,29.2,39.3,17.9,-25.5,-43.1,5,2,1,0,0,0,0,0,0,0,1,5,147,199,262,279,305,356,427,401,376,361,226,151,254,154,137,121,118,63,26,42,57,75,163,243,0,3,8,9,8,30,50,39,43,21,0,0,29,27,31,30,31,30,31,31,30,31,30,29,1,0,0,0,0,0,0,0,0,0,0,0,34.86,57.16,85.622,94.847,111.644,115.996,127.875,107.045,94.1,69.071,38.322,34.284,0,45.07,77.399,43.022,98.093,109.37,127.553,106.493,93.201,60.282,0,0,74,62,63,69,69,72,70,73,67,70,76,79,6.85,-5.84,-6.7,-1.54,-5.47,-6.66,-8.5,-7.52,-8.44,-6.68,2.94,4.86,15.2,19.7,22.5,20.4,6.5,9.2,13.2,11,10.8,14.4,17.9,15.7,237,74,8,90,-27.5,18.4,28.7,10.6,12,1,0,1,490,846,1183,962,660,376,131,295,3,25,119,64,87,92,92,91,1,0,0,0,120,292,351,201,45,219,343,153,72,67,72,71,5.87,-13.71,-22.69,-12.18,14.7,18.8,10,8.8,394,22,62.8,854.4,14,3490,1453,211,360,9,357,349,1,-6.4,34.6,7.6,965,760,70,-42.71,1812
1988,231694,NA,36.950879,-122.066217,-9999,15.7,19.6,20.4,19.4,19.6,20.9,22.5,21.8,22.1,20.4,18.1,16.2,4.7,4.7,5.9,7.7,8.2,10.2,11.9,11.9,10,9.7,6.8,3.5,10.2,12.2,13.2,13.6,13.9,15.6,17.2,16.8,16.1,15.1,12.4,9.9,88,25,14,61,18,5,1,1,2,8,102,142,-53.4,13.9,20.1,21.3,16.7,23.5,35.1,29.1,39.4,18.2,-26.9,-44.1,5,2,1,0,0,0,0,0,0,0,1,5,152,182,234,251,279,316,379,367,332,313,210,144,247,169,162,147,142,92,50,62,84,111,176,250,0,0,2,4,3,17,25,24,27,6,0,0,27,25,29,29,30,30,31,31,30,31,28,25,0,0,0,0,0,0,0,0,0,0,0,1,43.496,64.084,93.428,101.819,118.037,120.717,127.881,110.802,97.072,70.984,48.636,42.028,0,38.651,79.647,40.578,99.973,115.635,126.412,109.66,95.12,62.855,0,0,65,54,56,64,64,67,68,70,63,67,65,69,3.18,-5.42,-6.85,-1.05,-5.38,-6.97,-8.06,-7.52,-8.28,-6.53,3.66,8.17,16.6,19.8,21.7,20.2,4.7,7.3,11.4,8.8,10.6,13.5,16.5,14.5,259,93,8,112,-27.9,19.4,29.2,10.2,13,2,0,1,469,764,1062,855,676,450,203,371,0,9,67,32,79,89,92,89,1,0,0,0,144,313,359,217,39,220,352,158,63,61,68,65,5.93,-13.29,-22.56,-11.16,13.8,17.2,9.9,7.3,469,28,50.8,620.9,15,3160,1689,108,345,40,341,301,1,-10.2,34.8,7.7,1033,769,63,-41.08,1504
1989,2275918,NA,37.42756,-122.17152,-9999,14.3,14.4,17.8,23.2,23.4,26,28,26.7,25.2,23.2,19.8,16.4,3.2,3.7,8.2,9.4,9.6,11.8,11.6,12.2,11.6,9.4,6.7,3.5,8.7,9.1,13,16.3,16.5,18.9,19.8,19.4,18.4,16.3,13.3,9.9,31,34,104,17,3,1,0,1,18,39,31,2,-52.8,11.6,16.1,22.7,11.8,25.3,26.4,26.4,38.8,17.1,-27.7,-44.1,7,6,2,0,0,0,0,0,0,0,1,5,120,115,233,332,357,416,458,447,402,350,238,150,291,246,166,79,77,32,17,22,44,83,153,248,0,0,4,23,22,61,73,67,56,18,4,0,24,23,31,30,31,30,31,31,30,31,28,25,0,0,0,0,0,0,0,0,0,0,0,0,40.389,47.966,75.136,119.6,139.46,153.59,169.957,143.82,108.657,82.138,52.913,41.472,8.956,13.689,0,102.411,136.935,152.526,169.527,142.752,90.596,43.277,21.474,39.006,64,65,69,58,59,58,53,58,60,59,60,65,-1.62,-1.43,4.36,-7.83,-9.34,-11.17,-13.17,-11.66,-8.73,-5.59,-4.55,-5.97,14.6,21.5,26.9,22.7,3.7,9,11.8,9.2,9.2,15.3,19.4,16,166,124,3,88,-28.4,16.9,26,9.4,18,2,0,1,380,922,1321,990,791,322,71,280,0,49,201,78,73,92,92,89,1,0,0,0,126,334,467,244,23,239,465,155,65,62,56,59,-9.01,-12.82,-35.99,-18.87,15,19.8,8.7,11,283,23,88.2,854.6,20,3617,1458,328,344,40,343,303,1,-8.2,38.5,6,1172,882,60,-76.69,1964
1989,5504847,NA,37.6553,-122.0567,-9999,13.2,13.6,16.8,21.7,21.4,23.9,26.2,24.9,23.6,21.9,19.3,14.7,2.9,3.4,8,9.4,9.6,11.8,11.9,12.4,12.1,9.9,6.9,3.3,8,8.5,12.4,15.5,15.5,17.9,19,18.7,17.9,15.9,13.1,9,34,42,127,19,3,3,0,2,25,44,40,2,-52.1,11.2,15.2,21.4,15.2,23.6,29.4,27.6,39.3,17.5,-27.4,-43.5,9,7,2,0,0,0,0,0,0,0,1,6,103,102,214,308,327,385,435,423,386,338,233,126,313,262,183,97,99,46,23,31,52,91,157,276,0,0,2,16,14,44,56,51,48,15,3,0,23,22,31,30,31,30,31,31,30,31,29,24,0,0,0,0,0,0,0,0,0,0,0,0,37.602,45.375,69.748,109.593,125.163,137.127,155.6,130.733,98.551,75.207,50.611,37.224,3.474,3.545,0,90.13,122.261,134.501,155.139,129.229,73.488,31.672,10.891,34.999,66,67,72,62,64,64,58,63,65,63,62,68,-0.74,-0.19,7.16,-6.45,-7.86,-9.2,-11.44,-10.03,-6.67,-4.06,-3.38,-4.85,13.7,19.9,25,21.6,3.5,9,12,9.6,8.6,14.5,18.5,15.6,191,149,5,108,-28.2,17.3,26.9,9.8,21,2,0,1,337,849,1244,957,844,379,101,300,0,32,151,65,71,91,92,89,1,0,0,0,118,305,423,224,7,212,419,116,67,66,61,63,-5.77,-7.15,-30.67,-14.11,14.3,19,8,11,340,33,71.3,584.9,25,3382,1631,249,342,41,344,303,2,-9,37.1,6.4,1070,754,64,-57.7,1768
1989,1176,NA,34.03974,-118.589581,-9999,18.6,17.4,21.3,23.2,20.6,22.3,25.1,23.4,24.8,22.7,23.9,22.6,7.7,7.4,10.5,13.8,12.8,14.7,16.7,16.4,15.5,14,12,9.4,13.2,12.4,15.9,18.5,16.7,18.5,20.9,19.9,20.1,18.4,18,16,22,67,21,3,2,0,0,1,7,10,11,1,-54.4,11.9,17.7,19.2,22.3,20.3,38.1,31.8,41.7,19.3,-27.8,-45.2,2,2,1,0,0,0,0,0,0,0,0,1,239,192,323,398,363,405,492,462,454,414,376,325,160,163,91,43,73,37,10,18,26,46,53,93,7,2,21,49,23,54,100,78,90,44,45,28,31,28,31,30,31,30,31,31,30,31,30,31,0,0,0,0,0,0,0,0,0,0,0,0,53.813,57.797,93.55,109.929,108.814,113.227,127.681,104.526,100.598,76.421,66.243,59.64,31.992,0,72.382,107.321,106.45,112.737,127.615,103.546,93.279,66.435,55.717,58.287,66,68,67,71,76,77,75,79,72,73,64,71,-4.52,0.66,-5.69,-7.97,-6.36,-7.12,-8.63,-7.23,-8.19,-6.77,-8.34,-8.95,18.1,21.7,23.6,23.8,8,12.4,16,13.8,13.1,17,19.8,18.8,187,26,2,28,-29.2,19.7,30.1,11.1,6,1,0,0,685,1084,1359,1243,473,207,65,125,18,93,233,180,90,92,92,91,0,0,0,0,158,312,345,243,32,286,344,215,68,71,77,70,-12.81,-20.02,-22.98,-23.3,17.4,20.9,12.4,8.5,146,11,188,1861.7,6,4442,813,542,365,14,364,351,0,0.7,38.9,7.9,1059,877,71,-79.11,2666
1989,3904095,NA,34.533002,-117.283871,-9999,13.2,15.1,22.3,28,28.1,33.2,37.8,34.4,32.2,25.3,21.4,17.3,-1.7,0.4,5.2,9.2,10.2,13.9,18.1,15.6,12.9,7.6,3.1,-0.4,5.8,7.8,13.8,18.6,19.2,23.6,27.9,25,22.6,16.4,12.3,8.4,14,14,8,1,5,1,1,5,8,3,2,2,-53.1,14.8,22.1,26.3,13.4,29,27.9,30,40.8,17.7,-28.3,-44.7,16,8,1,0,0,0,0,0,0,0,1,7,69,100,273,406,437,556,709,618,526,355,219,122,383,283,144,41,35,5,0,2,12,79,179,295,0,0,11,57,67,171,308,217,147,29,5,0,11,15,28,30,31,30,31,31,30,30,23,14,0,0,0,0,0,0,0,0,0,0,0,0,46.936,58.381,109.123,154.398,175.067,204.722,231.687,194.155,152.565,101.386,67.678,52.403,33.301,44.474,101.431,153.21,169.645,204.029,230.629,189.218,144.161,98.567,65.553,50.431,52,54,49,47,49,48,48,49,47,49,46,53,-2.88,-4.23,-9.94,-15.08,-14.44,-20.24,-25.85,-20.87,-18.42,-12.5,-10.17,-7.01,14,26.1,35.1,26.3,-0.7,8.2,15.9,7.9,6.6,17.2,25.5,17.1,52,14,7,13,-27.7,20.6,29,10.1,37,1,0,1,246,1117,1883,1100,1025,220,7,270,0,136,696,181,37,89,92,83,1,0,0,0,149,439,631,322,97,424,624,308,53,49,48,47,-14.12,-39.46,-66.96,-41.1,16.8,27.9,5.8,22.2,64,21,419.3,1361.4,34,4391,1458,1013,302,80,314,233,1,-19.6,45.5,8,1540,1453,49,-161.64,2753
1989,3440200,NA,35.098215,-120.579118,-9999,17.5,16.5,20.1,21.5,19.4,20,21,19.5,20.4,21.4,23.1,21.4,3.4,5.1,7.6,9.1,8.8,10.5,10.9,11.1,10.6,9.5,6.6,3.5,10.4,10.8,13.8,15.3,14.1,15.2,16,15.3,15.5,15.5,14.8,12.4,20,35,29,8,7,1,0,1,21,15,15,3,-55,12.6,19,22,18.8,22.8,37.4,30.8,40.6,18.6,-28.7,-45.6,4,4,1,0,0,0,0,0,0,0,0,2,157,149,255,304,284,307,341,320,316,325,280,212,239,198,143,101,137,99,77,96,96,101,114,182,0,0,4,12,2,15,14,12,22,7,6,2,24,25,31,30,30,30,31,31,30,31,28,25,0,0,0,0,0,0,0,0,0,0,0,0,53.66,56.513,92.477,113.042,115.836,113.978,122.124,99.707,88.746,79.759,68.365,59.217,34.124,21.726,63.562,104.781,108.641,113.068,122.082,98.852,67.917,64.349,53.334,56.117,56,64,61,62,67,71,69,74,70,63,51,58,-4.98,-2.5,-4.8,-7.44,-6.17,-6.72,-7.44,-6.23,-5,-6.6,-8.62,-9.12,17.2,20.3,20.2,21.6,4.2,8.5,10.8,8.9,10.7,14.4,15.5,15.3,167,44,2,51,-29.3,19.9,30.3,10.2,12,1,0,1,477,842,967,922,653,381,272,311,0,19,41,35,76,91,92,89,0,0,0,0,159,321,336,237,56,277,334,186,59,63,71,61,-16.6,-18.41,-20.4,-20.22,14.1,16,10.4,5.5,155,30,155.6,535,13,3249,1584,96,345,37,344,307,1,-8.6,35.5,7.8,1053,852,63,-75.63,1570
1989,3425410,NA,37.898448,-122.313558,-9999,13.3,13.9,16.7,21,20.1,21.3,22.7,21.7,21.1,21.2,19.4,14.9,4.1,4.5,9,10.5,10.3,12.4,12.2,12.7,12.5,10.6,8.1,4.6,8.7,9.2,12.9,15.7,15.2,16.9,17.4,17.2,16.8,15.9,13.7,9.8,36,37,140,21,2,3,0,1,30,43,39,1,-51.8,10.5,14.3,19.8,17.8,22,35,29.3,39.7,17.8,-27.3,-43.4,7,6,2,0,0,0,0,0,0,0,1,5,117,116,227,314,318,356,386,378,355,339,250,143,291,242,169,92,107,64,45,55,69,91,141,253,0,0,3,17,11,30,28,29,34,14,4,0,26,24,31,30,31,30,31,31,30,31,30,27,0,0,0,0,0,0,0,0,0,0,0,0,36.093,44.399,66.172,101.621,112.325,114.453,127.199,105.991,82.224,70.235,48.953,36.091,0.145,7.502,0,80.563,109.913,111.854,126.916,105.171,52.706,27.027,9.657,34.607,70,69,75,68,70,72,68,72,73,67,65,70,-0.6,-0.83,8.76,-5.42,-6.69,-6.94,-8.26,-7.29,-4.07,-3.32,-3.17,-5.04,14,19.3,21.9,20.6,4.7,9.9,12.4,10.4,9.3,14.6,17.2,15.5,171,163,4,112,-28.2,17.3,28.8,10.1,17,2,0,1,383,858,1120,944,776,368,163,301,0,31,87,52,79,92,92,91,1,0,0,0,115,280,348,201,8,190,344,89,70,71,71,68,-6.46,-3.35,-22.49,-10.56,14.1,17.4,8.7,8.7,353,36,68.3,489.6,20,3298,1618,170,351,24,352,328,1,-6.4,34.6,7,944,631,70,-42.86,1667
1989,231694,NA,36.950879,-122.066217,-9999,15.4,14.9,18.4,21.2,19.6,21.3,21.6,20.8,21.2,21.2,20.8,18.4,2.5,3.3,7.5,8.5,8.8,10.6,10.5,11.2,10.6,8.2,5.6,2.6,9,9.1,13,14.8,14.2,15.9,16,16,15.9,14.7,13.2,10.5,54,65,128,28,7,1,1,2,26,46,51,7,-53.8,12.2,17.2,22,17.2,22.9,35.4,29.4,39.6,17.8,-28.3,-44.8,7,6,2,0,0,0,0,0,0,0,1,4,121,111,228,288,288,327,343,342,328,302,234,159,284,246,167,113,133,84,75,80,87,120,155,231,0,0,2,10,4,20,14,17,25,3,0,0,22,22,30,30,30,30,31,31,30,30,27,22,0,0,0,0,0,0,0,0,0,0,0,0,44.974,50.569,80.498,110.288,115.865,122.823,126.522,106.381,90.579,77.026,57.891,47.856,0,0,0,82.154,109.332,121.581,125.32,104.705,64.283,30.916,7.009,40.574,59,63,66,61,66,67,66,70,67,60,54,60,-0.11,1.34,6.21,-5.38,-6.37,-7.58,-7.82,-6.96,-5.03,-3.63,-3.48,-6.82,15.5,19.7,21.2,21.1,3.1,8.3,10.8,8.1,9.3,14,16,14.6,261,162,4,123,-28.8,18.8,29.2,9.7,17,2,0,1,375,805,1012,863,780,413,238,362,0,16,51,28,69,91,92,87,1,0,0,0,138,307,356,225,0,191,352,102,60,64,68,61,-5.59,-5.54,-22.36,-12.14,13.5,16,9,7.1,415,37,56.6,433.7,20,3071,1775,95,336,51,336,285,2,-10.2,34.8,7.2,1025,645,63,-45.64,1447
1990,2275918,NA,37.42756,-122.17152,-9999,15.2,14.9,17.9,22.4,22.6,26,27.1,27.4,26.7,24.8,18.9,13.1,4.7,3.7,6.7,9.1,9.8,11.3,13.2,13.6,12.4,9.7,6.1,1.3,9.9,9.3,12.3,15.8,16.2,18.7,20.1,20.5,19.6,17.3,12.5,7.2,69,59,28,9,19,1,1,1,5,8,11,46,-53,11.8,17.3,22.3,13.2,24.4,28.8,26.4,38.4,16.5,-27.4,-43.3,5,5,2,0,0,0,0,0,0,0,1,10,152,123,215,316,350,409,469,480,436,380,217,86,255,239,184,90,82,35,14,14,31,63,174,332,0,0,3,19,21,57,81,92,77,31,2,0,27,23,30,30,31,30,31,31,30,31,28,19,0,0,0,0,0,0,0,0,0,0,0,1,41.036,49.335,78.77,115.404,133.366,155.061,158.121,143.926,115.532,88.667,50.799,35.846,0,0,50.531,106.127,114.681,154.216,157.426,142.87,110.1,81.153,40.127,0,66,64,65,60,61,57,59,60,58,55,60,59,1.58,0.75,-3.61,-8.06,-7.07,-11.33,-11.75,-11.84,-11.21,-10.06,-6.12,0.56,15.5,21,26.8,23.5,4,8.6,12.7,9.4,9.7,14.8,19.8,16.4,131,56,3,24,-28.2,17.6,26.5,9.2,15,2,0,1,426,881,1358,1033,742,357,63,268,0,43,231,111,74,91,92,88,1,0,0,0,132,328,457,255,39,271,455,231,63,62,59,58,2.88,-18.74,-34.92,-27.39,14.9,20.5,7.2,13.3,257,27,97.2,767.3,24,3632,1514,384,339,44,342,298,1,-8.2,38.5,6.3,1171,996,61,-78.16,1998
1990,5504847,NA,37.6553,-122.0567,-9999,14.2,14,17.1,21.1,20.7,24,25.5,25.6,25.4,23.9,18.4,12.3,4.3,3.5,6.6,9.2,9.9,11.3,13.5,13.9,12.8,10.3,6.4,1.2,9.3,8.7,11.8,15.1,15.3,17.7,19.5,19.8,19.1,17.1,12.4,6.8,81,72,30,12,25,1,1,1,5,7,12,50,-52.4,11.3,16.7,21.2,16.6,22.8,31.8,27.6,39,16.9,-27.2,-43,6,6,2,0,0,0,0,0,0,0,1,12,135,109,201,297,321,380,450,458,424,376,214,76,275,255,197,105,104,49,19,19,35,66,176,346,0,0,1,14,13,41,66,75,69,30,2,0,26,22,30,30,31,30,31,31,30,31,28,19,1,0,0,0,0,0,0,0,0,0,0,1,38.581,46.416,75.124,106.992,118.939,139.781,143.861,130.005,106.368,83.051,48.886,33.564,0,0,44.839,95.423,94.328,138.56,143.228,128.791,101.312,75.794,36.881,0,68,66,67,63,67,62,65,65,63,59,62,63,3.37,2.55,-3.05,-6.91,-5.09,-9.58,-10.2,-10.15,-9.95,-9.2,-5.74,1.37,14.3,19.6,25,22.6,3.7,8.5,12.9,9.9,9,14.1,19,16.2,155,66,3,24,-28,18.2,27.4,9.6,19,2,0,1,373,819,1288,1014,806,406,87,277,0,29,183,100,73,90,92,89,1,0,0,0,122,301,414,238,35,235,411,214,66,65,64,61,7.29,-15.06,-29.94,-24.88,14.4,19.8,6.8,13,297,33,82.2,604.4,28,3441,1647,312,338,44,344,300,1,-9,37.1,6.8,1075,894,64,-62.59,1837
1990,1176,NA,34.03974,-118.589581,-9999,19.6,18.1,20.3,20.6,20.4,24,25.4,23.9,25.1,25.2,22.7,18.7,8.4,7.8,10.3,12.9,12.9,15.5,17.8,17.3,16.6,15.4,11.5,7.4,14,13,15.3,16.8,16.7,19.8,21.6,20.6,20.9,20.3,17.1,13,56,78,4,10,17,0,0,3,1,1,11,2,-54.8,12.1,17,17.7,22.7,20.1,38.5,31.8,41.7,18.9,-27.5,-44.4,2,2,1,0,0,0,0,0,0,0,0,2,264,209,303,347,363,442,514,483,475,472,350,236,139,148,106,70,73,23,7,13,20,25,67,165,11,4,15,26,23,78,117,94,106,83,33,7,31,28,31,30,31,30,31,31,30,31,30,31,0,0,0,0,0,0,0,0,0,0,0,0,55.824,59.823,88.345,94.88,106.446,123.855,124.661,104.032,98.154,85.081,62.557,50.274,0.308,0,84.141,84.604,89.865,123.38,124.597,101.465,97.361,84.013,51.34,48.297,65,67,69,76,77,74,77,80,74,71,66,60,-1.58,1.46,-6.71,-5.56,-4.77,-8.2,-8.51,-7.15,-8.69,-9.19,-7.41,-6.62,20.1,20.5,24.5,24.3,8.5,12,16.9,14.5,14.3,16.2,20.7,19.4,135,31,3,13,-29,19.1,30.1,11,5,1,0,0,798,1012,1440,1298,380,249,43,113,42,64,290,222,90,92,92,91,0,0,0,0,175,290,353,246,59,259,349,233,64,74,77,70,-6.74,-17.04,-23.86,-25.29,17.4,21.6,13,8.6,183,20,149.7,1055.2,7,4460,857,597,365,4,365,361,0,0.7,38.9,7.8,1063,899,72,-72.93,2692
1990,3904095,NA,34.533002,-117.283871,-9999,14.7,15.5,21.1,24,26.9,34.1,37,34.6,32.3,28.1,19.5,12.6,-0.9,-0.1,4.2,7.9,9.6,15,18.6,16.2,14.1,9.4,2.9,-3.3,6.9,7.7,12.6,15.9,18.3,24.6,27.8,25.4,23.2,18.7,11.2,4.6,19,20,4,5,6,1,2,9,5,1,5,2,-53.9,15.2,22,24.7,14.3,28.6,28.8,30,41,17.1,-27.7,-43.7,12,8,2,0,0,0,0,0,0,0,2,20,91,99,240,328,411,586,703,632,544,425,188,49,348,284,175,87,45,3,0,1,9,41,206,411,0,0,7,26,53,199,302,231,161,63,2,0,13,13,26,29,31,30,31,31,30,31,22,7,0,0,0,0,0,0,0,0,0,0,0,0,50.454,59.975,104.346,132.44,168.342,208.419,222.806,194.083,150.41,111.173,62.272,42.467,31.741,39.579,100.331,127.449,161.928,207.215,220.329,184.982,145.7,110.198,57.055,40.896,50,51,50,53,50,48,51,50,50,47,50,46,-3.38,-3.81,-9.49,-10.99,-13.27,-21.06,-23.96,-20.55,-18.44,-15.12,-8.48,-3.59,15.8,24,35.2,26.6,-0.5,7.2,16.6,8.8,7.7,15.6,25.9,17.7,41,15,13,11,-27.5,20.3,29.1,10.1,28,2,0,2,313,979,1921,1157,927,308,5,257,0,86,733,226,39,86,92,83,1,0,0,0,163,405,625,324,122,390,613,313,49,51,50,49,-10.78,-33.76,-65.57,-42.04,16.4,27.8,4.6,23.1,80,24,331.1,1161,44,4297,1613,1045,294,91,315,224,1,-19.6,45.5,8,1517,1437,50,-152.15,2711
1990,3440200,NA,35.098215,-120.579118,-9999,18.1,16.4,18.9,19.9,17.7,20.7,20.9,20.8,21.4,22.7,21.8,17.1,3.6,4.1,6.5,8.7,8.1,10.4,12.5,12.3,11.5,9.4,6.3,1.6,10.9,10.2,12.7,14.3,12.9,15.5,16.7,16.6,16.5,16,14.1,9.4,71,57,11,11,20,1,0,1,10,3,11,16,-55.3,13.2,18.9,21,20.8,22,39,30.5,40.5,18.2,-28.2,-44.6,4,4,2,0,0,0,0,0,0,0,1,6,170,139,223,273,250,316,363,359,345,343,259,132,226,213,173,127,169,92,60,67,75,88,133,266,0,0,0,7,0,17,20,22,31,13,4,0,25,24,30,30,30,30,31,31,30,31,28,20,0,0,0,0,0,0,0,0,0,0,0,0,55.023,57.511,88.854,104.155,106.48,120.136,113.53,104.276,91.805,85.695,64.587,49.495,0,0.482,78.238,93.564,86.558,119.21,113.49,103.29,81.361,82.73,53.776,33.987,55,61,61,65,69,68,74,74,70,60,54,47,-0.14,-0.41,-6.1,-6.19,-4.05,-7.26,-6.85,-6.76,-6.49,-8.83,-8.1,-5.12,18.6,18.9,20.8,22,3.8,7.8,11.7,9.1,11.2,13.3,16.3,15.5,131,41,2,24,-28.9,20.2,30.5,10.2,11,2,0,1,524,746,1038,947,621,469,220,296,3,7,59,48,73,90,92,89,0,0,0,0,172,299,338,242,57,258,336,218,55,65,72,61,-5.67,-16.34,-20.86,-23.42,13.8,16.7,9.4,7.3,211,32,113,516.1,17,3172,1689,113,338,48,341,293,1,-8.6,35.5,8,1051,869,64,-66.3,1520
1990,3425410,NA,37.898448,-122.313558,-9999,14.3,14.5,17.5,20.6,19.6,21.7,21.9,22.4,23.2,23.3,18.7,12.7,5.5,4.7,7.7,10.3,10.7,11.9,13.7,14.3,13.3,10.9,7.5,2.4,9.9,9.6,12.6,15.4,15.1,16.8,17.8,18.3,18.2,17.1,13.1,7.5,97,74,26,11,23,1,0,1,4,8,12,40,-51.9,10.8,16.1,19.6,19.1,21.3,37.8,29.5,39.4,17.1,-27.1,-43,5,5,2,0,0,0,0,0,0,0,1,9,148,127,221,305,316,354,397,413,397,375,232,91,256,231,176,98,108,65,39,35,46,66,158,322,0,0,3,16,11,29,33,45,54,28,3,0,28,25,31,30,31,30,31,31,30,31,29,22,1,0,0,0,0,0,0,0,0,0,0,0,36.648,46.156,74.179,99.573,106.795,120.06,114.12,103.742,91.945,78.659,47.744,33.186,0,0,48.308,88.92,83.596,119.152,113.76,103.043,87.75,71.053,35.582,0,72,68,69,68,72,70,75,75,70,63,65,67,5,2.46,-3.44,-6.22,-4.16,-7.57,-7.18,-7.27,-7.94,-8.4,-5.58,0.12,14.6,19.2,22,21.7,4.9,9.6,13.3,10.6,9.8,14.4,17.6,16.2,172,60,2,24,-28,18.3,29.5,9.8,15,2,0,1,420,843,1164,1005,740,383,140,270,0,30,108,84,80,92,92,90,1,0,0,0,119,281,338,218,35,221,336,194,69,70,73,66,7.58,-13.82,-22.03,-21.91,14.3,18.3,7.5,10.8,296,29,82.1,624,22,3378,1601,222,348,26,351,325,1,-6.4,34.6,7.4,956,786,69,-50.18,1750
1990,231694,NA,36.950879,-122.066217,-9999,16,15.3,18,20.1,18.6,21.1,21,21.6,22.4,22.7,19.8,14.2,4.1,3.1,6.2,8.4,8.9,10.2,12.2,12.6,11.1,8.4,5.1,0.5,10.1,9.2,12.1,14.3,13.7,15.6,16.6,17.1,16.8,15.6,12.5,7.4,109,98,55,19,34,2,2,2,11,11,21,63,-53.8,12.6,18,21.2,18.9,22.1,37.9,29.4,39.4,17.3,-27.9,-43.8,5,6,2,0,0,0,0,0,0,0,1,10,151,117,206,271,274,318,360,375,353,328,213,86,251,242,189,128,146,90,62,57,70,99,174,327,0,0,0,8,3,18,19,27,34,11,0,0,26,22,29,30,31,30,31,31,30,30,26,16,1,0,0,0,0,0,0,0,0,0,0,1,45.013,52.185,81.504,103.91,108.625,123.051,114.296,107.012,95.71,83.097,55.561,39.622,0,0,26.85,85.074,74.227,121.441,112.34,105.373,85.17,72.507,34.067,0,62,61,63,64,69,66,73,72,66,57,55,52,4.97,4.41,-1.16,-5.57,-2.95,-7.53,-6.78,-7.16,-7.33,-8.29,-5.84,1.71,16.6,18.9,21.2,21.6,3.3,7.8,11.6,8.2,9.9,13.4,16.4,14.9,215,108,5,43,-28.3,19.3,29.8,9.6,15,2,0,1,431,752,1053,895,724,463,209,343,0,11,64,45,70,89,92,86,1,0,0,0,145,294,344,234,41,186,339,192,58,65,70,59,11.09,-9.68,-21.48,-21.47,13.4,17.1,7.4,9.7,426,50,54.9,340.6,24,3055,1834,119,331,53,334,281,2,-10.2,34.8,7.6,1018,758,64,-41.52,1451
1991,2275918,NA,37.42756,-122.17152,-9999,15.1,18.7,15,19.9,21.3,23.8,26.4,25.6,26.5,24.9,19.4,15.5,3.9,6.9,5.8,6.7,8.4,9.9,12.6,12.8,12.3,10.6,6.9,4.2,9.5,12.8,10.4,13.3,14.8,16.8,19.5,19.2,19.4,17.8,13.2,9.8,11,68,175,12,5,3,1,4,2,45,15,63,-53.2,12,15.6,22.4,14.2,24.7,29.4,27.2,38.5,16.7,-27.5,-43.7,6,2,3,1,0,0,0,0,0,0,1,5,138,203,159,242,307,354,450,440,432,395,234,146,267,152,239,155,116,65,19,25,32,55,156,251,0,3,0,3,9,29,67,63,75,36,2,0,25,27,29,29,30,30,31,31,30,31,29,26,0,0,0,0,0,0,0,0,0,0,0,0,41.78,57.505,67.032,106.259,128.717,143.008,154.822,133.884,114.444,87.301,51.279,38.74,30.313,0,0,94.271,124.035,140.133,154.248,130.368,112.021,42.37,35.819,0,64,63,70,59,60,59,60,62,58,58,61,61,-4.16,-0.11,12.45,-6.53,-7.87,-9.55,-11.29,-10.15,-11.32,-6.11,-5.79,0.68,15.7,18.7,25.2,23.6,4,6.9,11.8,10,9.8,12.8,18.5,16.8,126,192,7,63,-28.3,17.4,27.1,9.2,18,4,0,1,423,708,1245,1061,752,510,108,244,3,12,159,113,71,88,92,90,1,0,0,0,135,302,432,253,30,218,425,190,63,63,60,59,-3.59,-1.94,-30.99,-23.22,14.7,19.5,9.5,10,404,14,61.2,1387.7,18,3501,1532,287,348,40,352,313,1,-8.2,38.5,6.4,1122,864,62,-59.75,1839
1991,5504847,NA,37.6553,-122.0567,-9999,14.4,18,14.1,18.3,19.5,21.9,25,23.7,25.8,24.3,19.1,14.4,3.7,6.8,5.7,6.8,8.4,10,13,12.8,13,11.6,7.3,4.1,9.1,12.4,9.9,12.6,13.9,15.9,19,18.3,19.4,17.9,13.2,9.3,11,85,203,15,7,5,1,4,2,51,15,59,-52.7,11.6,14.9,20.9,17.4,23.1,32.1,28.4,38.9,16.9,-27.3,-43.3,7,2,4,1,0,0,0,0,0,0,1,6,127,192,146,221,280,327,434,411,432,401,235,132,281,163,254,175,141,83,24,36,33,52,156,269,0,2,0,1,4,20,55,44,74,39,3,0,25,27,29,29,30,30,31,31,30,31,29,26,0,0,1,0,0,0,0,0,0,0,0,0,39.816,54.784,62.706,96.293,115.423,129.017,142.346,120.613,107.763,82.371,49.458,35.625,28.465,0,0,81.383,108.903,123.963,141.759,116.316,105.626,31.668,34.66,0,65,65,72,64,66,64,64,67,62,62,63,64,-3.76,1.92,15.67,-5.22,-6.45,-7.92,-9.97,-8.57,-10.49,-4.83,-5.63,1.01,14.9,17.3,23.5,23,3.9,7,11.9,10.6,9.4,12.1,17.7,16.8,146,224,10,68,-28.1,17.7,27.9,9.5,20,5,0,1,393,647,1172,1067,790,570,144,240,2,5,119,116,71,88,92,90,1,1,0,0,128,274,392,240,28,190,382,172,65,67,65,63,-0.84,3.99,-26.46,-20.95,14.2,19.4,9.1,10.3,457,19,53.1,1043.2,20,3337,1665,243,348,37,356,319,2,-9,37.1,6.7,1034,773,65,-44.26,1706
1991,1176,NA,34.03974,-118.589581,-9999,19.2,22,16.7,20,19.6,20.5,22.6,23.9,25.1,25.4,23.7,19.5,9.3,11.4,8.4,11.1,11.5,13.5,16.4,16.6,17.1,16.1,12,9.8,14.3,16.7,12.5,15.6,15.5,17,19.5,20.3,21.1,20.7,17.9,14.7,39,105,175,1,1,1,0,2,3,8,2,103,-54.3,12.1,15.5,18.8,22.6,20.6,41.3,31.7,41.8,19,-27.7,-44.3,2,1,2,0,0,0,0,0,0,0,0,1,272,314,220,311,328,360,450,473,483,486,373,285,132,67,178,95,99,61,19,15,19,22,55,123,12,28,1,15,13,32,66,87,112,92,44,16,31,28,31,30,31,30,31,31,30,31,30,31,0,0,0,0,0,0,0,0,0,0,0,0,53.228,67.935,73.803,97.881,107.017,103.865,106.179,108.711,95.412,83.564,65.253,48.996,14.525,0,0,96.703,106.148,102.911,105.998,107.006,92.902,75.456,63.583,0,69,68,73,72,74,78,81,78,76,72,65,65,-2.83,2.46,12.07,-6.57,-6.23,-6.17,-6.7,-7.57,-8.26,-8.34,-9.01,3.54,20,18.8,22.4,24.7,9.4,10.3,15.5,15.1,14.7,14.5,18.9,19.9,146,177,3,12,-28.8,19,31.2,11,4,2,0,0,822,860,1283,1342,364,372,95,95,47,29,185,249,90,92,92,91,0,0,0,0,171,279,319,244,63,203,316,232,67,73,79,71,3.18,-0.73,-20.44,-25.61,17.1,21.1,12.5,8.6,438,6,62,3396.9,6,4355,885,518,365,0,365,365,0,0.7,38.9,8.1,1013,814,73,-43.6,2590
1991,3904095,NA,34.533002,-117.283871,-9999,14,21.1,15.3,22.4,25.8,31,35.6,34.9,33.2,28.4,20.4,14.1,-0.3,3.8,1.3,5.7,8.5,12.6,16.8,16.6,15.3,11,4.4,0.5,6.9,12.5,8.3,14.1,17.1,21.8,26.2,25.7,24.2,19.7,12.4,7.3,17,29,51,1,1,1,5,1,4,6,3,25,-53.4,15.8,20,25.3,15.1,28.7,29.2,30,40.8,17.2,-27.8,-43.9,12,2,6,0,0,0,0,0,0,0,1,10,88,206,121,270,376,503,656,641,576,455,220,95,349,161,302,133,64,10,1,1,7,30,176,329,0,5,0,11,34,120,256,240,190,79,5,0,14,23,19,28,30,30,31,31,30,31,25,16,0,0,0,0,0,0,0,0,0,0,0,0,48.208,75.063,81.734,127.637,162.929,191.196,217.776,194.93,152.821,110.131,63.55,43.912,31.583,45.57,30.398,126.907,161.668,190.592,212.327,194.059,148.446,104.349,61.04,19.034,54,49,56,50,50,49,50,50,51,51,52,50,-3.19,-7.06,-0.74,-10.62,-12.92,-17.66,-22.28,-21.61,-19.24,-14.51,-9.08,-2.47,15.9,21.2,33.8,27.3,0.1,5.2,15.3,10.2,8,13.2,24.6,18.8,48,53,7,13,-27.2,20.1,29.3,10.1,34,7,0,1,341,767,1800,1251,921,499,12,213,5,46,615,273,44,77,92,86,0,0,0,0,166,372,604,327,118,319,597,314,51,52,50,51,-12.73,-24.28,-61.55,-42.83,16.4,26.2,6.9,19.4,144,13,183.1,2088.4,32,4207,1564,939,309,90,331,241,1,-19.6,45.5,8.1,1468,1348,52,-141.38,2578
1991,3440200,NA,35.098215,-120.579118,-9999,18,21.3,15.1,17.9,16.7,17.6,19.4,19.4,21.3,22.5,22.1,18.9,4.3,6.7,5.4,6.7,7.2,9.1,11.9,12.3,12.2,10.2,6.7,4.2,11.2,14,10.3,12.3,12,13.3,15.7,15.8,16.7,16.3,14.4,11.6,30,53,201,9,1,5,0,2,1,14,10,91,-55.1,14.3,16.6,21.2,21.6,22,40.7,31.1,40.6,18.4,-28.3,-44.9,4,2,4,1,0,0,0,0,0,0,0,3,176,234,155,215,217,249,332,337,353,352,270,187,213,122,242,181,195,143,84,83,70,81,124,205,0,6,0,0,0,6,12,16,33,15,5,0,26,27,28,29,30,30,31,31,30,31,28,26,0,0,0,0,0,0,0,0,0,0,0,0,54.109,71.304,72.323,98.076,102.734,101.966,104.456,93.33,88.98,83.201,65.242,52.304,24.308,18.616,0,89.104,101.351,97.1,104.413,91.505,87.701,68.732,55.005,0,57,56,69,65,69,73,76,78,72,63,54,52,-4.06,-3.47,14.88,-5.6,-5.54,-5.22,-6.05,-5.71,-7.14,-7.31,-8.33,1.47,18.8,16.6,18.8,22,4.2,6.4,11.1,9.7,11.5,11.5,14.9,15.8,98,211,7,26,-28.5,19.8,31.3,10.2,11,4,0,1,541,588,918,974,601,618,310,275,6,0,34,54,73,87,92,89,0,0,0,0,175,273,300,237,77,190,293,211,55,68,76,63,-6.06,3.74,-16.98,-22.78,13.6,16.7,10.3,6.5,418,9,56.6,1782.5,13,3077,1744,93,347,42,352,310,1,-8.6,35.5,8.2,985,772,65,-42.07,1427
1991,3425410,NA,37.898448,-122.313558,-9999,14.7,18.5,14.7,17.9,18.5,19.7,21.4,20.3,23.2,23.8,19.3,14.6,4.9,8,6.9,8.1,9.3,10.6,13.2,12.9,13.2,12.1,8.4,5.3,9.8,13.3,10.8,13,13.9,15.1,17.3,16.6,18.2,18,13.9,10,14,90,199,17,6,5,0,3,2,44,19,56,-52.5,11.1,14.3,19.4,19.6,21.7,38.3,30.2,39.4,17.1,-27.1,-43.1,5,2,3,1,0,0,0,0,0,0,1,5,143,214,168,234,279,304,382,362,397,401,253,148,258,140,227,162,142,101,48,65,46,52,138,247,0,4,0,2,3,14,27,23,53,38,4,0,27,28,30,29,31,30,31,31,30,31,30,28,0,0,0,0,0,0,0,0,0,0,0,0,38.677,54.066,61.828,90.494,104.863,109.951,112.047,94.532,92.093,78.332,48.031,34.285,24.674,0,0,73.481,99.078,104.98,111.684,91.733,90.294,34.2,29.033,0,68,67,75,69,71,71,75,77,70,65,66,66,-3.61,2.5,15.26,-4.47,-5.61,-6.12,-6.95,-6.04,-8.19,-4.8,-5.01,0.71,15.3,17,20.5,22.1,5.1,8.1,12.2,11.3,10.2,12.6,16.4,16.7,144,222,8,65,-28.2,17.8,30,9.8,16,4,0,1,445,681,1048,1051,720,530,214,236,4,6,64,95,77,90,92,91,1,0,0,0,126,257,317,218,25,173,308,154,67,72,74,67,-0.41,5.18,-19.11,-18.01,14.2,18.2,9.8,8.4,455,16,53,1159.4,16,3284,1627,169,356,15,362,347,1,-6.4,34.6,7.4,918,659,70,-32.35,1629
1991,231694,NA,36.950879,-122.066217,-9999,15.5,19.2,14.9,17.7,17.3,18.6,19.8,20.2,22.1,22.2,19.9,16.8,3.2,6.1,5.3,5.8,7.5,8.8,11.6,12.1,11.2,9,5.9,3.6,9.4,12.6,10.1,11.7,12.4,13.7,15.7,16.1,16.7,15.6,12.9,10.2,24,99,255,19,7,5,2,4,4,54,30,113,-53.7,12.9,16.1,21.5,20,22.2,39.3,30,39.5,17.5,-27.9,-44.3,6,2,4,1,0,0,0,0,0,0,1,5,131,195,149,197,235,260,333,346,350,330,225,152,272,157,248,197,183,135,83,77,72,98,163,240,0,2,0,0,0,7,12,18,33,10,0,0,24,27,28,28,30,30,31,31,30,31,27,25,0,0,1,0,0,0,0,0,0,0,0,0,44.632,61.071,68.607,96.395,103.879,109.573,107.944,98.179,93.829,79.922,55.226,43.232,20.255,0,0,77.718,96.398,104.314,106.364,93.968,89.64,25.896,25.547,0,61,59,69,63,69,69,74,75,67,60,57,56,-3.15,2.48,20.36,-4.64,-5.15,-5.84,-6.22,-6.02,-7.72,-3.4,-4.97,4.92,16.3,16.6,19.5,21.4,3.3,6.2,10.8,8.7,9.8,11.4,15.2,15.1,186,281,11,88,-28.3,19.2,30.5,9.7,18,5,0,1,409,581,939,905,756,627,295,332,2,0,37,42,67,86,92,88,1,1,0,0,145,269,316,229,20,174,305,141,59,67,73,61,4.25,10.57,-18.09,-16.09,13.1,16.7,9.4,7.3,616,23,37.5,733.5,19,2903,1923,81,340,53,343,290,2,-10.2,34.8,7.8,959,640,65,-19.35,1291
1992,2275918,NA,37.42756,-122.17152,-9999,14.7,17.9,18.3,23.2,25.3,25.1,27.4,27.9,26.9,25,19.1,13.7,3.9,7.7,8.9,9.5,11.5,12.5,13.7,12.7,12,11.5,7.2,4.2,9.3,12.8,13.6,16.3,18.4,18.8,20.5,20.3,19.4,18.2,13.1,9,47,169,83,9,1,6,0,1,1,37,8,141,-52.8,11,15.8,22.5,10.1,25.1,28.7,25.8,38.3,16.8,-27.3,-43.1,6,2,1,0,0,0,0,0,0,0,1,6,134,204,252,332,415,414,481,474,432,410,234,126,274,152,149,79,44,33,12,15,32,47,157,277,0,4,7,23,47,60,91,87,74,45,3,0,25,28,31,30,31,30,31,31,30,31,29,26,0,0,0,0,0,0,0,0,0,0,0,1,40.601,53.121,75.276,118.736,147.704,143.982,158.559,150.523,117.186,85.93,50.19,34.384,0,0,0,109.482,146.935,138.449,158.132,149.386,115.861,49.002,42.05,0,65,68,70,59,59,63,60,56,57,60,63,64,-0.28,10.65,2.19,-8.52,-10.65,-9.65,-11.89,-12.67,-11.87,-6.71,-6.29,9.7,16,22.3,26.8,23.6,5.3,10,13,10.2,10.6,16.1,19.9,16.9,278,93,7,46,-28.3,16.1,26.5,9.3,13,1,0,1,486,999,1368,1076,678,272,60,237,4,77,238,123,79,92,92,90,1,0,0,0,132,342,453,253,0,256,446,207,66,63,60,60,20.08,-16.98,-34.21,-24.87,15.8,20.5,9,11.5,504,9,51.2,2231.7,17,3907,1273,441,353,23,352,329,1,-8.2,38.5,5.9,1181,909,62,-55.98,2226
1992,5504847,NA,37.6553,-122.0567,-9999,12.8,16.9,17.3,21.7,24,23.1,25.3,26.4,25.6,23.9,18.6,12.7,3.6,7.6,8.7,9.5,11.7,12.5,13.7,13.3,12.6,12.1,7.4,4.3,8.2,12.3,13,15.6,17.8,17.8,19.5,19.9,19.1,18,13,8.5,53,188,101,13,1,8,0,1,1,39,9,163,-51.5,10.4,15.1,21.3,12.6,23.8,32.1,27,38.9,17.2,-27,-42.7,8,2,2,0,0,0,0,0,0,0,1,7,107,189,235,310,398,383,451,460,422,402,231,114,309,166,165,95,52,47,19,18,36,51,160,293,0,2,5,17,39,43,67,77,68,41,3,0,25,28,31,30,31,30,31,31,30,31,29,26,1,0,0,0,0,0,0,0,0,0,0,1,35.602,49.652,70.668,109.304,136.617,128.644,142.083,138.297,108.126,79.194,47.886,31.329,0,0,0,95.98,135.668,120.192,141.657,137.008,106.969,39.723,38.931,0,70,70,73,63,63,68,65,61,61,65,65,67,1.37,13.09,4.42,-7.04,-9.47,-7.77,-10.05,-11.15,-10.59,-5.4,-5.88,12.47,14.7,21,25,22.7,5.1,10,13.2,10.7,9.9,15.5,19.1,16.7,300,115,10,50,-27.9,16.3,27.7,9.7,17,2,0,1,429,943,1294,1055,744,312,84,247,2,60,187,112,79,92,92,90,1,0,0,0,121,317,409,235,0,232,399,186,69,66,65,64,26.93,-12.09,-28.97,-21.87,15.2,19.9,8.2,11.7,579,12,43.5,1617.7,21,3702,1411,361,353,22,355,333,1,-9,37.1,6.4,1082,816,66,-36,2054
1992,1176,NA,34.03974,-118.589581,-9999,20.4,20.2,18.4,23.3,22.3,22.1,24.5,26.8,26.4,24,23,17.3,9.1,11.7,11.1,13.5,15.8,14.9,17.5,18.4,16.8,15.8,11.7,7.8,14.7,16,14.7,18.4,19,18.5,21,22.6,21.6,19.9,17.3,12.5,63,224,153,4,2,0,0,1,1,23,2,134,-55.2,10.8,14.6,19.4,22.9,19.2,39.6,31.2,41.6,19.3,-27.6,-44,1,1,1,0,0,0,0,0,0,0,0,2,288,295,288,395,433,405,497,546,498,461,359,222,120,80,120,44,36,37,9,5,16,28,63,179,16,21,12,48,57,55,103,145,124,75,38,5,31,28,31,30,31,30,31,31,30,31,30,31,0,0,0,0,0,0,0,0,0,0,0,0,57.696,59.775,74.245,111.139,105.419,110.425,117.519,123.398,106.096,76.804,63.559,45.474,0,0,0,106.808,103.07,109.939,117.246,122.307,105.164,53.591,61.527,0,65,73,77,70,80,78,79,75,71,75,65,70,-1.29,15.7,9.63,-7.9,-6.47,-6.91,-7.81,-9.43,-9.78,-5.75,-8.56,7.5,20.1,21.3,24.5,24.5,10.2,13.5,16.9,14.8,15.1,17.4,20.7,19.6,389,160,2,26,-29.5,19,30,11.1,4,1,0,0,869,1117,1447,1318,324,200,51,107,53,117,303,238,90,92,92,91,0,0,0,0,166,291,351,246,0,210,349,220,69,76,77,71,21.91,-4.74,-24.15,-24.09,18,22.6,12.5,10.1,608,5,46.1,4408.7,6,4686,737,700,365,7,365,358,0,0.7,38.9,7.7,1055,780,73,-31.08,2920
1992,3904095,NA,34.533002,-117.283871,-9999,14.4,16.8,17.2,25.8,29.5,31.7,34.4,36.4,33.7,27.1,18.3,12.3,0.2,3.9,4.6,8.9,12.6,14,17.3,18.3,14.9,9.8,2.7,-1.8,7.3,10.4,10.9,17.3,21.1,22.8,25.9,27.4,24.3,18.4,10.5,5.3,20,68,51,4,4,1,6,3,1,12,1,57,-53.6,13.6,18.9,25.2,12.8,27.8,30.4,29.7,40.6,17.4,-27.3,-43.6,10,4,3,0,0,0,0,0,0,0,2,17,100,157,190,368,496,534,645,692,577,415,172,58,334,210,223,60,18,7,1,0,7,45,226,392,0,1,3,39,107,149,244,291,191,56,1,0,16,23,27,30,31,30,31,31,30,31,22,10,0,0,0,0,0,0,0,0,0,0,0,2,48.908,60.345,85.143,141.52,179.291,192.57,205.681,201.267,157.327,106.053,58.838,41.184,29.355,0,34.514,137.099,175.671,191.901,199.756,198.574,156.226,93.722,58.03,0,55,59,60,51,52,51,53,51,49,51,52,57,-3.21,-0.16,-2.03,-12.53,-15.53,-18.07,-20.02,-23.15,-20.58,-12.76,-8.11,1.96,15.1,24.2,34.2,26.4,1.6,8.7,16.5,9.1,8.3,16.4,25.4,17.7,113,59,9,14,-27.8,19,29.3,10.2,24,3,0,2,354,1054,1870,1164,873,301,8,278,1,149,684,248,55,88,92,82,1,0,0,0,153,406,600,322,48,347,590,308,57,55,52,50,-1.41,-30.09,-61.24,-41.45,16.8,27.4,5.3,22.1,227,14,117.8,1955.1,37,4404,1523,1083,311,73,325,252,1,-19.6,45.5,7.7,1481,1294,53,-134.19,2781
1992,3440200,NA,35.098215,-120.579118,-9999,18.8,19.3,17.4,21.8,20.6,19.3,20.7,22.4,21.8,22.1,21.3,16.8,4.7,8.5,8.3,8.7,11,11.1,12.2,11.9,11.2,10.9,6.4,3.8,11.7,13.9,12.8,15.2,15.8,15.2,16.5,17.1,16.5,16.5,13.8,10.3,63,182,75,4,1,1,0,1,2,35,4,107,-55.5,12.1,16.1,22.6,18.8,21.8,39,29.8,40.4,18.6,-28,-44.3,3,2,2,0,0,0,0,0,0,0,1,4,190,232,226,301,337,305,356,377,346,358,252,156,199,125,170,103,92,100,65,56,75,77,139,236,2,6,0,12,14,15,18,28,31,18,2,0,27,28,31,30,31,30,31,31,30,31,28,25,0,0,0,0,0,0,0,0,0,0,0,0,55.945,61.153,76.395,116.158,116.114,106.105,113.714,118.118,95.18,79.632,62.943,46.9,0,0,1.887,112.372,114.73,104.669,113.553,117.206,93.514,45.116,59.16,0,56,66,71,60,70,74,73,68,67,66,55,55,-1.12,11.24,1.65,-8.23,-6.96,-6.06,-6.82,-8.09,-7.76,-4.79,-8.41,4.33,19,19.9,20.8,21.7,5.8,9.3,11.7,9.5,12.4,14.6,16.3,15.6,336,80,3,40,-29.2,19.2,30.2,10.3,8,2,0,1,609,863,1038,955,529,366,221,292,8,26,60,50,81,92,92,89,0,0,0,0,169,309,338,238,0,229,335,198,59,67,72,63,14.45,-13.54,-20.97,-20.96,14.6,17.1,10.3,6.8,475,6,51.9,3081.5,12,3434,1438,145,353,22,352,329,0,-8.6,35.5,7.6,1054,762,66,-41.01,1733
1992,3425410,NA,37.898448,-122.313558,-9999,12.8,17.5,17.9,21.1,22.5,20.7,21.7,23,23.2,23.1,18.7,12.8,4.8,8.8,9.8,10.5,12.4,13,13.9,13.3,13,12.8,8.6,5.3,8.8,13.2,13.9,15.8,17.5,16.9,17.8,18.2,18.1,17.9,13.7,9.1,56,189,101,18,1,8,0,1,1,47,10,155,-51.1,9.9,14.6,19.9,15.4,22.2,38.5,28.8,39.4,17.5,-26.8,-42.4,7,2,1,0,0,0,0,0,0,0,1,6,119,212,258,315,386,355,398,408,392,401,248,126,290,143,142,91,58,64,39,38,48,52,143,275,0,4,7,18,33,30,34,43,51,39,4,0,27,28,31,30,31,30,31,31,30,31,30,28,1,0,0,0,0,0,0,0,0,0,0,1,33.697,48.821,69.994,102.301,122.574,106.69,110.878,112.589,92.747,73.696,46.183,29.834,0,0,0,84.261,121.587,98.631,110.606,111.82,91.422,26.338,36.52,0,74,73,74,67,69,76,76,71,69,69,68,70,1.73,13.2,4.35,-5.8,-8,-5.78,-6.94,-8.06,-8.3,-3.71,-5.56,11.73,14.9,20.5,21.8,21.7,6.3,10.9,13.4,11.4,10.6,15.7,17.6,16.6,301,120,9,58,-27.9,16.6,29.8,10,14,1,0,1,479,959,1161,1041,680,291,141,244,4,58,106,94,83,92,92,91,1,0,0,0,117,295,330,213,0,206,321,154,72,70,74,69,26.65,-9.45,-20.78,-17.57,15.1,18.2,8.8,9.4,587,11,42.7,1591,17,3617,1384,262,358,10,360,350,1,-6.4,34.6,7.2,954,681,72,-21.15,1958
1992,231694,NA,36.950879,-122.066217,-9999,16.5,18.2,18.1,20.9,20.9,20,21.4,22.2,22.6,22.7,19.9,14.9,3.5,7.2,8.2,8.8,10.5,11.4,12.8,11.6,10.7,10.2,6.1,3.5,10,12.7,13.2,14.8,15.7,15.7,17.1,16.9,16.7,16.5,13,9.2,87,268,114,11,2,8,2,2,3,44,16,190,-54.2,11.7,16.3,21.5,16.5,22.5,37.7,28.8,39.3,17.5,-27.8,-43.7,5,2,1,0,0,0,0,0,0,0,1,6,148,198,235,288,333,320,376,370,351,356,227,128,252,155,161,113,94,89,52,60,72,79,161,270,0,2,3,10,14,18,24,25,33,18,0,0,24,28,31,30,31,30,31,31,30,31,28,25,0,0,0,0,0,0,0,0,0,0,0,1,46.721,56.024,77.058,107.553,119.331,109.29,115.227,115.373,97.894,79.858,54.847,38.867,0,0,0,96.227,117.639,101.17,113.394,113.601,95.352,35.948,39.096,0,59,65,69,63,68,73,73,68,64,62,58,59,2.41,20.27,5.17,-6.76,-7.31,-5.75,-6.94,-7.91,-8.4,-4.49,-6.28,13.79,17.2,20,21.2,21.7,4.8,9.2,11.9,9,11,14.6,16.6,15.4,468,127,12,62,-28.7,18.1,29.7,9.7,12,2,0,1,499,857,1065,934,647,369,201,311,2,27,68,51,77,92,92,88,1,0,0,0,146,304,340,233,0,214,328,170,61,66,71,61,36.47,-8.9,-20.6,-19.17,14.3,17.1,9.2,7.9,745,16,32.6,1071.6,16,3330,1557,148,349,29,345,316,1,-10.2,34.8,7.2,1022,712,65,-12.2,1661
1993,2275918,NA,37.42756,-122.17152,-9999,13.7,15.1,19.1,20.8,23.6,27.2,27,27.8,26.1,23.7,18.7,14.4,4.7,5.8,8.7,8.1,10.4,12.2,12.4,13.3,11.2,10.9,6.1,4.3,9.2,10.4,13.9,14.5,17,19.7,19.7,20.6,18.6,17.3,12.4,9.4,204,127,60,18,13,5,0,1,1,13,46,60,-51.8,10.6,16.7,21.9,12,24.7,28.3,26,38.5,17.1,-27.3,-43.3,6,4,1,0,0,0,0,0,0,0,1,6,131,146,260,277,373,441,456,482,409,380,212,135,278,208,142,122,66,24,17,13,41,63,176,266,0,0,8,10,28,77,71,94,60,30,0,0,27,26,31,30,31,30,31,31,30,31,28,27,2,0,0,0,0,0,0,0,0,0,0,0,36.944,46.822,80.047,108.282,138.568,161.17,160.196,148.302,114.543,81.435,50.369,35.874,0,0,20.17,90.502,125.527,155.824,159.746,147.517,113.35,68.306,4.173,0,71,70,67,61,60,56,58,58,57,62,61,69,16.04,7.59,-0.72,-6.26,-8.25,-11.76,-11.95,-12.45,-11.35,-8.15,-2.47,1.15,14.1,21.2,27.4,22.8,4.9,9.1,12.7,9.4,9.5,15.1,20,16.1,472,91,7,61,-28.2,16.9,26.3,9.4,17,2,0,1,403,910,1380,1002,763,331,54,280,0,46,242,90,79,91,92,89,3,0,0,0,118,327,470,246,0,236,463,186,70,63,57,60,24.77,-15.24,-36.16,-21.98,15.2,20.6,9.2,11.4,548,21,46,988.2,19,3704,1417,378,351,28,349,321,3,-8.2,38.5,6.1,1161,885,62,-48.61,2037
1993,5504847,NA,37.6553,-122.0567,-9999,12.7,14.2,18.1,19.1,21.4,25,25.2,25.9,25,22.5,18.1,13,4.3,5.7,8.7,8.3,10.4,12.4,12.7,13.6,11.9,11.6,6.4,4.3,8.5,9.9,13.4,13.7,15.9,18.7,18.9,19.7,18.5,17,12.2,8.6,243,147,77,23,17,9,0,1,1,15,66,65,-51.2,10,15.8,20.3,15.8,22.9,31.6,27.4,39,17.6,-27,-42.8,8,5,1,0,0,0,0,0,0,0,1,7,114,134,246,254,340,410,432,457,404,373,207,117,299,222,155,144,89,35,24,19,43,67,180,288,0,0,6,6,17,58,54,74,57,27,0,0,26,26,31,30,31,30,31,31,30,31,28,26,2,1,0,0,0,0,0,0,0,0,0,0,34.515,43.743,74.777,97.022,122.188,143.226,144.88,133.444,106.768,74.431,47.801,32.17,0,0,0,74.028,105.26,134.21,144.405,132.46,105.654,59.365,0,0,72,72,70,66,66,63,63,63,61,67,63,72,20.5,10.05,1.51,-4.58,-6.22,-9.31,-10.24,-10.57,-10.31,-6.92,-0.14,2.52,13.2,19.5,25.4,21.9,4.7,9.1,12.9,9.9,9,14.3,19.1,15.9,554,117,10,82,-28,17.3,27.3,9.9,20,2,0,1,361,839,1299,985,814,388,79,291,0,29,186,85,79,91,92,89,4,0,0,0,110,294,422,229,0,179,411,165,72,68,63,64,33.07,-9.29,-30.11,-17.37,14.6,19.7,8.5,11.3,665,29,37,692.2,22,3488,1567,299,351,27,352,326,4,-9,37.1,6.6,1054,755,67,-23.71,1848
1993,1176,NA,34.03974,-118.589581,-9999,17.4,17.6,21.2,22.3,22.2,23.6,22.3,24.4,24.9,23.8,21.9,20.2,9.2,9.7,11.6,12.2,13.9,15.5,16.5,17.1,16.3,15,11.1,8.6,13.3,13.6,16.4,17.3,18,19.5,19.4,20.7,20.6,19.4,16.5,14.4,285,208,69,1,2,5,0,1,1,6,19,32,-52.9,10.5,16.7,19.8,21,20.6,42,31.6,41.7,19.2,-27.3,-44.7,2,2,1,0,0,0,0,0,0,0,0,1,241,226,336,362,404,436,447,487,468,446,332,276,157,131,81,61,49,25,20,12,22,33,78,129,7,5,25,31,40,74,64,98,100,63,24,13,31,28,31,30,31,30,31,31,30,31,30,31,0,0,0,0,0,0,0,0,0,0,0,0,46.896,53.723,89.658,109.517,115.917,120.58,102.039,109.574,97.986,78.949,60.57,53.06,0,0,20.662,108.624,114.401,115.787,101.975,108.499,97.097,72.999,41.723,21.408,74,75,70,69,75,75,82,78,74,73,67,70,22.87,15.25,-0.52,-7.92,-7.19,-7.45,-6.42,-7.79,-8.62,-7.68,-6.19,-4.33,17.4,21.9,23.4,23.6,8.9,12.6,16.4,14.1,13.2,17.2,19.9,18.8,627,71,6,26,-29,19.2,31.4,11.2,6,1,0,0,687,1102,1370,1245,467,191,57,133,16,96,236,188,90,92,92,91,1,0,0,0,146,315,332,238,0,244,326,212,73,71,78,71,33.79,-15.63,-21.66,-22.49,17.4,20.7,13.3,7.4,628,8,43.7,2485.3,6,4461,800,545,365,4,365,361,1,0.7,38.9,8.2,1031,782,73,-25.98,2691
1993,3904095,NA,34.533002,-117.283871,-9999,12.2,13.8,21.5,25,28.5,32.4,33.5,35.3,32.9,26.2,18.1,15,0.6,2,5.8,7.7,11.3,14,16,16.5,13.7,8.9,2.7,-0.7,6.4,7.9,13.6,16.4,19.9,23.2,24.7,25.9,23.3,17.5,10.4,7.2,80,77,11,1,1,7,1,1,1,2,6,11,-52.1,13.1,21.2,25.5,13.3,28.3,30.7,29.9,40.7,17.6,-27.2,-44.2,14,8,1,0,0,0,0,0,0,0,2,10,79,101,265,338,460,544,611,646,547,389,167,92,364,279,149,78,27,6,2,1,9,58,229,333,0,0,10,27,80,160,210,246,163,41,0,0,17,19,29,29,31,30,31,31,30,31,22,13,2,1,0,0,0,0,0,0,0,0,0,0,42.55,52.46,103.921,138.967,175.526,198.202,203.251,197.934,155.235,103.505,58.312,46.985,0,0,93.202,138.326,174.353,190.957,202.496,197.07,153.95,101.281,52.236,36.266,62,62,53,50,51,49,52,50,48,50,52,54,4.12,2.86,-8.79,-12.43,-15.03,-18.4,-19.84,-22.24,-19.87,-13.12,-7.46,-4.4,12.8,25,33.7,25.7,0.3,8.3,15.5,8.4,6.5,16.6,24.6,17.1,214,13,9,10,-27.8,20,29.6,10.3,39,1,0,2,237,1063,1801,1103,1034,254,8,297,0,117,615,204,46,89,92,82,4,0,0,0,136,418,599,317,0,406,591,307,59,51,50,50,2.59,-36.25,-60.48,-40.45,16.4,25.9,6.4,19.5,198,11,132.9,2287.5,35,4240,1535,936,312,77,323,246,4,-19.6,45.5,8,1471,1304,52,-134.59,2636
1993,3440200,NA,35.098215,-120.579118,-9999,17,16.9,20.1,20.4,20,21.5,19.4,20.6,21.8,22.6,21.6,18.4,6.3,6.4,8.6,7.6,9.1,10.9,11.2,12.3,11.1,10.5,6.9,4.5,11.7,11.7,14.4,14,14.5,16.2,15.3,16.4,16.5,16.5,14.3,11.5,189,166,85,16,6,5,0,1,1,12,37,38,-53.8,12,18.1,22.4,18.1,23,40.2,30.6,40.4,18.4,-28.1,-44.7,3,3,1,0,0,0,0,0,0,0,1,3,186,168,270,265,298,336,320,355,345,358,264,183,201,182,129,135,124,77,94,70,75,77,128,207,0,0,6,4,5,23,10,20,31,16,2,0,30,27,31,29,31,30,31,31,30,31,29,27,1,0,0,0,0,0,0,0,0,0,0,0,48.789,55.846,89.985,110.252,119.44,124.374,107.429,102.788,95.435,82.969,63.458,50.689,0,0,5.203,94.626,113.701,119.398,107.391,101.84,94.107,70.768,26.631,12.532,66,67,64,61,66,67,74,74,67,63,56,59,12.81,10.7,1.05,-6.29,-6.67,-7.3,-6.21,-6.62,-7.82,-7.53,-5.25,-3.46,16.9,20.2,20.5,22,5.5,8.4,11.5,9.5,11.2,14.3,16,15.8,463,106,6,50,-28.9,19.5,31.3,10.2,10,1,0,1,508,833,1011,967,619,388,241,280,0,15,53,49,82,91,92,89,1,0,0,0,152,320,335,242,0,214,329,192,64,64,72,62,20.05,-11.91,-20.13,-20.6,14.4,16.5,11.5,5.1,556,13,43.9,1269.2,11,3347,1500,118,355,24,354,330,1,-8.6,35.5,8,1048,734,65,-32.59,1661
1993,3425410,NA,37.898448,-122.313558,-9999,12.7,14.6,18.6,18.6,19.9,22.6,21.6,22.5,22.7,21.8,18.1,13.1,5.1,6.7,9.7,9.5,11.3,13,13,13.8,12.2,12.3,7.5,5.2,8.9,10.7,14.1,14,15.6,17.8,17.3,18.2,17.4,17,12.8,9.2,256,142,61,29,17,7,0,1,1,16,63,63,-50.9,9.5,15.3,18.7,19,21.2,37.6,29.2,39.4,18,-26.8,-42.6,7,4,1,0,0,0,0,0,0,0,1,6,122,149,266,264,331,383,382,409,373,373,224,129,285,202,135,134,96,48,48,37,58,68,165,271,0,0,8,7,14,43,27,43,42,26,0,0,28,27,31,30,31,30,31,31,30,31,29,28,2,0,0,0,0,0,0,0,0,0,0,0,33.048,42.965,73.916,89.853,107.176,121.751,115.18,107.007,92.16,68.76,45.968,30.888,0,0,13.165,60.952,89.752,114.299,114.869,106.408,90.936,52.406,0,0,75,74,72,71,73,71,73,73,68,71,67,75,21.82,9.5,-0.07,-3.31,-4.82,-7.2,-7.2,-7.55,-8.15,-5.93,-0.15,2.23,13.4,19,22.3,20.9,5.7,10.2,13.3,10.7,9.5,14.6,17.8,15.8,553,107,8,80,-28,17.6,29.3,10.2,17,2,0,1,397,861,1174,970,762,365,133,290,0,29,112,68,83,92,92,90,3,0,0,0,106,271,344,207,0,164,336,143,75,72,72,68,33.56,-8.2,-21.95,-14.23,14.4,18.2,8.9,9.3,656,27,37.2,673.4,19,3405,1546,209,357,10,358,347,3,-6.4,34.6,7.3,928,643,72,-10.83,1753
1993,231694,NA,36.950879,-122.066217,-9999,14.3,15.2,19.2,18.9,20.2,22.5,20.6,22.4,21.8,22,19.7,16.2,4.6,5.3,8,7.3,9.5,10.9,11.4,12.3,10,9.6,4.9,3.9,9.5,10.3,13.6,13.1,14.8,16.7,16,17.3,15.9,15.8,12.3,10.1,329,218,90,27,25,12,1,1,2,16,72,80,-52.4,11.1,17.4,21.1,16.9,22.8,37.7,28.9,39.4,17.7,-27.9,-44.1,6,4,1,1,0,0,0,0,0,0,1,5,134,139,248,238,306,350,342,383,327,335,208,150,269,212,150,159,117,68,76,52,87,93,178,244,0,0,5,2,8,28,14,30,25,12,0,0,27,26,31,29,31,30,31,31,30,31,26,26,2,1,0,0,0,0,0,0,0,0,0,0,39.558,48.744,83.195,99.702,117.446,130.626,115.447,113.676,95.247,77.833,55.431,41.694,0,0,0,72.887,92.472,118.46,114.161,112.487,92.87,61.745,0,0,69,68,65,64,67,65,71,69,64,62,55,63,28.17,16.58,2.05,-4.24,-4.72,-7.29,-6.87,-7.86,-7.99,-6.87,-0.8,1.89,14.8,19.4,21.8,21.2,4.5,8.3,11.5,8.2,9.6,13.8,16.7,14.7,737,142,15,90,-28.4,18.5,29.8,9.7,16,2,0,1,401,793,1074,870,751,425,195,359,0,15,72,37,77,91,92,86,4,0,0,0,127,300,360,229,0,165,345,155,67,65,68,60,46.64,-6.92,-22.02,-15.66,13.8,17.3,9.5,7.9,873,42,27.2,412.6,18,3160,1705,124,347,36,342,306,4,-10.2,34.8,7.4,1016,665,65,2.03,1514
1994,2275918,NA,37.42756,-122.17152,-9999,15.9,15,19.5,20.4,21.8,26.2,25.2,27.7,26,23.1,14.6,13.3,4.9,4.7,7.2,8,9.7,10.6,11.9,12,12.5,9.4,4.5,3.7,10.4,9.8,13.3,14.2,15.8,18.4,18.6,19.8,19.2,16.2,9.6,8.5,48,100,11,30,17,1,1,1,2,11,109,56,-53.5,11.2,18.2,21.7,14.4,23.8,30.7,25.7,38.7,17.1,-25.8,-43,4,5,1,0,0,0,0,0,0,0,3,7,162,133,244,270,336,402,421,459,426,349,139,114,239,225,157,129,93,38,29,19,34,84,254,292,1,0,5,8,16,53,46,76,71,18,0,0,27,25,30,29,31,30,31,31,30,31,25,25,0,0,0,0,0,0,0,0,0,0,1,0,42.893,48.213,85.723,106.02,127.815,158.767,148.351,151.076,111.004,81.823,40.826,33.818,0,0,74.778,76.153,110.87,157.921,147.84,150.377,109.108,71.193,0,0,65,67,62,62,63,55,61,55,60,59,67,67,-0.9,4.85,-6.27,-4.78,-6.64,-11.74,-10.44,-12.72,-10.81,-8.36,5.98,1.46,15.1,20.6,26.4,21.2,4.7,8.3,11.5,8.8,9.9,14.4,18.9,15,209,58,2,122,-28.4,18.1,26.8,10,15,2,0,3,430,849,1282,914,729,378,86,372,1,30,175,89,79,90,92,86,1,0,0,1,127,320,458,234,0,262,456,180,66,62,57,62,5.41,-17.7,-34.89,-13.18,14.5,19.8,8.5,11.3,387,21,63.3,948,21,3454,1592,295,346,35,347,312,1,-8.2,38.5,6.6,1138,898,62,-60.36,1812
1994,5504847,NA,37.6553,-122.0567,-9999,14.7,14,18.6,18.9,19.9,24.4,23.9,26.1,24.7,21.8,13.9,12,4.6,4.6,7.1,8.1,9.8,10.8,12.2,12.3,12.9,10,4.8,3.8,9.6,9.3,12.8,13.5,14.8,17.6,18,19.2,18.8,15.9,9.3,7.9,55,117,9,38,23,1,1,1,2,13,142,60,-52.6,10.7,17.6,20.3,17.8,22.3,33.2,26.9,39.2,17.6,-25.4,-42.5,6,6,2,0,0,0,0,0,0,0,3,8,142,120,229,248,307,378,404,440,415,340,134,100,263,240,170,149,116,50,36,25,39,90,261,310,0,0,4,5,9,40,37,62,63,16,0,0,27,24,30,29,31,30,31,31,30,31,26,25,0,1,0,0,0,0,0,0,0,0,2,1,39.544,45.044,81.35,96.45,113.453,144.222,136.792,138.616,102.131,74.692,38.193,30.284,0,0,71.901,57.96,90.085,142.891,136.29,137.712,100.143,61.88,0,0,67,69,64,66,69,60,65,60,65,64,70,71,0.45,7.06,-5.95,-2.95,-4.69,-10.04,-9.28,-11.13,-9.61,-7.05,9.63,2.52,13.9,19.1,24.8,20.1,4.5,8.3,11.8,9.2,9.2,13.7,18.3,14.7,237,71,3,157,-28.2,18.6,27.5,10.5,18,2,0,3,380,784,1223,888,791,435,111,390,0,18,139,79,78,90,92,87,1,0,0,2,117,291,420,215,0,220,417,162,69,66,61,66,10.03,-13.59,-30.44,-7.03,13.9,19.2,7.9,11.3,463,28,51.7,683.4,25,3257,1749,236,345,34,349,316,2,-9,37.1,7.1,1043,799,66,-41.02,1656
1994,1176,NA,34.03974,-118.589581,-9999,21.4,18.2,21.4,19.9,19.4,24.5,23.6,26.9,25.1,22.8,18.7,19,8.9,8.4,11.3,11.6,12.7,15.4,16.2,18.2,16.3,13.5,8.4,8.9,15.2,13.3,16.3,15.8,16,20,19.9,22.5,20.7,18.1,13.6,13.9,18,121,42,18,9,1,0,1,2,12,23,31,-55.9,11.8,17.1,18.3,24.2,19.5,39.7,31.1,41.7,19.2,-26.5,-44.3,1,2,1,0,0,0,0,0,0,0,1,2,300,219,336,318,343,449,461,543,469,406,247,263,110,140,83,90,87,21,16,5,22,49,146,142,18,5,25,17,17,82,75,142,101,41,4,11,31,28,31,30,31,30,31,31,30,31,30,31,0,0,0,0,0,0,0,0,0,0,0,0,61.355,58.888,91.654,95.446,98.545,128.972,117.009,125.121,99.155,77.988,53.8,49.019,43.49,0,49.445,77.343,89.992,128.339,116.949,124.102,97.374,65.546,30.436,18.318,62,69,69,74,79,72,78,74,73,72,68,64,-6.52,5.82,-3.41,-4.69,-4.93,-8.66,-7.57,-9.59,-8.67,-6.69,-4.23,-3.59,19.9,20.2,25,22.2,8.7,11.9,16.6,12.7,14.3,16,20.8,17.5,170,69,2,38,-29.5,19.9,30.1,11.5,4,1,0,1,796,996,1452,1123,379,260,43,217,38,60,299,146,90,92,92,91,0,0,0,0,173,286,371,231,65,217,369,193,65,74,75,71,-4.29,-13.03,-25.82,-19.59,17.1,22.5,13.3,9.2,278,12,97.6,1870,6,4353,911,539,365,0,362,362,0,0.7,38.9,8,1061,844,71,-62.74,2585
1994,3904095,NA,34.533002,-117.283871,-9999,16.9,14.3,21.3,23.4,26.8,35.7,37.1,37.6,32.5,24.8,14.6,14.1,1.2,0.6,5.4,7.8,10.2,16.1,18.5,18.8,14.2,7.4,-0.6,-0.1,9.1,7.5,13.3,15.6,18.5,25.9,27.8,28.2,23.3,16.1,7,7,6,30,20,7,5,1,1,4,2,6,6,19,-54.9,14.2,21.3,24.3,14.7,27.9,28.6,29.4,40.9,17.8,-26.3,-44,7,9,1,0,0,0,0,0,0,0,7,11,139,93,258,316,417,626,704,716,548,344,90,89,282,291,157,95,43,2,0,0,9,87,330,339,1,0,9,22,55,239,303,315,164,25,0,0,18,15,28,29,31,30,31,31,30,30,13,15,0,0,0,0,0,0,0,0,0,0,0,0,54.851,55.599,103.474,128.872,166.093,217.966,223.953,208.669,151.254,99.553,50.827,44.48,48.361,25.225,83.029,122.253,160.726,217.326,223.104,205.109,149.721,93.206,45.19,25.933,52,56,52,54,52,48,51,50,50,50,52,51,-6.41,-2.05,-7.73,-10.3,-13.09,-23.19,-24.35,-24.82,-18.97,-11.73,-4.63,-3.08,15.4,23.8,36.8,23.9,0.4,7.8,17.8,7,7.9,15.8,27.3,15.5,48,32,5,14,-28.2,20.1,28.6,10.8,26,2,0,7,325,992,2047,983,906,294,3,426,1,86,857,189,47,88,92,73,1,0,0,0,157,398,651,302,110,366,646,288,53,53,49,50,-11.54,-31.12,-72.36,-35.33,16.6,28.2,7,21.2,106,12,250,2357.5,35,4343,1634,1133,301,89,310,221,1,-19.6,45.5,7.8,1508,1410,52,-150.35,2745
1994,3440200,NA,35.098215,-120.579118,-9999,19.9,17.4,20.6,19.2,18.2,21.4,19.8,22,21.3,20.9,16.9,17.2,4.4,5.8,7.6,7.8,9,10.1,11.1,11.9,11.4,8.7,4.1,4.2,12.2,11.6,14.1,13.5,13.6,15.7,15.5,17,16.3,14.8,10.5,10.7,55,123,45,32,20,1,0,1,16,27,59,42,-56.2,12.7,19.4,21.3,20.8,21.7,39.4,29.9,40.5,18.6,-26.7,-44.4,3,3,1,0,0,0,0,0,0,0,2,4,205,169,265,251,270,321,326,372,341,306,159,165,187,184,135,148,150,88,89,59,78,117,226,225,3,0,6,3,0,19,11,26,29,3,0,0,26,26,31,29,31,30,31,31,30,30,25,26,0,0,0,0,0,0,0,0,0,0,0,0,59.531,58.74,94.998,102.911,106.594,126.382,111.619,115.226,91.316,78.949,52.117,47.528,4.668,0,49.573,70.504,86.423,125.524,111.58,114.245,75.723,51.565,0,5.833,53,63,60,64,71,65,73,69,70,63,60,57,-2.75,5.87,-3.49,-3.81,-4.09,-7.83,-6.55,-7.78,-5.91,-5.22,-0.47,-2.39,18.6,19.4,21.1,19.7,4.9,8.1,11,8.1,11.7,13.7,16.1,13.9,216,98,2,102,-29.3,20.5,30.3,10.8,9,2,0,2,558,785,1019,806,578,433,235,421,3,9,55,32,79,90,92,85,0,0,0,1,169,305,353,222,17,207,351,127,58,65,69,64,0.73,-11.4,-22.16,-11.59,13.8,17,10.5,6.5,421,38,56.5,450.8,13,3148,1685,99,346,35,345,310,1,-8.6,35.5,8.1,1049,702,64,-44.42,1482
1994,3425410,NA,37.898448,-122.313558,-9999,14.8,14.5,19.1,18.5,18.7,21.9,20.2,22.7,22.4,21.2,13.9,12,5.8,5.8,8.2,9.2,10.6,11.4,12.2,12.5,13.2,10.7,5.9,4.8,10.3,10.1,13.7,13.8,14.7,16.6,16.2,17.6,17.8,16,9.9,8.4,62,121,10,36,21,1,0,1,2,12,156,63,-52.3,10.1,16.9,18.9,20.5,20.8,39.4,28.7,39.5,17.9,-25.1,-42.3,5,4,1,0,0,0,0,0,0,0,2,7,157,137,251,258,302,349,349,391,384,340,146,110,242,216,148,140,120,68,70,47,53,90,244,295,0,0,6,6,8,27,16,34,47,15,0,0,29,26,31,30,31,30,31,31,30,31,27,27,0,0,0,0,0,0,0,0,0,0,2,0,37.879,44.473,80.416,90.248,100.933,123.874,107.17,113.797,86.869,69.947,36.152,28.751,0,0,70.764,54.167,80.246,122.78,106.843,113.26,84.833,57.952,0,0,71,71,66,71,74,68,75,69,72,68,74,74,1.21,7.27,-5.87,-2.61,-3.91,-7.87,-6.43,-8.12,-7.48,-6.41,11.14,2.88,14.2,18.8,21.6,19.1,5.6,9.3,12,9.9,9.9,14,16.8,14.5,245,66,2,170,-28.1,18.8,29.6,10.8,15,2,0,3,424,811,1088,870,729,408,186,386,0,20,77,61,83,92,92,88,1,0,0,2,113,272,345,193,0,205,343,143,72,70,71,71,11.36,-12.39,-22.42,-2.75,13.8,17.8,8.4,9.4,484,25,49.1,720.9,21,3174,1733,158,355,13,357,343,1,-6.4,34.6,7.8,923,691,71,-26.2,1551
1994,231694,NA,36.950879,-122.066217,-9999,17.3,15.6,19.8,18.4,18.2,21.5,18.8,22.2,21.8,21.3,15.7,14.7,4.3,4.3,6.5,7.4,9,9.3,11,11,11.2,8,3.7,3.3,10.8,9.9,13.1,12.9,13.6,15.4,14.9,16.6,16.5,14.7,9.7,9,86,163,23,55,31,2,2,1,4,17,147,88,-54.6,12,19.1,20.7,19.7,21.7,40.6,28.6,39.5,17.7,-26.4,-43.6,4,5,1,1,0,0,0,0,0,0,3,6,167,131,235,230,270,311,303,360,345,301,140,122,228,222,162,166,150,96,104,67,75,121,250,277,0,0,3,1,1,16,8,22,31,3,0,0,26,24,30,29,31,30,31,31,30,30,24,24,0,1,0,0,0,0,0,0,0,0,2,0,48.023,51.64,89.228,96.481,105.027,128.486,102.181,117.222,92.299,77.748,45.526,38.571,0,0,66.011,41.033,73.909,126.768,100.68,116.046,88.281,60.521,0,0,59,64,59,65,71,63,75,66,67,60,62,61,2.08,10.71,-5.34,-1.04,-2.98,-7.99,-5.71,-8.11,-7.53,-6.64,9.01,3.81,16.4,18.8,20.8,19.6,4.2,7.6,10.4,7.6,10.3,13.2,15.6,13.6,329,110,4,168,-28.7,19.8,30.3,10.3,13,2,0,3,447,734,974,786,694,478,267,446,0,5,46,34,76,89,92,84,1,0,0,2,141,291,348,216,0,181,343,149,61,65,68,63,16.6,-9.36,-21.82,-5.15,13.1,16.6,9,7.6,620,40,37.2,419.6,20,2914,1918,85,339,44,340,296,2,-10.2,34.8,7.9,996,673,65,-19.73,1309
1995,2275918,NA,37.42756,-122.17152,-9999,14.3,17.4,17.2,19.5,20.7,24.8,28,27.5,26.5,24.9,21.1,15.8,8.1,8,7.3,8.1,10,11.4,13.5,12.9,12.3,10.3,8.7,7.4,11.2,12.7,12.3,13.8,15.3,18.1,20.8,20.2,19.4,17.6,14.9,11.6,227,10,194,41,18,9,0,1,1,2,4,150,-50.7,10.6,16.2,20.9,16.5,22.7,27.5,26.1,38.5,16.6,-27.9,-43.3,4,2,2,0,0,0,0,0,0,0,0,3,179,200,210,257,322,392,489,472,431,391,286,191,212,155,186,140,104,43,10,16,33,57,112,203,2,3,0,6,12,47,98,86,74,34,12,2,31,28,30,29,31,30,31,31,30,31,30,31,1,0,0,0,0,0,0,0,0,0,0,0,33.012,51.132,73.922,100.657,118.528,145.23,164.265,147.23,114.256,87.804,54.237,35.605,0,40.966,0,60.137,100.526,136.474,163.806,146.589,113.17,85.664,50.691,0,80,70,69,64,67,60,58,58,59,57,62,69,18.5,-4.87,13.53,-3.11,-5.63,-9.36,-12.61,-12.27,-11.42,-10.46,-7.77,9.83,15,19.1,26.8,24.2,6.6,8.5,12.6,10.4,10.8,13.8,19.7,17.3,293,253,10,7,-27.8,17.9,25.4,9.1,13,2,0,0,491,789,1353,1108,659,430,69,201,5,17,231,119,84,91,92,91,1,0,0,0,118,293,457,256,41,161,447,250,73,67,59,59,23.45,4.79,-34.23,-29.66,15.7,20.8,11.2,9.6,656,29,39.1,718.3,12,3820,1270,375,363,4,358,354,3,-8.2,38.5,6.1,1124,898,65,-35.65,2107
1995,5504847,NA,37.6553,-122.0567,-9999,13.5,16.1,16,17.8,18.7,22.4,25.7,25.8,25.1,23.8,21,14.9,7.9,7.8,7.2,8.1,9.8,11.5,13.7,13.4,12.9,11.1,9.2,7.6,10.7,12,11.6,13,14.2,16.9,19.7,19.6,19,17.4,15.1,11.2,270,11,238,43,23,15,0,1,1,2,3,185,-50.1,9.8,15.3,19.3,19.9,21.4,31.6,27.4,39.1,17,-27.8,-42.8,4,3,2,1,0,0,0,0,0,0,0,3,166,178,190,232,289,358,456,453,420,385,289,182,231,174,203,164,132,62,17,20,37,60,108,213,0,1,0,2,5,31,71,72,67,31,12,1,31,28,30,30,31,30,31,31,30,31,30,31,1,0,0,0,0,0,0,0,0,0,0,0,30.611,46.374,68.099,89.571,104.201,127.078,145.018,133.536,104.255,81.123,52.608,32.518,0,35.672,0,46.545,81.301,112.341,144.546,132.636,103.243,79.437,49.796,0,81,73,72,69,72,67,64,63,64,62,64,73,23.16,-4.15,18.52,-1.8,-3.92,-6.88,-10.37,-10.57,-10.03,-9.44,-7.67,13.82,13.9,17.5,24.7,23.3,6.5,8.4,12.9,11.1,10.2,12.9,18.8,17.2,341,304,16,6,-27.7,18.2,26.8,9.5,15,3,0,0,441,712,1267,1095,715,499,100,205,1,7,173,110,84,91,92,91,2,0,0,0,107,262,406,238,36,128,390,232,76,71,65,63,32.83,12.8,-27.83,-27.15,15,19.7,10.7,9,792,40,31.6,492.2,14,3599,1422,293,363,1,361,360,4,-9,37.1,6.7,1013,786,69,-9.34,1912
1995,1176,NA,34.03974,-118.589581,-9999,16.5,21.5,19.1,20,17.7,21.3,24.7,26.5,26.3,24.7,24.4,20.2,10.3,12.4,10.8,10.7,12.1,13.6,16,17.1,17.2,14.7,13.1,10.8,13.4,17,15,15.3,14.9,17.4,20.4,21.8,21.8,19.7,18.8,15.5,333,39,165,17,11,5,0,1,1,1,2,49,-51.5,11.1,15.6,19.2,26.3,18.8,37.9,31,41.6,18.9,-27.8,-44.3,2,1,1,0,0,0,0,0,0,0,0,1,246,320,293,304,309,372,477,520,502,453,399,309,154,63,114,101,115,53,13,8,15,31,43,104,8,30,13,13,8,37,88,122,128,69,58,23,31,28,31,30,31,30,31,31,30,31,30,31,0,0,0,0,0,0,0,0,0,0,0,0,40.843,63.544,79.98,99.294,87.695,110.641,128.86,127.914,103.656,84.472,66.024,49.474,0,24.106,0,82.217,76.655,105.554,128.784,127.116,102.936,83.341,63.685,0.886,80,72,74,71,82,76,74,72,73,70,66,68,28.54,-3.42,10.27,-5.08,-3.85,-6.31,-8.63,-9.74,-9.52,-8.98,-9.23,-2.05,19,18.9,24.2,25.1,10.5,11.2,15.6,15,14.8,15.1,19.9,20.1,403,193,6,4,-28.2,20.4,29.2,10.9,4,1,0,0,829,906,1369,1354,359,330,74,89,49,34,247,254,90,92,92,91,0,0,0,0,153,267,367,254,42,159,361,250,73,76,74,70,23.06,1.35,-24.68,-27.73,17.6,21.8,13.4,8.4,624,18,44.2,1229.2,5,4506,813,597,365,0,365,365,1,0.7,38.9,8.1,1042,813,73,-28,2736
1995,3904095,NA,34.533002,-117.283871,-9999,12.5,20.2,18.4,21.6,24.2,31.5,36.6,37.5,34.1,28.5,24,16.5,1.4,5.4,4.3,6.1,8.8,12.6,17,18.5,15.3,9.4,6,1.4,7,12.8,11.3,13.8,16.5,22,26.8,28,24.7,19,15,9,72,17,51,4,3,6,2,3,2,1,1,8,-52.1,14.5,20,24.5,16.9,26.9,28.5,29.3,40.5,17,-28.9,-44.5,12,2,3,0,0,0,0,0,0,0,0,6,92,215,200,264,357,511,675,712,589,431,299,136,346,153,210,139,77,9,1,0,6,38,110,277,0,5,3,11,29,127,274,311,203,65,18,0,19,26,26,28,31,30,31,31,30,31,28,19,1,0,0,0,0,0,0,0,0,0,0,0,42.511,70.247,91.285,121.965,150.485,195.12,225.305,209.357,158.358,113.377,73.265,49.426,0,53.269,40.563,117.558,147.542,189.057,223.424,205.896,156.344,112.635,72.459,41.019,64,55,56,53,55,48,48,50,49,46,48,55,3.14,-7.28,-2.84,-9.46,-11.09,-17.79,-24.2,-24.92,-20.82,-15.69,-11.9,-5.95,15.6,21.4,35.2,28.9,2.2,6.4,16,10.2,8.9,13.9,25.6,19.6,107,58,11,4,-27.3,20.5,28.2,9.5,24,3,0,0,396,822,1897,1319,838,425,10,154,5,43,712,286,59,85,92,88,2,0,0,0,157,364,630,345,79,306,618,341,58,55,49,48,-10.09,-23.39,-66.92,-48.42,17.2,28,7,21.1,170,16,159.5,1712.9,23,4482,1365,1047,329,71,334,264,2,-19.6,45.5,7.7,1496,1345,52,-148.82,2765
1995,3440200,NA,35.098215,-120.579118,-9999,16.5,20.1,18,18.5,16.7,19.2,21,21.4,22,23.1,22.8,18.7,8.4,8.8,8,7.1,9.3,9.9,11.7,11.6,11.4,9.7,8.8,6.7,12.4,14.5,13,12.8,13,14.6,16.3,16.5,16.7,16.4,15.8,12.7,295,60,211,15,26,8,0,1,1,2,10,72,-52.6,12.4,16.9,21.3,23.6,20.2,38.1,30.1,40.4,18.1,-28.3,-44.6,3,1,2,1,0,0,0,0,0,0,0,2,209,244,229,229,253,286,352,356,352,354,308,219,181,112,166,168,166,115,68,69,71,80,92,174,2,7,0,0,0,11,17,21,33,14,13,2,31,28,31,29,31,30,31,31,30,31,30,30,1,0,0,0,0,0,0,0,0,0,0,0,43.493,63.727,80.602,100.33,93.631,111.049,118.308,111.656,96.014,86.797,64.894,49.032,0,3.596,0,84.888,68.035,102.664,118.266,110.762,94.962,84.322,55.367,0,74,65,68,64,76,71,71,70,67,60,58,59,24.29,-1.39,14.84,-5.2,-2.58,-5.67,-7.17,-7.4,-7.95,-9.1,-8.42,0.26,17.9,17.7,20.5,22.7,7.1,8.1,11,10,12.5,12.9,15.8,16.3,397,252,9,13,-28.3,20.6,29.5,10.1,8,2,0,0,616,711,994,1014,517,500,252,243,9,0,48,60,85,90,92,91,1,0,0,0,155,275,341,248,9,153,332,235,66,70,71,62,23.17,7.06,-20.24,-25.47,14.6,16.7,12.4,4.3,702,36,35,464.6,9,3392,1462,120,362,8,357,349,2,-8.6,35.5,8,1018,729,67,-15.48,1699
1995,3425410,NA,37.898448,-122.313558,-9999,13.4,16.6,16.4,17.3,17.4,20.1,22.2,22.4,22.7,23.1,20.9,15.1,9,9,8.3,9.3,10.7,12.1,14,13.6,13.4,11.7,10.1,8.6,11.2,12.8,12.3,13.3,14,16.1,18.1,18,18.1,17.4,15.5,11.8,305,11,230,43,23,11,0,1,1,2,4,176,-49.2,9.2,14.6,17.6,23.1,19.9,37.7,29.2,39.5,17.3,-27.5,-42.6,4,2,2,1,0,0,0,0,0,0,0,3,176,200,209,242,283,333,407,403,392,385,300,194,212,152,184,154,138,79,35,40,49,60,99,197,0,2,0,3,4,22,38,40,51,30,14,1,31,28,31,30,31,30,31,31,30,31,30,31,1,0,0,0,0,0,0,0,0,0,0,0,27.18,45.359,66.721,81.991,89.955,106.06,114.826,107.218,88.33,76.315,50.284,30.702,0,34.002,0,38.806,67.35,95.026,114.548,106.681,87.21,74.614,46.478,0,86,76,74,75,79,75,75,73,72,65,67,76,26.97,-4.03,17.81,-1.13,-2.88,-5.33,-7.3,-7.55,-7.78,-8.63,-7.16,13.18,14,17,21.6,22.2,7.6,9.4,13.2,11.7,10.8,13.2,17.4,17,379,296,12,7,-27.5,18.4,28.9,9.8,13,2,0,0,483,734,1144,1077,658,476,154,208,2,6,100,94,86,92,92,91,1,0,0,0,101,239,328,215,34,106,316,208,79,76,74,68,36.11,13.81,-20.18,-23.58,14.9,18.1,11.2,6.9,807,36,30.9,509.3,11,3523,1399,204,365,0,363,363,3,-6.4,34.6,7.4,883,665,74,6.16,1836
1995,231694,NA,36.950879,-122.066217,-9999,14.9,18.4,17.5,17.8,17,20.4,22.5,22.1,22.5,22.9,22,16.8,7.5,7.5,6.9,7.3,9.4,10.2,12.4,11.8,10.9,9,7.6,6.6,11.2,13,12.2,12.6,13.2,15.3,17.4,16.9,16.7,15.9,14.8,11.7,378,26,249,81,32,17,2,1,2,4,9,172,-51.6,11.6,17,20.3,22.3,20.5,35.6,28.9,39.4,17.3,-28.5,-43.9,4,2,2,1,0,0,0,0,0,0,0,3,176,203,205,222,259,307,386,370,352,339,279,190,212,148,187,174,161,99,45,60,71,90,115,201,0,2,0,0,0,15,29,25,33,12,7,0,31,28,30,29,31,30,31,31,30,31,29,30,1,0,0,0,0,0,0,0,0,0,0,0,36.818,56.259,77.559,93.449,94.247,117.302,125.306,113.595,97.006,82.954,59.314,40.181,0,30.418,0,12.855,62.273,100.169,122.996,112.595,95.022,78.878,50.278,0,76,66,66,67,76,68,69,68,65,58,57,63,33.2,-4,18.7,1.79,-2.07,-5.44,-7.78,-7.81,-8.35,-8.95,-8.11,11.36,16,17.5,21.6,22.5,6.1,7.9,11.4,9.1,11.1,12.7,16.5,15.8,492,361,20,15,-28,19.8,28.3,9.4,12,3,0,1,500,685,1063,971,637,522,204,276,2,0,69,52,83,90,92,89,2,0,0,0,132,265,356,239,30,75,336,224,68,70,69,60,40.56,18.41,-21.04,-25.4,14.2,17.4,11.2,6.2,973,54,24.9,320.7,12,3288,1563,123,360,10,351,341,4,-10.2,34.8,7.4,992,665,67,12.52,1616
1996,2275918,NA,37.42756,-122.17152,-9999,15.4,16.9,19.2,22.5,24,26.4,28.6,28,26,23.1,17.9,15.6,6.3,7.9,7.7,8.7,10.1,11.4,13.2,12.7,11.4,9.5,7.9,7,10.8,12.4,13.4,15.6,17,18.9,20.9,20.4,18.7,16.3,12.9,11.3,133,144,58,32,22,1,0,1,1,25,73,181,-52.6,10.3,17.6,22.7,11.2,25.3,26.4,25.7,38.5,17.1,-26.6,-43.3,4,2,1,0,0,0,0,0,0,0,1,3,171,192,246,311,374,416,494,476,411,351,226,184,227,163,154,94,66,32,10,15,40,82,164,212,1,2,5,17,28,61,101,89,61,18,1,2,30,28,31,30,31,30,31,31,30,31,29,31,1,0,0,0,0,0,0,0,0,0,0,0,39.691,49.347,83.36,117.002,142.268,157.714,169.95,151.608,113.892,81.588,45.581,35.474,0,0,25.053,84.749,120.658,157.048,169.453,150.879,112.585,56.182,0,0,70,71,64,58,59,56,56,56,57,59,68,73,8.15,8.84,-1.24,-5.94,-7.8,-11.69,-13.34,-12.87,-11.25,-6.84,1.15,12.99,16.1,21.9,27.7,22.3,7.2,8.8,12.4,9.6,11.6,15.4,20.1,16,427,112,2,100,-28.5,17.2,25.8,9.7,9,2,0,1,555,931,1386,987,592,313,57,286,6,50,252,80,89,91,92,90,1,0,0,0,125,343,479,241,0,230,477,169,71,60,56,62,29.98,-14.98,-37.9,-16.94,15.7,20.9,10.8,10.1,672,25,38.3,844,12,3850,1257,388,361,9,352,343,1,-8.2,38.5,6,1188,877,62,-39.84,2144
1996,5504847,NA,37.6553,-122.0567,-9999,14.3,15.9,18.2,20.7,21.9,24.5,27,26.7,24.7,21.8,17.5,14.8,6,7.7,7.6,8.8,10.3,11.7,13.8,13.3,12,10.3,8.3,7.3,10.2,11.8,12.9,14.8,16.1,18.1,20.4,20,18.4,16.1,12.9,11.1,162,167,71,45,27,1,0,1,1,31,88,208,-51.7,9.7,16.7,21.1,15,23.4,29.6,26.8,39.1,17.6,-26.3,-42.8,5,3,2,0,0,0,0,0,0,0,1,4,154,176,229,285,345,393,477,464,401,344,225,178,248,178,169,115,85,43,13,17,45,87,164,218,0,1,3,11,19,48,88,80,55,16,1,1,29,28,31,30,31,30,31,31,30,31,30,31,1,0,0,0,0,0,0,0,0,0,0,0,36.327,45.725,77.735,105.059,125.93,142.192,154.786,140.074,104.413,74.144,43.365,32.563,0,0,6.46,59.878,98.761,141.004,154.296,139.127,103.17,43.198,0,0,73,74,67,64,65,62,61,61,62,65,71,76,11.5,11.62,0.67,-3.3,-5.57,-9.9,-11.56,-11.43,-9.93,-5.17,2.91,16.14,15,20.2,26.1,21.3,7.1,8.9,12.9,10.2,11.1,14.6,19.5,15.8,514,144,3,120,-28.3,17.6,26.6,10.1,11,2,0,1,513,860,1334,970,638,369,73,296,3,33,215,73,88,91,92,91,1,0,0,0,115,309,437,222,0,165,434,146,74,65,61,66,39.26,-8.2,-32.88,-12.19,15.2,20.4,10.2,10.2,804,31,31.4,657.3,14,3672,1381,323,362,6,356,350,1,-9,37.1,6.5,1082,746,67,-14.02,1976
1996,1176,NA,34.03974,-118.589581,-9999,20.1,19.4,20.2,23,22.4,23.7,25.6,27.1,24.4,22.8,21.8,19,9.8,10.8,10.6,12.6,13.6,15,17.1,18.1,16.3,14.1,12.3,10.6,14.9,15.1,15.4,17.8,18,19.4,21.3,22.6,20.4,18.5,17,14.8,55,156,51,14,2,0,0,1,1,30,50,125,-54.7,10.8,16.6,20.2,20.4,21,37.6,31,41.8,19.3,-26.9,-44,1,1,1,0,0,0,0,0,0,0,0,1,291,268,307,377,402,430,506,545,460,417,348,287,116,98,102,53,50,27,8,5,24,44,68,120,16,13,16,38,39,70,111,144,95,46,32,16,31,28,31,30,31,30,31,31,30,31,30,31,0,0,0,0,0,0,0,0,0,0,0,0,55.243,58.192,86.809,113.411,119.236,123.795,130.924,128.196,94.181,76.196,57.517,45.665,0.294,0,35.56,99.407,116.776,123.3,130.841,126.916,93.359,45.882,7.35,0,68,73,70,68,73,74,74,73,76,74,71,71,-1.62,9.22,-1.86,-7.08,-7.35,-8.12,-8.99,-9.89,-8.15,-4.72,-2.58,6.33,19.9,21.9,25.5,23,10.5,12.3,16.7,14.3,15.2,17.1,21.1,18.6,259,68,2,81,-29.3,19.1,29.8,11.4,3,1,0,0,868,1086,1481,1226,317,205,40,136,52,93,325,172,90,92,92,91,0,0,0,0,163,319,383,228,1,252,381,147,71,70,74,73,13.92,-16.29,-27,-15.45,17.9,22.6,14.8,7.8,486,5,57.4,4397.5,5,4639,715,636,365,6,364,358,0,0.7,38.9,7.8,1093,781,72,-44.82,2866
1996,3904095,NA,34.533002,-117.283871,-9999,17,17.8,20.8,25.8,29.1,34.5,38.1,37.9,32,25.5,19.5,15.2,1.8,4.1,4.6,7.9,11.7,14.9,19.5,18.3,13.7,8.1,4.4,1.6,9.4,10.9,12.7,16.8,20.4,24.7,28.8,28.1,22.9,16.8,12,8.4,12,43,12,3,2,1,3,2,1,8,18,25,-54.9,14.1,21.5,25.9,12.9,28.4,28.1,29.2,41,17.7,-27.5,-44.1,6,4,2,0,0,0,0,0,0,0,1,7,149,169,237,352,475,590,737,715,534,366,209,120,270,194,175,69,23,3,0,0,11,72,187,296,2,2,7,33,91,203,336,314,153,32,4,0,20,24,27,29,31,30,31,31,30,30,25,20,0,0,0,0,0,0,0,0,0,0,0,0,54.823,63.444,102.333,143.32,178.662,211.994,229.416,212.874,149.789,101.704,60.825,45.863,42.785,19.981,90.681,140.535,177.015,211.289,226.6,210.89,149.032,93.682,42.81,21.226,53,57,51,49,51,47,51,48,50,50,54,53,-6.04,-3.22,-8.41,-12.93,-15.52,-21.78,-25.55,-25.85,-18.64,-12.08,-6.87,-3.3,17.1,25.2,36.9,25.7,2.5,8.1,17.6,8.7,9.8,16.6,27.2,17.2,64,16,6,27,-28.3,20.1,28.6,10.4,16,2,0,1,453,1065,2041,1109,741,267,4,270,3,130,853,189,63,87,92,85,0,0,0,0,168,424,654,312,104,408,649,286,54,50,49,51,-12.57,-36.86,-73.17,-37.59,17.7,28.8,8.4,20.5,129,8,215.2,3646.8,20,4653,1300,1176,328,65,324,260,0,-19.6,45.5,7.7,1559,1446,51,-160.19,2930
1996,3440200,NA,35.098215,-120.579118,-9999,18.6,18.3,19.5,21.8,20.9,20.7,22,22.3,20.8,21.3,19.9,17.3,5.6,8.7,7.1,8.1,9.3,10.5,12.5,12.2,10.7,9,8,6.6,12.1,13.5,13.3,15,15.1,15.6,17.2,17.3,15.8,15.1,14,11.9,75,170,39,26,19,1,0,1,1,54,81,156,-55.2,11.3,18.9,23.1,16.8,23.7,37.3,29.9,40.5,18.5,-27.3,-44.1,3,2,1,0,0,0,0,0,0,0,1,3,201,218,238,293,315,318,380,381,324,315,255,195,189,135,158,110,109,91,49,53,90,109,135,195,2,3,1,10,8,18,26,30,24,4,0,0,28,28,30,30,31,30,31,31,30,31,30,30,0,0,0,0,0,0,0,0,0,0,0,0,54.592,56.711,90.445,117.375,125.623,120.149,122.59,116.206,90.591,80.275,56.61,45.201,0,0,51.32,91.125,106.757,118.922,122.524,115.187,89.431,26.359,0,0,59,70,61,59,64,68,71,69,69,62,63,62,0.29,10.77,-3.48,-6.1,-5.96,-7.24,-7.64,-7.91,-7.2,-2.79,0.63,9.45,18.5,20.7,21.7,20.7,7,8.2,11.7,9.2,12.8,14.4,16.7,15,317,84,2,136,-29.3,19.6,30.3,10.6,7,2,0,1,640,846,1078,894,499,377,193,335,8,19,73,28,87,90,92,90,0,0,0,0,160,333,359,227,0,249,357,116,64,61,69,65,20.52,-15.54,-22.79,-9.36,14.7,17.3,11.9,5.3,623,22,39.5,773.4,10,3433,1424,126,359,16,349,333,0,-8.6,35.5,7.8,1080,722,65,-27.18,1732
1996,3425410,NA,37.898448,-122.313558,-9999,14.4,16.4,18.6,20,20.5,22.2,23.2,23.2,22.2,21.2,17.6,15,7.2,8.9,8.8,9.9,11.1,12.2,13.9,13.3,12.5,11.2,9.5,8.4,10.8,12.6,13.7,15,15.8,17.2,18.5,18.3,17.3,16.2,13.6,11.7,171,173,59,57,26,1,0,1,2,27,80,201,-51.3,9.1,16,19.5,17.8,21.7,35.8,28.7,39.5,18,-25.9,-42.6,4,2,1,0,0,0,0,0,0,0,1,3,166,195,250,292,336,364,419,412,371,348,244,192,229,157,147,110,92,58,29,36,60,84,146,201,0,2,5,12,15,34,45,45,41,16,2,2,31,28,31,30,31,30,31,31,30,31,30,31,1,0,0,0,0,0,0,0,0,0,0,0,34.313,44.516,76.437,97.152,112.133,122.27,123.359,114.52,88.475,68.87,41.009,30.781,0,0,17.206,39.754,86.393,121.565,123.045,113.891,86.728,41.772,0,0,76,76,69,69,71,69,72,70,70,69,74,79,12.67,12.26,-0.45,-1.25,-4.41,-7.83,-8.07,-8.28,-7.63,-4.77,2.37,15.62,15.3,19.7,22.9,20.3,8.2,10,13.1,11.1,11.7,14.8,18,15.7,520,142,2,108,-28.2,17.8,28.7,10.5,9,2,0,1,556,878,1196,963,583,349,123,289,4,32,124,59,90,92,92,91,1,0,0,0,110,286,360,198,0,143,359,128,77,70,70,71,40.54,-6.12,-24.18,-10.03,15.1,18.5,10.8,7.8,797,29,31.4,635.4,12,3589,1348,218,365,0,360,360,1,-6.4,34.6,7.2,954,630,72,0.22,1890
1996,231694,NA,36.950879,-122.066217,-9999,16.5,17.5,19.5,20.9,20.7,21.5,22.7,22.2,21.8,21.3,18.5,16.4,5.4,7.4,6.9,7.7,9.2,10,12.1,11.6,10,8,6.6,6,11,12.5,13.2,14.3,15,15.7,17.4,16.9,15.9,14.7,12.6,11.2,194,228,84,45,41,2,1,1,2,35,151,251,-53.7,11.1,18.7,22.4,15.9,23.4,35,28.8,39.4,17.7,-27.1,-43.8,4,2,1,0,0,0,0,0,0,0,1,3,169,189,235,273,311,321,384,370,328,301,214,177,223,161,160,126,113,88,47,60,87,121,172,214,0,0,2,7,8,19,27,25,25,2,0,0,28,28,30,29,31,30,31,31,30,30,28,29,1,0,0,0,0,0,0,0,0,0,1,0,44.615,53.121,87.469,110.379,121.849,126.606,128.424,114.833,95.454,78.06,50.243,39.831,0,0,3.019,65.028,81.016,125,126.943,113.683,93.058,43.449,0,0,65,68,61,60,65,65,68,68,64,59,63,67,13.5,16.78,1.01,-3.62,-3.54,-7.87,-8.13,-7.92,-8.02,-4.95,8.22,19.36,16.9,20.4,22.1,20.6,6.5,7.9,11.2,8.2,11.7,14.2,16.7,14.4,594,171,4,188,-28.8,19,29.1,10,9,2,0,1,549,819,1075,843,585,400,195,380,0,17,71,28,86,90,92,88,1,0,0,1,138,320,370,224,0,149,366,137,67,62,67,62,49.64,-6.16,-23.91,-4.75,14.2,17.4,11,6.4,1036,47,23.4,365.7,13,3272,1573,116,355,21,343,321,1,-10.2,34.8,7.3,1051,651,64,14.82,1594
1997,2275918,NA,37.42756,-122.17152,-9999,14.5,17.2,20.3,21.9,26.8,25.8,27.1,27.6,28.9,23.3,18.5,15,6.4,5.9,6.9,8.3,12,11.8,12.9,13.8,13.6,10.1,8.8,4.9,10.4,11.6,13.6,15.1,19.4,18.8,20,20.7,21.2,16.7,13.6,9.9,181,9,13,10,6,4,0,6,1,17,140,67,-51.8,11.8,19.1,22.5,8.1,25.9,28.5,26.3,37.9,17.1,-26.6,-43.4,5,3,1,0,0,0,0,0,0,0,1,5,162,172,252,296,445,413,465,486,486,362,249,150,240,184,149,106,32,34,15,13,18,74,144,248,1,0,7,13,64,59,78,97,114,23,5,0,30,26,30,30,31,30,31,31,30,31,30,28,1,0,0,0,0,0,0,0,0,0,0,0,36.735,53.758,90.2,113.835,157.231,151.557,159.305,145.219,124.556,81.449,45.988,36.626,0,44.856,77.674,103.991,151.452,147.547,158.848,139.237,123.452,64.361,0,0,74,64,59,59,57,59,59,60,56,60,69,72,13.44,-5.34,-6.72,-7.75,-11.4,-10.62,-11.89,-11.55,-13.42,-7.69,7.69,1.51,15.8,23,26.8,23.5,6.4,9.1,12.8,10.8,11.1,16,19.8,17.2,371,28,10,158,-27.8,16.6,26.9,9.5,11,2,0,1,519,992,1364,1097,636,288,61,236,3,84,234,143,87,91,92,91,1,0,0,0,126,361,456,252,45,333,446,188,70,58,59,62,9.61,-25.87,-34.06,-13.43,15.9,21.2,9.9,11.3,454,17,57.1,1224.2,15,3936,1257,462,357,16,355,340,1,-8.2,38.5,6.3,1195,1011,62,-63.74,2239
1997,5504847,NA,37.6553,-122.0567,-9999,13.4,16.4,19.6,20.4,24.9,23.8,25.3,25.4,27.2,21.9,17.9,13.8,6.2,6.2,7.1,8.6,12.3,12,13.2,14,14.2,10.7,9.2,5.1,9.8,11.3,13.3,14.5,18.6,17.9,19.2,19.7,20.7,16.3,13.6,9.4,216,10,13,10,9,7,0,7,1,19,174,74,-50.9,11,18.3,21,11.5,24.1,31.8,27.8,38.7,17.7,-26.2,-42.9,5,3,1,0,0,0,0,0,0,0,1,6,146,166,243,278,420,387,442,456,469,351,247,137,260,190,157,122,41,46,21,20,22,82,146,264,0,0,5,10,50,45,60,74,102,19,5,0,29,27,30,30,31,30,31,31,30,31,30,28,1,0,0,0,0,0,0,0,0,0,0,0,33.439,50.384,85.873,103.829,141.67,135.526,143.949,128.199,112.796,73.753,43.213,33.043,0,40.519,73.32,93.468,132.843,128.381,143.467,120.933,111.708,54.311,0,0,76,67,61,64,62,65,64,66,62,66,72,76,17.47,-4.79,-6.24,-6.62,-9.32,-8.59,-10.19,-9.33,-11.58,-6.28,11.51,2.95,14.9,21.6,24.8,22.4,6.6,9.3,13.1,11.3,10.7,15.5,19,16.8,434,32,15,195,-27.6,17,27.9,10,12,2,0,1,491,942,1285,1067,668,320,86,249,2,65,179,126,87,91,92,91,2,0,0,0,116,331,408,230,41,300,393,166,73,62,65,67,15.62,-22.19,-28.11,-6.34,15.4,20.7,9.4,11.3,541,25,46.8,833.3,17,3742,1370,370,358,12,358,346,2,-9,37.1,6.8,1085,899,66,-41.02,2060
1997,1176,NA,34.03974,-118.589581,-9999,17.8,20.4,23.1,21.3,24.8,21.8,23.4,26,27.3,23.9,22.3,18.7,10.2,9.5,11.6,12,16.3,15.4,16.1,18,18.6,14.9,12.4,8.9,14,15,17.3,16.6,20.6,18.6,19.7,22,22.9,19.4,17.4,13.8,132,8,3,1,1,1,0,1,7,2,65,124,-52.7,12.4,18.3,19.2,19.1,20.6,39.8,31.3,41.6,19.1,-27.1,-44.2,2,1,0,0,0,0,0,0,0,0,0,2,263,266,366,343,480,407,456,528,537,445,359,259,140,100,64,72,22,36,17,7,10,33,63,145,11,13,37,25,87,56,71,127,155,64,37,11,31,28,31,30,31,30,31,31,30,31,30,31,0,0,0,0,0,0,0,0,0,0,0,0,46.078,65.514,100.707,103.287,126.025,103.579,116.045,118.576,104.491,79.847,59.168,47.906,0,57.46,97.951,101.991,125.084,103.031,115.976,117.496,97.17,78.067,0,0,76,66,65,71,74,80,78,76,74,73,70,74,7.65,-6.64,-8.58,-7.19,-8.51,-6.43,-7.47,-8.85,-9.21,-8.21,-1.47,6.01,19,23.1,23.7,24.5,10.1,13.3,16.5,15.3,14.6,18.2,20.1,19.9,265,5,2,74,-28.2,18.9,30.6,11.2,4,1,0,0,819,1189,1391,1340,360,158,60,106,41,149,254,256,90,92,92,91,0,0,0,0,157,330,338,244,57,325,337,175,72,70,78,72,7.02,-24.28,-22.75,-18.89,18.1,22.9,13.8,9.1,345,10,81.5,2302.6,5,4709,709,694,365,0,365,365,0,0.7,38.9,8.1,1069,894,73,-58.9,2933
1997,3904095,NA,34.533002,-117.283871,-9999,13.8,17.5,24.6,23.8,32.5,31.7,35.4,36.9,33,25.7,19.6,13,1.4,1.9,5.8,7.2,14,14.6,16.2,17.8,15.6,7.7,4,-0.6,7.6,9.7,15.2,15.5,23.2,23.1,25.8,27.4,24.3,16.7,11.8,6.2,28,4,1,1,3,2,2,1,33,2,14,29,-52.9,15.1,23.2,25.1,10.4,29,29.2,29.4,40.9,17.6,-27.6,-43.7,10,5,1,0,0,0,0,0,0,0,1,14,105,142,313,314,561,543,644,691,578,363,205,73,326,228,109,97,9,6,1,0,6,74,191,364,0,0,20,21,163,158,243,291,192,31,3,0,19,19,29,29,31,30,31,31,30,30,25,13,0,0,0,0,0,0,0,0,0,0,0,1,46.049,64.86,119.288,132.961,197.62,190.488,217.973,206.889,151.324,102.845,61.628,42.014,18.101,61.264,118.052,131.704,194.738,188.815,216.311,205.528,118.082,101.004,47.875,13.092,60,52,46,51,49,52,49,49,52,48,53,57,-2.02,-7.32,-12.42,-11.41,-18.9,-17.7,-22.58,-24.41,-16.05,-12.94,-7.48,-1.32,15.5,26.9,34.7,26.1,1.6,9,16.2,9.1,8.6,18,25.4,17.6,56,5,5,49,-27.2,19.6,29.2,10.3,22,1,0,1,368,1188,1879,1146,850,214,7,271,0,204,692,227,57,89,92,84,1,0,0,0,157,450,615,316,101,444,611,267,56,49,50,51,-10.65,-42.73,-64.7,-36.46,17.2,27.4,6.2,21.2,119,41,228,670.5,30,4533,1411,1123,316,74,322,248,1,-19.6,45.5,8,1538,1423,51,-154.54,2884
1997,3440200,NA,35.098215,-120.579118,-9999,16.8,18.6,21.5,19.9,23.6,19.8,19.5,21.8,23.4,22.4,20.4,16.8,6.9,5.5,6.6,7.2,11.1,10.7,11.5,13.1,13.1,9.6,9.2,4.6,11.8,12.1,14,13.5,17.4,15.2,15.5,17.4,18.3,16,14.8,10.7,163,8,6,8,1,1,0,2,5,13,102,106,-53.5,13.6,20.8,22.4,14.2,24.1,40.2,30.3,40.3,18.3,-27.2,-44.2,3,3,1,0,0,0,0,0,0,0,0,4,194,181,263,251,384,306,328,386,398,342,281,166,196,172,137,147,60,100,87,50,46,89,115,225,2,0,6,3,31,15,11,32,54,13,9,0,30,26,30,29,31,30,31,31,30,31,30,27,0,0,0,0,0,0,0,0,0,0,0,0,47.133,63.528,101.326,108.471,138.553,111.82,107.123,108.34,98.697,83.673,56.179,46.027,0,55.304,95.42,100.666,137.288,110.961,107.053,106.221,93.917,71.028,0,0,68,59,55,61,63,72,75,73,69,61,65,66,10.56,-6.37,-8.29,-6.85,-9.21,-6.55,-6.22,-7.11,-8.1,-7.53,2.74,4.39,17.6,21.7,20.4,22.1,6.3,8.3,11.8,10.6,11.9,15,16.1,16.4,328,15,3,119,-28,19.2,31.6,10.5,8,2,0,1,572,898,1020,1021,562,345,237,249,4,40,58,75,86,90,92,91,1,0,0,0,156,348,327,239,55,333,324,165,64,60,73,65,8.57,-24.35,-19.88,-12.9,14.7,18.3,10.7,7.6,416,9,59.5,2008.2,12,3479,1423,176,356,19,356,336,1,-8.6,35.5,8.3,1070,878,65,-48.55,1775
1997,3425410,NA,37.898448,-122.313558,-9999,13.3,17,19.9,19.9,23.5,21.6,21.7,21.9,24.8,21.3,18,14.2,7.3,7.6,8.3,9.8,13,12.7,13.5,14.3,14.6,11.6,10.4,6.3,10.3,12.3,14.1,14.8,18.2,17.1,17.6,18.1,19.7,16.4,14.2,10.2,223,10,16,13,8,5,0,5,2,21,169,63,-50.2,10.4,17.5,19.5,14.3,22.4,38,29.8,39.2,18,-25.8,-42.8,5,2,1,0,0,0,0,0,0,0,1,4,157,188,264,288,409,364,391,406,440,354,264,156,243,165,136,113,46,59,43,39,30,80,130,238,0,2,8,11,44,33,30,42,80,19,7,0,31,28,31,30,31,30,31,31,30,31,30,30,1,0,0,0,0,0,0,0,0,0,0,0,30.771,49.546,84.242,96.717,127.606,115.272,113.147,100.021,97.055,68.319,40.498,32.226,0,39.725,68.187,83.884,119.154,109.799,112.849,94.698,94.92,47.185,0,0,80,70,64,69,68,73,75,76,69,70,76,79,18.4,-4.75,-5.74,-5.65,-7.83,-6.75,-7.08,-6.45,-9.02,-5.31,11.32,1.78,15.1,21.1,21.7,21.4,7.8,10.4,13.5,12.2,11.4,15.7,17.6,16.8,433,37,11,192,-27.5,17.1,30.1,10.5,10,1,0,1,538,961,1161,1058,609,296,140,239,4,63,105,106,90,92,92,91,1,0,0,0,111,309,328,206,40,271,317,142,76,67,75,72,15.43,-19.23,-20.29,-3.01,15.3,19.7,10.2,9.4,537,22,47.1,908.2,14,3680,1322,276,364,0,363,363,2,-6.4,34.6,7.5,954,770,72,-27.09,1986
1997,231694,NA,36.950879,-122.066217,-9999,15.5,17.6,20.4,19.8,23.4,20.8,21.1,22.7,24.9,21.7,19.4,16,5.8,5,5.9,7.4,10.8,10.4,11.8,12.9,12.3,8.7,7.7,4.1,10.6,11.3,13.2,13.6,17.1,15.6,16.5,17.8,18.6,15.2,13.6,10.1,297,17,18,18,7,5,1,8,2,18,224,112,-52.9,12.7,20.1,21.8,12.7,24.2,37.4,28.9,39,17.7,-27.3,-43.9,4,3,1,0,0,0,0,0,0,0,1,5,164,163,236,252,375,317,356,397,409,316,245,151,233,192,161,145,65,91,65,44,41,108,146,244,0,0,3,4,28,17,18,37,60,7,3,0,29,25,29,29,31,30,31,31,30,30,29,26,1,0,0,0,0,0,0,0,0,0,1,0,41.421,57.238,93.627,104.844,136.361,119.623,117.034,113.385,106.54,78.319,51.41,40.827,0,39.749,75.21,86.929,129.106,114.144,115.784,105.737,104.819,60.263,0,0,69,60,56,62,62,68,71,70,62,60,64,67,24.44,-4.89,-6.42,-5.71,-8.53,-6.84,-7.06,-7.25,-9.91,-6.69,15.23,5.31,16.5,21.2,21.5,22,5.6,8,11.7,9.6,11,14.6,16.6,15.8,566,44,14,244,-28,18.2,30.2,9.8,11,2,0,1,507,864,1070,970,639,371,200,295,0,36,72,70,83,89,92,90,2,0,0,1,138,335,350,236,40,291,336,165,65,60,70,62,24.85,-20.65,-21.15,-1.37,14.4,18.6,10.1,8.6,728,23,33.5,798.3,15,3381,1535,177,350,27,348,321,2,-10.2,34.8,7.5,1060,832,64,-18.32,1699
1998,2275918,NA,37.42756,-122.17152,-9999,15,14.5,18,19.9,19.8,23.2,26.6,28.9,25.9,22.3,16.4,13.9,7.2,6.6,7.5,7.7,9.4,11.6,13.1,13.6,13.2,9.2,6.9,2.9,11.1,10.6,12.8,13.8,14.6,17.4,19.8,21.3,19.5,15.7,11.6,8.4,186,297,64,44,29,2,1,1,3,18,75,32,-51.8,9.6,16.8,21.6,17.4,22.6,29.5,25.4,38.8,17.3,-26.1,-43.4,4,4,2,0,0,0,0,0,0,0,1,7,180,151,229,257,299,371,460,503,436,334,192,113,215,204,172,141,123,54,16,10,31,94,195,295,3,0,4,7,8,37,74,110,77,15,0,0,31,27,31,29,31,30,31,31,30,31,29,23,1,1,0,0,0,0,0,0,0,0,0,0,36.94,43.337,77.733,104.012,114.518,133.109,154.277,154.79,108.683,78.929,42.679,36.134,0,0,14.082,59.698,85.591,131.306,153.642,154.127,105.341,61.289,0,4.27,75,74,67,62,68,65,61,56,62,60,70,67,13.82,25.13,0.01,-3.09,-4.12,-8.72,-11.27,-13.47,-10.37,-7.1,1.92,-1.33,14.8,19.2,26.2,21.5,6.2,8.2,12.8,9.8,10.5,13.7,19.5,15.6,550,137,3,96,-28.5,18.6,25.8,10,12,2,0,1,482,785,1334,961,667,436,80,321,3,19,221,92,86,90,92,89,2,0,0,0,117,296,442,230,0,159,439,167,72,66,61,64,37.61,-7.19,-33.45,-15.55,14.7,21.3,8.4,12.8,750,35,32.9,600.8,19,3525,1551,334,353,28,350,322,2,-8.2,38.5,6.5,1086,765,65,-18.58,1860
1998,5504847,NA,37.6553,-122.0567,-9999,13.8,13.5,17,18,17,20.9,24.9,27.2,24.6,21.1,15.9,12.9,6.9,6.5,7.4,7.6,9.1,11.5,13.4,14.1,13.8,9.9,7.2,3,10.4,10,12.2,12.8,13.1,16.2,19.1,20.6,19.2,15.5,11.6,7.9,219,349,73,54,38,3,1,1,4,21,92,34,-51,8.9,15.9,20,22.2,20.7,32.6,26.7,39.3,17.8,-25.8,-43,5,5,2,1,0,0,0,0,0,0,1,8,162,137,210,228,254,336,439,484,425,325,189,102,242,220,188,168,165,77,22,13,35,101,197,310,1,0,2,3,1,23,58,95,70,12,0,0,30,27,30,29,31,30,31,31,30,31,29,23,1,1,0,0,0,0,0,0,0,0,0,0,33.582,39.612,72.432,92.494,94.731,115.262,139.947,140.922,98.583,71.875,40.386,33.39,0,0,0,38.551,56.926,112.4,139.374,139.972,94.993,50.694,0,0,77,77,69,67,75,71,66,62,68,65,72,72,17.63,30.74,1.53,-0.97,-1.61,-6.94,-9.75,-11.64,-9.01,-5.72,3.94,-0.61,13.7,17.3,24.3,20.5,6.2,8,13,10.3,9.9,12.7,18.7,15.4,642,165,4,117,-28.3,19.4,26.7,10.5,15,3,0,2,437,692,1259,939,726,521,112,333,1,6,176,82,85,90,92,90,3,0,0,0,106,260,396,211,0,95,392,146,75,70,66,68,47.76,-1.04,-28.33,-10.78,14,20.6,7.9,12.7,888,46,27.1,450.6,22,3291,1738,266,353,26,352,326,3,-9,37.1,7,973,633,70,7.61,1665
1998,1176,NA,34.03974,-118.589581,-9999,19.1,16.4,19.3,18.5,17.3,19.7,24.9,27.3,23.2,22.7,21.3,19.6,9.6,8.9,10.4,10.2,11.6,13.5,17.1,18.7,16.7,13.3,10.7,8.5,14.3,12.7,14.8,14.3,14.4,16.6,21,23,19.9,18,16,14.1,82,335,93,37,31,1,0,1,5,1,30,18,-54,10.1,16,18.4,26.4,18.9,38.6,31.1,41.9,19.2,-27.1,-44.5,2,2,1,0,0,0,0,0,0,0,0,2,275,203,292,274,295,347,497,556,448,402,320,268,131,155,117,127,127,69,9,4,27,51,88,138,13,3,13,8,6,27,104,155,85,40,22,13,31,28,31,30,31,30,31,31,30,31,30,31,0,0,0,0,0,0,0,0,0,0,0,0,52.114,50.434,82.104,91.049,87.246,97.251,124.057,125.724,83.625,78.631,59.033,51.495,0,0,0,54.065,55.903,95.784,123.986,124.685,78.144,77.277,29.411,33.919,70,76,72,74,82,80,77,75,80,71,67,69,1.67,28.44,2.87,-2.26,-1.73,-5.61,-8.35,-9.74,-6.54,-7.87,-4.77,-5.39,18.1,18.4,24,22.4,9.1,10.7,16.4,13.6,13.6,14.5,20.2,18,542,161,3,36,-29.5,20.3,29.5,11.3,5,1,0,0,738,861,1400,1170,432,370,83,166,28,27,286,147,90,92,92,91,0,0,0,0,150,260,347,221,0,110,344,185,72,76,77,73,24.72,-1.13,-23.7,-19.18,16.6,23,12.7,10.3,635,39,41.9,582.9,7,4178,1044,490,365,0,365,365,1,0.7,38.9,7.9,979,639,74,-19.29,2410
1998,3904095,NA,34.533002,-117.283871,-9999,15.3,13.4,18.3,20.3,22.3,29.6,37.3,38.4,30.2,24.8,19.4,15.1,1.4,1.4,3.5,4.3,7.5,12,17.8,19,13.2,7,2.6,-0.6,8.3,7.4,10.9,12.3,14.9,20.8,27.6,28.7,21.7,15.9,11,7.2,19,100,29,8,23,1,2,10,13,1,6,4,-53.9,13.3,20.6,25,18.3,26.6,28.2,29.1,41.5,17.7,-27.7,-44.2,8,9,3,1,0,0,0,0,0,0,2,10,122,93,189,220,310,473,697,732,499,339,183,95,303,292,222,181,114,16,0,0,16,91,211,331,0,0,3,6,16,97,296,331,125,23,2,0,19,17,25,26,30,30,31,31,30,29,21,13,0,1,0,0,0,0,0,0,0,0,0,0,50.184,52.135,92.497,117.978,141.178,182.164,228.845,214.636,139.856,100.074,62.032,47.264,31.666,0,63.818,110.355,118.449,181.492,226.751,204.548,126.597,99.335,55.76,43.131,56,61,54,52,56,51,48,49,52,49,49,56,-3.96,5.41,-5.2,-8.55,-7.86,-16.09,-25.08,-25.6,-15.12,-12.39,-8.32,-5.14,13.9,20.3,35.1,24.8,0.7,5.1,16.3,7.6,7.3,12.7,25.7,16.2,148,59,13,20,-28.3,21.3,27.9,10.5,31,4,0,2,288,719,1902,1021,959,517,16,318,0,25,725,150,49,80,92,81,2,0,0,0,144,352,626,302,45,293,613,282,58,54,49,50,-3.69,-21.62,-66.77,-35.82,15.6,28.7,7.2,21.4,215,49,118.9,587.3,33,3952,1778,900,303,101,316,215,2,-19.6,45.5,7.9,1424,1232,52,-127.89,2334
1998,3440200,NA,35.098215,-120.579118,-9999,17.7,15.7,18.3,17.2,16,17.6,20.9,22.4,21,20.6,18.7,17.5,6.9,7.5,7.6,6.9,8.4,10.7,12.5,13.3,12.6,8.3,6.4,2.2,12.3,11.6,13,12.1,12.2,14.2,16.7,17.9,16.8,14.4,12.6,9.9,107,300,74,70,44,2,0,1,8,9,52,27,-54.1,10.5,17.5,20.4,24,20.4,39,30.1,40.6,18.7,-27.1,-44.7,3,3,2,1,0,0,0,0,0,0,1,5,211,171,232,208,228,274,362,399,356,294,216,146,184,183,166,188,189,124,61,43,69,127,172,250,4,0,2,0,0,9,20,38,34,2,0,0,30,28,31,29,30,30,31,31,30,30,28,21,0,0,0,0,0,0,0,0,0,0,0,0,49.74,49.456,83.261,93.35,92.034,93.898,113.337,111.826,85.458,78.37,54.831,50.172,0,0,9.453,23.33,47.782,92.16,113.292,110.896,77.762,69.471,2.844,22.753,66,73,66,67,76,78,74,72,74,62,62,62,4.45,25,0.84,0.96,-0.53,-5.07,-6.83,-7.6,-6.14,-6.94,-1.83,-4.32,16.7,17.2,20.3,20.1,6.3,7.7,12.2,9.1,11.5,12.4,16.2,14.6,514,188,3,69,-29.4,20.6,29.8,10.8,10,2,0,1,548,668,1035,865,592,543,228,368,4,2,66,36,85,90,92,88,1,1,0,0,145,269,319,219,0,81,316,150,67,70,75,66,25.13,1.27,-19.49,-14.91,13.6,17.9,9.9,8,694,55,34,326.6,14,3096,1755,108,350,34,346,312,2,-8.6,35.5,7.9,952,547,69,-8,1438
1998,3425410,NA,37.898448,-122.313558,-9999,13.7,13.8,17.4,17.6,16,18.6,21.4,23.6,22.2,20.7,15.9,13.3,8.3,7.8,8.5,8.6,10.1,12.2,13.6,14.1,14.2,10.7,8.5,4.2,11,10.8,12.9,13.1,13.1,15.4,17.5,18.8,18.2,15.7,12.2,8.7,246,350,62,55,34,2,0,1,4,18,98,31,-50,8.2,15.3,18.6,25.2,19.5,38.8,28.7,39.7,18.1,-25.3,-42.9,4,4,2,1,0,0,0,0,0,0,1,7,175,153,230,237,254,312,387,429,397,332,206,119,217,198,167,159,165,95,45,29,46,96,181,285,2,0,3,3,0,16,29,55,53,13,0,0,31,28,31,30,31,30,31,31,30,31,30,26,1,1,0,0,0,0,0,0,0,0,0,0,30.027,37.691,71.37,86.729,81.683,92.991,109.842,114.093,82.363,67.677,37.602,32.491,0,0,9.178,31.841,47.34,91.474,109.489,113.508,78.393,50.146,0,1.776,82,80,72,71,81,80,76,71,75,69,76,74,20.8,31.01,0.46,-0.35,-1.08,-5.27,-6.8,-8.33,-6.84,-5.48,4.92,-1.07,13.9,17,21.2,19.6,7.4,9.1,13.3,11.1,10.7,13,17.2,15.4,660,151,2,120,-28.2,19.7,29,10.8,12,2,0,1,485,722,1128,934,653,491,169,324,2,7,100,66,89,92,92,91,2,0,0,0,100,240,317,188,0,88,314,129,79,75,76,74,50.73,-0.97,-20.41,-7.41,14,18.8,8.7,10.1,901,41,26.6,462.3,18,3230,1683,174,360,7,358,351,2,-6.4,34.6,7.8,844,531,75,21.94,1585
1998,231694,NA,36.950879,-122.066217,-9999,16,15,18.1,17.9,16.9,18.8,20.6,23.5,21.9,20.3,17.4,15,6.5,6.3,7,7.1,8.7,10.5,12.2,12.6,11.9,7.8,5.9,2.2,11.2,10.6,12.6,12.5,12.8,14.7,16.4,18,16.9,14,11.6,8.6,287,459,108,84,53,4,2,1,5,23,132,50,-52.9,10.3,17.4,20.5,21.8,20.9,38.6,28.4,39.6,18,-26.7,-43.9,4,4,2,1,0,0,0,0,0,0,1,7,180,149,219,220,245,289,354,404,357,282,188,115,211,202,178,176,173,113,66,40,68,138,196,288,2,0,2,0,0,11,17,40,35,1,0,0,30,27,30,29,30,30,31,31,30,30,28,21,1,1,0,0,0,0,0,0,0,0,1,0,41.611,46.29,80.217,94.591,96.254,103.726,111.254,120.567,90.222,73.999,47.728,40.334,0,0,0,10.401,43.068,100.086,109.249,119.562,84.892,50.762,0,0,70,72,65,66,74,74,74,67,69,62,64,62,23.37,40.97,4.28,2.04,-0.05,-5.66,-6.52,-8.66,-7.2,-5.38,6.86,-0.21,15.6,17.6,21,19.8,5.7,7.6,11.8,8.5,10.6,12.6,16.4,14.2,858,245,7,160,-28.8,19.9,29.3,10.3,12,3,0,2,481,684,1047,828,658,527,219,401,2,2,69,36,83,89,92,87,2,0,0,1,129,271,336,212,0,53,329,136,68,68,72,65,64.14,6.27,-20.83,-5.73,13.3,18,8.6,9.4,1208,65,19.3,276.5,19,3003,1849,109,347,37,342,305,4,-10.2,34.8,7.7,947,518,68,43.85,1373
1999,2275918,NA,37.42756,-122.17152,-9999,15,15.2,15.5,19.8,20.9,24.7,25.7,26.4,26.8,25.8,18.8,16.8,4.9,4.7,5,7.1,8.1,10.6,11.9,12.8,12.6,10.7,8.2,4.5,10,9.9,10.3,13.4,14.5,17.7,18.8,19.6,19.7,18.3,13.5,10.7,95,123,67,41,2,2,1,2,4,10,41,13,-52.8,11.3,16.7,22.1,14.6,24.6,30,26.7,38.4,16.3,-26.9,-44.1,5,5,4,0,0,0,0,0,0,0,1,4,149,133,156,247,297,379,429,452,440,410,243,168,253,222,242,150,125,50,26,21,30,47,148,225,0,0,0,4,7,41,51,71,80,44,3,0,27,25,28,29,30,30,31,31,30,31,30,27,1,0,0,0,0,0,0,0,0,0,0,0,40.483,48.812,71.079,105.188,126.872,147.318,151.953,139.906,115.325,91.23,47.884,41.581,0,0,4.269,63.846,124.733,145.161,151.366,138.357,111.101,81.274,6.742,28.477,67,66,66,61,61,58,59,60,58,56,67,64,4.25,6.98,1.23,-3.49,-7.91,-10.19,-10.86,-11.14,-11.32,-10.43,-2.55,-4.99,14.7,18.7,25.6,23.8,4.2,6.7,11.8,10.5,9.4,12.7,18.7,17.1,250,110,4,55,-28.5,17.8,27.1,9.3,17,4,0,1,392,700,1260,1094,770,517,96,225,0,11,163,127,75,87,92,91,1,0,0,0,125,303,439,254,4,193,435,199,66,63,59,60,6.24,-10.17,-32.19,-24.31,14.7,19.7,9.9,9.7,401,11,61.6,1847.6,18,3504,1538,301,348,40,353,312,2,-8.2,38.5,6.4,1122,831,62,-60.43,1848
1999,5504847,NA,37.6553,-122.0567,-9999,13.6,14.1,14.5,18.2,19,22.8,23.7,24.4,25.6,24.5,18.3,15.8,4.5,4.7,5,7.1,8.2,10.8,12.1,13.1,13.2,11.4,8.5,4.8,9,9.4,9.7,12.7,13.6,16.8,17.9,18.8,19.4,18,13.4,10.3,107,150,75,53,3,3,1,2,4,11,54,14,-51.8,10.6,15.8,20.6,17.9,23,33.4,28.1,39,16.8,-26.6,-43.7,7,5,4,1,0,0,0,0,0,0,1,4,127,121,143,224,271,353,401,427,432,402,241,160,282,237,259,172,150,66,38,30,33,51,150,235,0,0,0,2,3,29,35,53,74,40,4,0,27,25,28,29,30,30,31,31,30,31,30,27,1,1,0,0,0,0,0,0,0,0,0,0,36.519,44.992,66.176,95.273,113.244,132.412,136.04,124.621,106.168,83.61,45.578,38.48,0,0,0,42.656,109.98,129.871,135.477,122.875,102.112,72.718,0,24.124,70,69,69,65,66,64,65,66,63,61,69,67,6.39,10.4,2.62,-1.36,-6.56,-8.59,-9.18,-9.33,-10.06,-9.04,-0.98,-4.31,13.5,17.2,23.6,22.8,4.1,6.8,12,11,8.8,12,17.8,16.9,292,131,5,69,-28.3,18.1,28.2,9.7,20,5,0,1,347,637,1180,1074,828,580,133,234,0,4,117,117,75,87,92,91,2,0,0,0,115,275,393,235,0,153,388,175,69,67,65,64,12.47,-5.3,-27.11,-20.09,14.1,19.4,9,10.3,477,12,50.5,1593.8,22,3299,1701,239,348,38,356,318,3,-9,37.1,6.9,1018,716,66,-40.02,1680
1999,1176,NA,34.03974,-118.589581,-9999,20.6,19.6,17.8,17.7,20,21.5,23.8,24.5,23.9,26.9,23.1,21.6,9.9,9.1,8.4,9.7,12.4,13.5,15.9,15.9,15.5,15.1,12.3,9.6,15.2,14.4,13.1,13.7,16.2,17.5,19.8,20.2,19.7,21,17.7,15.6,56,22,49,50,2,3,0,1,1,1,13,4,-55,12.1,16.5,18.1,22.9,20.1,39.2,31.4,41.8,18.4,-27.5,-44.9,1,1,2,0,0,0,0,0,0,0,0,1,300,247,237,257,348,374,460,471,442,492,368,312,109,114,163,143,84,52,16,16,29,20,57,101,18,9,3,4,18,38,74,85,81,97,41,24,31,28,31,30,31,30,31,31,30,31,30,31,0,0,0,0,0,0,0,0,0,0,0,0,56.871,62.798,80.172,87.579,105.315,113.194,120.326,117.124,94.269,95.017,62.732,56.125,1.326,40.96,30.989,37.628,103.236,110.188,120.214,116.14,92.772,94.143,49.716,52.194,67,68,70,75,76,75,76,74,75,65,67,65,-1.89,-4.77,-1.14,-0.62,-6.07,-6.72,-7.83,-8.37,-7.99,-10.89,-7.35,-7.86,19.9,18.5,23.3,24.6,9.2,10.2,15.1,14.3,14.5,14.3,19.2,19.5,95,101,4,15,-29.3,19.2,30.2,10.9,4,2,0,0,812,842,1306,1302,362,389,84,106,38,25,198,219,90,92,92,91,0,0,0,0,171,273,351,252,76,172,347,237,67,74,75,69,-14.52,-7.82,-22.92,-26.23,17,21,13.1,7.9,202,8,133.7,2729.7,6,4308,904,491,365,0,365,365,0,0.7,38.9,7.8,1047,831,71,-71.49,2548
1999,3904095,NA,34.533002,-117.283871,-9999,17.3,18.1,19.1,19.5,27.6,32.5,35.4,35.9,33.2,29.9,22.2,16.6,1.4,1.5,2.2,4.5,10,13.7,17.3,15.9,14,9.7,4.3,0.2,9.3,9.8,10.6,12,18.8,23.1,26.4,25.9,23.6,19.8,13.2,8.4,7,9,4,19,4,6,8,1,2,1,1,1,-55.1,15.6,22,24.3,13.8,28.8,29.6,29.6,40.6,16.7,-28.4,-44.6,6,5,3,1,0,0,0,0,0,0,1,7,144,141,178,210,426,542,660,647,557,457,245,119,273,226,231,189,39,6,1,1,8,30,154,296,1,0,1,3,57,158,260,246,170,79,7,0,19,18,21,26,31,30,31,31,30,31,25,15,0,0,0,0,0,0,0,0,0,0,0,0,55.813,67.047,97.807,113.108,172.103,199.649,213.925,204.691,156.355,118.843,69.238,50.439,48.919,58.029,93.945,94.154,168.268,194.064,206.383,203.968,154.262,118.253,67.955,49.6,51,49,49,54,50,49,51,47,48,44,47,51,-6.72,-7.25,-8.47,-6.79,-14.12,-18.79,-21.42,-23.6,-20.11,-17.18,-10.68,-6.65,16.8,22.1,34.6,28.4,0.7,5.5,15.7,9.3,8.8,13.8,25.1,18.9,20,27,14,4,-28,20,29.3,9.6,21,4,0,1,378,814,1850,1258,830,459,8,192,1,62,663,257,49,78,92,86,0,0,0,0,170,383,618,344,150,356,604,340,50,51,49,46,-20.61,-29.37,-63.82,-47.97,16.7,26.4,8.4,18,61,20,436.9,1332.9,23,4326,1453,983,308,92,324,231,0,-19.6,45.5,7.7,1516,1451,49,-161.78,2643
1999,3440200,NA,35.098215,-120.579118,-9999,18.5,17.2,15.9,16.3,17.5,18.8,19.6,19.8,20.7,24.1,20.7,20,4.7,4.6,5.1,5.9,7.6,9.5,11.1,11.3,11.3,9.6,7.8,4.7,11.6,10.9,10.5,11.1,12.6,14.1,15.3,15.6,16,16.8,14.2,12.3,72,38,112,47,2,1,0,1,5,2,32,5,-55.3,13.4,17.5,20.5,20.8,22.3,39.8,30.7,40.6,17.9,-27.6,-45.1,3,4,3,1,0,0,0,0,0,0,1,3,187,152,162,183,239,273,322,328,330,367,264,210,202,195,234,213,179,125,92,90,85,71,128,185,1,0,0,0,0,9,10,14,26,21,4,2,27,24,28,28,30,30,31,31,30,31,29,27,0,0,0,0,0,0,0,0,0,0,0,0,55.259,59.613,76.797,90.553,106.768,109.645,109.496,101.4,88.358,91.453,59.181,54.569,0,21.442,0,43.79,105.261,108.467,109.452,100.058,83.288,89.332,27.262,49.668,57,60,65,67,69,71,74,73,71,57,61,53,-0.12,-2.66,5.48,-1.05,-5.88,-6.23,-6.37,-6.36,-6.59,-9.97,-4.82,-7.73,17.7,16.6,19.4,21.8,3.8,6.2,10.6,9.6,10.8,11.4,15,15.7,137,160,3,39,-29,19.6,30.9,10.3,12,5,0,1,483,584,924,961,647,625,307,285,1,0,33,50,73,86,92,90,0,0,0,0,165,274,321,239,44,149,318,200,57,67,72,63,-10.51,-1.45,-18.96,-21.39,13.4,16.8,10.5,6.3,316,9,74,1841.9,15,3018,1799,86,346,44,348,304,1,-8.6,35.5,7.9,999,711,65,-52.31,1371
1999,3425410,NA,37.898448,-122.313558,-9999,13.7,14.4,14.9,18,17.8,20.5,20.2,21.2,23.1,23.8,18.2,16.2,5.5,6,6.2,8.3,9,11.4,12.3,13.4,13.5,12.1,9.8,6,9.6,10.2,10.6,13.2,13.4,15.9,16.2,17.3,18.3,17.9,14,11.1,102,173,71,58,3,2,0,1,4,14,58,14,-51.5,9.9,15.1,19.3,20.5,21.4,39.5,29.8,39.4,17.1,-26.2,-43.6,6,4,3,1,0,0,0,0,0,0,1,3,138,137,162,239,265,327,349,382,398,400,258,178,265,215,233,158,155,84,70,52,46,52,134,216,0,0,0,3,1,20,16,30,54,38,5,0,28,27,29,30,31,30,31,31,30,31,30,29,1,1,0,0,0,0,0,0,0,0,0,0,35,43.484,64.803,90.405,100.808,112.464,106.395,99.064,90.324,78.487,42.661,37.632,0,0,0,32.538,98.066,110.499,106.084,98.045,86.041,64.814,0,23.908,73,73,72,69,72,72,75,76,71,65,73,70,5.9,12.61,2.24,-0.39,-5.56,-6.72,-6.38,-6.69,-7.74,-7.87,-0.1,-4.29,13.8,16.9,20.6,21.7,5.2,7.9,12.4,11.8,9.5,12.4,16.5,16.7,306,132,3,76,-28.4,18.3,30.2,10.1,17,4,0,1,392,666,1059,1056,764,546,205,232,0,4,66,97,81,89,92,91,1,0,0,0,111,256,318,211,2,131,315,151,72,71,74,70,14.22,-3.7,-19.78,-15.7,14,18.3,9.6,8.7,500,10,47.9,1771.5,18,3235,1679,168,357,16,362,346,2,-6.4,34.6,7.6,896,598,72,-24.97,1592
1999,231694,NA,36.950879,-122.066217,-9999,16.4,16,15.5,17.5,17.4,19.7,19.8,20.9,22.3,23.9,19.5,18,4.4,4.1,4.4,6.2,7.3,9.4,10.9,11.7,11.2,9,6.8,3.4,10.4,10,10,11.9,12.3,14.5,15.4,16.3,16.8,16.4,13.2,10.7,154,154,102,68,3,6,2,2,7,10,65,16,-54,12.4,17.4,21,19.6,22.5,38.6,29.5,39.4,17,-27.5,-44.7,5,4,4,1,0,0,0,0,0,0,1,4,156,132,146,200,231,285,323,351,353,355,232,165,240,219,251,194,186,116,91,73,70,79,156,225,0,0,0,0,0,11,10,19,34,17,0,0,26,24,27,28,30,30,31,31,30,31,29,24,1,1,0,0,0,0,0,0,0,0,0,0,45.808,53.054,73.462,94.398,105.443,115.245,111.166,105.636,94.845,86.884,52.904,46.409,0,0,0,26.6,102.164,109.334,109.349,103.45,87.576,77.383,0,30.508,62,62,64,64,68,68,72,71,66,56,61,59,9.33,9.53,4.62,0.46,-5.68,-6.32,-6.41,-6.88,-7.55,-9.17,-0.94,-5.59,15.8,16.8,20.1,21.9,3.6,6,10.7,9,9.7,11.4,15.4,15.5,359,173,10,82,-28.8,19.3,30.2,9.6,16,5,0,1,401,577,959,941,747,631,280,305,0,0,40,51,71,85,92,89,2,0,0,0,139,273,332,235,0,129,322,165,61,66,70,61,13.27,-0.6,-19.6,-17.66,13.2,16.8,10,6.8,589,20,39.3,819.2,19,2930,1899,91,339,55,343,288,3,-10.2,34.8,7.6,979,616,64,-24.59,1320
2000,2275918,NA,37.42756,-122.17152,-9999,15,15.8,18.6,21.9,23.7,26.8,25.5,27.1,27,21.4,16.2,16.4,6.4,7.4,6.9,8.5,10.5,12.4,12,12.7,12.4,9.8,5.3,5.5,10.7,11.6,12.7,15.2,17.1,19.6,18.8,19.9,19.7,15.6,10.7,10.9,137,168,45,29,13,3,1,1,5,66,20,16,-52.2,9.9,17.7,22.5,11.9,24.8,30.4,26.3,38.3,17.8,-26.3,-43.8,4,3,2,0,0,0,0,0,0,0,2,4,166,169,223,298,375,437,427,462,441,330,165,174,232,184,173,104,65,25,26,18,30,98,220,217,0,0,2,13,28,75,50,78,80,11,0,0,30,28,30,30,31,30,31,31,30,31,27,29,1,0,0,0,0,0,0,0,0,0,0,0,38.266,46.393,81.813,113.866,139.332,156.979,150.186,144.878,116.752,73.877,44.231,39.406,0,0,37.209,84.61,126.562,153.821,149.632,143.684,111.767,7.725,24.398,22.957,72,73,64,59,60,58,60,58,58,64,65,61,8.81,11.73,-2.37,-5.82,-8.37,-11.45,-10.66,-11.85,-11.48,-1.4,-3.79,-4.19,15.9,21.4,26.5,21.5,6.1,8.6,12.4,9.2,11,15,19.4,15.3,319,87,5,91,-28.7,17.4,27.1,9.9,11,2,0,2,502,897,1326,936,641,342,69,347,0,44,203,92,85,91,92,87,1,0,0,0,126,335,452,235,28,248,447,144,69,61,59,62,16.35,-16.56,-33.97,-16.68,15.2,19.9,10.7,9.2,505,23,50,877.9,15,3667,1391,338,356,21,352,331,1,-8.2,38.5,6.4,1148,868,63,-50.86,1987
2000,5504847,NA,37.6553,-122.0567,-9999,14.2,14.7,17.5,20.3,21.7,24.8,23.5,25.2,25.4,20.2,15.4,15,6.1,7.2,6.9,8.7,10.6,12.6,12.2,13.1,13.2,10.3,5.6,5.7,10.2,11,12.2,14.5,16.1,18.7,17.8,19.2,19.3,15.2,10.5,10.4,166,209,55,36,18,5,1,1,5,76,26,18,-51.6,9.3,16.8,20.9,15.6,23,33.9,27.6,39,18.2,-25.9,-43.3,5,3,2,0,0,0,0,0,0,0,2,4,153,156,208,277,346,410,398,440,429,318,160,159,248,193,186,122,84,35,39,25,34,106,225,235,0,0,0,9,19,58,34,62,72,8,0,0,29,28,30,30,31,30,31,31,30,31,27,29,1,0,0,0,0,0,0,0,0,0,0,0,35.879,42.769,76.346,103.139,123.341,141.336,133.519,130.09,105.3,67.117,41.259,35.497,0,0,21.756,67.067,105.772,136.111,132.996,128.771,100.501,0,15.364,17.259,74,75,66,64,66,63,66,64,64,69,68,65,12.03,16.27,-0.79,-3.98,-6.29,-9.49,-8.92,-10.06,-9.85,0.47,-2.76,-3.32,14.9,19.8,24.5,20.3,6.1,8.7,12.6,9.7,10.5,14.3,18.6,15,390,108,7,106,-28.5,17.8,28.2,10.4,13,2,0,2,467,832,1248,908,676,393,98,365,0,27,154,81,85,91,92,88,1,0,0,0,117,303,405,214,24,195,398,116,71,66,64,67,24.99,-11.06,-28.47,-12.13,14.6,19.3,10.2,9.1,615,29,40,655.8,17,3455,1532,262,357,17,355,338,2,-9,37.1,7,1039,732,68,-26.67,1790
2000,1176,NA,34.03974,-118.589581,-9999,20.1,17.9,19.9,21.5,22.5,23.8,23.9,25.7,25,20.9,20.6,22.1,10.5,9.9,10.1,12,14.3,15.8,15.4,17.7,16.2,13.6,9,10.6,15.3,13.9,15,16.8,18.4,19.8,19.7,21.7,20.6,17.2,14.8,16.3,38,175,59,44,1,1,0,2,2,26,1,3,-54.4,10.5,16.9,19.3,20.8,20.5,38.6,31.4,41.7,19.8,-27.2,-45,1,2,1,0,0,0,0,0,0,0,0,1,303,234,293,347,415,444,454,516,467,379,282,334,106,125,114,70,44,23,18,8,22,64,115,86,19,6,12,26,45,79,70,120,100,27,9,31,31,28,31,30,31,30,31,31,30,31,30,31,0,0,0,0,0,0,0,0,0,0,0,0,54.033,54.162,86.725,104.468,116.774,120.327,124.445,117.623,98.437,67.515,59.711,56.291,16.435,0,27.841,60.691,115.449,119.712,124.378,115.552,96.197,41.255,58.283,52.854,70,75,69,71,75,76,74,76,74,77,64,63,-3.19,11.8,-1.04,-3.07,-7.33,-7.89,-8.13,-8.59,-8.53,-3.87,-7.59,-8.03,19.9,21.3,24.5,22.2,10,12.1,16.3,12.9,14.9,16.7,20.4,17.5,216,104,3,30,-29.6,19,30.1,11.4,4,1,0,1,849,1055,1414,1128,333,228,49,201,49,84,268,136,90,92,92,91,0,0,0,0,164,308,362,226,69,204,360,196,69,72,75,72,0.58,-11.44,-24.62,-19.99,17.5,21.7,13.9,7.8,352,6,77.9,3431,5,4468,795,544,365,2,363,360,0,0.7,38.9,7.7,1060,828,72,-55.47,2701
2000,3904095,NA,34.533002,-117.283871,-9999,17.2,16.3,20,26.1,30.8,35.1,36.5,36.2,33.1,24.1,17.2,17.6,2.3,2.6,4.1,7.8,12.3,15.3,16.8,17.9,13.3,7.7,1,1.1,9.7,9.4,12.1,17,21.5,25.2,26.7,27,23.2,15.9,9.1,9.4,6,40,15,12,2,2,1,5,2,6,1,2,-54.9,14.2,21.3,26.1,11.4,29.3,28.6,29.7,40.6,18,-27.1,-44.8,5,5,2,0,0,0,0,0,0,0,3,6,154,133,217,355,509,605,669,681,544,339,135,144,260,235,191,67,16,3,1,1,9,90,268,265,2,0,4,33,115,218,268,281,161,21,0,1,21,20,26,29,31,30,31,31,30,30,17,18,0,0,0,0,0,0,0,0,0,0,0,0,54.768,60.326,99.458,145.197,189.923,215.661,224.512,200.593,156.702,96.093,56.86,52.475,48.389,20.57,84.744,133.328,187.732,213.952,223.739,195.214,154.683,89.879,55.52,50.968,54,57,52,48,49,47,48,51,46,52,50,49,-6.75,-2.73,-7.65,-12.33,-17.39,-22.47,-24.11,-22.64,-20.11,-11.02,-7.14,-7.55,16.7,25.6,35.9,24.8,1.7,8.1,16.7,7.4,9.2,16.9,26.3,16.1,47,29,8,10,-28.5,19.6,29.2,10.5,18,2,0,3,407,1080,1956,1018,792,273,4,368,2,152,767,182,57,87,92,77,0,0,0,0,166,435,641,310,119,406,633,300,53,49,49,50,-17.03,-37.36,-69.23,-38.26,17.2,27,9.1,18,94,12,289.6,2240.1,22,4486,1406,1103,316,75,318,243,0,-19.6,45.5,7.7,1551,1457,50,-161.87,2800
2000,3440200,NA,35.098215,-120.579118,-9999,17.7,16.9,19,20.1,20.3,20.9,19.4,21.3,21.5,18.8,18.2,20.2,6.6,8,7,8.5,10,12.1,10.9,12,12.1,9.9,4.6,5.8,12.2,12.5,13,14.3,15.2,16.5,15.1,16.6,16.8,14.3,11.4,13,63,188,42,69,4,4,0,1,3,43,2,6,-54.2,10.9,18.6,21.4,18.3,22.5,39.8,30.3,40.5,19.4,-27.1,-45.1,3,2,2,0,0,0,0,0,0,0,1,2,203,190,230,273,317,345,315,362,354,291,180,230,188,161,165,128,108,71,98,65,69,129,201,166,2,0,0,6,9,26,9,23,34,0,0,4,30,28,30,30,31,30,31,31,30,31,26,29,0,0,0,0,0,0,0,0,0,0,0,0,50.23,53.029,88.185,106.011,118.549,114.245,109.115,109.039,90.702,66.32,55.363,54.259,0,0,46.185,37.351,114.436,109.919,109.077,108.026,88.062,23.818,52.931,48.124,65,72,63,64,68,73,73,71,71,72,58,54,-0.01,13.16,-2.9,-0.56,-6.82,-6.55,-6.32,-7.18,-7.19,-1.95,-6.83,-7.56,18.2,19.8,20.5,19.5,6.4,8.5,11.7,8.9,12.3,14.1,16.1,14.2,256,115,5,48,-29.5,19.4,30.9,10.9,8,2,0,2,602,819,1021,825,533,401,234,400,4,15,57,34,85,91,92,86,0,0,0,0,158,313,332,212,50,198,327,165,63,65,72,67,5.59,-10.29,-20.05,-15.97,14.2,16.8,11.4,5.4,425,12,57.1,1384.7,11,3290,1549,112,356,19,353,334,1,-8.6,35.5,7.9,1015,739,67,-40.72,1594
2000,3425410,NA,37.898448,-122.313558,-9999,14.2,15,18.1,19.7,20.4,22.2,19.9,21.8,23.2,19.6,15.7,15.3,7.3,8.4,8.1,9.8,11.4,13,12.4,13.3,13.7,11,6.9,6.8,10.7,11.7,13.1,14.8,15.9,17.6,16.2,17.5,18.5,15.3,11.3,11,163,222,57,41,18,4,0,1,6,66,25,18,-51,8.6,16.2,19.3,18.3,21.4,40.2,29.5,39.4,18.5,-25.7,-43.1,4,3,2,0,0,0,0,0,0,0,1,4,166,171,232,286,339,378,347,389,404,320,179,175,230,181,163,115,90,50,72,48,43,105,203,218,0,0,3,10,16,40,15,33,57,8,0,0,31,28,31,30,31,30,31,31,30,31,29,31,1,0,0,0,0,0,0,0,0,0,0,0,33.544,40.729,75.709,95.719,110.143,118.727,103.435,103.66,90.251,62.189,39.839,34.112,0,0,19.194,54.902,91.78,114.828,103.109,102.973,84.694,0,14.758,16.425,77,78,68,69,72,72,77,74,71,73,72,67,12,17.71,-0.59,-2.75,-4.99,-7.27,-6.15,-7.15,-7.63,0.15,-2.68,-3.19,15.2,19.4,21.3,19.5,7.3,9.8,12.9,10.5,11.2,14.6,17.1,15,398,116,5,96,-28.5,17.9,30.4,10.8,10,2,0,2,513,856,1114,902,626,368,170,351,0,29,89,65,88,92,92,90,1,0,0,0,112,282,326,192,24,166,321,99,74,70,74,72,26.52,-8.33,-20.57,-10.15,14.5,18.5,10.7,7.7,619,29,39.5,640.2,14,3383,1518,182,363,1,361,360,1,-6.4,34.6,7.6,912,610,73,-12.53,1705
2000,231694,NA,36.950879,-122.066217,-9999,15.8,16.3,18.7,19.9,20.3,22,19.7,21.6,22.9,19.3,17,17.9,5.7,6.9,6.2,7.5,9.6,11.2,10.9,11.6,10.9,8.8,4,4.6,10.7,11.6,12.4,13.7,14.9,16.6,15.3,16.6,16.9,14,10.5,11.2,218,242,61,46,20,6,2,3,9,101,30,23,-53.1,10.7,18.5,21.8,16.8,22.8,38.8,29.1,39.3,18.5,-26.9,-44.5,4,3,2,0,0,0,0,0,0,0,2,3,164,168,211,255,310,348,321,360,358,282,158,178,230,183,182,143,114,69,93,66,67,138,226,213,0,0,0,4,8,27,10,22,35,0,0,0,29,28,29,29,31,30,31,31,30,30,24,27,1,0,0,0,0,0,0,0,0,0,0,0,42.231,49.978,84.754,105.018,117.632,125.527,110.423,110.975,98.802,67.775,48.963,45.097,0,0,23.646,59.061,97.793,119.606,108.761,108.371,90.241,0,18.571,21.632,68,70,61,62,67,67,72,69,64,67,59,55,16.32,18.75,-0.93,-2.93,-5.26,-7.44,-6.36,-7.36,-7.95,3.34,-3.45,-4.54,16.7,19.6,21.1,19.7,5.3,7.8,11.2,7.9,11,13.7,16.2,13.8,476,127,10,140,-28.9,19.1,30.2,10.3,11,2,0,2,496,776,1029,797,638,438,228,432,0,12,59,35,81,89,92,85,1,0,0,0,139,307,347,216,31,180,337,109,64,63,70,63,30.53,-9.12,-21.16,-8.06,13.7,16.9,10.5,6.4,761,39,31.2,438.2,15,3111,1724,106,349,34,344,311,2,-10.2,34.8,7.7,1008,657,65,-7.81,1455
2001,2275918,NA,37.42756,-122.17152,-9999,14.7,15,19.6,19,27,27.3,25.9,26.8,26,24.3,18.2,13.7,4,5.1,8,6.3,11.5,12.1,12.8,12.6,11.9,10.6,7.9,5.5,9.3,10.1,13.8,12.6,19.3,19.7,19.3,19.7,18.9,17.4,13.1,9.6,82,132,43,35,1,2,1,1,4,10,91,174,-52.8,11,17.7,22.1,7.4,26.5,30.3,26.4,38.6,16.9,-26.7,-42.9,6,4,1,1,0,0,0,0,0,0,1,5,133,137,256,223,441,439,445,456,418,385,231,141,273,218,145,173,33,24,20,20,37,60,159,257,0,0,7,1,62,76,62,73,65,32,2,0,25,25,31,28,31,30,31,31,30,31,29,29,1,0,0,0,0,0,0,0,0,0,0,1,40.608,47.764,84.377,102.033,160.218,161.92,150.5,143.328,112.312,84.501,46.592,32.687,0,0,41.522,67.262,159.549,160.389,149.781,142.4,107.846,74.84,0,0,65,68,64,61,55,56,61,59,59,59,67,65,3.17,8.04,-2.94,-3.75,-12.26,-12.22,-10.76,-11.65,-10.72,-9.07,2.73,12.99,15.4,21.9,26.7,22.8,4.9,8.6,12.5,10.2,10.1,15.2,19.6,16.5,231,78,3,105,-28.2,15.7,27.8,9.6,14,2,0,1,445,920,1339,1035,708,351,64,256,1,70,212,100,79,90,92,90,1,0,0,0,128,347,456,243,23,268,453,183,66,60,59,62,24.2,-18.95,-34.63,-17.06,15.2,19.7,9.3,10.4,574,8,43.9,2369.8,19,3706,1420,381,352,31,350,319,1,-8.2,38.5,6.2,1174,927,62,-46.44,2048
2001,5504847,NA,37.6553,-122.0567,-9999,13.4,14,18.8,17.4,25.5,25.4,24.1,25.1,24.6,23.3,17.8,12.8,3.8,5,8,6.3,12,12.4,13,13,12.5,11.5,8.3,5.8,8.6,9.5,13.4,11.8,18.8,18.9,18.5,19.1,18.5,17.4,13,9.3,94,152,51,43,1,3,1,1,5,11,106,206,-52,10.4,17,20.7,10.4,24.8,33.6,27.7,39.1,17.3,-26.4,-42.4,7,5,1,1,0,0,0,0,0,0,1,6,116,123,244,200,426,416,420,437,406,383,231,133,295,235,155,194,39,32,29,26,42,62,159,267,0,0,5,0,53,62,46,60,58,31,2,0,25,25,31,28,31,30,31,31,30,31,30,29,1,1,0,0,0,0,0,0,0,0,0,1,37.138,44.341,80.103,92.723,147.028,146.486,135.092,129.858,102.659,77.912,44.101,29.43,0,0,29.574,49.968,146.195,143.468,134.466,128.784,97.554,67.177,0,0,68,71,66,65,60,61,67,64,64,64,70,70,5.09,10.62,-1.73,-2.04,-10.74,-10.29,-9.17,-10.04,-9.32,-7.97,4.52,16.82,14.2,20.6,24.9,21.9,4.8,8.8,12.8,10.8,9.5,14.7,18.8,16.3,264,94,5,121,-28,16,28.7,10,17,2,0,1,400,869,1273,1019,764,389,87,263,0,58,167,91,79,90,92,91,2,0,0,0,117,320,411,225,17,226,407,165,70,64,64,66,32.53,-14.51,-29.5,-12.77,14.7,19.1,8.6,10.5,673,11,36.8,1790.6,22,3534,1536,316,352,29,353,324,2,-9,37.1,6.7,1073,814,66,-24.25,1906
2001,1176,NA,34.03974,-118.589581,-9999,17.9,16.3,19.8,18.4,23.5,24.1,23.2,25.3,25.6,24.1,21.2,18.1,7.8,8.5,11.1,9.8,15,15.6,15.7,17,16.6,14.8,12,8.8,12.8,12.4,15.4,14.1,19.3,19.9,19.4,21.2,21.1,19.5,16.6,13.4,134,211,65,27,1,1,0,1,1,4,53,34,-53.9,10.4,15.9,18.7,19.9,20.7,39.8,31.3,41.7,19.1,-26.7,-44,2,2,1,0,0,0,0,0,0,0,0,2,230,193,308,269,440,446,447,500,483,447,337,248,169,163,102,131,34,22,20,10,19,33,75,155,6,2,17,6,60,80,64,108,112,65,27,9,31,28,31,30,31,30,31,31,30,31,30,31,0,0,0,0,0,0,0,0,0,0,0,0,51.385,51.219,82.845,92.379,121.932,124.241,116.375,118.65,101.1,81.07,55.964,46.083,0,0,17.554,65.109,120.573,123.673,116.294,117.41,100.241,77.164,2.923,11.997,68,75,73,73,74,74,77,75,73,72,72,65,7.12,15.93,-0.04,-3.33,-7.89,-8.24,-7.45,-8.67,-9.08,-8.18,-1.96,-2.67,18.8,20.6,24.2,23.6,8.9,12,16.1,14.5,13.9,16.3,20.2,19.1,348,94,2,58,-29.1,18.2,30.6,11.3,5,1,0,0,758,1018,1393,1266,419,267,52,127,40,83,252,204,90,92,92,91,0,0,0,0,159,297,359,238,53,203,357,180,69,73,75,72,20.37,-11.26,-24.35,-19.22,17.1,21.2,12.4,8.8,532,4,50.9,5151.2,8,4348,933,557,365,0,365,365,0,0.7,38.9,7.7,1053,794,73,-34.45,2582
2001,3904095,NA,34.533002,-117.283871,-9999,12.8,13.5,21.2,22,32.4,35,35.3,37.6,34.2,28.9,19.8,13.8,-0.7,0.4,5.2,5.2,13.3,15.8,17,18.1,14.8,10.3,4.1,-0.9,6,6.9,13.2,13.6,22.9,25.4,26.2,27.9,24.5,19.6,12,6.5,27,56,15,8,1,1,5,1,3,3,12,10,-52.7,13.9,21.4,25.4,10.2,29.6,29.6,29.3,40.4,17,-27.6,-43.9,15,10,1,0,0,0,0,0,0,0,1,12,74,83,254,257,549,612,655,706,582,452,210,79,375,306,161,146,10,2,1,0,6,31,187,355,0,0,9,10,149,225,254,306,196,79,4,0,13,15,28,27,31,30,31,31,30,31,25,13,1,1,0,0,0,0,0,0,0,0,0,0,45.195,53.39,103.554,125.651,199.221,213.345,214.117,210.699,160.184,113.724,61.958,44.066,18.021,0,88.428,117.245,197.941,212.688,209.387,209.392,157.305,111.208,49.848,33.76,56,58,52,50,48,48,51,49,48,48,52,50,-1.38,1,-8.27,-9.55,-19.25,-22.22,-21.68,-25.36,-21.1,-15.68,-7.73,-3.62,14.6,25.2,36,27.6,0.3,7.9,17,9.7,7.4,16.5,26.5,18.7,84,25,7,18,-27.6,19,29.5,9.9,31,2,0,1,303,1061,1973,1243,946,317,3,225,1,168,784,279,46,86,92,86,2,0,0,0,151,428,638,336,69,404,631,318,55,50,49,49,-4,-37.07,-69.26,-44.51,17,27.9,6,21.8,142,11,190.1,2566.7,41,4514,1581,1231,304,92,321,229,2,-19.6,45.5,7.7,1554,1422,51,-154.84,2924
2001,3440200,NA,35.098215,-120.579118,-9999,16.8,15.6,18.5,16.5,21.7,21.6,19.1,20.6,21.4,21.4,19.9,16,3.8,5.1,8.3,6.5,10.8,10.7,12.1,12,11.6,10.4,9,5.7,10.3,10.4,13.4,11.5,16.3,16.2,15.6,16.3,16.5,15.9,14.4,10.8,121,136,101,36,1,1,0,1,1,13,90,59,-54.4,12.1,17,20.1,16.8,22.9,41.5,30.5,40.5,18.7,-27.1,-43.8,5,4,1,1,0,0,0,0,0,0,0,4,154,141,242,192,350,334,329,351,346,340,269,168,243,209,156,204,82,79,86,73,75,90,124,220,0,0,2,0,18,22,11,19,31,11,5,0,25,25,31,28,31,30,31,31,30,31,30,29,1,0,0,0,0,0,0,0,0,0,0,0,51.195,53.547,82.174,89.848,125.678,125.417,100.197,104.458,91.188,77.592,54.947,42.487,0,0,0,54.084,124.28,124.431,100.119,103.578,89.971,64.614,0,0,59,66,68,68,67,67,78,73,70,66,66,56,5.7,8.06,3.67,-2.11,-7.84,-7.78,-5.74,-6.75,-7.35,-6.57,1.84,0.31,17.6,18.9,20.4,20.9,4.9,8.5,11.6,10.3,11.2,13.7,16,15.6,263,138,2,105,-28.7,18,31.7,10.7,11,2,0,1,527,784,1015,955,618,441,237,289,5,20,53,47,80,90,92,91,1,0,0,0,159,298,330,224,48,178,328,155,60,67,73,67,14.07,-6.28,-20.27,-12.08,14,16.5,10.3,6.2,561,5,42.7,3621.3,16,3217,1639,120,352,24,352,328,1,-8.6,35.5,7.9,1010,709,68,-24.57,1554
2001,3425410,NA,37.898448,-122.313558,-9999,13.8,14.6,19.3,17.1,24.2,23.1,20.5,21.8,22,22.6,17.9,13.1,5.1,6.2,9,7.3,12.5,12.9,13.1,13.2,12.8,12.2,9.7,7.2,9.4,10.4,14.2,12.2,18.4,18,16.8,17.5,17.4,17.4,13.8,10.2,99,163,43,35,1,3,0,1,6,13,115,198,-51.7,9.8,16.5,19.4,12.7,23.3,39.8,29.4,39.6,17.6,-26,-42.1,6,4,1,1,0,0,0,0,0,0,1,5,134,143,266,211,413,390,366,388,373,385,251,153,270,208,134,184,44,44,58,48,58,61,140,241,0,0,8,0,46,46,21,33,42,31,4,0,28,27,31,29,31,30,31,31,30,31,30,31,1,0,0,0,0,0,0,0,0,0,0,1,35.952,43.76,79.855,87.692,134.663,126.59,105.135,104.392,86.518,72.648,41.755,27.639,0,0,37.224,52.754,133.909,123.823,104.764,103.756,80.494,59.941,0,0,72,73,68,69,65,69,77,74,72,68,74,73,5.47,11.52,-2.56,-2.35,-9.31,-8.13,-6.35,-7.22,-6.99,-6.94,5.82,15.94,14.5,20.2,21.8,20.8,6,9.6,13.1,11.6,10.3,14.9,17.4,16.2,279,78,4,134,-28,16.2,30.8,10.4,14,2,0,1,453,890,1145,1008,697,363,150,259,0,54,100,76,85,91,92,91,1,0,0,0,114,302,336,201,16,224,332,140,72,67,73,71,32.92,-14.22,-21.7,-8.1,14.6,18.4,9.4,8.9,675,11,36.5,1739.7,17,3474,1492,231,359,10,360,350,1,-6.4,34.6,7.4,953,713,72,-11.1,1815
2001,231694,NA,36.950879,-122.066217,-9999,15.5,15.6,19.4,16.9,22.9,22.3,19.9,21.4,22.1,22.1,18.9,14.6,3.2,4.6,7.3,5.8,10.2,10.6,11.9,11.4,10.7,9.1,6.7,4.7,9.4,10.1,13.3,11.4,16.6,16.4,15.9,16.4,16.4,15.6,12.8,9.7,149,199,74,62,2,2,2,2,6,11,147,211,-53.7,11.8,18.2,20.9,13,24.3,39.5,29.2,39.4,17.6,-27.3,-43.4,6,4,1,1,0,0,0,0,0,0,1,5,131,134,240,187,360,342,340,354,342,329,223,139,272,218,156,207,75,73,77,71,77,98,164,255,0,0,3,0,22,25,14,20,30,9,0,0,24,24,30,28,31,30,31,31,30,31,28,27,1,1,0,0,0,0,0,0,0,0,0,1,44.561,51.164,85.796,92.209,134.885,129.793,107.042,110.077,94.783,79.352,51.265,36.819,0,0,12.116,30.639,133.373,127.76,105.079,108.554,88.525,68.193,0,0,61,65,63,65,62,65,75,69,65,60,62,58,9.32,14.34,0.13,0.08,-8.89,-8.2,-6.15,-7.36,-7.6,-7.59,7.63,16.14,16.3,19.7,21.2,21,4.1,7.8,11.3,8.8,10.2,13.8,16.3,14.9,372,137,6,165,-28.4,17.4,31,9.9,14,2,0,1,443,788,1036,893,703,438,221,340,0,25,59,39,75,89,92,89,2,0,0,0,141,313,347,225,22,176,341,157,61,63,70,63,39.81,-8.68,-21.71,-7.56,13.7,16.6,9.4,7.2,866,13,27.3,1248.7,19,3121,1744,123,345,41,341,301,2,-10.2,34.8,7.5,1026,696,65,1.86,1493
2002,2275918,NA,37.42756,-122.17152,-9999,14.1,17.9,18.3,20.1,22.7,25.4,27.3,26.7,27.6,23.2,19.7,15.2,4,6.1,5.8,8.2,8.8,11.3,12.7,12.8,12.3,9.3,7.5,5.9,9,12,12,14.1,15.7,18.4,20,19.8,20,16.2,13.6,10.5,37,39,56,9,11,1,1,1,1,2,62,231,-52.5,12,18.4,21.3,12.3,25.5,28.2,26.5,38.1,17,-27.5,-43.3,7,3,2,0,0,0,0,0,0,0,1,4,127,182,204,267,335,401,465,458,449,349,248,165,282,173,192,131,93,39,15,19,27,83,144,229,0,2,0,8,16,52,78,75,86,18,5,0,25,27,29,30,30,30,31,31,30,31,29,29,0,0,0,0,0,0,0,0,0,0,0,1,39.207,55.857,82.758,103.793,137.365,150.697,161.125,141.949,120.543,82.576,51.673,35.863,2.202,17.277,26.881,95.222,126.422,149.95,160.621,141.132,119.484,80.792,0,0,67,63,61,63,58,58,58,59,56,58,62,73,-0.97,-2.76,-1.31,-6.67,-8.21,-10.8,-12.1,-11.5,-12.54,-9.38,-1.29,18.01,15.3,20.4,26.5,23.5,5.2,7.6,12.3,9.7,10.2,14,19.4,16.6,249,75,2,64,-27.9,17.3,26.7,9.2,14,2,0,1,451,806,1324,1046,712,416,73,255,2,23,206,109,81,89,92,90,1,0,0,0,128,324,454,255,19,249,452,200,68,61,59,59,14.28,-16.19,-34.4,-23.2,15.1,20,9,11,449,14,56,1421.9,17,3651,1428,340,352,29,349,319,1,-8.2,38.5,6.3,1160,920,61,-59.51,1966
2002,5504847,NA,37.6553,-122.0567,-9999,13,16.7,17.3,18.7,20.8,23.6,25.4,24.9,26.2,22.1,18.9,14.2,3.9,5.8,5.7,8.1,9,11.7,13.2,13.2,12.9,10.1,7.9,6.1,8.5,11.2,11.5,13.4,14.9,17.6,19.3,19.1,19.6,16.1,13.4,10.1,47,44,72,9,15,1,1,1,1,1,78,258,-51.6,11.4,17.6,20.1,15.6,23.7,31.5,27.8,38.8,17.5,-27,-42.9,8,3,2,0,0,0,0,0,0,0,1,5,113,164,190,246,309,379,444,436,436,343,242,155,300,193,205,151,115,50,20,26,31,87,150,241,0,0,0,4,10,40,62,59,77,17,4,0,25,26,29,30,31,30,31,31,30,31,29,30,0,0,0,0,0,0,0,0,0,0,0,1,35.919,51.704,77.718,95.128,123.158,135.653,145.024,127.881,110.394,75.686,48.151,32.869,0,7.318,6.041,85.749,108.403,134.521,144.521,126.86,109.422,74.37,0,0,70,66,64,67,64,64,64,65,61,63,66,77,0.67,-1.55,0.8,-5.73,-6.42,-9.17,-10.31,-9.81,-11.03,-8.38,0.99,21.2,14.1,18.9,24.7,22.4,5.2,7.6,12.7,10.3,9.7,13.3,18.7,16.3,298,96,3,81,-27.7,17.7,27.7,9.7,17,3,0,1,411,745,1259,1021,761,471,97,268,0,14,162,98,81,89,92,90,2,0,0,0,117,296,409,234,7,200,406,184,71,65,64,63,20.32,-11.35,-29.29,-18.42,14.6,19.6,8.5,11.1,529,18,46.4,1063.7,19,3457,1571,274,352,27,351,324,2,-9,37.1,6.9,1056,797,65,-38.74,1800
2002,1176,NA,34.03974,-118.589581,-9999,19.1,21.9,19.6,19.4,20.8,22.6,24.4,24.3,26.3,20.5,23.5,18.6,8.4,9.7,9,10.8,12.2,14.7,16.4,16.1,17,13.4,13.4,9.3,13.8,15.8,14.3,15.1,16.5,18.7,20.4,20.2,21.6,16.9,18.5,13.9,24,12,9,1,5,1,0,1,2,1,66,87,-54.5,13.2,17.5,18.6,21.4,20.9,38.6,31.5,41.6,19.9,-27.4,-44.1,2,1,1,0,0,0,0,0,0,0,0,2,257,288,273,297,357,409,478,471,498,370,390,262,144,83,130,107,77,35,12,16,16,69,46,141,9,19,8,11,21,57,88,85,124,23,53,11,31,28,31,30,31,30,31,31,30,31,30,31,0,0,0,0,0,0,0,0,0,0,0,0,54.416,71.186,88.403,94.751,113.519,116.05,124.005,113.982,104.46,65.754,61.639,46.809,30.073,59.356,79.858,93.423,108.91,115.462,123.934,112.605,102.454,64.549,0,0,67,63,67,73,73,76,76,75,72,78,70,71,-4.43,-7.3,-6.19,-6.23,-6.47,-7.36,-8.23,-8.05,-9.47,-6.14,-1.94,2.45,19.7,19.9,23.8,23.4,9,10.6,15.7,14.6,14.3,15.3,19.8,19,70,14,2,69,-28.5,19.2,30.4,11.4,5,1,0,0,792,927,1358,1258,382,314,63,131,36,41,231,200,90,92,92,91,0,0,0,0,172,297,354,232,101,282,352,167,67,71,76,73,-9.28,-18.89,-23.64,-17.54,17.1,21.6,13.8,7.8,209,9,129.8,2500.6,6,4351,877,511,365,0,363,363,0,0.7,38.9,8.1,1054,903,72,-69.35,2585
2002,3904095,NA,34.533002,-117.283871,-9999,15.8,20.1,19.9,24.4,28.6,35.3,38.2,36.8,33.7,25.2,20.3,14,-0.4,1.6,2.8,6.7,10,15,18.6,16.9,14.8,7.8,4.2,-0.3,7.7,10.8,11.3,15.6,19.3,25.2,28.4,26.9,24.3,16.5,12.3,6.8,4,2,6,2,1,1,2,1,2,1,11,20,-54.5,16.4,22.1,25.8,12.8,29.7,27.8,29.4,40.6,17.7,-27.8,-43.9,9,4,3,0,0,0,0,0,0,0,1,11,108,167,201,315,442,604,724,676,576,356,219,87,322,197,210,96,33,3,0,1,7,78,179,343,0,2,3,22,69,217,323,275,190,29,5,0,14,18,23,29,31,30,31,31,30,30,25,14,0,0,0,0,0,0,0,0,0,0,0,0,53.048,73.372,100.446,136.949,179.391,218.039,233.621,208.729,156.975,100.603,63.462,44.28,48.831,71.009,94.71,134.726,177.91,217.315,231.704,207.915,155.058,99.159,51.973,24.576,50,45,49,49,48,46,48,47,49,50,52,53,-5.65,-9.4,-8.69,-11.91,-15.49,-23.01,-26.31,-24.69,-20.41,-12.47,-8.16,-2.87,16.5,24.3,36.8,26.4,0.1,6.5,16.8,9,8.3,15.4,26.8,17.7,17,9,3,15,-27.3,20.2,28.9,10.2,26,3,0,1,354,958,2003,1151,875,338,3,264,2,94,814,224,44,83,92,85,0,0,0,0,170,417,660,321,154,407,657,306,49,48,47,50,-17.92,-36.08,-74.01,-41.04,17.1,28.4,6.8,21.6,54,7,501.3,4147,28,4474,1469,1134,305,88,315,227,0,-19.6,45.5,8,1569,1524,49,-169.06,2804
2002,3440200,NA,35.098215,-120.579118,-9999,16.4,20.4,17.6,18.7,18.6,20.8,21.2,20.3,22.5,18.9,22,16.5,3.9,5.6,5.4,7.6,8.5,11,12.3,11.9,11.8,9.1,9.2,6.8,10.1,13,11.5,13.1,13.6,15.9,16.7,16.1,17.1,14,15.6,11.6,28,17,32,15,5,1,0,1,2,2,85,122,-54.1,14.5,18.8,21,19.8,22.4,38.4,30.7,40.4,19.2,-27.9,-43.8,5,2,2,1,0,0,0,0,0,0,0,3,151,207,188,239,269,325,365,345,365,281,304,190,249,147,206,159,151,85,59,77,63,139,97,203,0,3,0,1,0,20,20,18,38,0,14,0,25,26,28,29,30,30,31,31,30,31,30,30,0,0,0,0,0,0,0,0,0,0,0,0,49.889,69.407,84.644,99.872,111.259,118.22,116.691,101.677,97.203,69.205,61.457,42.551,21.629,52.283,53.063,85.191,105.895,117.353,116.65,100.603,95.629,67.018,0,0,60,55,61,65,68,70,73,74,67,69,61,67,-3.36,-6.6,-3.44,-5.26,-5.94,-7.14,-7.1,-6.47,-8.09,-6.31,-0.11,6.57,17.6,18.3,20.7,21.1,5.1,7.2,11.7,10,11.3,12.7,16.2,15.6,104,52,2,89,-27.8,19.8,30.5,10.6,11,3,0,1,527,696,1035,949,616,515,221,299,3,1,58,52,80,88,92,90,0,0,0,0,162,296,337,228,74,244,335,163,61,65,72,66,-3.4,-14.63,-20.71,-14.5,14,17.1,10.1,7,310,9,77.6,1921.9,14,3227,1634,114,352,29,348,318,1,-8.6,35.5,8.3,1022,815,66,-53.24,1547
2002,3425410,NA,37.898448,-122.313558,-9999,13.3,17.2,17.7,18.3,19.6,21.5,21.8,21.5,23.8,21.4,19.1,14.4,5.2,7.1,7,9.3,9.7,12.2,13.3,13.3,13.1,10.8,9.2,7.3,9.3,12.1,12.4,13.8,14.7,16.8,17.5,17.4,18.5,16.1,14.2,10.8,57,47,62,10,15,1,0,1,1,1,69,247,-51.3,10.8,16.8,18.6,18,22.1,37.7,29.7,39.3,17.8,-26.9,-42.6,6,3,2,0,0,0,0,0,0,0,1,4,130,183,212,257,302,355,389,385,404,344,262,171,275,170,183,140,121,64,44,50,43,87,131,219,0,1,1,6,8,30,29,31,57,16,7,0,28,28,30,30,31,30,31,31,30,31,30,31,0,0,0,0,0,0,0,0,0,0,0,1,34.459,50.946,76.649,88.641,111.323,116.243,114.911,101.493,95.49,70.729,46.534,31.16,0,3.601,14.739,78.735,96.369,115.447,114.597,100.877,94.436,69.466,0,0,73,68,66,72,69,72,74,75,68,67,69,81,1.62,-1.21,-0.1,-5.08,-5.29,-7.26,-7.21,-6.95,-8.73,-7.62,0.28,20.29,14.5,18.5,21.6,21.4,6.5,8.7,12.9,11,10.5,13.6,17.3,16.2,302,87,2,72,-27.7,17.8,29.8,10.1,13,2,0,1,467,772,1128,1010,686,443,159,261,1,14,91,79,87,91,92,91,1,0,0,0,113,277,333,213,4,190,331,164,74,69,73,68,20.71,-10.48,-21.42,-16.07,14.5,18.5,9.3,9.2,512,18,47.8,1040.7,16,3395,1527,185,360,6,358,352,1,-6.4,34.6,7.5,935,688,71,-27.25,1723
2002,231694,NA,36.950879,-122.066217,-9999,14.8,18.9,18.2,17.8,19.1,20.7,21.2,21.3,23.7,20.7,20.9,16.1,2.9,5.5,5.1,7.5,7.9,9.9,11.5,11.7,11.1,7.8,6.6,5.3,8.9,12.2,11.6,12.6,13.5,15.3,16.3,16.5,17.4,14.2,13.8,10.7,55,56,65,16,18,2,1,1,2,4,110,305,-53.3,13.1,19,20,17.3,23.3,36.8,29.3,39.1,17.9,-28.2,-43.8,7,2,2,1,0,0,0,0,0,0,1,4,120,184,191,223,267,308,353,357,373,288,250,167,287,169,202,173,153,98,67,69,58,133,141,224,0,1,0,0,1,15,17,21,42,1,4,0,23,26,28,29,30,30,31,31,30,30,28,28,0,0,0,0,0,0,0,0,0,0,0,1,42.96,60.72,84.616,92.431,115.508,120.478,119.592,108.27,102.963,75.657,57.362,39.831,0,4.837,19.491,76.245,97.882,118.814,118.146,106.901,100.871,72.075,0,0,62,59,59,67,65,67,70,70,62,61,56,68,0.37,-1.73,-0.47,-4.56,-5.17,-7.27,-7.24,-7.22,-9.21,-7.63,2.5,24.83,16.1,18.4,21.1,21.8,4.4,6.8,11,8.5,10.2,12.6,16,15.1,321,99,4,115,-28,18.8,29.8,9.6,15,3,0,1,445,682,1018,911,711,527,234,332,1,1,53,47,76,87,92,88,1,0,0,0,140,293,348,236,5,194,344,173,63,64,69,60,23.47,-10.21,-21.73,-14.34,13.6,17.4,8.9,8.6,635,24,37.2,720.3,17,3082,1773,102,344,41,340,299,2,-10.2,34.8,7.6,1017,715,64,-22.8,1437
2003,2275918,NA,37.42756,-122.17152,-9999,17.7,16.8,19.2,17.8,23.3,26.1,28.4,27.4,27.8,25.7,16.3,14.5,7.7,5.7,7.3,6.9,9.7,12.1,13.7,13.3,13.2,11,5.9,5.9,12.7,11.3,13.3,12.4,16.5,19.1,21,20.3,20.5,18.3,11.1,10.2,28,47,35,75,12,1,0,1,2,4,49,142,-53.8,11.7,17.9,20.5,12,25.2,27.1,26.2,38.2,16.4,-26.3,-43.1,2,3,1,1,0,0,0,0,0,0,2,5,225,165,241,215,358,421,496,475,465,412,174,157,173,192,159,180,76,30,9,15,23,46,208,240,6,0,5,0,23,65,103,88,98,46,0,0,31,26,30,29,31,30,31,31,30,31,27,29,0,0,0,0,0,0,0,0,0,0,0,0,44.113,52.84,83.945,93.525,138.994,152.726,166.24,145.295,119.515,89.915,43.945,34.134,15.684,5.591,48.935,18.215,126.725,151.934,165.792,144.27,117.826,86.4,0,0,68,65,63,66,59,59,58,59,58,57,67,70,-3.27,-1.33,-3.63,1.19,-8.32,-11.12,-12.89,-11.99,-12.39,-10.82,-0.87,9.42,16.6,20.1,27.3,23.3,6.5,8,13,10,11.5,14,20.1,16.7,307,123,2,54,-28.4,16.8,26.2,9.4,10,2,0,2,555,813,1392,1051,594,416,55,277,6,27,256,144,87,90,92,88,1,0,0,0,133,316,464,253,21,194,462,204,68,63,59,60,4.81,-10.76,-36,-24.09,15.6,21,10.2,10.8,396,16,64.5,1295.8,14,3803,1352,433,357,21,356,335,1,-8.2,38.5,6,1167,881,62,-66.04,2113
2003,5504847,NA,37.6553,-122.0567,-9999,16.1,15.7,18.2,16,21.3,24.1,26.7,25.4,26.4,24.5,15.7,13.5,7.5,5.6,7.4,6.7,9.7,12.2,14.1,13.6,13.9,11.7,6.2,6.1,11.8,10.6,12.8,11.3,15.5,18.2,20.4,19.5,20.1,18.1,10.9,9.8,34,51,48,91,16,1,0,2,2,3,62,163,-52.5,11,17,19,15.5,23.4,30.2,27.7,38.9,16.9,-25.9,-42.6,3,4,2,1,0,0,0,0,0,0,2,5,194,150,226,187,328,394,477,450,454,406,171,146,198,202,172,208,99,42,12,22,26,49,214,252,3,0,3,0,14,48,88,69,90,42,0,0,31,26,30,29,31,30,31,31,30,31,28,30,0,0,0,0,0,0,0,0,0,0,0,1,39.206,48.882,78.472,83.178,123.833,137.348,151.685,129.539,108.815,83.131,41.198,30.946,5.001,0,30.965,0,108,136.25,151.239,127.229,107.26,80.544,0,0,72,68,66,70,65,64,63,65,63,62,69,73,-1.85,-0.44,-1.79,3.67,-6.44,-9.41,-11.21,-9.94,-10.83,-9.8,0.79,12.11,15.3,18.5,25.4,22.2,6.4,7.9,13.3,10.6,10.9,13.2,19.4,16.4,343,154,4,66,-28,17.1,27.1,9.9,11,3,0,2,499,741,1321,1030,641,478,76,289,3,17,205,132,87,90,92,89,1,0,0,0,121,285,419,233,5,139,415,188,71,67,64,65,9.82,-4.56,-30.57,-19.83,14.9,20.4,9.8,10.6,472,21,52.8,960.6,16,3581,1496,358,357,18,359,340,2,-9,37.1,6.5,1058,746,67,-45.15,1919
2003,1176,NA,34.03974,-118.589581,-9999,24.2,18.9,21.2,17.6,20.9,20.8,25.8,26.6,26.5,26.7,20,18.9,12.6,9.7,10.7,9.7,13.2,14.8,18.1,17.7,17.3,16.4,10.3,9.3,18.4,14.3,15.9,13.6,17.1,17.8,21.9,22.2,21.9,21.5,15.1,14.1,4,160,84,30,16,1,0,1,1,5,14,46,-56.6,11.3,17.4,18,22.3,20.2,38.3,31.1,41.6,18.6,-26.6,-44.2,0,1,1,0,0,0,0,0,0,0,0,2,397,246,323,254,375,382,524,532,506,510,293,267,50,116,91,145,65,48,6,6,14,17,107,138,57,9,21,4,28,42,124,131,131,110,12,12,31,28,31,30,31,30,31,31,30,31,30,31,0,0,0,0,0,0,0,0,0,0,0,0,64.832,59.071,92.153,86.834,108.901,98.546,126.119,125.695,104.241,89.882,54.971,48.026,60.682,0,8.154,56.767,92.769,97.634,125.986,124.509,103.371,85.342,41.322,2.505,65,71,68,75,76,81,77,73,73,70,70,71,-9,9.57,0.76,-2.54,-5.05,-5.92,-8.69,-9.56,-9.61,-9.8,-5.55,-1.94,20.6,19.9,24.4,24.4,10.5,11.2,16.9,14.7,15.5,15.5,20.6,19.5,251,130,2,19,-29.8,19.2,29.8,11.2,3,1,0,0,906,952,1438,1309,307,301,60,138,77,52,298,254,90,92,92,91,0,0,0,0,171,288,350,249,61,158,348,230,69,73,77,71,-1.37,-6.83,-24.17,-24.96,17.8,22.2,13.6,8.6,361,19,77.1,1153.2,5,4609,803,682,365,0,365,365,0,0.7,38.9,7.6,1058,797,72,-57.32,2821
2003,3904095,NA,34.533002,-117.283871,-9999,20.2,15.5,20.6,19.8,29,33.7,38.6,37.1,35.5,30.7,16.5,14.7,3.2,1.8,4.4,4.2,11.2,14.8,19.4,18.2,15.3,11.1,1.7,-0.5,11.7,8.7,12.5,12,20.1,24.2,29,27.7,25.4,20.9,9.1,7.1,2,64,27,13,6,1,4,2,2,1,18,16,-56.5,14.2,21.5,24.7,12.8,28.8,27.8,29.4,39.9,16.6,-26.8,-44.1,3,7,2,1,0,0,0,0,0,0,3,11,205,119,234,209,466,576,740,701,611,491,138,92,200,257,179,191,26,4,0,0,4,20,268,336,5,0,6,5,85,190,339,300,225,107,0,0,24,18,27,25,31,30,31,31,30,31,19,13,0,0,0,0,0,0,0,0,0,0,0,0,62.703,58.391,101.923,114.961,179.525,205.504,233.55,207,167.147,120.853,54.508,46.137,60.849,0,75.121,102.156,173.932,204.462,229.332,204.931,164.753,119.669,36.027,29.759,49,57,51,53,50,49,50,50,46,46,54,54,-9.23,0.37,-6.83,-7.63,-15.21,-20.49,-26.26,-24.46,-23.06,-17.79,-4.94,-3.64,16.6,23.1,36.4,27.6,1.6,6.6,17.5,9.4,9.1,14.8,27,18.5,85,45,7,22,-28.8,19.7,28.7,9.9,21,3,0,3,411,908,2018,1241,800,396,4,292,5,97,830,332,56,83,92,80,1,0,0,0,165,396,646,343,85,351,639,320,53,51,49,49,-12.5,-29.67,-71.21,-45.79,17.4,29,7.1,21.9,157,15,174.6,1891,26,4583,1485,1264,311,92,327,235,1,-19.6,45.5,7.4,1550,1396,50,-159.17,2921
2003,3440200,NA,35.098215,-120.579118,-9999,21.3,18,20,16.4,19.2,19.8,22.7,21.6,22.7,24.4,18.4,17.1,8.1,6.5,7,6.8,9.6,11.6,13,13.2,13,11,6.8,5.8,14.7,12.3,13.5,11.6,14.4,15.7,17.8,17.4,17.8,17.7,12.6,11.4,12,59,48,40,24,1,0,1,1,6,35,60,-56.2,12.6,19.4,19.7,19.8,21.9,36.7,30.4,40.4,17.9,-26.9,-44.2,1,2,1,1,0,0,0,0,0,0,1,3,281,185,246,196,294,321,398,386,385,394,215,184,121,166,152,200,128,88,39,50,52,55,171,208,14,0,3,0,5,18,34,32,47,32,0,0,31,27,30,29,31,30,31,31,30,31,29,29,0,0,0,0,0,0,0,0,0,0,0,0,59.555,59.778,93.181,88.674,111.199,107.657,126.19,106.319,94.557,90.218,53.359,45.488,47.851,0.34,44.714,48.366,86.945,106.751,126.134,105.264,93.417,84.373,18.359,0,60,64,60,69,70,74,70,74,70,60,64,69,-7.22,-0.64,-2.91,-1.57,-4.12,-6.29,-8.03,-7.04,-7.92,-9.49,-3.25,-0.16,18.6,18.5,21.4,21.8,7.1,7.8,12.6,10.3,12.9,13.2,17,16.1,193,113,2,42,-29.3,19.6,29.7,10.5,7,2,0,1,656,736,1105,995,490,479,177,278,14,8,84,80,89,90,92,89,0,0,0,0,162,293,340,238,48,180,338,196,64,66,73,65,-8.02,-8.6,-21.36,-20.66,14.8,17.8,11.4,6.4,288,27,85.8,651,10,3486,1430,185,358,16,358,342,1,-8.6,35.5,7.6,1033,763,67,-58.64,1805
2003,3425410,NA,37.898448,-122.313558,-9999,15.9,16.5,18.6,15.5,20.1,21.7,23.1,22.1,24,23.9,15.7,13.6,8.7,6.8,8.6,7.8,10.5,12.7,14.1,13.9,14.2,12.2,7.5,7.1,12.3,11.6,13.6,11.7,15.3,17.2,18.6,18,19.1,18.1,11.6,10.4,46,54,48,94,16,1,0,1,2,2,53,157,-51.8,10.6,16.2,17.5,17.9,21.9,36.2,29.5,39.3,17.1,-25.6,-42.4,3,3,1,1,0,0,0,0,0,0,1,4,210,170,249,195,321,366,421,403,424,404,188,159,184,183,149,199,105,57,29,40,35,50,196,234,4,0,6,0,12,34,46,40,69,40,0,0,31,27,31,29,31,30,31,31,30,31,29,31,0,0,0,0,0,0,0,0,0,0,0,0,36.038,49.057,77.17,76.638,111.961,115.945,121.669,103.421,93.631,78.375,38.924,29.24,0,0,28.839,0,95.785,115.234,121.355,102.231,91.912,76.601,0,0,77,69,69,75,70,72,73,75,70,65,73,77,-0.18,-0.21,-1.62,4.49,-5.29,-7.29,-7.93,-7.15,-8.53,-9.06,0.26,11.59,15.6,18.1,22.3,21.2,7.6,9,13.6,11.3,11.6,13.5,17.9,16.3,348,158,2,57,-27.8,17.2,29.2,10.3,9,2,0,1,551,765,1190,1016,586,452,126,281,4,17,121,109,89,91,92,90,1,0,0,0,116,266,341,211,0,125,339,169,74,71,73,70,11.2,-2.43,-22.37,-17.33,14.8,19.1,10.4,8.8,474,20,52.3,951.2,14,3509,1461,251,363,0,363,363,1,-6.4,34.6,7.2,934,632,72,-30.93,1835
2003,231694,NA,36.950879,-122.066217,-9999,19.3,17.4,19.4,16,19.8,21.2,22.5,22.1,23.9,23.8,17.4,15.6,7,5.2,6.3,6.4,8.9,10.8,12.7,12.2,11.8,9.6,4.9,5.2,13.1,11.3,12.9,11.2,14.3,16,17.6,17.1,17.8,16.7,11.2,10.4,45,73,43,110,22,2,1,2,3,8,73,189,-55.3,12.5,19.1,19.5,17.1,23,35.8,29,39.2,17.1,-26.9,-43.6,2,3,2,1,0,0,0,0,0,0,2,4,234,161,226,183,292,331,390,376,385,363,174,158,161,192,170,211,130,81,43,56,52,74,206,233,6,0,1,0,5,21,30,28,47,21,0,0,30,25,29,28,31,30,31,31,30,31,26,28,0,0,0,0,0,0,0,0,0,0,0,1,50.799,56.263,88.129,85.07,116.579,121.181,124.219,111.975,101.819,85.778,49.082,38.606,6.188,0,45.003,0,94.179,119.192,122.729,110.091,98.903,77.733,0,0,62,62,59,69,66,68,70,70,64,58,61,66,-2.82,0.83,-3.19,5.62,-4.86,-7.38,-7.78,-7.6,-9.03,-9.14,0.8,13.49,17.6,18.4,21.9,21.7,5.8,7.2,11.9,8.8,11.7,12.8,16.9,15.2,423,176,5,84,-28.8,18.5,29.3,9.8,9,3,0,2,561,700,1096,922,578,511,180,332,6,6,79,68,84,88,92,87,1,1,0,0,147,290,357,237,6,139,352,177,63,65,69,61,11.5,-2.43,-22.76,-17.37,14.1,17.8,10.4,7.4,573,31,42.1,581.2,14,3272,1610,159,351,30,349,318,2,-10.2,34.8,7.2,1031,674,65,-31.05,1620
2004,2275918,NA,37.42756,-122.17152,-9999,14.1,15.3,22.6,22.7,23.6,25.6,26.4,27.2,28,21.9,16.7,15.6,4.7,5.9,8.9,8.7,10,11.6,13.3,13.5,12.5,9.9,7,5.4,9.4,10.6,15.8,15.7,16.8,18.6,19.9,20.4,20.2,15.9,11.8,10.5,60,124,18,7,2,1,1,1,4,75,30,132,-52.1,10.6,19.3,22.9,11.7,25.1,29.8,26.4,38,17.6,-26.2,-43.6,6,4,1,0,0,0,0,0,0,0,1,4,136,149,316,314,366,407,460,476,457,338,196,164,271,204,95,92,71,36,16,15,25,91,190,231,0,0,20,18,26,56,74,89,92,15,0,0,27,26,31,30,31,30,31,31,30,31,29,28,0,0,0,0,0,0,0,0,0,0,0,0,38.058,47.395,97.357,118.256,140.2,151.028,152.925,143.575,122.173,75.937,43.462,37.724,0,0,78.921,111.043,138.334,150.415,152.307,142.42,117.767,0.621,13.466,0,69,70,59,58,59,59,61,60,55,63,69,72,1.33,7.2,-7.31,-8.61,-9.52,-10.88,-11.12,-11.76,-12.52,-0.85,-2.71,7.75,14.6,23,26.4,22.2,5.5,9.2,12.8,9.8,10.1,16.1,19.6,16,325,28,2,110,-28.4,18,27.1,9.8,14,1,0,1,442,997,1343,991,714,257,67,306,0,64,219,107,83,92,92,89,1,0,0,0,120,356,448,242,0,328,445,132,70,59,60,63,16.28,-25.44,-33.76,-16.08,15.5,20.4,9.4,10.9,455,9,56,2350.5,16,3780,1336,389,355,23,351,329,1,-8.2,38.5,6.6,1165,905,62,-59,2095
2004,5504847,NA,37.6553,-122.0567,-9999,12.7,14.2,21.6,21.2,21.7,23.7,24.5,25.2,26.2,20.6,15.9,14.3,4.7,5.7,9,8.9,10.1,11.7,13.4,13.7,13.2,10.4,7.1,5.6,8.7,10,15.3,15.1,15.9,17.7,19,19.5,19.7,15.5,11.5,9.9,71,147,23,9,2,1,1,1,6,81,47,148,-51.1,10,18.4,21.5,15,23.4,33.3,27.8,38.8,18.1,-25.8,-43,7,5,1,0,0,0,0,0,0,0,1,5,120,135,302,294,340,380,433,449,442,326,187,149,291,221,106,108,89,49,24,22,29,100,198,249,0,0,17,13,17,41,54,68,81,12,0,0,27,26,31,30,31,30,31,31,30,31,29,29,1,1,0,0,0,0,0,0,0,0,0,1,34.043,43.83,91.501,108.408,125.649,136.136,136.255,127.997,109.782,68.566,40.604,33.655,0,0,68.425,99.751,123.197,135.137,135.708,126.727,103.67,0,0,0,73,72,62,62,65,64,67,66,62,68,72,76,3.2,10,-6.11,-7.35,-8,-9.24,-9.35,-9.87,-10.45,0.77,-0.64,10.09,13.5,21.5,24.5,20.9,5.5,9.3,12.9,10.3,9.5,15.4,18.7,15.6,381,34,3,134,-28,18.3,28.2,10.4,17,1,0,2,400,936,1261,955,765,303,95,328,0,47,164,93,83,92,92,90,2,0,0,0,109,326,400,219,0,291,398,104,74,63,65,67,23.29,-21.46,-28.46,-10.33,14.8,19.7,8.7,11,537,11,46.2,1734.1,19,3556,1487,303,355,20,354,334,2,-9,37.1,7.2,1054,793,67,-36.96,1895
2004,1176,NA,34.03974,-118.589581,-9999,19.7,17.7,24,21.6,23.3,21.9,24.4,24,26.1,21.2,19.5,19.4,9.4,8.5,12.8,12.2,14.3,15.1,16.3,16.3,17.1,13.6,10,9.8,14.6,13.1,18.4,16.9,18.8,18.5,20.4,20.2,21.6,17.4,14.7,14.6,14,146,17,4,1,0,0,1,1,40,8,163,-54.5,11.3,18,19.2,19.6,21.1,38.6,31.6,41.6,19.7,-26.5,-44.3,1,2,0,0,0,0,0,0,0,0,0,1,281,213,397,352,426,403,476,469,498,385,281,282,124,144,48,67,39,38,13,16,16,61,116,125,14,4,52,28,52,54,87,84,124,30,10,15,31,28,31,30,31,30,31,31,30,31,30,31,0,0,0,0,0,0,0,0,0,0,0,0,54.57,56.543,102.138,104.84,123.334,106.897,124.033,110.33,102.386,69.584,53.622,48.605,40.421,0,84.723,100.818,122.23,106.409,123.963,109.216,101.404,29.211,45.854,0,68,71,66,71,73,79,76,77,73,76,70,70,-5.55,8.68,-7.44,-7.1,-7.96,-6.65,-8.22,-7.74,-9.31,-2.73,-5.87,9.66,18.8,23,23.4,22.3,9.1,13.1,15.9,13.6,13.9,18,19.7,17.9,206,23,2,49,-29.2,19,30.4,11.6,5,0,0,1,761,1175,1349,1163,407,154,66,193,30,132,225,163,90,92,92,91,0,0,0,0,159,330,341,226,43,308,340,176,70,70,77,73,12.79,-22.5,-22.61,-17.92,17.4,21.6,13.1,8.5,397,4,69.2,5753.8,6,4463,807,553,365,2,363,362,0,0.7,38.9,8,1056,867,73,-50.24,2695
2004,3904095,NA,34.533002,-117.283871,-9999,14.9,14.3,25.3,24.7,29.9,34.2,37.3,36.5,32.8,24.2,15.9,14.6,-0.2,0.4,6.9,7.4,11.2,14.7,18.2,16.8,13.6,7.6,1.6,0.1,7.3,7.3,16.1,16,20.6,24.5,27.7,26.7,23.2,15.9,8.8,7.4,3,53,11,5,1,1,2,4,2,21,20,51,-53.9,14.4,23,25.5,11.9,29.6,28.4,29.5,40.7,17.9,-26.6,-44.1,10,9,1,0,0,0,0,0,0,0,4,10,99,90,341,328,480,584,703,670,545,339,129,97,334,294,87,85,22,3,0,1,9,91,278,327,0,0,28,25,94,197,302,269,162,23,0,0,15,15,30,29,31,30,31,31,30,30,19,15,0,1,0,0,0,0,0,0,0,0,0,1,50.366,55.919,121.48,137.512,186.034,210.269,226.984,206.534,154.681,96.519,53.006,45.591,47.807,2.638,110.256,132.354,184.855,209.627,225.271,202.815,152.615,75.277,32.776,0,52,56,47,50,48,47,49,48,48,52,55,52,-5.17,0.25,-11.88,-11.73,-16.72,-21.43,-24.82,-23.89,-19.65,-9.6,-4.31,-0.18,14.6,26.6,36,24.3,-0.1,8.5,16.6,7.6,7.3,17.6,26.3,16,72,18,6,44,-27.9,20.1,29.1,10.7,30,1,0,4,280,1149,1956,1013,964,194,4,378,0,146,768,184,42,90,92,79,1,0,0,0,152,445,644,304,80,427,638,261,53,48,48,51,-5.1,-40.32,-70.13,-33.57,16.8,27.7,7.3,20.4,174,9,153.9,2976.9,34,4405,1532,1099,305,83,314,231,1,-19.6,45.5,8,1545,1406,50,-149.13,2799
2004,3440200,NA,35.098215,-120.579118,-9999,17,16.2,22.5,20.8,21.3,20.6,20.6,21.3,22.8,19.8,18.4,18.5,4.7,5.9,9.1,8.2,9.6,10.8,12,12.3,11.5,9.8,6.3,5.8,10.8,11,15.8,14.5,15.4,15.7,16.3,16.8,17.1,14.8,12.3,12.1,22,118,13,2,1,1,0,1,1,85,38,155,-54.3,11.9,19.7,22.2,16.6,23.6,39,30.3,40.3,19.1,-27,-44.6,4,3,1,0,0,0,0,0,0,0,1,3,168,156,316,279,326,320,351,366,365,305,208,205,227,199,94,122,101,89,69,62,63,117,178,189,0,0,18,7,11,18,16,24,38,3,0,2,27,26,31,30,31,30,31,31,30,31,28,29,0,0,0,0,0,0,0,0,0,0,0,0,50.682,54.226,101.399,111.166,126.736,117.641,113.48,107.851,100.095,71.513,54.107,49.393,28.691,0,88.384,108.726,125.3,116.69,113.438,106.834,98.641,0,15.852,0,61,67,60,61,64,70,73,72,66,69,62,64,-4.16,6.11,-7.73,-7.75,-7.84,-7.06,-6.79,-7.09,-8.45,1.62,-3.05,8.47,16.7,21.5,20.8,20.3,5.5,9,11.7,9.2,11.1,15.3,16.3,14.8,200,17,2,125,-29,19.5,31,10.8,11,1,0,1,507,920,1037,878,633,316,220,358,0,37,59,41,82,91,92,89,0,0,0,0,150,339,339,226,29,322,337,114,64,62,72,66,10.42,-23.31,-20.94,-9.89,14.4,17.1,10.8,6.3,438,5,55.6,3500.2,12,3363,1509,137,354,22,351,329,1,-8.6,35.5,8.1,1054,803,65,-43.72,1665
2004,3425410,NA,37.898448,-122.313558,-9999,13,14.8,22.1,20.8,20.6,21.4,20.8,21.9,24,20.1,16.4,14.6,6.1,7.1,10.2,9.9,11,12.3,13.6,14,13.8,11.2,8.4,6.8,9.5,10.9,16.1,15.3,15.8,16.8,17.2,18,18.9,15.6,12.4,10.7,77,156,23,10,2,1,0,1,6,72,45,145,-50.6,9.4,17.8,20.2,17.4,21.9,39.9,29.6,39.3,18.4,-25.7,-42.8,6,4,1,0,0,0,0,0,0,0,1,4,138,155,326,302,336,354,379,402,416,331,211,167,266,194,87,101,92,65,50,41,38,97,176,225,0,0,23,14,16,30,25,40,64,12,0,0,29,28,31,30,31,30,31,31,30,31,30,30,1,0,0,0,0,0,0,0,0,0,0,0,32.149,42.896,90.962,102.194,113.897,115.601,104.504,101.625,94.646,64.187,39.479,32.301,0,0,68.229,91.753,111.837,114.841,104.163,100.847,88.839,0,0,0,77,75,64,66,70,72,78,76,69,72,74,79,3.85,10.98,-6.16,-6.5,-6.92,-7.21,-6.37,-7.03,-8.21,0.47,-0.73,9.87,13.8,21.2,21.4,20.2,6.8,10.3,13.3,11.1,10.3,15.8,17.3,15.6,390,35,2,123,-28,18.5,30.5,10.7,14,1,0,1,452,964,1135,957,695,280,155,311,0,53,94,76,88,92,92,91,1,0,0,0,104,307,322,198,0,272,320,89,77,67,75,72,24.7,-19.59,-20.6,-8.48,14.8,18.9,9.5,9.3,538,10,46,1936.8,15,3517,1431,224,362,3,361,357,2,-6.4,34.6,7.9,931,681,72,-23.97,1835
2004,231694,NA,36.950879,-122.066217,-9999,15,15.7,22.9,20.7,20.3,20.9,20.8,22,24.3,20,17.5,17,3.9,5.3,8,7.7,8.9,10.3,12.2,12.4,10.9,8.8,6,4.5,9.5,10.5,15.4,14.2,14.6,15.6,16.5,17.2,17.6,14.4,11.7,10.8,84,191,23,11,3,2,2,2,5,110,42,178,-53.1,11.5,20.4,22.3,16.2,23.4,38.4,29.2,38.9,18.2,-26.8,-44.2,6,4,1,0,0,0,0,0,0,0,1,4,134,145,304,269,301,317,357,379,378,292,191,168,269,206,103,130,122,91,64,54,56,129,193,222,0,0,16,7,7,17,18,29,44,2,0,0,25,26,31,29,31,30,31,31,30,30,28,27,1,0,0,0,0,0,0,0,0,0,0,0,42.266,50.616,101.635,109.181,120.343,120.859,112.338,110.316,106.809,70.981,48.076,42.976,0,0,78.585,97.829,117.091,119.054,110.407,108.576,102.174,0,5.761,0,64,67,56,60,65,67,74,71,60,65,64,67,3.23,13.61,-7.27,-6.88,-7.13,-7.32,-6.62,-7.47,-9.52,3.72,-2.14,11.43,15.4,21.3,21.2,20.6,4.8,8.2,11.6,8.5,10.1,14.7,16.4,14.6,465,38,5,157,-28.6,19.6,30.3,10.1,14,1,0,2,438,874,1053,861,708,354,210,377,0,30,64,46,79,91,92,88,2,0,0,0,131,331,344,226,0,294,338,108,66,60,70,63,28.27,-21.28,-21.41,-7.94,14,17.6,9.5,8.1,654,13,36.7,1316.6,16,3234,1638,140,348,35,343,308,2,-10.2,34.8,7.9,1032,739,64,-22.36,1575
2005,2275918,NA,37.42756,-122.17152,-9999,14.1,16.5,19.1,20.1,22.8,24.3,28.2,27.8,25,23.1,19.8,15.6,5,7.5,8.5,7.4,10.7,11.2,13.7,13.1,10.8,9.4,7.8,6.3,9.6,12,13.8,13.7,16.8,17.8,21,20.4,17.9,16.3,13.8,10.9,87,103,107,41,20,7,0,1,2,6,29,191,-52.1,10.3,16.9,22,13.6,23.7,27.4,26,38.7,17.1,-27.5,-43.4,6,3,1,0,0,0,0,0,0,0,1,4,141,181,258,256,365,382,495,479,388,349,254,176,266,174,144,142,71,48,10,14,51,83,140,216,0,2,8,6,26,42,102,91,49,19,6,2,28,28,31,29,31,30,31,31,30,31,29,30,1,0,0,0,0,0,0,0,0,0,0,0,37.772,48.726,80.802,105.914,131.44,142.137,164.939,148.25,109.874,81.842,51.522,36.364,0,0,0,65.08,111.883,135.067,164.449,147.534,108.21,75.671,22.823,0,70,71,67,61,64,61,58,58,58,59,63,67,4.08,4.82,3.94,-3.64,-6.85,-9.15,-12.72,-12.43,-10.49,-8.81,-4.56,13.87,15.4,20.7,26.7,22.6,6,8.9,12.7,9.3,10.7,14.8,19.7,16,322,168,8,37,-28.4,17.5,25.7,9.4,12,2,0,1,486,879,1355,991,670,357,72,274,2,39,235,73,84,91,92,90,1,0,0,0,124,318,455,243,0,177,447,207,69,64,59,60,22.78,-6.55,-34.3,-23.86,15.3,21,9.6,11.4,594,29,42.7,711,14,3723,1358,351,358,16,348,332,1,-8.2,38.5,6.1,1141,831,63,-41.93,2024
2005,5504847,NA,37.6553,-122.0567,-9999,12.5,15.5,18,18.3,20.6,21.9,26.5,26.2,23.5,21.9,19.1,14.5,4.8,7.3,8.4,7.4,10.8,11.3,14.2,13.6,11.3,10.1,8,6.5,8.6,11.4,13.2,12.8,15.7,16.6,20.4,19.9,17.4,16,13.6,10.5,106,122,120,53,24,11,0,1,2,6,35,219,-50.9,9.7,16,20.5,17.6,22,30.6,27.2,39.3,17.6,-27.1,-42.9,7,3,1,1,0,0,0,0,0,0,1,4,118,168,240,229,332,347,476,462,372,341,247,166,295,189,160,167,95,69,13,18,59,89,145,230,0,0,5,3,15,27,87,78,41,16,5,0,27,28,31,29,31,30,31,31,30,31,30,30,1,0,0,0,0,0,0,0,0,0,0,1,33.171,45.188,75.091,95.084,114.507,124.014,149.819,135.115,99.553,74.873,48.583,33.002,0,0,0,42.421,90.164,113.014,149.354,134.181,97.629,68.927,13.963,0,75,73,70,66,70,67,64,63,63,64,65,72,6.85,7.18,5.82,-1.35,-4.77,-6.93,-11,-10.8,-9.06,-7.78,-3.5,17.18,14.1,19,24.9,21.5,5.9,8.8,13,9.8,10,13.9,19,15.7,376,197,12,42,-28,18,26.6,9.9,15,2,0,1,436,802,1285,961,732,422,100,293,0,23,192,63,84,91,92,90,2,0,0,0,112,285,409,223,0,133,397,181,73,68,65,64,31.21,-0.3,-28.73,-20.33,14.7,20.4,8.6,11.7,698,39,35.3,526.4,17,3500,1529,278,358,13,351,338,2,-9,37.1,6.6,1029,710,68,-18.16,1824
2005,1176,NA,34.03974,-118.589581,-9999,18.6,18.2,19.4,20,21.7,20.9,25.4,25.4,23.5,22.7,23.3,20.3,10.2,10.5,10.8,10.8,13.7,13.6,17.2,17.3,14.7,14.1,12.8,10.5,14.4,14.4,15.1,15.4,17.7,17.2,21.3,21.4,19.1,18.4,18.1,15.4,201,224,46,18,8,0,0,1,5,26,12,23,-53.4,10.2,15.7,19.2,21.5,20.4,38,31.4,41.8,19.3,-27.4,-44.4,1,1,1,0,0,0,0,0,0,0,0,1,275,247,296,307,393,366,505,507,423,414,378,304,128,113,110,99,54,57,8,9,36,46,52,106,12,9,13,14,35,35,110,113,68,43,46,21,31,28,31,30,31,30,31,31,30,31,30,31,0,0,0,0,0,0,0,0,0,0,0,0,49.113,54.045,81.243,99.313,112.89,106.891,128.355,117.473,94.811,75.938,62.377,50.424,0,0,35.43,81.105,104.507,106.402,128.275,116.117,89.582,50.086,50.837,27.084,74,76,73,71,75,77,75,76,73,74,68,70,14.11,16.73,-1.79,-4.98,-6.21,-6.46,-8.76,-8.59,-7.56,-5.12,-7.48,-4.74,18.7,20.4,23.9,23.2,10.2,11.8,16,13.9,14.5,16.1,20,18.5,589,72,2,43,-29.2,18.8,29.9,11.2,4,1,0,0,803,997,1378,1215,366,263,74,133,35,61,257,157,90,92,92,91,0,0,0,0,152,293,353,233,0,221,351,191,73,73,76,72,26.1,-12.98,-23.81,-20.16,17.3,21.4,14.4,7,566,16,48.3,1375.4,5,4416,818,517,365,0,365,365,0,0.7,38.9,7.7,1031,762,73,-30.85,2656
2005,3904095,NA,34.533002,-117.283871,-9999,14.2,14.6,19.2,22.9,29.4,32,38.3,36.8,31.4,25.8,21.3,16.7,1.2,2.3,4.2,4.9,10.7,12.9,19.1,17.6,11.6,8.2,4.4,0.6,7.7,8.5,11.7,13.9,20.1,22.5,28.7,27.2,21.5,17,12.8,8.7,60,78,19,6,6,1,7,7,10,16,1,2,-53.3,13.3,20.7,26.1,12.3,29.6,27.8,29.5,41,17.6,-28.1,-44.6,9,7,2,0,0,0,0,0,0,0,1,7,107,113,210,266,465,523,732,686,494,372,235,128,323,263,200,138,26,8,0,1,17,68,165,286,0,0,4,11,84,139,331,285,121,35,6,0,18,20,26,27,31,30,31,31,30,30,25,17,1,1,0,0,0,0,0,0,0,0,0,0,47.453,54.736,95.647,131.283,183.44,198.147,232.889,206.515,150.344,102.619,66.387,50.508,0,0,76.293,125.613,177.845,197.413,225.664,199.902,139.95,86.976,65.328,48.995,58,61,54,48,48,48,49,49,46,50,50,54,0.95,2.4,-6.61,-10.64,-15.8,-18.9,-25.73,-23.75,-17.55,-11.53,-9.95,-6.74,14.5,23.8,35.7,26.2,1.2,6.6,16.5,8.1,7.8,15.2,26.1,17.1,189,31,15,27,-28.2,19.7,29,10.1,26,3,0,1,318,941,1942,1101,913,363,9,249,0,99,756,162,53,84,92,85,2,0,0,0,148,410,638,319,0,380,623,292,58,50,49,48,-3.39,-33.05,-68.39,-39.03,16.7,28.7,7.7,21,212,31,126.1,939.1,27,4333,1494,1017,316,82,319,237,2,-19.6,45.5,7.7,1515,1295,51,-143.85,2663
2005,3440200,NA,35.098215,-120.579118,-9999,17.7,17.6,19.3,18.4,20.1,18.6,21.6,21.4,20,21.2,22.5,18.9,6.9,8.2,8.3,6.6,10,9.9,12.9,12.8,10.5,9.7,8.5,6.9,12.3,12.9,13.8,12.5,15.1,14.2,17.3,17.1,15.3,15.4,15.5,12.9,156,114,75,25,25,1,0,1,2,9,27,47,-54.1,11.2,17.7,21.7,18.7,22.2,38.2,30.4,40.6,18.7,-28.2,-44.6,3,2,1,1,0,0,0,0,0,0,0,2,207,201,253,221,314,277,381,375,309,323,300,225,184,150,144,176,110,123,49,57,102,103,99,169,2,1,3,0,8,9,26,27,20,6,11,3,30,28,31,29,31,30,31,31,30,31,30,31,0,0,0,0,0,0,0,0,0,0,0,0,49.749,55.177,86.422,101.148,116.317,106.117,117.868,106.308,86.894,78.101,64.065,49.345,0,0,11.04,75.925,90.925,104.946,117.822,105,84.964,69.508,37.207,2.664,66,70,66,63,69,73,73,73,70,65,58,61,9.34,5.49,0.58,-4.28,-4.49,-5.98,-7.26,-6.97,-6.67,-7.03,-6.48,-2.39,17.9,19.3,20.5,21.2,7,8.3,11.9,9.6,12.4,13.8,16.2,15.4,425,126,3,37,-29.1,19.4,30.3,10.4,7,2,0,1,611,789,1033,932,523,430,228,303,3,11,63,37,88,90,92,90,1,0,0,0,154,304,330,229,0,178,328,192,66,66,73,64,12.44,-8.2,-20.21,-20.17,14.5,17.3,12.3,5,483,30,50.8,578.3,9,3386,1464,118,361,9,352,343,1,-8.6,35.5,7.7,1018,697,67,-36.14,1679
2005,3425410,NA,37.898448,-122.313558,-9999,12.5,16,18.6,17.9,19.2,19.6,22.9,22.5,21,21.1,19.1,14.7,5.8,8.5,9.5,8.4,11.5,12,14.1,13.6,11.8,10.9,9.2,7.6,9.2,12.3,14,13.2,15.4,15.8,18.5,18,16.4,16,14.1,11.1,107,116,111,50,24,9,0,1,2,9,40,223,-50.4,9.2,15.5,19.1,20.6,20.5,36.6,29.2,39.6,17.9,-26.8,-42.7,6,2,1,1,0,0,0,0,0,0,1,3,128,186,263,239,324,323,418,404,343,342,262,179,279,167,138,158,102,86,30,40,77,88,131,215,0,2,8,3,13,19,45,40,30,15,7,1,29,28,31,30,31,30,31,31,30,31,30,31,1,0,0,0,0,0,0,0,0,0,0,0,31.334,44.133,74.619,89.522,100.379,102.394,119.565,107.855,84.167,69.312,46.445,31.538,0,0,0,39.365,75.943,93.648,119.29,107.316,82.638,60.058,6.821,0,78,76,71,70,76,76,73,73,71,68,69,75,7.05,6.65,4.86,-1.08,-3.57,-5.25,-7.74,-7.61,-7.03,-6.59,-2.66,17.81,14.4,18.6,21.6,20.4,7,9.8,13.2,10.6,10.7,14.2,17.4,15.5,368,185,10,50,-28,18.4,28.8,10.2,13,2,0,1,481,825,1145,947,670,397,156,296,2,23,104,52,87,92,92,91,1,0,0,0,108,265,330,200,0,115,320,150,76,72,74,70,31.51,0.21,-20.6,-16.29,14.5,18.5,9.2,9.3,691,36,35.4,520.2,15,3411,1510,182,362,1,356,355,2,-6.4,34.6,7.4,902,585,73,-5.17,1731
2005,231694,NA,36.950879,-122.066217,-9999,15.8,17,19.4,18.2,19.5,19.8,22.1,22.4,21.4,21.3,21.1,16.7,4.8,7,7.8,6.6,9.9,10,12.6,12.1,9.7,8.1,6.7,5.6,10.3,12,13.6,12.4,14.7,14.9,17.3,17.3,15.5,14.7,13.9,11.1,149,157,160,60,32,13,2,1,2,9,43,224,-53.4,11.1,17.8,21.2,18.3,21.9,36.3,28.8,39.5,17.7,-28.2,-44,5,3,1,1,0,0,0,0,0,0,1,3,153,176,248,217,304,297,383,381,316,302,253,176,244,174,149,179,119,107,47,53,96,120,137,216,0,0,4,0,7,13,27,30,22,3,3,0,27,28,31,29,31,30,31,31,29,30,28,29,1,0,0,0,0,0,0,0,0,0,0,0,43.46,52.093,84.939,97.56,111.133,114.082,121.86,114.427,93.783,77.789,57.629,41.067,0,0,0,37.748,79.009,101.33,120.043,113.177,91.502,69.081,14.882,0,65,68,64,64,70,69,71,69,64,60,56,61,9.28,9.88,8.83,-0.68,-3.47,-5.58,-7.52,-7.92,-7.77,-7.5,-4.27,16.46,16.6,19.1,21.4,21.2,5.4,8.1,11.6,8.1,11,13.6,16.5,14.7,484,252,16,54,-28.8,19.1,29,9.7,11,2,0,1,496,769,1061,871,641,447,207,354,0,11,70,28,82,90,92,88,1,0,0,0,139,294,350,229,0,117,335,175,65,66,70,60,35.62,4.68,-21.01,-19.54,14,17.3,10.3,7.1,852,50,28.1,345.4,14,3205,1642,109,353,25,340,315,2,-10.2,34.8,7.3,1012,627,65,-0.25,1537
2006,2275918,NA,37.42756,-122.17152,-9999,15.3,17.8,14.5,18.6,24.1,27.4,29.5,26.4,25.9,22.6,17.7,15.4,5.5,5.8,5.1,7.9,10.3,12.9,14.5,12.2,11.5,9.5,7.2,4.7,10.4,11.8,9.8,13.3,17.2,20.1,22,19.3,18.7,16,12.4,10,74,55,170,91,7,1,0,1,1,10,42,74,-52.8,12.2,15.8,20.2,11.2,25.2,25.9,26.6,38.6,17.3,-26.6,-43.6,5,3,4,1,0,0,0,0,0,0,1,5,163,177,147,242,377,453,526,442,410,342,214,153,240,179,256,155,64,20,6,24,41,88,175,245,1,2,0,4,30,85,126,64,60,17,1,0,28,26,28,29,31,30,31,31,30,31,29,27,0,0,0,0,0,0,0,0,0,0,0,0,40.511,55.826,66.422,95.518,142.34,160.217,172.289,141.525,112.805,79.649,45.952,37.929,0,0.391,0,4.053,134.937,159.58,171.818,140.92,111.858,70.048,3.636,0,68,62,69,67,59,58,57,58,58,60,67,70,2.08,-1.05,12.09,2.54,-9.24,-12.17,-13.82,-11.39,-11.11,-8.06,-1.98,1.94,16.2,19.1,27.7,22,5.9,7.8,13.2,9.4,11,13.4,20.5,15.7,320,269,2,53,-28.1,15.8,25.9,9.7,11,5,0,1,517,766,1422,966,635,474,50,304,5,34,274,79,85,88,92,89,1,1,0,0,133,304,474,238,0,139,472,186,67,65,58,62,2.96,5.39,-37.38,-21.14,15.1,22,9.8,12.2,527,10,47.6,2185.7,18,3647,1493,390,351,28,343,315,1,-8.2,38.5,5.8,1149,797,62,-50.16,1969
2006,5504847,NA,37.6553,-122.0567,-9999,14.4,16.7,13.6,16.9,22.2,25.5,27.8,24.6,24.7,21.2,17.1,14.2,5.4,5.8,4.9,7.9,10.4,13.1,14.9,12.6,12.1,10,7.6,4.6,9.9,11.3,9.2,12.4,16.3,19.3,21.3,18.6,18.4,15.6,12.4,9.4,88,63,199,120,10,1,0,1,1,11,54,79,-52.1,11.5,15.1,18.8,14.5,23.5,29.2,27.8,39.1,17.8,-26.2,-43.2,5,3,5,1,0,0,0,0,0,0,1,6,149,166,132,216,352,428,506,422,402,329,212,138,256,192,274,179,80,28,8,32,44,98,177,263,0,0,0,1,21,69,111,50,56,13,1,0,28,26,28,29,31,30,31,31,30,31,29,27,1,0,1,0,0,0,0,0,0,0,0,0,37.593,51.876,62.016,85.355,127.952,144.562,156.803,127.767,104.363,72.297,43.243,34.788,0,0,0,0,117.567,143.486,156.327,126.872,103.478,61.427,0,0,71,65,72,71,64,63,62,64,62,65,70,74,4.01,0.32,15.54,6.36,-7.47,-10.34,-11.96,-9.75,-9.97,-6.83,-0.47,3.18,15.2,17.6,26,21,5.9,7.7,13.5,9.9,10.6,12.7,19.7,15.5,370,329,2,65,-27.9,16.1,26.8,10.2,13,6,0,1,481,700,1356,943,678,533,68,319,1,23,230,70,85,88,92,90,1,1,0,0,122,275,429,220,0,118,427,165,70,69,63,66,7.51,14.44,-32.04,-17.27,14.5,21.3,9.2,12.1,629,14,39,1554.8,21,3453,1631,323,351,25,345,320,2,-9,37.1,6.3,1047,709,67,-27.35,1803
2006,1176,NA,34.03974,-118.589581,-9999,19.6,21.4,15.6,17.4,21.5,25.3,27.4,25.2,25.3,22.2,24.1,20.5,9.5,10.1,7.6,10.2,14.1,16.9,19.2,16.5,16.4,13.6,13.1,9.3,14.6,15.8,11.6,13.8,17.8,21.1,23.3,20.9,20.8,17.9,18.6,14.9,65,62,78,48,11,1,0,1,1,3,5,22,-54.5,12.6,15.2,17.2,22.2,20,37.1,31.3,41.7,19.4,-27.7,-44.7,1,1,2,0,0,0,0,0,0,0,0,1,286,291,197,259,396,482,566,492,475,400,398,294,124,84,203,141,53,14,3,12,21,53,44,118,15,20,0,6,38,100,166,101,106,40,59,19,31,28,31,30,31,30,31,31,30,31,30,31,0,0,0,0,0,0,0,0,0,0,0,0,54.248,68.262,70.127,83.166,109.375,126.874,134.593,120.003,99.939,74.99,64.614,53.066,0,6.238,0,35.232,98.304,126.331,134.502,118.748,98.993,71.74,59.189,31.452,68,65,74,77,77,75,76,74,73,73,67,70,-0.43,-1.77,2.8,-0.49,-5.69,-8.69,-9.73,-8.74,-8.88,-7.18,-8.61,-5.38,20.5,18.2,26,23.9,10,10.6,17.6,14.4,15.2,14.4,21.8,19.1,150,137,2,10,-28.9,18.2,29.4,11.1,3,3,0,0,886,853,1540,1272,314,396,28,118,58,44,367,204,90,92,92,91,0,0,0,0,173,263,381,240,33,134,380,230,68,76,75,71,-7.58,-3.38,-27.16,-24.68,17.6,23.3,11.6,11.7,297,14,93,1675.6,7,4536,868,669,365,0,358,358,0,0.7,38.9,7.5,1057,776,72,-62.8,2758
2006,3904095,NA,34.533002,-117.283871,-9999,16.2,19.3,16.2,21.4,30.7,36.1,38.7,36.3,33.2,25.1,21.9,16.1,0.6,1.6,1.1,5,11.7,16.3,20.5,16,13.5,7.2,4.4,-1.1,8.4,10.4,8.7,13.2,21.2,26.2,29.6,26.2,23.4,16.1,13.1,7.5,8,19,20,17,2,1,2,1,1,2,1,6,-54.6,16.1,20.7,25.2,11.3,29.7,28,29.4,40.6,17.7,-28.3,-44.5,8,4,6,1,0,0,0,0,0,0,1,9,124,159,132,246,500,635,761,654,550,345,245,100,302,207,291,157,17,2,0,1,9,86,157,324,0,1,0,9,110,247,360,254,165,26,8,0,17,18,18,27,31,30,31,31,30,30,25,12,0,0,0,0,0,0,0,0,0,0,0,0,53.57,70.961,85.788,122.84,190.556,220.996,230.765,207.459,157.337,101.085,68.23,49.808,45.432,52.383,66.139,106.175,188.595,220.122,228.872,206.627,155.928,98.999,67.073,43.943,51,47,53,51,48,47,52,46,47,48,48,50,-5.67,-7.24,-4.54,-8.32,-17.46,-23.82,-26.19,-24.23,-20.35,-12.49,-10.42,-5.59,17.4,22.8,37.1,26.7,0.9,6,17.6,8.4,9.2,14.4,27.3,17.5,28,38,4,5,-27.7,19.1,29.1,10,19,6,0,1,412,878,2050,1140,796,466,3,252,1,119,860,199,51,76,92,85,0,0,0,0,175,399,659,327,147,361,656,322,49,50,48,48,-18.5,-30.32,-74.24,-43.26,17,29.6,7.5,22.2,79,7,341.3,4249.5,28,4452,1553,1180,299,97,308,210,0,-19.6,45.5,7.6,1560,1485,49,-166.32,2789
2006,3440200,NA,35.098215,-120.579118,-9999,18,20.4,14.9,15.8,19.7,21.8,23.2,20.2,21.2,20.6,21.9,18.9,5.5,5.9,4.4,8.3,10,12.2,13.7,11.8,11.3,8.9,8.5,5,11.8,13.2,9.7,12,14.9,17,18.4,16,16.2,14.8,15.2,11.9,100,31,100,101,24,1,0,1,1,11,11,33,-54.8,14.3,17.2,17.6,19.4,21.9,36.5,30.7,40.5,18.7,-27.9,-44.8,3,2,4,1,0,0,0,0,0,0,0,3,193,214,141,206,308,360,416,341,337,304,295,199,198,143,261,190,116,61,31,80,81,119,105,194,3,4,0,0,8,32,43,17,28,4,13,3,28,26,27,30,31,30,31,31,30,31,30,28,0,0,0,0,0,0,0,0,0,0,0,0,52.793,69.219,73.364,79.347,113.387,121.21,126.857,101.98,91.039,77.091,62.174,51.445,0,37.753,0,0,89.736,120.326,126.814,101.05,89.623,65.862,50.958,18.779,61,56,66,76,70,70,71,74,70,64,60,62,3.18,-5.14,4.87,5.23,-4.41,-7.54,-8.18,-6.5,-7.28,-6.55,-7.6,-4.2,19.1,16.8,21.7,21.2,6.1,7.6,12.5,9.6,12.6,12.2,17.1,15.4,178,225,2,24,-28.4,18.1,29.7,10.4,7,5,0,1,637,655,1117,936,510,566,172,304,13,8,92,46,85,87,92,90,0,1,0,0,171,266,350,230,40,90,348,206,60,71,72,64,-6.16,5.7,-22.21,-21.43,14.3,18.4,9.7,8.7,415,27,58.5,683.7,14,3314,1577,155,352,18,343,324,1,-8.6,35.5,7.4,1018,685,66,-44.11,1627
2006,3425410,NA,37.898448,-122.313558,-9999,14.5,17.1,14,16.6,20.8,23,24.1,21.2,22.4,20.7,17.2,14.4,6.7,6.9,6.1,9,11.1,13.4,15,12.8,12.4,10.8,8.8,5.8,10.6,12,10,12.8,16,18.2,19.5,17,17.4,15.7,13,10.1,94,74,191,125,9,1,0,0,1,11,57,74,-51.7,10.9,14.4,17.3,17.1,22,35.3,29.6,39.5,18.1,-25.9,-43,4,3,4,1,0,0,0,0,0,0,1,5,164,180,149,228,341,395,450,372,372,334,229,152,234,173,250,168,88,42,19,58,59,95,160,244,0,1,0,2,17,49,67,26,41,13,1,0,30,28,29,30,31,30,31,31,30,31,30,29,0,0,0,0,0,0,0,0,0,0,0,0,35.685,51.113,60.661,79.289,115.121,123.245,125.849,101.849,89.627,67.819,41.07,33.332,0,0,0,0,106.086,122.525,125.545,101.352,88.655,57.008,0,0,74,68,74,75,70,71,72,74,70,69,73,77,4.76,1.47,14.65,7.29,-6.35,-8.06,-8.45,-6.93,-7.85,-6.18,0.19,2.65,15.5,17.1,22.8,20.1,7,8.7,13.7,10.7,11.3,12.9,18.2,15.4,391,325,2,69,-27.9,16.3,29,10.5,10,4,0,1,523,718,1218,934,623,506,119,314,2,19,142,55,89,90,92,91,1,1,0,0,118,255,351,199,0,106,349,146,73,73,72,71,8.88,15.59,-23.44,-13.85,14.4,19.5,10,9.5,638,12,38.2,1694.2,17,3365,1589,217,359,4,352,348,2,-6.4,34.6,7,923,601,72,-12.81,1695
2006,231694,NA,36.950879,-122.066217,-9999,16.2,18.6,14.7,16.4,20.4,22.6,23.4,20.8,21.6,20.8,18.7,16.6,4.7,4.7,4.6,7.5,9.3,11.4,13.3,10.9,10.1,8.2,6,4,10.4,11.7,9.6,12,14.9,17,18.4,15.9,15.9,14.5,12.4,10.3,121,78,223,136,17,1,2,1,2,10,61,111,-53.7,13.4,16.5,18.8,16.3,23.1,34.8,29.3,39.5,17.9,-27.3,-44.1,4,3,4,1,0,0,0,0,0,0,1,4,160,171,139,202,308,360,415,338,326,295,210,157,239,182,261,191,115,61,31,82,88,126,177,236,0,0,0,0,8,32,43,16,25,3,0,0,27,25,27,29,31,30,31,31,30,30,28,26,1,0,1,0,0,0,0,0,0,0,0,0,44.654,60.827,69.01,84.308,119.831,129.391,129.239,108.052,93.627,75.323,51.587,42.399,0,0,0,0,102.683,128.03,127.73,107.019,91.805,65.452,0,0,63,57,67,71,66,66,69,69,65,61,60,65,6.27,0.47,17.3,8.15,-5.72,-8.3,-8.34,-7.16,-7.84,-6.97,-1.02,4.86,17.2,17.2,22.3,20.4,5,7.1,11.9,8.1,11.1,12.2,17.1,14.2,424,376,4,73,-28.1,17.2,29.1,10,11,5,0,1,509,650,1113,832,637,568,174,391,0,8,91,28,80,87,92,87,1,1,0,0,147,273,367,221,0,103,363,157,62,68,68,62,11.6,19.73,-23.81,-15.83,13.6,18.4,9.6,8.7,762,23,30.9,803.4,18,3083,1790,127,344,36,334,297,2,-10.2,34.8,7,1007,623,65,-8.3,1442
2007,2275918,NA,37.42756,-122.17152,-9999,14.5,15.5,20.4,20.9,23.5,26.1,26.9,27.3,25.5,22.1,19.7,13.5,2.9,6.2,7.2,7.5,9.5,11.1,12.8,13,11.4,8.8,7.1,3.5,8.7,10.8,13.8,14.2,16.5,18.6,19.9,20.1,18.5,15.5,13.4,8.5,19,111,11,25,6,1,1,1,5,33,16,59,-53,10.6,18.9,22.5,11.6,25.4,28.8,26.2,38.7,17.4,-27.6,-43.1,7,4,1,0,0,0,0,0,0,0,1,7,119,156,258,269,358,407,461,469,403,325,242,113,293,196,144,130,76,36,16,16,43,101,150,293,0,0,8,8,23,56,75,84,57,12,5,0,23,27,30,29,31,30,31,31,30,30,29,25,0,0,0,0,0,0,0,0,0,0,0,0,41.198,47.78,90.016,109.957,140.627,156.285,158.141,145.804,110.673,78.564,51.917,34.559,22.499,0,78.645,84.715,135.02,155.655,157.385,145.194,105.407,45.725,36.031,0,63,70,60,59,58,56,59,58,59,60,61,66,-3.01,5.86,-6.82,-5.69,-9.16,-11.49,-11.7,-12.07,-10.32,-5.49,-5.9,1.6,15.1,21.6,26.8,22.4,4.6,8.1,12.3,9.1,9.9,14.8,19.5,15.8,204,42,2,54,-28.5,17.7,26.8,9.5,16,2,0,1,428,885,1338,971,734,350,68,295,0,39,215,73,77,90,92,89,1,0,0,0,127,341,460,241,22,298,458,187,66,59,58,60,4.45,-21.67,-35.26,-21.71,14.9,20.1,8.5,11.7,287,13,86.8,1564.4,21,3581,1495,326,345,40,342,302,1,-8.2,38.5,6.4,1169,966,61,-74.19,1926
2007,5504847,NA,37.6553,-122.0567,-9999,13.7,14.7,19.6,19.4,21.7,24.1,24.9,25.5,23.8,20.6,19.2,12.6,2.7,5.9,7.4,7.7,9.8,11.4,13.1,13.4,11.9,9.4,7.7,3.7,8.2,10.3,13.5,13.5,15.8,17.7,19,19.5,17.8,15,13.5,8.2,19,131,11,35,7,1,1,1,4,35,20,74,-52.5,10.1,18.1,21.1,14.8,23.7,32.4,27.5,39.3,17.9,-27.2,-42.8,8,4,1,0,0,0,0,0,0,0,1,8,107,143,249,250,336,381,434,449,385,311,244,106,308,211,152,147,93,49,24,22,52,112,148,303,0,0,6,5,16,42,55,69,47,8,5,0,22,26,30,29,31,30,31,31,30,31,29,25,0,0,0,0,0,0,0,0,0,0,0,1,39.209,44.924,85.544,100.654,126.87,140.347,140.721,131.189,99.704,70.6,49.179,31.983,19.875,0,74.743,65.285,119.862,139.396,140.009,130.379,95.263,35.344,29.044,0,64,72,62,64,64,62,65,64,64,66,64,69,-2.54,8.2,-6.39,-3.7,-7.64,-9.68,-9.79,-10.28,-8.88,-4.06,-5.06,3.54,14.2,20.3,24.8,21.2,4.4,8.3,12.6,9.7,9.3,14.3,18.7,15.4,230,53,2,60,-28.4,18,27.9,10,18,2,0,1,388,834,1264,940,782,392,94,313,0,27,165,60,76,90,92,90,1,0,0,0,119,313,412,219,20,260,410,160,68,63,64,65,9.2,-17.73,-29.75,-18,14.3,19.5,8.2,11.3,339,14,71.7,1400.2,23,3395,1621,253,346,36,344,308,1,-9,37.1,6.9,1064,849,65,-56.29,1760
2007,1176,NA,34.03974,-118.589581,-9999,18.5,20.1,22.8,20.3,21.2,23.2,25.5,26.1,24,23.7,23.1,18,7.9,9.5,11.4,11.3,12.8,14.8,17.3,18,15.7,14.1,12.3,8.2,13.2,14.8,17.1,15.8,17,19,21.4,22.1,19.8,18.9,17.7,13.1,27,34,5,12,1,0,0,1,15,8,16,41,-54.2,12.2,18.2,19,21.3,20.8,38,31.3,41.8,19.1,-27.5,-44.1,2,1,0,0,0,0,0,0,0,0,0,2,241,261,358,319,373,420,508,528,445,430,369,238,159,104,68,90,66,31,8,7,28,39,57,163,7,12,34,17,27,64,112,128,83,54,42,7,31,28,31,30,31,30,31,31,30,31,30,31,0,0,0,0,0,0,0,0,0,0,0,0,53.049,64.221,99.318,99.412,114.012,120.716,128.178,119.591,93.661,80.833,62.627,46.991,26.158,30.386,94.458,87.448,113.154,120.239,128.095,118.411,79.147,72.759,46.751,6.055,67,67,65,72,74,74,75,76,75,71,67,65,-3.88,-3.83,-8.16,-5.66,-6.96,-7.81,-8.76,-8.94,-6.64,-7.64,-7.04,-2.12,19.7,21.4,24.9,23.6,8.9,11.8,16.7,14.1,14.3,16.6,20.8,18.8,82,18,2,38,-28.7,19.5,30,11.1,5,1,0,0,793,1049,1456,1243,381,224,45,124,37,78,303,179,90,92,92,91,0,0,0,0,170,313,368,237,88,295,367,199,66,70,75,71,-9.83,-20.78,-25.51,-21.32,17.5,22.1,13.1,8.9,160,17,172.3,1288.9,6,4489,820,587,365,0,364,364,0,0.7,38.9,8,1089,948,71,-77.44,2723
2007,3904095,NA,34.533002,-117.283871,-9999,14,17.8,24.3,24.9,30.5,35.2,38.5,37.8,31.1,25.7,22.1,13.2,-2.1,1.7,5.6,7.4,11,14.6,19,18.6,12.7,8.1,5,-1.2,5.9,9.8,14.9,16.2,20.8,24.9,28.7,28.2,21.9,16.9,13.5,6,2,11,3,5,1,1,2,3,6,1,10,19,-53.6,15.4,23.2,25.6,11.3,30.4,27.7,29.2,41.2,17.6,-28.3,-43.8,15,5,1,0,0,0,0,0,0,0,1,14,73,144,308,334,486,596,733,717,506,368,257,71,378,227,115,82,20,3,0,0,15,71,146,368,0,0,18,28,100,209,332,316,131,34,9,0,10,18,29,29,31,30,31,31,30,30,26,12,0,0,0,0,0,0,0,0,0,0,0,0,49.078,65.951,118.159,139,191.147,217.815,234.003,211.295,146.296,102.39,68.321,42.953,46.695,55.396,115.451,133.85,190.18,217.087,232.058,208.249,140.75,101.244,58.802,23.849,49,51,46,49,46,45,49,49,49,49,49,47,-4.4,-6.86,-12.06,-11.97,-17.58,-22.9,-26.49,-25.42,-17.23,-12.92,-9.62,-2.4,15.9,26.6,37.1,26.3,-0.5,8,17.4,8.6,7.7,17.3,27.3,17.4,19,9,6,16,-27.3,20,29.1,10.2,30,1,0,1,317,1128,2046,1130,928,217,3,232,0,146,857,174,40,89,92,86,0,0,0,0,165,448,663,317,146,439,657,301,49,47,48,49,-13.66,-41.61,-74.82,-39.78,17.3,28.7,5.9,22.8,63,12,434.8,2348.3,36,4592,1425,1178,306,83,314,232,0,-19.6,45.5,8,1593,1544,49,-169.86,2949
2007,3440200,NA,35.098215,-120.579118,-9999,17.5,18.2,22.3,20.2,20,20.8,21,21.7,20.6,21.2,22.1,16.7,3.1,6.4,7.8,7.6,9,10.6,12.4,12.5,11.7,9.7,8,4.1,10.3,12.3,15.1,13.9,14.5,15.7,16.7,17.1,16.1,15.4,15,10.4,28,61,7,18,2,1,0,3,2,16,6,51,-55,12.8,20.5,22.3,18,23.1,38.7,30.2,40.6,18.7,-28.1,-44.3,5,2,1,0,0,0,0,0,0,0,0,4,155,186,293,262,298,321,363,376,335,324,288,158,244,166,111,137,125,88,60,56,82,102,109,234,0,0,12,5,5,19,20,28,27,7,10,0,23,27,31,29,31,30,31,31,30,31,30,26,0,0,0,0,0,0,0,0,0,0,0,0,53.667,60.558,103.114,109.203,119.796,120.138,115.317,109.736,86.423,78.263,63.562,46.396,25.209,0,95.619,91.002,117.978,119.177,115.275,106.718,84.914,62.593,57.838,0,55,63,57,61,66,69,73,72,72,65,57,57,-4.08,-0.56,-8.45,-5.91,-7.09,-7.28,-6.98,-7.1,-6.76,-6.35,-8.44,-1.24,18.2,20.8,21.2,21.3,4.8,8.2,11.8,9.8,11.5,14.5,16.5,15.5,123,28,4,23,-28.8,20.3,30.7,10.4,10,1,0,1,538,853,1060,946,604,374,204,294,1,22,66,44,78,91,92,90,0,0,0,0,166,332,345,228,44,305,341,205,58,61,71,65,-5.88,-21.45,-21.36,-21.55,14.4,17.1,10.3,6.8,195,7,124.9,2327,13,3358,1514,132,349,34,348,314,0,-8.6,35.5,8.1,1071,895,64,-70.24,1666
2007,3425410,NA,37.898448,-122.313558,-9999,14.2,15.2,20.1,18.9,20.3,21.6,21.3,22.1,21.5,19.8,19.2,13.1,4,7.1,8.4,8.7,10.6,11.9,13.4,13.6,12.4,10.2,8.8,4.9,9.1,11.1,14.2,13.8,15.4,16.7,17.3,17.9,16.9,15,14,9,17,128,9,38,8,1,1,1,4,38,20,75,-52.4,9.6,17.7,19.7,17.5,22,38.6,29.4,39.6,18.3,-27,-42.7,6,3,1,0,0,0,0,0,0,0,1,6,126,159,268,257,326,352,383,399,359,311,257,124,280,196,132,141,101,66,47,43,67,112,135,277,0,0,9,5,13,28,27,38,36,7,5,0,25,28,31,30,31,30,31,31,30,31,30,28,0,0,0,0,0,0,0,0,0,0,0,0,38.468,44.134,85.168,94.449,113.445,119.195,110.454,105.102,84.799,64.886,47.323,31.184,21.105,0,76,56.296,105.035,118.559,109.921,104.581,80.806,27.29,27.534,0,67,74,64,68,70,70,75,74,72,70,67,72,-2.97,7.99,-6.56,-2.8,-6.21,-7.51,-6.81,-7.34,-6.93,-3,-4.8,3.51,14.6,19.8,21.7,20.2,5.6,9.2,12.9,10.5,10.1,14.5,17.3,15.3,220,56,2,61,-28.5,18.3,30,10.3,14,2,0,1,436,850,1133,927,720,374,156,314,0,27,93,48,82,92,92,91,1,0,0,0,116,293,335,197,21,237,333,136,71,67,73,70,8.53,-15.57,-21.67,-14.73,14.2,17.9,9,8.9,340,14,71.3,1267.1,18,3319,1597,168,355,16,352,336,1,-6.4,34.6,7.5,941,727,70,-43.44,1665
2007,231694,NA,36.950879,-122.066217,-9999,14.8,16,20.6,18.8,19.8,21.4,21.3,22,21.6,20.5,20.6,14.5,1.9,5.5,6.3,6.7,8.5,9.7,11.7,11.7,10.3,7.7,5.7,2.7,8.3,10.8,13.4,12.7,14.2,15.5,16.5,16.9,15.9,14.1,13.2,8.6,38,163,23,38,9,2,2,1,13,37,25,69,-53.5,11.5,20,21.7,16.7,23.3,37,29,39.5,17.9,-28.2,-43.7,8,4,1,1,0,0,0,0,0,0,1,7,107,151,244,227,287,316,358,368,329,283,233,114,304,199,154,169,134,92,64,61,87,137,156,288,0,0,4,0,4,17,18,25,26,0,0,0,20,26,29,29,30,30,31,31,30,30,27,23,0,0,0,0,0,0,0,0,0,0,0,0,43.771,51.267,93.682,100.958,118.196,126.476,118.932,113.029,93.404,75.023,57.312,38.718,6.041,0,70.311,62.839,109.691,124.831,116.902,111.961,80.582,38.178,32.758,0,59,66,56,62,65,64,71,69,65,61,55,60,-1.24,10.68,-5.95,-3.22,-6.38,-7.83,-7.14,-7.75,-6.72,-4.19,-5.98,2.05,15.8,19.7,21.5,20.9,3.8,7.2,11.1,7.9,9.8,13.4,16.3,14.4,312,70,5,74,-28.5,19.5,29.7,9.7,16,2,0,1,415,758,1041,845,738,458,217,380,0,9,60,26,72,88,92,87,1,0,0,0,137,313,358,226,6,243,354,152,62,61,68,60,11.49,-15.54,-22.72,-16.88,13.3,16.9,8.3,8.5,419,26,55.7,646.4,22,3016,1845,94,336,54,333,279,1,-10.2,34.8,7.6,1034,754,63,-43.65,1402
2008,2275918,NA,37.42756,-122.17152,-9999,12.7,16,18.6,21.1,23.5,26.9,27.2,28,27.6,25,19.1,13.6,3.7,5.3,5.8,6.4,9.4,11.5,13.1,13,12.2,10.4,8.4,3.5,8.2,10.7,12.2,13.8,16.5,19.2,20.1,20.5,19.9,17.7,13.7,8.6,174,67,8,5,1,1,0,1,1,20,45,64,-51.5,11.4,18.6,23.6,11.5,25.6,28.5,25.8,38.1,16.6,-27,-43.2,8,4,2,0,0,0,0,0,0,0,1,7,109,152,210,257,356,425,469,480,445,393,253,116,307,202,188,141,77,29,14,14,28,56,141,290,0,0,2,6,23,67,81,92,84,37,6,0,25,26,29,28,31,30,31,31,30,31,30,25,2,0,0,0,0,0,0,0,0,0,0,0,35.629,50.609,84.143,113.706,141.175,161.228,159.638,150.528,120.543,88.214,48.324,34.86,0,0,75.816,108.823,140.043,160.612,159.155,149.741,119.488,68.161,3.368,0,70,66,60,56,58,55,59,57,56,57,67,67,13.58,1.09,-6.25,-8.13,-9.66,-12.16,-11.95,-12.74,-12.52,-8.76,-2.28,2.1,14,21.1,27.4,23.9,4.2,7.2,12.5,10.3,9.1,14.1,19.9,17.1,300,14,2,66,-27.7,17.9,26.6,9.2,19,2,0,1,375,823,1374,1091,802,407,57,225,0,31,240,126,75,88,92,91,3,0,0,0,121,339,471,257,0,325,470,191,68,58,57,60,16.77,-24.05,-36.85,-23.56,15.1,20.5,8.2,12.3,388,4,64.6,5029.4,22,3665,1488,398,346,45,347,302,3,-8.2,38.5,6.5,1188,985,61,-67.69,2017
2008,5504847,NA,37.6553,-122.0567,-9999,11.5,14.9,17.7,19.5,21.9,25,25.4,26.3,26.3,23.5,18.5,12.4,3.8,5.1,5.8,6.5,9.8,11.9,13.4,13.5,12.8,11,8.7,3.6,7.6,10,11.7,13,15.8,18.5,19.4,19.9,19.5,17.3,13.6,8,203,74,7,5,1,1,0,1,1,22,63,77,-50.6,10.9,17.9,22.2,14.5,23.9,31.8,27.1,38.7,17.1,-26.7,-42.7,10,5,2,1,0,0,0,0,0,0,1,8,96,137,198,234,337,403,447,462,435,380,250,104,325,220,199,162,92,38,20,18,31,63,144,306,0,0,0,3,17,53,64,78,77,31,6,0,25,25,29,28,31,30,31,31,30,31,30,25,3,0,0,0,0,0,0,0,0,0,0,1,32.113,47.143,79.648,104.232,127.935,145.712,143.927,136.275,111.275,80.037,45.792,31.566,0,0,72.707,99.311,126.439,144.71,143.448,135.309,110.326,57.64,0,0,74,68,62,60,63,61,64,62,60,62,69,70,17.06,2.23,-5.92,-7.09,-8.3,-10.34,-10.21,-10.94,-11.16,-7.16,-0.13,3.99,13,19.7,25.6,22.8,4.2,7.4,12.9,10.8,8.6,13.5,19.3,16.8,351,13,2,86,-27.5,18.2,27.6,9.7,22,3,0,1,339,769,1311,1065,847,453,76,238,0,20,196,113,75,88,92,91,4,0,0,0,111,312,426,237,0,298,423,168,71,62,62,64,23.28,-21.31,-31.49,-18.45,14.5,19.9,7.6,12.3,457,5,53.7,4066.4,26,3482,1618,329,346,42,350,307,4,-9,37.1,7,1086,890,65,-47.97,1862
2008,1176,NA,34.03974,-118.589581,-9999,17.2,19.1,21.9,21.8,20.5,25,24.7,25.4,26.1,26.5,24.3,18,8.5,9.2,10.6,10.9,12.7,15.8,16.9,17.5,17.2,15.6,14,8.9,12.9,14.2,16.2,16.3,16.6,20.4,20.8,21.5,21.6,21.1,19.2,13.4,207,49,4,2,5,1,0,2,1,2,49,83,-53.1,11.8,18.1,20.7,22.4,20.3,38.7,31.4,41.7,18.5,-27.6,-44,2,1,1,0,0,0,0,0,0,0,0,2,231,243,332,334,360,461,490,510,498,496,412,247,168,118,85,79,75,18,10,9,16,19,38,155,6,8,24,22,22,90,98,116,124,100,66,8,31,28,31,30,31,30,31,31,30,31,30,31,0,0,0,0,0,0,0,0,0,0,0,0,47.663,60.916,96.579,111.24,108.121,130.336,123.643,116.414,101.991,91.525,63.594,45.741,0,11.744,92.61,108.767,103.439,129.828,123.562,114.75,100.713,89.58,14.576,0,72,69,65,66,76,73,76,76,73,68,69,69,15.08,-1.73,-7.81,-7.81,-6.06,-8.87,-8.27,-8.48,-9.24,-10.23,-4.14,2.26,18.1,21.4,25,25.6,8.7,11.4,16.7,15.6,13.4,16.4,20.9,20.6,298,11,2,52,-28.4,20.4,30.1,10.9,6,1,0,0,712,1026,1461,1406,450,238,37,73,21,68,304,290,90,92,92,91,0,0,0,0,156,316,370,257,18,305,368,205,70,69,75,70,15.61,-21.69,-25.62,-23.61,17.9,21.6,12.9,8.7,405,8,68.8,2633.1,6,4615,790,684,365,4,365,361,0,0.7,38.9,8.2,1099,896,71,-55.31,2841
2008,3904095,NA,34.533002,-117.283871,-9999,12.8,17.3,21.7,24.7,27,35.6,37.3,37.2,34.4,28.1,21.7,13.6,-0.5,1.5,4.1,6.4,9.8,15.9,18.7,18.4,15,8.8,5.4,-0.8,6.1,9.4,12.9,15.5,18.4,25.8,28,27.8,24.7,18.4,13.5,6.4,40,14,2,1,9,1,6,1,2,1,18,44,-52.7,15.2,22.4,26.2,14.3,28.5,28.6,29.5,40.3,17.1,-28.1,-43.9,15,5,2,0,0,0,0,0,0,0,1,13,76,135,245,315,414,622,711,704,589,416,256,78,372,237,169,96,44,2,0,0,6,45,146,356,0,0,8,22,54,234,310,304,203,56,9,0,14,18,26,28,31,30,31,31,30,30,27,13,1,0,0,0,0,0,0,0,0,0,0,1,44.996,64.415,107.383,139.479,168.535,217.755,224.699,206.751,161.26,112.301,66.509,43.702,5.32,50.768,105.124,138.498,159.412,217.105,218.644,205.745,159.696,111.367,48.751,0,57,51,48,47,51,47,51,50,48,46,51,53,-0.14,-6.06,-10.17,-12.42,-13.04,-23.11,-24.03,-24.55,-21.54,-15.36,-8.33,-0.2,14.4,24.4,36.7,28.1,-0.1,6.7,17.7,9.7,7.2,15.6,27.2,18.9,72,12,8,20,-27.1,21,28.8,9.7,34,2,0,1,282,974,2037,1261,977,309,3,197,0,83,848,269,43,85,92,87,1,0,0,0,152,415,649,340,80,403,641,320,54,49,49,48,-6.4,-35.62,-71.7,-45.23,17.2,28,6.1,21.9,137,18,198.2,1521.5,35,4561,1474,1200,308,90,317,228,1,-19.6,45.5,8.1,1557,1444,50,-158.95,2923
2008,3440200,NA,35.098215,-120.579118,-9999,15.9,18.2,20.1,19.7,19.2,21.9,21,21.8,22.6,24,22.2,16.6,5.3,6.4,6.3,6.4,8.7,11,12.3,13,12.2,11,9.3,4.8,10.6,12.3,13.2,13,13.9,16.4,16.7,17.4,17.4,17.5,15.8,10.7,199,78,6,11,3,1,0,1,1,6,46,41,-53.3,12.8,20,23,19.1,22.6,38.7,30.3,40.4,18.1,-27.9,-44.2,4,2,1,1,0,0,0,0,0,0,0,4,162,188,238,236,280,342,363,385,373,386,309,167,235,165,160,162,140,73,60,50,58,60,93,223,0,0,2,0,2,25,20,31,42,29,16,0,28,27,29,28,30,30,31,31,30,31,30,27,1,0,0,0,0,0,0,0,0,0,0,0,46.581,60.744,95.184,109.126,114.542,126.804,115.293,108.954,96.852,88.248,62.072,45.474,0,0,89.083,98.069,111.524,125.905,115.251,107.749,95.547,81.867,16.445,4.089,66,63,58,59,67,67,73,73,68,61,61,60,14.32,1.04,-7.38,-6.56,-6.47,-7.94,-6.98,-7.25,-8.11,-9.07,-4.19,-2,16.9,19.7,21.6,22.9,5.3,7.1,12.1,10.8,11.1,13.4,16.8,16.9,328,20,2,53,-28.2,20.7,30.5,10.2,11,2,0,0,508,754,1090,1069,633,462,183,211,0,5,76,87,81,88,92,91,1,0,0,0,154,319,351,247,0,299,349,194,63,61,71,63,13.35,-20.41,-22.18,-21.38,14.6,17.5,10.6,6.9,394,6,62.4,2700.6,13,3429,1479,168,353,33,355,322,1,-8.6,35.5,8.3,1071,841,65,-50.61,1743
2008,3425410,NA,37.898448,-122.313558,-9999,11.6,15.5,18.2,19.1,20.7,22.6,21.8,22.9,23.7,22.9,18.5,12.8,5.2,6.2,6.8,7.6,10.6,12.1,13.5,13.6,13.1,11.7,10,4.8,8.4,10.8,12.5,13.3,15.7,17.4,17.7,18.3,18.4,17.3,14.2,8.8,224,75,7,5,2,1,0,1,1,24,60,63,-50,10.4,17.4,21,16.9,22.3,38,28.9,39.3,17.4,-26.3,-42.6,8,4,2,0,0,0,0,0,0,0,1,7,110,153,217,244,332,370,393,412,402,381,266,120,302,197,179,153,96,55,42,36,44,63,128,283,0,0,2,4,15,36,31,45,56,30,8,0,28,27,30,29,31,30,31,31,30,31,30,27,2,0,0,0,0,0,0,0,0,0,0,0,29.9,46.898,79.646,99.215,116.207,125.978,113.395,111.001,95.491,75.274,43.29,30.619,0,0,72.526,93.743,114.482,125.316,113.09,110.386,94.351,51.482,0,0,78,70,64,64,69,68,75,72,68,66,73,73,19.12,2.29,-5.95,-6.5,-7.14,-8.19,-7.11,-7.94,-8.72,-6.23,0,2.44,13.4,19.4,22.4,21.7,5.4,8.3,13.1,11.6,9.4,13.8,17.8,16.7,374,14,2,85,-27.4,18.4,29.7,10.1,18,2,0,1,389,793,1175,1049,775,427,132,235,0,21,112,94,82,90,92,91,3,0,0,0,108,295,350,214,0,281,349,146,74,66,71,69,23.85,-19.59,-23.25,-14.95,14.4,18.4,8.4,10,463,4,52.7,4137.3,21,3401,1575,227,355,22,357,335,3,-6.4,34.6,7.7,967,775,70,-33.93,1758
2008,231694,NA,36.950879,-122.066217,-9999,13.7,16.8,18.8,19,19.6,22.2,21.3,22.4,23.5,23.4,20.1,15,2.9,4.7,5.1,5.6,8.2,9.9,11.8,11.8,10.7,8.9,7.4,2.7,8.3,10.8,11.9,12.3,13.9,16.1,16.5,17.1,17.1,16.1,13.7,8.9,281,114,16,11,2,1,2,1,2,22,61,84,-52.5,12.4,19.5,22.8,16.7,23.5,37.1,28.8,39.1,17.1,-27.7,-43.8,8,4,2,1,0,0,0,0,0,0,1,6,107,151,199,213,279,331,359,375,363,345,250,120,305,199,194,182,142,81,63,57,64,86,142,281,0,0,0,0,3,21,18,27,38,15,4,0,23,25,28,28,30,30,31,31,30,30,29,23,3,0,0,0,0,0,0,0,0,0,0,0,39.899,54.914,87.237,104.488,118.169,132.09,118.266,115.717,102.759,85.028,53.905,39.791,0,0,70.958,93.482,116.012,130.741,116.761,114.425,100.487,63.218,0,0,65,62,58,58,64,63,71,68,62,57,61,62,23.76,5.2,-5.71,-6.27,-6.98,-8.44,-7.14,-8.01,-9.13,-7.57,-1.57,3.23,15,19.1,21.9,22.3,3.5,6.3,11.2,9,9.2,12.7,16.6,15.6,465,29,4,85,-27.9,19.7,29.8,9.5,19,3,0,1,372,692,1065,958,792,517,200,292,0,3,67,56,70,86,92,89,4,0,0,0,134,310,366,242,0,280,362,164,63,60,67,60,32.19,-18.97,-23.6,-18.26,13.6,17.1,8.3,8.8,599,9,39.3,1994.7,22,3093,1794,127,337,60,338,278,4,-10.2,34.8,7.8,1051,806,62,-28.64,1481
2009,2275918,NA,37.42756,-122.17152,-9999,17.2,15.3,17.5,21.1,23.9,24.7,27.1,28,28.1,22.2,18.2,13.4,5.5,5.7,6.1,7.2,10.5,11.7,12.5,13.2,12.9,9.9,6.2,4.1,11.3,10.5,11.8,14.1,17.2,18.2,19.8,20.6,20.5,16.1,12.2,8.8,34,159,71,14,14,1,1,1,7,94,11,73,-54.2,10.7,17.5,22.9,11.6,24.9,28.3,25.8,38,17.5,-27.1,-43,4,4,2,0,0,0,0,0,0,0,1,7,185,148,198,267,378,395,459,483,465,343,207,121,209,206,198,131,63,41,16,13,23,87,181,283,3,0,0,8,31,49,74,94,98,17,0,0,28,26,29,29,31,30,31,31,30,31,28,26,0,0,0,0,0,0,0,0,0,0,0,0,45.61,47.604,78.32,112.013,140.789,144.17,160.45,149.824,122.06,77.215,48.855,33.783,11.832,0,6.889,97.673,126.409,142.984,159.798,148.667,115.008,0,37.355,0,63,69,64,58,60,61,58,57,56,63,62,67,-2.94,10.69,0.79,-7.01,-8.38,-10.01,-11.98,-12.62,-12.28,0.84,-5.61,3.06,15.3,20.8,26.6,22.9,4.9,7.9,12.5,9.7,10.1,14.4,19.5,16.3,257,100,3,113,-28.8,17.3,26.4,9.5,15,3,0,1,448,844,1337,1016,706,393,71,291,3,38,217,115,79,89,92,89,1,0,0,0,128,331,454,248,12,231,451,152,66,61,59,60,10.81,-14.59,-34.61,-17.06,15.1,20.6,8.8,11.8,482,24,52.1,842.5,18,3651,1454,373,350,33,350,317,1,-8.2,38.5,6.1,1162,847,62,-55.45,1977
2009,5504847,NA,37.6553,-122.0567,-9999,15.6,14.2,16.4,19.4,22.2,22.6,25.3,26.1,27,20.8,17.6,12.3,5.1,5.4,5.9,7.2,10.6,11.6,12.8,13.6,13.6,10.3,6.5,4.1,10.3,9.8,11.2,13.3,16.4,17.1,19,19.8,20.3,15.5,12.1,8.2,45,175,81,22,19,3,1,1,8,101,16,83,-53.1,10.2,16.7,21.5,14.6,23.4,31.4,27.3,38.6,18,-26.7,-42.6,5,5,3,1,0,0,0,0,0,0,1,8,161,132,183,242,356,363,435,459,458,328,203,108,242,226,213,155,78,59,23,19,25,99,184,300,1,0,0,4,22,33,56,76,93,13,0,0,28,26,29,29,31,30,31,31,30,31,28,26,0,1,0,0,0,0,0,0,0,0,0,1,41.36,44.141,73.367,101.813,127.549,128.013,145.549,134.407,113.071,69.463,46.309,30.734,0,0,0,79.448,108.433,125.263,144.925,133.15,104.871,0,29.994,0,66,71,66,62,65,67,63,63,61,68,65,71,-1.08,12.79,2.23,-5.1,-6.57,-8.19,-10.31,-10.67,-10.84,2.66,-4.76,4.66,14.1,19.3,24.6,21.8,4.7,7.9,12.7,10.2,9.4,13.6,18.7,16,297,122,5,126,-28.5,17.6,27.4,10,18,3,0,1,397,780,1257,989,774,446,101,308,1,27,165,105,78,89,92,89,1,0,0,0,117,303,408,229,0,188,403,135,70,64,64,65,16.38,-9.45,-29.17,-12.94,14.4,20.3,8.2,12,556,32,44,634.9,22,3427,1623,298,349,32,352,320,2,-9,37.1,6.6,1057,726,66,-35.18,1782
2009,1176,NA,34.03974,-118.589581,-9999,21.9,18.3,19.8,20.2,23,20,25.6,25.3,27.3,22.7,23.3,18.1,11.4,9.1,9.6,10.4,14.8,14,17.1,17,18.2,14.3,12.1,9,16.6,13.7,14.7,15.3,18.9,17,21.4,21.1,22.8,18.5,17.7,13.5,17,127,13,3,1,1,0,1,1,29,5,79,-55.4,11.4,17.2,19.7,20.6,20.4,37.6,31.3,41.6,19.4,-27.6,-44,1,2,1,0,0,0,0,0,0,0,0,2,344,230,287,304,430,359,507,499,531,418,369,251,79,130,119,101,37,62,8,10,11,44,57,152,32,6,12,14,55,31,111,107,151,48,42,9,31,28,31,30,31,30,31,31,30,31,30,31,0,0,0,0,0,0,0,0,0,0,0,0,58.768,57.916,87.579,102.106,118.147,96.273,130.615,118.207,106.063,75.453,63.872,45.748,42.208,0,74.4,99.283,117.441,94.9,130.544,116.948,105.134,46.563,59.264,0,68,71,68,70,75,81,75,75,73,74,66,71,-6.31,6.54,-5.68,-6.77,-7.59,-5.61,-8.97,-8.62,-10,-4.77,-8.42,1.89,19.4,21,23.6,24.5,9.8,11.6,16,14.9,14.6,16.3,19.8,19.7,226,17,3,34,-29.3,19.2,29.8,11.1,4,1,0,0,822,1022,1365,1319,364,258,80,112,47,80,250,241,90,92,92,91,0,0,0,0,162,308,345,245,42,291,342,211,70,71,77,71,2.12,-20.03,-23.19,-23.19,17.6,22.8,13.5,9.2,277,4,99.8,5245,6,4530,811,618,365,0,365,365,0,0.7,38.9,7.7,1061,887,72,-64.3,2765
2009,3904095,NA,34.533002,-117.283871,-9999,17.1,15.6,20.4,23.3,32.1,30.4,39.1,36.9,35.2,25.1,21.1,13.2,1.8,0.9,3.1,5.7,13.1,12.9,19.4,16.8,15.3,7.5,3.3,-1,9.4,8.2,11.7,14.5,22.6,21.6,29.2,26.9,25.3,16.3,12.2,6.1,4,43,5,1,4,3,1,1,1,2,5,32,-54.9,14.8,22.3,25.9,10.4,29.6,27.4,29.3,40,17.7,-28.1,-43.8,6,7,2,0,0,0,0,0,0,0,1,14,150,110,213,285,542,498,748,676,606,351,218,73,270,269,199,122,11,11,0,1,5,82,181,366,2,0,5,16,144,115,347,275,220,28,5,0,20,16,24,28,31,30,31,31,30,30,23,12,0,0,0,0,0,0,0,0,0,0,0,1,55.004,59.516,102.65,132.506,197.866,185.487,237.771,209.516,165.482,100.912,66.503,42.865,51.189,16.161,97.667,131.307,193.974,182.057,236.879,208.356,164.604,99.233,61.254,11.017,53,54,48,49,48,51,49,47,47,49,47,54,-6.91,-1.67,-9.11,-11.29,-18.71,-16.46,-27.52,-24.82,-22.76,-12.5,-9.55,-1.14,15.4,25.3,35.4,27.1,0.6,7.3,16.4,8.7,8,16.3,25.9,17.9,91,10,5,8,-28,19.5,28.8,9.9,26,3,0,1,339,1040,1922,1174,895,332,12,268,2,165,737,253,49,83,92,83,1,0,0,0,158,433,633,333,67,423,627,325,53,48,49,48,-9.72,-39.11,-68.8,-44.81,17,29.2,6.1,23.1,102,10,263.8,2849.3,31,4470,1517,1156,305,83,318,235,1,-19.6,45.5,7.5,1557,1443,50,-162.44,2815
2009,3440200,NA,35.098215,-120.579118,-9999,20.8,17.4,18.6,19.4,20.9,18.5,21.5,21.8,23.8,20.6,21.1,16.2,6,5.9,6.3,6.3,10.7,10.9,12.2,12.1,13.1,10.1,6.8,5.4,13.4,11.7,12.4,12.8,15.8,14.7,16.8,17,18.4,15.3,13.9,10.8,16,113,29,6,12,5,0,1,2,68,4,81,-56.4,12.7,18.8,22.9,18.1,22.3,37.9,30.1,40.3,18.9,-27.9,-44,2,3,2,1,0,0,0,0,0,0,1,4,243,171,215,230,336,290,368,371,403,321,256,171,155,182,181,167,92,112,57,59,43,104,136,220,7,0,0,0,14,12,21,26,57,7,4,0,29,26,29,28,31,30,31,31,30,31,28,29,0,0,0,0,0,0,0,0,0,0,0,0,60.451,58.75,87.677,107.697,119.619,100.691,119.541,112.297,100.53,74.335,61.945,43.622,44.618,0,58.704,101.344,107.462,96.176,119.498,111.119,98.513,6.387,57.819,0,55,63,62,59,69,76,72,70,68,68,56,62,-6.91,4.97,-4.11,-6.86,-6.18,-5.31,-7.34,-7.49,-8.63,-0.55,-8.16,2.34,18.3,19.6,20.6,21.8,5.6,7.7,11.8,10,11.9,13.7,16.2,15.9,171,47,6,74,-29.2,19.9,30.1,10.4,9,2,0,1,582,781,1030,981,560,441,228,284,7,14,59,68,83,89,92,89,0,0,0,0,165,315,333,237,49,268,327,163,60,63,73,64,0.39,-17.15,-20.14,-17.34,14.4,18.4,10.8,7.6,338,20,72.3,926.7,12,3376,1509,148,354,27,355,328,0,-8.6,35.5,7.8,1049,806,65,-54.23,1672
2009,3425410,NA,37.898448,-122.313558,-9999,15.9,14.6,16.9,19,20.5,20.3,21.5,22.6,24.6,20.2,17.8,12.6,6.3,6.6,7.3,8.3,11.2,12.2,12.7,13.7,13.7,11.1,7.7,5.2,11.1,10.6,12.1,13.6,15.9,16.2,17.1,18.1,19.2,15.6,12.8,8.9,36,186,76,25,23,2,0,1,10,99,19,74,-52.9,9.6,15.9,20.2,17.9,21.6,37.6,29.1,39.1,18.3,-26.5,-42.4,4,4,2,0,0,0,0,0,0,0,1,6,177,148,204,252,338,337,375,408,425,331,222,123,215,203,191,145,91,77,52,38,35,97,167,279,2,0,0,5,17,23,24,42,70,12,1,0,30,27,30,30,31,30,31,31,30,31,29,28,0,0,0,0,0,0,0,0,0,0,0,0,40.316,43.031,71.834,96.339,111.754,107.024,115.265,108.276,98.408,64.81,44.622,29.654,4.701,0,0,71.508,88.977,105.119,114.861,107.535,88.5,0,25.959,0,69,74,69,66,71,75,73,73,67,71,68,74,-1.89,13.89,1.89,-4.3,-4.68,-6.34,-7.17,-7.65,-8.34,3.04,-4.28,3.61,14.4,18.8,21.5,20.9,5.9,8.9,12.8,10.8,10.2,13.9,17.2,15.9,284,124,3,127,-28.6,18,29.4,10.3,14,3,0,1,446,795,1119,977,701,426,167,299,2,22,89,83,84,91,92,90,1,0,0,0,114,280,331,208,5,160,328,114,72,69,73,69,15.61,-7.09,-21.15,-9.58,14.3,19.2,8.9,10.2,549,36,44.2,536.3,18,3340,1589,196,358,12,359,346,1,-6.4,34.6,7.3,932,607,71,-22.22,1670
2009,231694,NA,36.950879,-122.066217,-9999,18.7,16,17.7,18.9,20.2,20,21.3,22.6,24,20.4,19.2,14.5,4.6,5.3,5.3,6.3,9.7,10.6,11.6,12,11.7,8.9,5,3.6,11.7,10.6,11.5,12.6,14.9,15.3,16.5,17.3,17.8,14.6,12.1,9.1,57,246,97,22,22,2,2,3,8,123,15,105,-55.5,11.6,18.5,22.1,17,22.6,36.7,28.7,39.1,18.1,-27.7,-43.5,3,4,2,1,0,0,0,0,0,0,1,6,189,149,188,223,310,308,356,382,385,300,203,126,201,202,205,172,114,98,65,52,52,122,183,274,2,0,0,0,9,15,18,30,47,4,0,0,27,26,28,28,31,30,31,31,30,30,26,25,0,1,0,0,0,0,0,0,0,0,0,1,51.592,51.549,81.916,102.358,116.806,113.281,119.924,116.841,102.96,72.373,54.082,37.821,0,0,0,79.909,94.967,111.286,118.211,114.324,94.942,0,38.922,0,57,66,61,61,67,70,70,68,63,65,56,61,-1.66,18.96,3.04,-4.92,-4.99,-6.63,-7.25,-8.03,-8.67,4.84,-6.13,5.64,16.6,18.9,21.3,21.2,4.2,7.1,11.4,8.5,10.4,13,16.4,14.9,388,141,6,147,-29.1,19.2,29.4,9.8,13,3,0,1,458,721,1047,887,683,491,215,357,2,9,63,51,75,87,92,87,1,0,0,0,143,301,350,229,0,175,344,134,61,63,69,61,22.93,-6.88,-21.91,-9.96,13.7,17.8,9.1,8.7,703,36,33.7,493.9,18,3119,1740,125,343,45,343,299,2,-10.2,34.8,7.3,1023,653,64,-15.82,1470
2010,2275918,NA,37.42756,-122.17152,-9999,14.4,16,18.2,18.5,20.8,25.4,25.4,25.7,27.1,22.5,17.4,14.5,6.2,6.9,6.1,6.5,8.1,11.6,12.2,11.6,12.4,10.3,6.1,6.3,10.3,11.4,12.2,12.5,14.4,18.5,18.8,18.6,19.7,16.4,11.7,10.4,167,95,73,88,15,1,0,1,2,40,70,156,-51.8,10.4,18.1,21.5,14.9,24.5,30.7,26.8,38.3,17.5,-26.8,-43,5,3,2,1,0,0,0,0,0,0,1,4,157,167,207,219,295,404,427,422,442,354,192,161,244,188,188,176,127,37,26,32,29,80,193,232,0,0,0,0,6,54,50,51,81,19,0,0,29,28,29,28,30,30,31,31,30,31,28,30,1,0,0,0,0,0,0,0,0,0,0,0,36.969,47.951,81.798,99.01,125.751,149.371,148.749,138.709,117.409,77.639,46.856,33.584,0,0,8.67,11.465,110.336,148.533,148.321,137.274,115.785,37.182,0,0,73,71,62,62,61,59,61,58,57,63,64,69,12.04,4.15,0.52,1.85,-6.47,-10.66,-10.52,-10.86,-11.93,-4.67,0.68,10.96,14.6,19.2,25.5,22.3,5.7,6.9,11.8,9.6,10.2,13,18.6,16,335,176,3,112,-28.2,18.2,27.3,9.7,14,3,0,1,442,721,1254,988,715,491,95,302,0,6,155,100,83,88,92,89,1,0,0,0,119,307,437,242,0,130,434,153,71,62,60,61,27.15,-4.09,-32.04,-15.92,14.6,19.7,10.3,9.4,709,20,34.7,1000.2,16,3446,1552,261,355,32,354,322,2,-8.2,38.5,6.7,1104,718,64,-24.9,1783
2010,5504847,NA,37.6553,-122.0567,-9999,13,14.9,17,16.6,18.5,23.3,23.7,23.8,25.6,21.3,17.1,13.8,5.9,6.9,6,6.5,8.1,11.8,12.4,11.8,13.1,11,6.5,6.7,9.5,10.9,11.5,11.6,13.3,17.5,18,17.8,19.3,16.1,11.8,10.2,191,102,88,112,21,1,0,2,1,44,88,182,-50.8,9.6,17.1,19.9,18.6,22.7,33.7,28,39,17.9,-26.5,-42.6,6,4,2,1,0,0,0,0,0,0,1,4,137,155,189,192,260,376,404,397,429,346,194,157,268,195,205,202,159,52,36,43,33,85,191,238,0,0,0,0,1,39,37,37,72,17,0,0,29,27,29,28,30,30,31,31,30,31,28,30,1,0,0,0,0,0,0,0,0,0,0,1,32.881,43.894,75.706,87.855,109.812,133.02,134.651,124.891,106.58,70.507,44.797,30.884,0,0,0,0,89.244,131.894,134.186,123.363,105.19,26.638,0,0,77,74,65,68,67,65,66,64,63,68,66,73,15.18,5.44,2.68,5.33,-4.51,-8.89,-9.07,-9.25,-10.38,-3.31,2.7,13.89,13.4,17.4,23.6,21.3,5.7,6.8,12,10.2,9.5,12.1,17.8,15.8,377,220,3,133,-27.9,18.5,28.1,10.1,17,3,0,1,398,641,1178,969,764,566,131,310,0,1,113,89,83,88,92,89,2,1,0,0,108,273,393,222,0,89,389,132,74,67,65,66,34.5,3.5,-27.21,-10.99,14,19.3,9.5,9.8,832,25,28.8,770.2,19,3236,1709,203,356,28,357,329,3,-9,37.1,7.2,995,611,68,-0.19,1604
2010,1176,NA,34.03974,-118.589581,-9999,20.1,18.9,20.3,17.7,19.6,21.3,22.5,24.1,25.5,21.3,20.8,18.9,10.2,10.1,10,9.7,11.7,14.4,15.9,16,16.3,14.6,11.2,10.6,15.1,14.5,15.2,13.7,15.6,17.9,19.2,20.1,20.9,18,16,14.8,148,129,16,46,4,1,0,1,1,34,35,226,-54.6,11.1,17.3,18.1,22.8,20.4,40.9,31.5,41.7,19.8,-26.8,-44,1,1,1,0,0,0,0,0,0,0,0,1,296,251,299,258,331,386,442,467,476,402,318,287,111,110,108,142,96,46,21,17,20,52,87,120,17,9,14,4,13,44,60,82,107,37,19,16,31,28,31,30,31,30,31,31,30,31,30,31,0,0,0,0,0,0,0,0,0,0,0,0,54.607,58.227,89.309,87.903,105.785,106.086,108.772,113.017,101.481,66.299,56.277,45.536,0,0,73.226,41.625,102.132,105.417,108.677,111.826,100.513,32.408,21.562,0,69,72,68,75,75,79,80,76,73,79,70,71,7.82,6.58,-5.63,-1.02,-5.87,-6.48,-6.85,-7.96,-9.07,-3.09,-3.78,16.44,19,19.2,22.7,22.6,9.7,10.5,15.5,14.1,14.4,14.9,19.1,18.3,356,66,2,70,-29.2,19.4,31,11.6,4,1,0,0,795,888,1294,1196,374,346,84,159,34,30,186,163,90,92,92,91,0,0,0,0,159,283,328,224,0,217,326,154,71,73,78,74,30.84,-12.51,-21.28,-15.93,16.8,20.9,13.7,7.2,640,7,41.8,3177.8,5,4211,931,422,365,0,365,365,0,0.7,38.9,8.2,994,697,74,-18.89,2447
2010,3904095,NA,34.533002,-117.283871,-9999,14.8,15.9,19.8,21.1,25.8,33.4,37.3,36.2,34.5,24.4,18.2,15.5,0.4,2.2,3.3,4.5,8.2,14.3,18.2,16.5,14,8.7,2.4,2.1,7.6,9,11.6,12.8,17,23.9,27.8,26.4,24.3,16.6,10.3,8.8,68,47,22,18,2,1,1,4,1,16,8,101,-53.8,14.2,21.7,25.4,15,29,28.4,29.5,40.2,18,-27.3,-44.1,10,6,2,1,0,0,0,0,0,0,2,7,105,126,206,234,373,565,704,661,576,359,165,130,325,247,203,167,66,4,0,1,7,76,232,283,0,0,4,7,34,179,303,260,190,29,0,0,16,19,24,26,30,30,31,31,30,30,21,21,1,0,0,0,0,0,0,0,0,0,0,1,49.859,59.39,99.699,122.104,163.678,204.72,226.646,205.51,163.681,96.047,58.686,46.349,0,12.603,77.66,103.973,161.844,204.114,225.457,201.108,162.777,79.816,50.904,0,54,57,50,50,49,48,50,48,45,54,52,54,1.32,-1.68,-6.94,-8.06,-12.96,-20.31,-24.81,-23.53,-22.08,-10.07,-7.37,4.01,14.7,22.3,35.6,25.7,0.5,5.4,16.4,8.4,7.6,13.8,26,17,146,42,6,25,-27.9,20.7,29,10.3,29,3,0,2,303,813,1929,1101,938,437,6,315,0,44,742,220,48,81,92,81,2,0,0,0,152,385,637,318,24,343,631,293,55,50,48,50,3.66,-27.96,-68.66,-39.52,16.3,27.8,7.6,20.1,288,9,91.4,3107.2,27,4205,1613,1006,310,97,320,223,2,-19.6,45.5,8,1493,1291,51,-132.48,2546
2010,3440200,NA,35.098215,-120.579118,-9999,17.9,17.4,18.9,16.8,18,19.6,19,19.8,22.4,20.1,19.5,16.9,7.3,7.1,6.2,6.6,8,10.7,11.5,11.5,11.8,11.2,6.9,7.3,12.6,12.2,12.6,11.7,13,15.2,15.2,15.6,17.1,15.7,13.2,12.1,158,92,21,64,6,1,0,1,1,43,51,219,-54.1,11.8,19.2,20.3,20.3,22.3,41.1,30.8,40.4,19.2,-27.3,-43.9,2,2,2,1,0,0,0,0,0,0,1,3,216,183,216,198,252,304,318,331,363,331,233,202,176,167,178,198,167,101,95,88,64,97,155,191,3,0,0,0,0,14,9,14,37,8,0,0,31,28,29,29,30,30,31,31,30,31,29,31,0,0,0,0,0,0,0,0,0,0,0,0,49.907,56.343,89.416,91.557,108.708,110.131,102.669,100.256,96.605,68.964,56.653,42.79,0,0,68.386,27.582,102.843,109.24,102.609,99.257,95.489,26.435,5.299,0,67,68,60,67,68,72,76,74,68,72,61,66,9.44,3.16,-5.12,0.54,-5.64,-6.41,-5.87,-6.31,-8.06,-2.42,-2.29,16.2,17.2,17.9,19.4,20.6,6.6,6.9,11.2,10,11.9,12.4,15.3,15.3,331,91,2,95,-28.7,19.9,31.4,10.8,9,3,0,1,567,666,953,927,563,542,284,316,3,0,38,45,87,88,92,89,1,0,0,0,150,290,313,222,0,199,311,127,67,65,74,67,28.8,-10.21,-18.59,-12.77,13.8,17.1,11.7,5.4,657,9,36.3,1913.8,11,3147,1676,87,359,20,360,340,1,-8.6,35.5,8.3,975,637,69,-12.77,1478
2010,3425410,NA,37.898448,-122.313558,-9999,13,15.3,17.4,16.3,17.4,21,19.9,20.3,23.3,20.6,17.4,13.9,7.1,8,7.1,7.6,8.9,12.3,12.6,12,13.4,11.6,7.9,7.9,10,11.6,12.2,11.9,13.1,16.6,16.2,16.2,18.4,16.1,12.7,10.9,208,106,90,118,22,1,0,1,3,55,82,172,-50.1,9.1,16.5,18.4,21,21.2,40.4,29.9,39.4,18.3,-26.3,-42.3,5,3,2,1,0,0,0,0,0,0,1,4,149,169,207,201,256,348,349,348,401,344,218,172,251,183,187,192,163,69,70,75,45,87,169,218,0,0,0,0,0,27,16,18,55,15,0,0,31,28,30,29,31,30,31,31,30,31,29,31,1,0,0,0,0,0,0,0,0,0,0,0,30.141,42.844,74.83,82.189,98.688,112.215,102.412,98.81,92.128,64.98,43.325,28.675,0,0,0,0,76.921,111.193,102.11,97.897,89.508,9.977,0,0,81,76,67,72,73,73,77,74,70,72,70,75,17.01,5.87,2.92,6.45,-3.48,-6.88,-6.09,-6.52,-8.13,-1.4,2.31,13.21,13.6,17,20.4,20.4,6.8,7.8,12.3,11,10.2,12.4,16.3,15.7,387,230,2,140,-27.7,18.6,30.5,10.5,14,3,0,1,439,665,1045,963,713,541,214,300,0,0,61,70,87,90,92,90,2,0,0,0,103,256,313,200,0,77,311,99,77,71,75,71,36.09,5.9,-19.49,-7.23,13.8,18.4,10,8.3,858,27,27.8,689.3,16,3163,1707,132,362,8,362,354,2,-6.4,34.6,8,872,488,74,15.27,1516
2010,231694,NA,36.950879,-122.066217,-9999,15.7,16.5,18.7,16.7,17.5,20.6,19.5,20.4,23.1,20.5,18,15.3,5.5,6.3,5.4,5.9,7.5,10.3,11.1,10.6,11,9.2,5,5.6,10.6,11.4,12,11.3,12.5,15.4,15.3,15.5,17.1,14.9,11.5,10.4,277,170,107,147,27,2,1,2,3,47,115,195,-53.1,11.3,19.1,20.6,19.6,22.4,39.5,29.5,39.3,18.1,-27.2,-43.5,4,3,2,1,0,0,0,0,0,0,1,4,162,162,200,186,237,313,320,327,362,307,182,158,233,190,191,209,181,95,93,90,65,116,200,232,0,0,0,0,0,16,10,13,37,4,0,0,28,27,28,28,30,30,31,31,30,31,26,29,1,0,0,1,0,0,0,0,0,0,1,1,42.396,51.638,86.16,90.66,105.568,118.165,107.201,106.046,99.766,72.39,50.561,37.398,0,0,0,0,78.967,115.884,105.937,103.607,96.342,24.927,0,0,67,67,59,66,68,68,74,70,63,65,59,65,22.19,11.31,3.53,8.73,-3.38,-7.02,-6.15,-6.8,-8.6,-2.79,4.61,14.33,15.6,17.6,20.1,20.5,5.1,6.3,10.7,8.4,10.4,11.9,15.4,14.5,553,280,6,166,-28.4,19.8,30.4,10.1,13,3,0,2,447,623,960,850,697,581,278,380,0,0,40,41,80,86,92,87,2,1,0,1,132,282,331,223,0,79,325,121,66,64,71,63,47.84,8.88,-19.97,-6.78,13.2,17.1,10.4,6.6,1094,36,21.2,473.6,16,2915,1895,80,348,43,346,303,3,-10.2,34.8,8,968,526,66,29.97,1294
2011,2275918,NA,37.42756,-122.17152,-9999,15.6,15.5,16.5,19.4,20.5,23.6,25.8,25.7,27.3,23.7,16.3,15.5,5.4,4.5,6.9,7.4,8.2,11,12.6,12.4,13.1,11,5.7,3.3,10.5,10,11.7,13.4,14.4,17.3,19.2,19,20.2,17.3,11,9.4,48,165,192,19,25,22,1,2,2,77,70,13,-53,11.7,16,21.4,15.4,24.1,30.4,27,38.3,17.1,-26.3,-43.8,4,5,2,0,0,0,0,0,0,0,2,6,162,136,196,246,293,369,440,435,455,382,173,136,238,220,199,151,128,55,22,27,25,62,212,264,0,0,0,4,6,36,59,59,91,31,0,0,28,24,30,29,30,30,31,31,30,31,27,24,0,1,0,0,0,0,0,0,0,0,0,0,41.314,50.32,71.784,101.928,123.608,137.923,150.037,136.148,116.73,81.413,44.113,39.515,0,0,0,83.024,98.457,115.908,149.142,134.301,114.975,4.892,0,26.486,67,65,69,63,62,62,61,61,59,62,66,73,-0.68,10.95,13.62,-5.38,-5.29,-7.17,-10.67,-10.56,-11.87,-1.82,1.2,-4.26,15.2,18.8,25,22.4,5.4,7.5,12,9.9,10.3,13.2,18.5,16.2,369,236,25,148,-28.4,17.6,27.2,9.7,13,3,0,2,460,735,1243,1010,691,479,104,299,0,11,153,122,82,89,92,88,1,0,0,0,125,297,424,242,0,181,399,120,68,65,61,62,6.01,2.95,-28.4,-12.49,14.4,20.2,9.4,10.8,635,52,38.5,391,19,3422,1604,286,346,42,352,310,2,-8.2,38.5,6.5,1089,701,63,-31.93,1776
2011,5504847,NA,37.6553,-122.0567,-9999,13.9,14.5,15.5,17.7,18.6,21.4,23.9,24,26.3,22.2,15.8,14.5,4.9,4.3,6.8,7.4,8.3,11.1,12.8,12.7,13.8,11.5,6,3.6,9.4,9.4,11.1,12.5,13.4,16.3,18.4,18.3,20.1,16.9,10.9,9,62,193,231,23,32,39,1,2,2,85,91,17,-51.9,11.2,15.1,19.9,18.7,22.5,33.8,28.2,38.9,17.7,-26,-43.4,6,5,3,1,0,0,0,0,0,0,2,6,137,122,180,220,264,338,414,414,452,368,171,127,270,237,215,175,155,76,31,35,26,71,213,276,0,0,0,1,2,23,42,46,88,25,0,0,27,24,30,29,30,30,31,31,30,31,28,25,0,1,0,0,0,0,0,0,0,0,1,0,37.012,47.128,66.467,91.263,109.549,120.751,134.262,122.439,108.918,73.182,41.853,36.444,0,0,0,68.091,77.739,81.615,133.447,120.545,107.308,0,0,19.097,71,67,72,67,68,68,67,66,63,67,68,77,1.68,14.36,18.04,-3.9,-3.38,-3.79,-9.04,-9.02,-10.83,0.31,3.66,-3.19,14.1,17.2,23.1,21.5,5.3,7.5,12.2,10.4,9.7,12.4,17.7,15.9,437,286,42,178,-28.1,17.9,28.2,10.2,16,3,0,2,417,665,1166,991,746,545,142,310,0,3,112,113,82,89,92,89,2,0,0,1,115,267,377,224,0,146,336,107,71,69,67,66,12.85,10.76,-21.85,-6.85,13.8,20.1,9,11,779,75,30.6,266.6,23,3207,1781,228,346,39,354,315,3,-9,37.1,7.1,984,589,67,-5.1,1599
2011,1176,NA,34.03974,-118.589581,-9999,20.6,17.8,19.4,19.9,19.5,20.2,23.3,25.4,24.9,24.3,20.3,19.3,10.6,7.6,10.1,11.6,11.7,13.3,16.1,16.9,16.3,14.9,10.7,8.5,15.6,12.7,14.7,15.7,15.6,16.7,19.7,21.1,20.6,19.6,15.5,13.9,77,143,145,4,18,3,0,2,3,23,71,52,-54.7,12,16.4,18.3,22.9,20.4,40,31.3,41.7,19,-26.6,-44.4,1,2,1,0,0,0,0,0,0,0,0,2,312,201,286,316,331,351,455,500,468,451,304,262,100,156,120,92,96,67,17,10,22,31,99,142,22,3,11,16,13,28,71,107,100,68,15,11,31,28,31,30,31,30,31,31,30,31,30,31,0,0,0,0,0,0,0,0,0,0,0,0,55.433,58.799,83.608,95.193,105.419,102.309,114.666,119.34,97.381,82.08,55.084,50.468,0,0,0,90.867,87.458,99.766,114.551,117.351,94.446,58.671,0,0,69,68,71,74,75,78,78,75,74,71,70,74,0.43,8.14,7.97,-6.04,-4.41,-5.86,-7.36,-8.65,-8.34,-6.4,0.13,-1.71,19.1,19.6,22.9,23.2,9.6,11.1,15.4,14,14.4,15.3,19.2,18.6,446,168,5,97,-29,19.2,30.6,11.4,5,1,0,0,801,933,1306,1223,376,308,94,152,41,41,206,183,90,92,92,91,0,0,0,0,160,284,336,235,0,178,332,153,70,73,77,72,6.86,-2.48,-21.87,-14.61,16.8,21.1,12.7,8.4,542,26,49.4,827.2,6,4236,952,465,365,0,365,365,0,0.7,38.9,8,1015,663,73,-32.1,2473
2011,3904095,NA,34.533002,-117.283871,-9999,15.8,15.1,19.8,23.1,25.5,32.1,35.9,37.7,34.3,27.8,18,14.6,0.8,-0.1,4,6.6,8.4,13.1,17.4,17.4,14.8,9.3,1.9,-1.3,8.3,7.5,11.9,14.8,16.9,22.6,26.6,27.6,24.6,18.6,10,6.6,15,35,32,2,8,2,12,8,13,9,21,20,-54.3,15.1,21.2,25.1,15.4,28.6,29.2,29.1,40.3,17.2,-27.3,-44.2,8,9,2,0,0,0,0,0,0,0,2,12,121,93,214,294,371,528,669,697,585,419,158,82,305,291,196,113,68,7,1,0,6,43,242,350,0,0,4,16,34,143,268,297,199,58,0,0,17,13,26,29,30,30,31,31,30,31,20,11,0,0,0,0,0,0,0,0,0,0,0,0,52.046,58.715,98.519,129.592,161.182,198.199,218.031,214.049,161.197,110.396,58.676,46.403,37.166,23.418,66.146,127.721,153.189,195.88,206.253,206.333,148.491,101.43,38.027,26.304,53,52,52,51,50,48,50,47,47,48,51,58,-4.65,-2.02,-5.73,-10.82,-12,-18.78,-21.81,-25.34,-20.38,-14.11,-6.06,-3.13,15.4,22.8,35.2,26.7,0.9,6.3,16,8.6,8.2,14.5,25.6,17.7,151,42,22,42,-27.8,20.6,29,10.1,24,2,0,2,345,879,1894,1163,879,377,9,291,0,54,708,257,51,85,92,80,1,0,0,0,157,389,630,330,61,347,608,288,55,51,48,49,-9.8,-28.55,-65.93,-40.55,16.3,27.6,6.6,20.9,177,43,149,648.4,34,4231,1622,1019,299,93,321,228,1,-19.6,45.5,8,1507,1304,50,-144.83,2614
2011,3440200,NA,35.098215,-120.579118,-9999,19.5,16.6,17.6,19,17.7,17.8,19.4,20.3,22.3,22.1,19.2,18.5,6.4,4.6,7.3,7.9,8.1,10.6,12.4,12.1,12.7,10.8,6.9,3.1,12.9,10.6,12.5,13.4,12.9,14.2,15.9,16.2,17.5,16.5,13.1,10.8,70,128,149,15,32,17,0,1,5,44,88,23,-55.5,13,17.1,21,20.8,22,41.2,30.7,40.5,18.6,-27.2,-44.9,2,4,2,0,0,0,0,0,0,0,1,4,228,147,215,248,248,277,340,348,375,357,230,168,167,203,180,151,170,123,78,75,58,78,158,222,5,0,0,2,0,9,14,19,42,17,0,0,30,25,30,29,30,30,31,31,30,31,29,24,0,0,0,0,0,0,0,0,0,0,0,0,56.037,57.598,80.343,100.898,106.505,96.544,101.707,101.184,92.857,79.967,55.729,51.926,0,0,0,86.03,74.989,79.284,101.656,100.245,88.346,36.374,0,28.516,60,62,67,65,69,77,78,75,71,66,62,70,-0.54,6.68,8.76,-5.36,-2.89,-3.7,-5.89,-6.46,-7.34,-3.92,1.56,-5.2,17.6,18.1,19.2,21.2,6.1,7.7,11.7,10.2,11.9,12.9,15.5,15.7,417,196,18,136,-29.1,19.6,31.3,10.6,9,2,0,1,579,711,964,961,561,501,275,294,7,2,42,60,85,90,92,90,1,0,0,0,156,288,299,229,0,161,281,125,64,67,76,66,0.94,0.51,-16.05,-9.7,13.9,17.5,10.6,6.9,572,54,41.8,322.1,13,3179,1663,109,349,34,354,319,1,-8.6,35.5,8.1,972,567,67,-24.3,1508
2011,3425410,NA,37.898448,-122.313558,-9999,14.2,14.9,15.8,17.3,17.5,19.1,20.2,20.4,23.8,21.6,15.9,15,5.9,5.4,7.9,8.4,9.1,11.7,13,12.9,14,12.1,7.2,5,10.1,10.2,11.8,12.9,13.3,15.4,16.6,16.7,18.9,16.9,11.6,10,64,196,219,28,30,29,1,1,3,85,89,20,-51.7,10.6,14.4,18.5,21.2,21.1,40.2,30.1,39.4,18,-25.7,-43.3,5,4,2,1,0,0,0,0,0,0,1,5,150,138,196,230,261,311,361,362,416,368,186,149,250,215,197,166,158,96,61,65,38,71,197,246,0,0,0,2,1,16,19,23,64,24,0,0,29,26,31,30,31,30,31,31,30,31,29,28,0,1,0,0,0,0,0,0,0,0,0,0,35.935,46.374,64.75,85.359,98,99.907,103.114,95.564,92.788,68.213,40.004,35.793,0,0,0,57.401,67.785,70.632,102.504,94.411,89.786,0,0,16.263,73,69,74,72,73,77,77,76,70,71,72,80,1.79,14.52,16.95,-2.9,-2.6,-2.97,-6.16,-6.29,-8.26,1.05,3.69,-3.27,14.4,16.9,19.9,20.4,6.4,8.5,12.5,11.1,10.4,12.7,16.2,15.8,433,278,31,177,-28.2,18,30.5,10.5,13,3,0,1,460,687,1034,970,683,521,222,306,0,3,58,88,86,91,92,90,1,0,0,0,111,248,299,201,0,125,268,90,74,73,77,71,13.05,11.46,-15.42,-3.52,13.7,18.9,10,8.9,766,64,30.9,293.7,18,3128,1760,149,355,16,361,345,2,-6.4,34.6,7.7,859,483,73,5.57,1496
2011,231694,NA,36.950879,-122.066217,-9999,17.1,16,16.9,17.7,17.1,19,20,20.3,22.8,22.2,17.3,16.6,4.8,3.8,6.3,6.7,7.3,9.9,11.6,11.3,11.8,9.8,4.7,2.2,11,9.9,11.6,12.2,12.2,14.5,15.8,15.8,17.3,16,11,9.4,85,251,263,28,49,35,2,3,3,105,113,20,-54.4,12.6,16.9,20.7,20.1,22.2,39.1,29.7,39.4,17.6,-26.9,-44.4,4,5,2,1,0,0,0,0,0,0,2,6,171,131,190,211,228,283,336,336,369,341,170,133,223,222,202,184,189,118,81,84,61,89,212,264,0,0,0,0,0,10,13,15,40,13,0,0,27,23,29,29,30,30,31,31,30,31,26,21,0,1,0,0,0,0,0,0,0,0,1,0,47.201,53.69,75.929,94.47,103.375,107.881,108.748,102.89,96.188,78.461,48.904,44.049,0,0,0,66.754,54.265,72.9,106.64,99.897,93.386,0,0,24.131,61,61,66,65,69,72,74,72,66,62,60,69,2.15,19.2,20.33,-3.57,-0.93,-2.81,-6.24,-6.5,-8.23,1.94,4.79,-4.35,16.1,17.3,19.8,20.8,4.7,6.8,11,8.7,10.4,12,15.4,14.7,532,340,40,221,-28.7,19.3,30.4,10,13,3,0,2,462,629,955,880,678,575,282,362,0,0,39,53,79,88,92,86,2,1,0,1,138,274,320,224,0,121,279,93,64,67,72,63,17,15.83,-15.55,-1.5,13.1,17.3,9.4,7.9,958,92,24.1,188,19,2900,1928,92,337,56,344,287,3,-10.2,34.8,7.7,955,494,65,15.77,1291
2012,2275918,NA,37.42756,-122.17152,-9999,16.7,16.9,16.7,20.8,23.9,25.9,26.2,27.5,26.1,24.1,18.5,14,4.7,5.1,5.8,8.1,9.2,10.8,12.1,12.7,11.4,10.6,7.9,4.8,10.7,11,11.3,14.5,16.5,18.4,19.2,20.1,18.8,17.4,13.2,9.4,116,46,165,82,4,6,1,1,2,40,101,181,-54.1,12.1,17.2,21.9,10.9,26,29.3,26,38.5,16.9,-26.9,-43.1,4,3,3,0,0,0,0,0,0,0,1,6,168,158,184,277,359,400,440,468,413,384,236,135,231,199,211,123,76,39,22,16,40,61,155,265,1,0,0,9,23,52,59,83,62,31,3,0,27,25,29,30,31,30,31,31,30,31,29,27,0,0,0,0,0,0,0,0,0,0,0,1,45.245,53.774,75.523,107.946,144.064,155.98,155.389,147.993,114.303,83.949,47.515,34.246,0,7.752,0,25.532,140.134,150.424,154.45,147.288,112.611,44.221,0,0,62,63,65,61,56,56,59,57,57,60,67,61,5.38,-1.6,10.49,0.24,-9.71,-10.93,-11.26,-12.34,-11.28,-5.96,3.48,13.53,16.4,20.5,26.6,22.9,4.4,7.7,11.9,10,10.4,14.1,19.2,16.5,175,251,7,142,-28.4,16.6,27.1,9.5,13,3,0,1,462,819,1308,1033,695,410,77,255,1,32,194,97,76,89,92,90,1,0,0,0,139,328,459,246,34,166,452,157,62,61,57,61,17.31,1.02,-34.54,-13.75,15,20.1,9.4,10.7,743,13,33.7,1568.2,17,3622,1438,324,351,30,351,321,1,-8.2,38.5,6.2,1171,809,61,-29.96,1941
2012,5504847,NA,37.6553,-122.0567,-9999,15.7,15.9,15.6,19.1,22.1,23.8,24.5,25.9,25,22.7,17.9,13,4.6,5.2,5.7,8.2,9.5,10.9,12.4,13.3,12.2,11.2,8.2,5,10.1,10.6,10.6,13.6,15.8,17.4,18.5,19.6,18.6,17,13.1,9,135,59,199,108,6,9,1,1,2,44,128,200,-53.4,11.4,16.2,20.3,14,24.3,32.4,27.3,39,17.5,-26.5,-42.7,5,4,3,0,0,0,0,0,0,0,1,6,154,149,166,252,337,371,417,452,408,371,231,125,248,203,231,145,92,55,30,21,41,69,159,277,0,0,0,5,16,37,44,71,59,26,2,0,27,26,29,30,31,30,31,31,30,31,30,28,1,0,0,0,0,0,0,0,0,0,0,1,42.219,50.277,69.791,97.271,130.568,139.665,140.866,134.459,106.099,75.926,44.829,31.346,0,0,0,0,124.938,131.052,139.925,133.513,104.562,32.282,0,0,64,66,68,66,62,61,64,63,62,65,69,65,7.76,0.15,14.49,3.86,-8.15,-8.79,-9.7,-10.67,-10.19,-4.29,6.6,16.02,15.4,18.9,24.7,21.9,4.5,7.8,12.2,10.5,9.9,13.3,18.5,16.2,211,312,11,173,-28.2,16.8,28,10,15,4,0,1,429,755,1240,1010,728,468,105,269,0,21,151,88,77,89,92,91,1,0,0,0,129,298,415,227,19,125,404,137,65,65,63,65,23.93,10.2,-29.17,-7.89,14.5,19.6,9,10.6,890,18,27.5,1108.2,20,3433,1571,261,351,26,354,329,2,-9,37.1,6.6,1068,685,65,-2.92,1772
2012,1176,NA,34.03974,-118.589581,-9999,22.2,19.8,19.3,20.7,22.1,22.2,23.3,26.8,27.5,24.6,22.3,17.7,11.1,8.9,9,11.3,13.5,14.4,15.5,19.1,18.6,15.8,12.7,9.4,16.6,14.3,14.2,16,17.8,18.3,19.4,23,23,20.2,17.5,13.6,75,28,91,55,3,1,0,2,2,9,39,64,-55.7,12.4,17.3,19.3,20.7,20.8,39.3,31.3,41.6,19.1,-27.1,-43.8,1,1,1,0,0,0,0,0,0,0,0,2,344,248,271,324,397,397,446,557,540,469,364,253,79,114,134,86,52,41,20,4,10,26,60,151,32,9,9,19,37,50,63,156,157,81,40,10,31,28,31,30,31,30,31,31,30,31,30,31,0,0,0,0,0,0,0,0,0,0,0,0,60.316,64.301,86.553,101.818,117.118,113.624,119.2,119.077,105.502,80.085,58.744,43.824,0,36.387,0,46.678,114.428,112.944,119.087,117.323,103.645,71.584,20.213,0,66,66,68,71,74,76,76,77,74,74,71,66,-0.73,-4.39,2.23,-1.59,-7.13,-7.1,-7.66,-9.03,-9.9,-7.71,-4.03,0.69,20.4,20.7,24.1,24.8,9.5,11.3,16.3,15.7,15,16,20.2,20.3,155,148,3,49,-29,19.1,30.5,11.2,4,1,0,0,855,992,1400,1373,336,272,65,95,53,65,270,279,90,92,92,91,0,0,0,0,175,305,352,244,36,161,349,195,66,71,76,73,-4.43,-6.49,-23.78,-21.64,17.8,23,13.6,9.5,367,7,75.8,3246.5,5,4610,777,664,365,0,365,365,0,0.7,38.9,7.9,1077,742,72,-56.35,2838
2012,3904095,NA,34.533002,-117.283871,-9999,18.5,17.6,20.5,25.1,30.6,34.4,36.7,38.2,35.1,28,21.2,14.5,1.5,1.3,3.1,6.9,11.7,14.7,17.6,20.1,16.5,9.8,4.5,0.4,10,9.4,11.8,16,21.2,24.5,27.1,29.1,25.8,18.9,12.8,7.4,14,20,27,14,2,1,9,14,6,4,4,27,-55.8,15.5,22.3,26.1,11.4,29.7,28.7,29.3,40.3,17.2,-28.1,-44,5,5,2,0,0,0,0,0,0,0,1,10,163,136,213,330,498,585,685,745,621,430,235,99,253,236,198,85,18,3,0,0,4,39,165,325,2,0,4,26,109,199,284,345,235,64,6,0,19,17,24,29,31,30,31,31,30,31,25,16,0,0,0,0,0,0,0,0,0,0,0,0,59.296,65.674,103.053,141.269,190.126,211.912,223.875,209.204,161.733,110.113,65.915,44.959,45.552,46.042,76.485,126.904,188.591,211.278,214.502,195.476,156.089,105.755,61.863,17.706,48,50,48,48,48,47,49,52,50,49,50,50,-7.2,-5.73,-7.02,-11.39,-17.42,-21.74,-23.28,-24.25,-21.52,-14.55,-9.53,-2.47,16.9,25.4,36.4,28.1,0.5,7.2,17.4,10.3,8.7,16.3,26.9,19.2,53,42,24,14,-28.1,20,29.2,9.8,22,2,0,1,382,1041,2015,1286,838,301,4,208,2,139,827,305,47,84,92,86,0,0,0,0,171,434,645,338,118,392,621,324,49,48,49,50,-15.4,-35.83,-69.26,-45.59,17.8,29.1,7.4,21.7,141,31,197.7,942.2,23,4740,1326,1274,314,78,325,247,1,-19.6,45.5,7.7,1589,1455,49,-166.08,3033
2012,3440200,NA,35.098215,-120.579118,-9999,20.3,19.3,18.7,19.4,20.3,20.4,19.5,23.1,23,22.8,21.3,16.5,4.8,5.8,6.2,8.4,9.1,10.5,11.8,13.5,12.7,11.4,9,6.5,12.5,12.5,12.4,13.9,14.7,15.5,15.7,18.3,17.9,17.1,15.1,11.5,93,13,97,86,2,1,0,1,2,16,42,94,-56.4,13.8,19,20.8,17.6,23.3,40.5,29.8,40.4,18.4,-27.6,-43.9,3,2,2,0,0,0,0,0,0,0,0,3,217,194,213,262,304,314,332,413,387,376,291,186,177,159,181,137,119,93,84,36,51,66,107,207,4,1,0,5,6,17,12,45,48,24,10,0,27,26,29,30,31,30,31,31,30,31,30,30,0,0,0,0,0,0,0,0,0,0,0,0,60.444,65.282,88.128,101.986,121.749,117.703,105.835,116.572,97.604,81.813,59.525,42.793,0,52.038,0,15.692,119.603,116.863,105.775,115.444,95.886,66.118,17.566,0,53,58,61,66,65,69,76,71,69,65,62,53,0.8,-6.2,2.63,1.63,-7.25,-7.06,-6.15,-8.08,-8.23,-7.07,-3.96,3.68,19.4,19.5,21,22.4,4.5,7.9,11.9,11,11.9,13.7,16.5,16.7,129,185,2,59,-28.8,19.1,31.2,10.4,9,2,0,0,578,780,1059,1053,559,438,213,224,5,11,74,83,77,89,92,91,0,0,0,0,178,312,340,239,81,135,338,180,55,64,72,65,-1.72,-2.99,-21.29,-19.26,14.8,18.3,11.5,6.8,446,6,55.5,3105.4,11,3487,1418,173,356,18,360,342,1,-8.6,35.5,8,1069,734,65,-45.26,1778
2012,3425410,NA,37.898448,-122.313558,-9999,15.8,16.4,15.8,18.7,20.9,21.4,20.9,22.2,22.4,22.1,18.1,13.5,5.8,6.5,6.9,9.2,10.2,11.4,12.5,13.3,12.2,12,9.5,6.1,10.8,11.5,11.3,13.9,15.5,16.4,16.7,17.7,17.3,17,13.8,9.8,149,66,208,108,6,6,1,1,2,50,133,179,-53,10.8,15.3,19,16.2,22.7,38.4,29.2,39.4,17.8,-26.2,-42.6,4,3,3,0,0,0,0,0,0,0,1,5,168,165,182,261,328,342,364,395,370,372,250,143,227,188,210,137,99,73,60,45,60,68,140,252,0,0,0,6,13,25,20,36,40,25,3,0,29,27,30,30,31,30,31,31,30,31,30,30,1,0,0,0,0,0,0,0,0,0,0,1,40.587,49.551,67.457,91.418,119.112,119.516,111.572,107.2,90.744,70.809,42.642,30.699,0,0,0,0,112.945,113.979,110.836,106.616,89.223,20.727,0,0,68,68,71,70,67,69,74,73,69,69,73,68,9.42,0.94,15.6,4.44,-6.94,-7.01,-6.79,-7.51,-7.93,-2.86,7.4,13.66,15.8,18.4,21.5,20.9,5.8,8.7,12.4,11.2,10.8,13.6,17,16,235,322,7,184,-28.3,16.8,30.1,10.3,12,3,0,1,481,771,1101,993,660,445,177,268,0,19,81,68,84,91,92,91,1,0,0,0,126,278,338,204,16,113,331,110,68,69,72,70,24.01,13.1,-21.31,-3.39,14.3,17.7,9.8,7.9,907,15,26.8,1218.8,16,3341,1557,168,359,7,361,354,2,-6.4,34.6,7.3,946,571,71,12.42,1669
2012,231694,NA,36.950879,-122.066217,-9999,17.7,17.6,17.5,18.9,20,21.2,20.1,22.1,22.1,22.3,19.6,14.8,3.7,4.6,5.2,7.4,8.2,9.5,11.1,11.7,10.3,9.5,6.8,4.3,10.7,11.1,11.4,13.1,14.1,15.3,15.6,16.9,16.2,15.9,13.2,9.5,182,62,207,140,10,11,2,1,3,39,147,256,-55,13,18.4,21.1,16.2,23.7,38.3,28.9,39.4,17.6,-27.6,-43.5,4,3,3,1,0,0,0,0,0,0,1,5,165,156,183,238,285,309,329,370,336,338,232,136,230,198,209,159,136,97,86,60,81,91,156,260,0,0,0,2,4,16,11,25,28,12,0,0,25,24,28,29,30,30,31,31,30,31,28,27,1,0,0,0,0,0,0,0,0,0,0,1,49.891,57.586,81.171,99.201,120.365,125.91,112.55,114.221,96.306,79.183,53.116,37.603,0,0,0,0,110.596,114.798,110.051,112.945,93.098,40.129,0,0,56,59,61,64,64,64,72,68,64,61,60,55,11.22,-0.45,14.18,7.15,-6.44,-6.81,-6.47,-7.85,-8.07,-4.81,7.21,20.59,17.3,18.8,21.1,21.3,3.5,6.9,10.8,8.9,10.4,12.9,15.9,15.1,264,357,15,189,-28.5,18.6,30.3,9.8,13,3,0,1,454,706,1009,907,691,504,243,328,0,6,52,40,71,87,92,89,1,0,0,0,152,301,353,229,24,111,338,133,57,63,68,62,31.35,14.89,-21.13,-5.67,13.6,16.9,9.5,7.4,1062,28,22.2,607.3,17,3079,1762,98,344,41,343,302,2,-10.2,34.8,7.5,1034,606,63,19.46,1430
2013,2275918,NA,37.42756,-122.17152,-9999,14.8,16.7,19.8,23.2,24.4,26.9,27.1,26.5,26.5,23.5,19.3,16.4,3.6,4.5,7.2,8.7,10.2,12.2,13,13,12.2,8.8,7,3.3,9.2,10.6,13.5,15.9,17.3,19.5,20,19.7,19.4,16.2,13.1,9.9,20,20,30,26,4,4,1,2,14,2,35,31,-53,12.4,18.5,23.2,10.6,25.6,28.7,26.7,38.5,16.9,-27.4,-44.1,6,4,1,0,0,0,0,0,0,0,1,5,131,149,249,320,381,436,466,457,430,346,233,148,277,204,152,87,62,25,15,19,33,85,157,250,0,0,6,19,31,74,79,75,73,17,3,0,25,24,30,30,31,30,31,31,30,30,29,24,0,0,0,0,0,0,0,0,0,0,0,0,41.348,54.14,87.385,120.761,145.007,158.292,158.428,140.074,114.296,84.791,50.931,41.713,20.914,33.835,57.202,94.753,141.077,154.051,157.919,138.04,100.297,82.417,15.676,10.356,64,61,61,57,58,57,59,60,58,56,62,70,-3.06,-4.21,-4.57,-7.06,-9.89,-11.49,-11.79,-11.14,-10.13,-9.72,-3.73,-3.11,15.2,22.5,26.8,23.1,4.3,8.7,12.8,9.3,9.7,15.6,19.8,16.2,221,60,7,52,-28.3,17.5,27,9.3,16,2,0,1,415,949,1359,1010,746,301,59,276,0,56,227,93,76,91,92,89,1,0,0,0,130,353,457,250,55,293,450,198,65,58,59,59,-10.38,-21.52,-34.42,-23.58,15.4,20,9.2,10.8,191,25,133,811.2,18,3746,1366,377,345,40,341,302,1,-8.2,38.5,6.4,1190,996,59,-89.89,2074
2013,5504847,NA,37.6553,-122.0567,-9999,13.4,15.7,18.9,21.7,22.4,24.8,25.3,24.6,24.5,22.3,18.8,15.3,3.2,4.4,7.2,9.1,10.5,12.6,13.4,13.2,12.8,9.5,7.4,3.4,8.3,10,13.1,15.4,16.4,18.7,19.3,18.9,18.7,15.9,13.1,9.4,33,23,35,39,7,8,0,2,16,1,56,35,-52.1,11.8,17.7,21.7,14.2,23.7,31.9,28,39.2,17.3,-27.1,-43.7,8,5,2,0,0,0,0,0,0,0,1,6,109,137,235,304,356,410,445,432,410,338,233,135,305,219,164,99,78,35,20,28,41,91,158,265,0,0,4,15,22,58,62,57,61,15,3,0,24,24,30,30,31,30,31,31,30,31,29,25,0,0,0,0,0,0,0,0,0,0,0,0,37.617,50.686,82.512,110.645,129.364,140.996,143.361,125.166,101.397,77.626,48.648,38.554,4.216,27.509,47.553,72.108,122.769,133.216,142.876,122.985,85.333,76.917,0,3.573,67,64,63,62,64,64,64,66,65,61,64,73,-0.9,-3.44,-3.56,-4.65,-8,-9.19,-10.14,-9.38,-8.07,-8.75,-1.29,-1.99,14,21,24.9,21.9,4.2,8.9,13.1,9.9,9.1,15,19,15.9,257,80,10,73,-28,17.9,27.9,9.8,19,2,0,1,371,895,1286,981,801,341,83,289,0,42,177,79,75,91,92,90,1,0,0,0,120,323,410,228,32,242,399,162,68,63,65,64,-6.33,-16.21,-28.71,-18.11,14.8,19.3,8.3,11.1,255,33,97,584.2,21,3544,1503,297,345,37,344,306,2,-9,37.1,6.9,1079,835,64,-69.35,1897
2013,1176,NA,34.03974,-118.589581,-9999,19.1,19.6,22,21.6,23,23.8,24.5,24.8,26,23.1,22.5,21,8.2,8,11.3,12,14.5,16,17.4,17.3,17.3,13.5,12.9,9.8,13.6,13.8,16.6,16.8,18.7,19.9,21,21.1,21.7,18.3,17.7,15.4,41,13,24,6,11,1,0,1,1,5,24,20,-54.6,12.8,17.6,19.4,20.3,20.7,39.5,31.5,41.7,19.1,-27.1,-44.7,2,2,1,0,0,0,0,0,0,0,0,1,253,232,343,348,425,447,495,497,499,412,368,305,148,127,77,69,39,22,10,11,16,47,57,106,9,6,28,26,51,81,102,105,125,43,41,21,31,28,31,30,31,30,31,31,30,31,30,31,0,0,0,0,0,0,0,0,0,0,0,0,54.832,64.965,95.087,105.539,119.827,118.968,118.192,112.395,101.327,80.077,59.11,53.858,13.629,51.542,71.096,99.545,108.791,118.418,118.013,110.959,100.479,74.715,34.951,33.533,66,64,67,70,74,76,79,77,74,71,70,74,-2.8,-5.9,-5.67,-6.96,-6.66,-7.81,-7.86,-8.06,-9.21,-7.71,-5.55,-5.72,18.8,22.2,24.4,23.9,8.5,12.6,16.9,14.5,13.7,17.4,20.6,19.2,119,41,2,30,-28.8,19.1,30.6,11.2,5,1,0,0,736,1117,1439,1278,426,185,42,120,24,105,289,209,90,92,92,91,0,0,0,0,164,320,350,241,65,279,347,210,68,71,77,72,-14.42,-19.29,-23.72,-22.48,17.9,21.7,13.6,8,149,14,187.8,1542.6,5,4624,729,639,365,3,360,358,0,0.7,38.9,8,1074,902,71,-79.91,2850
2013,3904095,NA,34.533002,-117.283871,-9999,13.6,16.8,23.6,25.9,29.1,35.6,37.3,36.1,33.1,24.9,19.3,15.4,-1.3,0.4,6.4,8.2,11.6,16,19.9,17.7,15.2,7,4.1,0.2,6.2,8.6,15,17,20.3,25.8,28.6,26.9,24.1,16,11.7,7.8,13,19,11,1,4,1,6,8,5,3,20,6,-53.3,15.6,22.2,25.7,12.9,28.5,29,29.7,40.8,17.7,-27.5,-44.3,14,7,1,0,0,0,0,0,0,0,1,9,77,117,309,360,473,623,730,677,572,340,203,108,371,259,114,65,24,2,0,1,7,90,193,314,0,0,18,36,91,235,329,276,186,25,3,0,12,15,29,30,31,30,31,31,30,29,25,15,0,0,0,0,0,0,0,0,0,0,0,0,47.775,63.708,113.65,143.241,178.748,217.225,220.318,200.506,152.877,100.557,60.45,47.512,34.397,44.615,102.856,142.033,175.068,216.504,214.787,192.921,148.28,97.276,40.048,41.856,52,50,50,49,51,48,54,51,51,48,54,55,-3.19,-4.99,-10.45,-13.09,-15.32,-23.02,-23.49,-22.36,-19.2,-12.24,-6.54,-5.27,15,26.2,36.3,25.8,-0.2,8.7,17.9,8.8,7.4,17.5,27.1,17.3,60,16,14,28,-27.3,20.3,29.1,10.4,31,1,0,1,294,1142,2029,1115,955,202,3,290,0,145,840,214,42,90,92,84,1,0,0,0,156,436,638,314,97,420,624,286,52,50,51,51,-13.45,-38.86,-68.86,-37.98,17.3,28.6,6.2,22.4,96,22,284.9,1293.8,32,4588,1439,1200,308,82,312,230,1,-19.6,45.5,8.1,1544,1426,51,-159.15,2938
2013,3440200,NA,35.098215,-120.579118,-9999,17.9,18.3,21.4,21.7,21.3,22,21.6,21.4,22.6,21.2,21.7,20.3,4,4.5,7.7,8.6,9.9,12.3,13.1,12.6,12.3,8.7,7.6,3.8,10.9,11.4,14.6,15.1,15.6,17.1,17.4,17,17.5,15,14.7,12,38,20,22,5,4,1,0,1,1,14,26,6,-55,14,19.9,22.7,16.8,23.4,38.4,30.4,40.4,18.5,-28,-45.3,4,3,1,0,0,0,0,0,0,0,0,3,171,165,278,298,330,363,384,372,374,310,276,202,223,188,124,106,97,59,47,58,58,114,118,192,0,0,9,11,12,33,27,26,42,4,6,1,26,24,31,30,31,30,31,31,30,30,29,25,0,0,0,0,0,0,0,0,0,0,0,0,53.961,63.626,98.719,115.891,125.824,121.871,116.911,107.132,96.609,80.583,63.008,56.194,15.889,43.795,76.317,111.042,121.429,120.626,116.855,106.177,95.697,66.853,36.539,50.149,57,57,59,60,65,70,74,73,68,62,57,68,-3.2,-5.2,-6.32,-8.08,-7.48,-7.57,-7.2,-7.06,-8.13,-6.84,-6.21,-8.01,17.5,21.5,21.7,21.9,5,8.7,12.7,9.5,11.3,15.1,17.2,15.7,151,32,2,41,-28.8,19.8,30.7,10.3,10,1,0,1,521,906,1119,960,619,327,164,290,0,32,87,52,80,91,92,89,0,0,0,0,160,340,346,240,60,309,344,199,61,61,72,62,-16.41,-21.87,-21.83,-21.18,14.9,17.5,10.9,6.5,139,8,178.8,2307.6,12,3522,1385,173,348,35,343,307,0,-8.6,35.5,8,1087,911,63,-81.3,1816
2013,3425410,NA,37.898448,-122.313558,-9999,13.8,16.4,19.1,21.2,21.3,22.3,21.5,21.2,22.4,21.8,19.1,15.7,4.3,5.5,8.1,10.1,11.3,12.9,13.4,13.5,13.3,10.2,8.5,4.6,9.1,11,13.6,15.7,16.3,17.6,17.4,17.3,17.9,16,13.8,10.1,37,29,37,46,9,9,0,1,21,1,63,32,-52,11.4,17.1,20.4,16.6,22.2,38.3,29.9,39.5,17.5,-27,-43.7,7,3,1,0,0,0,0,0,0,0,1,5,125,155,250,312,350,379,386,383,386,341,251,153,281,193,148,93,82,50,46,52,52,89,140,242,0,0,6,17,20,40,28,31,48,14,4,0,26,26,31,30,31,30,31,31,30,31,30,27,0,0,0,0,0,0,0,0,0,0,0,0,37.086,51.125,80.919,104.431,117.688,120.027,112,97.958,86.776,73.664,47.269,37.906,0.497,22.507,44.231,58.551,108.718,111.459,111.692,96.553,65.897,72.615,0,6.212,69,65,66,66,69,71,75,76,72,65,67,75,-0.81,-3.03,-3.23,-3.23,-6.62,-6.91,-6.97,-6.56,-5.59,-8.09,-0.44,-2.49,14.6,20.5,21.7,21.1,5.3,9.8,13.3,10.7,9.9,15.2,17.5,15.9,244,92,10,85,-28.1,18,30.1,10,15,2,0,1,424,912,1148,978,726,323,147,281,0,42,99,66,82,92,92,91,1,0,0,0,119,303,330,208,23,211,320,139,70,67,74,68,-6.33,-13.07,-20.44,-14.12,14.6,17.9,9.1,8.8,284,40,86.8,445,17,3470,1467,207,354,21,351,330,1,-6.4,34.6,7.5,960,693,69,-53.97,1805
2013,231694,NA,36.950879,-122.066217,-9999,15.7,17.2,20,20.8,20.8,22.2,21.1,21.4,23,21.2,19.9,17.6,3,3.7,6.4,7.6,9.2,10.9,12,11.9,11.1,7.4,5.8,2.3,9.4,10.4,13.2,14.2,15,16.5,16.6,16.6,17.1,14.3,12.8,9.9,34,32,42,27,4,5,2,3,18,12,40,42,-53.9,13.2,19.4,22.5,15.6,23.5,37.6,29.3,39.3,17.6,-27.9,-44.6,6,4,1,0,0,0,0,0,0,0,1,5,131,142,236,270,312,345,359,362,362,290,222,146,272,208,160,129,112,71,63,65,65,130,165,248,0,0,3,7,9,26,19,23,37,1,0,0,23,23,29,29,31,30,31,31,30,30,27,21,0,0,0,0,0,0,0,0,0,0,0,0,45.238,57.291,90.825,110.412,122.924,127.932,115.862,107.8,98.944,78.63,55.167,46.26,10.957,24.805,48.553,83.287,119.075,122.522,114.035,104.715,80.972,66.283,15.475,3.861,60,58,58,60,64,66,72,71,64,58,57,66,-2.27,-3.37,-3.65,-5.44,-7.34,-7.7,-6.92,-7.03,-7.04,-7.24,-3.95,-2.87,15.9,20.6,21.5,21.4,3.7,7.7,11.6,8.1,9.8,14.1,16.6,14.7,323,73,10,70,-28.4,19.2,30.2,9.7,15,2,0,1,410,818,1066,875,740,401,199,360,0,19,67,38,73,89,92,87,1,0,0,0,140,324,352,233,36,251,341,163,61,61,70,60,-8.51,-16.44,-21.65,-18.23,13.8,17.1,9.4,7.7,263,32,90.7,530.8,18,3179,1688,124,335,53,333,280,2,-10.2,34.8,7.7,1049,791,62,-64.83,1529
2014,2275918,NA,37.42756,-122.17152,-9999,19.9,17.1,20.5,22.3,25.3,26.8,28.2,27.4,26.8,25.9,19.5,15.9,6.6,7,8.5,8.6,10.8,11.7,14.1,13.6,13.5,11.8,8.4,7.9,13.2,12,14.5,15.5,18,19.2,21.2,20.5,20.2,18.9,14,11.9,10,123,76,57,3,1,1,1,16,18,59,240,-55.8,11,18,22.7,9.7,25.7,27.6,26.3,38.5,16.5,-27.2,-43.2,2,3,1,0,0,0,0,0,0,0,1,3,239,181,277,307,403,426,502,482,454,429,257,198,159,172,125,97,49,29,9,13,26,39,135,196,8,1,10,15,40,68,107,93,90,54,5,3,30,28,31,30,31,30,31,31,30,31,30,31,0,0,0,0,0,0,0,0,0,0,0,0,51.761,51.603,88.022,116.06,149.34,159.227,163.704,144.485,113.186,89.628,49.823,35.034,41.915,0,11.584,59.021,146.326,158.058,162.489,143.172,97.625,71.697,0,0,59,68,63,59,57,56,59,60,61,58,65,59,-6.77,6.36,-0.11,-3.33,-10.56,-11.87,-12.53,-11.89,-9.93,-9.4,-1.2,18.95,17.8,22.7,27.5,24.1,5.6,9.3,13.2,11.2,11.7,16,20.3,17.7,164,136,4,92,-29.3,16.8,26.6,9.3,10,1,0,1,566,987,1409,1140,581,272,51,200,9,66,268,150,82,92,92,91,0,0,0,0,145,353,467,253,52,217,464,169,62,60,58,62,18.55,-14,-36.3,-20.53,16.6,21.2,11.9,9.3,605,22,43.9,951.6,9,4154,1050,496,363,6,363,357,0,-8.2,38.5,5.8,1219,902,62,-52.28,2432
2014,5504847,NA,37.6553,-122.0567,-9999,18.8,16.2,19.4,20.7,23.3,24.9,26.1,25.3,25.4,24.5,18.8,15.1,6.4,7,8.5,8.8,11,12,14.5,14,14,12.5,8.8,8.1,12.6,11.6,13.9,14.7,17.2,18.5,20.3,19.7,19.7,18.5,13.8,11.6,12,149,93,76,3,2,1,2,15,17,66,271,-55.1,10.4,17,21.2,13.1,24,31.6,27.8,39.1,17,-26.8,-42.7,2,3,1,0,0,0,0,0,0,0,1,3,219,169,259,285,377,403,474,454,440,417,252,189,177,185,141,116,64,38,13,20,30,44,139,204,5,0,7,10,29,54,85,73,80,47,4,2,30,28,31,30,31,30,31,31,30,31,30,31,0,0,0,0,0,0,0,0,0,0,0,0,48.531,48.122,81.602,105.64,134.406,144.258,144.977,127.57,102.768,81.387,46.595,31.886,36.812,0,0,29.584,131.389,142.664,143.9,125.785,87.518,64.679,0,0,61,71,66,63,63,62,66,66,66,64,69,62,-5.99,9.45,2.28,-0.27,-8.95,-10.13,-10.4,-9.8,-8.5,-8.13,0,22.51,16.8,21.1,25.5,22.9,5.6,9.4,13.5,11.7,11.2,15.3,19.5,17.3,196,172,4,98,-29.1,17.1,27.8,9.8,11,1,0,1,520,921,1331,1110,626,320,71,213,5,46,211,131,82,92,92,91,0,0,0,0,135,322,417,231,40,161,412,152,65,64,64,66,25.97,-6.94,-30.33,-16.63,16,20.3,11.6,8.7,706,23,36.8,892.5,11,3938,1169,396,363,4,365,361,1,-9,37.1,6.4,1104,766,66,-27.93,2225
2014,1176,NA,34.03974,-118.589581,-9999,23.8,21.8,22.2,22.4,23.7,23.7,25.1,25.1,26.8,26.4,23.9,19.2,12.6,11.1,12.2,12.3,15.2,15.3,18.1,17.7,18.6,16.6,13.8,11.1,18.2,16.5,17.2,17.4,19.5,19.5,21.6,21.4,22.7,21.5,18.8,15.1,3,116,44,14,2,1,0,5,1,2,31,145,-56.3,12.2,17.1,19.9,19.8,20.7,39.4,31.6,41.7,18.7,-27.5,-44,1,1,0,0,0,0,0,0,0,0,0,1,389,306,359,365,447,434,513,508,530,509,401,298,53,71,66,59,31,26,7,9,11,17,42,112,53,25,34,33,64,73,116,114,150,109,58,19,31,28,31,30,31,30,31,31,30,31,30,31,0,0,0,0,0,0,0,0,0,0,0,0,63.282,67.901,93.637,110.28,122.314,121.619,118.971,111.742,100.994,87.992,62.476,45.532,59.865,0,49.659,96.396,120.175,121.111,118.886,106.722,100.188,85.571,31.579,0,66,67,69,69,74,75,79,78,75,71,69,66,-8.72,3.55,-3.57,-6.71,-7.88,-7.96,-8.04,-7.71,-9.39,-9.71,-5.68,8.34,22.2,22.8,24.6,25.7,11.2,13.2,17,16.3,16.7,18,20.8,21,139,60,6,34,-29.4,18.9,30.5,11,2,1,0,0,1000,1171,1455,1439,230,157,42,70,99,130,303,317,90,92,92,91,0,0,0,0,185,326,352,251,93,266,347,217,66,71,77,72,3.18,-18.16,-23.71,-24.78,19.1,22.7,15.1,7.6,364,9,80,2653,3,5059,505,847,365,2,365,363,0,0.7,38.9,7.8,1115,924,72,-63.48,3278
2014,3904095,NA,34.533002,-117.283871,-9999,20.2,20.8,22.2,25.3,29.4,34.8,37.7,35.5,33.7,29.3,21.2,14.4,3.4,4.5,5.9,7.8,12.1,15.6,19.5,17.4,15.8,10.9,5,2.4,11.8,12.7,14,16.6,20.8,25.2,28.6,26.5,24.8,20.1,13.1,8.4,1,18,24,8,5,1,5,13,12,1,12,48,-56.5,15.3,21.6,25.6,12.7,28.2,28.5,29.9,40.7,17,-28,-43.8,3,2,1,0,0,0,0,0,0,0,1,7,206,211,278,345,487,605,730,663,591,466,243,120,197,156,138,74,20,3,0,1,6,27,157,296,5,5,12,30,99,218,329,263,205,88,7,0,24,24,29,29,31,30,31,31,30,31,26,22,0,0,0,0,0,0,0,0,0,0,0,0,62.53,73.187,107.235,140.529,179.919,212.127,225.902,197.166,154.736,114.34,65.589,43.19,61.363,54.978,83.145,132.152,174.956,211.341,220.859,184.426,142.83,113.439,53.843,0,50,51,52,50,51,48,52,51,51,49,51,52,-9.25,-7.78,-8,-11.91,-15.44,-21.92,-24.58,-21.06,-19.03,-16.06,-8.69,-0.45,18.8,25.6,36,28.1,2.7,8.6,17.5,10.6,10.7,17.1,26.8,19.3,25,37,19,25,-28.4,20,28.9,9.9,14,1,0,1,524,1109,1998,1301,667,232,4,189,10,141,810,300,64,89,92,87,0,0,0,0,183,428,635,335,158,390,617,310,51,51,50,50,-17.48,-35.35,-67.56,-43.77,18.5,28.6,8.4,20.2,148,35,192.8,807.8,15,4946,1074,1261,339,54,337,284,0,-19.6,45.5,7.6,1581,1475,51,-164.16,3186
2014,3440200,NA,35.098215,-120.579118,-9999,23.6,19.6,21.1,20.9,21.5,21.1,22,21.4,22.6,24.2,22.3,18.2,6.6,7.8,8.5,8.8,10.5,11.3,14.2,13.5,13.6,12.2,9.1,8.2,15.1,13.7,14.8,14.9,16,16.2,18.1,17.4,18.1,18.2,15.7,13.2,6,85,47,36,3,1,0,1,1,9,41,159,-58.1,12.7,19,21.8,17,22.9,38.9,30.6,40.5,18.2,-28,-44.2,1,2,1,0,0,0,0,0,0,0,0,2,290,225,283,290,342,335,407,386,393,408,305,235,112,129,118,112,88,77,35,50,48,49,95,161,15,4,9,9,15,23,38,32,51,38,13,5,30,28,31,30,31,30,31,31,30,31,30,31,0,0,0,0,0,0,0,0,0,0,0,0,68.43,63.436,95.343,110.347,124.886,119.537,114.288,103.739,91.808,86.492,62.641,45.39,62.198,0,48.837,74.133,122.378,118.573,114.235,102.765,90.335,77.335,21.548,0,50,63,62,63,66,70,76,75,72,64,60,50,-9.9,1.19,-3.48,-4.31,-7.63,-7.28,-7.11,-6.84,-7.61,-8.6,-4.76,9.57,21.2,21.2,21.5,23,6.1,9.3,13,11.6,13.6,15.2,17.3,17.3,97,85,2,52,-29.8,19.3,30.8,10.2,6,1,0,0,715,916,1129,1106,434,318,162,192,20,33,93,102,83,92,92,91,0,0,0,0,188,331,338,241,112,245,336,189,55,64,74,65,0.86,-15.42,-21.22,-20.97,15.9,18.2,13.2,5,389,6,66.8,3042.2,6,3899,1074,252,363,2,365,363,0,-8.6,35.5,7.6,1097,882,66,-56.75,2163
2014,3425410,NA,37.898448,-122.313558,-9999,19,16.5,19.7,20.3,22.1,22.5,22.3,21.7,22.9,23.9,19,15.4,7.4,8.2,9.6,9.8,11.7,12.3,14.6,14.2,14.4,13.2,10,9.5,13.2,12.4,14.7,15.1,16.9,17.4,18.4,18,18.6,18.5,14.5,12.5,15,179,94,85,4,1,1,1,17,18,67,250,-54.9,9.7,16.2,19.8,15.5,22.4,38.1,29.8,39.6,17.3,-26.5,-42.4,2,2,1,0,0,0,0,0,0,0,0,2,234,186,278,294,370,372,417,403,409,419,271,214,160,164,122,107,68,54,30,40,41,43,122,181,6,0,10,12,26,37,44,40,60,47,6,3,31,28,31,30,31,30,31,31,30,31,30,31,0,0,0,0,0,0,0,0,0,0,0,0,47.349,46.534,79.759,99.348,122.416,124.099,112.777,98.877,86.137,76.061,44.698,29.841,32.723,0,0,13.991,118.568,123.053,111.951,97.401,68.83,58.359,0,0,64,73,69,68,68,69,76,77,74,68,72,64,-5.54,12.59,2.53,1.31,-7.63,-7.99,-7.13,-6.72,-6,-7.15,0.36,20.68,17.1,20.7,22.2,21.9,6.7,10.4,13.7,12.5,11.9,15.5,18,17.2,225,183,3,102,-29.2,17.2,30.1,10.1,9,1,0,1,570,942,1192,1099,565,297,124,206,6,47,121,112,86,92,92,91,0,0,0,0,132,302,336,207,39,133,332,127,67,68,74,71,27.73,-3.79,-21.85,-12.78,15.9,18.6,12.4,6.3,732,25,35.3,761,9,3867,1132,290,365,0,365,365,1,-6.4,34.6,7.1,976,631,71,-10.68,2151
2014,231694,NA,36.950879,-122.066217,-9999,21,17.6,20.9,20.3,21.6,21.8,22.4,22.2,23,24.2,20.5,16.6,5.9,6.3,7.7,7.9,9.8,10.4,13.1,12.6,12.3,10.4,7.4,7.3,13.4,12,14.3,14.1,15.7,16.1,17.7,17.4,17.6,17.3,13.9,11.9,18,191,103,83,7,2,4,2,26,34,145,337,-56.7,12,19.1,21.8,14.9,23.6,36.4,29.1,39.4,17.1,-27.8,-43.6,2,3,1,0,0,0,0,0,0,0,1,3,241,174,266,267,333,331,395,386,379,381,253,195,154,175,132,132,95,81,40,50,55,62,136,194,7,0,7,6,13,21,32,32,44,27,1,0,29,27,31,29,31,30,31,31,30,31,29,31,0,0,0,0,0,0,0,0,0,0,0,0,56.758,55.526,92.436,106.518,126.438,127.04,121.386,111.254,95.399,85.718,55.089,38.545,38.925,0,0,23.573,119.323,124.669,117.281,109.657,69.868,52.071,0,0,54,64,60,62,64,65,72,71,67,59,60,53,-6.88,12.7,2.18,0.58,-7.41,-7.87,-7.3,-7.6,-5.9,-6.63,6.52,28.13,18.7,20.9,22.1,22.5,4.8,8.4,12,10,11.8,14.7,17.1,16.3,251,194,8,204,-29.5,18.6,29.7,9.6,9,1,0,1,558,866,1112,1013,576,359,171,254,7,26,85,72,77,91,92,90,0,0,0,0,159,325,360,236,43,143,352,122,57,62,69,62,33.95,-4.65,-22.77,-6.01,15.1,17.7,11.9,5.8,951,41,26.4,435.3,10,3600,1307,190,359,12,357,345,1,-10.2,34.8,7.1,1080,659,64,0.51,1899
2015,2275918,NA,37.42756,-122.17152,-9999,18.6,20.1,22.6,21.9,20.8,27.2,27.5,28.2,28.6,26.3,17.2,13.9,6.2,8.7,8.8,8.1,9.3,12.8,13.9,14.1,13.7,12.7,5.7,4.5,12.4,14.4,15.7,15,15.1,20,20.7,21.2,21.1,19.5,11.5,9.2,4,71,21,44,7,3,1,2,2,7,57,112,-54.9,11.7,19.4,22.8,15.7,23.4,28.6,26,38,16.5,-26.7,-43.1,3,1,1,0,0,0,0,0,0,0,1,6,217,249,317,293,315,450,487,501,484,447,185,131,182,114,95,109,110,21,11,10,19,33,200,271,5,10,21,13,11,83,96,108,113,68,0,0,29,28,31,29,31,30,31,31,30,31,27,27,0,0,0,0,0,0,0,0,0,0,0,1,48.566,59.239,97.693,114.72,122.331,159.011,158.849,148.56,122.826,89.161,46.786,34.364,44.105,0,76.509,70.911,115.197,156.377,157.739,146.616,120.759,81.935,0,0,61,65,59,58,65,58,60,59,57,60,63,74,-6.55,-0.28,-7.08,-4.45,-7.04,-11.81,-11.89,-12.47,-13.02,-10.47,-0.56,6.71,18.2,21.8,27.7,24,7.6,8.8,13.6,10.7,12.9,15.3,20.6,17.4,316,72,6,67,-28.8,19.3,26,9.2,7,1,0,1,666,925,1438,1116,491,314,42,251,19,45,287,180,88,91,92,88,0,0,0,0,143,335,466,259,44,263,461,203,67,60,59,60,-0.12,-18.57,-36.17,-24.04,16.3,21.2,9.2,12,332,15,79.2,1421.6,12,4075,1174,528,356,26,359,333,1,-8.2,38.5,6.4,1203,970,61,-78.9,2360
2015,5504847,NA,37.6553,-122.0567,-9999,16.7,18.9,21.6,20.4,19,25.4,25.4,26.2,27,25.1,16.5,13,6,8.6,9,8.3,9.2,13,14.2,14.4,14.2,13.2,6,4.8,11.3,13.7,15.3,14.3,14.1,19.2,19.8,20.3,20.6,19.2,11.3,8.9,3,82,25,52,7,5,1,2,2,7,72,123,-53.7,11,18.4,21.4,18.8,22.1,32.5,27.4,38.7,17,-26.3,-42.7,3,2,1,0,0,0,0,0,0,0,1,6,185,230,302,273,284,425,459,473,467,438,180,124,209,129,107,126,137,29,17,15,22,36,204,280,3,7,17,9,5,67,73,87,99,61,0,0,29,28,31,30,31,30,31,31,30,31,28,27,0,0,0,0,0,0,0,0,0,0,0,1,43.286,54.776,91.607,105.059,108.979,144.528,140.59,132.572,111.491,82.072,43.851,31.624,40.311,0,66.441,52.795,101.541,139.532,139.609,130.575,109.421,75.243,0,0,66,68,62,63,69,63,67,65,62,65,67,77,-5.69,1.5,-5.92,-2.55,-5.83,-9.93,-9.88,-10.46,-11.26,-9.34,1.38,8.27,16.9,20.3,25.7,22.9,7.5,8.8,13.8,11.2,12.2,14.6,19.8,17,356,85,8,81,-28.5,19.5,27.3,9.8,8,1,0,2,607,859,1358,1085,543,369,61,262,13,31,227,161,88,91,92,89,0,0,0,0,130,306,418,237,40,221,410,185,70,64,65,65,4.08,-14.3,-30.26,-19.22,15.7,20.6,8.9,11.7,382,17,67.2,1177.1,14,3841,1310,429,356,24,361,338,1,-9,37.1,7,1091,855,66,-59.7,2153
2015,1176,NA,34.03974,-118.589581,-9999,22,23.4,25.1,21.8,18.9,24.4,23.1,26.2,26.9,26.5,21.8,19,11.8,12.6,13.4,12.1,12.5,16.6,16.7,18.7,19,18,11.2,9,16.9,18,19.3,17,15.7,20.5,19.9,22.4,23,22.2,16.5,14,63,41,45,7,14,2,1,1,19,11,8,37,-55.3,12.1,18.4,19.5,24.7,19.3,40.9,31.4,41.7,19,-27.2,-44.3,1,1,0,0,0,0,0,0,0,0,0,2,353,350,424,353,333,464,462,539,537,531,333,266,73,49,37,66,95,18,16,6,10,13,78,139,35,44,69,29,14,92,76,139,156,127,26,12,31,28,31,30,31,30,31,31,30,31,30,31,0,0,0,0,0,0,0,0,0,0,0,0,58.402,71.012,106.978,106.502,96.057,120.515,108.874,116.174,99.861,83.075,59.952,48.798,0,30.089,62.193,99.144,82.042,118.016,107.744,114.709,80.632,71.782,52.216,12.011,69,67,65,70,80,77,80,78,76,75,67,74,-1.63,-4.63,-5.48,-6.93,-4.17,-7.84,-6.87,-8.67,-7.47,-8.25,-7.19,-2.95,21.5,22,24.6,25.1,11.8,12.7,17.3,16,16.7,17.3,20.9,20.6,249,66,5,38,-29.2,20.9,30.6,11.2,2,0,0,0,1002,1111,1465,1401,234,197,39,102,100,111,306,308,90,92,92,91,0,0,0,0,175,310,346,243,30,243,340,205,70,72,78,73,-9.21,-16.59,-23.38,-22.9,18.8,23,14,8.9,250,38,115,598.8,3,4946,599,817,365,7,365,358,0,0.7,38.9,8.4,1073,819,73,-72.08,3151
2015,3904095,NA,34.533002,-117.283871,-9999,16.8,22,24.6,24.3,25.6,35.6,34.1,37.4,33.6,27.3,17.6,13.8,3.2,5.7,7.2,7.3,9.8,17.3,16.9,19,16.2,11.5,2,-0.9,10,13.9,15.9,15.8,17.7,26.4,25.5,28.2,24.9,19.4,9.8,6.5,31,39,10,7,7,3,40,2,17,16,16,38,-54.4,15.2,22.4,25.4,15.8,27.2,30.6,29.5,40.8,17.5,-27.1,-43.9,5,2,1,0,0,0,0,0,0,0,3,12,163,246,336,323,395,642,634,716,595,445,155,79,253,126,92,90,54,2,1,0,5,33,247,355,2,9,26,24,44,253,233,315,209,74,0,0,24,26,30,29,31,30,31,31,30,31,20,12,0,0,0,0,0,0,0,0,0,0,0,1,52.778,76.07,117.538,135.897,158.414,213.288,204.21,206.618,153.284,103.899,57.336,44.255,21.894,36.954,108.019,128.962,151.348,210.047,164.625,204.518,136.609,87.678,41.242,6.507,57,52,49,50,54,51,53,51,52,55,52,62,-4,-6.37,-11.32,-11.29,-11.81,-22.22,-16.31,-24.54,-18.27,-12.03,-6.13,-0.92,17.7,24.9,35.7,26.1,3.8,8.1,17.7,9.9,10.7,16.5,26.7,18,118,24,45,49,-27.7,21.2,29.1,10.4,14,1,0,3,530,1054,1992,1195,675,236,3,286,11,94,802,283,72,90,92,81,1,0,0,0,172,412,624,315,59,388,579,266,57,51,52,53,-11.28,-34.42,-63.07,-36.43,17.8,28.2,6.5,21.7,225,69,123.6,410.2,22,4729,1258,1190,325,77,330,253,1,-19.6,45.5,8.2,1523,1292,52,-145.21,3013
2015,3440200,NA,35.098215,-120.579118,-9999,21.4,21.4,24,20.7,17.6,22.3,20.1,22,24,24.5,19.8,16.6,6.8,8.7,8.9,8.2,9.6,12.3,13.9,14,14.2,13.6,5.9,4.3,14.1,15,16.5,14.5,13.6,17.3,17,18,19.1,19.1,12.8,10.4,21,36,10,25,14,4,1,1,6,9,63,50,-56.6,13.2,21.1,22.2,22.4,20.7,41.9,30.5,40.3,18.3,-27.5,-44.2,2,1,1,0,0,0,0,0,0,0,1,4,264,266,337,279,269,368,372,403,423,435,224,162,137,99,80,122,151,56,54,40,36,37,165,232,11,13,26,8,1,35,23,40,68,57,0,0,30,28,31,30,31,30,31,31,30,31,28,26,0,0,0,0,0,0,0,0,0,0,0,0,61.413,68.585,110.037,110.993,99.203,124.835,98.474,104.875,98.537,84.465,58.772,45.901,40.398,32.746,99.841,86.395,84.921,121.138,97.942,103.904,92.932,75.962,0,0,56,61,55,62,74,69,81,76,70,67,57,68,-6.65,-4.72,-9.31,-5.51,-4.14,-7.6,-5.77,-7.01,-8.13,-8.47,-1.5,-1.22,20.3,20.8,21.5,22.8,7.9,8.9,13.4,11.2,14.1,14.8,17.4,17,215,49,5,77,-29.2,21.9,31,10.4,5,1,0,1,770,885,1144,1082,397,353,150,238,31,35,98,125,89,91,92,89,0,0,0,0,175,320,328,242,73,271,323,169,62,64,75,65,-12.59,-18.97,-20.39,-18.1,15.6,19.1,10.4,8.7,239,25,107.4,761.4,9,3802,1209,283,356,22,364,342,0,-8.6,35.5,8.5,1066,836,66,-70.05,2089
2015,3425410,NA,37.898448,-122.313558,-9999,17,19.3,21.8,19.9,17.9,22.9,22,22.8,24.7,24.5,17,13.4,7.3,9.8,10.1,9.4,10.1,13.2,14.5,14.7,14.5,13.8,7.3,6.1,12.1,14.5,15.9,14.7,14,18.1,18.2,18.7,19.6,19.2,12.1,9.8,5,79,20,55,4,4,1,1,5,4,50,115,-53.4,10.4,17.7,20,21.3,20.7,38.7,29.4,39.2,17.2,-26.3,-42.5,3,1,1,0,0,0,0,0,0,0,1,5,206,251,320,282,282,391,410,426,437,438,204,145,189,110,91,118,139,43,33,30,31,36,182,252,4,10,22,10,4,47,40,53,78,61,0,0,31,28,31,30,31,30,31,31,30,31,29,30,0,0,0,0,0,0,0,0,0,0,0,0,41.811,53.622,89.777,98.782,97.456,123.525,110.275,104.946,96.588,77.42,43.029,30.381,36.83,0,69.865,44.011,93.068,119.212,109.161,103.612,91.878,72.95,0,0,69,70,64,67,75,70,77,75,69,68,69,81,-5.3,1.34,-6.26,-1.65,-5.21,-7.71,-6.87,-7.38,-8.69,-8.79,-0.8,7.34,17.2,19.9,22.6,22.1,8.9,9.8,14.1,11.9,13,14.9,18.3,17,335,79,7,59,-28.5,19.7,29.6,10.1,7,1,0,1,675,885,1227,1079,479,347,107,249,19,36,140,138,90,92,92,90,0,0,0,0,125,286,339,217,37,207,332,165,73,69,74,69,3.37,-13.12,-21.96,-18.28,15.6,19.6,9.8,9.8,344,16,74.3,1234,11,3793,1253,329,362,7,365,358,1,-6.4,34.6,7.7,967,741,71,-49.99,2087
2015,231694,NA,36.950879,-122.066217,-9999,20.1,20.8,23.2,19.8,17.3,22.3,21.8,23,24.7,24.2,18,14.7,5.4,7.8,7.8,7.2,8.9,11.6,13,13.1,12.6,11.6,4.6,3.7,12.8,14.3,15.5,13.5,13.1,17,17.4,18,18.6,17.9,11.3,9.2,16,124,43,74,17,3,5,4,3,19,134,164,-56.3,12.8,20.8,22,21.3,21.1,37.3,28.8,39.1,17.2,-27.2,-43.6,2,1,1,0,0,0,0,0,0,0,1,6,225,245,306,248,254,358,385,405,409,399,180,130,171,115,102,150,165,62,46,40,41,53,203,270,6,9,17,4,0,31,28,41,60,38,0,0,28,28,31,29,31,30,31,31,30,31,26,25,0,0,0,0,0,0,0,0,0,0,1,1,54.76,64.041,103.46,105.166,98.474,126.374,117.478,115.527,104.495,83.525,51.058,38.162,38.917,0,60.93,30.725,81.918,123.301,112.378,111.337,101.32,64.08,0,0,55,60,54,61,73,67,73,70,64,62,58,70,-6.57,4.34,-5.6,-0.08,-3.9,-7.84,-6.83,-7.84,-9.48,-7.74,6.41,11.32,19.2,20.1,22.4,22.3,6.9,7.9,12.5,9.6,13,14,17.5,16,477,134,12,156,-29,21.4,29,9.7,7,1,0,2,669,808,1148,988,481,417,148,296,18,21,100,98,87,90,92,87,1,0,0,1,157,307,359,239,39,174,347,165,62,63,70,61,9.1,-9.58,-22.52,-10.81,14.9,18.6,9.2,9.4,606,32,41.1,580.7,12,3544,1417,233,350,36,354,318,1,-10.2,34.8,7.8,1063,725,64,-33.8,1863
2016,2275918,NA,37.42756,-122.17152,-9999,14.5,20.6,18.9,22.3,23.3,27.7,27.2,26.4,27.1,22.4,18.8,14.4,7.1,7.9,8.4,9.6,10.8,12.5,12.7,12.9,12.3,10.6,8.2,4.3,10.8,14.3,13.6,16,17,20.1,19.9,19.6,19.7,16.5,13.5,9.4,148,39,169,46,7,1,1,1,2,113,65,130,-51.5,12.4,16.8,21.8,12.9,24.1,28.1,26.7,38.3,17.6,-26.9,-43.3,4,1,1,0,0,0,0,0,0,0,1,6,171,244,252,321,373,453,463,454,440,356,245,135,227,116,149,86,66,20,15,20,30,78,147,265,2,9,6,20,28,85,77,72,80,20,4,0,31,28,31,30,31,30,31,31,30,31,30,26,1,0,0,0,0,0,0,0,0,0,0,1,35.715,62.189,79.914,113.15,134.869,163.744,161.236,139.758,117.662,76.318,47.877,35.967,0,23.659,0,67.58,128.357,163.007,160.512,138.722,116.031,0,0,0,76,61,67,62,62,56,58,60,57,64,67,69,10.26,-4.08,10.19,-4.18,-8.52,-12.59,-12.08,-11.18,-11.96,2.82,-0.19,8.16,16.3,21.5,27.1,22.8,6.5,9.6,12.7,10.4,11.4,15.5,19.9,16.6,298,221,2,180,-27.5,17.1,26.3,9.6,11,1,0,1,546,946,1370,1042,615,301,56,255,11,54,234,105,85,92,92,91,1,0,0,0,132,328,465,242,24,196,462,116,69,64,58,63,14.34,-2.52,-35.85,-9.33,15.9,20.1,9.4,10.8,719,11,36,1890.6,13,3908,1221,403,360,12,356,344,2,-8.2,38.5,6.4,1167,798,63,-33.36,2207
2016,5504847,NA,37.6553,-122.0567,-9999,13.6,19.3,17.8,20.6,21.5,25.8,25.5,24.8,25.7,20.9,18.2,13.3,6.8,7.8,8.4,9.7,10.8,12.7,13,13.1,12.8,11,8.6,4.7,10.2,13.6,13.1,15.2,16.2,19.3,19.2,19,19.3,16,13.4,9,177,42,204,67,9,1,1,1,1,120,68,146,-50.8,11.7,15.8,20.3,16,22.7,31.3,27.9,38.9,18.1,-26.6,-42.8,5,2,2,0,0,0,0,0,0,0,1,6,155,224,234,297,348,428,442,433,427,341,241,125,246,133,164,105,83,28,21,27,34,89,150,276,0,6,4,13,19,69,60,58,71,15,4,0,30,28,31,30,31,30,31,31,30,31,30,27,1,0,0,0,0,0,0,0,0,0,0,1,33.082,57.53,73.876,102.396,121.388,148.627,146.111,127.041,107.882,68.571,45.186,32.469,0,15.161,0,35.771,112.54,147.75,145.44,125.717,106.745,0,0,0,78,64,70,66,67,61,63,65,62,69,69,73,13.49,-2.92,14.37,-0.91,-6.99,-10.8,-10.39,-9.68,-10.59,4.58,0.54,10.42,15.3,20,25.4,21.6,6.5,9.6,13,10.8,10.9,14.8,19.2,16.2,342,280,3,189,-27.3,17.4,27.3,10.1,13,2,0,1,502,879,1302,1010,659,352,76,273,6,37,187,90,86,92,92,91,2,0,0,0,122,298,422,222,15,148,419,107,72,68,63,67,21,6.47,-30.87,-5.46,15.3,19.3,9,10.3,837,13,30.2,1499.2,15,3696,1358,319,360,8,358,349,2,-9,37.1,6.9,1063,689,67,-8.86,2009
2016,1176,NA,34.03974,-118.589581,-9999,18.5,24.6,21.4,22.2,20,25,25.3,25.2,25,23.7,24,19,10,12.9,11.4,13.1,13.1,16.8,17.5,17.6,16.9,15.8,13.5,10,14.2,18.7,16.4,17.7,16.5,20.9,21.4,21.4,20.9,19.8,18.8,14.5,95,42,69,19,8,1,0,2,1,21,60,132,-53.4,12.6,17,18.9,23.7,19.6,38.4,31.5,41.8,19.4,-27.6,-44.1,2,0,1,0,0,0,0,0,0,0,0,1,270,369,334,373,358,476,508,509,477,456,399,279,132,40,82,55,76,15,8,9,20,30,42,127,12,55,24,36,21,99,112,114,108,70,57,14,31,28,31,30,31,30,31,31,30,31,30,31,0,0,0,0,0,0,0,0,0,0,0,0,49.174,75.454,91.255,105.194,101.389,124.648,125.502,113.792,95.829,75.401,63.585,47.022,0,33.637,22.643,86.173,93.075,123.989,125.437,112.262,95.201,54.476,3.786,0,73,65,69,72,78,75,76,77,76,76,68,69,3.42,-5.45,-0.73,-5.74,-5.21,-8.45,-8.54,-8.25,-8.46,-5.77,-3,6.83,20.7,21.2,25.2,24.3,10.7,12.5,17.3,15.4,15.7,16.9,21.2,19.8,173,96,2,81,-28.3,19.9,29.8,11.2,4,1,0,0,903,1066,1493,1333,311,213,32,92,77,81,326,235,90,92,92,91,0,0,0,0,173,298,364,235,46,202,362,153,69,73,76,73,4.8,-11.68,-25.24,-17.23,18.4,21.4,14.2,7.2,448,11,63.5,1914.7,4,4809,636,722,365,11,364,352,0,0.7,38.9,8.1,1070,763,73,-49.34,3037
2016,3904095,NA,34.533002,-117.283871,-9999,14.2,21.3,22,23.9,26.7,36.3,37.9,36.9,31.5,26.6,20.9,14.5,0.8,4.2,5.7,8.2,10.5,17.2,19.2,18.2,13.7,10.1,5.2,0.6,7.5,12.7,13.8,16.1,18.6,26.7,28.5,27.5,22.6,18.3,13.1,7.6,39,20,25,16,7,1,3,1,2,17,9,65,-53.3,15.7,21.6,24.4,14.9,27.5,28.2,29.5,41.2,17.6,-27.9,-44,10,2,1,0,0,0,0,0,0,0,1,9,102,214,273,330,420,652,728,697,527,413,241,102,330,154,143,84,41,1,0,0,12,46,159,321,0,5,11,26,56,263,327,296,147,54,7,0,17,24,29,30,31,30,31,31,30,31,27,17,1,0,0,0,0,0,0,0,0,0,0,1,47.831,75.403,106.535,131.333,164.526,219.083,228.772,205.75,146.734,103.311,64.299,44.944,8.698,54.951,81.162,115.162,157.695,218.237,226.115,204.834,145.176,86.616,54.902,0,57,49,52,54,53,49,50,50,51,52,53,53,-1.13,-8.05,-7.75,-9.73,-12.74,-23.62,-25.33,-24.28,-17.86,-11.72,-8.6,1.24,16.4,24.2,37,26.3,1.3,8.1,18.2,9.7,8.9,16.2,27.6,18,97,48,4,28,-27.2,20.3,28.4,10.3,25,1,0,1,395,1023,2076,1181,839,269,2,217,5,93,886,208,53,89,92,87,1,0,0,0,167,402,654,314,70,354,649,287,53,53,50,52,-7.93,-30.22,-73.23,-38.17,17.8,28.5,7.5,21.1,205,13,135.4,2228.4,24,4698,1293,1193,326,73,324,252,1,-19.6,45.5,7.9,1538,1360,52,-149.56,2994
2016,3440200,NA,35.098215,-120.579118,-9999,16.9,22.9,19.6,20.5,18.2,22.8,21.3,20.3,22.4,21.3,21.9,17,7,7.7,8.4,9,10.1,12.5,12.2,12.3,12,11,8.8,6.2,12,15.3,14,14.7,14.1,17.6,16.7,16.3,17.2,16.2,15.3,11.6,121,51,117,20,8,1,0,1,1,62,52,91,-53.5,14.5,17.8,21.2,21.8,20.7,38.1,30.8,40.4,18.8,-27.9,-44.1,3,1,1,0,0,0,0,0,0,0,0,3,194,270,261,287,286,378,364,350,366,346,296,189,193,93,138,115,135,50,59,73,62,85,102,203,2,13,5,9,3,40,20,19,39,13,11,0,31,28,31,30,31,30,31,31,30,31,30,30,0,0,0,0,0,0,0,0,0,0,0,0,47.291,75.541,87.781,107.083,101.714,127.635,118.197,100.309,95.751,75.747,61.683,44.886,0,24.696,0,86.708,94.179,126.742,118.154,99.296,94.784,13.391,10.11,0,68,55,65,65,74,69,72,75,68,68,60,61,6.24,-4.6,4.53,-5.55,-5.05,-8.17,-7.22,-6.39,-7.99,-1.4,-3.47,3,18.8,19.4,21.4,21.8,6.3,9.2,12.3,10.6,12.6,14.3,16.9,16.2,221,145,2,115,-27.7,20.3,29.9,10.4,8,1,0,1,623,833,1092,1008,518,389,183,250,15,17,79,63,85,92,92,91,0,0,0,0,169,297,346,233,25,181,344,118,61,68,72,66,4.64,-6.07,-21.78,-12.85,15.1,17.6,11.6,6,524,10,47.9,1686.3,9,3586,1311,174,363,6,359,353,1,-8.6,35.5,8.2,1045,668,67,-36.06,1882
2016,3425410,NA,37.898448,-122.313558,-9999,13.6,19.7,18,20.3,20.3,23.3,21.8,21.2,23.5,20.2,18.2,13.6,8,9,9.4,10.7,11.6,13.2,13,13.3,13.2,11.8,9.8,5.9,10.8,14.4,13.7,15.5,16,18.2,17.4,17.2,18.3,16,14,9.8,184,43,188,58,8,1,0,1,1,107,67,133,-50.1,11.1,15,19.1,18.6,21.2,37.4,29.8,39.3,18.5,-26.2,-42.7,4,1,1,0,0,0,0,0,0,0,1,5,169,245,252,307,342,396,385,380,400,341,258,143,227,114,146,97,88,41,46,54,45,89,134,253,0,9,6,15,17,49,28,29,55,14,5,0,31,28,31,30,31,30,31,31,30,31,30,29,1,0,0,0,0,0,0,0,0,0,0,0,30.429,56.41,71.572,96.721,108.736,126.564,116.188,99.557,93.579,62.608,42.51,31.222,0,13.17,0,38.294,101.136,125.501,115.713,98.57,92.47,0,0,0,81,67,73,70,73,69,73,75,69,74,73,76,14.57,-2.72,12.96,-1.17,-5.97,-8.33,-7.28,-6.72,-8.47,4.1,0.85,9.05,15.6,19.5,22.1,20.6,7.7,10.6,13.1,11.6,11.7,15.1,17.6,16.1,343,254,3,175,-27.2,17.6,29.5,10.6,10,1,0,1,557,901,1160,1000,593,331,141,268,9,38,106,75,89,92,92,91,1,0,0,0,117,277,342,199,13,139,340,92,75,72,73,72,20.9,5.83,-22.33,-3.52,15.1,18.3,9.8,8.6,793,11,31.7,1632.9,13,3617,1333,228,363,0,362,362,1,-6.4,34.6,7.6,935,585,73,0.87,1919
2016,231694,NA,36.950879,-122.066217,-9999,15.2,21.6,19.3,20.3,19.3,22.8,21.3,20.8,23,20.7,19.7,15.6,6.5,7,7.6,8.8,9.9,11.3,11.5,11.9,11.1,9.6,7.2,3.6,10.9,14.3,13.5,14.5,14.6,17.1,16.4,16.3,17,15.1,13.5,9.6,244,67,231,58,14,2,2,1,4,146,123,170,-52.4,13.6,17.9,21,18.8,21.7,36.7,29.6,39.3,18.1,-27.6,-43.9,4,1,1,0,0,0,0,0,0,0,1,5,168,241,244,278,300,361,355,352,361,316,241,137,226,116,153,121,122,60,66,72,65,109,149,259,0,8,4,8,6,32,17,20,37,6,1,0,30,28,31,30,31,30,31,31,30,31,29,25,1,0,0,0,0,0,0,0,0,0,0,1,39.477,67.761,84.731,103.813,108.918,131.706,120.31,103.759,99.084,72.477,53.114,40.423,0,0.4,0,45.915,94.42,129.512,118.41,102.274,95.42,0,0,0,72,56,64,64,71,65,70,72,64,66,61,65,19.41,-2.08,16,-1.67,-5.04,-8.44,-7.26,-6.79,-8.49,7.01,4.75,11.35,17.2,19.6,21.6,21.2,5.7,8.8,11.6,9.3,11.4,14.2,16.6,15.2,475,304,6,272,-27.5,19.2,29.3,9.9,11,2,0,1,537,823,1068,917,612,397,198,323,8,19,69,44,83,91,92,89,2,0,0,0,145,297,356,225,0,140,350,95,64,66,69,64,28.68,9.29,-22.49,3.27,14.4,17.1,9.6,7.5,1062,24,23,718.3,13,3354,1519,140,355,19,349,330,3,-10.2,34.8,7.7,1023,586,65,18.75,1676
2017,2275918,NA,37.42756,-122.17152,-9999,13.4,15.7,19.9,20.8,23.8,26.8,28.6,27.6,28.2,25.4,18.5,17.6,4.7,7.2,8.1,8.6,10.4,12.6,13.3,14.3,14,10.5,8.5,4.9,9.1,11.4,14,14.7,17.1,19.7,21,21,21.1,17.9,13.5,11.3,238,233,95,65,2,3,1,1,5,25,95,16,-51.7,10,17.8,21.5,11.8,24.8,26.5,26.4,38.2,16.4,-26.7,-44.3,7,3,1,0,0,0,0,0,0,0,1,3,129,169,265,285,375,440,495,494,483,401,246,186,281,188,139,116,65,24,10,11,19,52,147,212,0,0,9,11,29,76,102,103,112,40,5,2,27,28,31,30,31,30,31,31,30,31,30,28,2,0,0,0,0,0,0,0,0,0,0,0,36.387,46.574,85.695,107.179,139.739,156.682,169.601,143.338,119.621,89.805,46.703,43.18,0,0,0,41.954,138.185,153.834,169.096,142.532,114.615,64.979,0,27.348,71,72,63,62,60,58,56,61,59,56,68,67,19.54,18.16,2.06,-1.42,-9.54,-11.46,-13.3,-11.87,-12.18,-8.63,3.07,-5.11,14.5,21.5,27.7,24.1,5.4,9,13.4,11,10,15.3,20.5,17.5,600,161,4,125,-28.7,17,25.9,9.3,15,1,0,1,434,925,1429,1129,735,319,45,218,0,49,282,157,81,91,92,91,3,0,0,0,119,333,470,256,0,180,465,180,70,62,59,61,32.58,-8.9,-36.63,-17.73,16,21.1,9.1,12.1,777,11,33.4,1969.9,15,3966,1263,491,357,19,355,336,3,-8.2,38.5,5.9,1177,825,62,-30.67,2268
2017,5504847,NA,37.6553,-122.0567,-9999,12.4,14.7,18.7,19,22,24.9,27,25.9,26.6,24.1,17.9,16.3,4.5,6.9,8,8.6,10.5,12.8,13.6,14.8,14.6,11.1,8.6,5.1,8.5,10.8,13.4,13.8,16.3,18.8,20.3,20.4,20.6,17.6,13.2,10.7,283,270,110,82,2,4,1,1,5,31,116,17,-50.9,9.5,16.8,19.9,14.9,23.3,29.4,27.7,38.9,16.9,-26.4,-43.8,8,4,1,0,0,0,0,0,0,0,1,4,114,156,245,257,351,414,474,476,466,390,238,172,300,197,156,141,81,33,13,15,22,58,154,223,0,0,6,6,21,60,85,89,99,35,4,1,26,28,31,30,31,30,31,31,30,31,30,28,3,1,0,0,0,0,0,0,0,0,0,0,33.498,43.089,79.32,95.527,126.296,140.87,155.453,129.062,107.974,82.213,43.946,39.309,0,0,0,13.553,124.286,136.859,154.913,128.057,102.882,51.439,0,22.51,74,75,67,67,65,64,61,67,65,61,71,72,24.58,22.33,4.28,1.46,-8.14,-9.58,-11.61,-10.16,-10.42,-6.75,5.56,-4.27,13.5,19.9,25.9,22.8,5.4,9.1,13.7,11.4,9.4,14.5,19.8,17.1,699,194,6,152,-28.4,17.2,26.8,9.8,18,2,0,1,397,853,1364,1094,773,378,61,235,0,33,234,139,81,91,92,91,4,0,0,0,109,301,425,234,0,138,420,154,73,66,64,65,42.64,-2.4,-31.36,-11.61,15.4,20.6,8.5,12.1,921,13,27.5,1625.1,18,3752,1393,407,356,16,357,340,5,-9,37.1,6.4,1070,712,67,-2.72,2073
2017,1176,NA,34.03974,-118.589581,-9999,16.9,17.9,22.6,21.8,21.1,24,25.9,25.8,24.5,26.1,23.9,23.2,9.2,10.8,12,12.8,13.4,16.5,18.4,18.8,17.4,16.6,14.5,12.1,13.1,14.3,17.3,17.3,17.2,20.3,22.2,22.3,21,21.4,19.2,17.6,223,171,18,9,6,1,0,3,5,2,5,4,-52.5,9.8,17.5,18.9,22.1,20.2,38.5,31.6,41.8,18.8,-27.3,-45,2,1,0,0,0,0,0,0,0,0,0,1,237,248,363,363,379,457,531,536,478,504,413,374,163,115,65,61,62,19,5,6,20,18,38,63,7,9,36,32,30,87,131,136,109,107,66,48,31,28,31,30,31,30,31,31,30,31,30,31,0,0,0,0,0,0,0,0,0,0,0,0,45.23,51.959,96.289,103.863,109.67,118.385,124.686,112.089,89.818,86.202,61.039,57.244,0,0,78.027,94.589,103.444,117.705,124.567,109.01,85.227,83.912,56.067,53.707,75,77,68,72,76,77,78,79,78,72,71,72,16.98,11.63,-6.47,-6.54,-6.12,-7.81,-8.62,-8.12,-7.43,-9.42,-8.06,-8.39,18,21.8,25.3,24.9,10,12.7,17.9,16.2,14,17.3,21.6,20.5,526,34,4,12,-29.2,19.5,30.1,11.1,5,1,0,0,766,1105,1524,1396,405,188,31,75,31,98,354,282,90,92,92,91,0,0,0,0,144,310,355,237,0,276,351,225,75,72,78,74,20.23,-19.12,-24.55,-24.91,18.6,22.3,13.1,9.3,447,15,64,1519.4,5,4885,635,798,365,8,365,357,1,0.7,38.9,7.9,1046,853,74,-48.35,3102
2017,3904095,NA,34.533002,-117.283871,-9999,11.9,16.8,23.1,24.9,28.5,35.7,38.3,36.7,30.8,28.1,22.2,18.3,0.3,4,6.1,7.9,10.6,16.4,20.3,18.9,14.2,9.5,6.4,1.7,6.1,10.4,14.6,16.4,19.6,26,29.3,27.8,22.5,18.8,14.3,10,73,45,8,3,4,1,2,10,10,1,1,1,-52,13.6,22.1,25.3,13.1,29,28.3,29.7,41.4,17.1,-28.2,-44.9,15,4,1,0,0,0,0,0,0,0,1,5,76,158,299,341,449,630,750,706,523,427,280,163,372,209,123,77,30,2,0,0,12,40,126,246,0,1,16,30,75,242,349,305,144,64,14,2,16,23,29,29,31,30,31,31,30,31,28,20,2,0,0,0,0,0,0,0,0,0,0,0,41.897,60.063,111.84,137.959,177.284,217.181,227.69,201.591,141.297,111.46,67.142,53.691,0,15.315,104.032,135.264,173.486,216.025,225.609,191.355,131.665,110.876,66.135,52.617,62,60,50,51,49,48,52,52,53,47,53,56,3.58,-2.47,-10.42,-12.07,-14.98,-23.03,-25.45,-22.61,-15.92,-15.23,-10.21,-8.23,14.4,25.5,36.9,27,1.6,8.2,18.5,10,8,16.9,27.7,18.5,182,14,13,11,-27.8,20.2,29,10.1,28,1,0,1,337,1090,2086,1230,903,231,2,179,1,121,897,222,56,89,92,89,3,0,0,0,147,427,646,320,15,413,633,309,59,50,51,51,-7.12,-37.47,-71.09,-41.36,18,29.3,6.1,23.2,157,27,177.8,1088.4,25,4803,1239,1243,330,68,326,258,3,-19.6,45.5,7.9,1540,1370,52,-157.03,3084
2017,3440200,NA,35.098215,-120.579118,-9999,16,16.6,21,19.8,19.4,21.8,22.5,22.1,22.5,24.1,22,22.1,6.2,8.4,8.1,8.9,10.1,12.1,13.6,14.4,13.7,10.4,9.7,6,11.1,12.5,14.6,14.4,14.8,17,18,18.2,18.1,17.3,15.8,14,210,214,54,54,14,1,0,2,13,9,14,8,-53.1,10.4,19.3,20.7,19.8,21.6,37.4,30.6,40.5,17.9,-27.8,-45.5,4,2,1,0,0,0,0,0,0,0,0,2,175,194,279,275,305,358,405,410,392,380,312,263,215,159,124,125,118,62,35,37,48,63,91,139,0,1,9,7,7,31,37,44,51,27,17,11,29,28,31,30,31,30,31,31,30,31,30,29,1,0,0,0,0,0,0,0,0,0,0,0,45.768,50.969,95.827,102.822,111.111,121.926,122.13,104.126,90.616,90.198,60.61,59.082,0,0,42.149,48.96,97.414,120.983,122.092,102.526,77.263,80.895,46.601,51.411,68,74,61,66,71,70,72,76,73,59,63,66,15.45,16.06,-2.81,-1.73,-5.21,-7.58,-7.72,-6.92,-6.29,-9.08,-7.05,-8.67,16.6,20.1,22.2,22.9,6.9,9.1,13.3,11.3,11.8,14.6,17.7,17.1,514,121,3,37,-29.4,19.9,29.9,10.2,9,1,0,0,559,860,1173,1084,577,366,135,203,1,23,112,94,87,92,92,91,1,0,0,0,142,310,348,241,0,189,346,205,69,66,73,65,22.84,-9.75,-22.23,-22.43,15.5,18.2,11.1,7.1,592,30,43.1,614.6,9,3749,1216,242,361,7,358,351,1,-8.6,35.5,7.6,1041,739,67,-31.57,2018
2017,3425410,NA,37.898448,-122.313558,-9999,12.7,15.1,18.9,18.7,20.8,22.6,23.2,22.5,24.4,23.5,17.6,16.5,5.8,8.1,9.1,9.7,11.3,13.3,13.7,14.9,15,11.9,9.7,6.3,9.2,11.6,14,14.2,16.1,17.9,18.4,18.7,19.7,17.7,13.7,11.4,291,271,108,89,1,4,0,1,6,27,117,15,-50.6,8.8,16.1,18.5,17.4,21.8,35.5,29.6,39.3,17.2,-25.9,-43.7,6,3,1,0,0,0,0,0,0,0,1,3,131,171,263,268,344,387,417,425,441,393,249,186,276,183,138,130,86,46,30,30,30,56,143,210,0,0,8,8,18,44,44,52,80,36,5,2,29,28,31,30,31,30,31,31,30,31,30,30,2,0,0,0,0,0,0,0,0,0,0,0,31.886,41.563,77.566,89.722,113.868,120.278,124.823,102.008,93.13,77.438,40.954,37.894,0,0,0,0.268,112.404,116.129,124.45,101.338,87.32,50.477,0,22.712,77,77,69,72,71,72,71,76,72,65,75,75,25.4,22.59,4.27,2.74,-7.01,-7.42,-8.18,-7.18,-8.16,-6.33,6.14,-4.21,13.8,19.5,22.8,21.9,6.6,10,13.9,12.2,10.2,14.8,18.3,17,696,199,5,150,-28.5,17.4,29,10.2,14,2,0,1,447,876,1228,1083,713,354,106,229,0,34,141,121,86,92,92,91,3,0,0,0,105,281,347,212,0,113,342,138,76,70,73,70,43.78,-0.01,-22.78,-8.34,15.2,19.7,9.2,10.5,932,12,27,1580.8,15,3675,1359,299,362,2,362,360,3,-6.4,34.6,7,944,592,72,12.66,1984
2017,231694,NA,36.950879,-122.066217,-9999,14.1,16.4,20.3,18.9,20,21.9,22.5,22.2,24.3,23.6,19.8,19.2,4.2,6.9,7.4,7.9,9.5,11.1,12.4,13.2,12.8,8.9,7.7,4,9.2,11.6,13.8,13.4,14.8,16.5,17.4,17.7,18.5,16.3,13.8,11.6,400,362,141,99,5,7,1,1,6,30,137,24,-52.4,10.8,18.9,20.6,17.3,22.6,35.5,29.3,39.2,17.1,-27.5,-45,6,3,1,0,0,0,0,0,0,0,1,3,128,171,258,247,305,344,386,395,406,350,251,191,278,184,143,150,118,71,46,45,42,83,141,204,0,0,7,4,8,26,28,36,58,17,4,2,26,27,30,29,31,30,31,31,30,31,29,26,3,1,0,0,0,0,0,0,0,0,0,0,39.604,50.193,90.176,98.145,115.752,124.88,125.667,108.544,101.227,85.885,52.525,48.935,0,0,0,0,110.953,117.733,124.315,107.236,95.037,56.281,0,24.572,68,70,60,66,68,67,69,72,66,56,63,62,35.38,30.64,6.26,3.1,-6.59,-7.24,-7.9,-7.42,-8.72,-6.96,6.25,-5.41,15.4,19.7,22.2,22.5,4.9,8.3,12.2,9.8,10.1,14,17.2,16.2,932,245,10,172,-28.9,18.9,29.1,9.6,15,2,0,1,438,809,1125,1007,721,411,162,266,0,19,90,80,78,91,92,90,4,0,0,0,130,304,359,240,0,111,349,151,66,64,70,62,60.62,2.77,-22.57,-9.43,14.6,18.5,9.2,9.4,1213,21,20.2,890.9,15,3430,1504,190,351,27,349,322,5,-10.2,34.8,7.2,1033,612,65,31.39,1753
2018,2275918,NA,37.42756,-122.17152,-9999,16.5,18.5,18,21,22,26.6,28.4,27,26.4,24.4,20,15.3,6.7,5.6,6.6,8.1,9.8,11.5,13.9,12.9,11.6,10.6,8.3,5.6,11.6,12.1,12.3,14.6,15.9,19.1,21.2,20,19,17.5,14.2,10.5,100,25,137,65,4,1,1,1,1,15,102,66,-53.2,12.7,17.5,22.1,14.1,24,27.1,26.4,38.4,16.8,-27.5,-43.4,3,3,2,0,0,0,0,0,0,0,1,4,190,183,211,280,339,422,501,463,419,386,264,163,202,172,186,120,90,30,9,18,37,60,131,231,3,2,2,10,17,65,107,79,66,32,8,0,30,26,30,30,31,30,31,31,30,31,30,29,0,0,0,0,0,0,0,0,0,0,0,0,41.954,58.471,79.69,109.447,129.259,158.684,166.258,143.842,115.552,85.17,51.494,36.709,0,32.988,0,44.854,125.061,157.858,165.41,143.118,114.91,70.362,0,0,69,60,64,61,63,56,58,59,57,59,64,60,4.34,-4.54,7.17,-1.72,-8.07,-11.82,-12.88,-11.77,-11.62,-8.68,2.72,1.34,17.5,20.3,27.4,23.6,5.8,8.2,12.8,10.1,11.7,14.2,20.1,16.9,141,206,2,117,-28,17.9,25.8,9.3,9,2,0,1,558,830,1386,1069,585,395,56,227,7,28,251,106,84,90,92,91,0,0,0,0,144,318,469,252,60,170,466,185,63,62,58,60,1.15,-2.63,-36.47,-17.58,15.6,21.2,10.5,10.7,517,7,49.6,2925,13,3822,1284,390,357,18,352,334,1,-8.2,38.5,6.2,1183,882,61,-55.53,2109
2018,5504847,NA,37.6553,-122.0567,-9999,15.2,17.5,16.6,19.3,20.1,24.7,26.6,25.1,25.1,23.3,19.5,14.3,6.5,5.6,6.5,8.1,9.7,11.8,14.2,13.2,12.2,11.4,8.6,6,10.9,11.5,11.6,13.7,14.9,18.3,20.4,19.1,18.6,17.4,14,10.1,124,47,165,88,5,1,1,1,1,21,130,81,-52.3,12.1,16.3,20.6,17.3,22.6,30.5,27.7,39,17.3,-27.2,-42.9,4,3,2,0,0,0,0,0,0,0,1,5,172,170,190,255,309,397,476,438,409,383,259,154,225,185,204,143,115,41,13,25,41,62,134,241,2,0,0,5,9,50,87,61,60,31,7,0,30,26,30,30,31,30,31,31,30,31,30,29,0,0,0,0,0,0,0,0,0,0,0,0,38.351,54.805,72.679,98.61,115.531,143.773,150.2,128.975,106.067,78.12,48.873,33.178,0,7.729,0,11.073,110.454,142.682,149.388,127.948,105.514,57.567,0,0,72,62,68,65,68,61,63,64,62,64,66,64,7.31,-1.82,10.69,1.71,-6.7,-10.1,-11.01,-9.95,-10.29,-7.02,5.92,3.41,16.4,18.7,25.5,22.6,5.8,8.1,13,10.7,11.1,13.4,19.3,16.7,188,257,3,151,-27.7,18.1,26.9,9.7,11,3,0,1,512,754,1311,1051,633,461,79,237,2,15,198,97,84,90,92,91,1,0,0,0,132,287,423,233,30,122,420,163,66,67,63,64,8.9,5.7,-31.05,-11.39,15,20.4,10.1,10.2,663,9,37.8,2378.4,15,3613,1429,312,358,16,356,341,1,-9,37.1,6.7,1075,735,66,-27.84,1925
2018,1176,NA,34.03974,-118.589581,-9999,22.5,20.6,18.6,21.1,19.5,22.5,26.7,26,25.1,23.6,23.4,19.4,12.3,9.8,10.7,12.2,13.3,15.4,19.5,19,16.9,15.5,13.3,10.4,17.4,15.2,14.6,16.7,16.4,19,23.1,22.5,21,19.6,18.4,14.9,77,11,108,5,6,1,0,2,1,12,49,87,-55.4,12.4,15.2,18.8,24.7,19.1,38.3,31.5,41.8,19.3,-27.4,-44.2,1,1,1,0,0,0,0,0,0,0,0,1,366,272,284,344,355,418,560,542,480,450,388,292,65,95,122,72,78,32,3,5,19,32,48,117,41,14,11,25,20,63,159,142,109,67,52,18,31,28,31,30,31,30,31,31,30,31,30,31,0,0,0,0,0,0,0,0,0,0,0,0,58.952,65.892,77.064,101.226,95.882,111.022,126.09,112.824,96.314,76.049,61.818,47.517,0,55.051,0,96.585,89.821,110.426,126.031,111.28,95.719,64.018,12.366,0,69,66,75,72,81,78,78,79,75,75,69,66,-0.4,-6.44,4.86,-6.67,-5.05,-7.02,-8.94,-8.38,-8.53,-6.71,-3.62,2.22,22.1,19.7,25.1,24.1,11.4,12.1,17.9,15.2,16.7,15.9,21.5,19.6,91,118,2,62,-29.1,19.6,29.7,11.2,2,1,0,0,1011,982,1520,1317,224,273,40,99,103,56,363,228,90,92,92,91,0,0,0,0,182,274,350,234,109,186,348,172,67,76,78,73,-4.62,-6.85,-24.34,-18.86,18.2,23.1,14.6,8.5,358,9,78.9,2608.1,4,4749,690,720,365,2,365,363,0,0.7,38.9,7.8,1040,815,74,-54.68,2972
2018,3904095,NA,34.533002,-117.283871,-9999,18.2,17.9,18.6,25.6,27.6,34.9,38.5,36.9,34.2,25.2,20.3,14.7,3.3,1.7,4.6,8.3,11.1,15.5,20.9,19.3,15.4,9.6,4.7,1.3,10.8,9.8,11.6,17,19.3,25.2,29.7,28.1,24.8,17.4,12.5,8,29,18,34,2,8,1,5,1,1,14,14,36,-55.3,15.4,20,25.5,14.2,27.7,28.3,29.7,40.5,17.9,-27.8,-44,4,5,2,0,0,0,0,0,0,0,1,8,183,144,209,357,443,605,764,714,592,383,224,112,229,226,202,66,33,3,0,0,5,62,174,307,3,0,4,35,70,218,363,313,206,40,5,0,24,18,27,30,31,30,31,31,30,31,26,19,0,0,0,0,0,0,0,0,0,0,0,0,56.985,66.115,92.051,141.645,169.507,213.62,227.28,202.054,158.586,97.854,62.938,44.957,27.509,48.389,58.261,140.108,161.409,212.763,222.338,200.903,157.665,83.87,49.325,8.585,54,50,57,50,53,48,53,53,49,54,53,50,-5.08,-6.19,-4.65,-12.8,-13.4,-22.19,-25.26,-23.7,-21,-10.74,-7.83,-1.8,18.1,24,36.8,26.5,2.2,8,18.6,9.9,10.2,16,27.7,18.2,48,43,7,29,-28,19.9,28.6,10.2,14,2,0,1,488,1009,2083,1199,701,301,3,242,5,109,895,251,62,88,92,86,0,0,0,0,177,403,643,319,129,360,636,291,51,53,51,52,-13.06,-30.86,-71.14,-39.56,17.8,29.7,8,21.7,162,16,171.4,1862,21,4730,1308,1258,327,67,328,261,0,-19.6,45.5,7.7,1542,1415,53,-154.62,3003
2018,3440200,NA,35.098215,-120.579118,-9999,20.6,20.2,18.3,20.1,18.1,20.9,23.2,22,21.7,22.7,22.9,18,8.3,5.1,7.3,8.4,9.5,11.1,14.4,13.5,11.8,11.4,8.2,5.8,14.4,12.6,12.8,14.3,13.8,16,18.8,17.8,16.8,17.1,15.6,11.9,83,19,149,16,3,1,0,1,1,27,72,37,-55.7,14.7,17.7,21.5,21.6,21,37.2,30.3,40.5,18.5,-28.4,-44.5,1,2,2,0,0,0,0,0,0,0,0,3,274,197,225,273,276,330,429,396,354,374,303,196,128,156,172,128,145,81,25,44,70,67,97,195,12,2,0,6,2,21,52,36,34,24,14,1,31,25,30,30,31,30,31,31,30,31,30,29,0,0,0,0,0,0,0,0,0,0,0,0,57.14,69.525,83.585,106.476,102.972,119.065,123.443,107.79,92.593,81.387,66.008,48.167,0,50.524,0,90.301,100.038,117.964,123.398,106.847,91.721,54.635,0,10.982,62,54,66,64,73,70,73,74,70,66,56,52,0.44,-6.42,8.36,-5.86,-5.57,-7.21,-7.95,-7.23,-7.58,-5.89,-2.4,-3.03,21,18.8,22.1,22.5,6.5,8.4,13,10.5,13.7,13.6,17.5,16.5,110,168,2,100,-28.5,20.2,29.5,10.2,5,2,0,0,733,773,1155,1031,423,444,151,234,25,8,109,72,86,91,92,91,0,0,0,0,186,293,350,240,102,190,348,146,56,67,72,64,-9.01,-3.07,-22.39,-15.87,15.2,18.8,11.9,6.9,409,6,61.5,3195.9,9,3626,1308,204,358,14,356,342,0,-8.6,35.5,7.9,1069,787,66,-50.34,1917
2018,3425410,NA,37.898448,-122.313558,-9999,15.2,18.1,16.8,18.8,18.9,22.5,22.8,21.5,22.6,22.6,19.6,14.5,7.6,6.8,7.5,9.2,10.6,12.3,14.1,13.3,12.5,12.3,9.6,7.2,11.4,12.4,12.2,14,14.8,17.4,18.4,17.4,17.5,17.5,14.6,10.9,131,36,156,94,5,1,0,1,1,20,119,68,-51.7,11.6,15.6,19.1,20.1,21,36.8,29.6,39.4,17.6,-27,-42.7,3,2,2,0,0,0,0,0,0,0,0,4,181,189,205,263,306,371,417,386,377,386,273,170,208,162,188,135,117,54,30,50,56,60,120,219,1,1,0,6,8,37,44,32,43,30,7,0,31,27,31,30,31,30,31,31,30,31,30,31,0,0,0,0,0,0,0,0,0,0,0,0,36.001,54.531,71.061,92.08,102.446,124.246,118.727,101.876,90.676,72.769,47.154,31.676,0,18.94,0,0,97.277,123.506,118.262,101.198,89.577,52.33,0,0,75,64,70,70,74,69,74,75,69,68,69,67,8.39,-3,9.97,2.99,-5.58,-8.03,-7.65,-6.98,-7.99,-6.19,5.1,2.3,16.6,18.2,22.3,21.6,6.9,9.1,13.3,11.5,11.7,13.7,17.8,16.5,182,255,2,141,-27.6,18.3,29.1,10,9,2,0,1,553,774,1175,1036,579,440,134,237,3,14,113,81,88,91,92,91,0,0,0,0,128,266,345,211,42,97,343,142,69,71,72,69,7.69,7.38,-22.66,-9.08,14.9,18.4,10.9,7.6,633,8,39.3,2262.9,13,3524,1400,211,363,0,362,362,1,-6.4,34.6,7.5,949,624,71,-16.67,1835
2018,231694,NA,36.950879,-122.066217,-9999,17.6,19.2,18.5,19.2,18.5,21.6,22.9,21.8,22.3,22.2,20.9,16.5,6.2,4.8,5.9,7.4,9.2,10.2,13.1,12,10.3,9.2,7.1,4.9,11.9,12,12.2,13.3,13.8,15.9,18,16.9,16.3,15.7,14,10.7,150,30,196,94,9,2,3,1,2,24,170,100,-54.3,13.7,18.6,21.3,19.4,21.8,35.6,29.1,39.3,17.6,-28.1,-44,3,3,2,1,0,0,0,0,0,0,1,4,193,177,205,243,278,328,403,369,340,333,258,166,195,173,188,154,143,83,36,60,79,95,134,224,2,0,0,3,3,20,37,25,29,11,4,0,29,25,29,29,31,30,31,31,30,31,29,28,0,0,0,0,0,0,0,0,0,0,0,0,46.82,62.712,84.28,101.137,106.431,126.672,125.5,110.536,97.373,79.523,56.592,41.208,0,32.778,0,6.756,97.333,124.545,122.682,109.391,95.797,55.807,0,0,64,56,61,63,71,65,70,70,63,61,58,53,8.64,-4.69,12.67,2.35,-5.31,-7.84,-7.83,-7.51,-8.39,-6.38,8.64,4,18.7,18.7,22.1,21.8,5,7.5,11.8,8.9,11.8,13.1,16.9,15.4,204,300,6,195,-28.2,19.8,28.8,9.6,9,3,0,1,558,725,1100,931,572,485,180,308,2,5,82,43,80,89,92,89,0,0,0,0,158,292,363,233,57,104,357,152,58,65,68,61,7.94,9.71,-23.17,-6.13,14.2,18,10.7,7.3,781,17,31,1073.8,13,3291,1565,133,351,28,343,315,1,-10.2,34.8,7.5,1047,670,64,-11.65,1617
2019,2275918,NA,37.42756,-122.17152,-9999,16,13.2,17.2,22,20.9,27.5,27,28.7,27.2,24.8,19.8,14.5,6.8,4.5,6.5,9.9,9.5,12.9,13.1,14.2,13.3,9.6,7.2,6.1,11.4,8.9,11.9,16,15.2,20.2,20.1,21.5,20.2,17.2,13.5,10.3,120,209,117,24,35,1,1,1,9,3,79,137,-52.8,10.2,16.9,21.3,15.7,23.3,28.8,25.7,38.4,16.6,-27.6,-43,3,6,2,0,0,0,0,0,0,0,1,4,188,112,201,321,319,455,467,510,457,378,245,161,207,252,196,87,106,20,15,9,25,64,148,237,3,0,1,20,12,86,80,115,92,30,5,0,30,24,30,30,31,30,31,31,30,31,29,30,0,1,0,0,0,0,0,0,0,0,0,0,40.626,42.773,75.99,110.87,121.953,160.553,157.993,151.342,116.013,88.402,52.246,33.933,0,0,0,86.582,86.846,159.644,157.423,149.949,107.091,85.033,0,0,70,71,66,63,65,58,59,58,59,55,61,69,6.62,16.81,5.59,-6.05,-4.22,-12.2,-11.74,-12.95,-11.05,-10.41,0.38,8.94,14.9,20,27.7,23.9,5.6,8.6,13.4,10,10.2,14.3,20.6,17,395,176,3,92,-28.5,18,25.9,9.1,14,2,0,1,465,841,1432,1080,690,389,43,237,4,34,281,127,83,90,92,90,2,0,0,0,120,309,470,257,0,173,467,192,70,65,59,59,32.37,-4.68,-36.89,-21.09,15.5,21.5,8.9,12.6,736,47,34.7,457.4,17,3813,1365,445,356,21,351,330,2,-8.2,38.5,6.1,1155,833,63,-30.28,2131
2019,5504847,NA,37.6553,-122.0567,-9999,15.2,12.3,16.1,20.6,18.8,25.5,25.1,26.8,25.5,23.3,19.4,13.9,6.7,4.4,6.6,10,9.4,13.1,13.4,14.6,13.6,10.3,7.6,6.5,10.9,8.3,11.3,15.3,14.1,19.3,19.3,20.7,19.6,16.8,13.5,10.2,142,235,136,29,45,1,1,1,7,2,83,153,-52.2,9.7,15.8,20,19.3,21.8,32.2,27.1,39.1,17.1,-27.4,-42.7,4,7,3,0,0,0,0,0,0,0,1,5,176,100,187,301,285,429,443,487,436,366,246,158,224,267,209,103,136,27,21,12,31,72,147,240,2,0,0,15,6,70,61,98,77,25,5,0,30,24,30,30,31,30,31,31,30,31,29,30,1,2,0,0,0,0,0,0,0,0,0,0,37.974,39.778,69.984,101.005,107.011,144.586,141.711,136.087,104.636,80.629,50.163,31.388,0,0,0,71.993,61.548,143.393,141.135,134.661,97.739,78.509,0,0,72,74,70,67,70,63,65,64,65,61,63,73,9.16,19.88,8.07,-4.54,-1.87,-10.33,-9.95,-11.01,-9.58,-9.23,0.97,10.87,13.9,18.5,25.8,22.7,5.7,8.7,13.7,10.5,9.8,13.6,19.8,16.6,458,210,3,92,-28.4,18.4,27.1,9.6,16,3,0,1,432,773,1360,1048,732,448,61,250,2,21,229,108,84,90,92,90,3,0,0,0,111,278,422,235,0,134,419,176,73,69,64,63,39.91,1.67,-31.3,-17.85,14.9,20.7,8.3,12.4,834,56,29.9,373.3,19,3614,1490,359,357,18,353,335,3,-9,37.1,6.7,1047,729,68,-7.57,1953
2019,1176,NA,34.03974,-118.589581,-9999,18.7,14.8,18.8,21.1,17.3,21.9,24,25.9,25.1,24.8,23.2,17.7,10.3,7.5,10.6,12.9,12.2,15.5,16.9,17.8,17.7,14.2,12.3,9.7,14.5,11.1,14.7,17,14.8,18.7,20.5,21.9,21.4,19.5,17.7,13.7,182,203,72,5,27,1,0,1,1,1,69,155,-53.4,10.1,15.3,18,27.3,18.4,39.6,31.3,41.8,18.8,-27.5,-43.7,1,3,1,0,0,0,0,0,0,0,0,2,281,165,288,354,306,410,479,522,490,448,370,258,127,195,120,66,117,35,12,7,17,32,57,148,14,0,12,30,9,58,89,124,118,67,44,11,31,28,31,30,31,30,31,31,30,31,30,31,0,0,0,0,0,0,0,0,0,0,0,0,49.321,47.426,78.112,97.836,82.776,104.407,117.199,118.184,92.382,86.636,62.828,43.184,0,0,5.99,93.102,55.543,103.277,117.125,116.784,91.003,85.642,0,0,73,76,74,75,84,80,78,76,78,68,67,72,12.15,15.69,1.2,-6.4,-1.93,-6.44,-7.69,-8.74,-8.09,-9.29,-1.74,9.86,17.6,19.1,23.9,24.3,9.4,11.9,16.7,14.7,13.5,15.5,20.3,19.5,472,104,3,72,-29,20.2,29.8,11,6,1,0,0,740,948,1411,1308,439,303,54,107,33,51,271,229,90,92,92,91,1,0,0,0,144,259,340,242,0,155,337,177,74,78,78,71,37.71,-7.13,-22.88,-19.11,17.1,21.9,11.1,10.7,718,31,37.7,700.1,8,4370,934,575,365,6,363,357,1,0.7,38.9,8,985,668,75,-11.41,2604
2019,3904095,NA,34.533002,-117.283871,-9999,14.4,11.8,18,24.8,23.4,33.5,36.3,37.3,31.5,26,20.5,12.7,1.7,-0.8,3.7,8.4,8.4,15.2,18.3,18.2,14.4,7.7,3.7,0.7,8,5.5,10.9,16.6,15.9,24.3,27.3,27.8,22.9,16.9,12.1,6.7,40,74,41,2,24,1,3,1,3,1,26,72,-53.2,13.8,20.2,24.8,17.6,26.6,29.2,29.4,41.2,17.5,-27.9,-43.5,9,15,3,0,0,0,0,0,0,0,1,12,116,60,190,346,339,580,690,704,537,368,215,84,313,345,223,74,90,4,0,0,10,71,183,348,0,0,3,31,24,194,289,303,155,34,4,0,20,11,25,30,30,30,31,31,30,30,24,17,0,2,0,0,0,0,0,0,0,0,0,1,47.424,49.442,90.556,136.033,146.292,203.004,218.414,208.533,145.252,104.273,64.489,40.23,7.727,0,49.696,133.913,121.888,201.645,215.776,207.952,142.63,103.565,38.47,0,59,58,56,52,55,50,52,49,52,48,50,57,-1.23,3.82,-3.72,-11.86,-8.38,-20.06,-23,-24.96,-17.52,-13.38,-6.96,3.11,13.6,22.1,35.7,26,0.7,6.8,17.2,8.6,7.2,14.5,26.5,17.3,150,67,5,29,-27.6,20.9,28.4,10.3,32,3,0,1,288,875,1973,1120,965,386,4,264,0,58,786,194,50,85,92,84,3,0,0,0,142,373,630,314,16,305,625,285,58,54,50,50,5.71,-23.95,-68.02,-37.85,16.3,27.8,5.5,22.2,288,32,91.2,878.7,40,4228,1661,1038,309,87,316,229,3,-19.6,45.5,8,1459,1232,54,-124.11,2616
2019,3440200,NA,35.098215,-120.579118,-9999,18.1,14.2,18.2,20.1,16.6,20.1,20.5,21.5,22.5,23.2,22.2,16.8,7.4,4.7,7.3,9.5,9.4,12.2,12.2,13.2,13,8.8,7.8,7.6,12.7,9.4,12.7,14.8,13,16.2,16.3,17.3,17.7,16,15,12.2,125,159,88,11,42,1,0,1,1,2,58,122,-54.2,11.4,17.6,20.4,23.9,20.1,39.4,30.5,40.5,18,-28.2,-43.8,2,5,2,0,0,0,0,0,0,0,0,3,224,122,224,289,253,335,352,383,383,341,288,210,173,236,173,113,166,78,68,52,53,89,110,187,5,0,1,10,0,23,17,30,46,13,11,3,31,25,30,30,31,30,31,31,30,30,29,31,0,1,0,0,0,0,0,0,0,0,0,0,50.317,49.066,83.045,102.987,92.263,107.194,111.403,105.17,93.274,88.968,64.127,42.128,0,0,0,91.522,50.61,106.095,111.36,104.251,92.601,87.266,6.068,0,66,69,66,67,77,75,74,74,71,57,57,62,6.14,11.24,2.27,-6.04,-0.88,-6.29,-6.64,-6.94,-7.81,-9.5,-3.33,6.55,16.7,18.3,20.7,22.6,6,8.8,12.6,9.9,11.4,13.5,16.6,16.2,322,141,2,60,-28.9,20.6,30,10.1,10,2,0,1,544,766,1070,1012,604,452,197,252,7,11,70,70,85,91,92,90,1,0,0,0,148,278,324,246,11,142,322,186,66,70,75,62,23.93,-4.65,-19.88,-20.64,14.5,17.7,9.4,8.3,609,44,40.1,399.8,13,3404,1497,160,359,11,353,341,1,-8.6,35.5,8,996,661,69,-21.24,1712
2019,3425410,NA,37.898448,-122.313558,-9999,15.3,12.7,16.5,20,17.6,23.1,21.6,23.4,23.3,22.9,19.5,14.1,7.9,5.7,7.9,11,10.3,13.6,13.6,14.9,14,10.9,8.6,7.7,11.6,9.2,12.2,15.5,14,18.3,17.6,19.2,18.6,16.9,14.1,10.9,156,252,130,36,43,1,0,1,6,2,75,134,-51.7,9,15,18.5,22.3,20.3,38.4,29.1,39.5,17.2,-27.2,-42.4,3,6,2,0,0,0,0,0,0,0,1,4,189,116,207,308,281,399,390,440,409,369,261,174,203,243,188,96,139,40,43,25,41,70,132,218,3,0,1,16,4,51,30,62,60,25,7,0,31,26,31,30,31,30,31,31,30,31,30,31,0,1,0,0,0,0,0,0,0,0,0,0,35.711,38.349,68.161,93.644,93.503,123.288,111.544,108.707,89.595,77.062,48.571,29.41,0,0,0,57.686,50.177,122.352,111.139,107.912,83.544,74.993,0,0,76,77,72,72,77,71,75,74,72,64,66,76,10.94,21.45,7.68,-3.12,-1.04,-8.06,-6.94,-7.85,-7.53,-8.65,0.44,9.24,14.2,18,22.7,21.9,6.9,9.7,14,11.2,10.5,13.9,18.4,16.5,476,210,2,83,-28.4,18.6,29.3,9.8,13,2,0,1,477,796,1229,1039,665,424,107,243,3,21,143,92,88,92,92,91,2,0,0,0,106,255,344,215,0,108,341,159,76,74,73,67,41.63,3.52,-22.86,-15.74,14.8,19.2,9.2,10,837,52,29.7,372.3,16,3543,1438,259,363,3,358,355,2,-6.4,34.6,7.3,920,608,73,6.55,1872
2019,231694,NA,36.950879,-122.066217,-9999,16.4,13.5,17.4,19.9,17.4,22.4,21.1,23.3,23.4,22.9,20.5,15,5.9,4,5.9,9.1,9.1,11.6,12,13,12.3,8.2,5.9,5.7,11.2,8.8,11.7,14.5,13.2,17,16.5,18.1,17.8,15.5,13.2,10.4,195,353,173,40,69,3,2,3,21,7,152,223,-53.5,10.9,17.7,20.3,21.3,21,37.4,28.6,39.3,17.2,-28.1,-43.4,4,6,2,0,0,0,0,0,0,0,1,4,178,107,193,278,259,360,359,408,385,327,235,160,213,254,201,122,160,61,63,38,52,99,155,234,2,0,0,9,0,32,18,42,47,11,2,0,29,24,29,30,31,30,31,31,30,30,27,29,1,2,0,0,0,0,0,0,0,0,0,1,43.747,45.218,79.282,100.436,98.533,127.225,116.675,117.453,97.755,84.309,56.907,36.679,0,0,0,60.236,29.427,124.265,115.113,114.905,76.741,77.665,0,0,67,69,64,67,73,67,72,69,66,56,55,63,13.76,31,10.93,-3.1,1.34,-7.94,-7.01,-8.2,-6.68,-8.9,6.91,17.25,15.5,18.2,22.3,22.3,5,8,12.2,8.8,10.2,13.1,17.2,15.5,648,282,7,180,-28.6,19.8,29,9.5,14,3,0,1,453,730,1127,947,691,483,162,307,2,9,93,59,80,89,92,88,3,0,0,0,130,278,361,239,0,90,354,154,66,68,69,59,62.02,9.17,-23.15,-8.68,14,18.1,8.8,9.4,1240,97,19.4,186.6,18,3249,1653,163,350,28,345,317,4,-10.2,34.8,7.4,1009,598,66,39.36,1601
2020,2275918,NA,37.42756,-122.17152,-9999,15.6,19.3,17,21.1,25.2,27.3,27,29.6,29.1,27.7,19,16.7,5.7,6.5,6.7,8.7,11.1,12.7,12.8,15.2,14.3,12.7,6,4.9,10.7,12.9,11.8,14.9,18.1,20,19.9,22.4,21.7,20.2,12.5,10.8,55,3,68,46,13,1,1,2,2,2,30,52,-52.9,12.6,16.6,21.6,10,25.4,28.6,25.4,37.9,16,-27.5,-44,4,2,2,0,0,0,0,0,0,0,1,4,168,206,199,290,407,449,463,538,500,469,215,172,233,151,197,111,47,21,15,6,16,26,174,222,2,4,0,12,43,82,77,137,126,83,1,1,29,27,30,30,31,30,31,31,30,31,28,28,0,0,0,0,0,0,0,0,0,0,0,0,40.931,59.83,74.586,108.468,148.062,160.428,159.062,154.393,124.068,95.35,51.299,40.933,0,56.824,6.954,62.086,134.804,159.64,158.431,152.216,121.826,93.343,21.479,0,68,60,67,62,58,57,59,59,58,57,60,73,0.11,-7.08,0.84,-3.46,-9.41,-12.16,-11.83,-13.47,-13.31,-12.35,-4.31,-1,16.5,21.1,28,25.2,6.1,8.8,13.6,11,11.3,15,20.8,18.1,195,127,4,34,-28.1,16.1,26.5,8.8,11,3,0,1,534,896,1450,1184,620,356,42,216,6,56,296,209,85,91,92,89,1,0,0,0,135,331,474,271,57,204,470,237,67,63,58,58,-7.98,-12.04,-37.46,-29.97,16.3,22.4,10.7,11.7,274,19,95.9,1171.4,14,4077,1219,568,354,22,361,339,1,-8.2,38.5,5.8,1210,968,61,-87.44,2368
2020,5504847,NA,37.6553,-122.0567,-9999,14.5,18.5,15.9,19.6,23.2,25.3,25.3,27.8,27.6,26.3,18.3,15.7,5.5,6.4,6.6,8.8,11.2,12.8,13.2,15.6,14.9,13.5,6.5,5.1,10,12.4,11.2,14.2,17.2,19.1,19.2,21.7,21.3,19.9,12.4,10.4,58,1,73,52,17,1,1,3,2,2,31,63,-52.2,12.1,15.8,20.2,13.5,23.7,31.8,26.8,38.6,16.5,-27.1,-43.6,5,2,3,0,0,0,0,0,0,0,1,4,152,194,184,269,378,421,441,516,487,460,213,162,253,162,212,130,63,30,21,8,18,28,176,234,0,3,0,8,30,64,60,120,115,77,0,0,28,27,30,30,31,30,31,31,30,31,28,28,0,0,0,0,0,0,0,0,0,0,0,0,37.925,56.823,69.493,98.549,132.446,144.665,143.906,139.67,112.984,87.331,48.402,37.728,0,55.393,0,46.4,115.815,143.778,143.308,137.089,111.198,85.57,17.228,0,70,62,70,66,64,63,64,64,63,62,63,76,0.92,-6.8,1.86,-1.86,-7.39,-10.33,-10.17,-11.51,-11.64,-10.94,-3.72,0.69,15.6,19.6,26.1,24.1,6.1,8.8,13.8,11.6,10.9,14.2,20,17.9,212,142,4,35,-27.9,16.5,27.4,9.4,12,3,0,1,502,831,1378,1160,655,405,60,222,3,39,244,192,85,90,92,89,1,0,0,0,126,300,428,249,55,162,424,214,69,67,64,63,-5.19,-7.4,-32.01,-26.3,15.7,21.7,10,11.7,303,22,84.9,964,16,3878,1335,477,355,18,363,345,1,-9,37.1,6.3,1104,856,65,-70.89,2183
2020,1176,NA,34.03974,-118.589581,-9999,19.9,21.3,17.3,19.7,23,22.8,24.4,27,27.9,26.5,22.9,21,10.2,10.6,9.9,12.7,14.7,15.7,16.5,18.9,18.8,17.1,12.1,10.4,15.1,15.9,13.6,16.2,18.9,19.3,20.5,22.9,23.3,21.8,17.5,15.7,28,11,113,76,5,1,0,2,1,1,10,41,-54.4,12.2,14.6,16.9,20.4,20.6,38.8,31.2,41.5,18.8,-27.4,-44.7,1,1,1,0,0,0,0,0,0,0,0,1,298,293,254,330,429,427,479,555,548,519,363,317,112,81,149,81,38,28,12,4,9,15,60,99,18,20,6,21,54,68,90,154,164,118,40,25,31,28,31,30,31,30,31,31,30,31,30,31,0,0,0,0,0,0,0,0,0,0,0,0,53.838,66.861,71.904,88.633,119.221,111.048,122.777,122.36,107.559,86.792,62.313,52.985,26.333,55.667,0,12.551,114.531,110.5,122.704,120.677,106.671,85.393,51.997,12.299,70,67,77,78,75,78,76,76,73,72,67,75,-4.14,-6.64,5.93,1.61,-7.27,-7.08,-8.14,-9.34,-10.32,-9.7,-7.51,-3.54,19.6,20,24.7,25.8,10.2,12.4,17,16,14.9,16.2,20.9,20.9,194,193,2,13,-28.9,17.3,30.2,11,4,1,0,0,848,1013,1461,1430,341,268,45,85,49,81,312,322,90,92,92,91,0,0,0,0,164,280,356,257,82,127,354,244,70,76,77,71,-14.32,0.27,-24.55,-27.53,18.4,23.3,13.6,9.7,288,8,98.7,2959.9,5,4813,690,778,365,0,365,365,0,0.7,38.9,7.4,1056,807,73,-66.13,3036
2020,3904095,NA,34.533002,-117.283871,-9999,16.5,19.2,16.7,22.4,30.4,33.1,37.1,38.4,35.5,30.3,20.6,16.2,1.5,2.8,3.2,7.8,12,14.8,17.8,19.4,16.2,11.3,3.7,0.5,9,11,9.9,15.1,21.2,23.9,27.4,28.9,25.9,20.8,12.2,8.3,2,8,57,35,2,3,1,4,1,1,13,31,-54.6,15.4,19.6,23.6,11.8,29.2,28.4,29.2,40.1,16.7,-27.9,-44.4,7,3,4,0,0,0,0,0,0,0,1,8,137,170,163,302,499,568,694,737,623,489,215,119,284,192,252,106,18,4,0,0,4,21,182,298,1,2,0,18,108,182,293,337,237,104,4,0,19,21,24,29,31,30,31,31,30,31,24,16,0,0,0,0,0,0,0,0,0,0,0,0,53.573,69.508,85.21,122.94,187.356,201.597,226.754,212.882,164.799,118.648,64.694,49.154,51.681,61.15,27.844,87.467,185.341,199.003,225.693,208.787,163.79,117.997,51.257,17.945,53,50,57,56,49,50,49,50,48,47,50,61,-6.56,-7.94,-1.3,-6.57,-16.94,-19.6,-24.74,-25.89,-22.73,-17.26,-8.27,-3.29,16.1,23.2,36.2,28.8,1.7,7.7,17.3,10.4,8.9,15.4,26.8,19.6,83,95,8,15,-27.9,18.3,28.9,9.6,22,4,0,1,391,964,1999,1327,824,376,5,207,3,126,811,345,57,84,92,85,1,0,0,0,163,396,641,348,113,301,633,333,55,54,50,48,-17.8,-24.81,-70.24,-48.26,17.8,28.9,8.3,20.6,159,11,174.7,2679,23,4716,1362,1286,318,73,331,258,1,-19.6,45.5,7.2,1548,1380,51,-161.11,3018
2020,3440200,NA,35.098215,-120.579118,-9999,18.1,21.1,16.7,18.8,21.1,20.8,20.2,22.7,23.6,25.4,21.5,20.1,5.9,6.2,7.1,9.1,10.2,11.6,11.9,14.4,13.5,12.2,6.7,5.2,12,13.6,11.9,14,15.7,16.2,16,18.6,18.5,18.8,14.1,12.6,26,5,113,65,6,2,0,3,1,2,17,46,-54.7,14.5,16.5,19.6,17.4,22.9,39.5,30.3,40.3,17.8,-28.1,-45.1,3,2,2,0,0,0,0,0,0,0,1,2,201,224,198,264,332,336,343,421,406,427,260,221,191,132,196,136,95,77,75,32,42,40,132,176,3,5,0,5,13,23,14,50,58,50,4,4,29,27,30,30,31,30,31,31,30,31,28,28,0,0,0,0,0,0,0,0,0,0,0,0,52.644,71.152,76.021,95.946,123.014,116.003,110.987,109.381,98.714,92.492,63.051,54.328,27,65.966,0,31.154,116.997,114.149,110.941,106.819,97.597,90.373,45.946,7.84,62,55,69,70,67,71,74,74,69,61,56,71,-4.23,-8.17,5.61,0.04,-7.07,-6.9,-6.57,-7.33,-8.51,-10.4,-7.12,-3.52,18.7,18.9,21.3,23.5,6.6,8.8,12.6,10.8,12.6,13.8,16.9,17.1,152,184,4,20,-28.4,17.8,30.9,10,7,3,0,1,633,793,1100,1093,510,427,184,215,10,18,87,112,87,91,92,89,0,0,0,0,166,295,336,254,93,148,332,234,62,68,73,62,-15.92,-1.41,-20.8,-26.03,15.2,18.8,11.9,6.9,286,12,88.1,1621.1,10,3633,1323,229,356,13,362,349,0,-8.6,35.5,7.6,1052,807,65,-64.17,1913
2020,3425410,NA,37.898448,-122.313558,-9999,14.6,19,16.5,19.2,21.7,23,21.7,24.5,25.3,25.8,18.4,16.1,6.6,7.6,7.7,9.9,11.9,13.4,13.3,15.7,15.2,14.1,7.6,6.2,10.6,13.3,12.1,14.6,16.8,18.2,17.5,20.1,20.3,19.9,13,11.1,65,2,53,50,17,1,0,2,2,2,37,64,-51.7,11.6,15.2,18.8,16.4,22,37.8,28.8,39.2,16.8,-26.9,-43.5,4,2,2,0,0,0,0,0,0,0,1,3,164,216,204,280,366,394,389,468,457,462,228,179,234,140,190,120,71,42,44,17,25,28,161,216,0,5,0,10,25,48,30,83,92,76,1,1,30,28,31,30,31,30,31,31,30,31,29,30,0,0,0,0,0,0,0,0,0,0,0,0,35.8,56.422,68.953,92.219,118.323,123.116,114.161,112.894,97.541,82.543,46.595,37.077,0,54.601,15.601,42.313,101.453,122.418,113.726,110.94,95.61,80.689,9.944,0,74,64,72,71,70,71,74,74,70,65,66,79,1.86,-6.77,-0.1,-1.49,-5.95,-8.05,-7.14,-8.29,-9.21,-10.07,-2.89,0.85,15.9,19.1,23,23.1,7.3,9.8,14.1,12.3,11.6,14.5,18.6,17.7,201,120,3,40,-27.9,16.8,29.5,9.7,10,2,0,1,554,850,1251,1147,592,381,102,214,5,35,161,170,89,92,92,90,1,0,0,0,122,279,350,227,55,159,347,186,73,71,73,67,-4.07,-7.53,-23.47,-22.16,15.6,20.3,10.6,9.7,294,22,87,925.8,13,3807,1287,371,361,2,365,363,1,-6.4,34.6,7,978,747,70,-57.23,2105
2020,231694,NA,36.950879,-122.066217,-9999,16.4,19.7,17.3,19,21.7,22.5,21,23.9,25.1,25.8,20.2,17.7,4.9,5.5,6.1,7.9,10.1,11.3,11.8,14.1,12.8,11.1,4.7,3.9,10.7,12.6,11.7,13.4,15.9,16.9,16.4,19,19,18.5,12.5,10.8,97,13,133,92,25,3,2,3,5,4,60,64,-53.8,13.5,17.4,20.7,14.9,23.5,37.5,28.6,39,16.6,-28.2,-44.5,4,2,2,0,0,0,0,0,0,0,1,4,165,195,192,247,340,356,353,434,418,416,212,170,232,158,201,150,89,63,67,27,37,45,174,220,0,2,0,3,16,30,17,58,66,46,0,0,27,26,29,29,31,30,31,31,30,31,26,26,0,0,0,0,0,0,0,0,0,0,0,0,45.098,63.528,78.115,98.832,126.407,128.586,116.318,117.324,106.061,91.551,57.231,45.311,0,50.44,0,6.782,101.242,125.638,114.01,114.144,101.547,88.03,0,0,63,56,65,65,65,66,71,70,63,57,53,70,3.77,-6.56,7.1,2.34,-5.63,-8.05,-6.88,-8.26,-9.61,-10.88,-2.38,-0.51,17.1,19.3,22.4,23.7,5.4,8,12.4,9.5,11.2,13.7,17.4,16.6,334,250,8,68,-28.3,17.7,29.9,9.1,11,3,0,1,519,779,1143,1047,624,440,157,256,2,20,105,112,82,89,92,87,1,0,0,0,145,303,362,255,50,108,354,190,63,65,69,58,-3.3,3.81,-23.19,-22.87,14.8,19,10.7,8.3,501,38,49.4,498.1,14,3499,1464,238,347,33,353,320,2,-10.2,34.8,7.1,1066,702,63,-45.55,1810
2021,2275918,NA,37.42756,-122.17152,-9999,16.3,17.4,17.9,21.4,24,26.5,27.4,28,27.6,22.4,19.6,13.9,6,5.9,5.4,7.2,9.5,12.5,13.5,13.9,13,10.1,8.7,4.9,11.2,11.6,11.6,14.3,16.8,19.5,20.4,20.9,20.3,16.3,14.2,9.4,84,41,46,7,2,1,1,1,4,118,37,191,-53.3,11.9,18.4,23.1,10.8,25.9,28.5,26.1,38.2,17.5,-27.2,-43.1,4,3,2,0,0,0,0,0,0,0,1,6,180,173,194,273,365,433,478,493,459,350,265,136,214,183,202,126,71,26,12,11,24,82,130,264,2,1,0,9,26,72,89,102,94,19,8,0,29,26,28,29,31,30,31,31,30,31,30,28,0,0,0,0,0,0,0,0,0,0,0,1,42.355,54.337,81.666,113.882,144.521,154.528,159.282,147.426,118.84,77.528,49.529,34.052,0,13.092,35.4,106.895,142.575,153.548,158.57,146.444,114.669,0,12.9,0,67,64,61,57,57,59,60,59,58,63,66,62,2.72,-2.2,-2.12,-7.98,-9.98,-11.37,-11.93,-12.37,-12,3.07,-3.39,14.58,16.8,21.1,27.3,23.2,5.6,7.4,13.3,10.6,11.2,14.2,20.3,16.9,177,55,3,158,-28.2,17.4,26.8,9.5,10,3,0,1,526,832,1404,1074,618,399,50,237,5,34,263,121,83,88,92,91,0,0,0,0,138,340,461,246,13,285,459,128,65,58,59,62,15.09,-20.08,-35.67,-12.32,15.5,20.9,9.4,11.5,532,9,48,2378.5,16,3801,1347,422,354,31,351,321,1,-8.2,38.5,6.4,1185,884,62,-52.98,2103
2021,5504847,NA,37.6553,-122.0567,-9999,15.3,16.7,17,20.2,22.4,24.6,25.9,26.2,26.3,21.1,18.6,12.7,5.8,6,5.4,7.4,9.8,12.6,13.8,14.2,13.6,10.6,9,5,10.6,11.3,11.2,13.8,16.1,18.6,19.9,20.2,19.9,15.8,13.8,8.8,101,47,54,8,2,2,1,1,4,150,45,208,-52.6,11.3,17.6,22,13.7,24.2,31.3,27.4,38.8,18,-26.6,-42.5,4,3,3,0,0,0,0,0,0,0,1,7,166,166,183,256,346,407,460,472,448,337,254,122,235,191,212,141,85,36,16,16,27,92,140,282,1,0,0,6,19,56,74,86,85,15,6,0,29,27,28,29,31,30,31,31,30,31,30,28,0,0,0,0,0,0,0,0,0,0,0,1,39.509,51.522,77.203,105.887,131.559,139.403,146.276,133.31,109.154,70.117,45.716,30.501,0,4.892,23.661,98.094,129.629,137.788,145.619,132.072,105.055,0,1.163,0,69,66,63,61,62,64,64,64,63,68,70,66,4.85,-1.3,-0.93,-7.04,-8.65,-9.63,-10.51,-10.61,-10.59,7.39,-1.96,17.01,15.9,19.9,25.6,22,5.6,7.5,13.5,11.1,10.8,13.7,19.6,16.5,210,63,4,199,-27.9,17.8,27.6,10.1,12,3,0,1,494,785,1339,1039,660,438,68,259,1,25,216,106,83,88,92,91,1,0,0,0,129,315,419,225,5,251,415,106,67,62,64,67,20.56,-16.62,-30.75,-5.17,15,20.2,8.8,11.4,621,10,40.3,2119.8,18,3617,1474,349,354,28,353,325,1,-9,37.1,6.9,1087,778,66,-31.98,1938
2021,1176,NA,34.03974,-118.589581,-9999,20.3,20.8,19,21.5,21.3,24.3,25.4,25.4,25.5,22.2,24.6,17.4,10.5,10.7,9,12.3,13.6,16.4,18.2,18,17.2,14.1,14.3,9,15.4,15.8,14,16.9,17.5,20.4,21.8,21.7,21.4,18.2,19.4,13.2,61,6,33,3,2,1,0,2,2,23,0,224,-54.5,11.8,17,19,22.1,20.1,38.9,31.5,41.7,19.5,-27.6,-43.8,1,1,1,0,0,0,0,0,0,0,0,2,306,287,265,351,387,460,520,518,490,408,419,241,105,84,138,67,58,19,6,8,17,48,35,161,20,18,7,28,32,89,121,121,118,41,70,7,31,28,31,30,31,30,31,31,30,31,30,31,0,0,0,0,0,0,0,0,0,0,0,0,54.525,64.485,84.791,103.477,109.998,121.377,122.065,113.45,98.225,73.257,64.23,43.609,0,58.303,51.524,100.694,107.782,120.821,121.914,111.272,96.473,49.976,64.051,0,70,69,69,72,76,76,78,78,75,75,69,67,-0.98,-6.74,-3.29,-7.1,-6.58,-8.08,-8.33,-8.21,-8.7,-5,-9.19,16.8,20.7,20.6,25.1,24.1,10.5,11.7,17.5,15.2,15.6,16.1,21.3,19.7,107,38,3,25,-28.8,19.4,30.2,11.2,3,1,0,0,909,1003,1498,1317,288,264,33,101,63,67,331,229,90,92,92,91,0,0,0,0,172,298,357,236,71,260,354,211,69,72,77,73,9.08,-16.97,-24.62,-22.89,18,21.8,13.2,8.6,358,7,78.2,3179.4,5,4652,747,673,365,5,361,355,0,0.7,38.9,8,1063,895,73,-55.4,2888
2021,3904095,NA,34.533002,-117.283871,-9999,15.8,18.3,18.4,25.4,29,36.7,38.2,37,33.6,24.3,23.6,14.4,1.6,2.4,2.7,8.2,11.6,17.4,20.8,19,15.6,7.8,6.5,0.3,8.7,10.4,10.5,16.8,20.3,27,29.5,28,24.6,16,15.1,7.4,58,5,11,1,2,2,13,1,5,9,0,63,-54.1,15.3,21.2,25.4,13,28.4,28.6,29.6,40.7,17.9,-28.7,-44,7,4,3,0,0,0,0,0,0,0,0,10,131,158,181,352,472,660,757,711,585,342,301,98,293,209,233,70,24,1,0,0,6,88,109,327,0,1,2,33,90,272,356,310,199,25,18,0,19,20,23,30,31,30,31,31,30,30,28,16,1,0,0,0,0,0,0,0,0,0,0,1,51.397,67.101,93.714,140.563,178.344,222.081,224.785,203.398,154.519,96.709,71.45,44.891,0,62.501,82.235,139.208,176.8,219.796,212.198,202.435,149.656,87.724,71.098,0,55,51,52,50,51,49,54,52,51,52,50,51,-0.37,-7.82,-7.09,-12.64,-15.47,-24.13,-23.93,-23.95,-19.64,-10.87,-11.45,1.14,16.8,24.3,37.3,27.1,1.5,7.5,19.1,10,9.1,15.9,28.2,18.5,94,14,16,14,-27.6,19.8,28.9,10,19,3,0,1,408,1006,2128,1228,800,327,2,203,1,125,938,243,56,83,92,88,1,0,0,0,168,413,650,323,80,398,634,308,53,51,51,51,-7.04,-35.2,-72.01,-41.96,17.9,29.5,7.4,22.1,170,22,163.6,1326.2,25,4749,1361,1307,319,78,316,238,1,-19.6,45.5,7.8,1553,1422,52,-156.21,3042
2021,3440200,NA,35.098215,-120.579118,-9999,19.4,19.4,17.8,19.9,19.4,21.9,21.6,21.4,21.9,20.9,23.4,16.9,5.8,6.1,5.1,7.2,9.4,12.1,13.5,13.4,12.6,10.1,9.4,6,12.6,12.8,11.4,13.6,14.4,17,17.5,17.4,17.3,15.5,16.4,11.4,156,4,36,5,2,1,0,1,1,51,19,173,-55.6,13.6,19.1,22.5,19.3,22.3,38.8,30.6,40.5,18.8,-28.4,-44.1,2,2,2,0,0,0,0,0,0,0,0,3,217,199,186,252,294,359,389,385,368,326,328,184,176,154,207,147,128,62,44,51,61,100,79,208,4,1,0,3,4,31,30,31,40,7,22,0,29,27,28,29,31,30,31,31,30,31,30,29,0,0,0,0,0,0,0,0,0,0,0,0,56.452,65.256,86.107,108.823,113.88,122.746,114.462,103.633,91.018,76.045,65.982,44.747,0,61.405,50.429,104.243,111.68,121.872,114.399,102.576,89.659,25.46,46.639,0,58,59,60,61,69,70,75,75,71,67,58,55,8,-7.15,-3.2,-7.21,-6.54,-7.66,-7.03,-6.81,-7.42,-2.54,-7.75,11.22,19.6,19.1,21.6,22.1,5.7,7.2,13,10.7,12.7,13.1,17.3,16.4,206,42,2,71,-28.7,20.3,30.6,10.3,7,3,0,0,636,731,1133,1023,505,482,156,241,8,7,92,69,84,87,92,91,0,0,0,0,176,309,341,233,69,266,339,162,57,63,73,65,12.07,-16.95,-21.51,-17.71,14.8,17.5,11.4,6.1,448,6,55.3,3159.4,11,3486,1416,173,355,27,352,325,0,-8.6,35.5,8.1,1059,836,66,-44.1,1786
2021,3425410,NA,37.898448,-122.313558,-9999,15.4,17.2,17.5,19.6,21.2,22.2,22.2,22.8,23.9,20.4,18.5,12.9,7.1,7.2,6.7,8.4,10.6,13.1,13.5,14.4,13.9,11.4,10.1,6.1,11.2,12.2,12.1,14,15.9,17.6,17.8,18.6,18.9,15.9,14.3,9.5,86,52,54,10,2,1,0,1,6,154,50,178,-52.2,10.8,16.9,20.6,16.1,22.6,37.2,29.3,39.3,18.3,-26.2,-42.3,4,2,2,0,0,0,0,0,0,0,1,5,180,184,204,263,340,378,398,422,417,339,267,137,212,169,190,135,89,50,39,32,38,91,127,261,2,2,0,7,17,40,34,50,65,14,8,0,31,28,30,30,31,30,31,31,30,31,30,30,0,0,0,0,0,0,0,0,0,0,0,1,37.638,50.887,76.218,99.519,119.883,118.335,116.872,105.808,93.693,64.849,42.88,28.83,0,0,21.824,89.458,117.989,116.87,116.39,104.899,87.515,0,0,0,73,68,66,65,67,72,73,75,70,72,73,68,3.58,-0.78,-0.78,-6.13,-7.48,-7.48,-7.4,-7.48,-8.06,8.59,-0.97,13.98,16.2,19.4,22.4,20.9,6.8,8.6,13.7,11.8,11.5,14,18,16.4,201,66,3,211,-27.9,17.8,29.7,10.5,10,2,0,1,543,807,1199,1023,596,414,121,255,5,23,125,86,88,90,92,91,0,0,0,0,126,296,341,201,0,229,338,88,70,66,73,72,16.78,-14.39,-22.36,-0.44,14.8,18.9,9.5,9.4,595,11,41.7,1730.3,15,3529,1432,238,361,9,360,350,1,-6.4,34.6,7.5,964,655,71,-20.41,1837
2021,231694,NA,36.950879,-122.066217,-9999,17,17.7,17.8,19.3,20.4,21.9,21.2,22.4,23.5,20.6,21.2,15.1,5.3,5,4.5,6.3,8.4,11.2,12.6,12.9,11.8,9,7.7,4.4,11.1,11.3,11.2,12.8,14.4,16.6,16.9,17.6,17.6,14.8,14.5,9.7,155,60,67,10,4,2,2,2,6,116,59,278,-54.1,12.7,19.1,22.4,15.7,23.9,38,29.1,39.2,18.1,-28.1,-43.6,4,3,3,1,0,0,0,0,0,0,0,5,176,163,178,228,293,346,370,392,379,305,271,142,214,190,214,168,128,70,55,47,55,118,123,254,0,0,0,0,5,26,22,34,44,4,7,0,28,25,27,28,30,30,31,31,30,31,29,27,1,0,0,0,0,0,0,0,0,0,0,1,46.335,57.391,83.597,104.302,122.583,124.51,114.022,111.254,99.856,73.004,56.924,38.45,0,0,17.086,94.036,118.245,122.822,111.845,109.614,93.449,0,0,0,63,60,59,60,63,67,73,71,65,64,59,57,9.23,-0.72,-0.18,-6.36,-7.21,-7.76,-6.79,-7.62,-8.39,3.94,-2.5,22.47,17.5,19.1,21.8,21.8,4.7,6.4,12.3,9.5,11.1,12.8,17,15.6,278,81,6,181,-28.3,19.1,30.3,9.7,11,3,0,1,508,699,1108,954,625,511,172,296,0,5,83,55,79,86,92,90,1,0,0,0,149,310,350,230,0,229,344,93,60,61,71,63,30.97,-13.74,-22.17,-6.95,14,17.6,9.7,7.9,760,16,31.7,1084.4,16,3242,1637,144,347,45,344,299,1,-10.2,34.8,7.7,1039,667,64,-11.9,1579
2022,2275918,NA,37.42756,-122.17152,-9999,17,19.4,19.7,21.3,24,27.6,26.5,28.5,28.8,24.4,16.7,13.7,5.8,5.7,7.3,7.3,9.3,12.7,13,13.9,14.5,10.7,4.9,4.2,11.4,12.5,13.5,14.3,16.7,20.2,19.8,21.2,21.6,17.5,10.8,9,16,10,33,42,1,3,1,1,15,4,72,214,-54,13.1,18.4,23,10.7,26,29.4,25.8,38.1,16.9,-26.7,-43.1,3,2,1,0,0,0,0,0,0,0,2,6,187,198,251,272,363,454,457,502,498,388,170,127,208,160,152,127,73,20,17,10,16,59,217,277,3,3,7,9,25,86,72,109,124,35,0,0,29,26,30,29,31,30,31,31,30,31,26,26,0,0,0,0,0,0,0,0,0,0,0,1,44.767,61.118,86.736,113.017,144.847,162.178,154.842,150.718,121.646,84.892,46.234,34.363,29.007,51.4,53.257,71.436,143.352,159.071,154.141,149.859,106.15,80.824,0,0,64,58,61,58,56,57,60,58,59,59,63,70,-4.57,-6.64,-4.16,-4.42,-10.06,-12.17,-11.31,-12.88,-11.56,-9.71,1.04,16.99,16.8,21.7,27.5,23.3,5.4,8,13.2,10,11.1,14.8,20.4,16.6,216,77,5,92,-28,17.4,27.1,9.4,11,2,0,2,522,885,1413,1056,632,352,47,291,6,41,267,158,83,90,92,87,1,0,0,1,140,345,468,253,80,268,463,187,64,58,58,60,5.78,-18.63,-36.36,-20.23,15.7,21.6,9,12.6,412,22,62.3,998.1,16,3866,1335,472,350,37,352,315,1,-8.2,38.5,6.5,1205,998,60,-69.43,2173
2022,5504847,NA,37.6553,-122.0567,-9999,15.8,18.3,19,19.7,22.1,25.5,24.7,26.7,27.3,23.3,16.2,12.5,5.4,5.5,7.3,7.5,9.6,13,13.3,14.4,15.1,11.4,5.2,4.4,10.6,11.9,13.1,13.6,15.9,19.2,19,20.6,21.2,17.3,10.7,8.5,16,8,38,52,1,6,1,1,16,3,85,247,-53.2,12.5,17.7,21.5,14,24.2,32.9,27.1,38.7,17.3,-26.4,-42.6,4,3,2,0,0,0,0,0,0,0,2,7,169,180,239,251,338,427,433,482,485,382,168,115,233,176,162,146,91,28,24,13,18,62,220,293,2,2,5,6,17,68,55,94,114,32,0,0,28,26,30,29,31,30,31,31,30,31,27,27,0,0,0,0,0,0,0,0,0,0,1,2,41.506,57.42,82.511,103.016,130.232,145.408,138.648,136.217,110.982,78.066,44.116,30.829,25.842,49.271,44.969,50.634,128.912,139.789,137.99,135.052,95.142,74.946,0,0,67,60,64,62,62,63,66,64,64,64,65,74,-4.04,-6.21,-3.3,-2.26,-8.55,-9.96,-9.58,-11.03,-9.91,-8.75,2.62,20.94,15.6,20.3,25.6,22.3,5.3,8.1,13.5,10.5,10.4,14.2,19.6,16.4,232,91,7,104,-27.7,17.7,28.1,9.9,14,2,0,2,472,829,1342,1034,691,399,66,300,4,28,216,146,82,90,92,88,1,0,0,1,129,316,420,233,75,225,413,170,67,63,64,64,10.69,-14.11,-30.57,-16.04,15.1,21.2,8.5,12.7,474,25,53.1,861.6,18,3669,1467,394,351,34,354,320,1,-9,37.1,7,1099,883,64,-50.03,1993
2022,1176,NA,34.03974,-118.589581,-9999,20.5,21.1,22.1,21.8,21.8,24.8,24.7,27,27.2,24.5,20.1,18,10.9,10.3,11.3,12.6,13.5,16.8,17.3,19.6,19.3,16,10.3,9.8,15.7,15.7,16.7,17.2,17.6,20.8,21,23.3,23.3,20.3,15.2,13.9,7,9,52,23,1,1,0,1,8,9,56,104,-54.6,12.3,17.7,19,21.2,20.6,39.1,31.4,41.7,19.2,-26.7,-43.8,1,1,1,0,0,0,0,0,0,0,0,2,316,287,348,361,391,472,494,566,547,472,295,263,98,85,75,62,56,16,10,4,9,25,106,142,23,18,30,32,34,97,102,166,163,83,14,11,31,28,31,30,31,30,31,31,30,31,30,31,0,0,0,0,0,0,0,0,0,0,0,0,54.668,66.706,95.832,104.657,114.889,123.066,120.555,117.924,100.305,79.337,55.264,43.885,47.519,57.85,43.847,81.975,113.672,121.97,120.483,116.684,92.019,70.742,0,0,70,67,67,72,74,76,78,78,77,74,70,73,-6.39,-6.83,-2.97,-5.26,-7.07,-8.25,-8.05,-9.04,-8.69,-7.61,-1.37,4.6,19.7,21.9,25.5,24,10.1,12.5,17.9,15.2,14.9,17.2,21.7,19.6,240,76,2,73,-28.7,19.3,30.4,11.4,4,1,0,0,845,1099,1533,1314,344,192,29,140,49,96,364,260,90,92,92,91,0,0,0,0,165,315,362,235,105,239,359,163,70,71,77,73,-8.61,-15.31,-25.34,-17.67,18.4,23.3,13.9,9.4,271,12,104.8,1956.6,5,4812,686,773,365,8,363,355,0,0.7,38.9,8.1,1077,867,73,-66.93,3029
2022,3904095,NA,34.533002,-117.283871,-9999,16,17.4,22,25.2,29.1,34.7,37,37.5,33.8,27.4,16.2,14,1.5,1.8,5.2,7.9,11.1,16.4,19.6,20.2,16.8,10.4,1.7,0.2,8.7,9.6,13.6,16.5,20.1,25.5,28.3,28.9,25.3,18.9,9,7.1,6,21,8,14,2,8,2,22,19,9,27,45,-54.3,15.1,21.9,25.5,12.7,29,29.1,29.6,40.8,17.4,-26.7,-43.9,7,5,1,0,0,0,0,0,0,0,3,10,132,140,267,344,466,614,720,738,607,430,135,92,292,231,150,75,25,2,0,0,5,39,272,335,0,0,10,30,85,227,319,337,221,65,0,0,19,18,28,29,31,30,31,31,30,31,19,16,0,0,0,0,0,0,0,0,0,0,0,1,52.146,64.49,107.364,139.764,180.278,208.603,219.576,203.411,152.773,106.466,53.578,44.005,46.239,43.734,99.263,125.716,178.735,200.111,217.845,181.591,133.917,97.906,26.926,0,54,52,50,50,49,50,53,54,53,52,55,55,-5.76,-5.47,-9.6,-11.22,-15.73,-20.6,-23.63,-22.17,-18.05,-13.3,-3.87,-0.36,15.9,25.4,36.4,25.8,1.2,8.1,18.7,9.7,8.6,16.7,27.6,17.7,90,24,32,54,-27.7,20,29.2,10.5,22,1,0,3,369,1076,2073,1172,850,250,3,315,0,126,884,286,53,88,92,80,1,0,0,0,162,427,632,313,90,404,600,259,54,50,52,53,-11.59,-36.55,-66.41,-35.21,17.6,28.9,7.1,21.8,182,52,151.9,550.9,28,4685,1426,1295,314,81,323,242,1,-19.6,45.5,8,1533,1352,52,-149.76,3023
2022,3440200,NA,35.098215,-120.579118,-9999,19.7,20.8,20.5,20.5,20.3,22.1,20.7,22,23.7,22.8,19,16.3,6.2,5,7.1,8.2,8.9,12.2,13,13.8,14.7,11,5.6,6.5,12.9,12.9,13.8,14.3,14.6,17.2,16.8,17.9,19.2,16.9,12.3,11.4,14,10,54,27,2,1,0,1,20,2,45,144,-55.7,15,19.7,22,17.5,23.5,39.8,30.4,40.5,18.4,-27.3,-43.8,2,2,1,0,0,0,0,0,0,0,1,3,229,206,256,274,301,364,367,400,425,368,208,186,167,149,144,126,122,58,57,42,35,71,179,208,6,3,5,7,6,34,21,39,70,22,0,0,29,25,30,30,31,30,31,31,30,31,27,30,0,0,0,0,0,0,0,0,0,0,0,0,56.949,71.627,95.662,109.66,122.525,123.75,109.43,106.223,94.229,82.648,56.721,42.456,43.432,61.671,41.236,82.572,120.914,122.882,109.38,105.289,74.024,80.762,11.845,0,59,52,59,62,65,70,76,75,73,64,59,65,-6.36,-7.75,-2.65,-5.11,-7.36,-7.77,-6.56,-7.12,-6.18,-8.55,-2.9,8.77,19.1,20.5,21.6,21.8,5.7,8,13,10.4,12.4,14.2,17.3,16.1,196,83,2,67,-28.2,19.8,31.2,10.5,7,2,0,1,621,831,1132,1001,524,392,157,284,8,19,94,92,84,90,92,88,0,0,0,0,173,328,339,234,105,245,338,167,59,62,73,65,-5.34,-15.12,-21.45,-17.62,15,19.2,11.4,7.7,319,24,78.4,810.2,10,3584,1358,212,355,26,357,331,0,-8.6,35.5,8.3,1074,854,65,-59.53,1876
2022,3425410,NA,37.898448,-122.313558,-9999,15.9,18.8,19.3,19.2,20.8,23,20.9,23.3,25,22.4,16.5,12.8,6.5,6.7,8.4,8.6,10.3,13.3,13.4,14.5,15.2,11.9,6.4,5.5,11.2,12.7,13.9,13.9,15.6,18.2,17.1,18.9,20.1,17.2,11.4,9.2,22,7,37,57,2,7,0,1,18,3,70,215,-52.8,12,17,20,16.5,22.5,39.4,29.1,39.2,17.7,-26.2,-42.4,4,2,1,0,0,0,0,0,0,0,1,6,181,202,260,259,329,394,377,431,454,377,184,130,212,154,142,138,98,42,51,28,26,65,200,271,2,3,8,6,14,48,25,56,90,29,0,0,30,27,31,30,31,30,31,31,30,31,28,29,0,0,0,0,0,0,0,0,0,0,0,1,39.645,57.057,81.209,96.471,117.795,123.214,107.058,109.302,96.04,72.328,42.855,29.617,17.265,49.972,44.623,39.947,116.186,116.264,106.591,108.359,78.279,69.142,0,0,70,62,66,67,68,71,77,73,71,68,68,78,-3.1,-6.32,-3.3,-1.16,-7.28,-7.43,-6.53,-7.84,-7.41,-7.8,1.29,17.69,15.8,19.8,22.4,21.3,6.4,9.1,13.8,11.2,11.1,14.4,18.1,16.2,207,95,8,91,-27.7,17.9,30.3,10.2,11,2,0,2,521,848,1202,1014,628,378,121,291,6,29,129,118,87,92,92,89,1,0,0,0,126,295,340,211,67,201,331,147,70,67,74,69,8.27,-11.74,-21.81,-13.92,14.9,20.1,9.2,11,439,28,56.9,726.4,15,3577,1427,282,359,14,360,346,1,-6.4,34.6,7.7,972,747,70,-39.2,1890
2022,231694,NA,36.950879,-122.066217,-9999,18.1,20.1,20,19.6,20.5,23,21,23.1,24.7,22.7,17.4,14.9,4.9,4.8,6.3,6.4,8.3,11.4,12,12.9,13.3,9.4,3.8,3.7,11.5,12.5,13.2,13,14.4,17.2,16.5,18,19,16.1,10.6,9.3,28,23,59,69,4,5,2,2,28,7,116,291,-55,14.1,19.5,22.5,15.5,24,37.6,28.7,39.1,17.4,-27.1,-43.6,3,2,1,1,0,0,0,0,0,0,2,6,187,193,238,234,294,365,357,403,421,343,162,132,204,161,160,162,128,58,64,41,36,87,224,267,3,2,4,2,6,34,18,40,67,15,0,0,27,25,29,28,30,30,31,31,30,31,24,25,0,0,0,0,0,0,0,0,0,0,1,1,49.643,65.661,90.967,105.947,123.395,132.063,115.782,116.589,102.376,81.545,50.098,38.53,21.613,42.76,31.861,36.807,119.72,127.165,113.808,115.048,74.179,74.712,0,0,59,53,58,59,63,65,72,69,66,60,58,65,-4.13,-6,-1.99,-0.66,-7.35,-8.22,-6.89,-8.2,-6.75,-8.44,4.88,23.96,17.8,20,22.4,21.6,4.7,7,12.1,8.8,11.2,13.5,17.2,15.2,328,132,8,151,-28.2,19.2,30.1,9.8,11,2,0,2,524,767,1125,926,619,450,163,348,5,12,92,82,79,88,92,85,1,0,0,1,154,320,364,234,64,188,356,149,59,60,69,61,13.82,-10,-23.31,-10.31,14.3,19,9.3,9.7,633,40,38.3,472.5,16,3331,1594,192,342,52,346,294,1,-10.2,34.8,7.7,1073,758,62,-29.79,1667
2023,2275918,NA,37.42756,-122.17152,-9999,14.2,14.7,14.6,20.5,20.9,23.1,28.2,28.2,24.7,24.4,19.2,16.4,5.4,3.7,4.8,7,9.5,10.9,13.3,14.3,12,10.9,7.7,6.8,9.8,9.2,9.7,13.8,15.2,17,20.7,21.3,18.3,17.7,13.5,11.6,244,102,196,14,20,2,1,2,6,21,53,131,-52,11.8,16.2,22.6,15.7,23.3,27.1,26,39,16.9,-27.2,-43.6,5,6,4,0,0,0,0,0,0,0,1,3,147,119,144,257,318,361,487,504,400,392,245,193,259,243,260,141,107,61,11,10,45,57,148,204,0,0,0,6,12,32,96,110,55,36,5,3,28,23,27,29,31,30,31,31,30,31,29,30,1,1,1,0,0,0,0,0,0,0,0,0,37.369,48.947,67.554,109.067,122.172,134.913,166.266,147.8,105.023,84.752,49.828,38.049,0,0,0,95.098,102.322,132.988,165.729,145.77,99.493,64.215,0,0,71,64,68,59,65,63,57,60,62,60,64,69,19.74,5.12,14.67,-6.68,-5.76,-8.84,-12.83,-12.38,-9.44,-8.06,-1.77,7.49,14.2,18.7,26.5,22.8,4.4,7.1,12.8,10.2,9.3,12.9,19.7,16.5,560,230,4,79,-27.9,18.2,25.5,9.5,17,5,0,1,392,719,1351,1036,778,507,81,250,0,18,238,96,77,87,92,90,3,1,0,0,121,299,449,240,0,197,444,164,68,64,60,62,32.35,2.23,-34.05,-19.27,14.8,21.3,9.2,12.1,790,30,31.4,711.7,20,3566,1543,356,350,33,351,318,4,-8.2,38.5,6.3,1108,806,64,-18.74,1907
2023,5504847,NA,37.6553,-122.0567,-9999,13.4,13.7,13.5,19,19.1,21.2,26.3,26.4,23.2,23.1,18.7,15.6,5.3,3.4,4.7,7.1,9.5,10.9,13.5,14.6,12.5,11.4,7.9,6.9,9.3,8.6,9.1,13,14.3,16,19.9,20.5,17.8,17.3,13.3,11.2,297,113,229,18,24,2,1,2,5,24,60,139,-51.3,11.2,15.2,21.3,18.9,22,30.4,27.4,39.5,17.4,-27,-43.3,6,7,5,1,0,0,0,0,0,0,1,3,135,105,128,235,291,330,462,481,385,380,240,184,273,259,279,161,131,81,16,14,52,63,152,213,0,0,0,3,6,21,76,93,47,31,4,2,28,22,27,29,31,30,31,31,30,31,29,31,2,1,1,0,0,0,0,0,0,0,0,0,34.906,45.802,62.222,99.781,108.775,120.174,150.724,133.458,94.49,77.326,47.682,35.358,0,0,0,82.226,84.887,118.111,150.216,131.149,89.583,53.19,0,0,73,66,71,63,70,68,62,65,68,65,66,73,25.5,6.79,18.65,-5.35,-4.19,-7.41,-11.02,-10.57,-8.14,-6.52,-0.78,8.68,13.2,17.2,24.6,21.7,4.4,7.1,13,10.6,8.8,12.1,18.8,16.1,657,271,5,89,-27.8,18.5,26.6,10,20,6,0,1,354,653,1273,1004,825,571,111,268,0,10,190,82,77,87,92,90,5,1,0,0,112,271,404,219,0,167,399,143,71,68,65,66,40.97,9.11,-29,-15.44,14.2,20.5,8.6,11.9,913,34,26.5,609.2,23,3356,1695,284,350,32,354,322,6,-9,37.1,6.8,1006,709,67,5.64,1734
2023,1176,NA,34.03974,-118.589581,-9999,16.7,17.2,15.6,20.1,18.7,19.1,26.1,25.5,22.7,24.7,23.2,21.2,9.1,7.7,8.7,11.3,13,13.6,18.1,18,16.6,15.7,12.8,11.6,12.9,12.4,12.2,15.7,15.9,16.3,22.1,21.7,19.7,20.2,18,16.4,273,168,205,9,21,3,0,45,5,5,38,118,-52.3,11.6,14.2,18.7,25.7,18.8,37.8,31.5,41.9,19.1,-27.4,-44.5,2,2,2,0,0,0,0,0,0,0,0,1,232,196,211,316,339,339,530,519,439,469,378,338,168,162,188,92,90,75,5,8,30,26,53,85,7,3,0,17,16,24,130,121,79,81,47,33,31,28,31,30,31,30,31,31,30,31,30,31,0,0,0,0,0,0,0,0,0,0,0,0,44.457,56.355,66.264,97.769,90.676,90.293,129.223,113.389,80.646,81.264,62.137,51.355,0,0,0,89.083,69.8,87.633,129.156,68.601,75.218,76.529,23.673,0,76,70,78,73,82,83,76,78,81,73,68,74,22.11,11.01,15.76,-5.83,-3.17,-5.01,-9,-3.95,-6.21,-8.25,-4.73,4.42,17.3,18.2,23.6,23.6,8.9,11,16.6,15,13.1,14.6,20.1,19.3,545,234,48,49,-28.4,19.5,29.4,11.2,6,2,0,0,692,866,1388,1287,472,370,88,109,21,33,275,208,90,92,92,91,1,0,0,0,145,255,333,224,0,159,285,175,73,77,79,74,37.54,6.76,-17.96,-19.19,17,22.1,12.2,10,890,74,30.3,299.8,8,4307,981,559,365,0,365,365,1,0.7,38.9,7.9,956,620,76,7.14,2542
2023,3904095,NA,34.533002,-117.283871,-9999,12.2,13.8,14.8,24.1,26.5,29.5,38.7,35.4,30.3,26.7,19.4,16.5,0,-0.4,2,6.8,10.3,12.4,20,18,13.6,9.5,3.8,1.7,6.1,6.7,8.4,15.4,18.4,20.9,29.3,26.7,21.9,18.1,11.6,9.1,52,38,56,2,10,3,1,63,7,3,12,29,-52.2,14.6,19.1,25.6,15,27.5,27.9,30,41.5,17.5,-27.6,-44.4,15,11,6,0,0,0,0,0,0,0,1,6,76,80,127,313,414,477,752,670,507,406,200,140,373,313,299,99,44,15,0,1,14,49,197,273,0,0,0,22,55,100,351,270,131,52,3,1,15,12,21,29,31,30,31,31,30,31,24,20,1,1,0,0,0,0,0,0,0,0,0,0,43,55.02,78.299,135.156,163.597,180.792,232.071,194.523,139.722,104.998,61.167,49.167,0,17.052,22.552,132.665,153.952,178.219,230.993,132.022,132.517,101.826,49.001,20.314,60,54,59,50,53,52,51,53,53,51,52,56,1.42,-0.9,0.04,-11.6,-12.31,-15.71,-26.41,-15.65,-15.75,-13.41,-7.53,-3.91,13.3,21.8,34.5,25.5,-0.1,6.4,16.8,9,6.6,14.1,25.6,17.2,136,68,66,23,-27.3,19.9,28.5,10.5,36,6,0,1,249,854,1899,1113,1020,442,16,260,0,77,720,187,43,81,92,85,3,0,0,0,142,377,607,306,17,309,541,283,57,54,52,52,-3.4,-23.87,-57.77,-36.69,16.1,29.3,6.1,23.2,276,83,94.5,353.3,40,4162,1676,985,305,82,323,241,3,-19.6,45.5,7.9,1432,1151,53,-121.72,2571
2023,3440200,NA,35.098215,-120.579118,-9999,15.9,16.1,14.8,18.6,17.1,16.5,22.6,21.3,19.5,23,22.2,19.6,6.1,4.4,6.1,7.4,9.5,10.7,13.2,13.5,12.5,10.9,8.2,7.7,11,10.2,10.4,13,13.3,13.6,17.9,17.4,16,17,15.2,13.6,249,120,199,5,24,7,0,7,3,4,34,139,-53,12.9,15.7,21.1,23.2,20.3,37,30.7,40.8,18.3,-28.1,-44.7,4,4,3,1,0,0,0,0,0,0,0,2,174,140,160,234,260,257,401,386,331,371,293,251,217,213,237,164,160,137,37,50,85,69,105,149,0,0,0,0,0,7,35,32,26,23,12,9,29,24,29,29,31,30,31,31,30,31,30,31,1,0,0,0,0,0,0,0,0,0,0,0,45.389,56.219,68.778,99.971,95.555,85.193,124.364,102.275,76.536,83.73,63.575,50.269,0,0,0,95.026,71.098,78.103,124.317,95.772,73.875,79.463,30.074,0,69,63,72,65,76,81,71,76,78,64,58,69,19.46,6.04,15.01,-6.23,-2.84,-3.93,-7.89,-6.16,-5.67,-8.49,-5.68,6.54,16.1,16.8,20.1,21.6,5.7,7.6,12.5,10.5,10.9,12.2,16.3,16.1,512,228,14,40,-28.3,20,29.3,10.3,11,4,0,1,499,654,1044,995,638,560,225,259,0,0,74,61,84,89,92,91,2,0,0,0,144,264,312,224,0,166,298,183,67,71,76,66,32.05,5.94,-17.98,-19.83,14.1,17.9,10.2,7.7,790,41,30.5,439.6,14,3258,1624,144,356,20,356,337,2,-8.6,35.5,7.8,944,648,70,0.17,1577
2023,3425410,NA,37.898448,-122.313558,-9999,13.6,14.3,13.9,18.5,17.9,18.9,22.5,23,20.9,22.3,18.8,15.7,6.5,4.6,5.7,8.1,10.3,11.5,13.6,14.8,12.9,12.1,9.1,8,10,9.5,9.8,13.3,14.1,15.2,18.1,18.9,16.9,17.2,13.9,11.8,299,114,216,25,23,1,0,1,7,30,63,134,-50.9,10.8,14.7,19.9,21.6,20.6,36.7,29.3,39.8,17.7,-26.7,-43,5,5,4,1,0,0,0,0,0,0,1,3,149,122,143,242,285,305,406,432,357,378,256,196,252,235,257,155,136,101,35,28,68,65,136,198,0,0,0,3,5,14,38,57,35,28,6,3,30,24,29,29,31,30,31,31,30,31,30,31,2,0,1,0,0,0,0,0,0,0,0,0,33.2,45.694,61.501,93.737,96.241,98.827,119.528,105.832,79.115,71.85,45.582,33.382,0,0,0,69.118,73.197,97.35,119.204,104.528,72.587,42.134,0,0,77,68,73,67,76,77,73,75,75,69,69,76,25.68,6.61,17.09,-4.03,-3.27,-5.65,-7.67,-7.49,-6.04,-5.08,-0.16,8.47,13.6,16.8,21.5,20.7,5.5,8,13.3,11.4,9.6,12.4,17.4,16,628,263,3,99,-27.7,18.7,28.8,10.3,16,5,0,1,400,669,1142,991,758,548,164,268,0,8,109,69,83,89,92,91,3,1,0,0,109,251,324,197,0,142,321,115,74,72,75,71,40.76,9.79,-20.81,-11.28,14.1,18.9,9.5,9.5,912,33,26.4,579.1,19,3270,1665,189,357,14,360,346,4,-6.4,34.6,7.5,881,578,73,18.46,1628
2023,231694,NA,36.950879,-122.066217,-9999,14.5,15,14.7,18.4,17.2,18.3,22.5,22.7,20.8,22.6,20,17.2,4.7,3.1,4.4,6.4,8.9,9.9,12.4,13.3,10.9,9.7,6.6,6,9.6,9,9.6,12.4,13,14.1,17.4,18,15.8,16.2,13.3,11.6,386,168,284,19,40,7,2,4,11,21,97,207,-52.5,12.5,16.7,21.6,21.5,21,35.5,29.1,39.7,17.5,-27.8,-44.1,6,6,4,1,0,0,0,0,0,0,1,3,139,112,138,215,252,272,386,402,325,347,238,190,264,247,263,180,167,126,46,41,89,85,152,204,0,0,0,0,0,9,28,40,25,16,2,2,27,21,27,28,31,30,31,31,30,31,28,29,2,1,1,0,0,0,0,0,0,0,0,0,40.138,51.359,69.628,99.031,97.709,103.017,125.801,111.618,86.943,80.513,54.469,42.087,0,0,0,79.678,57.487,96.41,123.888,107.942,76.31,59.272,0,0,68,62,67,62,73,73,69,71,69,61,59,64,33.71,11.57,23.36,-4.87,-1.47,-5.25,-7.86,-7.5,-6.16,-6.84,1.9,14.51,14.8,16.7,21.1,21.1,3.8,6.5,11.8,9.1,9.3,11.6,16.5,15.1,845,343,12,129,-28.1,19.9,28.5,9.8,17,5,0,1,383,605,1060,910,779,610,213,326,0,0,76,42,74,86,92,89,5,1,0,0,130,266,340,222,0,137,328,136,65,68,71,63,59.79,17.02,-20.61,-11.1,13.3,18,9,8.9,1246,63,18.7,285,21,3016,1864,121,344,43,344,300,7,-10.2,34.8,7.6,959,601,67,45.1,1406
2024,2275918,NA,37.42756,-122.17152,-9999,15.1,15.8,17.2,20.5,23.2,27.1,30,27.4,27.6,26.8,16.7,16.6,5.9,6.2,6.8,7.7,9.3,11.9,14.8,13.3,12.8,11.6,5.6,6.2,10.5,11,12,14.1,16.2,19.5,22.4,20.3,20.2,19.2,11.1,11.4,127,169,108,50,17,1,1,1,2,9,96,128,-52.5,10.7,16.7,22.1,11.9,25.4,25.3,26.2,38.2,16.1,-26.5,-43.8,4,3,2,0,0,0,0,0,0,0,2,3,165,160,203,266,349,434,538,475,456,440,176,189,237,199,193,132,82,26,5,15,25,35,208,208,1,0,1,8,20,72,137,88,91,63,0,3,29,27,30,29,31,30,31,31,30,31,27,30,1,0,0,0,0,0,0,0,0,0,1,0,39.264,48.521,75.292,107.649,139.076,161.006,175.339,145.443,119.178,93.785,45.248,39.118,0,0,0,58.002,122.323,159.895,174.706,144.081,117.384,84.532,0,0,70,69,67,61,58,56,57,59,57,56,65,69,7.61,11.52,4.74,-2.98,-7.85,-12.12,-14.28,-11.98,-12.27,-11.15,3.57,7.03,15.8,20.3,28.2,23.7,6.3,7.9,13.3,10,11,14.1,20.7,16.9,427,174,3,107,-28.5,16.9,25.7,9.3,11,3,0,2,518,819,1447,1072,639,408,46,268,4,29,298,154,86,90,92,88,1,0,0,1,126,322,482,258,0,180,479,202,70,62,57,59,26.16,-6.09,-38.38,-19.86,15.7,22.4,10.5,11.9,708,22,36.3,1033.4,15,3850,1366,485,355,25,356,331,1,-8.2,38.5,5.8,1188,861,62,-38.17,2158
2024,5504847,NA,37.6553,-122.0567,-9999,14.3,15.1,16.3,19.3,21.7,25.4,28.5,25.6,26.4,25.5,16.5,15.5,6.4,6.3,7,7.9,9.7,12.2,15.2,13.5,13.3,12.5,6.6,6.7,10.4,10.7,11.6,13.6,15.7,18.8,21.9,19.5,19.9,19,11.5,11.1,152,186,123,70,22,1,1,2,2,13,124,153,-51.6,10.1,15.7,20.9,14.7,23.8,28.3,27.5,38.8,16.7,-26.2,-43.2,5,4,2,0,0,0,0,0,0,0,1,4,161,152,194,251,333,414,522,451,446,433,187,180,241,201,202,146,95,33,6,21,28,38,198,217,1,0,0,5,16,60,123,70,84,58,0,2,30,27,30,29,31,30,31,31,30,31,28,30,1,0,0,0,0,0,0,0,0,0,1,0,35.82,45.56,70.23,99.689,126.999,147.192,161.219,131.436,110.772,85.489,43.137,35.217,0,0,0,29.667,105.461,146.219,160.669,129.316,108.651,72.098,0,0,74,72,70,64,63,61,62,64,61,62,68,72,10.59,13.63,6.76,-0.14,-6.19,-10.56,-12.57,-10.19,-11.02,-9.28,6.63,10.11,15,19.1,26.5,22.8,6.5,8.2,13.7,10.8,10.8,13.6,20.1,16.8,477,215,4,139,-28.2,17.1,26.5,9.7,12,3,0,1,497,778,1388,1066,655,443,60,264,3,21,253,142,87,90,92,89,1,0,0,1,117,297,440,239,0,135,436,181,73,66,62,64,34.33,0.43,-33.32,-13.68,15.3,21.9,10.4,11.5,848,27,29.8,800.9,16,3725,1425,419,358,17,360,343,2,-9,37.1,6.3,1093,752,66,-12.24,2038
2024,1176,NA,34.03974,-118.589581,-9999,19.1,17.5,18.2,19.1,19.1,22.9,26.5,25.9,26,26,21.1,21.5,10.1,9.8,10,11,12.8,15.8,18.3,17.8,17.6,16.2,11.5,11.3,14.6,13.6,14.1,15.1,16,19.4,22.4,21.9,21.8,21.1,16.3,16.4,56,327,125,35,3,1,0,2,1,1,9,2,-53.9,10.3,15.4,18.1,24.7,19.3,37.5,31.3,41.7,18.8,-26.8,-44.7,1,2,1,0,0,0,0,0,0,0,0,1,283,228,269,297,341,430,539,523,503,496,327,337,123,131,135,107,88,27,5,7,15,19,82,85,14,6,8,12,16,70,138,125,128,101,23,32,31,28,31,30,31,30,31,31,30,31,30,31,0,0,0,0,0,0,0,0,0,0,0,0,51.348,53,77.093,92.205,95.965,112.402,131.542,119.003,99.464,86.889,56.545,53.248,0,0,0,57.502,93.142,111.884,131.464,117.363,98.848,85.771,47.335,50.873,72,75,74,74,80,78,76,76,75,71,70,70,-0.8,27.23,6.64,-2.67,-5.32,-7.2,-9.26,-8.8,-9.04,-9.6,-6.4,-7.51,19.3,18.8,25.1,24.3,10.5,11.3,17.3,15.1,14.9,15.1,21.2,19.7,501,162,2,11,-29.4,19.4,29.4,11.2,4,1,0,0,847,907,1492,1326,340,331,39,117,53,36,333,252,90,92,92,91,0,0,0,0,156,265,363,243,0,151,361,232,72,76,76,72,18.93,-1.35,-25.27,-25.04,17.7,22.4,13.6,8.8,562,6,49.4,3948.7,6,4573,825,674,365,0,365,365,0,0.7,38.9,7.6,1027,743,74,-32.73,2797
2024,3904095,NA,34.533002,-117.283871,-9999,14.8,15.3,17.2,23.1,28.6,35.9,40.1,37.2,34,30.2,18.3,19.3,1.4,2.7,3.7,5.8,10.6,16.5,20.7,17.8,14.8,11,2.5,2.5,8.1,9,10.4,14.5,19.6,26.2,30.4,27.5,24.4,20.6,10.4,10.9,36,113,49,19,3,1,5,8,3,1,2,1,-53.6,13.5,19.6,25.7,13,29,27,29.4,40.4,16.7,-27.3,-45.1,9,6,3,0,0,0,0,0,0,0,2,4,117,127,178,284,451,636,784,695,580,481,170,184,311,248,236,123,30,2,0,0,6,23,229,219,0,0,2,15,76,248,383,294,194,100,1,3,19,21,25,28,31,30,31,31,30,31,21,22,0,1,0,0,0,0,0,0,0,0,0,0,48.962,56.621,86.737,131.366,177.675,218.297,241.806,208.681,159.195,118.419,58.963,55.797,12.86,0,37.364,111.868,174.773,217.604,237.131,200.207,156.535,117.386,57.439,54.97,57,60,58,49,49,48,50,49,48,47,52,54,-1.88,5.37,-2.34,-9.29,-15.13,-23.34,-28.42,-24.11,-20.88,-17.13,-8.06,-8.81,15.5,23,37.7,27.5,2,6.7,18.4,9.4,8.7,14.8,28,18.5,178,72,14,5,-28.4,19.5,28.5,10,20,4,0,2,384,913,2115,1231,831,389,2,258,1,93,926,295,60,84,92,82,1,0,0,0,155,396,669,337,33,324,655,331,57,52,49,49,-5.32,-26.76,-75.87,-46.07,17.7,30.4,8.1,22.3,240,19,115.1,1566.1,24,4687,1427,1317,320,84,327,243,1,-19.6,45.5,7.4,1556,1343,51,-154.02,2990
2024,3440200,NA,35.098215,-120.579118,-9999,17.3,17.1,17.7,17.8,17.8,20.6,22.2,21.7,21.6,24.1,18.8,20,6.8,7.4,7.1,8,9.1,11.9,13,12.2,12.1,11.2,6.6,7.2,12.1,12.3,12.4,12.9,13.5,16.2,17.6,16.9,16.9,17.6,12.7,13.6,77,202,112,60,6,1,0,1,7,2,68,37,-53.9,11.4,17.3,19.9,21.6,21.2,37.4,30.2,40.5,18.1,-27.1,-44.9,3,2,2,1,0,0,0,0,0,0,1,2,200,184,212,233,266,337,392,371,356,392,219,247,191,166,182,165,154,76,42,59,68,57,168,151,2,0,0,0,0,23,31,26,35,31,0,7,30,28,30,29,31,30,31,31,30,31,28,31,0,0,0,0,0,0,0,0,0,0,0,0,48.921,54.836,80.924,93.678,102.616,112.671,122.048,110.995,90.929,88.226,55.079,52.006,0,0,0,33.362,96.249,111.978,122.003,110.091,83.853,86.572,0,15.305,67,69,67,69,73,73,72,71,71,61,62,63,1.59,14.32,4.97,-0.1,-5.17,-6.76,-7.65,-7.4,-6.78,-9.56,-0.24,-4.02,18,17.8,21.5,21.5,7.3,8.1,12.4,10,12.7,12.9,16.9,15.7,417,179,2,77,-29.1,19.6,29.6,10.5,7,3,0,1,633,710,1100,967,506,501,178,293,9,0,80,65,89,90,92,89,0,0,0,0,154,277,346,234,0,130,344,170,66,69,72,65,11.89,-0.3,-21.81,-16.58,14.6,17.6,12.1,5.6,573,15,42.9,1169.7,11,3408,1479,154,360,11,358,347,1,-8.6,35.5,7.6,1011,644,68,-26.8,1716
2024,3425410,NA,37.898448,-122.313558,-9999,14.6,15.3,16.5,18.7,20.2,22.5,24.6,22.1,23.9,24.7,16.5,15.4,8.2,7.9,8.5,9.2,10.3,12.2,14.6,13.6,13.6,13,8.2,8.1,11.4,11.6,12.5,13.9,15.3,17.3,19.6,17.8,18.7,18.9,12.4,11.7,158,193,116,62,20,1,0,2,2,18,155,149,-50.9,9.1,14.4,19.1,17.5,22.1,34.1,29.4,39.3,17,-25.8,-42.8,3,3,2,0,0,0,0,0,0,0,1,3,182,168,215,261,320,370,453,398,412,430,209,192,208,185,180,137,105,55,18,43,40,39,177,200,2,0,0,6,11,36,69,37,62,54,0,2,31,28,31,30,31,30,31,31,30,31,30,31,1,0,0,0,0,0,0,0,0,0,1,0,33.145,42.926,66.218,91.652,113.624,124.759,131.314,104.981,95.049,80.441,40.257,32.398,0,0,0,29.482,93.284,124.223,130.954,103.185,93.203,62.622,0,0,79,76,75,70,69,68,70,74,69,65,73,75,11.47,14.61,6.39,-0.14,-5.01,-8.09,-8.95,-7.2,-8.64,-7.93,10.12,10.16,15.2,18.5,23.1,21.7,8,9.3,13.5,11.6,11.6,13.9,18.3,16.7,485,198,3,174,-28.2,17,28.6,10.1,9,2,0,1,544,796,1221,1050,590,421,116,256,4,17,142,116,90,92,92,91,1,0,0,1,109,271,361,216,0,123,358,156,77,71,71,69,36.25,1.23,-24.24,-6.45,15.1,19.6,11.4,8.2,875,25,28.7,788.2,13,3609,1386,279,364,0,365,365,1,-6.4,34.6,6.9,958,637,72,6.78,1922
2024,231694,NA,36.950879,-122.066217,-9999,15.6,16.4,17.5,18.4,19.4,22.5,23.9,22.8,23.5,25.1,17.4,18,4.9,5.8,6.1,7.2,8.5,10.9,13.4,12.5,11.8,10.3,4.5,5.3,10.2,11.1,11.8,12.8,14,16.7,18.7,17.6,17.6,17.7,10.9,11.7,190,270,167,86,30,6,3,2,8,9,162,158,-53.2,11.5,17.6,20.9,17.5,22.9,34.2,28.7,39.3,16.7,-27,-44.5,5,3,2,1,0,0,0,0,0,0,2,3,154,159,195,228,281,351,424,393,379,394,170,192,246,196,198,168,140,67,27,46,55,55,213,201,0,0,0,1,3,28,48,35,44,35,0,2,27,26,29,29,30,30,31,31,30,31,25,28,1,1,0,0,0,0,0,0,0,0,1,0,42.847,52.093,79.056,97.112,114.921,130.95,132.157,116.532,99.799,90.014,49.603,44.774,0,0,0,11.261,85.388,125.168,129.297,114.253,91.77,81.064,0,0,66,66,64,65,66,65,68,68,65,56,59,64,13.44,21.25,10.41,1.94,-3.97,-7.97,-8.52,-8.07,-8.22,-9.95,9.6,8.99,16.4,18.4,23.1,22,5.6,7.3,12.3,8.9,11,12.8,17.7,15.4,667,283,11,179,-28.7,18.6,28.6,9.7,11,3,0,2,502,704,1167,943,645,506,140,323,2,4,111,79,83,89,92,86,2,0,0,1,137,291,380,239,0,97,369,173,65,65,67,60,43.69,8.38,-24.55,-8.58,14.2,18.7,10.2,8.4,1091,48,22.2,384.8,16,3318,1613,196,349,36,348,312,3,-10.2,34.8,7,1047,638,64,18.94,1666
