gbifID,accessRights,bibliographicCitation,language,license,modified,publisher,references,rightsHolder,type,institutionID,collectionID,datasetID,institutionCode,collectionCode,datasetName,ownerInstitutionCode,basisOfRecord,informationWithheld,dataGeneralizations,dynamicProperties,occurrenceID,catalogNumber,recordNumber,recordedBy,recordedByID,individualCount,organismQuantity,organismQuantityType,sex,lifeStage,reproductiveCondition,caste,behavior,vitality,establishmentMeans,degreeOfEstablishment,pathway,georeferenceVerificationStatus,occurrenceStatus,preparations,disposition,associatedOccurrences,associatedReferences,associatedSequences,associatedTaxa,otherCatalogNumbers,occurrenceRemarks,organismID,organismName,organismScope,associatedOrganisms,previousIdentifications,organismRemarks,materialEntityID,materialEntityRemarks,verbatimLabel,materialSampleID,eventID,parentEventID,eventType,fieldNumber,eventDate,eventTime,startDayOfYear,endDayOfYear,year,month,day,verbatimEventDate,habitat,samplingProtocol,sampleSizeValue,sampleSizeUnit,samplingEffort,fieldNotes,eventRemarks,locationID,higherGeographyID,higherGeography,continent,waterBody,islandGroup,island,countryCode,stateProvince,county,municipality,locality,verbatimLocality,verbatimElevation,verticalDatum,verbatimDepth,minimumDistanceAboveSurfaceInMeters,maximumDistanceAboveSurfaceInMeters,locationAccordingTo,locationRemarks,decimalLatitude,decimalLongitude,coordinateUncertaintyInMeters,coordinatePrecision,pointRadiusSpatialFit,verbatimCoordinateSystem,verbatimSRS,footprintWKT,footprintSRS,footprintSpatialFit,georeferencedBy,georeferencedDate,georeferenceProtocol,georeferenceSources,georeferenceRemarks,geologicalContextID,earliestEonOrLowestEonothem,latestEonOrHighestEonothem,earliestEraOrLowestErathem,latestEraOrHighestErathem,earliestPeriodOrLowestSystem,latestPeriodOrHighestSystem,earliestEpochOrLowestSeries,latestEpochOrHighestSeries,earliestAgeOrLowestStage,latestAgeOrHighestStage,lowestBiostratigraphicZone,highestBiostratigraphicZone,lithostratigraphicTerms,group,formation,member,bed,identificationID,verbatimIdentification,identificationQualifier,typeStatus,identifiedBy,identifiedByID,dateIdentified,identificationReferences,identificationVerificationStatus,identificationRemarks,taxonID,scientificNameID,acceptedNameUsageID,parentNameUsageID,originalNameUsageID,nameAccordingToID,namePublishedInID,taxonConceptID,scientificName,acceptedNameUsage,parentNameUsage,originalNameUsage,nameAccordingTo,namePublishedIn,namePublishedInYear,higherClassification,kingdom,phylum,class,order,superfamily,family,subfamily,tribe,subtribe,genus,genericName,subgenus,infragenericEpithet,specificEpithet,infraspecificEpithet,cultivarEpithet,taxonRank,verbatimTaxonRank,vernacularName,nomenclaturalCode,taxonomicStatus,nomenclaturalStatus,taxonRemarks,datasetKey,publishingCountry,lastInterpreted,elevation,elevationAccuracy,depth,depthAccuracy,distanceFromCentroidInMeters,issue,taxonomicIssue,nonTaxonomicIssue,mediaType,hasCoordinate,hasGeospatialIssues,taxonKey,acceptedTaxonKey,kingdomKey,phylumKey,classKey,orderKey,familyKey,genusKey,subgenusKey,speciesKey,species,acceptedScientificName,verbatimScientificName,typifiedName,protocol,lastParsed,lastCrawled,isInvasive,repatriated,relativeOrganismQuantity,projectId,isSequenced,gbifRegion,publishedByGbifRegion,level0Gid,level0Name,level1Gid,level1Name,level2Gid,level2Name,level3Gid,level3Name,iucnRedListCategory
2996761652,,Herbário Virtual REFLORA Disponível em: http://herbariovirtualreflora.jbrj.gov.br/reflora/herbarioVirtual/ConsultaPublicoHVUC/ConsultaPublicoHVUC.do?idTestemunho=3875601,,CC_BY_4_0,,,,MBM,,,,,MBM,MBM,,,PRESERVED_SPECIMEN,,,,3875601,MBM265106,2867,"Stone, J;et al.,Stone, J.",,,,,,,,,,,,,,,PRESENT,,,,,,,MBM 265106,,,,,,,,,,,,,,,,2000-04-05,,96,96,2000,4,5,2000-4-5,,,,,,,,,,,,,,,US,,,,California,,,,,,,,,0.0,0.0,,,,,,,,,,,,,,,,,,,,,,,,,,,,,,,,,,,,"Stone, J",,,,,,,,,,,,,,Raphanus sativus L.,,,,,,,,Plantae,Tracheophyta,Magnoliopsida,Brassicales,,Brassicaceae,,,,Raphanus,Raphanus,,,sativus,,,SPECIES,,,,ACCEPTED,,,5c9a924c-8d45-4452-8604-415a118578aa,BR,2026-01-01T12:19:33.285Z,0.0,0.0,,,,ZERO_COORDINATE;GEODETIC_DATUM_ASSUMED_WGS84;COUNTRY_COORDINATE_MISMATCH;RECORDED_DATE_INVALID;IDENTIFIED_DATE_INVALID;INSTITUTION_MATCH_FUZZY;COLLECTION_MATCH_FUZZY,,,,true,true,7678610,7678610,6,7707728,220,7225535,3112,3040962,,7678610,Raphanus sativus,Raphanus sativus L.,Raphanus sativus L.,,EML,2026-01-01T12:19:33.285Z,2026-01-01T12:12:53.844Z,,true,,,false,NORTH_AMERICA,LATIN_AMERICA,,,,,,,,,
3766309155,,,,CC_BY_NC_4_0,2025-06-28T00:20:08Z,,https://sernecportal.org/portal/collections/individual/index.php?occid=29297886,,,,fb00bc20-ee65-444c-b92f-2b36048d009b,,AUA,,,,PRESERVED_SPECIMEN,,,,35e06196-f915-11e2-9428-c94601350785,,,"Walters, N. K.",,,,,,,flower & fruit,,,,,,,,PRESENT,,,,,,,58639,,,,,,,,,,,,,,,,1989-03-26,,85,85,1989,3,26,03/26/1989,GROWING IN SOIL COMPOSED MAINLY OF RED CLAY SEVERAL FEET FROM EDGE OF LG. DIRT CLEARING AMONG GRASSES AND OTHER PLANTS; SEVERAL PLANTS OBSERVED.,,,,,,,,,,,,,,US,Alabama,Lee,,"N OF AUBURN ON LEE CO. 54, 1.1 MI. W OF INTERSECTION OF LEE CO. 54 AND LEE CO. 11.",,,,,,,,,,,,,,,,,,,,,,,,,,,,,,,,,,,,,,,,,,,,,,,,,,,,1212,,,,,,,,Raphanus raphanistrum L.,,,,,,,Plantae|Spermatophyta|Tracheophyta|Magnoliophyta|Eudicots|Core Eudicots|Malvids|Rosids|Brassicales|Brassicaceae|Raphanus,Plantae,Tracheophyta,Magnoliopsida,Brassicales,,Brassicaceae,,,,Raphanus,Raphanus,,,raphanistrum,,,SPECIES,,,,ACCEPTED,,,1357f50f-ae5c-4813-a8b2-5be49c604857,US,2026-01-06T18:53:51.269Z,,,,,,TAXON_ID_NOT_FOUND;INSTITUTION_MATCH_FUZZY,,,,false,false,3040983,3040983,6,7707728,220,7225535,3112,3040962,,3040983,Raphanus raphanistrum,Raphanus raphanistrum L.,Raphanus raphanistrum,,DWC_ARCHIVE,2026-01-06T18:53:51.269Z,2026-01-06T18:52:44.037Z,,false,,,false,NORTH_AMERICA,NORTH_AMERICA,,,,,,,,,
3766309205,,,,CC_BY_NC_4_0,2025-06-28T00:20:08Z,,https://sernecportal.org/portal/collections/individual/index.php?occid=29297854,,,,fb00bc20-ee65-444c-b92f-2b36048d009b,,AUA,,,,PRESERVED_SPECIMEN,,,,3558844d-f915-11e2-9428-c94601350785,,7195,"Diamond, Jr., Alvin R.",,,,,,,flower & fruit,,,,,,,,PRESENT,,,,,,,52738,,,,,,,,,,,,,,,,1990-12-21,,355,355,1990,12,21,12/21/1990,SANDY SOIL IN FULL SUN. EDGE OF THE ROAD. DISTURBED SOIL. VERY COMMON.,,,,,,,,,,,,,,US,Alabama,Elmore,,NORTH SIDE OF ELMORE COUNTY HWY. 4.,,,,,,,,,,,,,,,,,,,,,,,,,,,,,,,,,,,,,,,,,,,,,,,,,,,,1212,,,,,,,,Raphanus raphanistrum L.,,,,,,,Plantae|Spermatophyta|Tracheophyta|Magnoliophyta|Eudicots|Core Eudicots|Malvids|Rosids|Brassicales|Brassicaceae|Raphanus,Plantae,Tracheophyta,Magnoliopsida,Brassicales,,Brassicaceae,,,,Raphanus,Raphanus,,,raphanistrum,,,SPECIES,,,,ACCEPTED,,,1357f50f-ae5c-4813-a8b2-5be49c604857,US,2026-01-06T18:53:51.365Z,,,,,,TAXON_ID_NOT_FOUND;INSTITUTION_MATCH_FUZZY,,,,false,false,3040983,3040983,6,7707728,220,7225535,3112,3040962,,3040983,Raphanus raphanistrum,Raphanus raphanistrum L.,Raphanus raphanistrum,,DWC_ARCHIVE,2026-01-06T18:53:51.365Z,2026-01-06T18:52:44.037Z,,false,,,false,NORTH_AMERICA,NORTH_AMERICA,,,,,,,,,
3766309264,,,,CC_BY_NC_4_0,2025-06-28T00:20:08Z,,https://sernecportal.org/portal/collections/individual/index.php?occid=29297838,,,,fb00bc20-ee65-444c-b92f-2b36048d009b,,AUA,,,,PRESERVED_SPECIMEN,,,,35c20ba4-f915-11e2-9428-c94601350785,,,"Creel, John",,,,,,,flower & fruit,,,,,,,,PRESENT,,,,,,,5656,,,,,,,,,,,,,,,,1964-04-14,,105,105,1964,4,14,04/14/1964,ROADSIDE,,,,,,,,,,,,,,US,Alabama,Lee,,unspecified,,,,,,,,,,,,,,,,,,,,,,,,,,,,,,,,,,,,,,,,,,,,,,,,,,,,1212,,,,,,,,Raphanus raphanistrum L.,,,,,,,Plantae|Spermatophyta|Tracheophyta|Magnoliophyta|Eudicots|Core Eudicots|Malvids|Rosids|Brassicales|Brassicaceae|Raphanus,Plantae,Tracheophyta,Magnoliopsida,Brassicales,,Brassicaceae,,,,Raphanus,Raphanus,,,raphanistrum,,,SPECIES,,,,ACCEPTED,,,1357f50f-ae5c-4813-a8b2-5be49c604857,US,2026-01-06T18:53:51.387Z,,,,,,TAXON_ID_NOT_FOUND;INSTITUTION_MATCH_FUZZY,,,,false,false,3040983,3040983,6,7707728,220,7225535,3112,3040962,,3040983,Raphanus raphanistrum,Raphanus raphanistrum L.,Raphanus raphanistrum,,DWC_ARCHIVE,2026-01-06T18:53:51.387Z,2026-01-06T18:52:44.037Z,,false,,,false,NORTH_AMERICA,NORTH_AMERICA,,,,,,,,,
3766309266,,,,CC_BY_NC_4_0,2025-06-28T00:20:08Z,,https://sernecportal.org/portal/collections/individual/index.php?occid=29297834,,,,fb00bc20-ee65-444c-b92f-2b36048d009b,,AUA,,,,PRESERVED_SPECIMEN,,,,2fb23f0b-f915-11e2-9428-c94601350785,,,"Breedlove, Iii, B. W.",,,,,,,flower & fruit,,,,,,,,PRESENT,,,,,,,10713,,,,,,,,,,,,,,,,1963-05-02,,122,122,1963,5,2,05/02/1963,FIELD EDGE,,,,,,,,,,,,,,US,Alabama,Lee,,unspecified,,,,,,,,,,,,,,,,,,,,,,,,,,,,,,,,,,,,,,,,,,,,,,,,,,,,1212,,,,,,,,Raphanus raphanistrum L.,,,,,,,Plantae|Spermatophyta|Tracheophyta|Magnoliophyta|Eudicots|Core Eudicots|Malvids|Rosids|Brassicales|Brassicaceae|Raphanus,Plantae,Tracheophyta,Magnoliopsida,Brassicales,,Brassicaceae,,,,Raphanus,Raphanus,,,raphanistrum,,,SPECIES,,,,ACCEPTED,,,1357f50f-ae5c-4813-a8b2-5be49c604857,US,2026-01-06T18:53:51.388Z,,,,,,TAXON_ID_NOT_FOUND;INSTITUTION_MATCH_FUZZY,,,,false,false,3040983,3040983,6,7707728,220,7225535,3112,3040962,,3040983,Raphanus raphanistrum,Raphanus raphanistrum L.,Raphanus raphanistrum,,DWC_ARCHIVE,2026-01-06T18:53:51.388Z,2026-01-06T18:52:44.037Z,,false,,,false,NORTH_AMERICA,NORTH_AMERICA,,,,,,,,,
3766309277,,,,CC_BY_NC_4_0,2025-06-28T00:20:08Z,,https://sernecportal.org/portal/collections/individual/index.php?occid=29297840,,,,fb00bc20-ee65-444c-b92f-2b36048d009b,,AUA,,,,PRESERVED_SPECIMEN,,,,31cd206b-f915-11e2-9428-c94601350785,,,"Cunningham, Hugh B.",,,,,,,flower & fruit,,,,,,,,PRESENT,,,,,,,2439,,,,,,,,,,,,,,,,1949-05-17,,137,137,1949,5,17,05/17/1949,PASTURE,,,,,,,,,,,,,,US,Alabama,Lee,,unspecified,,,,,,,,,,,,,,,,,,,,,,,,,,,,,,,,,,,,,,,,,,,,,,,,,,,,1212,,,,,,,,Raphanus raphanistrum L.,,,,,,,Plantae|Spermatophyta|Tracheophyta|Magnoliophyta|Eudicots|Core Eudicots|Malvids|Rosids|Brassicales|Brassicaceae|Raphanus,Plantae,Tracheophyta,Magnoliopsida,Brassicales,,Brassicaceae,,,,Raphanus,Raphanus,,,raphanistrum,,,SPECIES,,,,ACCEPTED,,,1357f50f-ae5c-4813-a8b2-5be49c604857,US,2026-01-06T18:53:51.394Z,,,,,,TAXON_ID_NOT_FOUND;INSTITUTION_MATCH_FUZZY,,,,false,false,3040983,3040983,6,7707728,220,7225535,3112,3040962,,3040983,Raphanus raphanistrum,Raphanus raphanistrum L.,Raphanus raphanistrum,,DWC_ARCHIVE,2026-01-06T18:53:51.394Z,2026-01-06T18:52:44.037Z,,false,,,false,NORTH_AMERICA,NORTH_AMERICA,,,,,,,,,
4101879469,,,,CC0_1_0,2025-04-23T02:12:04Z,,https://sernecportal.org/portal/collections/individual/index.php?occid=8914408,Botanical Research Institute of Texas,,,b198a10f-39d3-44ac-be3f-c617646b5eb2,,BRIT,NLU,,,PRESERVED_SPECIMEN,,,,b6ef88d0-6efa-4ea0-ad8c-320a60037ab5,NLU0110304,,,,,,,,,,,,,,,,,PRESENT,,,,,,,,,,,,,,,,,,,,,,,,,,,,,,,,,,,,,,,,,,,,,US,Alabama,Lee,,,,,,,,,,,,,,,,,,,,,,,,,,,,,,,,,,,,,,,,,,,,,,,,,,,,,,1212,,,,,,,,Raphanus raphanistrum L.,,,,,,,Plantae|Spermatophyta|Tracheophyta|Magnoliophyta|Eudicots|Core Eudicots|Malvids|Rosids|Brassicales|Brassicaceae|Raphanus,Plantae,Tracheophyta,Magnoliopsida,Brassicales,,Brassicaceae,,,,Raphanus,Raphanus,,,raphanistrum,,,SPECIES,,,,ACCEPTED,,,bb0366a9-2a7e-44f8-9c9a-e49c23dae2f8,US,2026-01-07T15:35:47.208Z,,,,,,TAXON_ID_NOT_FOUND;INSTITUTION_MATCH_FUZZY,,,StillImage,false,false,3040983,3040983,6,7707728,220,7225535,3112,3040962,,3040983,Raphanus raphanistrum,Raphanus raphanistrum L.,Raphanus raphanistrum,,DWC_ARCHIVE,2026-01-07T15:35:47.208Z,2026-01-07T15:26:37.060Z,,false,,,false,NORTH_AMERICA,NORTH_AMERICA,,,,,,,,,
4101881496,,,,CC0_1_0,2025-04-23T02:12:04Z,,https://sernecportal.org/portal/collections/individual/index.php?occid=8914406,Botanical Research Institute of Texas,,,b198a10f-39d3-44ac-be3f-c617646b5eb2,,BRIT,NLU,,,PRESERVED_SPECIMEN,,,,aa70c959-5ac1-461c-899c-0348938ab92d,NLU0110302,,,,,,,,,,,,,,,,,PRESENT,,,,,,,,,,,,,,,,,,,,,,,,,,,,,,,,,,,,,,,,,,,,,US,Alabama,Mobile,,,,,,,,,,,,,,,,,,,,,,,,,,,,,,,,,,,,,,,,,,,,,,,,,,,,,,1212,,,,,,,,Raphanus raphanistrum L.,,,,,,,Plantae|Spermatophyta|Tracheophyta|Magnoliophyta|Eudicots|Core Eudicots|Malvids|Rosids|Brassicales|Brassicaceae|Raphanus,Plantae,Tracheophyta,Magnoliopsida,Brassicales,,Brassicaceae,,,,Raphanus,Raphanus,,,raphanistrum,,,SPECIES,,,,ACCEPTED,,,bb0366a9-2a7e-44f8-9c9a-e49c23dae2f8,US,2026-01-07T15:35:47.021Z,,,,,,TAXON_ID_NOT_FOUND;INSTITUTION_MATCH_FUZZY,,,StillImage,false,false,3040983,3040983,6,7707728,220,7225535,3112,3040962,,3040983,Raphanus raphanistrum,Raphanus raphanistrum L.,Raphanus raphanistrum,,DWC_ARCHIVE,2026-01-07T15:35:47.021Z,2026-01-07T15:26:37.060Z,,false,,,false,NORTH_AMERICA,NORTH_AMERICA,,,,,,,,,
4101881580,,,,CC0_1_0,2025-04-23T02:12:04Z,,https://sernecportal.org/portal/collections/individual/index.php?occid=8915212,Botanical Research Institute of Texas,,,b198a10f-39d3-44ac-be3f-c617646b5eb2,,BRIT,NLU,,,PRESERVED_SPECIMEN,,,,6c133723-c818-4f8f-8732-7eab23aaf85c,NLU0110954,,,,,,,,,,,,,,,,,PRESENT,,,,,,,,,,,,,,,,,,,,,,,,,,,,,,,,,,,,,,,,,,,,,US,Alabama,Shelby,,,,,,,,,,,,,,,,,,,,,,,,,,,,,,,,,,,,,,,,,,,,,,,,,,,,,,1212,,,,,,,,Raphanus raphanistrum L.,,,,,,,Plantae|Spermatophyta|Tracheophyta|Magnoliophyta|Eudicots|Core Eudicots|Malvids|Rosids|Brassicales|Brassicaceae|Raphanus,Plantae,Tracheophyta,Magnoliopsida,Brassicales,,Brassicaceae,,,,Raphanus,Raphanus,,,raphanistrum,,,SPECIES,,,,ACCEPTED,,,bb0366a9-2a7e-44f8-9c9a-e49c23dae2f8,US,2026-01-07T15:35:49.484Z,,,,,,TAXON_ID_NOT_FOUND;INSTITUTION_MATCH_FUZZY,,,StillImage,false,false,3040983,3040983,6,7707728,220,7225535,3112,3040962,,3040983,Raphanus raphanistrum,Raphanus raphanistrum L.,Raphanus raphanistrum,,DWC_ARCHIVE,2026-01-07T15:35:49.484Z,2026-01-07T15:26:37.060Z,,false,,,false,NORTH_AMERICA,NORTH_AMERICA,,,,,,,,,
4101885506,,,,CC0_1_0,2025-04-23T02:12:04Z,,https://sernecportal.org/portal/collections/individual/index.php?occid=8914357,Botanical Research Institute of Texas,,,b198a10f-39d3-44ac-be3f-c617646b5eb2,,BRIT,NLU,,,PRESERVED_SPECIMEN,,,,0a7dd888-7fe6-40f2-a22d-a28045e0bfeb,NLU0110265,,,,,,,,,,,,,,,,,PRESENT,,,,,,,,,,,,,,,,,,,,,,,,,,,,,,,,,,,,,,,,,,,,,US,Alabama,Mobile,,,,,,,,,,,,,,,,,,,,,,,,,,,,,,,,,,,,,,,,,,,,,,,,,,,,,,1213,,,,,,,,Raphanus sativus L.,,,,,,,Plantae|Spermatophyta|Tracheophyta|Magnoliophyta|Eudicots|Core Eudicots|Malvids|Rosids|Brassicales|Brassicaceae|Raphanus,Plantae,Tracheophyta,Magnoliopsida,Brassicales,,Brassicaceae,,,,Raphanus,Raphanus,,,sativus,,,SPECIES,,,,ACCEPTED,,,bb0366a9-2a7e-44f8-9c9a-e49c23dae2f8,US,2026-01-07T15:35:46.994Z,,,,,,TAXON_ID_NOT_FOUND;INSTITUTION_MATCH_FUZZY,,,StillImage,false,false,7678610,7678610,6,7707728,220,7225535,3112,3040962,,7678610,Raphanus sativus,Raphanus sativus L.,Raphanus sativus,,DWC_ARCHIVE,2026-01-07T15:35:46.994Z,2026-01-07T15:26:37.060Z,,false,,,false,NORTH_AMERICA,NORTH_AMERICA,,,,,,,,,
4101885511,,,,CC0_1_0,2025-04-23T02:12:04Z,,https://sernecportal.org/portal/collections/individual/index.php?occid=8914401,Botanical Research Institute of Texas,,,b198a10f-39d3-44ac-be3f-c617646b5eb2,,BRIT,NLU,,,PRESERVED_SPECIMEN,,,,ff8f4aaf-5033-4617-82e2-f4e1c3564ced,NLU0110299,,,,,,,,,,,,,,,,,PRESENT,,,,,,,,,,,,,,,,,,,,,,,,,,,,,,,,,,,,,,,,,,,,,US,Alabama,Lee,,,,,,,,,,,,,,,,,,,,,,,,,,,,,,,,,,,,,,,,,,,,,,,,,,,,,,1212,,,,,,,,Raphanus raphanistrum L.,,,,,,,Plantae|Spermatophyta|Tracheophyta|Magnoliophyta|Eudicots|Core Eudicots|Malvids|Rosids|Brassicales|Brassicaceae|Raphanus,Plantae,Tracheophyta,Magnoliopsida,Brassicales,,Brassicaceae,,,,Raphanus,Raphanus,,,raphanistrum,,,SPECIES,,,,ACCEPTED,,,bb0366a9-2a7e-44f8-9c9a-e49c23dae2f8,US,2026-01-07T15:35:46.994Z,,,,,,TAXON_ID_NOT_FOUND;INSTITUTION_MATCH_FUZZY,,,StillImage,false,false,3040983,3040983,6,7707728,220,7225535,3112,3040962,,3040983,Raphanus raphanistrum,Raphanus raphanistrum L.,Raphanus raphanistrum,,DWC_ARCHIVE,2026-01-07T15:35:46.994Z,2026-01-07T15:26:37.060Z,,false,,,false,NORTH_AMERICA,NORTH_AMERICA,,,,,,,,,
4101886608,,,,CC0_1_0,2025-04-23T02:12:04Z,,https://sernecportal.org/portal/collections/individual/index.php?occid=8915211,Botanical Research Institute of Texas,,,b198a10f-39d3-44ac-be3f-c617646b5eb2,,BRIT,NLU,,,PRESERVED_SPECIMEN,,,,c5b900ec-37da-4f1c-95ed-72ee171fe6d6,NLU0110953,,,,,,,,,,,,,,,,,PRESENT,,,,,,,,,,,,,,,,,,,,,,,,,,,,,,,,,,,,,,,,,,,,,US,Alabama,Baldwin,,,,,,,,,,,,,,,,,,,,,,,,,,,,,,,,,,,,,,,,,,,,,,,,,,,,,,1212,,,,,,,,Raphanus raphanistrum L.,,,,,,,Plantae|Spermatophyta|Tracheophyta|Magnoliophyta|Eudicots|Core Eudicots|Malvids|Rosids|Brassicales|Brassicaceae|Raphanus,Plantae,Tracheophyta,Magnoliopsida,Brassicales,,Brassicaceae,,,,Raphanus,Raphanus,,,raphanistrum,,,SPECIES,,,,ACCEPTED,,,bb0366a9-2a7e-44f8-9c9a-e49c23dae2f8,US,2026-01-07T15:35:49.236Z,,,,,,TAXON_ID_NOT_FOUND;INSTITUTION_MATCH_FUZZY,,,StillImage,false,false,3040983,3040983,6,7707728,220,7225535,3112,3040962,,3040983,Raphanus raphanistrum,Raphanus raphanistrum L.,Raphanus raphanistrum,,DWC_ARCHIVE,2026-01-07T15:35:49.236Z,2026-01-07T15:26:37.060Z,,false,,,false,NORTH_AMERICA,NORTH_AMERICA,,,,,,,,,
4102035539,,,,CC0_1_0,2025-04-23T02:12:04Z,,https://sernecportal.org/portal/collections/individual/index.php?occid=8914407,Botanical Research Institute of Texas,,,b198a10f-39d3-44ac-be3f-c617646b5eb2,,BRIT,NLU,,,PRESERVED_SPECIMEN,,,,9fa4a5f2-9646-401d-95aa-344bc97af98b,NLU0110303,,,,,,,,,,,,,,,,,PRESENT,,,,,,,,,,,,,,,,,,,,,,,,,,,,,,,,,,,,,,,,,,,,,US,Alabama,Lee,,,,,,,,,,,,,,,,,,,,,,,,,,,,,,,,,,,,,,,,,,,,,,,,,,,,,,1212,,,,,,,,Raphanus raphanistrum L.,,,,,,,Plantae|Spermatophyta|Tracheophyta|Magnoliophyta|Eudicots|Core Eudicots|Malvids|Rosids|Brassicales|Brassicaceae|Raphanus,Plantae,Tracheophyta,Magnoliopsida,Brassicales,,Brassicaceae,,,,Raphanus,Raphanus,,,raphanistrum,,,SPECIES,,,,ACCEPTED,,,bb0366a9-2a7e-44f8-9c9a-e49c23dae2f8,US,2026-01-07T15:35:47.143Z,,,,,,TAXON_ID_NOT_FOUND;INSTITUTION_MATCH_FUZZY,,,StillImage,false,false,3040983,3040983,6,7707728,220,7225535,3112,3040962,,3040983,Raphanus raphanistrum,Raphanus raphanistrum L.,Raphanus raphanistrum,,DWC_ARCHIVE,2026-01-07T15:35:47.143Z,2026-01-07T15:26:37.060Z,,false,,,false,NORTH_AMERICA,NORTH_AMERICA,,,,,,,,,
4102035620,,,,CC0_1_0,2025-04-23T02:12:04Z,,https://sernecportal.org/portal/collections/individual/index.php?occid=8915213,Botanical Research Institute of Texas,,,b198a10f-39d3-44ac-be3f-c617646b5eb2,,BRIT,NLU,,,PRESERVED_SPECIMEN,,,,fbea12e4-7bcb-417e-9dfa-25b617b06eba,NLU0110955,,,,,,,,,,,,,,,,,PRESENT,,,,,,,,,,,,,,,,,,,,,,,,,,,,,,,,,,,,,,,,,,,,,US,Alabama,Lee,,,,,,,,,,,,,,,,,,,,,,,,,,,,,,,,,,,,,,,,,,,,,,,,,,,,,,1212,,,,,,,,Raphanus raphanistrum L.,,,,,,,Plantae|Spermatophyta|Tracheophyta|Magnoliophyta|Eudicots|Core Eudicots|Malvids|Rosids|Brassicales|Brassicaceae|Raphanus,Plantae,Tracheophyta,Magnoliopsida,Brassicales,,Brassicaceae,,,,Raphanus,Raphanus,,,raphanistrum,,,SPECIES,,,,ACCEPTED,,,bb0366a9-2a7e-44f8-9c9a-e49c23dae2f8,US,2026-01-07T15:35:49.577Z,,,,,,TAXON_ID_NOT_FOUND;INSTITUTION_MATCH_FUZZY,,,StillImage,false,false,3040983,3040983,6,7707728,220,7225535,3112,3040962,,3040983,Raphanus raphanistrum,Raphanus raphanistrum L.,Raphanus raphanistrum,,DWC_ARCHIVE,2026-01-07T15:35:49.577Z,2026-01-07T15:26:37.060Z,,false,,,false,NORTH_AMERICA,NORTH_AMERICA,,,,,,,,,
4102087601,,,,CC0_1_0,2025-04-23T02:12:04Z,,https://sernecportal.org/portal/collections/individual/index.php?occid=17268357,Botanical Research Institute of Texas,,,9bec1885-8556-470e-80f3-f31ed15228b0,,BRIT,VDB,,,PRESERVED_SPECIMEN,,,,eed38cd9-d0a9-418a-bf6e-b01804881d22,BRIT106005,,,,,,,,,,,,,,,,,PRESENT,,,,,,,,,,,,,,,,,,,,,,,,,,,,,,,,,,,,,,,,,,,,,US,Alabama,Henry,,,,,,,,,,,,,,,,,,,,,,,,,,,,,,,,,,,,,,,,,,,,,,,,,,,,,,1212,,,,,,,,Raphanus raphanistrum L.,,,,,,,Plantae|Spermatophyta|Tracheophyta|Magnoliophyta|Eudicots|Core Eudicots|Malvids|Rosids|Brassicales|Brassicaceae|Raphanus,Plantae,Tracheophyta,Magnoliopsida,Brassicales,,Brassicaceae,,,,Raphanus,Raphanus,,,raphanistrum,,,SPECIES,,,,ACCEPTED,,,3111dc38-3143-4792-9802-610f1de4961c,US,2026-01-07T15:29:33.253Z,,,,,,TAXON_ID_NOT_FOUND;INSTITUTION_MATCH_FUZZY;INSTITUTION_COLLECTION_MISMATCH,,,StillImage,false,false,3040983,3040983,6,7707728,220,7225535,3112,3040962,,3040983,Raphanus raphanistrum,Raphanus raphanistrum L.,Raphanus raphanistrum,,DWC_ARCHIVE,2026-01-07T15:29:33.253Z,2026-01-07T15:20:56.317Z,,false,,,false,NORTH_AMERICA,NORTH_AMERICA,,,,,,,,,
4102087620,,,,CC0_1_0,2025-04-23T02:12:04Z,,https://sernecportal.org/portal/collections/individual/index.php?occid=17268492,Botanical Research Institute of Texas,,,9bec1885-8556-470e-80f3-f31ed15228b0,,BRIT,VDB,,,PRESERVED_SPECIMEN,,,,7ceb0d72-6d98-4b84-acab-3f5427ecfd9f,BRIT105765,,,,,,,,,,,,,,,,,PRESENT,,,,,,,,,,,,,,,,,,,,,,,,,,,,,,,,,,,,,,,,,,,,,US,Alabama,Dale,,,,,,,,,,,,,,,,,,,,,,,,,,,,,,,,,,,,,,,,,,,,,,,,,,,,,,1212,,,,,,,,Raphanus raphanistrum L.,,,,,,,Plantae|Spermatophyta|Tracheophyta|Magnoliophyta|Eudicots|Core Eudicots|Malvids|Rosids|Brassicales|Brassicaceae|Raphanus,Plantae,Tracheophyta,Magnoliopsida,Brassicales,,Brassicaceae,,,,Raphanus,Raphanus,,,raphanistrum,,,SPECIES,,,,ACCEPTED,,,3111dc38-3143-4792-9802-610f1de4961c,US,2026-01-07T15:29:34.185Z,,,,,,TAXON_ID_NOT_FOUND;INSTITUTION_MATCH_FUZZY;INSTITUTION_COLLECTION_MISMATCH,,,StillImage,false,false,3040983,3040983,6,7707728,220,7225535,3112,3040962,,3040983,Raphanus raphanistrum,Raphanus raphanistrum L.,Raphanus raphanistrum,,DWC_ARCHIVE,2026-01-07T15:29:34.185Z,2026-01-07T15:20:56.317Z,,false,,,false,NORTH_AMERICA,NORTH_AMERICA,,,,,,,,,
4102087633,,,,CC0_1_0,2025-04-23T02:12:04Z,,https://sernecportal.org/portal/collections/individual/index.php?occid=17268591,Botanical Research Institute of Texas,,,9bec1885-8556-470e-80f3-f31ed15228b0,,BRIT,VDB,,,PRESERVED_SPECIMEN,,,,1a705d87-b7e3-4c5f-a283-20320ae3ce96,BRIT105761,,,,,,,,,,,,,,,,,PRESENT,,,,,,,,,,,,,,,,,,,,,,,,,,,,,,,,,,,,,,,,,,,,,US,Alabama,Escambia,,,,,,,,,,,,,,,,,,,,,,,,,,,,,,,,,,,,,,,,,,,,,,,,,,,,,,1212,,,,,,,,Raphanus raphanistrum L.,,,,,,,Plantae|Spermatophyta|Tracheophyta|Magnoliophyta|Eudicots|Core Eudicots|Malvids|Rosids|Brassicales|Brassicaceae|Raphanus,Plantae,Tracheophyta,Magnoliopsida,Brassicales,,Brassicaceae,,,,Raphanus,Raphanus,,,raphanistrum,,,SPECIES,,,,ACCEPTED,,,3111dc38-3143-4792-9802-610f1de4961c,US,2026-01-07T15:29:34.234Z,,,,,,TAXON_ID_NOT_FOUND;INSTITUTION_MATCH_FUZZY;INSTITUTION_COLLECTION_MISMATCH,,,StillImage,false,false,3040983,3040983,6,7707728,220,7225535,3112,3040962,,3040983,Raphanus raphanistrum,Raphanus raphanistrum L.,Raphanus raphanistrum,,DWC_ARCHIVE,2026-01-07T15:29:34.234Z,2026-01-07T15:20:56.317Z,,false,,,false,NORTH_AMERICA,NORTH_AMERICA,,,,,,,,,
4102087800,,,,CC0_1_0,2025-04-23T02:12:04Z,,https://sernecportal.org/portal/collections/individual/index.php?occid=17269938,Botanical Research Institute of Texas,,,9bec1885-8556-470e-80f3-f31ed15228b0,,BRIT,VDB,,,PRESERVED_SPECIMEN,,,,7db7b61b-9069-4f70-9e6f-e04c9d58191c,BRIT105775,,,,,,,,,,,,,,,,,PRESENT,,,,,,,,,,,,,,,,,,,,,,,,,,,,,,,,,,,,,,,,,,,,,US,Alabama,Autauga,,,,,,,,,,,,,,,,,,,,,,,,,,,,,,,,,,,,,,,,,,,,,,,,,,,,,,1212,,,,,,,,Raphanus raphanistrum L.,,,,,,,Plantae|Spermatophyta|Tracheophyta|Magnoliophyta|Eudicots|Core Eudicots|Malvids|Rosids|Brassicales|Brassicaceae|Raphanus,Plantae,Tracheophyta,Magnoliopsida,Brassicales,,Brassicaceae,,,,Raphanus,Raphanus,,,raphanistrum,,,SPECIES,,,,ACCEPTED,,,3111dc38-3143-4792-9802-610f1de4961c,US,2026-01-07T15:29:35.678Z,,,,,,TAXON_ID_NOT_FOUND;INSTITUTION_MATCH_FUZZY;INSTITUTION_COLLECTION_MISMATCH,,,StillImage,false,false,3040983,3040983,6,7707728,220,7225535,3112,3040962,,3040983,Raphanus raphanistrum,Raphanus raphanistrum L.,Raphanus raphanistrum,,DWC_ARCHIVE,2026-01-07T15:29:35.678Z,2026-01-07T15:20:56.317Z,,false,,,false,NORTH_AMERICA,NORTH_AMERICA,,,,,,,,,
4102087955,,,,CC0_1_0,2025-04-23T02:12:04Z,,https://sernecportal.org/portal/collections/individual/index.php?occid=17271195,Botanical Research Institute of Texas,,,9bec1885-8556-470e-80f3-f31ed15228b0,,BRIT,VDB,,,PRESERVED_SPECIMEN,,,,3d1fbd30-ff5f-45d6-8ba8-ca1ebe2f4644,BRIT105772,,,,,,,,,,,,,,,,,PRESENT,,,,,,,,,,,,,,,,,,,,,,,,,,,,,,,,,,,,,,,,,,,,,US,Alabama,Baldwin,,,,,,,,,,,,,,,,,,,,,,,,,,,,,,,,,,,,,,,,,,,,,,,,,,,,,,1212,,,,,,,,Raphanus raphanistrum L.,,,,,,,Plantae|Spermatophyta|Tracheophyta|Magnoliophyta|Eudicots|Core Eudicots|Malvids|Rosids|Brassicales|Brassicaceae|Raphanus,Plantae,Tracheophyta,Magnoliopsida,Brassicales,,Brassicaceae,,,,Raphanus,Raphanus,,,raphanistrum,,,SPECIES,,,,ACCEPTED,,,3111dc38-3143-4792-9802-610f1de4961c,US,2026-01-07T15:29:32.538Z,,,,,,TAXON_ID_NOT_FOUND;INSTITUTION_MATCH_FUZZY;INSTITUTION_COLLECTION_MISMATCH,,,StillImage,false,false,3040983,3040983,6,7707728,220,7225535,3112,3040962,,3040983,Raphanus raphanistrum,Raphanus raphanistrum L.,Raphanus raphanistrum,,DWC_ARCHIVE,2026-01-07T15:29:32.538Z,2026-01-07T15:20:56.317Z,,false,,,false,NORTH_AMERICA,NORTH_AMERICA,,,,,,,,,
4102088063,,,,CC0_1_0,2025-04-23T02:12:04Z,,https://sernecportal.org/portal/collections/individual/index.php?occid=17272053,Botanical Research Institute of Texas,,,9bec1885-8556-470e-80f3-f31ed15228b0,,BRIT,VDB,,,PRESERVED_SPECIMEN,,,,12368a80-7ea2-4fab-8c3b-236cbf5980f0,BRIT105759,,,,,,,,,,,,,,,,,PRESENT,,,,,,,,,,,,,,,,,,,,,,,,,,,,,,,,,,,,,,,,,,,,,US,Alabama,Geneva,,,,,,,,,,,,,,,,,,,,,,,,,,,,,,,,,,,,,,,,,,,,,,,,,,,,,,1212,,,,,,,,Raphanus raphanistrum L.,,,,,,,Plantae|Spermatophyta|Tracheophyta|Magnoliophyta|Eudicots|Core Eudicots|Malvids|Rosids|Brassicales|Brassicaceae|Raphanus,Plantae,Tracheophyta,Magnoliopsida,Brassicales,,Brassicaceae,,,,Raphanus,Raphanus,,,raphanistrum,,,SPECIES,,,,ACCEPTED,,,3111dc38-3143-4792-9802-610f1de4961c,US,2026-01-07T15:29:34.798Z,,,,,,TAXON_ID_NOT_FOUND;INSTITUTION_MATCH_FUZZY;INSTITUTION_COLLECTION_MISMATCH,,,StillImage,false,false,3040983,3040983,6,7707728,220,7225535,3112,3040962,,3040983,Raphanus raphanistrum,Raphanus raphanistrum L.,Raphanus raphanistrum,,DWC_ARCHIVE,2026-01-07T15:29:34.798Z,2026-01-07T15:20:56.317Z,,false,,,false,NORTH_AMERICA,NORTH_AMERICA,,,,,,,,,
4102089643,,,,CC0_1_0,2025-04-23T02:12:04Z,,https://sernecportal.org/portal/collections/individual/index.php?occid=17268777,Botanical Research Institute of Texas,,,9bec1885-8556-470e-80f3-f31ed15228b0,,BRIT,VDB,,,PRESERVED_SPECIMEN,,,,caaecaaa-96c2-4f81-8a47-55e0fff7c3ce,BRIT105753,,,,,,,,,,,,,,,,,PRESENT,,,,,,,,,,,,,,,,,,,,,,,,,,,,,,,,,,,,,,,,,,,,,US,Alabama,Hale,,,,,,,,,,,,,,,,,,,,,,,,,,,,,,,,,,,,,,,,,,,,,,,,,,,,,,1212,,,,,,,,Raphanus raphanistrum L.,,,,,,,Plantae|Spermatophyta|Tracheophyta|Magnoliophyta|Eudicots|Core Eudicots|Malvids|Rosids|Brassicales|Brassicaceae|Raphanus,Plantae,Tracheophyta,Magnoliopsida,Brassicales,,Brassicaceae,,,,Raphanus,Raphanus,,,raphanistrum,,,SPECIES,,,,ACCEPTED,,,3111dc38-3143-4792-9802-610f1de4961c,US,2026-01-07T15:29:35.890Z,,,,,,TAXON_ID_NOT_FOUND;INSTITUTION_MATCH_FUZZY;INSTITUTION_COLLECTION_MISMATCH,,,StillImage,false,false,3040983,3040983,6,7707728,220,7225535,3112,3040962,,3040983,Raphanus raphanistrum,Raphanus raphanistrum L.,Raphanus raphanistrum,,DWC_ARCHIVE,2026-01-07T15:29:35.890Z,2026-01-07T15:20:56.317Z,,false,,,false,NORTH_AMERICA,NORTH_AMERICA,,,,,,,,,
4102089669,,,,CC0_1_0,2025-04-23T02:12:04Z,,https://sernecportal.org/portal/collections/individual/index.php?occid=17268964,Botanical Research Institute of Texas,,,9bec1885-8556-470e-80f3-f31ed15228b0,,BRIT,VDB,,,PRESERVED_SPECIMEN,,,,cc428095-4786-42a0-9c3d-6a9ff65fdb24,BRIT105767,,,,,,,,,,,,,,,,,PRESENT,,,,,,,,,,,,,,,,,,,,,,,,,,,,,,,,,,,,,,,,,,,,,US,Alabama,Dale,,,,,,,,,,,,,,,,,,,,,,,,,,,,,,,,,,,,,,,,,,,,,,,,,,,,,,1212,,,,,,,,Raphanus raphanistrum L.,,,,,,,Plantae|Spermatophyta|Tracheophyta|Magnoliophyta|Eudicots|Core Eudicots|Malvids|Rosids|Brassicales|Brassicaceae|Raphanus,Plantae,Tracheophyta,Magnoliopsida,Brassicales,,Brassicaceae,,,,Raphanus,Raphanus,,,raphanistrum,,,SPECIES,,,,ACCEPTED,,,3111dc38-3143-4792-9802-610f1de4961c,US,2026-01-07T15:29:32.916Z,,,,,,TAXON_ID_NOT_FOUND;INSTITUTION_MATCH_FUZZY;INSTITUTION_COLLECTION_MISMATCH,,,StillImage,false,false,3040983,3040983,6,7707728,220,7225535,3112,3040962,,3040983,Raphanus raphanistrum,Raphanus raphanistrum L.,Raphanus raphanistrum,,DWC_ARCHIVE,2026-01-07T15:29:32.916Z,2026-01-07T15:20:56.317Z,,false,,,false,NORTH_AMERICA,NORTH_AMERICA,,,,,,,,,
4102089782,,,,CC0_1_0,2025-04-23T02:12:04Z,,https://sernecportal.org/portal/collections/individual/index.php?occid=17269877,Botanical Research Institute of Texas,,,9bec1885-8556-470e-80f3-f31ed15228b0,,BRIT,VDB,,,PRESERVED_SPECIMEN,,,,d203718d-4b28-4b43-a6ba-28beee7f93cb,BRIT105758,,,,,,,,,,,,,,,,,PRESENT,,,,,,,,,,,,,,,,,,,,,,,,,,,,,,,,,,,,,,,,,,,,,US,Alabama,Geneva,,,,,,,,,,,,,,,,,,,,,,,,,,,,,,,,,,,,,,,,,,,,,,,,,,,,,,1212,,,,,,,,Raphanus raphanistrum L.,,,,,,,Plantae|Spermatophyta|Tracheophyta|Magnoliophyta|Eudicots|Core Eudicots|Malvids|Rosids|Brassicales|Brassicaceae|Raphanus,Plantae,Tracheophyta,Magnoliopsida,Brassicales,,Brassicaceae,,,,Raphanus,Raphanus,,,raphanistrum,,,SPECIES,,,,ACCEPTED,,,3111dc38-3143-4792-9802-610f1de4961c,US,2026-01-07T15:29:34.671Z,,,,,,TAXON_ID_NOT_FOUND;INSTITUTION_MATCH_FUZZY;INSTITUTION_COLLECTION_MISMATCH,,,StillImage,false,false,3040983,3040983,6,7707728,220,7225535,3112,3040962,,3040983,Raphanus raphanistrum,Raphanus raphanistrum L.,Raphanus raphanistrum,,DWC_ARCHIVE,2026-01-07T15:29:34.671Z,2026-01-07T15:20:56.317Z,,false,,,false,NORTH_AMERICA,NORTH_AMERICA,,,,,,,,,
4102089841,,,,CC0_1_0,2025-04-23T02:12:04Z,,https://sernecportal.org/portal/collections/individual/index.php?occid=17270350,Botanical Research Institute of Texas,,,9bec1885-8556-470e-80f3-f31ed15228b0,,BRIT,VDB,,,PRESERVED_SPECIMEN,,,,a3c649da-533f-420a-85cf-42ffce45f666,BRIT106004,,,,,,,,,,,,,,,,,PRESENT,,,,,,,,,,,,,,,,,,,,,,,,,,,,,,,,,,,,,,,,,,,,,US,Alabama,Houston,,,,,,,,,,,,,,,,,,,,,,,,,,,,,,,,,,,,,,,,,,,,,,,,,,,,,,1212,,,,,,,,Raphanus raphanistrum L.,,,,,,,Plantae|Spermatophyta|Tracheophyta|Magnoliophyta|Eudicots|Core Eudicots|Malvids|Rosids|Brassicales|Brassicaceae|Raphanus,Plantae,Tracheophyta,Magnoliopsida,Brassicales,,Brassicaceae,,,,Raphanus,Raphanus,,,raphanistrum,,,SPECIES,,,,ACCEPTED,,,3111dc38-3143-4792-9802-610f1de4961c,US,2026-01-07T15:29:33.053Z,,,,,,TAXON_ID_NOT_FOUND;INSTITUTION_MATCH_FUZZY;INSTITUTION_COLLECTION_MISMATCH,,,StillImage,false,false,3040983,3040983,6,7707728,220,7225535,3112,3040962,,3040983,Raphanus raphanistrum,Raphanus raphanistrum L.,Raphanus raphanistrum,,DWC_ARCHIVE,2026-01-07T15:29:33.053Z,2026-01-07T15:20:56.317Z,,false,,,false,NORTH_AMERICA,NORTH_AMERICA,,,,,,,,,
4102089849,,,,CC0_1_0,2025-04-23T02:12:04Z,,https://sernecportal.org/portal/collections/individual/index.php?occid=17270413,Botanical Research Institute of Texas,,,9bec1885-8556-470e-80f3-f31ed15228b0,,BRIT,VDB,,,PRESERVED_SPECIMEN,,,,383f68e7-2704-42fe-96f3-c49f08a5c5db,BRIT105764,,,,,,,,,,,,,,,,,PRESENT,,,,,,,,,,,,,,,,,,,,,,,,,,,,,,,,,,,,,,,,,,,,,US,Alabama,Elmore,,,,,,,,,,,,,,,,,,,,,,,,,,,,,,,,,,,,,,,,,,,,,,,,,,,,,,1212,,,,,,,,Raphanus raphanistrum L.,,,,,,,Plantae|Spermatophyta|Tracheophyta|Magnoliophyta|Eudicots|Core Eudicots|Malvids|Rosids|Brassicales|Brassicaceae|Raphanus,Plantae,Tracheophyta,Magnoliopsida,Brassicales,,Brassicaceae,,,,Raphanus,Raphanus,,,raphanistrum,,,SPECIES,,,,ACCEPTED,,,3111dc38-3143-4792-9802-610f1de4961c,US,2026-01-07T15:29:33.974Z,,,,,,TAXON_ID_NOT_FOUND;INSTITUTION_MATCH_FUZZY;INSTITUTION_COLLECTION_MISMATCH,,,StillImage,false,false,3040983,3040983,6,7707728,220,7225535,3112,3040962,,3040983,Raphanus raphanistrum,Raphanus raphanistrum L.,Raphanus raphanistrum,,DWC_ARCHIVE,2026-01-07T15:29:33.974Z,2026-01-07T15:20:56.317Z,,false,,,false,NORTH_AMERICA,NORTH_AMERICA,,,,,,,,,
4102089877,,,,CC0_1_0,2025-04-23T02:12:04Z,,https://sernecportal.org/portal/collections/individual/index.php?occid=17270622,Botanical Research Institute of Texas,,,9bec1885-8556-470e-80f3-f31ed15228b0,,BRIT,VDB,,,PRESERVED_SPECIMEN,,,,cd6f8d54-7005-42a6-b40d-438f6878ac0a,BRIT105770,,,,,,,,,,,,,,,,,PRESENT,,,,,,,,,,,,,,,,,,,,,,,,,,,,,,,,,,,,,,,,,,,,,US,Alabama,Bibb,,,,,,,,,,,,,,,,,,,,,,,,,,,,,,,,,,,,,,,,,,,,,,,,,,,,,,1212,,,,,,,,Raphanus raphanistrum L.,,,,,,,Plantae|Spermatophyta|Tracheophyta|Magnoliophyta|Eudicots|Core Eudicots|Malvids|Rosids|Brassicales|Brassicaceae|Raphanus,Plantae,Tracheophyta,Magnoliopsida,Brassicales,,Brassicaceae,,,,Raphanus,Raphanus,,,raphanistrum,,,SPECIES,,,,ACCEPTED,,,3111dc38-3143-4792-9802-610f1de4961c,US,2026-01-07T15:29:32.101Z,,,,,,TAXON_ID_NOT_FOUND;INSTITUTION_MATCH_FUZZY;INSTITUTION_COLLECTION_MISMATCH,,,StillImage,false,false,3040983,3040983,6,7707728,220,7225535,3112,3040962,,3040983,Raphanus raphanistrum,Raphanus raphanistrum L.,Raphanus raphanistrum,,DWC_ARCHIVE,2026-01-07T15:29:32.101Z,2026-01-07T15:20:56.317Z,,false,,,false,NORTH_AMERICA,NORTH_AMERICA,,,,,,,,,
4102089878,,,,CC0_1_0,2025-04-23T02:12:04Z,,https://sernecportal.org/portal/collections/individual/index.php?occid=17270633,Botanical Research Institute of Texas,,,9bec1885-8556-470e-80f3-f31ed15228b0,,BRIT,VDB,,,PRESERVED_SPECIMEN,,,,ac18224d-25ec-418c-a813-b8707a014475,BRIT105756,,,,,,,,,,,,,,,,,PRESENT,,,,,,,,,,,,,,,,,,,,,,,,,,,,,,,,,,,,,,,,,,,,,US,Alabama,Geneva,,,,,,,,,,,,,,,,,,,,,,,,,,,,,,,,,,,,,,,,,,,,,,,,,,,,,,1212,,,,,,,,Raphanus raphanistrum L.,,,,,,,Plantae|Spermatophyta|Tracheophyta|Magnoliophyta|Eudicots|Core Eudicots|Malvids|Rosids|Brassicales|Brassicaceae|Raphanus,Plantae,Tracheophyta,Magnoliopsida,Brassicales,,Brassicaceae,,,,Raphanus,Raphanus,,,raphanistrum,,,SPECIES,,,,ACCEPTED,,,3111dc38-3143-4792-9802-610f1de4961c,US,2026-01-07T15:29:33.275Z,,,,,,TAXON_ID_NOT_FOUND;INSTITUTION_MATCH_FUZZY;INSTITUTION_COLLECTION_MISMATCH,,,StillImage,false,false,3040983,3040983,6,7707728,220,7225535,3112,3040962,,3040983,Raphanus raphanistrum,Raphanus raphanistrum L.,Raphanus raphanistrum,,DWC_ARCHIVE,2026-01-07T15:29:33.275Z,2026-01-07T15:20:56.317Z,,false,,,false,NORTH_AMERICA,NORTH_AMERICA,,,,,,,,,
4102090067,,,,CC0_1_0,2025-04-23T02:12:04Z,,https://sernecportal.org/portal/collections/individual/index.php?occid=17272129,Botanical Research Institute of Texas,,,9bec1885-8556-470e-80f3-f31ed15228b0,,BRIT,VDB,,,PRESERVED_SPECIMEN,,,,dbe88ffd-8fa0-4efa-8ad4-82c957992eae,BRIT105763,,,,,,,,,,,,,,,,,PRESENT,,,,,,,,,,,,,,,,,,,,,,,,,,,,,,,,,,,,,,,,,,,,,US,Alabama,Elmore,,,,,,,,,,,,,,,,,,,,,,,,,,,,,,,,,,,,,,,,,,,,,,,,,,,,,,1212,,,,,,,,Raphanus raphanistrum L.,,,,,,,Plantae|Spermatophyta|Tracheophyta|Magnoliophyta|Eudicots|Core Eudicots|Malvids|Rosids|Brassicales|Brassicaceae|Raphanus,Plantae,Tracheophyta,Magnoliopsida,Brassicales,,Brassicaceae,,,,Raphanus,Raphanus,,,raphanistrum,,,SPECIES,,,,ACCEPTED,,,3111dc38-3143-4792-9802-610f1de4961c,US,2026-01-07T15:29:31.795Z,,,,,,TAXON_ID_NOT_FOUND;INSTITUTION_MATCH_FUZZY;INSTITUTION_COLLECTION_MISMATCH,,,StillImage,false,false,3040983,3040983,6,7707728,220,7225535,3112,3040962,,3040983,Raphanus raphanistrum,Raphanus raphanistrum L.,Raphanus raphanistrum,,DWC_ARCHIVE,2026-01-07T15:29:31.795Z,2026-01-07T15:20:56.317Z,,false,,,false,NORTH_AMERICA,NORTH_AMERICA,,,,,,,,,
4102101534,,,,CC0_1_0,2025-04-23T02:12:04Z,,https://sernecportal.org/portal/collections/individual/index.php?occid=17268157,Botanical Research Institute of Texas,,,9bec1885-8556-470e-80f3-f31ed15228b0,,BRIT,VDB,,,PRESERVED_SPECIMEN,,,,df583a9e-3e4f-42b0-ac7a-b4502c41c3dd,BRIT105771,,,,,,,,,,,,,,,,,PRESENT,,,,,,,,,,,,,,,,,,,,,,,,,,,,,,,,,,,,,,,,,,,,,US,Alabama,Bibb,,,,,,,,,,,,,,,,,,,,,,,,,,,,,,,,,,,,,,,,,,,,,,,,,,,,,,1212,,,,,,,,Raphanus raphanistrum L.,,,,,,,Plantae|Spermatophyta|Tracheophyta|Magnoliophyta|Eudicots|Core Eudicots|Malvids|Rosids|Brassicales|Brassicaceae|Raphanus,Plantae,Tracheophyta,Magnoliopsida,Brassicales,,Brassicaceae,,,,Raphanus,Raphanus,,,raphanistrum,,,SPECIES,,,,ACCEPTED,,,3111dc38-3143-4792-9802-610f1de4961c,US,2026-01-07T15:29:35.615Z,,,,,,TAXON_ID_NOT_FOUND;INSTITUTION_MATCH_FUZZY;INSTITUTION_COLLECTION_MISMATCH,,,StillImage,false,false,3040983,3040983,6,7707728,220,7225535,3112,3040962,,3040983,Raphanus raphanistrum,Raphanus raphanistrum L.,Raphanus raphanistrum,,DWC_ARCHIVE,2026-01-07T15:29:35.615Z,2026-01-07T15:20:56.317Z,,false,,,false,NORTH_AMERICA,NORTH_AMERICA,,,,,,,,,
4102101744,,,,CC0_1_0,2025-04-23T02:12:04Z,,https://sernecportal.org/portal/collections/individual/index.php?occid=17269837,Botanical Research Institute of Texas,,,9bec1885-8556-470e-80f3-f31ed15228b0,,BRIT,VDB,,,PRESERVED_SPECIMEN,,,,264af465-4ad5-4b55-8c37-66a5490eb9bd,BRIT105995,,,,,,,,,,,,,,,,,PRESENT,,,,,,,,,,,,,,,,,,,,,,,,,,,,,,,,,,,,,,,,,,,,,US,Alabama,Pike,,,,,,,,,,,,,,,,,,,,,,,,,,,,,,,,,,,,,,,,,,,,,,,,,,,,,,1212,,,,,,,,Raphanus raphanistrum L.,,,,,,,Plantae|Spermatophyta|Tracheophyta|Magnoliophyta|Eudicots|Core Eudicots|Malvids|Rosids|Brassicales|Brassicaceae|Raphanus,Plantae,Tracheophyta,Magnoliopsida,Brassicales,,Brassicaceae,,,,Raphanus,Raphanus,,,raphanistrum,,,SPECIES,,,,ACCEPTED,,,3111dc38-3143-4792-9802-610f1de4961c,US,2026-01-07T15:29:36.404Z,,,,,,TAXON_ID_NOT_FOUND;INSTITUTION_MATCH_FUZZY;INSTITUTION_COLLECTION_MISMATCH,,,StillImage,false,false,3040983,3040983,6,7707728,220,7225535,3112,3040962,,3040983,Raphanus raphanistrum,Raphanus raphanistrum L.,Raphanus raphanistrum,,DWC_ARCHIVE,2026-01-07T15:29:36.404Z,2026-01-07T15:20:56.317Z,,false,,,false,NORTH_AMERICA,NORTH_AMERICA,,,,,,,,,
4102101763,,,,CC0_1_0,2025-04-23T02:12:04Z,,https://sernecportal.org/portal/collections/individual/index.php?occid=17269983,Botanical Research Institute of Texas,,,9bec1885-8556-470e-80f3-f31ed15228b0,,BRIT,VDB,,,PRESERVED_SPECIMEN,,,,93243929-c260-4e40-8ba3-c01bdcd9df54,BRIT105762,,,,,,,,,,,,,,,,,PRESENT,,,,,,,,,,,,,,,,,,,,,,,,,,,,,,,,,,,,,,,,,,,,,US,Alabama,Elmore,,,,,,,,,,,,,,,,,,,,,,,,,,,,,,,,,,,,,,,,,,,,,,,,,,,,,,1212,,,,,,,,Raphanus raphanistrum L.,,,,,,,Plantae|Spermatophyta|Tracheophyta|Magnoliophyta|Eudicots|Core Eudicots|Malvids|Rosids|Brassicales|Brassicaceae|Raphanus,Plantae,Tracheophyta,Magnoliopsida,Brassicales,,Brassicaceae,,,,Raphanus,Raphanus,,,raphanistrum,,,SPECIES,,,,ACCEPTED,,,3111dc38-3143-4792-9802-610f1de4961c,US,2026-01-07T15:29:33.905Z,,,,,,TAXON_ID_NOT_FOUND;INSTITUTION_MATCH_FUZZY;INSTITUTION_COLLECTION_MISMATCH,,,StillImage,false,false,3040983,3040983,6,7707728,220,7225535,3112,3040962,,3040983,Raphanus raphanistrum,Raphanus raphanistrum L.,Raphanus raphanistrum,,DWC_ARCHIVE,2026-01-07T15:29:33.905Z,2026-01-07T15:20:56.317Z,,false,,,false,NORTH_AMERICA,NORTH_AMERICA,,,,,,,,,
4102101814,,,,CC0_1_0,2025-04-23T02:12:04Z,,https://sernecportal.org/portal/collections/individual/index.php?occid=17270387,Botanical Research Institute of Texas,,,9bec1885-8556-470e-80f3-f31ed15228b0,,BRIT,VDB,,,PRESERVED_SPECIMEN,,,,c747290c-dc93-4e3c-b14f-13cf09d06b48,BRIT105993,,,,,,,,,,,,,,,,,PRESENT,,,,,,,,,,,,,,,,,,,,,,,,,,,,,,,,,,,,,,,,,,,,,US,Alabama,Lee,,,,,,,,,,,,,,,,,,,,,,,,,,,,,,,,,,,,,,,,,,,,,,,,,,,,,,1213,,,,,,,,Raphanus sativus L.,,,,,,,Plantae|Spermatophyta|Tracheophyta|Magnoliophyta|Eudicots|Core Eudicots|Malvids|Rosids|Brassicales|Brassicaceae|Raphanus,Plantae,Tracheophyta,Magnoliopsida,Brassicales,,Brassicaceae,,,,Raphanus,Raphanus,,,sativus,,,SPECIES,,,,ACCEPTED,,,3111dc38-3143-4792-9802-610f1de4961c,US,2026-01-07T15:29:34.774Z,,,,,,TAXON_ID_NOT_FOUND;INSTITUTION_MATCH_FUZZY;INSTITUTION_COLLECTION_MISMATCH,,,StillImage,false,false,7678610,7678610,6,7707728,220,7225535,3112,3040962,,7678610,Raphanus sativus,Raphanus sativus L.,Raphanus sativus,,DWC_ARCHIVE,2026-01-07T15:29:34.774Z,2026-01-07T15:20:56.317Z,,false,,,false,NORTH_AMERICA,NORTH_AMERICA,,,,,,,,,
4102101866,,,,CC0_1_0,2025-04-23T02:12:04Z,,https://sernecportal.org/portal/collections/individual/index.php?occid=17270813,Botanical Research Institute of Texas,,,9bec1885-8556-470e-80f3-f31ed15228b0,,BRIT,VDB,,,PRESERVED_SPECIMEN,,,,b5029056-1f96-42db-ac62-3bc0e82e49de,BRIT105766,,,,,,,,,,,,,,,,,PRESENT,,,,,,,,,,,,,,,,,,,,,,,,,,,,,,,,,,,,,,,,,,,,,US,Alabama,Dale,,,,,,,,,,,,,,,,,,,,,,,,,,,,,,,,,,,,,,,,,,,,,,,,,,,,,,1212,,,,,,,,Raphanus raphanistrum L.,,,,,,,Plantae|Spermatophyta|Tracheophyta|Magnoliophyta|Eudicots|Core Eudicots|Malvids|Rosids|Brassicales|Brassicaceae|Raphanus,Plantae,Tracheophyta,Magnoliopsida,Brassicales,,Brassicaceae,,,,Raphanus,Raphanus,,,raphanistrum,,,SPECIES,,,,ACCEPTED,,,3111dc38-3143-4792-9802-610f1de4961c,US,2026-01-07T15:29:34.909Z,,,,,,TAXON_ID_NOT_FOUND;INSTITUTION_MATCH_FUZZY;INSTITUTION_COLLECTION_MISMATCH,,,StillImage,false,false,3040983,3040983,6,7707728,220,7225535,3112,3040962,,3040983,Raphanus raphanistrum,Raphanus raphanistrum L.,Raphanus raphanistrum,,DWC_ARCHIVE,2026-01-07T15:29:34.909Z,2026-01-07T15:20:56.317Z,,false,,,false,NORTH_AMERICA,NORTH_AMERICA,,,,,,,,,
4102101944,,,,CC0_1_0,2025-04-23T02:12:04Z,,https://sernecportal.org/portal/collections/individual/index.php?occid=17271421,Botanical Research Institute of Texas,,,9bec1885-8556-470e-80f3-f31ed15228b0,,BRIT,VDB,,,PRESERVED_SPECIMEN,,,,b3dbedb5-65c3-458e-8515-9d0cf29f1127,BRIT105998,,,,,,,,,,,,,,,,,PRESENT,,,,,,,,,,,,,,,,,,,,,,,,,,,,,,,,,,,,,,,,,,,,,US,Alabama,Mobile,,,,,,,,,,,,,,,,,,,,,,,,,,,,,,,,,,,,,,,,,,,,,,,,,,,,,,1212,,,,,,,,Raphanus raphanistrum L.,,,,,,,Plantae|Spermatophyta|Tracheophyta|Magnoliophyta|Eudicots|Core Eudicots|Malvids|Rosids|Brassicales|Brassicaceae|Raphanus,Plantae,Tracheophyta,Magnoliopsida,Brassicales,,Brassicaceae,,,,Raphanus,Raphanus,,,raphanistrum,,,SPECIES,,,,ACCEPTED,,,3111dc38-3143-4792-9802-610f1de4961c,US,2026-01-07T15:29:33.906Z,,,,,,TAXON_ID_NOT_FOUND;INSTITUTION_MATCH_FUZZY;INSTITUTION_COLLECTION_MISMATCH,,,StillImage,false,false,3040983,3040983,6,7707728,220,7225535,3112,3040962,,3040983,Raphanus raphanistrum,Raphanus raphanistrum L.,Raphanus raphanistrum,,DWC_ARCHIVE,2026-01-07T15:29:33.906Z,2026-01-07T15:20:56.317Z,,false,,,false,NORTH_AMERICA,NORTH_AMERICA,,,,,,,,,
4102127655,,,,CC0_1_0,2025-04-23T02:12:04Z,,https://sernecportal.org/portal/collections/individual/index.php?occid=9714231,Botanical Research Institute of Texas,,,b198a10f-39d3-44ac-be3f-c617646b5eb2,,BRIT,NLU,,,PRESERVED_SPECIMEN,,,,4af8b110-eec9-4518-9e90-f390263e66e0,NLU0428746,,,,,,,,,,,,,,,,,PRESENT,,,,,,,,,,,,,,,,,,,,,,,,,,,,,,,,,,,,,,,,,,,,,US,Alabama,Tuscaloosa,,,,,,,,,,,,,,,,,,,,,,,,,,,,,,,,,,,,,,,,,,,,,,,,,,,,,,1212,,,,,,,,Raphanus raphanistrum L.,,,,,,,Plantae|Spermatophyta|Tracheophyta|Magnoliophyta|Eudicots|Core Eudicots|Malvids|Rosids|Brassicales|Brassicaceae|Raphanus,Plantae,Tracheophyta,Magnoliopsida,Brassicales,,Brassicaceae,,,,Raphanus,Raphanus,,,raphanistrum,,,SPECIES,,,,ACCEPTED,,,bb0366a9-2a7e-44f8-9c9a-e49c23dae2f8,US,2026-01-07T15:35:48.572Z,,,,,,TAXON_ID_NOT_FOUND;INSTITUTION_MATCH_FUZZY,,,StillImage,false,false,3040983,3040983,6,7707728,220,7225535,3112,3040962,,3040983,Raphanus raphanistrum,Raphanus raphanistrum L.,Raphanus raphanistrum,,DWC_ARCHIVE,2026-01-07T15:35:48.572Z,2026-01-07T15:26:37.060Z,,false,,,false,NORTH_AMERICA,NORTH_AMERICA,,,,,,,,,
4102209477,,,,CC0_1_0,2025-04-23T02:12:04Z,,https://sernecportal.org/portal/collections/individual/index.php?occid=8914359,Botanical Research Institute of Texas,,,b198a10f-39d3-44ac-be3f-c617646b5eb2,,BRIT,NLU,,,PRESERVED_SPECIMEN,,,,5505ff17-faf9-4d97-9a15-abe1f9e75db2,NLU0110266,,,,,,,,,,,,,,,,,PRESENT,,,,,,,,,,,,,,,,,,,,,,,,,,,,,,,,,,,,,,,,,,,,,US,Alabama,Mobile,,,,,,,,,,,,,,,,,,,,,,,,,,,,,,,,,,,,,,,,,,,,,,,,,,,,,,1213,,,,,,,,Raphanus sativus L.,,,,,,,Plantae|Spermatophyta|Tracheophyta|Magnoliophyta|Eudicots|Core Eudicots|Malvids|Rosids|Brassicales|Brassicaceae|Raphanus,Plantae,Tracheophyta,Magnoliopsida,Brassicales,,Brassicaceae,,,,Raphanus,Raphanus,,,sativus,,,SPECIES,,,,ACCEPTED,,,bb0366a9-2a7e-44f8-9c9a-e49c23dae2f8,US,2026-01-07T15:35:47.088Z,,,,,,TAXON_ID_NOT_FOUND;INSTITUTION_MATCH_FUZZY,,,StillImage,false,false,7678610,7678610,6,7707728,220,7225535,3112,3040962,,7678610,Raphanus sativus,Raphanus sativus L.,Raphanus sativus,,DWC_ARCHIVE,2026-01-07T15:35:47.088Z,2026-01-07T15:26:37.060Z,,false,,,false,NORTH_AMERICA,NORTH_AMERICA,,,,,,,,,
4102218538,,,,CC0_1_0,2025-04-23T02:12:04Z,,https://sernecportal.org/portal/collections/individual/index.php?occid=8914404,Botanical Research Institute of Texas,,,b198a10f-39d3-44ac-be3f-c617646b5eb2,,BRIT,NLU,,,PRESERVED_SPECIMEN,,,,bc956068-a94a-45e6-a451-7c5e7e295062,NLU0110301,,,,,,,,,,,,,,,,,PRESENT,,,,,,,,,,,,,,,,,,,,,,,,,,,,,,,,,,,,,,,,,,,,,US,Alabama,Baldwin,,,,,,,,,,,,,,,,,,,,,,,,,,,,,,,,,,,,,,,,,,,,,,,,,,,,,,1212,,,,,,,,Raphanus raphanistrum L.,,,,,,,Plantae|Spermatophyta|Tracheophyta|Magnoliophyta|Eudicots|Core Eudicots|Malvids|Rosids|Brassicales|Brassicaceae|Raphanus,Plantae,Tracheophyta,Magnoliopsida,Brassicales,,Brassicaceae,,,,Raphanus,Raphanus,,,raphanistrum,,,SPECIES,,,,ACCEPTED,,,bb0366a9-2a7e-44f8-9c9a-e49c23dae2f8,US,2026-01-07T15:35:47.081Z,,,,,,TAXON_ID_NOT_FOUND;INSTITUTION_MATCH_FUZZY,,,StillImage,false,false,3040983,3040983,6,7707728,220,7225535,3112,3040962,,3040983,Raphanus raphanistrum,Raphanus raphanistrum L.,Raphanus raphanistrum,,DWC_ARCHIVE,2026-01-07T15:35:47.081Z,2026-01-07T15:26:37.060Z,,false,,,false,NORTH_AMERICA,NORTH_AMERICA,,,,,,,,,
4102239709,,,,CC0_1_0,2025-04-23T02:12:04Z,,https://sernecportal.org/portal/collections/individual/index.php?occid=17269285,Botanical Research Institute of Texas,,,9bec1885-8556-470e-80f3-f31ed15228b0,,BRIT,VDB,,,PRESERVED_SPECIMEN,,,,3f3145fe-af4f-45b7-997f-2d8eef6c07f4,BRIT105997,,,,,,,,,,,,,,,,,PRESENT,,,,,,,,,,,,,,,,,,,,,,,,,,,,,,,,,,,,,,,,,,,,,US,Alabama,Mobile,,,,,,,,,,,,,,,,,,,,,,,,,,,,,,,,,,,,,,,,,,,,,,,,,,,,,,1212,,,,,,,,Raphanus raphanistrum L.,,,,,,,Plantae|Spermatophyta|Tracheophyta|Magnoliophyta|Eudicots|Core Eudicots|Malvids|Rosids|Brassicales|Brassicaceae|Raphanus,Plantae,Tracheophyta,Magnoliopsida,Brassicales,,Brassicaceae,,,,Raphanus,Raphanus,,,raphanistrum,,,SPECIES,,,,ACCEPTED,,,3111dc38-3143-4792-9802-610f1de4961c,US,2026-01-07T15:29:35.631Z,,,,,,TAXON_ID_NOT_FOUND;INSTITUTION_MATCH_FUZZY;INSTITUTION_COLLECTION_MISMATCH,,,StillImage,false,false,3040983,3040983,6,7707728,220,7225535,3112,3040962,,3040983,Raphanus raphanistrum,Raphanus raphanistrum L.,Raphanus raphanistrum,,DWC_ARCHIVE,2026-01-07T15:29:35.631Z,2026-01-07T15:20:56.317Z,,false,,,false,NORTH_AMERICA,NORTH_AMERICA,,,,,,,,,
4102239774,,,,CC0_1_0,2025-04-23T02:12:04Z,,https://sernecportal.org/portal/collections/individual/index.php?occid=17269807,Botanical Research Institute of Texas,,,9bec1885-8556-470e-80f3-f31ed15228b0,,BRIT,VDB,,,PRESERVED_SPECIMEN,,,,f2220fe2-a4cc-45a8-a3c4-e3c5c6d84ea6,BRIT106001,,,,,,,,,,,,,,,,,PRESENT,,,,,,,,,,,,,,,,,,,,,,,,,,,,,,,,,,,,,,,,,,,,,US,Alabama,Lee,,,,,,,,,,,,,,,,,,,,,,,,,,,,,,,,,,,,,,,,,,,,,,,,,,,,,,1212,,,,,,,,Raphanus raphanistrum L.,,,,,,,Plantae|Spermatophyta|Tracheophyta|Magnoliophyta|Eudicots|Core Eudicots|Malvids|Rosids|Brassicales|Brassicaceae|Raphanus,Plantae,Tracheophyta,Magnoliopsida,Brassicales,,Brassicaceae,,,,Raphanus,Raphanus,,,raphanistrum,,,SPECIES,,,,ACCEPTED,,,3111dc38-3143-4792-9802-610f1de4961c,US,2026-01-07T15:29:33.907Z,,,,,,TAXON_ID_NOT_FOUND;INSTITUTION_MATCH_FUZZY;INSTITUTION_COLLECTION_MISMATCH,,,StillImage,false,false,3040983,3040983,6,7707728,220,7225535,3112,3040962,,3040983,Raphanus raphanistrum,Raphanus raphanistrum L.,Raphanus raphanistrum,,DWC_ARCHIVE,2026-01-07T15:29:33.907Z,2026-01-07T15:20:56.317Z,,false,,,false,NORTH_AMERICA,NORTH_AMERICA,,,,,,,,,
4102239921,,,,CC0_1_0,2025-04-23T02:12:04Z,,https://sernecportal.org/portal/collections/individual/index.php?occid=17270984,Botanical Research Institute of Texas,,,9bec1885-8556-470e-80f3-f31ed15228b0,,BRIT,VDB,,,PRESERVED_SPECIMEN,,,,11ec3e48-d0a6-497e-a835-9b0f1cf2bf0f,BRIT105760,,,,,,,,,,,,,,,,,PRESENT,,,,,,,,,,,,,,,,,,,,,,,,,,,,,,,,,,,,,,,,,,,,,US,Alabama,Geneva,,,,,,,,,,,,,,,,,,,,,,,,,,,,,,,,,,,,,,,,,,,,,,,,,,,,,,1212,,,,,,,,Raphanus raphanistrum L.,,,,,,,Plantae|Spermatophyta|Tracheophyta|Magnoliophyta|Eudicots|Core Eudicots|Malvids|Rosids|Brassicales|Brassicaceae|Raphanus,Plantae,Tracheophyta,Magnoliopsida,Brassicales,,Brassicaceae,,,,Raphanus,Raphanus,,,raphanistrum,,,SPECIES,,,,ACCEPTED,,,3111dc38-3143-4792-9802-610f1de4961c,US,2026-01-07T15:29:34.225Z,,,,,,TAXON_ID_NOT_FOUND;INSTITUTION_MATCH_FUZZY;INSTITUTION_COLLECTION_MISMATCH,,,StillImage,false,false,3040983,3040983,6,7707728,220,7225535,3112,3040962,,3040983,Raphanus raphanistrum,Raphanus raphanistrum L.,Raphanus raphanistrum,,DWC_ARCHIVE,2026-01-07T15:29:34.225Z,2026-01-07T15:20:56.317Z,,false,,,false,NORTH_AMERICA,NORTH_AMERICA,,,,,,,,,
4102239959,,,,CC0_1_0,2025-04-23T02:12:04Z,,https://sernecportal.org/portal/collections/individual/index.php?occid=17271303,Botanical Research Institute of Texas,,,9bec1885-8556-470e-80f3-f31ed15228b0,,BRIT,VDB,,,PRESERVED_SPECIMEN,,,,a8c4d7e8-4313-425f-873f-ba2a40d7e2e7,BRIT105768,,,,,,,,,,,,,,,,,PRESENT,,,,,,,,,,,,,,,,,,,,,,,,,,,,,,,,,,,,,,,,,,,,,US,Alabama,Dale,,,,,,,,,,,,,,,,,,,,,,,,,,,,,,,,,,,,,,,,,,,,,,,,,,,,,,1212,,,,,,,,Raphanus raphanistrum L.,,,,,,,Plantae|Spermatophyta|Tracheophyta|Magnoliophyta|Eudicots|Core Eudicots|Malvids|Rosids|Brassicales|Brassicaceae|Raphanus,Plantae,Tracheophyta,Magnoliopsida,Brassicales,,Brassicaceae,,,,Raphanus,Raphanus,,,raphanistrum,,,SPECIES,,,,ACCEPTED,,,3111dc38-3143-4792-9802-610f1de4961c,US,2026-01-07T15:29:33.706Z,,,,,,TAXON_ID_NOT_FOUND;INSTITUTION_MATCH_FUZZY;INSTITUTION_COLLECTION_MISMATCH,,,StillImage,false,false,3040983,3040983,6,7707728,220,7225535,3112,3040962,,3040983,Raphanus raphanistrum,Raphanus raphanistrum L.,Raphanus raphanistrum,,DWC_ARCHIVE,2026-01-07T15:29:33.706Z,2026-01-07T15:20:56.317Z,,false,,,false,NORTH_AMERICA,NORTH_AMERICA,,,,,,,,,
4102240030,,,,CC0_1_0,2025-04-23T02:12:04Z,,https://sernecportal.org/portal/collections/individual/index.php?occid=17271853,Botanical Research Institute of Texas,,,9bec1885-8556-470e-80f3-f31ed15228b0,,BRIT,VDB,,,PRESERVED_SPECIMEN,,,,8619ae48-202e-48ca-b728-566c4e40f31c,BRIT105757,,,,,,,,,,,,,,,,,PRESENT,,,,,,,,,,,,,,,,,,,,,,,,,,,,,,,,,,,,,,,,,,,,,US,Alabama,Geneva,,,,,,,,,,,,,,,,,,,,,,,,,,,,,,,,,,,,,,,,,,,,,,,,,,,,,,1212,,,,,,,,Raphanus raphanistrum L.,,,,,,,Plantae|Spermatophyta|Tracheophyta|Magnoliophyta|Eudicots|Core Eudicots|Malvids|Rosids|Brassicales|Brassicaceae|Raphanus,Plantae,Tracheophyta,Magnoliopsida,Brassicales,,Brassicaceae,,,,Raphanus,Raphanus,,,raphanistrum,,,SPECIES,,,,ACCEPTED,,,3111dc38-3143-4792-9802-610f1de4961c,US,2026-01-07T15:29:32.558Z,,,,,,TAXON_ID_NOT_FOUND;INSTITUTION_MATCH_FUZZY;INSTITUTION_COLLECTION_MISMATCH,,,StillImage,false,false,3040983,3040983,6,7707728,220,7225535,3112,3040962,,3040983,Raphanus raphanistrum,Raphanus raphanistrum L.,Raphanus raphanistrum,,DWC_ARCHIVE,2026-01-07T15:29:32.558Z,2026-01-07T15:20:56.317Z,,false,,,false,NORTH_AMERICA,NORTH_AMERICA,,,,,,,,,
4102367471,,,,CC0_1_0,2025-04-23T02:12:04Z,,https://sernecportal.org/portal/collections/individual/index.php?occid=8914402,Botanical Research Institute of Texas,,,b198a10f-39d3-44ac-be3f-c617646b5eb2,,BRIT,NLU,,,PRESERVED_SPECIMEN,,,,865aabc3-c7db-4675-a51c-0559f08e8167,NLU0110300,,,,,,,,,,,,,,,,,PRESENT,,,,,,,,,,,,,,,,,,,,,,,,,,,,,,,,,,,,,,,,,,,,,US,Alabama,Geneva,,,,,,,,,,,,,,,,,,,,,,,,,,,,,,,,,,,,,,,,,,,,,,,,,,,,,,1212,,,,,,,,Raphanus raphanistrum L.,,,,,,,Plantae|Spermatophyta|Tracheophyta|Magnoliophyta|Eudicots|Core Eudicots|Malvids|Rosids|Brassicales|Brassicaceae|Raphanus,Plantae,Tracheophyta,Magnoliopsida,Brassicales,,Brassicaceae,,,,Raphanus,Raphanus,,,raphanistrum,,,SPECIES,,,,ACCEPTED,,,bb0366a9-2a7e-44f8-9c9a-e49c23dae2f8,US,2026-01-07T15:35:47.062Z,,,,,,TAXON_ID_NOT_FOUND;INSTITUTION_MATCH_FUZZY,,,StillImage,false,false,3040983,3040983,6,7707728,220,7225535,3112,3040962,,3040983,Raphanus raphanistrum,Raphanus raphanistrum L.,Raphanus raphanistrum,,DWC_ARCHIVE,2026-01-07T15:35:47.062Z,2026-01-07T15:26:37.060Z,,false,,,false,NORTH_AMERICA,NORTH_AMERICA,,,,,,,,,
4102372567,,,,CC0_1_0,2025-04-23T02:12:04Z,,https://sernecportal.org/portal/collections/individual/index.php?occid=17268427,Botanical Research Institute of Texas,,,9bec1885-8556-470e-80f3-f31ed15228b0,,BRIT,VDB,,,PRESERVED_SPECIMEN,,,,c45e4b0f-1a44-4864-90be-50216b2777eb,BRIT105994,,,,,,,,,,,,,,,,,PRESENT,,,,,,,,,,,,,,,,,,,,,,,,,,,,,,,,,,,,,,,,,,,,,US,Alabama,Shelby,,,,,,,,,,,,,,,,,,,,,,,,,,,,,,,,,,,,,,,,,,,,,,,,,,,,,,1212,,,,,,,,Raphanus raphanistrum L.,,,,,,,Plantae|Spermatophyta|Tracheophyta|Magnoliophyta|Eudicots|Core Eudicots|Malvids|Rosids|Brassicales|Brassicaceae|Raphanus,Plantae,Tracheophyta,Magnoliopsida,Brassicales,,Brassicaceae,,,,Raphanus,Raphanus,,,raphanistrum,,,SPECIES,,,,ACCEPTED,,,3111dc38-3143-4792-9802-610f1de4961c,US,2026-01-07T15:29:34.842Z,,,,,,TAXON_ID_NOT_FOUND;INSTITUTION_MATCH_FUZZY;INSTITUTION_COLLECTION_MISMATCH,,,StillImage,false,false,3040983,3040983,6,7707728,220,7225535,3112,3040962,,3040983,Raphanus raphanistrum,Raphanus raphanistrum L.,Raphanus raphanistrum,,DWC_ARCHIVE,2026-01-07T15:29:34.842Z,2026-01-07T15:20:56.317Z,,false,,,false,NORTH_AMERICA,NORTH_AMERICA,,,,,,,,,
4102386881,,,,CC0_1_0,2025-04-23T02:12:04Z,,https://sernecportal.org/portal/collections/individual/index.php?occid=17270575,Botanical Research Institute of Texas,,,9bec1885-8556-470e-80f3-f31ed15228b0,,BRIT,VDB,,,PRESERVED_SPECIMEN,,,,17eb76ad-746f-4ee3-91a6-e02c976fc8f3,BRIT105991,,,,,,,,,,,,,,,,,PRESENT,,,,,,,,,,,,,,,,,,,,,,,,,,,,,,,,,,,,,,,,,,,,,US,Alabama,Conecuh,,,,,,,,,,,,,,,,,,,,,,,,,,,,,,,,,,,,,,,,,,,,,,,,,,,,,,1212,,,,,,,,Raphanus raphanistrum L.,,,,,,,Plantae|Spermatophyta|Tracheophyta|Magnoliophyta|Eudicots|Core Eudicots|Malvids|Rosids|Brassicales|Brassicaceae|Raphanus,Plantae,Tracheophyta,Magnoliopsida,Brassicales,,Brassicaceae,,,,Raphanus,Raphanus,,,raphanistrum,,,SPECIES,,,,ACCEPTED,,,3111dc38-3143-4792-9802-610f1de4961c,US,2026-01-07T15:29:32.608Z,,,,,,TAXON_ID_NOT_FOUND;INSTITUTION_MATCH_FUZZY;INSTITUTION_COLLECTION_MISMATCH,,,StillImage,false,false,3040983,3040983,6,7707728,220,7225535,3112,3040962,,3040983,Raphanus raphanistrum,Raphanus raphanistrum L.,Raphanus raphanistrum,,DWC_ARCHIVE,2026-01-07T15:29:32.608Z,2026-01-07T15:20:56.317Z,,false,,,false,NORTH_AMERICA,NORTH_AMERICA,,,,,,,,,
4102387064,,,,CC0_1_0,2025-04-23T02:12:04Z,,https://sernecportal.org/portal/collections/individual/index.php?occid=17272063,Botanical Research Institute of Texas,,,9bec1885-8556-470e-80f3-f31ed15228b0,,BRIT,VDB,,,PRESERVED_SPECIMEN,,,,b9481e14-d3fd-4e43-bcd5-ca5862ff2cb1,BRIT106000,,,,,,,,,,,,,,,,,PRESENT,,,,,,,,,,,,,,,,,,,,,,,,,,,,,,,,,,,,,,,,,,,,,US,Alabama,Lee,,,,,,,,,,,,,,,,,,,,,,,,,,,,,,,,,,,,,,,,,,,,,,,,,,,,,,1212,,,,,,,,Raphanus raphanistrum L.,,,,,,,Plantae|Spermatophyta|Tracheophyta|Magnoliophyta|Eudicots|Core Eudicots|Malvids|Rosids|Brassicales|Brassicaceae|Raphanus,Plantae,Tracheophyta,Magnoliopsida,Brassicales,,Brassicaceae,,,,Raphanus,Raphanus,,,raphanistrum,,,SPECIES,,,,ACCEPTED,,,3111dc38-3143-4792-9802-610f1de4961c,US,2026-01-07T15:29:35.931Z,,,,,,TAXON_ID_NOT_FOUND;INSTITUTION_MATCH_FUZZY;INSTITUTION_COLLECTION_MISMATCH,,,StillImage,false,false,3040983,3040983,6,7707728,220,7225535,3112,3040962,,3040983,Raphanus raphanistrum,Raphanus raphanistrum L.,Raphanus raphanistrum,,DWC_ARCHIVE,2026-01-07T15:29:35.931Z,2026-01-07T15:20:56.317Z,,false,,,false,NORTH_AMERICA,NORTH_AMERICA,,,,,,,,,
4102392561,,,,CC0_1_0,2025-04-23T02:12:04Z,,https://sernecportal.org/portal/collections/individual/index.php?occid=17268178,Botanical Research Institute of Texas,,,9bec1885-8556-470e-80f3-f31ed15228b0,,BRIT,VDB,,,PRESERVED_SPECIMEN,,,,94d5df46-5401-4064-9ecf-54dae989408c,BRIT106003,,,,,,,,,,,,,,,,,PRESENT,,,,,,,,,,,,,,,,,,,,,,,,,,,,,,,,,,,,,,,,,,,,,US,Alabama,Houston,,,,,,,,,,,,,,,,,,,,,,,,,,,,,,,,,,,,,,,,,,,,,,,,,,,,,,1212,,,,,,,,Raphanus raphanistrum L.,,,,,,,Plantae|Spermatophyta|Tracheophyta|Magnoliophyta|Eudicots|Core Eudicots|Malvids|Rosids|Brassicales|Brassicaceae|Raphanus,Plantae,Tracheophyta,Magnoliopsida,Brassicales,,Brassicaceae,,,,Raphanus,Raphanus,,,raphanistrum,,,SPECIES,,,,ACCEPTED,,,3111dc38-3143-4792-9802-610f1de4961c,US,2026-01-07T15:29:31.662Z,,,,,,TAXON_ID_NOT_FOUND;INSTITUTION_MATCH_FUZZY;INSTITUTION_COLLECTION_MISMATCH,,,StillImage,false,false,3040983,3040983,6,7707728,220,7225535,3112,3040962,,3040983,Raphanus raphanistrum,Raphanus raphanistrum L.,Raphanus raphanistrum,,DWC_ARCHIVE,2026-01-07T15:29:31.662Z,2026-01-07T15:20:56.317Z,,false,,,false,NORTH_AMERICA,NORTH_AMERICA,,,,,,,,,
4102392750,,,,CC0_1_0,2025-04-23T02:12:04Z,,https://sernecportal.org/portal/collections/individual/index.php?occid=17269674,Botanical Research Institute of Texas,,,9bec1885-8556-470e-80f3-f31ed15228b0,,BRIT,VDB,,,PRESERVED_SPECIMEN,,,,88af1813-e0c6-4920-b551-6ce351164c89,BRIT105999,,,,,,,,,,,,,,,,,PRESENT,,,,,,,,,,,,,,,,,,,,,,,,,,,,,,,,,,,,,,,,,,,,,US,Alabama,Mobile,,,,,,,,,,,,,,,,,,,,,,,,,,,,,,,,,,,,,,,,,,,,,,,,,,,,,,1212,,,,,,,,Raphanus raphanistrum L.,,,,,,,Plantae|Spermatophyta|Tracheophyta|Magnoliophyta|Eudicots|Core Eudicots|Malvids|Rosids|Brassicales|Brassicaceae|Raphanus,Plantae,Tracheophyta,Magnoliopsida,Brassicales,,Brassicaceae,,,,Raphanus,Raphanus,,,raphanistrum,,,SPECIES,,,,ACCEPTED,,,3111dc38-3143-4792-9802-610f1de4961c,US,2026-01-07T15:29:36.294Z,,,,,,TAXON_ID_NOT_FOUND;INSTITUTION_MATCH_FUZZY;INSTITUTION_COLLECTION_MISMATCH,,,StillImage,false,false,3040983,3040983,6,7707728,220,7225535,3112,3040962,,3040983,Raphanus raphanistrum,Raphanus raphanistrum L.,Raphanus raphanistrum,,DWC_ARCHIVE,2026-01-07T15:29:36.294Z,2026-01-07T15:20:56.317Z,,false,,,false,NORTH_AMERICA,NORTH_AMERICA,,,,,,,,,
4102446116,,,,CC0_1_0,2025-04-23T02:12:04Z,,https://sernecportal.org/portal/collections/individual/index.php?occid=26847170,Botanical Research Institute of Texas,,,9bec1885-8556-470e-80f3-f31ed15228b0,,BRIT,VDB,,,PRESERVED_SPECIMEN,,,,fe9d8aec-6041-4169-a214-b38a2683c29e,BRIT501274,,,,,,,,,,,,,,,,,PRESENT,,,,,,,,,,,,,,,,,,,,,,,,,,,,,,,,,,,,,,,,,,,,,US,Alabama,Cherokee,,,,,,,,,,,,,,,,,,,,,,,,,,,,,,,,,,,,,,,,,,,,,,,,,,,,,,1212,,,,,,,,Raphanus raphanistrum L.,,,,,,,Plantae|Spermatophyta|Tracheophyta|Magnoliophyta|Eudicots|Core Eudicots|Malvids|Rosids|Brassicales|Brassicaceae|Raphanus,Plantae,Tracheophyta,Magnoliopsida,Brassicales,,Brassicaceae,,,,Raphanus,Raphanus,,,raphanistrum,,,SPECIES,,,,ACCEPTED,,,3111dc38-3143-4792-9802-610f1de4961c,US,2026-01-07T15:29:35.047Z,,,,,,TAXON_ID_NOT_FOUND;INSTITUTION_MATCH_FUZZY;INSTITUTION_COLLECTION_MISMATCH,,,StillImage,false,false,3040983,3040983,6,7707728,220,7225535,3112,3040962,,3040983,Raphanus raphanistrum,Raphanus raphanistrum L.,Raphanus raphanistrum,,DWC_ARCHIVE,2026-01-07T15:29:35.047Z,2026-01-07T15:20:56.317Z,,false,,,false,NORTH_AMERICA,NORTH_AMERICA,,,,,,,,,
4102460550,,,,CC0_1_0,2025-04-23T02:12:04Z,,https://sernecportal.org/portal/collections/individual/index.php?occid=17268008,Botanical Research Institute of Texas,,,9bec1885-8556-470e-80f3-f31ed15228b0,,BRIT,VDB,,,PRESERVED_SPECIMEN,,,,76264ff7-3778-4118-ae99-fee54bd46104,BRIT105755,,,,,,,,,,,,,,,,,PRESENT,,,,,,,,,,,,,,,,,,,,,,,,,,,,,,,,,,,,,,,,,,,,,US,Alabama,Geneva,,,,,,,,,,,,,,,,,,,,,,,,,,,,,,,,,,,,,,,,,,,,,,,,,,,,,,1212,,,,,,,,Raphanus raphanistrum L.,,,,,,,Plantae|Spermatophyta|Tracheophyta|Magnoliophyta|Eudicots|Core Eudicots|Malvids|Rosids|Brassicales|Brassicaceae|Raphanus,Plantae,Tracheophyta,Magnoliopsida,Brassicales,,Brassicaceae,,,,Raphanus,Raphanus,,,raphanistrum,,,SPECIES,,,,ACCEPTED,,,3111dc38-3143-4792-9802-610f1de4961c,US,2026-01-07T15:29:32.210Z,,,,,,TAXON_ID_NOT_FOUND;INSTITUTION_MATCH_FUZZY;INSTITUTION_COLLECTION_MISMATCH,,,StillImage,false,false,3040983,3040983,6,7707728,220,7225535,3112,3040962,,3040983,Raphanus raphanistrum,Raphanus raphanistrum L.,Raphanus raphanistrum,,DWC_ARCHIVE,2026-01-07T15:29:32.210Z,2026-01-07T15:20:56.317Z,,false,,,false,NORTH_AMERICA,NORTH_AMERICA,,,,,,,,,
4102460558,,,,CC0_1_0,2025-04-23T02:12:04Z,,https://sernecportal.org/portal/collections/individual/index.php?occid=17268077,Botanical Research Institute of Texas,,,9bec1885-8556-470e-80f3-f31ed15228b0,,BRIT,VDB,,,PRESERVED_SPECIMEN,,,,be38099e-f147-4a25-9929-05fb41456b0c,BRIT105992,,,,,,,,,,,,,,,,,PRESENT,,,,,,,,,,,,,,,,,,,,,,,,,,,,,,,,,,,,,,,,,,,,,US,Alabama,Lee,,,,,,,,,,,,,,,,,,,,,,,,,,,,,,,,,,,,,,,,,,,,,,,,,,,,,,1213,,,,,,,,Raphanus sativus L.,,,,,,,Plantae|Spermatophyta|Tracheophyta|Magnoliophyta|Eudicots|Core Eudicots|Malvids|Rosids|Brassicales|Brassicaceae|Raphanus,Plantae,Tracheophyta,Magnoliopsida,Brassicales,,Brassicaceae,,,,Raphanus,Raphanus,,,sativus,,,SPECIES,,,,ACCEPTED,,,3111dc38-3143-4792-9802-610f1de4961c,US,2026-01-07T15:29:32.360Z,,,,,,TAXON_ID_NOT_FOUND;INSTITUTION_MATCH_FUZZY;INSTITUTION_COLLECTION_MISMATCH,,,StillImage,false,false,7678610,7678610,6,7707728,220,7225535,3112,3040962,,7678610,Raphanus sativus,Raphanus sativus L.,Raphanus sativus,,DWC_ARCHIVE,2026-01-07T15:29:32.360Z,2026-01-07T15:20:56.317Z,,false,,,false,NORTH_AMERICA,NORTH_AMERICA,,,,,,,,,
4102460589,,,,CC0_1_0,2025-04-23T02:12:04Z,,https://sernecportal.org/portal/collections/individual/index.php?occid=17268316,Botanical Research Institute of Texas,,,9bec1885-8556-470e-80f3-f31ed15228b0,,BRIT,VDB,,,PRESERVED_SPECIMEN,,,,484c87fb-b86f-4b8b-8340-7a776a450428,BRIT105773,,,,,,,,,,,,,,,,,PRESENT,,,,,,,,,,,,,,,,,,,,,,,,,,,,,,,,,,,,,,,,,,,,,US,Alabama,Baldwin,,,,,,,,,,,,,,,,,,,,,,,,,,,,,,,,,,,,,,,,,,,,,,,,,,,,,,1212,,,,,,,,Raphanus raphanistrum L.,,,,,,,Plantae|Spermatophyta|Tracheophyta|Magnoliophyta|Eudicots|Core Eudicots|Malvids|Rosids|Brassicales|Brassicaceae|Raphanus,Plantae,Tracheophyta,Magnoliopsida,Brassicales,,Brassicaceae,,,,Raphanus,Raphanus,,,raphanistrum,,,SPECIES,,,,ACCEPTED,,,3111dc38-3143-4792-9802-610f1de4961c,US,2026-01-07T15:29:35.283Z,,,,,,TAXON_ID_NOT_FOUND;INSTITUTION_MATCH_FUZZY;INSTITUTION_COLLECTION_MISMATCH,,,StillImage,false,false,3040983,3040983,6,7707728,220,7225535,3112,3040962,,3040983,Raphanus raphanistrum,Raphanus raphanistrum L.,Raphanus raphanistrum,,DWC_ARCHIVE,2026-01-07T15:29:35.283Z,2026-01-07T15:20:56.317Z,,false,,,false,NORTH_AMERICA,NORTH_AMERICA,,,,,,,,,
4102460748,,,,CC0_1_0,2025-04-23T02:12:04Z,,https://sernecportal.org/portal/collections/individual/index.php?occid=17269562,Botanical Research Institute of Texas,,,9bec1885-8556-470e-80f3-f31ed15228b0,,BRIT,VDB,,,PRESERVED_SPECIMEN,,,,8aaad1ea-3792-4a92-98b6-62c7ee4b33cf,BRIT105769,,,,,,,,,,,,,,,,,PRESENT,,,,,,,,,,,,,,,,,,,,,,,,,,,,,,,,,,,,,,,,,,,,,US,Alabama,Cherokee,,,,,,,,,,,,,,,,,,,,,,,,,,,,,,,,,,,,,,,,,,,,,,,,,,,,,,1212,,,,,,,,Raphanus raphanistrum L.,,,,,,,Plantae|Spermatophyta|Tracheophyta|Magnoliophyta|Eudicots|Core Eudicots|Malvids|Rosids|Brassicales|Brassicaceae|Raphanus,Plantae,Tracheophyta,Magnoliopsida,Brassicales,,Brassicaceae,,,,Raphanus,Raphanus,,,raphanistrum,,,SPECIES,,,,ACCEPTED,,,3111dc38-3143-4792-9802-610f1de4961c,US,2026-01-07T15:29:31.656Z,,,,,,TAXON_ID_NOT_FOUND;INSTITUTION_MATCH_FUZZY;INSTITUTION_COLLECTION_MISMATCH,,,StillImage,false,false,3040983,3040983,6,7707728,220,7225535,3112,3040962,,3040983,Raphanus raphanistrum,Raphanus raphanistrum L.,Raphanus raphanistrum,,DWC_ARCHIVE,2026-01-07T15:29:31.656Z,2026-01-07T15:20:56.317Z,,false,,,false,NORTH_AMERICA,NORTH_AMERICA,,,,,,,,,
4102460940,,,,CC0_1_0,2025-04-23T02:12:04Z,,https://sernecportal.org/portal/collections/individual/index.php?occid=17271091,Botanical Research Institute of Texas,,,9bec1885-8556-470e-80f3-f31ed15228b0,,BRIT,VDB,,,PRESERVED_SPECIMEN,,,,1fa47bb7-da71-49b1-ae46-e44047d29483,BRIT105754,,,,,,,,,,,,,,,,,PRESENT,,,,,,,,,,,,,,,,,,,,,,,,,,,,,,,,,,,,,,,,,,,,,US,Alabama,Hale,,,,,,,,,,,,,,,,,,,,,,,,,,,,,,,,,,,,,,,,,,,,,,,,,,,,,,1212,,,,,,,,Raphanus raphanistrum L.,,,,,,,Plantae|Spermatophyta|Tracheophyta|Magnoliophyta|Eudicots|Core Eudicots|Malvids|Rosids|Brassicales|Brassicaceae|Raphanus,Plantae,Tracheophyta,Magnoliopsida,Brassicales,,Brassicaceae,,,,Raphanus,Raphanus,,,raphanistrum,,,SPECIES,,,,ACCEPTED,,,3111dc38-3143-4792-9802-610f1de4961c,US,2026-01-07T15:29:33.609Z,,,,,,TAXON_ID_NOT_FOUND;INSTITUTION_MATCH_FUZZY;INSTITUTION_COLLECTION_MISMATCH,,,StillImage,false,false,3040983,3040983,6,7707728,220,7225535,3112,3040962,,3040983,Raphanus raphanistrum,Raphanus raphanistrum L.,Raphanus raphanistrum,,DWC_ARCHIVE,2026-01-07T15:29:33.609Z,2026-01-07T15:20:56.317Z,,false,,,false,NORTH_AMERICA,NORTH_AMERICA,,,,,,,,,
4102461020,,,,CC0_1_0,2025-04-23T02:12:04Z,,https://sernecportal.org/portal/collections/individual/index.php?occid=17271745,Botanical Research Institute of Texas,,,9bec1885-8556-470e-80f3-f31ed15228b0,,BRIT,VDB,,,PRESERVED_SPECIMEN,,,,c0b8a036-90de-49a6-9b02-5e5f0357d62a,BRIT105774,,,,,,,,,,,,,,,,,PRESENT,,,,,,,,,,,,,,,,,,,,,,,,,,,,,,,,,,,,,,,,,,,,,US,Alabama,Baldwin,,,,,,,,,,,,,,,,,,,,,,,,,,,,,,,,,,,,,,,,,,,,,,,,,,,,,,1212,,,,,,,,Raphanus raphanistrum L.,,,,,,,Plantae|Spermatophyta|Tracheophyta|Magnoliophyta|Eudicots|Core Eudicots|Malvids|Rosids|Brassicales|Brassicaceae|Raphanus,Plantae,Tracheophyta,Magnoliopsida,Brassicales,,Brassicaceae,,,,Raphanus,Raphanus,,,raphanistrum,,,SPECIES,,,,ACCEPTED,,,3111dc38-3143-4792-9802-610f1de4961c,US,2026-01-07T15:29:33.113Z,,,,,,TAXON_ID_NOT_FOUND;INSTITUTION_MATCH_FUZZY;INSTITUTION_COLLECTION_MISMATCH,,,StillImage,false,false,3040983,3040983,6,7707728,220,7225535,3112,3040962,,3040983,Raphanus raphanistrum,Raphanus raphanistrum L.,Raphanus raphanistrum,,DWC_ARCHIVE,2026-01-07T15:29:33.113Z,2026-01-07T15:20:56.317Z,,false,,,false,NORTH_AMERICA,NORTH_AMERICA,,,,,,,,,
4102461053,,,,CC0_1_0,2025-04-23T02:12:04Z,,https://sernecportal.org/portal/collections/individual/index.php?occid=17271990,Botanical Research Institute of Texas,,,9bec1885-8556-470e-80f3-f31ed15228b0,,BRIT,VDB,,,PRESERVED_SPECIMEN,,,,cf22a7c3-9fb0-4e06-8e0a-31333f24cd9b,BRIT105996,,,,,,,,,,,,,,,,,PRESENT,,,,,,,,,,,,,,,,,,,,,,,,,,,,,,,,,,,,,,,,,,,,,US,Alabama,Perry,,,,,,,,,,,,,,,,,,,,,,,,,,,,,,,,,,,,,,,,,,,,,,,,,,,,,,1212,,,,,,,,Raphanus raphanistrum L.,,,,,,,Plantae|Spermatophyta|Tracheophyta|Magnoliophyta|Eudicots|Core Eudicots|Malvids|Rosids|Brassicales|Brassicaceae|Raphanus,Plantae,Tracheophyta,Magnoliopsida,Brassicales,,Brassicaceae,,,,Raphanus,Raphanus,,,raphanistrum,,,SPECIES,,,,ACCEPTED,,,3111dc38-3143-4792-9802-610f1de4961c,US,2026-01-07T15:29:35.271Z,,,,,,TAXON_ID_NOT_FOUND;INSTITUTION_MATCH_FUZZY;INSTITUTION_COLLECTION_MISMATCH,,,StillImage,false,false,3040983,3040983,6,7707728,220,7225535,3112,3040962,,3040983,Raphanus raphanistrum,Raphanus raphanistrum L.,Raphanus raphanistrum,,DWC_ARCHIVE,2026-01-07T15:29:35.271Z,2026-01-07T15:20:56.317Z,,false,,,false,NORTH_AMERICA,NORTH_AMERICA,,,,,,,,,
4536676563,,,,CC_BY_NC_4_0,2025-06-28T00:20:08Z,,https://sernecportal.org/portal/collections/individual/index.php?occid=20261749,,,,274b5332-1247-4374-b124-c819b814cd6e,,DUKE,,,,PRESERVED_SPECIMEN,,,,a3513475-d0a9-45ce-a7c6-dfd2a78d2dbb,DUKE10139497,,,,,,,,,,,,,,,,,PRESENT,,,,,,,,,,,,,,,,,,,,,,,,,,,,,,,,,,,,,,,,,,,,,US,Alabama,Tuscaloosa,,,,,,,,,,,,,,,,,,,,,,,,,,,,,,,,,,,,,,,,,,,,,,,,,,,,,,1212,,,,,,,,Raphanus raphanistrum L.,,,,,,,Plantae|Spermatophyta|Tracheophyta|Magnoliophyta|Eudicots|Core Eudicots|Malvids|Rosids|Brassicales|Brassicaceae|Raphanus,Plantae,Tracheophyta,Magnoliopsida,Brassicales,,Brassicaceae,,,,Raphanus,Raphanus,,,raphanistrum,,,SPECIES,,,,ACCEPTED,,,785da3a1-3b86-4ac2-8f68-0903cb1cd085,US,2026-01-07T20:14:43.544Z,,,,,,TAXON_ID_NOT_FOUND;INSTITUTION_MATCH_FUZZY,,,,false,false,3040983,3040983,6,7707728,220,7225535,3112,3040962,,3040983,Raphanus raphanistrum,Raphanus raphanistrum L.,Raphanus raphanistrum,,DWC_ARCHIVE,2026-01-07T20:14:43.544Z,2026-01-07T20:07:15.368Z,,false,,,false,NORTH_AMERICA,NORTH_AMERICA,,,,,,,,,
4601577303,,,,CC_BY_NC_4_0,2025-06-28T00:20:08Z,,https://midatlanticherbaria.org/portal/collections/individual/index.php?occid=32339509,,,,c14e1b97-e72e-442b-b408-6c8b370a5d37,,DOV,,,,PRESERVED_SPECIMEN,,,,e14e8578-75a7-4a4a-99c7-f53c807ca4dc,DOV0071202,,,,,,,,,,,,,,,,,PRESENT,,,,,,,,,,,,,,,,,,,,,,,,,,,,,,,,,,,,,,,,,,,,,US,Alabama,,,,,,,,,,,,,,,,,,,,,,,,,,,,,,,,,,,,,,,,,,,,,,,,,,,,,,DOV filed-as name,1212,,,,,,,,Raphanus raphanistrum L.,,,,,,,Plantae|Spermatophyta|Tracheophyta|Magnoliophyta|Eudicots|Core Eudicots|Malvids|Rosids|Brassicales|Brassicaceae|Raphanus,Plantae,Tracheophyta,Magnoliopsida,Brassicales,,Brassicaceae,,,,Raphanus,Raphanus,,,raphanistrum,,,SPECIES,,,,ACCEPTED,,,0039bbb4-f753-40fd-8629-a4ed74fc5c6b,US,2026-01-06T18:06:26.972Z,,,,,,TAXON_ID_NOT_FOUND;INSTITUTION_MATCH_FUZZY,,,StillImage,false,false,3040983,3040983,6,7707728,220,7225535,3112,3040962,,3040983,Raphanus raphanistrum,Raphanus raphanistrum L.,Raphanus raphanistrum,,DWC_ARCHIVE,2026-01-06T18:06:26.972Z,2026-01-06T18:05:42.566Z,,false,,,false,NORTH_AMERICA,NORTH_AMERICA,,,,,,,,,
4948994383,,,,CC0_1_0,2025-06-28T00:20:08Z,,https://sernecportal.org/portal/collections/individual/index.php?occid=33073001,,,,70b3992e-a49f-477f-b495-2804f96cd870,,HTTU,,,,PRESERVED_SPECIMEN,,,,fbb26368-90ed-4f67-b261-1ffdd90bb360,HTTU039069,,,,,,,,,,,,,,,,,PRESENT,,,,,,,,,,,,,,,,,,,,,,,,,,,,,,,,,,,,,,,,,,,,,US,Alabama,Houston,,,,,,,,,,,,,,,,,,,,,,,,,,,,,,,,,,,,,,,,,,,,,,,,,,,,,,1213,,,,,,,,Raphanus sativus L.,,,,,,,Plantae|Spermatophyta|Tracheophyta|Magnoliophyta|Eudicots|Core Eudicots|Malvids|Rosids|Brassicales|Brassicaceae|Raphanus,Plantae,Tracheophyta,Magnoliopsida,Brassicales,,Brassicaceae,,,,Raphanus,Raphanus,,,sativus,,,SPECIES,,,,ACCEPTED,,,e3282b0b-a881-472b-ab98-6881960b2c3f,US,2026-01-06T19:04:46.947Z,,,,,,TAXON_ID_NOT_FOUND;INSTITUTION_MATCH_FUZZY,,,,false,false,7678610,7678610,6,7707728,220,7225535,3112,3040962,,7678610,Raphanus sativus,Raphanus sativus L.,Raphanus sativus,,DWC_ARCHIVE,2026-01-06T19:04:46.947Z,2026-01-06T19:04:27.234Z,,false,,,false,NORTH_AMERICA,NORTH_AMERICA,,,,,,,,,
4949044224,,,,CC0_1_0,2025-06-28T00:20:08Z,,https://sernecportal.org/portal/collections/individual/index.php?occid=33094193,Botanical Research Institute of Texas,,,9bec1885-8556-470e-80f3-f31ed15228b0,,BRIT,VDB,,,PRESERVED_SPECIMEN,,,,3745eb7d-501b-4d8a-91fd-50c51d86d399,BRIT1082761,,Brian R. Keener,,,,,,,,,,,,,,,PRESENT,,,,,,,,,,,,,,,,,,,,,,,,,,,,,,,,,,,,,,,,,,,,,US,Alabama,,,,,,,,,,,,,,,,,,,,,,,,,,,,,,,,,,,,,,,,,,,,,,,,,,,,,,,1213,,,,,,,,Raphanus sativus L.,,,,,,,Plantae|Spermatophyta|Tracheophyta|Magnoliophyta|Eudicots|Core Eudicots|Malvids|Rosids|Brassicales|Brassicaceae|Raphanus,Plantae,Tracheophyta,Magnoliopsida,Brassicales,,Brassicaceae,,,,Raphanus,Raphanus,,,sativus,,,SPECIES,,,,ACCEPTED,,,3111dc38-3143-4792-9802-610f1de4961c,US,2026-01-07T15:29:34.161Z,,,,,,TAXON_ID_NOT_FOUND;INSTITUTION_MATCH_FUZZY;INSTITUTION_COLLECTION_MISMATCH,,,StillImage,false,false,7678610,7678610,6,7707728,220,7225535,3112,3040962,,7678610,Raphanus sativus,Raphanus sativus L.,Raphanus sativus,,DWC_ARCHIVE,2026-01-07T15:29:34.161Z,2026-01-07T15:20:56.317Z,,false,,,false,NORTH_AMERICA,NORTH_AMERICA,,,,,,,,,
4976705376,,,,CC0_1_0,2025-06-28T00:20:08Z,,https://sernecportal.org/portal/collections/individual/index.php?occid=33222920,,,,70b3992e-a49f-477f-b495-2804f96cd870,,HTTU,,,,PRESERVED_SPECIMEN,,,,75cd07c1-3609-499f-9ac0-d81538464fbb,HTTU039375,,,,,,,,,,,,,,,,,PRESENT,,,,,,,,,,,,,,,,,,,,,,,,,,,,,,,,,,,,,,,,,,,,,US,Alabama,Houston,,,,,,,,,,,,,,,,,,,,,,,,,,,,,,,,,,,,,,,,,,,,,,,,,,,,,,1213,,,,,,,,Raphanus sativus L.,,,,,,,Plantae|Spermatophyta|Tracheophyta|Magnoliophyta|Eudicots|Core Eudicots|Malvids|Rosids|Brassicales|Brassicaceae|Raphanus,Plantae,Tracheophyta,Magnoliopsida,Brassicales,,Brassicaceae,,,,Raphanus,Raphanus,,,sativus,,,SPECIES,,,,ACCEPTED,,,e3282b0b-a881-472b-ab98-6881960b2c3f,US,2026-01-06T19:04:46.693Z,,,,,,TAXON_ID_NOT_FOUND;INSTITUTION_MATCH_FUZZY,,,,false,false,7678610,7678610,6,7707728,220,7225535,3112,3040962,,7678610,Raphanus sativus,Raphanus sativus L.,Raphanus sativus,,DWC_ARCHIVE,2026-01-06T19:04:46.693Z,2026-01-06T19:04:27.234Z,,false,,,false,NORTH_AMERICA,NORTH_AMERICA,,,,,,,,,
5028847948,,,en,CC0_1_0,2018-05-11T18:41:00Z,,https://sernecportal.org/portal/collections/individual/index.php?occid=17117477,,,,d77760fa-0a9d-469a-a49f-6c8d519dadc6,,UTC,UCHT,,,PRESERVED_SPECIMEN,,,,508da503-57ca-41d9-99bb-3d261479344d,UCHT013313,,,,,,,,,,,,,,,,,PRESENT,,,,,,,,,,,,,,,,,,,,,,,,,,,,,,,,,,,,,,,,,,,,,US,Alabama,Baldwin,,,,,,,,,,,,,,,,,,,,,,,,,,,,,,,,,,,,,,,,,,,,,,,,,,,,,,1212,,,,,,,,Raphanus raphanistrum L.,,,,,,,Plantae|Spermatophyta|Tracheophyta|Magnoliophyta|Eudicots|Core Eudicots|Malvids|Rosids|Brassicales|Brassicaceae|Raphanus,Plantae,Tracheophyta,Magnoliopsida,Brassicales,,Brassicaceae,,,,Raphanus,Raphanus,,,raphanistrum,,,SPECIES,,,,ACCEPTED,,,9ed207ca-4994-4a15-9994-66b19bffb3ee,US,2026-01-13T21:59:41.098Z,,,,,,TAXON_ID_NOT_FOUND;INSTITUTION_MATCH_FUZZY,,,StillImage,false,false,3040983,3040983,6,7707728,220,7225535,3112,3040962,,3040983,Raphanus raphanistrum,Raphanus raphanistrum L.,Raphanus raphanistrum,,DWC_ARCHIVE,2026-01-13T21:59:41.098Z,2026-01-13T21:59:15.865Z,,false,,,false,NORTH_AMERICA,NORTH_AMERICA,,,,,,,,,
5103852131,not-for-profit use only,,,CC_BY_NC_4_0,2025-06-28T00:20:08Z,,https://sernecportal.org/portal/collections/individual/index.php?occid=7783348,William & Mary,,,fac1991c-2f4f-4430-bf18-87d5fcd92d40,,WILLI,,,,PRESERVED_SPECIMEN,,,,1fb398ff-46b6-11e5-8c8a-cef45ef6b9ba,72470,1330,"Crouch, Virginia E",,,,,,,,,,,,,,,PRESENT,herbarium - 1,,,,,,,,,,,,,,,,,,,,,,1995-03-04,,63,63,1995,3,4,,"In upland food plot in front field on Camphouse Rd. near Camphouse; watershed of Tombigbee River in James River Co. Naheola Reserve; E of Pennington, AL.",,,,,,,,,,,,,,US,Alabama,Choctaw,,-,,,,,,,,,,,,,,,,,,,,,,,,,,,,,,,,,,,,,,,,,,,,,,,,,,,,1212,,,,,,,,Raphanus raphanistrum L.,,,,,,,Plantae|Spermatophyta|Tracheophyta|Magnoliophyta|Eudicots|Core Eudicots|Malvids|Rosids|Brassicales|Brassicaceae|Raphanus,Plantae,Tracheophyta,Magnoliopsida,Brassicales,,Brassicaceae,,,,Raphanus,Raphanus,,,raphanistrum,,,SPECIES,,,,ACCEPTED,,,07afc988-ad0b-4664-890e-96ac643ffbc7,US,2026-01-06T21:29:11.801Z,,,,,,TAXON_ID_NOT_FOUND;INSTITUTION_MATCH_FUZZY,,,StillImage,false,false,3040983,3040983,6,7707728,220,7225535,3112,3040962,,3040983,Raphanus raphanistrum,Raphanus raphanistrum L.,Raphanus raphanistrum,,DWC_ARCHIVE,2026-01-06T21:29:11.801Z,2026-01-06T21:28:05.822Z,,false,,,false,NORTH_AMERICA,NORTH_AMERICA,,,,,,,,,
1998350159,https://huh.harvard.edu/access-digital-reproductions-works-public-domain,,en,CC_BY_4_0,2015-07-26T17:46:06Z,,http://data.huh.harvard.edu/0aecde9d-6a7c-4e79-96da-54b978bcf86f/image,President and Fellows of Harvard College,http://purl.org/dc/dcmitype/PhysicalObject,urn:lsid:biocol.org:col:15868,urn:lsid:biocol.org:col:15868,,NEBC,NEBC,Harvard University Herbaria: All Records,,PRESERVED_SPECIMEN,,,"{""huh_taxonomic_group"": ""Vascular"", ""huh_project_id"": 3, ""huh_project_name"": ""New England Vascular Plants TCN""}",0aecde9d-6a7c-4e79-96da-54b978bcf86f,barcode-00602217,,E. H. Eames,,,,,,,,,,,,,,,PRESENT,Sheet,in collection,,,,,,,,,,,,,,,,,,,,,1907-07-25,,206,206,1907,7,25,"July 25, 1907",,,,,,,,,,North America;United States of America;Connecticut;Fairfield County;,NORTH_AMERICA,,,,US,Connecticut,Fairfield County,Bridgeport,Bridgeport,Bridgeport,,,,,,,,,,,,,,,,,,,,,,,,,,,,,,,,,,,,,,,,,,,,,,,,,,,,,,,,,,,Raphanus sativus L.,,,,,,,,Plantae,Tracheophyta,Magnoliopsida,Brassicales,,Brassicaceae,,,,Raphanus,Raphanus,,,sativus,,,SPECIES,,,,ACCEPTED,,,861e6afe-f762-11e1-a439-00145eb45e9a,US,2025-12-20T23:46:23.109Z,,,,,,,,,StillImage,false,false,7678610,7678610,6,7707728,220,7225535,3112,3040962,,7678610,Raphanus sativus,Raphanus sativus L.,Raphanus sativus Linnaeus,,EML,2025-12-20T23:46:23.109Z,2025-12-20T23:24:38.540Z,,false,,,false,NORTH_AMERICA,NORTH_AMERICA,,,,,,,,,
1998446011,https://huh.harvard.edu/access-digital-reproductions-works-public-domain,,en,CC_BY_4_0,2015-07-26T17:30:08Z,,http://data.huh.harvard.edu/208fce14-703c-4432-a448-f441ba7f02e8/image,President and Fellows of Harvard College,http://purl.org/dc/dcmitype/PhysicalObject,urn:lsid:biocol.org:col:15868,urn:lsid:biocol.org:col:15868,,NEBC,NEBC,Harvard University Herbaria: All Records,,PRESERVED_SPECIMEN,,,"{""huh_taxonomic_group"": ""Vascular"", ""huh_project_id"": 3, ""huh_project_name"": ""New England Vascular Plants TCN""}",208fce14-703c-4432-a448-f441ba7f02e8,barcode-00602158,222,F. W. Hall,,,,,,,,,,,,,,,PRESENT,Sheet,in collection,,,,,,,,,,,,,,,,,,,,222,1874-09-03,,246,246,1874,9,3,"Sept. 3, 1874",,,,,,,,,,North America;United States of America;Connecticut;Middlesex County;,NORTH_AMERICA,,,,US,Connecticut,Middlesex County,Killingworth,Killingworth,Killingworth,,,,,,,,,,,,,,,,,,,,,,,,,,,,,,,,,,,,,,,,,,,,,,,,,,,,,,,,,,,Raphanus raphanistrum L.,,,,,,,,Plantae,Tracheophyta,Magnoliopsida,Brassicales,,Brassicaceae,,,,Raphanus,Raphanus,,,raphanistrum,,,SPECIES,,,,ACCEPTED,,,861e6afe-f762-11e1-a439-00145eb45e9a,US,2025-12-20T23:46:18.137Z,,,,,,,,,StillImage,false,false,3040983,3040983,6,7707728,220,7225535,3112,3040962,,3040983,Raphanus raphanistrum,Raphanus raphanistrum L.,Raphanus raphanistrum Linnaeus,,EML,2025-12-20T23:46:18.137Z,2025-12-20T23:24:38.540Z,,false,,,false,NORTH_AMERICA,NORTH_AMERICA,,,,,,,,,
1998464060,https://huh.harvard.edu/access-digital-reproductions-works-public-domain,,en,CC_BY_4_0,2015-07-26T17:28:46Z,,http://data.huh.harvard.edu/24a6ca2c-20c3-4c96-bcf0-928b94ebe406/image,President and Fellows of Harvard College,http://purl.org/dc/dcmitype/PhysicalObject,urn:lsid:biocol.org:col:15868,urn:lsid:biocol.org:col:15868,,NEBC,NEBC,Harvard University Herbaria: All Records,,PRESERVED_SPECIMEN,,,"{""huh_taxonomic_group"": ""Vascular"", ""huh_project_id"": 3, ""huh_project_name"": ""New England Vascular Plants TCN""}",24a6ca2c-20c3-4c96-bcf0-928b94ebe406,barcode-00602154,1786,C. A. Weatherby & C. H. Bissell,,,,,,,,,,,,,,,PRESENT,Sheet,in collection,,,,,,,,,,,,,,,,,,,,1786,1906-06-13,,164,164,1906,6,13,"June 13, 1906",,,,,,,,,,North America;United States of America;Connecticut;,NORTH_AMERICA,,,,US,Connecticut,,,Holland,Holland,,,,,,,,,,,,,,,,,,,,,,,,,,,,,,,,,,,,,,,,,,,,,,,,,,,,,,,,,,,Raphanus raphanistrum L.,,,,,,,,Plantae,Tracheophyta,Magnoliopsida,Brassicales,,Brassicaceae,,,,Raphanus,Raphanus,,,raphanistrum,,,SPECIES,,,,ACCEPTED,,,861e6afe-f762-11e1-a439-00145eb45e9a,US,2025-12-20T23:46:26.635Z,,,,,,,,,StillImage,false,false,3040983,3040983,6,7707728,220,7225535,3112,3040962,,3040983,Raphanus raphanistrum,Raphanus raphanistrum L.,Raphanus raphanistrum Linnaeus,,EML,2025-12-20T23:46:26.635Z,2025-12-20T23:24:38.540Z,,false,,,false,NORTH_AMERICA,NORTH_AMERICA,,,,,,,,,
1998508118,https://huh.harvard.edu/access-digital-reproductions-works-public-domain,,en,CC_BY_4_0,2015-07-26T17:30:40Z,,http://data.huh.harvard.edu/2e87e2da-08aa-42cf-a651-7caf14bc307f/image,President and Fellows of Harvard College,http://purl.org/dc/dcmitype/PhysicalObject,urn:lsid:biocol.org:col:15868,urn:lsid:biocol.org:col:15868,,NEBC,NEBC,Harvard University Herbaria: All Records,,PRESERVED_SPECIMEN,,,"{""huh_taxonomic_group"": ""Vascular"", ""huh_project_id"": 3, ""huh_project_name"": ""New England Vascular Plants TCN""}",2e87e2da-08aa-42cf-a651-7caf14bc307f,barcode-00602160,,A. E. Blewitt,,,,,,,,,,,,,,,PRESENT,Sheet,in collection,,,,,,,,,,,,,,,,,,,,,1911-06-30,,181,181,1911,6,30,"June 30, 1911",,,,,,,,,,North America;United States of America;Connecticut;New Haven County;,NORTH_AMERICA,,,,US,Connecticut,New Haven County,Waterbury,Waterbury,Waterbury,,,,,,,,,,,,,,,,,,,,,,,,,,,,,,,,,,,,,,,,,,,,,,,,,,,,,,,,,,,Raphanus raphanistrum L.,,,,,,,,Plantae,Tracheophyta,Magnoliopsida,Brassicales,,Brassicaceae,,,,Raphanus,Raphanus,,,raphanistrum,,,SPECIES,,,,ACCEPTED,,,861e6afe-f762-11e1-a439-00145eb45e9a,US,2025-12-20T23:46:20.835Z,,,,,,,,,StillImage,false,false,3040983,3040983,6,7707728,220,7225535,3112,3040962,,3040983,Raphanus raphanistrum,Raphanus raphanistrum L.,Raphanus raphanistrum Linnaeus,,EML,2025-12-20T23:46:20.835Z,2025-12-20T23:24:38.540Z,,false,,,false,NORTH_AMERICA,NORTH_AMERICA,,,,,,,,,
1998572620,https://huh.harvard.edu/access-digital-reproductions-works-public-domain,,en,CC_BY_4_0,2015-07-26T17:27:39Z,,http://data.huh.harvard.edu/3cf9e650-ac2c-4c96-b872-58066a010665/image,President and Fellows of Harvard College,http://purl.org/dc/dcmitype/PhysicalObject,urn:lsid:biocol.org:col:15868,urn:lsid:biocol.org:col:15868,,NEBC,NEBC,Harvard University Herbaria: All Records,,PRESERVED_SPECIMEN,,,"{""huh_taxonomic_group"": ""Vascular"", ""huh_project_id"": 3, ""huh_project_name"": ""New England Vascular Plants TCN""}",3cf9e650-ac2c-4c96-b872-58066a010665,barcode-00602150,,R. W. Woodward,,,,,,,,,,,,,,,PRESENT,Sheet,in collection,,,,,,,,,,,,,,,,,,,,,1900-06-28,,179,179,1900,6,28,June 28-1900,,,,,,,,,,North America;United States of America;Connecticut;New London County;,NORTH_AMERICA,,,,US,Connecticut,New London County,Franklin,Franklin,Franklin,,,,,,,,,,,,,,,,,,,,,,,,,,,,,,,,,,,,,,,,,,,,,,,,,,,,,,,,,,,Raphanus raphanistrum L.,,,,,,,,Plantae,Tracheophyta,Magnoliopsida,Brassicales,,Brassicaceae,,,,Raphanus,Raphanus,,,raphanistrum,,,SPECIES,,,,ACCEPTED,,,861e6afe-f762-11e1-a439-00145eb45e9a,US,2025-12-20T23:46:23.339Z,,,,,,,,,StillImage,false,false,3040983,3040983,6,7707728,220,7225535,3112,3040962,,3040983,Raphanus raphanistrum,Raphanus raphanistrum L.,Raphanus raphanistrum Linnaeus,,EML,2025-12-20T23:46:23.339Z,2025-12-20T23:24:38.540Z,,false,,,false,NORTH_AMERICA,NORTH_AMERICA,,,,,,,,,
1998581313,https://huh.harvard.edu/access-digital-reproductions-works-public-domain,,en,CC_BY_4_0,2015-07-26T17:30:56Z,,http://data.huh.harvard.edu/3ef5ce84-909b-4233-a461-7a01869cc0cd/image,President and Fellows of Harvard College,http://purl.org/dc/dcmitype/PhysicalObject,urn:lsid:biocol.org:col:15631,urn:lsid:biocol.org:col:15631,,GH,GH,Harvard University Herbaria: All Records,,PRESERVED_SPECIMEN,,,"{""huh_taxonomic_group"": ""Vascular"", ""huh_project_id"": 3, ""huh_project_name"": ""New England Vascular Plants TCN""}",3ef5ce84-909b-4233-a461-7a01869cc0cd,barcode-00602161,,E. H. Eames,,,,,,,,,,,,,,,PRESENT,Sheet,in collection,,,,,,,,,,,,,,,,,,,,,1901-07-05,,186,186,1901,7,5,"July 5, 1901",,,,,,,,,,North America;United States of America;Connecticut;Fairfield County;,NORTH_AMERICA,,,,US,Connecticut,Fairfield County,Fairfield,Fairfield,Fairfield,,,,,,,,,,,,,,,,,,,,,,,,,,,,,,,,,,,,,,,,,,,,,,,,,,,,,,,,,,,Raphanus raphanistrum L.,,,,,,,,Plantae,Tracheophyta,Magnoliopsida,Brassicales,,Brassicaceae,,,,Raphanus,Raphanus,,,raphanistrum,,,SPECIES,,,,ACCEPTED,,,861e6afe-f762-11e1-a439-00145eb45e9a,US,2025-12-20T23:46:25.290Z,,,,,,,,,StillImage,false,false,3040983,3040983,6,7707728,220,7225535,3112,3040962,,3040983,Raphanus raphanistrum,Raphanus raphanistrum L.,Raphanus raphanistrum Linnaeus,,EML,2025-12-20T23:46:25.290Z,2025-12-20T23:24:38.540Z,,false,,,false,NORTH_AMERICA,NORTH_AMERICA,,,,,,,,,
1998588497,https://huh.harvard.edu/access-digital-reproductions-works-public-domain,,en,CC_BY_4_0,2015-07-26T17:29:02Z,,http://data.huh.harvard.edu/409ebcfa-4a5d-4cfa-ae2f-4a6ed6ab3aab/image,President and Fellows of Harvard College,http://purl.org/dc/dcmitype/PhysicalObject,urn:lsid:biocol.org:col:15631,urn:lsid:biocol.org:col:15631,,GH,GH,Harvard University Herbaria: All Records,,PRESERVED_SPECIMEN,,,"{""huh_taxonomic_group"": ""Vascular"", ""huh_project_id"": 3, ""huh_project_name"": ""New England Vascular Plants TCN""}",409ebcfa-4a5d-4cfa-ae2f-4a6ed6ab3aab,barcode-00602155,,A. W. Driggs,,,,,,,,,,,,,,,PRESENT,Sheet,in collection,,,,,,,,,,,,,,,,,,,,,1901-06-21,,172,172,1901,6,21,"June 21, 1901",,,,,,,,,,North America;United States of America;Connecticut;Hartford County;,NORTH_AMERICA,,,,US,Connecticut,Hartford County,East Hartford,East Hartford,East Hartford,,,,,,,,,,,,,,,,,,,,,,,,,,,,,,,,,,,,,,,,,,,,,,,,,,,,,,,,,,,Raphanus raphanistrum L.,,,,,,,,Plantae,Tracheophyta,Magnoliopsida,Brassicales,,Brassicaceae,,,,Raphanus,Raphanus,,,raphanistrum,,,SPECIES,,,,ACCEPTED,,,861e6afe-f762-11e1-a439-00145eb45e9a,US,2025-12-20T23:46:26.338Z,,,,,,,,,StillImage,false,false,3040983,3040983,6,7707728,220,7225535,3112,3040962,,3040983,Raphanus raphanistrum,Raphanus raphanistrum L.,Raphanus raphanistrum Linnaeus,,EML,2025-12-20T23:46:26.338Z,2025-12-20T23:24:38.540Z,,false,,,false,NORTH_AMERICA,NORTH_AMERICA,,,,,,,,,
1998596273,https://huh.harvard.edu/access-digital-reproductions-works-public-domain,,en,CC_BY_4_0,2015-07-26T17:27:55Z,,http://data.huh.harvard.edu/426e60c6-1c4a-4a29-a465-be30eee87049/image,President and Fellows of Harvard College,http://purl.org/dc/dcmitype/PhysicalObject,urn:lsid:biocol.org:col:15868,urn:lsid:biocol.org:col:15868,,NEBC,NEBC,Harvard University Herbaria: All Records,,PRESERVED_SPECIMEN,,,"{""huh_taxonomic_group"": ""Vascular"", ""huh_project_id"": 3, ""huh_project_name"": ""New England Vascular Plants TCN""}",426e60c6-1c4a-4a29-a465-be30eee87049,barcode-00602151,3858,G. C. Tucker,,,,,,,,,,,,,,,PRESENT,Sheet,in collection,,,,,,,,,,,,,,,,,,,,3858,1987-08-15,,227,227,1987,8,15,15 Aug 1987,,,,,,,,,,North America;United States of America;Connecticut;New London County;,NORTH_AMERICA,,,,US,Connecticut,New London County,Norwich,Norwich,Norwich,,,,,,,,,,,,,,,,,,,,,,,,,,,,,,,,,,,,,,,,,,,,,,,,,,,,,,,,,,,Raphanus raphanistrum L.,,,,,,,,Plantae,Tracheophyta,Magnoliopsida,Brassicales,,Brassicaceae,,,,Raphanus,Raphanus,,,raphanistrum,,,SPECIES,,,,ACCEPTED,,,861e6afe-f762-11e1-a439-00145eb45e9a,US,2025-12-20T23:46:18.704Z,,,,,,,,,StillImage,false,false,3040983,3040983,6,7707728,220,7225535,3112,3040962,,3040983,Raphanus raphanistrum,Raphanus raphanistrum L.,Raphanus raphanistrum Linnaeus,,EML,2025-12-20T23:46:18.704Z,2025-12-20T23:24:38.540Z,,false,,,false,NORTH_AMERICA,NORTH_AMERICA,,,,,,,,,
1998633899,https://huh.harvard.edu/access-digital-reproductions-works-public-domain,,en,CC_BY_4_0,2015-07-26T17:45:17Z,,http://data.huh.harvard.edu/4ad0be10-98d0-46c0-bed5-ea3ea4463ea6/image,President and Fellows of Harvard College,http://purl.org/dc/dcmitype/PhysicalObject,urn:lsid:biocol.org:col:15868,urn:lsid:biocol.org:col:15868,,NEBC,NEBC,Harvard University Herbaria: All Records,,PRESERVED_SPECIMEN,,,"{""huh_taxonomic_group"": ""Vascular"", ""huh_project_id"": 3, ""huh_project_name"": ""New England Vascular Plants TCN""}",4ad0be10-98d0-46c0-bed5-ea3ea4463ea6,barcode-00602214,296,L. Andrews,,,,,,,,,,,,,,,PRESENT,Sheet,in collection,,,,,,,,,,,,,,,,,,,,296,1898-07-16,,197,197,1898,7,16,July 16 1898,,,,,,,,,,North America;United States of America;Connecticut;Hartford County;,NORTH_AMERICA,,,,US,Connecticut,Hartford County,Southington,Southington,Southington,,,,,,,,,,,,,,,,,,,,,,,,,,,,,,,,,,,,,,,,,,,,,,,,,,,,,,,,,,,Raphanus sativus L.,,,,,,,,Plantae,Tracheophyta,Magnoliopsida,Brassicales,,Brassicaceae,,,,Raphanus,Raphanus,,,sativus,,,SPECIES,,,,ACCEPTED,,,861e6afe-f762-11e1-a439-00145eb45e9a,US,2025-12-20T23:46:20.244Z,,,,,,,,,StillImage,false,false,7678610,7678610,6,7707728,220,7225535,3112,3040962,,7678610,Raphanus sativus,Raphanus sativus L.,Raphanus sativus Linnaeus,,EML,2025-12-20T23:46:20.244Z,2025-12-20T23:24:38.540Z,,false,,,false,NORTH_AMERICA,NORTH_AMERICA,,,,,,,,,
1998657772,https://huh.harvard.edu/access-digital-reproductions-works-public-domain,,en,CC_BY_4_0,2015-07-26T17:29:52Z,,http://data.huh.harvard.edu/505142af-ec4d-42c5-8c2a-c8ad1eada2c1/image,President and Fellows of Harvard College,http://purl.org/dc/dcmitype/PhysicalObject,urn:lsid:biocol.org:col:15868,urn:lsid:biocol.org:col:15868,,NEBC,NEBC,Harvard University Herbaria: All Records,,PRESERVED_SPECIMEN,,,"{""huh_taxonomic_group"": ""Vascular"", ""huh_project_id"": 3, ""huh_project_name"": ""New England Vascular Plants TCN""}",505142af-ec4d-42c5-8c2a-c8ad1eada2c1,barcode-00602157,85,C. H. Bissell,,,,,,,,,,,,,,,PRESENT,Sheet,in collection,,,,,,,,,,,,,,,,,,,,85,1892-07-04,,186,186,1892,7,4,7/4/92,,,,,,,,,,North America;United States of America;Connecticut;Hartford County;,NORTH_AMERICA,,,,US,Connecticut,Hartford County,Southington,Southington,Southington,,,,,,,,,,,,,,,,,,,,,,,,,,,,,,,,,,,,,,,,,,,,,,,,,,,,,,,,,,,Raphanus raphanistrum L.,,,,,,,,Plantae,Tracheophyta,Magnoliopsida,Brassicales,,Brassicaceae,,,,Raphanus,Raphanus,,,raphanistrum,,,SPECIES,,,,ACCEPTED,,,861e6afe-f762-11e1-a439-00145eb45e9a,US,2025-12-20T23:46:25.376Z,,,,,,,,,StillImage,false,false,3040983,3040983,6,7707728,220,7225535,3112,3040962,,3040983,Raphanus raphanistrum,Raphanus raphanistrum L.,Raphanus raphanistrum Linnaeus,,EML,2025-12-20T23:46:25.376Z,2025-12-20T23:24:38.540Z,,false,,,false,NORTH_AMERICA,NORTH_AMERICA,,,,,,,,,
1998658715,https://huh.harvard.edu/access-digital-reproductions-works-public-domain,,en,CC_BY_4_0,2015-07-26T17:27:23Z,,http://data.huh.harvard.edu/507d6eed-78a1-4a0b-b6f6-daacd22704e2/image,President and Fellows of Harvard College,http://purl.org/dc/dcmitype/PhysicalObject,urn:lsid:biocol.org:col:15868,urn:lsid:biocol.org:col:15868,,NEBC,NEBC,Harvard University Herbaria: All Records,,PRESERVED_SPECIMEN,,,"{""huh_taxonomic_group"": ""Vascular"", ""huh_project_id"": 3, ""huh_project_name"": ""New England Vascular Plants TCN""}",507d6eed-78a1-4a0b-b6f6-daacd22704e2,barcode-00602149,,R. W. Woodward,,,,,,,,,,,,,,,PRESENT,Sheet,in collection,,,,,,,,,,,,,,,,,,,,,1900-07-05,,186,186,1900,7,5,July 5-1900,,,,,,,,,,North America;United States of America;Connecticut;New London County;,NORTH_AMERICA,,,,US,Connecticut,New London County,Franklin,Franklin,Franklin,,,,,,,,,,,,,,,,,,,,,,,,,,,,,,,,,,,,,,,,,,,,,,,,,,,,,,,,,,,Raphanus raphanistrum L.,,,,,,,,Plantae,Tracheophyta,Magnoliopsida,Brassicales,,Brassicaceae,,,,Raphanus,Raphanus,,,raphanistrum,,,SPECIES,,,,ACCEPTED,,,861e6afe-f762-11e1-a439-00145eb45e9a,US,2025-12-20T23:46:21.333Z,,,,,,,,,StillImage,false,false,3040983,3040983,6,7707728,220,7225535,3112,3040962,,3040983,Raphanus raphanistrum,Raphanus raphanistrum L.,Raphanus raphanistrum Linnaeus,,EML,2025-12-20T23:46:21.333Z,2025-12-20T23:24:38.540Z,,false,,,false,NORTH_AMERICA,NORTH_AMERICA,,,,,,,,,
1998728362,https://huh.harvard.edu/access-digital-reproductions-works-public-domain,,en,CC_BY_4_0,2015-07-26T17:45:34Z,,http://data.huh.harvard.edu/603f3e9d-daa8-4427-86cc-7c10ea527214/image,President and Fellows of Harvard College,http://purl.org/dc/dcmitype/PhysicalObject,urn:lsid:biocol.org:col:15868,urn:lsid:biocol.org:col:15868,,NEBC,NEBC,Harvard University Herbaria: All Records,,PRESERVED_SPECIMEN,,,"{""huh_taxonomic_group"": ""Vascular"", ""huh_project_id"": 3, ""huh_project_name"": ""New England Vascular Plants TCN""}",603f3e9d-daa8-4427-86cc-7c10ea527214,barcode-00602215,1536,A. E. Blewitt,,,,,,,,,,,,,,,PRESENT,Sheet,in collection,,,,,,,,,,,,,,,,,,,,1536,1912-08-17,,230,230,1912,8,17,"Aug. 17, 1912",,,,,,,,,,North America;United States of America;Connecticut;New Haven County;,NORTH_AMERICA,,,,US,Connecticut,New Haven County,Waterbury,Waterbury,Waterbury,,,,,,,,,,,,,,,,,,,,,,,,,,,,,,,,,,,,,,,,,,,,,,,,,,,,,,,,,,,Raphanus sativus L.,,,,,,,,Plantae,Tracheophyta,Magnoliopsida,Brassicales,,Brassicaceae,,,,Raphanus,Raphanus,,,sativus,,,SPECIES,,,,ACCEPTED,,,861e6afe-f762-11e1-a439-00145eb45e9a,US,2025-12-20T23:46:26.030Z,,,,,,,,,StillImage,false,false,7678610,7678610,6,7707728,220,7225535,3112,3040962,,7678610,Raphanus sativus,Raphanus sativus L.,Raphanus sativus Linnaeus,,EML,2025-12-20T23:46:26.030Z,2025-12-20T23:24:38.540Z,,false,,,false,NORTH_AMERICA,NORTH_AMERICA,,,,,,,,,
1998749441,https://huh.harvard.edu/access-digital-reproductions-works-public-domain,,en,CC_BY_4_0,2015-07-26T17:31:13Z,,http://data.huh.harvard.edu/64db12e1-0c56-4602-8494-3a601e5b4c58/image,President and Fellows of Harvard College,http://purl.org/dc/dcmitype/PhysicalObject,urn:lsid:biocol.org:col:15868,urn:lsid:biocol.org:col:15868,,NEBC,NEBC,Harvard University Herbaria: All Records,,PRESERVED_SPECIMEN,,,"{""huh_taxonomic_group"": ""Vascular"", ""huh_project_id"": 3, ""huh_project_name"": ""New England Vascular Plants TCN""}",64db12e1-0c56-4602-8494-3a601e5b4c58,barcode-00602162,,E. H. Eames,,,,,,,,,,,,,,,PRESENT,Sheet,in collection,,,,,,,,,,,,,,,,,,,,,1901-06-28,,179,179,1901,6,28,"June 28, 1901",,,,,,,,,,North America;United States of America;Connecticut;Fairfield County;,NORTH_AMERICA,,,,US,Connecticut,Fairfield County,Fairfield,Fairfield,Fairfield,,,,,,,,,,,,,,,,,,,,,,,,,,,,,,,,,,,,,,,,,,,,,,,,,,,,,,,,,,,Raphanus raphanistrum L.,,,,,,,,Plantae,Tracheophyta,Magnoliopsida,Brassicales,,Brassicaceae,,,,Raphanus,Raphanus,,,raphanistrum,,,SPECIES,,,,ACCEPTED,,,861e6afe-f762-11e1-a439-00145eb45e9a,US,2025-12-20T23:46:18.897Z,,,,,,,,,StillImage,false,false,3040983,3040983,6,7707728,220,7225535,3112,3040962,,3040983,Raphanus raphanistrum,Raphanus raphanistrum L.,Raphanus raphanistrum Linnaeus,,EML,2025-12-20T23:46:18.897Z,2025-12-20T23:24:38.540Z,,false,,,false,NORTH_AMERICA,NORTH_AMERICA,,,,,,,,,
1998897952,https://huh.harvard.edu/access-digital-reproductions-works-public-domain,,en,CC_BY_4_0,2015-07-26T17:30:24Z,,http://data.huh.harvard.edu/866bdcd7-7c1e-441e-be59-2a2bae48fce4/image,President and Fellows of Harvard College,http://purl.org/dc/dcmitype/PhysicalObject,urn:lsid:biocol.org:col:15868,urn:lsid:biocol.org:col:15868,,NEBC,NEBC,Harvard University Herbaria: All Records,,PRESERVED_SPECIMEN,,,"{""huh_taxonomic_group"": ""Vascular"", ""huh_project_id"": 3, ""huh_project_name"": ""New England Vascular Plants TCN""}",866bdcd7-7c1e-441e-be59-2a2bae48fce4,barcode-00602159,247,E. B. Harger,,,,,,,,,,,,,,,PRESENT,Sheet,in collection,,,,,,,,,,,,,,,,,,,,247,1889-06-10,,161,161,1889,6,10,"June 10, 1889",,,,,,,,,,North America;United States of America;Connecticut;New Haven County;,NORTH_AMERICA,,,,US,Connecticut,New Haven County,Oxford,Oxford,Oxford,,,,,,,,,,,,,,,,,,,,,,,,,,,,,,,,,,,,,,,,,,,,,,,,,,,,,,,,,,,Raphanus raphanistrum L.,,,,,,,,Plantae,Tracheophyta,Magnoliopsida,Brassicales,,Brassicaceae,,,,Raphanus,Raphanus,,,raphanistrum,,,SPECIES,,,,ACCEPTED,,,861e6afe-f762-11e1-a439-00145eb45e9a,US,2025-12-20T23:46:24.895Z,,,,,,,,,StillImage,false,false,3040983,3040983,6,7707728,220,7225535,3112,3040962,,3040983,Raphanus raphanistrum,Raphanus raphanistrum L.,Raphanus raphanistrum Linnaeus,,EML,2025-12-20T23:46:24.895Z,2025-12-20T23:24:38.540Z,,false,,,false,NORTH_AMERICA,NORTH_AMERICA,,,,,,,,,
1998943329,https://huh.harvard.edu/access-digital-reproductions-works-public-domain,,en,CC_BY_4_0,2015-07-26T17:28:11Z,,http://data.huh.harvard.edu/9096ce27-4495-44bc-82d5-9ec1fc2f6221/image,President and Fellows of Harvard College,http://purl.org/dc/dcmitype/PhysicalObject,urn:lsid:biocol.org:col:15631,urn:lsid:biocol.org:col:15631,,GH,GH,Harvard University Herbaria: All Records,,PRESERVED_SPECIMEN,,,"{""huh_taxonomic_group"": ""Vascular"", ""huh_project_id"": 3, ""huh_project_name"": ""New England Vascular Plants TCN""}",9096ce27-4495-44bc-82d5-9ec1fc2f6221,barcode-00602152,10244,S. R. Hill,,,,,,,,,,,,,,,PRESENT,Sheet,in collection,,,,,,,,,,,,,,,,,,,,10244,1981-06-06,,157,157,1981,6,6,6 June 81,,,,,,,,,,North America;United States of America;Connecticut;New London County;,NORTH_AMERICA,,,,US,Connecticut,New London County,Stonington,Stonington,Stonington,,,,,,,,,,,,,,,,,,,,,,,,,,,,,,,,,,,,,,,,,,,,,,,,,,,,,,,,,,,Raphanus raphanistrum L.,,,,,,,,Plantae,Tracheophyta,Magnoliopsida,Brassicales,,Brassicaceae,,,,Raphanus,Raphanus,,,raphanistrum,,,SPECIES,,,,ACCEPTED,,,861e6afe-f762-11e1-a439-00145eb45e9a,US,2025-12-20T23:46:25.693Z,,,,,,,,,StillImage,false,false,3040983,3040983,6,7707728,220,7225535,3112,3040962,,3040983,Raphanus raphanistrum,Raphanus raphanistrum L.,Raphanus raphanistrum Linnaeus,,EML,2025-12-20T23:46:25.693Z,2025-12-20T23:24:38.540Z,,false,,,false,NORTH_AMERICA,NORTH_AMERICA,,,,,,,,,
1999051140,https://huh.harvard.edu/access-digital-reproductions-works-public-domain,,en,CC_BY_4_0,2015-07-26T17:26:50Z,,http://data.huh.harvard.edu/a8e4382b-6414-420f-8488-cc5486c028ea/image,President and Fellows of Harvard College,http://purl.org/dc/dcmitype/PhysicalObject,urn:lsid:biocol.org:col:15631,urn:lsid:biocol.org:col:15631,,GH,GH,Harvard University Herbaria: All Records,,PRESERVED_SPECIMEN,,,"{""huh_taxonomic_group"": ""Vascular"", ""huh_project_id"": 3, ""huh_project_name"": ""New England Vascular Plants TCN""}",a8e4382b-6414-420f-8488-cc5486c028ea,barcode-00602147,4224,G. C. Tucker,,,,,,,,,,,,,,,PRESENT,Sheet,in collection,,,,,,,,,,,,,,,,,,,,4224,1988-09-13,,257,257,1988,9,13,13 September 1988,,,,,,,,,,North America;United States of America;Connecticut;New London County;,NORTH_AMERICA,,,,US,Connecticut,New London County,Colchester,Colchester,Colchester,,,,,,,,,,,,,,,,,,,,,,,,,,,,,,,,,,,,,,,,,,,,,,,,,,,,,,,,,,,Raphanus raphanistrum L.,,,,,,,,Plantae,Tracheophyta,Magnoliopsida,Brassicales,,Brassicaceae,,,,Raphanus,Raphanus,,,raphanistrum,,,SPECIES,,,,ACCEPTED,,,861e6afe-f762-11e1-a439-00145eb45e9a,US,2025-12-20T23:46:24.903Z,,,,,,,,,StillImage,false,false,3040983,3040983,6,7707728,220,7225535,3112,3040962,,3040983,Raphanus raphanistrum,Raphanus raphanistrum L.,Raphanus raphanistrum Linnaeus,,EML,2025-12-20T23:46:24.903Z,2025-12-20T23:24:38.540Z,,false,,,false,NORTH_AMERICA,NORTH_AMERICA,,,,,,,,,
1999260956,https://huh.harvard.edu/access-digital-reproductions-works-public-domain,,en,CC_BY_4_0,2015-07-26T17:27:06Z,,http://data.huh.harvard.edu/d8728406-8ad3-42f6-92e3-323b10d9c43e/image,President and Fellows of Harvard College,http://purl.org/dc/dcmitype/PhysicalObject,urn:lsid:biocol.org:col:15631,urn:lsid:biocol.org:col:15631,,GH,GH,Harvard University Herbaria: All Records,,PRESERVED_SPECIMEN,,,"{""huh_taxonomic_group"": ""Vascular"", ""huh_project_id"": 3, ""huh_project_name"": ""New England Vascular Plants TCN""}",d8728406-8ad3-42f6-92e3-323b10d9c43e,barcode-00602148,,R. W. Woodward,,,,,,,,,,,,,,,PRESENT,Sheet,in collection,,,,,,,,,,,,,,,,,,,,,1915-09-17,,260,260,1915,9,17,"Sept. 17, 1915",,,,,,,,,,North America;United States of America;Connecticut;New London County;,NORTH_AMERICA,,,,US,Connecticut,New London County,Franklin,Franklin,Franklin,,,,,,,,,,,,,,,,,,,,,,,,,,,,,,,,,,,,,,,,,,,,,,,,,,,,,,,,,,,Raphanus raphanistrum L.,,,,,,,,Plantae,Tracheophyta,Magnoliopsida,Brassicales,,Brassicaceae,,,,Raphanus,Raphanus,,,raphanistrum,,,SPECIES,,,,ACCEPTED,,,861e6afe-f762-11e1-a439-00145eb45e9a,US,2025-12-20T23:46:27.984Z,,,,,,,,,StillImage,false,false,3040983,3040983,6,7707728,220,7225535,3112,3040962,,3040983,Raphanus raphanistrum,Raphanus raphanistrum L.,Raphanus raphanistrum Linnaeus,,EML,2025-12-20T23:46:27.984Z,2025-12-20T23:24:38.540Z,,false,,,false,NORTH_AMERICA,NORTH_AMERICA,,,,,,,,,
1999331032,https://huh.harvard.edu/access-digital-reproductions-works-public-domain,,en,CC_BY_4_0,2015-07-26T17:45:50Z,,http://data.huh.harvard.edu/e868a280-4cff-40a1-8aa4-18bf52554ef1/image,President and Fellows of Harvard College,http://purl.org/dc/dcmitype/PhysicalObject,urn:lsid:biocol.org:col:15631,urn:lsid:biocol.org:col:15631,,GH,GH,Harvard University Herbaria: All Records,,PRESERVED_SPECIMEN,,,"{""huh_taxonomic_group"": ""Vascular"", ""huh_project_id"": 3, ""huh_project_name"": ""New England Vascular Plants TCN""}",e868a280-4cff-40a1-8aa4-18bf52554ef1,barcode-00602216,1,E. H. Eames,,,,,,,,,,,,,,,PRESENT,Sheet,in collection,,,,,,,,,,,,,,,,,,,,1,1897-11-01,,305,305,1897,11,1,Nov. 1-1897,,,,,,,,,,North America;United States of America;Connecticut;Fairfield County;,NORTH_AMERICA,,,,US,Connecticut,Fairfield County,Bridgeport,Bridgeport,Bridgeport,,,,,,,,,,,,,,,,,,,,,,,,,,,,,,,,,,,,,,,,,,,,,,,,,,,,,,,,,,,Raphanus sativus L.,,,,,,,,Plantae,Tracheophyta,Magnoliopsida,Brassicales,,Brassicaceae,,,,Raphanus,Raphanus,,,sativus,,,SPECIES,,,,ACCEPTED,,,861e6afe-f762-11e1-a439-00145eb45e9a,US,2025-12-20T23:46:25.686Z,,,,,,,,,StillImage,false,false,7678610,7678610,6,7707728,220,7225535,3112,3040962,,7678610,Raphanus sativus,Raphanus sativus L.,Raphanus sativus Linnaeus,,EML,2025-12-20T23:46:25.686Z,2025-12-20T23:24:38.540Z,,false,,,false,NORTH_AMERICA,NORTH_AMERICA,,,,,,,,,
1999351206,https://huh.harvard.edu/access-digital-reproductions-works-public-domain,,en,CC_BY_4_0,2018-03-07T13:52:57Z,,http://data.huh.harvard.edu/ece34629-7603-4c19-aca2-14f5408bb6db/image,President and Fellows of Harvard College,http://purl.org/dc/dcmitype/PhysicalObject,urn:lsid:biocol.org:col:15868,urn:lsid:biocol.org:col:15868,,NEBC,NEBC,Harvard University Herbaria: All Records,,PRESERVED_SPECIMEN,,,"{""huh_taxonomic_group"": ""Vascular"", ""huh_project_id"": 3, ""huh_project_name"": ""New England Vascular Plants TCN""}",ece34629-7603-4c19-aca2-14f5408bb6db,barcode-00602156,,C. Wright,,,,,,,,,,,,,,,PRESENT,Sheet,in collection,,,,,,,,,,,,,,,,,,,,,1878-06-07,,158,158,1878,6,7,7 June 1878,,,,,,,,,,North America;United States of America;Connecticut;Hartford County;,NORTH_AMERICA,,,,US,Connecticut,Hartford County,Rocky Hill,Rocky Hill,Rocky Hill,,,,,,,,,,,,,,,,,,,,,,,,,,,,,,,,,,,,,,,,,,,,,,,,,,,,,,,,,,,Raphanus raphanistrum L.,,,,,,,,Plantae,Tracheophyta,Magnoliopsida,Brassicales,,Brassicaceae,,,,Raphanus,Raphanus,,,raphanistrum,,,SPECIES,,,,ACCEPTED,,,861e6afe-f762-11e1-a439-00145eb45e9a,US,2025-12-20T23:46:27.618Z,,,,,,,,,StillImage,false,false,3040983,3040983,6,7707728,220,7225535,3112,3040962,,3040983,Raphanus raphanistrum,Raphanus raphanistrum L.,Raphanus raphanistrum Linnaeus,,EML,2025-12-20T23:46:27.618Z,2025-12-20T23:24:38.540Z,,false,,,false,NORTH_AMERICA,NORTH_AMERICA,,,,,,,,,
1999404469,https://huh.harvard.edu/access-digital-reproductions-works-public-domain,,en,CC_BY_4_0,2015-07-26T17:45:01Z,,http://data.huh.harvard.edu/f8eeb27c-8ed4-46ca-aa7f-52c864d014c4/image,President and Fellows of Harvard College,http://purl.org/dc/dcmitype/PhysicalObject,urn:lsid:biocol.org:col:15631,urn:lsid:biocol.org:col:15631,,GH,GH,Harvard University Herbaria: All Records,,PRESERVED_SPECIMEN,,,"{""huh_taxonomic_group"": ""Vascular"", ""huh_project_id"": 3, ""huh_project_name"": ""New England Vascular Plants TCN""}",f8eeb27c-8ed4-46ca-aa7f-52c864d014c4,barcode-00602213,297,L. Andrews,,,,,,,,,,,,,,,PRESENT,Sheet,in collection,,,,,,,,,,,,,,,,,,,,297,1898-07-14,,195,195,1898,7,14,July 14 1898,,,,,,,,,,North America;United States of America;Connecticut;Hartford County;,NORTH_AMERICA,,,,US,Connecticut,Hartford County,Southington,Southington,Southington,,,,,,,,,,,,,,,,,,,,,,,,,,,,,,,,,,,,,,,,,,,,,,,,,,,,,,,,,,,Raphanus sativus L.,,,,,,,,Plantae,Tracheophyta,Magnoliopsida,Brassicales,,Brassicaceae,,,,Raphanus,Raphanus,,,sativus,,,SPECIES,,,,ACCEPTED,,,861e6afe-f762-11e1-a439-00145eb45e9a,US,2025-12-20T23:46:20.233Z,,,,,,,,,StillImage,false,false,7678610,7678610,6,7707728,220,7225535,3112,3040962,,7678610,Raphanus sativus,Raphanus sativus L.,Raphanus sativus Linnaeus,,EML,2025-12-20T23:46:20.233Z,2025-12-20T23:24:38.540Z,,false,,,false,NORTH_AMERICA,NORTH_AMERICA,,,,,,,,,
3855533595,,,,CC_BY_NC_4_0,,,http://specifyportal.flmnh.ufl.edu/herbarium/?filter=catalogNumber:100432,University of Florida,,University of Florida Herbarium,,,UF,,,FLAS,PRESERVED_SPECIMEN,location information not given for endangered species,,,5C25F9C9-BA0C-4E03-A42A-6FBE5B080344,100432,,,,,,,,,,,,,,,,,PRESENT,Preserved herbarium specimen,SERNEC,,,,,,,,,,,,,,,,,,,,,,,,,,,,,,,,,,,,,,,,,,,US,Florida,Alachua County,,,SERNEC - locality unknown,,,,,,,,,,,,,,,,,,,,,,,,,,,,,,,,,,,,,,,,,,,,,,,,,,,,,,,,,,,Raphanus raphanistrum L.,,,,,,,,Plantae,Tracheophyta,Magnoliopsida,Brassicales,,Brassicaceae,,,,Raphanus,Raphanus,,,raphanistrum,,,SPECIES,,,ICN,ACCEPTED,,,b89d52a2-861d-4388-adad-c0da3d55fc78,US,2026-01-12T05:09:15.401Z,,,,,,COLLECTION_MATCH_NONE;INSTITUTION_MATCH_FUZZY,,,StillImage,false,false,3040983,3040983,6,7707728,220,7225535,3112,3040962,,3040983,Raphanus raphanistrum,Raphanus raphanistrum L.,Raphanus raphanistrum,,EML,2026-01-12T05:09:15.401Z,2026-01-12T05:01:55.766Z,,false,,,false,NORTH_AMERICA,NORTH_AMERICA,,,,,,,,,
3855521159,,,,CC_BY_NC_4_0,,,http://specifyportal.flmnh.ufl.edu/herbarium/?filter=catalogNumber:100586,University of Florida,,University of Florida Herbarium,,,UF,,,FLAS,PRESERVED_SPECIMEN,location information not given for endangered species,,,4BE4E22C-4565-4CC6-A189-4F33DB0E488A,100586,,,,,,,,,,,,,,,,,PRESENT,Preserved herbarium specimen,SERNEC,,,,,,,,,,,,,,,,,,,,,,,,,,,,,,,,,,,,,,,,,,,US,Florida,Duval County,,,SERNEC - locality unknown,,,,,,,,,,,,,,,,,,,,,,,,,,,,,,,,,,,,,,,,,,,,,,,,,,,,,,,,,,,Raphanus raphanistrum L.,,,,,,,,Plantae,Tracheophyta,Magnoliopsida,Brassicales,,Brassicaceae,,,,Raphanus,Raphanus,,,raphanistrum,,,SPECIES,,,ICN,ACCEPTED,,,b89d52a2-861d-4388-adad-c0da3d55fc78,US,2026-01-12T05:09:16.885Z,,,,,,COLLECTION_MATCH_NONE;INSTITUTION_MATCH_FUZZY,,,StillImage,false,false,3040983,3040983,6,7707728,220,7225535,3112,3040962,,3040983,Raphanus raphanistrum,Raphanus raphanistrum L.,Raphanus raphanistrum,,EML,2026-01-12T05:09:16.885Z,2026-01-12T05:01:55.766Z,,false,,,false,NORTH_AMERICA,NORTH_AMERICA,,,,,,,,,
3855445482,,,,CC_BY_NC_4_0,,,http://specifyportal.flmnh.ufl.edu/herbarium/?filter=catalogNumber:100895,University of Florida,,University of Florida Herbarium,,,UF,,,FLAS,PRESERVED_SPECIMEN,location information not given for endangered species,,,07A8E07D-A88E-48AB-A498-4E00EE827E3E,100895,,,,,,,,,,,,,,,,,PRESENT,Preserved herbarium specimen,SERNEC,,,,,,,,,,,,,,,,,,,,,,,,,,,,,,,,,,,,,,,,,,,US,Florida,Okaloosa,,,SERNEC - locality unknown,,,,,,,,,,,,,,,,,,,,,,,,,,,,,,,,,,,,,,,,,,,,,,,,,,,,,,,,,,,Raphanus raphanistrum L.,,,,,,,,Plantae,Tracheophyta,Magnoliopsida,Brassicales,,Brassicaceae,,,,Raphanus,Raphanus,,,raphanistrum,,,SPECIES,,,ICN,ACCEPTED,,,b89d52a2-861d-4388-adad-c0da3d55fc78,US,2026-01-12T05:09:14.825Z,,,,,,COLLECTION_MATCH_NONE;INSTITUTION_MATCH_FUZZY,,,StillImage,false,false,3040983,3040983,6,7707728,220,7225535,3112,3040962,,3040983,Raphanus raphanistrum,Raphanus raphanistrum L.,Raphanus raphanistrum,,EML,2026-01-12T05:09:14.825Z,2026-01-12T05:01:55.766Z,,false,,,false,NORTH_AMERICA,NORTH_AMERICA,,,,,,,,,
3855547362,,,,CC_BY_NC_4_0,,,http://specifyportal.flmnh.ufl.edu/herbarium/?filter=catalogNumber:122819,University of Florida,,University of Florida Herbarium,,,UF,,,FLAS,PRESERVED_SPECIMEN,location information not given for endangered species,,,AF2B5D93-FB83-4459-B5F5-3085A4DE81FB,122819,,,,,,,,,,,,,,,,,PRESENT,Preserved herbarium specimen,SERNEC,,,,,,,,,,,,,,,,,,,,,,,,,,,,,,,,,,,,,,,,,,,US,Florida,Alachua County,,,SERNEC - locality unknown,,,,,,,,,,,,,,,,,,,,,,,,,,,,,,,,,,,,,,,,,,,,,,,,,,,,,,,,,,,Raphanus raphanistrum L.,,,,,,,,Plantae,Tracheophyta,Magnoliopsida,Brassicales,,Brassicaceae,,,,Raphanus,Raphanus,,,raphanistrum,,,SPECIES,,,ICN,ACCEPTED,,,b89d52a2-861d-4388-adad-c0da3d55fc78,US,2026-01-12T05:09:13.797Z,,,,,,COLLECTION_MATCH_NONE;INSTITUTION_MATCH_FUZZY,,,StillImage,false,false,3040983,3040983,6,7707728,220,7225535,3112,3040962,,3040983,Raphanus raphanistrum,Raphanus raphanistrum L.,Raphanus raphanistrum,,EML,2026-01-12T05:09:13.797Z,2026-01-12T05:01:55.766Z,,false,,,false,NORTH_AMERICA,NORTH_AMERICA,,,,,,,,,
3855550946,,,,CC_BY_NC_4_0,,,http://specifyportal.flmnh.ufl.edu/herbarium/?filter=catalogNumber:12712,University of Florida,,University of Florida Herbarium,,,UF,,,FLAS,PRESERVED_SPECIMEN,location information not given for endangered species,,,C12641F9-20E3-4713-B6B5-6F60D9710877,12712,,,,,,,,,,,,,,,,,PRESENT,Preserved herbarium specimen,SERNEC,,,,,,,,,,,,,,,,,,,,,,,,,,,,,,,,,,,,,,,,,,,US,Florida,Alachua County,,,SERNEC - locality unknown,,,,,,,,,,,,,,,,,,,,,,,,,,,,,,,,,,,,,,,,,,,,,,,,,,,,,,,,,,,Raphanus sativus L.,,,,,,,,Plantae,Tracheophyta,Magnoliopsida,Brassicales,,Brassicaceae,,,,Raphanus,Raphanus,,,sativus,,,SPECIES,,,ICN,ACCEPTED,,,b89d52a2-861d-4388-adad-c0da3d55fc78,US,2026-01-12T05:09:11.179Z,,,,,,COLLECTION_MATCH_NONE;INSTITUTION_MATCH_FUZZY,,,StillImage,false,false,7678610,7678610,6,7707728,220,7225535,3112,3040962,,7678610,Raphanus sativus,Raphanus sativus L.,Raphanus sativus,,EML,2026-01-12T05:09:11.179Z,2026-01-12T05:01:55.766Z,,false,,,false,NORTH_AMERICA,NORTH_AMERICA,,,,,,,,,
3855550741,,,,CC_BY_NC_4_0,,,http://specifyportal.flmnh.ufl.edu/herbarium/?filter=catalogNumber:12713,University of Florida,,University of Florida Herbarium,,,UF,,,FLAS,PRESERVED_SPECIMEN,location information not given for endangered species,,,B8C4163F-550C-4BF4-8A87-0A6F1B9073AE,12713,,,,,,,,,,,,,,,,,PRESENT,Preserved herbarium specimen,SERNEC,,,,,,,,,,,,,,,,,,,,,,,,,,,,,,,,,,,,,,,,,,,US,Florida,Alachua County,,,SERNEC - locality unknown,,,,,,,,,,,,,,,,,,,,,,,,,,,,,,,,,,,,,,,,,,,,,,,,,,,,,,,,,,,Raphanus sativus L.,,,,,,,,Plantae,Tracheophyta,Magnoliopsida,Brassicales,,Brassicaceae,,,,Raphanus,Raphanus,,,sativus,,,SPECIES,,,ICN,ACCEPTED,,,b89d52a2-861d-4388-adad-c0da3d55fc78,US,2026-01-12T05:09:17.374Z,,,,,,COLLECTION_MATCH_NONE;INSTITUTION_MATCH_FUZZY,,,StillImage,false,false,7678610,7678610,6,7707728,220,7225535,3112,3040962,,7678610,Raphanus sativus,Raphanus sativus L.,Raphanus sativus,,EML,2026-01-12T05:09:17.374Z,2026-01-12T05:01:55.766Z,,false,,,false,NORTH_AMERICA,NORTH_AMERICA,,,,,,,,,
3855559769,,,,CC_BY_NC_4_0,,,http://specifyportal.flmnh.ufl.edu/herbarium/?filter=catalogNumber:129640,University of Florida,,University of Florida Herbarium,,,UF,,,FLAS,PRESERVED_SPECIMEN,location information not given for endangered species,,,E798BC47-35BE-4359-A8DD-D57B419D8F0E,129640,,,,,,,,,,,,,,,,,PRESENT,Preserved herbarium specimen,SERNEC,,,,,,,,,,,,,,,,,,,,,,,,,,,,,,,,,,,,,,,,,,,US,Florida,Pasco County,,,SERNEC - locality unknown,,,,,,,,,,,,,,,,,,,,,,,,,,,,,,,,,,,,,,,,,,,,,,,,,,,,,,,,,,,Raphanus raphanistrum L.,,,,,,,,Plantae,Tracheophyta,Magnoliopsida,Brassicales,,Brassicaceae,,,,Raphanus,Raphanus,,,raphanistrum,,,SPECIES,,,ICN,ACCEPTED,,,b89d52a2-861d-4388-adad-c0da3d55fc78,US,2026-01-12T05:09:13.442Z,,,,,,COLLECTION_MATCH_NONE;INSTITUTION_MATCH_FUZZY,,,StillImage,false,false,3040983,3040983,6,7707728,220,7225535,3112,3040962,,3040983,Raphanus raphanistrum,Raphanus raphanistrum L.,Raphanus raphanistrum,,EML,2026-01-12T05:09:13.442Z,2026-01-12T05:01:55.766Z,,false,,,false,NORTH_AMERICA,NORTH_AMERICA,,,,,,,,,
3855561251,,,,CC_BY_NC_4_0,,,http://specifyportal.flmnh.ufl.edu/herbarium/?filter=catalogNumber:129708,University of Florida,,University of Florida Herbarium,,,UF,,,FLAS,PRESERVED_SPECIMEN,location information not given for endangered species,,,D1070052-B82B-4D0F-B0A7-AB63F18938D4,129708,,,,,,,,,,,,,,,,,PRESENT,Preserved herbarium specimen,SERNEC,,,,,,,,,,,,,,,,,,,,,,,,,,,,,,,,,,,,,,,,,,,US,Florida,Hillsborough County,,,SERNEC - locality unknown,,,,,,,,,,,,,,,,,,,,,,,,,,,,,,,,,,,,,,,,,,,,,,,,,,,,,,,,,,,Raphanus raphanistrum L.,,,,,,,,Plantae,Tracheophyta,Magnoliopsida,Brassicales,,Brassicaceae,,,,Raphanus,Raphanus,,,raphanistrum,,,SPECIES,,,ICN,ACCEPTED,,,b89d52a2-861d-4388-adad-c0da3d55fc78,US,2026-01-12T05:09:17.445Z,,,,,,COLLECTION_MATCH_NONE;INSTITUTION_MATCH_FUZZY,,,StillImage,false,false,3040983,3040983,6,7707728,220,7225535,3112,3040962,,3040983,Raphanus raphanistrum,Raphanus raphanistrum L.,Raphanus raphanistrum,,EML,2026-01-12T05:09:17.445Z,2026-01-12T05:01:55.766Z,,false,,,false,NORTH_AMERICA,NORTH_AMERICA,,,,,,,,,
3855554683,,,,CC_BY_NC_4_0,,,http://specifyportal.flmnh.ufl.edu/herbarium/?filter=catalogNumber:129709,University of Florida,,University of Florida Herbarium,,,UF,,,FLAS,PRESERVED_SPECIMEN,location information not given for endangered species,,,EC5F3A13-6CF3-4289-B0B4-C88288AA7040,129709,,,,,,,,,,,,,,,,,PRESENT,Preserved herbarium specimen,SERNEC,,,,,,,,,,,,,,,,,,,,,,,,,,,,,,,,,,,,,,,,,,,US,Florida,Lake County,,,SERNEC - locality unknown,,,,,,,,,,,,,,,,,,,,,,,,,,,,,,,,,,,,,,,,,,,,,,,,,,,,,,,,,,,Raphanus raphanistrum L.,,,,,,,,Plantae,Tracheophyta,Magnoliopsida,Brassicales,,Brassicaceae,,,,Raphanus,Raphanus,,,raphanistrum,,,SPECIES,,,ICN,ACCEPTED,,,b89d52a2-861d-4388-adad-c0da3d55fc78,US,2026-01-12T05:09:12.369Z,,,,,,COLLECTION_MATCH_NONE;INSTITUTION_MATCH_FUZZY,,,StillImage,false,false,3040983,3040983,6,7707728,220,7225535,3112,3040962,,3040983,Raphanus raphanistrum,Raphanus raphanistrum L.,Raphanus raphanistrum,,EML,2026-01-12T05:09:12.369Z,2026-01-12T05:01:55.766Z,,false,,,false,NORTH_AMERICA,NORTH_AMERICA,,,,,,,,,
3855544774,,,,CC_BY_NC_4_0,,,http://specifyportal.flmnh.ufl.edu/herbarium/?filter=catalogNumber:129710,University of Florida,,University of Florida Herbarium,,,UF,,,FLAS,PRESERVED_SPECIMEN,location information not given for endangered species,,,8E459A80-D701-4C14-97A9-FC47B9DC5361,129710,,,,,,,,,,,,,,,,,PRESENT,Preserved herbarium specimen,SERNEC,,,,,,,,,,,,,,,,,,,,,,,,,,,,,,,,,,,,,,,,,,,US,Florida,Polk,,,SERNEC - locality unknown,,,,,,,,,,,,,,,,,,,,,,,,,,,,,,,,,,,,,,,,,,,,,,,,,,,,,,,,,,,Raphanus raphanistrum L.,,,,,,,,Plantae,Tracheophyta,Magnoliopsida,Brassicales,,Brassicaceae,,,,Raphanus,Raphanus,,,raphanistrum,,,SPECIES,,,ICN,ACCEPTED,,,b89d52a2-861d-4388-adad-c0da3d55fc78,US,2026-01-12T05:09:14.635Z,,,,,,COLLECTION_MATCH_NONE;INSTITUTION_MATCH_FUZZY,,,StillImage,false,false,3040983,3040983,6,7707728,220,7225535,3112,3040962,,3040983,Raphanus raphanistrum,Raphanus raphanistrum L.,Raphanus raphanistrum,,EML,2026-01-12T05:09:14.635Z,2026-01-12T05:01:55.766Z,,false,,,false,NORTH_AMERICA,NORTH_AMERICA,,,,,,,,,
3855446673,,,,CC_BY_NC_4_0,,,http://specifyportal.flmnh.ufl.edu/herbarium/?filter=catalogNumber:129711,University of Florida,,University of Florida Herbarium,,,UF,,,FLAS,PRESERVED_SPECIMEN,location information not given for endangered species,,,105C9192-BA3B-42E0-BC16-C67F83922B54,129711,,,,,,,,,,,,,,,,,PRESENT,Preserved herbarium specimen,SERNEC,,,,,,,,,,,,,,,,,,,,,,,,,,,,,,,,,,,,,,,,,,,US,Florida,DeSoto County,,,SERNEC - locality unknown,,,,,,,,,,,,,,,,,,,,,,,,,,,,,,,,,,,,,,,,,,,,,,,,,,,,,,,,,,,Raphanus raphanistrum L.,,,,,,,,Plantae,Tracheophyta,Magnoliopsida,Brassicales,,Brassicaceae,,,,Raphanus,Raphanus,,,raphanistrum,,,SPECIES,,,ICN,ACCEPTED,,,b89d52a2-861d-4388-adad-c0da3d55fc78,US,2026-01-12T05:09:15.855Z,,,,,,COLLECTION_MATCH_NONE;INSTITUTION_MATCH_FUZZY,,,StillImage,false,false,3040983,3040983,6,7707728,220,7225535,3112,3040962,,3040983,Raphanus raphanistrum,Raphanus raphanistrum L.,Raphanus raphanistrum,,EML,2026-01-12T05:09:15.855Z,2026-01-12T05:01:55.766Z,,false,,,false,NORTH_AMERICA,NORTH_AMERICA,,,,,,,,,
3855553104,,,,CC_BY_NC_4_0,,,http://specifyportal.flmnh.ufl.edu/herbarium/?filter=catalogNumber:129712,University of Florida,,University of Florida Herbarium,,,UF,,,FLAS,PRESERVED_SPECIMEN,location information not given for endangered species,,,C835D390-54C7-406B-8452-D5D28835DF20,129712,,,,,,,,,,,,,,,,,PRESENT,Preserved herbarium specimen,SERNEC,,,,,,,,,,,,,,,,,,,,,,,,,,,,,,,,,,,,,,,,,,,US,Florida,Citrus County,,,SERNEC - locality unknown,,,,,,,,,,,,,,,,,,,,,,,,,,,,,,,,,,,,,,,,,,,,,,,,,,,,,,,,,,,Raphanus raphanistrum L.,,,,,,,,Plantae,Tracheophyta,Magnoliopsida,Brassicales,,Brassicaceae,,,,Raphanus,Raphanus,,,raphanistrum,,,SPECIES,,,ICN,ACCEPTED,,,b89d52a2-861d-4388-adad-c0da3d55fc78,US,2026-01-12T05:09:12.322Z,,,,,,COLLECTION_MATCH_NONE;INSTITUTION_MATCH_FUZZY,,,StillImage,false,false,3040983,3040983,6,7707728,220,7225535,3112,3040962,,3040983,Raphanus raphanistrum,Raphanus raphanistrum L.,Raphanus raphanistrum,,EML,2026-01-12T05:09:12.322Z,2026-01-12T05:01:55.766Z,,false,,,false,NORTH_AMERICA,NORTH_AMERICA,,,,,,,,,
3855482496,,,,CC_BY_NC_4_0,,,http://specifyportal.flmnh.ufl.edu/herbarium/?filter=catalogNumber:129713,University of Florida,,University of Florida Herbarium,,,UF,,,FLAS,PRESERVED_SPECIMEN,location information not given for endangered species,,,B076F3B6-C096-47EB-AC17-8DAF7A8613B4,129713,,,,,,,,,,,,,,,,,PRESENT,Preserved herbarium specimen,SERNEC,,,,,,,,,,,,,,,,,,,,,,,,,,,,,,,,,,,,,,,,,,,US,Florida,Marion County,,,SERNEC - locality unknown,,,,,,,,,,,,,,,,,,,,,,,,,,,,,,,,,,,,,,,,,,,,,,,,,,,,,,,,,,,Raphanus raphanistrum L.,,,,,,,,Plantae,Tracheophyta,Magnoliopsida,Brassicales,,Brassicaceae,,,,Raphanus,Raphanus,,,raphanistrum,,,SPECIES,,,ICN,ACCEPTED,,,b89d52a2-861d-4388-adad-c0da3d55fc78,US,2026-01-12T05:09:14.324Z,,,,,,COLLECTION_MATCH_NONE;INSTITUTION_MATCH_FUZZY,,,StillImage,false,false,3040983,3040983,6,7707728,220,7225535,3112,3040962,,3040983,Raphanus raphanistrum,Raphanus raphanistrum L.,Raphanus raphanistrum,,EML,2026-01-12T05:09:14.324Z,2026-01-12T05:01:55.766Z,,false,,,false,NORTH_AMERICA,NORTH_AMERICA,,,,,,,,,
3855460012,,,,CC_BY_NC_4_0,,,http://specifyportal.flmnh.ufl.edu/herbarium/?filter=catalogNumber:129714,University of Florida,,University of Florida Herbarium,,,UF,,,FLAS,PRESERVED_SPECIMEN,location information not given for endangered species,,,70266976-171E-4951-85C3-726C3FE4B223,129714,,,,,,,,,,,,,,,,,PRESENT,Preserved herbarium specimen,SERNEC,,,,,,,,,,,,,,,,,,,,,,,,,,,,,,,,,,,,,,,,,,,US,Florida,Levy County,,,SERNEC - locality unknown,,,,,,,,,,,,,,,,,,,,,,,,,,,,,,,,,,,,,,,,,,,,,,,,,,,,,,,,,,,Raphanus raphanistrum L.,,,,,,,,Plantae,Tracheophyta,Magnoliopsida,Brassicales,,Brassicaceae,,,,Raphanus,Raphanus,,,raphanistrum,,,SPECIES,,,ICN,ACCEPTED,,,b89d52a2-861d-4388-adad-c0da3d55fc78,US,2026-01-12T05:09:15.250Z,,,,,,COLLECTION_MATCH_NONE;INSTITUTION_MATCH_FUZZY,,,StillImage,false,false,3040983,3040983,6,7707728,220,7225535,3112,3040962,,3040983,Raphanus raphanistrum,Raphanus raphanistrum L.,Raphanus raphanistrum,,EML,2026-01-12T05:09:15.250Z,2026-01-12T05:01:55.766Z,,false,,,false,NORTH_AMERICA,NORTH_AMERICA,,,,,,,,,
3855526110,,,,CC_BY_NC_4_0,,,http://specifyportal.flmnh.ufl.edu/herbarium/?filter=catalogNumber:142894,University of Florida,,University of Florida Herbarium,,,UF,,,FLAS,PRESERVED_SPECIMEN,location information not given for endangered species,,,4C9D79AB-6693-403D-B8B3-387E8F915CE3,142894,,,,,,,,,,,,,,,,,PRESENT,Preserved herbarium specimen,SERNEC,,,,,,,,,,,,,,,,,,,,,,,,,,,,,,,,,,,,,,,,,,,US,Florida,Hendry County,,,SERNEC - locality unknown,,,,,,,,,,,,,,,,,,,,,,,,,,,,,,,,,,,,,,,,,,,,,,,,,,,,,,,,,,,Raphanus raphanistrum L.,,,,,,,,Plantae,Tracheophyta,Magnoliopsida,Brassicales,,Brassicaceae,,,,Raphanus,Raphanus,,,raphanistrum,,,SPECIES,,,ICN,ACCEPTED,,,b89d52a2-861d-4388-adad-c0da3d55fc78,US,2026-01-12T05:09:12.864Z,,,,,,COLLECTION_MATCH_NONE;INSTITUTION_MATCH_FUZZY,,,StillImage,false,false,3040983,3040983,6,7707728,220,7225535,3112,3040962,,3040983,Raphanus raphanistrum,Raphanus raphanistrum L.,Raphanus raphanistrum,,EML,2026-01-12T05:09:12.864Z,2026-01-12T05:01:55.766Z,,false,,,false,NORTH_AMERICA,NORTH_AMERICA,,,,,,,,,
3855553958,,,,CC_BY_NC_4_0,,,http://specifyportal.flmnh.ufl.edu/herbarium/?filter=catalogNumber:144614,University of Florida,,University of Florida Herbarium,,,UF,,,FLAS,PRESERVED_SPECIMEN,location information not given for endangered species,,,C6946831-CB95-43B8-A5EB-893AF750AC99,144614,,,,,,,,,,,,,,,,,PRESENT,Preserved herbarium specimen,SERNEC,,,,,,,,,,,,,,,,,,,,,,,,,,,,,,,,,,,,,,,,,,,US,Florida,Lake County,,,SERNEC - locality unknown,,,,,,,,,,,,,,,,,,,,,,,,,,,,,,,,,,,,,,,,,,,,,,,,,,,,,,,,,,,Raphanus raphanistrum L.,,,,,,,,Plantae,Tracheophyta,Magnoliopsida,Brassicales,,Brassicaceae,,,,Raphanus,Raphanus,,,raphanistrum,,,SPECIES,,,ICN,ACCEPTED,,,b89d52a2-861d-4388-adad-c0da3d55fc78,US,2026-01-12T05:09:17.943Z,,,,,,COLLECTION_MATCH_NONE;INSTITUTION_MATCH_FUZZY,,,StillImage,false,false,3040983,3040983,6,7707728,220,7225535,3112,3040962,,3040983,Raphanus raphanistrum,Raphanus raphanistrum L.,Raphanus raphanistrum,,EML,2026-01-12T05:09:17.943Z,2026-01-12T05:01:55.766Z,,false,,,false,NORTH_AMERICA,NORTH_AMERICA,,,,,,,,,
3855477691,,,,CC_BY_NC_4_0,,,http://specifyportal.flmnh.ufl.edu/herbarium/?filter=catalogNumber:144758,University of Florida,,University of Florida Herbarium,,,UF,,,FLAS,PRESERVED_SPECIMEN,location information not given for endangered species,,,8F6CD3FC-4FCF-4096-B388-6553139F410B,144758,,,,,,,,,,,,,,,,,PRESENT,Preserved herbarium specimen,SERNEC,,,,,,,,,,,,,,,,,,,,,,,,,,,,,,,,,,,,,,,,,,,US,Florida,Lake County,,,SERNEC - locality unknown,,,,,,,,,,,,,,,,,,,,,,,,,,,,,,,,,,,,,,,,,,,,,,,,,,,,,,,,,,,Raphanus raphanistrum L.,,,,,,,,Plantae,Tracheophyta,Magnoliopsida,Brassicales,,Brassicaceae,,,,Raphanus,Raphanus,,,raphanistrum,,,SPECIES,,,ICN,ACCEPTED,,,b89d52a2-861d-4388-adad-c0da3d55fc78,US,2026-01-12T05:09:10.309Z,,,,,,COLLECTION_MATCH_NONE;INSTITUTION_MATCH_FUZZY,,,StillImage,false,false,3040983,3040983,6,7707728,220,7225535,3112,3040962,,3040983,Raphanus raphanistrum,Raphanus raphanistrum L.,Raphanus raphanistrum,,EML,2026-01-12T05:09:10.309Z,2026-01-12T05:01:55.766Z,,false,,,false,NORTH_AMERICA,NORTH_AMERICA,,,,,,,,,
3855457132,,,,CC_BY_NC_4_0,,,http://specifyportal.flmnh.ufl.edu/herbarium/?filter=catalogNumber:144759,University of Florida,,University of Florida Herbarium,,,UF,,,FLAS,PRESERVED_SPECIMEN,location information not given for endangered species,,,4D8B3ADA-038F-4106-B2EE-5EAD51D164BF,144759,,,,,,,,,,,,,,,,,PRESENT,Preserved herbarium specimen,SERNEC,,,,,,,,,,,,,,,,,,,,,,,,,,,,,,,,,,,,,,,,,,,US,Florida,Hillsborough County,,,SERNEC - locality unknown,,,,,,,,,,,,,,,,,,,,,,,,,,,,,,,,,,,,,,,,,,,,,,,,,,,,,,,,,,,Raphanus raphanistrum L.,,,,,,,,Plantae,Tracheophyta,Magnoliopsida,Brassicales,,Brassicaceae,,,,Raphanus,Raphanus,,,raphanistrum,,,SPECIES,,,ICN,ACCEPTED,,,b89d52a2-861d-4388-adad-c0da3d55fc78,US,2026-01-12T05:09:09.809Z,,,,,,COLLECTION_MATCH_NONE;INSTITUTION_MATCH_FUZZY,,,StillImage,false,false,3040983,3040983,6,7707728,220,7225535,3112,3040962,,3040983,Raphanus raphanistrum,Raphanus raphanistrum L.,Raphanus raphanistrum,,EML,2026-01-12T05:09:09.809Z,2026-01-12T05:01:55.766Z,,false,,,false,NORTH_AMERICA,NORTH_AMERICA,,,,,,,,,
3855542318,,,,CC_BY_NC_4_0,,,http://specifyportal.flmnh.ufl.edu/herbarium/?filter=catalogNumber:148695,University of Florida,,University of Florida Herbarium,,,UF,,,FLAS,PRESERVED_SPECIMEN,location information not given for endangered species,,,7CA515D9-45E4-4D24-8E07-1C9E2C4CFB71,148695,,,,,,,,,,,,,,,,,PRESENT,Preserved herbarium specimen,SERNEC,,,,,,,,,,,,,,,,,,,,,,,,,,,,,,,,,,,,,,,,,,,US,Florida,Alachua County,,,SERNEC - locality unknown,,,,,,,,,,,,,,,,,,,,,,,,,,,,,,,,,,,,,,,,,,,,,,,,,,,,,,,,,,,Raphanus raphanistrum L.,,,,,,,,Plantae,Tracheophyta,Magnoliopsida,Brassicales,,Brassicaceae,,,,Raphanus,Raphanus,,,raphanistrum,,,SPECIES,,,ICN,ACCEPTED,,,b89d52a2-861d-4388-adad-c0da3d55fc78,US,2026-01-12T05:09:18.175Z,,,,,,COLLECTION_MATCH_NONE;INSTITUTION_MATCH_FUZZY,,,StillImage,false,false,3040983,3040983,6,7707728,220,7225535,3112,3040962,,3040983,Raphanus raphanistrum,Raphanus raphanistrum L.,Raphanus raphanistrum,,EML,2026-01-12T05:09:18.175Z,2026-01-12T05:01:55.766Z,,false,,,false,NORTH_AMERICA,NORTH_AMERICA,,,,,,,,,
3855510001,,,,CC_BY_NC_4_0,,,http://specifyportal.flmnh.ufl.edu/herbarium/?filter=catalogNumber:152201,University of Florida,,University of Florida Herbarium,,,UF,,,FLAS,PRESERVED_SPECIMEN,location information not given for endangered species,,,1AEDCD8C-7038-4A3D-A9F0-6660F95C556E,152201,,,,,,,,,,,,,,,,,PRESENT,Preserved herbarium specimen,SERNEC,,,,,,,,,,,,,,,,,,,,,,,,,,,,,,,,,,,,,,,,,,,US,Florida,Alachua County,,,SERNEC - locality unknown,,,,,,,,,,,,,,,,,,,,,,,,,,,,,,,,,,,,,,,,,,,,,,,,,,,,,,,,,,,Raphanus raphanistrum L.,,,,,,,,Plantae,Tracheophyta,Magnoliopsida,Brassicales,,Brassicaceae,,,,Raphanus,Raphanus,,,raphanistrum,,,SPECIES,,,ICN,ACCEPTED,,,b89d52a2-861d-4388-adad-c0da3d55fc78,US,2026-01-12T05:09:15.938Z,,,,,,COLLECTION_MATCH_NONE;INSTITUTION_MATCH_FUZZY,,,StillImage,false,false,3040983,3040983,6,7707728,220,7225535,3112,3040962,,3040983,Raphanus raphanistrum,Raphanus raphanistrum L.,Raphanus raphanistrum,,EML,2026-01-12T05:09:15.938Z,2026-01-12T05:01:55.766Z,,false,,,false,NORTH_AMERICA,NORTH_AMERICA,,,,,,,,,
3855473623,,,,CC_BY_NC_4_0,,,http://specifyportal.flmnh.ufl.edu/herbarium/?filter=catalogNumber:159961,University of Florida,,University of Florida Herbarium,,,UF,,,FLAS,PRESERVED_SPECIMEN,location information not given for endangered species,,,8D1FAF13-760B-4737-92E1-85612F7E62E0,159961,,,,,,,,,,,,,,,,,PRESENT,Preserved herbarium specimen,SERNEC,,,,,,,,,,,,,,,,,,,,,,,,,,,,,,,,,,,,,,,,,,,US,Florida,Marion County,,,SERNEC - locality unknown,,,,,,,,,,,,,,,,,,,,,,,,,,,,,,,,,,,,,,,,,,,,,,,,,,,,,,,,,,,Raphanus raphanistrum L.,,,,,,,,Plantae,Tracheophyta,Magnoliopsida,Brassicales,,Brassicaceae,,,,Raphanus,Raphanus,,,raphanistrum,,,SPECIES,,,ICN,ACCEPTED,,,b89d52a2-861d-4388-adad-c0da3d55fc78,US,2026-01-12T05:09:15.543Z,,,,,,COLLECTION_MATCH_NONE;INSTITUTION_MATCH_FUZZY,,,StillImage,false,false,3040983,3040983,6,7707728,220,7225535,3112,3040962,,3040983,Raphanus raphanistrum,Raphanus raphanistrum L.,Raphanus raphanistrum,,EML,2026-01-12T05:09:15.543Z,2026-01-12T05:01:55.766Z,,false,,,false,NORTH_AMERICA,NORTH_AMERICA,,,,,,,,,
3855471342,,,,CC_BY_NC_4_0,,,http://specifyportal.flmnh.ufl.edu/herbarium/?filter=catalogNumber:167522,University of Florida,,University of Florida Herbarium,,,UF,,,FLAS,PRESERVED_SPECIMEN,location information not given for endangered species,,,7F1CA2E9-D057-4B4D-9A98-3C16832107C0,167522,,,,,,,,,,,,,,,,,PRESENT,Preserved herbarium specimen,SERNEC,,,,,,,,,,,,,,,,,,,,,,,,,,,,,,,,,,,,,,,,,,,US,Florida,Alachua County,,,SERNEC - locality unknown,,,,,,,,,,,,,,,,,,,,,,,,,,,,,,,,,,,,,,,,,,,,,,,,,,,,,,,,,,,Raphanus raphanistrum L.,,,,,,,,Plantae,Tracheophyta,Magnoliopsida,Brassicales,,Brassicaceae,,,,Raphanus,Raphanus,,,raphanistrum,,,SPECIES,,,ICN,ACCEPTED,,,b89d52a2-861d-4388-adad-c0da3d55fc78,US,2026-01-12T05:09:16.380Z,,,,,,COLLECTION_MATCH_NONE;INSTITUTION_MATCH_FUZZY,,,StillImage,false,false,3040983,3040983,6,7707728,220,7225535,3112,3040962,,3040983,Raphanus raphanistrum,Raphanus raphanistrum L.,Raphanus raphanistrum,,EML,2026-01-12T05:09:16.380Z,2026-01-12T05:01:55.766Z,,false,,,false,NORTH_AMERICA,NORTH_AMERICA,,,,,,,,,
3855490712,,,,CC_BY_NC_4_0,,,http://specifyportal.flmnh.ufl.edu/herbarium/?filter=catalogNumber:175022,University of Florida,,University of Florida Herbarium,,,UF,,,FLAS,PRESERVED_SPECIMEN,location information not given for endangered species,,,EA6EF272-4232-4A2B-B20B-7C52D04D1B26,175022,,,,,,,,,,,,,,,,,PRESENT,Preserved herbarium specimen,SERNEC,,,,,,,,,,,,,,,,,,,,,,,,,,,,,,,,,,,,,,,,,,,US,Florida,Alachua County,,,SERNEC - locality unknown,,,,,,,,,,,,,,,,,,,,,,,,,,,,,,,,,,,,,,,,,,,,,,,,,,,,,,,,,,,Raphanus raphanistrum L.,,,,,,,,Plantae,Tracheophyta,Magnoliopsida,Brassicales,,Brassicaceae,,,,Raphanus,Raphanus,,,raphanistrum,,,SPECIES,,,ICN,ACCEPTED,,,b89d52a2-861d-4388-adad-c0da3d55fc78,US,2026-01-12T05:09:11.114Z,,,,,,COLLECTION_MATCH_NONE;INSTITUTION_MATCH_FUZZY,,,StillImage,false,false,3040983,3040983,6,7707728,220,7225535,3112,3040962,,3040983,Raphanus raphanistrum,Raphanus raphanistrum L.,Raphanus raphanistrum,,EML,2026-01-12T05:09:11.114Z,2026-01-12T05:01:55.766Z,,false,,,false,NORTH_AMERICA,NORTH_AMERICA,,,,,,,,,
1457755717,,,,CC_BY_NC_4_0,,,http://specifyportal.flmnh.ufl.edu/herbarium/?filter=catalogNumber:205129,University of Florida,,University of Florida Herbarium,,,UF,,,FLAS,PRESERVED_SPECIMEN,location information not given for endangered species,,,230ef578-b75c-41d3-b99d-965c82cfb260,205129,96,"Jill Scanlon, Tom Matthews",,,,,,,"Flower,Fruit (mature)",,,,,,,,PRESENT,Preserved herbarium specimen,FLASCAT,,,,,,"The number entered as coll. # actually appears at the top of the sheet as ""Accession #"". There are no collection numbers on the labels in this set, so the accession number is used for organizational purposes.",,,,,[Orig. id.:] Raphanus raphanistrum L. [Det.:] Jill Scanlon,,,,,,,,,,2000-05-05,,126,126,2000,5,5,05/05/00,,,,,,,,,,,,,,,US,Florida,Citrus County,,,Crystal River State Buffer Preserve. Hollins zone 70 east.,,,,,,,Crystal River State Buffer Preserve,,,,,,,,,,,,,,,,,,,,,,,,,,,,,,,,,,,,,,"Scanlon, Jill",,,,,,,,,,,,,,Raphanus raphanistrum L.,,,,,,,,Plantae,Tracheophyta,Magnoliopsida,Brassicales,,Brassicaceae,,,,Raphanus,Raphanus,,,raphanistrum,,,SPECIES,,,ICN,ACCEPTED,,,b89d52a2-861d-4388-adad-c0da3d55fc78,US,2026-01-12T05:09:12.792Z,,,,,,COLLECTION_MATCH_NONE;INSTITUTION_MATCH_FUZZY,,,StillImage,false,false,3040983,3040983,6,7707728,220,7225535,3112,3040962,,3040983,Raphanus raphanistrum,Raphanus raphanistrum L.,Raphanus raphanistrum,,EML,2026-01-12T05:09:12.792Z,2026-01-12T05:01:55.766Z,,false,,,false,NORTH_AMERICA,NORTH_AMERICA,,,,,,,,,
3855460818,,,,CC_BY_NC_4_0,,,http://specifyportal.flmnh.ufl.edu/herbarium/?filter=catalogNumber:33002,University of Florida,,University of Florida Herbarium,,,UF,,,FLAS,PRESERVED_SPECIMEN,location information not given for endangered species,,,69FDCB31-F16B-48FB-956F-D05612147B6A,33002,,,,,,,,,,,,,,,,,PRESENT,Preserved herbarium specimen,SERNEC,,,,,,,,,,,,,,,,,,,,,,,,,,,,,,,,,,,,,,,,,,,US,Florida,Leon County,,,SERNEC - locality unknown,,,,,,,,,,,,,,,,,,,,,,,,,,,,,,,,,,,,,,,,,,,,,,,,,,,,,,,,,,,Raphanus sativus L.,,,,,,,,Plantae,Tracheophyta,Magnoliopsida,Brassicales,,Brassicaceae,,,,Raphanus,Raphanus,,,sativus,,,SPECIES,,,ICN,ACCEPTED,,,b89d52a2-861d-4388-adad-c0da3d55fc78,US,2026-01-12T05:09:18.205Z,,,,,,COLLECTION_MATCH_NONE;INSTITUTION_MATCH_FUZZY,,,StillImage,false,false,7678610,7678610,6,7707728,220,7225535,3112,3040962,,7678610,Raphanus sativus,Raphanus sativus L.,Raphanus sativus,,EML,2026-01-12T05:09:18.205Z,2026-01-12T05:01:55.766Z,,false,,,false,NORTH_AMERICA,NORTH_AMERICA,,,,,,,,,
3855515374,,,,CC_BY_NC_4_0,,,http://specifyportal.flmnh.ufl.edu/herbarium/?filter=catalogNumber:35929,University of Florida,,University of Florida Herbarium,,,UF,,,FLAS,PRESERVED_SPECIMEN,location information not given for endangered species,,,0378CCBE-64E2-4FAE-A76A-AB16B2138127,35929,,,,,,,,,,,,,,,,,PRESENT,Preserved herbarium specimen,SERNEC,,,,,,,,,,,,,,,,,,,,,,,,,,,,,,,,,,,,,,,,,,,US,Florida,Putnam,,,SERNEC - locality unknown,,,,,,,,,,,,,,,,,,,,,,,,,,,,,,,,,,,,,,,,,,,,,,,,,,,,,,,,,,,Raphanus raphanistrum L.,,,,,,,,Plantae,Tracheophyta,Magnoliopsida,Brassicales,,Brassicaceae,,,,Raphanus,Raphanus,,,raphanistrum,,,SPECIES,,,ICN,ACCEPTED,,,b89d52a2-861d-4388-adad-c0da3d55fc78,US,2026-01-12T05:09:12.603Z,,,,,,COLLECTION_MATCH_NONE;INSTITUTION_MATCH_FUZZY,,,StillImage,false,false,3040983,3040983,6,7707728,220,7225535,3112,3040962,,3040983,Raphanus raphanistrum,Raphanus raphanistrum L.,Raphanus raphanistrum,,EML,2026-01-12T05:09:12.603Z,2026-01-12T05:01:55.766Z,,false,,,false,NORTH_AMERICA,NORTH_AMERICA,,,,,,,,,
3855475004,,,,CC_BY_NC_4_0,,,http://specifyportal.flmnh.ufl.edu/herbarium/?filter=catalogNumber:35931,University of Florida,,University of Florida Herbarium,,,UF,,,FLAS,PRESERVED_SPECIMEN,location information not given for endangered species,,,9D38F6C6-2067-4CA4-8583-260EAE7C7FEE,35931,,,,,,,,,,,,,,,,,PRESENT,Preserved herbarium specimen,SERNEC,,,,,,,,,,,,,,,,,,,,,,,,,,,,,,,,,,,,,,,,,,,US,Florida,Union,,,SERNEC - locality unknown,,,,,,,,,,,,,,,,,,,,,,,,,,,,,,,,,,,,,,,,,,,,,,,,,,,,,,,,,,,Raphanus raphanistrum L.,,,,,,,,Plantae,Tracheophyta,Magnoliopsida,Brassicales,,Brassicaceae,,,,Raphanus,Raphanus,,,raphanistrum,,,SPECIES,,,ICN,ACCEPTED,,,b89d52a2-861d-4388-adad-c0da3d55fc78,US,2026-01-12T05:09:16.422Z,,,,,,COLLECTION_MATCH_NONE;INSTITUTION_MATCH_FUZZY,,,StillImage,false,false,3040983,3040983,6,7707728,220,7225535,3112,3040962,,3040983,Raphanus raphanistrum,Raphanus raphanistrum L.,Raphanus raphanistrum,,EML,2026-01-12T05:09:16.422Z,2026-01-12T05:01:55.766Z,,false,,,false,NORTH_AMERICA,NORTH_AMERICA,,,,,,,,,
3855485416,,,,CC_BY_NC_4_0,,,http://specifyportal.flmnh.ufl.edu/herbarium/?filter=catalogNumber:70994,University of Florida,,University of Florida Herbarium,,,UF,,,FLAS,PRESERVED_SPECIMEN,location information not given for endangered species,,,AC574F34-FC64-4398-A03C-D479E77475AB,70994,,,,,,,,,,,,,,,,,PRESENT,Preserved herbarium specimen,SERNEC,,,,,,,,,,,,,,,,,,,,,,,,,,,,,,,,,,,,,,,,,,,US,Florida,Jefferson County,,,SERNEC - locality unknown,,,,,,,,,,,,,,,,,,,,,,,,,,,,,,,,,,,,,,,,,,,,,,,,,,,,,,,,,,,Raphanus raphanistrum L.,,,,,,,,Plantae,Tracheophyta,Magnoliopsida,Brassicales,,Brassicaceae,,,,Raphanus,Raphanus,,,raphanistrum,,,SPECIES,,,ICN,ACCEPTED,,,b89d52a2-861d-4388-adad-c0da3d55fc78,US,2026-01-12T05:09:17.528Z,,,,,,COLLECTION_MATCH_NONE;INSTITUTION_MATCH_FUZZY,,,StillImage,false,false,3040983,3040983,6,7707728,220,7225535,3112,3040962,,3040983,Raphanus raphanistrum,Raphanus raphanistrum L.,Raphanus raphanistrum,,EML,2026-01-12T05:09:17.528Z,2026-01-12T05:01:55.766Z,,false,,,false,NORTH_AMERICA,NORTH_AMERICA,,,,,,,,,
3855525894,,,,CC_BY_NC_4_0,,,http://specifyportal.flmnh.ufl.edu/herbarium/?filter=catalogNumber:89943,University of Florida,,University of Florida Herbarium,,,UF,,,FLAS,PRESERVED_SPECIMEN,location information not given for endangered species,,,42A9BDF1-44F3-4736-8BB3-EFC675577FCA,89943,,,,,,,,,,,,,,,,,PRESENT,Preserved herbarium specimen,SERNEC,,,,,,,,,,,,,,,,,,,,,,,,,,,,,,,,,,,,,,,,,,,US,Florida,Seminole,,,SERNEC - locality unknown,,,,,,,,,,,,,,,,,,,,,,,,,,,,,,,,,,,,,,,,,,,,,,,,,,,,,,,,,,,Raphanus raphanistrum L.,,,,,,,,Plantae,Tracheophyta,Magnoliopsida,Brassicales,,Brassicaceae,,,,Raphanus,Raphanus,,,raphanistrum,,,SPECIES,,,ICN,ACCEPTED,,,b89d52a2-861d-4388-adad-c0da3d55fc78,US,2026-01-12T05:09:11.594Z,,,,,,COLLECTION_MATCH_NONE;INSTITUTION_MATCH_FUZZY,,,StillImage,false,false,3040983,3040983,6,7707728,220,7225535,3112,3040962,,3040983,Raphanus raphanistrum,Raphanus raphanistrum L.,Raphanus raphanistrum,,EML,2026-01-12T05:09:11.594Z,2026-01-12T05:01:55.766Z,,false,,,false,NORTH_AMERICA,NORTH_AMERICA,,,,,,,,,
3855513223,,,,CC_BY_NC_4_0,,,http://specifyportal.flmnh.ufl.edu/herbarium/?filter=catalogNumber:90204,University of Florida,,University of Florida Herbarium,,,UF,,,FLAS,PRESERVED_SPECIMEN,location information not given for endangered species,,,2692EC1F-2E31-4DAF-B6CE-653968404A9D,90204,,W. Adlerz,,,,,,,,,,,,,,,PRESENT,Preserved herbarium specimen,SERNEC,,,,,,,,,,,,,,,,,,,,,1965-03-23,,82,82,1965,3,23,23 March 1965,,,,,,,,,,,,,,,US,Florida,Lake County,,,SERNEC - locality unknown,,,,,,,,,,,,,,,,,,,,,,,,,,,,,,,,,,,,,,,,,,,,,,,,,,,,,,,,,,,Raphanus sativus L.,,,,,,,,Plantae,Tracheophyta,Magnoliopsida,Brassicales,,Brassicaceae,,,,Raphanus,Raphanus,,,sativus,,,SPECIES,,,ICN,ACCEPTED,,,b89d52a2-861d-4388-adad-c0da3d55fc78,US,2026-01-12T05:09:17.009Z,,,,,,COLLECTION_MATCH_NONE;INSTITUTION_MATCH_FUZZY,,,StillImage,false,false,7678610,7678610,6,7707728,220,7225535,3112,3040962,,7678610,Raphanus sativus,Raphanus sativus L.,Raphanus sativus,,EML,2026-01-12T05:09:17.009Z,2026-01-12T05:01:55.766Z,,false,,,false,NORTH_AMERICA,NORTH_AMERICA,,,,,,,,,
3855447807,,,,CC_BY_NC_4_0,,,http://specifyportal.flmnh.ufl.edu/herbarium/?filter=catalogNumber:94339,University of Florida,,University of Florida Herbarium,,,UF,,,FLAS,PRESERVED_SPECIMEN,location information not given for endangered species,,,155CC5EA-F9CF-4E7E-8F62-B02E84AE84E3,94339,19401,Ira L. Wiggins,,,,,,,,,,,,,,,PRESENT,Preserved herbarium specimen,SERNEC,,,,,,,,,,,,,,,,,,,,,1965-03-11,,70,70,1965,3,11,March 11 1965,,,,,,,,,,,,,,,US,Florida,Alachua County,,,SERNEC - locality unknown,,,,,,,,,,,,,,,,,,,,,,,,,,,,,,,,,,,,,,,,,,,,,,,,,,,,,,,,,,,Raphanus raphanistrum L.,,,,,,,,Plantae,Tracheophyta,Magnoliopsida,Brassicales,,Brassicaceae,,,,Raphanus,Raphanus,,,raphanistrum,,,SPECIES,,,ICN,ACCEPTED,,,b89d52a2-861d-4388-adad-c0da3d55fc78,US,2026-01-12T05:09:16.859Z,,,,,,COLLECTION_MATCH_NONE;INSTITUTION_MATCH_FUZZY,,,StillImage,false,false,3040983,3040983,6,7707728,220,7225535,3112,3040962,,3040983,Raphanus raphanistrum,Raphanus raphanistrum L.,Raphanus raphanistrum,,EML,2026-01-12T05:09:16.859Z,2026-01-12T05:01:55.766Z,,false,,,false,NORTH_AMERICA,NORTH_AMERICA,,,,,,,,,
3855554064,,,,CC_BY_NC_4_0,,,http://specifyportal.flmnh.ufl.edu/herbarium/?filter=catalogNumber:98016,University of Florida,,University of Florida Herbarium,,,UF,,,FLAS,PRESERVED_SPECIMEN,location information not given for endangered species,,,CB9F970D-5DD6-4A99-BBE4-7838E0EC3B9D,98016,1046,J. Beckner,,,,,,,,,,,,,,,PRESENT,Preserved herbarium specimen,SERNEC,,,,,,,,,,,,,,,,,,,,,1966-04-12,,102,102,1966,4,12,12 April 1966,,,,,,,,,,,,,,,US,Florida,Okaloosa,,,SERNEC - locality unknown,,,,,,,,,,,,,,,,,,,,,,,,,,,,,,,,,,,,,,,,,,,,,,,,,,,,,,,,,,,Raphanus raphanistrum L.,,,,,,,,Plantae,Tracheophyta,Magnoliopsida,Brassicales,,Brassicaceae,,,,Raphanus,Raphanus,,,raphanistrum,,,SPECIES,,,ICN,ACCEPTED,,,b89d52a2-861d-4388-adad-c0da3d55fc78,US,2026-01-12T05:09:12.206Z,,,,,,COLLECTION_MATCH_NONE;INSTITUTION_MATCH_FUZZY,,,StillImage,false,false,3040983,3040983,6,7707728,220,7225535,3112,3040962,,3040983,Raphanus raphanistrum,Raphanus raphanistrum L.,Raphanus raphanistrum,,EML,2026-01-12T05:09:12.206Z,2026-01-12T05:01:55.766Z,,false,,,false,NORTH_AMERICA,NORTH_AMERICA,,,,,,,,,
3855521464,,,,CC_BY_NC_4_0,,,http://specifyportal.flmnh.ufl.edu/herbarium/?filter=catalogNumber:98077,University of Florida,,University of Florida Herbarium,,,UF,,,FLAS,PRESERVED_SPECIMEN,location information not given for endangered species,,,317806D1-A361-476B-A7E2-C7E7395C5193,98077,1028,J. Beckner,,,,,,,,,,,,,,,PRESENT,Preserved herbarium specimen,SERNEC,,,,,,,,,,,,,,,,,,,,,1966-04-12,,102,102,1966,4,12,12 April 1966,,,,,,,,,,,,,,,US,Florida,Walton,,,SERNEC - locality unknown,,,,,,,,,,,,,,,,,,,,,,,,,,,,,,,,,,,,,,,,,,,,,,,,,,,,,,,,,,,Raphanus raphanistrum L.,,,,,,,,Plantae,Tracheophyta,Magnoliopsida,Brassicales,,Brassicaceae,,,,Raphanus,Raphanus,,,raphanistrum,,,SPECIES,,,ICN,ACCEPTED,,,b89d52a2-861d-4388-adad-c0da3d55fc78,US,2026-01-12T05:09:11.655Z,,,,,,COLLECTION_MATCH_NONE;INSTITUTION_MATCH_FUZZY,,,StillImage,false,false,3040983,3040983,6,7707728,220,7225535,3112,3040962,,3040983,Raphanus raphanistrum,Raphanus raphanistrum L.,Raphanus raphanistrum,,EML,2026-01-12T05:09:11.655Z,2026-01-12T05:01:55.766Z,,false,,,false,NORTH_AMERICA,NORTH_AMERICA,,,,,,,,,
3855518852,,,,CC_BY_NC_4_0,,,http://specifyportal.flmnh.ufl.edu/herbarium/?filter=catalogNumber:98470,University of Florida,,University of Florida Herbarium,,,UF,,,FLAS,PRESERVED_SPECIMEN,location information not given for endangered species,,,3DCA4832-415E-40BA-AFF6-8AC1CEF4D915,98470,6175,D.B. Ward,,,,,,,,,,,,,,,PRESENT,Preserved herbarium specimen,SERNEC,,,,,,,,,,,,,,,,,,,,,1967-02-04,,35,35,1967,2,4,4 Feb 1967,,,,,,,,,,,,,,,US,Florida,Alachua County,,,SERNEC - locality unknown,,,,,,,,,,,,,,,,,,,,,,,,,,,,,,,,,,,,,,,,,,,,,,,,,,,,,,,,,,,Raphanus raphanistrum L.,,,,,,,,Plantae,Tracheophyta,Magnoliopsida,Brassicales,,Brassicaceae,,,,Raphanus,Raphanus,,,raphanistrum,,,SPECIES,,,ICN,ACCEPTED,,,b89d52a2-861d-4388-adad-c0da3d55fc78,US,2026-01-12T05:09:17.768Z,,,,,,COLLECTION_MATCH_NONE;INSTITUTION_MATCH_FUZZY,,,StillImage,false,false,3040983,3040983,6,7707728,220,7225535,3112,3040962,,3040983,Raphanus raphanistrum,Raphanus raphanistrum L.,Raphanus raphanistrum,,EML,2026-01-12T05:09:17.768Z,2026-01-12T05:01:55.766Z,,false,,,false,NORTH_AMERICA,NORTH_AMERICA,,,,,,,,,
5052333062,,,,CC_BY_NC_4_0,2025-06-28T00:20:08Z,,https://midwestherbaria.org/portal/collections/individual/index.php?occid=32228737,,,,b0178778-c5d7-11e4-b6af-00163e00498d,,MSC,,,,PRESERVED_SPECIMEN,,,,1b3e44f0-6431-4c45-8f72-43c2d16a2954,MSC0287944,,Ryan William Robbins,,,,,,,,,,,,,,,PRESENT,,,,,,,412985,,,,,,,,,,,,,,,,1997-02-25,,56,56,1997,2,25,2/25/1997,,,,,,,,,,,,,,,US,Florida,Alachua,,,,,,,,,,,,,,,,,,,,,,,,,,,,,,,,,,,,,,,,,,,,,,,,,,,,,,1212,,,,,,,,Raphanus raphanistrum L.,,,,,,,Plantae|Spermatophyta|Tracheophyta|Magnoliophyta|Eudicots|Core Eudicots|Malvids|Rosids|Brassicales|Brassicaceae|Raphanus,Plantae,Tracheophyta,Magnoliopsida,Brassicales,,Brassicaceae,,,,Raphanus,Raphanus,,,raphanistrum,,,SPECIES,,,,ACCEPTED,,,c01696db-a5fe-4d3a-8b26-90760604774b,US,2026-01-13T18:03:27.089Z,,,,,,TAXON_ID_NOT_FOUND;COLLECTION_MATCH_NONE;INSTITUTION_MATCH_FUZZY,,,StillImage,false,false,3040983,3040983,6,7707728,220,7225535,3112,3040962,,3040983,Raphanus raphanistrum,Raphanus raphanistrum L.,Raphanus raphanistrum,,DWC_ARCHIVE,2026-01-13T18:03:27.089Z,2026-01-13T17:57:08.380Z,,false,,,false,NORTH_AMERICA,NORTH_AMERICA,,,,,,,,,
2234333505,,,en,CC_BY_NC_4_0,2025-06-28T00:20:08Z,,https://sernecportal.org/portal/collections/individual/index.php?occid=12529797,,,,17f2d0fa-39a6-4465-8055-1d6fc12eeda2,,NCU,Vascular Plants,,,PRESERVED_SPECIMEN,,,,3edf2045-19d6-4ce8-94fe-8456ca66d731,NCU00224360,,,,,,,,,,,,,,,,,PRESENT,,,,,,,,,,,,,,,,,,,,,,,,,,,,,,,,,,,,,,,,,,,,,US,Florida,Leon,,,,,,,,,,,,,,,,,,,,,,,,,,,,,,,,,,,,,,,,,,,,,,,,,,,,,,1212,,,,,,,,Raphanus raphanistrum L.,,,,,,,Plantae|Spermatophyta|Tracheophyta|Magnoliophyta|Eudicots|Core Eudicots|Malvids|Rosids|Brassicales|Brassicaceae|Raphanus,Plantae,Tracheophyta,Magnoliopsida,Brassicales,,Brassicaceae,,,,Raphanus,Raphanus,,,raphanistrum,,,SPECIES,,,,ACCEPTED,,,27b4ff4b-29c3-4017-9c48-3750861392f7,US,2026-01-16T22:18:56.413Z,,,,,,TAXON_ID_NOT_FOUND;INSTITUTION_MATCH_FUZZY;COLLECTION_MATCH_FUZZY,,,StillImage,false,false,3040983,3040983,6,7707728,220,7225535,3112,3040962,,3040983,Raphanus raphanistrum,Raphanus raphanistrum L.,Raphanus raphanistrum,,DWC_ARCHIVE,2026-01-16T22:18:56.413Z,2026-01-16T22:06:58.135Z,,false,,,false,NORTH_AMERICA,NORTH_AMERICA,,,,,,,,,
2234334664,,,en,CC_BY_NC_4_0,2025-06-28T00:20:08Z,,https://sernecportal.org/portal/collections/individual/index.php?occid=12531850,,,,17f2d0fa-39a6-4465-8055-1d6fc12eeda2,,NCU,Vascular Plants,,,PRESERVED_SPECIMEN,,,,2bf3f1f3-7064-4b20-8530-cf4fedd991e2,NCU00224361,,,,,,,,,,,,,,,,,PRESENT,,,,,,,,,,,,,,,,,,,,,,,,,,,,,,,,,,,,,,,,,,,,,US,Florida,Levy,,,,,,,,,,,,,,,,,,,,,,,,,,,,,,,,,,,,,,,,,,,,,,,,,,,,,,1212,,,,,,,,Raphanus raphanistrum L.,,,,,,,Plantae|Spermatophyta|Tracheophyta|Magnoliophyta|Eudicots|Core Eudicots|Malvids|Rosids|Brassicales|Brassicaceae|Raphanus,Plantae,Tracheophyta,Magnoliopsida,Brassicales,,Brassicaceae,,,,Raphanus,Raphanus,,,raphanistrum,,,SPECIES,,,,ACCEPTED,,,27b4ff4b-29c3-4017-9c48-3750861392f7,US,2026-01-16T22:19:07.649Z,,,,,,TAXON_ID_NOT_FOUND;INSTITUTION_MATCH_FUZZY;COLLECTION_MATCH_FUZZY,,,StillImage,false,false,3040983,3040983,6,7707728,220,7225535,3112,3040962,,3040983,Raphanus raphanistrum,Raphanus raphanistrum L.,Raphanus raphanistrum,,DWC_ARCHIVE,2026-01-16T22:19:07.649Z,2026-01-16T22:06:58.135Z,,false,,,false,NORTH_AMERICA,NORTH_AMERICA,,,,,,,,,
2234333296,,,en,CC_BY_NC_4_0,2025-06-28T00:20:08Z,,https://sernecportal.org/portal/collections/individual/index.php?occid=12531853,,,,17f2d0fa-39a6-4465-8055-1d6fc12eeda2,,NCU,Vascular Plants,,,PRESERVED_SPECIMEN,,,,8c908932-71e3-4a37-b4ce-f2577e0c996e,NCU00224362,,,,,,,,,,,,,,,,,PRESENT,,,,,,,,,,,,,,,,,,,,,,,,,,,,,,,,,,,,,,,,,,,,,US,Florida,Madison,,,,,,,,,,,,,,,,,,,,,,,,,,,,,,,,,,,,,,,,,,,,,,,,,,,,,,1212,,,,,,,,Raphanus raphanistrum L.,,,,,,,Plantae|Spermatophyta|Tracheophyta|Magnoliophyta|Eudicots|Core Eudicots|Malvids|Rosids|Brassicales|Brassicaceae|Raphanus,Plantae,Tracheophyta,Magnoliopsida,Brassicales,,Brassicaceae,,,,Raphanus,Raphanus,,,raphanistrum,,,SPECIES,,,,ACCEPTED,,,27b4ff4b-29c3-4017-9c48-3750861392f7,US,2026-01-16T22:19:08.455Z,,,,,,TAXON_ID_NOT_FOUND;INSTITUTION_MATCH_FUZZY;COLLECTION_MATCH_FUZZY,,,StillImage,false,false,3040983,3040983,6,7707728,220,7225535,3112,3040962,,3040983,Raphanus raphanistrum,Raphanus raphanistrum L.,Raphanus raphanistrum,,DWC_ARCHIVE,2026-01-16T22:19:08.455Z,2026-01-16T22:06:58.135Z,,false,,,false,NORTH_AMERICA,NORTH_AMERICA,,,,,,,,,
2234334063,,,en,CC_BY_NC_4_0,2025-06-28T00:20:08Z,,https://sernecportal.org/portal/collections/individual/index.php?occid=12531856,,,,17f2d0fa-39a6-4465-8055-1d6fc12eeda2,,NCU,Vascular Plants,,,PRESERVED_SPECIMEN,,,,2cd7e9c1-c017-4c55-b5c8-3ff7116997a9,NCU00224363,,,,,,,,,,,,,,,,,PRESENT,,,,,,,,,,,,,,,,,,,,,,,,,,,,,,,,,,,,,,,,,,,,,US,Florida,Santa Rosa,,,,,,,,,,,,,,,,,,,,,,,,,,,,,,,,,,,,,,,,,,,,,,,,,,,,,,1212,,,,,,,,Raphanus raphanistrum L.,,,,,,,Plantae|Spermatophyta|Tracheophyta|Magnoliophyta|Eudicots|Core Eudicots|Malvids|Rosids|Brassicales|Brassicaceae|Raphanus,Plantae,Tracheophyta,Magnoliopsida,Brassicales,,Brassicaceae,,,,Raphanus,Raphanus,,,raphanistrum,,,SPECIES,,,,ACCEPTED,,,27b4ff4b-29c3-4017-9c48-3750861392f7,US,2026-01-16T22:19:10.084Z,,,,,,TAXON_ID_NOT_FOUND;INSTITUTION_MATCH_FUZZY;COLLECTION_MATCH_FUZZY,,,StillImage,false,false,3040983,3040983,6,7707728,220,7225535,3112,3040962,,3040983,Raphanus raphanistrum,Raphanus raphanistrum L.,Raphanus raphanistrum,,DWC_ARCHIVE,2026-01-16T22:19:10.084Z,2026-01-16T22:06:58.135Z,,false,,,false,NORTH_AMERICA,NORTH_AMERICA,,,,,,,,,
2234332516,,,en,CC_BY_NC_4_0,2025-06-28T00:20:08Z,,https://sernecportal.org/portal/collections/individual/index.php?occid=12531858,,,,17f2d0fa-39a6-4465-8055-1d6fc12eeda2,,NCU,Vascular Plants,,,PRESERVED_SPECIMEN,,,,f33d5108-56dd-49a3-b13f-fe4cd722184a,NCU00224364,,,,,,,,,,,,,,,,,PRESENT,,,,,,,,,,,,,,,,,,,,,,,,,,,,,,,,,,,,,,,,,,,,,US,Florida,Walton,,,,,,,,,,,,,,,,,,,,,,,,,,,,,,,,,,,,,,,,,,,,,,,,,,,,,,1212,,,,,,,,Raphanus raphanistrum L.,,,,,,,Plantae|Spermatophyta|Tracheophyta|Magnoliophyta|Eudicots|Core Eudicots|Malvids|Rosids|Brassicales|Brassicaceae|Raphanus,Plantae,Tracheophyta,Magnoliopsida,Brassicales,,Brassicaceae,,,,Raphanus,Raphanus,,,raphanistrum,,,SPECIES,,,,ACCEPTED,,,27b4ff4b-29c3-4017-9c48-3750861392f7,US,2026-01-16T22:19:11.953Z,,,,,,TAXON_ID_NOT_FOUND;INSTITUTION_MATCH_FUZZY;COLLECTION_MATCH_FUZZY,,,StillImage,false,false,3040983,3040983,6,7707728,220,7225535,3112,3040962,,3040983,Raphanus raphanistrum,Raphanus raphanistrum L.,Raphanus raphanistrum,,DWC_ARCHIVE,2026-01-16T22:19:11.953Z,2026-01-16T22:06:58.135Z,,false,,,false,NORTH_AMERICA,NORTH_AMERICA,,,,,,,,,
1989996108,,,en,CC0_1_0,2025-06-28T00:20:08Z,,https://sernecportal.org/portal/collections/individual/index.php?occid=12860716,,,,565b6f19-288f-4614-a4c9-b09448e96547,,TENN,,,,PRESERVED_SPECIMEN,,,,ea4c48bc-552a-44f2-82af-9f6082324294,TENN-V-0105390,,,,,,,,,,,,,,,,,PRESENT,,,,,,,,,,,,,,,,,,,,,,,,,,,,,,,,,,,,,,,,,,,,,US,Florida,Pasco,,,,,,,,,,,,,,,,,,,,,,,,,,,,,,,,,,,,,,,,,,,,,,,,,,,,,,1212,,,,,,,,Raphanus raphanistrum L.,,,,,,,Plantae|Spermatophyta|Tracheophyta|Magnoliophyta|Eudicots|Core Eudicots|Malvids|Rosids|Brassicales|Brassicaceae|Raphanus,Plantae,Tracheophyta,Magnoliopsida,Brassicales,,Brassicaceae,,,,Raphanus,Raphanus,,,raphanistrum,,,SPECIES,,,,ACCEPTED,,,1edd3c3f-cfd7-4fd5-bfba-2c67737a17ba,US,2026-01-06T19:27:11.765Z,,,,,,TAXON_ID_NOT_FOUND;INSTITUTION_MATCH_FUZZY,,,StillImage,false,false,3040983,3040983,6,7707728,220,7225535,3112,3040962,,3040983,Raphanus raphanistrum,Raphanus raphanistrum L.,Raphanus raphanistrum,,DWC_ARCHIVE,2026-01-06T19:27:11.765Z,2026-01-06T19:18:23.682Z,,false,,,false,NORTH_AMERICA,NORTH_AMERICA,,,,,,,,,
1989996128,,,en,CC0_1_0,2025-06-28T00:20:08Z,,https://sernecportal.org/portal/collections/individual/index.php?occid=12860717,,,,565b6f19-288f-4614-a4c9-b09448e96547,,TENN,,,,PRESERVED_SPECIMEN,,,,2bae4802-1420-4078-b149-b7a49c5fab86,TENN-V-0105391,,,,,,,,,,,,,,,,,PRESENT,,,,,,,,,,,,,,,,,,,,,,,,,,,,,,,,,,,,,,,,,,,,,US,Florida,Leon,,,,,,,,,,,,,,,,,,,,,,,,,,,,,,,,,,,,,,,,,,,,,,,,,,,,,,1212,,,,,,,,Raphanus raphanistrum L.,,,,,,,Plantae|Spermatophyta|Tracheophyta|Magnoliophyta|Eudicots|Core Eudicots|Malvids|Rosids|Brassicales|Brassicaceae|Raphanus,Plantae,Tracheophyta,Magnoliopsida,Brassicales,,Brassicaceae,,,,Raphanus,Raphanus,,,raphanistrum,,,SPECIES,,,,ACCEPTED,,,1edd3c3f-cfd7-4fd5-bfba-2c67737a17ba,US,2026-01-06T19:27:11.250Z,,,,,,TAXON_ID_NOT_FOUND;INSTITUTION_MATCH_FUZZY,,,StillImage,false,false,3040983,3040983,6,7707728,220,7225535,3112,3040962,,3040983,Raphanus raphanistrum,Raphanus raphanistrum L.,Raphanus raphanistrum,,DWC_ARCHIVE,2026-01-06T19:27:11.250Z,2026-01-06T19:18:23.682Z,,false,,,false,NORTH_AMERICA,NORTH_AMERICA,,,,,,,,,
1989996078,,,en,CC0_1_0,2025-06-28T00:20:08Z,,https://sernecportal.org/portal/collections/individual/index.php?occid=12860718,,,,565b6f19-288f-4614-a4c9-b09448e96547,,TENN,,,,PRESERVED_SPECIMEN,,,,38c29fe7-454a-469b-ab25-287128b5d58f,TENN-V-0105392,,,,,,,,,,,,,,,,,PRESENT,,,,,,,,,,,,,,,,,,,,,,,,,,,,,,,,,,,,,,,,,,,,,US,Florida,Alachua,,,,,,,,,,,,,,,,,,,,,,,,,,,,,,,,,,,,,,,,,,,,,,,,,,,,,,1212,,,,,,,,Raphanus raphanistrum L.,,,,,,,Plantae|Spermatophyta|Tracheophyta|Magnoliophyta|Eudicots|Core Eudicots|Malvids|Rosids|Brassicales|Brassicaceae|Raphanus,Plantae,Tracheophyta,Magnoliopsida,Brassicales,,Brassicaceae,,,,Raphanus,Raphanus,,,raphanistrum,,,SPECIES,,,,ACCEPTED,,,1edd3c3f-cfd7-4fd5-bfba-2c67737a17ba,US,2026-01-06T19:27:10.095Z,,,,,,TAXON_ID_NOT_FOUND;INSTITUTION_MATCH_FUZZY,,,StillImage,false,false,3040983,3040983,6,7707728,220,7225535,3112,3040962,,3040983,Raphanus raphanistrum,Raphanus raphanistrum L.,Raphanus raphanistrum,,DWC_ARCHIVE,2026-01-06T19:27:10.095Z,2026-01-06T19:18:23.682Z,,false,,,false,NORTH_AMERICA,NORTH_AMERICA,,,,,,,,,
1989996074,,,en,CC0_1_0,2025-06-28T00:20:08Z,,https://sernecportal.org/portal/collections/individual/index.php?occid=12860720,,,,565b6f19-288f-4614-a4c9-b09448e96547,,TENN,,,,PRESERVED_SPECIMEN,,,,069a403e-a19b-4dee-81de-b08c1412636d,TENN-V-0105393,,,,,,,,,,,,,,,,,PRESENT,,,,,,,,,,,,,,,,,,,,,,,,,,,,,,,,,,,,,,,,,,,,,US,Florida,Alachua,,,,,,,,,,,,,,,,,,,,,,,,,,,,,,,,,,,,,,,,,,,,,,,,,,,,,,1212,,,,,,,,Raphanus raphanistrum L.,,,,,,,Plantae|Spermatophyta|Tracheophyta|Magnoliophyta|Eudicots|Core Eudicots|Malvids|Rosids|Brassicales|Brassicaceae|Raphanus,Plantae,Tracheophyta,Magnoliopsida,Brassicales,,Brassicaceae,,,,Raphanus,Raphanus,,,raphanistrum,,,SPECIES,,,,ACCEPTED,,,1edd3c3f-cfd7-4fd5-bfba-2c67737a17ba,US,2026-01-06T19:27:15.117Z,,,,,,TAXON_ID_NOT_FOUND;INSTITUTION_MATCH_FUZZY,,,StillImage,false,false,3040983,3040983,6,7707728,220,7225535,3112,3040962,,3040983,Raphanus raphanistrum,Raphanus raphanistrum L.,Raphanus raphanistrum,,DWC_ARCHIVE,2026-01-06T19:27:15.117Z,2026-01-06T19:18:23.682Z,,false,,,false,NORTH_AMERICA,NORTH_AMERICA,,,,,,,,,
3886964637,,,en,CC0_1_0,2025-06-28T00:20:08Z,,https://sernecportal.org/portal/collections/individual/index.php?occid=16944890,,,,70b3992e-a49f-477f-b495-2804f96cd870,,HTTU,,,,PRESERVED_SPECIMEN,,,,6e9ad14d-0ce9-4e4e-ba93-06135ece1e79,HTTU030028,,,,,,,,,,,,,,,,,PRESENT,,,,,,,,,,,,,,,,,,,,,,,,,,,,,,,,,,,,,,,,,,,,,US,Florida,Jefferson,,,,,,,,,,,,,,,,,,,,,,,,,,,,,,,,,,,,,,,,,,,,,,,,,,,,,,1213,,,,,,,,Raphanus sativus L.,,,,,,,Plantae|Spermatophyta|Tracheophyta|Magnoliophyta|Eudicots|Core Eudicots|Malvids|Rosids|Brassicales|Brassicaceae|Raphanus,Plantae,Tracheophyta,Magnoliopsida,Brassicales,,Brassicaceae,,,,Raphanus,Raphanus,,,sativus,,,SPECIES,,,,ACCEPTED,,,e3282b0b-a881-472b-ab98-6881960b2c3f,US,2026-01-06T19:04:47.536Z,,,,,,TAXON_ID_NOT_FOUND;INSTITUTION_MATCH_FUZZY,,,StillImage,false,false,7678610,7678610,6,7707728,220,7225535,3112,3040962,,7678610,Raphanus sativus,Raphanus sativus L.,Raphanus sativus,,DWC_ARCHIVE,2026-01-06T19:04:47.536Z,2026-01-06T19:04:27.234Z,,false,,,false,NORTH_AMERICA,NORTH_AMERICA,,,,,,,,,
5028847954,,,en,CC0_1_0,2018-05-11T18:41:00Z,,https://sernecportal.org/portal/collections/individual/index.php?occid=17117479,,,,d77760fa-0a9d-469a-a49f-6c8d519dadc6,,UTC,UCHT,,,PRESERVED_SPECIMEN,,,,f7f5b380-6392-451a-b637-b9b9ebe41b78,UCHT013314,,,,,,,,,,,,,,,,,PRESENT,,,,,,,,,,,,,,,,,,,,,,,,,,,,,,,,,,,,,,,,,,,,,US,Florida,Sumter,,,,,,,,,,,,,,,,,,,,,,,,,,,,,,,,,,,,,,,,,,,,,,,,,,,,,,1212,,,,,,,,Raphanus raphanistrum L.,,,,,,,Plantae|Spermatophyta|Tracheophyta|Magnoliophyta|Eudicots|Core Eudicots|Malvids|Rosids|Brassicales|Brassicaceae|Raphanus,Plantae,Tracheophyta,Magnoliopsida,Brassicales,,Brassicaceae,,,,Raphanus,Raphanus,,,raphanistrum,,,SPECIES,,,,ACCEPTED,,,9ed207ca-4994-4a15-9994-66b19bffb3ee,US,2026-01-13T21:59:41.099Z,,,,,,TAXON_ID_NOT_FOUND;INSTITUTION_MATCH_FUZZY,,,StillImage,false,false,3040983,3040983,6,7707728,220,7225535,3112,3040962,,3040983,Raphanus raphanistrum,Raphanus raphanistrum L.,Raphanus raphanistrum,,DWC_ARCHIVE,2026-01-13T21:59:41.099Z,2026-01-13T21:59:15.865Z,,false,,,false,NORTH_AMERICA,NORTH_AMERICA,,,,,,,,,
4101879466,,,,CC0_1_0,2025-04-23T02:12:04Z,,https://sernecportal.org/portal/collections/individual/index.php?occid=8914389,Botanical Research Institute of Texas,,,b198a10f-39d3-44ac-be3f-c617646b5eb2,,BRIT,NLU,,,PRESERVED_SPECIMEN,,,,fafc4b64-0bf3-4bb8-b928-ef41b65ad251,NLU0110288,,,,,,,,,,,,,,,,,PRESENT,,,,,,,,,,,,,,,,,,,,,,,,,,,,,,,,,,,,,,,,,,,,,US,Florida,Alachua,,,,,,,,,,,,,,,,,,,,,,,,,,,,,,,,,,,,,,,,,,,,,,,,,,,,,,1212,,,,,,,,Raphanus raphanistrum L.,,,,,,,Plantae|Spermatophyta|Tracheophyta|Magnoliophyta|Eudicots|Core Eudicots|Malvids|Rosids|Brassicales|Brassicaceae|Raphanus,Plantae,Tracheophyta,Magnoliopsida,Brassicales,,Brassicaceae,,,,Raphanus,Raphanus,,,raphanistrum,,,SPECIES,,,,ACCEPTED,,,bb0366a9-2a7e-44f8-9c9a-e49c23dae2f8,US,2026-01-07T15:35:49.174Z,,,,,,TAXON_ID_NOT_FOUND;INSTITUTION_MATCH_FUZZY,,,StillImage,false,false,3040983,3040983,6,7707728,220,7225535,3112,3040962,,3040983,Raphanus raphanistrum,Raphanus raphanistrum L.,Raphanus raphanistrum,,DWC_ARCHIVE,2026-01-07T15:35:49.174Z,2026-01-07T15:26:37.060Z,,false,,,false,NORTH_AMERICA,NORTH_AMERICA,,,,,,,,,
4101881494,,,,CC0_1_0,2025-04-23T02:12:04Z,,https://sernecportal.org/portal/collections/individual/index.php?occid=8914390,Botanical Research Institute of Texas,,,b198a10f-39d3-44ac-be3f-c617646b5eb2,,BRIT,NLU,,,PRESERVED_SPECIMEN,,,,9558adfe-78be-42bd-86e2-2fa2fb8ef964,NLU0110289,,,,,,,,,,,,,,,,,PRESENT,,,,,,,,,,,,,,,,,,,,,,,,,,,,,,,,,,,,,,,,,,,,,US,Florida,Alachua,,,,,,,,,,,,,,,,,,,,,,,,,,,,,,,,,,,,,,,,,,,,,,,,,,,,,,1212,,,,,,,,Raphanus raphanistrum L.,,,,,,,Plantae|Spermatophyta|Tracheophyta|Magnoliophyta|Eudicots|Core Eudicots|Malvids|Rosids|Brassicales|Brassicaceae|Raphanus,Plantae,Tracheophyta,Magnoliopsida,Brassicales,,Brassicaceae,,,,Raphanus,Raphanus,,,raphanistrum,,,SPECIES,,,,ACCEPTED,,,bb0366a9-2a7e-44f8-9c9a-e49c23dae2f8,US,2026-01-07T15:35:50.114Z,,,,,,TAXON_ID_NOT_FOUND;INSTITUTION_MATCH_FUZZY,,,StillImage,false,false,3040983,3040983,6,7707728,220,7225535,3112,3040962,,3040983,Raphanus raphanistrum,Raphanus raphanistrum L.,Raphanus raphanistrum,,DWC_ARCHIVE,2026-01-07T15:35:50.114Z,2026-01-07T15:26:37.060Z,,false,,,false,NORTH_AMERICA,NORTH_AMERICA,,,,,,,,,
4102035537,,,,CC0_1_0,2025-04-23T02:12:04Z,,https://sernecportal.org/portal/collections/individual/index.php?occid=8914391,Botanical Research Institute of Texas,,,b198a10f-39d3-44ac-be3f-c617646b5eb2,,BRIT,NLU,,,PRESERVED_SPECIMEN,,,,255c589e-0c9d-4e40-8b62-394d2bab170a,NLU0110290,,,,,,,,,,,,,,,,,PRESENT,,,,,,,,,,,,,,,,,,,,,,,,,,,,,,,,,,,,,,,,,,,,,US,Florida,Pasco,,,,,,,,,,,,,,,,,,,,,,,,,,,,,,,,,,,,,,,,,,,,,,,,,,,,,,1212,,,,,,,,Raphanus raphanistrum L.,,,,,,,Plantae|Spermatophyta|Tracheophyta|Magnoliophyta|Eudicots|Core Eudicots|Malvids|Rosids|Brassicales|Brassicaceae|Raphanus,Plantae,Tracheophyta,Magnoliopsida,Brassicales,,Brassicaceae,,,,Raphanus,Raphanus,,,raphanistrum,,,SPECIES,,,,ACCEPTED,,,bb0366a9-2a7e-44f8-9c9a-e49c23dae2f8,US,2026-01-07T15:35:48.604Z,,,,,,TAXON_ID_NOT_FOUND;INSTITUTION_MATCH_FUZZY,,,StillImage,false,false,3040983,3040983,6,7707728,220,7225535,3112,3040962,,3040983,Raphanus raphanistrum,Raphanus raphanistrum L.,Raphanus raphanistrum,,DWC_ARCHIVE,2026-01-07T15:35:48.604Z,2026-01-07T15:26:37.060Z,,false,,,false,NORTH_AMERICA,NORTH_AMERICA,,,,,,,,,
1258123467,,http://www.tropicos.org/Specimen/100793986,,CC_BY_4_0,2015-03-11T10:04:00Z,,,Missouri Botanical Garden,PhysicalObject,,http://biocol.org/urn:lsid:biocol.org:col:15859,,MO,Tropicos,Tropicos,MOBOT,PRESERVED_SPECIMEN,,,,urn:catalog:MO:Tropicos:100793986,100793986,6692,J. Richard Abbott;Randy L. Mears,,,,,,,,,,,,,,,PRESENT,,,,,,,,,,,,,,,,,,,,,,,1994-04-16,,106,106,1994,4,16,,,,,,,,,,,,NORTH_AMERICA,,,,US,Florida,,,,,,,,,,,,,,,,,,,,,,,,,,,,,,,,,,,,,,,,,,,,,,,,,,,,,,,4100237,,,,,,,,Raphanus raphanistrum L.,,,,,,,,Plantae,Tracheophyta,Magnoliopsida,Brassicales,,Brassicaceae,,,,Raphanus,Raphanus,,,raphanistrum,,,SPECIES,,,ICNafp,ACCEPTED,No opinion,,7bd65a7a-f762-11e1-a439-00145eb45e9a,US,2026-01-14T15:06:00.041Z,,,,,,TAXON_ID_NOT_FOUND;COLLECTION_MATCH_NONE;INSTITUTION_MATCH_FUZZY,,,,false,false,3040983,3040983,6,7707728,220,7225535,3112,3040962,,3040983,Raphanus raphanistrum,Raphanus raphanistrum L.,Raphanus raphanistrum L.,,EML,2026-01-14T15:06:00.041Z,2026-01-14T14:21:46.129Z,,false,,,false,NORTH_AMERICA,NORTH_AMERICA,,,,,,,,,
4153060508,,,en,CC_BY_4_0,,,,Robert K. Godfrey Herbarium at Florida State University,PhysicalObject,http://biocol.org/urn:lsid:biocol.org:col:15666,,,FSU,FSU,,,PRESERVED_SPECIMEN,,,flowerbudPresent=true; flowerPresent=true; fruitPresent=true; fertile=false,urn:uuid:13802c4a-6e35-43c8-95b6-2731e74b39c1,000047588,60750,R.K.  Godfrey,,,,,,,,,,,,,,,PRESENT,,,,,,,,,,,,,,,,,,,,,,,,,,,,,,,,,,,,,,,,,,,,,US,Florida,,,,,,,,,,,,,,,,,,,,,,,,,,,,,,,,,,,,,,,,,,,,,,,,,,,,,,,,,,,,,,,Raphanus sativus L.,,,,,,,,Plantae,Tracheophyta,Magnoliopsida,Brassicales,,Brassicaceae,,,,Raphanus,Raphanus,,,sativus,,,SPECIES,,,,ACCEPTED,,,2ab496e3-18cb-4cc0-9dca-9402d29b4e5b,US,2025-11-24T14:26:26.693Z,,,,,,,,,,false,false,7678610,7678610,6,7707728,220,7225535,3112,3040962,,7678610,Raphanus sativus,Raphanus sativus L.,Raphanus sativus,,EML,2025-11-24T14:26:26.693Z,2025-11-22T05:22:01.216Z,,false,,,false,NORTH_AMERICA,NORTH_AMERICA,,,,,,,,,
3855459409,,,,CC_BY_NC_4_0,,,http://specifyportal.flmnh.ufl.edu/herbarium/?filter=catalogNumber:216505,University of Florida,,University of Florida Herbarium,,,UF,,,FLAS,PRESERVED_SPECIMEN,location information not given for endangered species,,,55734AE5-EDC9-4D72-A241-EA5C793E45A5,216505,,,,,,,,,,,,,,,,,PRESENT,Preserved herbarium specimen,SERNEC,,,,,,,,,,,,,,,,,,,,,,,,,,,,,,,,,,,,,,,,,,,US,Georgia,Morgan County,,,SERNEC - locality unknown,,,,,,,,,,,,,,,,,,,,,,,,,,,,,,,,,,,,,,,,,,,,,,,,,,,,,,,,,,,Raphanus raphanistrum L.,,,,,,,,Plantae,Tracheophyta,Magnoliopsida,Brassicales,,Brassicaceae,,,,Raphanus,Raphanus,,,raphanistrum,,,SPECIES,,,ICN,ACCEPTED,,,b89d52a2-861d-4388-adad-c0da3d55fc78,US,2026-01-12T05:09:15.124Z,,,,,,COLLECTION_MATCH_NONE;INSTITUTION_MATCH_FUZZY,,,StillImage,false,false,3040983,3040983,6,7707728,220,7225535,3112,3040962,,3040983,Raphanus raphanistrum,Raphanus raphanistrum L.,Raphanus raphanistrum,,EML,2026-01-12T05:09:15.124Z,2026-01-12T05:01:55.766Z,,false,,,false,NORTH_AMERICA,NORTH_AMERICA,,,,,,,,,
4927483560,,,,CC_BY_NC_4_0,,,http://specifyportal.flmnh.ufl.edu/herbarium/?filter=catalogNumber:253483,University of Florida,,University of Florida Herbarium,,,UF,,,FLAS,PRESERVED_SPECIMEN,location information not given for endangered species,,,7f0083c1-a1de-4260-8303-47a0408158b6,253483,757,"Angus K. Gholson, Jr.",,,,,,,,,,,,,,,PRESENT,Preserved herbarium specimen,,,,,,,,,,,,,,,,,,,,,,1971-04-13,,103,103,1971,4,13,,,,,,,,,,,,,,,,US,Georgia,Decatur,,,not transcribed-2524,,,,,,,,,,,,,,,,,,,,,,,,,,,,,,,,,,,,,,,,,,,,,,,,,,,,,,,,,,,Raphanus raphanistrum L.,,,,,,,,Plantae,Tracheophyta,Magnoliopsida,Brassicales,,Brassicaceae,,,,Raphanus,Raphanus,,,raphanistrum,,,SPECIES,,,ICN,ACCEPTED,,,b89d52a2-861d-4388-adad-c0da3d55fc78,US,2026-01-12T05:09:13.306Z,,,,,,COLLECTION_MATCH_NONE;INSTITUTION_MATCH_FUZZY,,,StillImage,false,false,3040983,3040983,6,7707728,220,7225535,3112,3040962,,3040983,Raphanus raphanistrum,Raphanus raphanistrum L.,Raphanus raphanistrum,,EML,2026-01-12T05:09:13.306Z,2026-01-12T05:01:55.766Z,,false,,,false,NORTH_AMERICA,NORTH_AMERICA,,,,,,,,,
3855517591,,,,CC_BY_NC_4_0,,,http://specifyportal.flmnh.ufl.edu/herbarium/?filter=catalogNumber:99936,University of Florida,,University of Florida Herbarium,,,UF,,,FLAS,PRESERVED_SPECIMEN,location information not given for endangered species,,,0D7FAE19-377A-4349-8D9A-F92121E3802B,99936,,,,,,,,,,,,,,,,,PRESENT,Preserved herbarium specimen,SERNEC,,,,,,,,,,,,,,,,,,,,,,,,,,,,,,,,,,,,,,,,,,,US,Georgia,Morgan County,,,SERNEC - locality unknown,,,,,,,,,,,,,,,,,,,,,,,,,,,,,,,,,,,,,,,,,,,,,,,,,,,,,,,,,,,Raphanus raphanistrum L.,,,,,,,,Plantae,Tracheophyta,Magnoliopsida,Brassicales,,Brassicaceae,,,,Raphanus,Raphanus,,,raphanistrum,,,SPECIES,,,ICN,ACCEPTED,,,b89d52a2-861d-4388-adad-c0da3d55fc78,US,2026-01-12T05:09:14.113Z,,,,,,COLLECTION_MATCH_NONE;INSTITUTION_MATCH_FUZZY,,,StillImage,false,false,3040983,3040983,6,7707728,220,7225535,3112,3040962,,3040983,Raphanus raphanistrum,Raphanus raphanistrum L.,Raphanus raphanistrum,,EML,2026-01-12T05:09:14.113Z,2026-01-12T05:01:55.766Z,,false,,,false,NORTH_AMERICA,NORTH_AMERICA,,,,,,,,,
3855465779,,,,CC_BY_NC_4_0,,,http://specifyportal.flmnh.ufl.edu/herbarium/?filter=catalogNumber:99942,University of Florida,,University of Florida Herbarium,,,UF,,,FLAS,PRESERVED_SPECIMEN,location information not given for endangered species,,,68155C26-86E2-4BC9-8B61-E293990D8954,99942,,,,,,,,,,,,,,,,,PRESENT,Preserved herbarium specimen,SERNEC,,,,,,,,,,,,,,,,,,,,,,,,,,,,,,,,,,,,,,,,,,,US,Georgia,Morgan County,,,SERNEC - locality unknown,,,,,,,,,,,,,,,,,,,,,,,,,,,,,,,,,,,,,,,,,,,,,,,,,,,,,,,,,,,Raphanus L.,,,,,,,,Plantae,Tracheophyta,Magnoliopsida,Brassicales,,Brassicaceae,,,,Raphanus,,,,,,,GENUS,,,ICN,ACCEPTED,,,b89d52a2-861d-4388-adad-c0da3d55fc78,US,2026-01-12T05:09:14.021Z,,,,,,TAXON_MATCH_HIGHERRANK;COLLECTION_MATCH_NONE;INSTITUTION_MATCH_FUZZY,,,StillImage,false,false,3040962,3040962,6,7707728,220,7225535,3112,3040962,,,,Raphanus L.,Raphanus,,EML,2026-01-12T05:09:14.021Z,2026-01-12T05:01:55.766Z,,false,,,false,NORTH_AMERICA,NORTH_AMERICA,,,,,,,,,
3987686591,,,,CC_BY_NC_4_0,2020-09-11T15:48:57Z,,https://portal.torcherbaria.org/portal/collections/individual/index.php?occid=26313105,,,,7f93b3c9-5a83-4ed8-82b2-d041db9e5fd4,,TAES,,,,PRESERVED_SPECIMEN,,,,19ec315c-378f-443d-ac27-df051905f558,,27652,Steven R. Hill,,,,,,,,,,,,,,,PRESENT,,,,,,,mdr_guid: TAES2812e34f-9014-4423-9e69-1bf199aa7877;AccNo: TAES215590,,,,,,,,,,,,,,,,1996-04-09,,100,100,1996,4,9,1996-4-9,,,,,,,,,,,,,,,US,Georgia,Bulloch,,,,,,,,,,,,,,,,,,,,,,,,,,,,,,,,,,,,,,,,,,,,,,,,,,,,,,1212,,,,,,,,Raphanus raphanistrum L.,,,,,,,Plantae|Spermatophyta|Tracheophyta|Magnoliophyta|Eudicots|Core Eudicots|Malvids|Rosids|Brassicales|Brassicaceae|Raphanus,Plantae,Tracheophyta,Magnoliopsida,Brassicales,,Brassicaceae,,,,Raphanus,Raphanus,,,raphanistrum,,,SPECIES,,,,ACCEPTED,,,df5456b6-e51d-4c6b-966a-24beac9f3348,US,2026-01-06T19:40:37.888Z,,,,,,TAXON_ID_NOT_FOUND;INSTITUTION_MATCH_FUZZY,,,,false,false,3040983,3040983,6,7707728,220,7225535,3112,3040962,,3040983,Raphanus raphanistrum,Raphanus raphanistrum L.,Raphanus raphanistrum,,DWC_ARCHIVE,2026-01-06T19:40:37.888Z,2026-01-06T19:33:38.290Z,,false,,,false,NORTH_AMERICA,NORTH_AMERICA,,,,,,,,,
3469987227,,,,CC0_1_0,2018-02-06T01:49:13Z,,https://sernecportal.org/portal/collections/individual/index.php?occid=11487604,,,,fe609977-5b39-49c5-905a-32ca83233244,,NO,Vascular Plants,,LSU(NO),PRESERVED_SPECIMEN,,,,54620037-d0da-4748-97b7-d4a7a7ed7dbf,NO0060135,s.n.,Kent E. Youmans,,,,,,,,,,,,,,,PRESENT,,,,,,,LSU Accession #: s.n.,,,,,,,,,,,,,,,,1963-04-12,,102,102,1963,4,12,,,,,,,,,,,,,,,,US,Georgia,Bulloch,,,,,,,,,,,,,,,,,,,,,,,,,,,,,,,,,,,,,,,,,,,,,,,,,,,,,,1212,,,,,,,,Raphanus raphanistrum L.,,,,,,,Plantae|Spermatophyta|Tracheophyta|Magnoliophyta|Eudicots|Core Eudicots|Malvids|Rosids|Brassicales|Brassicaceae|Raphanus,Plantae,Tracheophyta,Magnoliopsida,Brassicales,,Brassicaceae,,,,Raphanus,Raphanus,,,raphanistrum,,,SPECIES,,,,ACCEPTED,,,56e9c560-bd2a-11dd-b15e-b8a03c50a862,US,2026-01-13T21:49:44.850Z,,,,,,TAXON_ID_NOT_FOUND;INSTITUTION_MATCH_FUZZY;INSTITUTION_COLLECTION_MISMATCH,,,StillImage,false,false,3040983,3040983,6,7707728,220,7225535,3112,3040962,,3040983,Raphanus raphanistrum,Raphanus raphanistrum L.,Raphanus raphanistrum,,DWC_ARCHIVE,2026-01-13T21:49:44.850Z,2026-01-13T21:39:13.170Z,,false,,,false,NORTH_AMERICA,NORTH_AMERICA,,,,,,,,,
2234333300,,,en,CC_BY_NC_4_0,2025-06-28T00:20:08Z,,https://sernecportal.org/portal/collections/individual/index.php?occid=12531864,,,,17f2d0fa-39a6-4465-8055-1d6fc12eeda2,,NCU,Vascular Plants,,,PRESERVED_SPECIMEN,,,,f27ac619-2b8f-48b8-b161-25d121637561,NCU00224365,,,,,,,,,,,,,,,,,PRESENT,,,,,,,,,,,,,,,,,,,,,,,,,,,,,,,,,,,,,,,,,,,,,US,Georgia,Brooks,,,,,,,,,,,,,,,,,,,,,,,,,,,,,,,,,,,,,,,,,,,,,,,,,,,,,,1212,,,,,,,,Raphanus raphanistrum L.,,,,,,,Plantae|Spermatophyta|Tracheophyta|Magnoliophyta|Eudicots|Core Eudicots|Malvids|Rosids|Brassicales|Brassicaceae|Raphanus,Plantae,Tracheophyta,Magnoliopsida,Brassicales,,Brassicaceae,,,,Raphanus,Raphanus,,,raphanistrum,,,SPECIES,,,,ACCEPTED,,,27b4ff4b-29c3-4017-9c48-3750861392f7,US,2026-01-16T22:19:12.735Z,,,,,,TAXON_ID_NOT_FOUND;INSTITUTION_MATCH_FUZZY;COLLECTION_MATCH_FUZZY,,,StillImage,false,false,3040983,3040983,6,7707728,220,7225535,3112,3040962,,3040983,Raphanus raphanistrum,Raphanus raphanistrum L.,Raphanus raphanistrum,,DWC_ARCHIVE,2026-01-16T22:19:12.735Z,2026-01-16T22:06:58.135Z,,false,,,false,NORTH_AMERICA,NORTH_AMERICA,,,,,,,,,
2234332449,,,en,CC_BY_NC_4_0,2025-06-28T00:20:08Z,,https://sernecportal.org/portal/collections/individual/index.php?occid=12531867,,,,17f2d0fa-39a6-4465-8055-1d6fc12eeda2,,NCU,Vascular Plants,,,PRESERVED_SPECIMEN,,,,a164db7c-c062-4ade-81e8-c11f901445c0,NCU00224366,,,,,,,,,,,,,,,,,PRESENT,,,,,,,,,,,,,,,,,,,,,,,,,,,,,,,,,,,,,,,,,,,,,US,Georgia,Brooks,,,,,,,,,,,,,,,,,,,,,,,,,,,,,,,,,,,,,,,,,,,,,,,,,,,,,,1212,,,,,,,,Raphanus raphanistrum L.,,,,,,,Plantae|Spermatophyta|Tracheophyta|Magnoliophyta|Eudicots|Core Eudicots|Malvids|Rosids|Brassicales|Brassicaceae|Raphanus,Plantae,Tracheophyta,Magnoliopsida,Brassicales,,Brassicaceae,,,,Raphanus,Raphanus,,,raphanistrum,,,SPECIES,,,,ACCEPTED,,,27b4ff4b-29c3-4017-9c48-3750861392f7,US,2026-01-16T22:19:15.023Z,,,,,,TAXON_ID_NOT_FOUND;INSTITUTION_MATCH_FUZZY;COLLECTION_MATCH_FUZZY,,,StillImage,false,false,3040983,3040983,6,7707728,220,7225535,3112,3040962,,3040983,Raphanus raphanistrum,Raphanus raphanistrum L.,Raphanus raphanistrum,,DWC_ARCHIVE,2026-01-16T22:19:15.023Z,2026-01-16T22:06:58.135Z,,false,,,false,NORTH_AMERICA,NORTH_AMERICA,,,,,,,,,
2234333079,,,en,CC_BY_NC_4_0,2025-06-28T00:20:08Z,,https://sernecportal.org/portal/collections/individual/index.php?occid=12531869,,,,17f2d0fa-39a6-4465-8055-1d6fc12eeda2,,NCU,Vascular Plants,,,PRESERVED_SPECIMEN,,,,a8519588-e386-430c-99c5-8ef3e528e2db,NCU00224367,,,,,,,,,,,,,,,,,PRESENT,,,,,,,,,,,,,,,,,,,,,,,,,,,,,,,,,,,,,,,,,,,,,US,Georgia,Bulloch,,,,,,,,,,,,,,,,,,,,,,,,,,,,,,,,,,,,,,,,,,,,,,,,,,,,,,1212,,,,,,,,Raphanus raphanistrum L.,,,,,,,Plantae|Spermatophyta|Tracheophyta|Magnoliophyta|Eudicots|Core Eudicots|Malvids|Rosids|Brassicales|Brassicaceae|Raphanus,Plantae,Tracheophyta,Magnoliopsida,Brassicales,,Brassicaceae,,,,Raphanus,Raphanus,,,raphanistrum,,,SPECIES,,,,ACCEPTED,,,27b4ff4b-29c3-4017-9c48-3750861392f7,US,2026-01-16T22:19:12.373Z,,,,,,TAXON_ID_NOT_FOUND;INSTITUTION_MATCH_FUZZY;COLLECTION_MATCH_FUZZY,,,StillImage,false,false,3040983,3040983,6,7707728,220,7225535,3112,3040962,,3040983,Raphanus raphanistrum,Raphanus raphanistrum L.,Raphanus raphanistrum,,DWC_ARCHIVE,2026-01-16T22:19:12.373Z,2026-01-16T22:06:58.135Z,,false,,,false,NORTH_AMERICA,NORTH_AMERICA,,,,,,,,,
2234333571,,,en,CC_BY_NC_4_0,2025-06-28T00:20:08Z,,https://sernecportal.org/portal/collections/individual/index.php?occid=12531870,,,,17f2d0fa-39a6-4465-8055-1d6fc12eeda2,,NCU,Vascular Plants,,,PRESERVED_SPECIMEN,,,,a9f0fc47-2bce-48d1-8c22-812b919642da,NCU00224368,,,,,,,,,,,,,,,,,PRESENT,,,,,,,,,,,,,,,,,,,,,,,,,,,,,,,,,,,,,,,,,,,,,US,Georgia,Bulloch,,,,,,,,,,,,,,,,,,,,,,,,,,,,,,,,,,,,,,,,,,,,,,,,,,,,,,1212,,,,,,,,Raphanus raphanistrum L.,,,,,,,Plantae|Spermatophyta|Tracheophyta|Magnoliophyta|Eudicots|Core Eudicots|Malvids|Rosids|Brassicales|Brassicaceae|Raphanus,Plantae,Tracheophyta,Magnoliopsida,Brassicales,,Brassicaceae,,,,Raphanus,Raphanus,,,raphanistrum,,,SPECIES,,,,ACCEPTED,,,27b4ff4b-29c3-4017-9c48-3750861392f7,US,2026-01-16T22:19:15.727Z,,,,,,TAXON_ID_NOT_FOUND;INSTITUTION_MATCH_FUZZY;COLLECTION_MATCH_FUZZY,,,StillImage,false,false,3040983,3040983,6,7707728,220,7225535,3112,3040962,,3040983,Raphanus raphanistrum,Raphanus raphanistrum L.,Raphanus raphanistrum,,DWC_ARCHIVE,2026-01-16T22:19:15.727Z,2026-01-16T22:06:58.135Z,,false,,,false,NORTH_AMERICA,NORTH_AMERICA,,,,,,,,,
2234332785,,,en,CC_BY_NC_4_0,2025-06-28T00:20:08Z,,https://sernecportal.org/portal/collections/individual/index.php?occid=12531871,,,,17f2d0fa-39a6-4465-8055-1d6fc12eeda2,,NCU,Vascular Plants,,,PRESERVED_SPECIMEN,,,,3015d475-bcd1-4a5c-b56c-95b8768c0b40,NCU00224369,,,,,,,,,,,,,,,,,PRESENT,,,,,,,,,,,,,,,,,,,,,,,,,,,,,,,,,,,,,,,,,,,,,US,Georgia,Grady,,,,,,,,,,,,,,,,,,,,,,,,,,,,,,,,,,,,,,,,,,,,,,,,,,,,,,1212,,,,,,,,Raphanus raphanistrum L.,,,,,,,Plantae|Spermatophyta|Tracheophyta|Magnoliophyta|Eudicots|Core Eudicots|Malvids|Rosids|Brassicales|Brassicaceae|Raphanus,Plantae,Tracheophyta,Magnoliopsida,Brassicales,,Brassicaceae,,,,Raphanus,Raphanus,,,raphanistrum,,,SPECIES,,,,ACCEPTED,,,27b4ff4b-29c3-4017-9c48-3750861392f7,US,2026-01-16T22:19:14.624Z,,,,,,TAXON_ID_NOT_FOUND;INSTITUTION_MATCH_FUZZY;COLLECTION_MATCH_FUZZY,,,StillImage,false,false,3040983,3040983,6,7707728,220,7225535,3112,3040962,,3040983,Raphanus raphanistrum,Raphanus raphanistrum L.,Raphanus raphanistrum,,DWC_ARCHIVE,2026-01-16T22:19:14.624Z,2026-01-16T22:06:58.135Z,,false,,,false,NORTH_AMERICA,NORTH_AMERICA,,,,,,,,,
2234334059,,,en,CC_BY_NC_4_0,2025-06-28T00:20:08Z,,https://sernecportal.org/portal/collections/individual/index.php?occid=12531872,,,,17f2d0fa-39a6-4465-8055-1d6fc12eeda2,,NCU,Vascular Plants,,,PRESERVED_SPECIMEN,,,,178062d0-05fe-459d-907b-1037d9ac6ec5,NCU00224370,,,,,,,,,,,,,,,,,PRESENT,,,,,,,,,,,,,,,,,,,,,,,,,,,,,,,,,,,,,,,,,,,,,US,Georgia,Grady,,,,,,,,,,,,,,,,,,,,,,,,,,,,,,,,,,,,,,,,,,,,,,,,,,,,,,1212,,,,,,,,Raphanus raphanistrum L.,,,,,,,Plantae|Spermatophyta|Tracheophyta|Magnoliophyta|Eudicots|Core Eudicots|Malvids|Rosids|Brassicales|Brassicaceae|Raphanus,Plantae,Tracheophyta,Magnoliopsida,Brassicales,,Brassicaceae,,,,Raphanus,Raphanus,,,raphanistrum,,,SPECIES,,,,ACCEPTED,,,27b4ff4b-29c3-4017-9c48-3750861392f7,US,2026-01-16T22:19:14.424Z,,,,,,TAXON_ID_NOT_FOUND;INSTITUTION_MATCH_FUZZY;COLLECTION_MATCH_FUZZY,,,StillImage,false,false,3040983,3040983,6,7707728,220,7225535,3112,3040962,,3040983,Raphanus raphanistrum,Raphanus raphanistrum L.,Raphanus raphanistrum,,DWC_ARCHIVE,2026-01-16T22:19:14.424Z,2026-01-16T22:06:58.135Z,,false,,,false,NORTH_AMERICA,NORTH_AMERICA,,,,,,,,,
2234334336,,,en,CC_BY_NC_4_0,2025-06-28T00:20:08Z,,https://sernecportal.org/portal/collections/individual/index.php?occid=12531874,,,,17f2d0fa-39a6-4465-8055-1d6fc12eeda2,,NCU,Vascular Plants,,,PRESERVED_SPECIMEN,,,,c56ceb72-d4a7-4f99-81b3-53deb3ff5e76,NCU00224372,,,,,,,,,,,,,,,,,PRESENT,,,,,,,,,,,,,,,,,,,,,,,,,,,,,,,,,,,,,,,,,,,,,US,Georgia,Morgan,,,,,,,,,,,,,,,,,,,,,,,,,,,,,,,,,,,,,,,,,,,,,,,,,,,,,,1212,,,,,,,,Raphanus raphanistrum L.,,,,,,,Plantae|Spermatophyta|Tracheophyta|Magnoliophyta|Eudicots|Core Eudicots|Malvids|Rosids|Brassicales|Brassicaceae|Raphanus,Plantae,Tracheophyta,Magnoliopsida,Brassicales,,Brassicaceae,,,,Raphanus,Raphanus,,,raphanistrum,,,SPECIES,,,,ACCEPTED,,,27b4ff4b-29c3-4017-9c48-3750861392f7,US,2026-01-16T22:19:15.866Z,,,,,,TAXON_ID_NOT_FOUND;INSTITUTION_MATCH_FUZZY;COLLECTION_MATCH_FUZZY,,,StillImage,false,false,3040983,3040983,6,7707728,220,7225535,3112,3040962,,3040983,Raphanus raphanistrum,Raphanus raphanistrum L.,Raphanus raphanistrum,,DWC_ARCHIVE,2026-01-16T22:19:15.866Z,2026-01-16T22:06:58.135Z,,false,,,false,NORTH_AMERICA,NORTH_AMERICA,,,,,,,,,
2234333763,,,en,CC_BY_NC_4_0,2025-06-28T00:20:08Z,,https://sernecportal.org/portal/collections/individual/index.php?occid=12531969,,,,17f2d0fa-39a6-4465-8055-1d6fc12eeda2,,NCU,Vascular Plants,,,PRESERVED_SPECIMEN,,,,ec690084-50df-49c9-856e-c09714c7a67b,NCU00224393,,,,,,,,,,,,,,,,,PRESENT,,,,,,,,,,,,,,,,,,,,,,,,,,,,,,,,,,,,,,,,,,,,,US,Georgia,Bulloch,,,,,,,,,,,,,,,,,,,,,,,,,,,,,,,,,,,,,,,,,,,,,,,,,,,,,,4569,,,,,,,,Raphanus L.,,,,,,,Plantae|Spermatophyta|Tracheophyta|Magnoliophyta|Eudicots|Core Eudicots|Malvids|Rosids|Brassicales|Brassicaceae,Plantae,Tracheophyta,Magnoliopsida,Brassicales,,Brassicaceae,,,,Raphanus,,,,,,,GENUS,,,,ACCEPTED,,,27b4ff4b-29c3-4017-9c48-3750861392f7,US,2026-01-16T22:19:07.828Z,,,,,,TAXON_ID_NOT_FOUND;INSTITUTION_MATCH_FUZZY;COLLECTION_MATCH_FUZZY,,,StillImage,false,false,3040962,3040962,6,7707728,220,7225535,3112,3040962,,,,Raphanus L.,Raphanus,,DWC_ARCHIVE,2026-01-16T22:19:07.828Z,2026-01-16T22:06:58.135Z,,false,,,false,NORTH_AMERICA,NORTH_AMERICA,,,,,,,,,
5028847966,,,en,CC0_1_0,2018-05-11T18:41:00Z,,https://sernecportal.org/portal/collections/individual/index.php?occid=17117473,,,,d77760fa-0a9d-469a-a49f-6c8d519dadc6,,UTC,UCHT,,,PRESERVED_SPECIMEN,,,,e70fff5b-915e-4a89-9908-2429292575bd,UCHT013311,,,,,,,,,,,,,,,,,PRESENT,,,,,,,,,,,,,,,,,,,,,,,,,,,,,,,,,,,,,,,,,,,,,US,Georgia,Bleckley,,,,,,,,,,,,,,,,,,,,,,,,,,,,,,,,,,,,,,,,,,,,,,,,,,,,,,1212,,,,,,,,Raphanus raphanistrum L.,,,,,,,Plantae|Spermatophyta|Tracheophyta|Magnoliophyta|Eudicots|Core Eudicots|Malvids|Rosids|Brassicales|Brassicaceae|Raphanus,Plantae,Tracheophyta,Magnoliopsida,Brassicales,,Brassicaceae,,,,Raphanus,Raphanus,,,raphanistrum,,,SPECIES,,,,ACCEPTED,,,9ed207ca-4994-4a15-9994-66b19bffb3ee,US,2026-01-13T21:59:41.169Z,,,,,,TAXON_ID_NOT_FOUND;INSTITUTION_MATCH_FUZZY,,,StillImage,false,false,3040983,3040983,6,7707728,220,7225535,3112,3040962,,3040983,Raphanus raphanistrum,Raphanus raphanistrum L.,Raphanus raphanistrum,,DWC_ARCHIVE,2026-01-13T21:59:41.169Z,2026-01-13T21:59:15.865Z,,false,,,false,NORTH_AMERICA,NORTH_AMERICA,,,,,,,,,
4536675577,,,,CC_BY_NC_4_0,2025-06-28T00:20:08Z,,https://sernecportal.org/portal/collections/individual/index.php?occid=20261751,,,,274b5332-1247-4374-b124-c819b814cd6e,,DUKE,,,,PRESERVED_SPECIMEN,,,,5f3f7c79-70a7-4ca7-a9aa-27ec5337b7be,DUKE10139499,,,,,,,,,,,,,,,,,PRESENT,,,,,,,,,,,,,,,,,,,,,,,,,,,,,,,,,,,,,,,,,,,,,US,Georgia,Walker,,,,,,,,,,,,,,,,,,,,,,,,,,,,,,,,,,,,,,,,,,,,,,,,,,,,,,1212,,,,,,,,Raphanus raphanistrum L.,,,,,,,Plantae|Spermatophyta|Tracheophyta|Magnoliophyta|Eudicots|Core Eudicots|Malvids|Rosids|Brassicales|Brassicaceae|Raphanus,Plantae,Tracheophyta,Magnoliopsida,Brassicales,,Brassicaceae,,,,Raphanus,Raphanus,,,raphanistrum,,,SPECIES,,,,ACCEPTED,,,785da3a1-3b86-4ac2-8f68-0903cb1cd085,US,2026-01-07T20:14:43.944Z,,,,,,TAXON_ID_NOT_FOUND;INSTITUTION_MATCH_FUZZY,,,,false,false,3040983,3040983,6,7707728,220,7225535,3112,3040962,,3040983,Raphanus raphanistrum,Raphanus raphanistrum L.,Raphanus raphanistrum,,DWC_ARCHIVE,2026-01-07T20:14:43.944Z,2026-01-07T20:07:15.368Z,,false,,,false,NORTH_AMERICA,NORTH_AMERICA,,,,,,,,,
4095932316,,,,CC_BY_NC_4_0,2025-06-28T00:20:08Z,,https://sernecportal.org/portal/collections/individual/index.php?occid=31051523,,,,daf7f698-000a-4721-8e61-df3ef5577497,,WCUH,,,,PRESERVED_SPECIMEN,,,,8f79e0c1-59b4-4780-b89d-955a4281b282,WCUH0034404,,,,,,,,,,,,,,,,,PRESENT,,,,,,,,,,,,,,,,,,,,,,,,,,,,,,,,,,,,,,,,,,,,,US,Georgia,Clarke,,,,,,,,,,,,,,,,,,,,,,,,,,,,,,,,,,,,,,,,,,,,,,,,,,,,,,1212,,,,,,,,Raphanus raphanistrum L.,,,,,,,Plantae|Spermatophyta|Tracheophyta|Magnoliophyta|Eudicots|Core Eudicots|Malvids|Rosids|Brassicales|Brassicaceae|Raphanus,Plantae,Tracheophyta,Magnoliopsida,Brassicales,,Brassicaceae,,,,Raphanus,Raphanus,,,raphanistrum,,,SPECIES,,,,ACCEPTED,,,a8e22479-28d2-4a8a-ae1c-2d40d80c1f9a,US,2026-01-13T20:52:50.001Z,,,,,,TAXON_ID_NOT_FOUND;INSTITUTION_MATCH_FUZZY,,,StillImage,false,false,3040983,3040983,6,7707728,220,7225535,3112,3040962,,3040983,Raphanus raphanistrum,Raphanus raphanistrum L.,Raphanus raphanistrum,,DWC_ARCHIVE,2026-01-13T20:52:50.001Z,2026-01-13T20:52:18.694Z,,false,,,false,NORTH_AMERICA,NORTH_AMERICA,,,,,,,,,
4987955528,,,,CC0_1_0,2025-06-28T00:20:08Z,,https://sernecportal.org/portal/collections/individual/index.php?occid=33225392,Botanical Research Institute of Texas,,,9bec1885-8556-470e-80f3-f31ed15228b0,,BRIT,VDB,,,PRESERVED_SPECIMEN,,,,509b448f-7c95-4fa7-a632-45c69267e294,BRIT1101254,,,,,,,,,,,,,,,,,PRESENT,,,,,,,,,,,,,,,,,,,,,,,,,,,,,,,,,,,,,,,,,,,,,US,Georgia,Miller,,,,,,,,,,,,,,,,,,,,,,,,,,,,,,,,,,,,,,,,,,,,,,,,,,,,,,1212,,,,,,,,Raphanus raphanistrum L.,,,,,,,Plantae|Spermatophyta|Tracheophyta|Magnoliophyta|Eudicots|Core Eudicots|Malvids|Rosids|Brassicales|Brassicaceae|Raphanus,Plantae,Tracheophyta,Magnoliopsida,Brassicales,,Brassicaceae,,,,Raphanus,Raphanus,,,raphanistrum,,,SPECIES,,,,ACCEPTED,,,3111dc38-3143-4792-9802-610f1de4961c,US,2026-01-07T15:29:33.101Z,,,,,,TAXON_ID_NOT_FOUND;INSTITUTION_MATCH_FUZZY;INSTITUTION_COLLECTION_MISMATCH,,,StillImage,false,false,3040983,3040983,6,7707728,220,7225535,3112,3040962,,3040983,Raphanus raphanistrum,Raphanus raphanistrum L.,Raphanus raphanistrum,,DWC_ARCHIVE,2026-01-07T15:29:33.101Z,2026-01-07T15:20:56.317Z,,false,,,false,NORTH_AMERICA,NORTH_AMERICA,,,,,,,,,
5068742317,,,,CC0_1_0,2025-06-28T00:20:08Z,,https://sernecportal.org/portal/collections/individual/index.php?occid=33379440,Botanical Research Institute of Texas,,,9bec1885-8556-470e-80f3-f31ed15228b0,,BRIT,VDB,,,PRESERVED_SPECIMEN,,,,a8317b9d-f3c3-4a93-9f63-24efcd90071a,BRIT334378,,,,,,,,,,,,,,,,,PRESENT,,,,,,,,,,,,,,,,,,,,,,,,,,,,,,,,,,,,,,,,,,,,,US,Georgia,Camden,,,,,,,,,,,,,,,,,,,,,,,,,,,,,,,,,,,,,,,,,,,,,,,,,,,,,,1212,,,,,,,,Raphanus raphanistrum L.,,,,,,,Plantae|Spermatophyta|Tracheophyta|Magnoliophyta|Eudicots|Core Eudicots|Malvids|Rosids|Brassicales|Brassicaceae|Raphanus,Plantae,Tracheophyta,Magnoliopsida,Brassicales,,Brassicaceae,,,,Raphanus,Raphanus,,,raphanistrum,,,SPECIES,,,,ACCEPTED,,,3111dc38-3143-4792-9802-610f1de4961c,US,2026-01-07T15:29:34.685Z,,,,,,TAXON_ID_NOT_FOUND;INSTITUTION_MATCH_FUZZY;INSTITUTION_COLLECTION_MISMATCH,,,,false,false,3040983,3040983,6,7707728,220,7225535,3112,3040962,,3040983,Raphanus raphanistrum,Raphanus raphanistrum L.,Raphanus raphanistrum,,DWC_ARCHIVE,2026-01-07T15:29:34.685Z,2026-01-07T15:20:56.317Z,,false,,,false,NORTH_AMERICA,NORTH_AMERICA,,,,,,,,,
4102218536,,,,CC0_1_0,2025-04-23T02:12:04Z,,https://sernecportal.org/portal/collections/individual/index.php?occid=8914385,Botanical Research Institute of Texas,,,b198a10f-39d3-44ac-be3f-c617646b5eb2,,BRIT,NLU,,,PRESERVED_SPECIMEN,,,,a3c3a8ab-76c3-4ec6-843e-d4b125992c30,NLU0110285,,,,,,,,,,,,,,,,,PRESENT,,,,,,,,,,,,,,,,,,,,,,,,,,,,,,,,,,,,,,,,,,,,,US,Georgia,Cobb,,,,,,,,,,,,,,,,,,,,,,,,,,,,,,,,,,,,,,,,,,,,,,,,,,,,,,1212,,,,,,,,Raphanus raphanistrum L.,,,,,,,Plantae|Spermatophyta|Tracheophyta|Magnoliophyta|Eudicots|Core Eudicots|Malvids|Rosids|Brassicales|Brassicaceae|Raphanus,Plantae,Tracheophyta,Magnoliopsida,Brassicales,,Brassicaceae,,,,Raphanus,Raphanus,,,raphanistrum,,,SPECIES,,,,ACCEPTED,,,bb0366a9-2a7e-44f8-9c9a-e49c23dae2f8,US,2026-01-07T15:35:47.634Z,,,,,,TAXON_ID_NOT_FOUND;INSTITUTION_MATCH_FUZZY,,,StillImage,false,false,3040983,3040983,6,7707728,220,7225535,3112,3040962,,3040983,Raphanus raphanistrum,Raphanus raphanistrum L.,Raphanus raphanistrum,,DWC_ARCHIVE,2026-01-07T15:35:47.634Z,2026-01-07T15:26:37.060Z,,false,,,false,NORTH_AMERICA,NORTH_AMERICA,,,,,,,,,
4102035536,,,,CC0_1_0,2025-04-23T02:12:04Z,,https://sernecportal.org/portal/collections/individual/index.php?occid=8914388,Botanical Research Institute of Texas,,,b198a10f-39d3-44ac-be3f-c617646b5eb2,,BRIT,NLU,,,PRESERVED_SPECIMEN,,,,eabea9fa-c6ea-4b84-878b-2a7bad5de3ce,NLU0110287,,,,,,,,,,,,,,,,,PRESENT,,,,,,,,,,,,,,,,,,,,,,,,,,,,,,,,,,,,,,,,,,,,,US,Georgia,Cobb,,,,,,,,,,,,,,,,,,,,,,,,,,,,,,,,,,,,,,,,,,,,,,,,,,,,,,1212,,,,,,,,Raphanus raphanistrum L.,,,,,,,Plantae|Spermatophyta|Tracheophyta|Magnoliophyta|Eudicots|Core Eudicots|Malvids|Rosids|Brassicales|Brassicaceae|Raphanus,Plantae,Tracheophyta,Magnoliopsida,Brassicales,,Brassicaceae,,,,Raphanus,Raphanus,,,raphanistrum,,,SPECIES,,,,ACCEPTED,,,bb0366a9-2a7e-44f8-9c9a-e49c23dae2f8,US,2026-01-07T15:35:48.062Z,,,,,,TAXON_ID_NOT_FOUND;INSTITUTION_MATCH_FUZZY,,,StillImage,false,false,3040983,3040983,6,7707728,220,7225535,3112,3040962,,3040983,Raphanus raphanistrum,Raphanus raphanistrum L.,Raphanus raphanistrum,,DWC_ARCHIVE,2026-01-07T15:35:48.062Z,2026-01-07T15:26:37.060Z,,false,,,false,NORTH_AMERICA,NORTH_AMERICA,,,,,,,,,
3855468317,,,,CC_BY_NC_4_0,,,http://specifyportal.flmnh.ufl.edu/herbarium/?filter=catalogNumber:154752,University of Florida,,University of Florida Herbarium,,,UF,,,FLAS,PRESERVED_SPECIMEN,location information not given for endangered species,,,7CF8C4E6-FBA7-4FF7-84FA-61D339B67148,154752,,,,,,,,,,,,,,,,,PRESENT,Preserved herbarium specimen,SERNEC,,,,,,,,,,,,,,,,,,,,,,,,,,,,,,,,,,,,,,,,,,,US,Louisiana,,,,SERNEC - locality unknown,,,,,,,,,,,,,,,,,,,,,,,,,,,,,,,,,,,,,,,,,,,,,,,,,,,,,,,,,,,Raphanus raphanistrum L.,,,,,,,,Plantae,Tracheophyta,Magnoliopsida,Brassicales,,Brassicaceae,,,,Raphanus,Raphanus,,,raphanistrum,,,SPECIES,,,ICN,ACCEPTED,,,b89d52a2-861d-4388-adad-c0da3d55fc78,US,2026-01-12T05:09:09.809Z,,,,,,COLLECTION_MATCH_NONE;INSTITUTION_MATCH_FUZZY,,,StillImage,false,false,3040983,3040983,6,7707728,220,7225535,3112,3040962,,3040983,Raphanus raphanistrum,Raphanus raphanistrum L.,Raphanus raphanistrum,,EML,2026-01-12T05:09:09.809Z,2026-01-12T05:01:55.766Z,,false,,,false,NORTH_AMERICA,NORTH_AMERICA,,,,,,,,,
3855439499,,,,CC_BY_NC_4_0,,,http://specifyportal.flmnh.ufl.edu/herbarium/?filter=catalogNumber:168781,University of Florida,,University of Florida Herbarium,,,UF,,,FLAS,PRESERVED_SPECIMEN,location information not given for endangered species,,,07C58FBE-3643-4D03-B4ED-053352A798CA,168781,,,,,,,,,,,,,,,,,PRESENT,Preserved herbarium specimen,SERNEC,,,,,,,,,,,,,,,,,,,,,,,,,,,,,,,,,,,,,,,,,,,US,Louisiana,,,,SERNEC - locality unknown,,,,,,,,,,,,,,,,,,,,,,,,,,,,,,,,,,,,,,,,,,,,,,,,,,,,,,,,,,,Raphanus raphanistrum L.,,,,,,,,Plantae,Tracheophyta,Magnoliopsida,Brassicales,,Brassicaceae,,,,Raphanus,Raphanus,,,raphanistrum,,,SPECIES,,,ICN,ACCEPTED,,,b89d52a2-861d-4388-adad-c0da3d55fc78,US,2026-01-12T05:09:09.920Z,,,,,,COLLECTION_MATCH_NONE;INSTITUTION_MATCH_FUZZY,,,StillImage,false,false,3040983,3040983,6,7707728,220,7225535,3112,3040962,,3040983,Raphanus raphanistrum,Raphanus raphanistrum L.,Raphanus raphanistrum,,EML,2026-01-12T05:09:09.920Z,2026-01-12T05:01:55.766Z,,false,,,false,NORTH_AMERICA,NORTH_AMERICA,,,,,,,,,
2573522519,,,,CC_BY_4_0,2025-02-05T16:02:05Z,,https://botanydb.colorado.edu/collections/individual/index.php?occid=386224,,,,f5da8b4f-e389-4436-b71d-1c3e0a4baacc,,COLO,V,,,PRESERVED_SPECIMEN,,,,c396eb99-01cf-4586-980e-0276c79cfda2,01978378,,,,,,,,,,,,,,,,,PRESENT,,,,,,,,Imager: Tara Templeman; Date: 10/4/2017,,,,,,,,,,,,,,,,,,,,,,,,,,,,,,,,,,,,,US,Louisiana,Vermilion,,,,,,,,,,,,,,,,,,,,,,,,,,,,,,,,,,,,,,,,,,,,,,,,,,,,,,3337,,,,,,,,Raphanus raphanistrum L.,,,,,,,Plantae|Magnoliophyta|Eudicots|Core Eudicots|Malvids|Rosids|Brassicales|Brassicaceae|Raphanus,Plantae,Tracheophyta,Magnoliopsida,Brassicales,,Brassicaceae,,,,Raphanus,Raphanus,,,raphanistrum,,,SPECIES,,,,ACCEPTED,,,7c5e863f-3f70-4933-b05d-fc57c66dd3f3,US,2025-12-30T09:18:17.165Z,,,,,,TAXON_ID_NOT_FOUND;AMBIGUOUS_INSTITUTION,,,StillImage,false,false,3040983,3040983,6,7707728,220,7225535,3112,3040962,,3040983,Raphanus raphanistrum,Raphanus raphanistrum L.,Raphanus raphanistrum,,DWC_ARCHIVE,2025-12-30T09:18:17.165Z,2025-12-30T09:09:33.584Z,,false,,,false,NORTH_AMERICA,NORTH_AMERICA,,,,,,,,,
2573523406,,,,CC_BY_4_0,2025-02-05T16:02:05Z,,https://botanydb.colorado.edu/collections/individual/index.php?occid=386225,,,,f5da8b4f-e389-4436-b71d-1c3e0a4baacc,,COLO,V,,,PRESERVED_SPECIMEN,,,,32f2dccd-4340-4eb4-b4b4-b3488a923ca0,01978386,,,,,,,,,,,,,,,,,PRESENT,,,,,,,,Imager: Tara Templeman; Date: 10/4/2017,,,,,,,,,,,,,,,,,,,,,,,,,,,,,,,,,,,,,US,Louisiana,Richland,,,,,,,,,,,,,,,,,,,,,,,,,,,,,,,,,,,,,,,,,,,,,,,,,,,,,,3337,,,,,,,,Raphanus raphanistrum L.,,,,,,,Plantae|Magnoliophyta|Eudicots|Core Eudicots|Malvids|Rosids|Brassicales|Brassicaceae|Raphanus,Plantae,Tracheophyta,Magnoliopsida,Brassicales,,Brassicaceae,,,,Raphanus,Raphanus,,,raphanistrum,,,SPECIES,,,,ACCEPTED,,,7c5e863f-3f70-4933-b05d-fc57c66dd3f3,US,2025-12-30T09:18:10.095Z,,,,,,TAXON_ID_NOT_FOUND;AMBIGUOUS_INSTITUTION,,,StillImage,false,false,3040983,3040983,6,7707728,220,7225535,3112,3040962,,3040983,Raphanus raphanistrum,Raphanus raphanistrum L.,Raphanus raphanistrum,,DWC_ARCHIVE,2025-12-30T09:18:10.095Z,2025-12-30T09:09:33.584Z,,false,,,false,NORTH_AMERICA,NORTH_AMERICA,,,,,,,,,
2573522950,,,,CC_BY_4_0,2025-02-05T16:02:05Z,,https://botanydb.colorado.edu/collections/individual/index.php?occid=386241,,,,f5da8b4f-e389-4436-b71d-1c3e0a4baacc,,COLO,V,,,PRESERVED_SPECIMEN,,,,c84adc67-4833-4247-993f-a4ecce79eacb,01978550,,,,,,,,,,,,,,,,,PRESENT,,,,,,,,Imager: Tara Templeman; Date: 10/4/2017,,,,,,,,,,,,,,,,,,,,,,,,,,,,,,,,,,,,,US,Louisiana,Ouachita,,,,,,,,,,,,,,,,,,,,,,,,,,,,,,,,,,,,,,,,,,,,,,,,,,,,,,3338,,,,,,,,Raphanus sativus L.,,,,,,,Plantae|Magnoliophyta|Eudicots|Core Eudicots|Malvids|Rosids|Brassicales|Brassicaceae|Raphanus,Plantae,Tracheophyta,Magnoliopsida,Brassicales,,Brassicaceae,,,,Raphanus,Raphanus,,,sativus,,,SPECIES,,,,ACCEPTED,,,7c5e863f-3f70-4933-b05d-fc57c66dd3f3,US,2025-12-30T09:18:14.464Z,,,,,,TAXON_ID_NOT_FOUND;AMBIGUOUS_INSTITUTION,,,StillImage,false,false,7678610,7678610,6,7707728,220,7225535,3112,3040962,,7678610,Raphanus sativus,Raphanus sativus L.,Raphanus sativus,,DWC_ARCHIVE,2025-12-30T09:18:14.464Z,2025-12-30T09:09:33.584Z,,false,,,false,NORTH_AMERICA,NORTH_AMERICA,,,,,,,,,
4105788007,,,,CC_BY_4_0,2025-06-28T00:20:08Z,,https://midwestherbaria.org/portal/collections/individual/index.php?occid=3840034,Western Illinois University,,,5f887025-5ee0-453e-b25b-360c1f5e870a,,MWI,,,,PRESERVED_SPECIMEN,,,,af0a5489-8608-4db3-bae3-aad7bb0e6731,MWI00054013,88384,"Thomas, Robert Dale",,,,,,,,,,,,,,,PRESENT,,,,,,,,,,,,,,,,,,,,,,,1984-05-08,,129,129,1984,5,8,,Unplowed soybean field.,,,,,,,,,,,,,,US,Louisiana,Richland,,"south of Louisiana 15 on Richland Plantation, 1.5 miles west of Rhymes and Louisiana 133",,,,,,,,,,,,,,,,,,,,,,,,,,,,,,,,,,,,,,,,,,,,,,Robert Dale Thomas,,1984-01-01T00:00:00,,,,1212,,,,,,,,Raphanus raphanistrum L.,,,,,,,Plantae|Spermatophyta|Tracheophyta|Magnoliophyta|Eudicots|Core Eudicots|Malvids|Rosids|Brassicales|Brassicaceae|Raphanus,Plantae,Tracheophyta,Magnoliopsida,Brassicales,,Brassicaceae,,,,Raphanus,Raphanus,,,raphanistrum,,,SPECIES,,,,ACCEPTED,,,595b50ad-d31f-471a-82c9-c9ff631db3e3,US,2026-01-06T16:34:26.544Z,,,,,,COORDINATE_INVALID;TAXON_ID_NOT_FOUND;INSTITUTION_MATCH_FUZZY,,,,false,true,3040983,3040983,6,7707728,220,7225535,3112,3040962,,3040983,Raphanus raphanistrum,Raphanus raphanistrum L.,Raphanus raphanistrum,,DWC_ARCHIVE,2026-01-06T16:34:26.544Z,2026-01-06T16:33:58.678Z,,false,,,false,NORTH_AMERICA,NORTH_AMERICA,,,,,,,,,
3987691570,,,,CC_BY_NC_4_0,2020-09-11T15:48:57Z,,https://portal.torcherbaria.org/portal/collections/individual/index.php?occid=26313106,,,,7f93b3c9-5a83-4ed8-82b2-d041db9e5fd4,,TAES,,,,PRESERVED_SPECIMEN,,,,99e2da7b-46a3-4988-b1f3-bf3362bb1270,,118807,R. Dale Thomas,,,,,,,,,,,,,,,PRESENT,,,,,,,mdr_guid: TAES5459fc30-cb2f-4df0-883f-922b902a1eab;AccNo: TAES208733,,,,,,,,,,,,,,,,1990-06-09,,160,160,1990,6,9,1990-6-9,,,,,,,,,,,,,,,US,Louisiana,Ouachita,,,,,,,,,,,,,,,,,,,,,,,,,,,,,,,,,,,,,,,,,,,,,,,,,,,,,,1212,,,,,,,,Raphanus raphanistrum L.,,,,,,,Plantae|Spermatophyta|Tracheophyta|Magnoliophyta|Eudicots|Core Eudicots|Malvids|Rosids|Brassicales|Brassicaceae|Raphanus,Plantae,Tracheophyta,Magnoliopsida,Brassicales,,Brassicaceae,,,,Raphanus,Raphanus,,,raphanistrum,,,SPECIES,,,,ACCEPTED,,,df5456b6-e51d-4c6b-966a-24beac9f3348,US,2026-01-06T19:40:38.820Z,,,,,,TAXON_ID_NOT_FOUND;INSTITUTION_MATCH_FUZZY,,,,false,false,3040983,3040983,6,7707728,220,7225535,3112,3040962,,3040983,Raphanus raphanistrum,Raphanus raphanistrum L.,Raphanus raphanistrum,,DWC_ARCHIVE,2026-01-06T19:40:38.820Z,2026-01-06T19:33:38.290Z,,false,,,false,NORTH_AMERICA,NORTH_AMERICA,,,,,,,,,
3987558636,,,,CC_BY_NC_4_0,2020-09-11T15:48:57Z,,https://portal.torcherbaria.org/portal/collections/individual/index.php?occid=26313108,,,,7f93b3c9-5a83-4ed8-82b2-d041db9e5fd4,,TAES,TAMU,,,PRESERVED_SPECIMEN,,,,91a47676-e046-49ea-9861-4f8cd04649d9,,103420,R. Dale Thomas,,,,,,,,,,,,,,,PRESENT,,,,,,,mdr_guid: TAMU1fdc8c15-c51a-4249-b890-40b492af2fdb;AccNo: TAMU19107,,,,,,,,,,,,,,,,1988-02-16,,47,47,1988,2,16,1988-2-16,,,,,,,,,,,,,,,US,Louisiana,Richland,,Richland Plantation,,,,,,,,,,,,,,,,,,,,,,,,,,,,,,,,,,,,,,,,,,,,,,,,,,,,1212,,,,,,,,Raphanus raphanistrum L.,,,,,,,Plantae|Spermatophyta|Tracheophyta|Magnoliophyta|Eudicots|Core Eudicots|Malvids|Rosids|Brassicales|Brassicaceae|Raphanus,Plantae,Tracheophyta,Magnoliopsida,Brassicales,,Brassicaceae,,,,Raphanus,Raphanus,,,raphanistrum,,,SPECIES,,,,ACCEPTED,,,df5456b6-e51d-4c6b-966a-24beac9f3348,US,2026-01-06T19:40:38.871Z,,,,,,TAXON_ID_NOT_FOUND;INSTITUTION_MATCH_FUZZY;COLLECTION_MATCH_FUZZY,,,,false,false,3040983,3040983,6,7707728,220,7225535,3112,3040962,,3040983,Raphanus raphanistrum,Raphanus raphanistrum L.,Raphanus raphanistrum,,DWC_ARCHIVE,2026-01-06T19:40:38.871Z,2026-01-06T19:33:38.290Z,,false,,,false,NORTH_AMERICA,NORTH_AMERICA,,,,,,,,,
3469888056,,,,CC0_1_0,2018-02-06T01:49:13Z,,https://sernecportal.org/portal/collections/individual/index.php?occid=11487590,,,,fe609977-5b39-49c5-905a-32ca83233244,,NO,Vascular Plants,,LSU(NO),PRESERVED_SPECIMEN,,,,7ad7e265-7c41-4321-a932-c2ff43cf0c53,NO0060128,8571,Glen N. Montz,,,,,,,,,,,,,,,PRESENT,,,,,,,LSU Accession #: s.n.,,,,,,,,,,,,,,,,1997-03-06,,65,65,1997,3,6,,,,,,,,,,,,,,,,US,Louisiana,Tangipahoa,,,,,,,,,,,,,,,,,,,,,,,,,,,,,,,,,,,,,,,,,,,,,,,,,,,,,,1212,,,,,,,,Raphanus raphanistrum L.,,,,,,,Plantae|Spermatophyta|Tracheophyta|Magnoliophyta|Eudicots|Core Eudicots|Malvids|Rosids|Brassicales|Brassicaceae|Raphanus,Plantae,Tracheophyta,Magnoliopsida,Brassicales,,Brassicaceae,,,,Raphanus,Raphanus,,,raphanistrum,,,SPECIES,,,,ACCEPTED,,,56e9c560-bd2a-11dd-b15e-b8a03c50a862,US,2026-01-13T21:49:43.037Z,,,,,,TAXON_ID_NOT_FOUND;INSTITUTION_MATCH_FUZZY;INSTITUTION_COLLECTION_MISMATCH,,,StillImage,false,false,3040983,3040983,6,7707728,220,7225535,3112,3040962,,3040983,Raphanus raphanistrum,Raphanus raphanistrum L.,Raphanus raphanistrum,,DWC_ARCHIVE,2026-01-13T21:49:43.037Z,2026-01-13T21:39:13.170Z,,false,,,false,NORTH_AMERICA,NORTH_AMERICA,,,,,,,,,
3469889146,,,,CC0_1_0,2018-02-06T01:49:13Z,,https://sernecportal.org/portal/collections/individual/index.php?occid=11487592,,,,fe609977-5b39-49c5-905a-32ca83233244,,NO,Vascular Plants,,LSU(NO),PRESERVED_SPECIMEN,,,,0c2af4b7-596b-47d3-81df-c124a931c4d2,NO0060129,155901,R. Dale Thomas,,,,,,,,,,,,,,,PRESENT,,,,,,,LSU Accession #: s.n.,,,,,,,,,,,,,,,,1998-01-25,,25,25,1998,1,25,,,,,,,,,,,,,,,,US,Louisiana,Ouachita,,,,,,,,,,,,,,,,,,,,,,,,,,,,,,,,,,,,,,,,,,,,,,,,,,,,,,1212,,,,,,,,Raphanus raphanistrum L.,,,,,,,Plantae|Spermatophyta|Tracheophyta|Magnoliophyta|Eudicots|Core Eudicots|Malvids|Rosids|Brassicales|Brassicaceae|Raphanus,Plantae,Tracheophyta,Magnoliopsida,Brassicales,,Brassicaceae,,,,Raphanus,Raphanus,,,raphanistrum,,,SPECIES,,,,ACCEPTED,,,56e9c560-bd2a-11dd-b15e-b8a03c50a862,US,2026-01-13T21:49:43.037Z,,,,,,TAXON_ID_NOT_FOUND;INSTITUTION_MATCH_FUZZY;INSTITUTION_COLLECTION_MISMATCH,,,StillImage,false,false,3040983,3040983,6,7707728,220,7225535,3112,3040962,,3040983,Raphanus raphanistrum,Raphanus raphanistrum L.,Raphanus raphanistrum,,DWC_ARCHIVE,2026-01-13T21:49:43.037Z,2026-01-13T21:39:13.170Z,,false,,,false,NORTH_AMERICA,NORTH_AMERICA,,,,,,,,,
3469891137,,,,CC0_1_0,2018-02-06T01:49:13Z,,https://sernecportal.org/portal/collections/individual/index.php?occid=11487594,,,,fe609977-5b39-49c5-905a-32ca83233244,,NO,Vascular Plants,,LSU(NO),PRESERVED_SPECIMEN,,,,4f8f9b45-07a8-43e6-ab18-6ea9f88daaf8,NO0060130,88384,R. Dale Thomas,,,,,,,,,,,,,,,PRESENT,,,,,,,LSU Accession #: s.n.,,,,,,,,,,,,,,,,1984-05-08,,129,129,1984,5,8,,,,,,,,,,,,,,,,US,Louisiana,Richland,,,,,,,,,,,,,,,,,,,,,,,,,,,,,,,,,,,,,,,,,,,,,,,,,,,,,,1212,,,,,,,,Raphanus raphanistrum L.,,,,,,,Plantae|Spermatophyta|Tracheophyta|Magnoliophyta|Eudicots|Core Eudicots|Malvids|Rosids|Brassicales|Brassicaceae|Raphanus,Plantae,Tracheophyta,Magnoliopsida,Brassicales,,Brassicaceae,,,,Raphanus,Raphanus,,,raphanistrum,,,SPECIES,,,,ACCEPTED,,,56e9c560-bd2a-11dd-b15e-b8a03c50a862,US,2026-01-13T21:49:43.033Z,,,,,,TAXON_ID_NOT_FOUND;INSTITUTION_MATCH_FUZZY;INSTITUTION_COLLECTION_MISMATCH,,,StillImage,false,false,3040983,3040983,6,7707728,220,7225535,3112,3040962,,3040983,Raphanus raphanistrum,Raphanus raphanistrum L.,Raphanus raphanistrum,,DWC_ARCHIVE,2026-01-13T21:49:43.033Z,2026-01-13T21:39:13.170Z,,false,,,false,NORTH_AMERICA,NORTH_AMERICA,,,,,,,,,
3469987226,,,,CC0_1_0,2018-02-06T01:49:13Z,,https://sernecportal.org/portal/collections/individual/index.php?occid=11487596,,,,fe609977-5b39-49c5-905a-32ca83233244,,NO,Vascular Plants,,LSU(NO),PRESERVED_SPECIMEN,,,,7efbdc3b-7e08-4c2e-bdfe-aadf507f50cb,NO0060131,2619,David D. Taylor,,,,,,,,,,,,,,,PRESENT,,,,,,,LSU Accession #: s.n.,,,,,,,,,,,,,,,,1983-03-25,,84,84,1983,3,25,,,,,,,,,,,,,,,,US,Louisiana,Vermilion,,,,,,,,,,,,,,,,,,,,,,,,,,,,,,,,,,,,,,,,,,,,,,,,,,,,,,1212,,,,,,,,Raphanus raphanistrum L.,,,,,,,Plantae|Spermatophyta|Tracheophyta|Magnoliophyta|Eudicots|Core Eudicots|Malvids|Rosids|Brassicales|Brassicaceae|Raphanus,Plantae,Tracheophyta,Magnoliopsida,Brassicales,,Brassicaceae,,,,Raphanus,Raphanus,,,raphanistrum,,,SPECIES,,,,ACCEPTED,,,56e9c560-bd2a-11dd-b15e-b8a03c50a862,US,2026-01-13T21:49:43.106Z,,,,,,TAXON_ID_NOT_FOUND;INSTITUTION_MATCH_FUZZY;INSTITUTION_COLLECTION_MISMATCH,,,StillImage,false,false,3040983,3040983,6,7707728,220,7225535,3112,3040962,,3040983,Raphanus raphanistrum,Raphanus raphanistrum L.,Raphanus raphanistrum,,DWC_ARCHIVE,2026-01-13T21:49:43.106Z,2026-01-13T21:39:13.170Z,,false,,,false,NORTH_AMERICA,NORTH_AMERICA,,,,,,,,,
3469988055,,,,CC0_1_0,2018-02-06T01:49:13Z,,https://sernecportal.org/portal/collections/individual/index.php?occid=11487598,,,,fe609977-5b39-49c5-905a-32ca83233244,,NO,Vascular Plants,,LSU(NO),PRESERVED_SPECIMEN,,,,8ff7a634-68ab-4748-a54a-752ffabe285c,NO0060132,28797,R. Dale Thomas,,,,,,,,,,,,,,,PRESENT,,,,,,,LSU Accession #: s.n.,,,,,,,,,,,,,,,,1972-05-02,,123,123,1972,5,2,,,,,,,,,,,,,,,,US,Louisiana,Ouachita,,,,,,,,,,,,,,,,,,,,,,,,,,,,,,,,,,,,,,,,,,,,,,,,,,,,,,1213,,,,,,,,Raphanus sativus L.,,,,,,,Plantae|Spermatophyta|Tracheophyta|Magnoliophyta|Eudicots|Core Eudicots|Malvids|Rosids|Brassicales|Brassicaceae|Raphanus,Plantae,Tracheophyta,Magnoliopsida,Brassicales,,Brassicaceae,,,,Raphanus,Raphanus,,,sativus,,,SPECIES,,,,ACCEPTED,,,56e9c560-bd2a-11dd-b15e-b8a03c50a862,US,2026-01-13T21:49:42.456Z,,,,,,TAXON_ID_NOT_FOUND;INSTITUTION_MATCH_FUZZY;INSTITUTION_COLLECTION_MISMATCH,,,StillImage,false,false,7678610,7678610,6,7707728,220,7225535,3112,3040962,,7678610,Raphanus sativus,Raphanus sativus L.,Raphanus sativus,,DWC_ARCHIVE,2026-01-13T21:49:42.456Z,2026-01-13T21:39:13.170Z,,false,,,false,NORTH_AMERICA,NORTH_AMERICA,,,,,,,,,
1989996104,,,en,CC0_1_0,2025-06-28T00:20:08Z,,https://sernecportal.org/portal/collections/individual/index.php?occid=12860723,,,,565b6f19-288f-4614-a4c9-b09448e96547,,TENN,,,,PRESERVED_SPECIMEN,,,,a9b82a36-214d-4167-bdd3-41a687cd9eb4,TENN-V-0105394,,,,,,,,,,,,,,,,,PRESENT,,,,,,,,,,,,,,,,,,,,,,,,,,,,,,,,,,,,,,,,,,,,,US,Louisiana,Ouachita,,,,,,,,,,,,,,,,,,,,,,,,,,,,,,,,,,,,,,,,,,,,,,,,,,,,,,1212,,,,,,,,Raphanus raphanistrum L.,,,,,,,Plantae|Spermatophyta|Tracheophyta|Magnoliophyta|Eudicots|Core Eudicots|Malvids|Rosids|Brassicales|Brassicaceae|Raphanus,Plantae,Tracheophyta,Magnoliopsida,Brassicales,,Brassicaceae,,,,Raphanus,Raphanus,,,raphanistrum,,,SPECIES,,,,ACCEPTED,,,1edd3c3f-cfd7-4fd5-bfba-2c67737a17ba,US,2026-01-06T19:27:15.136Z,,,,,,TAXON_ID_NOT_FOUND;INSTITUTION_MATCH_FUZZY,,,StillImage,false,false,3040983,3040983,6,7707728,220,7225535,3112,3040962,,3040983,Raphanus raphanistrum,Raphanus raphanistrum L.,Raphanus raphanistrum,,DWC_ARCHIVE,2026-01-06T19:27:15.136Z,2026-01-06T19:18:23.682Z,,false,,,false,NORTH_AMERICA,NORTH_AMERICA,,,,,,,,,
1989996176,,,en,CC0_1_0,2025-06-28T00:20:08Z,,https://sernecportal.org/portal/collections/individual/index.php?occid=12860724,,,,565b6f19-288f-4614-a4c9-b09448e96547,,TENN,,,,PRESERVED_SPECIMEN,,,,89f54a5f-f670-4b34-a3b0-fd0c2b349151,TENN-V-0105395,,,,,,,,,,,,,,,,,PRESENT,,,,,,,,,,,,,,,,,,,,,,,,,,,,,,,,,,,,,,,,,,,,,US,Louisiana,Richland,,,,,,,,,,,,,,,,,,,,,,,,,,,,,,,,,,,,,,,,,,,,,,,,,,,,,,1212,,,,,,,,Raphanus raphanistrum L.,,,,,,,Plantae|Spermatophyta|Tracheophyta|Magnoliophyta|Eudicots|Core Eudicots|Malvids|Rosids|Brassicales|Brassicaceae|Raphanus,Plantae,Tracheophyta,Magnoliopsida,Brassicales,,Brassicaceae,,,,Raphanus,Raphanus,,,raphanistrum,,,SPECIES,,,,ACCEPTED,,,1edd3c3f-cfd7-4fd5-bfba-2c67737a17ba,US,2026-01-06T19:27:14.925Z,,,,,,TAXON_ID_NOT_FOUND;INSTITUTION_MATCH_FUZZY,,,StillImage,false,false,3040983,3040983,6,7707728,220,7225535,3112,3040962,,3040983,Raphanus raphanistrum,Raphanus raphanistrum L.,Raphanus raphanistrum,,DWC_ARCHIVE,2026-01-06T19:27:14.925Z,2026-01-06T19:18:23.682Z,,false,,,false,NORTH_AMERICA,NORTH_AMERICA,,,,,,,,,
1989996114,,,en,CC0_1_0,2025-06-28T00:20:08Z,,https://sernecportal.org/portal/collections/individual/index.php?occid=12860725,,,,565b6f19-288f-4614-a4c9-b09448e96547,,TENN,,,,PRESERVED_SPECIMEN,,,,b0bc6966-b435-4c3d-a455-6b8ccea54a8a,TENN-V-0105396,,,,,,,,,,,,,,,,,PRESENT,,,,,,,,,,,,,,,,,,,,,,,,,,,,,,,,,,,,,,,,,,,,,US,Louisiana,Richland,,,,,,,,,,,,,,,,,,,,,,,,,,,,,,,,,,,,,,,,,,,,,,,,,,,,,,1212,,,,,,,,Raphanus raphanistrum L.,,,,,,,Plantae|Spermatophyta|Tracheophyta|Magnoliophyta|Eudicots|Core Eudicots|Malvids|Rosids|Brassicales|Brassicaceae|Raphanus,Plantae,Tracheophyta,Magnoliopsida,Brassicales,,Brassicaceae,,,,Raphanus,Raphanus,,,raphanistrum,,,SPECIES,,,,ACCEPTED,,,1edd3c3f-cfd7-4fd5-bfba-2c67737a17ba,US,2026-01-06T19:27:14.608Z,,,,,,TAXON_ID_NOT_FOUND;INSTITUTION_MATCH_FUZZY,,,StillImage,false,false,3040983,3040983,6,7707728,220,7225535,3112,3040962,,3040983,Raphanus raphanistrum,Raphanus raphanistrum L.,Raphanus raphanistrum,,DWC_ARCHIVE,2026-01-06T19:27:14.608Z,2026-01-06T19:18:23.682Z,,false,,,false,NORTH_AMERICA,NORTH_AMERICA,,,,,,,,,
1989996082,,,en,CC0_1_0,2025-06-28T00:20:08Z,,https://sernecportal.org/portal/collections/individual/index.php?occid=12860726,,,,565b6f19-288f-4614-a4c9-b09448e96547,,TENN,,,,PRESERVED_SPECIMEN,,,,e4e7b1c7-3046-416d-a073-1ba6c991bcd5,TENN-V-0105397,,,,,,,,,,,,,,,,,PRESENT,,,,,,,,,,,,,,,,,,,,,,,,,,,,,,,,,,,,,,,,,,,,,US,Louisiana,West Baton Rouge,,,,,,,,,,,,,,,,,,,,,,,,,,,,,,,,,,,,,,,,,,,,,,,,,,,,,,1212,,,,,,,,Raphanus raphanistrum L.,,,,,,,Plantae|Spermatophyta|Tracheophyta|Magnoliophyta|Eudicots|Core Eudicots|Malvids|Rosids|Brassicales|Brassicaceae|Raphanus,Plantae,Tracheophyta,Magnoliopsida,Brassicales,,Brassicaceae,,,,Raphanus,Raphanus,,,raphanistrum,,,SPECIES,,,,ACCEPTED,,,1edd3c3f-cfd7-4fd5-bfba-2c67737a17ba,US,2026-01-06T19:27:15.125Z,,,,,,TAXON_ID_NOT_FOUND;INSTITUTION_MATCH_FUZZY,,,StillImage,false,false,3040983,3040983,6,7707728,220,7225535,3112,3040962,,3040983,Raphanus raphanistrum,Raphanus raphanistrum L.,Raphanus raphanistrum,,DWC_ARCHIVE,2026-01-06T19:27:15.125Z,2026-01-06T19:18:23.682Z,,false,,,false,NORTH_AMERICA,NORTH_AMERICA,,,,,,,,,
1989996120,,,en,CC0_1_0,2025-06-28T00:20:08Z,,https://sernecportal.org/portal/collections/individual/index.php?occid=12860728,,,,565b6f19-288f-4614-a4c9-b09448e96547,,TENN,,,,PRESERVED_SPECIMEN,,,,5bddd660-cf5d-406a-ba90-d392db321e19,TENN-V-0105398,,,,,,,,,,,,,,,,,PRESENT,,,,,,,,,,,,,,,,,,,,,,,,,,,,,,,,,,,,,,,,,,,,,US,Louisiana,Winn,,,,,,,,,,,,,,,,,,,,,,,,,,,,,,,,,,,,,,,,,,,,,,,,,,,,,,1212,,,,,,,,Raphanus raphanistrum L.,,,,,,,Plantae|Spermatophyta|Tracheophyta|Magnoliophyta|Eudicots|Core Eudicots|Malvids|Rosids|Brassicales|Brassicaceae|Raphanus,Plantae,Tracheophyta,Magnoliopsida,Brassicales,,Brassicaceae,,,,Raphanus,Raphanus,,,raphanistrum,,,SPECIES,,,,ACCEPTED,,,1edd3c3f-cfd7-4fd5-bfba-2c67737a17ba,US,2026-01-06T19:27:14.921Z,,,,,,TAXON_ID_NOT_FOUND;INSTITUTION_MATCH_FUZZY,,,StillImage,false,false,3040983,3040983,6,7707728,220,7225535,3112,3040962,,3040983,Raphanus raphanistrum,Raphanus raphanistrum L.,Raphanus raphanistrum,,DWC_ARCHIVE,2026-01-06T19:27:14.921Z,2026-01-06T19:18:23.682Z,,false,,,false,NORTH_AMERICA,NORTH_AMERICA,,,,,,,,,
1989996195,,,en,CC0_1_0,2025-04-23T02:12:04Z,,https://sernecportal.org/portal/collections/individual/index.php?occid=12860735,,,,565b6f19-288f-4614-a4c9-b09448e96547,,TENN,,,,PRESERVED_SPECIMEN,,,,52e8972f-2026-48be-88fd-32a24bee8e04,TENN-V-0105403,,,,,,,,,,,,,,,,,PRESENT,,,,,,,,,,,,,,,,,,,,,,,,,,,,,,,,,,,,,,,,,,,,,US,Louisiana,Ouachita,,,,,,,,,,,,,,,,,,,,,,,,,,,,,,,,,,,,,,,,,,,,,,,,,,,,,,1213,,,,,,,,Raphanus sativus L.,,,,,,,Plantae|Spermatophyta|Tracheophyta|Magnoliophyta|Eudicots|Core Eudicots|Malvids|Rosids|Brassicales|Brassicaceae|Raphanus,Plantae,Tracheophyta,Magnoliopsida,Brassicales,,Brassicaceae,,,,Raphanus,Raphanus,,,sativus,,,SPECIES,,,,ACCEPTED,,,1edd3c3f-cfd7-4fd5-bfba-2c67737a17ba,US,2026-01-06T19:27:15.874Z,,,,,,TAXON_ID_NOT_FOUND;INSTITUTION_MATCH_FUZZY,,,StillImage,false,false,7678610,7678610,6,7707728,220,7225535,3112,3040962,,7678610,Raphanus sativus,Raphanus sativus L.,Raphanus sativus,,DWC_ARCHIVE,2026-01-06T19:27:15.874Z,2026-01-06T19:18:23.682Z,,false,,,false,NORTH_AMERICA,NORTH_AMERICA,,,,,,,,,
1844406906,,,en,CC0_1_0,2025-06-28T00:20:08Z,,https://sernecportal.org/portal/collections/individual/index.php?occid=14412633,,,,2bed6ae5-afde-45bb-95a9-c4918414f02d,,BOON,,,,PRESERVED_SPECIMEN,,,,9890b6bd-30cc-4d6c-9564-4d74105ea4a2,012750,,,,,,,,,,,,,,,,,PRESENT,,,,,,,,,,,,,,,,,,,,,,,,,,,,,,,,,,,,,,,,,,,,,US,Louisiana,Richland,,,,,,,,,,,,,,,,,,,,,,,,,,,,,,,,,,,,,,,,,,,,,,,,,,,,,,1212,,,,,,,,Raphanus raphanistrum L.,,,,,,,Plantae|Spermatophyta|Tracheophyta|Magnoliophyta|Eudicots|Core Eudicots|Malvids|Rosids|Brassicales|Brassicaceae|Raphanus,Plantae,Tracheophyta,Magnoliopsida,Brassicales,,Brassicaceae,,,,Raphanus,Raphanus,,,raphanistrum,,,SPECIES,,,,ACCEPTED,,,7d9be62e-5c69-4537-8559-a851e16118f0,US,2026-01-13T21:17:10.629Z,,,,,,TAXON_ID_NOT_FOUND;INSTITUTION_MATCH_FUZZY,,,,false,false,3040983,3040983,6,7707728,220,7225535,3112,3040962,,3040983,Raphanus raphanistrum,Raphanus raphanistrum L.,Raphanus raphanistrum,,DWC_ARCHIVE,2026-01-13T21:17:10.629Z,2026-01-13T21:16:44.091Z,,false,,,false,NORTH_AMERICA,NORTH_AMERICA,,,,,,,,,
3709880699,,,,CC_BY_NC_4_0,2025-06-28T00:20:08Z,,https://sernecportal.org/portal/collections/individual/index.php?occid=19872666,,,,urn:lsid:biocol.org:col:15610,,GA,,,,PRESERVED_SPECIMEN,,,,2b7b97a2-c787-4a2a-b842-825972ce9d08,GA152698,,,,,,,,,,,,,,,,,PRESENT,,,,,,,,,,,,,,,,,,,,,,,,,,,,,,,,,,,,,,,,,,,,,US,Louisiana,Ouachita Parish,,"Ouachita Parish, LA",,,,,,,,,,,,,,,,,,,,,,,,,,,,,,,,,,,,,,,,,,,,,,,,,,,,1212,,,,,,,,Raphanus raphanistrum L.,,,,,,,Plantae|Spermatophyta|Tracheophyta|Magnoliophyta|Eudicots|Core Eudicots|Malvids|Rosids|Brassicales|Brassicaceae|Raphanus,Plantae,Tracheophyta,Magnoliopsida,Brassicales,,Brassicaceae,,,,Raphanus,Raphanus,,,raphanistrum,,,SPECIES,,,,ACCEPTED,,,648e3756-5dff-462b-9323-41e3214d9c3c,US,2026-01-13T22:33:38.213Z,,,,,,TAXON_ID_NOT_FOUND;INSTITUTION_MATCH_FUZZY,,,StillImage,false,false,3040983,3040983,6,7707728,220,7225535,3112,3040962,,3040983,Raphanus raphanistrum,Raphanus raphanistrum L.,Raphanus raphanistrum,,DWC_ARCHIVE,2026-01-13T22:33:38.213Z,2026-01-13T22:24:28.456Z,,false,,,false,NORTH_AMERICA,NORTH_AMERICA,,,,,,,,,
3710022822,,,,CC_BY_NC_4_0,2025-06-28T00:20:08Z,,https://sernecportal.org/portal/collections/individual/index.php?occid=19874382,,,,urn:lsid:biocol.org:col:15610,,GA,,,,PRESERVED_SPECIMEN,,,,9620c3b9-ad27-4339-93d7-9c8d0a8d3d48,GA152693,,,,,,,,,,,,,,,,,PRESENT,,,,,,,,,,,,,,,,,,,,,,,,,,,,,,,,,,,,,,,,,,,,,US,Louisiana,Bossier Parish,,"Bossier Parish, LA",,,,,,,,,,,,,,,,,,,,,,,,,,,,,,,,,,,,,,,,,,,,,,,,,,,,1212,,,,,,,,Raphanus raphanistrum L.,,,,,,,Plantae|Spermatophyta|Tracheophyta|Magnoliophyta|Eudicots|Core Eudicots|Malvids|Rosids|Brassicales|Brassicaceae|Raphanus,Plantae,Tracheophyta,Magnoliopsida,Brassicales,,Brassicaceae,,,,Raphanus,Raphanus,,,raphanistrum,,,SPECIES,,,,ACCEPTED,,,648e3756-5dff-462b-9323-41e3214d9c3c,US,2026-01-13T22:33:35.418Z,,,,,,TAXON_ID_NOT_FOUND;INSTITUTION_MATCH_FUZZY,,,StillImage,false,false,3040983,3040983,6,7707728,220,7225535,3112,3040962,,3040983,Raphanus raphanistrum,Raphanus raphanistrum L.,Raphanus raphanistrum,,DWC_ARCHIVE,2026-01-13T22:33:35.418Z,2026-01-13T22:24:28.456Z,,false,,,false,NORTH_AMERICA,NORTH_AMERICA,,,,,,,,,
3925841158,,,,CC_BY_4_0,2025-05-05T12:57:25Z,,https://sernecportal.org/portal/collections/individual/index.php?occid=20514183,,,,4b4dd71f-d42c-4af9-837d-0a353ad73aa9,,MISS,,,,PRESERVED_SPECIMEN,,,,71e52be7-3d71-4523-a63c-c4a8e2a7776e,MISS0074822,2574,W.C. Holmes,,,,,,,,,,,,,,,PRESENT,,,,,,,81970,Flowers yellow,,,,,,,,,,,,,,,1976-03-31,,91,91,1976,3,31,,,,,,,,,,,,,,,,US,Louisiana,Natchitoches,,Red Dirt Game Mgt. Area; Kistachie Nat. Forest; ca 1 mi from Montrose exit on main road,,,,,,,,,,,,,,,,,,,,,,,,,,,,,,,,,,,,,,,,,,,,,,,,,,,,1212,,,,,,,,Raphanus raphanistrum L.,,,,,,,Plantae|Spermatophyta|Tracheophyta|Magnoliophyta|Eudicots|Core Eudicots|Malvids|Rosids|Brassicales|Brassicaceae|Raphanus,Plantae,Tracheophyta,Magnoliopsida,Brassicales,,Brassicaceae,,,,Raphanus,Raphanus,,,raphanistrum,,,SPECIES,,,,ACCEPTED,,,93ec984b-d117-4092-814c-1202a8532b7f,US,2026-01-06T19:12:23.900Z,,,,,,TAXON_ID_NOT_FOUND;AMBIGUOUS_INSTITUTION,,,StillImage,false,false,3040983,3040983,6,7707728,220,7225535,3112,3040962,,3040983,Raphanus raphanistrum,Raphanus raphanistrum L.,Raphanus raphanistrum,,DWC_ARCHIVE,2026-01-06T19:12:23.900Z,2026-01-06T19:11:41.542Z,,false,,,false,NORTH_AMERICA,NORTH_AMERICA,,,,,,,,,
3695177037,,,,CC0_1_0,2025-04-23T02:12:04Z,,https://sernecportal.org/portal/collections/individual/index.php?occid=21267467,,,,192ef3f0-8d79-4e7b-aaad-d2430f07e6cd,,UAM,,,,PRESERVED_SPECIMEN,,,,6d8bf0b8-06b8-47f5-8a85-e1c63315af54,UAM010151,"103,420",R. Dale Thomas,,,,,,,,,,,,,,,PRESENT,,,,,,,,,,,,,,,,,,,,,,,1988-02-16,,47,47,1988,2,16,1988-2-16,,,,,,,,,,,,,,,US,Louisiana,Richland,,,,,,,,,,,,,,,,,,,,,,,,,,,,,,,,,,,,,,,,,,,,,,,,,,,,,,1212,,,,,,,,Raphanus raphanistrum L.,,,,,,,Plantae|Spermatophyta|Tracheophyta|Magnoliophyta|Eudicots|Core Eudicots|Malvids|Rosids|Brassicales|Brassicaceae|Raphanus,Plantae,Tracheophyta,Magnoliopsida,Brassicales,,Brassicaceae,,,,Raphanus,Raphanus,,,raphanistrum,,,SPECIES,,,,ACCEPTED,,,cca05dd0-9f88-4d0a-b90a-d3f8f3a3f367,US,2026-01-13T22:25:28.023Z,,,,,,TAXON_ID_NOT_FOUND;AMBIGUOUS_INSTITUTION,,,StillImage,false,false,3040983,3040983,6,7707728,220,7225535,3112,3040962,,3040983,Raphanus raphanistrum,Raphanus raphanistrum L.,Raphanus raphanistrum,,DWC_ARCHIVE,2026-01-13T22:25:28.023Z,2026-01-13T22:24:47.499Z,,false,,,false,NORTH_AMERICA,NORTH_AMERICA,,,,,,,,,
3470026702,,,,CC0_1_0,2025-04-23T02:12:04Z,,https://sernecportal.org/portal/collections/individual/index.php?occid=27568911,,,,fe609977-5b39-49c5-905a-32ca83233244,,LSU,Vascular Plants,,LSU(NLU),PRESERVED_SPECIMEN,,,,bab2da3f-2bf3-40a7-a8cf-5c067cd60307,LSU00215938,83076,R. Dale Thomas,,,,,,,,,,,,,,,PRESENT,,,,,,,LSU Accession #: 267359,[needs image],,,,,,,,,,,,,,,1983-04-17,,107,107,1983,4,17,,,,,,,,,,,,,,,,US,Louisiana,Caddo,,,,,,,,,,,,,,,,,,,,,,,,,,,,,,,,,,,,,,,,,,,,,,,,,,,,,,1212,,,,,,,,Raphanus raphanistrum L.,,,,,,,Plantae|Spermatophyta|Tracheophyta|Magnoliophyta|Eudicots|Core Eudicots|Malvids|Rosids|Brassicales|Brassicaceae|Raphanus,Plantae,Tracheophyta,Magnoliopsida,Brassicales,,Brassicaceae,,,,Raphanus,Raphanus,,,raphanistrum,,,SPECIES,,,,ACCEPTED,,,56e9c560-bd2a-11dd-b15e-b8a03c50a862,US,2026-01-13T21:49:45.843Z,,,,,,TAXON_ID_NOT_FOUND;AMBIGUOUS_INSTITUTION,,,StillImage,false,false,3040983,3040983,6,7707728,220,7225535,3112,3040962,,3040983,Raphanus raphanistrum,Raphanus raphanistrum L.,Raphanus raphanistrum,,DWC_ARCHIVE,2026-01-13T21:49:45.843Z,2026-01-13T21:39:13.170Z,,false,,,false,NORTH_AMERICA,NORTH_AMERICA,,,,,,,,,
4102337536,,,,CC0_1_0,2025-06-28T00:20:08Z,,https://sernecportal.org/portal/collections/individual/index.php?occid=30575542,Botanical Research Institute of Texas,,,b198a10f-39d3-44ac-be3f-c617646b5eb2,,BRIT,NLU,,,PRESERVED_SPECIMEN,,,,464d5809-580c-4113-bf57-a244dac316b1,NLU0445554,,,,,,,,,,,,,,,,,PRESENT,,,,,,,,,,,,,,,,,,,,,,,,,,,,,,,,,,,,,,,,,,,,,US,Louisiana,,,,,,,,,,,,,,,,,,,,,,,,,,,,,,,,,,,,,,,,,,,,,,,,,,,,,,,1212,,,,,,,,Raphanus raphanistrum L.,,,,,,,Plantae|Spermatophyta|Tracheophyta|Magnoliophyta|Eudicots|Core Eudicots|Malvids|Rosids|Brassicales|Brassicaceae|Raphanus,Plantae,Tracheophyta,Magnoliopsida,Brassicales,,Brassicaceae,,,,Raphanus,Raphanus,,,raphanistrum,,,SPECIES,,,,ACCEPTED,,,bb0366a9-2a7e-44f8-9c9a-e49c23dae2f8,US,2026-01-07T15:35:47.329Z,,,,,,TAXON_ID_NOT_FOUND;INSTITUTION_MATCH_FUZZY,,,,false,false,3040983,3040983,6,7707728,220,7225535,3112,3040962,,3040983,Raphanus raphanistrum,Raphanus raphanistrum L.,Raphanus raphanistrum,,DWC_ARCHIVE,2026-01-07T15:35:47.329Z,2026-01-07T15:26:37.060Z,,false,,,false,NORTH_AMERICA,NORTH_AMERICA,,,,,,,,,
1269676836,,,,CC0_1_0,2003-01-08T12:00:00Z,,https://sernecportal.org/portal/collections/individual/index.php?occid=5702980,,,,fe609977-5b39-49c5-905a-32ca83233244,,LSU,Vascular Plants,,,PRESERVED_SPECIMEN,,,,41015386-27a5-11e3-8d47-005056be0003,LSU00053709,s.n.,Americus Featherman,,,,,,,,,,,,,,,PRESENT,,,,,,,LSU Accession #: 7590,,,,,,,,,,,,,,,,,,,,,,,,Cultivated.,,,,,,,,,,,,,,US,Louisiana,,,Probably Louisiana.,,,,,,,,,,,,,,,,,,,,,,,,,,,,,,,,,,,,,,,,,,,,,,,,,,,,1213,,,,,,,,Raphanus sativus L.,,,,,,,Plantae|Spermatophyta|Tracheophyta|Magnoliophyta|Eudicots|Core Eudicots|Malvids|Rosids|Brassicales|Brassicaceae|Raphanus,Plantae,Tracheophyta,Magnoliopsida,Brassicales,,Brassicaceae,,,,Raphanus,Raphanus,,,sativus,,,SPECIES,,,,ACCEPTED,,cultivated radish,56e9c560-bd2a-11dd-b15e-b8a03c50a862,US,2026-01-13T21:49:42.346Z,,,,,,TAXON_ID_NOT_FOUND;AMBIGUOUS_INSTITUTION,,,StillImage,false,false,7678610,7678610,6,7707728,220,7225535,3112,3040962,,7678610,Raphanus sativus,Raphanus sativus L.,Raphanus sativus,,DWC_ARCHIVE,2026-01-13T21:49:42.346Z,2026-01-13T21:39:13.170Z,,false,,,false,NORTH_AMERICA,NORTH_AMERICA,,,,,,,,,
1269721852,,,,CC0_1_0,2008-01-24T03:36:27Z,,https://sernecportal.org/portal/collections/individual/index.php?occid=5747952,,,,fe609977-5b39-49c5-905a-32ca83233244,,LSU,Vascular Plants,,,PRESERVED_SPECIMEN,,,,48fbf0be-27a5-11e3-8d47-005056be0003,LSU00114378,45,Clay Bryant; P. Stinson; G. Melancon,,,,,,,,,,,,,,,PRESENT,,,,,,,LSU Accession #: 134439,,,,,,,,,,,,,,,,1995-04-07,,97,97,1995,4,7,1995-4-7,,,,,,,,,,,,,,,US,Louisiana,Cameron,,"Rockefeller State Wildlife Refuge and Game Preserve; Found at end of road, Rockefeller Refuge Laboratory Compound.; Rockefeller Wildlife Refuge",,,,,,,,,,,,,,,,,,,,,,,,,,,,,,,,,,,,,,,,,,,,,,,,,,,,1212,,,,,,,,Raphanus raphanistrum L.,,,,,,,Plantae|Spermatophyta|Tracheophyta|Magnoliophyta|Eudicots|Core Eudicots|Malvids|Rosids|Brassicales|Brassicaceae|Raphanus,Plantae,Tracheophyta,Magnoliopsida,Brassicales,,Brassicaceae,,,,Raphanus,Raphanus,,,raphanistrum,,,SPECIES,,,,ACCEPTED,,wild radish,56e9c560-bd2a-11dd-b15e-b8a03c50a862,US,2026-01-13T21:49:39.975Z,,,,,,TAXON_ID_NOT_FOUND;AMBIGUOUS_INSTITUTION,,,StillImage,false,false,3040983,3040983,6,7707728,220,7225535,3112,3040962,,3040983,Raphanus raphanistrum,Raphanus raphanistrum L.,Raphanus raphanistrum,,DWC_ARCHIVE,2026-01-13T21:49:39.975Z,2026-01-13T21:39:13.170Z,,false,,,false,NORTH_AMERICA,NORTH_AMERICA,,,,,,,,,
2273379286,,,en,CC_BY_NC_4_0,2025-06-28T00:20:08Z,,https://sernecportal.org/portal/collections/individual/index.php?occid=6785637,,,,daf7f698-000a-4721-8e61-df3ef5577497,,WCUH,,,,PRESERVED_SPECIMEN,,,,4fce5060-de47-4f31-a940-69939dee1f3d,WCUH0007486,,,,,,,,,,,,,,,,,PRESENT,,,,,,,,,,,,,,,,,,,,,,,,,,,,,,,,,,,,,,,,,,,,,US,Louisiana,Richland,,,,,,,,,,,,,,,,,,,,,,,,,,,,,,,,,,,,,,,,,,,,,,,,,,,,,,1212,,,,,,,,Raphanus raphanistrum L.,,,,,,,Plantae|Spermatophyta|Tracheophyta|Magnoliophyta|Eudicots|Core Eudicots|Malvids|Rosids|Brassicales|Brassicaceae|Raphanus,Plantae,Tracheophyta,Magnoliopsida,Brassicales,,Brassicaceae,,,,Raphanus,Raphanus,,,raphanistrum,,,SPECIES,,,,ACCEPTED,,,a8e22479-28d2-4a8a-ae1c-2d40d80c1f9a,US,2026-01-13T20:52:46.403Z,,,,,,TAXON_ID_NOT_FOUND;INSTITUTION_MATCH_FUZZY,,,StillImage,false,false,3040983,3040983,6,7707728,220,7225535,3112,3040962,,3040983,Raphanus raphanistrum,Raphanus raphanistrum L.,Raphanus raphanistrum,,DWC_ARCHIVE,2026-01-13T20:52:46.403Z,2026-01-13T20:52:18.694Z,,false,,,false,NORTH_AMERICA,NORTH_AMERICA,,,,,,,,,
4102035528,,,,CC0_1_0,2025-04-23T02:12:04Z,,https://sernecportal.org/portal/collections/individual/index.php?occid=8914289,Botanical Research Institute of Texas,,,b198a10f-39d3-44ac-be3f-c617646b5eb2,,BRIT,NLU,,,PRESERVED_SPECIMEN,,,,ec705eb1-c175-4304-9b45-6363ad26e46d,NLU0110202,,,,,,,,,,,,,,,,,PRESENT,,,,,,,,,,,,,,,,,,,,,,,,,,,,,,,,,,,,,,,,,,,,,US,Louisiana,,,,,,,,,,,,,,,,,,,,,,,,,,,,,,,,,,,,,,,,,,,,,,,,,,,,,,,1213,,,,,,,,Raphanus sativus L.,,,,,,,Plantae|Spermatophyta|Tracheophyta|Magnoliophyta|Eudicots|Core Eudicots|Malvids|Rosids|Brassicales|Brassicaceae|Raphanus,Plantae,Tracheophyta,Magnoliopsida,Brassicales,,Brassicaceae,,,,Raphanus,Raphanus,,,sativus,,,SPECIES,,,,ACCEPTED,,,bb0366a9-2a7e-44f8-9c9a-e49c23dae2f8,US,2026-01-07T15:35:50.001Z,,,,,,TAXON_ID_NOT_FOUND;INSTITUTION_MATCH_FUZZY,,,StillImage,false,false,7678610,7678610,6,7707728,220,7225535,3112,3040962,,7678610,Raphanus sativus,Raphanus sativus L.,Raphanus sativus,,DWC_ARCHIVE,2026-01-07T15:35:50.001Z,2026-01-07T15:26:37.060Z,,false,,,false,NORTH_AMERICA,NORTH_AMERICA,,,,,,,,,
4101886525,,,,CC0_1_0,2025-04-23T02:12:04Z,,https://sernecportal.org/portal/collections/individual/index.php?occid=8914290,Botanical Research Institute of Texas,,,b198a10f-39d3-44ac-be3f-c617646b5eb2,,BRIT,NLU,,,PRESERVED_SPECIMEN,,,,90c3db99-17b4-4617-88d6-fba839d3a0a9,NLU0110203,,,,,,,,,,,,,,,,,PRESENT,,,,,,,,,,,,,,,,,,,,,,,,,,,,,,,,,,,,,,,,,,,,,US,Louisiana,,,,,,,,,,,,,,,,,,,,,,,,,,,,,,,,,,,,,,,,,,,,,,,,,,,,,,,1212,,,,,,,,Raphanus raphanistrum L.,,,,,,,Plantae|Spermatophyta|Tracheophyta|Magnoliophyta|Eudicots|Core Eudicots|Malvids|Rosids|Brassicales|Brassicaceae|Raphanus,Plantae,Tracheophyta,Magnoliopsida,Brassicales,,Brassicaceae,,,,Raphanus,Raphanus,,,raphanistrum,,,SPECIES,,,,ACCEPTED,,,bb0366a9-2a7e-44f8-9c9a-e49c23dae2f8,US,2026-01-07T15:35:45.496Z,,,,,,TAXON_ID_NOT_FOUND;INSTITUTION_MATCH_FUZZY,,,StillImage,false,false,3040983,3040983,6,7707728,220,7225535,3112,3040962,,3040983,Raphanus raphanistrum,Raphanus raphanistrum L.,Raphanus raphanistrum,,DWC_ARCHIVE,2026-01-07T15:35:45.496Z,2026-01-07T15:26:37.060Z,,false,,,false,NORTH_AMERICA,NORTH_AMERICA,,,,,,,,,
3469839029,,,,CC0_1_0,2025-04-23T02:12:04Z,,https://sernecportal.org/portal/collections/individual/index.php?occid=8914291,,,,fe609977-5b39-49c5-905a-32ca83233244,,LSU,Vascular Plants,,LSU(NLU),PRESERVED_SPECIMEN,,,,02492836-e569-47b3-8678-38540c293f4e,NLU0110204,72,Roselie Overby,,,,,,,,,,,,,,,PRESENT,,,,,,,LSU Accession #: 225508,,,,,,,,,,,,,,,,1968-04-15,,106,106,1968,4,15,,,,,,,,,,,,,,,,US,Louisiana,West Carroll,,,,,,,,,,,,,,,,,,,,,,,,,,,,,,,,,,,,,,,,,,,,,,,,,,,,,,1213,,,,,,,,Raphanus sativus L.,,,,,,,Plantae|Spermatophyta|Tracheophyta|Magnoliophyta|Eudicots|Core Eudicots|Malvids|Rosids|Brassicales|Brassicaceae|Raphanus,Plantae,Tracheophyta,Magnoliopsida,Brassicales,,Brassicaceae,,,,Raphanus,Raphanus,,,sativus,,,SPECIES,,,,ACCEPTED,,,56e9c560-bd2a-11dd-b15e-b8a03c50a862,US,2026-01-13T21:49:41.101Z,,,,,,TAXON_ID_NOT_FOUND;AMBIGUOUS_INSTITUTION,,,StillImage,false,false,7678610,7678610,6,7707728,220,7225535,3112,3040962,,7678610,Raphanus sativus,Raphanus sativus L.,Raphanus sativus,,DWC_ARCHIVE,2026-01-13T21:49:41.101Z,2026-01-13T21:39:13.170Z,,false,,,false,NORTH_AMERICA,NORTH_AMERICA,,,,,,,,,
3469933057,,,,CC0_1_0,2025-04-23T02:12:04Z,,https://sernecportal.org/portal/collections/individual/index.php?occid=8914293,,,,fe609977-5b39-49c5-905a-32ca83233244,,LSU,Vascular Plants,,LSU(NLU),PRESERVED_SPECIMEN,,,,374a84e5-fa8d-4732-ae85-858a88fcfa27,NLU0110206,57205,R. Dale Thomas,,,,,,,,,,,,,,,PRESENT,,,,,,,LSU Accession #: 225506,,,,,,,,,,,,,,,,1978-04-04,,94,94,1978,4,4,,,,,,,,,,,,,,,,US,Louisiana,Richland,,,,,,,,,,,,,,,,,,,,,,,,,,,,,,,,,,,,,,,,,,,,,,,,,,,,,,1213,,,,,,,,Raphanus sativus L.,,,,,,,Plantae|Spermatophyta|Tracheophyta|Magnoliophyta|Eudicots|Core Eudicots|Malvids|Rosids|Brassicales|Brassicaceae|Raphanus,Plantae,Tracheophyta,Magnoliopsida,Brassicales,,Brassicaceae,,,,Raphanus,Raphanus,,,sativus,,,SPECIES,,,,ACCEPTED,,,56e9c560-bd2a-11dd-b15e-b8a03c50a862,US,2026-01-13T21:49:41.229Z,,,,,,TAXON_ID_NOT_FOUND;AMBIGUOUS_INSTITUTION,,,StillImage,false,false,7678610,7678610,6,7707728,220,7225535,3112,3040962,,7678610,Raphanus sativus,Raphanus sativus L.,Raphanus sativus,,DWC_ARCHIVE,2026-01-13T21:49:41.229Z,2026-01-13T21:39:13.170Z,,false,,,false,NORTH_AMERICA,NORTH_AMERICA,,,,,,,,,
3469936050,,,,CC0_1_0,2025-04-23T02:12:04Z,,https://sernecportal.org/portal/collections/individual/index.php?occid=8914294,,,,fe609977-5b39-49c5-905a-32ca83233244,,LSU,Vascular Plants,,LSU(NLU),PRESERVED_SPECIMEN,,,,37583003-7fd7-49ce-a87e-301981904d0d,NLU0110207,6690,R. Dale Thomas,,,,,,,,,,,,,,,PRESENT,,,,,,,LSU Accession #: 225505,,,,,,,,,,,,,,,,1968-04-01,,92,92,1968,4,1,,,,,,,,,,,,,,,,US,Louisiana,Ouachita,,,,,,,,,,,,,,,,,,,,,,,,,,,,,,,,,,,,,,,,,,,,,,,,,,,,,,1213,,,,,,,,Raphanus sativus L.,,,,,,,Plantae|Spermatophyta|Tracheophyta|Magnoliophyta|Eudicots|Core Eudicots|Malvids|Rosids|Brassicales|Brassicaceae|Raphanus,Plantae,Tracheophyta,Magnoliopsida,Brassicales,,Brassicaceae,,,,Raphanus,Raphanus,,,sativus,,,SPECIES,,,,ACCEPTED,,,56e9c560-bd2a-11dd-b15e-b8a03c50a862,US,2026-01-13T21:49:41.028Z,,,,,,TAXON_ID_NOT_FOUND;AMBIGUOUS_INSTITUTION,,,StillImage,false,false,7678610,7678610,6,7707728,220,7225535,3112,3040962,,7678610,Raphanus sativus,Raphanus sativus L.,Raphanus sativus,,DWC_ARCHIVE,2026-01-13T21:49:41.028Z,2026-01-13T21:39:13.170Z,,false,,,false,NORTH_AMERICA,NORTH_AMERICA,,,,,,,,,
4102367461,,,,CC0_1_0,2025-04-23T02:12:04Z,,https://sernecportal.org/portal/collections/individual/index.php?occid=8914295,Botanical Research Institute of Texas,,,b198a10f-39d3-44ac-be3f-c617646b5eb2,,BRIT,NLU,,,PRESERVED_SPECIMEN,,,,954acabc-2b50-4472-838a-ea9c65ac480f,NLU0110208,,,,,,,,,,,,,,,,,PRESENT,,,,,,,,,,,,,,,,,,,,,,,,,,,,,,,,,,,,,,,,,,,,,US,Louisiana,,,,,,,,,,,,,,,,,,,,,,,,,,,,,,,,,,,,,,,,,,,,,,,,,,,,,,,1213,,,,,,,,Raphanus sativus L.,,,,,,,Plantae|Spermatophyta|Tracheophyta|Magnoliophyta|Eudicots|Core Eudicots|Malvids|Rosids|Brassicales|Brassicaceae|Raphanus,Plantae,Tracheophyta,Magnoliopsida,Brassicales,,Brassicaceae,,,,Raphanus,Raphanus,,,sativus,,,SPECIES,,,,ACCEPTED,,,bb0366a9-2a7e-44f8-9c9a-e49c23dae2f8,US,2026-01-07T15:35:45.557Z,,,,,,TAXON_ID_NOT_FOUND;INSTITUTION_MATCH_FUZZY,,,StillImage,false,false,7678610,7678610,6,7707728,220,7225535,3112,3040962,,7678610,Raphanus sativus,Raphanus sativus L.,Raphanus sativus,,DWC_ARCHIVE,2026-01-07T15:35:45.557Z,2026-01-07T15:26:37.060Z,,false,,,false,NORTH_AMERICA,NORTH_AMERICA,,,,,,,,,
4102209472,,,,CC0_1_0,2025-04-23T02:12:04Z,,https://sernecportal.org/portal/collections/individual/index.php?occid=8914296,Botanical Research Institute of Texas,,,b198a10f-39d3-44ac-be3f-c617646b5eb2,,BRIT,NLU,,,PRESERVED_SPECIMEN,,,,ec998e15-3fa5-41d1-92fd-c52ae6206770,NLU0110209,,,,,,,,,,,,,,,,,PRESENT,,,,,,,,,,,,,,,,,,,,,,,,,,,,,,,,,,,,,,,,,,,,,US,Louisiana,,,,,,,,,,,,,,,,,,,,,,,,,,,,,,,,,,,,,,,,,,,,,,,,,,,,,,,1213,,,,,,,,Raphanus sativus L.,,,,,,,Plantae|Spermatophyta|Tracheophyta|Magnoliophyta|Eudicots|Core Eudicots|Malvids|Rosids|Brassicales|Brassicaceae|Raphanus,Plantae,Tracheophyta,Magnoliopsida,Brassicales,,Brassicaceae,,,,Raphanus,Raphanus,,,sativus,,,SPECIES,,,,ACCEPTED,,,bb0366a9-2a7e-44f8-9c9a-e49c23dae2f8,US,2026-01-07T15:35:45.392Z,,,,,,TAXON_ID_NOT_FOUND;INSTITUTION_MATCH_FUZZY,,,StillImage,false,false,7678610,7678610,6,7707728,220,7225535,3112,3040962,,7678610,Raphanus sativus,Raphanus sativus L.,Raphanus sativus,,DWC_ARCHIVE,2026-01-07T15:35:45.392Z,2026-01-07T15:26:37.060Z,,false,,,false,NORTH_AMERICA,NORTH_AMERICA,,,,,,,,,
4102218527,,,,CC0_1_0,2025-04-23T02:12:04Z,,https://sernecportal.org/portal/collections/individual/index.php?occid=8914297,Botanical Research Institute of Texas,,,b198a10f-39d3-44ac-be3f-c617646b5eb2,,BRIT,NLU,,,PRESERVED_SPECIMEN,,,,81c625da-ad16-4289-8cf4-ece7e66c9bd2,NLU0110210,,,,,,,,,,,,,,,,,PRESENT,,,,,,,,,,,,,,,,,,,,,,,,,,,,,,,,,,,,,,,,,,,,,US,Louisiana,,,,,,,,,,,,,,,,,,,,,,,,,,,,,,,,,,,,,,,,,,,,,,,,,,,,,,,1213,,,,,,,,Raphanus sativus L.,,,,,,,Plantae|Spermatophyta|Tracheophyta|Magnoliophyta|Eudicots|Core Eudicots|Malvids|Rosids|Brassicales|Brassicaceae|Raphanus,Plantae,Tracheophyta,Magnoliopsida,Brassicales,,Brassicaceae,,,,Raphanus,Raphanus,,,sativus,,,SPECIES,,,,ACCEPTED,,,bb0366a9-2a7e-44f8-9c9a-e49c23dae2f8,US,2026-01-07T15:35:45.811Z,,,,,,TAXON_ID_NOT_FOUND;INSTITUTION_MATCH_FUZZY,,,StillImage,false,false,7678610,7678610,6,7707728,220,7225535,3112,3040962,,7678610,Raphanus sativus,Raphanus sativus L.,Raphanus sativus,,DWC_ARCHIVE,2026-01-07T15:35:45.811Z,2026-01-07T15:26:37.060Z,,false,,,false,NORTH_AMERICA,NORTH_AMERICA,,,,,,,,,
3469938020,,,,CC0_1_0,2025-04-23T02:12:04Z,,https://sernecportal.org/portal/collections/individual/index.php?occid=8914298,,,,fe609977-5b39-49c5-905a-32ca83233244,,LSU,Vascular Plants,,LSU(NLU),PRESERVED_SPECIMEN,,,,9a1d3504-dc99-4fb6-9a11-87e90239103a,NLU0110211,28797,R. Dale Thomas,,,,,,,,,,,,,,,PRESENT,,,,,,,LSU Accession #: 266316,,,,,,,,,,,,,,,,1972-05-02,,123,123,1972,5,2,,,,,,,,,,,,,,,,US,Louisiana,Ouachita,,,,,,,,,,,,,,,,,,,,,,,,,,,,,,,,,,,,,,,,,,,,,,,,,,,,,,1213,,,,,,,,Raphanus sativus L.,,,,,,,Plantae|Spermatophyta|Tracheophyta|Magnoliophyta|Eudicots|Core Eudicots|Malvids|Rosids|Brassicales|Brassicaceae|Raphanus,Plantae,Tracheophyta,Magnoliopsida,Brassicales,,Brassicaceae,,,,Raphanus,Raphanus,,,sativus,,,SPECIES,,,,ACCEPTED,,,56e9c560-bd2a-11dd-b15e-b8a03c50a862,US,2026-01-13T21:49:40.285Z,,,,,,TAXON_ID_NOT_FOUND;AMBIGUOUS_INSTITUTION,,,StillImage,false,false,7678610,7678610,6,7707728,220,7225535,3112,3040962,,7678610,Raphanus sativus,Raphanus sativus L.,Raphanus sativus,,DWC_ARCHIVE,2026-01-13T21:49:40.285Z,2026-01-13T21:39:13.170Z,,false,,,false,NORTH_AMERICA,NORTH_AMERICA,,,,,,,,,
4102035529,,,,CC0_1_0,2025-04-23T02:12:04Z,,https://sernecportal.org/portal/collections/individual/index.php?occid=8914300,Botanical Research Institute of Texas,,,b198a10f-39d3-44ac-be3f-c617646b5eb2,,BRIT,NLU,,,PRESERVED_SPECIMEN,,,,154c3773-c684-452b-baed-2b32689c1b13,NLU0110213,,,,,,,,,,,,,,,,,PRESENT,,,,,,,,,,,,,,,,,,,,,,,,,,,,,,,,,,,,,,,,,,,,,US,Louisiana,,,,,,,,,,,,,,,,,,,,,,,,,,,,,,,,,,,,,,,,,,,,,,,,,,,,,,,1212,,,,,,,,Raphanus raphanistrum L.,,,,,,,Plantae|Spermatophyta|Tracheophyta|Magnoliophyta|Eudicots|Core Eudicots|Malvids|Rosids|Brassicales|Brassicaceae|Raphanus,Plantae,Tracheophyta,Magnoliopsida,Brassicales,,Brassicaceae,,,,Raphanus,Raphanus,,,raphanistrum,,,SPECIES,,,,ACCEPTED,,,bb0366a9-2a7e-44f8-9c9a-e49c23dae2f8,US,2026-01-07T15:35:47.823Z,,,,,,TAXON_ID_NOT_FOUND;INSTITUTION_MATCH_FUZZY,,,StillImage,false,false,3040983,3040983,6,7707728,220,7225535,3112,3040962,,3040983,Raphanus raphanistrum,Raphanus raphanistrum L.,Raphanus raphanistrum,,DWC_ARCHIVE,2026-01-07T15:35:47.823Z,2026-01-07T15:26:37.060Z,,false,,,false,NORTH_AMERICA,NORTH_AMERICA,,,,,,,,,
3469933058,,,,CC0_1_0,2025-04-23T02:12:04Z,,https://sernecportal.org/portal/collections/individual/index.php?occid=8914301,,,,fe609977-5b39-49c5-905a-32ca83233244,,LSU,Vascular Plants,,LSU(NLU),PRESERVED_SPECIMEN,,,,7fe89466-708f-4929-97c6-036e1d5d3192,NLU0110214,70402,R. Dale Thomas,,,,,,,,,,,,,,,PRESENT,,,,,,,LSU Accession #: 225387,,,,,,,,,,,,,,,,1980-03-31,,91,91,1980,3,31,,,,,,,,,,,,,,,,US,Louisiana,Ouachita,,,,,,,,,,,,,,,,,,,,,,,,,,,,,,,,,,,,,,,,,,,,,,,,unknown,,,,,,1212,,,,,,,,Raphanus raphanistrum L.,,,,,,,Plantae|Spermatophyta|Tracheophyta|Magnoliophyta|Eudicots|Core Eudicots|Malvids|Rosids|Brassicales|Brassicaceae|Raphanus,Plantae,Tracheophyta,Magnoliopsida,Brassicales,,Brassicaceae,,,,Raphanus,Raphanus,,,raphanistrum,,,SPECIES,,,,ACCEPTED,,,56e9c560-bd2a-11dd-b15e-b8a03c50a862,US,2026-01-13T21:49:43.079Z,,,,,,TAXON_ID_NOT_FOUND;IDENTIFIED_DATE_INVALID;AMBIGUOUS_INSTITUTION,,,StillImage,false,false,3040983,3040983,6,7707728,220,7225535,3112,3040962,,3040983,Raphanus raphanistrum,Raphanus raphanistrum L.,Raphanus raphanistrum,,DWC_ARCHIVE,2026-01-13T21:49:43.079Z,2026-01-13T21:39:13.170Z,,false,,,false,NORTH_AMERICA,NORTH_AMERICA,,,,,,,,,
4101885503,,,,CC0_1_0,2025-04-23T02:12:04Z,,https://sernecportal.org/portal/collections/individual/index.php?occid=8914302,Botanical Research Institute of Texas,,,b198a10f-39d3-44ac-be3f-c617646b5eb2,,BRIT,NLU,,,PRESERVED_SPECIMEN,,,,b94030ff-611c-46d9-a45f-4b2ff7178aac,NLU0110215,,,,,,,,,,,,,,,,,PRESENT,,,,,,,,,,,,,,,,,,,,,,,,,,,,,,,,,,,,,,,,,,,,,US,Louisiana,,,,,,,,,,,,,,,,,,,,,,,,,,,,,,,,,,,,,,,,,,,,,,,,,,,,,,,1212,,,,,,,,Raphanus raphanistrum L.,,,,,,,Plantae|Spermatophyta|Tracheophyta|Magnoliophyta|Eudicots|Core Eudicots|Malvids|Rosids|Brassicales|Brassicaceae|Raphanus,Plantae,Tracheophyta,Magnoliopsida,Brassicales,,Brassicaceae,,,,Raphanus,Raphanus,,,raphanistrum,,,SPECIES,,,,ACCEPTED,,,bb0366a9-2a7e-44f8-9c9a-e49c23dae2f8,US,2026-01-07T15:35:47.743Z,,,,,,TAXON_ID_NOT_FOUND;INSTITUTION_MATCH_FUZZY,,,StillImage,false,false,3040983,3040983,6,7707728,220,7225535,3112,3040962,,3040983,Raphanus raphanistrum,Raphanus raphanistrum L.,Raphanus raphanistrum,,DWC_ARCHIVE,2026-01-07T15:35:47.743Z,2026-01-07T15:26:37.060Z,,false,,,false,NORTH_AMERICA,NORTH_AMERICA,,,,,,,,,
4102367462,,,,CC0_1_0,2025-04-23T02:12:04Z,,https://sernecportal.org/portal/collections/individual/index.php?occid=8914303,Botanical Research Institute of Texas,,,b198a10f-39d3-44ac-be3f-c617646b5eb2,,BRIT,NLU,,,PRESERVED_SPECIMEN,,,,8b97258b-fb76-40a1-8ea8-6832ba1d49d5,NLU0110216,,,,,,,,,,,,,,,,,PRESENT,,,,,,,,,,,,,,,,,,,,,,,,,,,,,,,,,,,,,,,,,,,,,US,Louisiana,,,,,,,,,,,,,,,,,,,,,,,,,,,,,,,,,,,,,,,,,,,,,,,,,,,,,,,1212,,,,,,,,Raphanus raphanistrum L.,,,,,,,Plantae|Spermatophyta|Tracheophyta|Magnoliophyta|Eudicots|Core Eudicots|Malvids|Rosids|Brassicales|Brassicaceae|Raphanus,Plantae,Tracheophyta,Magnoliopsida,Brassicales,,Brassicaceae,,,,Raphanus,Raphanus,,,raphanistrum,,,SPECIES,,,,ACCEPTED,,,bb0366a9-2a7e-44f8-9c9a-e49c23dae2f8,US,2026-01-07T15:35:47.861Z,,,,,,TAXON_ID_NOT_FOUND;INSTITUTION_MATCH_FUZZY,,,StillImage,false,false,3040983,3040983,6,7707728,220,7225535,3112,3040962,,3040983,Raphanus raphanistrum,Raphanus raphanistrum L.,Raphanus raphanistrum,,DWC_ARCHIVE,2026-01-07T15:35:47.861Z,2026-01-07T15:26:37.060Z,,false,,,false,NORTH_AMERICA,NORTH_AMERICA,,,,,,,,,
3469934041,,,,CC0_1_0,2025-04-23T02:12:04Z,,https://sernecportal.org/portal/collections/individual/index.php?occid=8914304,,,,fe609977-5b39-49c5-905a-32ca83233244,,LSU,Vascular Plants,,LSU(NLU),PRESERVED_SPECIMEN,,,,5d723114-f5bb-462a-a088-40616776d0b1,NLU0110217,127116,R. Dale Thomas,,,,,,,,,,,,,,,PRESENT,,,,,,,LSU Accession #: 266317,,,,,,,,,,,,,,,,1992-02-12,,43,43,1992,2,12,,,,,,,,,,,,,,,,US,Louisiana,Ouachita,,,,,,,,,,,,,,,,,,,,,,,,,,,,,,,,,,,,,,,,,,,,,,,,,,,,,,1212,,,,,,,,Raphanus raphanistrum L.,,,,,,,Plantae|Spermatophyta|Tracheophyta|Magnoliophyta|Eudicots|Core Eudicots|Malvids|Rosids|Brassicales|Brassicaceae|Raphanus,Plantae,Tracheophyta,Magnoliopsida,Brassicales,,Brassicaceae,,,,Raphanus,Raphanus,,,raphanistrum,,,SPECIES,,,,ACCEPTED,,,56e9c560-bd2a-11dd-b15e-b8a03c50a862,US,2026-01-13T21:49:43.873Z,,,,,,TAXON_ID_NOT_FOUND;AMBIGUOUS_INSTITUTION,,,StillImage,false,false,3040983,3040983,6,7707728,220,7225535,3112,3040962,,3040983,Raphanus raphanistrum,Raphanus raphanistrum L.,Raphanus raphanistrum,,DWC_ARCHIVE,2026-01-13T21:49:43.873Z,2026-01-13T21:39:13.170Z,,false,,,false,NORTH_AMERICA,NORTH_AMERICA,,,,,,,,,
4102218528,,,,CC0_1_0,2025-04-23T02:12:04Z,,https://sernecportal.org/portal/collections/individual/index.php?occid=8914305,Botanical Research Institute of Texas,,,b198a10f-39d3-44ac-be3f-c617646b5eb2,,BRIT,NLU,,,PRESERVED_SPECIMEN,,,,c96b1134-5dfb-491e-aeb0-8b0dae84f91b,NLU0110218,,,,,,,,,,,,,,,,,PRESENT,,,,,,,,,,,,,,,,,,,,,,,,,,,,,,,,,,,,,,,,,,,,,US,Louisiana,,,,,,,,,,,,,,,,,,,,,,,,,,,,,,,,,,,,,,,,,,,,,,,,,,,,,,,1212,,,,,,,,Raphanus raphanistrum L.,,,,,,,Plantae|Spermatophyta|Tracheophyta|Magnoliophyta|Eudicots|Core Eudicots|Malvids|Rosids|Brassicales|Brassicaceae|Raphanus,Plantae,Tracheophyta,Magnoliopsida,Brassicales,,Brassicaceae,,,,Raphanus,Raphanus,,,raphanistrum,,,SPECIES,,,,ACCEPTED,,,bb0366a9-2a7e-44f8-9c9a-e49c23dae2f8,US,2026-01-07T15:35:48.130Z,,,,,,TAXON_ID_NOT_FOUND;INSTITUTION_MATCH_FUZZY,,,StillImage,false,false,3040983,3040983,6,7707728,220,7225535,3112,3040962,,3040983,Raphanus raphanistrum,Raphanus raphanistrum L.,Raphanus raphanistrum,,DWC_ARCHIVE,2026-01-07T15:35:48.130Z,2026-01-07T15:26:37.060Z,,false,,,false,NORTH_AMERICA,NORTH_AMERICA,,,,,,,,,
3469938021,,,,CC0_1_0,2025-04-23T02:12:04Z,,https://sernecportal.org/portal/collections/individual/index.php?occid=8914306,,,,fe609977-5b39-49c5-905a-32ca83233244,,LSU,Vascular Plants,,LSU(NLU),PRESERVED_SPECIMEN,,,,c19410d2-d41c-463e-9b2e-d6df67fb24cf,NLU0110219,164664,R. Dale Thomas,,,,,,,,,,,,,,,PRESENT,,,,,,,LSU Accession #: 266318,,,,,,,,,,,,,,,,2000-03-14,,74,74,2000,3,14,,,,,,,,,,,,,,,,US,Louisiana,Winn,,,,,,,,,,,,,,,,,,,,,,,,,,,,,,,,,,,,,,,,,,,,,,,,,,,,,,1212,,,,,,,,Raphanus raphanistrum L.,,,,,,,Plantae|Spermatophyta|Tracheophyta|Magnoliophyta|Eudicots|Core Eudicots|Malvids|Rosids|Brassicales|Brassicaceae|Raphanus,Plantae,Tracheophyta,Magnoliopsida,Brassicales,,Brassicaceae,,,,Raphanus,Raphanus,,,raphanistrum,,,SPECIES,,,,ACCEPTED,,,56e9c560-bd2a-11dd-b15e-b8a03c50a862,US,2026-01-13T21:49:43.257Z,,,,,,TAXON_ID_NOT_FOUND;AMBIGUOUS_INSTITUTION,,,StillImage,false,false,3040983,3040983,6,7707728,220,7225535,3112,3040962,,3040983,Raphanus raphanistrum,Raphanus raphanistrum L.,Raphanus raphanistrum,,DWC_ARCHIVE,2026-01-13T21:49:43.257Z,2026-01-13T21:39:13.170Z,,false,,,false,NORTH_AMERICA,NORTH_AMERICA,,,,,,,,,
3469939033,,,,CC0_1_0,2025-04-23T02:12:04Z,,https://sernecportal.org/portal/collections/individual/index.php?occid=8914308,,,,fe609977-5b39-49c5-905a-32ca83233244,,LSU,Vascular Plants,,LSU(NLU),PRESERVED_SPECIMEN,,,,4f504e96-90cb-4d24-b9a3-13846b6312e2,NLU0110221,116682,R. Dale Thomas,,,,,,,,,,,,,,,PRESENT,,,,,,,LSU Accession #: 225382,,,,,,,,,,,,,,,,1990-05-21,,141,141,1990,5,21,,,,,,,,,,,,,,,,US,Louisiana,West Baton Rouge,,,,,,,,,,,,,,,,,,,,,,,,,,,,,,,,,,,,,,,,,,,,,,,,unknown,,,,,,1212,,,,,,,,Raphanus raphanistrum L.,,,,,,,Plantae|Spermatophyta|Tracheophyta|Magnoliophyta|Eudicots|Core Eudicots|Malvids|Rosids|Brassicales|Brassicaceae|Raphanus,Plantae,Tracheophyta,Magnoliopsida,Brassicales,,Brassicaceae,,,,Raphanus,Raphanus,,,raphanistrum,,,SPECIES,,,,ACCEPTED,,,56e9c560-bd2a-11dd-b15e-b8a03c50a862,US,2026-01-13T21:49:43.532Z,,,,,,TAXON_ID_NOT_FOUND;IDENTIFIED_DATE_INVALID;AMBIGUOUS_INSTITUTION,,,StillImage,false,false,3040983,3040983,6,7707728,220,7225535,3112,3040962,,3040983,Raphanus raphanistrum,Raphanus raphanistrum L.,Raphanus raphanistrum,,DWC_ARCHIVE,2026-01-13T21:49:43.532Z,2026-01-13T21:39:13.170Z,,false,,,false,NORTH_AMERICA,NORTH_AMERICA,,,,,,,,,
4102035530,,,,CC0_1_0,2025-04-23T02:12:04Z,,https://sernecportal.org/portal/collections/individual/index.php?occid=8914311,Botanical Research Institute of Texas,,,b198a10f-39d3-44ac-be3f-c617646b5eb2,,BRIT,NLU,,,PRESERVED_SPECIMEN,,,,1b66965e-0306-4c72-a115-67edd6f6f36d,NLU0110224,,,,,,,,,,,,,,,,,PRESENT,,,,,,,,,,,,,,,,,,,,,,,,,,,,,,,,,,,,,,,,,,,,,US,Louisiana,,,,,,,,,,,,,,,,,,,,,,,,,,,,,,,,,,,,,,,,,,,,,,,,,,,,,,,1212,,,,,,,,Raphanus raphanistrum L.,,,,,,,Plantae|Spermatophyta|Tracheophyta|Magnoliophyta|Eudicots|Core Eudicots|Malvids|Rosids|Brassicales|Brassicaceae|Raphanus,Plantae,Tracheophyta,Magnoliopsida,Brassicales,,Brassicaceae,,,,Raphanus,Raphanus,,,raphanistrum,,,SPECIES,,,,ACCEPTED,,,bb0366a9-2a7e-44f8-9c9a-e49c23dae2f8,US,2026-01-07T15:35:48.233Z,,,,,,TAXON_ID_NOT_FOUND;INSTITUTION_MATCH_FUZZY,,,StillImage,false,false,3040983,3040983,6,7707728,220,7225535,3112,3040962,,3040983,Raphanus raphanistrum,Raphanus raphanistrum L.,Raphanus raphanistrum,,DWC_ARCHIVE,2026-01-07T15:35:48.233Z,2026-01-07T15:26:37.060Z,,false,,,false,NORTH_AMERICA,NORTH_AMERICA,,,,,,,,,
3469840994,,,,CC0_1_0,2025-04-23T02:12:04Z,,https://sernecportal.org/portal/collections/individual/index.php?occid=8914312,,,,fe609977-5b39-49c5-905a-32ca83233244,,LSU,Vascular Plants,,LSU(NLU),PRESERVED_SPECIMEN,,,,ed7bb12f-b734-4194-b98e-aaa549062441,NLU0110225,56323,R. Dale Thomas,,,,,,,,,,,,,,,PRESENT,,,,,,,LSU Accession #: 266319,,,,,,,,,,,,,,,,1977-11-06,,310,310,1977,11,6,,,,,,,,,,,,,,,,US,Louisiana,Washington,,,,,,,,,,,,,,,,,,,,,,,,,,,,,,,,,,,,,,,,,,,,,,,,,,,,,,1212,,,,,,,,Raphanus raphanistrum L.,,,,,,,Plantae|Spermatophyta|Tracheophyta|Magnoliophyta|Eudicots|Core Eudicots|Malvids|Rosids|Brassicales|Brassicaceae|Raphanus,Plantae,Tracheophyta,Magnoliopsida,Brassicales,,Brassicaceae,,,,Raphanus,Raphanus,,,raphanistrum,,,SPECIES,,,,ACCEPTED,,,56e9c560-bd2a-11dd-b15e-b8a03c50a862,US,2026-01-13T21:49:43.234Z,,,,,,TAXON_ID_NOT_FOUND;AMBIGUOUS_INSTITUTION,,,StillImage,false,false,3040983,3040983,6,7707728,220,7225535,3112,3040962,,3040983,Raphanus raphanistrum,Raphanus raphanistrum L.,Raphanus raphanistrum,,DWC_ARCHIVE,2026-01-13T21:49:43.234Z,2026-01-13T21:39:13.170Z,,false,,,false,NORTH_AMERICA,NORTH_AMERICA,,,,,,,,,
4102367463,,,,CC0_1_0,2025-04-23T02:12:04Z,,https://sernecportal.org/portal/collections/individual/index.php?occid=8914314,Botanical Research Institute of Texas,,,b198a10f-39d3-44ac-be3f-c617646b5eb2,,BRIT,NLU,,,PRESERVED_SPECIMEN,,,,addf56f6-5cc0-40fd-bb40-92eca76f4ca6,NLU0110226,,,,,,,,,,,,,,,,,PRESENT,,,,,,,,,,,,,,,,,,,,,,,,,,,,,,,,,,,,,,,,,,,,,US,Louisiana,,,,,,,,,,,,,,,,,,,,,,,,,,,,,,,,,,,,,,,,,,,,,,,,,,,,,,,1212,,,,,,,,Raphanus raphanistrum L.,,,,,,,Plantae|Spermatophyta|Tracheophyta|Magnoliophyta|Eudicots|Core Eudicots|Malvids|Rosids|Brassicales|Brassicaceae|Raphanus,Plantae,Tracheophyta,Magnoliopsida,Brassicales,,Brassicaceae,,,,Raphanus,Raphanus,,,raphanistrum,,,SPECIES,,,,ACCEPTED,,,bb0366a9-2a7e-44f8-9c9a-e49c23dae2f8,US,2026-01-07T15:35:48.468Z,,,,,,TAXON_ID_NOT_FOUND;INSTITUTION_MATCH_FUZZY,,,StillImage,false,false,3040983,3040983,6,7707728,220,7225535,3112,3040962,,3040983,Raphanus raphanistrum,Raphanus raphanistrum L.,Raphanus raphanistrum,,DWC_ARCHIVE,2026-01-07T15:35:48.468Z,2026-01-07T15:26:37.060Z,,false,,,false,NORTH_AMERICA,NORTH_AMERICA,,,,,,,,,
4102209473,,,,CC0_1_0,2025-04-23T02:12:04Z,,https://sernecportal.org/portal/collections/individual/index.php?occid=8914315,Botanical Research Institute of Texas,,,b198a10f-39d3-44ac-be3f-c617646b5eb2,,BRIT,NLU,,,PRESERVED_SPECIMEN,,,,73a2a351-37b0-4b8c-97fe-ffca2714fc7e,NLU0110227,,,,,,,,,,,,,,,,,PRESENT,,,,,,,,,,,,,,,,,,,,,,,,,,,,,,,,,,,,,,,,,,,,,US,Louisiana,,,,,,,,,,,,,,,,,,,,,,,,,,,,,,,,,,,,,,,,,,,,,,,,,,,,,,,1212,,,,,,,,Raphanus raphanistrum L.,,,,,,,Plantae|Spermatophyta|Tracheophyta|Magnoliophyta|Eudicots|Core Eudicots|Malvids|Rosids|Brassicales|Brassicaceae|Raphanus,Plantae,Tracheophyta,Magnoliopsida,Brassicales,,Brassicaceae,,,,Raphanus,Raphanus,,,raphanistrum,,,SPECIES,,,,ACCEPTED,,,bb0366a9-2a7e-44f8-9c9a-e49c23dae2f8,US,2026-01-07T15:35:48.679Z,,,,,,TAXON_ID_NOT_FOUND;INSTITUTION_MATCH_FUZZY,,,StillImage,false,false,3040983,3040983,6,7707728,220,7225535,3112,3040962,,3040983,Raphanus raphanistrum,Raphanus raphanistrum L.,Raphanus raphanistrum,,DWC_ARCHIVE,2026-01-07T15:35:48.679Z,2026-01-07T15:26:37.060Z,,false,,,false,NORTH_AMERICA,NORTH_AMERICA,,,,,,,,,
3469840039,,,,CC0_1_0,2025-04-23T02:12:04Z,,https://sernecportal.org/portal/collections/individual/index.php?occid=8914316,,,,fe609977-5b39-49c5-905a-32ca83233244,,LSU,Vascular Plants,,LSU(NLU),PRESERVED_SPECIMEN,,,,8ccd599a-cf53-4415-97e2-a80c506d5788,NLU0110228,83720,R. Dale Thomas,,,,,,,,,,,,,,,PRESENT,,,,,,,LSU Accession #: 225388,,,,,,,,,,,,,,,,1983-05-17,,137,137,1983,5,17,,,,,,,,,,,,,,,,US,Louisiana,Washington,,,,,,,,,,,,,,,,,,,,,,,,,,,,,,,,,,,,,,,,,,,,,,,,unknown,,,,,,1212,,,,,,,,Raphanus raphanistrum L.,,,,,,,Plantae|Spermatophyta|Tracheophyta|Magnoliophyta|Eudicots|Core Eudicots|Malvids|Rosids|Brassicales|Brassicaceae|Raphanus,Plantae,Tracheophyta,Magnoliopsida,Brassicales,,Brassicaceae,,,,Raphanus,Raphanus,,,raphanistrum,,,SPECIES,,,,ACCEPTED,,,56e9c560-bd2a-11dd-b15e-b8a03c50a862,US,2026-01-13T21:49:43.280Z,,,,,,TAXON_ID_NOT_FOUND;IDENTIFIED_DATE_INVALID;AMBIGUOUS_INSTITUTION,,,StillImage,false,false,3040983,3040983,6,7707728,220,7225535,3112,3040962,,3040983,Raphanus raphanistrum,Raphanus raphanistrum L.,Raphanus raphanistrum,,DWC_ARCHIVE,2026-01-13T21:49:43.280Z,2026-01-13T21:39:13.170Z,,false,,,false,NORTH_AMERICA,NORTH_AMERICA,,,,,,,,,
4101886526,,,,CC0_1_0,2025-04-23T02:12:04Z,,https://sernecportal.org/portal/collections/individual/index.php?occid=8914317,Botanical Research Institute of Texas,,,b198a10f-39d3-44ac-be3f-c617646b5eb2,,BRIT,NLU,,,PRESERVED_SPECIMEN,,,,4d16fe6b-6232-46af-a88c-fdcd8d99b073,NLU0110229,,,,,,,,,,,,,,,,,PRESENT,,,,,,,,,,,,,,,,,,,,,,,,,,,,,,,,,,,,,,,,,,,,,US,Louisiana,,,,,,,,,,,,,,,,,,,,,,,,,,,,,,,,,,,,,,,,,,,,,,,,,,,,,,,1212,,,,,,,,Raphanus raphanistrum L.,,,,,,,Plantae|Spermatophyta|Tracheophyta|Magnoliophyta|Eudicots|Core Eudicots|Malvids|Rosids|Brassicales|Brassicaceae|Raphanus,Plantae,Tracheophyta,Magnoliopsida,Brassicales,,Brassicaceae,,,,Raphanus,Raphanus,,,raphanistrum,,,SPECIES,,,,ACCEPTED,,,bb0366a9-2a7e-44f8-9c9a-e49c23dae2f8,US,2026-01-07T15:35:48.918Z,,,,,,TAXON_ID_NOT_FOUND;INSTITUTION_MATCH_FUZZY,,,StillImage,false,false,3040983,3040983,6,7707728,220,7225535,3112,3040962,,3040983,Raphanus raphanistrum,Raphanus raphanistrum L.,Raphanus raphanistrum,,DWC_ARCHIVE,2026-01-07T15:35:48.918Z,2026-01-07T15:26:37.060Z,,false,,,false,NORTH_AMERICA,NORTH_AMERICA,,,,,,,,,
3469839030,,,,CC0_1_0,2025-04-23T02:12:04Z,,https://sernecportal.org/portal/collections/individual/index.php?occid=8914318,,,,fe609977-5b39-49c5-905a-32ca83233244,,LSU,Vascular Plants,,LSU(NLU),PRESERVED_SPECIMEN,,,,db367698-e21f-47f6-8386-d8f4ff2368bc,NLU0110230,3021,David C. Moore,,,,,,,,,,,,,,,PRESENT,,,,,,,LSU Accession #: 225379,,,,,,,,,,,,,,,,1984-04-03,,94,94,1984,4,3,,,,,,,,,,,,,,,,US,Louisiana,Union,,,,,,,,,,,,,,,,,,,,,,,,,,,,,,,,,,,,,,,,,,,,,,,,unknown,,,,,,1212,,,,,,,,Raphanus raphanistrum L.,,,,,,,Plantae|Spermatophyta|Tracheophyta|Magnoliophyta|Eudicots|Core Eudicots|Malvids|Rosids|Brassicales|Brassicaceae|Raphanus,Plantae,Tracheophyta,Magnoliopsida,Brassicales,,Brassicaceae,,,,Raphanus,Raphanus,,,raphanistrum,,,SPECIES,,,,ACCEPTED,,,56e9c560-bd2a-11dd-b15e-b8a03c50a862,US,2026-01-13T21:49:43.345Z,,,,,,TAXON_ID_NOT_FOUND;IDENTIFIED_DATE_INVALID;AMBIGUOUS_INSTITUTION,,,StillImage,false,false,3040983,3040983,6,7707728,220,7225535,3112,3040962,,3040983,Raphanus raphanistrum,Raphanus raphanistrum L.,Raphanus raphanistrum,,DWC_ARCHIVE,2026-01-13T21:49:43.345Z,2026-01-13T21:39:13.170Z,,false,,,false,NORTH_AMERICA,NORTH_AMERICA,,,,,,,,,
4101886527,,,,CC0_1_0,2025-04-23T02:12:04Z,,https://sernecportal.org/portal/collections/individual/index.php?occid=8914320,Botanical Research Institute of Texas,,,b198a10f-39d3-44ac-be3f-c617646b5eb2,,BRIT,NLU,,,PRESERVED_SPECIMEN,,,,f046685a-fabb-4872-b4b4-4c0041d2b10c,NLU0110232,,,,,,,,,,,,,,,,,PRESENT,,,,,,,,,,,,,,,,,,,,,,,,,,,,,,,,,,,,,,,,,,,,,US,Louisiana,,,,,,,,,,,,,,,,,,,,,,,,,,,,,,,,,,,,,,,,,,,,,,,,,,,,,,,1212,,,,,,,,Raphanus raphanistrum L.,,,,,,,Plantae|Spermatophyta|Tracheophyta|Magnoliophyta|Eudicots|Core Eudicots|Malvids|Rosids|Brassicales|Brassicaceae|Raphanus,Plantae,Tracheophyta,Magnoliopsida,Brassicales,,Brassicaceae,,,,Raphanus,Raphanus,,,raphanistrum,,,SPECIES,,,,ACCEPTED,,,bb0366a9-2a7e-44f8-9c9a-e49c23dae2f8,US,2026-01-07T15:35:49.236Z,,,,,,TAXON_ID_NOT_FOUND;INSTITUTION_MATCH_FUZZY,,,StillImage,false,false,3040983,3040983,6,7707728,220,7225535,3112,3040962,,3040983,Raphanus raphanistrum,Raphanus raphanistrum L.,Raphanus raphanistrum,,DWC_ARCHIVE,2026-01-07T15:35:49.236Z,2026-01-07T15:26:37.060Z,,false,,,false,NORTH_AMERICA,NORTH_AMERICA,,,,,,,,,
4102035531,,,,CC0_1_0,2025-04-23T02:12:04Z,,https://sernecportal.org/portal/collections/individual/index.php?occid=8914322,Botanical Research Institute of Texas,,,b198a10f-39d3-44ac-be3f-c617646b5eb2,,BRIT,NLU,,,PRESERVED_SPECIMEN,,,,3351b49f-0fd0-4e63-bbb6-83dfc4e25930,NLU0110234,,,,,,,,,,,,,,,,,PRESENT,,,,,,,,,,,,,,,,,,,,,,,,,,,,,,,,,,,,,,,,,,,,,US,Louisiana,,,,,,,,,,,,,,,,,,,,,,,,,,,,,,,,,,,,,,,,,,,,,,,,,,,,,,,1212,,,,,,,,Raphanus raphanistrum L.,,,,,,,Plantae|Spermatophyta|Tracheophyta|Magnoliophyta|Eudicots|Core Eudicots|Malvids|Rosids|Brassicales|Brassicaceae|Raphanus,Plantae,Tracheophyta,Magnoliopsida,Brassicales,,Brassicaceae,,,,Raphanus,Raphanus,,,raphanistrum,,,SPECIES,,,,ACCEPTED,,,bb0366a9-2a7e-44f8-9c9a-e49c23dae2f8,US,2026-01-07T15:35:49.577Z,,,,,,TAXON_ID_NOT_FOUND;INSTITUTION_MATCH_FUZZY,,,StillImage,false,false,3040983,3040983,6,7707728,220,7225535,3112,3040962,,3040983,Raphanus raphanistrum,Raphanus raphanistrum L.,Raphanus raphanistrum,,DWC_ARCHIVE,2026-01-07T15:35:49.577Z,2026-01-07T15:26:37.060Z,,false,,,false,NORTH_AMERICA,NORTH_AMERICA,,,,,,,,,
4101885504,,,,CC0_1_0,2025-04-23T02:12:04Z,,https://sernecportal.org/portal/collections/individual/index.php?occid=8914324,Botanical Research Institute of Texas,,,b198a10f-39d3-44ac-be3f-c617646b5eb2,,BRIT,NLU,,,PRESERVED_SPECIMEN,,,,56a9962c-b612-46ad-ab8d-a69fd3a3d52b,NLU0110236,,,,,,,,,,,,,,,,,PRESENT,,,,,,,,,,,,,,,,,,,,,,,,,,,,,,,,,,,,,,,,,,,,,US,Louisiana,,,,,,,,,,,,,,,,,,,,,,,,,,,,,,,,,,,,,,,,,,,,,,,,,,,,,,,1212,,,,,,,,Raphanus raphanistrum L.,,,,,,,Plantae|Spermatophyta|Tracheophyta|Magnoliophyta|Eudicots|Core Eudicots|Malvids|Rosids|Brassicales|Brassicaceae|Raphanus,Plantae,Tracheophyta,Magnoliopsida,Brassicales,,Brassicaceae,,,,Raphanus,Raphanus,,,raphanistrum,,,SPECIES,,,,ACCEPTED,,,bb0366a9-2a7e-44f8-9c9a-e49c23dae2f8,US,2026-01-07T15:35:49.437Z,,,,,,TAXON_ID_NOT_FOUND;INSTITUTION_MATCH_FUZZY,,,StillImage,false,false,3040983,3040983,6,7707728,220,7225535,3112,3040962,,3040983,Raphanus raphanistrum,Raphanus raphanistrum L.,Raphanus raphanistrum,,DWC_ARCHIVE,2026-01-07T15:35:49.437Z,2026-01-07T15:26:37.060Z,,false,,,false,NORTH_AMERICA,NORTH_AMERICA,,,,,,,,,
4102367464,,,,CC0_1_0,2025-04-23T02:12:04Z,,https://sernecportal.org/portal/collections/individual/index.php?occid=8914325,Botanical Research Institute of Texas,,,b198a10f-39d3-44ac-be3f-c617646b5eb2,,BRIT,NLU,,,PRESERVED_SPECIMEN,,,,883ea5d5-be1e-456d-a28f-7eeac439652f,NLU0110237,,,,,,,,,,,,,,,,,PRESENT,,,,,,,,,,,,,,,,,,,,,,,,,,,,,,,,,,,,,,,,,,,,,US,Louisiana,,,,,,,,,,,,,,,,,,,,,,,,,,,,,,,,,,,,,,,,,,,,,,,,,,,,,,,1212,,,,,,,,Raphanus raphanistrum L.,,,,,,,Plantae|Spermatophyta|Tracheophyta|Magnoliophyta|Eudicots|Core Eudicots|Malvids|Rosids|Brassicales|Brassicaceae|Raphanus,Plantae,Tracheophyta,Magnoliopsida,Brassicales,,Brassicaceae,,,,Raphanus,Raphanus,,,raphanistrum,,,SPECIES,,,,ACCEPTED,,,bb0366a9-2a7e-44f8-9c9a-e49c23dae2f8,US,2026-01-07T15:35:49.459Z,,,,,,TAXON_ID_NOT_FOUND;INSTITUTION_MATCH_FUZZY,,,StillImage,false,false,3040983,3040983,6,7707728,220,7225535,3112,3040962,,3040983,Raphanus raphanistrum,Raphanus raphanistrum L.,Raphanus raphanistrum,,DWC_ARCHIVE,2026-01-07T15:35:49.459Z,2026-01-07T15:26:37.060Z,,false,,,false,NORTH_AMERICA,NORTH_AMERICA,,,,,,,,,
3469941060,,,,CC0_1_0,2025-04-23T02:12:04Z,,https://sernecportal.org/portal/collections/individual/index.php?occid=8914327,,,,fe609977-5b39-49c5-905a-32ca83233244,,LSU,Vascular Plants,,LSU(NLU),PRESERVED_SPECIMEN,,,,28781850-9451-4989-b25d-e8efb7462b8e,NLU0110238,103420,R. Dale Thomas,,,,,,,,,,,,,,,PRESENT,,,,,,,LSU Accession #: 225386,,,,,,,,,,,,,,,,1988-02-16,,47,47,1988,2,16,,,,,,,,,,,,,,,,US,Louisiana,Richland,,,,,,,,,,,,,,,,,,,,,,,,,,,,,,,,,,,,,,,,,,,,,,,,unknown,,,,,,1212,,,,,,,,Raphanus raphanistrum L.,,,,,,,Plantae|Spermatophyta|Tracheophyta|Magnoliophyta|Eudicots|Core Eudicots|Malvids|Rosids|Brassicales|Brassicaceae|Raphanus,Plantae,Tracheophyta,Magnoliopsida,Brassicales,,Brassicaceae,,,,Raphanus,Raphanus,,,raphanistrum,,,SPECIES,,,,ACCEPTED,,,56e9c560-bd2a-11dd-b15e-b8a03c50a862,US,2026-01-13T21:49:44.073Z,,,,,,TAXON_ID_NOT_FOUND;IDENTIFIED_DATE_INVALID;AMBIGUOUS_INSTITUTION,,,StillImage,false,false,3040983,3040983,6,7707728,220,7225535,3112,3040962,,3040983,Raphanus raphanistrum,Raphanus raphanistrum L.,Raphanus raphanistrum,,DWC_ARCHIVE,2026-01-13T21:49:44.073Z,2026-01-13T21:39:13.170Z,,false,,,false,NORTH_AMERICA,NORTH_AMERICA,,,,,,,,,
4101886528,,,,CC0_1_0,2025-04-23T02:12:04Z,,https://sernecportal.org/portal/collections/individual/index.php?occid=8914328,Botanical Research Institute of Texas,,,b198a10f-39d3-44ac-be3f-c617646b5eb2,,BRIT,NLU,,,PRESERVED_SPECIMEN,,,,6aec6f97-4d4d-462f-8e3c-9d520f33628d,NLU0110239,,,,,,,,,,,,,,,,,PRESENT,,,,,,,,,,,,,,,,,,,,,,,,,,,,,,,,,,,,,,,,,,,,,US,Louisiana,,,,,,,,,,,,,,,,,,,,,,,,,,,,,,,,,,,,,,,,,,,,,,,,,,,,,,,1212,,,,,,,,Raphanus raphanistrum L.,,,,,,,Plantae|Spermatophyta|Tracheophyta|Magnoliophyta|Eudicots|Core Eudicots|Malvids|Rosids|Brassicales|Brassicaceae|Raphanus,Plantae,Tracheophyta,Magnoliopsida,Brassicales,,Brassicaceae,,,,Raphanus,Raphanus,,,raphanistrum,,,SPECIES,,,,ACCEPTED,,,bb0366a9-2a7e-44f8-9c9a-e49c23dae2f8,US,2026-01-07T15:35:49.583Z,,,,,,TAXON_ID_NOT_FOUND;INSTITUTION_MATCH_FUZZY,,,StillImage,false,false,3040983,3040983,6,7707728,220,7225535,3112,3040962,,3040983,Raphanus raphanistrum,Raphanus raphanistrum L.,Raphanus raphanistrum,,DWC_ARCHIVE,2026-01-07T15:35:49.583Z,2026-01-07T15:26:37.060Z,,false,,,false,NORTH_AMERICA,NORTH_AMERICA,,,,,,,,,
4102218529,,,,CC0_1_0,2025-04-23T02:12:04Z,,https://sernecportal.org/portal/collections/individual/index.php?occid=8914330,Botanical Research Institute of Texas,,,b198a10f-39d3-44ac-be3f-c617646b5eb2,,BRIT,NLU,,,PRESERVED_SPECIMEN,,,,b4141c68-07f0-40d3-abdd-f98a4634b8c9,NLU0110240,,,,,,,,,,,,,,,,,PRESENT,,,,,,,,,,,,,,,,,,,,,,,,,,,,,,,,,,,,,,,,,,,,,US,Louisiana,,,,,,,,,,,,,,,,,,,,,,,,,,,,,,,,,,,,,,,,,,,,,,,,,,,,,,,1212,,,,,,,,Raphanus raphanistrum L.,,,,,,,Plantae|Spermatophyta|Tracheophyta|Magnoliophyta|Eudicots|Core Eudicots|Malvids|Rosids|Brassicales|Brassicaceae|Raphanus,Plantae,Tracheophyta,Magnoliopsida,Brassicales,,Brassicaceae,,,,Raphanus,Raphanus,,,raphanistrum,,,SPECIES,,,,ACCEPTED,,,bb0366a9-2a7e-44f8-9c9a-e49c23dae2f8,US,2026-01-07T15:35:50.178Z,,,,,,TAXON_ID_NOT_FOUND;INSTITUTION_MATCH_FUZZY,,,StillImage,false,false,3040983,3040983,6,7707728,220,7225535,3112,3040962,,3040983,Raphanus raphanistrum,Raphanus raphanistrum L.,Raphanus raphanistrum,,DWC_ARCHIVE,2026-01-07T15:35:50.178Z,2026-01-07T15:26:37.060Z,,false,,,false,NORTH_AMERICA,NORTH_AMERICA,,,,,,,,,
4102367555,,,,CC0_1_0,2025-04-23T02:12:04Z,,https://sernecportal.org/portal/collections/individual/index.php?occid=8915274,Botanical Research Institute of Texas,,,b198a10f-39d3-44ac-be3f-c617646b5eb2,,BRIT,NLU,,,PRESERVED_SPECIMEN,,,,fdc681bb-fe06-4cd7-9d13-89e33ec09227,NLU0111006,,,,,,,,,,,,,,,,,PRESENT,,,,,,,,,,,,,,,,,,,,,,,,,,,,,,,,,,,,,,,,,,,,,US,Louisiana,,,,,,,,,,,,,,,,,,,,,,,,,,,,,,,,,,,,,,,,,,,,,,,,,,,,,,,1212,,,,,,,,Raphanus raphanistrum L.,,,,,,,Plantae|Spermatophyta|Tracheophyta|Magnoliophyta|Eudicots|Core Eudicots|Malvids|Rosids|Brassicales|Brassicaceae|Raphanus,Plantae,Tracheophyta,Magnoliopsida,Brassicales,,Brassicaceae,,,,Raphanus,Raphanus,,,raphanistrum,,,SPECIES,,,,ACCEPTED,,,bb0366a9-2a7e-44f8-9c9a-e49c23dae2f8,US,2026-01-07T15:35:48.888Z,,,,,,TAXON_ID_NOT_FOUND;INSTITUTION_MATCH_FUZZY,,,StillImage,false,false,3040983,3040983,6,7707728,220,7225535,3112,3040962,,3040983,Raphanus raphanistrum,Raphanus raphanistrum L.,Raphanus raphanistrum,,DWC_ARCHIVE,2026-01-07T15:35:48.888Z,2026-01-07T15:26:37.060Z,,false,,,false,NORTH_AMERICA,NORTH_AMERICA,,,,,,,,,
4102218619,,,,CC0_1_0,2025-04-23T02:12:04Z,,https://sernecportal.org/portal/collections/individual/index.php?occid=8915276,Botanical Research Institute of Texas,,,b198a10f-39d3-44ac-be3f-c617646b5eb2,,BRIT,NLU,,,PRESERVED_SPECIMEN,,,,3e881eff-b802-4850-a7bc-9b4d644f8f8f,NLU0111008,,,,,,,,,,,,,,,,,PRESENT,,,,,,,,,,,,,,,,,,,,,,,,,,,,,,,,,,,,,,,,,,,,,US,Louisiana,,,,,,,,,,,,,,,,,,,,,,,,,,,,,,,,,,,,,,,,,,,,,,,,,,,,,,,1212,,,,,,,,Raphanus raphanistrum L.,,,,,,,Plantae|Spermatophyta|Tracheophyta|Magnoliophyta|Eudicots|Core Eudicots|Malvids|Rosids|Brassicales|Brassicaceae|Raphanus,Plantae,Tracheophyta,Magnoliopsida,Brassicales,,Brassicaceae,,,,Raphanus,Raphanus,,,raphanistrum,,,SPECIES,,,,ACCEPTED,,,bb0366a9-2a7e-44f8-9c9a-e49c23dae2f8,US,2026-01-07T15:35:47.636Z,,,,,,TAXON_ID_NOT_FOUND;INSTITUTION_MATCH_FUZZY,,,StillImage,false,false,3040983,3040983,6,7707728,220,7225535,3112,3040962,,3040983,Raphanus raphanistrum,Raphanus raphanistrum L.,Raphanus raphanistrum,,DWC_ARCHIVE,2026-01-07T15:35:47.636Z,2026-01-07T15:26:37.060Z,,false,,,false,NORTH_AMERICA,NORTH_AMERICA,,,,,,,,,
1849155893,,,,CC0_1_0,2023-07-16T07:02:03Z,,https://sernecportal.org/portal/collections/individual/index.php?occid=9334606,,,,a13355a1-1ccc-46d9-9672-521d8d668804,,USCH,MAIN,,,PRESERVED_SPECIMEN,,,,5d8033a2-ff6d-11e2-9beb-001c23ce290f,USCH0018730,118807,"Thomas, R.",,,,,,,flowering and fruiting,,,,,,,,PRESENT,,,"relationship: herbariumSpecimenDuplicate, identifier: bce9c9e8-dd02-4d97-992f-d204bff265d8, scientificName: Raphanus raphanistrum, resourceUrl:  https://sernecportal.org/portal/collections/individual/index.php?guid=bce9c9e8-dd02-4d97-992f-d204bff265d8 | relationship: herbariumSpecimenDuplicate, identifier: 99e2da7b-46a3-4988-b1f3-bf3362bb1270, scientificName: Raphanus raphanistrum, resourceUrl:  https://sernecportal.org/portal/collections/individual/index.php?guid=99e2da7b-46a3-4988-b1f3-bf3362bb1270",,,herbariumSpecimenDuplicate: Raphanus raphanistrum | herbariumSpecimenDuplicate: Raphanus raphanistrum,USCH Accession #: 52907,,,,,,,,,,,,,,,,1990-06-09,,160,160,1990,6,9,,Median of I-20 between Well Road Exit and Thomas Road Exit in West Monroe,,,,,,,,,,,,,,US,Louisiana,Ouachita Parish,,Locality Not Recorded,,,,,,,,,,,,,,,,,,,,,,,,,,,,,,,,,,,,,,,,,,,,,,"Thomas, R.",,,,,,1212,,,,,,,,Raphanus raphanistrum L.,,,,,,,Plantae|Spermatophyta|Tracheophyta|Magnoliophyta|Eudicots|Core Eudicots|Malvids|Rosids|Brassicales|Brassicaceae|Raphanus,Plantae,Tracheophyta,Magnoliopsida,Brassicales,,Brassicaceae,,,,Raphanus,Raphanus,,,raphanistrum,,,SPECIES,,,,ACCEPTED,,,a92de2e1-647c-43f2-a8b7-ab1c1a6453dd,US,2025-11-25T15:09:04.100Z,,,,,,TAXON_ID_NOT_FOUND;INSTITUTION_MATCH_FUZZY;COLLECTION_MATCH_FUZZY,,,StillImage,false,false,3040983,3040983,6,7707728,220,7225535,3112,3040962,,3040983,Raphanus raphanistrum,Raphanus raphanistrum L.,Raphanus raphanistrum,,DWC_ARCHIVE,2025-11-25T15:09:04.100Z,2025-11-21T14:22:29.063Z,,false,,,false,NORTH_AMERICA,NORTH_AMERICA,,,,,,,,,
1849185672,,,,CC0_1_0,2023-07-16T07:02:03Z,,https://sernecportal.org/portal/collections/individual/index.php?occid=9364991,,,,a13355a1-1ccc-46d9-9672-521d8d668804,,USCH,MAIN,,,PRESERVED_SPECIMEN,,,,592ce048-ff6d-11e2-9beb-001c23ce290f,USCH0018729,164664,"Thomas, R.",,,,,,,flowering and fruiting,,,,,,,,PRESENT,,,"relationship: herbariumSpecimenDuplicate, identifier: c19410d2-d41c-463e-9b2e-d6df67fb24cf, scientificName: Raphanus raphanistrum, resourceUrl:  https://sernecportal.org/portal/collections/individual/index.php?guid=c19410d2-d41c-463e-9b2e-d6df67fb24cf | relationship: herbariumSpecimenDuplicate, identifier: 51d40af0-0400-4952-8be7-e6a62fec37f6, scientificName: Raphanus raphanistrum, resourceUrl:  https://sernecportal.org/portal/collections/individual/index.php?guid=51d40af0-0400-4952-8be7-e6a62fec37f6",,,herbariumSpecimenDuplicate: Raphanus raphanistrum | herbariumSpecimenDuplicate: Raphanus raphanistrum,USCH Accession #: 84914,,,,,,,,,,,,,,,,2000-03-14,,74,74,2000,3,14,,In a wheat field N of La. 156 at the E edge of the town of Calvin,,,,,,,,,,,,,,US,Louisiana,Winn Parish,,Locality Not Recorded,,,,,,,,,,,,,,,,,,,,,,,,,,,,,,,,,,,,,,,,,,,,,,"Thomas, R.",,,,,,1212,,,,,,,,Raphanus raphanistrum L.,,,,,,,Plantae|Spermatophyta|Tracheophyta|Magnoliophyta|Eudicots|Core Eudicots|Malvids|Rosids|Brassicales|Brassicaceae|Raphanus,Plantae,Tracheophyta,Magnoliopsida,Brassicales,,Brassicaceae,,,,Raphanus,Raphanus,,,raphanistrum,,,SPECIES,,,,ACCEPTED,,,a92de2e1-647c-43f2-a8b7-ab1c1a6453dd,US,2025-11-25T15:09:00.232Z,,,,,,TAXON_ID_NOT_FOUND;INSTITUTION_MATCH_FUZZY;COLLECTION_MATCH_FUZZY,,,StillImage,false,false,3040983,3040983,6,7707728,220,7225535,3112,3040962,,3040983,Raphanus raphanistrum,Raphanus raphanistrum L.,Raphanus raphanistrum,,DWC_ARCHIVE,2025-11-25T15:09:00.232Z,2025-11-21T14:22:29.063Z,,false,,,false,NORTH_AMERICA,NORTH_AMERICA,,,,,,,,,
3469957574,,,,CC0_1_0,2025-04-23T02:12:04Z,,https://sernecportal.org/portal/collections/individual/index.php?occid=9648394,,,,fe609977-5b39-49c5-905a-32ca83233244,,LSU,Vascular Plants,,LSU(NLU),PRESERVED_SPECIMEN,,,,9bd4e911-1560-42e4-8c1c-3bddc60e6060,NLU0387619,2574,W. C. Holmes,,,,,,,,,,,,,,,PRESENT,,,,,,,LSU Accession #: 225384,,,,,,,,,,,,,,,,1976-03-31,,91,91,1976,3,31,,,,,,,,,,,,,,,,US,Louisiana,Natchitoches,,,,,,,,,,,,,,,,,,,,,,,,,,,,,,,,,,,,,,,,,,,,,,,,unknown,,,,,,1212,,,,,,,,Raphanus raphanistrum L.,,,,,,,Plantae|Spermatophyta|Tracheophyta|Magnoliophyta|Eudicots|Core Eudicots|Malvids|Rosids|Brassicales|Brassicaceae|Raphanus,Plantae,Tracheophyta,Magnoliopsida,Brassicales,,Brassicaceae,,,,Raphanus,Raphanus,,,raphanistrum,,,SPECIES,,,,ACCEPTED,,,56e9c560-bd2a-11dd-b15e-b8a03c50a862,US,2026-01-13T21:49:41.506Z,,,,,,TAXON_ID_NOT_FOUND;IDENTIFIED_DATE_INVALID;AMBIGUOUS_INSTITUTION,,,StillImage,false,false,3040983,3040983,6,7707728,220,7225535,3112,3040962,,3040983,Raphanus raphanistrum,Raphanus raphanistrum L.,Raphanus raphanistrum,,DWC_ARCHIVE,2026-01-13T21:49:41.506Z,2026-01-13T21:39:13.170Z,,false,,,false,NORTH_AMERICA,NORTH_AMERICA,,,,,,,,,
3469960736,,,,CC0_1_0,2025-04-23T02:12:04Z,,https://sernecportal.org/portal/collections/individual/index.php?occid=9668407,,,,fe609977-5b39-49c5-905a-32ca83233244,,LSU,Vascular Plants,,LSU(NLU),PRESERVED_SPECIMEN,,,,103f3a01-85bf-4203-b365-51bb2de8d876,NLU0397074,812,Robert C. Gough,,,,,,,,,,,,,,,PRESENT,,,,,,,LSU Accession #: 225504,,,,,,,,,,,,,,,,1978-03-25,,84,84,1978,3,25,,,,,,,,,,,,,,,,US,Louisiana,West Carroll,,,,,,,,,,,,,,,,,,,,,,,,,,,,,,,,,,,,,,,,,,,,,,,,unknown,,,,,,1212,,,,,,,,Raphanus raphanistrum L.,,,,,,,Plantae|Spermatophyta|Tracheophyta|Magnoliophyta|Eudicots|Core Eudicots|Malvids|Rosids|Brassicales|Brassicaceae|Raphanus,Plantae,Tracheophyta,Magnoliopsida,Brassicales,,Brassicaceae,,,,Raphanus,Raphanus,,,raphanistrum,,,SPECIES,,,,ACCEPTED,,,56e9c560-bd2a-11dd-b15e-b8a03c50a862,US,2026-01-13T21:49:44.094Z,,,,,,TAXON_ID_NOT_FOUND;IDENTIFIED_DATE_INVALID;AMBIGUOUS_INSTITUTION,,,StillImage,false,false,3040983,3040983,6,7707728,220,7225535,3112,3040962,,3040983,Raphanus raphanistrum,Raphanus raphanistrum L.,Raphanus raphanistrum,,DWC_ARCHIVE,2026-01-13T21:49:44.094Z,2026-01-13T21:39:13.170Z,,false,,,false,NORTH_AMERICA,NORTH_AMERICA,,,,,,,,,
4101952374,,,,CC0_1_0,2025-04-23T02:12:04Z,,https://sernecportal.org/portal/collections/individual/index.php?occid=9714249,Botanical Research Institute of Texas,,,b198a10f-39d3-44ac-be3f-c617646b5eb2,,BRIT,NLU,,,PRESERVED_SPECIMEN,,,,61631735-253e-4032-a42b-ae35d15f1c67,NLU0428764,,,,,,,,,,,,,,,,,PRESENT,,,,,,,,,,,,,,,,,,,,,,,,,,,,,,,,,,,,,,,,,,,,,US,Louisiana,Ouachita,,,,,,,,,,,,,,,,,,,,,,,,,,,,,,,,,,,,,,,,,,,,,,,,,,,,,,1213,,,,,,,,Raphanus sativus L.,,,,,,,Plantae|Spermatophyta|Tracheophyta|Magnoliophyta|Eudicots|Core Eudicots|Malvids|Rosids|Brassicales|Brassicaceae|Raphanus,Plantae,Tracheophyta,Magnoliopsida,Brassicales,,Brassicaceae,,,,Raphanus,Raphanus,,,sativus,,,SPECIES,,,,ACCEPTED,,,bb0366a9-2a7e-44f8-9c9a-e49c23dae2f8,US,2026-01-07T15:35:48.329Z,,,,,,TAXON_ID_NOT_FOUND;INSTITUTION_MATCH_FUZZY,,,StillImage,false,false,7678610,7678610,6,7707728,220,7225535,3112,3040962,,7678610,Raphanus sativus,Raphanus sativus L.,Raphanus sativus,,DWC_ARCHIVE,2026-01-07T15:35:48.329Z,2026-01-07T15:26:37.060Z,,false,,,false,NORTH_AMERICA,NORTH_AMERICA,,,,,,,,,
2452825012,,,,CC_BY_4_0,2023-11-24T08:20:44Z,,https://specieslink.net/guid/1/201431,Herbário do Estado Maria Eneyda P. Kaufmann Fidalgo - Coleção de Plantas Vasculares,,,https://specieslink.net/col/1,,IPA/SP,SP,,Instituto de Pesquisas Ambientais,PRESERVED_SPECIMEN,,,,https://specieslink.net/guid/1/201431,201431,88384,"Dale Thomas, R",,,,,,,,,,,introduced,,,,PRESENT,,,,,,,,,,,,,,,,,,,,,,,1984-05-08,,129,129,1984,5,8,,,,,,,,,,,,,,,,US,Louisiana,,Richland,,,,,,,,,,,,,,,,,,,,,,,,,,,,,,,,,,,,,,,,,,,,,,,,,,,,,,,,,,,,,Raphanus raphanistrum L.,,,,,,,,Plantae,Tracheophyta,Magnoliopsida,Brassicales,,Brassicaceae,,,,Raphanus,Raphanus,,,raphanistrum,,,SPECIES,,,,ACCEPTED,,,17efa320-7312-4b55-bf0a-a4cfc4613169,BR,2025-12-28T19:51:26.334Z,,,,,,INSTITUTION_MATCH_NONE,,,,false,false,3040983,3040983,6,7707728,220,7225535,3112,3040962,,3040983,Raphanus raphanistrum,Raphanus raphanistrum L.,Raphanus raphanistrum,,EML,2025-12-28T19:51:26.334Z,2025-12-28T19:45:19.089Z,,true,,,false,NORTH_AMERICA,LATIN_AMERICA,,,,,,,,,
1998374117,https://huh.harvard.edu/access-digital-reproductions-works-public-domain,,en,CC_BY_4_0,2015-07-26T17:33:22Z,,http://data.huh.harvard.edu/10703a42-a872-44ac-84cd-9cce608262b5/image,President and Fellows of Harvard College,http://purl.org/dc/dcmitype/PhysicalObject,urn:lsid:biocol.org:col:15868,urn:lsid:biocol.org:col:15868,,NEBC,NEBC,Harvard University Herbaria: All Records,,PRESERVED_SPECIMEN,,,"{""huh_taxonomic_group"": ""Vascular"", ""huh_project_id"": 3, ""huh_project_name"": ""New England Vascular Plants TCN""}",10703a42-a872-44ac-84cd-9cce608262b5,barcode-00602170,1247,E. B. Chamberlain,,,,,,,,,,,,,,,PRESENT,Sheet,in collection,,,,,,,,,,,,,,,,,,,,1247,1909-07-25,,206,206,1909,7,25,"July 25, 1909",,,,,,,,,,North America;United States of America;Maine;Cumberland County;,NORTH_AMERICA,,,,US,Maine,Cumberland County,Cumberland,Cumberland,Cumberland,,,,,,,,,,,,,,,,,,,,,,,,,,,,,,,,,,,,,,,,,,,,,,,,,,,,,,,,,,,Raphanus raphanistrum L.,,,,,,,,Plantae,Tracheophyta,Magnoliopsida,Brassicales,,Brassicaceae,,,,Raphanus,Raphanus,,,raphanistrum,,,SPECIES,,,,ACCEPTED,,,861e6afe-f762-11e1-a439-00145eb45e9a,US,2025-12-20T23:46:24.897Z,,,,,,,,,StillImage,false,false,3040983,3040983,6,7707728,220,7225535,3112,3040962,,3040983,Raphanus raphanistrum,Raphanus raphanistrum L.,Raphanus raphanistrum Linnaeus,,EML,2025-12-20T23:46:24.897Z,2025-12-20T23:24:38.540Z,,false,,,false,NORTH_AMERICA,NORTH_AMERICA,,,,,,,,,
1998381139,https://huh.harvard.edu/access-digital-reproductions-works-public-domain,,en,CC_BY_4_0,2015-07-26T16:39:40Z,,http://data.huh.harvard.edu/12117e24-4c9a-428f-98fd-cc6ee0702ef1/image,President and Fellows of Harvard College,http://purl.org/dc/dcmitype/PhysicalObject,urn:lsid:biocol.org:col:15868,urn:lsid:biocol.org:col:15868,,NEBC,NEBC,Harvard University Herbaria: All Records,,PRESERVED_SPECIMEN,,,"{""huh_taxonomic_group"": ""Vascular"", ""huh_project_id"": 3, ""huh_project_name"": ""New England Vascular Plants TCN""}",12117e24-4c9a-428f-98fd-cc6ee0702ef1,barcode-00582396,,W. H. Dunbar & J. L. Wakefield,,,,,,,,,,,,,,,PRESENT,Sheet,in collection,,,,,,,,,,,,,,,,,,,,,1880,,,,1880,,,July 1880,,,,,,,,,,North America;United States of America;Maine;,NORTH_AMERICA,,,,US,Maine,,,Mount Desert Island,Mount Desert Island,,,,,,,,,,,,,,,,,,,,,,,,,,,,,,,,,,,,,,,,,,,,,,,,,,,,,,,,,,,Raphanus raphanistrum L.,,,,,,,,Plantae,Tracheophyta,Magnoliopsida,Brassicales,,Brassicaceae,,,,Raphanus,Raphanus,,,raphanistrum,,,SPECIES,,,,ACCEPTED,,,861e6afe-f762-11e1-a439-00145eb45e9a,US,2025-12-20T23:46:28.914Z,,,,,,,,,StillImage,false,false,3040983,3040983,6,7707728,220,7225535,3112,3040962,,3040983,Raphanus raphanistrum,Raphanus raphanistrum L.,Raphanus raphanistrum Linnaeus,,EML,2025-12-20T23:46:28.914Z,2025-12-20T23:24:38.540Z,,false,,,false,NORTH_AMERICA,NORTH_AMERICA,,,,,,,,,
1998384759,https://huh.harvard.edu/access-digital-reproductions-works-public-domain,,en,CC_BY_4_0,2015-07-26T17:31:45Z,,http://data.huh.harvard.edu/12c3f0d4-4eb2-4065-8c93-c03ea85f6a32/image,President and Fellows of Harvard College,http://purl.org/dc/dcmitype/PhysicalObject,urn:lsid:biocol.org:col:15868,urn:lsid:biocol.org:col:15868,,NEBC,NEBC,Harvard University Herbaria: All Records,,PRESERVED_SPECIMEN,,,"{""huh_taxonomic_group"": ""Vascular"", ""huh_project_id"": 3, ""huh_project_name"": ""New England Vascular Plants TCN""}",12c3f0d4-4eb2-4065-8c93-c03ea85f6a32,barcode-00602164,1,W. Deane,,,,,,,,,,,,,,,PRESENT,Sheet,in collection,,,,,,,,,,,,,,,,,,,,1,1899-08-08,,220,220,1899,8,8,"Aug. 8, 1899",,,,,,,,,,North America;United States of America;Maine;,NORTH_AMERICA,,,,US,Maine,,,Dover,Dover,,,,,,,,,,,,,,,,,,,,,,,,,,,,,,,,,,,,,,,,,,,,,,,,,,,,,,,,,,,Raphanus raphanistrum L.,,,,,,,,Plantae,Tracheophyta,Magnoliopsida,Brassicales,,Brassicaceae,,,,Raphanus,Raphanus,,,raphanistrum,,,SPECIES,,,,ACCEPTED,,,861e6afe-f762-11e1-a439-00145eb45e9a,US,2025-12-20T23:46:23.364Z,,,,,,,,,StillImage,false,false,3040983,3040983,6,7707728,220,7225535,3112,3040962,,3040983,Raphanus raphanistrum,Raphanus raphanistrum L.,Raphanus raphanistrum Linnaeus,,EML,2025-12-20T23:46:23.364Z,2025-12-20T23:24:38.540Z,,false,,,false,NORTH_AMERICA,NORTH_AMERICA,,,,,,,,,
1998408687,https://huh.harvard.edu/access-digital-reproductions-works-public-domain,,en,CC_BY_4_0,2015-07-26T16:38:09Z,,http://data.huh.harvard.edu/183b301f-5874-4e09-b07d-f48176b53067/image,President and Fellows of Harvard College,http://purl.org/dc/dcmitype/PhysicalObject,urn:lsid:biocol.org:col:15631,urn:lsid:biocol.org:col:15631,,GH,GH,Harvard University Herbaria: All Records,,PRESERVED_SPECIMEN,,,"{""huh_taxonomic_group"": ""Vascular"", ""huh_project_id"": 3, ""huh_project_name"": ""New England Vascular Plants TCN""}",183b301f-5874-4e09-b07d-f48176b53067,barcode-00582389,,E. F. Williams,,,,,,,,,,,,,,,PRESENT,Sheet,in collection,,,,,,,,,,,,,,,,,,,,,1897-07-12,,193,193,1897,7,12,July 12. 1897,,,,,,,,,,North America;United States of America;Maine;Hancock County;,NORTH_AMERICA,,,Mount Desert Island,US,Maine,Hancock County,,Mount Desert Island,Mount Desert Island,,,,,,,"[Locality recorded only to Mount Desert Island, municipality not identified, more data may exist on sheet.]",,,,,,,,,,,,,,,,,,,,,,,,,,,,,,,,,,,,,,,,,,,,,,,,,,,,Raphanus raphanistrum L.,,,,,,,,Plantae,Tracheophyta,Magnoliopsida,Brassicales,,Brassicaceae,,,,Raphanus,Raphanus,,,raphanistrum,,,SPECIES,,,,ACCEPTED,,,861e6afe-f762-11e1-a439-00145eb45e9a,US,2025-12-20T23:46:27.051Z,,,,,,,,,StillImage,false,false,3040983,3040983,6,7707728,220,7225535,3112,3040962,,3040983,Raphanus raphanistrum,Raphanus raphanistrum L.,Raphanus raphanistrum Linnaeus,,EML,2025-12-20T23:46:27.051Z,2025-12-20T23:24:38.540Z,,false,,,false,NORTH_AMERICA,NORTH_AMERICA,,,,,,,,,
1998412530,https://huh.harvard.edu/access-digital-reproductions-works-public-domain,,en,CC_BY_4_0,2015-07-26T17:32:49Z,,http://data.huh.harvard.edu/18f2f4a3-cc4a-48cc-9c0b-6017782ce60d/image,President and Fellows of Harvard College,http://purl.org/dc/dcmitype/PhysicalObject,urn:lsid:biocol.org:col:15868,urn:lsid:biocol.org:col:15868,,NEBC,NEBC,Harvard University Herbaria: All Records,,PRESERVED_SPECIMEN,,,"{""huh_taxonomic_group"": ""Vascular"", ""huh_project_id"": 3, ""huh_project_name"": ""New England Vascular Plants TCN""}",18f2f4a3-cc4a-48cc-9c0b-6017782ce60d,barcode-00602168,3001,A. F. Hill,,,,,,,,,,,,,,,PRESENT,Sheet,in collection,,,,,,,,,,,,,,,,,,,,3001,1918-08-10,,222,222,1918,8,10,"August 10, 1918",,,,,,,,,,North America;United States of America;Maine;Hancock County;,NORTH_AMERICA,,,,US,Maine,Hancock County,Brooklin,Brooklin,Brooklin,,,,,,,,,,,,,,,,,,,,,,,,,,,,,,,,,,,,,,,,,,,,,,,,,,,,,,,,,,,Raphanus raphanistrum L.,,,,,,,,Plantae,Tracheophyta,Magnoliopsida,Brassicales,,Brassicaceae,,,,Raphanus,Raphanus,,,raphanistrum,,,SPECIES,,,,ACCEPTED,,,861e6afe-f762-11e1-a439-00145eb45e9a,US,2025-12-20T23:46:26.610Z,,,,,,,,,StillImage,false,false,3040983,3040983,6,7707728,220,7225535,3112,3040962,,3040983,Raphanus raphanistrum,Raphanus raphanistrum L.,Raphanus raphanistrum Linnaeus,,EML,2025-12-20T23:46:26.610Z,2025-12-20T23:24:38.540Z,,false,,,false,NORTH_AMERICA,NORTH_AMERICA,,,,,,,,,
1998445758,https://huh.harvard.edu/access-digital-reproductions-works-public-domain,,en,CC_BY_4_0,2015-07-26T16:43:17Z,,http://data.huh.harvard.edu/20890c6d-a079-428a-b894-9e7a94470ad4/image,President and Fellows of Harvard College,http://purl.org/dc/dcmitype/PhysicalObject,urn:lsid:biocol.org:col:15868,urn:lsid:biocol.org:col:15868,,NEBC,NEBC,Harvard University Herbaria: All Records,,PRESERVED_SPECIMEN,,,"{""huh_taxonomic_group"": ""Vascular"", ""huh_project_id"": 3, ""huh_project_name"": ""New England Vascular Plants TCN""}",20890c6d-a079-428a-b894-9e7a94470ad4,barcode-00582392,,[no data available],,,,,,,,,,,,,,,PRESENT,Sheet,in collection,,,,,,,,,,,,,,,,,,,,,1905-09-15,,258,258,1905,9,15,,,,,,,,,,,North America;United States of America;Maine;,NORTH_AMERICA,,,,US,Maine,,,Mount Desert Island,Mount Desert Island,,,,,,,,,,,,,,,,,,,,,,,,,,,,,,,,,,,,,,,,,,,,,,,,,,,,,,,,,,,Raphanus raphanistrum L.,,,,,,,,Plantae,Tracheophyta,Magnoliopsida,Brassicales,,Brassicaceae,,,,Raphanus,Raphanus,,,raphanistrum,,,SPECIES,,,,ACCEPTED,,,861e6afe-f762-11e1-a439-00145eb45e9a,US,2025-12-20T23:46:18.060Z,,,,,,,,,StillImage,false,false,3040983,3040983,6,7707728,220,7225535,3112,3040962,,3040983,Raphanus raphanistrum,Raphanus raphanistrum L.,Raphanus raphanistrum Linnaeus,,EML,2025-12-20T23:46:18.060Z,2025-12-20T23:24:38.540Z,,false,,,false,NORTH_AMERICA,NORTH_AMERICA,,,,,,,,,
1998454138,https://huh.harvard.edu/access-digital-reproductions-works-public-domain,,en,CC_BY_4_0,2015-07-26T16:41:03Z,,http://data.huh.harvard.edu/226826d2-5660-4ca4-90e5-fe191ce89cd3/image,President and Fellows of Harvard College,http://purl.org/dc/dcmitype/PhysicalObject,urn:lsid:biocol.org:col:15868,urn:lsid:biocol.org:col:15868,,NEBC,NEBC,Harvard University Herbaria: All Records,,PRESERVED_SPECIMEN,,,"{""huh_taxonomic_group"": ""Vascular"", ""huh_project_id"": 3, ""huh_project_name"": ""New England Vascular Plants TCN""}",226826d2-5660-4ca4-90e5-fe191ce89cd3,barcode-00582401,1632,A. F. Hill,,,,,,,,,,,,,,,PRESENT,Sheet,in collection,,,,,,,,,,,,,,,,,,,,1632,1914-07-25,,206,206,1914,7,25,July 25 1914,,,,,,,,,,North America;United States of America;Maine;Knox County;,NORTH_AMERICA,,,,US,Maine,Knox County,Isle au Haut,Isle au Haut,Isle au Haut,,,,,,,,,,,,,,,,,,,,,,,,,,,,,,,,,,,,,,,,,,,,,,,,,,,,,,,,,,,Raphanus raphanistrum L.,,,,,,,,Plantae,Tracheophyta,Magnoliopsida,Brassicales,,Brassicaceae,,,,Raphanus,Raphanus,,,raphanistrum,,,SPECIES,,,,ACCEPTED,,,861e6afe-f762-11e1-a439-00145eb45e9a,US,2025-12-20T23:46:20.209Z,,,,,,,,,StillImage,false,false,3040983,3040983,6,7707728,220,7225535,3112,3040962,,3040983,Raphanus raphanistrum,Raphanus raphanistrum L.,Raphanus raphanistrum Linnaeus,,EML,2025-12-20T23:46:20.209Z,2025-12-20T23:24:38.540Z,,false,,,false,NORTH_AMERICA,NORTH_AMERICA,,,,,,,,,
1998454694,https://huh.harvard.edu/access-digital-reproductions-works-public-domain,,en,CC_BY_4_0,2015-07-26T16:40:14Z,,http://data.huh.harvard.edu/227ed255-86fe-44a9-9a56-2ab2f059601c/image,President and Fellows of Harvard College,http://purl.org/dc/dcmitype/PhysicalObject,urn:lsid:biocol.org:col:15868,urn:lsid:biocol.org:col:15868,,NEBC,NEBC,Harvard University Herbaria: All Records,,PRESERVED_SPECIMEN,,,"{""huh_taxonomic_group"": ""Vascular"", ""huh_project_id"": 3, ""huh_project_name"": ""New England Vascular Plants TCN""}",227ed255-86fe-44a9-9a56-2ab2f059601c,barcode-00582397,1589,A. F. Hill,,,,,,,,,,,,,,,PRESENT,Sheet,in collection,,,,,,,,,,,,,,,,,,,,1589,1914-07-31,,212,212,1914,7,31,"July 31, 1914",,,,,,,,,,North America;United States of America;Maine;Hancock County;,NORTH_AMERICA,,,,US,Maine,Hancock County,Swans Island,Swans Island,Swans Island,,,,,,,,,,,,,,,,,,,,,,,,,,,,,,,,,,,,,,,,,,,,,,,,,,,,,,,,,,,Raphanus raphanistrum L.,,,,,,,,Plantae,Tracheophyta,Magnoliopsida,Brassicales,,Brassicaceae,,,,Raphanus,Raphanus,,,raphanistrum,,,SPECIES,,,,ACCEPTED,,,861e6afe-f762-11e1-a439-00145eb45e9a,US,2025-12-20T23:46:22.954Z,,,,,,,,,StillImage,false,false,3040983,3040983,6,7707728,220,7225535,3112,3040962,,3040983,Raphanus raphanistrum,Raphanus raphanistrum L.,Raphanus raphanistrum Linnaeus,,EML,2025-12-20T23:46:22.954Z,2025-12-20T23:24:38.540Z,,false,,,false,NORTH_AMERICA,NORTH_AMERICA,,,,,,,,,
1998545710,https://huh.harvard.edu/access-digital-reproductions-works-public-domain,,en,CC_BY_4_0,2015-07-26T16:36:48Z,,http://data.huh.harvard.edu/36eb8e08-6c4b-4a7a-b85b-ae74307d8850/image,President and Fellows of Harvard College,http://purl.org/dc/dcmitype/PhysicalObject,urn:lsid:biocol.org:col:15868,urn:lsid:biocol.org:col:15868,,NEBC,NEBC,Harvard University Herbaria: All Records,,PRESERVED_SPECIMEN,,,"{""huh_taxonomic_group"": ""Vascular"", ""huh_project_id"": 3, ""huh_project_name"": ""New England Vascular Plants TCN""}",36eb8e08-6c4b-4a7a-b85b-ae74307d8850,barcode-00582382,,J. Parkin,,,,,,,,,,,,,,,PRESENT,Sheet,in collection,,,,,,,,,,,,,,,,,,,,,1893,,,,1893,,,July 1893,,,,,,,,,,North America;United States of America;Maine;Oxford County;,NORTH_AMERICA,,,,US,Maine,Oxford County,Hartford,Hartford,Hartford,,,,,,,,,,,,,,,,,,,,,,,,,,,,,,,,,,,,,,,,,,,,,,,,,,,,,,,,,,,Raphanus raphanistrum L.,,,,,,,,Plantae,Tracheophyta,Magnoliopsida,Brassicales,,Brassicaceae,,,,Raphanus,Raphanus,,,raphanistrum,,,SPECIES,,,,ACCEPTED,,,861e6afe-f762-11e1-a439-00145eb45e9a,US,2025-12-20T23:46:21.403Z,,,,,,,,,StillImage,false,false,3040983,3040983,6,7707728,220,7225535,3112,3040962,,3040983,Raphanus raphanistrum,Raphanus raphanistrum L.,Raphanus raphanistrum Linnaeus,,EML,2025-12-20T23:46:21.403Z,2025-12-20T23:24:38.540Z,,false,,,false,NORTH_AMERICA,NORTH_AMERICA,,,,,,,,,
1998545689,https://huh.harvard.edu/access-digital-reproductions-works-public-domain,,en,CC_BY_4_0,2015-07-26T16:42:56Z,,http://data.huh.harvard.edu/36ee3ef2-6abd-408b-a274-265b46784419/image,President and Fellows of Harvard College,http://purl.org/dc/dcmitype/PhysicalObject,urn:lsid:biocol.org:col:15631,urn:lsid:biocol.org:col:15631,,GH,GH,Harvard University Herbaria: All Records,,PRESERVED_SPECIMEN,,,"{""huh_taxonomic_group"": ""Vascular"", ""huh_project_id"": 3, ""huh_project_name"": ""New England Vascular Plants TCN""}",36ee3ef2-6abd-408b-a274-265b46784419,barcode-00582388,,[no data available],,,,,,,,,,,,,,,PRESENT,Sheet,in collection,,,,,,,,,,,,,,,,,,,,,1902-07-01,,182,182,1902,7,1,,,,,,,,,,,North America;United States of America;Maine;Knox County;,NORTH_AMERICA,,,,US,Maine,Knox County,Washington,Washington,Washington,,,,,,,,,,,,,,,,,,,,,,,,,,,,,,,,,,,,,,,,,,,,,,,,,,,,,,,,,,,Raphanus raphanistrum L.,,,,,,,,Plantae,Tracheophyta,Magnoliopsida,Brassicales,,Brassicaceae,,,,Raphanus,Raphanus,,,raphanistrum,,,SPECIES,,,,ACCEPTED,,,861e6afe-f762-11e1-a439-00145eb45e9a,US,2025-12-20T23:46:21.152Z,,,,,,,,,StillImage,false,false,3040983,3040983,6,7707728,220,7225535,3112,3040962,,3040983,Raphanus raphanistrum,Raphanus raphanistrum L.,Raphanus raphanistrum Linnaeus,,EML,2025-12-20T23:46:21.152Z,2025-12-20T23:24:38.540Z,,false,,,false,NORTH_AMERICA,NORTH_AMERICA,,,,,,,,,
1998554455,https://huh.harvard.edu/access-digital-reproductions-works-public-domain,,en,CC_BY_4_0,2015-07-26T16:43:37Z,,http://data.huh.harvard.edu/38e22a78-a235-4e81-8884-4e6260cf0622/image,President and Fellows of Harvard College,http://purl.org/dc/dcmitype/PhysicalObject,urn:lsid:biocol.org:col:15868,urn:lsid:biocol.org:col:15868,,NEBC,NEBC,Harvard University Herbaria: All Records,,PRESERVED_SPECIMEN,,,"{""huh_taxonomic_group"": ""Vascular"", ""huh_project_id"": 3, ""huh_project_name"": ""New England Vascular Plants TCN""}",38e22a78-a235-4e81-8884-4e6260cf0622,barcode-00582398,,[no data available],,,,,,,,,,,,,,,PRESENT,Sheet,in collection,,,,,,,,,,,,,,,,,,,,,1902-07-01,,182,182,1902,7,1,,,,,,,,,,,North America;United States of America;Maine;Knox County;,NORTH_AMERICA,,,,US,Maine,Knox County,Washington,Washington,Washington,,,,,,,,,,,,,,,,,,,,,,,,,,,,,,,,,,,,,,,,,,,,,,,,,,,,,,,,,,,Raphanus raphanistrum L.,,,,,,,,Plantae,Tracheophyta,Magnoliopsida,Brassicales,,Brassicaceae,,,,Raphanus,Raphanus,,,raphanistrum,,,SPECIES,,,,ACCEPTED,,,861e6afe-f762-11e1-a439-00145eb45e9a,US,2025-12-20T23:46:22.396Z,,,,,,,,,StillImage,false,false,3040983,3040983,6,7707728,220,7225535,3112,3040962,,3040983,Raphanus raphanistrum,Raphanus raphanistrum L.,Raphanus raphanistrum Linnaeus,,EML,2025-12-20T23:46:22.396Z,2025-12-20T23:24:38.540Z,,false,,,false,NORTH_AMERICA,NORTH_AMERICA,,,,,,,,,
1998580284,https://huh.harvard.edu/access-digital-reproductions-works-public-domain,,en,CC_BY_4_0,2015-07-26T16:47:41Z,,http://data.huh.harvard.edu/3ec342bd-1cea-4a17-bac9-047ba89efc0c/image,President and Fellows of Harvard College,http://purl.org/dc/dcmitype/PhysicalObject,urn:lsid:biocol.org:col:15868,urn:lsid:biocol.org:col:15868,,NEBC,NEBC,Harvard University Herbaria: All Records,,PRESERVED_SPECIMEN,,,"{""huh_taxonomic_group"": ""Vascular"", ""huh_project_id"": 3, ""huh_project_name"": ""New England Vascular Plants TCN""}",3ec342bd-1cea-4a17-bac9-047ba89efc0c,barcode-00582418,30007,S. K. Harris,,,,,,,,,,,,,,,PRESENT,Sheet,in collection,,,,,,,,,,,,,,,,,,,,30007,1966-08-11,,223,223,1966,8,11,11 August 1966,,,,,,,,,,North America;United States of America;Maine;,NORTH_AMERICA,,,,US,Maine,,,Atkinson and Gilmanton Academy,Atkinson and Gilmanton Academy,,,,,,,,,,,,,,,,,,,,,,,,,,,,,,,,,,,,,,,,,,,,,,,,,,,,,,,,,,,Raphanus raphanistrum L.,,,,,,,,Plantae,Tracheophyta,Magnoliopsida,Brassicales,,Brassicaceae,,,,Raphanus,Raphanus,,,raphanistrum,,,SPECIES,,,,ACCEPTED,,,861e6afe-f762-11e1-a439-00145eb45e9a,US,2025-12-20T23:46:21.280Z,,,,,,,,,StillImage,false,false,3040983,3040983,6,7707728,220,7225535,3112,3040962,,3040983,Raphanus raphanistrum,Raphanus raphanistrum L.,Raphanus raphanistrum Linnaeus,,EML,2025-12-20T23:46:21.280Z,2025-12-20T23:24:38.540Z,,false,,,false,NORTH_AMERICA,NORTH_AMERICA,,,,,,,,,
1998641028,https://huh.harvard.edu/access-digital-reproductions-works-public-domain,,en,CC_BY_4_0,2015-07-26T17:33:38Z,,http://data.huh.harvard.edu/4c7a2ccd-3854-427e-8a54-c2a460cad895/image,President and Fellows of Harvard College,http://purl.org/dc/dcmitype/PhysicalObject,urn:lsid:biocol.org:col:15868,urn:lsid:biocol.org:col:15868,,NEBC,NEBC,Harvard University Herbaria: All Records,,PRESERVED_SPECIMEN,,,"{""huh_taxonomic_group"": ""Vascular"", ""huh_project_id"": 3, ""huh_project_name"": ""New England Vascular Plants TCN""}",4c7a2ccd-3854-427e-8a54-c2a460cad895,barcode-00602171,13924,A. S. Pease,,,,,,,,,,,,,,,PRESENT,Sheet,in collection,,,,,,,,,,,,,,,,,,,,13924,1912-08-23,,236,236,1912,8,23,23 Aug 1912,,,,,,,,,,North America;United States of America;Maine;,NORTH_AMERICA,,,,US,Maine,,,Colebrook,Colebrook,,,,,,,,,,,,,,,,,,,,,,,,,,,,,,,,,,,,,,,,,,,,,,,,,,,,,,,,,,,Raphanus raphanistrum L.,,,,,,,,Plantae,Tracheophyta,Magnoliopsida,Brassicales,,Brassicaceae,,,,Raphanus,Raphanus,,,raphanistrum,,,SPECIES,,,,ACCEPTED,,,861e6afe-f762-11e1-a439-00145eb45e9a,US,2025-12-20T23:46:29.160Z,,,,,,,,,StillImage,false,false,3040983,3040983,6,7707728,220,7225535,3112,3040962,,3040983,Raphanus raphanistrum,Raphanus raphanistrum L.,Raphanus raphanistrum Linnaeus,,EML,2025-12-20T23:46:29.160Z,2025-12-20T23:24:38.540Z,,false,,,false,NORTH_AMERICA,NORTH_AMERICA,,,,,,,,,
1998657067,https://huh.harvard.edu/access-digital-reproductions-works-public-domain,,en,CC_BY_4_0,2015-07-26T16:38:59Z,,http://data.huh.harvard.edu/503392d7-e680-4e12-988d-6ee96657f698/image,President and Fellows of Harvard College,http://purl.org/dc/dcmitype/PhysicalObject,urn:lsid:biocol.org:col:15868,urn:lsid:biocol.org:col:15868,,NEBC,NEBC,Harvard University Herbaria: All Records,,PRESERVED_SPECIMEN,,,"{""huh_taxonomic_group"": ""Vascular"", ""huh_project_id"": 3, ""huh_project_name"": ""New England Vascular Plants TCN""}",503392d7-e680-4e12-988d-6ee96657f698,barcode-00582393,,E. L. Rand,,,,,,,,,,,,,,,PRESENT,Sheet,in collection,,,,,,,,,,,,,,,,,,,,,1890-08-21,,233,233,1890,8,21,August 21st 1890,,,,,,,,,,North America;United States of America;Maine;,NORTH_AMERICA,,,,US,Maine,,,Mount Desert Island,Mount Desert Island,,,,,,,,,,,,,,,,,,,,,,,,,,,,,,,,,,,,,,,,,,,,,,,,,,,,,,,,,,,Raphanus raphanistrum L.,,,,,,,,Plantae,Tracheophyta,Magnoliopsida,Brassicales,,Brassicaceae,,,,Raphanus,Raphanus,,,raphanistrum,,,SPECIES,,,,ACCEPTED,,,861e6afe-f762-11e1-a439-00145eb45e9a,US,2025-12-20T23:46:20.320Z,,,,,,,,,StillImage,false,false,3040983,3040983,6,7707728,220,7225535,3112,3040962,,3040983,Raphanus raphanistrum,Raphanus raphanistrum L.,Raphanus raphanistrum Linnaeus,,EML,2025-12-20T23:46:20.320Z,2025-12-20T23:24:38.540Z,,false,,,false,NORTH_AMERICA,NORTH_AMERICA,,,,,,,,,
1998692517,https://huh.harvard.edu/access-digital-reproductions-works-public-domain,,en,CC_BY_4_0,2015-07-26T16:36:16Z,,http://data.huh.harvard.edu/58282a82-02e9-4e60-9648-dc227ef33801/image,President and Fellows of Harvard College,http://purl.org/dc/dcmitype/PhysicalObject,urn:lsid:biocol.org:col:15868,urn:lsid:biocol.org:col:15868,,NEBC,NEBC,Harvard University Herbaria: All Records,,PRESERVED_SPECIMEN,,,"{""huh_taxonomic_group"": ""Vascular"", ""huh_project_id"": 3, ""huh_project_name"": ""New England Vascular Plants TCN""}",58282a82-02e9-4e60-9648-dc227ef33801,barcode-00582380,,K. Furbish,,,,,,,,,,,,,,,PRESENT,Sheet,in collection,,,,,,,,,,,,,,,,,,,,,1897,,,,1897,,,July 1897,,,,,,,,,,North America;United States of America;Maine;Oxford County;,NORTH_AMERICA,,,,US,Maine,Oxford County,Gilead,Gilead,Gilead,,,,,,,,,,,,,,,,,,,,,,,,,,,,,,,,,,,,,,,,,,,,,,,,,,,,,,,,,,,Raphanus raphanistrum L.,,,,,,,,Plantae,Tracheophyta,Magnoliopsida,Brassicales,,Brassicaceae,,,,Raphanus,Raphanus,,,raphanistrum,,,SPECIES,,,,ACCEPTED,,,861e6afe-f762-11e1-a439-00145eb45e9a,US,2025-12-20T23:46:24.669Z,,,,,,,,,StillImage,false,false,3040983,3040983,6,7707728,220,7225535,3112,3040962,,3040983,Raphanus raphanistrum,Raphanus raphanistrum L.,Raphanus raphanistrum Linnaeus,,EML,2025-12-20T23:46:24.669Z,2025-12-20T23:24:38.540Z,,false,,,false,NORTH_AMERICA,NORTH_AMERICA,,,,,,,,,
1998704055,https://huh.harvard.edu/access-digital-reproductions-works-public-domain,,en,CC_BY_4_0,2015-07-26T16:35:59Z,,http://data.huh.harvard.edu/5aac64ab-1809-48e3-96dd-86458623aab7/image,President and Fellows of Harvard College,http://purl.org/dc/dcmitype/PhysicalObject,urn:lsid:biocol.org:col:15868,urn:lsid:biocol.org:col:15868,,NEBC,NEBC,Harvard University Herbaria: All Records,,PRESERVED_SPECIMEN,,,"{""huh_taxonomic_group"": ""Vascular"", ""huh_project_id"": 3, ""huh_project_name"": ""New England Vascular Plants TCN""}",5aac64ab-1809-48e3-96dd-86458623aab7,barcode-00582379,607302,L. A. Wheeler,,,,,,,,,,,,,,,PRESENT,Sheet,in collection,,,,,,,,,,,,,,,,,,,,607302,1937-06-28,,179,179,1937,6,28,6/28/37,,,,,,,,,,North America;United States of America;Maine;,NORTH_AMERICA,,,,US,Maine,,,North-West Bethel,North-West Bethel,,,,,,,,,,,,,,,,,,,,,,,,,,,,,,,,,,,,,,,,,,,,,,,,,,,,,,,,,,,Raphanus raphanistrum L.,,,,,,,,Plantae,Tracheophyta,Magnoliopsida,Brassicales,,Brassicaceae,,,,Raphanus,Raphanus,,,raphanistrum,,,SPECIES,,,,ACCEPTED,,,861e6afe-f762-11e1-a439-00145eb45e9a,US,2025-12-20T23:46:22.745Z,,,,,,,,,StillImage,false,false,3040983,3040983,6,7707728,220,7225535,3112,3040962,,3040983,Raphanus raphanistrum,Raphanus raphanistrum L.,Raphanus raphanistrum Linnaeus,,EML,2025-12-20T23:46:22.745Z,2025-12-20T23:24:38.540Z,,false,,,false,NORTH_AMERICA,NORTH_AMERICA,,,,,,,,,
1998736280,https://huh.harvard.edu/access-digital-reproductions-works-public-domain,,en,CC_BY_4_0,2015-07-26T16:40:30Z,,http://data.huh.harvard.edu/620ace6a-7434-4614-b4a9-d4a76240ba9b/image,President and Fellows of Harvard College,http://purl.org/dc/dcmitype/PhysicalObject,urn:lsid:biocol.org:col:15868,urn:lsid:biocol.org:col:15868,,NEBC,NEBC,Harvard University Herbaria: All Records,,PRESERVED_SPECIMEN,,,"{""huh_taxonomic_group"": ""Vascular"", ""huh_project_id"": 3, ""huh_project_name"": ""New England Vascular Plants TCN""}",620ace6a-7434-4614-b4a9-d4a76240ba9b,barcode-00582400,426,G. B. Rossbach,,,,,,,,,,,,,,,PRESENT,Sheet,in collection,,,,,,,,,,,,,,,,,,,,426,1930-07-07,,188,188,1930,7,7,"July 7, 1930",,,,,,,,,,North America;United States of America;Maine;Waldo County;,NORTH_AMERICA,,,,US,Maine,Waldo County,Lincolnville,Lincolnville,Lincolnville,,,,,,,,,,,,,,,,,,,,,,,,,,,,,,,,,,,,,,,,,,,,,,,,,,,,,,,,,,,Raphanus raphanistrum L.,,,,,,,,Plantae,Tracheophyta,Magnoliopsida,Brassicales,,Brassicaceae,,,,Raphanus,Raphanus,,,raphanistrum,,,SPECIES,,,,ACCEPTED,,,861e6afe-f762-11e1-a439-00145eb45e9a,US,2025-12-20T23:46:27.004Z,,,,,,,,,StillImage,false,false,3040983,3040983,6,7707728,220,7225535,3112,3040962,,3040983,Raphanus raphanistrum,Raphanus raphanistrum L.,Raphanus raphanistrum Linnaeus,,EML,2025-12-20T23:46:27.004Z,2025-12-20T23:24:38.540Z,,false,,,false,NORTH_AMERICA,NORTH_AMERICA,,,,,,,,,
1998783734,https://huh.harvard.edu/access-digital-reproductions-works-public-domain,,en,CC_BY_4_0,2015-07-26T16:39:15Z,,http://data.huh.harvard.edu/6c9dc4b3-8c22-4e49-9c40-762d8ef09414/image,President and Fellows of Harvard College,http://purl.org/dc/dcmitype/PhysicalObject,urn:lsid:biocol.org:col:15868,urn:lsid:biocol.org:col:15868,,NEBC,NEBC,Harvard University Herbaria: All Records,,PRESERVED_SPECIMEN,,,"{""huh_taxonomic_group"": ""Vascular"", ""huh_project_id"": 3, ""huh_project_name"": ""New England Vascular Plants TCN""}",6c9dc4b3-8c22-4e49-9c40-762d8ef09414,barcode-00582394,,J. L. Wakefield,,,,,,,,,,,,,,,PRESENT,Sheet,in collection,,,,,,,,,,,,,,,,,,,,,1890-08-21,,233,233,1890,8,21,August 21 1890,,,,,,,,,,North America;United States of America;Maine;,NORTH_AMERICA,,,,US,Maine,,,Mount Desert Island,Mount Desert Island,,,,,,,,,,,,,,,,,,,,,,,,,,,,,,,,,,,,,,,,,,,,,,,,,,,,,,,,,,,Raphanus raphanistrum L.,,,,,,,,Plantae,Tracheophyta,Magnoliopsida,Brassicales,,Brassicaceae,,,,Raphanus,Raphanus,,,raphanistrum,,,SPECIES,,,,ACCEPTED,,,861e6afe-f762-11e1-a439-00145eb45e9a,US,2025-12-20T23:46:23.501Z,,,,,,,,,StillImage,false,false,3040983,3040983,6,7707728,220,7225535,3112,3040962,,3040983,Raphanus raphanistrum,Raphanus raphanistrum L.,Raphanus raphanistrum Linnaeus,,EML,2025-12-20T23:46:23.501Z,2025-12-20T23:24:38.540Z,,false,,,false,NORTH_AMERICA,NORTH_AMERICA,,,,,,,,,
1998789473,https://huh.harvard.edu/access-digital-reproductions-works-public-domain,,en,CC_BY_4_0,2015-07-26T17:32:01Z,,http://data.huh.harvard.edu/6e0ceed9-88fa-4c72-8858-2a9b4c90bee3/image,President and Fellows of Harvard College,http://purl.org/dc/dcmitype/PhysicalObject,urn:lsid:biocol.org:col:15868,urn:lsid:biocol.org:col:15868,,NEBC,NEBC,Harvard University Herbaria: All Records,,PRESERVED_SPECIMEN,,,"{""huh_taxonomic_group"": ""Vascular"", ""huh_project_id"": 3, ""huh_project_name"": ""New England Vascular Plants TCN""}",6e0ceed9-88fa-4c72-8858-2a9b4c90bee3,barcode-00602165,,M. L. Fernald,,,,,,,,,,,,,,,PRESENT,Sheet,in collection,,,,,,,,,,,,,,,,,,,,,1894-08-13,,225,225,1894,8,13,"Aug. 13, 1894",,,,,,,,,,North America;United States of America;Maine;Franklin County;,NORTH_AMERICA,,,,US,Maine,Franklin County,Farmington,Farmington,Farmington,,,,,,,,,,,,,,,,,,,,,,,,,,,,,,,,,,,,,,,,,,,,,,,,,,,,,,,,,,,Raphanus raphanistrum L.,,,,,,,,Plantae,Tracheophyta,Magnoliopsida,Brassicales,,Brassicaceae,,,,Raphanus,Raphanus,,,raphanistrum,,,SPECIES,,,,ACCEPTED,,,861e6afe-f762-11e1-a439-00145eb45e9a,US,2025-12-20T23:46:26.189Z,,,,,,,,,StillImage,false,false,3040983,3040983,6,7707728,220,7225535,3112,3040962,,3040983,Raphanus raphanistrum,Raphanus raphanistrum L.,Raphanus raphanistrum Linnaeus,,EML,2025-12-20T23:46:26.189Z,2025-12-20T23:24:38.540Z,,false,,,false,NORTH_AMERICA,NORTH_AMERICA,,,,,,,,,
1998826733,https://huh.harvard.edu/access-digital-reproductions-works-public-domain,,en,CC_BY_4_0,2015-07-26T16:41:20Z,,http://data.huh.harvard.edu/765be6f3-bca6-42b2-a4c3-2275185ee8ff/image,President and Fellows of Harvard College,http://purl.org/dc/dcmitype/PhysicalObject,urn:lsid:biocol.org:col:15868,urn:lsid:biocol.org:col:15868,,NEBC,NEBC,Harvard University Herbaria: All Records,,PRESERVED_SPECIMEN,,,"{""huh_taxonomic_group"": ""Vascular"", ""huh_project_id"": 3, ""huh_project_name"": ""New England Vascular Plants TCN""}",765be6f3-bca6-42b2-a4c3-2275185ee8ff,barcode-00582402,,C. A. E. Long,,,,,,,,,,,,,,,PRESENT,Sheet,in collection,,,,,,,,,,,,,,,,,,,,,1920-07-16,,198,198,1920,7,16,"Jly. 16, 1920",,,,,,,,,,North America;United States of America;Maine;,NORTH_AMERICA,,,,US,Maine,,,Matinicus,Matinicus,,,,,,,,,,,,,,,,,,,,,,,,,,,,,,,,,,,,,,,,,,,,,,,,,,,,,,,,,,,Raphanus raphanistrum L.,,,,,,,,Plantae,Tracheophyta,Magnoliopsida,Brassicales,,Brassicaceae,,,,Raphanus,Raphanus,,,raphanistrum,,,SPECIES,,,,ACCEPTED,,,861e6afe-f762-11e1-a439-00145eb45e9a,US,2025-12-20T23:46:21.389Z,,,,,,,,,StillImage,false,false,3040983,3040983,6,7707728,220,7225535,3112,3040962,,3040983,Raphanus raphanistrum,Raphanus raphanistrum L.,Raphanus raphanistrum Linnaeus,,EML,2025-12-20T23:46:21.389Z,2025-12-20T23:24:38.540Z,,false,,,false,NORTH_AMERICA,NORTH_AMERICA,,,,,,,,,
1998847226,https://huh.harvard.edu/access-digital-reproductions-works-public-domain,,en,CC_BY_4_0,2015-07-26T16:41:36Z,,http://data.huh.harvard.edu/7adcccd0-94d8-485a-b659-9065765b1e15/image,President and Fellows of Harvard College,http://purl.org/dc/dcmitype/PhysicalObject,urn:lsid:biocol.org:col:15868,urn:lsid:biocol.org:col:15868,,NEBC,NEBC,Harvard University Herbaria: All Records,,PRESERVED_SPECIMEN,,,"{""huh_taxonomic_group"": ""Vascular"", ""huh_project_id"": 3, ""huh_project_name"": ""New England Vascular Plants TCN""}",7adcccd0-94d8-485a-b659-9065765b1e15,barcode-00582403,,E. B. Chamberlain,,,,,,,,,,,,,,,PRESENT,Sheet,in collection,,,,,,,,,,,,,,,,,,,,,1898-06-15,,166,166,1898,6,15,June 15. 1898,,,,,,,,,,North America;United States of America;Maine;Lincoln County;,NORTH_AMERICA,,,,US,Maine,Lincoln County,Bristol,Bristol,Bristol,,,,,,,,,,,,,,,,,,,,,,,,,,,,,,,,,,,,,,,,,,,,,,,,,,,,,,,,,,,Raphanus raphanistrum L.,,,,,,,,Plantae,Tracheophyta,Magnoliopsida,Brassicales,,Brassicaceae,,,,Raphanus,Raphanus,,,raphanistrum,,,SPECIES,,,,ACCEPTED,,,861e6afe-f762-11e1-a439-00145eb45e9a,US,2025-12-20T23:46:23.427Z,,,,,,,,,StillImage,false,false,3040983,3040983,6,7707728,220,7225535,3112,3040962,,3040983,Raphanus raphanistrum,Raphanus raphanistrum L.,Raphanus raphanistrum Linnaeus,,EML,2025-12-20T23:46:23.427Z,2025-12-20T23:24:38.540Z,,false,,,false,NORTH_AMERICA,NORTH_AMERICA,,,,,,,,,
1998870211,https://huh.harvard.edu/access-digital-reproductions-works-public-domain,,en,CC_BY_4_0,2015-07-26T16:45:29Z,,http://data.huh.harvard.edu/802b204a-e6af-4022-8474-746846d54620/image,President and Fellows of Harvard College,http://purl.org/dc/dcmitype/PhysicalObject,urn:lsid:biocol.org:col:15631,urn:lsid:biocol.org:col:15631,,GH,GH,Harvard University Herbaria: All Records,,PRESERVED_SPECIMEN,,,"{""huh_taxonomic_group"": ""Vascular"", ""huh_project_id"": 3, ""huh_project_name"": ""New England Vascular Plants TCN""}",802b204a-e6af-4022-8474-746846d54620,barcode-00582410,,J. Parkin,,,,,,,,,,,,,,,PRESENT,Sheet,in collection,,,,,,,,,,,,,,,,,,,,,1893,,,,1893,,,"Sept., 1893",,,,,,,,,,North America;United States of America;Maine;York County;,NORTH_AMERICA,,,,US,Maine,York County,North Berwick,North Berwick,North Berwick,,,,,,,,,,,,,,,,,,,,,,,,,,,,,,,,,,,,,,,,,,,,,,,,,,,,,,,,,,,Raphanus raphanistrum L.,,,,,,,,Plantae,Tracheophyta,Magnoliopsida,Brassicales,,Brassicaceae,,,,Raphanus,Raphanus,,,raphanistrum,,,SPECIES,,,,ACCEPTED,,,861e6afe-f762-11e1-a439-00145eb45e9a,US,2025-12-20T23:46:28.294Z,,,,,,,,,StillImage,false,false,3040983,3040983,6,7707728,220,7225535,3112,3040962,,3040983,Raphanus raphanistrum,Raphanus raphanistrum L.,Raphanus raphanistrum Linnaeus,,EML,2025-12-20T23:46:28.294Z,2025-12-20T23:24:38.540Z,,false,,,false,NORTH_AMERICA,NORTH_AMERICA,,,,,,,,,
1998906533,https://huh.harvard.edu/access-digital-reproductions-works-public-domain,,en,CC_BY_4_0,2015-07-26T17:32:33Z,,http://data.huh.harvard.edu/88583e6d-0c90-44e0-a698-a8c3dc051a9f/image,President and Fellows of Harvard College,http://purl.org/dc/dcmitype/PhysicalObject,urn:lsid:biocol.org:col:15868,urn:lsid:biocol.org:col:15868,,NEBC,NEBC,Harvard University Herbaria: All Records,,PRESERVED_SPECIMEN,,,"{""huh_taxonomic_group"": ""Vascular"", ""huh_project_id"": 3, ""huh_project_name"": ""New England Vascular Plants TCN""}",88583e6d-0c90-44e0-a698-a8c3dc051a9f,barcode-00602167,3000,A. F. Hill,,,,,,,,,,,,,,,PRESENT,Sheet,in collection,,,,,,,,,,,,,,,,,,,,3000,1918-08-10,,222,222,1918,8,10,"August 10, 1918",,,,,,,,,,North America;United States of America;Maine;Hancock County;,NORTH_AMERICA,,,,US,Maine,Hancock County,Brooklin,Brooklin,Brooklin,,,,,,,,,,,,,,,,,,,,,,,,,,,,,,,,,,,,,,,,,,,,,,,,,,,,,,,,,,,Raphanus raphanistrum L.,,,,,,,,Plantae,Tracheophyta,Magnoliopsida,Brassicales,,Brassicaceae,,,,Raphanus,Raphanus,,,raphanistrum,,,SPECIES,,,,ACCEPTED,,,861e6afe-f762-11e1-a439-00145eb45e9a,US,2025-12-20T23:46:23.819Z,,,,,,,,,StillImage,false,false,3040983,3040983,6,7707728,220,7225535,3112,3040962,,3040983,Raphanus raphanistrum,Raphanus raphanistrum L.,Raphanus raphanistrum Linnaeus,,EML,2025-12-20T23:46:23.819Z,2025-12-20T23:24:38.540Z,,false,,,false,NORTH_AMERICA,NORTH_AMERICA,,,,,,,,,
1998908041,https://huh.harvard.edu/access-digital-reproductions-works-public-domain,,en,CC_BY_4_0,2015-07-26T17:32:17Z,,http://data.huh.harvard.edu/889d0cac-9e98-421a-8e75-9cfd80b498d4/image,President and Fellows of Harvard College,http://purl.org/dc/dcmitype/PhysicalObject,urn:lsid:biocol.org:col:15868,urn:lsid:biocol.org:col:15868,,NEBC,NEBC,Harvard University Herbaria: All Records,,PRESERVED_SPECIMEN,,,"{""huh_taxonomic_group"": ""Vascular"", ""huh_project_id"": 3, ""huh_project_name"": ""New England Vascular Plants TCN""}",889d0cac-9e98-421a-8e75-9cfd80b498d4,barcode-00602166,,K. Furbish,,,,,,,,,,,,,,,PRESENT,Sheet,in collection,,,,,,,,,,,,,,,,,,,,,1897,,,,1897,,,1897,,,,,,,,,,North America;United States of America;Maine;Oxford County;,NORTH_AMERICA,,,,US,Maine,Oxford County,Gilead,Gilead,Gilead,,,,,,,,,,,,,,,,,,,,,,,,,,,,,,,,,,,,,,,,,,,,,,,,,,,,,,,,,,,Raphanus raphanistrum L.,,,,,,,,Plantae,Tracheophyta,Magnoliopsida,Brassicales,,Brassicaceae,,,,Raphanus,Raphanus,,,raphanistrum,,,SPECIES,,,,ACCEPTED,,,861e6afe-f762-11e1-a439-00145eb45e9a,US,2025-12-20T23:46:30.137Z,,,,,,,,,StillImage,false,false,3040983,3040983,6,7707728,220,7225535,3112,3040962,,3040983,Raphanus raphanistrum,Raphanus raphanistrum L.,Raphanus raphanistrum Linnaeus,,EML,2025-12-20T23:46:30.137Z,2025-12-20T23:24:38.540Z,,false,,,false,NORTH_AMERICA,NORTH_AMERICA,,,,,,,,,
1998951771,https://huh.harvard.edu/access-digital-reproductions-works-public-domain,,en,CC_BY_4_0,2015-07-26T16:38:26Z,,http://data.huh.harvard.edu/92817825-88b4-481b-8c9c-80dbb6bea618/image,President and Fellows of Harvard College,http://purl.org/dc/dcmitype/PhysicalObject,urn:lsid:biocol.org:col:15868,urn:lsid:biocol.org:col:15868,,NEBC,NEBC,Harvard University Herbaria: All Records,,PRESERVED_SPECIMEN,,,"{""huh_taxonomic_group"": ""Vascular"", ""huh_project_id"": 3, ""huh_project_name"": ""New England Vascular Plants TCN""}",92817825-88b4-481b-8c9c-80dbb6bea618,barcode-00582390,575,A. F. Hill,,,,,,,,,,,,,,,PRESENT,Sheet,in collection,,,,,,,,,,,,,,,,,,,,575,1913-07-05,,186,186,1913,7,5,"July 5, 1913",,,,,,,,,,North America;United States of America;Maine;Hancock County;,NORTH_AMERICA,,,,US,Maine,Hancock County,Brooklin,Brooklin,Brooklin,,,,,,,,,,,,,,,,,,,,,,,,,,,,,,,,,,,,,,,,,,,,,,,,,,,,,,,,,,,Raphanus raphanistrum L.,,,,,,,,Plantae,Tracheophyta,Magnoliopsida,Brassicales,,Brassicaceae,,,,Raphanus,Raphanus,,,raphanistrum,,,SPECIES,,,,ACCEPTED,,,861e6afe-f762-11e1-a439-00145eb45e9a,US,2025-12-20T23:46:23.728Z,,,,,,,,,StillImage,false,false,3040983,3040983,6,7707728,220,7225535,3112,3040962,,3040983,Raphanus raphanistrum,Raphanus raphanistrum L.,Raphanus raphanistrum Linnaeus,,EML,2025-12-20T23:46:23.728Z,2025-12-20T23:24:38.540Z,,false,,,false,NORTH_AMERICA,NORTH_AMERICA,,,,,,,,,
1998952906,https://huh.harvard.edu/access-digital-reproductions-works-public-domain,,en,CC_BY_4_0,2015-07-26T16:45:45Z,,http://data.huh.harvard.edu/92ba8019-3a83-4cef-baf3-ec3f2611d0a3/image,President and Fellows of Harvard College,http://purl.org/dc/dcmitype/PhysicalObject,urn:lsid:biocol.org:col:15868,urn:lsid:biocol.org:col:15868,,NEBC,NEBC,Harvard University Herbaria: All Records,,PRESERVED_SPECIMEN,,,"{""huh_taxonomic_group"": ""Vascular"", ""huh_project_id"": 3, ""huh_project_name"": ""New England Vascular Plants TCN""}",92ba8019-3a83-4cef-baf3-ec3f2611d0a3,barcode-00582411,,J. Parkin,,,,,,,,,,,,,,,PRESENT,Sheet,in collection,,,,,,,,,,,,,,,,,,,,,1896-07-03,,185,185,1896,7,3,"July 3, 1896",,,,,,,,,,North America;United States of America;Maine;York County;,NORTH_AMERICA,,,,US,Maine,York County,North Berwick,North Berwick,North Berwick,,,,,,,,,,,,,,,,,,,,,,,,,,,,,,,,,,,,,,,,,,,,,,,,,,,,,,,,,,,Raphanus raphanistrum L.,,,,,,,,Plantae,Tracheophyta,Magnoliopsida,Brassicales,,Brassicaceae,,,,Raphanus,Raphanus,,,raphanistrum,,,SPECIES,,,,ACCEPTED,,,861e6afe-f762-11e1-a439-00145eb45e9a,US,2025-12-20T23:46:25.793Z,,,,,,,,,StillImage,false,false,3040983,3040983,6,7707728,220,7225535,3112,3040962,,3040983,Raphanus raphanistrum,Raphanus raphanistrum L.,Raphanus raphanistrum Linnaeus,,EML,2025-12-20T23:46:25.793Z,2025-12-20T23:24:38.540Z,,false,,,false,NORTH_AMERICA,NORTH_AMERICA,,,,,,,,,
1998959130,https://huh.harvard.edu/access-digital-reproductions-works-public-domain,,en,CC_BY_4_0,2015-07-26T16:36:32Z,,http://data.huh.harvard.edu/943c9260-4cf3-4c87-9c82-b88882f3cc20/image,President and Fellows of Harvard College,http://purl.org/dc/dcmitype/PhysicalObject,urn:lsid:biocol.org:col:15868,urn:lsid:biocol.org:col:15868,,NEBC,NEBC,Harvard University Herbaria: All Records,,PRESERVED_SPECIMEN,,,"{""huh_taxonomic_group"": ""Vascular"", ""huh_project_id"": 3, ""huh_project_name"": ""New England Vascular Plants TCN""}",943c9260-4cf3-4c87-9c82-b88882f3cc20,barcode-00582381,,K. Furbish,,,,,,,,,,,,,,,PRESENT,Sheet,in collection,,,,,,,,,,,,,,,,,,,,,1897,,,,1897,,,1897,,,,,,,,,,North America;United States of America;Maine;Oxford County;,NORTH_AMERICA,,,,US,Maine,Oxford County,Gilead,Gilead,Gilead,,,,,,,,,,,,,,,,,,,,,,,,,,,,,,,,,,,,,,,,,,,,,,,,,,,,,,,,,,,Raphanus raphanistrum L.,,,,,,,,Plantae,Tracheophyta,Magnoliopsida,Brassicales,,Brassicaceae,,,,Raphanus,Raphanus,,,raphanistrum,,,SPECIES,,,,ACCEPTED,,,861e6afe-f762-11e1-a439-00145eb45e9a,US,2025-12-20T23:46:29.389Z,,,,,,,,,StillImage,false,false,3040983,3040983,6,7707728,220,7225535,3112,3040962,,3040983,Raphanus raphanistrum,Raphanus raphanistrum L.,Raphanus raphanistrum Linnaeus,,EML,2025-12-20T23:46:29.389Z,2025-12-20T23:24:38.540Z,,false,,,false,NORTH_AMERICA,NORTH_AMERICA,,,,,,,,,
1998969196,https://huh.harvard.edu/access-digital-reproductions-works-public-domain,,en,CC_BY_4_0,2015-07-26T16:38:42Z,,http://data.huh.harvard.edu/9677f440-e470-4cd2-82eb-2208d2da32bf/image,President and Fellows of Harvard College,http://purl.org/dc/dcmitype/PhysicalObject,urn:lsid:biocol.org:col:15868,urn:lsid:biocol.org:col:15868,,NEBC,NEBC,Harvard University Herbaria: All Records,,PRESERVED_SPECIMEN,,,"{""huh_taxonomic_group"": ""Vascular"", ""huh_project_id"": 3, ""huh_project_name"": ""New England Vascular Plants TCN""}",9677f440-e470-4cd2-82eb-2208d2da32bf,barcode-00582391,1913,A. F. Hill,,,,,,,,,,,,,,,PRESENT,Sheet,in collection,,,,,,,,,,,,,,,,,,,,1913,1914-08-22,,234,234,1914,8,22,August 22 1914,,,,,,,,,,North America;United States of America;Maine;Hancock County;,NORTH_AMERICA,,,,US,Maine,Hancock County,Deer Isle,Deer Isle,Deer Isle,,,,,,,,,,,,,,,,,,,,,,,,,,,,,,,,,,,,,,,,,,,,,,,,,,,,,,,,,,,Raphanus raphanistrum L.,,,,,,,,Plantae,Tracheophyta,Magnoliopsida,Brassicales,,Brassicaceae,,,,Raphanus,Raphanus,,,raphanistrum,,,SPECIES,,,,ACCEPTED,,,861e6afe-f762-11e1-a439-00145eb45e9a,US,2025-12-20T23:46:19.152Z,,,,,,,,,StillImage,false,false,3040983,3040983,6,7707728,220,7225535,3112,3040962,,3040983,Raphanus raphanistrum,Raphanus raphanistrum L.,Raphanus raphanistrum Linnaeus,,EML,2025-12-20T23:46:19.152Z,2025-12-20T23:24:38.540Z,,false,,,false,NORTH_AMERICA,NORTH_AMERICA,,,,,,,,,
1999015667,https://huh.harvard.edu/access-digital-reproductions-works-public-domain,,en,CC_BY_4_0,2015-07-26T16:35:10Z,,http://data.huh.harvard.edu/a0e9e204-42e6-4c78-aa4f-84546ead52d1/image,President and Fellows of Harvard College,http://purl.org/dc/dcmitype/PhysicalObject,urn:lsid:biocol.org:col:15868,urn:lsid:biocol.org:col:15868,,NEBC,NEBC,Harvard University Herbaria: All Records,,PRESERVED_SPECIMEN,,,"{""huh_taxonomic_group"": ""Vascular"", ""huh_project_id"": 3, ""huh_project_name"": ""New England Vascular Plants TCN""}",a0e9e204-42e6-4c78-aa4f-84546ead52d1,barcode-00582376,,K. Furbish,,,,,,,,,,,,,,,PRESENT,Sheet,in collection,,,,,,,,,,,,,,,,,,,,,1881-09-09,,252,252,1881,9,9,Sept. 9 1881,,,,,,,,,,North America;United States of America;Maine;Penobscot County;,NORTH_AMERICA,,,,US,Maine,Penobscot County,Orono,Orono,Orono,,,,,,,,,,,,,,,,,,,,,,,,,,,,,,,,,,,,,,,,,,,,,,,,,,,,,,,,,,,Raphanus raphanistrum L.,,,,,,,,Plantae,Tracheophyta,Magnoliopsida,Brassicales,,Brassicaceae,,,,Raphanus,Raphanus,,,raphanistrum,,,SPECIES,,,,ACCEPTED,,,861e6afe-f762-11e1-a439-00145eb45e9a,US,2025-12-20T23:46:23.776Z,,,,,,,,,StillImage,false,false,3040983,3040983,6,7707728,220,7225535,3112,3040962,,3040983,Raphanus raphanistrum,Raphanus raphanistrum L.,Raphanus raphanistrum Linnaeus,,EML,2025-12-20T23:46:23.776Z,2025-12-20T23:24:38.540Z,,false,,,false,NORTH_AMERICA,NORTH_AMERICA,,,,,,,,,
1999032732,https://huh.harvard.edu/access-digital-reproductions-works-public-domain,,en,CC_BY_4_0,2015-07-26T16:37:37Z,,http://data.huh.harvard.edu/a4c0e8f0-1c4b-4824-9a86-5e00ac0d801d/image,President and Fellows of Harvard College,http://purl.org/dc/dcmitype/PhysicalObject,urn:lsid:biocol.org:col:15868,urn:lsid:biocol.org:col:15868,,NEBC,NEBC,Harvard University Herbaria: All Records,,PRESERVED_SPECIMEN,,,"{""huh_taxonomic_group"": ""Vascular"", ""huh_project_id"": 3, ""huh_project_name"": ""New England Vascular Plants TCN""}",a4c0e8f0-1c4b-4824-9a86-5e00ac0d801d,barcode-00582385,,C. H. Knowlton,,,,,,,,,,,,,,,PRESENT,Sheet,in collection,,,,,,,,,,,,,,,,,,,,,1940-08-01,,214,214,1940,8,1,Aug. 1 1940,,,,,,,,,,North America;United States of America;Maine;Washington County;,NORTH_AMERICA,,,,US,Maine,Washington County,Calais,Calais,Calais,,,,,,,,,,,,,,,,,,,,,,,,,,,,,,,,,,,,,,,,,,,,,,,,,,,,,,,,,,,Raphanus raphanistrum L.,,,,,,,,Plantae,Tracheophyta,Magnoliopsida,Brassicales,,Brassicaceae,,,,Raphanus,Raphanus,,,raphanistrum,,,SPECIES,,,,ACCEPTED,,,861e6afe-f762-11e1-a439-00145eb45e9a,US,2025-12-20T23:46:25.648Z,,,,,,,,,StillImage,false,false,3040983,3040983,6,7707728,220,7225535,3112,3040962,,3040983,Raphanus raphanistrum,Raphanus raphanistrum L.,Raphanus raphanistrum Linnaeus,,EML,2025-12-20T23:46:25.648Z,2025-12-20T23:24:38.540Z,,false,,,false,NORTH_AMERICA,NORTH_AMERICA,,,,,,,,,
1999038739,https://huh.harvard.edu/access-digital-reproductions-works-public-domain,,en,CC_BY_4_0,2015-07-26T16:43:53Z,,http://data.huh.harvard.edu/a6378ec1-ec30-48de-9a0f-c6bb42455a49/image,President and Fellows of Harvard College,http://purl.org/dc/dcmitype/PhysicalObject,urn:lsid:biocol.org:col:15868,urn:lsid:biocol.org:col:15868,,NEBC,NEBC,Harvard University Herbaria: All Records,,PRESERVED_SPECIMEN,,,"{""huh_taxonomic_group"": ""Vascular"", ""huh_project_id"": 3, ""huh_project_name"": ""New England Vascular Plants TCN""}",a6378ec1-ec30-48de-9a0f-c6bb42455a49,barcode-00582406,6608,R. C. Bean,,,,,,,,,,,,,,,PRESENT,Sheet,in collection,,,,,,,,,,,,,,,,,,,,6608,1916-07-10,,192,192,1916,7,10,July 10 1916,,,,,,,,,,North America;United States of America;Maine;Kennebec County;,NORTH_AMERICA,,,,US,Maine,Kennebec County,Clinton,Clinton,Clinton,,,,,,,,,,,,,,,,,,,,,,,,,,,,,,,,,,,,,,,,,,,,,,,,,,,,,,,,,,,Raphanus raphanistrum L.,,,,,,,,Plantae,Tracheophyta,Magnoliopsida,Brassicales,,Brassicaceae,,,,Raphanus,Raphanus,,,raphanistrum,,,SPECIES,,,,ACCEPTED,,,861e6afe-f762-11e1-a439-00145eb45e9a,US,2025-12-20T23:46:22.588Z,,,,,,,,,StillImage,false,false,3040983,3040983,6,7707728,220,7225535,3112,3040962,,3040983,Raphanus raphanistrum,Raphanus raphanistrum L.,Raphanus raphanistrum Linnaeus,,EML,2025-12-20T23:46:22.588Z,2025-12-20T23:24:38.540Z,,false,,,false,NORTH_AMERICA,NORTH_AMERICA,,,,,,,,,
1999058188,https://huh.harvard.edu/access-digital-reproductions-works-public-domain,,en,CC_BY_4_0,2015-07-26T16:44:56Z,,http://data.huh.harvard.edu/aa8c64dd-be83-4e49-aecb-de88389a144f/image,President and Fellows of Harvard College,http://purl.org/dc/dcmitype/PhysicalObject,urn:lsid:biocol.org:col:15868,urn:lsid:biocol.org:col:15868,,NEBC,NEBC,Harvard University Herbaria: All Records,,PRESERVED_SPECIMEN,,,"{""huh_taxonomic_group"": ""Vascular"", ""huh_project_id"": 3, ""huh_project_name"": ""New England Vascular Plants TCN""}",aa8c64dd-be83-4e49-aecb-de88389a144f,barcode-00582407,,E. B. Chamberlain,,,,,,,,,,,,,,,PRESENT,Sheet,in collection,,,,,,,,,,,,,,,,,,,,,1902-06-27,,178,178,1902,6,27,27 June 1902,,,,,,,,,,North America;United States of America;Maine;Cumberland County;,NORTH_AMERICA,,,,US,Maine,Cumberland County,Cumberland,Cumberland,Cumberland,,,,,,,,,,,,,,,,,,,,,,,,,,,,,,,,,,,,,,,,,,,,,,,,,,,,,,,,,,,Raphanus raphanistrum L.,,,,,,,,Plantae,Tracheophyta,Magnoliopsida,Brassicales,,Brassicaceae,,,,Raphanus,Raphanus,,,raphanistrum,,,SPECIES,,,,ACCEPTED,,,861e6afe-f762-11e1-a439-00145eb45e9a,US,2025-12-20T23:46:26.641Z,,,,,,,,,StillImage,false,false,3040983,3040983,6,7707728,220,7225535,3112,3040962,,3040983,Raphanus raphanistrum,Raphanus raphanistrum L.,Raphanus raphanistrum Linnaeus,,EML,2025-12-20T23:46:26.641Z,2025-12-20T23:24:38.540Z,,false,,,false,NORTH_AMERICA,NORTH_AMERICA,,,,,,,,,
1999179642,https://huh.harvard.edu/access-digital-reproductions-works-public-domain,,en,CC_BY_4_0,2015-07-26T17:31:29Z,,http://data.huh.harvard.edu/c611a2bf-f882-40db-8e70-4a3776b7fa36/image,President and Fellows of Harvard College,http://purl.org/dc/dcmitype/PhysicalObject,urn:lsid:biocol.org:col:15868,urn:lsid:biocol.org:col:15868,,NEBC,NEBC,Harvard University Herbaria: All Records,,PRESERVED_SPECIMEN,,,"{""huh_taxonomic_group"": ""Vascular"", ""huh_project_id"": 3, ""huh_project_name"": ""New England Vascular Plants TCN""}",c611a2bf-f882-40db-8e70-4a3776b7fa36,barcode-00602163,2,W. Deane,,,,,,,,,,,,,,,PRESENT,Sheet,in collection,,,,,,,,,,,,,,,,,,,,2,1899-08-08,,220,220,1899,8,8,"Aug. 8, 1899",,,,,,,,,,North America;United States of America;Maine;,NORTH_AMERICA,,,,US,Maine,,,Dover,Dover,,,,,,,,,,,,,,,,,,,,,,,,,,,,,,,,,,,,,,,,,,,,,,,,,,,,,,,,,,,Raphanus raphanistrum L.,,,,,,,,Plantae,Tracheophyta,Magnoliopsida,Brassicales,,Brassicaceae,,,,Raphanus,Raphanus,,,raphanistrum,,,SPECIES,,,,ACCEPTED,,,861e6afe-f762-11e1-a439-00145eb45e9a,US,2025-12-20T23:46:28.005Z,,,,,,,,,StillImage,false,false,3040983,3040983,6,7707728,220,7225535,3112,3040962,,3040983,Raphanus raphanistrum,Raphanus raphanistrum L.,Raphanus raphanistrum Linnaeus,,EML,2025-12-20T23:46:28.005Z,2025-12-20T23:24:38.540Z,,false,,,false,NORTH_AMERICA,NORTH_AMERICA,,,,,,,,,
1999205867,https://huh.harvard.edu/access-digital-reproductions-works-public-domain,,en,CC_BY_4_0,2015-07-26T16:42:38Z,,http://data.huh.harvard.edu/cc05509e-0a88-4a7e-ba55-d6065efa12bc/image,President and Fellows of Harvard College,http://purl.org/dc/dcmitype/PhysicalObject,urn:lsid:biocol.org:col:15868,urn:lsid:biocol.org:col:15868,,NEBC,NEBC,Harvard University Herbaria: All Records,,PRESERVED_SPECIMEN,,,"{""huh_taxonomic_group"": ""Vascular"", ""huh_project_id"": 3, ""huh_project_name"": ""New England Vascular Plants TCN""}",cc05509e-0a88-4a7e-ba55-d6065efa12bc,barcode-00582387,,[no data available],,,,,,,,,,,,,,,PRESENT,Sheet,in collection,,,,,,,,,,,,,,,,,,,,,1941-08-05,,217,217,1941,8,5,,,,,,,,,,,North America;United States of America;Maine;,NORTH_AMERICA,,,,US,Maine,,,,,,,,,,,,,,,,,,,,,,,,,,,,,,,,,,,,,,,,,,,,,,,,,,,,,,,,,,,,,,,Raphanus raphanistrum L.,,,,,,,,Plantae,Tracheophyta,Magnoliopsida,Brassicales,,Brassicaceae,,,,Raphanus,Raphanus,,,raphanistrum,,,SPECIES,,,,ACCEPTED,,,861e6afe-f762-11e1-a439-00145eb45e9a,US,2025-12-20T23:46:23.790Z,,,,,,,,,StillImage,false,false,3040983,3040983,6,7707728,220,7225535,3112,3040962,,3040983,Raphanus raphanistrum,Raphanus raphanistrum L.,Raphanus raphanistrum Linnaeus,,EML,2025-12-20T23:46:23.790Z,2025-12-20T23:24:38.540Z,,false,,,false,NORTH_AMERICA,NORTH_AMERICA,,,,,,,,,
1999240989,https://huh.harvard.edu/access-digital-reproductions-works-public-domain,,en,CC_BY_4_0,2015-07-26T16:40:46Z,,http://data.huh.harvard.edu/d4051afd-6613-44fd-aeaf-16c26849981d/image,President and Fellows of Harvard College,http://purl.org/dc/dcmitype/PhysicalObject,urn:lsid:biocol.org:col:15868,urn:lsid:biocol.org:col:15868,,NEBC,NEBC,Harvard University Herbaria: All Records,,PRESERVED_SPECIMEN,,,"{""huh_taxonomic_group"": ""Vascular"", ""huh_project_id"": 3, ""huh_project_name"": ""New England Vascular Plants TCN""}",d4051afd-6613-44fd-aeaf-16c26849981d,barcode-00582399,425,G. B. Rossbach,,,,,,,,,,,,,,,PRESENT,Sheet,in collection,,,,,,,,,,,,,,,,,,,,425,1930-07-06,,187,187,1930,7,6,"July 6, 1930",,,,,,,,,,North America;United States of America;Maine;Waldo County;,NORTH_AMERICA,,,,US,Maine,Waldo County,Belfast,Belfast,Belfast,,,,,,,,,,,,,,,,,,,,,,,,,,,,,,,,,,,,,,,,,,,,,,,,,,,,,,,,,,,Raphanus raphanistrum L.,,,,,,,,Plantae,Tracheophyta,Magnoliopsida,Brassicales,,Brassicaceae,,,,Raphanus,Raphanus,,,raphanistrum,,,SPECIES,,,,ACCEPTED,,,861e6afe-f762-11e1-a439-00145eb45e9a,US,2025-12-20T23:46:20.118Z,,,,,,,,,StillImage,false,false,3040983,3040983,6,7707728,220,7225535,3112,3040962,,3040983,Raphanus raphanistrum,Raphanus raphanistrum L.,Raphanus raphanistrum Linnaeus,,EML,2025-12-20T23:46:20.118Z,2025-12-20T23:24:38.540Z,,false,,,false,NORTH_AMERICA,NORTH_AMERICA,,,,,,,,,
1999245605,https://huh.harvard.edu/access-digital-reproductions-works-public-domain,,en,CC_BY_4_0,2015-07-26T16:37:21Z,,http://data.huh.harvard.edu/d4dc88d3-9a13-4611-8ccc-b0f36a5c80db/image,President and Fellows of Harvard College,http://purl.org/dc/dcmitype/PhysicalObject,urn:lsid:biocol.org:col:15631,urn:lsid:biocol.org:col:15631,,GH,GH,Harvard University Herbaria: All Records,,PRESERVED_SPECIMEN,,,"{""huh_taxonomic_group"": ""Vascular"", ""huh_project_id"": 3, ""huh_project_name"": ""New England Vascular Plants TCN""}",d4dc88d3-9a13-4611-8ccc-b0f36a5c80db,barcode-00582384,,J. Parkin,,,,,,,,,,,,,,,PRESENT,Sheet,in collection,,,,,,,,,,,,,,,,,,,,,1886,,,,1886,,,Sept. 1886,,,,,,,,,,North America;United States of America;Maine;Oxford County;,NORTH_AMERICA,,,,US,Maine,Oxford County,Rumford,Rumford,Rumford,,,,,,,,,,,,,,,,,,,,,,,,,,,,,,,,,,,,,,,,,,,,,,,,,,,,,,,,,,,Raphanus raphanistrum L.,,,,,,,,Plantae,Tracheophyta,Magnoliopsida,Brassicales,,Brassicaceae,,,,Raphanus,Raphanus,,,raphanistrum,,,SPECIES,,,,ACCEPTED,,,861e6afe-f762-11e1-a439-00145eb45e9a,US,2025-12-20T23:46:27.972Z,,,,,,,,,StillImage,false,false,3040983,3040983,6,7707728,220,7225535,3112,3040962,,3040983,Raphanus raphanistrum,Raphanus raphanistrum L.,Raphanus raphanistrum Linnaeus,,EML,2025-12-20T23:46:27.972Z,2025-12-20T23:24:38.540Z,,false,,,false,NORTH_AMERICA,NORTH_AMERICA,,,,,,,,,
1999324991,https://huh.harvard.edu/access-digital-reproductions-works-public-domain,,en,CC_BY_4_0,2015-07-26T16:54:16Z,,http://data.huh.harvard.edu/e6f1266e-2478-4e85-9edb-b2f6c6830068/image,President and Fellows of Harvard College,http://purl.org/dc/dcmitype/PhysicalObject,urn:lsid:biocol.org:col:15868,urn:lsid:biocol.org:col:15868,,NEBC,NEBC,Harvard University Herbaria: All Records,,PRESERVED_SPECIMEN,,,"{""huh_taxonomic_group"": ""Vascular"", ""huh_project_id"": 3, ""huh_project_name"": ""New England Vascular Plants TCN""}",e6f1266e-2478-4e85-9edb-b2f6c6830068,barcode-00582409,82,[no data available],,,,,,,,,,,,,,,PRESENT,Sheet,in collection,,,,,,,,,,,,,,,,,,,,82,1975-06-10,,161,161,1975,6,10,,,,,,,,,,,North America;United States of America;Maine;York County;,NORTH_AMERICA,,,,US,Maine,York County,Kittery,Kittery,Kittery,,,,,,,,,,,,,,,,,,,,,,,,,,,,,,,,,,,,,,,,,,,,,,,,,,,,,,,,,,,Raphanus raphanistrum L.,,,,,,,,Plantae,Tracheophyta,Magnoliopsida,Brassicales,,Brassicaceae,,,,Raphanus,Raphanus,,,raphanistrum,,,SPECIES,,,,ACCEPTED,,,861e6afe-f762-11e1-a439-00145eb45e9a,US,2025-12-20T23:46:28.258Z,,,,,,,,,StillImage,false,false,3040983,3040983,6,7707728,220,7225535,3112,3040962,,3040983,Raphanus raphanistrum,Raphanus raphanistrum L.,Raphanus raphanistrum Linnaeus,,EML,2025-12-20T23:46:28.258Z,2025-12-20T23:24:38.540Z,,false,,,false,NORTH_AMERICA,NORTH_AMERICA,,,,,,,,,
1999329084,https://huh.harvard.edu/access-digital-reproductions-works-public-domain,,en,CC_BY_4_0,2015-07-26T16:37:05Z,,http://data.huh.harvard.edu/e80890a0-5c7b-48e1-ae3d-d0b0a0580efb/image,President and Fellows of Harvard College,http://purl.org/dc/dcmitype/PhysicalObject,urn:lsid:biocol.org:col:15868,urn:lsid:biocol.org:col:15868,,NEBC,NEBC,Harvard University Herbaria: All Records,,PRESERVED_SPECIMEN,,,"{""huh_taxonomic_group"": ""Vascular"", ""huh_project_id"": 3, ""huh_project_name"": ""New England Vascular Plants TCN""}",e80890a0-5c7b-48e1-ae3d-d0b0a0580efb,barcode-00582383,,L. M. Eastman,,,,,,,,,,,,,,,PRESENT,Sheet,in collection,,,,,,,,,,,,,,,,,,,,,1975-07-16,,197,197,1975,7,16,July 16 1975,,,,,,,,,,North America;United States of America;Maine;Oxford County;,NORTH_AMERICA,,,,US,Maine,Oxford County,Hebron,Hebron,Hebron,,,,,,,,,,,,,,,,,,,,,,,,,,,,,,,,,,,,,,,,,,,,,,,,,,,,,,,,,,,Raphanus raphanistrum L.,,,,,,,,Plantae,Tracheophyta,Magnoliopsida,Brassicales,,Brassicaceae,,,,Raphanus,Raphanus,,,raphanistrum,,,SPECIES,,,,ACCEPTED,,,861e6afe-f762-11e1-a439-00145eb45e9a,US,2025-12-20T23:46:25.781Z,,,,,,,,,StillImage,false,false,3040983,3040983,6,7707728,220,7225535,3112,3040962,,3040983,Raphanus raphanistrum,Raphanus raphanistrum L.,Raphanus raphanistrum Linnaeus,,EML,2025-12-20T23:46:25.781Z,2025-12-20T23:24:38.540Z,,false,,,false,NORTH_AMERICA,NORTH_AMERICA,,,,,,,,,
1999333057,https://huh.harvard.edu/access-digital-reproductions-works-public-domain,,en,CC_BY_4_0,2015-07-26T16:35:26Z,,http://data.huh.harvard.edu/e8d07243-f07a-4a4c-8a7e-ae6cd8159af0/image,President and Fellows of Harvard College,http://purl.org/dc/dcmitype/PhysicalObject,urn:lsid:biocol.org:col:15868,urn:lsid:biocol.org:col:15868,,NEBC,NEBC,Harvard University Herbaria: All Records,,PRESERVED_SPECIMEN,,,"{""huh_taxonomic_group"": ""Vascular"", ""huh_project_id"": 3, ""huh_project_name"": ""New England Vascular Plants TCN""}",e8d07243-f07a-4a4c-8a7e-ae6cd8159af0,barcode-00582377,,M. L. Fernald,,,,,,,,,,,,,,,PRESENT,Sheet,in collection,,,,,,,,,,,,,,,,,,,,,1888,,,,1888,,,Aug. 1888,,,,,,,,,,North America;United States of America;Maine;Penobscot County;,NORTH_AMERICA,,,,US,Maine,Penobscot County,Orono,Orono,Orono,,,,,,,,,,,,,,,,,,,,,,,,,,,,,,,,,,,,,,,,,,,,,,,,,,,,,,,,,,,Raphanus raphanistrum L.,,,,,,,,Plantae,Tracheophyta,Magnoliopsida,Brassicales,,Brassicaceae,,,,Raphanus,Raphanus,,,raphanistrum,,,SPECIES,,,,ACCEPTED,,,861e6afe-f762-11e1-a439-00145eb45e9a,US,2025-12-20T23:46:27.752Z,,,,,,,,,StillImage,false,false,3040983,3040983,6,7707728,220,7225535,3112,3040962,,3040983,Raphanus raphanistrum,Raphanus raphanistrum L.,Raphanus raphanistrum Linnaeus,,EML,2025-12-20T23:46:27.752Z,2025-12-20T23:24:38.540Z,,false,,,false,NORTH_AMERICA,NORTH_AMERICA,,,,,,,,,
1999342869,https://huh.harvard.edu/access-digital-reproductions-works-public-domain,,en,CC_BY_4_0,2015-07-26T16:39:58Z,,http://data.huh.harvard.edu/eafb321d-22d3-48c2-9495-82547851665e/image,President and Fellows of Harvard College,http://purl.org/dc/dcmitype/PhysicalObject,urn:lsid:biocol.org:col:15868,urn:lsid:biocol.org:col:15868,,NEBC,NEBC,Harvard University Herbaria: All Records,,PRESERVED_SPECIMEN,,,"{""huh_taxonomic_group"": ""Vascular"", ""huh_project_id"": 3, ""huh_project_name"": ""New England Vascular Plants TCN""}",eafb321d-22d3-48c2-9495-82547851665e,barcode-00582395,,E. L. Rand,,,,,,,,,,,,,,,PRESENT,Sheet,in collection,,,,,,,,,,,,,,,,,,,,,1889-08-13,,225,225,1889,8,13,August 13 1889,,,,,,,,,,North America;United States of America;Maine;,NORTH_AMERICA,,,,US,Maine,,,Mount Desert Island,Mount Desert Island,,,,,,,,,,,,,,,,,,,,,,,,,,,,,,,,,,,,,,,,,,,,,,,,,,,,,,,,,,,Raphanus raphanistrum L.,,,,,,,,Plantae,Tracheophyta,Magnoliopsida,Brassicales,,Brassicaceae,,,,Raphanus,Raphanus,,,raphanistrum,,,SPECIES,,,,ACCEPTED,,,861e6afe-f762-11e1-a439-00145eb45e9a,US,2025-12-20T23:46:24.414Z,,,,,,,,,StillImage,false,false,3040983,3040983,6,7707728,220,7225535,3112,3040962,,3040983,Raphanus raphanistrum,Raphanus raphanistrum L.,Raphanus raphanistrum Linnaeus,,EML,2025-12-20T23:46:24.414Z,2025-12-20T23:24:38.540Z,,false,,,false,NORTH_AMERICA,NORTH_AMERICA,,,,,,,,,
1999351663,https://huh.harvard.edu/access-digital-reproductions-works-public-domain,,en,CC_BY_4_0,2015-07-26T16:35:42Z,,http://data.huh.harvard.edu/ecf8cc5e-90f6-4e57-966d-a89f82f8801a/image,President and Fellows of Harvard College,http://purl.org/dc/dcmitype/PhysicalObject,urn:lsid:biocol.org:col:15868,urn:lsid:biocol.org:col:15868,,NEBC,NEBC,Harvard University Herbaria: All Records,,PRESERVED_SPECIMEN,,,"{""huh_taxonomic_group"": ""Vascular"", ""huh_project_id"": 3, ""huh_project_name"": ""New England Vascular Plants TCN""}",ecf8cc5e-90f6-4e57-966d-a89f82f8801a,barcode-00582378,123,G. B. Fernald,,,,,,,,,,,,,,,PRESENT,Sheet,in collection,,,,,,,,,,,,,,,,,,,,123,1896-06-22,,174,174,1896,6,22,June 22 1896,,,,,,,,,,North America;United States of America;Maine;,NORTH_AMERICA,,,,US,Maine,,,Dover,Dover,,,,,,,,,,,,,,,,,,,,,,,,,,,,,,,,,,,,,,,,,,,,,,,,,,,,,,,,,,,Raphanus raphanistrum L.,,,,,,,,Plantae,Tracheophyta,Magnoliopsida,Brassicales,,Brassicaceae,,,,Raphanus,Raphanus,,,raphanistrum,,,SPECIES,,,,ACCEPTED,,,861e6afe-f762-11e1-a439-00145eb45e9a,US,2025-12-20T23:46:21.532Z,,,,,,,,,StillImage,false,false,3040983,3040983,6,7707728,220,7225535,3112,3040962,,3040983,Raphanus raphanistrum,Raphanus raphanistrum L.,Raphanus raphanistrum Linnaeus,,EML,2025-12-20T23:46:21.532Z,2025-12-20T23:24:38.540Z,,false,,,false,NORTH_AMERICA,NORTH_AMERICA,,,,,,,,,
1999421399,https://huh.harvard.edu/access-digital-reproductions-works-public-domain,,en,CC_BY_4_0,2015-07-26T16:47:25Z,,http://data.huh.harvard.edu/fcbafc82-4e42-4263-bcb2-983bbaec2a41/image,President and Fellows of Harvard College,http://purl.org/dc/dcmitype/PhysicalObject,urn:lsid:biocol.org:col:15631,urn:lsid:biocol.org:col:15631,,GH,GH,Harvard University Herbaria: All Records,,PRESERVED_SPECIMEN,,,"{""huh_taxonomic_group"": ""Vascular"", ""huh_project_id"": 3, ""huh_project_name"": ""New England Vascular Plants TCN""}",fcbafc82-4e42-4263-bcb2-983bbaec2a41,barcode-00582417,,D. W. Fellows,,,,,,,,,,,,,,,PRESENT,Sheet,in collection,,,,,,,,,,,,,,,,,,,,,1903-09-06,,249,249,1903,9,6,"6 Sept., 1903",,,,,,,,,,North America;United States of America;Maine;Cumberland County;,NORTH_AMERICA,,,,US,Maine,Cumberland County,Cape Elizabeth,Cape Elizabeth,Cape Elizabeth,,,,,,,,,,,,,,,,,,,,,,,,,,,,,,,,,,,,,,,,,,,,,,,,,,,,,,,,,,,Raphanus raphanistrum L.,,,,,,,,Plantae,Tracheophyta,Magnoliopsida,Brassicales,,Brassicaceae,,,,Raphanus,Raphanus,,,raphanistrum,,,SPECIES,,,,ACCEPTED,,,861e6afe-f762-11e1-a439-00145eb45e9a,US,2025-12-20T23:46:24.422Z,,,,,,,,,StillImage,false,false,3040983,3040983,6,7707728,220,7225535,3112,3040962,,3040983,Raphanus raphanistrum,Raphanus raphanistrum L.,Raphanus raphanistrum Linnaeus,,EML,2025-12-20T23:46:24.422Z,2025-12-20T23:24:38.540Z,,false,,,false,NORTH_AMERICA,NORTH_AMERICA,,,,,,,,,
3897881460,Contact CHRB Director or Collections Manager,,,CC_BY_NC_4_0,2025-06-28T00:20:08Z,,https://midatlanticherbaria.org/portal/collections/individual/index.php?occid=29899797,Rutgers University,,,ad332379-e3a5-4623-8243-1aa10fc7733e,,CHRB,,,,PRESERVED_SPECIMEN,,,,786c6d9f-79d2-4793-85bf-a9175d024561,CHRB0102345,,,,,,,,,,,,,,,,,PRESENT,,,,,,,,,,,,,,,,,,,,,,,,,,,,,,,,,,,,,,,,,,,,,US,Maine,Aroostook,,,,,,,,,,,,,,,,,,,,,,,,,,,,,,,,,,,,,,,,,,,,,,,,,,,,,CHRB filed-as-name,1212,,,,,,,,Raphanus raphanistrum L.,,,,,,,Plantae|Spermatophyta|Tracheophyta|Magnoliophyta|Eudicots|Core Eudicots|Malvids|Rosids|Brassicales|Brassicaceae|Raphanus,Plantae,Tracheophyta,Magnoliopsida,Brassicales,,Brassicaceae,,,,Raphanus,Raphanus,,,raphanistrum,,,SPECIES,,,,ACCEPTED,,,1804436b-6a12-4fcc-a372-531cc23a41c4,US,2026-01-06T18:14:51.402Z,,,,,,TAXON_ID_NOT_FOUND;INSTITUTION_MATCH_FUZZY,,,StillImage,false,false,3040983,3040983,6,7707728,220,7225535,3112,3040962,,3040983,Raphanus raphanistrum,Raphanus raphanistrum L.,Raphanus raphanistrum,,DWC_ARCHIVE,2026-01-06T18:14:51.402Z,2026-01-06T18:07:55.571Z,,false,,,false,NORTH_AMERICA,NORTH_AMERICA,,,,,,,,,
3897880435,Contact CHRB Director or Collections Manager,,,CC_BY_NC_4_0,2025-06-28T00:20:08Z,,https://midatlanticherbaria.org/portal/collections/individual/index.php?occid=29899801,Rutgers University,,,ad332379-e3a5-4623-8243-1aa10fc7733e,,CHRB,,,,PRESERVED_SPECIMEN,,,,5b989fb5-df6c-498a-a284-479bec0239bd,CHRB0102346,,,,,,,,,,,,,,,,,PRESENT,,,,,,,,,,,,,,,,,,,,,,,,,,,,,,,,,,,,,,,,,,,,,US,Maine,Penobscot,,,,,,,,,,,,,,,,,,,,,,,,,,,,,,,,,,,,,,,,,,,,,,,,,,,,,CHRB filed-as-name,1212,,,,,,,,Raphanus raphanistrum L.,,,,,,,Plantae|Spermatophyta|Tracheophyta|Magnoliophyta|Eudicots|Core Eudicots|Malvids|Rosids|Brassicales|Brassicaceae|Raphanus,Plantae,Tracheophyta,Magnoliopsida,Brassicales,,Brassicaceae,,,,Raphanus,Raphanus,,,raphanistrum,,,SPECIES,,,,ACCEPTED,,,1804436b-6a12-4fcc-a372-531cc23a41c4,US,2026-01-06T18:14:52.429Z,,,,,,TAXON_ID_NOT_FOUND;INSTITUTION_MATCH_FUZZY,,,StillImage,false,false,3040983,3040983,6,7707728,220,7225535,3112,3040962,,3040983,Raphanus raphanistrum,Raphanus raphanistrum L.,Raphanus raphanistrum,,DWC_ARCHIVE,2026-01-06T18:14:52.429Z,2026-01-06T18:07:55.571Z,,false,,,false,NORTH_AMERICA,NORTH_AMERICA,,,,,,,,,
3897880630,Contact CHRB Director or Collections Manager,,,CC_BY_NC_4_0,2025-06-28T00:20:08Z,,https://midatlanticherbaria.org/portal/collections/individual/index.php?occid=29899862,Rutgers University,,,ad332379-e3a5-4623-8243-1aa10fc7733e,,CHRB,,,,PRESERVED_SPECIMEN,,,,3de6b0e5-3216-4709-950c-c6acb3c7bdbd,CHRB0102365,,,,,,,,,,,,,,,,,PRESENT,,,,,,,,,,,,,,,,,,,,,,,,,,,,,,,,,,,,,,,,,,,,,US,Maine,Penobscot,,,,,,,,,,,,,,,,,,,,,,,,,,,,,,,,,,,,,,,,,,,,,,,,,,,,,CHRB filed-as-name,1212,,,,,,,,Raphanus raphanistrum L.,,,,,,,Plantae|Spermatophyta|Tracheophyta|Magnoliophyta|Eudicots|Core Eudicots|Malvids|Rosids|Brassicales|Brassicaceae|Raphanus,Plantae,Tracheophyta,Magnoliopsida,Brassicales,,Brassicaceae,,,,Raphanus,Raphanus,,,raphanistrum,,,SPECIES,,,,ACCEPTED,,,1804436b-6a12-4fcc-a372-531cc23a41c4,US,2026-01-06T18:14:51.471Z,,,,,,TAXON_ID_NOT_FOUND;INSTITUTION_MATCH_FUZZY,,,StillImage,false,false,3040983,3040983,6,7707728,220,7225535,3112,3040962,,3040983,Raphanus raphanistrum,Raphanus raphanistrum L.,Raphanus raphanistrum,,DWC_ARCHIVE,2026-01-06T18:14:51.471Z,2026-01-06T18:07:55.571Z,,false,,,false,NORTH_AMERICA,NORTH_AMERICA,,,,,,,,,
3710043814,,,,CC_BY_NC_4_0,2025-06-28T00:20:08Z,,https://sernecportal.org/portal/collections/individual/index.php?occid=21417674,,,,urn:lsid:biocol.org:col:15610,,GA,,,,PRESERVED_SPECIMEN,,,,1bfdbbb6-7a4a-4ebe-b40c-4f3e1ab16ec2,GA152694,,,,,,,,,,,,,,,,,PRESENT,,,,,,,,,,,,,,,,,,,,,,,,,,,,,,,,,,,,,,,,,,,,,US,Maine,Hancock County,,"Hancock County, ME",,,,,,,,,,,,,,,,,,,,,,,,,,,,,,,,,,,,,,,,,,,,,,,,,,,,1212,,,,,,,,Raphanus raphanistrum L.,,,,,,,Plantae|Spermatophyta|Tracheophyta|Magnoliophyta|Eudicots|Core Eudicots|Malvids|Rosids|Brassicales|Brassicaceae|Raphanus,Plantae,Tracheophyta,Magnoliopsida,Brassicales,,Brassicaceae,,,,Raphanus,Raphanus,,,raphanistrum,,,SPECIES,,,,ACCEPTED,,,648e3756-5dff-462b-9323-41e3214d9c3c,US,2026-01-13T22:33:35.362Z,,,,,,TAXON_ID_NOT_FOUND;INSTITUTION_MATCH_FUZZY,,,StillImage,false,false,3040983,3040983,6,7707728,220,7225535,3112,3040962,,3040983,Raphanus raphanistrum,Raphanus raphanistrum L.,Raphanus raphanistrum,,DWC_ARCHIVE,2026-01-13T22:33:35.362Z,2026-01-13T22:24:28.456Z,,false,,,false,NORTH_AMERICA,NORTH_AMERICA,,,,,,,,,
2512752247,,,,CC0_1_0,2025-11-17T11:47:00Z,,,,,urn:lsid:biocol.org:col:15463,urn:uuid:60e28f81-e634-4869-aa3e-732caed713c8,,US,US,NMNH Extant Biology,,PRESERVED_SPECIMEN,,,,http://n2t.net/ark:/65665/32568c7ef-e61a-444f-97e5-99d8183da142,US 414344,807,P. Ricker,,1,,,,,,,,,,,,,PRESENT,,,,,,,,,,,,,,,,,,,,,,,1901-07-08,,189,189,1901,7,8,,,,,,,,,,,"North America, United States, Maine",NORTH_AMERICA,,,,US,Maine,,,Waste places. Westbrook.,,,,,,,,,,,,,,,,,,,,,,,,,,,,,,,,,,,,,,,,,,,,,,,,,,,,,,,,,,,,Raphanus sativus L.,,,,,,,"Plantae, Dicotyledonae, Brassicales, Brassicaceae, Brassicoideae",Plantae,Tracheophyta,Magnoliopsida,Brassicales,,Brassicaceae,,,,Raphanus,Raphanus,,,sativus,,,SPECIES,,,,ACCEPTED,,,821cc27a-e3bb-4bc5-ac34-89ada245069d,US,2026-01-02T12:38:52.621Z,,,,,,OCCURRENCE_STATUS_INFERRED_FROM_INDIVIDUAL_COUNT,,,StillImage,false,false,7678610,7678610,6,7707728,220,7225535,3112,3040962,,7678610,Raphanus sativus,Raphanus sativus L.,Raphanus sativus,,EML,2026-01-02T12:38:52.621Z,2026-01-02T11:12:37.300Z,,false,,,false,NORTH_AMERICA,NORTH_AMERICA,,,,,,,,,
