gbifID,catalogNumber,institutionCode,cch2_occid,locality,eventDate,scientificName,in_unified_occurrence
6512220625,SACT012153,SACT,6536884,"Putah Creek, fishing access along State Highway 128 about 2.9 miles NW of the junction of the hwy and Pleasants Valley Rd (County Road 86)",1977-03-29,Raphanus sativus L.,TRUE
6512219236,SACT012143,SACT,6536893,Orangevale; Coll. At 7925 Hazel Ave (Linda Creek Drainage),1974-02-01,Raphanus raphanistrum L.,TRUE
6512218010,SACT012137,SACT,6536417,Sierra College Blvd.; Coll. At top of hill N of Douglas Blvd where rd runs E-W,1976-04-14,Raphanus raphanistrum L.,TRUE
6512217735,SACT012154,SACT,6536746,"0.8 mi. E. on Malcom Dixon Rd. from Salmon Falls Rd., N. of El Dorado Hills",1982-02-20,Raphanus sativus L.,TRUE
6512217443,SACT012149,SACT,6536584,Waldorf School; American River,1974-03-12,Raphanus sativus L.,TRUE
6512216141,SACT012145,SACT,6536544,Sailor Bar along the Lower American River; Fair Oaks,1977-08-15,Raphanus sativus L.,TRUE
6512215673,SACT012147,SACT,6536888,"Putah creek, Davis",1975-10-27,Raphanus sativus L.,TRUE
6512215635,SACT012133,SACT,6536731,"Mix Canyon, near mouth of canyon, along Mix Canyon Rd just west of Pleasants Valley Rd",1976-04-14,Raphanus raphanistrum L.,TRUE
6512214849,SACT012140,SACT,6536598,Near Sacramento,1890-04-13,Raphanus raphanistrum L.,TRUE
6512214750,SACT012146,SACT,6536555,Fair Oaks,1953-05-08,Raphanus sativus L.,TRUE
6512212415,SACT012151,SACT,6536524,Waldorf School; American River,1974-03-12,Raphanus sativus L.,TRUE
6512211884,SACT012152,SACT,6536581,Lincoln,1933-04-10,Raphanus sativus L.,TRUE
6512208442,SACT012148,SACT,6536673,Phoenix Field Upland,1996-05-06,Raphanus sativus L.,TRUE
6512208011,SACT012136,SACT,6536705,Lincoln; Coll. On Gladding Rd. 1/2 mi S of Rioso Rd.,1979-03-17,Raphanus raphanistrum L.,TRUE
6512207145,SACT012134,SACT,6536665,"Mix Canyon, near mouth of canyon, along Mix Canyon Rd just west of Pleasants Valley Rd",1976-04-14,Raphanus raphanistrum L.,TRUE
6512205760,SACT012139,SACT,6536545,Phoenix Field upland,1996-04-16,Raphanus raphanistrum L.,TRUE
6512205419,SACT012138,SACT,6536620,"0.8 mi. E. on Malcom Dixon Rd. from Salmon Falls Rd., N. of El Dorado Hills",1982-02-20,Raphanus raphanistrum L.,TRUE
6512204524,SACT012142,SACT,6536517,Phoenix Field Upland south end of field,1995-06-22,Raphanus raphanistrum L.,TRUE
6512203794,SACT012144,SACT,6536614,Orangevale; Coll. At 7925 Hazel Ave (Linda Creek Drainage),1974-04-13,Raphanus raphanistrum L.,TRUE
6512203706,SACT012141,SACT,6536629,Hwy 50,1954-05-23,Raphanus raphanistrum L.,TRUE
6512201460,SACT012135,SACT,6536698,Eureka Rd.; Coll. 1/2 mi W of Barton Rd.,1976-07-26,Raphanus raphanistrum L.,TRUE
6503168415,UCHT049763,UTC,34859174,"US, Georgia, Walker County, Cloudland Canyon State Park. Ascalon Road.",2025-08-20,Raphanus raphanistrum L.,TRUE
6503164329,MMNS086761,MMNS,34852780,"Carl M. Sullivan property, 1253 SCR 52 Raleigh MS 39153.",2024-03-24,Raphanus sativus L.,TRUE
6503075050,TAES0130791,TAES,35008098,Olmito,NA,Raphanus raphanistrum L.,TRUE
6502494303,NA,SD,7227433,"Naval Base Coronado, NOLF (Naval Outlying Landing Field); within the airfield perimeter.",2025-05-13,Raphanus raphanistrum L.,TRUE
6491605335,UWEC07489,UWEC,34877410,2 mi. of N Canyon Dr. N of Brush Canyon Flood Control Project. Santa Monica Mtns,1966-05-29,Raphanus sativus L.,TRUE
6439468736,NMC044603,NMC-NMCR,34785901,Southington,1897-07-20,Raphanus raphanistrum L.,TRUE
6439456959,NMC044607,NMC-NMCR,34785905,Cooper's Point Railroad Freight yard,1932-07-09,Raphanus raphanistrum L.,TRUE
6439379526,NMC044604,NMC-NMCR,34785902,Bangor,1905-07-08,Raphanus raphanistrum L.,TRUE
6415723330,SD00102985,SD,6791135,"Mountain Meadow Preserve, west side. East of Mountain Meadow Road, south of Stickley Ranch Road, north of Escondido.",2023-05-06,Raphanus sativus L.,TRUE
6415567317,NA,IRVC,6923372,"UC Nature San Joaquin Marsh Reserve, Upper Marsh, 200ft SE from North Campus",2026-05-28,Raphanus sativus L.,TRUE
6391619013,QFA0225367,QFA,NA,"Benton Co., N.E. Corvallis, area between Canterbury Street and Frazier Creek; T11S, R5W, Sec. 24",1978-04-30,Raphanus sativus L.,TRUE
6391612508,QFA0281227,QFA,NA,"Parish: Richland, south of La. 15 on Richland Plantation, 1.5 miles west of Rhymes and La. 133; Sec. 10, T16N, R5E",1984-05-08,Raphanus raphanistrum L.,TRUE
6391592544,QFA0047387,QFA,NA,"Lane County, east of Cottage Grove",1955-07-04,Raphanus raphanistrum L.,TRUE
6341315367,NA,US,NA,"McLean, cultivated at 1631 Golden St.",2023-04-03,Raphanus raphanistrum var. sativus (L.) Schmalh.,TRUE
6326248462,1722470,CAS,NA,"University of California, Department of Botany, Davis,",1958-05-29,Raphanus L.,TRUE
6326199356,1722469,CAS,NA,"403 Stevenson Drive, N. of Monroe, La.",1972-05-02,Raphanus L.,TRUE
6326177492,1722471,CAS,NA,"Chinese garden,",1919-09-22,Raphanus L.,TRUE
6326105302,1722472,CAS,NA,"In student vegetable gardens just south of Vegetable Crops southernmost greenhouse, University of California, Davis,",1958-05-29,Raphanus L.,TRUE
6289062386,1419821,CAS,NA,"Unincorporated county, McLane Dog Park, in southern portion of park, 0.2 air miles W of Olympia city boundary and 0.1 air miles south  of Mud Bay Rd NW.",2024-12-03,Raphanus sativus L.,TRUE
6250119318,105207902,MO,NA,"along RR W of St Rt 18 crossing, Lake City, Girard Tp",2000-06-15,Raphanus raphanistrum L.,TRUE
6250112326,105189084,MO,NA,"Blountstown, Rt. 20, between 23rd Street & 24th Street",2015-03-21,Raphanus raphanistrum L.,TRUE
6250076393,105196702,MO,NA,"I-65, 13.5 mi. n. Montgomery",1975-04-11,Raphanus raphanistrum L.,TRUE
6250063479,105199028,MO,NA,"Sierra Nevada; Willow Valley on upper Castle Creek, 0.3 mile north of Highway 80 and 1.5 mile north of Norden.",1966-08-30,Raphanus raphanistrum L.,TRUE
6250045382,105197962,MO,NA,"Rt. 10, Cornfields near Dover",1969-07-12,Raphanus raphanistrum L.,TRUE
6250034476,105200297,MO,NA,Harpersville,1973-04-16,Raphanus raphanistrum L.,TRUE
6250030468,105208279,MO,NA,"Rt. 351, bet. Fruitland and Whitesburg",1955-06-04,Raphanus raphanistrum L.,TRUE
6250020380,105201513,MO,NA,above Alapahava River just w. Irwinville by Ga. 32,1976-04-11,Raphanus sativus L.,TRUE
6249981412,105212045,MO,NA,"Town of Sanford, along Oakway 0.25 mile east of South Mellonville Avenue",2015-03-20,Raphanus raphanistrum L.,TRUE
6249963328,105204154,MO,NA,s.w. side Mobile on US 90 ca. 2 mi. s.w. Theodore.,1971-03-26,Raphanus raphanistrum L.,TRUE
6249958527,105210537,MO,NA,"Station 74: between Stations No. 21 to 22, near first (west) bend, 4 miles south of Ellenton. Swamp flat-Lake at Station No. 73 probably ends here",1952-03-31,Raphanus raphanistrum L.,TRUE
6249945408,105187943,MO,NA,"Otis St., Hingham",1889-07-12,Raphanus raphanistrum L.,TRUE
6249935462,105210913,MO,NA,"Along US Rt. 301-FL Rt. 200, 0.4 miles north of NW 265th Street",2015-03-18,Raphanus raphanistrum L.,TRUE
6249907465,105209394,MO,NA,"along Rt. 134 near Rt. 17, Wilmington",1979-04-15,Raphanus raphanistrum L.,TRUE
6249894436,105217289,MO,NA,Just W of W boundary Camilla by GA 37,2005-03-20,Raphanus raphanistrum L.,TRUE
6249868307,105183386,MO,NA,Just south of Bandon at the end of Mars Lane; edge of coastal dunes.,2014-07-19,Raphanus raphanistrum L.,TRUE
6227344498,3953,COCC,NA,Mohawk Rd.,1944-08-24,Raphanus sativus L.,TRUE
6194673568,105103050,MO,NA,3/4 mi NW of Cairo. Coastal Plain Province,1964-04-04,Raphanus raphanistrum L.,TRUE
6194672205,105102159,MO,NA,1 mile N of Montara,1966-06-20,Raphanus raphanistrum L.,TRUE
6194666145,105143426,MO,NA,"US 49, just inside Covington Co. line, NW of Hattiesburg.",1999-03-19,Raphanus raphanistrum L.,TRUE
6194663429,105131732,MO,NA,Brandon.,1910-09-04,Raphanus raphanistrum L.,TRUE
6194660632,105108488,MO,NA,Hampton,1938-03-09,Raphanus raphanistrum L.,TRUE
6194660520,105133590,MO,NA,Barrington,1964-06-18,Raphanus raphanistrum L.,TRUE
6194659707,105101246,MO,NA,Near Sisson,1897-06-01,Raphanus raphanistrum L.,TRUE
6194659483,105103973,MO,NA,".3 mi N from Baytree Road on Gornto Road, in NW section of Valdosta. Coastal Plain Province",1968-04-30,Raphanus raphanistrum L.,TRUE
6194659018,105147149,MO,NA,South Harpswell,1912-07-12,Raphanus raphanistrum L.,TRUE
6194655696,105150822,MO,NA,Along Spruwink River; Cape Elizabeth,1962-08-07,Raphanus raphanistrum L.,TRUE
6194654721,105104876,MO,NA,Duette Road.,1975-04-27,Raphanus raphanistrum L.,TRUE
6194654644,105142507,MO,NA,"Craig Road, Columbia",1959-04-06,Raphanus raphanistrum L.,TRUE
6194654400,105141611,MO,NA,Hoguiam,1912-05-23,Raphanus raphanistrum L.,TRUE
6194650193,105114879,MO,NA,North Gate Road on west side of Mount Diablo,1998-05-13,Raphanus raphanistrum L.,TRUE
6194649312,105149895,MO,NA,"Campus, State Teachers College, Gorham",1962-08-10,Raphanus raphanistrum L.,TRUE
6194647262,105148052,MO,NA,Lighthouse garden; Monhegan Island,1921-08-24,Raphanus raphanistrum L.,TRUE
6194647136,105124275,MO,NA,"Along State Hwy. 126, 4.8 miles east of its junction with U.S. Hwy. 101 in Florence.",1995-04-25,Raphanus raphanistrum L.,TRUE
6194645793,105111212,MO,NA,Miss. 27 about 1.6 miles northwest of Hinds County Line and the Big Black River; SE of Vicksburg.,1990-05-25,Raphanus raphanistrum L.,TRUE
6194641572,105145276,MO,NA,S side of Monroeville by AL,2002-03-08,Raphanus raphanistrum L.,TRUE
6194638214,105144349,MO,NA,along Northwest River at Indian Creek Road,1984-07-19,Raphanus raphanistrum L.,TRUE
6194637605,105113058,MO,NA,"Edge of Tupper Lake, Adern dock mts, Tapper Lake Municipal Park",1978-08-07,Raphanus raphanistrum L.,TRUE
6194636177,105149001,MO,NA,Aurora,1968-08-27,Raphanus raphanistrum L.,TRUE
6194634381,105146214,MO,NA,Dighton,1958-06-22,Raphanus raphanistrum L.,TRUE
6194631598,105112128,MO,NA,"Diablo Foothills Regional Park, jsouth end of Shell Ridge Loop Trail southeast of Old Borges Ranch",1998-03-01,Raphanus raphanistrum L.,TRUE
6194631564,105105784,MO,NA,"behind greenhouse, University of Florida campus, Gainesville",1967-01-27,Raphanus raphanistrum L.,TRUE
6194630903,105106683,MO,NA,"Latimer's Point, between Mystic and Stonington, on Fisher's Island Sound.",1981-06-06,Raphanus raphanistrum L.,TRUE
6194630421,105107573,MO,NA,Peterborough,1932-07-15,Raphanus raphanistrum L.,TRUE
6194625382,105136362,MO,NA,[In A Nmaly suded Lake Yard] 209 Edgewood Ave.,1938-07-16,Raphanus raphanistrum L.,TRUE
6194625170,105122263,MO,NA,"Fishers Island: Old Landing, east of North Hill on the north shore of the island.",1990-07-30,Raphanus raphanistrum L.,TRUE
6192450270,1013,CGCC,30676943,Star Island,1987-08-18,Raphanus raphanistrum L.,TRUE
6192450265,1011,CGCC,30676941,Sleepy Hollow Lake,1992-10-05,Raphanus raphanistrum L.,TRUE
6192450264,1012,CGCC,30676942,Waterboard Road,2002-10-03,Raphanus raphanistrum L.,TRUE
6192450263,1010,CGCC,30676940,Rod Brush property,1990-10-21,Raphanus raphanistrum L.,TRUE
6192450258,1008,CGCC,30676938,"Columbia-Greene Community College, North of arts building, near drainage ditch",1996-09-20,Raphanus raphanistrum L.,TRUE
6192450255,1007,CGCC,30676937,Columbia-Greene Community College,1992-11-10,Raphanus raphanistrum L.,TRUE
6192449748,3264,CGCC,30679263,"Green Acres Farm, Route 82, one mile SE of Route 9H",2016-10-11,Raphanus raphanistrum L.,TRUE
6192449012,3301,CGCC,30679300,"Green Acres Farm, Route 82, one mile SE of Route 9H",2016-10-11,Raphanus raphanistrum L.,TRUE
6181423331,VSC0082901,VSC,34272672,"Alligator Creek Wildlife Management Area, 20?200 m SSW of jct. Hwy GA 19 and Livingston Rd, along west side of Hwy GA 19",2020-03-10,Raphanus raphanistrum L.,TRUE
6181423314,VSC0082902,VSC,34272671,"Alligator Creek Wildlife Management Area, 20?200 m SSW of jct. Hwy GA 19 and Livingston Rd, along west side of Hwy GA 19",2020-03-10,Raphanus raphanistrum L.,TRUE
6177121608,VSC0070399,VSC,32594472,"0.30 mi N of Thomas-Colquitt county line by Hwy GA 202, along W side of hwy",2003-03-31,Raphanus raphanistrum L.,TRUE
6177105879,VSC0061926,VSC,9795254,USGS 7.5 minute Hayneville Quadrangle; Oaky Woods WMA; West side of 1A,2010-03-28,Raphanus raphanistrum subsp. raphanistrum,TRUE
6177102193,VSC0085004,VSC,34448061,"Livingston Place, E of Livingston Rd and N of Windom Rd, main crossroads, vic. barn complex, south of kennel and restroom, 1.58 mi SSE (heading 158.96°) of Big House",2023-02-25,Raphanus raphanistrum L.,TRUE
6177088968,VSC0085003,VSC,34448060,"Livingston Place, E of Livingston Rd and N of Windom Rd, main crossroads, vic. barn complex, south of kennel and restroom, 1.58 mi SSE (heading 158.96°) of Big House",2023-02-25,Raphanus raphanistrum L.,TRUE
6177086197,VSC0066008,VSC,9775491,"3.17 airmiles NNE Kingsland jct. Hwy US 17 and Hwy GA 40, Harriets Bluff Rd, ca. 250 m W jct. I-95",2007-03-31,Raphanus raphanistrum L.,TRUE
6177074785,VSC0061928,VSC,9770338,USGS 7.5 minute Westlake Quadrangle; Private Property; South of Site 5,2009-03-02,Raphanus raphanistrum subsp. raphanistrum,TRUE
6177069208,VSC0085005,VSC,34448062,"Livingston Place, E of Livingston Rd and N of Windom Rd, main crossroads, vic. barn complex, south of kennel and restroom, 1.58 mi SSE (heading 158.96°) of Big House",2023-02-25,Raphanus raphanistrum L.,TRUE
6177067083,VSC0070576,VSC,34268058,"Unadilla, just W of jct. E Railroad St and First St, adjacent to peanut warehouse along E Railroad St",2003-09-15,Raphanus raphanistrum L.,TRUE
6177063767,VSC0061925,VSC,9794205,USGS 7.5 minute Tarversville Quadrangle; Private Property; South of Site 7,2010-04-14,Raphanus raphanistrum subsp. raphanistrum,TRUE
6177040805,VSC0063716,VSC,9772324,"Mayhaw WMA, Willoughby Tract, E of Springhead Rd., long field",2013-03-21,Raphanus raphanistrum L.,TRUE
6177039243,VSC0017699,VSC,9769388,"Ft. Stewart Military Reservation, Training Area E-3, Grid Coor. 365331; 1.7 miles west of Jct. Hwy. GA 119 and FS 144, 0.10 mile north of FS 144",1992-07-02,Raphanus raphanistrum L.,TRUE
6177039105,VSC0017696,VSC,9800351,"Red Bluff recreation area on the Ocmulgee River, NE of Fitzgerald.",1970-08-03,Raphanus raphanistrum L.,TRUE
6177037252,VSC0037429,VSC,9800116,"10.0 miles E of courthouse square in Valdosta by Hwy US 84, 100 yards NNE of mile marker 21 in agricultural field",1999-11-11,Raphanus raphanistrum L.,TRUE
6176537422,CM557645,CM,34617894,"N of New Bedford, along Deer Creek Rd",2024-05-26,Raphanus raphanistrum L.,TRUE
6176433317,WTU-V-469073,WTU,NA,"Tumwater, across from (east of) the Olympia Regional Airport, northeast side of Old Hwy 99 SE, 125\' southeast of intersection with River Dr SE.",2024-07-30,Raphanus raphanistrum L.,TRUE
6176424912,28942,SOC,NA,Antelope Creek,1958-04-13,Raphanus sativus L.,TRUE
6176420650,25955,HPSU,NA,Green Street Facility (Asset # STCH AQP098 AQP097) near 10836 NE Marx St.,2022-08-18,Raphanus sativus L.,TRUE
6161390341,45245,GREE,34435448,"Indiana, Penn'a. Near Hospital",1896-06-11,Raphanus sativus L.,TRUE
6161349323,IRVC127828,IRVC,6892199,"UCNRS San Joaquin Marsh; Road of upper marsh, 10ft from N boundary",2024-06-03,Raphanus sativus L.,TRUE
6116410998,MMNS091628,MMNS,34420241,Camp Shelby Training Site. Dropzone.,2000-03-28,Raphanus raphanistrum L.,TRUE
5956578887,661435,BISH,1554485,"Sand Island, sector 70, garden at residence",1999-04-29,Raphanus sativus L.,TRUE
5956405126,37471,BISH,1323188,"San Diego Co.,; opp. Collwood Park, Montezuma Ave.",1968-06-28,Raphanus raphanistrum L.,TRUE
5937711436,BRYV0306441,BRY,33361124,"Santa Clara Valley, near jct with Monterey Rd on Coyote Creek Golf Dr, Madrone.",2023-08-03,Raphanus sativus L.,TRUE
5937677303,STNF03871,STNF,6878771,Shasta-Trinity National Forest. Locality Stanislaus Branch.,1936-07-20,Raphanus sativus L.,TRUE
5931826208,CM557282,CM,34274108,"N of Elgin, Titus Bog tract",2024-05-25,Raphanus raphanistrum L.,TRUE
5900701147,RSA0655256,RSA,6530960,Fallbrook Naval Weapons Station: west of Fallbrook; South Magazine; S side of Ammunition Rd along Fallbrook Creek.,2022-05-25,Raphanus raphanistrum L.,TRUE
5900696674,NA,SBBG,6856684,"Channel Islands National Park, Santa Rosa Island: cell 28 event 45; coastal terrace north of Main Ranch off trail to Carrington.",2025-04-26,Raphanus sativus L.,TRUE
5900696667,NA,SBBG,6856685,"Channel Islands National Park, Santa Rosa Island: cell 28 event 45; coastal terrace north of Main Ranch off trail to Carrington.",2025-04-26,Raphanistrum raphanistrum (L.) H.Karst.,TRUE
5895847785,314085,NEB,31973243,Richmond: railroad yard,2009-07-27,Raphanus raphanistrum L.,TRUE
5895776885,322835,NEB,31912153,"Williamsburg County: Bright yellow corolla; erect herb. Growing sporadically in damp soil in a fire line cut along back roads along Santee River four miles southeast of Greeleyville; 33.3021 degrees N, -79.5842 degrees W, 29' elev.",2012-03-12,Raphanus raphanistrum L.,TRUE
5895748423,314086,NEB,31973237,Richmond: railroad yard,2009-07-27,Raphanus sativus L.,TRUE
5895745353,314084,NEB,31973241,Richmond: railroad yard,2009-07-27,Raphanus raphanistrum L.,TRUE
5889171835,BRIT946275,BRIT,10402482,"Stephenville, Tx; lot on the corner of Hyman and 6th St",2000-04-06,Raphanus sativus L.,TRUE
5887639359,NA,WTU,NA,"JBLM, TA 7s.",2021-07-01,Raphanus raphanistrum L.,TRUE
5887636879,286748,WTU,NA,"Northeast Corvallis, between Canterbury Street and Frazier Creek.",1978-04-30,Raphanus sativus L.,TRUE
5887634360,150098,WTU,NA,3 mi NE of Kirkland.,1949-08-09,Raphanus sativus L.,TRUE
5887543478,382006,WTU,NA,Growing along roadside at the end of Decatur Drive in Sandy Point Heights.,2010-08-11,Raphanus sativus L.,TRUE
5887536492,400946,WTU,NA,Julia Butler Hansen Refuge for Columbian White-tailed Deer. Steamboat Slough; bank of Columbia River just off road.,2008-09-08,Raphanus sativus L.,TRUE
5887471023,428888,WTU,NA,North side of Shorecrest High School west of intersection of 25th Ave NE and NE 158th Street; Shoreline.,2015-08-08,Raphanus sativus L.,TRUE
5887457400,415838,WTU,NA,"Port Townsend, Washington in Kah Tai Nature Park near the main entrance in a low swale across from Henery\'s Hardware store.",2017-07-26,Raphanus sativus L.,TRUE
5887456136,334142,WTU,NA,"Along State Highway 126, 4.8 miles east of its junction with U.S. Highway 101 in Florence.",1995-04-25,Raphanus raphanistrum L.,TRUE
5887450627,381118,WTU,NA,Growing along roadside at the end of Decatur Drive in Sandy Point Heights.,2010-08-11,Raphanus sativus L.,TRUE
5887445454,3819JWT,WTU,NA,At Linnton.,1926-07-10,Raphanus raphanistrum L.,TRUE
5887427025,412673,WTU,NA,"Below the high water line of Los Vaqueros Reservoir, 1.4 miles northwest of Los Vaqueros Reservoir Marina, 1.9 miles (air) southwest of Los Vaqueros Reservoir Dam, approximately 25 miles (air) southwest of Stockton.",2016-04-19,Raphanus raphanistrum L.,TRUE
5887411230,401808,WTU,NA,East Mount Vernon.,1991-06-22,Raphanus sativus L.,TRUE
5887398250,313866,WTU,NA,Lopez Island; Islandale Grocery (across street) at turnoff for Mackaye Harbor/ Agate Beach.,1986-06-06,Raphanus raphanistrum L.,TRUE
5887369047,135205,WTU,NA,Near Prairie center.,1950-06-11,Raphanus sativus L.,TRUE
5887365003,WTU-V-022102,WTU,NA,"River access point at sharp bend along NW Lower River Road at Blurock Landing, east side Columbia River.",2015-09-11,Raphanus sativus L.,TRUE
5887363123,163199,WTU,NA,East of Cottage Grove.,1955-07-04,Raphanus raphanistrum L.,TRUE
5887339783,8956,WTU,NA,Seattle.,1911-10-30,Raphanus sativus L.,TRUE
5887321927,9494,WTU,NA,Near Everett.,1934-06-02,Raphanus sativus L.,TRUE
5887321902,135139,WTU,NA,"Thomasoni Farm, 1/4 mile north of Schafer Park.",1950-05-27,Raphanus raphanistrum L.,TRUE
5887317986,425761,WTU,NA,Julia Butler Hansen National Wildlife Refuge. Miller Sands Island; northern side of island approximately halfway between east and west ends.,2010-09-23,Raphanus sativus L.,TRUE
5887293178,352579,WTU,NA,"6.75 miles SW of Mt. Vernon, along Rawlins Road on west end of Fir Island, 1/4 mile west of intersection with Maupin Road.",2003-04-17,Raphanus sativus L.,TRUE
5887285683,458840,WTU,NA,Chinook County Park.,2023-09-09,Raphanus sativus L.,TRUE
5887281597,3816JWT,WTU,NA,In east Portland.,1926-06-02,Raphanus sativus L.,TRUE
5887273634,325950,WTU,NA,"Summit, Seattle.",1975-07-04,Raphanus sativus L.,TRUE
5887267300,269078,WTU,NA,Bingen.,1900-06-04,Raphanus sativus L.,TRUE
5887261796,25419,WTU,NA,Near Everett.,1934-06-02,Raphanus sativus L.,TRUE
5887261696,347734,WTU,NA,"East shore of Columbia River, Lions Day Park, west side of Dike Road, northwest of Woodland.",2001-06-07,Raphanus sativus L.,TRUE
5887257548,NA,WTU,NA,South side of Mount Adams. Morrison Creek trailhead.,2004-08-19,Raphanus sativus L.,TRUE
5887256856,NA,WTU,NA,"Tumwater, across from (east of) the Olympia Regional Airport, northeast side of Old Hwy 99 SE, 125\' southeast of intersection with River Dr SE",2024-07-30,Raphanus raphanistrum L.,TRUE
5887250567,WTU-V-472451,WTU,NA,"JBLM, Cantonment area, corner of Railroad Ave and 41st Division Dr. S.",2019-12-17,Raphanus sativus L.,TRUE
5886721746,OSW0035719,OSW,3448279,Vacant lot at intersection of 46th Street and Killiam Ave.; northwest corner.,2006-04-18,Raphanus raphanistrum L.,TRUE
5886605349,IRVC126070,IRVC,6839865,"Newport Beach, Upper Newport Back Bay",NA,Raphanus raphanistrum L.,TRUE
5886582332,CDA-0059483,CDA,6851620,Trimmer Springs and Belmont Ave,1978-02-02,Raphanus sativus L.,TRUE
5836322208,295328,UF,NA,NA,2022-03-27,Raphanus sativus L.,TRUE
5836321904,296886,UF,NA,NA,1978-03-24,Raphanus raphanistrum L.,TRUE
5836321492,295329,UF,NA,NA,2022-03-27,Raphanus sativus L.,TRUE
5835938583,277223,KU,NA,"Samson, 2 mi W",1970-04-17,Raphanus raphanistrum L.,TRUE
5835938230,324094,KU,NA,"Wilson, 4 mi W",1948-04-25,Raphanus sativus L.,TRUE
5835938157,277226,KU,NA,4.5 mi SSW of Saint Pauls along County Road 1765,1965-05-23,Raphanus raphanistrum L.,TRUE
5835938127,314590,KU,NA,"Along State Hwy 126, 4.8 mi E of its jct with US Hwy 101 in Florence",1995-04-25,Raphanus raphanistrum L.,TRUE
5835938108,277229,KU,NA,Gilmanton,1873-08,Raphanus raphanistrum L.,TRUE
5835938063,314374,KU,NA,"NE Corvallis, between Canterbury Street and Frazier Creek",1978-04-30,Raphanus sativus L.,TRUE
5835937975,277224,KU,NA,"Damon Road near railroad, Northampton",1979-07-05,Raphanus raphanistrum L.,TRUE
5835937906,277234,KU,NA,Milton,1927-06-13,Raphanus raphanistrum L.,TRUE
5835937835,322039,KU,NA,On Louisiana State University Experiment Station Farm W of I-20 and US 80 interchange at Calhoun,1998-01-25,Raphanus raphanistrum L.,TRUE
5835937607,277227,KU,NA,"Beside US 277, 0.5 mi E of Del Rio",1971-10-13,Raphanus raphanistrum L.,TRUE
5835937547,277222,KU,NA,"Near I-10, ca 10 mi E Loxley",1969-03-26,Raphanus raphanistrum L.,TRUE
5835937490,277225,KU,NA,"Wilson, 4 mi W",1948-05-02,Raphanus raphanistrum L.,TRUE
5835937380,277228,KU,NA,2 mi N of Estill on US Rte 321,1956-04-06,Raphanus raphanistrum L.,TRUE
5835937371,277221,KU,NA,Grangeburg,1969-03-24,Raphanus raphanistrum L.,TRUE
5833126481,NA,SBBG,6795972,Channel Islands National Park: Santa Cruz Island; Prisoner's Harbor; 2.04 air km north of Valley Peak; 108 air meters east of Pelican Bay trailhead.,2025-07-16,Raphanus sativus L.,TRUE
5833124723,UCSC100016972,UCSC,6794341,Butano State Park.,1974-01-14,Raphanus sativus L.,TRUE
5833119509,SD00097059,SD,6779828,San Clemente Island: northeast portion of island in Wilson Cove; ruderal areas in the town above the pier,2025-05-22,Raphanus sativus L.,TRUE
5758873790,305872,USF,NA,Linda Pederson Park; kayak launch parking lot.,NA,Raphanus raphanistrum L.,TRUE
5758873315,305871,USF,NA,Linda Pederson Park; kayak launch parking lot.,NA,Raphanus raphanistrum L.,TRUE
5295083176,UPCB00082105,UPCB,NA,"Daymon Road near railroad, Northampton.",1979-07-05,Raphanus raphanistrum L.,TRUE
5294112234,UCSC100016571,UCSC,6777854,Año Nuevo State Reserve.,1985-01-01,Raphanus sativus L.,TRUE
5208943620,UCSB072715,UCSB,6522697,"Southern foothills of the San Rafael Range, Sedgwick Reserve, airstrip mesa off west side of road.",2005-03-21,Raphanus sativus L.,TRUE
5208874362,NA,WS,33916212,"East end of Port Angeles, along Deer Park Loop, just west of Deer Park Cinema and Hwy 101. T30N R5W S8 NW4 SE4",2024-06-15,Raphanus raphanistrum L.,TRUE
5207750301,RSA0654396,RSA,6521693,"Corvallis; along S. 3rd St., by junction with Richland Ave., on west side of street by bus stop.",2020-09-04,Raphanus raphanistrum L.,TRUE
5198257856,1156308,CAS,NA,Bingen (From the Bottomland*).,1900-06-04,Raphanus sativus L.,TRUE
5198256842,1156306,CAS,NA,"N.E. Corvallis, edge of a wheat field in a weedy area between Canterbury Street and Frazier Creek.",1978-04-30,Raphanus sativus L.,TRUE
5198256841,1156298,CAS,NA,"Just off Ga 21 exit of I-95, near Savannah.",1980-04-23,Raphanus raphanistrum L.,TRUE
5198227852,1156312,CAS,NA,North Warren.,1943-08-08,Raphanus sativus L.,TRUE
5198226846,1156305,CAS,NA,Barnet.,1884-08-01,Raphanus raphanistrum L.,TRUE
5198226845,1156297,CAS,NA,Noank.,1874-07-17,Raphanus raphanistrum L.,TRUE
5198224849,1156313,CAS,NA,Northern New York. Edwards.,1915-07-04,Raphanus sativus L.,TRUE
5198222848,1156303,CAS,NA,"Narragansett Bay area: Bonnett Shores, including Bonnett Point and Wesquage Pond, town of Narragansett.",1989-06-29,Raphanus raphanistrum L.,TRUE
5198218870,1156309,CAS,NA,Bingen (From the Bottomlands).,1900-06-04,Raphanus sativus L.,TRUE
5198215850,1156304,CAS,NA,"Intersection of I20 and U.S. 76, 7 miles north of Columbia. The Southeastern United States.",1967-03-25,Raphanus raphanistrum L.,TRUE
5198215849,1156296,CAS,NA,New Haven.,NA,Raphanus raphanistrum L.,TRUE
5198194851,1156301,CAS,NA,Yorcalla*.,1936-06-14,Raphanus raphanistrum L.,TRUE
5198194850,1156293,CAS,NA,Just south of Bandon along Mars Lane by its intersection with Rohrer Road.,2014-07-21,Raphanus raphanistrum L.,TRUE
5198193841,1156307,CAS,NA,Bingen (From the Bottomlands).,1900-06-04,Raphanus sativus L.,TRUE
5198193840,1156299,CAS,NA,"Daymon Road near railroad, Northampton.",1979-07-05,Raphanus raphanistrum L.,TRUE
5198192687,1149780,CAS,NA,Skagway.,1914-07-19,Raphanus sativus L.,TRUE
5198185854,1156292,CAS,NA,"Corvallis; along S. 3rd St., by junction with Richland Ave., on west side of street by bus stop.",2020-09-04,Raphanus raphanistrum L.,TRUE
5198176853,1156311,CAS,NA,Brookings.,1915-05-01,Raphanus sativus L.,TRUE
5198174852,1156302,CAS,NA,"Along State Hwy. 126, 4.8 miles east of its junction with U.S. Hwy. 101 in Florence.",1995-04-25,Raphanus raphanistrum L.,TRUE
5198174851,1156294,CAS,NA,"Northwest side of Alice Lake, University of Florida campus, Gainesville.",1965-03-11,Raphanus raphanistrum L.,TRUE
5198172854,1156310,CAS,NA,Roadside* w. of Carson. Eastwood* garden Radish*.?,1901-09-05,Raphanus sativus L.,TRUE
5198161855,1156314,CAS,NA,Coos River. Marshfield.,1914-06-01,Raphanus sativus L.,TRUE
5177609840,BRI AQ0279408,BRI,NA,"Corner of Jefferson and Rodeo Boulevarde, Los Angeles, California.",1971-07-14,Raphanus sativus L.,TRUE
5177535237,BRI AQ0401805,BRI,NA,"Middlesex County, Westbrook, Menunketesuck Island, Connecticut.",NA,Raphanus raphanistrum L.,TRUE
5174621676,UAM:Herb:145125,UAM,NA,"Tanana Lowlands, Fairbanks, Tanana Valley floor, George Moore ranch, Fairbanks Quad",1947-08-15,Raphanus sativus L.,TRUE
5174610785,UAM:Herb:87510,UAM,NA,"Tanana Lowlands, College, Fairbanks Quad",1961-08-16,Raphanus sativus L.,TRUE
5174610747,UAM:Herb:86649,UAM,NA,"Tanana Lowlands, Mile 303 Parks Hwy., NENANA R. AREA, NENANA, Fairbanks Quad",1963-08-20,Raphanus sativus L.,TRUE
5174529647,UAM:Herb:145124,UAM,NA,"Richardson Hwy. (milepost not stated), Mt. Hayes Quad",1941-06-17/1941-06-24,Raphanus sativus L.,TRUE
5174484682,UAM:Herb:145126,UAM,NA,"Tanana Lowlands, Fairbanks, several yards from Chena R., Fairbanks Quad",1964-07-09,Raphanus sativus L.,TRUE
5171830342,RSA0652759,RSA,6520776,Along Old River Road one mile east of its junction with State Hwy. 99W north of Monroe.,2020-09-28,Raphanus raphanistrum L.,TRUE
5170655139,OSW0035300,OSW,3432091,"Fiddling A Bradley Field toward Pompey, W. side of Rd.",1946-07-06,Raphanus L.,TRUE
5166188303,NCU00458795,NCU,33871827,"on N side of Morrow Mill Rd (SR 1958) , W of Orange Chapel Clover Garden Rd (SR 1956) , E of Millikan Rd (SR 1959)",2025-04-03,Raphanus raphanistrum L.,TRUE
5159149284,CSCN-V-0025587,CSCN,24524182,"Huntington Beach along Beach Blvd, 1/2 miles N of beach.",1993-03-29,Raphanus sativus L.,TRUE
5159149277,CSCN-V-0025588,CSCN,24524184,"South of LA 15 on Richland Plantation, 1.5 mi E of Rhymes and LA 133.",1984-05-08,Raphanus raphanistrum L.,TRUE
5159117472,CSCN-V-0024254,CSCN,24459690,6 miles NE of San Juan Capistrana along Hwy 74.,1993-03-26,Raphanus sativus L.,TRUE
5139350332,85745,WILLI,33810564,"On slope, by the trail along the floodwall; Pipeline/Trestle Trail, Unit 3",2017-03-24,Raphanus raphanistrum L.,TRUE
5139303511,ERSK0004680,ERSK,33768850,"Collected on property of Mr. Jack Hill; 179 Chapman Road; Pelzer, SC.",1996-11-21,Raphanus raphanistrum L.,TRUE
5138119250,OSW0033940,OSW,3425740,"Rice Creek Field Station, station lawn",1970-09-01,Raphanus raphanistrum L.,TRUE
5106284962,UNCC_39652,UNCC,11168970,Rocky Face,1975-05-10,Raphanus raphanistrum subsp. raphanistrum,TRUE
5106279022,UNCC_50495,UNCC,30495906,Roadside 4.5 miles SSW of St Pauls along Co. 1765,1965-05-23,Raphanus raphanistrum subsp. raphanistrum,TRUE
5106276862,UNCC_13302,UNCC,11169012,Warsaw,1972-07-06,Raphanus raphanistrum subsp. raphanistrum,TRUE
5106274984,UNCC_46634-1,UNCC,25867367,"6044 Wiggins Mill Road, Lucama",2010-05-26,Raphanus sativus L.,TRUE
5106274975,UNCC_46634-2,UNCC,25867359,"6044 Wiggins Mill Road, Lucama",2010-05-26,Raphanus sativus L.,TRUE
5106272300,UNCC_03231,UNCC,11167682,Lake City,1968-04-16,Raphanus raphanistrum subsp. raphanistrum,TRUE
5106271621,UNCC_45335,UNCC,16013539,Huntersville. Approximately 6 feet off access path next to Woodie's Auto on Market Square Drive.,2016-12-22,Raphanus raphanistrum subsp. raphanistrum,TRUE
5106264754,UNCC_39653,UNCC,11163891,Rocky Face,1982-05-11,Raphanus raphanistrum subsp. raphanistrum,TRUE
5106244009,UNCC_03232,UNCC,11165131,Lake City,1968-04-16,Raphanus raphanistrum subsp. raphanistrum,TRUE
5106243448,UNCC_39654,UNCC,11165032,Rocky Face,1976-05-10,Raphanus raphanistrum subsp. raphanistrum,TRUE
5106241854,UNCC_28377,UNCC,11165400,Rocky Face,1982-05-11,Raphanus raphanistrum subsp. raphanistrum,TRUE
5103904642,83061,WILLI,29215024,"Edge of Rt 601, 0.5 mi S of Holly Forks, PO Barhamsville",1974-06-15,Raphanus raphanistrum L.,TRUE
5103895387,1534,WILLI,7384046,"The College Woods, The College of William and Mary",1968-05-23,Raphanus raphanistrum L.,TRUE
5103894482,74174,WILLI,7795871,Old Airport,1967-07-12,Raphanus raphanistrum L.,TRUE
5103891837,41112,WILLI,28480782,"403 Stevenson Drive, N. of Monroe, La.",1972-05-02,Raphanus sativus L.,TRUE
5103891759,37773,WILLI,28480741,1 mi S of intersection of Rt 603 and 612,1977-05-18,Raphanus raphanistrum L.,TRUE
5103891758,37774,WILLI,28480742,At intersection of Rte. 618 & 614,1977-04-23,Raphanus raphanistrum L.,TRUE
5103891696,34874,WILLI,28480705,along St. Rte. 198 at Soles.,1979-06-21,Raphanus raphanistrum L.,TRUE
5103891693,34981,WILLI,28480708,"along St Rt 626, near Blakes",1979-06-15,Raphanus raphanistrum L.,TRUE
5103891681,35445,WILLI,28480716,E of Rt 654 at Hwy 301,1978-06-20,Raphanus raphanistrum L.,TRUE
5103891216,32493,WILLI,28480684,"Waterway Rd, along marsh edge. 0.25 m W of intersection with Bay Ave. Ocean City",1977-05-17,Raphanus raphanistrum L.,TRUE
5103891139,28033,WILLI,28480645,along Rt 616 Roaring Springs Farm G-7,1975-09-06,Raphanus raphanistrum L.,TRUE
5103891117,29611,WILLI,28480658,S of Rt 60 near Busch Gardens; near Williamsburg,1975-05-05,Raphanus raphanistrum L.,TRUE
5103891100,27350,WILLI,28480633,2 mi N of Williamsburg,1949-06-17,Raphanus raphanistrum L.,TRUE
5103891090,25092,WILLI,28480603,".25 miles south of the James River, 2 miles east of Fine Creek",1976-06-02,Raphanus raphanistrum L.,TRUE
5103890830,55692,WILLI,7779539,Yorktown Last cultivated field. Yorktown Battlefield Tour Road,1968-07-10,Raphanus raphanistrum L.,TRUE
5103889593,51939,WILLI,28480873,"By dirt road off Rt. 605, 0.5 mi. S of Rt. 33 at Snow Hill.",1982-05-27,Raphanus raphanistrum L.,TRUE
5103889547,48100,WILLI,28480844,"Off Rt. 602, 1.4 mi. W of the intersection with Rt. 614, across from pond. North of Truhart.",1983-07-08,Raphanus raphanistrum L.,TRUE
5103889546,48190,WILLI,28480845,by Pea River 2 mi. w. Samson.,1970-04-17,Raphanus raphanistrum L.,TRUE
5103889470,82673,WILLI,21944185,College Woods,2014-06-30,Raphanus raphanistrum L.,TRUE
5103889465,46933,WILLI,28480833,South of La. 15 on Richland Plantation 1.5 miles west of Rhymes and L. 133.,1984-05-08,Raphanus raphanistrum L.,TRUE
5103889439,42853,WILLI,28480803,1/2 mi. W of intersection with Bay Ave. Ocean City,1977-05-19,Raphanus raphanistrum L.,TRUE
5103889427,43848,WILLI,28480808,"Opposite Clarksbury Methodist Church on Va Rt. 33, E of Hardyville.",1981-03-29,Raphanus raphanistrum L.,TRUE
5103889408,44630,WILLI,28480813,"U.F. camps, Gainesville, beside Hull Rd. 2 mi east of 34th street.",1984-03,Raphanus raphanistrum L.,TRUE
5103880435,71456,WILLI,7799341,"above beach-line along west tip at mouth of the Corrotoman River, northeast of Towles Point.",1994-08-15,Raphanus raphanistrum L.,TRUE
5103880382,76957,WILLI,7799320,Briarfield Rd. and E St.,2008-04-19,Raphanus raphanistrum L.,TRUE
5103880296,62736,WILLI,7789901,Sandy Bottom Nature Park (entire),1995-05-08,Raphanus raphanistrum L.,TRUE
5103868289,18676,WILLI,28480554,"bordering Rt 600, 0.2 mi W of Holly Forks. PO Barhamsville",1974-06-05,Raphanus raphanistrum L.,TRUE
5103868189,13935,WILLI,28480514,"Berg farm, rt 616, Clay Bank",1973-03-30,Raphanus raphanistrum L.,TRUE
5103868187,13977,WILLI,28480516,"W side of River RD 0.25 mi S of jct with Sacramento Ave, ca 5 mi W of Chico",1964-03-29,Raphanus sativus L.,TRUE
5103867657,10258,WILLI,28480471,beside Co Rt 646; 1 mi from jct with Rt 616; 5 mi W of Williamsburg,1971-04-14,Raphanus raphanistrum L.,TRUE
5103867563,8683,WILLI,28480456,By old Physics Laser Station. The College Woods,1971-05-31,Raphanus raphanistrum L.,TRUE
5103867492,5948,WILLI,28480438,Lummis Rd. 7 miles from Suffolk and 1 mile off Rt. 158.,1970-04-11,Raphanus raphanistrum L.,TRUE
5103867451,2532,WILLI,28480405,4.5 mi SSW of St Pauls along Co 1765,1965-05-23,Raphanus raphanistrum L.,TRUE
5103865261,62575,WILLI,7766273,Sandy Bottom Nature Park (entire),1995-03-19,Raphanus raphanistrum L.,TRUE
5103856859,49452,WILLI,7786406,Matoaka Park,1942-05-06,Raphanus L.,TRUE
5103856826,11958,WILLI,7786418,bank of York River 300 yds of Felgate's Creek on N side of Yorktown Colonial Parkway,1971-06-21,Raphanus raphanistrum L.,TRUE
5103853160,59985,WILLI,7783208,"One large colony on roadside at edge of farm along St. Rt. 646, c. 3/10 mi. NW of intersection with St. Rt. 644, c. 4.2 mi. NW of Zuni.",1989-05-26,Raphanus raphanistrum L.,TRUE
5103852131,72470,WILLI,7783348,-,1995-03-04,Raphanus raphanistrum L.,TRUE
5103839793,63362,WILLI,7787755,bordering Rock Landing Road in Oyster Point Complex.,1991-05-01,Raphanus raphanistrum L.,TRUE
5103839298,79406,WILLI,14149332,Free School Road near Warner Hall Bed and Breakfast,2012-04-10,Raphanus sativus L.,TRUE
5103834828,75720,WILLI,7770375,"Sandy roadside, S.C. Rd. 145 near junction with U.S. Rd. 1.",1972-05-07,Raphanus raphanistrum L.,TRUE
5103833276,77104,WILLI,7779059,Totuskey Creek Watershed,2006-04-23,Raphanus raphanistrum L.,TRUE
5103831812,63958,WILLI,7794885,Sandy Bottom Nature Park; near visitor center and large pond,1995-04-02,Raphanus raphanistrum L.,TRUE
5103824047,71206,WILLI,7788457,"on westside of Rt. 604, 0.2 miles north of jct. Rts. 604 & 616 near Regina.",1994-05-07,Raphanus raphanistrum L.,TRUE
5103655369,UTEP:Herb:67766,UTEP,NA,"Sweet William Lane, SE of Alabama Highway 143",2004-04-15,Raphanus raphanistrum L.,TRUE
5103638087,UTEP:Herb:48319,UTEP,NA,1060 Pennsylvania Ave,1981-05-31,Raphanus sativus L.,TRUE
5103633511,UTEP:Herb:77303,UTEP,NA,"Kennesaw Mountain National Battlefield Park, NE side of Old Highway 41, 0.25 miles W of junction with Stilesboro Road",2006-04-28,Raphanus raphanistrum L.,TRUE
5103622787,UTEP:Herb:78216,UTEP,NA,"Pelham Bay Park, Bronx, New York",1978-10-19,Raphanus raphanistrum L.,TRUE
5103622291,UTEP:Herb:54384,UTEP,NA,"along San Simeon Creek, 0.2 miles E of California Highway 1",1996-09-22,Raphanus sativus L.,TRUE
5103612993,UTEP:Herb:59040,UTEP,NA,Pomona,1931-02-15,Raphanus sativus L.,TRUE
5103609951,UTEP:Herb:11430,UTEP,NA,"0.5 miles upstream from Irish Bend, along the Willamette River",1979-08-05,Raphanus raphanistrum L.,TRUE
5103607954,UTEP:Herb:40206,UTEP,NA,4 miles W of Temecula,1989-03-30,Raphanus sativus L.,TRUE
5103607367,UTEP:Herb:30841,UTEP,NA,"on State Highway 166, 1 mile E of junction with United States Highway 101",1980-03-27,Raphanus raphanistrum L.,TRUE
5103602230,UTEP:Herb:55124,UTEP,NA,"Marina del Ray Area, Ballona Creek, Floodplain and adjacent N-facing slopes",1996-04-09,Raphanus sativus L.,TRUE
5103580744,UTEP:Herb:85065,UTEP,NA,"Sacramento Valley, along Road Z, 0.9 miles N of junction with California Highway 162",2012-02-09,Raphanus sativus L.,TRUE
5103569111,UTEP:Herb:41647,UTEP,NA,S end of Huasna Township Road,1983-10-30,Raphanus sativus L.,TRUE
5103569109,UTEP:Herb:41646,UTEP,NA,"State Highway 15, 1.5 miles W of Rhymes",1990-03-27,Raphanus raphanistrum L.,TRUE
5103560761,UTEP:Herb:17128,UTEP,NA,"Newport, Backbay Ecology Reserve",1981-03-29,Raphanus sativus L.,TRUE
5103560421,UTEP:Herb:56724,UTEP,NA,"Tyler, Broadway at the Loop",1998-03-14,Raphanus raphanistrum L.,TRUE
5103533218,UTEP:Herb:66603,UTEP,NA,"Los Padres National Forest, meadow above Jade Cove",1994-04-01,Raphanus sativus L.,TRUE
5103525925,UTEP:Herb:37042,UTEP,NA,"ca. 5.5 miles SE of Monroe, junction of Miller Road and State Highway 15",1988-04-03,Raphanus raphanistrum L.,TRUE
5101172796,CHAS:Herb:2022.4.31,CHAS,NA,No specific locality recorded.,1983-06-20,Raphanus sativus L.,TRUE
5083369513,barcode-02265447,NEBC,NA,"Sears Island, NW 1/4",2024-09-28,Raphanus raphanistrum L.,TRUE
5081502113,NCSC00113285,NCSC,33633805,Buxton Woods. Near dumpster,2013-08-31,Raphanus raphanistrum L.,TRUE
5081485331,ERSK0002742,ERSK,33724528,Ca. 2 miles east of Williston on highway 39.,1969-04-04,Raphanus raphanistrum L.,TRUE
5081485329,ERSK0002741,ERSK,33724529,4.5 miles south-southwest of St. Pauls along County 1765.,1963-05-23,Raphanus raphanistrum L.,TRUE
5081485325,ERSK0002743,ERSK,33724527,"Erskine campus, on the corner of Alexander Street and College Street",2006-03-31,Raphanus raphanistrum L.,TRUE
5074461250,KIRI-10888,KIRI,1460543,"University of Rhode Island, Kingston",1975,Raphanus raphanistrum L.,TRUE
5074461249,KIRI-10887,KIRI,1460542,campus of Univ. of Rhode Island,1978-07-22,Raphanus raphanistrum L.,TRUE
5074461246,KIRI-10886,KIRI,1460541,Kingston,1891-07-31,Raphanus sativus L.,TRUE
5074461240,KIRI-10891,KIRI,1460546,Kingston URI Campus,1911-08-07,Raphanus raphanistrum L.,TRUE
5074461238,KIRI-10890,KIRI,1460545,"Tioaghnioga River, north of Marathon, N.Y.",1940-06-11,Raphanus raphanistrum L.,TRUE
5074461204,KIRI-10884,KIRI,1460539,"Roadside, Penna.",1940-06,Raphanus raphanistrum L.,TRUE
5072892614,K006313237,K,NA,"Sauvies Island, Ore.",1927-09-09T00:00,Raphanus raphanistrum L.,TRUE
5072863701,K006313236,K,NA,[Praidens],NA,Raphanus raphanistrum L.,TRUE
5070880623,MARY1033533,MARY,16003920,"Assateague Island, MD State Park",1965-06-12,Raphanus raphanistrum L.,TRUE
5070880620,MARY1033534,MARY,16003921,"Owings Mills, L.H.F.",1949-10-23,Raphanus raphanistrum L.,TRUE
5070880618,MARY1033535,MARY,16003922,"Willows; In Fishermans Creek Swamp, Camp Roosevelt",1935-06-26,Raphanus sativus L.,TRUE
5070880613,MARY1033537,MARY,16003924,College Park,NA,Raphanus sativus L.,TRUE
5070880496,MARY1033530,MARY,16003917,"Owings Mills, L.H.F.",1949-10-23,Raphanus raphanistrum L.,TRUE
5070880495,MARY1033531,MARY,16003918,"4 mi SE of Essex, along Evergeen Lane",1965-06-27,Raphanus raphanistrum L.,TRUE
5070880494,MARY1033532,MARY,16003919,"Assateague Island, road by N End Bridge",1966-10-02,Raphanus raphanistrum L.,TRUE
5070849634,MARY1025059,MARY,15574914,"Federalsburg, entrance of Federalsburg Industrial Park near intersection of Rt 313 and Rt 318",1993-08-25,Raphanus raphanistrum L.,TRUE
5070845109,MARY1004655,MARY,15482169,"W of Denton, MD Rte 404, Shore Highway, at Saathoff Road",2012-04-09,Raphanus sativus L.,TRUE
5070836819,WEWO0001643,WEWO,16878151,3 mi. WNW. of Whispering Pines... (NC 22),1973-06-23,Raphanus raphanistrum L.,TRUE
5070836818,WEWO0001644,WEWO,16878150,3.5 mi. NNE. of Southern Pines... (SR 1802),1973-04-06,Raphanus raphanistrum L.,TRUE
5070654920,IND-0084316,IND,13731226,"just south of Vegetable Crops' southernmost greenhouse, University of California, Davis",1958-05-29,Raphanus sativus L.,TRUE
5070654919,IND-0084320,IND,13731221,"Elk Hill, Sonora",1969-04-26,Raphanus raphanistrum L.,TRUE
5070653848,IND-0084321,IND,13731219,4.5 miles south-southwest of St. Pauls near Co. 1765,1965-05-23,Raphanus raphanistrum L.,TRUE
5070567592,BALT0006977,BALT,21585846,"Twin Churches Rd, near Lower New Germany Rd.",1985-07-05,Raphanus raphanistrum L.,TRUE
5070543304,BALT0006980,BALT,21568449,"Gunpowder Falls State Park, at Kearney Dr. on margins of Joppatowne Marina",1976-09-05,Raphanus raphanistrum L.,TRUE
5070543303,BALT0006979,BALT,21568448,"Edgewood Senior High School, near railroad tracks",1976-07-23,Raphanus raphanistrum L.,TRUE
5070543297,BALT0006984,BALT,21568453,White Marsh,1984-07-07,Raphanus sativus L.,TRUE
5070543296,BALT0006983,BALT,21568452,White Marsh,1984-07-07,Raphanus sativus L.,TRUE
5070543295,BALT0006982,BALT,21568451,"MD-3, 0.5 mi. N of Benfield Blvd",1973-06-03,Raphanus sativus L.,TRUE
5070543294,BALT0006981,BALT,21568450,"Beltsville, Virginia Manor Rd, 400 m. N of high school",1973-05-29,Raphanus raphanistrum L.,TRUE
5070543287,BALT0006978,BALT,21568447,"Trimble Road, 0.5 mi. E of Magnolia Rd, 20 ft. from road",1973-12-09,Raphanus raphanistrum L.,TRUE
5070543285,BALT0006976,BALT,21568445,"Twin Churches Rd, near Lower New Germany Rd.",1985-04-05,Raphanus raphanistrum L.,TRUE
5070481623,GRCH00001886,GRCH,1153008,"Fiddler's Green, northwest, oat field.",1973-06-28,Raphanus raphanistrum L.,TRUE
5068495463,1510,UNCA,6171161,Clifford Mountain in western Polk Co.,1953-10-03,Raphanus raphanistrum L.,TRUE
5068478061,5360,UNCA,13329400,Road to South River.,1972-04-12,Raphanus raphanistrum L.,TRUE
5068461202,NTSC007208,NTSC,27496290,[No additional locality data on sheet],1931-05-15,Raphanus sativus L.,TRUE
5068027696,NHA-520121,NHA,2709044,2.5 mi. east of Bolivia on Co. Rt. 1513.,1969-04-10,Raphanus raphanistrum L.,TRUE
5067996454,NHA-647639,NHA,2364198,junction Cross Island Parkway and 25A,1964-06-02,Raphanus raphanistrum L.,TRUE
5067940421,NHA-564445,University of New Hampshire,709006,Exit 5 off I-95 before Wells exit,1974-07-14,Raphanus raphanistrum L.,TRUE
5067939421,NHA-564448,University of New Hampshire,709009,"Squam Lakes Science Center, outside Merril's House",1972-07-27,Raphanus raphanistrum L.,TRUE
5067938421,NHA-564446,University of New Hampshire,709007,Hoyt Brook,1974-07-14,Raphanus raphanistrum L.,TRUE
5067927815,NHA-520114,University of New Hampshire,695982,weedy grass field,1907-10-02,Raphanus raphanistrum L.,TRUE
5067927814,NHA-520110,University of New Hampshire,695978,waste ground,1926-07-23,Raphanus raphanistrum L.,TRUE
5067927813,NHA-520103,University of New Hampshire,695973,just north of Hicks Hill,1965-06-17,Raphanus raphanistrum L.,TRUE
5067927812,NHA-520099,University of New Hampshire,695969,"Laton Farm, Horticulture Farm",1970-07-10,Raphanus raphanistrum L.,TRUE
5067927811,NHA-520094,University of New Hampshire,695964,[no precise locality],1882-06-03,Raphanus raphanistrum L.,TRUE
5067927809,NHA-520080,University of New Hampshire,695950,Greenville Junction,1917-08-03,Raphanus raphanistrum L.,TRUE
5067927808,NHA-520072,University of New Hampshire,695946,[no precise locality],1881,Raphanus raphanistrum L.,TRUE
5067926816,NHA-520124,University of New Hampshire,695989,Orono and Vicinity,1896-07,Raphanus sativus L.,TRUE
5067926813,NHA-520100,University of New Hampshire,695970,Laton Farm,1970-07-10,Raphanus raphanistrum L.,TRUE
5067926812,NHA-520096,University of New Hampshire,695966,old field,1937-06-19,Raphanus raphanistrum L.,TRUE
5067926811,NHA-520091,University of New Hampshire,695961,[no precise locality],1910-07-16,Raphanus raphanistrum L.,TRUE
5067926809,NHA-520082,University of New Hampshire,695952,East Livermore,1897,Raphanus raphanistrum L.,TRUE
5067925818,NHA-520127,University of New Hampshire,695992,garden,1911-07-26,Raphanus sativus L.,TRUE
5067925817,NHA-520123,University of New Hampshire,695988,Criehaven,1967-09-02,Raphanus raphanistrum L.,TRUE
5067925816,NHA-520115,University of New Hampshire,695983,[no precise locality],1876-08,Raphanus raphanistrum L.,TRUE
5067925815,NHA-520111,University of New Hampshire,695979,open waste ground,1932-07-15,Raphanus raphanistrum L.,TRUE
5067925814,NHA-520104,University of New Hampshire,695974,open roadside,1913-08-13,Raphanus raphanistrum L.,TRUE
5067925813,NHA-520095,University of New Hampshire,695965,ground,1885-07-27,Raphanus raphanistrum L.,TRUE
5067925812,NHA-520090,University of New Hampshire,695960,"Colebrook Greenhouse, West Stewartstown Road",1944-07-04,Raphanus raphanistrum L.,TRUE
5067925810,NHA-520081,University of New Hampshire,695951,cultivated ground,1890-07,Raphanus raphanistrum L.,TRUE
5067925809,NHA-520073,University of New Hampshire,695947,"Agronomy Department, Farm Weed and Crop Plants",1950-07,Raphanus raphanistrum L.,TRUE
5067924816,NHA-520112,University of New Hampshire,695980,open roadside,1913-08-30,Raphanus raphanistrum L.,TRUE
5067924815,NHA-520108,University of New Hampshire,695976,"roadside along Route 4, near Webster School",1958-06-30,Raphanus raphanistrum L.,TRUE
5067924814,NHA-520101,University of New Hampshire,695971,Laton Farm,1966-09-13,Raphanus raphanistrum L.,TRUE
5067924813,NHA-520097,University of New Hampshire,695967,Horticulture Farm,1938-09-07,Raphanus raphanistrum L.,TRUE
5067924812,NHA-520092,University of New Hampshire,695962,"Grain fields, etc.",1911-07-20,Raphanus raphanistrum L.,TRUE
5067924811,NHA-520088,University of New Hampshire,695958,North Blue Hill,1890-09,Raphanus raphanistrum L.,TRUE
5067924810,NHA-520083,University of New Hampshire,695953,East Side Road,1923-07-04,Raphanus raphanistrum L.,TRUE
5067924348,NHA-513474,University of New Hampshire,693644,Old Landing,1976-09-16,Raphanus raphanistrum L.,TRUE
5067923816,NHA-520113,University of New Hampshire,695981,"Appledore Island, Isles of Shoals",1967-07-07,Raphanus raphanistrum L.,TRUE
5067923815,NHA-520109,University of New Hampshire,695977,roadside,1958-06-30,Raphanus raphanistrum L.,TRUE
5067923814,NHA-520102,University of New Hampshire,695972,Horticultural Farm,1938-09-07,Raphanus raphanistrum L.,TRUE
5067923813,NHA-520098,University of New Hampshire,695968,Laton Farm,1973-06-29,Raphanus raphanistrum L.,TRUE
5067923812,NHA-520093,University of New Hampshire,695963,[no precise locality],NA,Raphanus raphanistrum L.,TRUE
5067923811,NHA-520089,University of New Hampshire,695959,Garden Weed,1954-09-01,Raphanus raphanistrum L.,TRUE
5067923809,NHA-520071,University of New Hampshire,695945,[no precise locality],1891-07,Raphanus raphanistrum L.,TRUE
5067915325,NHA-554459,University of New Hampshire,630230,Star Island,2006-08-31,Raphanus raphanistrum L.,TRUE
5067912783,NHA-535188,University of New Hampshire,627516,Plum Island,1978-07-26,Raphanus raphanistrum L.,TRUE
5067912299,NHA-553980,University of New Hampshire,630104,Star Island,2006-08-31,Raphanus raphanistrum L.,TRUE
5067911285,NHA-553783,University of New Hampshire,630043,Star Island,2006-08-30,Raphanus raphanistrum L.,TRUE
5053433252,STNF00955,STNF,6191075,"Shasta-Trinity National Forest. West side of Shasta Lake below north ridge of Charlie Creek watershed, south of Forest Service Road 35N06. Shasta Lake Ranger District, quad 665B.",2000-05-05,Raphanus sativus L.,TRUE
4995097593,911736,CAS,NA,Nevada City.,1936-04-26,Raphanus sativus L.,TRUE
4988016552,WSCO014571,Weber State University,33259687,"3.0 miles N of Stockton, along roadside, waste area, mostly grasses.",1964-06-18,Raphanus sativus L.,TRUE
4988016306,WSCO014572,Weber State University,33259691,"3.0 miles N of Stockton, along roadside, waste area, mostly grasses.",1964-06-18,Raphanus raphanistrum L.,TRUE
4988016305,WSCO014573,Weber State University,33259692,"3.0 miles N of Stockton, along roadside, waste area, mostly grasses.",1964-06-18,Raphanus raphanistrum L.,TRUE
4976699544,GMUF-0050245,GMUF,33164005,Totuskey Creek Watershed,2006-04-23,Raphanus raphanistrum L.,TRUE
4976144866,RSA0628262,RSA,6072327,Willow St. access to LA River.,1992-09-16,Raphanus sativus L.,TRUE
4955701489,CONN00219626,NA,NA,Litchfield,2003-06-21,Raphanus raphanistrum L.,TRUE
4955696696,CONN00205623,NA,NA,Waterbury,1903-08-15,Raphanus sativus L.,TRUE
4955696300,CONN00215946,NA,NA,Bourne,1994-10-09,Raphanus raphanistrum L.,TRUE
4955693154,CONN00198305,NA,NA,Bandon,2014-07-19,Raphanus raphanistrum L.,TRUE
4955687825,CONN00191430,NA,NA,Napatree Point,1979-06-13,Raphanus raphanistrum L.,TRUE
4955686833,CONN00191431,NA,NA,Watch Hill,1979-06-13,Raphanus raphanistrum L.,TRUE
4955683701,CONN00186108,NA,NA,West Suffield,1988-06-02,Raphanus raphanistrum L.,TRUE
4955683612,CONN00182470,NA,NA,Somers,1988-06-27,Raphanus raphanistrum L.,TRUE
4955681256,CONN00188990,NA,NA,Stamford,1972-06-04,Raphanus raphanistrum L.,TRUE
4955680731,CONN00184051,NA,NA,Watch Hill,1979-06-18,Raphanus raphanistrum L.,TRUE
4955680685,CONN00182714,NA,NA,Storrs,1988-06-03,Raphanus raphanistrum L.,TRUE
4955678161,CONN00177294,NA,NA,Butte County,2011-03-12,Raphanus raphanistrum L.,TRUE
4955649854,CONN00155974,NA,NA,Wakefield,2008-07-25,Raphanus raphanistrum L.,TRUE
4955644202,CONN00077268,NA,NA,University of Connecticut,1977-05-22,Raphanus raphanistrum L.,TRUE
4955640020,CONN00152584,NA,NA,Cousins Island,1997-08-09,Raphanus raphanistrum L.,TRUE
4955638754,CONN00074538,NA,NA,"Old Farms Road and Route 10, Avon",1990-07-26,Raphanus raphanistrum L.,TRUE
4955621145,CONN00068061,NA,NA,Groton Public Library,1978-07-06,Raphanus raphanistrum L.,TRUE
4955616321,CONN00060768,NA,NA,South Hadley,2002,Raphanus raphanistrum L.,TRUE
4955604605,CONN00134672,NA,NA,Barn Island Wildlife Management Area,1981-06-25,Raphanus raphanistrum L.,TRUE
4955585367,CONN00048801,NA,NA,"Block Island, New Shoreham",1996-06-11,Raphanus raphanistrum L.,TRUE
4955583839,CONN00044993,NA,NA,Willington,1973-09-16,Raphanus raphanistrum L.,TRUE
4955577823,CONN00045065,NA,NA,Lexington,2000-04-01,Raphanus raphanistrum L.,TRUE
4955577807,CONN00044992,NA,NA,Storrs,1973-10-01,Raphanus raphanistrum L.,TRUE
4955576843,CONN00044991,NA,NA,Southington,1973-10-21,Raphanus raphanistrum L.,TRUE
4955505319,CONN00089076,NA,NA,Reading,1977-07-07,Raphanus sativus L.,TRUE
4955505318,CONN00089072,NA,NA,"Botanic Garden, University of Connecticut",1909-07-21,Raphanus sativus L.,TRUE
4955505317,CONN00089069,NA,NA,Tariffville,1941-06-12,Raphanus sativus L.,TRUE
4955505314,CONN00089058,NA,NA,Lighthouse Tract,1975-06-02,Raphanus raphanistrum L.,TRUE
4955505313,CONN00089054,NA,NA,Wilbraham,1976-06-08,Raphanus raphanistrum L.,TRUE
4955505312,CONN00089050,NA,NA,"Orient Point, Orient, Southold",1940-07-26,Raphanus raphanistrum L.,TRUE
4955505311,CONN00089047,NA,NA,"Orient Point, Orient, Southold",1940-07-26,Raphanus raphanistrum L.,TRUE
4955505310,CONN00089043,NA,NA,Newport,1990-10-05,Raphanus raphanistrum L.,TRUE
4955505309,CONN00089036,NA,NA,Tolland,1993-07-17,Raphanus raphanistrum L.,TRUE
4955505308,CONN00089032,NA,NA,Groton,1927-06-19,Raphanus raphanistrum L.,TRUE
4955505307,CONN00089029,NA,NA,Colchester,1976-06-28,Raphanus raphanistrum L.,TRUE
4955505306,CONN00089025,NA,NA,Colchester,1988-09-13,Raphanus raphanistrum L.,TRUE
4955504394,CONN00089247,NA,NA,Bridgeport,1892-06-24,Raphanus raphanistrum L.,TRUE
4955504352,CONN00089081,NA,NA,Ithaca,1925-10-15,Raphanus sativus L.,TRUE
4955504351,CONN00089078,NA,NA,San Simeon,1981-01-19,Raphanus sativus L.,TRUE
4955504350,CONN00089074,NA,NA,Bridgeport,1897-11-01,Raphanus sativus L.,TRUE
4955504349,CONN00089070,NA,NA,"Botanic Garden, University of Connecticut",2012-07-20,Raphanus sativus L.,TRUE
4955504346,CONN00089056,NA,NA,Fishers Island,1905-06-27,Raphanus raphanistrum L.,TRUE
4955504345,CONN00089052,NA,NA,"Moosehead Lake, Piscataquis County",1906-07,Raphanus raphanistrum L.,TRUE
4955504343,CONN00089045,NA,NA,"Warwick Pond, Warwick",1926-09-25,Raphanus raphanistrum L.,TRUE
4955504342,CONN00089041,NA,NA,Cumberland,1946-08-10,Raphanus raphanistrum L.,TRUE
4955504341,CONN00089038,NA,NA,Ledyard,1923-07-06,Raphanus raphanistrum L.,TRUE
4955504340,CONN00089034,NA,NA,Storrs,1917-10-31,Raphanus raphanistrum L.,TRUE
4955504339,CONN00089030,NA,NA,"Norwichtown, Norwich",1946-09-19,Raphanus raphanistrum L.,TRUE
4955504338,CONN00089027,NA,NA,"Buckland, Manchester",1988-09-14,Raphanus raphanistrum L.,TRUE
4955504330,CONN00088994,NA,NA,Mansfield,1898-07-02,Raphanus raphanistrum L.,TRUE
4955504329,CONN00088990,NA,NA,Storrs,1980-08-08,Raphanus raphanistrum L.,TRUE
4955504328,CONN00088987,NA,NA,Salisbury,1903-08-26,Raphanus raphanistrum L.,TRUE
4955504327,CONN00088983,NA,NA,"Botanic Garden, University of Connecticut",1912-07-20,Raphanus raphanistrum L.,TRUE
4955501363,CONN00089082,NA,NA,Coral Gables,1948-05-10,Raphanus sativus L.,TRUE
4955501361,CONN00089075,NA,NA,Valley Rail Road,1903-07-19,Raphanus sativus L.,TRUE
4955501360,CONN00089071,NA,NA,Storrs,1908-09,Raphanus sativus L.,TRUE
4955501357,CONN00089060,NA,NA,Fresno County,2001-12-07,Raphanus raphanistrum L.,TRUE
4955501356,CONN00089057,NA,NA,Fishers Island,1905-08-26,Raphanus raphanistrum L.,TRUE
4955501355,CONN00089053,NA,NA,Newton,1913-06-11,Raphanus raphanistrum L.,TRUE
4955501354,CONN00089046,NA,NA,Block Island,1975-09-28,Raphanus raphanistrum L.,TRUE
4955501353,CONN00089042,NA,NA,Deerfield,1967-11-05,Raphanus raphanistrum L.,TRUE
4955501352,CONN00089039,NA,NA,Worcester County,1899,Raphanus raphanistrum L.,TRUE
4955501351,CONN00089035,NA,NA,"Horsebarn Hill, University of Connecticut",1989-11-05,Raphanus raphanistrum L.,TRUE
4955501350,CONN00089031,NA,NA,Goodspeeds Landing,1909-06-17,Raphanus raphanistrum L.,TRUE
4955501349,CONN00089028,NA,NA,Willington,1993-08-08,Raphanus raphanistrum L.,TRUE
4955501341,CONN00088995,NA,NA,Storrs,1886-05,Raphanus raphanistrum L.,TRUE
4955501340,CONN00088991,NA,NA,"Horsebarn Hill, University of Connecticut",1979-07-12,Raphanus raphanistrum L.,TRUE
4955501339,CONN00088988,NA,NA,East Hartford,1905-05-27,Raphanus raphanistrum L.,TRUE
4955501338,CONN00088984,NA,NA,Fairfield,1893-06-12,Raphanus raphanistrum L.,TRUE
4955500351,CONN00089077,NA,NA,San Simeon,1981-01-19,Raphanus sativus L.,TRUE
4955500350,CONN00089073,NA,NA,Bridgeport,1907-07-25,Raphanus sativus L.,TRUE
4955500347,CONN00089059,NA,NA,Fishers Island,1909-07-21,Raphanus raphanistrum L.,TRUE
4955500346,CONN00089055,NA,NA,Wilbraham,1976-06-08,Raphanus raphanistrum L.,TRUE
4955500344,CONN00089048,NA,NA,"Orient Point, Orient, Southold",1940-07-26,Raphanus raphanistrum L.,TRUE
4955500343,CONN00089044,NA,NA,Northampton,1979-07-05,Raphanus raphanistrum L.,TRUE
4955500341,CONN00089037,NA,NA,Mansfield,1916-07-25,Raphanus raphanistrum L.,TRUE
4955500340,CONN00089033,NA,NA,Noank,1940-07-13,Raphanus raphanistrum L.,TRUE
4955500339,CONN00089026,NA,NA,University of Connecticut,1984-07-23,Raphanus raphanistrum L.,TRUE
4955500331,CONN00088997,NA,NA,"Menunketesuck Island, Westbrook",1975-07-05,Raphanus raphanistrum L.,TRUE
4955500330,CONN00088993,NA,NA,Fairfield,1901-07-05,Raphanus raphanistrum L.,TRUE
4955500329,CONN00088986,NA,NA,Salisbury,1904-09-05,Raphanus raphanistrum L.,TRUE
4955500328,CONN00088982,NA,NA,Groton,1937-10-08,Raphanus raphanistrum L.,TRUE
4955496299,CONN00088996,NA,NA,Fairfield,1907-07-08,Raphanus raphanistrum L.,TRUE
4955496298,CONN00088992,NA,NA,University of Connecticut,1975-09-10,Raphanus raphanistrum L.,TRUE
4955496297,CONN00088989,NA,NA,North Eagleville Road,1940-06-20,Raphanus raphanistrum L.,TRUE
4955496296,CONN00088985,NA,NA,North Eagleville Road,1940-06-20,Raphanus raphanistrum L.,TRUE
4955496295,CONN00088981,NA,NA,Spring Manor Farm,1999-05-01,Raphanus raphanistrum L.,TRUE
4929852764,PH00104521,ANSP,29993137,"Prado Flood Control Basin at base of Prado Dam, Santa Ana river",1971-05-13,Raphanus sativus L.,TRUE
4929792346,09018,UNLV,23910607,"near Ryan Mtn, in washes & their immediate benches, Joshua Tree NM",1974-10-25,Raphanus raphanistrum L.,TRUE
4929790611,09367,UNLV,23910963,"Tualitin River, in an open field, near 150th Street & Beef Bend Rd",1974-05-26,Raphanus raphanistrum L.,TRUE
4929777591,42959,UNLV,23947121,"along OR Hwy 126, 4.8 mi E of jct with US Hwy 101 in Florence",1995-04-25,Raphanus raphanistrum L.,TRUE
4929777589,42960,UNLV,23947122,"Corvallis, Jackson-Frazier Wetland, at end of Lancaster Street; in weedy upland area",1995-07-22,Raphanus sativus L.,TRUE
4929743867,65350,UNLV,23970069,"Sacramento Valley, East Main Street (Co. Rd. 22), Woodland (parallel to I-5), 1.7 mile west of the Sacramento River",2012-03-09,Raphanus sativus L.,TRUE
4929735287,28067,UNLV,23930301,"Santa Ana Mts, Walker Basin, 2 mi on Avenida de Oro from Jct with Rancho CA Rd & 4.7 mi W of I-15",1987-05-16,Raphanus sativus L.,TRUE
4929734169,18984,UNLV,23920975,"Funeral Mts, Furnace Creek, disturbed rdside, Death Valley NM",1983-03-30,Raphanus sativus L.,TRUE
4929697638,290725,UF,NA,NA,2023-04-25,Raphanus raphanistrum L.,TRUE
4929357348,NA,MACF,6048990,Brea Dam Park.,2023-07-03,Raphanus sativus L.,TRUE
4929352608,DAV245571,DAV,6049125,"Along Perimeter Rd, 1000' north of intersection with Rock Mountain Rd.",2024-03-06,Raphanus sativus L.,TRUE
4929352379,DAV245704,DAV,6053255,Spenceville Rd near Penn Valley. 1500' south of intersection with Indian Springs Rd.,2024-04-11,Raphanus raphanistrum L.,TRUE
4927483560,253483,UF,NA,NA,1971-04-13,Raphanus raphanistrum L.,TRUE
4912314643,BRYV0137361,BRY,11262957,Just S of Bandon at the end of Mars Lane.,2014-07-19,Raphanus raphanistrum L.,TRUE
4912308178,BRYV0131273,BRY,11261093,Pajaro dunes near Watsonville.,1981-01-27,Raphanus sativus L.,TRUE
4912308175,BRYV0131266,BRY,11261079,Three miles north of Stockton.,1964-06-18,Raphanus sativus L.,TRUE
4912304551,BRYV0140927,BRY,11261103,"At bottom of beach access stairs off Wilmar Ave, Pismo Beach.",2015-07-29,Raphanus sativus L.,TRUE
4912304550,BRYV0131279,BRY,11261099,6 miles NE of San Juan Capistrana along Hwy 74.,1993-03-26,Raphanus sativus L.,TRUE
4912304546,BRYV0131272,BRY,11261084,City of Davis. Near intersection of county rd 103 and Chiles rd.,1974-05-03,Raphanus sativus L.,TRUE
4912304545,BRYV0131269,BRY,11261080,"Santa Monica Mts, Las Virgenes & Mulholland Hwy at Doka Univ, SW section.",1991-06-13,Raphanus sativus L.,TRUE
4912250315,BRYV0289833,BRY,30502549,"Corvallis; along S. 3rd St., by junction with Richland Ave., on west side of street by bus stop.",2020-09-04,Raphanus raphanistrum L.,TRUE
4912157312,BRYV0304177,BRY,32884790,Along old River Road one mile east of its junction with State Hwy. 99W north of Monroe.,2020-09-28,Raphanus raphanistrum L.,TRUE
4912153305,BRYV0131278,BRY,11261096,"SW section of Soka University, Los Vergenes Road and Mulholland Hwy. Santa Monica Mountains.",1991-06-13,Raphanus sativus L.,TRUE
4912153304,BRYV0131274,BRY,11261092,Near Cupertino.,1980-10-16,Raphanus sativus L.,TRUE
4912153302,BRYV0131271,BRY,11261085,Putah Creek at Pedrick Raod.,1984-05-05,Raphanus sativus L.,TRUE
4912153301,BRYV0131268,BRY,11261081,"Along State Hwy 121, 0.4 miles east of its junction with State Hwy 116 at Big Bend in the Sonoma Valley.",1987-02-22,Raphanus sativus L.,TRUE
4912151102,BRYV0131280,BRY,11261098,Huntington Beach along Beach Blvd. ca. 1/2 mi. N of beach.,1993-03-29,Raphanus sativus L.,TRUE
4912151101,BRYV0131277,BRY,11261094,"SW section of Soka University, Los Vergenes Road and Mulholland Hwy. Santa Monica Mountains.",1991-06-13,Raphanus sativus L.,TRUE
4912151100,BRYV0131275,BRY,11261090,"Whittier Hills, formerly Cheveron Oil property. Overgrown fire road beginning at Bacon Rd and extending behind Mar Vista School and Catalina Ave.",1998-03-15,Raphanus sativus L.,TRUE
4912151099,BRYV0131270,BRY,11261087,"Along Highway #17, north city limits of Fremont.",1962-04-16,Raphanus sativus L.,TRUE
4912151097,BRYV0131265,BRY,11261076,"City of Upper Lake, immediately east of the intersection of Hwy 20 and hwy 29, about 300' north of Hwy 20, near a walnut orchard.",1997-04-23,Raphanus sativus L.,TRUE
4912144300,BRYV0131267,BRY,11261078,"3rd Street, Davis.",1965-05-01,Raphanus sativus L.,TRUE
4912112841,BRYV0131276,BRY,24371666,Corona Del Mar Sate Park along Newport Coast Drive.,1993-03-27,Raphanus L.,TRUE
4912015636,BRYV0144674,BRY,11268201,"North Gate Road on west flank of Mount Diablo, dogleg in road above raches opposite Angel Kerley trail head.",1998-06-12,Raphanus sativus L.,TRUE
4911336304,RSA0618917,RSA,6026439,"LAX Dunes, North Dune, by large oak tree near Pershing.",2020-05-13,Raphanus sativus L.,TRUE
4910126197,SAT0018191,SAT,25133239,1.8 to 2.2 mi E on FM 380 from the intersection of Loop 306 (US 67-277) and FM 380,1990-03-24,Raphanus sativus L.,TRUE
4910126193,SAT0018190,SAT,25133238,"northeast of Vista, wasteland at base of low hill",1972-07-23,Raphanus sativus L.,TRUE
4910082168,SAT0009093,SAT,25122152,"Escondido, along Canyon Rd, about 10 ft W intersection with Brook Canyon Rd",1986-03-10,Raphanus sativus L.,TRUE
4905168605,NA,IRVC,6026918,"Newport Beach, Upper Newport Back Bay",NA,Raphanus sativus L.,TRUE
4905168604,NA,IRVC,6026919,"Newport Beach, Upper Newport Back Bay",NA,Raphanus raphanistrum L.,TRUE
4900676451,DAV244777,DAV,6017874,Rancho Venado (private). 0.8 km WSW of Mountain House which is 6.1 km NW of Highway 20 on Leesville Road.,2023-07-05,Raphanus raphanistrum L.,TRUE
4880005783,720759,CAS,NA,Presidio Golden Gate National Recreation Area. Dunes along northern margin of Crissy Field.,1993-04-26,Raphanus sativus L.,TRUE
4880005723,722059,CAS,722059,Along Arguello Blvd across from Inspiration Point,1993-04-29,Raphanus sativus L.,TRUE
4880005707,720761,CAS,720761,Presidio Golden Gate National Recreation Area. Dune scrub below Lincoln Blvd.,1993-04-23,Raphanus sativus L.,TRUE
4880005641,722058,CAS,722058,South side of trail to beach from south Baker Beach parking lot.,1993-04-23,Raphanus sativus L.,TRUE
4873181764,CLEMS0083166,CLEMS,32240493,Growing in the center of field along edge of Apalachicola Bay.,1995-03-20,Raphanus raphanistrum L.,TRUE
4872704769,SD00087803,SD,6014478,"Glendora, Little Dalton Canyon Debris Basin, L.A. Co. Flood Control, along abandoned trail on the w. side of the basin, Glendora Quad",2019-05-31,Raphanus sativus L.,TRUE
4872702523,DAV244422,DAV,6003808,"2 map km NW of Winters on the west side of County Road 88, about 0.5 map km N of the intersection of County Road 88 and Moody Slough Road. Immediately east of a presumed wastewater treatment pond.",2024-03-03,Raphanus raphanistrum L.,TRUE
4872674697,DEK00101844,DEK,32506351,3/4 mi. n.w. of Penns Creek P.O.,1939-06-14,Raphanus raphanistrum subsp. sativus (L.) Domin,TRUE
4872674694,DEK00101843,DEK,32506350,Field along Monroe St. just east of Beach Blvd. Stanton.,1966-02-18,Raphanus raphanistrum subsp. sativus (L.) Domin,TRUE
4872674686,DEK00101839,DEK,32506345,3/4 mi. n.w. of Penns Creek P.O.,1939-06-14,Raphanus raphanistrum L.,TRUE
4872674677,DEK00101838,DEK,32506344,"Volusia Co.: South Daytona, 610 Olive St. Ca. 3.7 mi ENE of the jct. of I-95 and I-4.",2005-05-02,Raphanus raphanistrum L.,TRUE
4865255997,NA,Uniwersytet Jagielloński,NA,NA,2006-09-11,Raphanus raphanistrum subsp. sativus (L.) Domin,TRUE
4859000508,OBI204067,OBI,6008220,"Morro Bay salt marsh, 1/4 mile N of Turri Rd and S. Bay Blvd. junction",1982-04-17,Raphanus sativus L.,TRUE
4859000492,OBI204065,OBI,6008224,"San Luis Creek between US Hwy 101 and lower Higuera St, San Luis Obispo",1982-04-20,Raphanus sativus L.,TRUE
4859000436,NA,OBI,6008207,10 miles S. of Ragged Point; west side of Calif. 1,1979-05-11,Raphanus sativus L.,TRUE
4857286482,UC14322,NA,UC14322,Elk Grove,1882-04-01/1882-04-30,Raphanus sativus L.,TRUE
4857283536,UC455765,NA,UC455765,California Polytechnic School,1906-04-16,Raphanus sativus L.,TRUE
4857279242,UC10780,NA,UC10780,Berkeley,1898-08-07,Raphanus sativus L.,TRUE
4857279241,UC10777,NA,UC10777,"Berkeley, College Avenue Berkeley; , College Avenue",1900-12-28,Raphanus sativus L.,TRUE
4857264856,UC407038,NA,UC407038,Jersey Island,1930-04-18,Raphanus sativus L.,TRUE
4857256179,JEPS113119,NA,JEPS113119,"Open pasture fields, about 1/2 mile south of the Manzanita Cemetery, about 1/2 mile west of Gladding Road, about 2 3/4 miles north of Lincoln",2007-04-13,Raphanus raphanistrum L.,TRUE
4857230929,UC765025,NA,UC765025,Modesto,1935-01-10,Raphanus raphanistrum L.,TRUE
4857216981,JEPS88506,NA,JEPS88506,"at the w boundary 1 mi s of Gyle Road (nw of Corning, nw side Sacramento Valley, Thomes Creek Ecological Reserve, CDFG parcel on s side of Gyle Road); Thomes Creek Ecological Reserve, Sacramento Valley",1996-04-15,Raphanus raphanistrum L.,TRUE
4857191431,JEPS54284,NA,JEPS54284,between Wasco and Famosa,1935-03-24,Raphanus sativus L.,TRUE
4857191376,JEPS53816,NA,JEPS53816,"San Jacinto Valley, near farm, from Riverside to Santa Rosa Peak and Palomar San Jacinto Valley",1901-05-17,Raphanus raphanistrum L.,TRUE
4857180832,UC606739,NA,UC606739,"Red Rock, ne corner of the island Red Rock; San Francisco Bay Region, Red Rock",1936-04-19,Raphanus sativus L.,TRUE
4857179382,JEPS45440,NA,JEPS45440,vicinity of La Grange,1961-04-21,Raphanus sativus L.,TRUE
4857174955,JEPS53812,NA,JEPS53812,Berkeley,1897-06-25,Raphanus sativus L.,TRUE
4857172686,UC117496,NA,UC117496,Mission Valley,1902-06-01/1902-06-30,Raphanus sativus L.,TRUE
4857150176,UC1126751,NA,UC1126751,1.9 mi nw of Mammoth Rock School,1937-06-04,Raphanus sativus L.,TRUE
4857150175,UC1126748,NA,UC1126748,1 1/2 mi n of Coromar (Santa Barbara National Forest); Santa Barbara National Forest,1935-04-16,Raphanus sativus L.,TRUE
4857147684,UC1126744,NA,UC1126744,1 mi w of Standard,1936-04-09,Raphanus sativus L.,TRUE
4857145450,UC521694,NA,UC521694,"Berkeley Hills, Strawberry Canyon Strawberry Canyon; Berkeley Hills, Strawberry Canyon",1933-09-02,Raphanus sativus L.,TRUE
4857145375,UC520022,NA,UC520022,above Balllona Creek (Baldwin Hills); Baldwin Hills,1932-04-30,Raphanus raphanistrum L.,TRUE
4857140170,UC66740,NA,UC66740,Redondo,1904-03-08,Raphanus sativus L.,TRUE
4857139510,UC56903,NA,UC56903,Rivera,1902-05-10,Raphanus sativus L.,TRUE
4857139491,UC56738,NA,UC56738,vicinity of Riverside; Southern California,1902-04-01/1902-04-30,Raphanus sativus L.,TRUE
4857117994,UC1543096,NA,UC1543096,"e of Buena Park (on n side of West Commonwealth Avenue, on edge of Fullerton Municipal airport); Fullerton Municipal airport, West Commonwealth Avenue",1936-05-29,Raphanus sativus L.,TRUE
4857111711,UC10776,NA,UC10776,at San Francisco San Francisco,1893-04-01/1893-04-30,Raphanus raphanistrum L.,TRUE
4857088748,JEPS126116,NA,JEPS126116,"Jameson Canyon, north side near bottom of ridge. Cordelia 7.5 Qua.",1998-03-29,Raphanus raphanistrum L.,TRUE
4857080999,UC2028317,NA,UC2028317,"North Gate Road on west flank of Mount Diablo, dogleg in road above ranches opposite Angel Kerley trailhead.",NA,Raphanus sativus L.,TRUE
4857080963,UC2028045,NA,UC2028045,"Diablo Foothills Regional Park, just south end of Shell Ridge Loop Trail southeast of Old Borges Ranch.",NA,Raphanus raphanistrum L.,TRUE
4857077345,JEPS114346,NA,JEPS114346,"Along the fence, about 50 yards west of the wire gate on the south side of Sandy Mush Road, 3.7 miles west of Highway 99, about 8.5 miles south-southeast of Merced",2008-04-13,Raphanus raphanistrum L.,TRUE
4857047863,UC220629,NA,UC220629,near Sisson,1897-06-01/1897-06-10,Raphanus raphanistrum L.,TRUE
4857044951,UC1327247,NA,UC1327247,1 mi s of Alpine Dam,1966-03-27,Raphanus sativus L.,TRUE
4857041609,UC1952501,NA,UC1952501,"Williams, by the junction of 5th Street and B Street",2007-03-22,Raphanus L.,TRUE
4857027481,JEPS78175,NA,JEPS78175,300 m. s. of Central Ave. overpass & 100 m. w. of Hoffman Blvd. Richmond (landfill at edge of Bay),1973-01-26,Raphanus sativus L.,TRUE
4857018765,UC1252110,NA,UC1252110,about 1/2 mi inland from Sea Cliff Beach State Park (which is between Santa Cruz and Watsonville),1953-02-01,Raphanus sativus L.,TRUE
4856997426,JEPS53819,NA,JEPS53819,"South Fork Eel River, s end of Dyerville Bridge South Fork Eel River; Bull Creek Region, South Fork Eel River",1934-05-27,Raphanus sativus L.,TRUE
4856996229,UC1206452,NA,UC1206452,"near Lake Lagunita (Stanford University); Santa Cruz Peninsula, Stanford University",1897-05-24,Raphanus sativus L.,TRUE
4856994657,JEPS53815,NA,JEPS53815,Escondido,1927-05-01/1927-05-31,Raphanus sativus L.,TRUE
4856979771,UC589365,NA,UC589365,"Tomales Bay, Avalis Beach Avalis Beach; Tomales Bay, Avalis Beach",1932-08-03,Raphanus sativus L.,TRUE
4856975110,UC1614555,NA,UC1614555,refilled ground 100 yds. e. of U.C. stadium on Strawberry rd. Berkeley,1934-09-18,Raphanus sativus L.,TRUE
4856974252,UC69195,NA,UC69195,Wiseburn near Los Angeles; Wiseburn,1905-06-01/1905-06-30,Raphanus sativus L.,TRUE
4856967005,UC1126750,NA,UC1126750,El Estero Swamp,1935-02-09,Raphanus sativus L.,TRUE
4856967004,UC1126747,NA,UC1126747,1 mi s of Surf,1935-03-10,Raphanus sativus L.,TRUE
4856960796,UC1126754,NA,UC1126754,1 1/2 mi se of Terrace Hill,1936-03-21,Raphanus sativus L.,TRUE
4856957926,UC557711,NA,UC557711,San Clemente Island,1936-04-01,Raphanus raphanistrum L.,TRUE
4856945872,UC1584034,NA,UC1584034,"Whittier Hills (Puente Hills), Upper Turnbull Canyon, 1/5 air mi wnw of Turnbull Canyon Road x Skyline Drive Upper Turnbull Canyon; Whittier Hills (Puente Hills), Upper Turnbull Canyon",1991-02-23,Raphanus sativus L.,TRUE
4856940905,UC10779,NA,UC10779,at Witch Creek Witch Creek,NA,Raphanus sativus L.,TRUE
4856938605,UC10775,NA,UC10775,"Berkeley, Telegraph Avenue, near Dwight Way Berkeley; , Telegraph Avenue",1900-05-18,Raphanus raphanistrum L.,TRUE
4856933665,UC1046483,NA,UC1046483,between Merced Falls and Snelling,1951-04-22,Raphanus raphanistrum L.,TRUE
4856921832,UC2087786,NA,NA,San Clemente Island. Eroded gully jut N. of Building 60081 at E. end of Seals Camp at Northwest Harbor.,1996-04-22,Raphanus raphanistrum L.,TRUE
4856900224,UC2049883,NA,UC2049883,Salinas by side of road.,1958-05-18,Raphanus sativus L.,TRUE
4856896393,UC2029070,NA,UC2029070,Little Pine Creek Road on west side of Mount Diablo.,NA,Raphanus raphanistrum L.,TRUE
4856893944,JEPS111867,NA,JEPS111867,Vallejo on side road along at side of I-80 between Sequoia Road exit and Columbus Parkway exit,2004-06-10,Raphanus sativus L.,TRUE
4856889022,UC2028282,NA,UC2028282,"Shell Ridge Open Space on NW side of Mount Diablo, roadside near Old Borges Ranch.",NA,Raphanus sativus L.,TRUE
4856888955,UC2027737,NA,UC2027737,"North base of Mount Diablo, vacant lot on Regency Drive (en route to Donner Canyon trailhead).",NA,Raphanus raphanistrum L.,TRUE
4856886286,UC2028176,NA,UC2028176,"Pine Canyon/Stage Road upstream from Dusty Road junction, southwest flank of Mount Diablo.",NA,Raphanus raphanistrum L.,TRUE
4856883525,JEPS100009,NA,JEPS100009,"Mt. Wanda; Martinez; John Muir National Historic Site; Mt. Wanda, John Muir National Historic Site",2003-04-08,Raphanus raphanistrum L.,TRUE
4856849890,UC212638,NA,UC212638,"Pacific Grove; Monterey Peninsula, Pacific Grove",1917-08-01,Raphanus sativus L.,TRUE
4856838260,UC765016,NA,UC765016,Modesto,1935-02-08,Raphanus sativus L.,TRUE
4856829659,JEPS53814,NA,JEPS53814,3 1/2 mi n of Snelling (Dry Creek); Dry Creek,1936-05-06,Raphanus raphanistrum L.,TRUE
4856826304,JEPS53818,NA,JEPS53818,Vacaville,1884-06-10,Raphanus sativus L.,TRUE
4856786437,UC1126746,NA,UC1126746,1/2 mi n of extreme e end of Lake Chabot,1934-03-12,Raphanus sativus L.,TRUE
4856761967,UC1126753,NA,UC1126753,.2 mi s of Nipomo Hill,1936-03-18,Raphanus sativus L.,TRUE
4856761966,UC1126742,NA,UC1126742,1.8 mi nnw of Santa Cruz,1936-04-06,Raphanus raphanistrum L.,TRUE
4856760304,UC1595411,NA,UC1595411,"Elephant Hill, n-most point of the Puente Hills, West Pomona Elephant Hill; West Pomona, Puente Hills, Elephant Hill",1991-07-29,Raphanus raphanistrum L.,TRUE
4856753332,JEPS8424,NA,JEPS8424,along roadside between Merced Falls and Snelling,1951-04-22,Raphanus raphanistrum L.,TRUE
4856745612,UC1586725,NA,UC1586725,"Santa Cruz Island, Prisoner s Harbor, on n side of magazine building Prisoner s Harbor; California Islands, Santa Cruz Island, Prisoner s Harbor",1990-04-10,Raphanus raphanistrum L.,TRUE
4856717992,UC1084367,NA,UC1084367,along road to Bodega (just e of Bodega),1937-03-26,Raphanus sativus L.,TRUE
4856681945,UC10778,NA,UC10778,French Camp,1890-01-01/1891-12-31,Raphanus sativus L.,TRUE
4856673061,UC2079007,NA,NA,"Southern California Coast, Santa Barbara region, foothills of Topatopa Mountains. Hillcrest Dr. near Mnt. Drive E reservoir",1971-02-28,Raphanus sativus L.,TRUE
4856672201,UC1536931,NA,UC1536931,Pigeon Pass,1935-03-18,Raphanus sativus L.,TRUE
4856620140,JEPS127092,NA,JEPS127092,"1.4 miles (air) northwest of Los Vaqueros Reservoir Marina, 1.9 miles (air) southwest of Los Vaqueros Reservoir Dam, approximately 25 miles (air) southwest of Stockton. Undesignated section of Canada de Los Vaqueros Land Grant, Byron Hot Spring USGS 7.5 Quad.",2016-04-19,Raphanus raphanistrum L.,TRUE
4856605890,UC2028212,NA,UC2028212,"North Gate Road on west side of Mount Diablo, hairpin turn opposite Angel Kerley trailhead.",NA,Raphanus raphanistrum L.,TRUE
4856437838,UC212637,NA,UC212637,"Pacific Grove; Monterey Peninsula, Pacific Grove",1917-08-01/1917-08-31,Raphanus raphanistrum L.,TRUE
4856437544,UC203587,NA,UC203587,8 mi n of Oroville,1914-03-16,Raphanus sativus L.,TRUE
4856381788,UC685672,NA,UC685672,"Strawberry Canyon, University of California Campus, Berkeley Strawberry Canyon; Berkeley, University of California Campus",1943-05-14,Raphanus sativus L.,TRUE
4856380987,JEPS53817,NA,JEPS53817,Santa Ana,1908-03-01/1908-03-31,Raphanus sativus L.,TRUE
4856377722,UC1199217,NA,UC1199217,immediate vicinity of Eureka,1906-04-29,Raphanus sativus L.,TRUE
4856376692,JEPS53813,NA,JEPS53813,"Albion, Mendocino coast Albion; , Mendocino coast",1936-07-22,Raphanus sativus L.,TRUE
4856352902,UC650429,NA,UC650429,Jersey Island,1930-04-18,Raphanus sativus L.,TRUE
4856349001,JEPS45441,NA,JEPS45441,vicinity of La Grange (just n of old dredge camp),1961-04-21,Raphanus raphanistrum L.,TRUE
4856345348,UC127885,NA,UC127885,vicinity of Berkeley Berkeley,1906-07-01/1906-09-30,Raphanus sativus L.,TRUE
4856342745,UC117497,NA,UC117497,San Diego,1895-04-07,Raphanus sativus L.,TRUE
4856291131,UC596419,NA,UC596419,Oakdale,1935-01-06,Raphanus raphanistrum L.,TRUE
4856289490,UC1126752,NA,UC1126752,3 mi n of Davenport,1935-05-15,Raphanus sativus L.,TRUE
4856289489,UC1126749,NA,UC1126749,2 mi n of Table Rock,1935-04-30,Raphanus sativus L.,TRUE
4856289488,UC1126741,NA,UC1126741,At Webb s,1936-03-31,Raphanus raphanistrum L.,TRUE
4856285678,UC1126745,NA,UC1126745,1/2 mi n extreme e end of Lake Chabot,1934-03-12,Raphanus sativus L.,TRUE
4856246033,UC64347,NA,UC64347,"San Jacinto Valley, (journey) from Riverside to Santa Rosa Peak and Palomar San Jacinto Valley",1901-05-17/1901-06-01,Raphanus raphanistrum L.,TRUE
4856239283,UC519997,NA,UC519997,2 mi sw of Glendora,1932-01-08,Raphanus sativus L.,TRUE
4856235393,UC2087784,NA,NA,"San Clemente Island. Eroded gully just N. of Building 60081 at E, end of Seals Camp at Northwest Harbor.",1996-04-22,Raphanus raphanistrum L.,TRUE
4856218721,UC2082406,NA,UC2082406,City Hall. California Coastal National Monument. Point Arena/Stornetta Unit Voucher.,2016-06-21,Raphanus sativus L.,TRUE
4856042859,ETSU034511,ETSU,21397033,Grassy rdg.,1969-07-14,Raphanus raphanistrum L.,TRUE
4856038261,ETSU014570,ETSU,20488638,"Field next to sewer plant, St. Andrews",1990-03-30,Raphanus raphanistrum L.,TRUE
4851299367,400101,WS,31257787,"Along Old River Road, 1 mile east of its junction with OR Hwy 99W, N of Monroe.",2020-09-28,Raphanus raphanistrum L.,TRUE
4851282597,322148,WS,30814894,Shaw Mill Road 1 mile SW Dewey Corner.,1981-05-08,Raphanus sativus L.,TRUE
4851282596,322144,WS,30814890,Mt. Hood area.,1966-05-13,Raphanus sativus L.,TRUE
4851282595,322141,WS,30814887,"Hoodview S.D.A. school property, Boring.",1970-04-19,Raphanus sativus L.,TRUE
4851282594,195827,WS,30814883,"West of Philomath, along Waldport road.",1940-04-29,Raphanus sativus L.,TRUE
4851282593,55255,WS,30814876,Roseburg Quadrangle.,1914-06-14,Raphanus sativus L.,TRUE
4851282592,94905,WS,30814872,McMinnville.,NA,Raphanus raphanistrum L.,TRUE
4851282591,322139,WS,30814869,8 miles SE of Milton-Freewater.,1958-10-09,Raphanus raphanistrum L.,TRUE
4851271238,322146,WS,30814892,Mountain Top Road 2 miles west of 219 hwy.,1971-05-08,Raphanus sativus L.,TRUE
4851271237,322143,WS,30814889,West slope of Mt. Hood.,1966-05-13,Raphanus sativus L.,TRUE
4851271236,11342,WS,30814885,Whidbey Island.,1897-06-18,Raphanus sativus L.,TRUE
4851271235,339847,WS,30814881,"Shaw Mill Rd., 1 mi. SW of Dewey Corner.",1981-05-08,Raphanus sativus L.,TRUE
4851271234,139686,WS,30814878,Bingen (from the bottomlands).,1900-06-04,Raphanus sativus L.,TRUE
4851271233,278892,WS,30814874,Oak Harbor Quad 7.5 Min Topeg USGS.,1976-04-10,Raphanus raphanistrum L.,TRUE
4851271232,330516,WS,30814870,1/10 Mi. E. of S.E. Williams rd. on Powell Valley Rd.,1966-05-13,Raphanus raphanistrum L.,TRUE
4851271231,93614,WS,30814867,Seattle.,1923-07-16,Raphanus raphanistrum L.,TRUE
4851194916,399674,WS,31113680,"Pacific Northwest Coast ecoregion: McCleary, Beerbower Park, along WA Highway 108 just north of junction with South 3rd Street. T18N R5W S11 SE4 SE4 SE4",2021-08-15,Raphanus raphanistrum L.,TRUE
4851194746,399782,WS,31060555,"Puget Trough ecoregion: Flying J Truck Stop, east side of south-bound Interstate 5 south of 93rd Avenue (Lathrop Road). T17N R2W S21 NE4 NW4.",2022-06-28,Raphanus sativus L.,TRUE
4851179492,291390,WS,30814895,"Miller Sands Island, 6 mi. east of Tongue Pt. Astoria, Columbia River.",1977-06,Raphanus sativus L.,TRUE
4851179491,322145,WS,30814891,South end of Brooks Road.,1966-05-12,Raphanus sativus L.,TRUE
4851179490,322142,WS,30814888,West side of Mt. Hood.,1966-05-13,Raphanus sativus L.,TRUE
4851179489,139703,WS,30814884,Linnton near Portland.,1911-11-03,Raphanus sativus L.,TRUE
4851179488,10732,WS,30814880,Pullman.,1903-09-16,Raphanus sativus L.,TRUE
4851179487,139687,WS,30814877,"Bottomlands, Bingen.",1895-06-09,Raphanus sativus L.,TRUE
4851179486,221511,WS,30814873,Gravel bed east of Cottate Grove.,1955-07-04,Raphanus raphanistrum L.,TRUE
4851179485,322149,WS,30814866,McNary US Wildlife Refuge 1/4 mile NW of headquarters.,1967-05-19,Raphanus raphanistrum L.,TRUE
4851165096,322147,WS,30814893,"Mt. Top Rd. 2 miles W. of 219 hwy., Chehelam Mt.",1971-05-08,Raphanus sativus L.,TRUE
4851165095,322140,WS,30814886,Brightwood.,1966-05-13,Raphanus sativus L.,TRUE
4851165094,339779,WS,30814882,Shaw Mill Rd. 1 mile sw of Dewey Corner.,1981-05-08,Raphanus sativus L.,TRUE
4851165093,139684,WS,30814879,Bingen (from the bottomlands).,1900-06-04,Raphanus sativus L.,TRUE
4851165092,139685,WS,30814875,Bingen.,1900-06-04,Raphanus sativus L.,TRUE
4851165091,360694,WS,30814871,"Along the Willamette River behind the O.S.U. Salmon Disease Lab, 34347 N.E. Electric Road, just E of Corvallis. T11S R5W S36.",2000-07-02,Raphanus raphanistrum L.,TRUE
4845957328,SD00085680,SD,5996911,Torrey Pines State Reserve,2023-05-03,Raphanus sativus L.,TRUE
4608092573,RSA0577830,RSA,5976409,"Central western section of northern 48 acres of CDIP in LAX Dunes, southwest quadrant, between Pershing and Vista del Mar.",2020-05-13,Raphanus sativus L.,TRUE
4608085762,SBBG245291,SBBG,5967039,"San Clemente Island; North of HellBox at BUDS camp along chain fence, disturbed dunes area.",2012-02-20,Raphanus raphanistrum L.,TRUE
4601577313,DOV0071204,DOV,32339511,"Myrtle Island Research Natural Area, at end of Cougar Creek Road, 7.3 kilometers W of Bullock Bridge and OR 138.",1977-04-17,Raphanus sativus L.,TRUE
4601577312,DOV0071203,DOV,32339510,"Myrtle Island Research Natural Area, 11.3-ha island in the Umpqua River, at end of Cougar Creek Road, 7.3 kilometers W of Bullock Bridge and Oregon 138",1977-11-17,Raphanus raphanistrum L.,TRUE
4601577311,DOV0071208,DOV,32339515,"Mathison, U.S. Highway 82 on new section opened for 4-lina, plants scattered along whole section from just E of junction of Highway 82 with Highway 15 and all the way W to the junction of Highway 82 with the Natchez Trace Parkway",1996-11-12,Raphanus sativus L.,TRUE
4601577309,DOV0071206,DOV,32339513,N of La. 156 at the E edge of the town of Calvin.,2000-03-14,Raphanus raphanistrum L.,TRUE
4601577308,DOV0071205,DOV,32339512,Along Rt. 52. About 4.8 miles NW of Moncks Corner.,2000-03-21,Raphanus raphanistrum L.,TRUE
4601577307,DOV0071201,DOV,32339508,"Along I-20 and I-59, 1 mile N of Fosters Exit and just S of the Black Warrior River S of Tuscaloosa.",2003-03-09,Raphanus raphanistrum L.,TRUE
4601577303,DOV0071202,DOV,32339509,along I-20 and I-59 1 mile N of Fosters Exit and just S of the Black Warrior River S of Tuscaloosa,2003-03-09,Raphanus raphanistrum L.,TRUE
4601577270,DOV0071210,DOV,32339517,Martha's Vineyard,1888,Raphanus sativus L.,TRUE
4601577269,DOV0071209,DOV,32339516,Rocky Knob,NA,Raphanus sativus L.,TRUE
4527874197,barcode-02618500,NEBC,NA,"Mt Hope Farm, Mt Hope Bay",2022-08-27,Raphanus raphanistrum L.,TRUE
4515850349,SD00083704,SD,5934188,"Marine Corps Base Camp Pendleton, open field on east side of Del Mar gate, just NE of the intersection of Harbor Dr. and Santa Fe Ave.",2023-05-26,Raphanus sativus L.,TRUE
4512923598,NBM-VP-034303,NBM,171200,"Parking lot of University campus, Orono, Maine",1993-07-08,Raphanus raphanistrum L.,TRUE
4507453481,NA,BDI,7714665,Chester,2006-10-18,Raphanus raphanistrum L.,TRUE
4507453475,NA,BDI,7714664,Brooklyn,1866,Raphanus raphanistrum L.,TRUE
4507453467,NA,BDI,7714669,Buffalo,2000-10-18,Raphanus sativus L.,TRUE
4507453463,NA,BDI,7714668,Perkiomen,1872-10-03,Raphanus sativus L.,TRUE
4436959695,OSW0007396,OSW,2684549,Martha's Vineyard,1892-07-10,Raphanus raphanistrum L.,TRUE
4436957900,OSW0007401,OSW,2684453,Heart Lake,1937-07-12,Raphanus sativus L.,TRUE
4436954623,OSW0007397,OSW,2683888,Station- Fish Creek Station,1939-07-01,Raphanus raphanistrum L.,TRUE
4436954095,OSW0007399,OSW,2679047,East Colvin Street (Garden),1961-07-22,Raphanus sativus L.,TRUE
4436953682,OSW0007400,OSW,2678342,East Colvin Street (Garden),1961-07-23,Raphanus sativus L.,TRUE
4433286380,WVW014251,WVW,29454181,Median of I-20 just west of Thomas Road Exit in West Monroe,1992-02-12,Raphanus raphanistrum L.,TRUE
4433286379,WVW014252,WVW,29454182,"Hills Corner, w. of Rt. 137 & Pitcher Pond, Lincolnville",1953-06-29,Raphanus raphanistrum L.,TRUE
4433286375,WVW014253,WVW,29454183,"Just n. of Grindel Pt., Islesboro",1988-07-09,Raphanus raphanistrum L.,TRUE
4433286374,WVW014254,WVW,29454184,along I-20W west of Lake in Bienville National Forest,1993-01-03,Raphanus raphanistrum L.,TRUE
4426632361,BRIT22098,BRIT,31522581,"Plant was found going N. on Boat Club Rd. and 1/3 mile past Park Dr. It was found on the left road shoulder. This location is in N. Fort Worth, TX.",2014-06-13,Raphanus L.,TRUE
4418789454,CHSC126713,CHSC,5872887,The Nature Conservancy Dye Creek Preserve. Cone Grove Road.,1968-04-02,Raphanus raphanistrum L.,TRUE
4418789433,CHSC126717,CHSC,5872878,The Nature Conservancy Dye Creek Preserve. Cone Grove Road.,1968-06-18,Raphanus raphanistrum L.,TRUE
4404981149,77908,RENO,11522461,"Sonoma Valley, along CA Hwy 121, 0.4 mile E of its junction with CA Hwy 116 at Big Bend.",1987-02-22,Raphanus sativus L.,TRUE
4404981145,77910,RENO,11522477,"Los Angeles City, Glenwood Place, South Gate.",1967-03-29,Raphanus sativus L.,TRUE
4404981144,77909,RENO,11522470,"Hwy 40 [now I-80 xcorridor], 7 miles N of Vallejo.",1962-04-06,Raphanus sativus L.,TRUE
4404975416,115883,RENO,30692162,"Along Old River Rod, 1 mile E of its junction with OR Hwy 99W, N of Monroe.",2020-09-28,Raphanus raphanistrum L.,TRUE
4404923243,77917,RENO,11526650,10 miles E of Ione.,1956-03-27,Raphanus sativus L.,TRUE
4404923225,77919,RENO,11526679,Redding.,1960-04-16,Raphanus sativus L.,TRUE
4404923182,77913,RENO,11526617,3 miles E of Oakdale.,1959-03-28,Raphanus sativus L.,TRUE
4404923176,77914,RENO,11526622,Between Placerville and Plymouth.,1967-04-16,Raphanus sativus L.,TRUE
4404923173,77916,RENO,11526628,Chico.,1963-04-16,Raphanus sativus L.,TRUE
4404923171,77915,RENO,11526626,"[Sierra Nevada,] on Hwy 49, 2 miles W of Nevada City.",1977-04-03,Raphanus sativus L.,TRUE
4404923101,77920,RENO,11526694,Uvas Meadows Road.,1967-05-06,Raphanus sativus L.,TRUE
4404922762,78048,RENO,11526711,"At the end of Mars Lane, just S of Bandon.",2014-07-19,Raphanus raphanistrum L.,TRUE
4404922748,78049,RENO,11526719,"Hammond, Columbia River at the boat basin.",2006-09-11,Raphanus raphanistrum L.,TRUE
4404922660,78051,RENO,11526768,"Along Mars Lane by its intersection with Rohrer Road, just S of Bandon.",2014-07-21,Raphanus raphanistrum L.,TRUE
4404922656,78052,RENO,11526778,0.5 mile W of Loomis.,1955-04-23,Raphanus raphanistrum L.,TRUE
4404922641,78053,RENO,11526794,"Along road, 1 mile W of Fiddletown.",1959-05-08,Raphanus L.,TRUE
4404922610,78050,RENO,11526736,"Along the Willamette River behind the O.S.U. Salmon Disease Lab, 34347 NE Electric Rd, just E of Corvallis.",2000-07-02,Raphanus raphanistrum L.,TRUE
4404866744,75601,RENO,11195157,"Along Hwy 74, 6 miles NE of San Juan Capistrano.",1993-03-26,Raphanus sativus L.,TRUE
4403306335,TEX00581187,TEX,NA,"3.6 miles west of Del Rio, on U.S. 90.",2001-03-29,Raphanus sativus L.,TRUE
4153131636,000047585,FSU,NA,"Along edge of CSX railroad bed just N of Lake Piney Z in Lafayette Heritage Trail Park, in SE sector of Tallahassee.",2003-02-15,Raphanus sativus L.,TRUE
4153121588,000129102,FSU,NA,"Beside Hwy 90 near junction with Rte 77, just W of Chipley",2015-10-14,Raphanus raphanistrum L.,TRUE
4153118893,000047577,FSU,NA,"S side of U.S. 90, ca. 0.7 mi E of bridge over S end of Lake Miccosuke.",1989-03-01,Raphanus raphanistrum L.,TRUE
4153117896,000047586,FSU,NA,5 miles E of Tallahassee.,1958-05-07,Raphanus sativus L.,TRUE
4153108618,000183142,FSU,NA,"open disturbed area along N side of Hwy 90, just E of Rte 253 in Lee",2018-02-21,Raphanus raphanistrum L.,TRUE
4153108449,000047575,FSU,NA,"Elinor Klapp-Phipps Park (W of Meridian Rd, N of Tallahassee); collected at horse trailer entrance off Miller Landing Rd.",1996-04-23,Raphanus raphanistrum L.,TRUE
4153107991,000047582,FSU,NA,12 m. E of Tallahassee.,1956-03-06,Raphanus raphanistrum L.,TRUE
4153104779,000062329,FSU,NA,Garrison Rd. E end lane.,1995-02-23,Raphanus raphanistrum L.,TRUE
4153101629,000047576,FSU,NA,Tall Timbers Research Station.,1974-03-24,Raphanus raphanistrum L.,TRUE
4153098909,000047584,FSU,NA,Between Newberry and Trenton.,1975-03-11,Raphanus raphanistrum L.,TRUE
4153097208,000133123,FSU,NA,"Apalachicola Nat'l Forest (compartment 236). along roadside beside Rte 375 just N of FR320, 1.8 mi drive SW from Rte 20",2016-05-25,Raphanus raphanistrum L.,TRUE
4153095869,000093407,FSU,NA,"Apalachicola Nat'l Forest; on W side Rte 373 (Springhill Rd), 0.5 air mi S of FR375, ca 3 air mi SSW of Tallahassee Municipal Airport. Lat. 30.35629 N, Long. 84.37580 W.",2014-02-21,Raphanus raphanistrum L.,TRUE
4153083244,000086488,FSU,NA,"Apalachicola Bluffs & Ravines Preserve (ca. 3 air min NE of Bristol); (Rte 270) ca. 0.4 mi NW of junction with Rte 12. Lat. 30.47714 N, Long. 84.93679 W.",2013-04-02,Raphanus raphanistrum L.,TRUE
4153082879,000092209,FSU,NA,"along roadside of Hwy 319 on the N side of Crawfordville. Lat. 30.21434 N, Long. 84.36349 W.",2014-03-14,Raphanus raphanistrum L.,TRUE
4153082646,000047581,FSU,NA,"2 miles N of the junction of the truck route and Hwy 20, west of Tallahassee.",1971-03-03,Raphanus raphanistrum L.,TRUE
4153077750,000093434,FSU,NA,"by bridge approach on Hwy 90 just W of Holmes Creek, ca. 3 air mi E of Bonifay. Lat. 30.77862 N, Long. 85.61702 W.",2014-04-28,Raphanus raphanistrum L.,TRUE
4153077666,000047579,FSU,NA,Ca 2 miles W of Blounstown.,1976-05-21,Raphanus raphanistrum L.,TRUE
4153070711,000047573,FSU,NA,"Between Eastpoint and Carrabelle, collected 4 mi SW of Carrabelle Beach.",1984-03-25,Raphanus raphanistrum L.,TRUE
4153062118,000047583,FSU,NA,South side of Madison.,1957-03-16,Raphanus raphanistrum L.,TRUE
4153061056,000187432,FSU,NA,7mi SW Blountstown on Myers Dairy; 0.75 mi N. of Abe Spgs Rd.,2006-01-12,Raphanus raphanistrum L.,TRUE
4153057522,TTRS_000005361,TTRS,NA,"Fallow Field, Tall Timbers Research Station.",NA,Raphanus raphanistrum L.,TRUE
4153052491,000122782,FSU,NA,"roadside (Magnolia Rd), just W of Rte 71 and SE of Marianna",2015-02-27,Raphanus raphanistrum L.,TRUE
4153050206,TTRS_000005360,TTRS,NA,Weed about the grounds. Tall Timbers Research Station. Petals yellow.,NA,Raphanus raphanistrum L.,TRUE
4153043122,000047574,FSU,NA,"ST. GEORGE ISLAND, Dr. Julian Bruce State Park; beside control shack at the gate to the gate to the state park.",1986-04-22,Raphanus raphanistrum L.,TRUE
4153042753,000047580,FSU,NA,On golf course (right side of fairway of first hole); Country Club Road in Quincy.,1986-06-15,Raphanus raphanistrum L.,TRUE
4153039984,TTRS_000005362,TTRS,NA,Thomasville on Cairo highway,NA,Raphanus raphanistrum L.,TRUE
4153039617,TTRS_000005364,TTRS,NA,"Birdsong Nature Center, Meridian Road about 5 miles SW of Beachton. Volunteering in vetch patch.",NA,Raphanus sativus L.,TRUE
4153037319,TTRS_000005363,TTRS,NA,"Abundant in fallow field, ca 2 miles W of Blounstown",NA,Raphanus raphanistrum L.,TRUE
4153037134,000047578,FSU,NA,Near Monticello.,1956-03-22,Raphanus raphanistrum L.,TRUE
4153036167,000129671,FSU,NA,5.03 air mi. SE of Myrtlewood. Along E side of Co. Rd. 75 approx. 2.37 mi. NE of jct. with Co Rd. 17.,2013-01-19,Raphanus raphanistrum L.,TRUE
4153035432,000047587,FSU,NA,Vicinity of Chaires.,1961-04-30,Raphanus sativus L.,TRUE
4129306988,CATA 02858,CATA,3042972,Santa Rosa Island: Beach bluffs at the Vail Ranch Headquarters,1960-04-05,Raphanus raphanistrum L.,TRUE
4129306982,CATA 02859,CATA,3042973,"Santa Rosa Island: Ranch dump at edge of cliff; Beechers Bay, NE end of island",1977-04-30,Raphanus sativus L.,TRUE
4129305183,CATA 01252,CATA,3043848,Santa Catalina Island: Catalina Harbor,1995-06-27,Raphanus raphanistrum L.,TRUE
4129305136,CATA 00416,CATA,3044356,Santa Catalina Island: Lower Cape Canyon,1996-10-31,Raphanus raphanistrum L.,TRUE
4129304421,CATA 01118,CATA,3042671,"Santa Catalina Island: Near Middle Canyon Road, just below Eagles Nest Lodge",1995-05-23,Raphanus sativus L.,TRUE
4126309352,LOB102934,LOB,5799408,"San Juan Capistrano, end of Oso Rd, 15 m south on the Shea Equestrian trail 5 m east of the Arroyo Trabuco.",2023-04-13,Raphanus sativus L.,TRUE
4125828571,RSA0508289,RSA,5800340,Camp Pendleton: west-central portion of Base; south of San Onofre Peak in Las Pulgas Canyon; Training Area Oscar Two; in riparian area just south of Las Pulgas Canyon Road.,2019-05-21,Raphanus sativus L.,TRUE
4105808755,MWI00061819,MWI,5320741,"Fort Canby State Park; In riprap at a large boat launch area on the Columbia River at sea level, across a bay from the Cape Disappointment Coast Guard Station",2000-08-02,Raphanus raphanistrum L.,TRUE
4105807896,MWI00034166,MWI,3464768,East Park,1969-07-12,Raphanus raphanistrum L.,TRUE
4105788007,MWI00054013,MWI,3840034,"south of Louisiana 15 on Richland Plantation, 1.5 miles west of Rhymes and Louisiana 133",1984-05-08,Raphanus raphanistrum L.,TRUE
4101879463,NLU0110272,BRIT,8914367,"Beside U.S. 272, one half mile east of Del Rio, Texas.",1971-10-13,Raphanus raphanistrum L.,TRUE
4088570161,USMS_000008388,USMS,6022738,Near Morro Bay Hwy. 41,1968-04-05,Raphanus sativus L.,TRUE
4088570155,USMS_000008386,USMS,6022736,3-5 mi W of Hattiesburg via Hwy 98,1976-04-03,Raphanus raphanistrum L.,TRUE
4088570154,USMS_000008387,USMS,6022737,NORTH CROLINA. Robeson Co.: 4.5 miles SSW of St Pauls along Co. 1765.,1965-05-23,Raphanus raphanistrum L.,TRUE
4088570123,USMS_000008384,USMS,6022734,"roadside of US Hwy. 45 at 1.5 mi N of Lowndes Co. line, area of hwy. construction",1994-04-26,Raphanus raphanistrum L.,TRUE
4088570122,USMS_000008385,USMS,6022735,3-5 mi W of Hattiesburg via Hwy 98,1976-04-03,Raphanus raphanistrum L.,TRUE
4088570117,USMS_000008382,USMS,6022732,n/a,NA,Raphanus raphanistrum L.,TRUE
4088570116,USMS_000008383,USMS,6022733,"2 mi NW of Holmesville, Tuckers farm; 31.224035 -90.332704",1975-04-06,Raphanus raphanistrum L.,TRUE
4088570109,USMS_000008381,USMS,6022731,Dixie Community W of Camp Shelby,1996-04-15,Raphanus raphanistrum L.,TRUE
4088564482,USMS_000024223,USMS,6188744,"Gopher Farm Sandhill, DeSoto National Forest",2014-05-18,Raphanus raphanistrum L.,TRUE
4081344411,EIU024117,EIU,21821717,"Perryville: Long Pond, middle of W shore, due NW of island. Elevation about 27 m.",2008-07-24,Raphanus raphanistrum L.,TRUE
4081344407,EIU024118,EIU,21821718,"Wakefield: White Pond, N. end. Elev. 35 m.",2008-07-25,Raphanus raphanistrum L.,TRUE
4081344406,EIU024119,EIU,21821719,Cape Henry. Dry sand along trolly.,1905-06-25,Raphanus raphanistrum L.,TRUE
4081344396,EIU024120,EIU,21821720,"Fishers Island: Mosquito Hollow (E of Equestrian Ave., S of Beach Rd.)",2002-06-23,Raphanus raphanistrum L.,TRUE
4081344393,EIU024121,EIU,21821721,Gravel bed east of Cottage Grove.,1955-07-04,Raphanus raphanistrum L.,TRUE
4081344392,EIU024122,EIU,21821722,Guilford,1961-07-15,Raphanus raphanistrum L.,TRUE
4081344375,EIU024123,EIU,21821723,Playa del Rey.,1942-04-22,Raphanus sativus L.,TRUE
4079081967,NA,SHTC,3618936,"Turlock, In an empty disturbed lot across from csu stanilaus campus. Area looks to be old agricutlure land and is now a fallow lot.",2019-03-05,Raphanus raphanistrum L.,TRUE
4079081620,NA,SHTC,3611827,"Southbound on Highway 99 approx. 1 mile south from Highway 120, side of freeway; Manteca, CA",2016-04-21,Raphanus sativus L.,TRUE
4079081617,NA,SHTC,3611826,"Southbound on Highway 99 approx. 1 mile south from Highway 120, side of freeway; Manteca, CA",2016-04-21,Raphanus raphanistrum L.,TRUE
4079080635,NA,SHTC,3618669,Located in an almond orchard in the middle of the rows with other tall green plants.,2018-05-01,Raphanus raphanistrum L.,TRUE
4079080528,NA,SHTC,3617348,"CSU Stanislaus Campus, North-West End of CSU Stanislaus campus",2017-04-14,Raphanus raphanistrum L.,TRUE
4079080405,NA,SHTC,3612417,"Lake Rd off Hwy 132 near Bassobridge Launch Facility, along roadside",1995-03-07,Raphanus raphanistrum L.,TRUE
4079080401,NA,SHTC,3612415,"at the corner of Del's and Pedras in the vacant lot, Turlock CA",1995-02-28,Raphanus raphanistrum L.,TRUE
4079080400,NA,SHTC,3612416,Rt 4 20 miles from Tracy,1965-07-04,Raphanus sativus L.,TRUE
4079079266,NA,SHTC,3617268,"CSU Stanislaus Campus,Turlock, CA",2017-03-23,Raphanus raphanistrum L.,TRUE
4079079033,NA,SHTC,3612391,"growing on the foothills along Del Puerto Canyon Rd at Patterson CA, west of 1-5",2016-04-04,Raphanus sativus L.,TRUE
4079079028,NA,SHTC,3612398,"growing on roadside with disturbed soil 2.0 miles from Del Puerto Canyon Rd at Patterson CA, west of I-5",2016-04-04,Raphanus raphanistrum L.,TRUE
4079078968,NA,SHTC,3611474,"CSU Stanislaus Campus, Near the North-West end of the citrus orchard on CSU Stanislaus campus",2016-03-22,Raphanus raphanistrum L.,TRUE
4079078806,NA,SHTC,3612758,next to gravel path on the incline of the hill leading down to the river,2016-03-25,Raphanus sativus L.,TRUE
4079078802,NA,SHTC,3612756,next to the gravel path on top of the hill; path follows thr river,2016-03-25,Raphanus sativus L.,TRUE
4079076667,NA,SHTC,3618225,"CSU Stanislaus Campus, orange orchard, next to Trans California Pathway",2018-04-20,Raphanus sativus L.,TRUE
4079076649,NA,SHTC,3612028,Santa Fe Rd. and Merced River,1994-05-17,Raphanus sativus L.,TRUE
4079076645,NA,SHTC,3612026,Intersection of W. Tuolumne Rd. & Tully Rd,1995-05-15,Raphanus sativus L.,TRUE
4079076643,NA,SHTC,3612027,"Santa Fe Road, 1/2 mi from Clays Road",1995-04-30,Raphanus sativus L.,TRUE
4079076640,NA,SHTC,3612020,1 mi E of Ceres,1966-04-29,Raphanus sativus L.,TRUE
4079076637,NA,SHTC,3612021,"Garin Ranch, Hayward",1965-07-04,Raphanus sativus L.,TRUE
4079076631,NA,SHTC,3612024,"Turlock Junior High School pond area, 1/8 mile north of Walnut from Monte Vista",1995-05-18,Raphanus sativus L.,TRUE
4079076629,NA,SHTC,3612025,2.7 mi east of Elenwood Rd. on Claribel,1995-02-23,Raphanus sativus L.,TRUE
4079076625,NA,SHTC,3612022,open lot in Fremont,1965,Raphanus sativus L.,TRUE
4079076619,NA,SHTC,3612017,LaVerne College. football field,1967-02-28,Raphanus sativus L.,TRUE
4079076616,NA,SHTC,3612018,"Rt 4, 20 miles from Tracy",1965-07-04,Raphanus sativus L.,TRUE
4079076614,NA,SHTC,3612015,"LaVerne, north west of Killo engineering building",1967-02-16,Raphanus sativus L.,TRUE
4079076551,NA,SHTC,3612035,Hayward,1965-06-28,Raphanus sativus L.,TRUE
4079076549,NA,SHTC,3612036,Turlock. Colorado St. 100ft east of Hawkeye Ave,1996-03-12,Raphanus sativus L.,TRUE
4079076545,NA,SHTC,3612033,Hayward,1965-06-28,Raphanus sativus L.,TRUE
4079075424,NA,SHTC,3612202,"I-5 and Benjamin Holt exit ramp in Stockton, CA.",2016-05-09,Raphanus sativus L.,TRUE
4079074296,NA,SHTC,3612238,"CSU Stanislaus Campus, 1 university cir, Turlock; on the northeast side of the university, on the side of monte Vista Ave.",2016-03-17,Raphanus sativus L.,TRUE
4079073496,NA,SHTC,3611977,Vetran's Park 3 mi. So. of College Ave. on Arroyo Rd. Livermore,1996-03-03,Raphanus raphanistrum L.,TRUE
4079073492,NA,SHTC,3611979,"Grunder's property, 1 mile south of highway 120 and Willms Road",1997-03-11,Raphanus raphanistrum L.,TRUE
4079073478,NA,SHTC,3611993,-,NA,Raphanus sativus L.,TRUE
4079073472,NA,SHTC,3611992,"CSU Stanislaus Campus, Edge of plowed field, full sun. Stanislaus state campus, 2 mi N. Turlock",1966-04-22,Raphanus sativus L.,TRUE
4079073471,NA,SHTC,3611990,4 miles north od Los Banos on State highway J-14,1971-04-27,Raphanus sativus L.,TRUE
4079073470,NA,SHTC,3611984,"Lake road off Highway 132 near Bassobridge Launch facility, along roadside",1995-03-07,Raphanus raphanistrum L.,TRUE
4079073469,NA,SHTC,3611985,Intersection of Geer and Santa Fe. Hughson,1995-05-01,Raphanus raphanistrum L.,TRUE
4079073468,NA,SHTC,3611982,"Turlock Junior High School pond area, 1/8 mi North on Walnut from Monte Vista inersection",1995-03-06,Raphanus raphanistrum L.,TRUE
4079073466,NA,SHTC,3611988,"Turlock, south of West Main",1994-03-12,Raphanus raphanistrum L.,TRUE
4079073464,NA,SHTC,3611986,2.7 miles east of Elenwood rd. on Claribel Rd,1995-02-23,Raphanus raphanistrum L.,TRUE
4079073463,NA,SHTC,3611987,"Turlock, at the corner of Del's and Pedras, in the vacant lot",1995-02-28,Raphanus raphanistrum L.,TRUE
4079073462,NA,SHTC,3611980,0.2 miles northwest on Guthmiller Road from the Yosemite Cross street,1996-03-15,Raphanus raphanistrum L.,TRUE
4079073461,NA,SHTC,3611981,"Turlock Junior High School pond area, 1/8 mi North on Walnut from Monte Vista inersection",1995-04-25,Raphanus raphanistrum L.,TRUE
4079072188,NA,SHTC,3615443,"Turlock, Ca",NA,Raphanus L.,TRUE
4075454345,DOV0013061,DOV,19600950,Cold Spring Harbor,1932-09-27,Raphanus raphanistrum L.,TRUE
4075454279,DOV0013044,DOV,19600933,near Berlin,1931-06-10,Raphanus sativus L.,TRUE
4075454274,DOV0013047,DOV,19600936,Newark,1890-09-23,Raphanus L.,TRUE
4075454272,DOV0013048,DOV,19600937,"along New Spring Road, 1 mi W of Elsmere",1897-06-18,Raphanus raphanistrum L.,TRUE
4075454270,DOV0013045,DOV,19600934,Newark,1966-10,Raphanus raphanistrum L.,TRUE
4075454268,DOV0013046,DOV,19600935,"Q-18 Terry Run, Summit C & D canal",1973-07-03,Raphanus raphanistrum L.,TRUE
4075454267,DOV0013049,DOV,19600938,Newark,1903-06-27,Raphanus raphanistrum L.,TRUE
4075454266,DOV0013050,DOV,19600939,W of Elsmere,1897-07-18,Raphanus raphanistrum L.,TRUE
4075454253,DOV0013051,DOV,19600940,Park Drive Van Buren Street,1897-05-04,Raphanus raphanistrum L.,TRUE
4075454248,DOV0013054,DOV,19600943,Milltown,1897-06-18,Raphanus sativus L.,TRUE
4075454246,DOV0013055,DOV,19600944,Wilmington,1896-06-05,Raphanus sativus L.,TRUE
4075454244,DOV0013052,DOV,19600941,Newark,1923-06-23,Raphanus raphanistrum L.,TRUE
4075454242,DOV0013053,DOV,19600942,Newark,1891-08,Raphanus sativus L.,TRUE
4075454240,DOV0013058,DOV,19600947,Milltown,1891-06,Raphanus raphanistrum L.,TRUE
4075454238,DOV0013059,DOV,19600948,Cold Spring Harbor,1932-10-23,Raphanus raphanistrum L.,TRUE
4075454236,DOV0013056,DOV,19600945,"Silver Spring, Xaverian College grounds",1964-10-20,Raphanus raphanistrum L.,TRUE
4075454234,DOV0013057,DOV,19600946,"Cornell University gardens, Ithaca",1924-08-16,Raphanus sativus L.,TRUE
4075454233,DOV0013060,DOV,19600949,Cold Spring Harbor,1932-10-23,Raphanus raphanistrum L.,TRUE
4073956570,133516,ID,NA,"Along State Hwy 121, 0.4 miles E of its junction with State Hwy 116 at Big Bend in the Sonoma Valley.",1987-02-22,Raphanus sativus L.,TRUE
4073894218,85379,ID,NA,Along both sides of La. 13 just E of Parish Rd. 9-35 at Cossinade ca 2.5 miles N of junction La. 13 and La. 14.,1983-03-25,Raphanus raphanistrum L.,TRUE
4073894093,78023,ID,NA,Del Mar.,1977-02,Raphanus sativus L.,TRUE
4073867032,47423,ID,NA,2 mi W of Coburg.,1936-04-28,Raphanus sativus L.,TRUE
4073852218,86900,ID,NA,"S of La. 15 on Richland Plantation, 1.5 miles W of Rhymes and La. 133.",1984-05-08,Raphanus raphanistrum L.,TRUE
4073847633,47422,ID,NA,Near Charleston.,1947-07-07,Raphanus sativus L.,TRUE
4073834976,144191,ID,NA,Williams; by the junction of 5th Street and B Street.,2007-03-22,Raphanus L.,TRUE
4073820627,31926,ID,NA,E of Cottage Grove.,1955-07-04,Raphanus raphanistrum L.,TRUE
4073819083,124444,ID,NA,"Willamette River behind the O.S.U. Salmon Disease Lab, 34347 NE Electric Road, just E of Corvallis.",2000-07-02,Raphanus raphanistrum L.,TRUE
4073781308,15783,ID,NA,Near Stockton.,1945-04-18,Raphanus sativus L.,TRUE
4073756950,2015.001,IDS,NA,Stanford Campus.,1932-04-25,Raphanus sativus L.,TRUE
4073746191,2015.001,IDS,NA,Stanford Campus.,1932-05-08,Raphanus sativus L.,TRUE
4073741383,2015.001,IDS,NA,"Goodpasture Island Road, Eugene.",1975-05-04,Raphanus raphanistrum L.,TRUE
4073726660,2015.001,IDS,NA,"Goodpasture Island Rd., Eugene.",1975-05-04,Raphanus raphanistrum L.,TRUE
4073722561,2015.001,IDS,NA,"Near Marist Hight School, Goodpasture Island Road, Eugene.",1974-10-15,Raphanus raphanistrum L.,TRUE
4073706728,2014.001,IDS,NA,"At S.C. Marine Resources, James Island.",1975-04-12,Raphanus raphanistrum L.,TRUE
4073697004,2015.001,IDS,NA,Richland Plantation south of La. 15 and two miles west of Rhymes.,1988-02-16,Raphanus raphanistrum L.,TRUE
4073686880,1996.007,IDS,NA,Weed in median of I-20 just west of Thomas Road Exit in West Monroe.,1992-12-24,Raphanus raphanistrum L.,TRUE
4073457018,7458,REED,NA,Cascade Head Area 0.,1967-08-01,Raphanus sativus L.,TRUE
4073454289,7901,REED,NA,Reed College campus.,1938-04-27,Raphanus raphanistrum L.,TRUE
4073453381,7457,REED,NA,Cascade Head Area 0.,1967-08-01,Raphanus sativus L.,TRUE
4073452899,9179,REED,NA,Cascade Head Area 0: roadside bend opposite the lower entrance.,1967-08-01,Raphanus sativus L.,TRUE
4073451872,7456,REED,NA,Cascade Head Area 0.,1967-10-13,Raphanus sativus L.,TRUE
4073364319,422852,KU,NA,"Along State Hwy 121, 0.4 mi E of its jct with State Hwy 116 at Big Bend in the Sonoma Valley",1987-02-22,Raphanus sativus L.,TRUE
4073362313,422853,KU,NA,"Along State Hwy 121, 0.4 mi E of its jct with State Hwy 116 at Big Bend in the Sonoma Valley",1987-02-22,Raphanus sativus L.,TRUE
4073226121,BR0000030086449,MeiseBG,NA,"In cultivation, Jamaica, Windham Co.",1935-09-06,Raphanus sativus L.,TRUE
4073226109,BR0000030085459,MeiseBG,NA,"In dry sandy field, Matawan, Monmouth Co.",1937-08-31,Raphanus raphanistrum L.,TRUE
4073173685,BR0000030086470,MeiseBG,NA,"In waste ground, Deerlick road, Sheffield, Warren Co.",1945-07-14,Raphanus sativus L.,TRUE
4073082560,BR0000030086418,MeiseBG,NA,"In cultivation, Jamaica, Windham Co.",1935-08-30,Raphanus sativus L.,TRUE
4072686280,BR0000030085497,MeiseBG,NA,"In waste cultivated ground, Coudersport, Potter Co.",1945-06-29,Raphanus raphanistrum L.,TRUE
4072686279,BR0000030085442,MeiseBG,NA,Robeson County; Roadside 4.5 miles SSW of St Pauls along Co. 1765,1965-05-23,Raphanus raphanistrum L.,TRUE
4070684816,6746,WCW,NA,"Columbia Parkway near Blue Rock Springs Gold Course. Coast Range, Carquinez Str. drainage.",1971-06-09,Raphanus sativus L.,TRUE
4070683942,8597,WCW,NA,"Apricot orchard on Arastradero Road, 1 mile west of Palo Alto. Santa Cruz Mountain range. Coyote Creek drainage area/",1975-03-29,Raphanus sativus L.,TRUE
4070682123,3645,WCW,NA,4 mi. N of Cambria on State Highway 1. Drainage area: Pacific Ocean.,1966-06-13,Raphanus sativus L.,TRUE
4070681853,7520,WCW,NA,2 mi. E. of Half Moon Bay on Hwy 92.,1972-03-31,Raphanus sativus L.,TRUE
4070678412,8604,WCW,NA,Page Mill road 5 miles west of Palo Alto.,1975-03-28,Raphanus sativus L.,TRUE
4070677028,8605,WCW,NA,Patrol road just outside of Forest of Nisene Marks State Park. Santa Cruz mountains. Coastal drainage area.,1975-06-07,Raphanus sativus L.,TRUE
4070676088,8638,WCW,NA,"Horse Pasture on Deer Creek road, 1 mile west of Palo Alto. Santa Cruz Mountains. Coyote Creek drainage area.",1974-04-02,Raphanus sativus L.,TRUE
4070671804,19489,SOC,NA,Grants Pass  [more common in Curry Co],1971-06,Raphanus sativus L.,TRUE
4070671666,01426,SOC,NA,"Neil Cr. Rd., Emigrant Lake",1967-04-05,Raphanus raphanistrum L.,TRUE
4070671230,09469,SOC,NA,"Near Marist High School, Goodpasture Island Road, Eugene.",1974-10-15,Raphanus raphanistrum L.,TRUE
4070670927,19488,SOC,NA,Grants Pass,1955-06,Raphanus raphanistrum L.,TRUE
4070667623,09407,SOC,NA,"near Marist High School, Goodpasture Island Road, Eugene",1974-10-15,Raphanus raphanistrum L.,TRUE
4070666680,09503,SOC,NA,"Goodpasture Island Road, Eugene, along ponds of the Willamette River",1975-05-04,Raphanus raphanistrum L.,TRUE
4070661630,09447,SOC,NA,"Goodpasture Island Road, Eugene, along ponds of the Willamette River",1975-05-04,Raphanus raphanistrum L.,TRUE
4070660651,09366,SOC,NA,"Near Marist High School, Goodpasture Island Road, Eugene.",1974-10-15,Raphanus raphanistrum L.,TRUE
4070656169,19490,SOC,NA,Brookings,1971-07,Raphanus sativus L.,TRUE
4070653424,01951,SOC,NA,Noland Rd.,1970-07-13,Raphanus sativus L.,TRUE
4070652495,03208,SOC,NA,"Emigrant Lake, Neil Creek Rd",1967-05-04,Raphanus sativus L.,TRUE
4070525494,8794,PSM,NA,"White Salmon; Strawberry Mountain, N side.",1973-07-14,Raphanus sativus L.,TRUE
4070522213,8962,PSM,NA,"Snowden Road, Charles Henderson farm.",1978-06-03,Raphanus sativus L.,TRUE
4070520485,RSA0503939,RSA,5778835,March Air Force Base [near Box Springs Siding].,1993-04-25,Raphanus sativus L.,TRUE
4070507627,2489,LINF,NA,"On east side of Hwy 99W, 10 mi south of intersection with Hwy 18 in McMinnville.",1998-03-15,Raphanus sativus L.,TRUE
4070503856,1979,LINF,NA,"Open field, southwest corner of intersection with Burnett Rd. and N. Evans, McMinnville; 1 mile N of Hwy 99W.",1993-04-22,Raphanus sativus L.,TRUE
4070501490,2448,LINF,NA,"0.5 miles west of intersection with Hwy. 99W on east side of Old Sheridan Road, approx. 20 yards from road.",1998-04-10,Raphanus sativus L.,TRUE
4070500919,1348,LINF,NA,"N. side of Hagg Lake, 7 mi W. of dam in Scoggins Park.",1978-05-16,Raphanus sativus L.,TRUE
4070500715,3413,LINF,NA,Bank of north side of Rainbow Lake located appoximately eight miles west of McMinnville on Baker Creek Rd.,2001-04-28,Raphanus sativus L.,TRUE
4070500354,2304,LINF,NA,East side of North Hill Rd. approximately 1/4 mi north of West Second St. in McMinnville; First Church of Nazarene.,1996-04-28,Raphanus sativus L.,TRUE
4070458308,DAV243575,DAV,5776205,"Pigeon Point, Pigeon Point Quad.",2007-04-17,Raphanus sativus L.,TRUE
4070167609,12402,HPSU,NA,east of North plains at intersections of Jackson school road and west union road,2006-05-30,Raphanus sativus L.,TRUE
4070166456,6472,HPSU,NA,"Along State Hwy. 121, 0.4 miles east of its junction with State Hwy. 116 at Big Bend in the Sonoma Valley.",1987-02-22,Raphanus sativus L.,TRUE
4070166213,727,HPSU,NA,[No locality given on label].,1959-05-03,Raphanus sativus L.,TRUE
4070164941,725,HPSU,NA,[No locality given on label].,1961-10-17,Raphanus sativus L.,TRUE
4070164682,729,HPSU,NA,Sauvies island,1959-05-03,Raphanus raphanistrum L.,TRUE
4070164029,12403,HPSU,NA,"WSU Vancouver campus, nature trail.",2006-05-12,Raphanus sativus L.,TRUE
4070163636,2400,HPSU,NA,Sauvie Island.,1975-04-27,Raphanus sativus L.,TRUE
4070163236,20153,HPSU,NA,Sherwood. 500 meters W of intersection of Meridian Road and SW Homesteader Road.,2018-05-02,Raphanus sativus L.,TRUE
4070162432,728,HPSU,NA,Sauvies Island.,1961-11-22,Raphanus sativus L.,TRUE
4070161282,19638,HPSU,NA,"Willamette River, Elk Rock Island.",2018-03-27,Raphanus sativus L.,TRUE
4070160318,2514,HPSU,NA,Mt. Angel,1975-04-20,Raphanus raphanistrum L.,TRUE
4070159716,2401,HPSU,NA,Sauvie island,1975-04-27,Raphanus raphanistrum L.,TRUE
4070159518,3899,HPSU,NA,Tigard; SW 121st Avenue and Scholls Ferry Road.,1978-04-25,Raphanus raphanistrum L.,TRUE
4070156758,2347,HPSU,NA,"1 mile south of Woodburn, on hwy to Mt. Angel",1975-05-04,Raphanus raphanistrum L.,TRUE
4070156649,2288,HPSU,NA,"200 meters south of Clackamas High School, on Webster road",1975-04-18,Raphanus sativus L.,TRUE
4070153424,2353,HPSU,NA,"Oregon City, corner of Telford Road and Charman Street.",1975-04-19,Raphanus sativus L.,TRUE
4070152967,726,HPSU,NA,Columbia River dike.,1936-05-16,Raphanus sativus L.,TRUE
4070152961,9180,HPSU,NA,"174th and Sunset Highway, field.",1982-07-04,Raphanus raphanistrum L.,TRUE
4070150630,14374,HPSU,NA,Rockaway Beach.,2009-08-23,Raphanus raphanistrum L.,TRUE
4070150368,2290,HPSU,NA,"200 meters north of Clackamas High School, on Webster road",1975-04-18,Raphanus raphanistrum L.,TRUE
4070149861,20575,HPSU,NA,"Manzanita, Trail to beach near Ocean Road and Laneda Avenue.",2019-06-23,Raphanus sativus L.,TRUE
4070149668,2249,HPSU,NA,1 m. west of store on Savie\'s Island Rd.; Sauvie\'s Island.,1975-05-01,Raphanus sativus L.,TRUE
4070149245,16746,HPSU,NA,Long Beach Peninsula,1970-10-10,Raphanus sativus L.,TRUE
4070129443,13104,WWB,NA,1/4 mile east of Nooksack River on road to Marietta.,1970-05-20,Raphanus sativus L.,TRUE
4070127899,3514,WWB,NA,West end of Piper Road.,1962-07-05,Raphanus sativus L.,TRUE
4070120053,10404,WWB,NA,Pass Island at Deception Pass.,1967-04-28,Raphanus sativus L.,TRUE
4070118714,10063,WWB,NA,Near Lake Terrell.,1967-08-13,Raphanus sativus L.,TRUE
4069038162,28883,CIC,NA,Wilbraham; jeep road running south from junction of Monson Rd. and Ridge Rd.; south of Wigwam Hill.,1999-06-10,Raphanus raphanistrum L.,TRUE
4069025318,41117,CIC,NA,"Big lagoon state park, sand next to parking lot, just down the road toward the beach from Big lagoon elementary school.",2003-04-06,Raphanus raphanistrum L.,TRUE
4068984825,75880,SRP,NA,Corvallis. OSU hops farm.,1973-06-18,Raphanus sativus L.,TRUE
4068984374,14724,SRP,NA,Median of I20 W of Thomas road exit in W Monroe.,1992-02-12,Raphanus raphanistrum L.,TRUE
4068974319,4678,SRP,NA,1 mi. S of Elverta.,1973-03-20,Raphanus sativus L.,TRUE
4068967601,56103,SRP,NA,Just south of Bandon at the end of Mars Lane; edge of costal dunes.,2014-07-19,Raphanus raphanistrum L.,TRUE
4068965381,56104,SRP,NA,Just south of Bandon along Mars Lane by its intersection with Rohrer Road.,2014-07-21,Raphanus L.,TRUE
4068959308,34758,SRP,NA,Ca. 9 miles south of Corvallis along Smith Loop Road ca. 0.5 miles north of its junction with Dorr Road.,2008-10-27,Raphanus L.,TRUE
4068958187,73993,SRP,NA,"Undesignated section of Canada de Los Vaqueros Land Grant, Byron Hot Springs USGS 7.5\' quadrangle. Below high water line of Los Vaqueros Reservoir. 1.4 miles northwest of Los Vaqueros Reservoir Marina, 1.9 air miles southwest of Los Vaqueros Reservoir Dam, ca. 25 air miles southwest of Stockton.",2016-04-19,Raphanus raphanistrum L.,TRUE
4068927979,75878,SRP,NA,Along Old River Road 1 mile east of jct with state hwy 99W north of Monroe.,2020-09-28,Raphanus raphanistrum L.,TRUE
4068926167,19163,SRP,NA,"W side road, 0.5 mi. S end Germany Creek road, Columbia rive.",1981-04-10,Raphanus raphanistrum L.,TRUE
4068921092,28349,SRP,NA,W side of SR 20-64 .5 mi S of South Carolina rt. 213.,2004-04-21,Raphanus raphanistrum L.,TRUE
4068914661,56105,SRP,NA,Cleveland Mountains.,2008-03-22,Raphanus sativus L.,TRUE
4068914371,75879,SRP,NA,Corvallis; along S. 3rd St. by jct with Richland Ave. West side of street by bus stop.,2020-09-04,Raphanus raphanistrum L.,TRUE
4068910748,34978,SRP,NA,Trinidad State Beach.,2010-08-18,Raphanus sativus L.,TRUE
4068908697,77249,SRP,NA,Along Old River Road 1 mile east of jct with state hwy 99W north of Monroe.,2020-09-28,Raphanus raphanistrum L.,TRUE
4068893160,OLYM-00347,OLYM,NA,SEQUIM-DUNGENESS RECREATION AREA,1981-06-27,Raphanus sativus L.,TRUE
4068889202,OLYM-00223,OLYM,NA,DUNGENESS RECREATION AREA,1980-06-13,Raphanus sativus L.,TRUE
4068889106,OLYM-00347,OLYM,NA,"SEQUIM AREA, MEDSKER RD. AT 7TH DAY ADVENTIST SCHOOL YARD",1976-06-28,Raphanus raphanistrum L.,TRUE
4068888475,OLYM-00223,OLYM,NA,"SEQUIM, DUNGENESS RIVER AND WOODCOCK RD.",1976-06-28,Raphanus raphanistrum L.,TRUE
4068888315,OLYM-00347,OLYM,NA,ELMA AREA - RD. TO AIRPORT,1979-07-05,Raphanus sativus L.,TRUE
4067794459,MCA0033889,MCA,16998821,3/4 mile WSW of Long Pond School,1955-07-09,Raphanus raphanistrum L.,TRUE
4067794458,MCA0033890,MCA,16998822,1 mile SE of Long Pond,1957-10-05,Raphanus raphanistrum L.,TRUE
4067794457,MCA0033891,MCA,16998823,just E of Big Creek,1967-07-05,Raphanus raphanistrum L.,TRUE
4067794456,MCA0033892,MCA,16998824,1 mile N of Trauchsville,1969-08-13,Raphanus raphanistrum L.,TRUE
4067794455,MCA0033888,MCA,16998820,3/4 mile WSW of Long Pond School,1955-07-09,Raphanus raphanistrum L.,TRUE
4067794454,MCA0033897,MCA,16998829,1/4 mile E of Big Creek,1970-07-07,Raphanus raphanistrum L.,TRUE
4067794453,MCA0033893,MCA,16998825,1/2 mile S of Upper Pine Run School,1968-06-19,Raphanus raphanistrum L.,TRUE
4067794452,MCA0033894,MCA,16998826,2 miles NE of Forest Inn,1969-08-26,Raphanus raphanistrum L.,TRUE
4067794451,MCA0033895,MCA,16998827,1/2 mile N of Forest Inn,1969-07-14,Raphanus raphanistrum L.,TRUE
4067794450,MCA0033896,MCA,16998828,2 miles NE of Beltzville,1970-08-19,Raphanus raphanistrum L.,TRUE
4067794449,MCA0033900,MCA,16998832,1 mile NE of Beltzville,1967-07-19,Raphanus raphanistrum L.,TRUE
4067794448,MCA0033901,MCA,16998833,1 mile NE of Forest Inn,1965-06-23,Raphanus raphanistrum L.,TRUE
4067794447,MCA0033902,MCA,16998834,Kresgeville,1956-09-22,Raphanus raphanistrum L.,TRUE
4067794446,MCA0033903,MCA,16998835,3/4 mile S of Raubsville,1958-07-08,Raphanus raphanistrum L.,TRUE
4067794445,MCA0033898,MCA,16998830,2 miles NE of Walcksville,1968-07-29,Raphanus raphanistrum L.,TRUE
4067794444,MCA0033899,MCA,16998831,3/4 mile N of Forest Inn,1971-07-06,Raphanus raphanistrum L.,TRUE
4067794443,MCA0033904,MCA,16998836,1 mile N of Danielsville,1948-06-15,Raphanus raphanistrum L.,TRUE
4067794442,MCA0033905,MCA,16998837,close to L.V. Railroad siding at Treichler station,1917-06-24,Raphanus raphanistrum L.,TRUE
4067794441,MCA0033906,MCA,16998838,about 2 1/2 miles ENE of Hosensack,1952-06-14,Raphanus raphanistrum L.,TRUE
4067794440,MCA0033907,MCA,16998839,"24th and Chew Streets, Allentown",1982-09-02,Raphanus raphanistrum L.,TRUE
4067794425,MCA0033886,MCA,16998818,1/2 mile S of Beaver Brook School,1963-09-21,Raphanus raphanistrum L.,TRUE
4067794424,MCA0033887,MCA,16998819,1/2 mile S of Beaver Brook School,1963-09-21,Raphanus raphanistrum L.,TRUE
4067794421,MCA0033884,MCA,16998816,2 miles W of Lehigh Tannery,1960-08-20,Raphanus raphanistrum L.,TRUE
4067794420,MCA0033885,MCA,16998817,1 1/2 miles E of Pine Grove School,1963-07-20,Raphanus raphanistrum L.,TRUE
4067794364,MCA0033938,MCA,16998870,1 mile SW of Summit Lawn,1981-08-17,Raphanus sativus L.,TRUE
4067794363,MCA0033939,MCA,16998871,1/2 mile W of Fogelsville,1955-07-17,Raphanus sativus L.,TRUE
4067794362,MCA0033933,MCA,16998865,"3 miles W of Center Square, Allentown",1961-08-01,Raphanus sativus L.,TRUE
4067794361,MCA0033934,MCA,16998866,1/2 mile SE of Claussville,1956-06-19,Raphanus sativus L.,TRUE
4067794360,MCA0033935,MCA,16998867,1/4 - 1 mile E of Macungie,1961-07-17,Raphanus sativus L.,TRUE
4067794359,MCA0033936,MCA,16998868,1/2 mile W of Fogelsville,1953-08-18,Raphanus sativus L.,TRUE
4067794358,MCA0033929,MCA,16998861,1/4 - 1 mile E of Macungie,1961-07-17,Raphanus sativus L.,TRUE
4067794357,MCA0033930,MCA,16998862,"3/4 mile S of Center Square, Allentown",1971-06-17,Raphanus sativus L.,TRUE
4067794356,MCA0033931,MCA,16998863,"3 miles W of Center Square, Allentown",1961-08-01,Raphanus sativus L.,TRUE
4067794355,MCA0033932,MCA,16998864,"2 miles SE of Center Square, Allentown",1960-08-02,Raphanus sativus L.,TRUE
4067794354,MCA0033937,MCA,16998869,"along road along N side Little Lehigh River at foot of S. West Street, Allentown",1954-06-15,Raphanus sativus L.,TRUE
4067794346,MCA0033940,MCA,16998872,vicinity of Allentown; Sherersville,1910-06-04,Raphanus sativus L.,TRUE
4067794345,MCA0033941,MCA,16998873,"Pennsylvania Ave., Fellwick",1951-06-24,Raphanus sativus L.,TRUE
4067794344,MCA0033942,MCA,16998874,"at end of Orthodox Street, Bridesburg",1951-06-19,Raphanus sativus L.,TRUE
4067794342,MCA0033911,MCA,16998843,1 1/2 miles SE of Catasauqua,1979-07-28,Raphanus raphanistrum L.,TRUE
4067794341,MCA0033912,MCA,16998844,"2 miles SE of Center Square, Allentown",1979-06-12,Raphanus raphanistrum L.,TRUE
4067794340,MCA0033913,MCA,16998845,"3 miles E of Center Square, Allentown",1965-06-24,Raphanus raphanistrum L.,TRUE
4067794339,MCA0033914,MCA,16998846,Fountain Hill,1969-06-19,Raphanus raphanistrum L.,TRUE
4067794338,MCA0033908,MCA,16998840,"3 miles SW of Center Square, Allentown",1978-06-18,Raphanus raphanistrum L.,TRUE
4067794337,MCA0033909,MCA,16998841,2 1/2 miles W of Schnecksville,1979-06-26,Raphanus raphanistrum L.,TRUE
4067794336,MCA0033910,MCA,16998842,W of Northampton,1978-08-24,Raphanus raphanistrum L.,TRUE
4067794335,MCA0033915,MCA,16998847,1 mile S of Claussville,1973-06-25,Raphanus raphanistrum L.,TRUE
4067794334,MCA0033916,MCA,16998848,2 miles SW of Deibertsville,1972-07-11,Raphanus raphanistrum L.,TRUE
4067794333,MCA0033917,MCA,16998849,2 miles SW of Deibertsville,1972-07-11,Raphanus raphanistrum L.,TRUE
4067794332,MCA0033928,MCA,16998860,"S of Traction Co's bridge in Wilt's Mill Meadows along Trout Creek E of 12th Ward about 7/8 mile SSE of Center Square, Allentown",1912-08-15,Raphanus sativus L.,TRUE
4067794331,MCA0033922,MCA,16998854,"Pennsylvania Ave., Fellwick",1951-06-24,Raphanus raphanistrum L.,TRUE
4067794330,MCA0033923,MCA,16998855,just NW of Jenkintown,1948-07-12,Raphanus raphanistrum L.,TRUE
4067794329,MCA0033924,MCA,16998856,"along Bustleton Ave. between Hantel Ave. Napfel Ave., Rhawnhurst",1960-07-26,Raphanus raphanistrum L.,TRUE
4067794328,MCA0033925,MCA,16998857,1 mile NE of Big Creek,1969-08-11,Raphanus sativus L.,TRUE
4067794327,MCA0033918,MCA,16998850,Allentown,1898-07,Raphanus raphanistrum L.,TRUE
4067794326,MCA0033919,MCA,16998851,"2 1/2 miles SW of Center Square, Allentown",1956-06-13,Raphanus raphanistrum L.,TRUE
4067794325,MCA0033920,MCA,16998852,"2 1/2 miles SW of Center Square, Allentown",1956-07-07,Raphanus raphanistrum L.,TRUE
4067794324,MCA0033921,MCA,16998853,Fairless Junction,1958-06-29,Raphanus raphanistrum L.,TRUE
4067794323,MCA0033926,MCA,16998858,1 mile SE of Bowmanstown,1964-06-23,Raphanus sativus L.,TRUE
4067794322,MCA0033927,MCA,16998859,3 miles NE of Beltzville,1967-07-07,Raphanus sativus L.,TRUE
4067745832,NA,IUP,29790570,6.8 mi SE of Indiana,1957-07-25,Raphanus sativus L.,TRUE
4067739491,NA,IUP,29799292,Belwood Gardens,1949-08-10,Raphanus sativus L.,TRUE
4067737804,NA,IUP,29799100,4mi W of Winters,1967-05-06,Raphanus sativus L.,TRUE
4067734364,NA,IUP,30668711,4 miles N by E of Marienville,1951-07-25,Raphanus raphanistrum L.,TRUE
4064898316,BRIT776117,BRIT,30674586,Queenstone bridge over Langham Creek east of the intersection of Barker-Cypress and W. Little York Road. Harris County Key Map 407 Q.,2006-11-26,Raphanus raphanistrum L.,TRUE
4064895311,BRIT776119,BRIT,30674579,US 90 - 3.6 Miu. W. of Del Rio.,2001-03-29,Raphanus raphanistrum L.,TRUE
4064895306,BRIT776116,BRIT,30674546,1/2 mile S.W. of Hooks Switch.,1947-04-07,Raphanus sativus L.,TRUE
4064892313,BRIT776118,BRIT,30674576,"1/4 mi. off Hwy. 377 by railroad tracks, Tolar.",1978-03-26,Raphanus sativus L.,TRUE
4064846169,MOAR0006874,MOAR,13749253,Long Pond,1996-07-14,Raphanus raphanistrum L.,TRUE
4064846161,MOAR0006873,MOAR,13749252,"0.8 mi S of Leidytown, Sellersville Road at Curly Mill Road",1996-07-14,Raphanus raphanistrum L.,TRUE
4062160671,102826353,IBE,NA,"Houston Co.:  Ca. 6-7 mi. E of Ashford; Roadside of Hwy 84 at 0.2 mi. E of junction  with Hwy 81;  T2N,  R29E,  S15. Ocassional in area of Hwy construction; growing with Triticum aestivum, Avena sativa, Raphanus raphanistrum,& Brassica napus.",1998-03-09,Raphanus sativus L.,TRUE
4062012886,1388437,NA,NA,"Uwajimaya, Inc. 519 6th St. South, Seattle, WA 98104, (206) 624-6248.",1999-11-05,Raphanus sativus L.,TRUE
4061899139,102854744,UNA,NA,"Geneva Co.:  7.5 miles West of Geneva, abundant in old field.",1967-03-12,Raphanus raphanistrum L.,TRUE
4061879190,102854747,USMS,NA,"Geneva Co.:  7.5 miles West of Geneva, abundant in old field.",1967-03-12,Raphanus raphanistrum L.,TRUE
4061693969,102874831,IBE,NA,Brooksville Exp. Stn.,1997-04-15,Raphanus raphanistrum L.,TRUE
4061686616,1388187,NA,NA,"Uwajimaya, Inc. 519 6th St. South, Seattle, WA 98104, (206) 624-6248.",1999-11-05,Raphanus sativus L.,TRUE
4061669003,1392157,NA,NA,"City of Pasadena. How's Market, 3035 Huntington Drive.",1999-12-03,Raphanus sativus L.,TRUE
4061167760,102854746,IBE,NA,"Geneva Co.:  7.5 miles West of Geneva, abundant in old field.",1967-03-12,Raphanus raphanistrum L.,TRUE
4061154800,102826350,UNA,NA,"Houston Co.:  Ca. 6-7 mi. E of Ashford; Roadside of Hwy 84 at 0.2 mi. E of junction  with Hwy 81;  T2N,  R29E,  S15. Ocassional in area of Hwy construction; growing with Triticum aestivum, Avena sativa, Raphanus raphanistrum,& Brassica napus.",1998-03-09,Raphanus sativus L.,TRUE
4061129273,102826354,USMS,NA,"Houston Co.:  Ca. 6-7 mi. E of Ashford; Roadside of Hwy 84 at 0.2 mi. E of junction  with Hwy 81;  T2N,  R29E,  S15. Ocassional in area of Hwy construction; growing with Triticum aestivum, Avena sativa, Raphanus raphanistrum,& Brassica napus.",1998-03-09,Raphanus sativus L.,TRUE
4061107194,102826352,FSU,NA,"Houston Co.:  Ca. 6-7 mi. E of Ashford; Roadside of Hwy 84 at 0.2 mi. E of junction  with Hwy 81;  T2N,  R29E,  S15. Ocassional in area of Hwy construction; growing with Triticum aestivum, Avena sativa, Raphanus raphanistrum,& Brassica napus.",1998-03-09,Raphanus sativus L.,TRUE
4060956422,1437985,NA,NA,Off Rt. 76 at intersection with Santa Fe Ave. Roadside disturbed habitat.,2000-04-05,Raphanus sativus L.,TRUE
4060948897,1388334,NA,NA,"Uwajimaya, Inc. 519 6th St. South, Seattle, WA 98104, (206) 624-6248.",1999-11-05,Raphanus sativus L.,TRUE
4060947933,1388379,NA,NA,"Uwajimaya, Inc. 519 6th St. South, Seattle, WA 98104, (206) 624-6248.",1999-11-05,Raphanus sativus L.,TRUE
4060870325,58639,NA,NA,"The town of Gold Beach. Along the beach, in sand dunes and in grassy costal areas.",1993-07-07,Raphanus sativus L.,TRUE
4042910383,NAS00329288,NAS,NA,HAMPSHIRE COUNTY,1979,Raphanus raphanistrum L.,TRUE
4042906366,1968639,PE,NA,Gallica,1958,Raphanus raphanistrum L.,TRUE
4042893587,1579424,PE,NA,"""Clatsop Co.,Oregon""",2006,Raphanus raphanistrum L.,TRUE
4042769898,1053636,PE,NA,Michigan,1986,Raphanus sativus L.,TRUE
4042687998,2151C0001000171722,SZ,NA,波士顿,1971,Raphanus raphanistrum L.,TRUE
4042677552,NAS00331335,NAS,NA,"""California,Sonoma co.""",1987,Raphanus sativus L.,TRUE
4042677515,NAS00329287,NAS,NA,Marine Co.calif,1927,Raphanus raphanistrum L.,TRUE
4042673509,NAS00329286,NAS,NA,San Fraucisco Sand Dune calif,1927,Raphanus sativus L.,TRUE
4040339338,UCR0132933,UCR,5764054,March Air Force Base [near Box Springs Siding],1993-04-25,Raphanus sativus L.,TRUE
4040322388,CHSC125469,CHSC,5737995,Tahoe National Forest. Soda Springs (town).,1973-07-30,Raphanus raphanistrum L.,TRUE
4040320492,OBI183611,OBI,5760426,San Luis Obispo. Laguna Lake Park. South-west side of lake edge. Small patch of grass near the main path looping around lake. Patches of flowers bordering path lakeside and field side.,2022-02-18,Raphanus sativus L.,TRUE
4040320467,OBI183593,OBI,5752868,"Laguna Lake Dog park. When heading northwest on the road next to the lake, in the area directly off the roadside.",2022-02-18,Raphanus sativus L.,TRUE
4032086045,102826351,MO,NA,"Houston Co.:  Ca. 6-7 mi. E of Ashford; Roadside of Hwy 84 at 0.2 mi. E of junction  with Hwy 81;  T2N,  R29E,  S15. Ocassional in area of Hwy construction; growing with Triticum aestivum, Avena sativa, Raphanus raphanistrum,& Brassica napus.",1998-03-09,Raphanus sativus L.,TRUE
4031880395,102854745,MO,NA,"Geneva Co.:  7.5 miles West of Geneva, abundant in old field.",1967-03-12,Raphanus raphanistrum L.,TRUE
4022956315,LOB102272,LOB,5732610,"Willow Springs Park, California Ave. North entrance, about 25 ft away from trail",2019-03-26,Raphanus sativus L.,TRUE
4015893363,GA272507,GA,27000222,"Gainesville, University of Florida, Natural Area Teaching Laboratory. 500ft. S of Phillips Center",2009-11-16,Raphanus raphanistrum L.,TRUE
4015890749,GA275462,GA,28037037,"3.17 airmiles NNE Kingsland jct. Hwy US 17 and Hwy GA 40, Harriets Bluff Rd, ca. 250 m W jct. I-95",2007-03-31,Raphanus raphanistrum L.,TRUE
4015890618,GA273626,GA,27855012,On the E side of East Cherokee Drive approximately 92 meters N of its intersection with Lower Union Hill Road. Elev. 1081 ft.,2020-03-15,Raphanus raphanistrum L.,TRUE
4015459323,281220,UF,NA,NA,2018-12-09,Raphanus raphanistrum L.,TRUE
4010715017,GMUF-0047330,GMUF,30436152,"High Bridge Trail State Park. Along trail near a large farm pond, ca. 1.2 mi. SSE of Rt. 607 and 2.0 miles NW of Burkeville.",2020-04-10,Raphanus raphanistrum L.,TRUE
4010710685,APCR015143,APCR,30424704,"Northampton, Daymon Road near railroad.",1979-07-05,Raphanus raphanistrum L.,TRUE
4006241339,barcode-02285093,NEBC,NA,"Alewife Brook Reservation, s side of Little River along bike path",2013-08-02,Raphanus raphanistrum L.,TRUE
3989448315,684496,CAS,684496,"Atrascedero Road, Los Altos Hills",1971-04-11,Raphanus sativus L.,TRUE
3987727614,NA,TAES,26313110,"Natchez Trace Parkway, Site number = 99; Mile Marker = 111; Ross Barnett Reservoir",2005-03-13,Raphanus raphanistrum L.,TRUE
3987727613,NA,TAES,26313107,1.5 miles W of Rhymes Plantation,1984-05-08,Raphanus raphanistrum L.,TRUE
3987641907,NA,TAES,26375475,College Station,1973-07-05,Raphanus sativus L.,TRUE
3987635962,NA,TAES,26375472,Murray,1973-07-10,Raphanus sativus L.,TRUE
3987614665,NA,TAES,26313112,Olmito,1938-04-03,Raphanus raphanistrum L.,TRUE
3987614664,NA,TAES,26313109,"Daymon Road near railroad, Northampton",1979-07-05,Raphanus raphanistrum L.,TRUE
3987565636,NA,TAES,26313104,"Latimer Point, between Mystic and Stonington",1981-06-06,Raphanus raphanistrum L.,TRUE
3987558637,NA,TAES,26313111,"Texas A&M College farm, College Station",1991-03-30,Raphanus sativus L.,TRUE
3987558636,NA,TAES,26313108,Richland Plantation,1988-02-16,Raphanus raphanistrum L.,TRUE
3987510957,NA,TAES,26375470,North base of Lone Mountain,1957-05-26,Raphanus sativus L.,TRUE
3987507936,NA,TAES,26375474,"Garden, Ashburn St., College Station",1941-05-14,Raphanus sativus L.,TRUE
3987505947,NA,TAES,26375473,"Garden, Ashburn St., College Station",1941-05-14,Raphanus sativus L.,TRUE
3978755506,BAYLU022544,BAYLU,28255923,"Sandy roadside, Leslie",1977-04-08,Raphanus sativus L.,TRUE
3978746654,BAYLU022539,BAYLU,28235951,on Richland Plantation beside La. 15 at Moore Road northwest of Rhymes,2000-01-23,Raphanus raphanistrum L.,TRUE
3978740087,BAYLU022538,BAYLU,28264564,north of La. 156 at the east edge of the town of Calvin,2000-03-14,Raphanus raphanistrum L.,TRUE
3978732636,BAYLU022537,BAYLU,28258971,"by US 84, w side of Cairo",2002-03-20,Raphanus raphanistrum L.,TRUE
3978711058,BAYLU022545,BAYLU,28262316,I-20 just west of Thomas Road Exit in West Monroe,1992-02-12,Raphanus raphanistrum L.,TRUE
3978710990,BAYLU022542,BAYLU,28237302,Field on Louisiana State University Experiment Station Farm west of I-20 and U.S. 80 interchange at Calhoun,1998-01-25,Raphanus raphanistrum L.,TRUE
3978704823,BAYLU022541,BAYLU,28256167,"Lime Kiln road, ca. 3 miles west of Natchitoches at jct with La Hwy 6",1994-02-18,Raphanus sativus L.,TRUE
3969691986,BRIT179001,BRIT,25112171,"Plant found at 10009 Southpoint Ct. in Denton, Texas. This location is in Robson Ranch.",2015-05-18,Raphanus L.,TRUE
3968518412,SDSU25094,SDSU,5549192,"Golden Hills Wilderness Park, 2300 Golden Hills Rd., Glendora Quad 7.5'",2021-04-01,Raphanus sativus L.,TRUE
3925841158,MISS0074822,MISS,20514183,Red Dirt Game Mgt. Area; Kistachie Nat. Forest; ca 1 mi from Montrose exit on main road,1976-03-31,Raphanus raphanistrum L.,TRUE
3925810620,NA,MISS,21898536,Geneva Co.: 7.5 miles W of Geneva.,1967-03-12,Raphanus raphanistrum L.,TRUE
3925803561,MISS0024925,MISS,5892159,Bass Memorial Academy,1966-04-11,Raphanus raphanistrum L.,TRUE
3925803558,MISS0024924,MISS,5892158,R14W T6N sec 1.,1966-03-16,Raphanus raphanistrum L.,TRUE
3925803547,MISS0024923,MISS,5892157,Along Hwy 90 in Gulfport nr Beach.,1966-04-30,Raphanus raphanistrum L.,TRUE
3925803544,MISS0024922,MISS,5892156,Ragland Hills,1971-03-30,Raphanus raphanistrum L.,TRUE
3925803542,MISS0024921,MISS,5892155,"Nail Rd, 2.3 mi E of the jct of this rd and US Hwy 61.",1969-05-24,Raphanus raphanistrum L.,TRUE
3925803537,MISS0024926,MISS,5892160,"Rd side of US Hwy 45 at 1.5 mi N of Lowndes Co line, area of Hwy construction",1994-04-26,Raphanus raphanistrum L.,TRUE
3925803525,MISS0024930,MISS,5892164,"Daymon Rd nr RR, Northampton.",1979-07-05,Raphanus raphanistrum L.,TRUE
3925803524,MISS0024929,MISS,5892163,"Mathiston, US Hwy 82, on new sec opened for 4 lane, plant scattered along whole sec from just E of jct of Hwy 82 with Hwy 15 and all the way W to the jct of Hwy 82 with the Natchez Trace Parkway",1996-11-12,Raphanus raphanistrum L.,TRUE
3925803521,MISS0024928,MISS,5892162,"Mathiston, US Hwy 82, on new sec opened for 4 lane, plant scattered along whole sec from just E of jct of Hwy 82 with Hwy 15 and all the way W to the jct of Hwy 82 with the Natchez Trace Parkway",1996-11-12,Raphanus sativus L.,TRUE
3925803519,MISS0024927,MISS,5892161,Camp Shelby Training Site. Dropzone. Easting: 0300479 Northing: 3450862.,2000-02-28,Raphanus raphanistrum L.,TRUE
3925803512,MISS0024932,MISS,5892166,"Just N of Old Taylor Rd on E side of South Lamar, Oxford. 34:21'30""N 089:31'12""W",NA,Raphanus sativus L.,TRUE
3925803509,MISS0024931,MISS,5892165,4.5 mi SSW of St Pauls along co 1765.,1965-05-23,Raphanus raphanistrum L.,TRUE
3921044344,LOB107913,LOB,5561921,west side of La Habra Heights Road,2018-04-01,Raphanus sativus L.,TRUE
3921044323,LOB107937,LOB,5563117,beach cliffs,2018-04-30,Raphanus sativus L.,TRUE
3915845386,barcode-02577376,NEBC,NA,Corner of Station Rd and Utley Rd,2020-07-08,Raphanus raphanistrum L.,TRUE
3899130571,MMNS079265,MMNS,29899616,Rockhill Road W of jct. with Osborne Road. NE of Starkville,2011-03-19,Raphanus raphanistrum L.,TRUE
3897882332,CHRB0102388,CHRB,29899901,Holmdel,1941-05-28,Raphanus raphanistrum L.,TRUE
3897882330,CHRB0102390,CHRB,29899903,Holmdel,1941-05-28,Raphanus raphanistrum L.,TRUE
3897880737,CHRB0102385,CHRB,29899897,Sandy Hook State Park,1962-03,Raphanus raphanistrum L.,TRUE
3897880694,CHRB0102377,CHRB,29899884,"Boyden Hall, Rutgers-Newark Campus",1976-06-24,Raphanus raphanistrum L.,TRUE
3872256314,NA,SBBG,5533146,Point Mugu Naval Air Station: west edge of Salt marsh along Perimeter Road.,2022-03-25,Raphanus sativus L.,TRUE
3872252329,SBBG245233,SBBG,5540556,"Point Mugu Naval Air Station: In disturbed areas near restroom, Building 7024; across from yurts.",2022-04-12,Raphanus sativus L.,TRUE
3865380406,PH00509840,ANSP,20540861,Hagerstown,1894-08,Raphanus sativus L.,TRUE
3865380405,PH00509822,ANSP,20540843,just S of Glendon,1946-07-19,Raphanus sativus L.,TRUE
3865380404,PH00509804,ANSP,20540825,1 mi. NE of Osterburg,1940-08-03,Raphanus sativus L.,TRUE
3865380403,PH00509786,ANSP,20540807,0.25 mi. SW of Glasgow,1944-07-20,Raphanus sativus L.,TRUE
3865380402,PH00509778,ANSP,20540799,0.5 mi. W of Wescoesville,1948-07-07,Raphanus sativus L.,TRUE
3865380401,PH00509759,ANSP,20540780,Cape May,1870-05-28,Raphanus raphanistrum L.,TRUE
3865380400,PH00509741,ANSP,20540762,1 mi. NE of Bustleton,1952-06-29,Raphanus raphanistrum L.,TRUE
3865380399,PH00509723,ANSP,20540744,1 mi. E of Appleton,1950-05-06,Raphanus raphanistrum L.,TRUE
3865380398,PH00509705,ANSP,20540726,W side of Springfield,1947-07-04,Raphanus raphanistrum L.,TRUE
3865380397,PH00509687,ANSP,20540708,"along the Delaware, 2 mi. E of Bushkill",1939-08-31,Raphanus raphanistrum L.,TRUE
3865380396,PH00509660,ANSP,20540681,"beyond extension of Penn Street, N edge of boro, Hatboro",1943-10-17,Raphanus raphanistrum L.,TRUE
3865380395,PH00509642,ANSP,20540663,near Street Road ca 0.75 mi. NW of Warminster,1946-09-01,Raphanus raphanistrum L.,TRUE
3865380393,PH00509603,ANSP,20539151,Westtown Farm; Westtown Boarding School,1905-04-04,Raphanus L.,TRUE
3865379352,PH00509837,ANSP,20540858,ca 0.25 mi. N of the village Walnutport,1941-07-14,Raphanus sativus L.,TRUE
3865379351,PH00509800,ANSP,20540821,1.25 mi. W of Lykens,1952-06-24,Raphanus sativus L.,TRUE
3865379350,PH00509782,ANSP,20540803,"Bristol Pike and Beaver St., N of Bristol",1950-07-20,Raphanus sativus L.,TRUE
3865379349,PH00509774,ANSP,20540795,0.5 mi. W of Fogelsville,1939-07-09,Raphanus sativus L.,TRUE
3865379348,PH00509756,ANSP,20540777,Cold Spring,1918-08-24,Raphanus raphanistrum L.,TRUE
3865379347,PH00509738,ANSP,20540759,Long Branch,1879-07,Raphanus raphanistrum L.,TRUE
3865379346,PH00509719,ANSP,20540740,Wilmington,1882-07-25,Raphanus raphanistrum L.,TRUE
3865379345,PH00509701,ANSP,20540722,Lester,1907-06-22,Raphanus raphanistrum L.,TRUE
3865379344,PH00509683,ANSP,20540704,"Schuylkill Valley Nature Center, 0.75 mi. WNW of Shawmont",1968-06-21,Raphanus raphanistrum L.,TRUE
3865379343,PH00509675,ANSP,20540696,"Shelbourne and Bustleton Avenues, Rhawnhurst",1961-06-06,Raphanus raphanistrum L.,TRUE
3865379342,PH00509657,ANSP,20540678,Fairless Junction,1958-08-05,Raphanus raphanistrum L.,TRUE
3865379340,PH00509636,ANSP,20539184,2.5 mi. ENE of Hosensack,1952-06-14,Raphanus raphanistrum L.,TRUE
3865379339,PH00509618,ANSP,20539166,1 mi. NW of Slateford,1946-08-06,Raphanus raphanistrum L.,TRUE
3865378429,PH00509839,ANSP,20540860,Egg Harbor; 39.382771 -74.616592,1890-05-18,Raphanus sativus L.,TRUE
3865378428,PH00509821,ANSP,20540842,0.25 mi. N of Freemansburg,1946-07-11,Raphanus sativus L.,TRUE
3865378427,PH00509803,ANSP,20540824,1 mi. NW of Inez,1961-09,Raphanus sativus L.,TRUE
3865378426,PH00509785,ANSP,20540806,"along Horsham Road, just SE of Horsham",1947-09-21,Raphanus sativus L.,TRUE
3865378425,PH00509777,ANSP,20540798,1 mi. NE of Leather Corner Post,1950-08-28,Raphanus sativus L.,TRUE
3865378424,PH00509740,ANSP,20540761,Point Pleasant,1912-06-23,Raphanus raphanistrum L.,TRUE
3865378423,PH00509722,ANSP,20540743,Beaver Valley,1903-09,Raphanus raphanistrum L.,TRUE
3865378422,PH00509704,ANSP,20540725,Tinicum,1900-07-04,Raphanus raphanistrum L.,TRUE
3865378421,PH00509686,ANSP,20540707,"bank of Lackawaxen Creek, Lackawaxen",1939-06-15,Raphanus raphanistrum L.,TRUE
3865378420,PH00509678,ANSP,20540699,Philadelphia; corner of Race and Parkway between 19th and 20th Sts.,1978-06-06,Raphanus raphanistrum L.,TRUE
3865378419,PH00509659,ANSP,20540680,"Ca 0.5 mi. N of RR station, Woodmont",1943-11-14,Raphanus raphanistrum L.,TRUE
3865378418,PH00509641,ANSP,20540662,near Doylestown,1921-06-12,Raphanus raphanistrum L.,TRUE
3865378416,PH00509639,ANSP,20539187,0.5 mi. E of Fleetwood,1936-06-14,Raphanus raphanistrum L.,TRUE
3865378415,PH00509621,ANSP,20539169,1.5 mi. E of Centerville,1952-08-02,Raphanus raphanistrum L.,TRUE
3865377309,PH00509834,ANSP,20540855,1 to 1.5 mi. SE of Redington,1946-08-05,Raphanus sativus L.,TRUE
3865377308,PH00509816,ANSP,20540837,1 mi. N of Danielsville,1947-07-20,Raphanus sativus L.,TRUE
3865377307,PH00509798,ANSP,20540819,0.75 mi. E of Northumberland,1940-07-17,Raphanus sativus L.,TRUE
3865377306,PH00509779,ANSP,20540800,West Bethlehem,1902-06-24,Raphanus sativus L.,TRUE
3865377305,PH00509771,ANSP,20540792,"vicinity of Allentown, along Coopersburg Pike, 12th Ward",1912-08-15,Raphanus sativus L.,TRUE
3865377304,PH00509753,ANSP,20540774,Vineland,1934-06-24,Raphanus raphanistrum L.,TRUE
3865377303,PH00509735,ANSP,20540756,"along P.R.R., S of Lalor St., S of Trenton; 40.197509 -74.752324",1949-11-03,Raphanus raphanistrum L.,TRUE
3865377302,PH00509717,ANSP,20540738,Elsmere,1891-09-29,Raphanus raphanistrum L.,TRUE
3865377301,PH00509680,ANSP,20540701,"below the Navy Yard, Philadelphia",1965-06-04,Raphanus raphanistrum L.,TRUE
3865376392,PH00509820,ANSP,20540841,2 mi. NW of Freemansburg,1942-07-19,Raphanus sativus L.,TRUE
3865376391,PH00509802,ANSP,20540823,1 mi. SSE of Richfield,1952-08-26,Raphanus sativus L.,TRUE
3865376390,PH00509784,ANSP,20540805,Doyle Street at Wern edge of Doylestown,1950-10-26,Raphanus sativus L.,TRUE
3865376389,PH00509776,ANSP,20540797,0.5 mi. W of Fogelsville,1941-07-11,Raphanus sativus L.,TRUE
3865376388,PH00509758,ANSP,20540779,Beesleys Point,1940-06-29,Raphanus raphanistrum L.,TRUE
3865376387,PH00509739,ANSP,20540760,"0.5 mi. W of Church and Main Streets, Allentown, 0.125 mi. within Allentown borough",1941-06-03,Raphanus raphanistrum L.,TRUE
3865376386,PH00509721,ANSP,20540742,Woodland Beach,1898-06-30,Raphanus raphanistrum L.,TRUE
3865376385,PH00509703,ANSP,20540724,Tinicum,1864-10-17,Raphanus raphanistrum L.,TRUE
3865376384,PH00509685,ANSP,20540706,bank of Susquehanna River opposite Mahoopany,1939-06-10,Raphanus raphanistrum L.,TRUE
3865376383,PH00509677,ANSP,20540698,"Philadelphia, corner of Race and Parkway between 19th and 20th St.",1978-06-06,Raphanus raphanistrum L.,TRUE
3865376382,PH00509640,ANSP,20540661,0.5 mi. N of Brownsburg,1953-06-10,Raphanus raphanistrum L.,TRUE
3865376380,PH00509638,ANSP,20539186,1 mi. S of Bethel,1949-05-22,Raphanus raphanistrum L.,TRUE
3865376379,PH00509620,ANSP,20539168,just S of Glendon,1946-07-19,Raphanus raphanistrum L.,TRUE
3865375350,PH00509836,ANSP,20540857,"along Bertsch Creek, 0.5 mi. SW of Slate Valley",1941-08-15,Raphanus sativus L.,TRUE
3865375349,PH00509818,ANSP,20540839,"College Hill, Easton",1887,Raphanus sativus L.,TRUE
3865375348,PH00509799,ANSP,20540820,2.5 mi. SSE of Jonestown,1954-08-02,Raphanus sativus L.,TRUE
3865375347,PH00509781,ANSP,20540802,Perkasie,1909-06-21,Raphanus sativus L.,TRUE
3865375346,PH00509773,ANSP,20540794,2 mi. W of Emmaus,1959-06-29,Raphanus sativus L.,TRUE
3865375345,PH00509755,ANSP,20540776,Cape May,1891-08-09,Raphanus raphanistrum L.,TRUE
3865375344,PH00509737,ANSP,20540758,1 mi. NE of Cranbury,1952-05-11,Raphanus raphanistrum L.,TRUE
3865375343,PH00509700,ANSP,20540721,Lester,1907-06-22,Raphanus raphanistrum L.,TRUE
3865375342,PH00509682,ANSP,20540703,0.75 mi. S of Byberry,1955-05-29,Raphanus raphanistrum L.,TRUE
3865375341,PH00509674,ANSP,20540695,Bustleton Ave. and Rhawnhurst,1959-05-19,Raphanus raphanistrum L.,TRUE
3865375340,PH00509656,ANSP,20540677,Midway,1956-06-24,Raphanus raphanistrum L.,TRUE
3865375337,PH00509635,ANSP,20539183,0.5 mi. N of Sigmund,1952-07-18,Raphanus raphanistrum L.,TRUE
3865375336,PH00509617,ANSP,20539165,0.75 mi. E of Bushkill Center,1956-08-08,Raphanus raphanistrum L.,TRUE
3865374381,PH00509838,ANSP,20540859,Cooper's Point RR Freight yard,1932-07-09,Raphanus sativus L.,TRUE
3865374380,PH00509819,ANSP,20540840,2 mi. NW of Freemansburg,1942-06-08,Raphanus sativus L.,TRUE
3865374379,PH00509801,ANSP,20540822,0.75 mi. NW of Penns Creek P.O.,1939-06-14,Raphanus sativus L.,TRUE
3865374378,PH00509783,ANSP,20540804,Bristol,1931-07-13,Raphanus sativus L.,TRUE
3865374377,PH00509775,ANSP,20540796,0.5 mi. W of Fogelsville,1946-07-04,Raphanus sativus L.,TRUE
3865374376,PH00509757,ANSP,20540778,Cape May,1933-06-20,Raphanus raphanistrum L.,TRUE
3865374375,PH00509720,ANSP,20540741,Lewes,1898-08-04,Raphanus raphanistrum L.,TRUE
3865374374,PH00509702,ANSP,20540723,Tinicum,1864-10-17,Raphanus raphanistrum L.,TRUE
3865374373,PH00509684,ANSP,20540705,Cayuga Lake; 42.67602 -76.691306,1871-06-01,Raphanus raphanistrum L.,TRUE
3865374372,PH00509676,ANSP,20540697,Oak Lane Park,1913-06-16,Raphanus raphanistrum L.,TRUE
3865374371,PH00509658,ANSP,20540679,"along brook ca 0.5 mi. N of R.R. station, Woodmont",1943-11-14,Raphanus raphanistrum L.,TRUE
3865374368,PH00509637,ANSP,20539185,2.75 mi. NW of Bethel,1948-07-22,Raphanus raphanistrum L.,TRUE
3865374367,PH00509619,ANSP,20539167,1 mi. NE of Bangor,1946-09-05,Raphanus raphanistrum L.,TRUE
3865373304,PH00509835,ANSP,20540856,just S of Shimersville,1944-08-13,Raphanus sativus L.,TRUE
3865373303,PH00509817,ANSP,20540838,"Bushkill, Easton",1898-07-15,Raphanus sativus L.,TRUE
3865373302,PH00509780,ANSP,20540801,"railroad station, Barto",1955-07-08,Raphanus sativus L.,TRUE
3865373301,PH00509772,ANSP,20540793,"Vicinity of Allentown, along road at Little Lehigh River, foot of S. Fulton St.",1949-06-04,Raphanus sativus L.,TRUE
3865368300,PH00509672,ANSP,20540693,near Burholme,1937-05-31,Raphanus raphanistrum L.,TRUE
3865368299,PH00509654,ANSP,20540675,1 mi. SW of Hilltown,1950-07-12,Raphanus raphanistrum L.,TRUE
3865368296,PH00509633,ANSP,20539181,0.5 mi. E of Neffs,1952-06-21,Raphanus raphanistrum L.,TRUE
3865368295,PH00509615,ANSP,20539163,"College Hill, Easton",1896-06-29,Raphanus raphanistrum L.,TRUE
3865364300,PH00509754,ANSP,20540775,Avalon,1935-09-29,Raphanus raphanistrum L.,TRUE
3865364299,PH00509736,ANSP,20540757,Trenton,1886-07-18,Raphanus raphanistrum L.,TRUE
3865364298,PH00509718,ANSP,20540739,Elsmere,1893-06-28,Raphanus raphanistrum L.,TRUE
3865364297,PH00509699,ANSP,20540720,Essington,1916-07-07,Raphanus raphanistrum L.,TRUE
3865364296,PH00509681,ANSP,20540702,"Salt Works, Philadelphia",NA,Raphanus raphanistrum L.,TRUE
3865364295,PH00509673,ANSP,20540694,"about 18th and Parkway, Philadelphia",1952-06-14,Raphanus raphanistrum L.,TRUE
3865364294,PH00509655,ANSP,20540676,0.5 mi. N of Brownsburg,1950-07-30,Raphanus raphanistrum L.,TRUE
3865364292,PH00509634,ANSP,20539182,"2.5 mi. SW of Center Square, Allentown",1956-06-13,Raphanus raphanistrum L.,TRUE
3865364291,PH00509616,ANSP,20539164,"Easton, College Hill",1898-07-18,Raphanus raphanistrum L.,TRUE
3865363256,PH00509832,ANSP,20540853,1 mi. W of Wassergass,1946-08-15,Raphanus sativus L.,TRUE
3865363255,PH00509814,ANSP,20540835,Cold Spring,1928-07-14,Raphanus sativus L.,TRUE
3865363254,PH00509796,ANSP,20540817,3.5 mi. NW of Bellefonte,1945-08-15,Raphanus sativus L.,TRUE
3865363253,PH00509769,ANSP,20540790,1.5 mi. SSW of Unionville,1943-10-02,Raphanus raphanistrum L.,TRUE
3865363252,PH00509751,ANSP,20540772,"Chestnut Run, Roadstown",1933-06-11,Raphanus raphanistrum L.,TRUE
3865363251,PH00509733,ANSP,20540754,"along Crosswicks Creek, S of White Horse",1950-06-08,Raphanus raphanistrum L.,TRUE
3865363250,PH00509715,ANSP,20540736,Russelville,1863-06,Raphanus raphanistrum L.,TRUE
3865363249,PH00509697,ANSP,20540718,none,1878-07-17,Raphanus raphanistrum L.,TRUE
3865363248,PH00509670,ANSP,20540691,by Fitzwatertown Road ca 0.5 mi. NE of Fitzwatertown,1945-07-20,Raphanus raphanistrum L.,TRUE
3865363247,PH00509652,ANSP,20540673,ca 1 mi. ENE of Midway,1956-06-24,Raphanus raphanistrum L.,TRUE
3865363244,PH00509613,ANSP,20539161,Easton,1896-05,Raphanus raphanistrum L.,TRUE
3865362269,PH00509833,ANSP,20540854,1 mi. W of Wassergass,1946-08-15,Raphanus sativus L.,TRUE
3865362268,PH00509815,ANSP,20540836,Bangor,1894-07-05,Raphanus sativus L.,TRUE
3865362267,PH00509797,ANSP,20540818,none,1878-07-10,Raphanus sativus L.,TRUE
3865362266,PH00509770,ANSP,20540791,3 mi. S of Dorneyville,1960-08-16,Raphanus sativus L.,TRUE
3865362265,PH00509752,ANSP,20540773,Shiloh; 39.459003 -75.29908,1933-05-30,Raphanus raphanistrum L.,TRUE
3865362264,PH00509734,ANSP,20540755,"along P.R.R. S of Lalor St., Trenton; 40.197509 -74.752324",1950-06-11,Raphanus raphanistrum L.,TRUE
3865362262,PH00509698,ANSP,20540719,"Haverford Road, 0.75 mi. W of Haddington",1862-08-24,Raphanus raphanistrum L.,TRUE
3865362261,PH00509679,ANSP,20540700,Philadelphia,NA,Raphanus raphanistrum L.,TRUE
3865362260,PH00509671,ANSP,20540692,"Along Pennypack Creek, 1.5 SSW of Bustleton, Philadelphia",1926-06-19,Raphanus raphanistrum L.,TRUE
3865362259,PH00509653,ANSP,20540674,Ca 0.5 mi. N of Midway,1956-06-17,Raphanus raphanistrum L.,TRUE
3865362256,PH00509632,ANSP,20539180,0.5 mi. E of Kuhnsville,1958-06-30,Raphanus raphanistrum L.,TRUE
3865362255,PH00509614,ANSP,20539162,"College Hill, Easton",1896-06-19,Raphanus raphanistrum L.,TRUE
3865109366,PH00509842,ANSP,20540863,2 mi. S of Beaver Meadows,1951-07-09,Raphanus sativus L.,TRUE
3865109365,PH00509824,ANSP,20540845,0.25 mi. W of Howersville,1940-08-21,Raphanus sativus L.,TRUE
3865109364,PH00509806,ANSP,20540827,1.8 mi. ENE of Sligo,1952-07-26,Raphanus sativus L.,TRUE
3865109363,PH00509788,ANSP,20540809,near Manatawny Creek just W of Pottstown,1946-08-22,Raphanus sativus L.,TRUE
3865109362,PH00509761,ANSP,20540782,Holly Beach; 38.986357 -74.81786,1907-09,Raphanus raphanistrum L.,TRUE
3865109361,PH00509743,ANSP,20540764,Beverly; 40.065389 -74.919056,1890-05-30,Raphanus raphanistrum L.,TRUE
3865109360,PH00509725,ANSP,20540746,2 mi. SE of Columbia,1948-06-28,Raphanus raphanistrum L.,TRUE
3865109359,PH00509707,ANSP,20540728,"Tinicum Island, Philadelphia",1864-06,Raphanus raphanistrum L.,TRUE
3865109358,PH00509662,ANSP,20540683,1 mi. SW of Frederick,1958-08-09,Raphanus raphanistrum L.,TRUE
3865109357,PH00509644,ANSP,20540665,Bristol,1926-07-26,Raphanus raphanistrum L.,TRUE
3865109355,PH00509623,ANSP,20539171,2 mi. NW of Riverton,1954-07-16,Raphanus raphanistrum L.,TRUE
3865109354,PH00509605,ANSP,20539153,Kaighns Point,NA,Raphanus maritimus Sm.,TRUE
3865108379,PH00509841,ANSP,20540862,near Bushkill,1921-10-03,Raphanus sativus L.,TRUE
3865108378,PH00509823,ANSP,20540844,0.5 mi. N of Hellertown,1942-06-08,Raphanus sativus L.,TRUE
3865108377,PH00509805,ANSP,20540826,1.75 mi. NNW of West End,1952-06-15,Raphanus sativus L.,TRUE
3865108376,PH00509787,ANSP,20540808,"Along Whites Road near Green Street, SW edge of boro, Lansdale",1946-10-20,Raphanus sativus L.,TRUE
3865108375,PH00509760,ANSP,20540781,Avalon,1935-09-29,Raphanus raphanistrum L.,TRUE
3865108374,PH00509742,ANSP,20540763,Bordentown,1890-05-10,Raphanus raphanistrum L.,TRUE
3865108373,PH00509724,ANSP,20540745,"W shore of White pond, N of Marksboro",1938-06-21,Raphanus raphanistrum L.,TRUE
3865108372,PH00509706,ANSP,20540727,Tinicum Island,1865-06-18,Raphanus raphanistrum L.,TRUE
3865108371,PH00509688,ANSP,20540709,2 mi. SE of Mt. Pocono,1935-07-10,Raphanus raphanistrum L.,TRUE
3865108370,PH00509661,ANSP,20540682,Glenside,1961-06-04,Raphanus raphanistrum L.,TRUE
3865108369,PH00509643,ANSP,20540664,1 mi. SW of Morrisville,1958-11-12,Raphanus raphanistrum L.,TRUE
3865108367,PH00509622,ANSP,20539170,2 mi. NE of Point Phillip,1951-07-03,Raphanus raphanistrum L.,TRUE
3865108366,PH00509604,ANSP,20539152,Princeton,1883-04-26,Raphanus L.,TRUE
3865107330,PH00509844,ANSP,20540865,0.5 mi. S of Nuremburg,1937-06-12,Raphanus sativus L.,TRUE
3865107329,PH00509826,ANSP,20540847,0.5 mi. E of Johnsonville,1942-05-29,Raphanus sativus L.,TRUE
3865107328,PH00509808,ANSP,20540829,Gloucester City,1951-07-22,Raphanus sativus L.,TRUE
3865107327,PH00509789,ANSP,20540810,"along Hedley Street, S of Bridesburg",1942-06-21,Raphanus sativus L.,TRUE
3865107326,PH00509763,ANSP,20540784,"411 Pacific Ave., W Cape May",1953-04-29,Raphanus raphanistrum L.,TRUE
3865107325,PH00509745,ANSP,20540766,"Collins Ave., Collingswood",1951-07-22,Raphanus raphanistrum L.,TRUE
3865107324,PH00509727,ANSP,20540748,along Delaware River at Stockton,1935-09-28,Raphanus raphanistrum L.,TRUE
3865107323,PH00509690,ANSP,20540711,2.25 mi. SSE of Stonington,1961-07-13,Raphanus raphanistrum L.,TRUE
3865107322,PH00509664,ANSP,20540685,0.25 mi. SW of Glasgow,1944-07-20,Raphanus raphanistrum L.,TRUE
3865107321,PH00509646,ANSP,20540667,Bristol,1924-05-31,Raphanus raphanistrum L.,TRUE
3865107319,PH00225023,ANSP,20540630,"W side of building, ES&F Tully campus, Tully",1979-10-06,Raphanus raphanistrum L.,TRUE
3865107318,PH00509625,ANSP,20539173,"College Hill, Easton",1897-06-28,Raphanus raphanistrum L.,TRUE
3865104322,PH00509843,ANSP,20540864,0.5 mi. S of Nuremburg,1937-06-12,Raphanus sativus L.,TRUE
3865104321,PH00509825,ANSP,20540846,2 mi. NW of Freemansburg,1942-06-08,Raphanus sativus L.,TRUE
3865104320,PH00509807,ANSP,20540828,just S of White Horse,1949-07-21,Raphanus sativus L.,TRUE
3865104319,PH00509762,ANSP,20540783,Bennett Lake,1909-06-30,Raphanus raphanistrum L.,TRUE
3865104318,PH00509744,ANSP,20540765,Beverly,1950-06-15,Raphanus raphanistrum L.,TRUE
3865104317,PH00509726,ANSP,20540747,Annandale,1913-06-28,Raphanus raphanistrum L.,TRUE
3865104316,PH00509708,ANSP,20540729,"at Tinicum, on the Delaware River",1899-06-12,Raphanus raphanistrum L.,TRUE
3865104315,PH00509689,ANSP,20540710,Delaware Water Gap,1949-06-07,Raphanus raphanistrum L.,TRUE
3865104314,PH00509663,ANSP,20540684,"Reading Ry. station, Colmar",1943-07-03,Raphanus raphanistrum L.,TRUE
3865104313,PH00509645,ANSP,20540666,ca. 0.5 mi. NW of Siles,1952-11-20,Raphanus raphanistrum L.,TRUE
3865104311,PH00509624,ANSP,20539172,1 mi. N of Danielsville,1948-06-15,Raphanus raphanistrum L.,TRUE
3865101236,PH00509831,ANSP,20540852,0.25 mi. N of Walnutport,1941-07-14,Raphanus sativus L.,TRUE
3865101235,PH00509813,ANSP,20540834,Cold Spring,1919-07-15,Raphanus sativus L.,TRUE
3865101234,PH00509795,ANSP,20540816,Wilmington,1897-06-25,Raphanus sativus L.,TRUE
3865101233,PH00509750,ANSP,20540771,1 mi. E of Olivet,1937-05-30,Raphanus raphanistrum L.,TRUE
3865101232,PH00509732,ANSP,20540753,"along P.R.R. S of Lalor St., S of Trenton; 40.197509 -74.752324",1949-11-03,Raphanus raphanistrum L.,TRUE
3865101231,PH00509714,ANSP,20540735,1.5 mi. S of Chester Springs,1953-05-27,Raphanus raphanistrum L.,TRUE
3865101230,PH00509696,ANSP,20540717,North East,1929-06-24,Raphanus raphanistrum L.,TRUE
3865101229,PH00509669,ANSP,20540690,"Penn Street, Nern edge of boro, Hatboro",1943-10-17,Raphanus raphanistrum L.,TRUE
3865101228,PH00509651,ANSP,20540672,0.5 mi. E of Holland,1959-05-31,Raphanus raphanistrum L.,TRUE
3865101225,PH00509631,ANSP,20539179,Treichlers Station,1917-06-24,Raphanus raphanistrum L.,TRUE
3865101224,PH00509612,ANSP,20539160,"College Hill, Easton",1898-07-13,Raphanus raphanistrum L.,TRUE
3865097249,PH00509829,ANSP,20540850,along Bertsch Creek 0.5 to 1 mi. SW of Slate Valley,1941-08-15,Raphanus sativus L.,TRUE
3865097248,PH00509811,ANSP,20540832,2 mi. E of Harrisonville,1899-06-06,Raphanus sativus L.,TRUE
3865097247,PH00509793,ANSP,20540814,Unionville,1883-07-03,Raphanus sativus L.,TRUE
3865097246,PH00509767,ANSP,20540788,1 mi. NNE of Lafayetteville,1967-09-07,Raphanus raphanistrum L.,TRUE
3865097245,PH00509730,ANSP,20540751,1 mi. NE of Cranbury; 40.326467 -74.500324,1952-06-26,Raphanus raphanistrum L.,TRUE
3865097244,PH00509712,ANSP,20540733,Bacton,1929-06-30,Raphanus raphanistrum L.,TRUE
3865097243,PH00509694,ANSP,20540715,"Allegheny National Forest, near Ludlow",1935-07-15,Raphanus raphanistrum L.,TRUE
3865097242,PH00509668,ANSP,20540689,within 1 mi. W of Telford,1943-07-10,Raphanus raphanistrum L.,TRUE
3865097241,PH00509649,ANSP,20540670,within 1 mi. SE of Southampton,1948-11-06,Raphanus raphanistrum L.,TRUE
3865097238,PH00509629,ANSP,20539177,just N of Friedensville,1955-06-19,Raphanus raphanistrum L.,TRUE
3865097237,PH00509611,ANSP,20539159,South Bethlehem,1899-06-27,Raphanus raphanistrum L.,TRUE
3865096298,PH00509846,ANSP,20540867,1 mi. NE of Osterburg,1940-08-03,Raphanus sativus L.,TRUE
3865096297,PH00509828,ANSP,20540849,Just S of Shimersville,1944-06-04,Raphanus sativus L.,TRUE
3865096296,PH00509809,ANSP,20540830,Gloucester City,1951-08-26,Raphanus sativus L.,TRUE
3865096295,PH00509791,ANSP,20540812,West Philadelphia,1890-06-22,Raphanus sativus L.,TRUE
3865096294,PH00509765,ANSP,20540786,1.5 mi. S of Tamaqua,1934-08-27,Raphanus raphanistrum L.,TRUE
3865096293,PH00509747,ANSP,20540768,Bayhead; 40.0667 -74.05,1925-06-14,Raphanus raphanistrum L.,TRUE
3865096292,PH00509710,ANSP,20540731,1.5 mi. S of Chester Springs,1944-09-21,Raphanus raphanistrum L.,TRUE
3865096291,PH00509692,ANSP,20540713,1 mi. S McSherrystown,1950-07-05,Raphanus raphanistrum L.,TRUE
3865096290,PH00509666,ANSP,20540687,"Church Rd. W of Limekiln Pk., Glenside",1954-06-01,Raphanus raphanistrum L.,TRUE
3865096289,PH00509648,ANSP,20540669,within 1 mi. SE of Southampton,1958-11-06,Raphanus raphanistrum L.,TRUE
3865096286,PH00509627,ANSP,20539175,near Lower Saucon,1932-06-28,Raphanus raphanistrum L.,TRUE
3865096285,PH00509609,ANSP,20539157,0.5 mi. NE of Schoeneck,1938-06-23,Raphanus raphanistrum L.,TRUE
3865094244,PH00509847,ANSP,20540868,S of Sodus Center,1924-07-02,Raphanus sativus L.,TRUE
3865094243,PH00509810,ANSP,20540831,Camden,1892-06-04,Raphanus sativus L.,TRUE
3865094242,PH00509792,ANSP,20540813,Middletown,1900-07-02,Raphanus sativus L.,TRUE
3865094241,PH00509766,ANSP,20540787,"0.75 mi. NW of Penns Creek, P.O.",1939-06-14,Raphanus raphanistrum L.,TRUE
3865094240,PH00509748,ANSP,20540769,Beverly,1914-07-26,Raphanus raphanistrum L.,TRUE
3865094239,PH00509729,ANSP,20540750,Milltown,1891-06,Raphanus raphanistrum L.,TRUE
3865094238,PH00509711,ANSP,20540732,Bacton,1927-05-30,Raphanus raphanistrum L.,TRUE
3865094237,PH00509693,ANSP,20540714,Bedford Station,1963-08-28,Raphanus raphanistrum L.,TRUE
3865094236,PH00509667,ANSP,20540688,Near Mattaway Creek just W of Pottstown,1946-08-22,Raphanus raphanistrum L.,TRUE
3865094233,PH00509628,ANSP,20539176,0.5 mi. E of Neffs,1952-06-21,Raphanus raphanistrum L.,TRUE
3865094232,PH00509610,ANSP,20539158,Shif Road,1925-06-08,Raphanus raphanistrum L.,TRUE
3865093284,PH00509845,ANSP,20540866,State College,1887-07,Raphanus sativus L.,TRUE
3865093283,PH00509827,ANSP,20540848,1.5 mi. SE of Redington,1942-08-05,Raphanus sativus L.,TRUE
3865093282,PH00509790,ANSP,20540811,Fairmount Park,1884-06-21,Raphanus sativus L.,TRUE
3865093281,PH00509764,ANSP,20540785,7 mi. E of Pinegrove,1935-08-09,Raphanus raphanistrum L.,TRUE
3865093280,PH00509746,ANSP,20540767,NE of Bordentown,1952-06-19,Raphanus raphanistrum L.,TRUE
3865093279,PH00509728,ANSP,20540749,Princeton,1885-07-10,Raphanus raphanistrum L.,TRUE
3865093278,PH00509709,ANSP,20540730,1.5 mi. S of Chester Springs,1944-09-21,Raphanus raphanistrum L.,TRUE
3865093277,PH00509691,ANSP,20540712,0.75 mi. S of Loyalton,1952-07-09,Raphanus raphanistrum L.,TRUE
3865093276,PH00509665,ANSP,20540686,"Glenside, near Church and Easton roads",1961-06-20,Raphanus raphanistrum L.,TRUE
3865093275,PH00509647,ANSP,20540668,Ca 1 mi. NE of Southampton,1946-06-23,Raphanus raphanistrum L.,TRUE
3865093273,PH00509626,ANSP,20539174,"just E of the county line, Bethlehem",1964-08-21,Raphanus raphanistrum L.,TRUE
3865092217,PH00509830,ANSP,20540851,ca 1 mi. E of Steel City,1940-07-24,Raphanus sativus L.,TRUE
3865092216,PH00509812,ANSP,20540833,Gloucester City,1951-07-22,Raphanus sativus L.,TRUE
3865092215,PH00509794,ANSP,20540815,Coatesville,NA,Raphanus sativus L.,TRUE
3865092214,PH00509768,ANSP,20540789,"Little York Lake, Preble",1917-07-25,Raphanus raphanistrum L.,TRUE
3865092213,PH00509749,ANSP,20540770,Camden,1879-07-31,Raphanus raphanistrum L.,TRUE
3865092212,PH00509731,ANSP,20540752,"along Crosswicks Creek, White Horse",1953-07-23,Raphanus raphanistrum L.,TRUE
3865092211,PH00509713,ANSP,20540734,"valley creek, near Bacton",1929-06-30,Raphanus raphanistrum L.,TRUE
3865092210,PH00509695,ANSP,20540716,2 mi. E of Rummel,1964-07-21,Raphanus raphanistrum L.,TRUE
3865092209,PH00509650,ANSP,20540671,tow path of Pa. canal just above Riegelsville,1961-06-18,Raphanus raphanistrum L.,TRUE
3865092206,PH00509630,ANSP,20539178,1.5 mi. N of Germans Corners,1952-07-05,Raphanus raphanistrum L.,TRUE
3855563086,134622,UF,NA,NA,NA,Raphanus raphanistrum L.,TRUE
3855561251,129708,UF,NA,NA,NA,Raphanus raphanistrum L.,TRUE
3855559769,129640,UF,NA,NA,NA,Raphanus raphanistrum L.,TRUE
3855559246,9361,UF,NA,NA,NA,Raphanus raphanistrum L.,TRUE
3855554683,129709,UF,NA,NA,NA,Raphanus raphanistrum L.,TRUE
3855554064,98016,UF,NA,NA,1966-04-12,Raphanus raphanistrum L.,TRUE
3855553958,144614,UF,NA,NA,NA,Raphanus raphanistrum L.,TRUE
3855553104,129712,UF,NA,NA,NA,Raphanus raphanistrum L.,TRUE
3855550946,12712,UF,NA,NA,NA,Raphanus sativus L.,TRUE
3855550741,12713,UF,NA,NA,NA,Raphanus sativus L.,TRUE
3855547362,122819,UF,NA,NA,NA,Raphanus raphanistrum L.,TRUE
3855544774,129710,UF,NA,NA,NA,Raphanus raphanistrum L.,TRUE
3855542318,148695,UF,NA,NA,NA,Raphanus raphanistrum L.,TRUE
3855533595,100432,UF,NA,NA,NA,Raphanus raphanistrum L.,TRUE
3855526110,142894,UF,NA,NA,NA,Raphanus raphanistrum L.,TRUE
3855525894,89943,UF,NA,NA,NA,Raphanus raphanistrum L.,TRUE
3855521464,98077,UF,NA,NA,1966-04-12,Raphanus raphanistrum L.,TRUE
3855521159,100586,UF,NA,NA,NA,Raphanus raphanistrum L.,TRUE
3855518852,98470,UF,NA,NA,1967-02-04,Raphanus raphanistrum L.,TRUE
3855517591,99936,UF,NA,NA,NA,Raphanus raphanistrum L.,TRUE
3855515374,35929,UF,NA,NA,NA,Raphanus raphanistrum L.,TRUE
3855513223,90204,UF,NA,NA,1965-03-23,Raphanus sativus L.,TRUE
3855510001,152201,UF,NA,NA,NA,Raphanus raphanistrum L.,TRUE
3855490712,175022,UF,NA,NA,NA,Raphanus raphanistrum L.,TRUE
3855485416,70994,UF,NA,NA,NA,Raphanus raphanistrum L.,TRUE
3855484356,76633,UF,NA,NA,1958-10-29,Raphanus raphanistrum L.,TRUE
3855482496,129713,UF,NA,NA,NA,Raphanus raphanistrum L.,TRUE
3855480749,130100,UF,NA,NA,NA,Raphanus raphanistrum L.,TRUE
3855477691,144758,UF,NA,NA,NA,Raphanus raphanistrum L.,TRUE
3855475004,35931,UF,NA,NA,NA,Raphanus raphanistrum L.,TRUE
3855473623,159961,UF,NA,NA,NA,Raphanus raphanistrum L.,TRUE
3855471342,167522,UF,NA,NA,NA,Raphanus raphanistrum L.,TRUE
3855468317,154752,UF,NA,NA,NA,Raphanus raphanistrum L.,TRUE
3855465779,99942,UF,NA,NA,NA,Raphanus L.,TRUE
3855460818,33002,UF,NA,NA,NA,Raphanus sativus L.,TRUE
3855460012,129714,UF,NA,NA,NA,Raphanus raphanistrum L.,TRUE
3855459409,216505,UF,NA,NA,NA,Raphanus raphanistrum L.,TRUE
3855457132,144759,UF,NA,NA,NA,Raphanus raphanistrum L.,TRUE
3855447807,94339,UF,NA,NA,1965-03-11,Raphanus raphanistrum L.,TRUE
3855446673,129711,UF,NA,NA,NA,Raphanus raphanistrum L.,TRUE
3855445482,100895,UF,NA,NA,NA,Raphanus raphanistrum L.,TRUE
3855439499,168781,UF,NA,NA,NA,Raphanus raphanistrum L.,TRUE
3829914350,MISSA006906,MISSA,5784142,"Just N of Old Taylor Rd on E side of South Lamar, Oxford",2003-03,Raphanus sativus L.,TRUE
3829914342,MISSA006905,MISSA,5784141,University of Mississippi Forest Lands,1969-05-03,Raphanus raphanistrum L.,TRUE
3829914341,MISSA006910,MISSA,5784146,"Dauphin Island; Narvaiz St, N of Bienville Blvd",1967-03-26,Raphanus sativus L.,TRUE
3829914340,MISSA006909,MISSA,5784145,"Brown's Ferry Park, Black River",1956-04-29,Raphanus raphanistrum L.,TRUE
3829914331,MISSA006907,MISSA,5784143,in area of new bypass around Hamilton; Hwy 45 at 3.3 mi N of jct with Hwy 373,1996-06-01,Raphanus sativus L.,TRUE
3829914330,MISSA006908,MISSA,5784144,"off of Hwy 90 in front of SuiteOne of Mobile, N of I-20; UTM 16 0387431 3383885 (NAD83)",2005-03-19,Raphanus raphanistrum L.,TRUE
3820752750,OSC-V-266266,OSC,4500493,"Portland, near Interstate 84 and 142nd. Ave.",1992-04-07,Raphanus sativus L.,TRUE
3820748835,OSC-V-267458,OSC,4519252,Along Old River Road one mile east of its junction with State Hwy. 99W north of Monroe,2020-09-28,Raphanus raphanistrum L.,TRUE
3820745963,OSC-V-023807,OSC,4436592,just south of Bandon at the end of Mars Lane; edge of coastal dunes.,2014-07-19,Raphanus raphanistrum L.,TRUE
3820745015,OSC-V-023813,OSC,4436518,"3 miles North of Corvallis, on Highway 99W.",1954-04-18,Raphanus raphanistrum L.,TRUE
3820745010,OSC-V-023828,OSC,4436419,"along the Willamette River behind the Salmon Disease Lab, 34347 Electric Road, just east of Corvallis.",2000-07-02,Raphanus sativus L.,TRUE
3820744000,OSC-V-023834,OSC,4437284,Arago Lighthouse grounds.,1926-07-12,Raphanus sativus L.,TRUE
3820743012,OSC-V-023835,OSC,4437169,along State Hwy. 126; 4.8 miles east of its junction with U.S. Hwy. 101 in Florence.,1995-04-25,Raphanus sativus L.,TRUE
3820743009,OSC-V-023809,OSC,4437114,Golden and Silver Falls State Park; 10 mi. NE of Allegany at end of Co. 48.,1988-08-12,Raphanus raphanistrum L.,TRUE
3820742985,OSC-V-023824,OSC,4436601,1/2 mi. north of Corvallis.,1958-06-25,Raphanus sativus L.,TRUE
3820742967,OSC-V-023825,OSC,4436296,Camp Rilea; southwest of Warrenton; 200 meters north of intersection of Clatsop Avenue and North Oregon Street.,1997-05-20,Raphanus sativus L.,TRUE
3820741964,OSC-V-023801,OSC,4437214,"along State Hwy. 47, one mile south of Carlton.",1977-05-08,Raphanus raphanistrum L.,TRUE
3820741936,OSC-V-023830,OSC,4436657,NE Corvallis,1915-04-19,Raphanus sativus L.,TRUE
3820739930,OSC-V-262818,OSC,4437705,Corvallis; OSU hops farm.,1973-06-18,Raphanus sativus L.,TRUE
3820739903,OSC-V-023840,OSC,4437183,"along the Willamete River behind the Salmon Disease Lab, 34347 N.E. Electric Road, just E. of Corvallis.",2000-07-02,Raphanus sativus L.,TRUE
3820739876,OSC-V-023819,OSC,4436571,W. of Corvallis.,1938-05-14,Raphanus sativus L.,TRUE
3820739865,OSC-V-023804,OSC,4436355,"Goodpasture Island Road, Eugene; along the Willamette River.",1975-05-04,Raphanus raphanistrum L.,TRUE
3820738982,OSC-V-023822,OSC,4437299,just south of Bandon along Mars Lane by its intersection with Rohrer Road.,2014-07-21,Raphanus sativus L.,TRUE
3820738939,OSC-V-023806,OSC,4436353,just south of Bandon at the end of Mars Lane; edge of coastal dunes.,2014-07-19,Raphanus raphanistrum L.,TRUE
3820738935,OSC-V-023814,OSC,4436272,Corvallis,1906-05-02,Raphanus sativus L.,TRUE
3820738012,OSC-V-023826,OSC,4437305,"Hammond, sandy shoreline of the Columbia River at the boat basin.",2006-09-11,Raphanus sativus L.,TRUE
3820737976,OSC-V-023838,OSC,4436586,ca. 9 miles south of Corvallis along Smith Loop Road ca. 0.5 miles north of its junction with Dorr Road.,2008-10-27,Raphanus sativus L.,TRUE
3820736895,OSC-V-023816,OSC,4436433,Charleston; Lighthouse grounds.,1926-07-12,Raphanus sativus L.,TRUE
3820736893,OSC-V-023803,OSC,4436389,"Myrtle Island Research Natural Area, 11.3-ha island in the Umpqua River, at end of Cougar Creek Road, 7.3 km west of Bullock Bridge and OR 138.",1977-04-17,Raphanus raphanistrum L.,TRUE
3820734926,OSC-V-259397,OSC,4185571,Waldport.,2016-08-27,Raphanus sativus L.,TRUE
3820710282,NA,OSC,1111352,Interlaaken (?),1939-08-02,Raphanus sativus L.,TRUE
3820684072,NA,OSC,1054448,Julia Butler Hansen Refuge for Columbian White-tailed Deer; Steamboat Slough; bank of Columbia River just off road.,2008-09-08,Raphanus sativus L.,TRUE
3820632262,NA,OSC,661247,Garibaldi.,1924-07-08,Raphanus raphanistrum L.,TRUE
3820630969,NA,OSC,655397,bar along Willamette R. West Salem.,1943-07-31,Raphanus sativus L.,TRUE
3820629773,NA,OSC,651467,Grants Pass.,1912-04,Raphanus L.,TRUE
3820629448,NA,OSC,645013,Harbor.,1917-07-10,Raphanus sativus L.,TRUE
3820618824,OSC-V-267563,OSC,4519148,Along Old River Road one mile east of its junction with State Hwy. 99W north of Monroe,2020-09-28,Raphanus raphanistrum L.,TRUE
3820616832,OSC-V-267663,OSC,4519009,Along Old River Road one mile east of its junction with State Hwy. 99W north of Monroe,2020-09-28,Raphanus raphanistrum L.,TRUE
3820615962,OSC-V-023817,OSC,4436893,"Corvallis; Jackson-Frazier Wetland, at the end of Lancaster St.; DLC 45, 46.",1995-06-22,Raphanus sativus L.,TRUE
3820615959,OSC-V-023815,OSC,4436839,"N.E. of Corvallis, between Canterbury Street and Frazier Creek.",1978-04-30,Raphanus sativus L.,TRUE
3820615943,OSC-V-023805,OSC,4436541,"Near Willamette River, Eugene.",1934-04-27,Raphanus raphanistrum L.,TRUE
3820615030,OSC-V-023812,OSC,4437339,"Near Marist High School, Goodpasture Island Road, Eugene.",1974-10-15,Raphanus raphanistrum L.,TRUE
3820615022,OSC-V-023829,OSC,4437195,N of Charleston.,1939-06-30,Raphanus sativus L.,TRUE
3820613941,OSC-V-023832,OSC,4436846,"Lower Albina, Portland.",1902-06-25,Raphanus sativus L.,TRUE
3820613931,OSC-V-023833,OSC,4436611,"North bank of Willamette River, Eugene (under Freeway Bridge).",1971-05-14,Raphanus sativus L.,TRUE
3820613922,OSC-V-023831,OSC,4436413,One mile S.W. of Corvallis.,1961-04-14,Raphanus sativus L.,TRUE
3820612925,OSC-V-023818,OSC,4436310,South of Junction City.,1934-05-30,Raphanus sativus L.,TRUE
3820612001,OSC-V-023810,OSC,4436895,"Near logging road of Wildish Construction Co., southeast of Eugene.",1974-06-08,Raphanus raphanistrum L.,TRUE
3820611977,OSC-V-023837,OSC,4436462,ca. 9 miles south of Corvallis along Smith Loop Road ca. 0.5 miles north of its junction with Dorr Road.,2008-10-27,Raphanus sativus L.,TRUE
3820611004,OSC-V-023800,OSC,4437134,2-3 miles north of Drain.,1938-03-18,Raphanus raphanistrum L.,TRUE
3820608975,OSC-V-023802,OSC,4437293,"Myrtle Island Research Natural Area, 11.3-ha island in the Umpqua River, at end of Cougar CreekRoad, 7.3 km west of Bullock Bridge and OR 138.",1977-11-17,Raphanus raphanistrum L.,TRUE
3820608955,OSC-V-023821,OSC,4436942,Bandon.,2006-08-11,Raphanus sativus L.,TRUE
3820608943,OSC-V-023811,OSC,4436726,"Off Seavey Loop, southeast of Eugene; near the Willamette River.",1974-07-06,Raphanus raphanistrum L.,TRUE
3820608929,OSC-V-023827,OSC,4436429,"Hammond, sandy shoreline of the Columbia River at the boat basin.",2006-09-11,Raphanus sativus L.,TRUE
3820607987,OSC-V-023823,OSC,4437352,Just south of Bandon along Mars Lane by its intersection with Rohrer Road.,2014-07-21,Raphanus sativus L.,TRUE
3820607986,OSC-V-023839,OSC,4437334,"along Willamette River behind the Salmon Disease Lab, 34347 N.E. Electric Road, just E. of Corvallis.",2000-07-02,Raphanus sativus L.,TRUE
3820607955,OSC-V-023808,OSC,4436722,east of Cottage Grove.,1955-07-04,Raphanus raphanistrum L.,TRUE
3820606968,OSC-V-023836,OSC,4436926,ca. 9 miles south of Corvallis along Smith Loop Road ca. 0.5 miles north of its junction with Dorr Road.,2008-10-27,Raphanus sativus L.,TRUE
3820601729,OSC-V-257384,OSC,3009696,Butler Wetland.,2017-05-30,Raphanus raphanistrum L.,TRUE
3820527615,NA,OSC,668375,Grants Pass.,1910-04-13,Raphanus sativus L.,TRUE
3820524602,NA,OSC,648282,mouth of Salmon R.,1928-08-10,Raphanus raphanistrum L.,TRUE
3820523935,NA,OSC,654795,Garibaldi.,1947-06-30,Raphanus sativus L.,TRUE
3820523784,NA,OSC,651789,Ashland.,1957-05-29,Raphanus raphanistrum L.,TRUE
3819532305,685176,CAS,685176,"Morrow Drive on Hillcrest Road, San Pablo",1966-07-01,Raphanus sativus L.,TRUE
3819531305,684523,CAS,684523,"Chaparal Community, San Ramon",1982-04-08,Raphanus sativus L.,TRUE
3819530305,685178,CAS,685178,"Los Prados and La Selva, San Mateo.",NA,Raphanus sativus L.,TRUE
3819529306,684524,CAS,684524,"San Pablo Dam Road, San Pablo",1982-04-18,Raphanus sativus L.,TRUE
3819527307,685177,CAS,685177,Byron,1962-05-15,Raphanus sativus L.,TRUE
3819525304,684525,CAS,684525,Crow Canyon Road,1964-04-03,Raphanus sativus L.,TRUE
3819524306,684521,CAS,684521,"Lake Chabot, Castro Valley",1966-08-06,Raphanus sativus L.,TRUE
3819523307,684522,CAS,684522,"Cal State, Hayward",1966-07-01,Raphanus sativus L.,TRUE
3819521307,685181,CAS,685181,Ana Nuevo Pt,1972-08-18,Raphanus sativus L.,TRUE
3819521306,684515,CAS,684515,Niles,1966-07-22,Raphanus sativus L.,TRUE
3819520306,684519,CAS,684519,Oakland,1963-04-30,Raphanus sativus L.,TRUE
3819519307,685183,CAS,685183,"Highway 1, Half Moon Bay",1966-04-23,Raphanus sativus L.,TRUE
3819519306,684517,CAS,684517,Lake Chabot,1967-04-22,Raphanus sativus L.,TRUE
3819515306,684518,CAS,684518,Oakland,1962-04-20,Raphanus sativus L.,TRUE
3819514307,684520,CAS,684520,Castro Valley,1964-04-07,Raphanus sativus L.,TRUE
3819513306,685180,CAS,685180,Ana Nueva State Park,1972-08-18,Raphanus sativus L.,TRUE
3819512308,685182,CAS,685182,Half Moon Bay,1970-05-10,Raphanus sativus L.,TRUE
3819512307,684516,CAS,684516,"Alameda State College Campus, Hayward",1963-04-23,Raphanus sativus L.,TRUE
3808962312,684503,CAS,684503,"Highland Blvd., Hayward",1966-07-20,Raphanus sativus L.,TRUE
3808961312,684504,CAS,684504,"Washington Blvd., Fremont.",1970-05-20,Raphanus sativus L.,TRUE
3808960311,684507,CAS,684507,Coyote Hills Regional Park,1973-05-12,Raphanus sativus L.,TRUE
3808960310,684499,CAS,684499,"Hayward Avenue, Hayward",1963-05-18,Raphanus sativus L.,TRUE
3808959314,684506,CAS,684506,"2 miles south of Pleasanton, California.",1964-05-26,Raphanus sativus L.,TRUE
3808959313,684498,CAS,684498,CBRH Property,1970-04-15,Raphanus sativus L.,TRUE
3808958310,684508,CAS,684508,"1 mile south of Alvarado-Niles Blvd, Fremont",1982-04-16,Raphanus sativus L.,TRUE
3808957312,684505,CAS,684505,"Dollar Ct and Harder Road, Hawyard",1971-05-17,Raphanus sativus L.,TRUE
3808957311,684497,CAS,684497,Walpert Ridge,1969-05-11,Raphanus sativus L.,TRUE
3808956312,684511,CAS,684511,"East Avenue Park, East Avenue, Hayward",1966-04-01,Raphanus sativus L.,TRUE
3808954310,684510,CAS,684510,"Castro Valley, 5 miles from Cal State College",1966-04-27,Raphanus sativus L.,TRUE
3808953311,684509,CAS,684509,"1/2 mile south of California State University, Hayward",1975-04-08,Raphanus sativus L.,TRUE
3808952311,684501,CAS,684501,"Grizzly Peak Blvd., Berkeley",1964-05-17,Raphanus sativus L.,TRUE
3808949312,684502,CAS,684502,Hayward,1962-05-06,Raphanus sativus L.,TRUE
3808948311,684512,CAS,684512,"Cal State campus, Hayward",NA,Raphanus sativus L.,TRUE
3808946313,684513,CAS,684513,"A street, Hayward.  Evelation near sea level.",1966-06-30,Raphanus sativus L.,TRUE
3808944314,684514,CAS,684514,"Tennyson Road, Hayward",1964-05-18,Raphanus sativus L.,TRUE
3807951306,684483,CAS,684483,.8 miles north of Santa Cruz city,1973-06-16,Raphanus raphanistrum L.,TRUE
3807949307,684485,CAS,684485,end of Niles off highway 84,1969-05-17,Raphanus raphanistrum L.,TRUE
3807947308,684495,CAS,684495,Highway 41 hillside,1974-05-10,Raphanus sativus L.,TRUE
3807946306,684482,CAS,684482,Loma Linda; San Bernardino Valley.,1952-04-22,Raphanus raphanistrum L.,TRUE
3807944307,684484,CAS,684484,Hayward campus site,1963-04-15,Raphanus raphanistrum L.,TRUE
3807943306,684481,CAS,684481,Marshall Petaluma,1969-07-13,Raphanus raphanistrum L.,TRUE
3807942309,684494,CAS,684494,Clements,1962-05-05,Raphanus sativus L.,TRUE
3807941306,684488,CAS,684488,San Pedro,1962-04-18,Raphanus sativus L.,TRUE
3807940304,684487,CAS,684487,"McKinleyville, near Redwood Forest",NA,Raphanus sativus L.,TRUE
3807938306,684490,CAS,684490,Olema Marsh,1970-04-19,Raphanus sativus L.,TRUE
3807937306,684491,CAS,684491,"Escondido, Mt. Isreal Road",1965-03-16,Raphanus sativus L.,TRUE
3807936308,684492,CAS,684492,"Holt, California",1962-04-08,Raphanus sativus L.,TRUE
3807935308,684493,CAS,684493,Stockton,1962-04-27,Raphanus sativus L.,TRUE
3807934306,684489,CAS,684489,Stinson Beach,1970-04-12,Raphanus sativus L.,TRUE
3807933304,684486,CAS,684486,"27797 Mandarin Avenue, Hayward",1966-07-23,Raphanus raphanistrum L.,TRUE
3799648307,SBBG244185,SBBG,5365196,"Point Mugu Naval Air Station: northwest corner of the base in a low channel adjacent to road, at southeast intersection of Perimeter Road and National Guard taxiway.",2022-02-18,Raphanus sativus L.,TRUE
3799498156,LA00629274,LA,5371810,"Santa Monica Mountains; University of California, Los Angeles; Sage Hill next to hitch driveway",2022-04-15,Raphanus sativus L.,TRUE
3798094179,179280,CS,27205196,"Rocky coast above tide level, Crescent City.",1969-08-28,Raphanus sativus L.,TRUE
3798094148,179279,CS,27205195,Weedy lot in Roseville.,1989-05-21,Raphanus sativus L.,TRUE
3798094147,179278,CS,27205194,"Rocky coast above tide level, Crescent City",1969-08-28,Raphanus sativus L.,TRUE
3798074555,186752,CS,27212434,0.5 mi N of Borrego Springs.,1976,Raphanus sativus L.,TRUE
3798074545,186753,CS,27212435,"Oak Glen Road, NE of Yucaipa, 1.5 mi from Bryant Street.",1985-04-28,Raphanus sativus L.,TRUE
3766309290,NA,AUA,29297847,"COFFEE COUNTY HWY. 21, .4 MILE SOUTH OF THE PIKE COUNTY LINE.",1989-12-13,Raphanus raphanistrum L.,TRUE
3766309289,NA,AUA,29297845,"CONECUH COUNTY HWY. 29, 6 MILES SOUTH OF EVERGREEN.",1986-03-24,Raphanus raphanistrum L.,TRUE
3766309286,NA,AUA,29297846,"ALABAMA HWY. 106, .6 MILE EAST OF THE BUTLER COUNTY LINE.",1985-11-09,Raphanus raphanistrum L.,TRUE
3766309285,NA,AUA,29297848,"CRENSHAW COUNTY HWY. 57, 2.4 MILES N OF CRENSHAW COUNTY HWY. 6 AT A SMALL CREEK.",1987-04-17,Raphanus raphanistrum L.,TRUE
3766309284,NA,AUA,29297849,"ALABAMA HWY. 59, .7 MILE SOUTH OF LOXLEY.",1987-03-22,Raphanus raphanistrum L.,TRUE
3766309277,NA,AUA,29297840,unspecified,1949-05-17,Raphanus raphanistrum L.,TRUE
3766309275,NA,AUA,29297843,SWEET WILLIAN LANE SOUTHWEST OF ALABAMA HWY. 143.,2004-04-15,Raphanus raphanistrum L.,TRUE
3766309273,NA,AUA,29297844,"OZARK. ALABAMA HWY. 27, CA. 0.8 MILE NORTH OF U.S. HWY. 231.",2005-02-22,Raphanus raphanistrum L.,TRUE
3766309270,AUA000032946,AUA,29297841,"SILVER BLUFF AUDUBON CENTER AND SANCTUARY, KATHWOODLAKES/ OFF BERM ROAD.",2008-10-05,Raphanus raphanistrum L.,TRUE
3766309269,NA,AUA,29297842,PRICE ROAD AT THE GENEVA COUNTY LINE.,2004-01-02,Raphanus raphanistrum L.,TRUE
3766309268,NA,AUA,29297836,WHATLEY'S FARM; 7 1/4 MILES EAST OF AUBURN OFF OLD COLUMBUS HWY.,1969-04-11,Raphanus raphanistrum L.,TRUE
3766309267,NA,AUA,29297837,NEAR PEPPERELL,1956-02-14,Raphanus raphanistrum L.,TRUE
3766309266,NA,AUA,29297834,unspecified,1963-05-02,Raphanus raphanistrum L.,TRUE
3766309265,NA,AUA,29297835,4.5 MILES SSW OF ST. PAULS ALONG CO. 1765.,1965-05-23,Raphanus raphanistrum L.,TRUE
3766309264,NA,AUA,29297838,unspecified,1964-04-14,Raphanus raphanistrum L.,TRUE
3766309263,NA,AUA,29297839,IN UPLAND FOOD PLOT IN FRONT FIELD ON CAMPHOUSE RD. NEAR CAMPHOUSE; WATERSHED OF TOMBIGBEE RIVER IN JAMES RIVER CORP. NA,1995-03-04,Raphanus raphanistrum L.,TRUE
3766309255,NA,AUA,29297833,"DAYMON ROAD NEAR RAILROAD, NORTHAMPTON",1979-07-05,Raphanus raphanistrum L.,TRUE
3766309247,NA,AUA,29297869,EUFAULA WILDLIFE REFUGE OFF U.S. HIGHWAY 431. EUFAULA.,1980-11-20,Raphanus raphanistrum L.,TRUE
3766309245,NA,AUA,29297867,"SOLON DIXON FORESTRY EDUCATION CENTER, AT FOOD PLOT ON THE WAY TO BOG AREA SOUTH OF US 29.",2008-02-29,Raphanus raphanistrum L.,TRUE
3766309241,NA,AUA,29297868,"SOLON DIXON FORESTRY EDUCATION CENTER, AT FOOD PLOT ON THE WAY TO BOG AREA SOUTH OF US 29.",2008-02-29,Raphanus raphanistrum L.,TRUE
3766309237,NA,AUA,29297861,ALONG ALABAMA RIVER. AT END OF PAVED PORTION OF COUNTY ROAD 29.,1984-04-12,Raphanus raphanistrum L.,TRUE
3766309234,NA,AUA,29297862,"EUFAULA NATIONAL WILDLIFE REFUGE, 1.9MI SE OF INTERSTATE HWY 165, AND 0.4MI NE OF U.S. HWY 431.",2001-10-23,Raphanus raphanistrum L.,TRUE
3766309233,NA,AUA,29297860,5.03 AIR MI. SE OF MYRTLEWOOD. ALONG E SIDE OF CO. RD. 75 APPROX. 2.37 NE OF JCT. WITH CO RD. 17.,2013-01-19,Raphanus raphanistrum L.,TRUE
3766309232,AUA000038050,AUA,29297866,"SOLON DIXON FORESTRY EDUCATION CENTER, AT INTERSECTION OF US HWY 29 AND ROME RD, ON SW CORNER NEAR HUNTING LODGE. CA 1.6 MI E OF MAIN ENTRANCE ROAD TO THE SDFEC ON US HWY 29 (ROME ROAD 3).",2012-05-03,Raphanus raphanistrum L.,TRUE
3766309231,NA,AUA,29297865,4.0 MI. NORTH OF DOTHAN ON ROAD TO MIDLAND CITY (VICINITY OF NAPIER FIELD).,1971-05-08,Raphanus raphanistrum L.,TRUE
3766309230,NA,AUA,29297858,INTERSECTION OF INTERSTATE HWY. 10 AND FLORIDA HWY. 69.ON THE NORTH SIDE OF THE INTERSTATE AND ON THE EAST SIDE OF FLORI,1988-03-21,Raphanus raphanistrum L.,TRUE
3766309227,NA,AUA,29297863,"EUFAULA NATIONAL WILDLIFE REFUGE, 1.9 MI SE OF STATE HWY. 165, AND 0.4 NE OF U.S. HWY 431.",2001-10-23,Raphanus raphanistrum L.,TRUE
3766309225,NA,AUA,29297857,DALE COUNTY HWY. 66 AT COFFEE COUNTY HWY. 66/ COUNTY LINE.,1989-07-23,Raphanus raphanistrum L.,TRUE
3766309223,NA,AUA,29297859,WEED IN PECAN ORCHARD WSW OF VALDOSTA.,1953-03-01,Raphanus raphanistrum L.,TRUE
3766309221,NA,AUA,29297856,HONEYSUCKLE ROAD AT HONEYSUCKLE MIDDLE SCHOOL DOTHAN.,1989-02-09,Raphanus raphanistrum L.,TRUE
3766309205,NA,AUA,29297854,NORTH SIDE OF ELMORE COUNTY HWY. 4.,1990-12-21,Raphanus raphanistrum L.,TRUE
3766309203,NA,AUA,29297850,U.S. HWY. 84 AT LIGHTWOOD KNOT CREEK ON THE EAST SIDE OF BABBIE.,1988-03-18,Raphanus raphanistrum L.,TRUE
3766309202,NA,AUA,29297851,INTERSECTION OF ALABAMA HWY. 27 AND UN-NUMBERED DIRT ROAD SOUTH. FORT RUCKER.,1992-05-24,Raphanus raphanistrum L.,TRUE
3766309200,NA,AUA,29297855,BUTLER COUNTY HWY. 8 JUST EAST OF PERSIMMON CREEK.,1988-04-03,Raphanus raphanistrum L.,TRUE
3766309199,NA,AUA,29297852,UNNUMBERED COUNTY ROAD OFF OF PIKE CO. HWY. 5 JUST EAST OF PATSALIGA CREEK AND THE CRENSHAW COUNTY LINE.,1988-05-03,Raphanus raphanistrum L.,TRUE
3766309198,NA,AUA,29297853,"CRENSHAW COUNTY HWY. 57, .1 MILE SOUTH OF CRENSHAW COUNTY HWY. 6.",1988-04-22,Raphanus raphanistrum L.,TRUE
3766309173,NA,AUA,29297880,"WEED IN COTTON FIELD OFF CR-71 NEAR PLANO, WEST OF CENTRE.",2005-03-27,Raphanus raphanistrum L.,TRUE
3766309170,NA,AUA,29297883,ON RICHLAND PLANTATION SOUTH OF LA. 15 AND TWO MILES WEST OF RHYMES.,1988-02-16,Raphanus raphanistrum L.,TRUE
3766309167,NA,AUA,29297881,REELTOWN CITY LIMITS ON ALA. 49.,1971-04-07,Raphanus raphanistrum L.,TRUE
3766309166,NA,AUA,29297884,ROADBANK OF I-220 AT AIRLINE DRIVE (BOSSIER 3105) NORTH OF BOSSIER CITY.,1983-03-10,Raphanus raphanistrum L.,TRUE
3766309164,NA,AUA,29297887,0.5MI SW OF INTERSECTION OF HWY 65 AND STANFORD RANCH RD.,1998-05-09,Raphanus sativus L.,TRUE
3766309163,NA,AUA,29297882,ROADSIDE; 2 MILE WEST OF LOWNDESBORO ON US 80.,1971-04-04,Raphanus raphanistrum L.,TRUE
3766309161,NA,AUA,29297885,"EUFAULA NATIONAL WILDLIFE REFUGE, CA. 2 MILES FROM REFUGE HEADQUARTERS ON AUTO TRAIL.",1983-08-09,Raphanus raphanistrum L.,TRUE
3766309160,NA,AUA,29297888,"2811 FREDRECK ROAD, OPELIKA",1970-05-21,Raphanus sativus L.,TRUE
3766309155,NA,AUA,29297886,"N OF AUBURN ON LEE CO. 54, 1.1 MI. W OF INTERSECTION OF LEE CO. 54 AND LEE CO. 11.",1989-03-26,Raphanus raphanistrum L.,TRUE
3766309154,NA,AUA,29297878,AUBURN UNIVERSITY.,1970-05-24,Raphanus raphanistrum L.,TRUE
3766309151,NA,AUA,29297879,ALONG RAILROAD TRACKS. APPROX. 5 MILES NW OF LINEVILLE.,1976-05-04,Raphanus raphanistrum L.,TRUE
3766309136,NA,AUA,29297873,"AL 123, CA 8 MI NE OF GENEVA.",1999-05-13,Raphanus raphanistrum L.,TRUE
3766309133,NA,AUA,29297870,NEAR HEADLAND,1960-04-02,Raphanus raphanistrum L.,TRUE
3766309130,NA,AUA,29297872,FIELD AT THE INTERSECTION OF ALA. HWY. 267 AND WIRE ROAD.,1971-11-13,Raphanus raphanistrum L.,TRUE
3766309129,NA,AUA,29297871,SMALL GRAINS,1960-03-16,Raphanus raphanistrum L.,TRUE
3766309128,NA,AUA,29297876,AUBURN,1922-04-15,Raphanus raphanistrum L.,TRUE
3766309125,NA,AUA,29297874,HARPERSVILLE.,1973-04-16,Raphanus raphanistrum L.,TRUE
3766309124,NA,AUA,29297877,2 MILES NORTH OF FRANKLIN - TUSKEGEE EXIT ON I-85.,1969-08-06,Raphanus raphanistrum L.,TRUE
3766309123,NA,AUA,29297875,BELLE MINA,1982-05-25,Raphanus raphanistrum L.,TRUE
3749287346,barcode-01583300,NEBC,NA,Wachusett Reservation,2020-09-24,Raphanus raphanistrum L.,TRUE
3746436858,CHRB0099629,CHRB,29266139,Pomona College,1961-03-12,Raphanus raphanistrum L.,TRUE
3744714087,UNA00060832,UNA,29201167,"Just N of Old Taylor Rd on E side of South Lamar, Oxford",2003-03,Raphanus sativus L.,TRUE
3744713808,UNA00060631,UNA,16817287,Troy; along railroad tracks north of square; Troy quad,2003-03-20,Raphanus raphanistrum L.,TRUE
3744713805,UNA00012777,UNA,16817288,"Narvaez St, 2 blocks N of Bienville Blvd., Dauphin Island",1967-04-30,Raphanus sativus L.,TRUE
3744713803,UNA00012773,UNA,16817289,"Narvaez St., N of Bienville Blvd., Dauphin Island",1967-03-26,Raphanus sativus L.,TRUE
3744713800,UNA00048825,UNA,16817281,vicinity of Grimes; Roadside of county Rd. 25 or Denton Rd. at 0.3 miles north of Houston County line,1992-05-19,Raphanus raphanistrum L.,TRUE
3744713798,UNA00064409,UNA,16817282,air mi of Ozark.,2005-02-22,Raphanus raphanistrum L.,TRUE
3744713792,UNA00057609,UNA,16817280,"US Hwy 84 at railroad in River Falls, S of the road, W of tracks T4N R15E S3",2002-02-02,Raphanus raphanistrum L.,TRUE
3744713790,UNA00012784,UNA,16817285,"strip mine below Whitesburg bridge, Tennessee River S. of Huntsville, T.5.S. R.1.E. S Sec. 30",1980-05-28,Raphanus raphanistrum L.,TRUE
3744713788,UNA00012786,UNA,16817286,"Hwy 25, 6 mi S of Faunsdale T16N, R5E, Sec 6",1980-11-02,Raphanus raphanistrum L.,TRUE
3744713784,UNA00064394,UNA,16817283,AL 123 at intersection w/ Co Hwy 55. Pinckard Quad,2005-01-01,Raphanus raphanistrum L.,TRUE
3744713780,UNA00027101,UNA,16817284,N edge of Atmore; 1 mi. N jct. U. S. 31 and State Route 21,1988-03-13,Raphanus raphanistrum L.,TRUE
3744713765,UNA00022124,UNA,16817279,vicinity of the City of Opportunity T5NR20ES13,1993-03-28,Raphanus raphanistrum L.,TRUE
3744713762,UNA00066611,UNA,16817277,McKenzie. Alabama Hwy. 55 along the railroad tracks.,2006-12-25,Raphanus raphanistrum L.,TRUE
3744713760,UNA00065660,UNA,16817278,field off CR- 71 near Plano west of Centre. Coosa Valley district of the Ridge & Valley province.,2005-03-27,Raphanus raphanistrum L.,TRUE
3744713758,UNA00054250,UNA,16817276,5 air mi SW of Allgood.,1999-03-27,Raphanus raphanistrum L.,TRUE
3744713750,UNA00066056,UNA,16817275,"Eufaula, Al.",1979-03-31,Raphanus raphanistrum L.,TRUE
3744712413,UNA00012771,UNA,16817290,On S.E. rim of Bryces [Hospital] in Tuscaloosa,1962-04-10,Raphanus sativus L.,TRUE
3744690045,UNA00066465,UNA,29204805,I-220 at Airline Drive ( Bossier 3105) north of Bossier City T18N R13W S11,1983-03-10,Raphanus raphanistrum L.,TRUE
3710072566,GA271785,GA,23900774,Lovejoy,2019-03-15,Raphanus raphanistrum L.,TRUE
3710068555,GA271786,GA,23900767,Lovejoy,2019-03-15,Raphanus raphanistrum L.,TRUE
3710063875,GA270531,GA,22848851,"Lee County, AL",NA,Raphanus raphanistrum L.,TRUE
3710044656,GA152702,GA,21414984,"Lane County, OR",NA,Raphanus raphanistrum L.,TRUE
3710043814,GA152694,GA,21417674,"Hancock County, ME",NA,Raphanus raphanistrum L.,TRUE
3710040784,GA152699,GA,21417239,"Los Angeles County, CA",NA,Raphanus raphanistrum L.,TRUE
3710038468,GA152697,GA,21411441,"New London County, CT",NA,Raphanus raphanistrum L.,TRUE
3710022822,GA152693,GA,19874382,"Bossier Parish, LA",NA,Raphanus raphanistrum L.,TRUE
3710019345,GA152706,GA,19865130,"Northampton County, VA",NA,Raphanus raphanistrum L.,TRUE
3709997118,GA152688,GA,16264105,"Harnett County, NC",NA,Raphanus raphanistrum L.,TRUE
3709996871,GA152691,GA,16259183,"Baldwin County, AL",NA,Raphanus raphanistrum L.,TRUE
3709991795,GA152687,GA,16257478,"Alachua County, FL",NA,Raphanus raphanistrum L.,TRUE
3709986744,GA253590,GA,11540026,Andersonville National Historic Site: cleared area on w side of GA-49 at entrance gate (service road) to park property to Boy Scout/CCC Camp.,2014-04-17,Raphanus sativus L.,TRUE
3709980575,GA034574,GA,9546631,"Morgan County, GA",1979-06-03,Raphanus raphanistrum L.,TRUE
3709980511,GA034594,GA,9545344,"Lee County, GA",1993-11-09,Raphanus raphanistrum L.,TRUE
3709974227,GA034592,GA,9540226,"Randolph County, GA",1981-05-08,Raphanus raphanistrum L.,TRUE
3709973647,GA034669,GA,9528392,"Burke County, GA",2003-03-16,Raphanus raphanistrum L.,TRUE
3709970831,GA034587,GA,9531510,"Cobb County, GA",1942-04-19,Raphanus raphanistrum L.,TRUE
3709969285,GA034585,GA,9541545,"Hart County, GA",1976-04-03,Raphanus raphanistrum L.,TRUE
3709968337,GA034578,GA,9522023,"Cobb County, GA",2006-04-28,Raphanus raphanistrum L.,TRUE
3709966530,GA034591,GA,9505551,"Wheeler County, GA",1974-11-02,Raphanus raphanistrum L.,TRUE
3709965933,GA034600,GA,9513814,"Chatham County, GA",1998-04-09,Raphanus raphanistrum L.,TRUE
3709964797,GA034573,GA,9511337,"Oconee County, GA",1975-03-30,Raphanus raphanistrum L.,TRUE
3709959759,GA161155,GA,9509793,Private Property,2010-04-14,Raphanus raphanistrum L.,TRUE
3709955521,GA034589,GA,9484565,"Dougherty County, GA",1947-03-27,Raphanus raphanistrum L.,TRUE
3709955281,GA084596,GA,9500726,"Lee County, GA",1976-03-11,Raphanus raphanistrum L.,TRUE
3709954525,GA034595,GA,9484978,"Baker County, GA",1993-01-13,Raphanus raphanistrum L.,TRUE
3709954151,GA084145,GA,9497847,"Putnam County, GA",2011-04-09,Raphanus raphanistrum L.,TRUE
3709950283,GA084593,GA,9500044,"Lee County, GA",1976-03-11,Raphanus sativus L.,TRUE
3709949691,GA034604,GA,9488139,"Sumter County, GA",1977-04-08,Raphanus sativus L.,TRUE
3709947057,GA034601,GA,9475079,"Dougherty County, GA",1949-03-26,Raphanus sativus L.,TRUE
3709947045,GA034597,GA,9474863,"Grady County, GA",1964-04-04,Raphanus raphanistrum L.,TRUE
3709938058,GA034579,GA,9475001,"Toombs County, GA",1976-05-09,Raphanus raphanistrum L.,TRUE
3709938018,GA034576,GA,9474246,"Meriwether County, GA",1972-05-16,Raphanus raphanistrum L.,TRUE
3709938001,GA160280,GA,9473850,Private Property,2009-03-02,Raphanus raphanistrum L.,TRUE
3709935706,GA264633,GA,24007645,Monroe,2018-03-31,Raphanus raphanistrum L.,TRUE
3709930518,GA271784,GA,23900579,Lovejoy,2019-03-15,Raphanus raphanistrum L.,TRUE
3709920254,GA271053,GA,23894395,"Coos County, OR",NA,Raphanus L.,TRUE
3709906690,GA152695,GA,21415830,"Dukes County, MA",NA,Raphanus raphanistrum L.,TRUE
3709901927,GA152708,GA,21420660,"Benton County, OR",NA,Raphanus sativus L.,TRUE
3709897885,GA152696,GA,21418991,"Rockingham County, NH",NA,Raphanus raphanistrum L.,TRUE
3709880699,GA152698,GA,19872666,"Ouachita Parish, LA",NA,Raphanus raphanistrum L.,TRUE
3709859346,GA152689,GA,16268721,"Leon County, FL",NA,Raphanus raphanistrum L.,TRUE
3709855196,GA152692,GA,16265200,"Escambia County, AL",NA,Raphanus raphanistrum L.,TRUE
3709852246,GA152683,GA,16266956,"Geneva County, AL",NA,Raphanus raphanistrum L.,TRUE
3709852018,GA152684,GA,16262329,"Lee County, AL",NA,Raphanus raphanistrum L.,TRUE
3709849798,GA152690,GA,16257453,"Mobile County, AL",NA,Raphanus raphanistrum L.,TRUE
3709848955,GA152685,GA,16260994,"Geneva County, AL",NA,Raphanus raphanistrum L.,TRUE
3709848146,GA152686,GA,16264349,"Brunswick County, NC",NA,Raphanus raphanistrum L.,TRUE
3709845930,GA034593,GA,13759597,Stone Mountain Park,1996-10-02,Raphanus raphanistrum L.,TRUE
3709843422,GA034577,GA,9543460,"Baker County, GA",2009-03-12,Raphanus raphanistrum L.,TRUE
3709842311,GA034572,GA,9541442,"Lowndes County, GA",1953-03-01,Raphanus raphanistrum L.,TRUE
3709838781,GA253589,GA,11540268,Andersonville National Historic Site: cleared area on w side of GA-49 at entrance gate (service road) to park property to Boy Scout/CCC Camp.,2014-04-17,Raphanus raphanistrum L.,TRUE
3709836798,GA034581,GA,9531593,"Liberty County, GA",1992-07-02,Raphanus raphanistrum L.,TRUE
3709834717,GA034590,GA,9528805,"Walker County, GA",1951-05-20,Raphanus raphanistrum L.,TRUE
3709833078,GA034696,GA,9536628,"Grady County, GA",1964-04-04,Raphanus raphanistrum L.,TRUE
3709831990,GA086578,GA,9534924,"Emanuel County, GA",2012-04-17,Raphanus raphanistrum L.,TRUE
3709829053,GA034602,GA,9535477,"Peach County, GA",1992-03-15,Raphanus sativus L.,TRUE
3709828610,GA034582,GA,9526314,"Peach County, GA",1992-03-15,Raphanus raphanistrum L.,TRUE
3709828080,GA034603,GA,9537369,"Bulloch County, GA",1964-04-22,Raphanus sativus L.,TRUE
3709826565,GA034588,GA,9506014,"Turner County, GA",1969-05-06,Raphanus raphanistrum L.,TRUE
3709818495,GA034583,GA,9504251,"Houston County, GA",1991-04-01,Raphanus raphanistrum L.,TRUE
3709816274,GA034586,GA,9499695,"Floyd County, GA",1998-03-28,Raphanus raphanistrum L.,TRUE
3709815288,GA034580,GA,9499600,"Baker County, GA",1993-01-13,Raphanus raphanistrum L.,TRUE
3709810723,GA034584,GA,9488584,"Cobb County, GA",2007-05-02,Raphanus raphanistrum L.,TRUE
3709810403,GA034599,GA,9481923,"Oconee County, GA",2003-03-27,Raphanus raphanistrum L.,TRUE
3709808233,GA161120,GA,9498710,Oaky Woods WMA,2010-03-28,Raphanus raphanistrum L.,TRUE
3709804850,GA034598,GA,9470571,"Clarke County, GA",2000-10-19,Raphanus raphanistrum L.,TRUE
3709802116,GA034596,GA,9476132,"Walton County, GA",1992-04-06,Raphanus raphanistrum L.,TRUE
3709798675,GA034575,GA,9467246,"Bulloch County, GA",1966-04-06,Raphanus raphanistrum L.,TRUE
3707766885,MMNS037882,MMNS,25330537,"Mayhaw WMA, Willoughby Tract, E of Springhead Rd., along wind row in long field.",2013-03-21,Raphanus raphanistrum L.,TRUE
3707761799,MMNS029925,MMNS,6370221,"North of Columbus-Purvis Rd, near Marion Co WMA.",2008-06-11,Raphanus raphanistrum L.,TRUE
3707759383,MMNS010531,MMNS,6350979,"roadside of US Hwy. 45 at 1.5 mi N of Lowndes Co. line, area of hwy. construction",1994-04-26,Raphanus raphanistrum L.,TRUE
3707753422,MMNS078283,MMNS,28088237,"Clanton, off SR-145 at junction of 2nd Street. North",2008-04-13,Raphanus raphanistrum L.,TRUE
3707751327,MMNS016496,MMNS,6356936,"Hwy 84 E of Brookhaven, about 9 miles E of the jct of Hwy 84 and Hwy 51.",2006-03-21,Raphanus raphanistrum L.,TRUE
3707751201,MMNS035925,MMNS,13285030,Tributary of Wolf Creek on CR. west of Blackland,2012-03-07,Raphanus raphanistrum L.,TRUE
3707746238,MMNS035795,MMNS,13241378,Small stream along Old Hwy 45 to Clarkco State Park entrance,2012-03-28,Raphanus raphanistrum L.,TRUE
3707739816,MMNS012899,MMNS,6353344,"Mathiston, US Hwy. 82 on new section opened for 4-lane, plants scattered along whole section from just E of junction of Hwy. 82 with Hwy. 15 and all the way W to the junction of Hwy. 82 with the Natchez Trace Parkway",1996-11-12,Raphanus raphanistrum L.,TRUE
3707739538,MMNS012906,MMNS,6353351,"Mathiston, US Hwy. 82 on new section opened for 4-lane, plants scattered along whole section opened from just E of junction of Hwy. 82 with Hwy. 15 and all the way W to the junction of Hwy. 82 with the Natchez Trace Parkway",1996-11-12,Raphanus sativus L.,TRUE
3707732307,MMNS022439,MMNS,6362766,"Chunky River, large sandbar/island in middle of river",2004-05-14,Raphanus raphanistrum L.,TRUE
3707726997,MMNS028526,MMNS,6368834,Ca 1 mi SE of Decatur along Chapel Hill Rd.;,2007-03-04,Raphanus raphanistrum L.,TRUE
3707724321,MMNS003665,MMNS,6344149,1.5 mi N of Sandersville.,1978-04-15,Raphanus raphanistrum L.,TRUE
3707721776,MMNS033422,MMNS,6373707,"SE of Poplarville; 4.3 mi SE jct of Hwys I-59 and MS 53; N of Hwy MS 53, TSA research area, pastures and wooded area around pastures, sandy to silty loam soil",2000-08-23,Raphanus raphanistrum L.,TRUE
3707721439,MMNS033335,MMNS,6373620,"SE of Poplarville; 4.3 mi SE jct of Hwys I-59 and MS 53; N of Hwy MS 53, TSA Research area, pasture and wooded areas around pastures, sandy to silty loam soil",2000-08-23,Raphanus raphanistrum L.,TRUE
3707721049,MMNS033075,MMNS,6373364,"San Diego, S of San Diego River, between Fashion Valley Rd and I-163, behind Town and Country Resort and Convention Center at 500 Hotel Circle North.",1999-02-10,Raphanus sativus L.,TRUE
3707720312,MMNS032849,MMNS,6373139,"SE of Poplarville; 4.3 mi SE of jct of Hwys I-59 and MS 53; N of Hwy MS 53, TSA research area.",2001-04-10,Raphanus raphanistrum L.,TRUE
3695177067,UAM010150,UAM,21267463,"Birmingham, E of metropolitan area. ""The Rise"" stables.",2004-04-24,Raphanus raphanistrum L.,TRUE
3695177026,UAM010152,UAM,21267470,Gulf Coast. 10 mi W of Yankeetown.,2001-04-03,Raphanus raphanistrum L.,TRUE
3503203431,IRVC101208,IRVC,2960496,"L.5 miles north of Sage, Hwy. 79",1965-04-30,Raphanus sativus L.,TRUE
3503203428,IRVC101207,IRVC,2960497,Santa Ynez.,1965-04-11,Raphanus sativus L.,TRUE
3503203427,IRVC101206,IRVC,2960498,"Area between southern beach and eastern finger of lagoon on campus of University of California at Santa Barbara, Goleta.",1964-03-07,Raphanus sativus L.,TRUE
3503203425,IRVC101205,IRVC,2960499,open fields one half mile west of Stanford shopping center,1962-04-10,Raphanus sativus L.,TRUE
3503203420,IRVC101162,IRVC,2960494,Spruce and Palisades,1965-04-10,Raphanus raphanistrum L.,TRUE
3503203417,IRVC101209,IRVC,2960495,Ortega Highway,1965-04-20,Raphanus sativus L.,TRUE
3503202681,IRVC101170,IRVC,2960570,1/4 mi east of Dunes Beach,1962-04-15,Raphanus sativus L.,TRUE
3503202678,IRVC101168,IRVC,2960568,1/4 mi east of Dunes Beach,1962-04-15,Raphanus sativus L.,TRUE
3503202677,IRVC101167,IRVC,2960569,1/4 mi east of Dunes Beach,1962-04-15,Raphanus sativus L.,TRUE
3503202672,IRVC101192,IRVC,2960502,Ortega Highway,1965-04-24,Raphanus sativus L.,TRUE
3503202669,IRVC101199,IRVC,2960501,"Costa Mesa, 17th St. and Irvine",1965-03-20,Raphanus sativus L.,TRUE
3503202666,IRVC101204,IRVC,2960500,"Rancho Matilija, 5 mi W of Ojai.",1978-07-29,Raphanus sativus L.,TRUE
3503202664,IRVC101190,IRVC,2960503,Newport Beach,1965-05-15,Raphanus sativus L.,TRUE
3503199475,IRVC122586,IRVC,632599,"U.C. Irvine: Ecological Preserve, below Hill 1, road along fence",1981-03-20,Raphanus sativus L.,TRUE
3503198881,IRVC101202,IRVC,632655,"U. C. Irvine: Ecological Preserve, NE area, E of trailer Park.",1981-05-01,Raphanus sativus L.,TRUE
3503197989,IRVC101203,IRVC,632879,Fullerton; Hillcrest Park,1983-02-12,Raphanus sativus L.,TRUE
3503197320,IRVC101165,IRVC,632993,"Santiago Canyon Road between Silverado and Modjeska Canyons, Santa Ana Mts.",1975-02-17,Raphanus raphanistrum L.,TRUE
3503197309,IRVC101219,IRVC,632988,"Santiago Canyon Road, Santiago Canyon, between Silverado and Modjeska Canyons, Santa Ana Mountains",1975-02-17,Raphanus raphanistrum L.,TRUE
3503197307,IRVC101166,IRVC,632989,"Santiago Canyon Road between Silverado and Modjeska Canyons, Santa Ana Mts.",1975-02-17,Raphanus raphanistrum L.,TRUE
3503197297,IRVC101217,IRVC,632984,"Santiago Canyon, Santa Ana Mts., along Santiago Canyon Road between Silverado Canyon and Modjeska Canyon.",1975-02-17,Raphanus raphanistrum L.,TRUE
3503197295,IRVC101218,IRVC,632985,"Santiago Canyon Road between Silverado and Modjeska Canyons, Santa Ana Mts.",1975-02-17,Raphanus raphanistrum L.,TRUE
3503196142,IRVC101159,IRVC,634125,"Laguna Beach: Temple Hill, rim of Park Canyon, Temple Hills Drive, 2.4km NNE Cactus Point",1988-01-11,Raphanus raphanistrum L.,TRUE
3503194740,IRVC101164,IRVC,634491,"SE side of Otay Mountain, Marron Valley, along Cottonwood Creek ca. 1.0km N of the Mexican border.",2003-05-03,Raphanus raphanistrum L.,TRUE
3503193963,IRVC122383,IRVC,632033,San Joaquin Marsh: extreme NW corner near Campus Drive extension,1970-05-22,Raphanus sativus L.,TRUE
3503189721,IRVC100801,IRVC,2890849,Open fields one-half mile west of Stanford Shopping Center.,1962-04-10,Raphanus sativus L.,TRUE
3503187234,IRVC101210,IRVC,630761,Carlsbad; Ponto; along Pacific Coast Highway 1; 0.8km N of Batiquitos Lagoon.,2004-12-20,Raphanus sativus L.,TRUE
3503181958,IRVC101189,IRVC,631789,Corona Del Mar,1965-04-10,Raphanus sativus L.,TRUE
3503181944,IRVC101191,IRVC,631791,"Corona del Mar, Irvine Terrace",1965-02-20,Raphanus sativus L.,TRUE
3503181942,IRVC101175,IRVC,631790,"Corona Del Mar, 339 Milford Dr. (In canyon)",1965-04-10,Raphanus sativus L.,TRUE
3503181939,IRVC101172,IRVC,631786,"Costa Mesa, Delmar and Fairview Dr.",1965-04-28,Raphanus sativus L.,TRUE
3503181937,IRVC101171,IRVC,631785,"Corona Del Mar, Lincoln Jr. Highschool",1965-04-03,Raphanus sativus L.,TRUE
3503181935,IRVC101195,IRVC,631787,"Trabuco road, 3 miles east of el toro marine base",1965-03-27,Raphanus sativus L.,TRUE
3503181928,IRVC101181,IRVC,631778,"Santa Ana Heights, 2431 Mesa Drive",1965-04-10,Raphanus sativus L.,TRUE
3503181924,IRVC101194,IRVC,631771,Newport Beach,1965-04-13,Raphanus sativus L.,TRUE
3503181923,IRVC101200,IRVC,631782,Pacific Coast highway between Laguna and San Clemente,1965-03-21,Raphanus sativus L.,TRUE
3503181918,IRVC101180,IRVC,631783,"Newport Beach, Back Bay",1965-04-07,Raphanus sativus L.,TRUE
3503181916,IRVC101197,IRVC,631784,"Corona Del Mar, Lincoln Jr. High-school",1965-04-03,Raphanus sativus L.,TRUE
3503181909,IRVC101188,IRVC,631780,Bayside Drive near Balboa Island.,1965-04-10,Raphanus sativus L.,TRUE
3503181906,IRVC101176,IRVC,631774,Costa Mesa: Santa Isabel and Redlands Drive,1965-03-14,Raphanus sativus L.,TRUE
3503181905,IRVC101184,IRVC,631779,Newport Beach,1965-04-04,Raphanus sativus L.,TRUE
3503181904,IRVC101186,IRVC,631775,"Newport Beach, Back Bay",1965-04-22,Raphanus sativus L.,TRUE
3503181903,IRVC101185,IRVC,631776,"Santa Ana Heights, Spruce and Palisades",1965,Raphanus sativus L.,TRUE
3503181900,IRVC101198,IRVC,631772,"Newport Beach, Corona del Mar High School",1965-04-14,Raphanus sativus L.,TRUE
3503181898,IRVC101179,IRVC,631777,"Santa Ana Heights, Spruce and Palisades",1965-04-17,Raphanus sativus L.,TRUE
3503181892,IRVC101177,IRVC,631770,"Costa Mesa, Dover Road",1965-03-15,Raphanus sativus L.,TRUE
3503181885,IRVC101193,IRVC,631773,"COSTA MESA, Knowell Pl.",1965-04-01,Raphanus sativus L.,TRUE
3503181884,IRVC101178,IRVC,631767,"Newport Beach, Redlands Dr. and Cherry Tree Lane",1965-04-03,Raphanus sativus L.,TRUE
3503181881,IRVC101182,IRVC,631768,Irvine Park,1965-03-27,Raphanus sativus L.,TRUE
3503181879,IRVC101173,IRVC,631763,"NEWPORT BEACH, Redlands Dr. and Cherry Tree Lane",1965-04-03,Raphanus sativus L.,TRUE
3503181878,IRVC101183,IRVC,631769,Huntington Beach; Brookhurst and Victoria,1965-03-27,Raphanus sativus L.,TRUE
3503181876,IRVC101187,IRVC,631765,Newport Beach,1965-04-03,Raphanus sativus L.,TRUE
3503181875,IRVC101196,IRVC,631764,Newport Beach: Redlands Dr. and Santa Isabel.,1965-03-14,Raphanus sativus L.,TRUE
3503181871,IRVC101174,IRVC,631766,Costa Mesa: 2472 Elden Ave.,1965-04-03,Raphanus sativus L.,TRUE
3503181864,IRVC101158,IRVC,631760,Laguna Canyon,1965-04-17,Raphanus raphanistrum L.,TRUE
3503181860,IRVC101216,IRVC,631761,"Newport Beach, Back bay",1965-04-23,Raphanus sativus L.,TRUE
3503181855,IRVC101161,IRVC,631762,Newport Beach: Redlands Drive and Santa Isabel Street,1965-03-14,Raphanus raphanistrum L.,TRUE
3503181852,IRVC101163,IRVC,631758,Corona Del Mar,1965-04-16,Raphanus raphanistrum L.,TRUE
3503178395,IRVC101201,IRVC,633454,"Irvine: Irvine Ranch, just east of McArthur, 1.4 km W UCI campus center",1985-04-03,Raphanus sativus L.,TRUE
3503178309,IRVC101160,IRVC,633444,Dana Point Headlands: Weyerhaeuser Horticultural Research Station property,1985-04-11,Raphanus raphanistrum L.,TRUE
3498205055,SBAC00349,SBAC,20341311,SILVER BLUFF AUDUBON CENTER & SANCTUARY. Kathwood lakes/ off berm road.,2008-10-05,Raphanus raphanistrum L.,TRUE
3496963536,ODU00019181,ODU,22150769,outer banks highway bypass 5 miles N of Kill Devil Hills,1966-04-13,Raphanus raphanistrum L.,TRUE
3496963496,ODU00019179,ODU,22150767,Along Rt. 600,1966-06-24,Raphanus raphanistrum L.,TRUE
3496963494,ODU00019180,ODU,22150768,"Field off Rt. 652, 3.6 miles N of junction with Rt. 58",1970-04-16,Raphanus raphanistrum L.,TRUE
3496963493,ODU00019176,ODU,22150763,"Disturbed roadside, near intersection of Sandbridge and Princess Anne Road",2005-05-07,Raphanus raphanistrum L.,TRUE
3496963491,ODU00019178,ODU,22150766,"Rt. 611 at Joyners Bridge,",1991-10-04,Raphanus raphanistrum L.,TRUE
3496963490,ODU00019177,ODU,22150764,4.5 miles SSW of St. Pauls along Co. 1765,1965-05-23,Raphanus raphanistrum L.,TRUE
3496963488,ODU00019174,ODU,22150761,First Landing State Park [formerly Seashore State Park]; maintenance area,1981-11-11,Raphanus raphanistrum L.,TRUE
3496963486,ODU00019175,ODU,22150762,"roadside along St. Rt. 646, about 3/10 miles NW of intersection with St. Rt. 644, about 4.2 miles NW of Zuni",1989-05-26,Raphanus raphanistrum L.,TRUE
3496963454,ODU00019173,ODU,22150744,East of University Village complex on 45th Street,2004-04-11,Raphanus raphanistrum L.,TRUE
3496963438,ODU00019172,ODU,22150743,Colley Ave. at Brambleton Expressway,1970-04-15,Raphanus raphanistrum L.,TRUE
3496963434,ODU00019170,ODU,22150741,Old Dominion University campus,1969-04-07,Raphanus raphanistrum L.,TRUE
3496963433,ODU00019171,ODU,22150742,"Newtown Hs Apartmetns, North fo Newtown Rd.",1970-05-02,Raphanus raphanistrum L.,TRUE
3496963429,ODU00019169,ODU,22150740,Frederick College,1966-05-07,Raphanus raphanistrum L.,TRUE
3496963418,ODU00019165,ODU,22150735,"Rt. 180, 2 miles from town of keller",1968-04-10,Raphanus raphanistrum L.,TRUE
3496963417,ODU00019166,ODU,22150737,"Along Route 135, 1.9 miles west of junction of Route 135 and U.S. Hwy 17",1970-04-16,Raphanus raphanistrum L.,TRUE
3496963416,ODU00019164,ODU,22150734,"Found on sunny, sandy open area",1970-04-23,Raphanus raphanistrum L.,TRUE
3496963414,ODU00019167,ODU,22150738,"Along Route 135, 1.9 miles west of junction of Route 135 and U.S. Hwy 17",1970-04-16,Raphanus raphanistrum L.,TRUE
3496963410,ODU00019168,ODU,22150739,"Mill Landing Road, Back Bay",1978-04-04,Raphanus raphanistrum L.,TRUE
3496963345,ODU00019184,ODU,22150778,Near lake at Portsmouth Estates,1970-04-22,Raphanus raphanistrum subsp. sativus (L.) Domin,TRUE
3496963335,ODU00019182,ODU,22150771,"Near lake by Portsmouth Estates, open lot",1970-04-22,Raphanus raphanistrum L.,TRUE
3496963332,ODU00019185,ODU,22150775,Wards Corner between I-64 and cemetery on Granby Street,1968-06-04,Raphanus raphanistrum L.,TRUE
3496963331,ODU00019183,ODU,22150773,Overpass f INterstate 264 adn 64,1968-03-25,Raphanus raphanistrum L.,TRUE
3496963329,ODU00019186,ODU,22150777,Old Dominion College campus,1968-06-05,Raphanus raphanistrum L.,TRUE
3470668808,CAU00000762,CAU,17585978,Campbell University Campus. Across street (T.T. Lanier Exd) from McLamb Environmental Science Building.,2014-09-30,Raphanus raphanistrum L.,TRUE
3465122689,SD00062783,SD,5251277,"Encinitas, Quail Botanical Gardens",1990-03-08,Raphanus sativus L.,TRUE
3465122536,SD00013785,SD,5248082,Ex hort; seed from Santa Barbara Botanic Garden. Original plants from San Clemente Island.,1974-08-08,Raphanus sativus L.,TRUE
3465121700,SD00062782,SD,5251276,"Encinitas, Quail Botanical Gardens",1990-03-08,Raphanus sativus L.,TRUE
3461081432,USCH0071828,USCH,28904548,"US 321; E side, 0.13 miles N of jct with SC 70, at old dairy site",2018-06-14,Raphanus raphanistrum L.,TRUE
3460916305,CM545872,CM,28904672,"Thornton Creek, Seattle",1971-06-05,Raphanus sativus L.,TRUE
3454991088,0012679,SDC,12615837,"NE Corvallis, between Canterbury Street and Frazier Creek; T 11S, R 5W, Sec. 24",1978-04-30,Raphanus sativus L.,TRUE
3454989787,0012677,SDC,12615786,Martha's Vineyard,1888-08,Raphanus raphanistrum L.,TRUE
3454989763,0012676,SDC,12615768,"T 18N, R 3E, Sec. 33; weed in medan of I-20 just W of Thomas Road Exit in West Monroe",1992-12-24,Raphanus raphanistrum L.,TRUE
3454989732,0012675,SDC,12615748,"T 16N, R 5E, Sec. 11; Richland Plantation beside La. 15 at Moore Road NW of Rhymes",2000-01-23,Raphanus raphanistrum L.,TRUE
3454989720,0012674,SDC,12615737,"T 11N, R 4W, Sec. 3; N of La. 156 at the E edge of the town of Calvin",2000-03-14,Raphanus raphanistrum L.,TRUE
3454987848,0004542,SDC,6417380,Just S of Bandon at the end of Mars Lane; edge of coastal dunes,2014-07-19,Raphanus raphanistrum L.,TRUE
3428801686,LFCC-0007054,LFCC,28465540,Colonial Rd.,1975-04-26,Raphanus raphanistrum L.,TRUE
3425154155,LA00647863,LA,5217104,LA; West Los Angeles. Westwood Neighborhood Greenway. Between Westwood Blvd. and Overland Ave. adjacent to railroad tracks and Exposition Bike Path.,2021-11-11,Raphanus sativus L.,TRUE
3414482304,SD00055687,SD,5082640,Fallbrook,1960,Raphanus sativus L.,TRUE
3414433928,RSA0335004,RSA,5084121,Whittier.,1941-04-20,Raphanus raphanistrum L.,TRUE
3414424939,RSA0335003,RSA,5084126,Whittier Field.,1941-04-18,Raphanus sativus L.,TRUE
3413164330,LA00637701,LA,5197501,Nahant,NA,Raphanus raphanistrum L.,TRUE
3413101329,SDSU24116,SDSU,5068456,near drainage south of warehouses on south of Fallbrook Road,1995-05-10,Raphanus sativus L.,TRUE
3406848787,LA00632418,LA,1176,Santa Monica Mountains; Tuna Canyon; lower portion of canyon,1969-05-30,Raphanus sativus L.,TRUE
3406844180,NA,LA,18974,"Western Transverse Ranges; Santa Monica Mountains; Conejo Mountain; Rock outcrops just wast of Callegas Creek, near wate treatment plant and quarry",2014-06-04,Raphanus sativus L.,TRUE
3406834343,LA00632414,LA,4721,Santa Monica Mountains; Point Dume,1959-06-04,Raphanus sativus L.,TRUE
3406833389,NA,LA,4455,"Santa Monica Mountains; N-fork Arroyo Conejo; Wildwood Regional Park, Thousand Oaks; Wildwood Canyon Trail close to sewage plant",2003-06-09,Raphanus sativus L.,TRUE
3406832756,NA,LA,4235,"Santa Monica Mountains; N-fork Arroyo Conejo; Wildwood Regional Park, Thousand Oaks; Wildwood Canyon Trail close to sewage plant",2001-06-09,Raphanus sativus L.,TRUE
3406827800,LA00606076,LA,3904095,Mojave Desert; Apple Valley; NW end of flats E of Upper Mojave River Narrows and S of granite hills,1992-05-07,Raphanus sativus L.,TRUE
3406827763,LA00606069,LA,3904089,Nahant,1916-07-08,Raphanus sativus L.,TRUE
3406827745,LA00606071,LA,3904090,Berkeley. Strawberry Creek,1921-03-26,Raphanus sativus L.,TRUE
3406827741,LA00606073,LA,3904091,Pomona.,1944-04-23,Raphanus sativus L.,TRUE
3406824049,LA00606052,LA,3904072,"Pierce College; Near Topham entrance of Pierce College, Woodland Hills",1963-04-27,Raphanus sativus L.,TRUE
3406824047,LA00606053,LA,3904071,Open grass field in disturbed soil just N of Desoto and Ventura in Woodland Hills,1963-05-12,Raphanus raphanistrum L.,TRUE
3406824043,LA00606059,LA,3904078,Pomona near Fairgrounds.,1932-03,Raphanus sativus L.,TRUE
3406824040,LA00606060,LA,3904079,Nahant,NA,Raphanus raphanistrum L.,TRUE
3406824039,LA00606061,LA,3904081,"Santa Monica Mountains; Westwood, UCLA campus. ""Faculty Hill""",1951-04-21,Raphanus sativus L.,TRUE
3406824032,LA00606050,LA,3904069,"Above Ballona Creek, Baldwin Hills",1932-04-30,Raphanus raphanistrum L.,TRUE
3406824028,LA00606051,LA,3904070,"Santa Monica Mountains; UCLA Campus, Faculty Hill",1951-03-20,Raphanus sativus L.,TRUE
3400897306,302734,USF,NA,"S side of SC 64 at Doctors Creek Road, 2.5 road mi. W of I-95, 4 air mi. W of Walterboro.",2018-03-16,Raphanus raphanistrum L.,TRUE
3395815342,barcode-02160717,NEBC,NA,Daniel Webster Wildlife Sanctuary,1985-07,Raphanus raphanistrum L.,TRUE
3395813387,barcode-02160718,NEBC,NA,Daniel Webster Wildlife Sanctuary,1985-07,Raphanus raphanistrum L.,TRUE
3395324416,USCH0068674,USCH,28061676,Near railroad right-of-way at Esther Street; north side of Allendale,2017-03-10,Raphanus raphanistrum L.,TRUE
3359774329,SD00054026,SD,4665583,"South of warehouses, west of east entrance to Base, south of Fallbrook Road.",1994-08-12,Raphanus sativus L.,TRUE
3359755331,SD00054025,SD,4665582,Near drainage south of warehouses on south of Fallbrook Road.,1995-05-10,Raphanus sativus L.,TRUE
3357425421,LFCC-0005168,LFCC,24429181,"Strasburg, Junction of Rt. 55 and Rt. 623.",1978-05-23,Raphanus raphanistrum L.,TRUE
3357383470,GMUF-0005244,GMUF,6798814,"along railroad at train station in Luray, abundant",1983-05-24,Raphanus sativus L.,TRUE
3357383420,GMUF-0005243,GMUF,6798852,Along railroad at train station in Luray.,1983-05-24,Raphanus sativus L.,TRUE
3357383414,GMUF-0005241,GMUF,6798859,In Culpeper.,1978-05-17,Raphanus sativus L.,TRUE
3357383413,GMUF-0005242,GMUF,6798856,Along railroad in Culpeper.,1978-05-17,Raphanus sativus L.,TRUE
3357383024,GMUF-0044985,GMUF,27878025,"Near Strasburg High School, near North Fork of the Shenandoah River.",2004-05-29,Raphanus raphanistrum L.,TRUE
3357380604,GMUF-0005142,GMUF,6798714,In Painter,1985-05-21,Raphanus raphanistrum L.,TRUE
3357380603,GMUF-0005143,GMUF,6798719,"Along Potomac River at jct. of U.S. 340 and rte. 671, e. of Harper's Ferry, W. Va.",1981-08-01,Raphanus raphanistrum L.,TRUE
3357380510,GMUF-0005150,GMUF,6798742,"Maple Swamp Branch, w. of rte. 600 at U.S. 58, w. of Meadows of Dan.",1998-05-19,Raphanus raphanistrum L.,TRUE
3357380493,GMUF-0005151,GMUF,6798747,"Along Rt. 637, just north of Rt. 606 at Indika.",1995-05-05,Raphanus raphanistrum L.,TRUE
3357380482,GMUF-0005139,GMUF,6798754,Just n. of U.S. 17 on rte. 617 in Tappahannock,1992-06-10,Raphanus raphanistrum L.,TRUE
3357380481,GMUF-0005140,GMUF,6798751,Along rte. 633 s. of VA 33 and sw of Amburg.,1977-05-24,Raphanus raphanistrum L.,TRUE
3357380466,GMUF-0005145,GMUF,6798726,"Rt. 604, 1 3/4 mi. N of Rt. e.",1973-04-21,Raphanus raphanistrum L.,TRUE
3357380465,GMUF-0005138,GMUF,6798756,Gateshead Rd. and Old Mill Rd. along the North Fork Dogue Creek.,1973-06-23,Raphanus raphanistrum L.,TRUE
3357380464,GMUF-0005137,GMUF,6798758,Jct. of U.S. 13 and Bus. U.S. 13 in n. Exmore.,1979-10-08,Raphanus raphanistrum L.,TRUE
3357380444,GMUF-0005144,GMUF,6798723,"Roadside, 0.3 mi. s. of rte. 655 on rte. 614, sw. of Tidewater",1981-05-09,Raphanus raphanistrum L.,TRUE
3357380441,GMUF-0005147,GMUF,6798733,j. n. of Cheriton on U.S. 13,1983-08-10,Raphanus raphanistrum L.,TRUE
3357380439,GMUF-0005146,GMUF,6798731,Gateshead Rd. and Old Mill Rd. along the North Fork Dogue Creek.,1973-06-23,Raphanus raphanistrum L.,TRUE
3357380426,GMUF-0005148,GMUF,6798736,"Along fire road off U.S. 33, w. of Stanardsville, in the Shenandoah National Park.",1983-06-26,Raphanus raphanistrum L.,TRUE
3357380425,GMUF-0005149,GMUF,6798738,"N. of U.S. 250 on Back Creek, nw. of Hightown",1982-06-28,Raphanus raphanistrum L.,TRUE
3357380418,GMUF-0005131,GMUF,6798788,"roadside, jct. rte. 621 and Va. 3. Nomini Grove.",1994-05-19,Raphanus raphanistrum L.,TRUE
3357380416,GMUF-0005133,GMUF,6798786,Along railroad in Culpeper.,1978-05-17,Raphanus raphanistrum L.,TRUE
3357380410,GMUF-0005136,GMUF,6798761,Jct. of U.S. 13 and Bus. U.S. 13 in n. Exmore.,1979-10-08,Raphanus raphanistrum L.,TRUE
3357380387,GMUF-0005132,GMUF,6798789,"Along rte. 693 from jct. with rte. 669 north to jct. with rte. 605, se. of Pulaski.",2001-07-07,Raphanus raphanistrum L.,TRUE
3357380373,GMUF-0005076,GMUF,6798790,"Jct. of Richmond Henrico Turnpike and Azalea Avenue, n. of Richmond",1995-03-26,Raphanus raphanistrum L.,TRUE
3357380370,GMUF-0005075,GMUF,6798791,Near marsh at 2nd and Lee St. in West Point,1977-08-08,Raphanus raphanistrum L.,TRUE
3357380346,GMUF-0005135,GMUF,6798768,Along rte. 633 s. of VA 33 and sw of Amburg.,1977-05-24,Raphanus raphanistrum L.,TRUE
3357380332,GMUF-0005134,GMUF,6798775,Roadside; along Rt. 3 near Brook Vale,1973-06-10,Raphanus raphanistrum L.,TRUE
3357379779,GMUF-0005153,GMUF,6798639,near railroad in Barboursville along rte. 678,1990-05-21,Raphanus raphanistrum L.,TRUE
3357379777,GMUF-0005154,GMUF,6798635,"Along U.S. 58, e. from Bear Tree Gap Rd. to Creek Junction Rd.",1997-07-28,Raphanus raphanistrum L.,TRUE
3357379691,GMUF-0005152,GMUF,6798643,Near railroad in Barboursville along rte. 678,1990-05-21,Raphanus raphanistrum L.,TRUE
3357379668,GMUF-0005141,GMUF,6798655,Near railroad in Barboursville along rte. 678,1990-05-21,Raphanus raphanistrum L.,TRUE
3344498475,CLEMS0081743,CLEMS,27452345,"348 Issaqueena Trail, Clemson, SC.",1997-06-25,Raphanus sativus L.,TRUE
3344481325,CLEMS0039375,CLEMS,15905079,Colleton,1980-04-05,Raphanus raphanistrum L.,TRUE
3344481323,CLEMS0039381,CLEMS,15905073,"Hwy 93, Central.",1978-06-10,Raphanus raphanistrum L.,TRUE
3344481321,CLEMS0039380,CLEMS,15905074,Lexington,1979-04-21,Raphanus raphanistrum L.,TRUE
3344481320,CLEMS0039383,CLEMS,15905071,Saluda,1980-04-20,Raphanus raphanistrum L.,TRUE
3344481319,CLEMS0039382,CLEMS,15905072,(Clemson Campus & Environs): Clemson University,1974-02-21,Raphanus raphanistrum L.,TRUE
3344481317,CLEMS0039377,CLEMS,15905077,"5 mi. SE of Winnsboro, Old Field Common.",1968-04-13,Raphanus raphanistrum L.,TRUE
3344481316,CLEMS0039376,CLEMS,15905078,Colleton,1995-04-01,Raphanus raphanistrum L.,TRUE
3344481314,CLEMS0039379,CLEMS,15905075,Hampton,1976-03-06,Raphanus raphanistrum L.,TRUE
3344481313,CLEMS0039378,CLEMS,15905076,Greenwood,1988-03-25,Raphanus raphanistrum L.,TRUE
3344481309,CLEMS0039386,CLEMS,15905068,At the on London Ave at the corner at the SW corner of London Ave. & 8th St. Town of Port Royal.,2006-07-16,Raphanus sativus L.,TRUE
3344481305,CLEMS0039384,CLEMS,15905070,Near the YMCA.,2007-01-09,Raphanus raphanistrum L.,TRUE
3344481299,CLEMS0039391,CLEMS,15905063,Richland,1973-08-15,Raphanus sativus L.,TRUE
3344481297,CLEMS0039385,CLEMS,15905069,Sumter,1986-03-16,Raphanus raphanistrum L.,TRUE
3344481294,CLEMS0039358,CLEMS,15905062,Brunswick,1969-04-10,Raphanus raphanistrum L.,TRUE
3344481291,CLEMS0039388,CLEMS,15905066,"(CXF) Clemson Experimental Forest. Horse Head Point Natural Division (#6); gated area to the E of Old Clemson Hwy, on the Powerline access road. At jct of road leding to powerline right-of-way.",2012-03-15,Raphanus sativus L.,TRUE
3344481290,CLEMS0039387,CLEMS,15905067,At the on London Ave. at the corner at the SW corner of London Ave & 8th St. Town of Port Royal.,2006-05-11,Raphanus sativus L.,TRUE
3344481287,CLEMS0039390,CLEMS,15905064,"156 (=136) Cedar Creek Circle, Central.",1990-06-05,Raphanus sativus L.,TRUE
3344481285,CLEMS0039389,CLEMS,15905065,(CXF) Clemson Experimental Forest. East Dam Ravines Natural Division (#4). Alongside the 3rd creek bed.,2012-03-29,Raphanus sativus L.,TRUE
3344481270,CLEMS0039361,CLEMS,15905093,Allendale,1990-03-12,Raphanus raphanistrum L.,TRUE
3344481266,CLEMS0039360,CLEMS,15905094,Silver Bluff Audubon Center & Sanctuary. Kathwood Lakes/ off berm road.,2008-10-05,Raphanus raphanistrum L.,TRUE
3344481258,CLEMS0039363,CLEMS,15905091,"At Edisto Experimental Station, 4 miles west of Blackville, 1.5 miles east of Administration Building.",1978-09-16,Raphanus raphanistrum L.,TRUE
3344481255,CLEMS0039364,CLEMS,15905090,In front of shopping center across Hwy 280 (Parris Island Gateway) from Taylor's Mobile Home Park.,2005-12-29,Raphanus raphanistrum L.,TRUE
3344481254,CLEMS0039362,CLEMS,15905092,Barnwell,1984-03-02,Raphanus raphanistrum L.,TRUE
3344481247,CLEMS0039370,CLEMS,15905084,Colleton,1993-04-04,Raphanus raphanistrum L.,TRUE
3344481243,CLEMS0039369,CLEMS,15905085,Colleton,1982-10-10,Raphanus raphanistrum L.,TRUE
3344481242,CLEMS0039372,CLEMS,15905082,Colleton,1979-03-31,Raphanus raphanistrum L.,TRUE
3344481241,CLEMS0039371,CLEMS,15905083,Colleton,1995-03-31,Raphanus raphanistrum L.,TRUE
3344481239,CLEMS0039366,CLEMS,15905088,Beaufort,1993-02-14,Raphanus raphanistrum L.,TRUE
3344481238,CLEMS0039365,CLEMS,15905089,"Around ruins of plantation house, Spring Island.",2005-02-26,Raphanus raphanistrum L.,TRUE
3344481235,CLEMS0039368,CLEMS,15905086,Chester,1993-06-19,Raphanus raphanistrum L.,TRUE
3344481231,CLEMS0039367,CLEMS,15905087,Charleston,1942-04-03,Raphanus raphanistrum L.,TRUE
3344481226,CLEMS0039374,CLEMS,15905080,Colleton,1986-04-05,Raphanus raphanistrum L.,TRUE
3344481223,CLEMS0039373,CLEMS,15905081,Colleton,1986-04-05,Raphanus raphanistrum L.,TRUE
3344438249,CLEMS0026959,CLEMS,3765947,1 mile west of Yemassee junction of US 68 and I-95.,1972-04-27,Raphanus raphanistrum L.,TRUE
3344427796,CLEMS0073254,CLEMS,20869895,New London,1978-07-03,Raphanus raphanistrum L.,TRUE
3344427794,CLEMS0073255,CLEMS,20869894,Washington,1987-08-12,Raphanus raphanistrum L.,TRUE
3344427791,CLEMS0073256,CLEMS,20869893,Lane,1995-04-25,Raphanus raphanistrum L.,TRUE
3344427790,CLEMS0073257,CLEMS,20869892,Linn,2000-07-02,Raphanus raphanistrum L.,TRUE
3344427787,CLEMS0073258,CLEMS,20869891,Stockton,1929-01-01,Raphanus sativus L.,TRUE
3344427785,CLEMS0073259,CLEMS,20869890,Benton,1995-07-22,Raphanus sativus L.,TRUE
3344415263,CLEMS0026958,CLEMS,14190356,Hampton,1972-04-27,Raphanus raphanistrum L.,TRUE
3344415260,CLEMS0026960,CLEMS,14190354,Horry,1977-03-01,Raphanus raphanistrum L.,TRUE
3344415258,CLEMS0026961,CLEMS,14190353,Williamsburg,1971-04-09,Raphanus raphanistrum L.,TRUE
3344415228,CLEMS0026955,CLEMS,14190359,Hampton,1972-04-27,Raphanus raphanistrum L.,TRUE
3344415225,CLEMS0026956,CLEMS,14190358,Hampton,1972-04-27,Raphanus raphanistrum L.,TRUE
3344415221,CLEMS0026957,CLEMS,14190357,Hampton,1972-04-27,Raphanus raphanistrum L.,TRUE
3344414995,CLEMS0026962,CLEMS,14190363,Berkeley,1980-06-25,Raphanus raphanistrum L.,TRUE
3344414992,CLEMS0026953,CLEMS,14190362,Charleston,1989-03-25,Raphanus raphanistrum L.,TRUE
3344414991,CLEMS0026954,CLEMS,14190361,Clarendon,1973-03-24,Raphanus raphanistrum L.,TRUE
3344414990,CLEMS0026952,CLEMS,14190360,"Tupperway Farm, Knightsville, S.C.",1972-07-23,Raphanus raphanistrum L.,TRUE
3341236084,SIM0003312,SIM,17560031,"Prince's Bay, Staten Island",1941-05-24,Raphanus raphanistrum L.,TRUE
3341236082,SIM0003311,SIM,17560030,"Grant City, Staten Island",1898-07-31,Raphanus raphanistrum L.,TRUE
3341236068,SIM0003309,SIM,17560028,"Grant City, Staten Island",1898-07-31,Raphanus raphanistrum L.,TRUE
3341236065,SIM0003310,SIM,17560029,"Clove Valley, Staten Island",1899-06-17,Raphanus raphanistrum L.,TRUE
3341236062,SIM0003308,SIM,17560027,"Arlington, Staten Island",1908-09-20,Raphanus raphanistrum L.,TRUE
3341236061,SIM0003307,SIM,17560026,"New Dorp, Staten Island",1876-05-28,Raphanus raphanistrum L.,TRUE
3341236057,SIM0003306,SIM,17560025,Staten Island,NA,Raphanus raphanistrum L.,TRUE
3341236054,SIM0003305,SIM,17560024,"West New Brighton, Staten Island",1898-06-19,Raphanus raphanistrum L.,TRUE
3341236050,SIM0003304,SIM,17560023,"West New Brighton, Staten Island",1898-06-19,Raphanus sativus L.,TRUE
3341236048,SIM0003303,SIM,17560022,Easton,1898-07-04,Raphanus sativus L.,TRUE
3331201163,426510,MVSC,NA,Pot in upper greenhouse of Roddy 277,2017-03-03,Raphanus raphanistrum L.,TRUE
3331194244,453562,MVSC,NA,"Along Conestoga Blvd where the road goes away from the river, about 1 mi N of Safe Harbor. Along sunny roadside.",2020-05-04,Raphanus sativus L.,TRUE
3331193610,453691,MVSC,NA,Weed in wheat fields at Riverfront park.,2020-05-20,Raphanus sativus L.,TRUE
3331193053,440084,MVSC,NA,"Millersville University 1 S George Street, Millersville, PA 17551",2018-05-01,Raphanus raphanistrum L.,TRUE
3331188457,408965,MVSC,NA,RR between Shenks Ferry and Pequea,1961-07-25,Raphanus raphanistrum L.,TRUE
3331186470,408839,MVSC,NA,Bombay Hook,1958-07-23,Raphanus raphanistrum L.,TRUE
3331186446,408840,MVSC,NA,Bombay Hook,1958-07-23,Raphanus raphanistrum L.,TRUE
3331183216,410400,MVSC,NA,"College of  William and Mary woods, by Old Physics Laser Station",1971-06-03,Raphanus raphanistrum L.,TRUE
3331181566,409357,MVSC,NA,"5 mi W of Filmore, CA",1967-03-03,Raphanus sativus L.,TRUE
3329992979,NA,OBI,4621000,Shell Creek Road southeast of Shandon,2015-03-07,Raphanus sativus L.,TRUE
3329992663,NA,OBI,4620146,Los Osos. El Morro Elfin Forest. West of South Bay Blvd. and north of Santa Ysabel Ave.,2014-02-25,Raphanus sativus L.,TRUE
3329992283,NA,OBI,4620471,Shell Creek Road southeast of Shandon,2015-03-07,Raphanus sativus L.,TRUE
3320810859,PUA009212,PUA,4465868,Local landmark: Deer Park. St. Helena Quad.,1970-04-20,Raphanus sativus L.,TRUE
3320805291,PUA009196,PUA,4480533,Local landmark: Cummings Ranch. Challenge Quad.,1976-04-30,Raphanus sativus L.,TRUE
3320794560,PUA009207,PUA,4459156,Local landmark: Glass Mountain. St. Helena Quad.,1971-04-22,Raphanus sativus L.,TRUE
3320794205,PUA009210,PUA,4459069,Local landmark: Albion. Navarro Quad.,1968-06-19,Raphanus sativus L.,TRUE
3320793347,PUA009205,PUA,4460311,Local landmark: Lake Hennessey. St. Helena Quad.,1971-04-25,Raphanus sativus L.,TRUE
3320793026,NA,PUA,4474805,Local landmark: Lake Newton. St. Helena Quad.,1986-04-02,Raphanus sativus L.,TRUE
3320792250,PUA009211,PUA,4460519,Local landmark: Bothe Napa Valley State Park. Calistoga Quad.,1979-04-11,Raphanus sativus L.,TRUE
3320791427,PUA009209,PUA,4460478,Local landmark: Lost Lake Recreation Area. Friant Quad.,1977-03-12,Raphanus sativus L.,TRUE
3320791274,PUA009194,PUA,4488222,Local landmark: Amer Valley. Quincy Quad.,1971-07-01,Raphanus raphanistrum L.,TRUE
3320788563,NA,PUA,4464643,Local landmark: Aetna Springs. Aetna Springs Quad.,1971-05-11,Raphanus sativus L.,TRUE
3320779487,PUA009197,PUA,4458930,Local landmark: Bidwell River Park. Richardson Quad.,1975-04-13,Raphanus sativus L.,TRUE
3320779463,PUA009198,PUA,4458927,Local landmark: Napa River. Napa Quad.,1970-02-06,Raphanus sativus L.,TRUE
3320767017,PUA009206,PUA,4472711,Local landmark: Angwin. St. Helena Quad.,1969-04-29,Raphanus sativus L.,TRUE
3320764608,PUA009200,PUA,4457537,Local landmark: Albion. Albion Quad.,1970-05-17,Raphanus sativus L.,TRUE
3320746934,NA,PUA,4471937,Local landmark: Angwin. St. Helena Quad.,1970-04-20,Raphanus sativus L.,TRUE
3320745734,PUA009204,PUA,4485099,Local landmark: Camino. Camino Quad.,1970-09-07,Raphanus sativus L.,TRUE
3320741713,PUA009202,PUA,4471174,Local landmark: Angwin. St. Helena Quad.,1970-09-11,Raphanus sativus L.,TRUE
3308763058,1470552,IBUNAM,NA,"Sierra Nevada Mountains Foothills: Church Street, becoming Sutter Creek-Volcano Road, 0.2 mile east of the village of Sutter Creek (Amador City 7.5' ±100m)",2010-05-31,Raphanus raphanistrum L.,TRUE
3308711660,1384958,IBUNAM,NA,"Sacramento Valley: along River Road (generally following the Sacramento River), 8.4 miles north of Colusa (Maxwell 7.5 Q 39°19'10''N, 122°00'55''W, ± 1000 m)",2008-10-14,Raphanus sativus L.,TRUE
3308710178,1251345,IBUNAM,NA,"Central Valley/Northern Sierra Nevada Foothills: along CA-16, 0.2 mile east of Waits Station, southwestern of Plymouth (Irish Hill 7.5 Q.: Near 38°26'50''N, 120°53'37''W)",2006-10-23,Raphanus sativus L.,TRUE
3308682357,1300733,IBUNAM,NA,Ca. 9 miles south of Corvallis along Smith Loop Road ca. 0.5 miles north of its junction with Dorr Road,2008-10-27,Raphanus raphanistrum L.,TRUE
3126740326,TEX00537711,TEX,NA,"Especimen herborizado a partir de material cultivado en los invernaderos de la Universidad de Tejas, Austin.",1995-01-01,Raphanus raphanistrum L.,TRUE
3126740307,TEX00537684,TEX,NA,"Especimen herborizado a partir de material cultivado en los invernaderos de la Universidad de Tejas, Austin.",1995-01-01,Raphanus sativus L.,TRUE
3126739318,TEX00537710,TEX,NA,"Especimen herborizado a partir de material cultivado en los invernaderos de la Universidad de Tejas, Austin.",1995-01-01,Raphanus sativus L.,TRUE
3125288388,UCSB057874,UCSB,4588064,Camino Corto Vernal Pools.,2019-04-26,Raphanus sativus L.,TRUE
3125278768,SD00030201,SD,3700295,Santa Catalina Island; Middle Ranch Canyon; Middle Ranch amid buildings,2015-02-15,Raphanus raphanistrum L.,TRUE
3125278665,SD00025382,SD,3620050,San Clemente Island: eroded gully just N of Building 60081 at E end of Seals Camp at NW Harbor,1996-04-22,Raphanus raphanistrum L.,TRUE
3125276781,SD00030203,SD,3700297,San Miguel Island: Channel Islands National park; Simonton Cove; Along beach edge,1994-08-05,Raphanus sativus L.,TRUE
3125275511,SD00023693,SD,3113069,Rancho Santa Fe; Lusardi Creek bed just east of where it crosses Zumaque Street/Artesian Road,2017-05-14,Raphanus sativus L.,TRUE
3125274773,SD00030202,SD,3700296,Villanova Prep. Scool; On S side of campusS-facing slope,2010-02-14,Raphanus sativus L.,TRUE
3125274672,SD00025459,SD,3620051,Rancho Santa Fe; western edge of Puerta del Sol Road; south of Linea Del Cielo in vacant lot; 0.25 mile N of junction with Las Palomas.,2017-04-16,Raphanus sativus L.,TRUE
3125273773,SD00029906,SD,3700298,South San Pasqual Valley; 1.08 miles NW of junction Sycamore Creek Road and Highland Valley Road; just west of Highland Valley Road before road climbs up the grade. Near foot bridge over the stream.,2017-07-05,Raphanus raphanistrum L.,TRUE
3125267791,SD00033054,SD,3751457,Camp Pendleton: west-central portion of Base; south of San Onofre Peak in Las Pulgas Canyon; Training Area Oscar Two; in riparian area just south of Las Pulgas Canyon Road,2019-05-21,Raphanus sativus L.,TRUE
3125267496,SD00023692,SD,3113068,San Pasqual Valley; south of Highland Valley Road in vacant area on S side of Starvation Mountain Road; 0.52 mile W of junction of Highland Valley and Starvation Mountain Roads.,2017-08-17,Raphanus sativus L.,TRUE
3125266894,SD00039725,SD,3963072,La Jolla; Soledad National Park; near 75 yards NW of parking lot on Soledad Park Road,2017-03-24,Raphanus sativus L.,TRUE
3125264501,SD00023691,SD,3113067,South San Pasqual Valley; along trail parallel to Bandy Canyon Road 0.78 mile NE of junction Bandy Canyon Road and Sky High Road.,2017-06-12,Raphanus raphanistrum L.,TRUE
3125248409,SD00062576,SD,1937814,"Pt Judith, north edge of park area nera lighthouse, east of Ocean Road.",2014-07-15,Raphanus raphanistrum L.,TRUE
3125188398,SD00062700,SD,469161,"La Jolla; about 100 yards W of junction Coast Blvd S and La Jolla Blvd, above the beach.",2011-08-08,Raphanus sativus L.,TRUE
3125188397,SD00062556,SD,469143,Lake Hodges: south of Escondido; southeast of the intersection of Lake Drive and Beech Lane; northwest side of Lake along the shore and adjacent habitats,2012-05-31,Raphanus raphanistrum L.,TRUE
3125188396,SD00062683,SD,469125,"Sycamore Canyon Preserve, Poway. Ca. 1 mi SW of intersection Scripps Poway Pkwy and Hwy 67 and 0.25 miles SE of Sycamore Canyon Road and Calle de Rob",2008-04-17,Raphanus sativus L.,TRUE
3125188395,SD00062630,SD,469107,"San Marcos, SE corner of intersect of San Marcos Blvd. and Discovery Street, N of San Marcos Creek, open lot",2007-05-06,Raphanus sativus L.,TRUE
3125188394,SD00062633,SD,469099,"Moosa Canyon, south of Old Castle Road, 1 mile East of I-15, just S of Castle Creek Country Club.",2006-07-09,Raphanus sativus L.,TRUE
3125188393,SD00062692,SD,469080,"City of San Diego, Rose Canyon, 1/4 mile northeast of I-805, 200 yards south of railroad tracks.",2006-02-20,Raphanus sativus L.,TRUE
3125188392,SD00062590,SD,469062,"Beacon's Beach, Leucadia, Encinitas. On beach, north of public beach access at Neptune Avenue and Leucadia Blvd.",2004-11-24,Raphanus sativus L.,TRUE
3125188391,SD00062760,SD,469044,"Balboa Park, Vermont St. canyon at Cypress St.",2005-02-15,Raphanus sativus L.,TRUE
3125188390,SD00062737,SD,469026,"Shady slope, Young's Caves Canyon, Mission Valley",1935-03-29,Raphanus sativus L.,TRUE
3125188389,SD00062570,SD,469008,"Santa Rosa Island; ranch dump at edge of cliff, Beechers Bay, northeast end of island.",1977-04-30,Raphanus raphanistrum L.,TRUE
3125188388,SD00062675,SD,468982,"1 mile north of Salt Works, National City.",1937-12-22,Raphanus sativus L.,TRUE
3125188387,SD00062718,SD,468964,"Mahogany Canyon, East San Diego.",1935-02-19,Raphanus sativus L.,TRUE
3125187385,SD00062698,SD,469163,Pacific Beach; La Jolla Mesa; SW of Mt.Soledad in the canyon at the end of Van Nuys Way off Van Nuys Street; 80 yards W of Caminito Bayo,2012-02-04,Raphanus sativus L.,TRUE
3125187384,SD00062653,SD,469145,Lake Hodges: south of Escondido; southeast of the intersection of Lake Drive and Beech Lane; along the north side of Lake south of the boat ramp; on a south-facing slope,2013-03-26,Raphanus sativus L.,TRUE
3125187383,SD00062657,SD,469127,"Lake Hodges, 0.25 mi west of I-15, 0.3 miles S of Monte Real and Avenida Serena, (100m N of high water line), just N of Mission Road",2009-03-01,Raphanus sativus L.,TRUE
3125187382,SD00062652,SD,469109,"Camp Pendleton Marine Corps Base, Blue Beach Training Area, S of LCAC (Landing Craft Air Cushion) strip, « mi NW of the Santa Margarita River outlet/estuary into the Pacific Ocean.",2007-03-26,Raphanus sativus L.,TRUE
3125187381,SD00062693,SD,469082,"Poway; approx ? mi NE of the intersection of Pomerado Rd and Poway Rd, on the south bank of Poway Creek.",2006-03-20,Raphanus sativus L.,TRUE
3125187380,SD00060503,SD,469064,"City of San Diego, Ruffin Canyon Open Space, west of Taft Middle School in Serra Mesa, 30 feet south of Gramercy Drive, on a south-facing slope at the edge of a trail.",2005-03-05,Raphanus sativus L.,TRUE
3125187379,SD00062759,SD,469046,0.5 mile SE of entrance to Inaja picnic area on Highway 78/79 between Santa Isabel and Wynola,2005-04-17,Raphanus sativus L.,TRUE
3125187378,SD00062768,SD,469028,"San Diego Urban Canyons, North Park: Juniper Canyon",2000-03-03,Raphanus sativus L.,TRUE
3125187377,SD00062713,SD,468984,El Cajon,1927-03-19,Raphanus sativus L.,TRUE
3125187376,SD00062754,SD,468966,0.3 miles north of Ponto Station on ocean bluff (mak 8/06),1936-06-16,Raphanus sativus L.,TRUE
3125186374,SD00062696,SD,469165,Sweetwater River bikepath; between National City and Chula Vista; N of river channel; near overpass Highway 54 and railroad tracks; just Eof I-5,2012-02-05,Raphanus sativus L.,TRUE
3125186373,SD00062650,SD,469147,"Camp Pendleton: northeast portion of Base; Training Area Hotel; northwest of Fallbrook, just south of De Luz Road along the Santa Margarita River",2013-05-07,Raphanus sativus L.,TRUE
3125186372,SD00062655,SD,469129,"Chollas Radio Canyon, N of Market St, between Euclid and Merlin.",2008-04-27,Raphanus sativus L.,TRUE
3125186371,SD00062627,SD,469110,"Camp Pendleton Marine Corps Base, Skull Canyon in the Uniform Training Area. 0.6 mi NW of I-5 at La Flores (41 Area).",2007-03-15,Raphanus sativus L.,TRUE
3125186370,SD00062694,SD,469084,"Ramona Grasslands (The Nature Conservancy) approx « mi west of the intersection of El Paso Street and Montecito Way, Ramona.",2006-04-16,Raphanus sativus L.,TRUE
3125186369,SD00062647,SD,469066,"Tijuana Slough National Wildlife Refuge, Rivermouth trail. 0.6 mi SWS of trailhead at intersection of 5th St and Iris Ave, just W of SW section of Imperial Beach Naval Air Station.",2005-06-10,Raphanus sativus L.,TRUE
3125186368,SD00062757,SD,469048,"San Diego, Carmel Valley. Distrubed area near drainage basin connecting Shaw Valley and Carmel Valley. 50 m west of Carmel Country Rd, near interection with Camino Vista Lujo.",2005-04-16,Raphanus sativus L.,TRUE
3125186367,SD00062802,SD,469011,Claremont,1915-04-01,Raphanus sativus L.,TRUE
3125186366,SD00062669,SD,468986,Herron Ranch near DeLuz.,1940-04-18,Raphanus sativus L.,TRUE
3125186365,SD00062672,SD,468968,Tiajuana River near Monument School.,1936-01-28,Raphanus sativus L.,TRUE
3125185408,SD00058219,SD,469179,"UTM in Supplement. Fallbrook NWS [Naval Weapons Station], Appx. 1.7 mi. S from Entrance Station.",2015-03-25,Raphanus sativus L.,TRUE
3125185407,SD00062701,SD,469160,Rancho Santa Fe; on the south side of San Dieguito County Park; just N of Highway S-8 (Loma Santa Fe Drive) east of baseball field along trail,2012-03-13,Raphanus sativus L.,TRUE
3125185406,SD00062772,SD,469142,"Pala; Wilderness Gardens Preserve, entrance at 14209 Highway 76, at west edge of river at River View Trail crossing, near 0.25 miles NW of junction Highway 76 and Bodie Blvd.",2011-06-19,Raphanus sativus L.,TRUE
3125185405,SD00062787,SD,469124,"Northeast of Fallbrook. North side of the Santa Margarita River,about 0.15 milse west of the Willow Glen trailhead. And about 1.75 miles (by air) northwest of Red Mountain Lookout.",2008-03-19,Raphanus sativus L.,TRUE
3125185404,SD00062786,SD,469106,"Camp Pendleton Marine Corps Base: near North River Road, east of Stuart Mesa Road in the southwestern portion of the base; in the Santa Margarita River bed along the water pipe that crosses the river",2008-06-19,Raphanus sativus L.,TRUE
3125185403,SD00062637,SD,469098,"Camp Pendleton Marine Corps Base: Training Area Romeo 2 in the northwestern portion of base; coastal side of San Onofre Mountains, along Horno Canyon Road",2008-02-26,Raphanus sativus L.,TRUE
3125185402,SD00062747,SD,469061,Anza-Borrego Desert State Park. South side of San Felipe Wash about 0.1 mi west of the intersection with County Hwy S-3 near emergency call box #78-671.,2005-02-17,Raphanus sativus L.,TRUE
3125185401,SD00062761,SD,469043,"Balboa Park, Vermont St. canyon at Cypress St.",2005-02-15,Raphanus sativus L.,TRUE
3125185400,SD00062738,SD,469025,"San Diego Urban Canyons, North Park area: Switzer Canyon, mostly W of 30th Street",2000-01-14,Raphanus sativus L.,TRUE
3125185399,SD00062663,SD,469007,Proctor Valley,1967-04-23,Raphanus sativus L.,TRUE
3125185398,SD00062551,SD,468981,San Luis Rey,1937-04-15,Raphanus raphanistrum L.,TRUE
3125185397,SD00062742,SD,468963,Sweetwater,1875-05,Raphanus sativus L.,TRUE
3125184386,SD00062697,SD,469164,City of La Mesa; S of I-8; N side of Alvarado Rd; 0.14 mi NNW of junction Saranac Avenue and Commanche Drive; where creek flows under road,2012-01-26,Raphanus sativus L.,TRUE
3125184385,SD00062579,SD,469146,"S13, San Luis Rey Downs, Bansall.",1986-11-02,Raphanus sativus L.,TRUE
3125184384,SD00062656,SD,469128,"Cleveland National Forest, Temescal Valley, ? mi N of Esmeralda Mine, 3? mi SW of Lake Henshaw Dam, along Lusardi Canyon Truck Trail 1/4 mile S of the divide and bench mark 3041",2009-04-04,Raphanus sativus L.,TRUE
3125184383,SD00062695,SD,469083,"Ramona Grasslands (The Nature Conservancy) approx « mi west of the intersection of El Paso Street and Montecito Way, Ramona.",2006-04-16,Raphanus sativus L.,TRUE
3125184382,SD00062735,SD,469065,"City of San Diego, Balboa Park, Florida Canyon. 1 mi SE of inters of Washington St and St Rt 163, on SW corner of the inters of Upas and Florida Streets, at bottom of the canyon.",2005-03-11,Raphanus sativus L.,TRUE
3125184381,SD00062756,SD,469047,"East Del Mar, in front of San Diego Polo Club on El Camino Real, 200 yards S of intersection with Via de la Valle.",2004-02-16,Raphanus sativus L.,TRUE
3125184380,SD00062797,SD,469029,"Southern Santa Ana Mountains; western edge of the wilderness in Alixo Canyon at the confluence with Lucas Canyon, upstream to the Lucas Canyon Trail crossing.",1992-05-19,Raphanus sativus L.,TRUE
3125184379,SD00062563,SD,469010,Near Otay,1941-02-16,Raphanus raphanistrum L.,TRUE
3125184378,SD00062743,SD,468985,"Hormiguero Ranch,",1940-03-30,Raphanus sativus L.,TRUE
3125184377,SD00062673,SD,468967,1 mile east of Solano Beach in valley.,1936-01-16,Raphanus sativus L.,TRUE
3125183399,SD00062699,SD,469162,La Jolla; on bluff; above and SE of Birch Aquarium near parking lot near the top of the bluff.,2011-05-20,Raphanus sativus L.,TRUE
3125183398,SD00062649,SD,469144,Daley Ranch: northeast of Escondido; west of Co. Hwy. S6 and north of Dixon Lake; along Creek Crossing Trail in canyon of Jack Creek,2012-06-19,Raphanus sativus L.,TRUE
3125183397,SD00062682,SD,469126,"Camp Pendleton, 100 yds W of the intersection of Las Pulgas and Stuart Mesa Road, « mi E of Interstate 5.",2006-05-24,Raphanus sativus L.,TRUE
3125183396,SD00062629,SD,469108,"Escondido, on southern edge of San Pascual Valley, San Dieguito River Park, just N of Bandy Canyon Rd, 3/4 mile SW of its intersection with Ysabel Creek Rd.",2007-03-07,Raphanus sativus L.,TRUE
3125183395,SD00062687,SD,469081,"Ramona; Boulder Oaks County Park, ca. 4 mi SSW of junction of Hwy 67 and Mussey Grade Rd, ca. 1« mi SSW of Mussey Grade Rd on south side of Boulder Oaks Spur.",2006-03-23,Raphanus sativus L.,TRUE
3125183394,SD00062589,SD,469063,"City of La Mesa, east of San Diego; northwest side of Lake Murray on City MSCP property",2005-03-04,Raphanus sativus L.,TRUE
3125183393,SD00062758,SD,469045,"Greenbelt section of Shepard Canyon, just east of Santo Road in Tierrasanta, San Diego, CA",2005-01-28,Raphanus sativus L.,TRUE
3125183392,SD00062662,SD,469027,"San Diego Urban Canyons, North Park/Golden Hill: Cedar Ridge Park area, canyon area along I-15",2000-01-21,Raphanus sativus L.,TRUE
3125183391,SD00062569,SD,469009,"Santa Rosa Island; ranch dump at edge of cliff, Beechers Bay, northeast end of island.",1977-04-30,Raphanus raphanistrum L.,TRUE
3125183390,SD00062670,SD,468983,South end of San Diego Bay.,1938-05-07,Raphanus sativus L.,TRUE
3125183389,SD00062745,SD,468965,Ocean Beach,1935-06-15,Raphanus sativus L.,TRUE
3125182370,SD00062567,SD,469166,"Santa Catalina Island: N side of N Shore Road, 0.6 mile E of turn-off for Howland's Landing.",2000-05-18,Raphanus raphanistrum L.,TRUE
3125182369,SD00062571,SD,469148,"Sacramento Valley; Ostrom #3 Road, 1.2 miles east of junction with CA-65, southeast of Olivehurst (Olivehurst 7.5'Q)",2008-10-06,Raphanus raphanistrum L.,TRUE
3125182368,SD00062628,SD,469111,"City of Solana Beach. San Elijo Ecological Reserve, E of Hwy 101, W of Interstate 5, S of Manchester Ave, SW section. 230 meters north north east of north end of Canyon Place",2007-05-11,Raphanus sativus L.,TRUE
3125182367,SD00062638,SD,469085,"SW of Descanso, Double D Ranch, approx 1¬ mile W on Bell Bluff Truck Trail from Japatul Valley Rd, S of Hwy 8.",2005-04-10,Raphanus sativus L.,TRUE
3125182366,SD00062648,SD,469067,"Los Caballos equestrian campground, Cuyamaca Rancho State Park. Approx. 0.8 air mile north of Stonewall Peak and 0.4 mile east of interesection of State Hwy 79 and paved access road to Stonewall Mine. Along loop road at metal horse corrals..",2005-05-05,Raphanus sativus L.,TRUE
3125182365,SD00062684,SD,469049,"City of Del Mar on San Dieguito Drive .6 mi. S of Jimmy Durante Blvd. at entrance to Del Mar Racetrack, W of San Dieguito Lagoon & just below slope leading to E rim of Crest Canyon.",2005-04-12,Raphanus sativus L.,TRUE
3125182364,SD00062661,SD,469030,"Alpine, South end of Mesa Del Arroz Preserve on the old Findel Ranch",2003-06-17,Raphanus sativus L.,TRUE
3125182363,SD00062667,SD,469012,Cultivated ground 1.0 mile north of Otay.,1944-07-21,Raphanus sativus L.,TRUE
3125182362,SD00062668,SD,468987,O'Neill Lake,1940-05-02,Raphanus sativus L.,TRUE
3125182361,SD00062562,SD,468969,Tiajuana River near Monument School.,1936-01-28,Raphanus raphanistrum L.,TRUE
3125181407,SD00062578,SD,469159,Camp Pendleton: southeastern portion of Base; Juliet Training Area; near Bonsall & Fallbrook; riparian area along the perimeter of the Base,2015-05-27,Raphanus sativus L.,TRUE
3125181406,SD00062774,SD,469140,"Camp Pendleton: Training Area Echo; west of Santa Margarita Peak; east of Case Springs Road, around Case Springs Lake",2012-05-30,Raphanus sativus L.,TRUE
3125181405,SD00062582,SD,469122,"Camp Pendleton Marine Corps Base, Juliet Training Area, along tributary of San Luis Rey River, just E of San Luis Rey Housing Area.",2009-04-09,Raphanus sativus L.,TRUE
3125181404,SD00062785,SD,469104,"Iron Mountain, Poway, ca. 0.1 mile east of Hwy 67, just south of junction with Poway Rd., north side of hiking trail, 1 mile west-northwest of Iron Mountain peak.",2006-05-24,Raphanus sativus L.,TRUE
3125181403,SD00062584,SD,469096,"San Marcos. E of La Moree Park, just NW of the bend of the road on Sandy Lane, N of La Moree Rd and S of Hwy 78.",2006-05-26,Raphanus sativus L.,TRUE
3125181402,SD00062639,SD,469078,"Southern Coast: Carlsbad; along Pacific Coast Highway 1; 0.8 km north of Batiquitos Lagoon, Encinitas 7.5' quad.",2004-12-20,Raphanus sativus L.,TRUE
3125181401,SD00062580,SD,469041,"North of Escondido, Circle R Drive 2.2 mi east of Old Hwy 395",2004-04-29,Raphanus sativus L.,TRUE
3125181400,SD00062572,SD,469023,"Kings River Area: East of Centerville, just S of State Hwy 180 (Kings Cyn. Rd.) at gravel quarry.",1997-04-03,Raphanus raphanistrum L.,TRUE
3125181399,SD00062739,SD,469005,Rancho Santa Fe,1930-05-03,Raphanus sativus L.,TRUE
3125181398,SD00062791,SD,468998,"Near mouth of Big River, south of Mendocino.",1932-07-25,Raphanus sativus L.,TRUE
3125181397,SD00062744,SD,468961,San Diego,1884-02,Raphanus sativus L.,TRUE
3125180407,SD00062803,SD,469178,"Sacramento Valley, along CA 20 (Colusa Highway), 0.3 mile west of South Tarke Road, 3.75 miles east of Meridian.",2014-03-21,Raphanus sativus L.,TRUE
3125180406,SD00062773,SD,469141,"Pala; Wilderness Gardens Preserve, entrance at 14209 Highway 76, at west edge of river at River View Trail crossing, near 0.25 miles NW of junction Highway 76 and Bodie Blvd.",2011-06-19,Raphanus sativus L.,TRUE
3125180405,SD00062583,SD,469123,"Camp Pendleton Marine Corps Base, Hotel Training Area, along Camp De Luz Road which runs along De Luz Creek, ca. 2 mi N of Camp De Luz.",2009-05-12,Raphanus sativus L.,TRUE
3125180404,SD00062729,SD,469105,"El Cajon, canyon at end of Boyington Pl, West of Fletcher Hills and East of Grossmont College, Northeast of Navajo Rd.",2006-06-21,Raphanus sativus L.,TRUE
3125180403,SD00062636,SD,469097,"Hellhole Canyon Open Space Preserve: east of Valley Center and northeast of Lake Wohlford; south-central portion of preserve, near old house foundation",2008-04-03,Raphanus sativus L.,TRUE
3125180402,SD00062691,SD,469079,"McGinty Mountain Ecological Reserve (California Fish & Game). SE of city El Cajon. SE of intersection of Willow Glen Dr and Hillsdale Rd, near old gravel pits in the Sweetwater River Floodplain.",2005-07-26,Raphanus sativus L.,TRUE
3125180401,SD00062748,SD,469060,"Goodan Ranch open space preserve, approx 500 yards south of entrance, near fire road",2005-02-17,Raphanus sativus L.,TRUE
3125180400,SD00062762,SD,469042,Allen Road canyon trail off Ft Stockton Dr. at Hickory St.near top of the canyon (path goes down into Mission Valley and ends at Hotel Circle South) ),2005-02-24,Raphanus sativus L.,TRUE
3125180399,SD00062740,SD,469024,North Park area of the city of San Diego; canyon just south of Juniper St. between 33rd St. and Commonwealth Ave.,1999-09-10,Raphanus sativus L.,TRUE
3125180398,SD00062664,SD,469006,San Onofre Bluffs State Beach.,1971-05-18,Raphanus sativus L.,TRUE
3125180397,SD00062711,SD,468999,Witch Creek,1893-04,Raphanus sativus L.,TRUE
3125180396,SD00062677,SD,468980,San Luis Rey,1937-04-15,Raphanus sativus L.,TRUE
3125180395,SD00062741,SD,468962,Chollas Valley,1884-04,Raphanus sativus L.,TRUE
3125179406,SD00062725,SD,469176,Camp Pendleton: eastern portion of Base; Juliet Training Area; southwest of Fallbrook & west of Bonsall; near Pilgrim's Creek just inside the Base boundary to the south of Fallbrook Weapons Station,2016-04-12,Raphanus sativus L.,TRUE
3125179404,SD00062651,SD,469121,"Camp Pendleton Marine Corps Base, along NW side of Pulgas Lake, Papa One Training Area.",2008-03-26,Raphanus sativus L.,TRUE
3125179403,SD00062631,SD,469103,"Del Dios Highlands County Preserve: SW of Escondido, just west of S-6 (Del Dios Highway) and NW of Lake Hodges; S of the main road/trail through the preserve in a riparian area",2008-05-16,Raphanus sativus L.,TRUE
3125179402,SD00062585,SD,469095,"San Diego, Balboa Park Golf Club, N of Club House in ravine between 28th St and Pershing Drive",2005-05-31,Raphanus sativus L.,TRUE
3125179401,SD00062641,SD,469077,"NE Escondidio, NE section of Lake Wohlford, along trail that parallels the North shore, ¬ to « mile E of East Parking Lot.",2005-10-06,Raphanus sativus L.,TRUE
3125179400,SD00062755,SD,469059,Otay Mountain Ecological Reserve (California Dept. of Fish & Game): Southeast of Otay Lake; near the gate just south of the bridge on Otay Lakes Road,2004-06-01,Raphanus sativus L.,TRUE
3125179399,SD00062685,SD,469040,Chula Vista Wildlife Reserve: in southeast SanDiego Bay; access via electrical power plant. (CVWR was constructed as mitigation for the adjacent J St. marina construction).,2004-08-24,Raphanus sativus L.,TRUE
3125179398,SD00062798,SD,469022,"San Dimas/Pomona area: Bonelli Regional Park, just NW of Puddingstone Reservoir, S of San Dimas Ave and E of the 210 Freeway.",1997-02-02,Raphanus sativus L.,TRUE
3125179397,SD00062568,SD,469004,Santa Catalina Island; south of Avalon golf course in open flat sandy bottom of Avalon Canyon.,1965-06-22,Raphanus raphanistrum L.,TRUE
3125179396,SD00062792,SD,468997,Del Monte,1932-07-15,Raphanus sativus L.,TRUE
3125179395,SD00061956,SD,468979,San Onofre,1937-04-15,Raphanus raphanistrum L.,TRUE
3125179394,SD00062712,SD,468960,Pacific Beach,1899,Raphanus sativus L.,TRUE
3125148882,SD00033973,SD,3774848,"San Clemente Island; North of HellBox at BUDS camp along chain fence, disturbed dunes area",2012-02-20,Raphanus raphanistrum L.,TRUE
3125147786,SD00029907,SD,3700299,South San Pasqual Valley; along dirt trail parallel to Bandy Canyon Road; near 90 yards east of junction Bandy Canyon Road and Santa Ysabel Creek Road; near parking lot,2017-05-26,Raphanus sativus L.,TRUE
3125146888,SD00033974,SD,3774849,"San Clemente Island; North of HellBox at BUDS camp along chain fence, disturbed dunes area",2012-02-20,Raphanus raphanistrum L.,TRUE
3125145396,SD00021403,SD,2890234,"Fallbrook Naval Weapons Station: west of Fallbrook; along Fallbrook Creek, east-central part of station just south of Ammunition Road in the vicinity of Building 351 and along the creek",2018-03-29,Raphanus sativus L.,TRUE
3125139898,SD00039724,SD,3963071,Poway; Kumeyaay Ipai Interpretive Center; 0.10 miles south of Poway Road; near southern terminus of Silver Lake Dr.,2019-04-11,Raphanus sativus L.,TRUE
3125116381,SD00062573,SD,1937799,"Behind greenhouse, University of Florida campus, Gainesville.",1967-01-27,Raphanus raphanistrum L.,TRUE
3125058385,SD00062724,SD,469173,Carlsbad; in vacant lot near east side of N Coast Hwy 101 (S-21); just north of La Costa Ave. and west of railroad tracks.,2012-02-11,Raphanus sativus L.,TRUE
3125058384,SD00062770,SD,469155,Camp Pendleton: Training Area India: eastern portion of Base; along the Santa Margarita River just southwest of the De Luz Road crossing,2014-05-08,Raphanus sativus L.,TRUE
3125058383,SD00062707,SD,469137,Eucalyptus County Park outside SE edge of city of La Mesa at Bancroft Dr and Edgewood Dr. Collected from perimeter of park (outside irrigated zones).,2010-02-21,Raphanus sativus L.,TRUE
3125058382,SD00062784,SD,469119,"Camp Pendleton Marine Corps Base, San Onofre Creek area, Alpha Two Training Area, ¬ mi south of Basilone Road, ca. « mi east of San Onofre Mobile Home Park.",2008-04-18,Raphanus sativus L.,TRUE
3125058381,SD00062634,SD,469100,Escondido. Riparian area west of Northwest Parking Lot in Jesmond Dene Park located on North Broadway.,2006-05-30,Raphanus sativus L.,TRUE
3125058380,SD00062719,SD,469092,"San Diego, Mission Trails Regional Park, Old Mission (Padre) Dam Historic Site, approx. 1 mi west of intersection of Mission Gorge Rd and West Hills Parkway; south side of San Diego River near dam.",2006-06-21,Raphanus sativus L.,TRUE
3125058379,SD00062643,SD,469074,"Poway. A field at the end of Meadowbrook Lane, W of Meadowbrook Middle School, W of Pomerado Rd.",2005-03-06,Raphanus sativus L.,TRUE
3125058378,SD00062751,SD,469056,"3 mi west of highway 15;Wetland area north of Camino Del Norte, west of Four Gee and south of Tallow Tree Lane.",2005-03-03,Raphanus sativus L.,TRUE
3125058377,SD00062686,SD,469038,"Point Loma Naval Facility, SPAWAR. Water Treatment Facility, Woodward St. entrance. Growing along roadside, in front of building #306, west of Gatchell Rd.",2003-04-03,Raphanus sativus L.,TRUE
3125058376,SD00013784,SD,469001,San Clemente Island; sandy beach behind Northwest Harbor.,1962-04-11,Raphanus raphanistrum L.,TRUE
3125058375,SD00062794,SD,468994,Northwest Guadalupe.,1932-08-25,Raphanus sativus L.,TRUE
3125058374,SD00062565,SD,468976,"Mar Vista, Pacific Beach",1937-01-18,Raphanus raphanistrum L.,TRUE
3125057363,SD00062705,SD,469151,"Cleveland National Forest, Cuyamaca Mountains, along Boulder Creek Road, 2.7 miles WNW of Cuyamaca Peak, 0.9 mile WSW of Sill Hill, 4.0 mile ESE Eagle Peak, 0.25 mile NW of junction with Tule Springs Road",2011-05-27,Raphanus sativus L.,TRUE
3125057362,SD00062680,SD,469133,"Santee, Approx. 100 yards west of the Mission Trails Regional Park trailhead at Big Rock Park on Mesa Road, ? mi E of Hwy 125.",2009-04-07,Raphanus sativus L.,TRUE
3125057361,SD00062731,SD,469115,City of San Diego in Urban Canyon just N of Mission Valley. Mission Center Road where it cuts under I-805 about half a mile North of Murray Ridge Road exit.,2006-05-14,Raphanus sativus L.,TRUE
3125057360,SD00062689,SD,469089,"City of San Diego; on utility road in canyon, 0.5 mi NE of inters of I-5 and Genesee Ave, 1 mi NNW of inters of Eastgate Mall and Genesee Ave, 0.8 mi SSE of inters of I-5 and I-805.",2006-07-03,Raphanus sativus L.,TRUE
3125057359,SD00062646,SD,469070,"Sycuan Peak Ecological Reserve (California Dept. of Fish & Game): southeast of Dehesa, southwest of Loveland Reservoir; on the lower northeast side of Sycuan Peak, just northeast of the Sloane Ranch",2005-04-19,Raphanus sativus L.,TRUE
3125057358,SD00062746,SD,469052,"City of Carlsbad, north dead-end of Hidden Valley Rd., just east of water tank",2005-01-01,Raphanus sativus L.,TRUE
3125057357,SD00062764,SD,469034,"Carmel Valley East of El Camino Real, South of Carmel Valley Rd. Up a Hill North of a Fertility Clinic",2004-04-14,Raphanus sativus L.,TRUE
3125057356,SD00062789,SD,469016,Santa Cruz Island; main ranch.,1939-08-15,Raphanus sativus L.,TRUE
3125057355,SD00062715,SD,468990,Field near Jamul,1934-03-26,Raphanus sativus L.,TRUE
3125057354,SD00062564,SD,468972,"Sweetwater River Bridge, Campo Road.",1936-03-12,Raphanus raphanistrum L.,TRUE
3125056397,SD00062722,SD,469175,City of San Diego; Fiesta Island; E Mission Bay; Perimeter road by Hidden Anchorage; about 1 mi W of intersection Tecolote Road and Morena Blvd; W of I-5 and N of I-8.,2012-02-08,Raphanus sativus L.,TRUE
3125056396,SD00062726,SD,469157,Rancho Santa Fe; Ewing Preserve; 0.13 mile E of intersection La Glorieta & Linea del Cielo (S-8); just N of La Sencilla.,2008-05-01,Raphanus sativus L.,TRUE
3125056395,SD00062706,SD,469139,Sweetwater Reservoir property: South of Jamacha Blvd. and just west of Reservoir Dr.; northeast side of the Reservoir,2012-04-19,Raphanus sativus L.,TRUE
3125056394,SD00062581,SD,469120,"Camp Pendleton Marine Corps Base. Santa Margarita River, on road parallel to river just east of Stuart Mesa Road.",2007-04-09,Raphanus sativus L.,TRUE
3125056393,SD00062632,SD,469102,"East La Costa area, north of San Marcos Creek, west of Vallecitos water district facility, west of Rancho Santa Fe Rd.",2005-03-26,Raphanus sativus L.,TRUE
3125056392,SD00062586,SD,469094,"Bratton Valley, Land surrounding 17536 Sierra Cielo Ln, 3 mi N of town of Dulzura, 1.25 mi SW of Lyons Peak summit, 1.5 mi NW of inters of Honey Springs Rd & Deerhorn Valley Rd.",2006-04-06,Raphanus sativus L.,TRUE
3125056391,SD00062642,SD,469076,"Los Penasquitos Canyon Preserve, 1.5 miles ESE of intersection I-15 and Poway Rd, S of Los Penasquitos Canyon Creek.",2005-06-26,Raphanus sativus L.,TRUE
3125056390,SD00062561,SD,469058,"Rancho Jamul Ecological Reserve: west of Hwy. 94, south of Jamul & north of Otay Lakes Road; southwest part of reserve on a north-facing slope just southwest of the old cement furnace",2004-05-25,Raphanus raphanistrum L.,TRUE
3125056389,SD00061955,SD,469021,National City,1952-04-01,Raphanus raphanistrum L.,TRUE
3125056388,SD00062801,SD,469003,Santa Catalina Island; canyon behind Bird Park.,1965-06-22,Raphanus sativus L.,TRUE
3125056387,SD00062799,SD,468996,El Segundo,1931-04-08,Raphanus sativus L.,TRUE
3125056386,SD00062552,SD,468978,San Onofre,1937-04-15,Raphanus raphanistrum L.,TRUE
3125055362,SD00062806,SD,469168,"Santa Catalina Island: N side of N Shore Road, 0.6 mile E of turn-off for Howland's Landing.",2000-05-18,Raphanus sativus L.,TRUE
3125055361,SD00062558,SD,469131,"Lakeside, Louis A. Stelzer County Park, just S of Wildcat Canyon Rd. about « mi. NE of its intersection with Willow Rd. Trail near Wildcat Canyon Creek about a half-mile W of Stelzer Summit.",2008-05-19,Raphanus raphanistrum L.,TRUE
3125055360,SD00062733,SD,469113,"Oceanside, 7 miles inland at Guajome County Park, directly E of the intersection of Mission Ave (Hwy 76) and North Santa Fe Ave",2007-05-05,Raphanus sativus L.,TRUE
3125055359,SD00062587,SD,469087,"Los Penasquitos Canyon Preserve, « mi W of the intersection of Black Mountain Rd. and Mercy Road on the main trail S.side of Penasquitos Creek between 1 & 2 mile markers.",2005-08-22,Raphanus sativus L.,TRUE
3125055358,SD00062559,SD,469069,"Los Caballos Horse Camp, Cuyamaca Rancho State Park. Around pipe corrals on loop road.",2004-05-18,Raphanus raphanistrum L.,TRUE
3125055357,SD00062709,SD,469050,"Special Dist., Cities of Del Mar & San Diego, .1 mi. S of San Dieguito Lagoon on path E of Racetrack View Dr., 1 mi. S of DM Racetrack, SE of (outside) E rim Crest Canyon, .8 mi E of coastline.",2005-04-07,Raphanus sativus L.,TRUE
3125055356,SD00062767,SD,469032,"Rose Canyon, alongside the road through the south of the canyon, West of Galloway trail",2004-04-06,Raphanus sativus L.,TRUE
3125055355,SD00062790,SD,469014,Santa Cruz Island; open area near corral at Prisoners' Harbor on the north side of the island.,1979-04-25,Raphanus sativus L.,TRUE
3125055354,SD00062736,SD,468989,"Shady slope, Young's Caves Canyon, Mission Valley",1935-03-29,Raphanus sativus L.,TRUE
3125055353,SD00062671,SD,468970,1 mile west of San Marcos.,1936-02-06,Raphanus sativus L.,TRUE
3125054371,SD00062779,SD,469171,Scripps Ranch; south edge of Pomerado Road; about 200 yards SW of intersection Fairbrook Road and Pomerado Road,2014-04-10,Raphanus sativus L.,TRUE
3125054370,SD00062703,SD,469153,Camp Pendleton: southeastern portion of Base; Training Area Lima; in a ruderal/disturbed area along a dirt road just south of a large parking lot on 4th Street,2014-04-16,Raphanus sativus L.,TRUE
3125054369,SD00062557,SD,469135,"San Miguel Ranch: East of Bonita and south of the Sweetwater Reservoir; south of the hill called Gobblers Nob, east of Highway 125 and just north of Proctor Valley Road",2011-05-31,Raphanus raphanistrum L.,TRUE
3125054368,SD00062727,SD,469117,"Crest, 1/2 mi E of intersect of Highline Trail, Holly Road and La Cresta Blvd.",2006-12-20,Raphanus sativus L.,TRUE
3125054367,SD00062688,SD,469090,"El Cajon, Flynn Springs, Flynn Springs County Park, Old Hwy 80, 1 mile east of its intersection with Lake Jennings Park Rd, south side of Los Coches Creek.",2006-06-28,Raphanus sativus L.,TRUE
3125054366,SD00062796,SD,469072,Prairie City SVRA,1990-03-17,Raphanus sativus L.,TRUE
3125054365,SD00062749,SD,469054,"Batiquitos Lagoon Ecological Reserve, north side east of the I-5 Fwy",2005-03-25,Raphanus sativus L.,TRUE
3125054364,SD00062659,SD,469036,"Camino Real and Santa Lucia, adjacent to Carmel River Marsh Reserve",1990-04-10,Raphanus sativus L.,TRUE
3125054363,SD00062710,SD,469018,"Pepperwood Ranch Natural Preserve, 3500 Franz Valley Road, Santa Rosa.",1986-12-17,Raphanus sativus L.,TRUE
3125054362,SD00062717,SD,468992,"Hillside, Mission Valley",1935-03-25,Raphanus sativus L.,TRUE
3125054361,SD00062679,SD,468974,1 mile south of San Onofre on U. S. 101.,1936-03-17,Raphanus sativus L.,TRUE
3125053370,SD00062780,SD,469170,Otay; Dennery Canyon; near 0.5 mi NW of intersection Ocean View Hills Parkway and Otay Mesa Road,2010-02-26,Raphanus sativus L.,TRUE
3125053369,SD00062702,SD,469152,Camp Pendleton: northwestern portion of Base; San Mateo Creek just west of Guacamole Road and near the convergence with Cristianitos Creek,2014-04-22,Raphanus sativus L.,TRUE
3125053368,SD00062777,SD,469134,"Santee, just W of terminus of Mast Blvd, « mile NNW of intersection Riverford Road and Hwy 67, N of San Diego River, E side of a hill with a water tank",2009-03-31,Raphanus sativus L.,TRUE
3125053367,SD00062730,SD,469116,"City of San Diego. Tecolote Canyon Open Space Preserve, « mi N of Linda Vista Road, near east end of Tecolote road 600 meters along trail, 50 meters south of east end of Gardena Avenue",2007-07-01,Raphanus sativus L.,TRUE
3125053366,SD00062645,SD,469071,"Approx. 8.5 miles north of city of Escondido, west of Lawrence Welk Court, about 2/10 mile west of Lawrence Welk Drive, west of Champagne Blvd and I-15.",2005-06-03,Raphanus sativus L.,TRUE
3125053365,SD00062753,SD,469053,"Rancho Jamul Ecological Reserve: west of Hwy. 94, south of Jamul & north of Otay Lakes Road; along Jamul Creek near old cement kiln",2003-07-25,Raphanus sativus L.,TRUE
3125053364,SD00062765,SD,469035,Scripps Ranch 0.5 mi E and 1 mi S of intersect of Pomerado Rd and Beeler Canyon Rd on flat shoulder of dirt road bed,2004-03-21,Raphanus sativus L.,TRUE
3125053363,SD00062795,SD,469017,"Santa Cruz Island; along Navy Road, 0.1 mile west of Bump Gate near Mount Pleasant.",1990-04-20,Raphanus sativus L.,TRUE
3125053362,SD00062716,SD,468991,"Mesa, east of East San Diego",1935-02-15,Raphanus sativus L.,TRUE
3125053361,SD00062553,SD,468973,Near Las Flores Station on U. S. 101.,1936-03-17,Raphanus raphanistrum L.,TRUE
3125052362,SD00062781,SD,469169,"City of San Diego; San Clemente Park south side route 52, just SW of junction I-805 and Highway 52; near Kroc Trail & by the creek.",2014-05-18,Raphanus sativus L.,TRUE
3125052361,SD00062704,SD,469150,"Olivenhain; along Escondido Creek, about 1.5 mile W of Olivenhain, area S of Rancho De Mayo, area near Little Oaks Park",2009-04-12,Raphanus sativus L.,TRUE
3125052360,SD00062681,SD,469132,"Boden Canyon Ecological Reserve at E end of San Pasqual Valley, along entrance road from Hwy 78 to Clevenger Canyon Quad: San Pasqual 7.5? Q.",2005-06-17,Raphanus sativus L.,TRUE
3125052359,SD00062734,SD,469114,"Oceanside: San Luis Rey River Valley, adjacent to SR76 at SE corner of SR76 and Loretta St., about 0.9km E Interstate 5.",2006-07-06,Raphanus sativus L.,TRUE
3125052358,SD00062690,SD,469088,"City of Vista. The Anstine-Audubon Bird Sanctuary. 170 meters north of intersection of Hutchinson Street and Osborne Street, 40 meters east of the home.",2006-04-01,Raphanus sativus L.,TRUE
3125052357,SD00062708,SD,469051,"About 12 miles north of Escondido, dirt road at intersection of Camino Del Rey and Old Highway 395, between I-15 and Old Highway 395",2005-04-22,Raphanus sativus L.,TRUE
3125052356,SD00062766,SD,469033,"San Diego Canyon: Switzer Canyon, east of 30th St; near the border of North Park and Golden Hill; North of Hwy94 and East of I-805",2004-04-04,Raphanus sativus L.,TRUE
3125052355,SD00060084,SD,469015,San Mateo Creek: S of San Clemente. Between agricultural field and I-5. Disturbed areas along edge of dirt road.,1986-06-07,Raphanus sativus L.,TRUE
3125052354,SD00062678,SD,468971,San Pasqual Battlefields.,1936-02-20,Raphanus sativus L.,TRUE
3125051396,SD00062723,SD,469174,"Sweetwater River valley; near National City and Chula Vista; N side of Bonita Rd; N side of intersection with Randy Lane, W of Willow Rd and E of 805",2012-02-11,Raphanus sativus L.,TRUE
3125051395,SD00062769,SD,469156,"City of San Diego; Tecolote Canyon Natural Park, east of Tecolote Nature Center; S of junction Cross Street & Gardena Avenue",2012-06-01,Raphanus sativus L.,TRUE
3125051394,SD00062775,SD,469138,Camp Pendleton: along the Santa Margarita River; northwest of Lake O'Neill and southwest of the hospital; just east of Santa Margarita Road in the vicinity of the dry ponds,2012-02-16,Raphanus sativus L.,TRUE
3125051393,SD00062635,SD,469101,"Poway, ca. ¬ mi SW of the intersection of Garden Road and Sycamore Canyon Rd, in field S of primary school.",2006-06-15,Raphanus sativus L.,TRUE
3125051392,SD00062721,SD,469093,"NE of Escondido, N side Lake Wohlford Road outside fenced parking lot near entrance to boat dock.",2006-05-11,Raphanus sativus L.,TRUE
3125051391,SD00062644,SD,469075,"North of North Broadway School at 2301 N Broadway, E of I-15 in Escondido.",2005-03-17,Raphanus sativus L.,TRUE
3125051390,SD00062750,SD,469057,"City of San Diego, Scripps Ranch, 0.5 miles East of Pomerado Rd on north side of Beeler Canyon Rd at the shoulder's edge.",2005-04-02,Raphanus sativus L.,TRUE
3125051389,SD00062763,SD,469039,Crestridge Ecological Reserve: west of La Cresta between Alpine and El Cajon,2003-04-15,Raphanus sativus L.,TRUE
3125051388,SD00062566,SD,469020,Mother Grundy Truck Trail,1997-04-08,Raphanus raphanistrum L.,TRUE
3125051387,SD00062666,SD,469002,"Canyon south of Natural History Museum, Balboa Park.",1962-05-18,Raphanus sativus L.,TRUE
3125051386,SD00062714,SD,468995,"Silver Strand,along roadside.",1932-03-15,Raphanus sativus L.,TRUE
3125051385,SD00062676,SD,468977,Mar Vista at Pacific Beach.,1937-01-18,Raphanus sativus L.,TRUE
3125050384,SD00062778,SD,469172,Lakeside; Lindo Lake Park; S side of Lakeshore Drive; along N shore between Vine Street and Petite Drive,2006-06-07,Raphanus sativus L.,TRUE
3125050383,SD00062771,SD,469154,Camp Pendleton: State Park Lease area: northwestern portion of Base; along the west side of Cristianitos Road approx. 1 mile north of the entrance to the Base & east of Cristianitos Creek,2014-04-30,Raphanus sativus L.,TRUE
3125050382,SD00062776,SD,469136,Border Field State Park: west of San Ysidro border crossing; south of Monument Road; just north of the USA/Mexico border fence; west-facing slope of Bunker Hill,2012-02-17,Raphanus sativus L.,TRUE
3125050381,SD00062728,SD,469118,"Ramona, 4 mi NW of, Clevenger Canyon, 75 yds E of Hwy 78 along Orosco Guejito Truck Trail by Santa Ysabel Creek",2007-05-19,Raphanus sativus L.,TRUE
3125050380,SD00062720,SD,469091,"Spring Valley/La Presa; North Shore of Sweetwater Reservoir, directly north of Gum Tree Cove.",2006-04-02,Raphanus sativus L.,TRUE
3125050379,SD00062640,SD,469073,"Carlsbad, Agua Hedionda Ecological Reserve, near El Camino Real and Cannon Rd., along lower Agua Hedionda Creek",2004-05-28,Raphanus sativus L.,TRUE
3125050378,SD00062752,SD,469055,"Damon Lane County Park in south El Cajon. South on Jamacha, right on Fury. Then right on Wieghorst, left on Calle Albara.",2004-07-05,Raphanus sativus L.,TRUE
3125050377,SD00062658,SD,469037,"Solana Beach, Homewood Canyon, SE side of San Elijo Lagoon, west-facing slope",1990-04-20,Raphanus sativus L.,TRUE
3125050376,SD00060083,SD,469019,"Laguna Mountains, Escondido Creek, ¬ mile west of Sunrise Highway, near creek.",1993-08-31,Raphanus raphanistrum L.,TRUE
3125050375,SD00062554,SD,469000,National City,1952-04-01,Raphanus raphanistrum L.,TRUE
3125050374,SD00062793,SD,468993,"Sand dunes, near ocean, San Francisco.",1933-08-15,Raphanus sativus L.,TRUE
3125050373,SD00062674,SD,468975,"Buena, 7 miles north of Escondido on U. S. 395.",1936-03-27,Raphanus sativus L.,TRUE
3125049364,SD00062807,SD,469167,"Santa Catalina Island: Goat Harbor, above E end of beach.",1999-05-21,Raphanus sativus L.,TRUE
3125049363,SD00062555,SD,469149,"Peninsular Ranges, San Ysidro Mountains: SE side of Otay Mtn., Marron Valley, along Cottonwood Creek ca 1 km N of the Mexican border (Otay 7.5'Q)",2003-05-03,Raphanus raphanistrum L.,TRUE
3125049362,SD00062654,SD,469130,"Santee, Open hills behind (east) of Santee City Hall and about 0.1 miles north of north end of Healy Street",2008-03-01,Raphanus sativus L.,TRUE
3125049361,SD00062732,SD,469112,"Buena Vista Lagoon Ecological Reserve, Carlsbad, north side of lagoon between Carlsbad Blvd., and the RR.",2005-06-22,Raphanus sativus L.,TRUE
3125049360,SD00062588,SD,469086,"East of Escondido, on dirt road N of Hwy 78 (San Pasqual Valley Rd), ca. « mi W of intersection with Via Rancho Parkway.",2006-03-08,Raphanus sativus L.,TRUE
3125049359,SD00062560,SD,469068,"Los Caballos equestrian camp, along loop road around horse corrals. Cuyamaca Rancho State Park",2004-04-19,Raphanus raphanistrum L.,TRUE
3125049358,SD00062660,SD,469031,Roland Reed's Mine on Pala Chief Mountain,2003-05-17,Raphanus sativus L.,TRUE
3125049357,SD00062665,SD,469013,Imperial Beach,1984-05-08,Raphanus sativus L.,TRUE
3125049356,SD00062800,SD,468988,Palos Verdes,1931-02-21,Raphanus sativus L.,TRUE
3096941656,SFSU-VP-000839,SFSU,4564850,"at intersection of Hwy. 1, and road to Mendocino Biological Station, Jackson State Forest",1961-02-04,Raphanus sativus L.,TRUE
3096941655,SFSU-VP-000845,SFSU,4564844,roadside between Redwood Gate and main parking lot,1981-05-14,Raphanus sativus L.,TRUE
3096941654,SFSU-VP-000846,SFSU,4564843,"Hayward Regional Shoreline, Hayward, ca. 1.5 km north of the San Mateo bridge; on levees",1981-05,Raphanus sativus L.,TRUE
3096941653,SFSU-VP-000843,SFSU,4564846,"Tiburon freshwater marsh, along S edge",1980-06-30,Raphanus sativus L.,TRUE
3096941652,SFSU-VP-000844,SFSU,4564845,Tomales Bay State Park. Indian Beach,1970-03-16,Raphanus sativus L.,TRUE
3096941651,SFSU-VP-000841,SFSU,4564848,Angel Island. On cliffs directly above water at Simpton Point,1967-05-02,Raphanus sativus L.,TRUE
3096941650,SFSU-VP-000842,SFSU,4564847,Bolinas Lagoon,1969-03-25,Raphanus sativus L.,TRUE
3096941649,SFSU-VP-000840,SFSU,4564849,Audubon Canyon Ranch,1967-04-17,Raphanus sativus L.,TRUE
3096941648,SFSU-VP-000849,SFSU,4564840,"near sidewalk, 19th Avenue, S.F.S.U. Campus area, San Francisco",1974-06,Raphanus sativus L.,TRUE
3096941647,SFSU-VP-000847,SFSU,4564842,"Hayward Regional Shoreline, Hayward, ca. 1.5 km north of the San Mateo bridge; in the wrack zone, Duck Is.",1981-05,Raphanus sativus L.,TRUE
3096941646,SFSU-VP-000848,SFSU,4564841,"Tiburon Peninsula, bordering Tiburon Blvd, 30 m se of junc. w/ Rockhill Dr.",1991-05-18,Raphanus sativus L.,TRUE
3096941500,SFSU-VP-000831,SFSU,4567200,San Bruno Mts. on Guadalupe Rd.,1963-03-12,Raphanus sativus L.,TRUE
3096941498,SFSU-VP-000830,SFSU,4567201,"on 1/3 acre plot, San Miguel Drive and El Camino Corto, 47 m from street to yard",1992-03-15,Raphanus raphanistrum L.,TRUE
3096941496,SFSU-VP-000829,SFSU,4567202,"Ca 2 mi e of Lagunitas; along shdr Sir Francis Drake Blvd, hwy marker A103/10.26",1991-04-27,Raphanus raphanistrum L.,TRUE
3096941495,SFSU-VP-000828,SFSU,4567203,"Mountain Lake, West Pacific Ave. Along roadside, San Francisco",1980-05-11,Raphanus raphanistrum L.,TRUE
3096941438,SFSU-VP-000838,SFSU,4567193,"Hwy. 1, at junction of old county road, 2.3 mi. portn of Big Sur",1965-02-21,Raphanus sativus L.,TRUE
3096941437,SFSU-VP-000837,SFSU,4567194,"Across Sagehen Creek from Tool Shed, University of California Sagehen Creek Wildlife Field Station.",1970-07-24,Raphanus sativus L.,TRUE
3096941436,SFSU-VP-000836,SFSU,4567195,"19th Ave and Winston Dr., San Francisco",1962-06-27,Raphanus sativus L.,TRUE
3096941435,SFSU-VP-000835,SFSU,4567196,"Land's End, on main path; along side of road, San Francisco",1980-05-09,Raphanus sativus L.,TRUE
3096941434,SFSU-VP-000834,SFSU,4567197,"Mount Lake W. Pac. Ave., San Francisco",1980-04-09,Raphanus sativus L.,TRUE
3096941433,SFSU-VP-000833,SFSU,4567198,"near Handball courts at east end of Cox Stadium, San Francisco State College Campus, San Francisco",1960-03-13,Raphanus sativus L.,TRUE
3096941432,SFSU-VP-000832,SFSU,4567199,Half Moon Bay at Pillar Point Harbor; field next to parking lot,1984-02-19,Raphanus sativus L.,TRUE
3096862305,OBI148565,OBI,4562413,"Goleta, North Campus Open Space.",2017-12-20,Raphanus sativus L.,TRUE
3091277621,ASC00048302,ASC,20201635,"Oak Glen Road, NE of Yucaipa, 1.5 mi from Bryant Street.",1985-04-28,Raphanus sativus L.,TRUE
3091277620,ASC00026971,ASC,20201638,Roadside along Hwy 80 - 2 miles outside city of Alpine,1974-11-10,Raphanus sativus L.,TRUE
3091277605,ASC00024395,ASC,20201640,"Vacant lot on north side of Garnet Street, 2000 block, Pacific Beach",1965-04-15,Raphanus sativus L.,TRUE
3091277583,ASC00022906,ASC,20201654,5 miles west of Fillmore,1967-03-03,Raphanus sativus L.,TRUE
3091277581,ASC00068860,ASC,20201655,Hammond Basin. Small park just E of Ft. Stevens. Shore of Columbia River where it meets Pacific Ocean.,2000-08-04,Raphanus sativus L.,TRUE
3091277553,ASC00030079,ASC,20201639,"Below Wesley Palms, about 3/4 mile northeast of Pacific Beach",1964-03-30,Raphanus sativus L.,TRUE
3091277551,ASC00050310,ASC,20201633,"Town and Country, off Main street in Orange",1975-05-31,Raphanus sativus L.,TRUE
3091277550,ASC00027670,ASC,20201632,"State Hwy 1, 2 mi S of Muir Beach View Point, 15 mi NW of San Francisco",1975-03-29,Raphanus sativus L.,TRUE
3091277546,ASC00036556,ASC,20201647,La Jolla,1981-03-21,Raphanus sativus L.,TRUE
3091277545,ASC00020131,ASC,20201649,Near Morro Bay Hwy. 41,1968-04-05,Raphanus sativus L.,TRUE
3091277543,ASC00020930,ASC,20201653,"Adams Park, 1 mile north of Lompoc on Hwy S-20",1971-05-15,Raphanus sativus L.,TRUE
3091277542,ASC00024773,ASC,20201651,"Storke campus, UCSB slough, between Los Carneros, El Colegio, and Storke Rds. 2 miles west of Goleta Post Office Isla Vista",1972-02-18,Raphanus sativus L.,TRUE
3091277514,ASC00024118,ASC,20201631,"Glendora, vacant lot",1973-03-22,Raphanus raphanistrum L.,TRUE
3091204934,ASC00109140,ASC,6626604,Near Cambria,1990-03-16,Raphanus sativus L.,TRUE
3079208116,CSUSB92104,CSUSB,1294397,Wash area off Oak Glen Road,1972-04-29,Raphanus sativus L.,TRUE
3079208113,csusb92108,CSUSB,1294392,"Found in vacant behind A. & I. dorm at University of California, Riverside.",1970-04-14,Raphanus raphanistrum L.,TRUE
3079208111,csusb92106,CSUSB,1294393,"Lorraine Ave., Leucadia",1970-05-15,Raphanus sativus L.,TRUE
3079208110,CSUSB92102,CSUSB,1294395,Riverside city. Found in open field west of the corner of Blain Street and Canyon Crest. 50 yards from corner in back of a house.,1966-03-02,Raphanus sativus L.,TRUE
3079208109,csusb92105,CSUSB,1294394,"1/2 mile north of Highway 60, on Heacock Ave., Sunnymead",1975-06-05,Raphanus sativus L.,TRUE
3079208107,CSUSB92103,CSUSB,1294396,"Corona Del Mar, at the State Park Beach, growing at bottom of steps in sandy soil along with Mesembryanthemum crystallinum.",1964-05-10,Raphanus sativus L.,TRUE
3079207893,csusb92107,CSUSB,1294389,"Greenspot near Highway 38, above Mentone.",1973-05-16,Raphanus sativus L.,TRUE
3068462680,1996,MCCC,3949199,"Scattered throughout park, California State Park",1961-08-12,Raphanus raphanistrum L.,TRUE
3068461964,503,MCCC,3949203,17700 Franklin Road,1982-06-05,Raphanus sativus L.,TRUE
3068461963,240,MCCC,3949204,4 mi. E. of Hwy. 1 on Simpson Lane,1982-03-10,Raphanus sativus L.,TRUE
3068461957,1995,MCCC,3949201,"All through lower area, Van Damme State Park",1961-08-10,Raphanus sativus L.,TRUE
3068461955,1994,MCCC,3949202,"Scattered throughout park in open grassy areas, California State Park",1961-08-12,Raphanus sativus L.,TRUE
3059713160,CDA-0003828,CDA,4078612,2 miles north of Novato.,1958-10-16,Raphanus raphanistrum L.,TRUE
3059710070,CDA-003834,CDA,4083924,"Cosumnes River Preserve - Tall Forest East. Collected from west side of small dirt road approximately 350 meters southeast of the Equipment Pad. This road runs adjacent to the east side of the Tall Forest, near the Levee Break area.",1997-07-16,Raphanus sativus L.,TRUE
3059709432,CDA-0015456,CDA,4068227,At 600 W. Main in Turlock. Central Valley.,1999-03-03,Raphanus raphanistrum L.,TRUE
3059709427,CDA-0015457,CDA,4068228,600 W. Main in Turlock. Central Valley.,1999-03-03,Raphanus raphanistrum L.,TRUE
3059706193,CDA-0037070,CDA,4083202,"Rominger Prop. north of County Road 19, east of County Road 92C, west of County Road 94B.",NA,Raphanus sativus L.,TRUE
3059692789,CDA-0003827,CDA,4072307,Transverse Ranges; San Gabriel Mountains region: Kagel Canyon.,1973-04-08,Raphanus raphanistrum L.,TRUE
3059687204,CDA-0007749,CDA,4076029,"San Jacinto, 950 N. Ramona Blvd.",2008-03-11,Raphanus raphanistrum L.,TRUE
3059684860,CDA-0034530,CDA,4095379,"Old Sacramento Road, ca. 1/2 mile northeast of Hwy 16.",2010-04-16,Raphanus raphanistrum L.,TRUE
3059684857,CDA-0025105,CDA,4095378,"Hammond; shore of the Columbia River in the boat basin. (46.20615° N, 123.95159° W, WGS84).",2006-09-11,Raphanus raphanistrum L.,TRUE
3059684856,CDA-0018774,CDA,4095376,10 km. N of San Diego. Southern California.,2000-03-16,Raphanus raphanistrum L.,TRUE
3059684855,CDA-0012316,CDA,4095375,Disturbed right-of-way SR 99 between Bakersfield and Delano. San Joaquin Valley.,1992-04-19,Raphanus raphanistrum L.,TRUE
3059684854,CDA-0025103,CDA,4095377,"Remington Place. Western side of Clyde Road, Hartsville.",2000-03-09,Raphanus raphanistrum L.,TRUE
3059684853,CDA-0049159,CDA,4095384,"Ave 15, Madera, CA 3/8 mile from Hwy 42.",2016-02-16,Raphanus raphanistrum L.,TRUE
3059684852,CDA-0008773,CDA,4095374,"By the junction of 5th Street and B Street, Williams. (39.1586° N,122.14724° W).",2007-03-22,Raphanus raphanistrum L.,TRUE
3059684851,CDA-0049158,CDA,4095383,"Rd side on Raymond Rd, Madera, CA 93638. Turning from Cleveland/Tozer.",2016-02-29,Raphanus raphanistrum L.,TRUE
3059684850,CDA-0043944,CDA,4095382,"North Gate Road on west side of Mount Diablo, hairpin turn opposite Angel Kerley trailhead.",1998-05-13,Raphanus raphanistrum L.,TRUE
3059684849,CDA-0003833,CDA,4095380,"Mt. Pleasant District, 5 miles northeast of Lincoln.",1959-05-20,Raphanus sativus L.,TRUE
3059684848,CDA-0012718,CDA,4095388,Vicinity of gravel mining operation at Mississippi Bar. Natoma Unit - Folsom Lake State Rec. Area.,1990-05-16,Raphanus sativus L.,TRUE
3059684847,CDA-0008344,CDA,4095387,"Camp Pendleton Marine Corps Base, Blue Beach Training Area, south of LCAC (Landing Craft Air Cushion) strip, 1/2 mile northwest of the Santa Margarita River outlet/estuary into the Pacific Ocean. Square: G4.",2007-03-26,Raphanus sativus L.,TRUE
3059684846,CDA-0016146,CDA,4095389,"Corner of Power Line Rd and Del Paso, Sacramento, ± 1 mi W of I-5. Sacramento Valley.",1999-04-10,Raphanus sativus L.,TRUE
3059684845,CDA-0043178,CDA,4095381,"Hwy 58, just E of Santa Margarita cemetery.",1998-06-05,Raphanus raphanistrum L.,TRUE
3059684844,CDA-0059481,CDA,4095386,"Fleming Ranch, Millerton-Auberry Rd, unirrigated cattle pasture.",1978-05-16,Raphanus raphanistrum L.,TRUE
3059684843,CDA-0059482,CDA,4095385,Fresno.,1985-04-04,Raphanus raphanistrum L.,TRUE
3059684842,CDA-0018779,CDA,4095392,Bodega Bay. Northern California.,2000-03-28,Raphanus sativus L.,TRUE
3059684841,CDA-0020839,CDA,4095395,Vicinity of Santa Maria Union High School. South Central Coast.,1908-03-27,Raphanus sativus L.,TRUE
3059684840,CDA-0019865,CDA,4095394,"720 Los Animas, Gilroy. San Francisco Bay Area.",2002-05-23,Raphanus sativus L.,TRUE
3059684839,CDA-0019431,CDA,4095393,"E side of Jaeger Rd, ± 0.5 mi S of Douglas Blvd. ± 1 mi E of Sunrise Blvd, Sacramento. Sacramento Valley.",2002-05-01,Raphanus sativus L.,TRUE
3059684838,CDA-0016211,CDA,4095391,Roadside at I-5 exit to River Rd. ± 3-4 mi S of Woodland on W side. Sacramento Valley.,1999-04-25,Raphanus sativus L.,TRUE
3059684837,CDA-0016210,CDA,4095390,I-5 exit to River Rd. ± 3-4 mi S of Woodland on W side. Sacramento Valley.,1999-04-25,Raphanus sativus L.,TRUE
3059684831,CDA-0030837,CDA,4095399,"Sacramento; in an empty lot behind residential housing on 32nd Street, just north of Ellwood Avenue and just west of Wainscott Way. Adjacent to the Light Rail Station off of Meadowview Road.",2009-11-17,Raphanus sativus L.,TRUE
3059684830,CDA-0030836,CDA,4095398,On strip of median that separates north and southbound I-505.,2010-05-12,Raphanus sativus L.,TRUE
3059684826,CDA-0025104,CDA,4095397,Along Oregon Street at Rose Garden bus stop; downtown Portland.,2000-07-01,Raphanus sativus L.,TRUE
3059684824,CDA-0023557,CDA,4095396,"Crockett. Under Zampa (Carquinez) Bridge. ,Carquinez Strait.",2008-03-30,Raphanus sativus L.,TRUE
3059684612,CDA-0035919,CDA,4095403,Side of I-80 in vicinity of Vacaville.,2011-07-09,Raphanus sativus L.,TRUE
3059684609,CDA-0035804,CDA,4095402,"Latrobe Rd. at Michigan Bar Rd. about 3.5 miles west of Latrobe and 0.3 miles west of the El Dorado County line. ,Sacramento Valley; edge of Sierra Nevada foothills.",2007-03-14,Raphanus sativus L.,TRUE
3059684607,CDA-0034482,CDA,4095401,"Dixon: immediately east of I-80, just south of West A Street, on gravelly roadside in between the highway's exit and onramp here. Slightly northeast of Batavia Road.",2010-12-02,Raphanus sativus L.,TRUE
3059684604,CDA-0032866,CDA,4095400,Sacramento: Meadowview Road near CDFA facility.,1980-01-01,Raphanus sativus L.,TRUE
3059684570,CDA-0049892,CDA,4095414,"35.2652N, -120.6850W, elev 42.6 m. Grassland near lake with full exposure. Brown, compact soil.",2017-02-21,Raphanus sativus L.,TRUE
3059684564,CDA-0045392,CDA,4095412,"Along CA-20 (Colusa Hwy), 0.3 mile west of South Tarke Road, 3.75 miles east of Meridian. Sacramento Valley.",2014-03-21,Raphanus sativus L.,TRUE
3059684562,CDA-0049115,CDA,4095413,Northeast of Clovis off of Hwy 168 E.,2016-02-06,Raphanus sativus L.,TRUE
3059684560,CDA-0043873,CDA,4095411,"Tremont Road, 0.8 mile west of Mace Blvd, 3.8 mi. (air) SE of Davis. Southern Sacramento Valley.",2010-04-14,Raphanus sativus L.,TRUE
3059684558,CDA-0043867,CDA,4095410,"Tremont Road, 0.8 mile west of Mace Blvd, 3.8 mi. (air) SE of Davis. Southern Sacramento Valley.",2010-04-14,Raphanus sativus L.,TRUE
3059684548,CDA-0003832,CDA,4095408,Southwest corner of Mare Island. Carquinez Strait.,2005-06-17,Raphanus sativus L.,TRUE
3059684547,CDA-0043702,CDA,4095409,"Camp Pendleton: Training Area Echo; west of Santa Margarita Peak, east of Case Springs Road, around Case Springs Lake. Square: B4.",2012-05-30,Raphanus sativus L.,TRUE
3059684541,CDA-0003830,CDA,4095406,Southwest corner of Mare Island. Carquinez Strait.,2005-06-17,Raphanus sativus L.,TRUE
3059684539,CDA-0003829,CDA,4095405,"Mt. Pleasant District, 5 miles northeast of Lincoln.",1959-05-20,Raphanus sativus L.,TRUE
3059684536,CDA-0037168,CDA,4095404,"Loomis; David Takagishi property, northeast of the junction of Sierra College Blvd. & Interstate 80.",1975-04-17,Raphanus sativus L.,TRUE
3059684485,NA,CDA,4095418,"Trimmer Springs and Belmont Ave, disturbed ground next to vineyard with Erodium, Stellaris.",1978-03-02,Raphanus sativus L.,TRUE
3059684484,NA,CDA,4095416,Along the rail tracks near the corner of Foothill Rd. and California St.,2001-03-07,Raphanus sativus L.,TRUE
3059684483,CDA-0059484,CDA,4095417,.,1932-07-01,Raphanus sativus L.,TRUE
3059684477,CDA-0049955,CDA,4095415,"Laguna Lake Trail, to the right of the concrete road, grassland. 35.2669192N, -120.6862836W, 148 m. Next to riparian area, moderate slope, no shade. Annual herb, flowers purple and white inflorescence, to 0.5 m, sparse.",2017-02-05,Raphanus sativus L.,TRUE
3059679689,NA,CDA,4085988,"Laguna Lake Park, in small field off to the right of the lake dock and small parking lot. 36.2265, -120.6873.",2018-03-08,Raphanus raphanistrum L.,TRUE
3059679127,NA,CDA,4085847,"Laguna Lake park, between Madonna Rd and Laguna Lake, just off walking path.35.2603, -120.6832. Elev 37.9 m.",2018-02-23,Raphanus sativus L.,TRUE
3059677067,NA,CDA,4075140,"11314 Lower Azusa Rd, El Monte 91732. 34.09151, -118.02066. 19- Los Angeles; 60-General Botany - Weed; 22-Nursery Stock, Container Grown; NREG-Nursery regulatory",2018-05-09,Raphanus raphanistrum L.,TRUE
3059667876,CDA-0043773,CDA,4084876,"Nipomo Mesa, Pomeroy Rd, 0.2 mi N of Willow Rd. Central Coast.",2004-02-11,Raphanus raphanistrum L.,TRUE
3059664336,CDA-0047965,CDA,4074851,"West Sacramento, west of Mill street, south of S. River Rd.",2017-06-09,Raphanus raphanistrum L.,TRUE
3059664332,CDA-0047964,CDA,4074850,"West Sacramento, west of Mill street, south of S. River Rd.",2017-06-09,Raphanus raphanistrum L.,TRUE
3059664326,CDA-0047966,CDA,4074852,"West Sacramento, west of Mill street, south of S. River Rd.",2017-06-09,Raphanus raphanistrum L.,TRUE
3059664048,CDA-0025632,CDA,4084012,"Along Highway CA-88, 1.0 mile southwest of Clements at Disch Road. ,Northern San Joaquin Valley.",2007-10-13,Raphanus raphanistrum L.,TRUE
3059661955,CDA-0025212,CDA,4084283,"Junction of Collier Road and CA-88, 1.1 miles north of the junction of CA-12 and CA-88, northeast of Lodi. ,San Joaquin Valley.",2008-10-09,Raphanus sativus L.,TRUE
3053482158,SBBG174263,SBBG,3771777,"Fallbrook Naval Weapons Station: W of Fallbrook; along Fallbrook Creek, E-central part of station just S of Ammunition Rd in vicinity of Building 351 and along the creek",2018-03-29,Raphanus sativus L.,TRUE
3053479687,SBBG213845,SBBG,407313,"Villanova Prep School, undeveloped hillsides and grasslands on S side of campus, Ojai Valley.",2010-02-14,Raphanus sativus L.,TRUE
3053477856,SBBG166103,SBBG,2264695,Storke Ranch Open Space; west side of eastern vernal pool fenced area.,2019-03-01,Raphanus sativus L.,TRUE
3053476544,SBBG213781,SBBG,157452,"campus, Univ of Rhode Island, Kingston",1975-06-05,Raphanus raphanistrum L.,TRUE
3053472292,SBBG213851,SBBG,152436,San Miguel Island: Simonton Cove,1994-08-05,Raphanus sativus L.,TRUE
3053468736,SBBG213823,SBBG,141265,Lompoc,1927-05-07,Raphanus sativus L.,TRUE
3053466536,SBBG155411,SBBG,137222,San Clemente Island: behind Northwest Harbor,1962-04-11,Raphanus raphanistrum L.,TRUE
3053464496,SBBG155529,SBBG,136410,"Santa Rosa Island: Bechers Harbor, Eucalyptus wind-row between pier and ranch",1965-05-18,Raphanus sativus L.,TRUE
3053463270,SBBG155410,SBBG,132420,Santa Catalina Island: near temporary pool above ranch in Middle Ranch Cyn,1966-04-29,Raphanus raphanistrum L.,TRUE
3053462243,SBBG187496,SBBG,131645,Santa Rosa Island: off Smith Hwy,2015-03-04,Raphanus raphanistrum L.,TRUE
3053460872,SBBG213850,SBBG,124275,"oak woodland between Krotona Hill and Hwy 33, Ojai Valley",2015-02-16,Raphanus sativus L.,TRUE
3053459484,SBBG213825,SBBG,116271,"above beach, University of California Santa Barbara",1959-07-08,Raphanus sativus L.,TRUE
3053452968,SBBG213844,SBBG,106537,Oceanside,1977-03-29,Raphanus sativus L.,TRUE
3053452564,SBBG213814,SBBG,98493,"West Beach, Santa Barbara",1945-07-17,Raphanus raphanistrum L.,TRUE
3053452303,SBBG155408,SBBG,93254,"Santa Cruz Island: Central Valley, along Valley Rd 0.1 mi W of The Nature Conservancy cabins",1990-05-29,Raphanus raphanistrum L.,TRUE
3053451100,SBBG213812,SBBG,108810,Los Padres National Forest; upper Camuesa Camp Rd,1939-05-15,Raphanus raphanistrum L.,TRUE
3053448221,SBBG213835,SBBG,110889,Pomona,1944-04-23,Raphanus sativus L.,TRUE
3053445994,SBBG213830,SBBG,106233,near seepage 0.25 mi E of Arroyo Burro Beach [Hendry Beach],1967-11-23,Raphanus sativus L.,TRUE
3053443243,SBBG213841,SBBG,92110,"St Hwy 223, ca. 1 mi S of jct with St Hwy 58",1967-04-30,Raphanus sativus L.,TRUE
3053441744,SBBG213849,SBBG,81912,"Ormond Beach at end of McWane Blvd., west of Arcturus Ave. South of Port Hueneme, Oxnard.",2015-03-17,Raphanus sativus L.,TRUE
3053440642,SBBG213828,SBBG,79706,"behind dunes, Signal Oil Company lease property, W of Coal Oil Pt Reserve",1974-01,Raphanus sativus L.,TRUE
3053439850,SBBG155399,SBBG,84127,Santa Catalina Island; Middle Ranch Canyon; Middle Ranch amid buildings.,2015-02-15,Raphanus raphanistrum L.,TRUE
3053437662,SBBG155407,SBBG,79994,"Santa Cruz Island: Prisoners' Harbor, N side of magazine building",1990-04-10,Raphanus raphanistrum L.,TRUE
3053435488,SBBG213818,SBBG,76355,Olivas Adobe Rd adjacent to Olivas Adobe Park Golf Course; Ventura,2001-09-19,Raphanus sativus L.,TRUE
3053435073,SBBG213810,SBBG,87856,"Tunnel Rd, Mission Cyn",1944-05-05,Raphanus raphanistrum L.,TRUE
3053425643,SBBG155402,SBBG,59642,"Santa Rosa Island: Bechers Harbor, Eucalyptus wind-row between pier and ranch",1965-05-18,Raphanus raphanistrum L.,TRUE
3053423729,SBBG213824,SBBG,61217,"Santa Ynez Mtns: W of Botanic Garden, Mission Cyn",1944-01-09,Raphanus sativus L.,TRUE
3053422132,SBBG155536,SBBG,49448,Santa Cruz Island: Smugglers Cove,1930-06-15,Raphanus sativus L.,TRUE
3053421874,SBBG155534,SBBG,44308,"Santa Cruz Island: Navy Rd, 0.1 mi W of Bump Gate near Mt Pleasant",1990-04-20,Raphanus sativus L.,TRUE
3053421116,SBBG213827,SBBG,49117,"Santa Ynez Mtns: N end of Cheltenham Rd at Montrose Place above Tunnel Rd, Mission Cyn",1943-09-10,Raphanus sativus L.,TRUE
3053420276,SBBG213832,SBBG,52482,Pacific Missile Test Center: Beach and Laguna Rds,1983-06-07,Raphanus sativus L.,TRUE
3053419791,SBBG213779,SBBG,42726,"campus, Univ of Rhode Island, Kingston",1978-07-22,Raphanus raphanistrum L.,TRUE
3053417335,SBBG213840,SBBG,33390,El Sequndo dunes immediately W of Los Angeles Int'l Airport and E of Vista Del Mar Blvd,1988-05-18,Raphanus sativus L.,TRUE
3053416017,SBBG213834,SBBG,47113,San Fernando Valley,1947-04-04,Raphanus sativus L.,TRUE
3053415849,SBBG155537,SBBG,43829,Santa Cruz Island: cattle barnyard in Cyn Cebada,1961-03-12,Raphanus sativus L.,TRUE
3053412306,NA,SBBG,3945547,"Santa Catalina Island: White's Landing Beach, just W of pier, near bluffs at S end of beach.",1995-07-14,Raphanus raphanistrum L.,TRUE
3053406374,SBBG230712,SBBG,4060635,West side of Price Canyon Rd.,2020-05-14,Raphanus sativus L.,TRUE
3053403450,SBBG204337,SBBG,4418728,"Lake Piru area, Dominguez Cyn, in vicinity of Rodeo Flat within Piru Burn, Los Padres National Forest",2004-04-02,Raphanus sativus L.,TRUE
3053402864,SBBG156693,SBBG,2914773,"Santa Cruz Island: S side of Christy [Christi] airfield, at confluence of Canada Christy [Christi] and Canada Cebada",1979-07-10,Raphanus raphanistrum L.,TRUE
3053397950,NA,SBBG,3621576,"Goleta, Del Sol Vernal Pool, south end of the parcel near apartments.",2019-04-26,Raphanus L.,TRUE
3053395728,SBBG213819,SBBG,1430242,"Arroyo Conejo Creek vicinity of Camarillo sewage treatment plant, City of Camarillo",2014-03-25,Raphanus sativus L.,TRUE
3053395005,NA,SBBG,3656309,"Isla Vista Parks and Recreation vernal pools, W side of Camino Corto, in large pool and adjacent upland.",2019-04-26,Raphanus sativus L.,TRUE
3053394556,SBBG155530,SBBG,158155,"Santa Rosa Island: Bechers Harbor, Eucalyptus wind-row between pier and ranch",1965-05-18,Raphanus sativus L.,TRUE
3053392022,SBBG213846,SBBG,147598,"Villanova Prep School, undeveloped hillsides and grasslands on S side of campus, Ojai Valley.",2010-02-14,Raphanus sativus L.,TRUE
3053391870,SBBG155531,SBBG,144474,Santa Cruz Island: Smugglers Cove,1930-06-15,Raphanus sativus L.,TRUE
3053390289,SBBG155535,SBBG,152545,"Santa Cruz Island: W end of airfield, 1.8 km ESE of Christi Ranch, Canada Cebada",1981-03-24,Raphanus sativus L.,TRUE
3053387076,SBBG213813,SBBG,148536,W of Ventura River estuary,1967-05-25,Raphanus raphanistrum L.,TRUE
3053384169,SBBG213831,SBBG,150366,"Fort Hunter Liggett: Rancho Milpitas Housing area, ca. 2 km E of San Antonio River, ca. 2.5 km W of Ruby Cyn; Ft Hunter Liggett",1996-04-22,Raphanus sativus L.,TRUE
3053381784,SBBG155542,SBBG,122801,"Santa Catalina Island: N side of N Shore Rd, 0.6 mi E of turn-off for Howland's Landing",2000-05-18,Raphanus sativus L.,TRUE
3053381708,SBBG213837,SBBG,121316,"La Verne Rd, 0.25 mi S of Fire Station [?]",1963-06-04,Raphanus sativus L.,TRUE
3053381121,SBBG213829,SBBG,128858,"harbor breakwater sandspit, Santa Barbara",1967-08-30,Raphanus sativus L.,TRUE
3053380826,SBBG155538,SBBG,123042,"Santa Catalina Island: near dam, Middle Ranch, Middle Ranch Cyn",1966-04-29,Raphanus sativus L.,TRUE
3053379842,SBBG155405,SBBG,123572,"Santa Cruz Island: Canada Cebada, along South Ridge Rd, ca. halfway down grade from ridgetop to cyn bottom, on N side of cyn",1991-04-04,Raphanus raphanistrum L.,TRUE
3053379278,SBBG213843,SBBG,132624,Camp San Luis Obispo; ca. 1 km W of prison camp; Camp San Luis Obispo,1993-04-16,Raphanus sativus L.,TRUE
3053378188,SBBG213821,SBBG,130694,"Santa Ynez Mtns: W of Botanic Garden, Mission Cyn",1944-03-06,Raphanus sativus L.,TRUE
3053375371,SBBG155528,SBBG,114382,"Santa Rosa Island: Bechers Harbor, Eucalyptus wind-row between pier and ranch",1965-05-18,Raphanus sativus L.,TRUE
3053371421,SBBG155524,SBBG,95436,San Clemente Island: 200 yds SE of new air strip,1963-12-07,Raphanus sativus L.,TRUE
3053370425,SBBG213848,SBBG,95043,Santa Clara River; Totalcam I owned by Nature Conservancy,2015-05-27,Raphanus sativus L.,TRUE
3053369465,NA,SBBG,96130,Santa Cruz Island: On W side of mouth of Embudo Canyon.,1990-05-10,Raphanus L.,TRUE
3053367585,SBBG155404,SBBG,98773,Santa Rosa Island: Beach bluffs at Vail Ranch hdqrtrs; 34.007 -120.0502,1960-04-09,Raphanus raphanistrum L.,TRUE
3053366046,72200,SBBG,107786,Fairview Rd,1945-03-24,Raphanus sativus L.,TRUE
3053363212,SBBG213822,SBBG,91393,"Santa Ynez Mtns: E side of old San Marcos Pass Rd;, ca. 2.5 km from St Hwy 154 intersection",1982-03-02,Raphanus sativus L.,TRUE
3053362147,SBBG213826,SBBG,89884,Santa Ynez Mtns: top of San Marcos Pass,1942-03-06,Raphanus sativus L.,TRUE
3053362020,NA,SBBG,87291,Pulgas Ridge. Loc. #1. just inside N E gate from neighborhood....,2013-02-02,Raphanus L.,TRUE
3053361496,SBBG155403,SBBG,76824,Santa Rosa Island: Beach bluffs at Vail Ranch hdqrtrs,1960-04-09,Raphanus raphanistrum L.,TRUE
3053361482,SBBG155412,SBBG,76563,Santa Rosa Island: airfield,1989-03-11,Raphanus raphanistrum L.,TRUE
3053359345,SBBG213811,SBBG,73443,"Veronica Springs Rd, Santa Barbara",1930-04-03,Raphanus raphanistrum L.,TRUE
3053357665,SBBG213816,SBBG,80367,"Santa Ynez Mtns: 55 yards N of parking lot, 20 ft W of rd; Arroyo Hondo Preserve",2007-05-27,Raphanus raphanistrum L.,TRUE
3053357277,SBBG213815,SBBG,92289,"Maricopa Rd (St Hwy 33), N of and near Fairview Rd crossing",1967-06-16,Raphanus raphanistrum L.,TRUE
3053355876,SBBG213817,SBBG,84330,"Water Treatment Facility, Woodward St entrance, rd side in front of bldg 306, W of Gatchell Rd; Pt Loma Naval Facility",2003-04-03,Raphanus sativus L.,TRUE
3053354171,SBBG155533,SBBG,90647,Santa Cruz Island: Scorpion Harbor,1930-07-11,Raphanus sativus L.,TRUE
3053353808,SBBG213838,SBBG,83203,Eagle Rock,1928-04,Raphanus sativus L.,TRUE
3053353418,SBBG155532,SBBG,75275,Santa Cruz Island: main ranch,1939-08-15,Raphanus sativus L.,TRUE
3053352813,SBBG155541,SBBG,63222,"Santa Catalina Island: Goat Harbor, above E end of beach",1999-05-21,Raphanus sativus L.,TRUE
3053351493,SBBG155401,SBBG,56682,"Santa Catalina Island: N side of N Shore Rd, 0.6 mi E of turn-off for Howland's Landing",2000-05-18,Raphanus raphanistrum L.,TRUE
3053349083,SBBG155400,SBBG,68153,San Clemente Island: eroded gully just N of Building 60081 at E end of Seals Camp at NW Harbor,1996-04-22,Raphanus raphanistrum L.,TRUE
3053348809,SBBG155406,SBBG,62618,Santa Rosa Island: N of Cliff House,1979-05-07,Raphanus raphanistrum L.,TRUE
3053347574,SBBG155413,SBBG,58230,"Santa Catalina Island: just N of Upper Quarry Rd, ca. 2.4 mi W of jct with rd to housing at Empire Landing",2000-05-06,Raphanus raphanistrum L.,TRUE
3053346412,SBBG213842,SBBG,55059,"St Hwy 223, ca. 1 mi S of jct with St Hwy 58",1967-04-30,Raphanus sativus L.,TRUE
3053346406,SBBG155409,SBBG,54960,"Santa Cruz Island: upper Canada Christi, along Valley Rd ca. 0.2 mi W of Embudo Trough",1990-04-11,Raphanus raphanistrum L.,TRUE
3053345920,SBBG155527,SBBG,65108,Santa Rosa Island: Mesa W of ranch,1932-05-10,Raphanus sativus L.,TRUE
3053345546,SBBG213833,SBBG,57675,Rockport on St Hwy 1,1964-07-27,Raphanus sativus L.,TRUE
3053343567,SBBG155540,SBBG,58111,"Santa Rosa Island: near coast, toward Carrington Point, near Plot 87",1988-05-07,Raphanus sativus L.,TRUE
3053343446,SBBG155525,SBBG,55673,Santa Catalina Island: White's Landing.,1996-07-11,Raphanus sativus L.,TRUE
3053343441,SBBG213847,SBBG,55592,"Laguna Canyon, 4.5 mi NE of Laguna Beach",1967-08-15,Raphanus sativus L.,TRUE
3053342492,SBBG213820,SBBG,36646,"Santa Ynez Mtns: N end of Cheltenham Rd above Tunnel Rd, Mission Cyn",1943-09-02,Raphanus sativus L.,TRUE
3053341068,SBBG155526,SBBG,48054,San Nicolas Island: Red Eye Beach,1978-04-30,Raphanus sativus L.,TRUE
3053338507,SBBG155539,SBBG,36927,"Santa Rosa Island: Vail Ranch, at top of coastal bluffs overlooking Bechers Bay, at E edge of hay field",1996-06-27,Raphanus sativus L.,TRUE
3053337959,SBBG213836,SBBG,45902,Pacific Missile Test Center: Beach Rd at intersection with F Rd,1977-03-21,Raphanus sativus L.,TRUE
3053337215,SBBG213780,SBBG,51145,"State Highway 47, 1 mi S of Carlton; T3S, R4W, Sec 27",1977-05-08,Raphanus sativus L.,TRUE
2996761652,MBM265106,MBM,NA,California,2000-04-05,Raphanus sativus L.,TRUE
2992927302,33564,USF,NA,Needham.,1887-07-31,Raphanus raphanistrum L.,TRUE
2992918306,4743,USF,NA,Bedford.,1896-10-19,Raphanus raphanistrum L.,TRUE
2992913308,33626,USF,NA,Needham.,1890-08-25,Raphanus raphanistrum L.,TRUE
2992913306,93794,USF,NA,"Along road, trails, railroad from Mill Valley to Muir Woods, near San Francisco.",1927-09-11,Raphanus sativus L.,TRUE
2992913303,93811,USF,NA,"El Toro Road E of El Toro, Santa Ana Mountains.",1967-05-11,Raphanus sativus L.,TRUE
2992913301,33566,USF,NA,Needham.,1891-06-21,Raphanus raphanistrum L.,TRUE
2992909301,106791,USF,NA,Norfolk and Western Railway service road W of Merrimac Mines.,1973-06-20,Raphanus raphanistrum L.,TRUE
2989954894,NA,RSA,4126372,E Bakersfield.,1937-04-17,Raphanus sativus L.,TRUE
2989942289,RSA0191249,RSA,3948497,NE corner of intersection of Dover and 16th st. Newport Beach.,1988-04-27,Raphanus sativus L.,TRUE
2989941284,RSA0191289,RSA,3948538,"Ramona, Interstate 15 South to Highland Valley Road East Travel 8 miles to Rancho Del Cielo (16239) turn right.",1984-05-13,Raphanus sativus L.,TRUE
2989941281,RSA0191226,RSA,3948475,"Canyon, (.5)? miles S of intersection, Eastvale Rd. and Palos Verdes Drive North.",1985-04-26,Raphanus sativus L.,TRUE
2989940285,RSA0191228,RSA,3948477,Flat lot on north side of Tetley St. approx. 200 ft east of intersection of Hacienda Blvd. and Tetley St. in Hacienda Heights.,1992-04-04,Raphanus sativus L.,TRUE
2989939290,RSA0191227,RSA,3948476,"Flat lot on North side of Tetley Street, approx. 200 feet east of intersection of Hacienda Blvd. and Tetley St. in Hacienda Heights.",1992-04-19,Raphanus sativus L.,TRUE
2989939285,RSA0191128,RSA,3948377,"Kings River area: east of Centerville, just south of CA Hwy 180 (Kings Canyon Road) at gravel quarry",1997-04-03,Raphanus raphanistrum L.,TRUE
2989938277,RSA0191192,RSA,3948441,"Harbor City / City of Wilmington, Ken Malloy Harbor Regional Park, at intersection of Pacific Coast Hwy (CA Hwy 1) with Vermont Avenue",1996-04-28,Raphanus sativus L.,TRUE
2989917283,RSA0191220,RSA,3948469,Brea Canyon.,1971-03-03,Raphanus sativus L.,TRUE
2989916276,RSA0191221,RSA,3948470,Walnut Creek.,1988-03-02,Raphanus sativus L.,TRUE
2989915292,RSA0191236,RSA,3948485,"El Segundo Dunes, immediately west of Los Angeles International Airport & east of Vista Del Mar Blvd.",1988-05-18,Raphanus sativus L.,TRUE
2989914285,RSA0191251,RSA,3948500,1/2 mile south of Chino Hills State Park.,1992-05-01,Raphanus sativus L.,TRUE
2989913332,RSA0017966,RSA,3810278,Sierra Nevada; Southern Sierra Nevada: Hwy 190 above bridge.,1992-02-17,Raphanus L.,TRUE
2989912328,RSA0017965,RSA,3810276,"Sierra Nevada; Southern Sierra Nevada: Hwy 190, above Rio Vista Bridge.",1992-02-25,Raphanus L.,TRUE
2989911333,RSA0017964,RSA,3810277,"Sierra Nevada; Southern Sierra Nevada: Hwy 190, above Rio Vista Bridge.",1992-02-25,Raphanus L.,TRUE
2989909284,RSA0191285,RSA,3948534,"Oceanside, Camp Pendleton, Cockleburr Beach, 1/4 mile west of MCTSSA base near dirt area next to lagoon.",1994-04-28,Raphanus sativus L.,TRUE
2982093429,UCSC100000696,UCSC,4064454,near east entrance into Natural Bridges State Park,1983-05-22,Raphanus sativus L.,TRUE
2982077505,HSC232312,HSC,1826642,"E side of Trinidad Head, near entrance",1985-06-11,Raphanus sativus L.,TRUE
2982076058,HSC232306,HSC,3669165,"Arcata, Marsh, along trail near Gearhearts Marsh.",2017-09-17,Raphanus sativus L.,TRUE
2982070630,HSC232301,HSC,1828885,"Huntington Beach along Beach Blvd., 0.5 mi. N of the beach",1993-03-29,Raphanus raphanistrum L.,TRUE
2982066619,HSC232318,HSC,1808938,2 mi. E of Healdsburg,1966-04-01,Raphanus sativus L.,TRUE
2982066504,HSC232326,HSC,1806660,"Big River Estuary, N side of river at mouth",1979-06-06,Raphanus sativus L.,TRUE
2982064400,HSC232309,HSC,1804478,End of Murray Rd. in McKinleyville.,1971-10-06,Raphanus sativus L.,TRUE
2982061619,HSC232325,HSC,1808970,Junction of Hwy. 154 and Foothill Rd.,1965-05-22,Raphanus sativus L.,TRUE
2982060408,HSC232308,HSC,1804476,End of Murray Rd. in McKinleyville.,1971-10-06,Raphanus sativus L.,TRUE
2982057497,HSC232300,HSC,1786214,3 mi. W of Arcata,1976-07-05,Raphanus raphanistrum L.,TRUE
2982056419,HSC232298,HSC,1784799,North Spit of Humboldt Bay,1976-06-14,Raphanus raphanistrum L.,TRUE
2982054838,HSC232302,HSC,1793219,"McKinleyville, Bella Vista Rd.",1978-04-26,Raphanus raphanistrum L.,TRUE
2982054476,HSC232315,HSC,1786046,N Spit,1976-06-08,Raphanus sativus L.,TRUE
2982048867,HSC232310,HSC,1773597,"W side Hwy. 101, Crescent City",1970-10-17,Raphanus sativus L.,TRUE
2982048008,HSC232299,HSC,1776466,"Eureka, 3300 block of Williams St.",1970-12-05,Raphanus raphanistrum L.,TRUE
2982043565,HSC232314,HSC,1767614,"Crescent City, outskirts of town, S of Hwy. 199-Hwy. 101 junction, on Hwy. 101",1970-10-17,Raphanus sativus L.,TRUE
2982037686,HSC232316,HSC,1829694,"2.5 mi. SE of Needle Rock, 4 mi. SSE of Four Corners, near Bear Harbor Beach off Lost Coast Trail",1989-05-20,Raphanus sativus L.,TRUE
2982031523,HSC232313,HSC,1826582,Trinidad Head,1986-03-12,Raphanus sativus L.,TRUE
2982028638,HSC232323,HSC,1808949,W of Eureka City Airport,1965-04-03,Raphanus sativus L.,TRUE
2982026651,HSC232317,HSC,1808927,"0.25 mi. W of Oak Grove Resort, Hwy. 26, Linden Rd.",1965-04-10,Raphanus sativus L.,TRUE
2982021645,HSC232319,HSC,1808960,1 mi. N of Orick on Hwy. 101,1965-04-03,Raphanus sativus L.,TRUE
2982018428,HSC232307,HSC,1784768,North spit,1976-06-14,Raphanus sativus L.,TRUE
2982016247,HSC232322,HSC,1800936,"Eureka, G and 1st St.",1977-09-10,Raphanus sativus L.,TRUE
2982009088,HSC232311,HSC,1777902,E of Napa,1973-08-14,Raphanus sativus L.,TRUE
2982007548,HSC232324,HSC,1767307,"Arcata, South G st.",1970-10-26,Raphanus sativus L.,TRUE
2982005284,HSC232327,HSC,1781883,"Old Arcata Rd. and Chester Way, Arcata",1975-04-09,Raphanus sativus L.,TRUE
2982003082,HSC232321,HSC,1777873,Along Coffee Creek Rd. leading to Coffee Creek Ranch.,1973-04-21,Raphanus sativus L.,TRUE
2982002066,HSC232320,HSC,1777507,Hookton Rd. at the junction of Copenhagen Rd.,1971-04-12,Raphanus sativus L.,TRUE
2974106624,UCSB050386,UCSB,4064867,North Campus Open Space.; 34.420933 -119.876764,2017-12-20,Raphanus sativus L.,TRUE
2890664991,KSP015991,KSP,24871294,"Field, 2.5 mi. east of Bolivia on Co. Rt. 1513.",1969-04-10,Raphanus raphanistrum L.,TRUE
2890664990,KSP015990,KSP,24871293,North of Franklinton.,1995-03-22,Raphanus raphanistrum L.,TRUE
2890664989,KSP015995,KSP,24871296,"Folsom Rd., 3 mi. E., Hwy 211.",1971-05-01,Raphanus raphanistrum L.,TRUE
2890664982,KSP015993,KSP,24871295,Ab. loco,1994-03-21,Raphanus raphanistrum L.,TRUE
2883309399,AK245299,AK,NA,NA,1971-07-02,Raphanus sativus L.,TRUE
2883308445,AK245300,AK,NA,NA,1969-04-26,Raphanus sativus L.,TRUE
2861418301,DES00091804,DES,24803927,Fallbrook,NA,Raphanus sativus L.,TRUE
2859394091,CM450095,CM,12006551,no further locality,NA,Raphanus raphanistrum L.,TRUE
2859393230,CM482474,CM,12009772,2 km SW of Belsano,1994-06-04,Raphanus raphanistrum L.,TRUE
2859393066,CM450112,CM,12006568,"Young's Caves Canyon, Mission Valley",1935-03-29,Raphanus sativus L.,TRUE
2859392076,CM450111,CM,12006567,near Monterey,1931-07-25,Raphanus sativus L.,TRUE
2859391087,CM450113,CM,12006569,"from Mill Valley to Muir Woods, near San Francisco",1927-09-11,Raphanus sativus L.,TRUE
2859391086,CM450094,CM,12006550,Pasadena,1945-06-24,Raphanus raphanistrum L.,TRUE
2859390069,CM450110,CM,12006566,Pasadena,1945-03-01,Raphanus sativus L.,TRUE
2859384258,CM285957,CM,11989750,2 mi SE of Conway on US 701,1973-04-07,Raphanus raphanistrum L.,TRUE
2859383969,CM216136,CM,11983990,Prouts Neck,1955-08-10,Raphanus raphanistrum L.,TRUE
2859373862,CM049246,CM,11961804,"5 mi NE of Lisbon, along Allegheny River below Truetts",1945-07-21,Raphanus raphanistrum L.,TRUE
2859373861,CM049238,CM,11961796,2 mi S of Nicktown,1952-09-14,Raphanus sativus L.,TRUE
2859372847,CM049244,CM,11961802,Jacobs Creek above Laurelville,1903-05-31,Raphanus sativus L.,TRUE
2859372846,CM049236,CM,11961794,1 mi NE of Osterburg,1940-08-03,Raphanus sativus L.,TRUE
2859371853,CM049243,CM,11961801,near Indian Head,1942-06-21,Raphanus sativus L.,TRUE
2859371852,CM049235,CM,11961793,confluence of Raccoon Creek and Little Traverse Creek,1952-07-05,Raphanus sativus L.,TRUE
2859370849,CM049242,CM,11961800,near Markleysburg Bog,1948-07-03,Raphanus sativus L.,TRUE
2859370848,CM049234,CM,11961792,Kittanning,1927-08-25,Raphanus sativus L.,TRUE
2859369854,CM049245,CM,11961803,1 mi NE of Gibsonia,1933-06-18,Raphanus raphanistrum L.,TRUE
2859369853,CM049237,CM,11961795,1.37 mi SW of Alum Bank,1962-08-07,Raphanus sativus L.,TRUE
2859359074,CM450108,CM,12006564,Pacific Beach,1915-08-29,Raphanus raphanistrum L.,TRUE
2859358581,CM351746,CM,11996657,ca 1 mi SE of New Bedford along Marr Road,1990-07-25,Raphanus sativus L.,TRUE
2859358089,CM450107,CM,12006563,Pittsfield,1920-07-10,Raphanus raphanistrum L.,TRUE
2859357275,CM489211,CM,12010353,"6 mi N of San Simeon on CA 1, Arroyo de la Cruz",1988-08-25,Raphanus raphanistrum L.,TRUE
2859357086,CM450109,CM,12006565,Oakland,1926-06-18,Raphanus sativus L.,TRUE
2859356089,CM450105,CM,12006561,1 mi NE of Broadway,1958-05-11,Raphanus raphanistrum L.,TRUE
2859355401,CM314417,CM,11992603,"E of administration building, in corner by the road, Presque Isle State Park",1985-06-12,Raphanus raphanistrum L.,TRUE
2859355088,CM450106,CM,12006562,4.5 mi SSW of St. Pauls along Co. 1765,1965-05-23,Raphanus raphanistrum L.,TRUE
2859354611,CM356020,CM,11997014,East Providence,1895-06,Raphanus raphanistrum L.,TRUE
2859349265,CM291788,CM,11990310,"Buckhorn Hunting Club, near Saranac Oil & Gas Field",1981-04-20,Raphanus sativus L.,TRUE
2859348932,CM214770,CM,11983570,New Haven,1827,Raphanus sativus L.,TRUE
2859345286,CM293934,CM,11990543,"near Anthony, along W side of old hwy 301",1983-05-01,Raphanus raphanistrum L.,TRUE
2859339864,CM049261,CM,11961818,Mayview,1945-09-01,Raphanus raphanistrum L.,TRUE
2859339863,CM049233,CM,11961791,"along railroad, LE Railroad, Moon Run",1889-06-21,Raphanus sativus L.,TRUE
2859338849,CM049260,CM,11961817,1.12 mi SW of Weyant,1940-08-18,Raphanus raphanistrum L.,TRUE
2859338848,CM049232,CM,11961790,"Pittsburgh, 18th Ward",1884-08-17,Raphanus sativus L.,TRUE
2859337866,CM049259,CM,11961816,"Stony Creek near light school, near Johnstown",1927-07,Raphanus raphanistrum L.,TRUE
2859335857,CM049257,CM,11961814,"along Rt 19, 6 mi S of Meadville",1949-06-29,Raphanus raphanistrum L.,TRUE
2859335856,CM049230,CM,11961788,Tarentum Island and Natrona,1900-06-23,Raphanus sativus L.,TRUE
2859334853,CM049258,CM,11961815,1.5 mi S of Chester Springs,1953-05-27,Raphanus raphanistrum L.,TRUE
2859334852,CM049231,CM,11961789,Glenshaw,1912-08-23,Raphanus sativus L.,TRUE
2859114293,CM488873,CM,12010326,"6 mi N of San Simeon on CA 1, Arroyo de la Cruz",1988-08-25,Raphanus sativus L.,TRUE
2859114104,CM450100,CM,12006556,Indian Mills [Hills?],1890-06-17,Raphanus raphanistrum L.,TRUE
2859112611,CM351491,CM,11996616,ca 1 mi SE of New Bedford along Marr Road,1990-07-25,Raphanus sativus L.,TRUE
2859112099,CM450098,CM,12006554,Hampton Beach,1963-07-29,Raphanus raphanistrum L.,TRUE
2859111374,CM307364,CM,11992137,"Marshall-Petaluma Road from Petaluma to CA 1, ca 3 mi from county line",1984-04-18,Raphanus sativus L.,TRUE
2859111284,CM485912,CM,12010049,"South Huntingdon Township, 0.5 mi S on Camp Tenacharison Road from PA 981",1994-06-17,Raphanus raphanistrum L.,TRUE
2859111121,CM450338,CM,12006792,South Kingston,1877-08-20,Raphanus sativus L.,TRUE
2859111108,CM450102,CM,12006558,"Long Island, Cold Spring Harbor, Bio Lab",1926-07-24,Raphanus raphanistrum L.,TRUE
2859110749,CM376636,CM,11999378,in median of I-20 just W of Thomas Road Exit in West Monroe,1992-02-12,Raphanus raphanistrum L.,TRUE
2859110109,CM450114,CM,12006570,"Camp Northrop, Mount Washington",1941-09-28,Raphanus sativus L.,TRUE
2859110108,CM450096,CM,12006552,"Pineland Plantation, near Newton",1962-03-05,Raphanus raphanistrum L.,TRUE
2859103258,CM285225,CM,11989605,"Powdermill Nature Reserve, ca 6 mi SW of Rector on Weaver Mill Rd and PA 381, Friedline",1982-07-04,Raphanus raphanistrum L.,TRUE
2859103029,CM224406,CM,11985050,Ventura,1892,Raphanus L.,TRUE
2859102605,CM168745,CM,11976573,"Eighteenth and Plum Sts, Erie",1888-06-23,Raphanus sativus L.,TRUE
2859099103,CM450104,CM,12006560,"Long Island, near Wading River",1926-08-11,Raphanus raphanistrum L.,TRUE
2859098971,CM440141,CM,12003932,Jamaica,1935-09-06,Raphanus sativus L.,TRUE
2859098605,CM351527,CM,11996635,"Pittsburgh, Arcadian Gardens",1990-11-11,Raphanus sativus L.,TRUE
2859098106,CM450099,CM,12006555,Mattituck,1873-06-20,Raphanus raphanistrum L.,TRUE
2859097103,CM450097,CM,12006553,Cambridge,1886-07,Raphanus raphanistrum L.,TRUE
2859096364,CM303327,CM,11991759,I-220 at Airline Drive (Bossier 3105) N of Bossier City,1983-03-10,Raphanus raphanistrum L.,TRUE
2859096125,CM450101,CM,12006557,"Long Island, Cold Spring Harbor, Bio Lab",1915-07-02,Raphanus raphanistrum L.,TRUE
2859095120,CM450103,CM,12006559,"Long Island, Wading River",1929,Raphanus raphanistrum L.,TRUE
2859094686,CM364191,CM,11997975,"Florence, banks of Suislaw River",1991-07-31,Raphanus sativus L.,TRUE
2859094617,CM351464,CM,11996615,ca 1 mi SE of New Bedford along Marr Road,1990-07-25,Raphanus sativus L.,TRUE
2859093851,CM049252,CM,11961809,near Indian Head,1942-06-21,Raphanus raphanistrum L.,TRUE
2859092861,CM049255,CM,11961812,2 mi SE of North East along Sixteenmile Creek,1953-09-19,Raphanus raphanistrum L.,TRUE
2859091311,CM120810,CM,11970877,Mercyhurst,1933-07-01,Raphanus raphanistrum L.,TRUE
2859090389,CM158334,CM,11972338,"Buckhorn Hunting Club, near Saranac Oil & Gas Field",1981-04-20,Raphanus sativus L.,TRUE
2859090093,CM258809,CM,11986368,"Daymon Road near railroad, Northampton",1979-07-05,Raphanus raphanistrum L.,TRUE
2859088852,CM049249,CM,11961807,"Slippery Rock Creek, above Wurtemburg",1945-08-04,Raphanus raphanistrum L.,TRUE
2859088734,CM037365,CM,11959503,Bethlehem,1838,Raphanus sativus L.,TRUE
2859087865,CM049247,CM,11961805,"branch of Boone Run, 2.5 mi S of Reels Corners",1948-07-08,Raphanus raphanistrum L.,TRUE
2859087864,CM049239,CM,11961797,Hartstown,1914-07-04,Raphanus sativus L.,TRUE
2859086857,CM049253,CM,11961810,8 mi SE of Erie,1933-08-08,Raphanus raphanistrum L.,TRUE
2859084607,CM168744,CM,11976572,Providence,1894-07,Raphanus raphanistrum L.,TRUE
2859083857,CM049229,CM,11961787,"Cathedral of Learning site, Pittsburgh",1925-10-07,Raphanus sativus L.,TRUE
2859082858,CM049250,CM,11961808,New Wilmington,1924-07-12,Raphanus raphanistrum L.,TRUE
2859081864,CM049248,CM,11961806,"Easton, College Hill",1897-06-19,Raphanus raphanistrum L.,TRUE
2859081863,CM049240,CM,11961798,"near Erie, Wintergreen Gulch",1927-07-16,Raphanus sativus L.,TRUE
2859080865,CM049254,CM,11961811,Presque Isle,1879-07-09,Raphanus raphanistrum L.,TRUE
2825495297,492,NCSM,20436836,"Thanksgiving V.F.D. Rd., 1.3 miles north of intersection with NC 42",1999-02-12,Raphanus raphanistrum L.,TRUE
2821375510,UCSB044460,UCSB,3964300,"UCSB, W of Harder Stadium, N of Lot 38; 34.4201N, -119.85645W",2017-05-30,Raphanus raphanistrum L.,TRUE
2821318856,11607,SANT,NA,"Massachusetts, Hampshire County, Daymond Road near railroad, Northampton",1979-07-05,Raphanus raphanistrum L.,TRUE
2807518089,LL00030362,TEX,NA,"Houston (Spring Branch), 1428 Adkins Road. Flowerbed, E side of house.",1960-04-23,Raphanus sativus L.,TRUE
2630823347,277227,KU,NA,"Beside US 277, 1 mi E of Del Rio",1971-10-13,Raphanus raphanistrum L.,TRUE
2610102809,RSA0171232,RSA,3941717,"Yorba Linda, off of Bastuchury Rd. about 50 yds from Casa Loma Ave.",1994-04-19,Raphanus sativus L.,TRUE
2610095295,RSA0158686,RSA,3847652,Fallbrook.,1960,Raphanus sativus L.,TRUE
2610093747,RSA0196618,RSA,3841582,"San Gabriel Mountains: Glendora, Big Dalton Wilderness Park, Wren Cyn. on Wren-Meacham Trail, 0.2-0.4 mile east of Big Dalton Canyon. Flood Control Channel.; Glendora 7.5",2015-03-28,Raphanus raphanistrum L.,TRUE
2610092731,RSA0178047,RSA,3840150,Arroyo Conejo Cr. City of Camarillo. Vicinity of Camarillo Sewage Treatment Plant.,2014-03-25,Raphanus sativus L.,TRUE
2610090429,RSA0164843,RSA,3838512,San Clemente Island. Eroded gully just N. of Building 60081 at E. end of Seals Camp at Northwest Harbor.,1996-04-22,Raphanus raphanistrum L.,TRUE
2610085227,RSA0194803,RSA,3830630,"Behind Bear Divide Ranger [Fire] Station, above Santa Clara Divide Road. San Gabriel Mts.",1986-01-29,Raphanus L.,TRUE
2610084932,RSA0165092,RSA,3829494,San Clemente Island. Just north of Building 60081 at E end of Seals Camp at Northwest Harbor.,1996-04-22,Raphanus raphanistrum L.,TRUE
2610084271,RSA0165094,RSA,3831698,San Clemente Island. Just N. of Building 60081 at E. end of Seals Camp at Northwest Harbor.,1996-04-22,Raphanus raphanistrum L.,TRUE
2610081041,RSA0150929,RSA,3815086,Camp Pendleton: eastern portion of Base; Juliet Training Area; southwest of Fallbrook & west of Bonsall; near Pilgrim's Creek just inside the Base boundary to the south of Fallbrook Weapons Station. Atlas Square: E7.,2016-04-12,Raphanus sativus L.,TRUE
2610078446,RSA0146497,RSA,3808605,"Unknown0.2 mi. south of Otay Lakes Rd, east of Chula Vista, NE end of Otay Lake (Harvey's Arm), NW of Otay Mtn.; Jamul Mountains 7.5'",2015-03-04,Raphanus raphanistrum L.,TRUE
2610076196,RSA0141056,RSA,3805929,"0.2 mi. south of Otay Lakes Rd, east of Chula Vista, NE end of Otay Lake (Harvey's Arm), NW of Otay Mtn.; Jamul Mountains 7.5'",2015-03-04,Raphanus sativus L.,TRUE
2610075864,RSA0113701,RSA,3791446,"Laguna Canyon, 4.5 miles NE of Laguna Beach.",1967-08-15,Raphanus sativus L.,TRUE
2595839801,UCR0110950,UCR,3823822,"San Miguel Island, Channel Islands National Park. Simonton Cove",1994-08-05,Raphanus sativus L.,TRUE
2595836377,NA,UCSC,3827089,To the east of the Seymour Center on the Younger Lagoon Natural Reserve. Located 10m behind the first bench along the trail.,2020-02-18,Raphanus sativus L.,TRUE
2595836360,NA,UCSC,3827041,We found the specimen located between the main walking path next to the Long Marine Lab which runs parallel to McAllister Way and the eastern walking path which runs parallel to the wall of the adjacent housing community.,2020-02-08,Raphanus sativus L.,TRUE
2595836314,NA,UCSC,3827001,"From entrance of UCSC coastal campus, follow path to the south towards the ocean for roughly 150m. Then move into the section of the Terrance Lands on the west side of the path.",2020-02-10,Raphanus sativus L.,TRUE
2595836224,NA,UCSC,3826971,End of McCalister way near the Seymour Center parking lot.,2020-02-23,Raphanus sativus L.,TRUE
2595836201,NA,UCSC,3826916,Found the specimen between the main walking path next to the Long Marine Lab which runs parallel to McAllister Way and the eastern walking path which runs parallel to the wall of the adjacent housing community.,2020-02-08,Raphanus sativus L.,TRUE
2595836188,UCSC100006703,UCSC,3873464,Approx 5 meters west of the Seymour Center parking lot and approx. 10 meters east of the walking path.,2020-02-04,Raphanus sativus L.,TRUE
2595836165,UCSC100006704,UCSC,3873466,Adjacent to walking path N of the Seymour center parking lot approx. 10 meters.,2020-02-04,Raphanus sativus L.,TRUE
2595836151,UCSC100006685,UCSC,3873456,"approx 15 ft S of NOAA builidng 133 McAllister Way, about 5 ft from footpath",2020-01-30,Raphanus sativus L.,TRUE
2595836147,UCSC100006681,UCSC,3873443,approx 10 ft W off footpath from marine wildlife research center (151 McAllister Way),2020-01-23,Raphanus sativus L.,TRUE
2595836051,NA,UCSC,3826742,"At the Southeast corner of Younger Lagoon Natural Reserve, just North of the walking path",2020-02-18,Raphanus sativus L.,TRUE
2595836014,NA,UCSC,3826872,Head NW on Delaware Ave to CBB. Plant collected near NOAA Fisheries Laboratory.,2020-02-19,Raphanus sativus L.,TRUE
2595835970,NA,UCSC,3826866,20 meters directly west from entrance to Younger Lagoon Beach,2020-02-17,Raphanus sativus L.,TRUE
2595835955,NA,UCSC,3826803,50 feet S of Southwest Fisheries Science Center,2020-02-17,Raphanus sativus L.,TRUE
2595831512,CHSC122361,CHSC,3828689,"About 5 yards west of Jordan Hill Road, about 1/2 mile north of the Madre De Oro Gold Mine, west of Concow Reservoir, east of Paradise. T22N, R4E, northwest 1/4 Section 17.",2019-05-10,Raphanus raphanistrum L.,TRUE
2578497617,656433,CAS,656433,"Garin woods, Hayward.",1984-05-10,Raphanus sativus L.,TRUE
2575164981,SFV104582,SFV,617784,Riverside. Banks of Santa Ana River adjacent to Rancho Jarupa Park.,2008-04-12,Raphanus sativus L.,TRUE
2575159323,SFV104581,SFV,613793,"Los Angeles Basin; Los Angeles, Eagle Rock.",2011-03-01,Raphanus sativus L.,TRUE
2575158118,SFV104574,SFV,610295,"Los Angeles, Eagle Rock.",1997-06-13,Raphanus sativus L.,TRUE
2575157684,SFV104580,SFV,611759,"San Rafael Hills; Pasadena. East side of Arroyo Seco, 2 m west of curb, across street from 1590 Arroyo Blvd at Howard Street.",2001-01-24,Raphanus sativus L.,TRUE
2575157616,SFV104575,SFV,610290,San Gabriel Mountains; Placerita Canyon Natural Area. Parking area.,1974-05-13,Raphanus sativus L.,TRUE
2575157507,SFV104572,SFV,610288,Santa Cruz Mountains; Railway at Laurel.,1939-07-17,Raphanus raphanistrum L.,TRUE
2575156156,SFV104573,SFV,610289,Santa Monica Mountains; Highway 101 by Malibu Canyon Road cutoff.,1956-03-09,Raphanus sativus L.,TRUE
2575156135,SFV104576,SFV,610291,"San Fernando Valley; Tarzana. Topham Street, corner of Etiwanda Ave. Weed patch near railroad tracks.",1961-03-01,Raphanus sativus L.,TRUE
2575156109,SFV104577,SFV,610292,"Santa Monica Mountains; Point Dume, roadside at Cliffside Drive and Fernhill Drive.",1961-03-12,Raphanus sativus L.,TRUE
2575156092,SFV104579,SFV,610294,San Gabriel Mountains; Sylmar. Stetson Ranch Park.,1992-04-14,Raphanus sativus L.,TRUE
2575155791,SFV104583,SFV,610296,"santa Barbara, Isla Vista. Vacant lot in People's Park on Embarcadero del Norte.",1978-11-05,Raphanus sativus L.,TRUE
2575155389,SFV104578,SFV,610293,"Los Angles Basin; Los Angeles, West Los Angeles. Lot north of Sunset Blvd. on Sepulveda.",1966-03-02,Raphanus sativus L.,TRUE
2575155230,SFV104584,SFV,610297,"santa Barbara, Isla Vista. Vacant lot in People's Park on Embarcadero del Norte.",1978-11-05,Raphanus sativus L.,TRUE
2575154939,SFV104585,SFV,610298,"Santa Monica Mountains; Rancho Sierra Vista, Wendy Trail, Newbury Park. Where Wendy Road ends on Potrero Road, 0.5 miles south of Lynn Road.",1994-05-21,Raphanus sativus L.,TRUE
2575154623,SFV104571,SFV,610287,"Sierra Nevada; Pentz Road, 0.5 miles south of Pentz store.",1965-04-16,Raphanus raphanistrum L.,TRUE
2575052218,barcode-02160275,NEBC,NA,[no additional data],1968-06-26,Raphanus raphanistrum L.,TRUE
2575051207,barcode-01582870,NEBC,NA,Jacob's Point Preserve,2018-09-21,Raphanus raphanistrum L.,TRUE
2573113018,UVMVT067740,VT,24107142,Woodsville,1902-08-07,Raphanus raphanistrum L.,TRUE
2573055850,UVMVT067726,VT,24048117,Below U-32 Highschool,1976-07-04,Raphanus raphanistrum L.,TRUE
2573009258,UVMVT247189,VT,15903665,"W side GA Rt. 67, margin of Black Creek, 1.5 mi NW of Co. Rt. 317, SE of Statesboro. 5.8 mi SE of Lotts Creek crossing.",1996-04-09,Raphanus raphanistrum L.,TRUE
2565967526,SDSU15560,SDSU,3753225,"San Diego Urban Canyons, North Park/Golden Hill: Cedar Ridge Park area, canyon area along I-15",2000-01-21,Raphanus sativus L.,TRUE
2565966814,CSLA000832,CSLA,3801195,"Venice at the corner of Trask and Century Blvds., along the edge of the L.A. Airport in sand dunes",1967-05-14,Raphanus sativus L.,TRUE
2565966412,CSLA000821,CSLA,3801172,"Newport, Newport Back Bay, along roadbanks and N-facing bluffs.",1971-05-28,Raphanus sativus L.,TRUE
2565965269,CSLA000818,CSLA,3801165,"Houston (Spring Branch), 1428 Adkins Road.",1960-04-23,Raphanus sativus L.,TRUE
2565965235,CSLA000831,CSLA,3801194,Griffith Park,1958-02-21,Raphanus sativus L.,TRUE
2565964696,CSLA000823,CSLA,3801178,"about 1 mile from Long Beach, east of the city.",1967-02-25,Raphanus sativus L.,TRUE
2565964502,CSLA000833,CSLA,3801196,Playa Del Rey.,1967-04-07,Raphanus sativus L.,TRUE
2565964095,CSLA000827,CSLA,3801184,1 1/2 miles NW of Huntington Beach along NW facing base of Huntington Beach Mesa bordering Bolsa Chica Salt Marsh,1970-07-24,Raphanus sativus L.,TRUE
2565963882,CSLA000822,CSLA,3801173,"ca. 3 mi. SE of La Mesa, 200 ft. So. of jct. of Sweetwater Springs Blvd. & Jamacha Blvd. at Sweetwater Springs",1972-03-10,Raphanus L.,TRUE
2565963840,CSLA000826,CSLA,3801183,North of Science Bldg on campus of Cal. State College L.A.,1971-04-15,Raphanus sativus L.,TRUE
2565963695,CSLA000820,CSLA,3801169,1/3 mi N of San Juan Capistrano.,1966-05-15,Raphanus sativus L.,TRUE
2565963445,CSLA000830,CSLA,3801191,Bel Air,1959-04-03,Raphanus sativus L.,TRUE
2565963271,CSLA000817,CSLA,3801164,"City of Long Beach, in open hillsides S of State University.",1973-06-15,Raphanus raphanistrum L.,TRUE
2565962611,CSLA000825,CSLA,3801181,Santa Monica Mtns.,1956-03,Raphanus sativus L.,TRUE
2565962222,CSLA000819,CSLA,3801168,"Hills surrounding Avalon Bay, Santa Catalina Island.",1972-04-30,Raphanus sativus L.,TRUE
2565962075,CSLA000829,CSLA,3801187,"Field, 2.5 mi. east of Bolivia on Co. Rt. 1513.",1969-04-10,Raphanus raphanistrum L.,TRUE
2565960328,CSLA000834,CSLA,3801199,"weed along roadside. Perfumo Canyon, 3 mi. s. west of San Luis Obispo",1969-05-24,Raphanus sativus L.,TRUE
2565954927,FSC0010460,FSC,3792175,This plant was found along ditch on Barstow Street just west of Fresno State College.,1965-05-22,Raphanus raphanistrum L.,TRUE
2565954861,FSC0010443,FSC,3792158,"Monterey, on Monterey Bay. Near high school.",1929-08-13,Raphanus raphanistrum L.,TRUE
2565954851,FSC0010473,FSC,3792188,"Collected 1/4 mile from Le Grand turn off, going north on Highway 99.",1968-04-06,Raphanus sativus L.,TRUE
2565954777,FSC0010479,FSC,3792194,On Montana de Oro bench above bluff at cove.,1984-04-16,Raphanus sativus L.,TRUE
2565954742,FSC0010448,FSC,3792163,Collected at the corner of Twelfth and Fargo Avenues in Hanford. Growing on the northwest side of the intersection on the edge of the road and in the field itself.,1966-07-04,Raphanus raphanistrum L.,TRUE
2565954653,FSC0010463,FSC,3792178,2 miles south of Pismo Beach on west side of highway 101 on Sierra Hill,1960-06-19,Raphanus raphanistrum L.,TRUE
2565954642,FSC0010446,FSC,3792161,"Copper Avenue 4 miles north of Fresno State College, at edge of cultivated field. One mile east of Willow Avenue.",1964-05-03,Raphanus raphanistrum L.,TRUE
2565954577,FSC0010465,FSC,3792180,"Thompson Canal. n-s sect. North & Bishop Aves. About 3 m se. of Kerman, Main Canal.",1954-05-15,Raphanus sativus L.,TRUE
2565954576,FSC0010451,FSC,3792166,found along the roadside off of fruit between Dakota and Ashlan,1965-03-26,Raphanus raphanistrum L.,TRUE
2565954556,FSC0010462,FSC,3792177,Corner of Copper and Peach in Fresno.,1965-07-03,Raphanus raphanistrum L.,TRUE
2565954517,FSC0010480,FSC,3792195,in a valley grassland plant community at Teague and Willow road,1974-03-18,Raphanus sativus L.,TRUE
2565954435,FSC0010458,FSC,3792173,"Found in a open, grassy field where the soil was sandy loam about 8 miles north of Lompoc on Highway 1",1965-03-14,Raphanus raphanistrum L.,TRUE
2565954427,FSC0010454,FSC,3792169,Growing on a vacant lot on the West side of Chestnut Avenue. Between Butler and Ventura Avenues.,1964-05-07,Raphanus raphanistrum L.,TRUE
2565954408,FSC0010461,FSC,3792176,Enterprise Canal. e-w sect. xing Sanger-academy Rd. at Gettysburg Ave. About 9 n. nw. of Centerville. Main Canal,1954-04-10,Raphanus raphanistrum L.,TRUE
2565954399,FSC0010466,FSC,3792181,"Ca 2 miles east of Centerville in river bottom between Kings Canyon Road and Trimmer Road, a meadow 20 yards east of Rio Vista Ave.",1957-04-17,Raphanus sativus L.,TRUE
2565954276,FSC0010478,FSC,3792193,"Found at Youth City of America's second entrance, by a creek meadow.",1981-04-15,Raphanus sativus L.,TRUE
2565954270,FSC0010477,FSC,3792192,"Youth City of America's second entrance, by a creek meadow.",1981-04-15,Raphanus sativus L.,TRUE
2565954243,FSC0010452,FSC,3792167,Found on canal ditch one mile west of Clovis Avenue on North Avenue.,1959-05-01,Raphanus raphanistrum L.,TRUE
2565954080,FSC0010476,FSC,3792191,2 miles south of Pismo Beach on west side of highway 101 on Sierra Hill.,1960-06-19,Raphanus sativus L.,TRUE
2565954043,FSC0010444,FSC,3792159,Fields along Hiway 41 just s. of pt. where rd. starts downgrade to San Joaquin R.,1953-03-17,Raphanus raphanistrum L.,TRUE
2565953957,FSC0010447,FSC,3792162,"Corner of Big Rock Drive and Pinnacle Way, just south of Malibu, 1 /2 mile from ocean.",1968-02-21,Raphanus raphanistrum L.,TRUE
2565953924,FSC0010442,FSC,3792157,Locality: Willow(?) (?) along Southern Pacific railroad tracks 1.7 miles North of Herndon(?) Avenue.,1977-02,Raphanus raphanistrum L.,TRUE
2565953892,FSC0010470,FSC,3792185,Collected on Willow Avenue. 4 miles north of Shepherd Avenue.,1967-04-01,Raphanus sativus L.,TRUE
2565953890,FSC0010471,FSC,3792186,"0.25 miles south of highway 101 on Magnolia Ave, city of Santa Maria.",1977-04-04,Raphanus sativus L.,TRUE
2565953886,FSC0010482,FSC,3792197,Claremont,NA,Raphanus sativus L.,TRUE
2565953754,FSC0010453,FSC,3792168,"Forkner Ditch, e-2 sect. xing of Friant Rd. s. of Shepherd Ave. 1 1/2 m. ne of Pinedale. Fresno Irrigation District",1954-04-16,Raphanus raphanistrum L.,TRUE
2565953692,FSC0010474,FSC,3792189,"The location of this plant was on Brownvilw Road, 6 miles north of Highway 20.the plant community is the Valley Grassland,",1970-03-06,Raphanus sativus L.,TRUE
2565953628,FSC0010455,FSC,3792170,Plant Community at Cedar and Herndon Avenue,1974-03-28,Raphanus raphanistrum L.,TRUE
2565953524,FSC0010464,FSC,3792179,Yosemite rd. 2 mi NE of Laves Bridge.,1940-04-02,Raphanus raphanistrum L.,TRUE
2565953498,FSC0010457,FSC,3792172,Near the corner of Shaw and Fowler Avenues.,1967-04-02,Raphanus raphanistrum L.,TRUE
2565953470,FSC0010456,FSC,3792171,"Berkeley campus, between Life Sciences Bld, & Mining Bldg.",1934-04-24,Raphanus raphanistrum L.,TRUE
2565953431,FSC0010450,FSC,3792165,On the side of a road cut about 1.5 miles south of the canyon,1961-03-26,Raphanus raphanistrum L.,TRUE
2565953314,FSC0010483,FSC,3792198,Lost Lake Park along the east boundary fence north of entrance.,1974-01-25,Raphanus sativus L.,TRUE
2565953274,FSC0010468,FSC,3792183,Found at the corner of Shaw and Academy.,1974-03-12,Raphanus sativus L.,TRUE
2565953267,FSC0010475,FSC,3792190,"Collected on the northeast corner of Caldwell and County Center, Visalia",1980-04-21,Raphanus sativus L.,TRUE
2565953087,FSC0010472,FSC,3792187,"About 15 miles north west of University of California, Santa Barbara, near the coast by the intersection of Del Playa Drive and Camine Majorca",1973-04-08,Raphanus sativus L.,TRUE
2565953083,FSC0010449,FSC,3792164,"Along Auberry Road, 1 mile E. of junction with Millerton Road.",1968-02-29,Raphanus raphanistrum L.,TRUE
2565953023,FSC0010469,FSC,3792184,"Bradburry Road and Lemon Avenue, Monrovia.",1967-04-22,Raphanus sativus L.,TRUE
2565952988,FSC0010445,FSC,3792160,"Kaiser Ditch, w-e sect. at Shields & Westlawn Ave. about 3 m. n. of Rolinda.",1953-04-04,Raphanus raphanistrum L.,TRUE
2565952925,FSC0010459,FSC,3792174,"Off of a dirt road past a young vineyard on the righ-hand side of Highway 116, ½ mile easet of Rio Nido.",1964-10-17,Raphanus raphanistrum L.,TRUE
2565952903,FSC0010441,FSC,3792156,Located at Keller Ranch above road on the south side of Kings River immediately upstream from bridge at Kirch Flat.,1978-03-30,Raphanus raphanistrum L.,TRUE
2565952813,FSC0010481,FSC,3792196,Pacific Grove. This was found on plowed ground at the High School athletic field.,1929-08-13,Raphanus sativus L.,TRUE
2564273057,MACF030454,MACF,2866491,"Vacant field adjacent to the San Diego Freeway, Just East of the Westminster Ave turn off.",1970-05-12,Raphanus sativus L.,TRUE
2564272884,MACF030451,MACF,2866651,"Campus, California State University, Fullerton, on Arboretum grounds.",1978-04-24,Raphanus raphanistrum var. sativus (L.) Beck,TRUE
2564272649,MACF030457,MACF,2866542,Bane Canyon,1985-02-10,Raphanus sativus L.,TRUE
2564272529,MACF030448,MACF,2866713,"Campus, California State University, Fullerton, on Arboretum grounds.",1978-04-24,Raphanus raphanistrum L.,TRUE
2564272509,MACF030455,MACF,2866505,5 mi. S of Fallbrook near Valley Fort Restaurant,1963-03-30,Raphanus sativus L.,TRUE
2564272446,MACF030470,MACF,2866841,27 miles S from Big Sur on highway 1 at Nacimiento Rd.,1970-05-08,Raphanus sativus L.,TRUE
2564272299,MACF030445,MACF,2866648,"Border of Pasadena and Eagle Rock, residential area closer to Eagle Rock",1967-03-26,Raphanus raphanistrum subsp. sativus (L.) Domin,TRUE
2564272241,MACF030468,MACF,2866494,Off the Pomona Freeway westbound between Brea Canyon Rd and Water St. off ramp,1971-04-30,Raphanus sativus L.,TRUE
2564272168,MACF030446,MACF,2866599,9.7 miles north of Lake Elsinore.,1973-03-07,Raphanus raphanistrum L.,TRUE
2564272154,MACF030449,MACF,2866701,"Campus, California State University, Fullerton, on Arboretum grounds.",1978-04-24,Raphanus raphanistrum L.,TRUE
2564272133,MACF030447,MACF,2866605,"1/4 mile west of Highway 91, 1/4 mile from Santa Ana Riverbed.",1960-03-20,Raphanus raphanistrum L.,TRUE
2564272113,MACF030466,MACF,2866807,"1/4 mile west of U.S. Highway 91, on south edge of Santa Ana Riverbed",1960-03-20,Raphanus sativus L.,TRUE
2564271963,MACF030460,MACF,2866720,Near Cal. State at Fullerton,1964-12,Raphanus sativus L.,TRUE
2564271941,MACF030461,MACF,2866696,3 miles north of the town El Toro by El Toro Blvd.,1964-11-01,Raphanus sativus L.,TRUE
2564271792,MACF030458,MACF,2866834,10680 Orange Park Drive,1969-03-14,Raphanus sativus L.,TRUE
2564271777,MACF030463,MACF,2866761,N. side of La Palma Ave. near Harbor Blvd.,1966-02-12,Raphanus sativus L.,TRUE
2564271726,MACF030465,MACF,2866856,"West of L and M Nursery, Baker St. Between Fairview and Britstol",1963-04-18,Raphanus sativus L.,TRUE
2564271619,MACF030459,MACF,2866858,South of Leffingwell Road near the intersection of Stamy Rd. on the R. E. Miller Property. Near edge of bank in front of house.,1964-10-16,Raphanus sativus L.,TRUE
2564271557,MACF030467,MACF,2866794,"On the west side of Lemon Street, about 100 yards north of Alice Lane",1967-12-09,Raphanus sativus L.,TRUE
2564271527,MACF030462,MACF,2866747,Below Highway 39 at Adams near the beach,1964-11-07,Raphanus sativus L.,TRUE
2564271517,MACF030450,MACF,2866661,"Campus, California State University, Fullerton, on Arboretum grounds.",1978-04-24,Raphanus raphanistrum L.,TRUE
2564271495,MACF030453,MACF,2866608,Along Highway S-18 about 2 mi. E. of El Toro,1966-03-15,Raphanus sativus L.,TRUE
2564271426,MACF030469,MACF,2866502,"Field on the northwest corner of State College Blvd., and Rolling Hills Dr., Fullerton.",1966-02-18,Raphanus sativus L.,TRUE
2564271379,MACF030456,MACF,2866560,Paralleling the Santa Ana Freeway between Brookhurst Rd and Euclid ave.,1964-12-13,Raphanus sativus L.,TRUE
2564270882,MACF030452,MACF,2866594,"50 yards N. of Birch Rd. on Valencia Blvd. 0.7 mi from Imerial Highway, collected from within 5 yards on both sides of Valencia Blvd.",1970-02-22,Raphanus sativus L.,TRUE
2562127169,SCFS5308,SCFS,3737681,"Across Sagehen Creek from Tool Shed, University of California Sagehen Creek Wildlife Field Station.",1970-07-24,Raphanus sativus L.,TRUE
2560339366,OBI173151,OBI,3798671,"Eastern Sacramento Valley; northbound exit road from CA-65, connecting with Forty Mile Road",2013-03-28,Raphanus sativus L.,TRUE
2556160555,DAV328011,DAV,3776588,City of Davis. Along Covell Blvd approximately 2 road mi west of the intersection of Covell Blvd. and Sycamore Ln.,1997-05-13,Raphanus raphanistrum L.,TRUE
2556160552,DAV328010,DAV,3776580,"City of Sacramento, found on a levee along the American River, about 1/2 mile N/W of J Street.",1997-04-28,Raphanus sativus L.,TRUE
2556160548,DAV328009,DAV,3776574,City of Davis. Along Covell Blvd approximately 2 road mi west of the intersection of Covell Blvd. and Sycamore Ln.,1997-05-13,Raphanus sativus L.,TRUE
2517603142,WAG.1470575,NA,NA,"Georgia Southern College, behind Home Management Building.",1964-03-30,Raphanus raphanistrum L.,TRUE
2517371118,U.1176430,NA,NA,North Carolina. Robeson County. Roadside 4.5 miles SSW of St. Pauls along Co. 1765.,1965-05-23,Rapistrum raphanistrum (L.) Crantz,TRUE
2517362078,U.1176435,NA,NA,"U.S.A. Wellesley, Mass.",1898-01-01/1898-12-31,Rapistrum raphanistrum (L.) Crantz,TRUE
2517128134,U.1176436,NA,NA,Massachusetts. Bristol county. Dighton.,1953-10-09,Rapistrum raphanistrum (L.) Crantz,TRUE
2517114190,U.1176516,NA,NA,California Plants - Northern Coast Ranges. Humboldt County. Bed of dry pond. Dobbyn Creek.,1934-07-09,Raphanus L.,TRUE
2516955410,U.1176437,NA,NA,"Plants of Oregon. Gravel bed east of Cottage Grove, Lane County.",1955-07-04,Rapistrum raphanistrum (L.) Crantz,TRUE
2516925454,U.1176431,NA,NA,Massachusetts. U.S.A. Door St. Westward. Jull.,1908-07-23,Rapistrum raphanistrum (L.) Crantz,TRUE
2515502332,U.1176429,NA,NA,Plants of Florida. Manatee County Duette Road.,1975-04-27,Rapistrum raphanistrum (L.) Crantz,TRUE
2515500059,U.1176438,NA,NA,"Flora Americae Boreais. Maine. Washington. Pery, Passamgurdoly Bay.",NA,Rapistrum raphanistrum (L.) Crantz,TRUE
2515493583,U.1176434,NA,NA,Massachusetts. U.S.A. Sirupron Miadow. Caunipuz.,1909-06-25,Rapistrum raphanistrum (L.) Crantz,TRUE
2515436248,U.1176428,NA,NA,"Flora of Louisaina. Parish: Richland. Unplowed soybean field south of La. 15 on Richland Plantation, 1.5 miles west of Rhymes and La. 133, Sec. 10, T26N, R5E.",1984-05-08,Rapistrum raphanistrum (L.) Crantz,TRUE
2515370378,U.1176433,NA,NA,Flora of Eastern Massachusetts. Sudel land. Lynn.,1911-06-30,Rapistrum raphanistrum (L.) Crantz,TRUE
2515352603,U.1176439,NA,NA,"Plants of Santa Cruz Mountain peninsula. Santa Clara County, California.",1900-06-03,Rapistrum raphanistrum (L.) Crantz,TRUE
2515123578,L.3774602,NA,NA,"Roadbank of I-220 at Airline Drive (Bossier 3105) north of Bossier City, Sec. 11, T18N, R13W.",1983-03-10,Raphanus raphanistrum L.,TRUE
2514966053,L.1829918,NA,NA,"California. San Diego County; Opp. Collwood Park, Montezuma Ave., in a dry wash.",1968-06-28,Raphanus raphanistrum L.,TRUE
2514964427,L.1829895,NA,NA,Flora van N. Amerika. Canyon Hollywood.,1952-05-01/1952-05-31,Raphanus sativus L.,TRUE
2514100465,L.1829894,NA,NA,"U.S.A. Berkeley Hills, Cal.",1948-05-02,Raphanus sativus L.,TRUE
2514099464,L.1829919,NA,NA,"California, collected north side Mt. Shasta, Siskiyou County.",1987-06-11,Raphanus raphanistrum L.,TRUE
2512866452,US 298994,US,NA,"Nockamixon Rocks, Bucks County.",1890-07-19,Raphanus sativus L.,TRUE
2512865335,US 311013,US,NA,The Vicinity of Green's Farms.,1894-06-25,Raphanus raphanistrum L.,TRUE
2512864403,US 2389821,US,NA,Collected in Lehigh County. Om grain field along road about 2-1/2 miles E. by N.E. of Hosensack.,1952-06-14,Raphanus sativus L.,TRUE
2512862347,US 6493,US,NA,Norfolk.,1877,Raphanus sativus L.,TRUE
2512859469,US 885379,US,NA,Garibaldi.,1914-08-28,Raphanus sativus L.,TRUE
2512855501,US 275281,US,NA,So. Hadley.,1887,Raphanus sativus L.,TRUE
2512848219,US 241043,US,NA,Bombay Hook.,1880-06-10,Raphanus raphanistrum L.,TRUE
2512846209,US 2499565,US,NA,Robeson County. Roadside 4.5 miles SSW of St. Pauls along Co. 1765,NA,Raphanus raphanistrum L.,TRUE
2512845204,NA,US,NA,"Southeastern Virginia. Sussex County. Roadside fill (""soft shoulder""), recently seeded, about 4 miles South of Jarrett. Homeville.",1938-04-09,Raphanus sativus L.,TRUE
2512830336,US 355995,US,NA,Near Norfolk. Southeastern Virginia.,1898-05-20,Raphanus raphanistrum L.,TRUE
2512822514,US 238201,US,US 238201,San Ysabel.,1893-04-05,Raphanus sativus L.,TRUE
2512822233,US 318584,US,NA,Southeastern Washington. Waitsburg.,1897-06-05,Raphanus sativus L.,TRUE
2512815201,US 1204062,US,NA,"New- planted field, Canton Junction.",1911-06-15,Raphanus raphanistrum L.,TRUE
2512814388,US 299174,US,US 299174,"Collected near Sisson, Siskiyou County.",1897-06-01/1897-06-10,Raphanus sativus L.,TRUE
2512807377,US 765571,US,US 765571,Beach near Wrights. Santa Cruz Mountains.,1913-07-07,Raphanus sativus L.,TRUE
2512800117,US 2525641,US,US 2525641,"Weeds of Orange County. N. side of La Palma Ave., near Harbor Blvd., Anaheim.",NA,Raphanus sativus L.,TRUE
2512792123,US 985431,US,NA,Shelburne.,1915-09-06,Raphanus raphanistrum L.,TRUE
2512792002,US 2422386,US,NA,"Sandy soil in field, 8 mi. W of Blackville, Barnwell Co.",1961-05-03,Raphanus raphanistrum L.,TRUE
2512791309,US 6497,US,NA,Martha's Vineyard.,1888,Raphanus raphanistrum L.,TRUE
2512781204,US 1201152,US,US 1201152,Tuolumne County. In grainfield near Rawhide.,1919-04-11/1919-04-16,Raphanus sativus L.,TRUE
2512775099,US 296059,US,NA,The Northern United States. Oxford. Old gardens and waste places.,1883-06-21,Raphanus sativus L.,TRUE
2512774889,US 2606025,US,NA,Norfolk.,1877-05-15,Raphanus raphanistrum L.,TRUE
2512772144,US 6498,US,NA,Martha's Vineyard.,1888-08,Raphanus sativus L.,TRUE
2512771806,US 136297,US,NA,Common's of Bombay Hook. Near Norfolk.,1877-05-17,Raphanus raphanistrum L.,TRUE
2512770487,US 349903,US,US 349903,"Avalon, Santa Catalina Island.",1900-06,Raphanus sativus L.,TRUE
2512769772,US 1392531,US,NA,"Newford, Mass.",NA,Raphanus raphanistrum L.,TRUE
2512768913,US 6501,US,US 6501,"Fort Tejon, and vicinity.",NA,Raphanus sativus L.,TRUE
2512767893,US 297927,US,NA,Nantucket.,1897-08-04,Raphanus raphanistrum L.,TRUE
2512767629,US 610713,US,US 610713,Northern California. Mendocino County. Kaisen District.,1903-06,Raphanus sativus L.,TRUE
2512767303,US 963673,US,NA,"Tinicum, on the Delaware River, Philadelphia County.",1899-06-12,Raphanus raphanistrum L.,TRUE
2512762119,US 6500,US,US 6500,"Fort Tejon, and vicinity.",NA,Raphanus sativus L.,TRUE
2512761027,US 2605233,US,NA,Station: Cumberland.,1851-07,Raphanus raphanistrum L.,TRUE
2512759395,US 615768,US,NA,Dover.,1908-05-21,Raphanus sativus L.,TRUE
2512758461,US 718384,US,NA,Clallam Co Wash.,1915-06-02,Raphanus sativus L.,TRUE
2512754491,US 1392532,US,NA,Ludoviciana. On ballast ground. Port Eads.,1885-05-06,Raphanus sativus L.,TRUE
2512752247,US 414344,US,NA,Waste places. Westbrook.,1901-07-08,Raphanus sativus L.,TRUE
2512748199,US 874348,US,US 874348,"West Central California; Western Santa Clara Co., Santa Clara Valley.",1906-05-23,Raphanus raphanistrum L.,TRUE
2512745578,US 465345,US,US 465345,"Los Angeles County, Rivera.",1902-05-10,Raphanus raphanistrum L.,TRUE
2464643771,KSP015964,KSP,21406993,At Gold Beach,1971-07-11,Raphanus sativus L.,TRUE
2459759901,UCSB054633,UCSB,3726377,1/4 mi. inshore 1/4 mi. west of Coal Oil Pt. on western edge Coal Oil Pt. Reserve.,1980-02-21,Raphanus raphanistrum L.,TRUE
2459755901,UCSB054632,UCSB,3726378,1/4 mi. inshore 1/4 mi. west of Coal Oil Pt. on western edge Coal Oil Pt. Reserve.,1980-02-21,Raphanus sativus L.,TRUE
2459174892,UCSC100003126,UCSC,3590276,"Approximately 30 meters north of coastal campus building, adjacent to the north side of the parking lot entrance and bike path.",2019-04-12,Raphanus sativus L.,TRUE
2459174600,NA,UCSC,240097,"Located around 10m from Bluff at Younger Lagoon Reserve (YLR). Located in perimeter of restored 2015 plot, next to bike path. YLR is located at the UCSC Coastal Biology Campus off McAllister Road in Santa Cruz, CA",2018-02-24,Raphanus sativus L.,TRUE
2459174393,NA,UCSC,240441,"Along northbound Coolidge Rd, near faculty housing, along path that leads to beginning of Spring Trail",2018-02-25,Raphanus raphanistrum L.,TRUE
2459174282,NA,UCSC,239984,Younger lagoon,2018-02-13,Raphanus raphanistrum L.,TRUE
2459173553,NA,UCSC,240437,10m from pathway; clustered with serveral other R. sativus specimens; growing through shredded bark mulch,2018-02-27,Raphanus sativus L.,TRUE
2459173329,NA,UCSC,240188,"150 ft down Great Meadow trail from ARC center, 100 ft E off trail",2018-02-27,Raphanus sativus L.,TRUE
2459173118,NA,UCSC,240297,"Located around 10m from Bluff at Younger Lagoon Reserve (YLR). Located in perimeter of restored 2015 plot, next to bike path. YLR is located at the UCSC Coastal Biology Campus off McAllister Road in Santa Cruz, CA",2018-02-24,Raphanus sativus L.,TRUE
2459172982,NA,UCSC,240241,"Along northbound Coolidge Rd, near faculty housing, along path that leads to beginning of Spring Trail",2018-02-25,Raphanus raphanistrum L.,TRUE
2459172736,NA,UCSC,240048,Next to path leading down to the Village at UCSC. Path is next to Hagar Drive.,2018-02-23,Raphanus sativus L.,TRUE
2459172631,NA,UCSC,240008,"GPS (36.9933738,-122.0506664)",2018-02-26,Raphanus sativus L.,TRUE
2459172501,NA,UCSC,240217,"Disturbed coastal prairie habitat, at edge of sidewalk",2018-02-24,Raphanus sativus L.,TRUE
2459172390,NA,UCSC,239858,30 meters east of the Seymour Marine Discovery Center at the UCSC Coastal Biology Campus,2018-02-24,Raphanus sativus L.,TRUE
2459172381,NA,UCSC,240127,"UCSC, 50m South of eastern end of S. Oakes rd (West Remote Parking) in Oakes Meadow",2018-02-10,Raphanus sativus L.,TRUE
2459172230,NA,UCSC,3590297,"Approximately 150-200 m east of NOAA building, near eastern bike path of reserve.",2019-04-19,Raphanus sativus L.,TRUE
2459172002,NA,UCSC,240160,Weed-like root patches Seymour Center,2018-02-26,Raphanus sativus L.,TRUE
2459171670,NA,UCSC,240237,10m from pathway; clustered with serveral other R. sativus specimens; growing through shredded bark mulch,2018-02-27,Raphanus sativus L.,TRUE
2459171582,UCSC100003138,UCSC,3590166,"Approximately 150-200 m east of NOAA building, near eastern bike path of reserve.",2019-04-19,Raphanus sativus L.,TRUE
2459171548,NA,UCSC,240408,100m E Seymour Marine Center,2018-02-27,Raphanus sativus L.,TRUE
2459171316,NA,UCSC,240208,100m E Seymour Marine Center,2018-02-27,Raphanus sativus L.,TRUE
2459171078,NA,UCSC,240417,"Disturbed coastal prairie habitat, at edge of sidewalk",2018-02-24,Raphanus sativus L.,TRUE
2459171058,NA,UCSC,240388,"150 ft down Great Meadow trail from ARC center, 100 ft E off trail",2018-02-27,Raphanus sativus L.,TRUE
2459171030,NA,UCSC,239908,"East on footpath (adjacent to ocean) about 300ft from Seymour Center entrance, in open grassy area",2018-02-24,Raphanus sativus L.,TRUE
2459170957,NA,UCSC,240045,On the side of the road along empire grade,2018-02-26,Raphanus raphanistrum L.,TRUE
2459170947,NA,UCSC,240327,"UCSC, 50m South of eastern end of S. Oakes rd (West Remote Parking) in Oakes Meadow",2018-02-10,Raphanus sativus L.,TRUE
2459170877,NA,UCSC,240030,"University of California Santa Cruz, fields in front of the farm",2018-02-26,Raphanus sativus L.,TRUE
2459170799,NA,UCSC,239971,USA: CA: Santa Cruz Co: Santa Cruz: UCSC: Intersection of Hagar Rd and Village Dr.: West side of Hagar Dr.,2018-02-27,Raphanus sativus L.,TRUE
2459170348,NA,UCSC,240425,From Shaffer Rd. approximately 0.70 km down Mccallister Way. On the East side of Mccallister Way. Between walking path and Seymour Center parking lot,2018-02-22,Raphanus sativus L.,TRUE
2459170305,NA,UCSC,240360,Weed-like root patches Seymour Center,2018-02-26,Raphanus sativus L.,TRUE
2459169536,NA,UCSC,240225,From Shaffer Rd. approximately 0.70 km down Mccallister Way. On the East side of Mccallister Way. Between walking path and Seymour Center parking lot,2018-02-22,Raphanus sativus L.,TRUE
2459169484,UCSC100000690,UCSC,238791,"Ft. Ord National Monument (Region K6, Eucalyptus Road)",2015-05-12,Raphanus sativus L.,TRUE
2459169393,NA,UCSC,239881,"Younger Lagoon. Off of walkway to the left of Coastal Science building, parallel to the building",2018-02-19,Raphanus sativus L.,TRUE
2459168788,UCSC100000689,UCSC,236700,"Along the north edge of the sidewalk, roughly 90' west of the intersection of Water Street and North Branciforte Avenue",2012-11-06,Raphanus raphanistrum L.,TRUE
2459168324,UCSC100000698,UCSC,236400,"Great Meadow, University of California, Santa Cruz",2011-05-12,Raphanus sativus L.,TRUE
2459167429,UCSC100000697,UCSC,235906,2855 E. Cliff Dr. at Schwan Lake Park,2011-04-25,Raphanus sativus L.,TRUE
2459166253,UCSC100000688,UCSC,236311,University of Santa Cruz,2013-04-26,Raphanus raphanistrum L.,TRUE
2459163424,UCSC100000691,UCSC,232773,"Santa Cruz, UCSC: meadow at top of bike path, Meyer Drive",1993-06-03,Raphanus sativus L.,TRUE
2459162939,UCSC100000694,UCSC,231694,east side of Younger Lagoon Reserve,1994-05-22,Raphanus sativus L.,TRUE
2459162856,UCSC100000693,UCSC,231367,"Fort Ord, UC Reserve, Site P2",1995-04-23,Raphanus sativus L.,TRUE
2459162518,UCSC100000695,UCSC,231693,east side of Younger Lagoon Reserve,1994-05-22,Raphanus sativus L.,TRUE
2459161542,NA,UCSC,2207308,"Along the side of Empire Grade road, about 30 meters past the main gate to Mima Meadow toward Bay.",2019-02-08,Raphanus sativus L.,TRUE
2459161187,NA,UCSC,2207312,"Sloped field between Great Meadow Bike Path and Village Rd., approx. 85 ft. W of UCSC Village Housing Office. Overlooks intersection of Farm Road and Ranch View Road.",2019-02-13,Raphanus sativus L.,TRUE
2459161123,NA,UCSC,2207288,In a grass patch at the junction of Hagar and Village Rd on UCSC campus,2019-02-11,Raphanus L.,TRUE
2459160954,NA,UCSC,2207282,Located along the back side of Santa Cruz Wastewater Treatment facility's most NE wall. Running Parallel the SE side of Neary Lagoon.,2019-02-25,Raphanus sativus L.,TRUE
2459160919,NA,UCSC,2207423,"Santa Cruz Co., UCSC, Santa Cruz, CA.",2019-02-22,Raphanus sativus L.,TRUE
2459160852,NA,UCSC,2207434,near the stairs going from opers to the village,2019-02-25,Raphanus sativus L.,TRUE
2459160827,NA,UCSC,2207216,"Right at the entrance of Coastal Science campus. North of strawberry gelato sign. In a grassy patch, on Delaware street.",2019-02-22,Raphanus sativus L.,TRUE
2459160813,UCSC100000692,UCSC,229779,Los Angeles. Specimen recd from Dr. Hall Univ. Cal. Herbarium,1901-06,Raphanus sativus L.,TRUE
2459160659,NA,UCSC,2207374,"At entrance of UCSC Coastal Science Campus, along roadside right next to strawberry gelato sign, and on Delaware street.",2019-02-22,Raphanus sativus L.,TRUE
2459160573,NA,UCSC,2207437,Directly across from upper Village/Farm bus stop on Hagar Drive,2019-02-23,Raphanus sativus L.,TRUE
2459160544,NA,UCSC,2207224,"Field across Empire Grade from UCSC campus, ""The Triangle"".",2019-02-22,Raphanus sativus L.,TRUE
2459160543,NA,UCSC,2207336,"UCSC Campus, Take a left onto Village Rd. from Hagar Dr., Take the first right, 5m from the Stop Sign look right",2019-02-25,Raphanus raphanistrum L.,TRUE
2459160535,NA,UCSC,2207383,"East most corner of East Remote Lot, south of Lower East Field.",2019-02-24,Raphanus sativus L.,TRUE
2459160497,NA,UCSC,2207182,Observed at Antonelli Pond located about 50 meters east of the UCSC Coastal Sciences Campus entrance. Approached the pond from Delaware Ave through the eastern most entrance. The specimen was located in a small area on the western side of the path about 50 meters from the entrance. It lined the west and east side of the path. Specimen collected about 2 feet form path's edge.,2019-02-14,Raphanus sativus L.,TRUE
2459160487,NA,UCSC,2207207,"Growing in grass along side of Coolidge Drive, approx. 300 ft. from intersection at Hagar Drive. On north side of road.",2019-02-23,Raphanus sativus L.,TRUE
2459160480,NA,UCSC,2207339,Found along a cement trail and about 10m into the field,2019-02-25,Raphanus sativus L.,TRUE
2459160467,NA,UCSC,2207186,"Top of hill above village, ~50 ft from dirt bike path.",2019-02-10,Raphanus sativus L.,TRUE
2459160403,NA,UCSC,2207273,"7044 Village Rd, Santa Cruz, CA 95064, USA, near my big extended meadows, covered with lots of wild radish, along side great meadows bike path.",2019-02-25,Raphanus sativus L.,TRUE
2452343409,NA,US,NA,Patuxent Research Refuge. Prince Georges County. Recently plowed field in plot 5472.,1942-05-29,Raphanus sativus L.,TRUE
2452323625,US 847586,US,NA,"Hamilton, weeds in fields.",1905-06-21,Raphanus sativus L.,TRUE
2452315407,US 3492194,US,US 3492194,"Marin County. Gorge in head of Lucas Valley, on road cut on slopes above stream.",1989-04-04,Raphanus sativus L.,TRUE
2452311387,US 2000728,US,US 2000728,"Modesto, Stanislaus County.",1935-02-08,Raphanus sativus L.,TRUE
2452275617,US 467936,US,US 467936,"The Pacific Coast. South, West part of California.",1901-02,Raphanus sativus L.,TRUE
2452255488,US 2099840,US,NA,"Between Cross Island Bd & 14th Ave. Robinwood, Queens, L. I.",1941-06-14,Raphanus raphanistrum L.,TRUE
2452251575,US 1392527,US,NA,Long Island.,NA,Raphanus raphanistrum L.,TRUE
2452251417,US 880131,US,US 880131,Berkeley.,1913-07-12,Raphanus sativus L.,TRUE
2452243672,US 311014,US,NA,"The Vicinity of Green's Farms, Conn.",1894-06-05,Raphanus raphanistrum L.,TRUE
2452242382,US 1392529,US,NA,Boston. N.A.,1816,Raphanus sativus L.,TRUE
2452240171,US 1070627,US,NA,Peterborough. open roadside.,1913-08-30,Raphanus raphanistrum L.,TRUE
2432124765,OBI161552,OBI,3630484,"Santa Ynez Mountains. Phytojog 2019 trip to The Nature Conservancy's Jack and Laura Dangermond Preserve. Cojo Ranch side. Point Conception, Point Conception Rd. 0.21 miles north of Point Conception Lighthouse, on edge of cliffs.",2019-05-09,Raphanus sativus L.,TRUE
2432123805,OBI166657,OBI,3641756,Swanton Pacific Ranch,2019-07-11,Raphanus sativus L.,TRUE
2432122113,OBI166658,OBI,3641757,Swanton Pacific Ranch,2019-07-11,Raphanus raphanistrum L.,TRUE
2430560567,RSA0191151,RSA,993506,Santa Catalina Island: ranch in Middle Ranch Canyon,1966-04-29,Raphanus raphanistrum L.,TRUE
2430559176,RSA0191252,RSA,996141,"Dana Point: Dana Point Headlands, CNLM Preserve near NE Gate, 0.5km W Marine Institute (Dana Point Harbor).; Dana Point",2008-04-02,Raphanus sativus L.,TRUE
2430552658,RSA0191204,RSA,981037,"Whittier, Skyline Equestrian trail 1.1 miles south of its intersection with Turnbull Canyon Rd.",1988-05-01,Raphanus sativus L.,TRUE
2430551369,RSA0042155,RSA,978519,"Pt. Judith, north edge of park area near lighthouse, east of Ocean Rd.",2014-07-15,Raphanus raphanistrum L.,TRUE
2430551064,RSA0191239,RSA,978189,"Northwest Harbor, San Clemente Island",1962-07-12,Raphanus sativus L.,TRUE
2430551032,RSA0191282,RSA,977847,"Special Dist., Cities of Del Mar and San Diego, 0.1 mi S of San Dieguito Lagoon on path E of Racetrack View Dr., 1 mi S of DM racetrack, SE of (outside) E rim Crest Canyon, 0.8 mi E of coastline.",2005-04-07,Raphanus sativus L.,TRUE
2430549978,RSA0191234,RSA,974876,"Verdugo Mountains: East side of Arroyo Seco, 2 meters west of curb, across street from 1590 Arroyo Boulevard at Howard Street, Pasadena.",2001-01-24,Raphanus sativus L.,TRUE
2430546606,RSA0191190,RSA,970742,"Elephant Hill, N most point of the Puente Hills, W Pomona; San Dimas USGS 7.5’",1991-07-29,Raphanus sativus L.,TRUE
2430541999,RSA0191314,RSA,964523,Santa Cruz Island. Main Ranch.,1939-08-15,Raphanus sativus L.,TRUE
2430541005,RSA0191182,RSA,957317,Playa del Rey.,1935-03-31,Raphanus sativus L.,TRUE
2430540907,RSA0191232,RSA,956318,La Canada,NA,Raphanus sativus L.,TRUE
2430540336,RSA0115435,RSA,950503,"Sacramento Valley: along CA-20 at Sycamore Cutoff, 1.3 miles west of the Sacramento River crossing.; Meridian 7.5'",2014-01-04,Raphanus sativus L.,TRUE
2430538299,RSA0191301,RSA,956927,Northeastern portion of the county.,1930-04-18,Raphanus sativus L.,TRUE
2430536906,RSA0191200,RSA,953408,"Avalon, Santa Catalina Island.",1901-03,Raphanus sativus L.,TRUE
2430535841,RSA0191294,RSA,945473,San Onofre.,1934-03,Raphanus sativus L.,TRUE
2430532978,RSA0085044,RSA,943444,"CA Hwy 74, just off highway E of Elsinore, 1 mi W of Hwy 15.",1982-05-15,Raphanus sativus L.,TRUE
2430531849,RSA0191214,RSA,942671,Claremont: Indian Hill. Pacific Slope Drainage Area.,1945-05-21,Raphanus sativus L.,TRUE
2430530468,RSA0191175,RSA,931379,San Gabriel Mountains; mesa between Little Dalton and Englewild canyons.,1967-05-13,Raphanus sativus L.,TRUE
2430527589,RSA0191315,RSA,929206,"Santa Rosa Island. Ranch on Beecher's Bay, Northeast end of island.",1975-04-30,Raphanus sativus L.,TRUE
2430527125,RSA0191169,RSA,935273,"McGaw Slough. Kelseyville. Middle N Coast Mtn range, Cold Creek River.",1928-06-28,Raphanus sativus L.,TRUE
2430523096,RSA0191225,RSA,924148,"San Gabriel river channel, about 50 m. south of the San Gabriel River Parkway bridge, city of Pico Rivera.",1991-05-07,Raphanus sativus L.,TRUE
2430517890,RSA0191256,RSA,911854,3 miles SW of Anaheim..,1948-02-08,Raphanus sativus L.,TRUE
2430517335,RSA0191278,RSA,906238,Between Claremont and Upland,1921-06-02,Raphanus sativus L.,TRUE
2430512155,RSA0191242,RSA,904925,Carmel by the sea. The Monterey Peninsula.,1910-03-28,Raphanus sativus L.,TRUE
2430508344,RSA0191206,RSA,824961,"La Verne, Foothill Blvd., 75 m W. of Wheeler Avenue",1998-05-03,Raphanus sativus L.,TRUE
2430491640,RSA0064525,RSA,783353,"In the field behind the Sunny Crest Drive at Harbor Blvd., Fullerton.",1966-02-10,Raphanus sativus L.,TRUE
2430485486,RSA0191139,RSA,764500,Between San Diego and Temecula,1937-07-20,Raphanus raphanistrum L.,TRUE
2430481098,RSA0191165,RSA,760531,Arvin,1936-02-21,Raphanus sativus L.,TRUE
2430472205,RSA0191129,RSA,747857,"Kelseyville. Middle N Coast range, Kelsey Creek.",1928-05-12,Raphanus raphanistrum L.,TRUE
2430470506,RSA0191181,RSA,734125,Redondo Beach.,1943-07,Raphanus sativus L.,TRUE
2430467453,RSA0191217,RSA,732955,Palos Verdes,1929-02-03,Raphanus sativus L.,TRUE
2430462219,RSA0191166,RSA,720388,E Bakersfield.,1937-04-17,Raphanus sativus L.,TRUE
2430460223,RSA0191248,RSA,716024,"Crest of range at Oak Flat, SE of Sierra Peak, just West of Riverside County Line.",1991-05-09,Raphanus sativus L.,TRUE
2430457330,RSA0191331,RSA,711677,"Davis Motel, just north of the UC Davis Campus and adjacent to Highway 80..",1990-03-03,Raphanus sativus L.,TRUE
2430455950,RSA0191229,RSA,706792,"End of Canyon Dr., 0.2 mi. off Penn St. and 100 yds E of Whittier College track.",1992-05-14,Raphanus sativus L.,TRUE
2430455554,RSA0191135,RSA,705793,LaVerne hills,1954-04-05,Raphanus raphanistrum L.,TRUE
2430455140,RSA0191163,RSA,706113,At the junction of the Hookton Rd and Copenhagen Rd.,1971-04-12,Raphanus sativus L.,TRUE
2430449182,RSA0191178,RSA,997281,El Segundo.,1932-03-27,Raphanus sativus L.,TRUE
2430444737,RSA0191131,RSA,992535,Behind Northwest Harbor; San Clemente Island.,1962-04-11,Raphanus raphanistrum L.,TRUE
2430444267,RSA0191235,RSA,987958,At Soka Univ. SW section Santa Monica Mts Las Virgenes & Mulholland Hwy,1991-11-13,Raphanus sativus L.,TRUE
2430443791,RSA0191150,RSA,983097,Williams; by junction of 5th Street and B Street.,2007-03-22,Raphanus raphanistrum L.,TRUE
2430443639,RSA0191172,RSA,981549,Santa Monica Mountains; Laurel Canyon.,1930-05-06,Raphanus sativus L.,TRUE
2430443459,RSA0034861,RSA,979678,"Vandenberg Air Force Base, south of Taurus Road near Pega Road.",1981-05-05,Raphanus sativus L.,TRUE
2430442799,RSA0191260,RSA,983573,Dana Point,1933-04-09,Raphanus sativus L.,TRUE
2430441437,RSA0065696,RSA,979589,Tigard. 100 m SE of 7855 SW Dartmouth St.,2005-04-30,Raphanus raphanistrum L.,TRUE
2430439082,RSA0191137,RSA,975870,"Huntington Beach along Beach Blvd, ca.0.5 miles N of the Beach.",1993-03-29,Raphanus raphanistrum L.,TRUE
2430435370,RSA0191222,RSA,968734,El Segundo.,1928-05,Raphanus sativus L.,TRUE
2430434651,RSA0191184,RSA,971402,Alhambra,1931-07-05,Raphanus sativus L.,TRUE
2430434509,RSA0191277,RSA,969955,"San Manuel Indian Reservation, approximately 1.5 miles north of Highland Ave. on Victoria.",1991-05-22,Raphanus sativus L.,TRUE
2430432702,RSA0191291,RSA,962044,Between San Diego and Temecula,1937-07-20,Raphanus sativus L.,TRUE
2430431896,RSA0191276,RSA,963330,Big Bear.,1939-07-03,Raphanus sativus L.,TRUE
2430429861,RSA0191218,RSA,963366,Topanga Canyon.,1929-03,Raphanus sativus L.,TRUE
2430423842,RSA0191189,RSA,942849,"Eagles Nest, Middle Ranch Canyon, Santa Catalina Island.",1931-04-16,Raphanus sativus L.,TRUE
2430423056,RSA0191143,RSA,945368,"Santa Cruz Island, Canada Cebada, along S Ridge Road, halfway down grade from ridgetop to canyon bottom, N side of canyon.",1991-04-04,Raphanus raphanistrum L.,TRUE
2430420285,RSA0191299,RSA,947300,[No location data on label.],1927-07-12,Raphanus sativus L.,TRUE
2430416583,RSA0191158,RSA,929536,[No locality information provided],1897-04,Raphanus sativus L.,TRUE
2430415275,RSA0191295,RSA,936997,"Silver Strand, San Diego Co.",1932-02-10,Raphanus sativus L.,TRUE
2430415244,RSA0191265,RSA,936672,"Warm Springs Creek at NE end of Hogbacks ridge from Alamos Rd. S to confluence w/ Adobe Springs tributary, 2-3 miles NW of Murrieta Hot Spings.",1991-06-14,Raphanus sativus L.,TRUE
2430412818,RSA0081381,RSA,922570,"Confluence of Little Tujunga Wash and Big Tujunga Wash at I-210 crossing, within 50 m on north and south sides of I-210.; Sunland 7.5' Q.",2010-03-16,Raphanus sativus L.,TRUE
2430411664,RSA0191130,RSA,920853,Catalina Island. South of Avalon golf course.,1965-06-22,Raphanus raphanistrum L.,TRUE
2430410729,RSA0191297,RSA,920878,San Francisco.,1933-08-15,Raphanus sativus L.,TRUE
2430410378,RSA0191195,RSA,917287,Claremont.,1909-04-10,Raphanus sativus L.,TRUE
2430409709,RSA0029813,RSA,921047,Pecho Ranch. On the ocean.,1953-02-17,Raphanus sativus L.,TRUE
2430404750,RSA0065688,RSA,911273,"At the corner of S.W. Montgomery and S.W. 12th, adjacent to Community Garden.",2005-05-21,Raphanus sativus L.,TRUE
2430403874,RSA0191303,RSA,902357,On the SE side of Laguna Lake Park from the roadway to the base of hill.,1982-04-12,Raphanus sativus L.,TRUE
2430402516,RSA0191296,RSA,899090,"NW Palomar Mountains, Agua Tibia Mountains: Wilderness Gardens Preserve. Approximately 3.4 miles east of Pala south of Hwy. 76 along the San Luis Rey River.Areas along the main trail network from the parking area along the primary driveway within the river bottom to areas of native grasslands on the higher slopes.",1997-04-08,Raphanus sativus L.,TRUE
2430397750,RSA0191267,RSA,884140,3 miles N [of] Temecula.,1932-03-26,Raphanus sativus L.,TRUE
2430397628,RSA0018131,RSA,869110,Belmar.,1940-06-23,Raphanus raphanistrum L.,TRUE
2430395824,RSA0191152,RSA,884527,Kagel Canyon.,1973-04-08,Raphanus raphanistrum L.,TRUE
2430394612,RSA0191211,RSA,863673,"Santa Catalina Island. Middle Ranch, Middle Ranch Canyon.",1966-04-29,Raphanus sativus L.,TRUE
2430392728,RSA0191215,RSA,806147,Long Beach.,1929-03-20,Raphanus sativus L.,TRUE
2430391915,RSA0191202,RSA,702128,"Whittier Hills (Puente Hills), upper Turnbull Canyon, 1/5 air mile WNW of Turnbull Canyon road x Skyline Drive in partially disturbed.",1991-02-23,Raphanus sativus L.,TRUE
2430390468,RSA0191264,RSA,807444,Banning.,1944-04-22,Raphanus sativus L.,TRUE
2430388402,RSA0191146,RSA,701419,"Beach bluffs at the Vail Ranch headquaters, Santa Rosa Island",1960-04-05,Raphanus raphanistrum L.,TRUE
2430386070,RSA0191196,RSA,698690,"New York Ave, Altadena",1920-04-25,Raphanus sativus L.,TRUE
2430384151,RSA0081376,RSA,693888,"Confluence of Little Tujunga Wash and Big Tujunga Wash at I-210 crossing, within 50 m on north and south sides of I-210.; Sunland 7.5' Q.",2010-03-16,Raphanus sativus L.,TRUE
2430379105,RSA0041564,RSA,790470,Camp Pendleton: Training Area India: eastern portion of Base; along the Santa Margarita River just southwest of the De Luz Road crossing.,2014-05-08,Raphanus sativus L.,TRUE
2430373690,RSA0191138,RSA,786393,Loma Linda. Santa Ana River.,1945-10-25,Raphanus raphanistrum L.,TRUE
2430368138,RSA0191168,RSA,682744,Kelseyville.,1925-05-20,Raphanus sativus L.,TRUE
2430367972,RSA0191263,RSA,681941,"San Jacinto Mountains, West side",1944-05-21,Raphanus sativus L.,TRUE
2430364306,RSA0023267,RSA,778436,Santa Ana Mountains: Trabuco Canyon.,1977-05-04,Raphanus sativus L.,TRUE
2430355560,RSA0191280,RSA,667072,Vista.,1929-03-02,Raphanus sativus L.,TRUE
2430353132,RSA0191243,RSA,765477,Carmel.,1950-07-12,Raphanus sativus L.,TRUE
2430352953,RSA0049509,RSA,763659,"Dry riverwash located in the north section of parcel 475-090-006, lot 20 Moreno Acres of the unincorproated area known as Sunnymead.",1983-05-01,Raphanus sativus L.,TRUE
2430345537,RSA0191180,RSA,657525,"Los Angeles. Vacant lots and waste places in the city, roadsides.",1931-03-13,Raphanus sativus L.,TRUE
2430344256,RSA0191145,RSA,652945,"Santa Cruz Island, Prisoners’ Harbor, N side of magazine building",1990-04-10,Raphanus raphanistrum L.,TRUE
2430343154,RSA0191149,RSA,651117,"Ostrom #3 Road, 1.2 miles east of junction with CA-65, southeast of Olivehurst; Olivehurst 7.5’ Q.",2008-10-06,Raphanus raphanistrum L.,TRUE
2430340346,RSA0191250,RSA,646907,"Rancho Mission Viejo: Donna O’Neill Land Conservancy. Along Back Road in upper Shady Canyon, 1.74km NW Sycamore Gate, 1.23km W of Cristianitos Road.; San Clemente",2004-04-21,Raphanus sativus L.,TRUE
2430340289,RSA0191205,RSA,645142,"La Verne, Foothill Blvd., 75 m W. of Wheeler Avenue",1998-05-03,Raphanus sativus L.,TRUE
2430340253,RSA0191288,RSA,645300,"On hwy 74, 0.9 miles west of the junction of highway 74 and I-40.",1984-05-19,Raphanus sativus L.,TRUE
2430335904,RSA0191286,RSA,1249156,Hidden Meadows 92026 [near Escondido].,2002-05-26,Raphanus sativus L.,TRUE
2430332970,RSA0191197,RSA,1247827,San Gabriel Wash.,1937-08-19,Raphanus sativus L.,TRUE
2430327886,RSA0191300,RSA,753633,Sand dunes at 37th Avenue below Ortega and Quintara streets.,1952-05-29,Raphanus sativus L.,TRUE
2430325132,RSA0191136,RSA,1244315,Santa Catalina Island; Lower Cape canyon.,1996-10-31,Raphanus raphanistrum L.,TRUE
2430320565,RSA0191261,RSA,1240026,Newport Bay.,1932-05-12,Raphanus sativus L.,TRUE
2430320284,RSA0191283,RSA,1239382,"Fiesta Island, former sludge drying area.",2005-02-01,Raphanus sativus L.,TRUE
2430315458,RSA0191268,RSA,1235238,"Near Perris Airport. Ca. 100 m north of Case Road, just W of Hwy I-215 Freeway.; Perris 7.5’ Q",1996-04-20,Raphanus sativus L.,TRUE
2430305876,RSA0191253,RSA,1224957,Bryant Ranch: along western half of north boundary of 40 acre Valencia orange grove at Bryant Ave. and Hansen Road.,1932-06-28,Raphanus sativus L.,TRUE
2430304661,RSA0191230,RSA,1224569,[City of] Claremont near eastern end of Los Angeles County. Along San Antonio Creek in Blanchard Park on Pomona College campus.,1958-03-02,Raphanus sativus L.,TRUE
2430299319,RSA0191174,RSA,1220864,San Gabriel Mountains; mesa between Little Dalton and Englewild canyons.,1967-05-13,Raphanus sativus L.,TRUE
2430297733,RSA0154111,RSA,742860,Mariposa and Douglas AVe in El Segundo,1969-04-27,Raphanus sativus L.,TRUE
2430295403,RSA0191311,RSA,1219161,"Mannings Park, Santa Barbara.",1961-05-29,Raphanus sativus L.,TRUE
2430289894,RSA0191201,RSA,1213517,"Whittier Hills (Puente Hills) Upper Turnbull Canyon, 1/5 air mile WNW of Turnbull Canyon Road x Skyline Drive in partially disturbed.",1991-02-23,Raphanus sativus L.,TRUE
2430289397,RSA0191329,RSA,1213435,"4' north of Foothill Rd., 3 miles west of Santa Paula.",1948-02-21,Raphanus sativus L.,TRUE
2430287843,RSA0191159,RSA,1211305,300 yrds along Pentz Road from the intersection of Clark and Pentz Roads.; Oroville,1974-04-20,Raphanus sativus L.,TRUE
2430287328,RSA0191133,RSA,738882,San Gabriel Mountains: Ridge south of mouth of Big Dalton Canyon.,1968-04-13,Raphanus raphanistrum L.,TRUE
2430284690,RSA0056287,RSA,1209922,Shell Beach.,1968-03-20,Raphanus sativus L.,TRUE
2430282550,RSA0191257,RSA,736948,"Southern Santa Ana Mountains, San Mateo Canyon Wilderness Area. Western edge of the wilderness in Aliso canyon at the confluence with Lucas Canyon, upstream to the Lucas Canyon Trail.",1992-05-19,Raphanus sativus L.,TRUE
2430280126,RSA0191298,RSA,1208522,"Russian Hill, north slope.",1957-10-06,Raphanus sativus L.,TRUE
2430276442,RSA0191186,RSA,1205092,2 mi. SW Glendora.,1932-01-08,Raphanus sativus L.,TRUE
2430274558,RSA0049510,RSA,1202028,"Dry riverwash located in the north section of parcel 475-090-006, lot 20 Moreno Acres of the unincorporated area known as Sunnymead.",1983-05-01,Raphanus sativus L.,TRUE
2430274305,RSA0191132,RSA,1201840,Angeles National ForestSan Gabriel Mountains region: Glendora Ridge Motorway (1N26) west of intersection with Glendora Mountain Road (2N08).; Glendora Quad,2003-05-07,Raphanus raphanistrum L.,TRUE
2430274255,RSA0191290,RSA,1202206,Franklin Canyon.,1928-05-06,Raphanus sativus L.,TRUE
2430273825,RSA0191241,RSA,1201734,[no locality information provided],NA,Raphanus sativus L.,TRUE
2430272651,RSA0191326,RSA,1201106,"Sacramento Ave. on the east side of CA-99, junction 1.4 miles north of the Feather River; Nicolaus 7.5’ Q.",2007-09-30,Raphanus sativus L.,TRUE
2430270466,RSA0154110,RSA,721961,Hills south-east of Golden Springs and Diamond Bar Blvd. 1/4 mile north of intersection of Clear Creek Canyon Drive & Steep Canyon Road.,1991-04-30,Raphanus raphanistrum L.,TRUE
2430266010,RSA0191274,RSA,720189,S end of Kramer Hills,1964-05-06,Raphanus sativus L.,TRUE
2430263077,RSA0036268,RSA,1195442,Santa Rosa Island. Veil Ranch headquarters.,1960-04-05,Raphanus raphanistrum L.,TRUE
2430260735,RSA0191171,RSA,1192564,Pomona,1944-04-23,Raphanus sativus L.,TRUE
2430260671,RSA0191259,RSA,1194214,"N. side of La Palma Ave. near Harbor Blvd., Anaheim.",1966-02-12,Raphanus sativus L.,TRUE
2430259561,RSA0191198,RSA,1193190,"North Craig Ave., Altadena.",1937-03-21,Raphanus sativus L.,TRUE
2430257328,RSA0010464,RSA,1191094,Camp Pendleton: southeastern portion of Base; Juliet Training Area; near Bonsall & Fallbrook; riparian area along the perimeter of the Base.,2015-05-27,Raphanus sativus L.,TRUE
2430253502,RSA0191164,RSA,715148,Bucksport. Eureka.,1926-05-07,Raphanus sativus L.,TRUE
2430253247,RSA0191233,RSA,712565,"Fields, Pasadena",1923-02-27,Raphanus sativus L.,TRUE
2430251413,RSA0191266,RSA,1186667,"Vail Lake area, SW base of ‘Big’ Oak Mtn. at mouth of Temecula Creek Cyn. below dam.",1990-04-28,Raphanus sativus L.,TRUE
2430249061,RSA0191212,RSA,712539,Santa Catalina Island. Canyon behind Bird Park,1965-06-22,Raphanus sativus L.,TRUE
2430247838,RSA0191292,RSA,710528,San Diego Bay mudflats.,1934-07-11,Raphanus sativus L.,TRUE
2430242716,RSA0191203,RSA,708215,Santa Catalina Island. Upper Avalon Canyon below Memorial Garden.,1973-03-13,Raphanus sativus L.,TRUE
2430240570,RSA0191307,RSA,696481,"Santa Cruz Island, along Navy Road, 0.1 mile W of Bump Gate near Mount Pleasant.",1990-04-20,Raphanus sativus L.,TRUE
2430236342,RSA0191317,RSA,684007,Cuyama R. Valley,1929-03-30,Raphanus sativus L.,TRUE
2430233382,RSA0117958,RSA,684420,"The Nature Conservancy (TNC). The Nature Conservancy Banman - Prairie Pacific property; south of Santa Paula and Highway 126. Along the Santa Clara River between South Mountain and Sulphur Mountain, just downstream/west of South Mountain Road.; Santa Paula 7.5'",2016-07-05,Raphanus sativus L.,TRUE
2430230803,RSA0191272,RSA,668312,"NW Palomar Mountains, Agua Tibia Mountains: Pechanga Indian Reservation, west of Pala Road. Reservation lands west of the casino and along Pechanga Creek.; Pechanga",1997-03-01,Raphanus sativus L.,TRUE
2430230536,RSA0191134,RSA,675717,San Gabriel Mountains; mesa between Little Dalton and Englewild canyons.,1967-05-13,Raphanus raphanistrum L.,TRUE
2430221992,RSA0191148,RSA,659987,Fairview Road.,1947-02-16,Raphanus raphanistrum L.,TRUE
2430220245,RSA0191237,RSA,652363,Santa Monica Mountains. Point Dume.,1959-06-04,Raphanus sativus L.,TRUE
2430217871,RSA0191258,RSA,648549,"Santa Ana River bottom, Rancho Santa Ana.",1927-07-14,Raphanus sativus L.,TRUE
2430215968,RSA0191244,RSA,639302,Pacific Grove.,1939-06-06,Raphanus sativus L.,TRUE
2430213809,RSA0036812,RSA,637694,"Lake Elsinore, CA Hwy 74, 1 mi W of junction with 15E Freeway, N side of road.",1984-05-19,Raphanus sativus L.,TRUE
2430210805,RSA0191170,RSA,1184063,Pomona.,1944-04-23,Raphanus sativus L.,TRUE
2430204837,RSA0191305,RSA,1177657,"Along Guadalupe Cyn Parkway near NE facing slope, 0.4 airmile SSW of Midway Village School, San Bruno Mtns.",1972-04-01,Raphanus sativus L.,TRUE
2430204411,RSA0191271,RSA,1177175,6 miles NW of Murrieta.,1966-05-23,Raphanus sativus L.,TRUE
2430203932,RSA0191275,RSA,1175435,"S. Fork Meadows, Santa Ana River San Bernardino Mts.",1933-07-20,Raphanus sativus L.,TRUE
2430203701,RSA0191207,RSA,1174478,"Rocky Point, LaVerne.",1957-03-23,Raphanus sativus L.,TRUE
2430200218,RSA0191183,RSA,1171088,Palo Verde.,1940-05,Raphanus sativus L.,TRUE
2430197912,RSA0191140,RSA,1171501,"Peninsular Ranges, San Ysidro Mountains: SE side of Otay Mtn., Marron Valley, along Cottonwood Creek ca. 1 km N of Mexican border, slopes above Tijuana River; Otay Mountain 7.5’",2003-05-03,Raphanus raphanistrum L.,TRUE
2430197515,RSA0191279,RSA,1172887,"San Manuel Indian Reservation, approximately 1.5 miles north of Highland Ave. on Victoria.",1991-05-21,Raphanus sativus L.,TRUE
2430196006,RSA0191142,RSA,1166795,La Purisima Mission State Historic Park: 2 km NE of Lompoc City Limit.,1983-05-07,Raphanus raphanistrum L.,TRUE
2430189405,RSA0191313,RSA,1163065,Santa Cruz Island. Cattle barnyard in Canyon Cervada.,1961-03-12,Raphanus sativus L.,TRUE
2430187957,RSA0191309,RSA,1160373,"Prisoner’s Harbor Camp, Santa Cruz Island",1984-05-06,Raphanus sativus L.,TRUE
2430183678,RSA0191287,RSA,1156433,"10678 Cerveza Dr., Hidden Meadows 92026.",2002-05-08,Raphanus sativus L.,TRUE
2430180803,RSA0191321,RSA,1153085,"Saint Mary of the Palms, summer girls’ camp near Glenwood.",1953-05-23,Raphanus sativus L.,TRUE
2430175727,RSA0191154,RSA,1147528,"West end of airfield, 1.8 km ESE of Christi Ranch, Canada Cervada, Santa Cruz Island",1981-03-24,Raphanus sativus L.,TRUE
2430174650,RSA0125360,RSA,1146837,Northeastern portion of the county.,1930-04-18,Raphanus sativus L.,TRUE
2430174509,RSA0191293,RSA,1146969,Vacant lot in Oceanside,1977-03-29,Raphanus sativus L.,TRUE
2430172263,RSA0191210,RSA,1145586,"Santa Catalina Island. Middle Ranch, Middle Ranch Canyon.",1966-04-29,Raphanus sativus L.,TRUE
2430172134,RSA0046885,RSA,1142753,"Immediately east of Highway 330, a quarter of a mile north of Highland Avenue.",1983-04-17,Raphanus sativus L.,TRUE
2430171429,RSA0191223,RSA,1143640,Pomona.,1931-02-15,Raphanus sativus L.,TRUE
2430171223,RSA0191246,RSA,1142685,"Salinas River, ca. 1 mile above its mouth",1970-06-11,Raphanus sativus L.,TRUE
2430170625,RSA0191176,RSA,1143465,"Angeles National Forest, Graveyard Canyon, junction of San Gabriel Road and entrance to Follows Camp.",1985-05-19,Raphanus sativus L.,TRUE
2430165418,RSA0191318,RSA,1135498,Orcutt.,1926-04-28,Raphanus sativus L.,TRUE
2430165112,RSA0191240,RSA,1136130,Along Palisades Road,NA,Raphanus sativus L.,TRUE
2430162624,RSA0191324,RSA,1135332,"4 miles W of Winters, along Hwy 128.",1966-03-06,Raphanus sativus L.,TRUE
2430161295,RSA0191224,RSA,1133685,"North side of Orlando Way, and east of 229 E. Orlando Way, Covina.",1971-03-30,Raphanus sativus L.,TRUE
2430158391,RSA0191179,RSA,1132499,"Tapia Park area, Santa Monica Mountains.",1945-05-01,Raphanus sativus L.,TRUE
2430151582,RSA0191330,RSA,1123184,Point Mugu.,1977-05-21,Raphanus sativus L.,TRUE
2430151393,RSA0191302,RSA,1123870,Pismo Beach.,1929-01-26,Raphanus sativus L.,TRUE
2430148041,RSA0191209,RSA,1119072,Santa Catalina Island.,1920-05-24,Raphanus sativus L.,TRUE
2430147204,RSA0191216,RSA,1119747,Del Rey.,1930-06-23,Raphanus sativus L.,TRUE
2430143938,RSA0191322,RSA,1116413,Davenport Landing.,1950-03-27,Raphanus sativus L.,TRUE
2430143720,RSA0191238,RSA,1114974,"Bryant Ranch, E of Long Beach on mesa. Alt 100ft NE of concrete mon. 1864.92ft. S of NW corner of section",1934-04-11,Raphanus sativus L.,TRUE
2430143273,RSA0191161,RSA,1113607,Crescent City,1927-08-15,Raphanus sativus L.,TRUE
2430139010,RSA0191160,RSA,1110471,Jersey Island.,1930-04-18,Raphanus sativus L.,TRUE
2430138655,RSA0191193,RSA,1110606,"Bryant Ranch, near Long Beach, Station no.3. Plat. 3.",1932,Raphanus sativus L.,TRUE
2430137982,RSA0191157,RSA,1109866,Jackson.,1933-04-12,Raphanus sativus L.,TRUE
2430137452,RSA0191328,RSA,1109834,"Daytona Beach, San Nicholas Island.",1978-07-01,Raphanus sativus L.,TRUE
2430136901,RSA0110779,RSA,1107311,"Santa Catalina Island. N side of N Shore Road, 0.6 mi. E of turn-off for Howland's Landing.",2000-05-18,Raphanus raphanistrum L.,TRUE
2430136343,RSA0191127,RSA,1107386,"Kings River, E of Centerville, just S of Hwy 180 (Kings Canyon road) just N of existing gravel quarry.; Wahtoke 7.5’",1997-04-04,Raphanus raphanistrum L.,TRUE
2430133003,RSA0191219,RSA,1104772,Claremont.,1948-03-27,Raphanus sativus L.,TRUE
2430130354,RSA0191254,RSA,1102188,Santa Ana Canyon.,1936-07,Raphanus sativus L.,TRUE
2430125677,RSA0051704,RSA,1097620,"Voorhis Campus, Cal Poly, San Dimas.",1963-04-19,Raphanus sativus L.,TRUE
2430124440,NA,RSA,1095891,Verdugo Mountains: Eagle Rock; border of Pasadena and Eagle Rock.,1967-03-26,Raphanus sativus L.,TRUE
2430122199,RSA0191316,RSA,1092848,"Santa Rosa Island. Ranch on Beecher's Bay, northeast end of island.",1977-04-30,Raphanus sativus L.,TRUE
2430121120,RSA0191156,RSA,1092827,"KRE pond, foot Ashby Ave, Berkeley.",1940-03-30,Raphanus sativus L.,TRUE
2430119526,RSA0191194,RSA,1091776,South Hills. South of Pomona.,1921-04-14,Raphanus sativus L.,TRUE
2430118610,RSA0045286,RSA,1089689,"One mile inland from the ocean in Pacific Beach, San Diego. In a canyon north of the cul de sac of Dawes Ave. Just off Ingrahm Blvd. The canyon runs NE-SW for about a mile.",1983-04-23,Raphanus sativus L.,TRUE
2430117629,RSA0027717,RSA,1088339,"North Gate Road on west side of Mount Diablo, hairpin turn opposite Angel Kerley trailhead.",1998-05-13,Raphanus raphanistrum L.,TRUE
2430116769,RSA0045291,RSA,1087030,In University City on the southwest corner of Genesee Ave. and La Jolla Village Dr.,1983-05-07,Raphanus sativus L.,TRUE
2430116691,RSA0116328,RSA,1088087,"Santa Catalina Island. Goat Harbor, above E end of beach.",1999-05-21,Raphanus sativus L.,TRUE
2430116059,RSA0191245,RSA,1086800,"Fort Hunter Liggett (Cantonment), Rancho Milpitas Housing Area, ca. 2.0 air km due E of San Antonio River, ca. 2.5 air km due W of Ruby Canyon.",1996-04-22,Raphanus sativus L.,TRUE
2430110454,RSA0191188,RSA,1080763,"Hermon Hills, Ave-57. Pasadena.",1929-05-05,Raphanus sativus L.,TRUE
2430109973,RSA0110778,RSA,1081752,"Santa Catalina Island. N side of N Shore Road, 0.6 mi E of turn-off for Howland's Landing.",2000-05-18,Raphanus sativus L.,TRUE
2430108748,RSA0191213,RSA,1079969,"Ballona Wetlands, Area 3.",1980-07-09,Raphanus sativus L.,TRUE
2430108325,RSA0191304,RSA,1079274,"Vandenberg Air Force Base, south of Taurus Road near Pega Road.",1981-05-05,Raphanus sativus L.,TRUE
2430107801,RSA0665378,RSA,1078648,Claremont.,1909-05-11,Raphanus sativus L.,TRUE
2430097041,RSA0191141,RSA,1068117,San Joaquin Valley: Lodi.,1941-04-27,Raphanus raphanistrum L.,TRUE
2430096142,RSA0191147,RSA,1065943,"Santa Cruz Island, Central Valley, along Valley Road 0.1 mile W of the Nature Conservancy Cabins",1990-05-29,Raphanus raphanistrum L.,TRUE
2430095358,RSA0191173,RSA,1064654,"1/4 mile N of El Encanto, San Gabriel Canyon.",1966-10-25,Raphanus sativus L.,TRUE
2430094186,RSA0017969,RSA,1065878,Jenkins Ranch,2011-05-23,Raphanus raphanistrum L.,TRUE
2430092492,RSA0191325,RSA,1062233,"Along State Hwy 121, 0.4 mile E of its junction with State Hwy 116 at Big Bend in the Sonoma Valley.",1987-02-22,Raphanus sativus L.,TRUE
2430091988,RSA0112065,RSA,1062780,"Santa Catalina Island. Just N of Upper Quarry Road, ca 2.4 mi. W of junction w/road to housing at Empire Landing.",2000-05-06,Raphanus raphanistrum L.,TRUE
2430090503,RSA0191327,RSA,1062094,[no locality information provided],1929-04,Raphanus sativus L.,TRUE
2430085538,RSA0191284,RSA,1056531,Hidden Meadows 92026.,2001-06-30,Raphanus sativus L.,TRUE
2430082816,RSA0191144,RSA,1053432,"Beach bluffs at the Vail Ranch headquaters, Santa Rosa Island",1960-04-05,Raphanus raphanistrum L.,TRUE
2430080232,RSA0191270,RSA,1049270,"Main Divide Truck Trail between El Carriso and Santiago Peak, Cleveland Nat’l Forest.",1966-03-30,Raphanus sativus L.,TRUE
2430079725,RSA0191185,RSA,1050131,Santa Monica.,1931-08-06,Raphanus sativus L.,TRUE
2430078686,RSA0191269,RSA,1049760,Elsinore region.,1916-04-03,Raphanus sativus L.,TRUE
2430076823,RSA0191310,RSA,1047487,Santa Cruz Island: 3/5 mile WNW of Mt. Pleasant.,1976-04-14,Raphanus sativus L.,TRUE
2430076546,RSA0016375,RSA,1045565,Belmar: City Dump.,1940-06-30,Raphanus raphanistrum L.,TRUE
2430075227,RSA0191247,RSA,1045591,"Carbon Canyon, Sunny Hill, [Los Angeles County?]",1932-03-27,Raphanus sativus L.,TRUE
2430074907,RSA0191255,RSA,1045951,Dana Point.,1933-04-09,Raphanus sativus L.,TRUE
2430073911,RSA0191319,RSA,1045059,"Palo Alto, Watershed: San Francisco Bay.",1936-09-04,Raphanus sativus L.,TRUE
2430071957,RSA0191191,RSA,1042728,"Sycamore Canyon 0.25 miles south of intersection of Beverly Blvd & Workman Mill Road. 1.2 miles east of Workman Mill Rd on trail into canyon. [City of Industry, sw of Rio Hondo College, east of 605 Fwy]",1991-05-12,Raphanus sativus L.,TRUE
2430068901,RSA0191308,RSA,1038859,Santa Cruz Island. Near corral at Prisoners Harbor on north side of the island.,1979-04-25,Raphanus sativus L.,TRUE
2430068066,RSA0088406,RSA,1038144,"Hansen Dam Flood Control Basin, from east end of Orcas Park to 0.5 mi. east, and from the I-210 Fwy south to Big Tujunga Wash.; Sunland 7.5' Quad.",2010-02-27,Raphanus sativus L.,TRUE
2430062063,RSA0077525,RSA,1032722,Victorville area.,1964-04-18,Raphanus sativus L.,TRUE
2430058475,RSA0061147,RSA,1031022,"The Nature ConservancyOrmond Beach at end of McWane Blvd., west of Arcturus Ave. South of Port Hueneme, Oxnard.",2015-03-17,Raphanus sativus L.,TRUE
2430057586,RSA0191162,RSA,1028268,Along Hwy 41 just S of pt where rd starts downgrade to San Joaquin River.,1953-03-17,Raphanus sativus L.,TRUE
2430055274,RSA0191273,RSA,1023894,"Angeles National Forest: San Antonio Canyon: Chapman Ranch, above Mt. Baldy Village.",1967-07-02,Raphanus sativus L.,TRUE
2430052930,RSA0191281,RSA,1024091,"City of Del Mar on San Dieguito Drive 0.6 miles S of Jimmy Durante Blvd. at entrance to Del Mar Racetrack, W of San Dieguito Lagoon and just below slope leading to E rim of Crest Canyon.",2005-04-12,Raphanus sativus L.,TRUE
2430049324,RSA0191306,RSA,1019723,"Jasper Ridge Biological Experimental Area, about 5 miles SW of Palo Alto. Near Searsville Lake.",1969-06-04,Raphanus sativus L.,TRUE
2430042807,RSA0191208,RSA,1012091,Playa del Rey.,1937-03-14,Raphanus sativus L.,TRUE
2430041948,RSA0191177,RSA,1011868,Angeles Forest; Arroyo Seco Canyon,1926-03-18,Raphanus sativus L.,TRUE
2430038295,RSA0191320,RSA,1008177,"Palo Alto, Watershed: San Francisco Bay.",1936-09-04,Raphanus sativus L.,TRUE
2430037722,RSA0191231,RSA,1007750,San Antonio Canyon.[San Gabriel Mountains],1935-03-24,Raphanus sativus L.,TRUE
2430037612,RSA0191167,RSA,1007312,"Bear Mtn Blvd, 5.3 miles E of Arvin.",1957-03-27,Raphanus sativus L.,TRUE
2430036351,RSA0191312,RSA,1006340,Santa Cruz Island. Main Ranch.,1931-04-10,Raphanus sativus L.,TRUE
2430035722,RSA0191262,RSA,1005302,"Found in orange grove, 3 mi. north of Orange.",1948-02-06,Raphanus sativus L.,TRUE
2430035412,RSA0191323,RSA,1005483,Near English Lake. The Salmon Mountains. High Lake Basins in the vicinity of English Peak. Marble Mountain Wilderness.,1969-08-14,Raphanus sativus L.,TRUE
2430033363,RSA0140267,RSA,1002700,"The Nature Conservancy (TNC). Totolcam I owned by The Nature Conservancy, Santa Clara River.; Oxnard",2015-05-27,Raphanus sativus L.,TRUE
2430030728,RSA0063036,RSA,1000363,"20 meters west of Davis Road, 1 1/2 miles north of Ramona Expressway, San Jacinto Wildlife area.",1992-05-23,Raphanus sativus L.,TRUE
2430030447,RSA0191199,RSA,1000036,El Monte.,1938-03-01,Raphanus sativus L.,TRUE
2422529961,UCR0083304,UCR,3591679,"Glendora, Big Dalton Canyon Wilderness Park, Wren Cyn. on Wren-Meacham Trail, 0.2-0.4 mile east of Big Dalton Cyn. Flood Control Channel",2015-03-28,Raphanus raphanistrum L.,TRUE
2422525063,UCR0083315,UCR,1702201,"South of Fresno, between north and south-bound lanes of Freeway 41, south of East Floral Ave.",2018-03-22,Raphanus raphanistrum L.,TRUE
2422521268,UCR0083324,UCR,1697342,"Goat Harbor, above east end of beach; Santa Catalina Island",1999-05-21,Raphanus sativus L.,TRUE
2422521196,UCR0083323,UCR,1699178,"Cahuenga Pass, Cahuenga Blvd. near Wonder View Dr.",2017-03-08,Raphanus sativus L.,TRUE
2422520885,UCR0083325,UCR,1696723,"Santa Catalina Island, north side of North Shore Road, 0.6 mile east of turn-off for Howland's Landing",2000-05-18,Raphanus sativus L.,TRUE
2422517775,UCR0083350,UCR,1695490,"Santa Ana River and adjacent flood plain, just W of the La Loma Hills",2011-06-04,Raphanus sativus L.,TRUE
2422512114,UCR0083318,UCR,1687752,"along Hwy E-16, 0.6 mile southwest of the junction with CA-49, c. 2.5 miles southwest of Plymouth",2014-03-14,Raphanus sativus L.,TRUE
2422503063,UCR0083395,UCR,1679520,"Sunset Blvd. West, 5.8 miles west of its junction with Fiddyment Road",2011-12-09,Raphanus sativus L.,TRUE
2422502359,UCR0083393,UCR,1679006,"Fort Hunter Liggett Cantonment, Rancho Milpitas Housing Area, c. 2.0 air km due east of San Antonio River, c. 2.5 air km due west of Ruby Canyon",1996-04-22,Raphanus sativus L.,TRUE
2422500092,UCR0083327,UCR,1675373,"Confluence of Little Tujunga Wash and Big Tujunga Wash at I-210 crossing, within 50 m on north and south sides of I-210",2010-03-16,Raphanus sativus L.,TRUE
2422499699,UCR0083329,UCR,1675351,"Hansen Dam Flood Control Basin, from east end of Orcas Park to 0.5 mile east, and from the I-210 Fwy south to Big Tujunga Wash",2010-02-27,Raphanus sativus L.,TRUE
2422499469,UCR0083409,UCR,1674937,"northbound exit road from CA-65, connecting with Forty Mile Road",2013-03-28,Raphanus sativus L.,TRUE
2422499462,UCR0083328,UCR,1675381,"Confluence of Little Tujunga Wash and Big Tujunga Wash at I-210 crossing, within 50 m on north and south sides of I-210",2010-03-16,Raphanus sativus L.,TRUE
2422499162,UCR0083326,UCR,1676594,"Hansen Dam Flood Control Basin, from east end of Orcas Park to 0.5 mile east, and from the I-210 Fwy south to Big Tujunga Wash",2010-02-27,Raphanus sativus L.,TRUE
2422498369,UCR0083376,UCR,1674069,"Along CA-20 (Colusa Hwy), 0.3 mile west of South Tarke Road, 3.75 miles east of Meridian",2014-03-21,Raphanus sativus L.,TRUE
2422497291,UCR0083386,UCR,1674028,"along CA-20 at Sycamore Cutoff, 1.3 miles west of the Sacramento River crossing",2014-01-04,Raphanus sativus L.,TRUE
2422495740,UCR0083401,UCR,1671086,"along Hwy CA-88 on the southwest side of the border with Calaveras County, 7.1 mi. SW (220°) of Ione",2014-03-18,Raphanus sativus L.,TRUE
2422495178,UCR0083389,UCR,1671045,"Along CA-193, Georgetown Rd., 5.5 miles east of CA-49 in Cool",2013-11-29,Raphanus sativus L.,TRUE
2422495143,UCR0083311,UCR,1670844,"South Dowd Road, 0.1 mile south of its junction with Moore Road, southwest of Lincoln",2012-10-30,Raphanus raphanistrum L.,TRUE
2422495041,UCR0083354,UCR,1669580,"Lake Hodges area, south of Escondido; southeast of intersection of Lake Drive and Beech Lane; along north side of lake south of the boat ramp parking lot; Square K10",2013-03-26,Raphanus sativus L.,TRUE
2422494279,NA,UCR,1668895,"Pt. Judith, north edge of park area near lighthouse, east of Ocean Rd.",2014-07-15,Raphanus raphanistrum L.,TRUE
2422492420,UCR0083355,UCR,1667093,"Daley Ranch, northeast of Escondido, west of County Hwy S6, and north of Dixon Lake; along creek Crossing Trail in canyon of Jack Creek. Square: H11",2012-06-19,Raphanus sativus L.,TRUE
2422491236,UCR0083377,UCR,1667960,"North Butte Road, 0.2 mile east of its junction with West Butte Road, NW foot of Sutter Buttes",2013-03-09,Raphanus sativus L.,TRUE
2422489943,UCR0083378,UCR,1666111,"Sacramento River levee along Cranmore Road, 0.7 mile south of Seymour Road via an unnamed road, 2 miles due west of Robbins",2013-03-01,Raphanus sativus L.,TRUE
2422485289,UCR0083384,UCR,1655320,"along CA-26, 0.6 mile northeast of its junction with Paloma Road, 4.5 km SW (213°) of Mokelumne Hill",2012-04-04,Raphanus sativus L.,TRUE
2422485197,UCR0083319,UCR,1660267,"Willow Creek Road, 1.2 miles north of its junction with CA-124, 3.7 mi. NE (22°) of Ione",2010-04-03,Raphanus sativus L.,TRUE
2422484990,UCR0083406,UCR,1660287,"Tremont Road, 0.8 mile west of Mace Blvd, 3.8 mi. (air) SE of Davis",2010-04-14,Raphanus sativus L.,TRUE
2422484895,UCR0083405,UCR,1660296,"Tremont Road, 0.8 mile west of Mace Blvd, 3.8 mi. (air) SE of Davis",2010-04-14,Raphanus sativus L.,TRUE
2422482831,UCR0083356,UCR,1655769,"Camp Pendleton: Training Area Echo; west of Santa Margarita Peak, east of Case Springs Road, around Case Springs Lake. Square: B4",2012-05-30,Raphanus sativus L.,TRUE
2422482443,UCR0083397,UCR,1654175,"along Scott Road, 2.67 miles south of its junction with White Rock Road, south of Folsom Lake and Hwy 50",2012-02-17,Raphanus sativus L.,TRUE
2422481726,UCR0083391,UCR,1655697,"along Road Z, 0.9 mile north of its junction with CA-162",2012-02-09,Raphanus sativus L.,TRUE
2422481541,UCR0083379,UCR,1654191,east end of Kirkville Road at the west edge of Sutter Bypass Causeway,2012-02-23,Raphanus sativus L.,TRUE
2422481379,UCR0083305,UCR,1657455,"Nipomo Mesa, Pomeroy Rd, 0.2 mi north of Willow Rd.",2004-02-11,Raphanus raphanistrum L.,TRUE
2422481275,NA,UCR,1656222,"portion of a drained, devastated Carolina Bay north of Turnipseed hunt camp cabin; 1.84 mi southeast of Elko between Sec Hwy 113 and Deering Road",2010-04-15,Raphanus raphanistrum L.,TRUE
2422481140,UCR0083407,UCR,1654238,"County Road 16, 2.1 miles east of its junction with County Road 102; at the area where the road turns sharply north, c. 4 miles NE of Woodland",2012-03-09,Raphanus sativus L.,TRUE
2422480912,UCR0083331,UCR,1655005,"Newhall Ranch, bee site on open former oil well pad just east of Grapevine Mesa, S of Santa Clara River and Hwy 126, c. 4 mi. east of Ventura Co. line",2003-04-22,Raphanus sativus L.,TRUE
2422480865,UCR0083390,UCR,1652556,1.6 miles west of Latrobe on South Shingle Road,2011-11-17,Raphanus sativus L.,TRUE
2422480514,UCR0083357,UCR,1653991,"Santee, just west of terminus of Mast Blvd, half mile north northwest of intersection of Riverford Road and Hwy 67, north of San Diego River, east side of hill with water tank. Square: P13",2009-03-31,Raphanus sativus L.,TRUE
2422480272,UCR0083358,UCR,1654990,Carlsbad; Ponto; along Pacific Coast Hwy 1; 0.8 km N of Batiquitos Lagoon,2004-12-20,Raphanus sativus L.,TRUE
2422479824,UCR0083383,UCR,1654256,"Robinsons Corner, Simpson Rd, just east of junction of East Gridley Road and CA-70",2012-04-14,Raphanus sativus L.,TRUE
2422479590,UCR0083408,UCR,1654228,"East Main Street (Co. Rd. 22), Woodland (parallel to I-5), 1.7 mile west of the Sacramento River",2012-03-09,Raphanus sativus L.,TRUE
2422479262,UCR0083380,UCR,1652583,"Worth Road, 0.2 mile east of its junction with Garden Highway, 4 miles southwest of Nicolaus",2011-11-28,Raphanus sativus L.,TRUE
2422476489,UCR0083320,UCR,1650071,"low foothills along CA-16, 6.8 miles west of Plymouth near Forest Home Rd.",2010-03-26,Raphanus sativus L.,TRUE
2422475779,UCR0083400,UCR,1648787,"between Lodi and Galt, Forest Lake Road just west of CA-99",2011-03-12,Raphanus sativus L.,TRUE
2422467708,UCR0083340,UCR,1635838,"Irvine, UC Irvine Open Space Preserve, NE side, between core of UCI campus (E Peltason Dr.) and Hwy 73",2003-01-26,Raphanus sativus L.,TRUE
2422463303,UCR0083316,UCR,1635523,"Church Street, becoming Sutter Creek-Volcano Road, 0.2 mile east of the village of Sutter Creek",2010-05-31,Raphanus raphanistrum L.,TRUE
2422462732,UCR0083332,UCR,1635613,"Azusa, east of Irwindale Ave. and north of I-210 Fwy",2009-03-06,Raphanus sativus L.,TRUE
2422458383,UCR0083330,UCR,1630048,"Madrona Marsh, Torrance",2010-03-12,Raphanus sativus L.,TRUE
2422452192,UCR0083402,UCR,1620243,"junction of Collier Road and CA-88, 1.1 miles north of the junction of CA-12 and CA-88, NE of Lodi",2008-10-09,Raphanus sativus L.,TRUE
2422452104,UCR0083388,UCR,1623528,"along River Road, 0.9 mile north of the city of Colusa",2009-01-31,Raphanus sativus L.,TRUE
2422452098,UCR0111502,UCR,1623574,"along CA-20, 9.7 miles southwest of Williams, on the north side of Salt Creek",2009-03-11,Raphanus sativus L.,TRUE
2422450921,UCR0083343,UCR,1620584,"300 acre parcel at west end of Domenigoni Valley, c. 3 miles south of Winchester on the west side of Winchester Rd.",1995-08-21,Raphanus sativus L.,TRUE
2422450200,UCR0083387,UCR,1619773,"along River Road (generally following the Sacramento River), 8.4 miles north of Colusa",2008-10-14,Raphanus sativus L.,TRUE
2422449409,UCR0083317,UCR,1619748,"Ostrom #3 Road, 1.2 miles east of junction with CA-65, southeast of Olivehurst",2008-10-06,Raphanus raphanistrum L.,TRUE
2422447684,UCR0083381,UCR,1616502,"Sutter Basin; junction of CA-20 and South Butte Rd, west of Yuba City",2008-03-06,Raphanus sativus L.,TRUE
2422447037,UCR0083309,UCR,1617536,"Cosumnes River Preserve Plant Inventory; by Levee Road, south end of area 17",1992-04-05,Raphanus raphanistrum L.,TRUE
2422446042,UCR0083385,UCR,1615905,"along CA-26, 3.7 miles southwest of Valley Springs at Lime Creek Road",2008-03-22,Raphanus sativus L.,TRUE
2422445584,UCR0083306,UCR,1613574,"along Hwy CA-88, 1.0 mile southwest of Clements at Disch Road",2007-10-13,Raphanus raphanistrum L.,TRUE
2422442405,UCR0083341,UCR,1612297,"Peninsular Range; Santa Ana Mtns.; Lomas de Santiago, Santiago Canyon above (S of) mouth of Hangman Tree Canyon, just below Modjeska Canyon confluence",2008-05-13,Raphanus sativus L.,TRUE
2422441823,UCR0083310,UCR,1613581,along Nicolaus Road 5.8 miles west of Lincoln,2007-10-28,Raphanus raphanistrum L.,TRUE
2422440616,UCR0083382,UCR,1607550,"Sacramento Ave. on the east side of CA-99, junction 1.4 miles north of the Feather River",2007-09-30,Raphanus sativus L.,TRUE
2422438758,UCR0083333,UCR,1606153,"Santa Anita Reservoir, proposed 4-acre sediment placement site, east side of the channel and 0.4 mi south of the Elkins Avenue entrance gate",2007-03-28,Raphanus sativus L.,TRUE
2422436850,UCR0111501,UCR,1602409,"Riverside, Sycamore Canyon, just east of the corner of Canyon Crest Drive and Via Vista",2005-05-27,Raphanus sativus L.,TRUE
2422435373,NA,UCR,1604716,"Hartsville, Remington Place, western side of Clyde Road",2000-03-09,Raphanus raphanistrum L.,TRUE
2422434946,UCR0083321,UCR,1601338,"along Calif. Hwy 16, 0.2 mile east of Waits Station, southwest of Plymouth",2006-10-23,Raphanus sativus L.,TRUE
2422434658,UCR0083399,UCR,1603927,"Sacramento Valley; edge of Sierra Nevada foothills, Latrobe Rd at Michigan Bar Rd, about 3.5 miles west of Latrobe and 0.3 mile west of the El Dorado County line",2007-03-14,Raphanus sativus L.,TRUE
2422428483,UCR0083322,UCR,1591165,Along Calif. Highway 49 just south of Plymouth,2006-03-19,Raphanus sativus L.,TRUE
2422427257,UCR0083359,UCR,1591452,"Sycuan Peak Ecological Reserve (California Dept. of Fish & Game): southeast of Dehesa, southwest of Loveland Reservoir; on the lower northeast side of Sycuan Peak, just northeast of the Sloan Ranch. San Diego Atlas Square R16",2005-04-19,Raphanus sativus L.,TRUE
2422427130,NA,UCR,1591568,"Southwestern hills, Carolina Management Area, south of Pine Hill Rd. along trail to Pawcatuck River, NW of Carolina",2002-07-14,Raphanus raphanistrum L.,TRUE
2422425463,UCR0083396,UCR,1590780,"Clark Tunnel Road and Calif. Highway 193, east of Lincoln",2006-02-09,Raphanus sativus L.,TRUE
2422424471,UCR0083360,UCR,1591417,McGinty Mountain Ecological Reserve (California Fish & Game). SE of city El Cajon. SE of intersection of Willow Glen Dr and Hillsdale Road. San Diego Atlas Square R14,2005-07-26,Raphanus sativus L.,TRUE
2422424098,UCR0083361,UCR,1588191,"San Dieguito Lagoon Ecological Reserve (DFG), north edge of reserve along Palm Lane (closed/abandoned) east of San Dieguito Dr. near old airport site",2005-06-24,Raphanus sativus L.,TRUE
2422422042,UCR0083362,UCR,1585505,"Encinitas, Park & Ride lot at I-5 and La Costa Ave, adjacent to Batiquitos Lagoon Ecological Reserve",2003-04-10,Raphanus sativus L.,TRUE
2422419146,UCR0083307,UCR,1583074,Mother Grundy Truck Trail,1997-04-08,Raphanus raphanistrum L.,TRUE
2422418918,UCR0083403,UCR,1582894,"Santa Ynez Mountains, near NW side of Sudden Peak; c. mile 7 of San Miguelito Road at junction with Sudden Road",2005-04-06,Raphanus sativus L.,TRUE
2422415827,UCR0083366,UCR,1578856,"Rancho Jamul Ecological Reserve: west of Hwy 94, south of Jamul and N of Otay Lakes Rd.; SW part of the reserve, just SW of the old cement furnace",2004-05-25,Raphanus sativus L.,TRUE
2422415334,UCR0083364,UCR,1578414,"Buena Vista Lagoon Ecological Reserve (DFG), Carlsbad, north side of lagoon between Carlsbad Blvd. (S-21) and the RR, south of Eaton St.",2005-06-22,Raphanus sativus L.,TRUE
2422414759,UCR0083368,UCR,1576181,Otay Mountain Ecological Reserve (California Dept. of Fish & Game): Southeast of Otay Lake; near the gate just south of the bridge on Otay Lakes Road,2004-06-01,Raphanus sativus L.,TRUE
2422413140,UCR0083367,UCR,1575247,"Boden Canyon Ecological Reserve at E end of San Pasqual Valley, along entrance road from Hwy 78 to Clevenger Canyon",2005-06-17,Raphanus sativus L.,TRUE
2422413069,UCR0083369,UCR,1572304,"Batiquitos Lagoon Ecological Reserve, north side east of the I-5 Fwy",2005-03-25,Raphanus sativus L.,TRUE
2422405967,NA,UCR,1569504,I-20 just west of Thomas Road Exit in West Monroe,1992-12-24,Raphanus raphanistrum L.,TRUE
2422404154,UCR0083365,UCR,1562530,Crestridge Ecological Reserve: west of La Cresta between Alpine and El Cajon. Atlas Square P15,2003-04-15,Raphanus sativus L.,TRUE
2422403918,UCR0083370,UCR,1566244,"Rancho Jamul Ecological Reserve: west of Hwy. 94, south of Jamul & north of Otay Lakes Road; along Jamul Creek near old cement kiln",2003-07-25,Raphanus sativus L.,TRUE
2422402326,UCR0083312,UCR,1563687,mesa between Little Dalton and Englewild Canyons,1967-05-13,Raphanus raphanistrum L.,TRUE
2422397534,UCR0083372,UCR,1560057,"Central Coast, edge of Nipomo Mesa overlooking Cienaga Valley, along CA Hwy 1 (Mesa View Dr.), 0.3 mile north of Halcyon Rd",2004-03-15,Raphanus sativus L.,TRUE
2422396108,UCR0083363,UCR,1555576,"South Coast; Carlsbad, Agua Hedionda Ecological Reserve, near El Camino Real and Cannon Rd., along lower Agua Hedionda Creek",2004-05-28,Raphanus sativus L.,TRUE
2422387411,UCR0083344,UCR,1548194,"French Valley, ""Greenway site"" along Tucalota Creek c. 1 mile east of Murrieta Hot Springs",2003-05-13,Raphanus sativus L.,TRUE
2422386748,UCR0083373,UCR,1547140,west edge of Nipomo Hill at junction of Cienaga Rd and Valley View Road,2003-07-31,Raphanus sativus L.,TRUE
2422384664,UCR0083334,UCR,1546416,"Los Angeles, San Pedro area, Defense Fuel Support Point (Naval Reservation) 3171 North Gaffey St.",1998-05-06,Raphanus sativus L.,TRUE
2422384393,UCR0083308,UCR,1544580,"SE side of Otay Mtn., Marron Valley, along Cottonwood Creek c. 1 km north of the Mexican border",2003-05-03,Raphanus raphanistrum L.,TRUE
2422376020,UCR0083394,UCR,1537502,Jade Cove near Los Padres National Forest,1994-04-01,Raphanus sativus L.,TRUE
2422352283,NA,UCR,1512711,"South of LA-15 on Richland Plantation, 1.5 miles west of Rhymes and LA-133",1984-05-08,Raphanus raphanistrum L.,TRUE
2422322368,UCR0083313,UCR,1485142,Transverse Ranges; San Gabriel Mountains. Ridge south of the mouth of Big Dalton Canyon,1968-04-13,Raphanus raphanistrum L.,TRUE
2422322259,UCR0083352,UCR,1483561,"Colton, South Old Pellisier Rd., near the corner of W Center St. and Orange St.; W La Loma Hills",1998-07-04,Raphanus sativus L.,TRUE
2422321525,UCR0083353,UCR,1480899,"Colton, S Pellisier Rd., near the corner of W Center St. and Orange St.; W La Loma Hills",1999-04-04,Raphanus sativus L.,TRUE
2422316658,UCR0083338,UCR,1474360,"San Dimas/Pomona area: Bonelli Regional Park, just northwest of Puddingstone Reservoir, south of San Dimas Ave, and east of the I-210 Fwy",1997-02-02,Raphanus sativus L.,TRUE
2422314910,UCR0083348,UCR,1474361,"Near Perris Airport, c. 100 m north of Case Road, just west of the I-215 Fwy",1996-04-20,Raphanus sativus L.,TRUE
2422313796,UCR0083314,UCR,1474357,"Kings River Area, east of Centerville, just south of State Hwy 180 (Kings Canyon Road), just north of existing gravel quarry, near Collins Creek",1997-04-04,Raphanus raphanistrum L.,TRUE
2422313767,UCR0083339,UCR,1474359,"Marina del Rey area, Ballona Creek floodplain and adjacent N-facing slope, west of Lincoln Blvd. and south of Jefferson Blvd",1996-04-09,Raphanus sativus L.,TRUE
2422313284,UCR0083347,UCR,1474363,"Moreno Valley, north of the San Jacinto Wildlife Area, W side of Davis Road at intersection with Allesandro Blvd.",1996-04-20,Raphanus sativus L.,TRUE
2422312744,UCR0083375,UCR,1474364,"Central Coast: along San Simeon Creek, c. 0.2 mile east of CA Hwy 1",1996-09-22,Raphanus sativus L.,TRUE
2422312715,UCR0083337,UCR,1474365,"Harbor City / City of Wilmington, Ken Malloy Harbor Regional Park, at intersection of Pacific Coast Hwy (CA Hwy 1) with Vermont Avenue",1996-04-28,Raphanus sativus L.,TRUE
2422307346,UCR0083342,UCR,1467990,"Upper Newport Bay, CA Dept. Fish & Game Ecological Reserve, west of Jamboree Road; Upper Newport Bay",1996-04-30,Raphanus sativus L.,TRUE
2422299352,UCR0083336,UCR,1459128,"El Segundo Dunes, immediately west of Los Angeles International Airport & Pershing Drive, & east of Vista Del Mar Blvd.",1988-05-18,Raphanus sativus L.,TRUE
2422297174,UCR0083371,UCR,1459129,"San Mateo Creek, south of San Clemente. Between agricultural field and Hwy I-5",1986-06-07,Raphanus sativus L.,TRUE
2422295581,UCR0083392,UCR,1459126,"One mile SW of Cottonwood Creek at Breckenridge Rd., 2 miles east of Comanche Drive",1982-03-30,Raphanus sativus L.,TRUE
2422294918,UCR0083351,UCR,1459132,"Between Oak Glen and Cherry Valley, at intersection of Oak Glen Road with Wildwood Canyon Road",1993-04-09,Raphanus sativus L.,TRUE
2422294010,UCR0083335,UCR,1459130,"El Segundo Dunes, back edge of the beach just west of Los Angeles International Airport",1986-03-25,Raphanus sativus L.,TRUE
2422284322,UCR0083346,UCR,1443129,University of California property South of Pennsylvania Ave. (now Martin Luther King Blvd) and east of Chicago Ave. Along the water canal (now mostly dry) 0.1 mi. south of Pennsylvania Ave.,1981-05-15,Raphanus sativus L.,TRUE
2422283415,UCR0083404,UCR,1443127,"Santa Cruz Island, west end of airfield, 1.8 mi. ESE of Christi Ranch, Cañada Cervada",1981-03-24,Raphanus sativus L.,TRUE
2422282478,UCR0083374,UCR,1443128,"Calif. Hwy 166, 1 mi. east of U.S. Hwy 101",1980-03-27,Raphanus sativus L.,TRUE
2422282123,UCR0083349,UCR,1443125,"Santa Ana Mtns; Main Street Canyon, 3.5 miles south of Hwy 91 at the end of Main Street",1981-05-19,Raphanus sativus L.,TRUE
2422281246,UCR0083345,UCR,1443133,"City of Riverside, west end of Big Springs Road",1965-03-01,Raphanus sativus L.,TRUE
2421788075,632225,CAS,632225,Santa Cruz Island. Christie airstrip,1980-05-03,Raphanus L.,TRUE
2421781413,DAV325632,DAV,2963303,"Bird Haven Ranch, Butte City, On edge of trail near riparian area.",2019-04-20,Raphanus sativus L.,TRUE
2421781067,DAV310433,DAV,2197161,Vallejo.,1931-04-03,Raphanus sativus L.,TRUE
2421773762,DAV310441,DAV,1399259,"Napa County: McLaughlin UC Reserve. Knoxville Mine site, ca. 7 miles south of McLaughlin Field Station.",2015-03-10,Raphanus raphanistrum L.,TRUE
2421772219,DAV310444,DAV,1399262,"Napa County: McLaughlin UC Reserve. Knoxville Mine site, ca. 7 miles south of McLaughlin Field Station. Collected near old mill foundation.",2015-03-10,Raphanus raphanistrum L.,TRUE
2421772153,DAV310442,DAV,1399260,"Napa County: McLaughlin UC Reserve. Knoxville Mine site, ca. 7 miles south of McLaughlin Field Station.",2015-03-10,Raphanus raphanistrum L.,TRUE
2421772151,DAV310434,DAV,1399932,"Along El Dorado Road, 1/2 mile south of U.S. Highway 50. (Exact location unknown. Coordinates estimated by label maker.)",1977-06-28,Raphanus raphanistrum L.,TRUE
2421771608,DAV310443,DAV,1399261,"Napa County: McLaughlin UC Reserve. Knoxville Mine site, ca. 7 miles south of McLaughlin Field Station.",2015-03-10,Raphanus raphanistrum L.,TRUE
2421764270,DAV310393,DAV,1392578,Sutter County; Sutter Buttes. Dean Ranch. Along undeveloped road between Willaston Flat and residence.,2013-04-06,Raphanus sativus L.,TRUE
2421748081,DAV300679,DAV,1372819,Merced County: NE of the town of Planada. Flying M Ranch. Dr. Bob's Power Mosey camp area. On bluff above creek on west side of encampment.,2012-04-14,Raphanus raphanistrum L.,TRUE
2421743439,DAV310397,DAV,1368047,"Yolo County: Davis, Road 96 near Russell Boulevard.",1996-04-21,Raphanus sativus L.,TRUE
2421743032,DAV310415,DAV,1368003,San Mateo County: 3 miles north of Pescadero.,1948-06-28,Raphanus sativus L.,TRUE
2421742876,AHUC100066,DAV,1367995,Yolo County: Knight's Landing. Approximately 100 feet from the Sacramento River.,1975-05-10,Raphanus sativus L.,TRUE
2421742686,DAV310390,DAV,1368043,Santa Cruz County: city of Capitola.,1950-03-30,Raphanus sativus L.,TRUE
2421742521,DAV300683,DAV,1367988,"Sacramento County: Tunnel Road, Mission Canyon. City of Santa Barbara.",1944-05-05,Raphanus raphanistrum L.,TRUE
2421742436,AHUC100068,DAV,1367997,Yolo County: Woodland.,1961-03-13,Raphanus sativus L.,TRUE
2421742326,DAV310408,DAV,1368028,Alameda County: west Berkeley.,1914-03-15,Raphanus sativus L.,TRUE
2421742274,DAV310406,DAV,1368030,"Riverside County: Main Divide Truck. Trail between El Carriso and Santiago Peak, Cleveland National Forest.",1966-03-30,Raphanus sativus L.,TRUE
2421742249,DAV310409,DAV,1368025,"Santa Cruz County: just east of State Highway 156, 6.4 miles south and east of Watsonville.",1961-02-26,Raphanus sativus L.,TRUE
2421742178,DAV310426,DAV,1368010,"Sacramento County: Sacramento Valley, Sacramento Avenue on the east side of CA-99, junction 1.4 miles north of the Feather River.",2007-09-30,Raphanus sativus L.,TRUE
2421742162,DAV310414,DAV,1368004,Yolo County: Davis.,1947-03-07,Raphanus sativus L.,TRUE
2421742143,DAV310399,DAV,1368057,"San Diego County: Rancho Santa Fe, in west-central park of county.",1930-05-03,Raphanus sativus L.,TRUE
2421742081,DAV310410,DAV,1368035,Alameda County: UC Berkeley campus.,1933-04-12,Raphanus sativus L.,TRUE
2421742051,DAV310388,DAV,1368046,San Bernardino County: south end of Kramer Hills.,1964-05-06,Raphanus sativus L.,TRUE
2421742017,DAV310417,DAV,1368001,Sacramento County.,1932-06-10,Raphanus sativus L.,TRUE
2421741980,DAV310418,DAV,1367998,"Los Angeles County: Pierce College, Woodland Hills.",1962-05-15,Raphanus sativus L.,TRUE
2421741941,DAV310400,DAV,1368055,"Los Angeles County: Point Dume, Cliffside Drive and Fernhill Drive.",1961-03-12,Raphanus sativus L.,TRUE
2421741893,DAV310401,DAV,1368054,"Los Angeles County: San Fernando Valley. Tarzana, Topham Street, corner of Etiwanda Avenue.",1961-03-01,Raphanus sativus L.,TRUE
2421741886,DAV310445,DAV,1367989,"Sacramento County: Cosumnes River Preserve, Area 6. Just east of Souther Pacific tracks.",1992-03-22,Raphanus raphanistrum L.,TRUE
2421741872,DAV127852,DAV,1367987,Sacramento County: 0.8 mile southwest of Interstate Highway 16 and Sloughhouse Road.,1995-04-01,Raphanus raphanistrum L.,TRUE
2421741865,DAV310421,DAV,1368000,"Santa Barbara County: vacant lot on Segovia Road, opposite the Alpha Chi Omega house in Goleta.",1969-01-20,Raphanus sativus L.,TRUE
2421741772,DAV300677,DAV,1367981,"Humboldt County: Lanphere-Christensen Dunes, 3 miles west of Arcata.",1976-07-05,Raphanus raphanistrum L.,TRUE
2421741755,DAV310423,DAV,1368006,Butte County: 8 miles north of Oroville.,1914-03-16,Raphanus sativus L.,TRUE
2421741738,DAV310428,DAV,1367994,"Yolo County: city of Davis, off Russell Boulevard.",1996-05-09,Raphanus sativus L.,TRUE
2421741721,DAV310405,DAV,1368032,San Bernardino County: 0.125 mile west of Archibald on Sixth Street in Cucamonga.,1960-04-18,Raphanus sativus L.,TRUE
2421741717,AHUC100065,DAV,1367996,Yolo County: 3 miles west of Winters.,1953-04-27,Raphanus sativus L.,TRUE
2421741713,DAV310403,DAV,1368052,"Napa County: Putah Canyon, 8.5 miles west of Winters.",1948-05-06,Raphanus sativus L.,TRUE
2421741712,DAV300675,DAV,1367986,"Los Angeles County: Diamond Bar Ranch, Brea Canyon. Santa Ana Mountain Range.",1963-04-15,Raphanus raphanistrum L.,TRUE
2421741566,DAV310398,DAV,1368058,Del Norte County: south of Crescent City in north-central part of county.,1938-08-29,Raphanus sativus L.,TRUE
2421741531,DAV310425,DAV,1368009,"Sacramento County: Sacramento Valley, edge of Sierra Nevada foothills; Latrobe Road at Michigan Bar Road, about 3.5 miles west of Latrobe and 0.3 mile west of the El Dorado County line.",2007-03-14,Raphanus sativus L.,TRUE
2421741387,DAV300673,DAV,1367990,"Alameda County: Northbrae, Berkeley.",1917-04-29,Raphanus L.,TRUE
2421741378,DAV310424,DAV,1368008,"Amador County: Central Valley/Northern Sierra Nevada Foothills; along CA-16, 0.2 mile east of Waits Station, southwest of Plymouth.",2006-10-23,Raphanus sativus L.,TRUE
2421741354,DAV310404,DAV,1368034,Napa County: along Putah Creek.,1949-04-17,Raphanus sativus L.,TRUE
2421741351,DAV310413,DAV,1368005,"Sonoma County: near Sea Ranch Lodge, Unit 2 Owners' Map, Sea Ranch, near State Highway 1.",1974-06-21,Raphanus sativus L.,TRUE
2421741296,DAV300681,DAV,1367984,Monterey County: Berglund Ranch near Corralitos.,1942,Raphanus raphanistrum L.,TRUE
2421741228,DAV010561,DAV,1368038,"Alameda County: Strawberry Canyon, University of California, Berkeley campus.",1943-05-14,Raphanus sativus L.,TRUE
2421741223,DAV310419,DAV,1368007,"Placer County: Northern Central Valley, Clark Tunnel Road and CA Highway 193, East of Lincoln.",2006-02-09,Raphanus sativus L.,TRUE
2421741045,DAV310420,DAV,1367999,"Santa Barbara County: 0.5 mile from ocean, opposite 6558 Segovia Road in Goleta.",1969-01-16,Raphanus sativus L.,TRUE
2421741043,DAV310416,DAV,1368002,"Alameda County: Craigmont Hills, Berkeley.",1929-03-23,Raphanus sativus L.,TRUE
2421740980,DAV310396,DAV,1368049,"Yolo County: Davis, UC Davis Experimental Garden.",1996-05-04,Raphanus sativus L.,TRUE
2421740971,DAV310412,DAV,1368040,Santa Barbara County: west of Botanic Garden in Santa Barbara.,1944-01-09,Raphanus sativus L.,TRUE
2421740961,DAV310411,DAV,1368039,Solano County: 0.2 mile south of Hastings Road on Cook Lane.,1980-04-20,Raphanus sativus L.,TRUE
2421740955,DAV310429,DAV,1367993,"Mendocino County: 2.5 air miles SE of Needle Rock, 4 air miles SSE of Four Corners, near Bear Harbor Beach at site of old logging operation (off Lost Coast Trail.)",1989-05-20,Raphanus sativus L.,TRUE
2421740900,DAV310407,DAV,1368029,Marin County: Mill Valley.,1914-04-19,Raphanus sativus L.,TRUE
2421740899,DAV310435,DAV,1367983,San Joaquin County: Caswell Memorial State Park.,1992-03-22,Raphanus raphanistrum L.,TRUE
2421740895,DAV310395,DAV,1368051,"Santa Barbara County: Santa Rosa Island. Beechers Bay, NE end of island.",1977-04-30,Raphanus sativus L.,TRUE
2421740876,DAV310436,DAV,1367980,Merced County: between Merced Falls and Snelling.,1951-04-22,Raphanus raphanistrum L.,TRUE
2421740842,DAV300680,DAV,1367982,"Los Angeles County: Santa Catalina Island, Middle Ranch Canyon, just above reservoir on north side of main road.",1973-07-13,Raphanus raphanistrum L.,TRUE
2421740811,DAV310431,DAV,1367991,San Mateo County: south of San Francisco.,1917-04-21,Raphanus sativus L.,TRUE
2421740799,DAV310394,DAV,1368041,Santa Barbara County: by Peoples Park on Embarcadero del Norte.,1978-11-05,Raphanus sativus L.,TRUE
2421740775,DAV310389,DAV,1368045,"Kern County: Greenfield Road, 1.5 miles east of Pumpkin Center.",1959-04-01,Raphanus sativus L.,TRUE
2421740738,DAV310402,DAV,1368053,Sonoma County.,1927-05-05,Raphanus sativus L.,TRUE
2421740681,DAV300676,DAV,1367985,"Sacramento County: city of Rancho Cordova, Mather Regional Park, along dirt road with telephone poles that heads west from Eagles Nest Road, approx. 2.25 road miles So of Douglas Blvd.",2000-05-21,Raphanus raphanistrum L.,TRUE
2421740636,DAV310427,DAV,1368011,"Santa Barbara County: Santa Cruz Island. Along Navy Road, 0.1 mile west of Bump Gate near Mount Pleasant.",1990-04-20,Raphanus sativus L.,TRUE
2421740607,DAV310432,DAV,1368036,Stanislaus County: Montpelier.,1941-05-20,Raphanus sativus L.,TRUE
2421740246,DAV310430,DAV,1367992,San Mateo County: south of San Francisco.,1917-04-21,Raphanus sativus L.,TRUE
2421711726,DAV300671,DAV,1337204,"Solano Co.: From I-80 west, Leisure Town Rd. exit to Vaca Valley Parkway .3 mi west, to SW of Kaiser medical facility.",2002-04-22,Raphanus L.,TRUE
2421711235,DAV310439,DAV,1339126,"Sacramento County: Collected from west side of small dirt road approximately 350 m southeast of the Equipment Pad. This road runs adjacent to the east side of the Tall Forest, near the Levee Break area.",1997-07-16,Raphanus raphanistrum L.,TRUE
2421709935,DAV310437,DAV,1336458,"Yolo County: city of Woodland. Mavis Henson field property on the east side of County Road 102, just south of County Road 25. Property owned by city of Woodland.",2009-04-01,Raphanus raphanistrum L.,TRUE
2421709634,DAV300678,DAV,1336457,"Yolo County: city of Woodland. Mavis Henson field property on the east side of County Road 102, just south of County Road 25. Property owned by city of Woodland.",2009-04-01,Raphanus raphanistrum L.,TRUE
2421707000,DAV300674,DAV,1333957,"Merced Co.: Great Valley Grasslands State Park (encompasses the former Fremont Ford State Recreation Area). South of the town of Stevinson, 1 mi. south of Hwy 140 on Hwy 165.",1995-04-23,Raphanus raphanistrum L.,TRUE
2421702978,DAV315352,DAV,1327836,"CALIFORNIA: SACRAMENTO COUNTY: Cosumnes River Preserve: lower preserve, located near the Visitor's Center, east of Franklin Boulevard and south of Twin Cities.",2000-03-23,Raphanus sativus L.,TRUE
2421695253,DAV310438,DAV,1320906,Sacramento Co.: Cosumnes River Preserve Plant Inventory; by Levee Road; south end of Area 17.,1992-04-05,Raphanus raphanistrum L.,TRUE
2421694518,DAV315353,DAV,1320905,Sacramento Co.: Cosumnes River Preserve Plant Inventory; east of Point Meadow.,1992-04-05,Raphanus sativus L.,TRUE
2421686311,DAV300682,DAV,1312145,El Dorado County: Tallac. Lake Tahoe. (elevation estimated by label-maker),1902-07-01,Raphanus raphanistrum L.,TRUE
2421686049,DAV310391,DAV,1312007,El Dorado County: Tallac. Lake Tahoe. (elevation estimated by label-maker),1902-08-01,Raphanus sativus L.,TRUE
2421684510,DAV310392,DAV,1311269,El Dorado County: Tallac. Lake Tahoe. (elevation estimated by label-maker),1902-08-01,Raphanus sativus L.,TRUE
2421683838,AHUC100067,DAV,1310159,West Sacramento.,1958-01-07,Raphanus sativus L.,TRUE
2421683462,AHUC100080,DAV,1310405,3 miles west of Winters Hwy. 128.,1964-04-08,Raphanus sativus L.,TRUE
2421678967,AHUC101842,DAV,1305691,"Solano County, marsh north of Suisun Bay, 2 1/2 miles north of Teal.",1973-07-12,Raphanus sativus L.,TRUE
2421675859,DAV300672,DAV,1302899,"University Farm. Grass flats, Field A.",2003-07-15,Raphanus L.,TRUE
2421673869,DAV310440,DAV,1300530,"Napa County. McLaughlin Reserve. North of Knoxville -- Berryessa Rd., along road from Knoxville to Clover Valley, just E of site of old town of Knoxville. Near old Osage orange tree by creek.",2000-03-18,Raphanus raphanistrum L.,TRUE
2421672312,DAV310422,DAV,1299035,"California: Colusa Co. Bear Valley, 7.6 mi N of hwy 20 along Bear Valley rd. elev. ca. 1300 ft.",1986-04-13,Raphanus sativus L.,TRUE
2418049581,CHSC098874,CHSC,2146635,"Along the fence, about 50 yards west of the wire gate on the south side of Sandy Mush Road, 3.7 miles west of Highway 99, about 8.5 miles south-southeast of Merced. T09S R14E S01 NW1/4 USGS Quadrangle: El Nido",2008-04-13,Raphanus raphanistrum L.,TRUE
2418040798,CHSC119251,CHSC,2137472,"Fort Hunter Liggett (Cantonment). Rancho Milpitas Housing Area, ca. 2.0 air km due E of San Antonio River, ca. 2.5 air km due W of Ruby Canyon. UTMs (NAD 27, map estimate): zone 10S, 659400 to 659500 E, 3985900 to 3986100 N.",1996-04-22,Raphanus sativus L.,TRUE
2418039002,CHSC114899,CHSC,2134739,"Sacramento; in an empty lot behind residential housing on 32nd Street, just north of Ellwood Avenue and just west of Wainscott Way. Adjacent to the Light Rail Station off of Meadowview Road.",2009-11-17,Raphanus sativus L.,TRUE
2418038015,CHSC111394,CHSC,2132998,"On disturbed soil, on the east side of the horse path, about 100 yards north of the paved park road, west side of the old walnut orchard, south of Vallombrosa Avenue, about 1/4 mile west of Peterson Drive, Lower Bidwell Park, Chico. T22N R02E S19 NW 1/4",2012-05-10,Raphanus raphanistrum L.,TRUE
2418036995,CHSC112304,CHSC,2133518,"North Coast. Base of eroding cliffs, above the sand beach, 1.1 miles (air) southeast of Anchor Bay, 2.0 miles (air) northwest of mouth of Gualala River. T11N R15W S20 SW1/4",2013-04-26,Raphanus raphanistrum L.,TRUE
2418031478,CHSC099463,CHSC,2125798,"Williams; by the junction of 5th Street and B Street,",2007-03-22,Raphanus raphanistrum L.,TRUE
2418029927,CHSC098192,CHSC,2125380,"Hammond, sandy shoreline of the Columbia River at the boat basin.",2006-09-11,Raphanus raphanistrum L.,TRUE
2418029508,CHSC096467,CHSC,2124078,"Open pasture fields, about 1/2 mile south of the Manzanita Cemetery, about 1/2 mile west of Gladding Road, about 2 3/4 miles north of Lincoln. T13N R06E S34 NW1/4",2007-04-13,Raphanus raphanistrum L.,TRUE
2418024353,CHSC090955,CHSC,2120835,"Bottom of a deep drain ditch, about 200 feet east of the railroad tracks, north of Spruce Street, Gridley. T18N R02E S36 SE1/4",2005-04-14,Raphanus raphanistrum L.,TRUE
2418014314,CHSC091408,CHSC,2107639,"Along State Hwy. 121, .4 mile E of its junction with State Hwy. 116 at Big Bend in the Sonoma Valley. T05N R05W S",1987-02-22,Raphanus sativus L.,TRUE
2418002574,CHSC082812,CHSC,2087006,"Along the Willamette River behind the O.S.U. Salmon Disease Lab, 34347 N.E. Electric Road, just E of Corvallis. T11S R05W S36",2000-07-02,Raphanus raphanistrum L.,TRUE
2417999076,CHSC081237,CHSC,2085275,"Found in Manchester State Park campground. T13N R17W S USGS Quadrangle: Point Arena 1:24,000",1997-04-05,Raphanus sativus L.,TRUE
2417998564,CHSC081475,CHSC,2085539,"Shockley Woods, Shockley Rd, Auburn. T 12N R 8E.",2000-04-23,Raphanus sativus L.,TRUE
2417995076,CHSC075075,CHSC,2079339,2800 block of Buena Vista Ave. Walnut Creek.,1987-05-26,Raphanus sativus L.,TRUE
2417985873,CHSC066479,CHSC,2071627,Cascade Range Foothills. Hog Lake Plateau. BLM parcel along Hwy. 36 NE of Red Bluff. On the flood plain of Paynes Creek. T28N R02W S08 NE1/4 of NW1/4,1996-05-20,Raphanus raphanistrum L.,TRUE
2417984934,CHSC064605,CHSC,2070005,"Cascade Range Foothills. Dales Lake Ecological Reserve. W side of Manton Rd. (A6) ca. 1 mi n of Dales Station on Hwy. 36, ca. 14 mi ne of Red Bluff. Along the edge of Manton Rd. s of Inks Creek Rd. T29N R02W S35 SW1/4 of NW1/4",1995-04-10,Raphanus raphanistrum L.,TRUE
2417984432,CHSC065917,CHSC,2071112,Northwest side of Sacramento Valley. Thomes Creek Ecological Reserve. CDFG parcel on the S side of Gyle Rd. NW of Corning. At the W boundary ca. 0.1 mi S of Gyle Rd. T25N R03W S30 NW1/4 of NW1/4,1996-04-15,Raphanus raphanistrum L.,TRUE
2417979840,CHSC059956,CHSC,2066058,"Goodpasture Island Road, Eugene. Along the Willamette River.",1975-05-04,Raphanus raphanistrum L.,TRUE
2417978692,CHSC000533,CHSC,2061482,"Sandy Gulch, Chico.",1935-03-27,Raphanus raphanistrum L.,TRUE
2417978460,CHSC000535,CHSC,2061578,Highland.,1938-03-09,Raphanus sativus L.,TRUE
2417978084,CHSC000538,CHSC,2061832,Ca 4 mi SW of Bella Vista on Bella Vista cut-off.,1965-04-03,Raphanus raphanistrum L.,TRUE
2417976894,CHSC000536,CHSC,2061660,[No locality info given on label],1953-04-12,Raphanus raphanistrum L.,TRUE
2417975854,CHSC047040,CHSC,2057404,"Richvale Vernal Pools, 1/4 mile s of junction Hwy 162 to Oroville and Hwy 99; along the latter and across from Thermalito Afterbay. T19N R02E S24",1985-03-23,Raphanus raphanistrum L.,TRUE
2417975817,CHSC054389,CHSC,2062093,"North side of Butte Campus Drive, across from the Fire Training facility, Butte College Campus. Roadside.",1991-03-08,Raphanus raphanistrum L.,TRUE
2417975755,CHSC000537,CHSC,2061760,In field at corner of Cactus and Manzanita. W. side of Cactus. Chico.,1965-03-27,Raphanus raphanistrum L.,TRUE
2417974669,CHSC046484,CHSC,2056948,"Pasture field, Peter Ahart Ranch, about 2 miles north and 1 1/4 miles east of Honcut, about 12 miles south of Oroville.",1977-05-22,Raphanus raphanistrum L.,TRUE
2417974608,CHSC047386,CHSC,2057748,"Near the dirt road, road leads to the gravel pit, about 1/4 mile south-west of the Myers home, Myers Ranch, Sutter Buttes. In the farmed field to the east.",1982-04-24,Raphanus raphanistrum L.,TRUE
2417970592,CHSC040702,CHSC,2051858,The Nature Conservancy Vina Plains Preserve. Near barn in s pasture. T24N R01W S28 SW1/4,1982-06-18,Raphanus raphanistrum L.,TRUE
2417966454,CHSC038031,CHSC,2049534,"At roadside, n side of Cana Hwy, 100 yds e of Cana-Pine Creek Rd, Cana. T23N R01W S16 SSW border USGS Quadrangle: Nord 1:24,000",1982-11-05,Raphanus raphanistrum L.,TRUE
2417966450,CHSC039208,CHSC,2050542,"Along RR tracks opposite Hopkins Marine Station, at Pt Cabrillo, Pacific Grove. T15S R01W S USGS Quadrangle: Monterey",1982-11-11,Raphanus raphanistrum L.,TRUE
2417966441,CHSC004031,CHSC,2051496,"Collected: E. Redding, Tehama St. across Sac. River S. to Hilltop Drive, E. on Mistletoe Lane in a field at corner Mis. Lane & Dusty Lane, N.",1967-03-12,Raphanus raphanistrum L.,TRUE
2417966357,CHSC038048,CHSC,2049551,"On levee of irrigation ditch, w side of Aguas Frias Rd ca. 0.9 mi n of Richvale Rd, ca. 6 mi w of Richvale. T19N R01E S16 NE corner USGS Quadrangle: Nelson 1:24,000",1983-01-09,Raphanus raphanistrum L.,TRUE
2417965968,CHSC038030,CHSC,2049533,"At roadside, w side of Cohasset Hwy, ca. 100 yds n of turnoff to Richardson Springs; ca. 5 1/2 mi n of downtown Chico. T23N R01E S27 ENE border USGS Quadrangle: Richardson Springs 1:24,000",1982-11-05,Raphanus raphanistrum L.,TRUE
2417965559,CHSC041764,CHSC,2052767,"Near Marist High School, Goodpasture Island Road, Eugene. In field.",1974-10-15,Raphanus raphanistrum L.,TRUE
2417964977,CHSC038033,CHSC,2049536,"At roadside, n side of Hwy 70 at Wicks Corner, ca. 5 1/2 mi nw of Oroville. T20N R03E S15 S border USGS Quadrangle: Oroville 1:24,000",1982-11-13,Raphanus raphanistrum L.,TRUE
2417964872,CHSC038035,CHSC,2049538,"Along sides of Chico-Butte City Hwy, ca. 13 1/2 mi ssw of Chico. T20N R01E S31 NW1/4 USGS Quadrangle: Llano Seco 1:24,000",1982-11-13,Raphanus raphanistrum L.,TRUE
2417964861,CHSC038424,CHSC,2049904,"Upper Bidwell Park, Chico, at the w end of Horseshoe Lake near Parking Area C.",1982-12-28,Raphanus raphanistrum L.,TRUE
2417964499,CHSC038052,CHSC,2049555,"At the SW corner of the intersection of Notre Dame Blvd & Forest Ave, Chico. T22N R02E S31 USGS Quadrangle: Chico 1:24,000",1983-02-16,Raphanus sativus L.,TRUE
2417963305,CHSC034565,CHSC,2046467,"In almond orchard, e side of River Rd. ca. 1 mi s of Sacramento Ave.; Chico Landing site, ca. 5 mi w of Chico. T22N R01W S35 USGS Quadrangle: Chico 1:64,000",1982-01-01,Raphanus raphanistrum L.,TRUE
2417961731,CHSC034564,CHSC,2046466,"On e side of Hwy 99 across from Halle Rd, ca. 1 mi n of Butte/Tehama Co. line. Roadside. T24N R01W S33 USGS Quadrangle: Richardson Springs 1:24,000",1982-01-01,Raphanus raphanistrum L.,TRUE
2417960041,CHSC031957,CHSC,2044164,"At edge of Table Mountain, E edge of mountain N of Cherokee Rd. T20N R04E S17 USGS Quadrangle: Oroville 1:24,000",1979-03-25,Raphanus raphanistrum L.,TRUE
2417957411,CHSC027838,CHSC,2040704,Ca. 1 km w of Sacramento River at Woodson Bridge.,1978-04-24,Raphanus raphanistrum L.,TRUE
2417954084,CHSC026459,CHSC,2039506,CSUC Campus. Lot between stadium and parking lot.,1971-11-07,Raphanus raphanistrum L.,TRUE
2417952830,CHSC021252,CHSC,2034914,"In fields between 11th and 12th Ave, at end of Citrus Ave, Chico.",1975-03-25,Raphanus raphanistrum L.,TRUE
2417947398,CHSC010657,CHSC,2030475,"Peter Ahart Ranch, Honcut.",1966-03-15,Raphanus raphanistrum L.,TRUE
2413155188,LOB102260,LOB,3123760,"Santa Ana Mountains, Cleveland National Forest, unnamed canyon to the East of Hot Springs Canyon, north of Highway 74, banks of San Juan Creek",2019-05-22,Raphanus sativus L.,TRUE
2413154423,LOB116467,LOB,2262512,Jamison reservoir area,1959-06,Raphanus raphanistrum L.,TRUE
2413154384,LOB116474,LOB,2262519,"Campus, west of Palo Verde Avenue",1953-02-28,Raphanus sativus L.,TRUE
2413154265,LOB116471,LOB,2262516,"Lower Silverado Canyon, Santa Ana Mtns.",1954-04-14,Raphanus sativus L.,TRUE
2413154143,LOB116479,LOB,2262524,"R. & R. track and Los Angeles River at 37th St., Long Beach",1970-07-07,Raphanus sativus L.,TRUE
2413154142,LOB116476,LOB,2262521,Campus L.B.S.C.,1965-04-24,Raphanus sativus L.,TRUE
2413154126,LOB116472,LOB,2262517,Costa Mesa,1952-05-10,Raphanus sativus L.,TRUE
2413154059,LOB116477,LOB,2262522,Long Beach,1954-05,Raphanus sativus L.,TRUE
2413154044,LOB116468,LOB,2262513,on US. 17 near junction SC. 544,1962-03-11,Raphanus raphanistrum L.,TRUE
2413153925,LOB116478,LOB,2262523,"Huntington Beach, Magnolia Ave and Newland St.",1970-04-02,Raphanus sativus L.,TRUE
2413153739,LOB116473,LOB,2262518,Palos Verde Hills,1952-05-24,Raphanus sativus L.,TRUE
2413153694,LOB116475,LOB,2262520,Buena Park,1954-09-25,Raphanus sativus L.,TRUE
2413153605,LOB116463,LOB,2262508,"Muir Meadows, 1/2 mile S of jct. of Mt. Tamalpais Rd. on Route 1",1961-04-06,Raphanus raphanistrum L.,TRUE
2413153476,LOB116464,LOB,2262509,intersection of Santiago Cny. Rd. and Silverado Cyn. Rd.,1971-05-10,Raphanus raphanistrum L.,TRUE
2413153271,LOB116465,LOB,2262510,Silverado Canyon Rd. about 200 ft. from junction of Santiago Canyon Rd.,1971-05-11,Raphanus raphanistrum L.,TRUE
2412540536,LOB116469,LOB,254946,"NE of Long Beach Marine Stadium, weedy lot.",1970-04-01,Raphanus sativus L.,TRUE
2412540415,LOB116470,LOB,254712,Junction Morey Road and Santa Theresa Road.,1973-03-31,Raphanus sativus L.,TRUE
2382641589,SDSU21495,SDSU,395477,"Mission Trails Regional Park, San Diego. About 1/8 mile west along Mission Gorge from Jackson Drive trail junction.",2014-04-15,Raphanus sativus L.,TRUE
2382641497,SDSU21677,SDSU,395628,"San Diego State University Ecological Reserve, north of I-8 from campus, adjacent to creek area, very sun-exposed, on an inclining hill.",2016-04-26,Raphanus sativus L.,TRUE
2382640486,SDSU19512,SDSU,393682,"Mission Trails Regional Park, San Diego, Oak Canyon Trail, next to fence post 200 feet east of taped off patch of Toxicodendron diversilobum.",2010-05-04,Raphanus sativus L.,TRUE
2382640236,SDSU19995,SDSU,394165,"Mission Trails Regional Park, west of Old Mission Dam, San Diego, about 75 ft northeast of bridge, start of Oak Canyon trail.",2012-04-17,Raphanus sativus L.,TRUE
2382639703,SDSU19952,SDSU,394122,"Mission Trails Regional State Park, 1/8 mi. west of Old Mission Dam.",2012-04-16,Raphanus sativus L.,TRUE
2382638187,SDSU16487,SDSU,390689,"San Luis Rey River bed off of Old River Road, Bonsall CA. Near Little Gopher Canyon Road cross. 300 feet off of the road.",2005-03-11,Raphanus sativus L.,TRUE
2382637652,SDSU17622,SDSU,391803,"Special Dist., Cities of Del Mar & San Diego, .1 mi. S of San Dieguito Lagoon on path E of Racetrack View Dr., 1 mi. S of DM Racetrack, SE of (outside) E rim Crest Canyon, .8 mi E of coastline.",2005-04-07,Raphanus sativus L.,TRUE
2382636910,SDSU14604,SDSU,388920,"Camp Joseph Pendleton MCB. San Diego County, California. Base Section: Margarita.",1989-03-24,Raphanus sativus L.,TRUE
2382636701,SDSU15680,SDSU,389892,"Point Loma Naval Facility, SPAWAR. Water Treatment Facility, Woodward St. entrance. Growing along roadside, in front of building #306, west of Gatchell Rd.",2003-04-03,Raphanus sativus L.,TRUE
2382635152,SDSU14182,SDSU,388498,Santa Margarita Ecological Reserve. About a hundred yards up river from where Tornado Road crosses.,2002-04-20,Raphanus sativus L.,TRUE
2382634748,SDSU14605,SDSU,388921,"Camp Joseph Pendleton MCB. San Diego County, California. Base Section: Margarita.",1989-03-24,Raphanus sativus L.,TRUE
2382634448,SDSU14146,SDSU,388460,North of USD campus. On the side of the trail 1/2 mile from enterance.,2002-05-03,Raphanus sativus L.,TRUE
2382632532,SDSU12880,SDSU,387226,"Ca. 1/4 mile along northern border of Santa Margarita (SDSU) Field Station north of gorge. Specimen was taken from a large patch of plants most of which were tamped down, perhaps by a deer or other large animal.",1998-04-05,Raphanus sativus L.,TRUE
2382631576,SDSU09974,SDSU,384334,"San Elijo State Park, Cardiff. Location found by GIS Madellion.",1994-05-10,Raphanus sativus L.,TRUE
2382622639,SDSU01729,SDSU,376201,"2600 Block of “D” Avenue, National City.",1962-07-02,Raphanus sativus L.,TRUE
2382622440,SDSU01223,SDSU,375700,Alvarado Canyon.,1962-05-26,Raphanus sativus L.,TRUE
2382622355,SDSU01243,SDSU,375720,Three miles SSW from Temecula.,1962-04-10,Raphanus sativus L.,TRUE
2382622312,SDSU01237,SDSU,375714,Bonita.,1951-03-12,Raphanus sativus L.,TRUE
2382622216,SDSU01231,SDSU,375708,Leucadia.,1952-05-01,Raphanus sativus L.,TRUE
2382622210,SDSU01217,SDSU,375694,Adjacent to Montezuma Rd. and E. of Fallview Dr. at corner of lower parking lot of State College Campus.,1965-05-07,Raphanus sativus L.,TRUE
2382622178,SDSU01212,SDSU,375689,Near 67th and Amherst.,1969-04-26,Raphanus raphanistrum L.,TRUE
2382622147,SDSU01224,SDSU,375701,"10 feet from main road along section of dead end road De Mar Slough, Del Mar.",1962-05-10,Raphanus sativus L.,TRUE
2382622111,SDSU01213,SDSU,375690,About 6 miles north of U.S. Highway 80 on Mission Gorge Road. Near Mission Dam in Mission Gorge.,1962-07-09,Raphanus sativus L.,TRUE
2382622100,SDSU01225,SDSU,375702,1/4 mile North of College Avenue on Mallard Rd.,1962-05-04,Raphanus raphanistrum var. sativus (L.) Beck,TRUE
2382622091,SDSU01249,SDSU,375726,About 2 miles west of U.S Hwy 101. 100 yards from road.,1951-04-07,Raphanus sativus L.,TRUE
2382622064,SDSU01214,SDSU,375691,"Carrol Rd., 5 miles from Miramar Rd.",1963-05-09,Raphanus sativus L.,TRUE
2382622058,SDSU01222,SDSU,375699,Area around Mission Gorge Dam off Mission Gorge Road.,1962-07-09,Raphanus sativus L.,TRUE
2382622005,SDSU01219,SDSU,375696,"Shield’s residence, 5151 Alzeda Drive, Mt. Helix.",1966-04-25,Raphanus sativus L.,TRUE
2382621988,SDSU01218,SDSU,375695,"Collected on south side of Federal Blvd., below KOGO towers.",1966-06-03,Raphanus raphanistrum L.,TRUE
2382621944,SDSU01220,SDSU,375697,Near 67th and Amherst.,1969-04-26,Raphanus raphanistrum L.,TRUE
2382621879,SDSU01216,SDSU,375693,Aldine Drive Canyon.,1964-07-06,Raphanus sativus L.,TRUE
2382621820,SDSU01215,SDSU,375692,"North of 9441 Alto Drive, Mount Helix area.",1963-07-15,Raphanus sativus L.,TRUE
2382621038,SDSU00031,SDSU,374522,Mission Trails Regional Park.,1994-04-19,Raphanus sativus L.,TRUE
2302418414,IAN047205,IAN,NA,Perto de Niles Cañon; colinas.,1938-03-12,Raphanus sativus L.,TRUE
2270684444,NA,ASU,774005,Walker Ranch Historic Landmark Park,2006-12-21,Raphanus raphanistrum L.,TRUE
2270499210,ASU0106726,ASU,16984598,"Along Mars Lane by its intersection with Rohrer Road, just S of Bandon.",2014-07-21,Raphanus raphanistrum L.,TRUE
2270498412,ASU0106727,ASU,16984599,"Coos Co., Oregon: Just south of Bandon at the end of Mars Lane.",2014-07-19,Raphanus raphanistrum L.,TRUE
2270489880,ASU0105536,ASU,14624272,"Hattiesburg, Forrest County",1972-07-19,Raphanus sativus L.,TRUE
2270488411,ASU0105535,ASU,14624271,"403 Stevenson Drive, N. of Monroe, OUACHITA Parish",1972-05-02,Raphanus sativus L.,TRUE
2270291572,UCSB_SCIRH00151,UCSB,355768,Hillside south of Christy Ranch-this one very hirsute-barbed (coastal effects?) Santa Cruz Island,1979-03-10,Raphanus sativus L.,TRUE
2270291175,UCSB_SCIRH001357,UCSB,355727,"West end of airfield,1.8km ESE of Christy Ranch,Canada Cervada, Santa Cruz Island, County",1981-03-24,Raphanus sativus L.,TRUE
2270291156,UCSB040102,UCSB,330070,"Mirror Lake, 0.5 mile south of intersection of Hwy 150 and Hwy 33, 3 miles SW of Ojai, 12 miles N of Ventura",1980-08-03,Raphanus sativus L.,TRUE
2270291042,UCSB_SCIRH001452,UCSB,355751,Christy airstrip; Santa Cruz Island.,1982-05-08,Raphanus sativus L.,TRUE
2270290467,UCSB_SCIRH00152,UCSB,355769,"Field west of Sherwood forest, Santa Cruz Island.",1978-03-23,Raphanus sativus L.,TRUE
2270290160,UCSB_SCIRH001356,UCSB,355726,"West end of airfield, 1.8 km ESE of Christy Ranch, Canada Cervada, Santa Cruz Island.",1981-03-24,Raphanus sativus L.,TRUE
2270289608,UCSB040101,UCSB,330069,"Isla Vista, empty lot N of El Colegio Rd",2002-05-04,Raphanus sativus L.,TRUE
2270278806,UCSB033414,UCSB,317992,El Colegio and Los Carneros Rds. Isla Vista,1979-03-07,Raphanus raphanistrum L.,TRUE
2270268030,UCSB032037,UCSB,304593,"0.1 mile west of Bloomfield Avenue, Cypress",1971-05-11,Raphanus sativus L.,TRUE
2270267709,UCSB032045,UCSB,304586,"San Benito Canyon, 2 1/2 mi. N of Hwy. 101",1960-03-19,Raphanus sativus L.,TRUE
2270267585,UCSB032026,UCSB,304571,"Two lots up from Tri-Delt house, Hilgard Ave., University of Calif. at Los Angeles",1953-04-18,Raphanus sativus L.,TRUE
2270266806,UCSB032018,UCSB,304563,"Field across from University Children's Center and adjacent to stable facilities, West Campus, UCSB",1982-03-10,Raphanus sativus L.,TRUE
2270266788,UCSB032041,UCSB,304590,"Emma Wood State Beach picnic area, mid dunes 200 yards west of railroad tracks, 1/2 mile from entrance kiosk",1988-05-08,Raphanus sativus L.,TRUE
2270266533,UCSB032007,UCSB,304545,"NW corner of Trigo Rd. and Camino Corto, in empty lot, In Isla Vista",1980-03-10,Raphanus sativus L.,TRUE
2270266232,UCSB032047,UCSB,304584,"San Benito Canyon, 2 1/2 mi. N of Hwy. 101",1960-03-19,Raphanus sativus L.,TRUE
2270266164,UCSB032035,UCSB,304595,"Behind Apt. House at 744 Embarcadero Del Mar, Goleta",1958-02-15,Raphanus sativus L.,TRUE
2270266022,UCSB032054,UCSB,304607,"SE corner of Embarcadero del Mar and Segovia Road, Goleta",1980-01-22,Raphanus sativus L.,TRUE
2270265961,UCSB032033,UCSB,304578,"2 blocks north on Patterson Ave. from Hollister Ave., one mile east of Goleta",1958-03,Raphanus sativus L.,TRUE
2270265888,UCSB032008,UCSB,304544,"Coastal mesa ca. 2 km. west of Isla Vista and 1 km. south of Ellwood Station, Goleta",1981-05-03,Raphanus sativus L.,TRUE
2270265816,UCSB032006,UCSB,304546,"20 m. south of Carneros Dam, Goleta; Lake Los Carneros County Park.",1983-07-28,Raphanus sativus L.,TRUE
2270265729,UCSB032028,UCSB,304573,"Las Casitas Rd., Santa Barbara City Dump",1956-03-12,Raphanus sativus L.,TRUE
2270265725,UCSB032063,UCSB,304598,Corner of Baseline and Mills Ave.,1959-03-07,Raphanus sativus L.,TRUE
2270265603,UCSB032010,UCSB,304542,"West end of airfield, 1.8 km. ESE of Christi Ranch, Canada Cervada, Santa Cruz Island",1981-03-24,Raphanus sativus L.,TRUE
2270265580,UCSB031996,UCSB,304535,"At Madrid and Embarcadero del Mar, Isla Vista District, Goleta",1962-03-30,Raphanus raphanistrum L.,TRUE
2270265450,UCSB032042,UCSB,304589,"West end of airfield, 1.8 km. ESE of Christi Ranch, Canada Cervada, Santa Cruz Island",1981-03-24,Raphanus sativus L.,TRUE
2270265318,UCSB032044,UCSB,304587,"San Benito Canyon, 2 1/2 mi. N of Hwy. 101",1960-03-19,Raphanus sativus L.,TRUE
2270265286,UCSB032012,UCSB,304557,"Corner of Trigo and Camino Corto, Isla Vista",1979-02-22,Raphanus sativus L.,TRUE
2270265242,UCSB032022,UCSB,304576,Los Carneros Road and Stowe House Road,NA,Raphanus sativus L.,TRUE
2270265187,UCSB032016,UCSB,304561,"Corner of Sabado Tarde and Camino Corto, vacant lot, Isla Vista",1979-01-27,Raphanus sativus L.,TRUE
2270265180,UCSB032014,UCSB,304559,"Empty lot on south side of Del Playa, 100 yards from intersection of Del Playa and Camino Pescadero, Isla Vista",1979-02-24,Raphanus sativus L.,TRUE
2270265048,UCSB031992,UCSB,304539,"100 feet north of Rancho Real, 0.2 mile west of Las Panochas.",1980-03-29,Raphanus raphanistrum L.,TRUE
2270264977,UCSB032011,UCSB,304556,1300 feet Pacific Slope Drainage,1945-05-21,Raphanus sativus L.,TRUE
2270264965,UCSB032003,UCSB,304549,"W of Apple Rd., Carpinteria Salt Marsh",1980-05-12,Raphanus sativus L.,TRUE
2270264962,UCSB031994,UCSB,304537,"N of 18000 Bull Canyon Rd., Granada Hills",1953-03-29,Raphanus raphanistrum L.,TRUE
2270264948,UCSB032036,UCSB,304594,"Lemon grove 1 mi. N of Hwy. 101, 2 mi. S.E. of Goleta",1957-02-18,Raphanus sativus L.,TRUE
2270264926,UCSB032032,UCSB,304568,Rockport on Highway #1,1964-07-27,Raphanus sativus L.,TRUE
2270264916,UCSB032051,UCSB,304580,"San Benito Canyon, 2 1/2 mi. N of Hwy. 101",1960-03-19,Raphanus sativus L.,TRUE
2270264911,UCSB032046,UCSB,304585,"San Benito Canyon, 2 1/2 mi. N of Hwy. 101",1960-03-19,Raphanus sativus L.,TRUE
2270264854,UCSB032043,UCSB,304588,"San Benito Canyon, 2 1/2 mi. N of Hwy. 101",1960-03-19,Raphanus sativus L.,TRUE
2270264788,UCSB032053,UCSB,304608,"Large field across mobile home park at 7465 Hollister Avenue, Goleta",1980-02-07,Raphanus sativus L.,TRUE
2270264676,UCSB031997,UCSB,304555,"On Devereux bluffs on west end of Del Playa Rd., 1/2 mile in and about 150 feet away from Devereux School",1978-03-13,Raphanus sativus L.,TRUE
2270264671,UCSB032038,UCSB,304592,60 yards west of corner of Abrego and Camino Corto in Goleta,1967-01-28,Raphanus sativus L.,TRUE
2270264652,UCSB032031,UCSB,304567,"South of La Verne, Puddingstone Dam, San Jose Mts.",1955-03-01,Raphanus sativus L.,TRUE
2270264621,UCSB032058,UCSB,304603,UCSB campus,1957,Raphanus sativus L.,TRUE
2270264619,UCSB031990,UCSB,304541,"100 feet north of Rancho Real, 0.2 mile west of Las Panochas.",1980-03-29,Raphanus raphanistrum L.,TRUE
2270264617,UCSB032034,UCSB,304579,"Coal Oil Point Reserve, West Campus of UCSB",1971-02-13,Raphanus sativus L.,TRUE
2270264531,UCSB032002,UCSB,304550,Travelling west on El Colegio marshlands on right side of road just past Los Carneros,1978-06-02,Raphanus sativus L.,TRUE
2270264460,UCSB032048,UCSB,304583,"San Benito Canyon, 2 1/2 mi. N of Hwy. 101",1960-03-19,Raphanus sativus L.,TRUE
2270264448,UCSB032021,UCSB,304577,"Refugio Canyon, 18.5 miles north of Santa Barbara",1971-03-28,Raphanus sativus L.,TRUE
2270264408,UCSB031991,UCSB,304540,"100 feet north of Rancho Real, 0.2 mile west of Las Panochas.",1980-03-29,Raphanus raphanistrum L.,TRUE
2270264390,UCSB032061,UCSB,304600,North of Campus Sports Stadium,1967-11-03,Raphanus sativus L.,TRUE
2270264370,UCSB032009,UCSB,304543,"Valley in the Jurupa Mts. west of Colton, San Bernardino/Riverside County",1948-02-01,Raphanus sativus L.,TRUE
2270264347,UCSB032024,UCSB,304575,Refugio Canyon,1956-02-27,Raphanus sativus L.,TRUE
2270264335,UCSB032064,UCSB,304597,"Rancho Rincon del Diablo, Escondido",1954-04-18,Raphanus sativus L.,TRUE
2270264313,UCSB032039,UCSB,304591,"Tecolote Canyon, 1/4 mi. west of Hollister 101 overpass, 1 mi. into canyon on west side of creek",1974-01-19,Raphanus sativus L.,TRUE
2270264285,UCSB032019,UCSB,304564,Devereux Estate Field,1993-02-05,Raphanus sativus L.,TRUE
2270264254,UCSB032000,UCSB,304552,Just north of Elk on Highway 1,1958-06-17,Raphanus sativus L.,TRUE
2270264251,UCSB032057,UCSB,304604,"Santa Ynez Mtns., on Old San Marcos Rd. N of Santa Barbara",1956-03-26,Raphanus sativus L.,TRUE
2270264164,UCSB032056,UCSB,304605,UCSB campus,1959-07-02,Raphanus sativus L.,TRUE
2270264146,UCSB032001,UCSB,304551,"Santa Ynez River, near U.S. 101, 1/2 mile S of Buellton",1959-07-10,Raphanus sativus L.,TRUE
2270264087,UCSB032025,UCSB,304570,"Two miles west of Goleta, on the south side of the slough, behind the Las Casitas residence halls, Sequoia Hall",1958-03-01,Raphanus sativus L.,TRUE
2270264086,UCSB032005,UCSB,304547,"Along western margin of Sandyland Cove Rd., Carpinteria Salt Marsh, Carpinteria",1979-06-04,Raphanus sativus L.,TRUE
2270264027,UCSB032017,UCSB,304562,"Corner of Hollister Ave. and Los Carneros Rd., Goleta",1988-05-15,Raphanus sativus L.,TRUE
2270263960,UCSB032059,UCSB,304602,Santa Barbara City Dump,1956-03-12,Raphanus sativus L.,TRUE
2270263946,UCSB032062,UCSB,304599,North of Campus Sports Stadium,1967-11-03,Raphanus sativus L.,TRUE
2270263943,UCSB031998,UCSB,304554,500 yds. north of 18000 Bull Canyon Rd.,1953-03-29,Raphanus sativus L.,TRUE
2270263927,UCSB032065,UCSB,304596,"Mirror Lake, 1/2 mile south of intersection of Hwy. 150 and Hwy. 33, 3 miles SW of Ojai, 12 miles N of Ventura",1979-04-22,Raphanus sativus L.,TRUE
2270263921,UCSB031993,UCSB,304538,"NW corner of Hollister and Storke Road, Goleta",1983-02-08,Raphanus raphanistrum L.,TRUE
2270263733,UCSB031999,UCSB,304553,"Southwest of intersection of Storke Road and El Colegio, and adjacent to Isla Vista, on northern portion of West Campus, UCSB",1980-04-30,Raphanus sativus L.,TRUE
2270263688,UCSB032050,UCSB,304581,"San Benito Canyon, 2 1/2 mi. N of Hwy. 101",1960-03-19,Raphanus sativus L.,TRUE
2270263435,UCSB032027,UCSB,304572,"Near Goleta Campus beach, Goleta",1958-04-14,Raphanus sativus L.,TRUE
2270263400,UCSB032060,UCSB,304601,"Along the Alamo Pintado Creek from 7-8 miles north of Los Olivos; base of Figueroa Mountain, Birabent Canyon, San Rafael Range",1961-07-23,Raphanus sativus L.,TRUE
2270263388,UCSB032029,UCSB,304569,2 miles W of Lompoc on Road to Surr,1958-05-04,Raphanus sativus L.,TRUE
2270263166,UCSB032020,UCSB,304565,Abandoned Devereux Estate field,1993-02-05,Raphanus sativus L.,TRUE
2270263144,UCSB032049,UCSB,304582,"San Benito Canyon, 2 1/2 mi. N of Hwy. 101",1960-03-19,Raphanus sativus L.,TRUE
2270263094,UCSB032015,UCSB,304560,"North side of Estero Rd., between Camino Corto and Camino Del Sur Roads, Isla Vista",1979-02-18,Raphanus sativus L.,TRUE
2270262984,UCSB032013,UCSB,304558,"100 meters west of lagoon, University of California at Santa Barbara campus, Goleta",1979-02-08,Raphanus sativus L.,TRUE
2270262598,UCSB031995,UCSB,304536,"Along La Playa Football Field at West Beach, Santa Barbara",1945-07-17,Raphanus raphanistrum L.,TRUE
2270262548,UCSB032004,UCSB,304548,"Margin of Apple Rd.; Carpinteria Salt Marsh, Carpinteria",1979-03-22,Raphanus sativus L.,TRUE
2270262383,UCSB032055,UCSB,304606,"Purisima Hills locality is 0.7 miles (via a dirt road) from State Hwy. 1, 0.6 miles south of the Hwy's intersection with the Los Alamos-Casmalia Road",1967-04-25,Raphanus sativus L.,TRUE
2270262069,UCSB032023,UCSB,304574,8 miles East of Arvin on the Bear Mt. Road; Tehachapi Mt. Range; San Joaquin Valley,1959-04-06,Raphanus sativus L.,TRUE
2270261953,UCSB032030,UCSB,304566,Montecito,1882-07,Raphanus sativus L.,TRUE
2270255443,UCSB032052,UCSB,295295,"2 miles E of Commanche Dr., 1 mile S of Breckenridge Rd.",NA,Raphanus sativus L.,TRUE
2270253036,UCSB032040,UCSB,293450,"Outer South Coast Ranges; Orcutt Quad., T9N, R35W, Punta De La Laguna, San Bernardino Bm; between Solomon & Black Roads (~280-ac site); N of SR1, S of Santa Maria Airport, W of Orcutt, along farm road near SR1",2001-04-02,Raphanus sativus L.,TRUE
2270252713,UCSB031989,UCSB,292926,La Purisima Mission State Historic Park; 2 km. NE of Lompoc City Limit; in cultivated field,1983-05-07,Raphanus raphanistrum L.,TRUE
2270252324,UCSB038863,UCSB,292533,"Arroyo Hondo Preserve, 65 yards no. of parking lot, 20 ft west of road",2007-05-27,Raphanus raphanistrum L.,TRUE
2270251436,UCSB032066,UCSB,291609,"More Mesa; along the Pacific Ocean, south of Atascadero Creek, adjacent to and west of Hope Ranch Park, ca. 3 km. southeast of Goleta; southeastern arm of Central Basin (Area 3a)",1981-09-02,Raphanus sativus L.,TRUE
2270249218,UCSB041759,UCSB,1896191,"UCSB Campus, Manzanita Village.",2005-06-30,Raphanus sativus L.,TRUE
2270248649,UCSB041178,UCSB,1895626,"South Parcel Open Space, UC Santa Barbara. Between Ocean Meadows Golf Course to the north and Devereux Slough and Coal Oil Point Reserve to the south.",2009-06-01,Raphanus sativus L.,TRUE
2270230783,OBI145924,OBI,2252335,Los Osos. El Morro Elfin Forest. West of South Bay Blvd. and north of Santa Ysabel Ave.; in weedy strip along South Bay Blvd.,2014-02-25,Raphanus sativus L.,TRUE
2270230001,OBI140534,OBI,2211615,"immediately east of Highway 330, a quarter of a mile north of Highland Avenue",1983-04-17,Raphanus sativus L.,TRUE
2270223203,OBI101741,OBI,215180,Growing off of Swanton Road,2017-07-12,Raphanus sativus L.,TRUE
2270222323,OBI101740,OBI,216778,Southern foothills of San Luis Range. Wild Cherry Ranch west of Avila Beach.,2016-03-24,Raphanus sativus L.,TRUE
2270212885,OBI101788,OBI,202471,Laguna Lake. On the edge of a lawn approx 25 ft from the edge of the lake,1972-08-27,Raphanus sativus L.,TRUE
2270211987,OBI101764,OBI,202456,Pierce College Native Arboritum,1966-03-30,Raphanus sativus L.,TRUE
2270211797,OBI101772,OBI,202476,Half Moon Bay about 14 mi W of San Mateo,1970-02-01,Raphanus sativus L.,TRUE
2270211756,OBI101742,OBI,202446,1 mi E of US 101 on Calif 166,1980-03-27,Raphanus sativus L.,TRUE
2270211719,OBI101774,OBI,202459,"1/4 mi up Montecito Rd, Cayucos, off hwy 1, side of rd",1984-02-07,Raphanus sativus L.,TRUE
2270211660,OBI101781,OBI,202477,"On side of hwy 101, near the Marsh St turnoff",1981-07-03,Raphanus sativus L.,TRUE
2270211596,OBI181422,OBI,202448,"Hwy 58, just E of Santa Margarita cemetery.",1998-06-05,Raphanus raphanistrum L.,TRUE
2270211356,OBI101735,OBI,202450,"Property of Shepherds of Leg bourne, Noyes Rd, Arroyo Grande",1997-11-25,Raphanus raphanistrum L.,TRUE
2270211353,OBI101752,OBI,202478,On E bank of Smith Reservoir; Cal Poly Campus,1971-05-21,Raphanus sativus L.,TRUE
2270211210,OBI101736,OBI,202503,"1330 8th St, Baywood Park",1977-08-19,Raphanus raphanistrum L.,TRUE
2270211126,OBI101750,OBI,202453,Along hwy 1 at Oceano,1966-05-18,Raphanus sativus L.,TRUE
2270211039,OBI101749,OBI,202500,"Ca. 8 miles SW of downtown San Luis Obispo, ca. 1 driving mile southeast of CA-227 on Corbett Canyon Road. Along disturbed roadside, full sun.",2013-02-09,Raphanus sativus L.,TRUE
2270211011,OBI101758,OBI,202493,W of hwy 1 just S of Arroyo de la Cruz,1974-02-17,Raphanus sativus L.,TRUE
2270210999,OBI101785,OBI,202491,Overlooking the San Francisco Game Refuge,1969-03-28,Raphanus sativus L.,TRUE
2270210976,OBI101768,OBI,202486,"UCSB Campus, Goleta",1959-06-30,Raphanus sativus L.,TRUE
2270210963,OBI101739,OBI,202451,"One block W of hwy 1 on Palm Ave, Marina",1968-04-11,Raphanus raphanistrum L.,TRUE
2270210961,OBI101791,OBI,202458,"Pine Mt Region. In orchard/garden area at 1st gate, San Simeon drainage",1997-07-25,Raphanus sativus L.,TRUE
2270210935,OBI101775,OBI,202494,SE side of Laguna Lake Park,1982-04-06,Raphanus sativus L.,TRUE
2270210913,OBI101747,OBI,202461,1 mi E of US 101 on Calif 166,1980-03-27,Raphanus sativus L.,TRUE
2270210909,OBI101790,OBI,202496,"Boulder Springs dev, immed SE of intersection ofhwy 60 and Nason St, Moreno Valley",1988-02-01,Raphanus sativus L.,TRUE
2270210890,OBI101734,OBI,202449,"Campus of California Polytechnic State University. Chorro Creek Ranch south of Highway 1, west of Cuesta College campus. Ca. 35.32604°N x 120.75759°W",2001-05-03,Raphanus raphanistrum L.,TRUE
2270210754,OBI101778,OBI,202454,1/2 mi N of Los Osos in vacant lot,1972-08-26,Raphanus sativus L.,TRUE
2270210693,OBI101783,OBI,202484,"1 mi S of Tefft Ave on S Oakglen ave, Nipomo",1986-05-21,Raphanus sativus L.,TRUE
2270210661,OBI101786,OBI,202465,Highland Hills,1908-04-04,Raphanus sativus L.,TRUE
2270210606,OBI101757,OBI,202457,Adj to Mustang Village parking lot,1979-04-02,Raphanus sativus L.,TRUE
2270210570,OBI181423,OBI,202464,San Simeon State Park. W section of San Simeon State Park,1993-07-08,Raphanus sativus L.,TRUE
2270210569,OBI101738,OBI,202452,".25 mi from Pope Valley jctn, E on Chiles & Pope Valley Rd, in field E of service station",1968-04-20,Raphanus raphanistrum L.,TRUE
2270210564,OBI101755,OBI,202485,1/4 mi NW of Montana de Oro State Park campground,1972-03-29,Raphanus sativus L.,TRUE
2270210501,OBI101737,OBI,202447,1 mi E of US 101 on Calif 166,1980-03-27,Raphanus raphanistrum L.,TRUE
2270210487,OBI101782,OBI,202497,1.5 mi from Los Osos Valley rd,1972-04-22,Raphanus sativus L.,TRUE
2270210471,OBI101777,OBI,202495,SE side of Laguna Lake Park from the roadway to the base of hill,1982-04-12,Raphanus sativus L.,TRUE
2270210245,OBI101771,OBI,202490,"Upper Sepulveda Cyn, Rolling Hills",1981-04-24,Raphanus sativus L.,TRUE
2270210236,OBI101751,OBI,202482,"Morro Rock, Morro Bay",1980-04-16,Raphanus sativus L.,TRUE
2270210185,OBI101776,OBI,202498,1 mi E of Yorba Linda on Imperial hwy on road cut,1970-02-14,Raphanus sativus L.,TRUE
2270210168,OBI101746,OBI,202460,1 mi E of US 101 on Calif 166,1980-03-27,Raphanus sativus L.,TRUE
2270210090,OBI101762,OBI,202467,Lompoc,1973-05-11,Raphanus sativus L.,TRUE
2270209831,OBI101759,OBI,202466,3 mi NE of Santa Margarita,1971-05-23,Raphanus sativus L.,TRUE
2270209810,OBI101789,OBI,202463,"Vandenberg AFB. South Base. Along Honda ridge rd, 2.3 mi E from Coast Rd",1995-04-06,Raphanus sativus L.,TRUE
2270209744,OBI101779,OBI,202483,"Black Hill, Morro Bay state park",1980-05-30,Raphanus sativus L.,TRUE
2270209699,OBI101756,OBI,202488,Marina Beach,1968-04-11,Raphanus sativus L.,TRUE
2270209694,OBI101760,OBI,202468,"Grand Ave and Abbott St, San Luis Obispo",1969-04-30,Raphanus sativus L.,TRUE
2270209280,OBI101744,OBI,202475,Pismo marsh between Pismo State Beach campground and Grand Ave,1988-10-01,Raphanus sativus L.,TRUE
2270209267,OBI101780,OBI,202462,Area around Arroyo de la Cruz near its crossing of Calif hwy 1,1981-05-16,Raphanus sativus L.,TRUE
2270209258,OBI101745,OBI,202499,8 mi N of Lompoc on hwy 1,1965-03-19,Raphanus sativus L.,TRUE
2270209186,OBI101761,OBI,202480,"The Oakland Zoo, E of main parking lot in rolling hills. Near gate to upper zoo land",2004-04-03,Raphanus sativus L.,TRUE
2270209168,OBI101754,OBI,202492,"Pecho Study Site, Los Osos. 1/2 mi on Pecho Valley Rd past jctn of Pecho Rd. Rt on dirt road after 'deer' sign, to S of dirt rd",1983-05-25,Raphanus sativus L.,TRUE
2270209150,OBI101773,OBI,202472,"1400 River Rd, Atascadero",1972-05-16,Raphanus sativus L.,TRUE
2270209057,OBI101766,OBI,202469,5 mi SW of Gonzales on S. Franscioni ranch,1963-04-28,Raphanus sativus L.,TRUE
2270209025,OBI101753,OBI,202487,3 mi SE of San Luis Obispo on Johnson Ave,1964-02-29,Raphanus sativus L.,TRUE
2270208962,OBI101765,OBI,202470,Cal Poly San Luis Obispo,1955-10-13,Raphanus sativus L.,TRUE
2270208901,OBI101763,OBI,202489,"Laguna Lake, San Luis Obispo",1967-10-10,Raphanus sativus L.,TRUE
2270208873,OBI101784,OBI,202474,Shell Beach. 500 ft from the Pacific Ocean,1979-07-26,Raphanus sativus L.,TRUE
2270208854,OBI101767,OBI,202455,Science Bldg. Cal Poly Campus,1957-10-11,Raphanus sativus L.,TRUE
2270208851,OBI101748,OBI,202479,"Around Daggett residence, 100 yds W of Old Canada Rd, within property limits of Filoli Center, Canada Rd, Woodside",1983-11-11,Raphanus sativus L.,TRUE
2270208572,OBI101787,OBI,202473,"MacGillivary Ranch, Adelaida",1980,Raphanus sativus L.,TRUE
2270208239,OBI101743,OBI,202481,Just N of San Simeon Beach,1981-06-25,Raphanus sativus L.,TRUE
2245575132,NA,USCH,21538956,Lacey,2018-05-06,Raphanus raphanistrum L.,TRUE
2242465374,299496,USF,NA,"FL 77, Lynn Haven.",2018-03-13,Raphanus raphanistrum L.,TRUE
2242400589,KHD00029817,DBG,3404429,Cultivated at Bucknell University.,1958-06-01,Raphanus sativus L.,TRUE
2237844229,UTC00282382,USU,21203949,"Along Mars Lane by its intersection with Rohrer Road, just S of Bandon.",2014-07-21,Raphanus raphanistrum L.,TRUE
2234585224,NCU00384588,NCU,21435149,Newland,1925-07-24,Raphanus sativus L.,TRUE
2234581985,NCU00382907,NCU,21382331,3 mi S on Lexington Avenue. W of road 50 feet.,1988-04-21,Raphanus raphanistrum L.,TRUE
2234491251,NCU00417172,NCU,17603063,"Medical Drive, University of North Carolina at Chapel Hill campus",2017-02-21,Raphanus raphanistrum L.,TRUE
2234336765,NCU00223722,NCU,12569335,two miles north of Estill on US. Rt. 321,1956-04-06,Raphanus raphanistrum L.,TRUE
2234332031,NCU00231650,NCU,12476712,3.5 mi SW of Moncure,1969-04-23,Raphanus raphanistrum L.,TRUE
2234331501,NCU00223664,NCU,12479543,3 miles NW of Willow Green,1958-04-27,Raphanus raphanistrum L.,TRUE
2234309419,NCU00112550,NCU,11093053,"around the Wellman Wool Combing Mill, north of Johnsonville on S.C. Rt. #41.",1959-05-27,Raphanus L.,TRUE
2234309165,NCU00093287,NCU,11094042,"FLORA OF LOUISIANA Parish: Richland Along south side of I-20E east of Start Exit west of Rayville; Sec. 10, T17N, R6E.",1990-05-08,Raphanus raphanistrum L.,TRUE
2234309107,NCU00093291,NCU,11094041,"FLORA OF LOUISIANA Parish: Ouachita Median of I-20 between Well Road Exit and Thomas Road Exit in West Monroe; Sec. 34, T18N, R3E. Showing effects of herbicide.",1990-06-09,Raphanus raphanistrum L.,TRUE
2234308373,NCU00093292,NCU,11094040,"FLORA OF LOUISIANA Parish: Bossier Roadbank of I-220 at Airline Drive (Bossier 3105) north of Bossier City, Sec. 11, T18N, R13W.",1983-03-13,Raphanus raphanistrum L.,TRUE
2234308065,NCU00070914,NCU,11092984,"around the Wellman Wool Combing Mill, north of Johnsonville on S.C. Rt. #41",1960-05-26,Raphanus raphanistrum L.,TRUE
2234308015,NCU00135631,NCU,11094161,"Glade Creek Township, Barrett. Located along Little Pine Rd., ca. 0.5 mi NW of the Barrett Rd jct",2012-04-08,Raphanus sativus L.,TRUE
2234307765,NCU00087507,NCU,11093592,Open roadside at old field edge: 3 1/2 mi. NNE. of Southern Pines (SR 1802),1973-06-23,Raphanus raphanistrum L.,TRUE
2234307615,NCU00076054,NCU,11093994,"Upper Battle Park, at corner of Country Club Road and Gimghoul Road. 35.91188° N, 79.04273° W",2006-06-22,Raphanus raphanistrum L.,TRUE
2234307170,NCU00136631,NCU,11094194,"Flora of Alabama, U.S.A. Jefferson County: Habitat: disturbed ground. Locality: off Nancy Ann Bend Rd adjacent to Shoal Creek Mine west of village of Rock Creek. Physiography: Cumberland Plateau section of the Appalachian Plateaus province; Warrior Basin district; [Pottsville Formation]",2012-08-11,Raphanus raphanistrum L.,TRUE
2234306139,NCU00087506,NCU,11093620,"Pasture, 3 mi. WNW of Whispering Pines (NC 22)",1973-06-23,Raphanus raphanistrum L.,TRUE
2234306003,NCU00082682,NCU,11092820,"weedy field, 2.9 miles north of jct. US 21 and 29 on US 21 (within city limits of Charlotte)",1958-04-22,Raphanus raphanistrum L.,TRUE
1999431458,barcode-00582462,NEBC,NA,Magnolia,NA,Raphanus raphanistrum L.,TRUE
1999430450,barcode-00582488,NEBC,NA,Bellingham,1934-06-04,Raphanus raphanistrum L.,TRUE
1999429440,barcode-00582502,NEBC,NA,Scituate,1897-09-06,Raphanus raphanistrum L.,TRUE
1999427571,barcode-01691816,GH,barcode-01691816,[data not captured],NA,Raphanus sativus L.,TRUE
1999421493,barcode-01691772,GH,NA,near Broadalbin,1932-06-19,Raphanus raphanistrum L.,TRUE
1999421399,barcode-00582417,GH,NA,Cape Elizabeth,1903-09-06,Raphanus raphanistrum L.,TRUE
1999420891,barcode-00602190,NEBC,NA,Nantucket,1917-08-16,Raphanus sativus L.,TRUE
1999417063,barcode-01691840,GH,NA,near Bushkill,1921-10-03,Raphanus sativus L.,TRUE
1999413595,barcode-01691819,GH,barcode-01691819,[data not captured],NA,Raphanus sativus L.,TRUE
1999409580,barcode-00602180,GH,NA,Hinsdale,1902-08-02,Raphanus raphanistrum L.,TRUE
1999404469,barcode-00602213,GH,NA,Southington,1898-07-14,Raphanus sativus L.,TRUE
1999401292,barcode-01691839,GH,NA,5 mi. s.w. of Penna. Furnace,1941-06-17,Raphanus sativus L.,TRUE
1999395030,barcode-00602182,NEBC,NA,Dedham,1897-06-27,Raphanus sativus L.,TRUE
1999394932,barcode-00582454,NEBC,NA,Windsor,1880-08-08,Raphanus raphanistrum L.,TRUE
1999393385,barcode-00612135,NEBC,NA,Block Island,1913-08-22,Raphanus raphanistrum L.,TRUE
1999393230,barcode-01691833,GH,NA,[data not captured],NA,Raphanus sativus L.,TRUE
1999385607,barcode-00582437,NEBC,NA,Durham,1938-09-07,Raphanus raphanistrum L.,TRUE
1999375402,barcode-00582448,NEBC,NA,Peterborough,1926-07-23,Raphanus raphanistrum L.,TRUE
1999367088,barcode-00602200,NEBC,NA,Townshend,1916-07-12,Raphanus sativus L.,TRUE
1999360040,barcode-00582466,NEBC,NA,Bedford,1896-10-19,Raphanus raphanistrum L.,TRUE
1999357673,barcode-00612133,GH,NA,Block Island,1913-08-22,Raphanus raphanistrum L.,TRUE
1999351663,barcode-00582378,NEBC,NA,Dover,1896-06-22,Raphanus raphanistrum L.,TRUE
1999351206,barcode-00602156,NEBC,NA,Rocky Hill,1878-06-07,Raphanus raphanistrum L.,TRUE
1999348469,barcode-00582427,NEBC,NA,Lancaster,1909-08-14,Raphanus raphanistrum L.,TRUE
1999342869,barcode-00582395,NEBC,NA,Mount Desert Island,1889-08-13,Raphanus raphanistrum L.,TRUE
1999334642,barcode-01691831,ECON,NA,my garden,1917-07-19,Raphanus sativus L.,TRUE
1999334166,barcode-01691843,GH,NA,[data not captured],NA,Raphanus sativus L.,TRUE
1999333260,barcode-00582459,NEBC,NA,Hamilton,1913-06-14,Raphanus raphanistrum L.,TRUE
1999333057,barcode-00582377,NEBC,NA,Orono,1888,Raphanus raphanistrum L.,TRUE
1999331105,barcode-00612119,GH,NA,Sheffield,1903-08-18,Raphanus raphanistrum L.,TRUE
1999331032,barcode-00602216,GH,NA,Bridgeport,1897-11-01,Raphanus sativus L.,TRUE
1999330575,barcode-01691838,GH,NA,[data not captured],NA,Raphanus sativus L.,TRUE
1999329084,barcode-00582383,NEBC,NA,Hebron,1975-07-16,Raphanus raphanistrum L.,TRUE
1999325974,barcode-01691785,GH,NA,[data not captured],NA,Raphanus raphanistrum L.,TRUE
1999324991,barcode-00582409,NEBC,NA,Kittery,1975-06-10,Raphanus raphanistrum L.,TRUE
1999324573,barcode-00582435,GH,NA,Franconia,1907-09-25,Raphanus raphanistrum L.,TRUE
1999321970,barcode-00612118,NEBC,NA,Lenox,1919-09-09,Raphanus raphanistrum L.,TRUE
1999321755,barcode-00612117,GH,NA,Granville,1913-09-18,Raphanus raphanistrum L.,TRUE
1999321022,barcode-00582473,GH,NA,Medford,1894-10-20,Raphanus raphanistrum L.,TRUE
1999312794,barcode-01691773,GH,NA,near Port Richmond,1903-09-22,Raphanus raphanistrum L.,TRUE
1999307169,barcode-00582423,NEBC,NA,Dalton,1908-08-31,Raphanus raphanistrum L.,TRUE
1999303400,barcode-00602205,GH,NA,Concord,1925-07-25,Raphanus sativus L.,TRUE
1999289571,barcode-00582487,NEBC,NA,Bellingham,1934-07-04,Raphanus raphanistrum L.,TRUE
1999288224,barcode-00582414,NEBC,NA,Old Orchard Beach,1968-08-26,Raphanus raphanistrum L.,TRUE
1999287812,barcode-01691765,GH,NA,"Glasshouses of the Biological Laboratories, 16 Divinity Avenue [Harvard University]",2004-05-31,Raphanus raphanistrum L.,TRUE
1999284994,barcode-00582506,GH,NA,Mansfield,1904-06-25,Raphanus raphanistrum L.,TRUE
1999280791,barcode-00582432,NEBC,NA,Stark,1957-08-24,Raphanus raphanistrum L.,TRUE
1999280100,barcode-00602179,NEBC,NA,Hanover,1910-07-11,Raphanus raphanistrum L.,TRUE
1999264736,barcode-01691791,GH,NA,"Roadside along SC 121, 1.6 mi W of jct with US 178 in Saluda.",1995-04-14,Raphanus raphanistrum L.,TRUE
1999264341,barcode-00348074,A,NA,"The Arnold Arboretum, Pinetum [Jamaica Plain]",1929-10-08,Raphanus raphanistrum L.,TRUE
1999263105,barcode-00582420,NEBC,NA,Berlin,1908-09-23,Raphanus raphanistrum L.,TRUE
1999262411,barcode-00582413,NEBC,NA,Old Orchard Beach,1967-08-24,Raphanus raphanistrum L.,TRUE
1999261686,barcode-00582434,NEBC,NA,South Chatham,1968-06-26,Raphanus raphanistrum L.,TRUE
1999260956,barcode-00602148,GH,NA,Franklin,1915-09-17,Raphanus raphanistrum L.,TRUE
1999259444,barcode-00582447,NEBC,NA,Merrimac,1920-07-06,Raphanus raphanistrum L.,TRUE
1999258976,barcode-00582439,NEBC,NA,Hooksett,1925-08-19,Raphanus raphanistrum L.,TRUE
1999255674,barcode-01691820,GH,barcode-01691820,[data not captured],NA,Raphanus sativus L.,TRUE
1999245605,barcode-00582384,GH,NA,Rumford,1886,Raphanus raphanistrum L.,TRUE
1999241263,barcode-01691774,GH,NA,"Little York Lake, Preble",1917-07-25,Raphanus raphanistrum L.,TRUE
1999240989,barcode-00582399,NEBC,NA,Belfast,1930-07-06,Raphanus raphanistrum L.,TRUE
1999235118,barcode-01691835,ECON,NA,[no additional data],1972-09-17,Raphanus sativus L.,TRUE
1999233539,barcode-01691811,GH,barcode-01691811,[data not captured],NA,Raphanus sativus L.,TRUE
1999221651,barcode-01691780,GH,NA,[no additional data],1938-03-27,Raphanus raphanistrum L.,TRUE
1999221539,barcode-01691775,GH,NA,"south of Copeland Pond, W. Fort Ann",1918-06-20,Raphanus raphanistrum L.,TRUE
1999219840,barcode-00602153,NEBC,NA,Holland,1906-06-13,Raphanus raphanistrum L.,TRUE
1999206222,barcode-01691808,GH,barcode-01691808,[data not captured],NA,Raphanus sativus L.,TRUE
1999202144,barcode-00602181,GH,NA,Dedham,1897-06-27,Raphanus sativus L.,TRUE
1999194511,barcode-01691812,GH,barcode-01691812,[data not captured],NA,Raphanus sativus L.,TRUE
1999193262,barcode-00602191,NEBC,NA,Lancaster,1903,Raphanus sativus L.,TRUE
1999192084,barcode-00602204,GH,NA,Concord,1925-09-04,Raphanus sativus L.,TRUE
1999180641,barcode-00582438,NEBC,NA,Hill,1933-08-30,Raphanus raphanistrum L.,TRUE
1999179642,barcode-00602163,NEBC,NA,Dover,1899-08-08,Raphanus raphanistrum L.,TRUE
1999179277,barcode-00602185,NEBC,NA,Norwood,1897-06-27,Raphanus sativus L.,TRUE
1999174916,barcode-00582495,NEBC,NA,Sharon,1908-09-07,Raphanus raphanistrum L.,TRUE
1999166727,barcode-00582508,NEBC,NA,New Bedford,NA,Raphanus raphanistrum L.,TRUE
1999165525,barcode-00936293,NEBC,NA,"Boston Basin Ecosystem, Mystic River Watershed, Middlesex Fells Reservation, along south side of Doleful Pond, GPS 42 27.998N, 71 5.61W",2015-08-08,Raphanus raphanistrum L.,TRUE
1999163225,barcode-01691757,GH,NA,[no additional data],1882-07-25,Raphanus raphanistrum L.,TRUE
1999163008,barcode-00602209,NEBC,NA,S. [South] Boston,1878-07-06,Raphanus sativus L.,TRUE
1999157503,barcode-00602172,GH,NA,Randolph,1897-07-25,Raphanus raphanistrum L.,TRUE
1999157341,barcode-00612125,NEBC,NA,Providence,1892-07-02,Raphanus raphanistrum L.,TRUE
1999156057,barcode-00582492,NEBC,NA,Needham,1891-07-02,Raphanus raphanistrum L.,TRUE
1999148571,barcode-00582451,NEBC,NA,Guildhall,1956-07-26,Raphanus raphanistrum L.,TRUE
1999146808,barcode-00612113,NEBC,NA,Deerfield,1967-11-12,Raphanus raphanistrum L.,TRUE
1999146280,barcode-00602188,NEBC,NA,Rehoboth,1914-06-30,Raphanus sativus L.,TRUE
1999137144,barcode-00582489,NEBC,NA,Cohasset,1881,Raphanus raphanistrum L.,TRUE
1999136716,barcode-00582405,NEBC,NA,Monhegan Island,1919-06-30,Raphanus raphanistrum L.,TRUE
1999131447,barcode-01691767,GH,NA,[data not captured],NA,Raphanus raphanistrum L.,TRUE
1999130593,barcode-00612114,NEBC,NA,Amherst,1874-06-13,Raphanus raphanistrum L.,TRUE
1999128077,barcode-01691806,GH,NA,In old field on S. E. rim of Bryces in Tuscaloosa,1962-04-10,Raphanus sativus L.,TRUE
1999127759,barcode-00582444,GH,NA,Hampton Falls,1901-09-22,Raphanus raphanistrum L.,TRUE
1999121448,barcode-00612115,NEBC,NA,Amherst,NA,Raphanus raphanistrum L.,TRUE
1999120723,barcode-01691788,GH,NA,Bacton,1927-05-30,Raphanus raphanistrum L.,TRUE
1999120383,barcode-00676134,NEBC,NA,Pittsfield,1992-06-18,Raphanus raphanistrum L.,TRUE
1999119261,barcode-00582481,GH,NA,Chelsea,1863-09-12,Raphanus raphanistrum L.,TRUE
1999117651,barcode-01691771,GH,NA,"Fishers Island, E. of East Harbor",1939-09-21,Raphanus raphanistrum L.,TRUE
1999112582,barcode-00582429,NEBC,NA,West Milan,1912-08-17,Raphanus raphanistrum L.,TRUE
1999108852,barcode-00582436,GH,NA,Hanover,1910-07-11,Raphanus raphanistrum L.,TRUE
1999102041,barcode-00582441,GH,NA,Newport,1914,Raphanus raphanistrum L.,TRUE
1999087187,barcode-01691787,GH,NA,Along Pennypack Creek. 1 1/2 mi s.s.w. of Bustleton. Philadelphia,1926-06-19,Raphanus raphanistrum L.,TRUE
1999085926,barcode-00582486,NEBC,NA,Revere,1877-05-30,Raphanus raphanistrum L.,TRUE
1999082601,barcode-00612110,GH,NA,Paxton,1943-08-13,Raphanus raphanistrum L.,TRUE
1999082584,barcode-00582477,NEBC,NA,Wilmington,1902,Raphanus raphanistrum L.,TRUE
1999079564,barcode-01691760,GH,NA,[data not captured],NA,Raphanus raphanistrum L.,TRUE
1999079562,barcode-00897736,NEBC,NA,[no additional data],NA,Raphanus raphanistrum L.,TRUE
1999066003,barcode-00582483,GH,NA,Jamaica Plain,NA,Raphanus raphanistrum L.,TRUE
1999060338,barcode-00582463,NEBC,NA,Marblehead,1933-07-25,Raphanus raphanistrum L.,TRUE
1999058188,barcode-00582407,NEBC,NA,Cumberland,1902-06-27,Raphanus raphanistrum L.,TRUE
1999056718,barcode-00612126,GH,NA,Providence,1844,Raphanus raphanistrum L.,TRUE
1999055823,barcode-00592983,NEBC,NA,S. [South] Boston,1878-06-11,Raphanus sativus L.,TRUE
1999051140,barcode-00602147,GH,NA,Colchester,1988-09-13,Raphanus raphanistrum L.,TRUE
1999050539,barcode-00602183,NEBC,NA,Milton,1917-06-25,Raphanus sativus L.,TRUE
1999049354,barcode-00612105,NEBC,NA,Blackstone,2006-06-30,Raphanus raphanistrum L.,TRUE
1999041745,barcode-00602207,NEBC,NA,Wakefield,1916-10-08,Raphanus sativus L.,TRUE
1999038739,barcode-00582406,NEBC,NA,Clinton,1916-07-10,Raphanus raphanistrum L.,TRUE
1999035968,barcode-01691778,GH,NA,"Pine Cottage, Port Chester",1888-09-02,Raphanus raphanistrum L.,TRUE
1999032732,barcode-00582385,NEBC,NA,Calais,1940-08-01,Raphanus raphanistrum L.,TRUE
1999023428,barcode-00582482,NEBC,NA,Dorchester; Suffolk Co. Mass (Mattapan),1904-06-17,Raphanus raphanistrum L.,TRUE
1999019853,barcode-00612134,GH,NA,Block Island,1913-09-15,Raphanus raphanistrum L.,TRUE
1999016729,barcode-01691789,GH,NA,Oak Lane Park,1913-06-16,Raphanus raphanistrum L.,TRUE
1999015667,barcode-00582376,NEBC,NA,Orono,1881-09-09,Raphanus raphanistrum L.,TRUE
1999012358,barcode-00582470,NEBC,NA,Waltham road,1858-06-08,Raphanus raphanistrum L.,TRUE
1999004569,barcode-00602206,GH,NA,Medford,1894-10-20,Raphanus sativus L.,TRUE
1999000928,barcode-01691768,GH,NA,[data not captured],NA,Raphanus raphanistrum L.,TRUE
1998985206,barcode-00582449,GH,NA,Peterborough,1897-07-19,Raphanus raphanistrum L.,TRUE
1998980671,barcode-00602173,NEBC,NA,Shelburne,1918-08-07,Raphanus raphanistrum L.,TRUE
1998980193,barcode-00582478,NEBC,NA,Boston,1882-08-05,Raphanus raphanistrum L.,TRUE
1998979892,barcode-00612128,GH,NA,Newport,1903-06-19,Raphanus raphanistrum L.,TRUE
1998979386,barcode-01691804,GH,NA,[no additional data],1941-08-01,Raphanus sativus L.,TRUE
1998976464,barcode-00582505,ECON,NA,Easton,1916-06-13,Raphanus raphanistrum L.,TRUE
1998973354,barcode-00348508,NEBC,NA,Blue Hills Reservation. Furnace Brook Parkway,1921-07-03,Raphanus raphanistrum L.,TRUE
1998969196,barcode-00582391,NEBC,NA,Deer Isle,1914-08-22,Raphanus raphanistrum L.,TRUE
1998965389,barcode-01691836,GH,NA,near Dwyer's Pond,1915-07-06,Raphanus sativus L.,TRUE
1998961162,barcode-00582474,NEBC,NA,Newton Upper Falls,1894-06,Raphanus raphanistrum L.,TRUE
1998959130,barcode-00582381,NEBC,NA,Gilead,1897,Raphanus raphanistrum L.,TRUE
1998953011,barcode-01691821,GH,barcode-01691821,[data not captured],NA,Raphanus sativus L.,TRUE
1998952906,barcode-00582411,NEBC,NA,North Berwick,1896-07-03,Raphanus raphanistrum L.,TRUE
1998952570,barcode-00582503,GH,NA,Dighton,1958-06-22,Raphanus raphanistrum L.,TRUE
1998952477,barcode-00582493,NEBC,NA,Needham,1890-08-25,Raphanus raphanistrum L.,TRUE
1998951838,barcode-00582453,GH,NA,Norwich,1910-07-11,Raphanus raphanistrum L.,TRUE
1998951771,barcode-00582390,NEBC,NA,Brooklin,1913-07-05,Raphanus raphanistrum L.,TRUE
1998950073,barcode-00602175,NEBC,NA,Shelburne,1918-08-07,Raphanus raphanistrum L.,TRUE
1998943329,barcode-00602152,GH,NA,Stonington,1981-06-06,Raphanus raphanistrum L.,TRUE
1998941923,barcode-00602177,GH,NA,Hanover,1910-07-13,Raphanus raphanistrum L.,TRUE
1998936725,barcode-01691810,GH,barcode-01691810,[data not captured],NA,Raphanus sativus L.,TRUE
1998929009,barcode-01691769,GH,NA,[data not captured],NA,Raphanus raphanistrum L.,TRUE
1998926984,barcode-01691842,ECON,NA,Arlington Farm,1906-07-21,Raphanus sativus L.,TRUE
1998926105,barcode-00602199,GH,NA,Brandon,1920-07-10,Raphanus sativus L.,TRUE
1998922892,barcode-00602176,GH,NA,Hanover,1910-07-13,Raphanus raphanistrum L.,TRUE
1998918695,barcode-00582472,NEBC,NA,Malden,1887-07-15,Raphanus raphanistrum L.,TRUE
1998918058,barcode-00582456,GH,NA,Westminster,1900,Raphanus raphanistrum L.,TRUE
1998917651,barcode-00602184,NEBC,NA,Norwood,1897-06-27,Raphanus sativus L.,TRUE
1998915734,barcode-00582457,GH,NA,Westminster,1898-06-16,Raphanus raphanistrum L.,TRUE
1998915528,barcode-00582499,NEBC,NA,Hingham,1889-07-12,Raphanus raphanistrum L.,TRUE
1998908041,barcode-00602166,NEBC,NA,Gilead,1897,Raphanus raphanistrum L.,TRUE
1998906533,barcode-00602167,NEBC,NA,Brooklin,1918-08-10,Raphanus raphanistrum L.,TRUE
1998900001,barcode-00582468,NEBC,NA,Belmont,1886-10-03,Raphanus raphanistrum L.,TRUE
1998899624,barcode-01691817,GH,barcode-01691817,[data not captured],NA,Raphanus sativus L.,TRUE
1998898180,barcode-00602210,NEBC,NA,West Barrington,1935-06-22,Raphanus sativus L.,TRUE
1998897952,barcode-00602159,NEBC,NA,Oxford,1889-06-10,Raphanus raphanistrum L.,TRUE
1998887271,barcode-00582464,NEBC,NA,Swampscott,1891-06-13,Raphanus raphanistrum L.,TRUE
1998882151,barcode-00582386,NEBC,NA,Eastport,1909-07-14,Raphanus raphanistrum L.,TRUE
1998881573,barcode-01691793,GH,NA,Campus,1931-05-29,Raphanus raphanistrum L.,TRUE
1998874970,barcode-00348507,NEBC,NA,The Arnold Arboretum [Jamaica Plain],1925-07-10,Raphanus raphanistrum L.,TRUE
1998872730,barcode-00602211,NEBC,NA,Jamestown,NA,Raphanus sativus L.,TRUE
1998870921,barcode-01691779,GH,NA,Little Neck,1950-08-15,Raphanus raphanistrum L.,TRUE
1998870211,barcode-00582410,GH,NA,North Berwick,1893,Raphanus raphanistrum L.,TRUE
1998853240,barcode-00582450,NEBC,NA,Rindge,1916-08-19,Raphanus raphanistrum L.,TRUE
1998850407,barcode-01691829,ECON,NA,"Borderland, N. Easton",1916-07,Raphanus sativus L.,TRUE
1998847226,barcode-00582403,NEBC,NA,Bristol,1898-06-15,Raphanus raphanistrum L.,TRUE
1998844942,barcode-00602174,NEBC,NA,Shelburne,1918-08-07,Raphanus raphanistrum L.,TRUE
1998844103,barcode-00582419,NEBC,NA,Berlin,1908-06-29,Raphanus raphanistrum L.,TRUE
1998838737,barcode-01691782,GH,NA,[data not captured],NA,Raphanus raphanistrum L.,TRUE
1998838468,barcode-00582412,GH,NA,Ogunquit,1937-07-10,Raphanus raphanistrum L.,TRUE
1998834987,barcode-00348073,A,NA,"The Arnold Arboretum, Conifer group [Jamaica Plain]",1923-09-07,Raphanus raphanistrum L.,TRUE
1998828278,barcode-00602187,NEBC,NA,Rehoboth,1914-06-30,Raphanus sativus L.,TRUE
1998826733,barcode-00582402,NEBC,NA,Matinicus,1920-07-16,Raphanus raphanistrum L.,TRUE
1998820234,barcode-00612106,NEBC,NA,Lancaster,1903,Raphanus raphanistrum L.,TRUE
1998815368,barcode-01691781,GH,NA,"bank of Black River, approx. 2.5 mi. s. of Dunn.",1957-05-01,Raphanus raphanistrum L.,TRUE
1998806939,barcode-01105300,GH,NA,Truro,NA,Raphanus sativus L.,TRUE
1998801349,barcode-00612129,GH,NA,Tiverton,1903-09-27,Raphanus raphanistrum L.,TRUE
1998790784,barcode-00582430,NEBC,NA,Northumberland,1966-08-17,Raphanus raphanistrum L.,TRUE
1998789473,barcode-00602165,NEBC,NA,Farmington,1894-08-13,Raphanus raphanistrum L.,TRUE
1998789260,barcode-01691841,GH,NA,Bristol,1931-07-13,Raphanus sativus L.,TRUE
1998785598,barcode-00582424,NEBC,NA,Dalton,1915-07-10,Raphanus raphanistrum L.,TRUE
1998783734,barcode-00582394,NEBC,NA,Mount Desert Island,1890-08-21,Raphanus raphanistrum L.,TRUE
1998783458,barcode-00582442,GH,NA,Gorham,1887,Raphanus raphanistrum L.,TRUE
1998781861,barcode-00404902,A,barcode-00404902,Lot between stadium and parking lot,1971-11-07,Raphanus sativus L.,TRUE
1998773778,barcode-00582425,NEBC,NA,Gorham,1967-08-11,Raphanus raphanistrum L.,TRUE
1998756598,barcode-01691783,GH,NA,[data not captured],NA,Raphanus raphanistrum L.,TRUE
1998755097,barcode-00582455,GH,NA,Pittsfield,1920-07-10,Raphanus raphanistrum L.,TRUE
1998749994,barcode-00582500,NEBC,NA,Marshfield,1898-06-25,Raphanus raphanistrum L.,TRUE
1998749441,barcode-00602162,NEBC,NA,Fairfield,1901-06-28,Raphanus raphanistrum L.,TRUE
1998740219,barcode-00582504,NEBC,NA,Dighton,1958-06-22,Raphanus raphanistrum L.,TRUE
1998739173,barcode-00602169,NEBC,NA,Southport,1919-08-03,Raphanus raphanistrum L.,TRUE
1998739118,barcode-00582433,NEBC,NA,Whitefield,1896-07-14,Raphanus raphanistrum L.,TRUE
1998736280,barcode-00582400,NEBC,NA,Lincolnville,1930-07-07,Raphanus raphanistrum L.,TRUE
1998734501,barcode-01691759,GH,NA,[data not captured],NA,Raphanus raphanistrum L.,TRUE
1998728362,barcode-00602215,NEBC,NA,Waterbury,1912-08-17,Raphanus sativus L.,TRUE
1998723521,barcode-01691832,ECON,NA,in O. Ames garden at North Easton,1941-07,Raphanus sativus L.,TRUE
1998722120,barcode-00582507,NEBC,NA,New Bedford,NA,Raphanus raphanistrum L.,TRUE
1998721168,barcode-00612099,NEBC,NA,Barnstable Town,1907-07-11,Raphanus raphanistrum L.,TRUE
1998704055,barcode-00582379,NEBC,NA,North-West Bethel,1937-06-28,Raphanus raphanistrum L.,TRUE
1998693494,barcode-00582404,GH,NA,Monhegan Island,1921-08-24,Raphanus raphanistrum L.,TRUE
1998692517,barcode-00582380,NEBC,NA,Gilead,1897,Raphanus raphanistrum L.,TRUE
1998686585,barcode-00582471,GH,NA,Malden,1887-07-15,Raphanus raphanistrum L.,TRUE
1998683916,barcode-00582461,GH,NA,Ipswich,1904-06-04,Raphanus raphanistrum L.,TRUE
1998677184,barcode-00602202,NEBC,NA,Manchester,1915,Raphanus sativus L.,TRUE
1998673944,barcode-00582440,GH,NA,Newport,1915,Raphanus raphanistrum L.,TRUE
1998669622,barcode-00612101,GH,NA,Falmouth,1950-08-10,Raphanus raphanistrum L.,TRUE
1998667810,barcode-00602195,GH,NA,Williamstown,1898-08-09,Raphanus sativus L.,TRUE
1998659177,barcode-00582460,NEBC,NA,Georgetown,NA,Raphanus raphanistrum L.,TRUE
1998658715,barcode-00602149,NEBC,NA,Franklin,1900-07-05,Raphanus raphanistrum L.,TRUE
1998658140,barcode-00872344,GH,NA,from garden,NA,Raphanus sativus L.,TRUE
1998657772,barcode-00602157,NEBC,NA,Southington,1892-07-04,Raphanus raphanistrum L.,TRUE
1998657067,barcode-00582393,NEBC,NA,Mount Desert Island,1890-08-21,Raphanus raphanistrum L.,TRUE
1998652068,barcode-00612107,NEBC,NA,Leicester,1945-05-27,Raphanus raphanistrum L.,TRUE
1998649405,barcode-00582467,NEBC,NA,Waverly,1895-05-26,Raphanus raphanistrum L.,TRUE
1998641028,barcode-00602171,NEBC,NA,Colebrook,1912-08-23,Raphanus raphanistrum L.,TRUE
1998640668,barcode-00602198,NEBC,NA,Randolph,NA,Raphanus sativus L.,TRUE
1998636867,barcode-01691786,GH,NA,"Valley Creek, near Bacton",1929-06-30,Raphanus raphanistrum L.,TRUE
1998634721,barcode-00582496,NEBC,NA,Walpole,1903-05-30,Raphanus raphanistrum L.,TRUE
1998633899,barcode-00602214,NEBC,NA,Southington,1898-07-16,Raphanus sativus L.,TRUE
1998633167,barcode-00612130,NEBC,NA,Warwick,1907-10-12,Raphanus raphanistrum L.,TRUE
1998628988,barcode-01691815,GH,barcode-01691815,[data not captured],NA,Raphanus sativus L.,TRUE
1998627596,barcode-01691756,GH,barcode-01691756,[data not captured],NA,Raphanus raphanistrum L.,TRUE
1998621803,barcode-00582484,NEBC,NA,Sherborn,1911-06-20,Raphanus raphanistrum L.,TRUE
1998620860,barcode-00612103,NEBC,NA,Gosnold,1923-07-24,Raphanus raphanistrum L.,TRUE
1998612855,barcode-00602178,GH,NA,Hanover,1910-07-13,Raphanus raphanistrum L.,TRUE
1998606348,barcode-00582480,NEBC,NA,S. [South] Boston,1878-09-20,Raphanus raphanistrum L.,TRUE
1998605784,barcode-01691837,GH,NA,Edwards,1915-07-04,Raphanus sativus L.,TRUE
1998604240,barcode-00602212,NEBC,NA,Jamestown,NA,Raphanus sativus L.,TRUE
1998603327,barcode-01691830,ECON,NA,at Bussey Inst.,NA,Raphanus sativus L.,TRUE
1998602943,barcode-01691828,ECON,NA,"at Zink Farm, Sugar Road",1969-09-08,Raphanus sativus L.,TRUE
1998596560,barcode-00582498,NEBC,NA,Westwood,1899-06-21,Raphanus raphanistrum L.,TRUE
1998596273,barcode-00602151,NEBC,NA,Norwich,1987-08-15,Raphanus raphanistrum L.,TRUE
1998595906,barcode-00582428,NEBC,NA,Milan,1959-09-05,Raphanus raphanistrum L.,TRUE
1998590111,barcode-00582490,NEBC,NA,Dover,1914-06-21,Raphanus raphanistrum L.,TRUE
1998589020,barcode-00612131,NEBC,NA,Middletown,NA,Raphanus raphanistrum L.,TRUE
1998588497,barcode-00602155,GH,NA,East Hartford,1901-06-21,Raphanus raphanistrum L.,TRUE
1998581545,barcode-01691794,GH,NA,about 4 miles south of Jarrett.,1938-04-09,Raphanus raphanistrum L.,TRUE
1998581510,barcode-00582475,NEBC,NA,Reading,1952-06-13,Raphanus raphanistrum L.,TRUE
1998581313,barcode-00602161,GH,NA,Fairfield,1901-07-05,Raphanus raphanistrum L.,TRUE
1998580284,barcode-00582418,NEBC,NA,Atkinson and Gilmanton Academy,1966-08-11,Raphanus raphanistrum L.,TRUE
1998579906,barcode-00582469,GH,NA,"Cambridge, near Fresh Pond",1896-07-16,Raphanus raphanistrum L.,TRUE
1998572620,barcode-00602150,NEBC,NA,Franklin,1900-06-28,Raphanus raphanistrum L.,TRUE
1998567797,barcode-01691827,ECON,NA,"Yarrow P.l. Garden, Rockville",1912-10-01,Raphanus sativus L.,TRUE
1998563807,barcode-00612116,GH,NA,Worthington,1912-08-22,Raphanus raphanistrum L.,TRUE
1998561890,barcode-00612104,GH,NA,Nantucket,1900-06-04,Raphanus raphanistrum L.,TRUE
1998560767,barcode-01691790,GH,NA,"In Delaware & Chester Counties, also from Philadelphia",NA,Raphanus raphanistrum L.,TRUE
1998555979,barcode-01691813,GH,barcode-01691813,[data not captured],NA,Raphanus sativus L.,TRUE
1998554455,barcode-00582398,NEBC,NA,Washington,1902-07-01,Raphanus raphanistrum L.,TRUE
1998551301,barcode-00582465,NEBC,NA,Acton,1947-06-07,Raphanus raphanistrum L.,TRUE
1998545710,barcode-00582382,NEBC,NA,Hartford,1893,Raphanus raphanistrum L.,TRUE
1998545689,barcode-00582388,GH,NA,Washington,1902-07-01,Raphanus raphanistrum L.,TRUE
1998544299,barcode-00582415,NEBC,NA,Old Orchard Beach,1966-06-28,Raphanus raphanistrum L.,TRUE
1998540835,barcode-00582443,NEBC,NA,Derry,1916-08-30,Raphanus raphanistrum L.,TRUE
1998539768,barcode-01691822,GH,NA,[data not captured],NA,Raphanus sativus L.,TRUE
1998536717,barcode-01691776,GH,NA,near Broadalbin,1932-06-19,Raphanus raphanistrum L.,TRUE
1998532160,barcode-00582509,NEBC,NA,New Bedford,1904-06-28,Raphanus raphanistrum L.,TRUE
1998529370,barcode-01691777,GH,NA,"Co. Rt 56 (White Wagon Rd), just N of Interstate 86 (NY Rt 17)",2010-07-30,Raphanus raphanistrum L.,TRUE
1998524092,barcode-00582491,NEBC,NA,Milton,1917-07-05,Raphanus raphanistrum L.,TRUE
1998517401,barcode-00612108,GH,NA,Paxton,1943-07-16,Raphanus raphanistrum L.,TRUE
1998515556,barcode-01691809,GH,barcode-01691809,[data not captured],NA,Raphanus sativus L.,TRUE
1998515145,barcode-00612132,GH,NA,Westerly,1987-08-12,Raphanus raphanistrum L.,TRUE
1998514811,barcode-00612123,NEBC,NA,Cumberland,1911-05-30,Raphanus raphanistrum L.,TRUE
1998512572,barcode-01691814,GH,barcode-01691814,[data not captured],NA,Raphanus sativus L.,TRUE
1998508118,barcode-00602160,NEBC,NA,Waterbury,1911-06-30,Raphanus raphanistrum L.,TRUE
1998500206,barcode-01691758,A,NA,[data not captured],NA,Raphanus raphanistrum L.,TRUE
1998489638,barcode-01691770,GH,NA,[data not captured],NA,Raphanus raphanistrum L.,TRUE
1998489093,barcode-00582494,NEBC,NA,Quincy,1897-06-27,Raphanus raphanistrum L.,TRUE
1998482487,barcode-00602203,NEBC,NA,Rowley,1958-08-09,Raphanus sativus L.,TRUE
1998477644,barcode-00348072,A,NA,"The Arnold Arboretum, Malus group, near Peters Hill [Jamaica Plain]",1932-08-20,Raphanus raphanistrum L.,TRUE
1998469910,barcode-00582445,NEBC,NA,Newcastle,1961-10-12,Raphanus raphanistrum L.,TRUE
1998469765,barcode-00602201,GH,NA,Manchester,1898-07-02,Raphanus sativus L.,TRUE
1998464122,barcode-00612124,NEBC,NA,Cumberland,1947-06-17,Raphanus raphanistrum L.,TRUE
1998464060,barcode-00602154,NEBC,NA,Holland,1906-06-13,Raphanus raphanistrum L.,TRUE
1998462696,barcode-00602208,GH,NA,Waltham,NA,Raphanus sativus L.,TRUE
1998456879,barcode-00868870,A,NA,Boston,1971-06-20,Raphanus raphanistrum L.,TRUE
1998456600,barcode-00612111,NEBC,NA,Paxton,1945-06-30,Raphanus raphanistrum L.,TRUE
1998455746,barcode-00582446,NEBC,NA,Rye,1967-10-01,Raphanus raphanistrum L.,TRUE
1998454694,barcode-00582397,NEBC,NA,Swans Island,1914-07-31,Raphanus raphanistrum L.,TRUE
1998454138,barcode-00582401,NEBC,NA,Isle au Haut,1914-07-25,Raphanus raphanistrum L.,TRUE
1998453973,barcode-00582422,NEBC,NA,Carroll,1910-07-13,Raphanus raphanistrum L.,TRUE
1998446011,barcode-00602158,NEBC,NA,Killingworth,1874-09-03,Raphanus raphanistrum L.,TRUE
1998445758,barcode-00582392,NEBC,NA,Mount Desert Island,1905-09-15,Raphanus raphanistrum L.,TRUE
1998434351,barcode-01691823,GH,NA,[no additional data],NA,Raphanus sativus L.,TRUE
1998427396,barcode-00582479,NEBC,NA,Boston,1882-07-15,Raphanus raphanistrum L.,TRUE
1998416448,barcode-00602196,NEBC,NA,Williamstown,1898-08-09,Raphanus sativus L.,TRUE
1998412950,barcode-01691805,GH,NA,"[Narvaez] St., 2 blocks N. of Bienville Blvd.",1967-04-30,Raphanus sativus L.,TRUE
1998412530,barcode-00602168,NEBC,NA,Brooklin,1918-08-10,Raphanus raphanistrum L.,TRUE
1998410909,barcode-00612109,GH,NA,Paxton,1945-06-30,Raphanus raphanistrum L.,TRUE
1998410177,barcode-00612112,NEBC,NA,Worcester,1879-08-15,Raphanus raphanistrum L.,TRUE
1998408687,barcode-00582389,GH,NA,Mount Desert Island,1897-07-12,Raphanus raphanistrum L.,TRUE
1998407859,barcode-00582431,NEBC,NA,Shelburne,1914-08-10,Raphanus raphanistrum L.,TRUE
1998401924,barcode-00582408,A,NA,South Harpswell,1970-09-18,Raphanus raphanistrum L.,TRUE
1998394793,barcode-00582458,NEBC,NA,Westminster,1898-06-16,Raphanus raphanistrum L.,TRUE
1998393956,barcode-00612136,NEBC,NA,Block Island,1916-08-09,Raphanus raphanistrum L.,TRUE
1998393131,barcode-00612121,NEBC,NA,Sheffield,1920-07-31,Raphanus raphanistrum L.,TRUE
1998390878,barcode-01691755,GH,NA,"near I-10, ca. 10 mi. e. Loxley.",1969-03-26,Raphanus raphanistrum L.,TRUE
1998390850,barcode-00612120,NEBC,NA,Sheffield,1919-06-20,Raphanus raphanistrum L.,TRUE
1998386528,barcode-01691792,GH,NA,Edge of town Williamsburg.,1921-04-03,Raphanus raphanistrum L.,TRUE
1998384883,barcode-00602192,NEBC,NA,Worcester,1879-08-02,Raphanus sativus L.,TRUE
1998384759,barcode-00602164,NEBC,NA,Dover,1899-08-08,Raphanus raphanistrum L.,TRUE
1998382029,barcode-00612122,NEBC,NA,Stockbridge,1916-07-16,Raphanus raphanistrum L.,TRUE
1998381139,barcode-00582396,NEBC,NA,Mount Desert Island,1880,Raphanus raphanistrum L.,TRUE
1998378030,barcode-01691818,GH,barcode-01691818,[data not captured],NA,Raphanus sativus L.,TRUE
1998375050,barcode-00612127,NEBC,NA,Bristol,1964-08-29,Raphanus raphanistrum L.,TRUE
1998374117,barcode-00602170,NEBC,NA,Cumberland,1909-07-25,Raphanus raphanistrum L.,TRUE
1998364224,barcode-00582476,GH,NA,Westford,NA,Raphanus raphanistrum L.,TRUE
1998362282,barcode-01691824,GH,NA,[data not captured],NA,Raphanus sativus L.,TRUE
1998356083,barcode-00582452,NEBC,NA,Willoughby,1898-07-28,Raphanus raphanistrum L.,TRUE
1998350159,barcode-00602217,NEBC,NA,Bridgeport,1907-07-25,Raphanus sativus L.,TRUE
1998348029,barcode-00602197,NEBC,NA,Williamstown,1898-07-28,Raphanus sativus L.,TRUE
1998341321,barcode-00602186,NEBC,NA,Norwood,1897-06-27,Raphanus sativus L.,TRUE
1998338960,barcode-00602194,NEBC,NA,Pittsfield,1902-08-24,Raphanus sativus L.,TRUE
1998335831,barcode-01691807,GH,NA,2.7 miles north of Brewton.,1962-04-21,Raphanus sativus L.,TRUE
1998332042,barcode-00602189,GH,NA,Nantucket,1917-08-16,Raphanus sativus L.,TRUE
1998330865,barcode-00582426,GH,NA,Gorham,1908-08-24,Raphanus raphanistrum L.,TRUE
1998330101,barcode-00582416,NEBC,NA,Old Orchard Beach,1963-07-30,Raphanus raphanistrum L.,TRUE
1998322485,barcode-00612100,NEBC,NA,Brewster,1912-09-13,Raphanus raphanistrum L.,TRUE
1998320411,barcode-01691784,GH,NA,[data not captured],NA,Raphanus raphanistrum L.,TRUE
1998313976,barcode-00582421,NEBC,NA,Berlin,1965-08-04,Raphanus raphanistrum L.,TRUE
1998313147,barcode-00612102,NEBC,NA,Gosnold,1927-07-11,Raphanus raphanistrum L.,TRUE
1998305073,barcode-00582485,NEBC,NA,Revere,1882-09-03,Raphanus raphanistrum L.,TRUE
1998304709,barcode-00348506,NEBC,NA,The Arnold Arboretum [Jamaica Plain],1929-08-20,Raphanus raphanistrum L.,TRUE
1990244836,NCSC00016975,NCSC,8727726,S. side of Six Mile.,1973-05-21,Raphanus raphanistrum L.,TRUE
1990244834,NCSC00016972,NCSC,8727723,South side of Madison.,1957-03-16,Raphanus raphanistrum L.,TRUE
1990244824,NCSC00016969,NCSC,8727721,4 miles west of Wilson,1948-04-25,Raphanus sativus L.,TRUE
1990244822,NCSC00016963,NCSC,8727714,12 miles SW of Asheboro.,1976-10-02,Raphanus raphanistrum L.,TRUE
1990244807,NCSC00016977,NCSC,8727728,North Scituate,1897-07-28,Raphanus raphanistrum L.,TRUE
1990244806,NCSC00016979,NCSC,8727730,"Riverside; N. W. corner, Canyon Crest & Linden.",1959-03-01,Raphanus sativus L.,TRUE
1990244805,NCSC00016978,NCSC,8727729,1/4 mi. s. w. of Glasgow.,1944-07-20,Raphanus raphanistrum L.,TRUE
1990244802,NCSC00016960,NCSC,8727710,Selma.,2001-12-03,Raphanus raphanistrum L.,TRUE
1990244799,NCSC00016976,NCSC,8727727,Woodstock.,NA,Raphanus raphanistrum L.,TRUE
1990244797,NCSC00016962,NCSC,8727713,4 miles west of Wilson,1948-05-02,Raphanus raphanistrum L.,TRUE
1990244792,NCSC00016964,NCSC,8727715,Coastal Plain; adjacent to S. R. 1942; 0.5 mi. North of Stewart's creek.,1998-07-11,Raphanus raphanistrum L.,TRUE
1990244788,NCSC00016955,NCSC,8727706,On Lake Raleigh Road in Raleigh.,1972-05-02,Raphanus raphanistrum L.,TRUE
1990244786,NCSC00016970,NCSC,8727720,John's Island; about 50 yds S of turn-off to Kiawah Island Resort.,2001-12-25,Raphanus raphanistrum L.,TRUE
1990244780,NCSC00016967,NCSC,8727718,1 mi. s. of Lake Raleigh,1948-04-03,Raphanus raphanistrum L.,TRUE
1990244774,NCSC00016961,NCSC,8727712,Selma.,2001-12-03,Raphanus raphanistrum L.,TRUE
1990244770,NCSC00016971,NCSC,8727722,3.7 mi. N 58° E of Lafayette. RIDGE AND VALLEY PROVINCE.,1951-05-20,Raphanus raphanistrum L.,TRUE
1990244754,NCSC00016959,NCSC,8727711,Selma.,2001-12-03,Raphanus raphanistrum L.,TRUE
1990244752,NCSC00016956,NCSC,8727707,Bauers property.,2002-04-17,Raphanus raphanistrum L.,TRUE
1990244743,NCSC00016966,NCSC,8727717,"NC. 98, 3 mi. east of Wake Forest",1966-10-22,Raphanus raphanistrum L.,TRUE
1990244714,NCSC00016958,NCSC,8727709,Raven Rock State Park,1972-06-09,Raphanus raphanistrum L.,TRUE
1990244705,NCSC00016965,NCSC,8727716,Schenck Forest natural area:,1978-05,Raphanus raphanistrum L.,TRUE
1990229424,NCSC00088887,NCSC,8709629,"Shaken Creek Preserve and Vicinity; in food plot on northeast side of Flo Road, approximately .5 km southeast of intersection of Flo Road and Half Moon Road",2012-06-03,Raphanus raphanistrum L.,TRUE
1989996187,TENN-V-0105385,TENN,12860707,Along Powers Ferry Road and side roads at I-285 near Chattahoochee River in Atlanta,2000-09-29,Raphanus raphanistrum L.,TRUE
1989996094,TENN-V-0105386,TENN,12860710,Along Rotten Wood Creek northwest of I-285 and northeast of I-75 west of Powers Ferry Road and Riverside House Apartments in north Atlanta.,1995-07-23,Raphanus raphanistrum L.,TRUE
1988852972,1501347,MICH,NA,Portland,1902-07-10,Raphanus raphanistrum L.,TRUE
1988798994,1501346,MICH,NA,Milburn [Millburn],1894-07-04,Raphanus raphanistrum L.,TRUE
1988757779,1515383,MICH,NA,East Dorset (Town of Dorset),1857-07-17,Raphanus raphanistrum L.,TRUE
1988621463,1501348,MICH,NA,Staten Island,1896-07-04,Raphanus raphanistrum L.,TRUE
1988230388,V078758,BBM,NA,"east of cottage grove, lane County",1955-07-04,Raphanus raphanistrum L.,TRUE
1988145722,V029304,BBM,NA,"US 21, 2 miles north of orangelrug, orangelrug County",1964-05-06,Raphanus raphanistrum L.,TRUE
1988135946,V191466,BBM,NA,"lane co, goodpasture Island road, eugene",1975-05-04,Raphanus raphanistrum L.,TRUE
1988086524,V069522,BBM,NA,near Mt. diablo,1927-03-27,Raphanus sativus L.,TRUE
1988075359,V135359,BBM,NA,"4.5 miles SSW of St. pauls along co. 1765, robesen County",1965-05-23,Raphanus raphanistrum L.,TRUE
1988064546,V209348,BBM,NA,"along Highway 101, del norte County",1994-05-24,Raphanus sativus L.,TRUE
1986960313,UTC00249393,USU,255530,Williams; by the junction of 5th Street and B Street.,2007-03-22,Raphanus raphanistrum L.,TRUE
1986947433,UTC00234094,USU,241807,"Along the Willamette River behind the O.S.U. Salmon Disease Lab, 34347 NE Electric Rd, just east of Corvallis",2000-07-02,Raphanus raphanistrum L.,TRUE
1986922321,UTC00150447,USU,216411,Persimmon Tree Road; Potomac  1/2 mile southeast of Potomac Village.,1974-04-23,Raphanus sativus L.,TRUE
1978078169,31234100343803,EKY,9086445,Along I-20 and I-59 one mile north of Fosters Exit and just south of the Black Warrior River south of Tuscaloosa.,2003-03-09,Raphanus raphanistrum L.,TRUE
1936437065,MA-01-00549206,MA,NA,"Massachusetts, Franklin County. Town: Deerfield. An old tobacco field bordering Sand Gully and Stillwater Bridge rd.",1965-09-26,Raphanus sativus L.,TRUE
1936411734,MA-01-00514565,MA,NA,"Santa Cruz Island  weedy, open area near corral at Prisoners Harbor on the north side of the island",1979-04-25,Raphanus sativus L.,TRUE
1936024616,MA-01-00226070,MA,NA,"California  Monterey County, eastside of Highway1, 0,6mile north of Garrapata Creek Bridge",1962-04-07,Raphanus sativus L.,TRUE
1936024032,MA-01-00225766,MA,NA,"Massachusetts, Hampshire County, waste ground, Daymond road near railroad, Northampton",1979-07-05,Raphanus raphanistrum subsp. raphanistrum,TRUE
1931261046,3198295,NY,NA,"SW section of Soka University, Los Virgenes Road and Mulholland Hwy.; Santa Monica Mountains.",1991-06-13,Raphanus sativus L.,TRUE
1931098140,3198293,NY,NA,Chico-Hamilton road 6 miles from Chico.,1914-07-11,Raphanus raphanistrum L.,TRUE
1931087160,01158184,NY,NA,"west of the town of Florence, Harbor Vista County Park, margins of North Jetty Road, 0.2 miles west of Rhododendron Road",2000-05-08,Raphanus raphanistrum L.,TRUE
1931024439,738578,NY,NA,"Flying M Ranch, several miles north of the town of Planada off of Bonner Road.  About 2 miles northeast and upstream along Bear Creek, at the ""fern banks""",2003-04-12,Raphanus sativus L.,TRUE
1930981717,3198207,NY,NA,Tysen's Farm near Court House,1887-11-06,Raphanus raphanistrum L.,TRUE
1930967670,3198195,NY,NA,"Stewart Manor, Lond Island",1920-06-24,Raphanus raphanistrum L.,TRUE
1930917127,3198241,NY,NA,Jamaica Road,1904-07-31,Raphanus raphanistrum L.,TRUE
1930870051,03198316,NY,NA,"Open places, western shore of Lake Okeechobee, Fisheating Creek to Three-Mile Canal [map]",1917-05-07/1917-05-09,Raphanus sativus L.,TRUE
1930753731,02225921,NY,NA,"Bog Brook Cove Preserve of the Maine Coast Heritage Trust, NE of Cutler, between Bog Brook Cove and Moose Cove, beach E of Moose River Road beach trail parking area",2013-08-05,Raphanus raphanistrum L.,TRUE
1930723326,3198285,NY,NA,WSW of Valdosta,1953-03-01,Raphanus raphanistrum L.,TRUE
1930385293,3198197,NY,NA,"Stewart Manor, Long Island",1920-06-24,Raphanus raphanistrum L.,TRUE
1930297229,02921045,NY,NA,Central Park,2006-06-19,Raphanus raphanistrum L.,TRUE
1930129720,02219785,NY,NA,"1.1 air km ENE of Milton town center, N of US 90, floodplain of the Blackwater River and Blackwater Bay",2012-10-14,Raphanus raphanistrum L.,TRUE
1929996288,01158162,NY,NA,"Clear Lake Road, about a mile south of Canary Road",2000-05-07,Raphanus raphanistrum L.,TRUE
1929816526,3198229,NY,NA,New Dorp,1887-11-18,Raphanus raphanistrum L.,TRUE
1929785898,3198186,NY,NA,"saltwater inlet near Bridge Road, Pelham Bay Park",1946-06-17,Raphanus raphanistrum L.,TRUE
1929743971,3198244,NY,NA,New York,1879,Raphanus raphanistrum L.,TRUE
1929738926,3198190,NY,NA,"Hotaling Island, Hudson River",1909-08-19,Raphanus raphanistrum L.,TRUE
1929605571,01400532,NY,NA,"town of Kinston, W of courthouse on slopes above the Neuse River",2011-05-05,Raphanus raphanistrum L.,TRUE
1929567506,3198225,NY,NA,1/2 mi. south of C.S.H. village,1905-06-22,Raphanus raphanistrum L.,TRUE
1929442186,02316560,NY,NA,"West of Denton, MD Rt. 4040, Shore Highway, at Saathoff Road, growing along the roadside.",2012-04-09,Raphanus sativus L.,TRUE
1929379461,3198232,NY,NA,Long Island,NA,Raphanus raphanistrum L.,TRUE
1929338927,3198189,NY,NA,Long Island,1924-07-14,Raphanus raphanistrum L.,TRUE
1929213561,3198201,NY,NA,1/2 mi. south of C.S.H. village,1905-06-22,Raphanus raphanistrum L.,TRUE
1929201827,3198216,NY,NA,"Latimer's Point, between Mystic and Stonington, on Fisher's Island Sound",1981-06-06,Raphanus raphanistrum L.,TRUE
1929183529,3198234,NY,NA,"saltwater inlet near Bridge Road, Pelham Bay Park",1946-06-17,Raphanus raphanistrum L.,TRUE
1929168444,3198187,NY,NA,Long Island,1924-07-14,Raphanus raphanistrum L.,TRUE
1928925683,02576168,NY,NA,"Co. Rt. 56 (White Wagon Rd.), just N of Interstate 86 (NY Rt. 17)",2010-07-30,Raphanus raphanistrum L.,TRUE
1928750841,3198253,NY,NA,"along RR, W of St Rt 18 crossing, Lake City",2000-06-15,Raphanus raphanistrum L.,TRUE
1928682041,01158161,NY,NA,"Clear Lake Road, about a mile south of Canary Road",2000-05-07,Raphanus raphanistrum L.,TRUE
1928525707,3198226,NY,NA,near Mrs. John Hewlett's barn,1905-06-14,Raphanus raphanistrum L.,TRUE
1928456365,01527661,NY,NA,town of Hudson at Dock St and the Hudson River,2011-06-16,Raphanus raphanistrum L.,TRUE
1927849534,03198326,NY,NA,In grain field near Rawhide,1919-04-11/1919-04-16,Raphanus sativus L.,TRUE
1927826194,42685,NY,NA,"Francis Marion National Forest, at end of USFS Rd 211D (off USFS Rd 211)",1994-10-22,Raphanus raphanistrum L.,TRUE
1900968793,USCH0040954,USCH,20511292,Berkeley County,1994-04-05,Raphanus raphanistrum L.,TRUE
1851989968,263958,UF,NA,NA,2014-05-08,Raphanus sativus L.,TRUE
1851679261,86648,BUF,NA,",, Byron,",1924-07-06,Raphanus sativus L.,TRUE
1851678209,13494,BUF,NA,",, Ashland,",1882-09-10,Raphanus sativus L.,TRUE
1851677291,95221,BUF,NA,"University of Florida,, Gainesville",2009-02-28,Raphanus raphanistrum L.,TRUE
1851666515,86647,BUF,NA,", Balcom, Villenova,",1967-09-08,Raphanus sativus L.,TRUE
1851666288,86649,BUF,NA,",, Cheektowaga,",1880-05-28,Raphanus sativus L.,TRUE
1851666265,86650,BUF,NA,",, Tonawanda,",1861-07,Raphanus sativus L.,TRUE
1851665869,86645,BUF,NA,",, Orchard Park,",1976-09,Raphanus raphanistrum L.,TRUE
1851665863,86646,BUF,NA,",, Buffalo,",1976-10-27,Raphanus raphanistrum L.,TRUE
1851665841,86644,BUF,NA,",, Holland,",1935-06-25,Raphanus raphanistrum L.,TRUE
1851661128,77934,BUF,NA,",, Orchard Park,",1931-06-25,Raphanus raphanistrum L.,TRUE
1851660114,77858,BUF,NA,",, Niagara Falls,",2003-05-17,Raphanus raphanistrum L.,TRUE
1851605885,13492,BUF,NA,",,,",1863-07,Raphanus sativus L.,TRUE
1851605834,13490,BUF,NA,", Hudson Falls, Kingsbury,",1890-06-10,Raphanus raphanistrum L.,TRUE
1851605453,13487,BUF,NA,",,,",NA,Raphanus raphanistrum L.,TRUE
1851605292,13484,BUF,NA,",,,",1864,Raphanus raphanistrum L.,TRUE
1849194469,USCH0020208,USCH,9373364,Dorchester,1965-04-02,Raphanus raphanistrum L.,TRUE
1849194376,USCH0020214,USCH,9373108,Lee,1966-11-27,Raphanus raphanistrum L.,TRUE
1849185672,USCH0018729,USCH,9364991,Locality Not Recorded,2000-03-14,Raphanus raphanistrum L.,TRUE
1849184931,USCH0020202_1,USCH,9364970,Bluff Rd at Beltline,1989-04-23,Raphanus raphanistrum L.,TRUE
1849183725,USCH0018721,USCH,9362146,Savannah River Site,1952-03-31,Raphanus raphanistrum L.,TRUE
1849180278,USCH0018715,USCH,9361751,Locality Not Recorded,1966-10-22,Raphanus raphanistrum L.,TRUE
1849180104,NA,USCH,9358317,Locality Not Recorded,1966-10-15,Raphanus raphanistrum L.,TRUE
1849180024,NA,USCH,9358116,Locality Not Recorded,2000-07-01,Raphanus sativus L.,TRUE
1849179967,USCH0018731,USCH,9361156,Locality Not Recorded,1990-05-25,Raphanus raphanistrum L.,TRUE
1849174008,USCH0020205,USCH,9352358,Lexington,1965-04-25,Raphanus raphanistrum L.,TRUE
1849173178,USCH0018733,USCH,9351553,Locality Not Recorded,1965-05-23,Raphanus raphanistrum L.,TRUE
1849171238,USCH0020218,USCH,9352034,Richland,1993-04-09,Raphanus raphanistrum L.,TRUE
1849170215,USCH0018725,USCH,9348841,Richland,2007-04-06,Raphanus raphanistrum L.,TRUE
1849168894,USCH0018705,USCH,9347850,Locality Not Recorded,1957-04-06,Raphanus raphanistrum L.,TRUE
1849167453,USCH0018714,USCH,9346172,Barnwell State Park,1957-04-20,Raphanus raphanistrum L.,TRUE
1849165205,USCH0018699,USCH,9343851,Columbia,1964-04-01,Raphanus sativus L.,TRUE
1849164872,USCH0018719,USCH,9343852,Locality Not Recorded,1984-04-04,Raphanus raphanistrum L.,TRUE
1849159167,USCH0020213,USCH,9340121,Richland,1966-04-30,Raphanus raphanistrum L.,TRUE
1849158609,USCH0018706,USCH,9339436,Carolina Sandhills National Wildlife Refuge,1976-06-13,Raphanus raphanistrum L.,TRUE
1849156830,USCH0020215,USCH,9337625,Darlington,1975-08-08,Raphanus raphanistrum L.,TRUE
1849156403,USCH0020207,USCH,9334982,Florence,1966-12-24,Raphanus raphanistrum L.,TRUE
1849156122,USCH0020216,USCH,9334623,Richland,2003-03-29,Raphanus raphanistrum L.,TRUE
1849155893,USCH0018730,USCH,9334606,Locality Not Recorded,1990-06-09,Raphanus raphanistrum L.,TRUE
1849155093,USCH0018704,USCH,9333767,Colleton,2003-04-22,Raphanus raphanistrum L.,TRUE
1849152921,USCH0018711,USCH,9332048,Locality Not Recorded,1987-05-14,Raphanus raphanistrum L.,TRUE
1849151369,USCH0020206,USCH,9330557,Kershaw,1966-05-08,Raphanus raphanistrum L.,TRUE
1849149330,USCH0018713,USCH,9328601,Columbia,1966-05-02,Raphanus raphanistrum L.,TRUE
1849149301,USCH0018718,USCH,9328506,Locality Not Recorded,1940-05-01,Raphanus raphanistrum L.,TRUE
1849147903,USCH0018720,USCH,9327886,Locality Not Recorded,1980-04-20,Raphanus raphanistrum L.,TRUE
1849146681,USCH0018707,USCH,9325835,Locality Not Recorded,1997-03-26,Raphanus raphanistrum L.,TRUE
1849144852,USCH0020212,USCH,9323140,Orangeburg,1964-05-06,Raphanus raphanistrum L.,TRUE
1849142821,USCH0018716,USCH,9323460,Locality Not Recorded,1987-03-26,Raphanus raphanistrum L.,TRUE
1849142705,USCH0018712,USCH,9323172,Locality Not Recorded,1987-03-07,Raphanus raphanistrum L.,TRUE
1849142264,USCH0020217,USCH,9321038,Chester,1993-06-19,Raphanus raphanistrum L.,TRUE
1849139417,USCH0018700,USCH,9318687,Columbia,1966-05-02,Raphanus sativus L.,TRUE
1849139344,NA,USCH,9317713,Plum Island,2002-09-26,Raphanus raphanistrum L.,TRUE
1849136668,USCH0018698,USCH,9317316,Riverbanks Zoo and Botanical Gardens,1966-04-18,Raphanus sativus var. mougri H.W.J.Helm,TRUE
1849136174,NA,USCH,9314895,Locality Not Recorded,2008-10-27,Raphanus sativus L.,TRUE
1849135346,USCH0018724,USCH,9316123,Locality Not Recorded,1969-04-27,Raphanus raphanistrum L.,TRUE
1849135307,USCH0018703,USCH,9316113,McClellanville,1971-04-10,Raphanus raphanistrum L.,TRUE
1849134075,USCH0018722,USCH,9312656,Locality Not Recorded,2002-04-19,Raphanus raphanistrum L.,TRUE
1849133989,USCH0018708,USCH,9314311,Locality Not Recorded,1994-03-19,Raphanus raphanistrum L.,TRUE
1849130041,USCH0018728,USCH,9310432,Clarendon,1996-02-09,Raphanus raphanistrum L.,TRUE
1849129039,USCH0020210,USCH,9307512,Richland,1967-04-30,Raphanus raphanistrum L.,TRUE
1849126509,USCH0020220,USCH,9304514,Dorchester,1997-11-28,Raphanus raphanistrum L.,TRUE
1849125163,USCH0020203,USCH,9305850,Locality Not Recorded,2008-02-17,Raphanus raphanistrum L.,TRUE
1849121011,USCH0018732,USCH,9301617,On Richland Plantation; S of La. 15 and 2 mi W of Rhymes;,1988-02-16,Raphanus raphanistrum L.,TRUE
1849120333,USCH0020202,USCH,9300606,Carolina Sandhills National Wildlife Refuge,1976-08-09,Raphanus raphanistrum L.,TRUE
1849119683,USCH0020211,USCH,9299769,Orangeburg,1964-07-05,Raphanus raphanistrum L.,TRUE
1849118603,NA,USCH,9298789,Locality Not Recorded,NA,Raphanus raphanistrum L.,TRUE
1849116778,USCH0020219,USCH,9295449,Richland,1991-06-17,Raphanus raphanistrum L.,TRUE
1849116243,USCH0018734,USCH,9296584,Locality Not Recorded,1965-04-20,Raphanus raphanistrum L.,TRUE
1849113684,USCH0018710,USCH,9292130,Santee National Wildlife Refuge; Cuddo Unit;,1982-05-29,Raphanus raphanistrum L.,TRUE
1849112606,USCH0020204,USCH,9291005,Beaufort,2004-03-27,Raphanus raphanistrum L.,TRUE
1849111081,USCH0018717,USCH,9289937,Locality Not Recorded,1964-03-29,Raphanus raphanistrum L.,TRUE
1849109529,USCH0018709,USCH,9288195,Locality Not Recorded,1995-04-08,Raphanus raphanistrum L.,TRUE
1849108804,USCH0018727,USCH,9289330,Cherokee,1994-04-21,Raphanus raphanistrum L.,TRUE
1849105798,USCH0020209,USCH,9286061,Sumter,1969-04-27,Raphanus raphanistrum L.,TRUE
1849101817,ACM0136,USCH,9276614,Columbia,1925-03-15,Raphanus sativus L.,TRUE
1849099994,USCH0023596,USCH,16981930,Orangeburg County,2017-03-31,Raphanus raphanistrum L.,TRUE
1849096741,HWR-0005237,USCH,13405301,Rhode Island,NA,Raphanus raphanistrum L.,TRUE
1849095517,HWR-0005236,USCH,13405439,South Carolina,NA,Raphanus raphanistrum L.,TRUE
1849094887,USCH0018701,USCH,11173362,Joanna,2016-03-26,Raphanus raphanistrum L.,TRUE
1849094563,USCH0018702,USCH,11173319,Smoaks,2016-03-12,Raphanus raphanistrum L.,TRUE
1846551179,DES00034085,DES,3562936,"Rancho California area, ca. 4 mi. W of Temecula, with Ave. del Oro as the N boundary.",1989-03-30,Raphanus sativus L.,TRUE
1844420002,012367,BOON,9614985,"Open field, Orange County",1967-05-13,Raphanus raphanistrum subsp. raphanistrum,TRUE
1843864307,UNM0031208,UNM,4073760,Imperial Beach.,1941-12-07,Raphanus sativus L.,TRUE
1828987469,NA,US,NA,Occoquan Bay National Wildlife Refuge (Woodbridge Research Center). Along E Deephole Point Road,1996-06-06,Raphanus raphanistrum L.,TRUE
1807240943,58021,Acadia University,NA,"near North Hope Corner, Hope",1957-07-22,Raphanus raphanistrum L.,TRUE
1807240548,63362,Acadia University,NA,"Hills Corner, Lincolnville",1953-06-29,Raphanus raphanistrum L.,TRUE
1657202431,252803,GZU,NA,"Oregon, Clatsop Co.: Hammond; sandy shoreline of the Columbia River at the boat basin; N 46.20615°  W 123.95159°  WGS84",2006-09-11,Raphanus L.,TRUE
1571697765,554230,CAS,554230,"Bakersfield City Lot, San Joaquin Valley watershed",1937-04-10,Raphanus sativus L.,TRUE
1563376670,550643,CAS,550643,"National Guard Training Camp, Coast mountain range, Pacific Coast watershed",1937-03-22,Raphanus sativus L.,TRUE
1563376655,550642,CAS,550642,"National Guard Camp, Pacific Coast watershed",1937-03-22,Raphanus sativus L.,TRUE
1563376650,550649,CAS,550649,"Bakersfield - City Lot, San Joaquin Valley watershed",1937-04-10,Raphanus sativus L.,TRUE
1563150598,LSU00177416,LSU,8890988,Along Highway 584. About 0.5 miles east of Gillsburg.,2009-02-26,Raphanus raphanistrum L.,TRUE
1563148940,LSU00138797,LSU,8889133,"vicinity of empty field near Marina, on Hwy 37 to Napa Valley.",2003-04-05,Raphanus raphanistrum L.,TRUE
1563145033,LSU00126337,LSU,12398341,"Gulf Islands National Seashore, Naval Live Oaks Unit. Small ponded marsh along shoreline of Santa Rosa Sound bordered on three sides by higher elevation ridges and just west of area labeled on topo map as old site of Girl Scout Camp.",2005-04-26,Raphanus raphanistrum L.,TRUE
1563123284,550561,CAS,550561,"S.P. Yards, San Joaquin Valley watershed",1937-05-18,Raphanus sativus L.,TRUE
1563123228,550563,CAS,550563,"S.P. Yards, San Joaquin Valley watershed",1937-06-14,Raphanus sativus L.,TRUE
1503312320,89527,USF,NA,US 41 near its intersection with FL 54.,1970-02-24,Raphanus raphanistrum L.,TRUE
1503312295,89526,USF,NA,US 41 near its intersection with FL 54.,1970-02-24,Raphanus raphanistrum L.,TRUE
1503308186,82120,USF,NA,Intersection of I-20 and US 76; 7 mi. N of Columbia.,1967-03-25,Raphanus raphanistrum L.,TRUE
1503304810,76428,USF,NA,"NW side of Alice Lake, University of Florida campus, Gainesville.",1965-03-11,Raphanus raphanistrum L.,TRUE
1503285031,292735,USF,NA,WSW of Valdosta.,1953-03-01,Raphanus raphanistrum L.,TRUE
1503278711,283436,USF,NA,"E side of FL 77, between Fitness Road and Lynda Gale Lane.",2015-03-22,Raphanus raphanistrum L.,TRUE
1503278698,283397,USF,NA,On Louisiana State University Experiment Station Farm W of I-20 and US 80 interchange at Calhoun.,1998-01-25,Raphanus raphanistrum L.,TRUE
1503278453,283078,USF,NA,"FL 20 near Country Oaks Lane, 0.9 mi. W of US 231/FL 75.",2015-03-21,Raphanus raphanistrum L.,TRUE
1503278434,283073,USF,NA,"FL 77, between River Lake Drive and Crystal Lake Drive.",2015-03-21,Raphanus raphanistrum L.,TRUE
1503278421,283095,USF,NA,"S side of FL 20, between 23rd Street and 24th Street, Blountstown.",2015-03-21,Raphanus raphanistrum L.,TRUE
1503277823,282199,USF,NA,"US 98 (West Hampton Avenue), between Dice Road and Golf Course Road, Perry.",2015-03-21,Raphanus raphanistrum L.,TRUE
1503276924,280330,USF,NA,"Along Oakwy, 0.25 mi. E of South Mellonville Avenue, Sanford.",2015-03-20,Raphanus raphanistrum L.,TRUE
1503276658,280070,USF,NA,"Along US 301/FL 200, 0.4 mi. N of NW 265th Street.",2015-03-18,Raphanus raphanistrum L.,TRUE
1503276173,279031,USF,NA,"FL 22, ca. 2 mi. E of the Bay County line, Wewathichka.",2015-03-22,Raphanus raphanistrum L.,TRUE
1503275825,278188,USF,NA,County fairgrounds along US 231; S edge of Dothan.,2000-03-14,Raphanus raphanistrum L.,TRUE
1503273983,274893,USF,NA,"Junction of SW Howell Road and Farnell Road, 0.4 km W of US 41/441, 0.6 km S of I-75.",2014-07-22,Raphanus raphanistrum L.,TRUE
1503272614,272064,USF,NA,"FL 357 (Hines Highway) at Cannon Drive, 0.7 mi. S of FL 51.",2013-03-03,Raphanus raphanistrum L.,TRUE
1503269860,267203,USF,NA,US 27.,2012-12-17,Raphanus raphanistrum L.,TRUE
1503267033,262727,USF,NA,"W side of US 301, ca. 300 m N of its intersection with SW 136th Way, Starke.",2011-12-30,Raphanus raphanistrum L.,TRUE
1503266165,261448,USF,NA,"Along Duette Road and the East Fork Manatee River, S of Duette.",2009-05-05,Raphanus raphanistrum L.,TRUE
1503265260,260281,USF,NA,"Weeki Wachee Springs State Park, Main parcel, in boundary road along E fence with US 19.  T23S, R17E, Sec. 2, SW¼.",2009-04-02,Raphanus raphanistrum L.,TRUE
1503259869,253207,USF,NA,"Near the NW footbridge over the pond ca. 200 m NW of the LIF (Life Sciences) building, University of South Florida campus.",2007-04-05,Raphanus raphanistrum L.,TRUE
1503259710,253043,USF,NA,"Colt Creek State Park, Ca. 2.6 km SE of the FL 471 bridge over Withlacoochee River, ca. 5.3 km NNE of the junction of FL 471 and US 98.",2008-04-15,Raphanus raphanistrum L.,TRUE
1503255515,248267,USF,NA,"Hillsborough River State Park, US 301, between the old park entrance and the Hillsborough River.  T27S, R21E, Sec. 8.",2008-04-18,Raphanus raphanistrum L.,TRUE
1503251927,244630,USF,NA,"Small unnamed creek at C-228, 0.2 mi. S of FL 121, 1.1 mi. N of I-10, Macclenny.  T2S, R22E, Sec. 29.",2007-04-17,Raphanus raphanistrum L.,TRUE
1503249872,242356,USF,NA,"7 mi. SW of Blountstown on Myers Dairy, 0.75 mi. N of Abe Springs Road.",2006-01-12,Raphanus raphanistrum L.,TRUE
1503249724,24220,USF,NA,5 mi. NE of Williston along FL 331.,1961-02-17,Raphanus raphanistrum L.,TRUE
1503246642,238643,USF,NA,"South Daytona, 610 Olive Street; ca. 3.7 mi. ENE of the junction of I-95 and I-4.  T15S, R33E, Sec. 28.",2004-05-02,Raphanus raphanistrum L.,TRUE
1503232675,219150,USF,NA,W side GA 67; margin of Black Creek; 1.5 mi. NW of C-317; SE of Statesboro; 5.8 mi. SE of Lotts Creek crossing.,1996-04-09,Raphanus raphanistrum L.,TRUE
1503231170,215267,USF,NA,"Along both sides of LA 13 just E of Parish Road 9-35 at Cossinade ca. 2.5 mi. N of junction LA 13 and LA 14; T11S, R1E, Sec. 36.",1983-03-25,Raphanus raphanistrum L.,TRUE
1503231145,215266,USF,NA,"Along both sides of LA 13 just E of Parish Road 9-35 at Cossinade ca. 2.5 mi. N of junction LA 13 and LA 14; T11S, R1E, Sec. 36.",1983-03-25,Raphanus raphanistrum L.,TRUE
1503231131,215265,USF,NA,"Along both sides of LA 13 just E of Parish Road 9-35 at Cossinade ca. 2.5 mi. N of junction LA 13 and LA 14; T11S, R1E, Sec. 36.",1983-03-25,Raphanus raphanistrum L.,TRUE
1503231126,215264,USF,NA,"Along both sides of LA 13 just E of Parish Road 9-35 at Cossinade ca. 2.5 mi. N of junction LA 13 and LA 14; T11S, R1E, Sec. 36.",1983-03-25,Raphanus raphanistrum L.,TRUE
1503225081,205066,USF,NA,"Daughtery Road between US 301 and Old Wire Road, 3 power poles E of Dairy Road, Zephyrhills.  T25S, R21E, Sec. 35.",1985-02-23,Raphanus raphanistrum L.,TRUE
1503223241,202193,USF,NA,4 mi. NE of Cassia.,1984-03-10,Raphanus raphanistrum L.,TRUE
1503223237,202192,USF,NA,4 mi. NE of Cassia.,1984-03-10,Raphanus raphanistrum L.,TRUE
1503221969,200256,USF,NA,"Richland Plantation S of LA 15 and 2 mi. W of Rhymes; T16N, R3E, Sec. 11.",1988-02-16,Raphanus raphanistrum L.,TRUE
1503221582,199405,USF,NA,SE corner of Exit 73 of I-75; 3 mi. NE of Vienna.,1989-07-08,Raphanus raphanistrum L.,TRUE
1503221351,199017,USF,NA,"Lake Van Road, ca. 0.25 mi. E of FL 559, on S side of road beside orange grove.  T27S, R25E, Sec. 26.",1989-03-17,Raphanus sativus L.,TRUE
1503219336,19448,USF,NA,"Crooked Creek; S. B. Culpepper farm, 5 mi. W of Newhebron [New Hebron].",1956-06-29,Raphanus sativus L.,TRUE
1503217153,189996,USF,NA,"Estero Boulevard, driveway to rear of Island Pines, Fort Myers Beach.",1986-06-05,Raphanus raphanistrum L.,TRUE
1503216101,188547,USF,NA,"Ca. 3 mi. SW of Bell on C-341, at four corners.  T9S, R14E, Sec. 3, NW¼ of NW¼.",1985-10-25,Raphanus raphanistrum L.,TRUE
1503214587,185516,USF,NA,"W side of US 41, ca. 0.25 mi. S of the Howell Avenue intersection, 0.5 mi. N of Brooksville.  T22S, R19E, Sec. 14.",1985-04-13,Raphanus raphanistrum L.,TRUE
1503213894,183762,USF,NA,Along secondary road 41-105 1 mi. W of the junction with SC 391.,1980-04-20,Raphanus raphanistrum L.,TRUE
1503213258,182219,USF,NA,"I-220 at Airline Drive (Bossier 3105) N of Bossier City; T18N, R13W, Sec. 11.",1983-03-10,Raphanus raphanistrum L.,TRUE
1503211507,179828,USF,NA,8 mi. S of Leesburg.,1978-03-28,Raphanus raphanistrum L.,TRUE
1503209026,176263,USF,NA,"Along FL 281 at its intersection with C-191A, just SW of Milton.",1983-05-16,Raphanus raphanistrum L.,TRUE
1503207242,172216,USF,NA,FL 44.,1983-03-01,Raphanus raphanistrum L.,TRUE
1503205469,169821,USF,NA,"Along W side of US 331, ca. 3 mi. N of Freeport.",1982-03-14,Raphanus raphanistrum L.,TRUE
1503203525,167336,USF,NA,"Along FL 24, Lukens.",1981-04-23,Raphanus raphanistrum L.,TRUE
1503201030,162867,USF,NA,"In Lilian; at the W edge of town along S side of US 98 where it merges with main road in NE¼; T7S, R6E, Sec. 27.",1981-03-18,Raphanus raphanistrum L.,TRUE
1503200737,162379,USF,NA,"Along US 90, 7.5 mi. W of Madison.",1982-02-16,Raphanus raphanistrum L.,TRUE
1503196619,156339,USF,NA,"Along FL 24, Lukens.",1981-04-23,Raphanus raphanistrum L.,TRUE
1503195469,154431,USF,NA,"Along FL 561, 3.5 mi. N of Astatula.  T20S, R26E, Sec. 8, NW¼ of SW¼.",1981-03-23,Raphanus raphanistrum L.,TRUE
1503195458,154430,USF,NA,"Along FL 561, 3.5 mi. N of Astatula.  T20S, R26E, Sec. 8, NW¼ of SW¼.",1981-03-23,Raphanus raphanistrum L.,TRUE
1503195154,152859,USF,NA,"Along edge of Hutchinson Road, ca. 2.0 mi. N of its junction with Ehrlich Road, NW of Tampa.  T27S, R17E, Sec. 25, NW¼ of NE¼.",1981-03-22,Raphanus raphanistrum L.,TRUE
1503190887,14437,USF,NA,Ca. 8 mi. NW of Whiteville on road to Evergreen.,1958-04-25,Raphanus raphanistrum L.,TRUE
1503189377,14253,USF,NA,2.2 mi. ENE of Pendleton.,1958-05-31,Raphanus sativus L.,TRUE
1503187246,139857,USF,NA,"0.25 mi. SW of 10th tee on golf course on development area of Top-of-World condominiums, NE Clearwater.",1979-03-21,Raphanus raphanistrum L.,TRUE
1503182300,131637,USF,NA,1 mi. E of the junction with US 41 on the S shoulder of FL 54.,1978-04-05,Raphanus raphanistrum L.,TRUE
1503181774,130467,USF,NA,Maidendown Road off SC 41 NW of Rabbit Bay.,1977-06-11,Raphanus raphanistrum L.,TRUE
1503180715,127813,USF,NA,"6 mi. NW of Lisbon on secondary road, 1.2 mi. E of Emeralda.",1974-04-21,Raphanus raphanistrum L.,TRUE
1503179582,1259,USF,NA,Near Sardis Dam.,1955-04-06,Raphanus sativus L.,TRUE
1503178358,123711,USF,NA,"North Merritt Island, S shoulder of FL 402, W of the intersection of FL 3 and FL 402 (Wilson's Corner).  T21S, R36E, Sec. 27, NE¼.",1975-02-15,Raphanus raphanistrum L.,TRUE
1503175609,119806,USF,NA,Duette Road.,1975-04-27,Raphanus raphanistrum L.,TRUE
1503170693,104714,USF,NA,"University of South Florida Botanical Gardens, Tampa.",1973-04-09,Raphanus sativus L.,TRUE
1457821324,204634,UF,NA,NA,2000-02-11,Raphanus raphanistrum L.,TRUE
1457802973,218508,UF,NA,NA,2001-03-26,Raphanus raphanistrum L.,TRUE
1457800135,200554,UF,NA,NA,1972-05-18,Raphanus sativus L.,TRUE
1457786443,221854,UF,NA,NA,2007-04-22,Raphanus raphanistrum L.,TRUE
1457786338,233855,UF,NA,NA,2008-04-17,Raphanus raphanistrum L.,TRUE
1457779515,233854,UF,NA,NA,2008-04-17,Raphanus raphanistrum L.,TRUE
1457779450,214366,UF,NA,NA,2003-12-14,Raphanus raphanistrum L.,TRUE
1457769526,197605,UF,NA,NA,1990-04-25,Raphanus raphanistrum L.,TRUE
1457766275,220336,UF,NA,NA,2002-09-11,Raphanus raphanistrum L.,TRUE
1457763300,211012,UF,NA,NA,2001-05-16,Raphanus raphanistrum L.,TRUE
1457762699,203820,UF,NA,NA,2000-04-09,Raphanus raphanistrum L.,TRUE
1457762160,192915,UF,NA,NA,1997-02-16,Raphanus raphanistrum L.,TRUE
1457755717,205129,UF,NA,NA,2000-05-05,Raphanus raphanistrum L.,TRUE
1439648830,539372,CAS,539372,"Cosumnes River Preserve Plant Inventory, Area 6, just E of Southern Pacific tracks; Willow Slough, #9",1992-03-22,Raphanus raphanistrum L.,TRUE
1438448997,539311,CAS,539311,"Along El Dorado Road, 1/2 mi S of US Hwy 50 [exact location unknown]",1977-06-28,Raphanus raphanistrum L.,TRUE
1426518987,532999,CAS,NA,"Mount Tamalpais. Marin Municipal Water District lands: NE section of Nicasio Reservoir, S from eastern parking area off Point Reyes-Petaluma Rd",2015-03-28,Raphanus sativus L.,TRUE
1426324166,227683,CAS,227683,Beach bluffs at the Vail ranch headquarters. Santa Rosa Island,1960-04-05/1960-04-10,Raphanus raphanistrum L.,TRUE
1426276642,174778,CAS,174778,"San Joaquin Valley / Sierra Nevada Mountains Foothills: along CA-26, 3.7 miles southwest of Valley Springs at Lime Creek Road Elev. given as 470ft.",2008-03-22,Raphanus sativus L.,TRUE
1426255810,154056,CAS,154056,"South Coast: Batiquitos Lagoon Ecological Reserve, north side east of the I-5 Fwy Elev. given as 0-20ft.",2005-03-25,Raphanus sativus L.,TRUE
1426221028,74185,CAS,74185,"Eastern San Joaquin Valley. Greenfield Road, 1.5 mile east of Pumpkin Center.",1959-04-01,Raphanus raphanistrum L.,TRUE
1426220999,74345,CAS,74345,Santa Cruz Peninsula. Page Mill Road. Near Stanford University.,1907-06-05,Raphanus sativus L.,TRUE
1426220792,74262,CAS,74262,Low hills 8 miles north of Oroville.,1914-03-16,Raphanus sativus L.,TRUE
1426220068,74334,CAS,74334,Cambria.,1964-06-29,Raphanus sativus L.,TRUE
1426219190,74205,CAS,74205,Santa Cruz Island. Smuggler's Cove.,1930-06-15,Raphanus raphanistrum L.,TRUE
1426218308,74307,CAS,74307,2.5 miles south of Aromas.,1963-05-18,Raphanus sativus L.,TRUE
1426217767,74213,CAS,74213,"In the vicinity of White Wolf Stables, Yosemite National Park.",1964-08-28,Raphanus raphanistrum L.,TRUE
1426216214,74361,CAS,74361,Northern end of Hilton Airport between airstrip and highway.,1954-06-24,Raphanus sativus L.,TRUE
1426213566,74311,CAS,74311,Pacific Grove.,1914-07-08,Raphanus sativus L.,TRUE
1426213447,74340,CAS,74340,San Carlos. North of Malabar Road and Melendy Drive.,1973-03-09,Raphanus sativus L.,TRUE
1426212727,74282,CAS,74282,Santa Monica Mountains. Point Dume.,1959-06-04,Raphanus sativus L.,TRUE
1426209934,74219,CAS,74219,Bay Region.,1900-06,Raphanus sativus L.,TRUE
1426209669,74300,CAS,74300,"Salinas River, ca. 1 mile above its mouth.",1970-06-11,Raphanus sativus L.,TRUE
1426208011,74210,CAS,74210,Near Rawhide.,1919-04-11/1919-04-16,Raphanus raphanistrum L.,TRUE
1426207247,74197,CAS,74197,"North end of Cliff Drive, Santa Cruz.",1950-06-10,Raphanus raphanistrum L.,TRUE
1426206915,74280,CAS,74280,2 miles southwest of Glendora.,1932-01-08,Raphanus sativus L.,TRUE
1426205721,74317,CAS,74317,Rialto.,1893-04-05,Raphanus sativus L.,TRUE
1426205060,74341,CAS,74341,San Bruno Mountain. Ravine south of Crocker Avenue.,1963-02-23,Raphanus sativus L.,TRUE
1426204412,74250,CAS,74250,Berkeley.,1921-09-30,Raphanus sativus L.,TRUE
1426204305,74295,CAS,74295,Kaisen District.,1903-06,Raphanus sativus L.,TRUE
1426204236,74354,CAS,74354,Davenport Landing.,1950-03-27,Raphanus sativus L.,TRUE
1426201009,74240,CAS,74240,Yosemite National Park. Vicinity of Camp White Wolf.,1961-07-19,Raphanus sativus L.,TRUE
1426199000,74278,CAS,74278,Rivera.,1902-05-10,Raphanus sativus L.,TRUE
1426198972,74279,CAS,74279,Pomona near Fairgrounds.,1932-03-25,Raphanus sativus L.,TRUE
1426198084,74266,CAS,74266,"Peter Ahart Ranch, Honcut.",1973-03-24,Raphanus sativus L.,TRUE
1426196902,74338,CAS,74338,"Near the intersection of Canada and Edgewood roads, about 3 miles westward from Redwood City",1974-04-30,Raphanus sativus L.,TRUE
1426196677,74235,CAS,74235,Sebastopol.,1907-07-12,Raphanus sativus L.,TRUE
1426196466,74321,CAS,74321,"San Francisco. Mountain Lake, Presidio.",1956-10-28,Raphanus sativus L.,TRUE
1426193260,74212,CAS,74212,"Near manure dump at White Wolf Stables, Yosemite National Park.",1964-08-28,Raphanus raphanistrum L.,TRUE
1426191864,74187,CAS,74187,"Sir Francis Drake Highway near site of new high school 2 miles east of golf course, San Geronimo Valley.",1968-03-10,Raphanus raphanistrum L.,TRUE
1426190722,74222,CAS,74222,Crescent City.,1927-08-15,Raphanus sativus L.,TRUE
1426186493,74363,CAS,74363,Santa Cruz Peninsula. Swanton.,1912,Raphanus sativus L.,TRUE
1426185928,74285,CAS,74285,Tiburon. Just north of John Thomas Howell Botanical Garden.,1966-04-18,Raphanus sativus L.,TRUE
1426185103,74190,CAS,74190,3 miles southwest of Livingston.,1964-04-19,Raphanus raphanistrum L.,TRUE
1426184445,74252,CAS,74252,The Garden of Anson and Anita Blake. Berkeley.,1943-04-04,Raphanus sativus L.,TRUE
1426184178,74358,CAS,74358,"Saint Mary of the Palms, summer girls' camp near Glenwood.",1953-05-23,Raphanus sativus L.,TRUE
1426183981,74315,CAS,74315,"Along La Porte Quincy Road, Pilot Peak.",1981-07-21,Raphanus sativus L.,TRUE
1426183579,74227,CAS,74227,"North side of La Palma Avenue, near Harbor Boulevard, Anaheim.",1966-02-12,Raphanus sativus L.,TRUE
1426183507,74272,CAS,74272,"Temblor Range and the Western San Joaquin Valley. Antelope Ranch grounds, western Kern county.",1958-02-23,Raphanus sativus L.,TRUE
1426183301,74246,CAS,74246,North Berkeley.,1921-09-17,Raphanus sativus L.,TRUE
1426181491,74322,CAS,74322,San Francisco. Bayview Hills.,1957-05-17,Raphanus sativus L.,TRUE
1426177577,74269,CAS,74269,Antioch Dunes.,1965-03-01,Raphanus sativus L.,TRUE
1426176710,74294,CAS,74294,"Highway 128, 0.5 mile east of intersection with Highway 1.",1979-02-06,Raphanus sativus L.,TRUE
1426176509,74335,CAS,74335,"Temblor Range and the Western San Joaquin Valley. Twisselmann Ranch, 7 miles south of Cholame.",1952-07-31,Raphanus sativus L.,TRUE
1426175967,74255,CAS,74255,Niles Canyon and vicinity. Vallejo Mills Park.,1967-09-06,Raphanus sativus L.,TRUE
1426175885,74264,CAS,74264,Along the highway near Richvale.,1923-10-13,Raphanus sativus L.,TRUE
1426175092,74336,CAS,74336,Temblor Range and the Western San Joaquin Valley. Twisselmann Ranch.,1954-07-24,Raphanus sativus L.,TRUE
1426174421,74328,CAS,74328,San Francisco. San Miguel Hills. Bottom of canyon east of O'Shaughnessy Boulevard.,1957-04-06,Raphanus sativus L.,TRUE
1426174207,74331,CAS,74331,San Francisco. Lake Merced.,1952-10-17,Raphanus sativus L.,TRUE
1426173680,74215,CAS,74215,Ventura River Basin. Fairview Road.,1945-03-24,Raphanus raphanistrum L.,TRUE
1426171993,74291,CAS,74291,Tiburon Peninsula. Tiburon. Near intersection of Blackfiled Drive and Tiburon Boulevard. (ca. 1 mile from US 101).,1961-04-01,Raphanus sativus L.,TRUE
1426171277,74267,CAS,74267,Jersey Island.,1930-04-18,Raphanus sativus L.,TRUE
1426169750,74339,CAS,74339,"Bolsa Point, about 1 mile north of Pigeon Point and about 39 miles south of San Francisco.",1973-04-30,Raphanus sativus L.,TRUE
1426169279,74326,CAS,74326,"19th Avenue, opposite San Francisco State College, San Francisco.",1960-03-23,Raphanus sativus L.,TRUE
1426168591,74175,CAS,74175,Oakland Hills.,1937-10-01,Raphanus raphanistrum L.,TRUE
1426168305,74188,CAS,74188,Terra Linda Vegetable Garden. San Rafael.,1988-08-08,Raphanus raphanistrum L.,TRUE
1426167942,74228,CAS,74228,Perris Dam - Base of Dam.,1975-05-03,Raphanus sativus L.,TRUE
1426166484,74287,CAS,74287,"Between Yellow Bluff and Cavallo Point, south southeast of Sausalito.",1970-05-14,Raphanus sativus L.,TRUE
1426164960,74221,CAS,74221,Extending southwards from mouth of Klamath River.,1921-08-25,Raphanus sativus L.,TRUE
1426163263,74349,CAS,74349,Stanford University Campus. Near intersection of Stanford Avenue and Columbia Street.,1956-04-03,Raphanus sativus L.,TRUE
1426162581,74207,CAS,74207,Between Inn and Library Campus.,1920-03-17,Raphanus raphanistrum L.,TRUE
1426161832,74201,CAS,74201,Sequoia National Park. 0.25 mile from Junction of Willow and Copper avenues.,1969-02-26,Raphanus raphanistrum L.,TRUE
1426160047,74242,CAS,74242,"Ojai Valley. Ojai, School garden, California Prep. School.",1944-10-05,Raphanus sativus L.,TRUE
1426159683,74351,CAS,74351,Foothills Park. Foothills of the eastern side of the Santa Cruz Mountains. Five miles south of center of Palo Alto. At Maintenance Yard.,1974-04-22,Raphanus sativus L.,TRUE
1426159557,74260,CAS,74260,"Euclid Avenue, Berkeley.",1924-10-11,Raphanus sativus L.,TRUE
1426158667,74296,CAS,74296,Kaisen District.,1903-06,Raphanus sativus L.,TRUE
1426158554,74254,CAS,74254,Niles Canyon and vicinity. Between Old Niles Canyon Road and Alameda Creek.,1967-07-19,Raphanus sativus L.,TRUE
1426158207,74206,CAS,74206,"Area of Devereaux Dunes, Goleta.",1958-04-30,Raphanus raphanistrum L.,TRUE
1426157968,74270,CAS,74270,"Eastern San Joaquin Valley. Bear Mountain Boulevard, 5.3 miles east of Arvin.",1957-03-27,Raphanus sativus L.,TRUE
1426156855,74211,CAS,74211,"At White Wolf Lodge Dump, Yosemite National Park.",1964-08-28,Raphanus raphanistrum L.,TRUE
1426156473,74332,CAS,74332,Santa Lucia Mountains. Santa Rosa Creek.,1956-02-24,Raphanus sativus L.,TRUE
1426155466,74318,CAS,74318,Mojave Desert. South end of Kramer Hills.,1964-05-06,Raphanus sativus L.,TRUE
1426155387,74346,CAS,74346,"Santa Cruz Peninsula. Near Lake Lagunita, Stanford University.",1907-06-21,Raphanus sativus L.,TRUE
1426155265,74348,CAS,74348,In Palo Alto.,1949-04-02,Raphanus sativus L.,TRUE
1426155217,74274,CAS,74274,"White Wolf Grade, ca. 1 mile below the Tehachapi Freeway, Tehachapi Mountains.",1967-04-30,Raphanus sativus L.,TRUE
1426154093,74306,CAS,74306,"Near Southern Pacific Station, Monterey.",1963-11-19,Raphanus sativus L.,TRUE
1426153995,74249,CAS,74249,Berkeley.,1921-09-24,Raphanus sativus L.,TRUE
1426153087,58407,CAS,58407,Pasture ca. 2 km NW of Day.,1992-05-17,Raphanus raphanistrum L.,TRUE
1426152013,74329,CAS,74329,"San Francisco. Back of ""The Beach"".",1927-07-12,Raphanus sativus L.,TRUE
1426151514,74355,CAS,74355,Davenport Landing.,1950-03-27,Raphanus sativus L.,TRUE
1426151015,74196,CAS,74196,Lomitas School near Menlo Park.,1920-05,Raphanus raphanistrum L.,TRUE
1426150881,74230,CAS,74230,Unspecified.,1932-06-10,Raphanus sativus L.,TRUE
1426146915,74360,CAS,74360,Northern end of Hilton Airport between airstrip and highway.,1954-05-26,Raphanus sativus L.,TRUE
1426145325,74277,CAS,74277,Near Laverne.,1961-02-03,Raphanus sativus L.,TRUE
1426145238,74299,CAS,74299,"Salinas River, ca. 1 mile above its mouth.",1970-06-11,Raphanus sativus L.,TRUE
1426144302,74330,CAS,74330,Vacant lot at intersection of Davidson Ave. and 3rd Street.,1958-06-26,Raphanus sativus L.,TRUE
1426143477,74174,CAS,74174,Pine Ridge. Sierra Nevada Mountains.,1893,Raphanus raphanistrum L.,TRUE
1426140586,74226,CAS,74226,"Sierra Nevada. On Bridgeport-French Corral Road, about 1 mile southeast of Bridgeport.",1962-05-11,Raphanus sativus L.,TRUE
1426139131,74337,CAS,74337,San Bruno Mountains. Ridge above Brisbane.,1963-09-02,Raphanus sativus L.,TRUE
1426138320,74189,CAS,74189,Mariposa.,NA,Raphanus raphanistrum L.,TRUE
1426138142,74202,CAS,74202,Sierra Nevada. Mono Hot Springs.,1954-06-30,Raphanus raphanistrum L.,TRUE
1426137844,74273,CAS,74273,"Temblor Range and the Western San Joaquin Valley. Antelope Ranch grounds, western Kern county.",1958-02-23,Raphanus sativus L.,TRUE
1426137512,74236,CAS,74236,"Ca. 0.5 mile north of Stewart's Point, along Highway #1.",1985-05-26,Raphanus sativus L.,TRUE
1426137071,74298,CAS,74298,South of Point Arena.,1958-07,Raphanus sativus L.,TRUE
1426136710,74209,CAS,74209,Santa Cruz Mountain Peninsula. Arboretum. Stanford University.,1920-05,Raphanus raphanistrum L.,TRUE
1426135927,74231,CAS,74231,El Granito Springs.,1918-04-10,Raphanus sativus L.,TRUE
1426134961,74232,CAS,74232,Grade 5 miles below Descanso.,1927-04-16,Raphanus sativus L.,TRUE
1426134589,74247,CAS,74247,North Berkeley.,1921-09-17,Raphanus sativus L.,TRUE
1426132714,74220,CAS,74220,Stinchfield Ranch near Sycamore.,1916-07-11,Raphanus sativus L.,TRUE
1426130180,74229,CAS,74229,Unspecified.,1932-07-01,Raphanus sativus L.,TRUE
1426129425,74357,CAS,74357,About 0.5 mile inland from Sea Cliff Beach State Park which is between Santa Cruz and Watsonville.,1953-02-01,Raphanus sativus L.,TRUE
1426128906,74193,CAS,74193,"Sierra Nevada. Willow Valley on Upper Castle Creek, 0.3 mile north of Highway 80 and 1.5 mile north of Norden.",1966-08-30,Raphanus raphanistrum L.,TRUE
1426128763,74319,CAS,74319,Mojave Desert. South end of Kramer Hills.,1964-05-06,Raphanus sativus L.,TRUE
1426128354,74342,CAS,74342,"Santa Cruz Peninsula. Near Lake Lagunita, Stanford University.",1897-05-24,Raphanus sativus L.,TRUE
1426128081,74223,CAS,74223,Huntington Lake and vicinity. Big Creek.,1951-08-23,Raphanus sativus L.,TRUE
1426128079,74178,CAS,74178,On road to Ione.,1958-04-18,Raphanus raphanistrum L.,TRUE
1426127165,74241,CAS,74241,Near Rawhide.,1919-04-11/1919-04-16,Raphanus sativus L.,TRUE
1426125501,74204,CAS,74204,Santa Cruz Island. Prisoners' Harbor. On north side of magazine building.,1990-04-10,Raphanus raphanistrum L.,TRUE
1426125449,74224,CAS,74224,"Temblor Range and the Western San Joaquin Valley. Old Tulare Lake Bed, 2 miles west of South Lake Farms.",1955-03-09,Raphanus sativus L.,TRUE
1426125156,74292,CAS,74292,"Highway 128 at intersection with Highway 1, along Navarro River.",1978-04-01,Raphanus sativus L.,TRUE
1426125148,74180,CAS,74180,Sierra Nevada. Dorrington.,1978-06-25,Raphanus raphanistrum L.,TRUE
1426122857,74248,CAS,74248,Berkeley.,1921-09-24,Raphanus sativus L.,TRUE
1426118255,74217,CAS,74217,Border of salt marsh west of Ventura River estuary.,1967-05-25,Raphanus raphanistrum L.,TRUE
1426116671,74239,CAS,74239,Sierra Nevada. Kern Plateau. Kennedy Meadow.,1962-09-19,Raphanus sativus L.,TRUE
1426114924,74268,CAS,74268,Browns Island. South Landing.,1978-09-19,Raphanus sativus L.,TRUE
1426114393,74214,CAS,74214,Northeast side of Herring Creek ca. 1 km. above dam at Herring Creek Reservoir.,1972-09-19,Raphanus raphanistrum L.,TRUE
1426114165,74312,CAS,74312,10 miles north of Bradley. West bank of Salinas River.,1920-05-04,Raphanus sativus L.,TRUE
1426113989,74316,CAS,74316,West Riverside.,1898-05-25,Raphanus sativus L.,TRUE
1426112569,74289,CAS,74289,Point Reyes Bird Observatory 3 miles northwest of Bolinas at Arroyo Honda. Old fields north of Old Village.,NA,Raphanus sativus L.,TRUE
1426112254,74344,CAS,74344,Santa Cruz Peninsula. Stanford University.,1907-06-21,Raphanus sativus L.,TRUE
1426111055,74333,CAS,74333,Morro.,1936-07,Raphanus sativus L.,TRUE
1426109031,74243,CAS,74243,Ventura. Along Beach.,1916-04-17,Raphanus sativus L.,TRUE
1426108707,74305,CAS,74305,Monterey Peninsula. Near bath house. Pacific Grove.,1907-06-06,Raphanus sativus L.,TRUE
1426107692,74356,CAS,74356,Vacant lot at Capitola.,1950-03-30,Raphanus sativus L.,TRUE
1426107622,74198,CAS,74198,Anderson.,1913-05-19,Raphanus raphanistrum L.,TRUE
1426106151,74290,CAS,NA,Tiburon Peninsula. Tiburon.,1961-02-25,Raphanus sativus L.,TRUE
1426105532,74218,CAS,74218,"Side of Maricopa Road north of and near Fairview Road crossing, Meiners Oaks.",1967-06-16,Raphanus raphanistrum L.,TRUE
1426105410,74271,CAS,74271,"Eastern San Joaquin Valley. Bear Mountain Boulevard, 5.3 miles east of Arvin.",1957-03-27,Raphanus sativus L.,TRUE
1426104941,74362,CAS,74362,Brooksdale to Santa Cruz.,1921-08-13,Raphanus sativus L.,TRUE
1426102400,74301,CAS,74301,Monterey Peninsula. Carmel-By-The-Sea.,1910-03-28,Raphanus sativus L.,TRUE
1426101729,74256,CAS,74256,Niles Canyon and vicinity. Vallejo Mills Park.,1968-01-18,Raphanus sativus L.,TRUE
1426098859,74284,CAS,74284,Tiburon. John Thomas Howell Botanical Garden. Just north of garden area.,1966-05-25,Raphanus sativus L.,TRUE
1426098328,74208,CAS,74208,Around Stanford.,1946-07-27,Raphanus raphanistrum L.,TRUE
1426098230,74181,CAS,74181,Sierra Nevada. Shingle Springs.,1954-05-16,Raphanus raphanistrum L.,TRUE
1426097228,74182,CAS,74182,"Along Carson Road, northeast of Placerville.",1977-08-07,Raphanus raphanistrum L.,TRUE
1426097147,74237,CAS,74237,"Near the dirt road that leads to the gravel pit, about 0.25 mile southwest of the Myers home, Myers Ranch, Sutter Buttes",1982-04-24,Raphanus sativus L.,TRUE
1426096984,74245,CAS,74245,Albany Key R. Station.,1921-09-17,Raphanus sativus L.,TRUE
1426096463,74308,CAS,74308,Monterey Peninsula. Yankee Point.,1955-03-06,Raphanus sativus L.,TRUE
1426093789,74200,CAS,74200,"Pepperwood Ranch Natural Preserve, 3500 Franz Valley Road, Santa Rosa.",1986-12-17,Raphanus raphanistrum L.,TRUE
1426093160,74176,CAS,74176,"Ca. 7.2 miles east of Alpine Lake Lodge, south of Ebbetts Pass Highway.",1964-07-29,Raphanus raphanistrum L.,TRUE
1426092247,74244,CAS,74244,"Berkeley, Campus.",1921-09-15,Raphanus sativus L.,TRUE
1426091895,74323,CAS,74323,San Francisco. North base of Lone Mountain.,1957-05-26,Raphanus sativus L.,TRUE
1426091732,74304,CAS,74304,Monterey Peninsula. Chinatown. Pacific Grove.,1907-07-01,Raphanus sativus L.,TRUE
1426091298,74347,CAS,74347,Stanford University Campus.,1949-03-31,Raphanus sativus L.,TRUE
1426090778,74238,CAS,74238,Sutter Buttes. Near Dean Place.,1981-04-20,Raphanus sativus L.,TRUE
1426089812,74265,CAS,74265,"Peter Ahart Ranch, Honcut.",1980-03-22,Raphanus sativus L.,TRUE
1426089182,74288,CAS,74288,"Angel Island. Below East Garrison, east side of island.",1967-05-02,Raphanus sativus L.,TRUE
1426088375,74293,CAS,74293,"Highway 128 at intersection with Highway 1, along Navarro River.",1978-04-01,Raphanus sativus L.,TRUE
1426087919,74263,CAS,74263,Low hills 8 miles north of Oroville.,1914-03-16,Raphanus sativus L.,TRUE
1426087292,74195,CAS,74195,San Francisco. Sand dunes at 37th Avenue between Ortega and Quintara Streets. Eastern edge of area.,1952-05-29,Raphanus raphanistrum L.,TRUE
1426087001,74259,CAS,74259,"Schmidt Tract, Berkeley.",1925-05-07,Raphanus sativus L.,TRUE
1426086517,74253,CAS,74253,Niles Canyon and vicinity.,1967-06-14,Raphanus sativus L.,TRUE
1426085289,74179,CAS,74179,"Peter Ahart Ranch, Honcut.",1980-04-19,Raphanus raphanistrum L.,TRUE
1426082446,74324,CAS,74324,Farallon Islands near the Dome.,1993-10-05,Raphanus sativus L.,TRUE
1426081892,74281,CAS,74281,"Avalon, Santa Catalina Island.",1915-06-13,Raphanus sativus L.,TRUE
1426079539,74297,CAS,74297,Kaisen District.,1903-06,Raphanus sativus L.,TRUE
1426078379,74325,CAS,74325,"San Francisco. Russian Hill, north slope.",1957-10-06,Raphanus sativus L.,TRUE
1426078334,74309,CAS,74309,Monterey Peninsula. Chinatown. Pacific Grove.,1907-07-01,Raphanus sativus L.,TRUE
1426076904,74251,CAS,74251,The Garden of Anson and Anita Blake. Berkeley.,1943-04-04,Raphanus sativus L.,TRUE
1426076503,74186,CAS,74186,Sierra Nevada. Miller Meadow.,1958-08-10,Raphanus raphanistrum L.,TRUE
1426075894,74191,CAS,74191,Indian Springs.,1961-08-13,Raphanus raphanistrum L.,TRUE
1426075858,74233,CAS,74233,Mountains adjacent to Santa Barbara. Prado Ranch.,1913-08,Raphanus sativus L.,TRUE
1426074512,74177,CAS,74177,Vicinity of Ione.,1904-09,Raphanus raphanistrum L.,TRUE
1426072741,74302,CAS,74302,Monterey Peninsula. Carmel-By-The-Sea.,1910-03-28,Raphanus sativus L.,TRUE
1426071723,74183,CAS,74183,Patrick's Point State Park.,1936-06-11,Raphanus raphanistrum L.,TRUE
1426070762,74194,CAS,74194,"West side of Lone Mountain, San Francisco.",1950-05-20,Raphanus raphanistrum L.,TRUE
1426070553,74184,CAS,74184,"Eastern San Joaquin Valley. Greenfield Road, 1.5 mile east of Pumpkin Center.",1959-04-01,Raphanus raphanistrum L.,TRUE
1426070464,74283,CAS,74283,"Near north-central portion of the property, LASCA.",1949-03-17,Raphanus sativus L.,TRUE
1426069941,74199,CAS,74199,"Southern part of Sea Ranch, northwestern part of county, about 7 miles south of Gualala.",1976-06-16/1976-06-17,Raphanus raphanistrum L.,TRUE
1426069674,74257,CAS,74257,Niles Canyon and vicinity. William's Ranch.,1968-10-08,Raphanus sativus L.,TRUE
1426069535,74234,CAS,74234,Santa Cruz Island. Cattle barnyard in Canyon Cervada.,1961-03-12,Raphanus sativus L.,TRUE
1426069045,74286,CAS,74286,"East end of Limantour Spit, Drakes Bay.",1969-05-28,Raphanus sativus L.,TRUE
1426068648,74313,CAS,74313,Sierra Nevada. Beckwourth.,1961-09-24,Raphanus sativus L.,TRUE
1426067740,74216,CAS,74216,Ventura River Basin. Fairview Road.,1947-02-16,Raphanus raphanistrum L.,TRUE
1426067251,74192,CAS,74192,"Tahoe Forest. Near Central House, top of ridge.",1926-03-31,Raphanus raphanistrum L.,TRUE
1426066605,74310,CAS,74310,Santa Lucia Mountains. Gamboa Point Section. Landels-Hill Big Creek Reserve. Along the caretaker's driveway near Hwy 1.,1982-04-30,Raphanus sativus L.,TRUE
1426066244,74320,CAS,74320,San Francisco. Summit ridge of Bayview Hills.,1956-06-17,Raphanus sativus L.,TRUE
1426065885,74343,CAS,74343,"Santa Cruz Peninsula. Near Lake Lagunita, Stanford University.",1897-05-24,Raphanus sativus L.,TRUE
1426065574,74276,CAS,74276,Wayside - Long Beach.,1891,Raphanus sativus L.,TRUE
1426065489,74314,CAS,74314,"Sierra Nevada. Onion Valley, La Porte road.",1980-09-21,Raphanus sativus L.,TRUE
1426065369,74303,CAS,74303,Monterey Peninsula. Carmel Valley.,1910-04-26,Raphanus sativus L.,TRUE
1426065135,74327,CAS,74327,"Along 19th Avenue near Lawton Street, San Francisco.",1955-01-17,Raphanus sativus L.,TRUE
1426063485,74352,CAS,74352,Stanford University. Above Stock Farm.,1895-04-06,Raphanus sativus L.,TRUE
1426063110,74225,CAS,74225,"Temblor Range and the Western San Joaquin Valley. Old Tulare Lake Bed, 2 miles west of South Lake Farms.",1955-03-09,Raphanus sativus L.,TRUE
1426062168,74359,CAS,74359,Northern end of Hilton Airport between airstrip and highway.,1954-04-10,Raphanus sativus L.,TRUE
1426058898,74203,CAS,74203,Sierra Nevada. 0.1 mile east of Fowler.,1978-10-30,Raphanus raphanistrum L.,TRUE
1426056581,74350,CAS,74350,West of Anatomy Building. Stanford Campus.,1953-04-05,Raphanus sativus L.,TRUE
1426053916,74258,CAS,74258,Niles Canyon and vicinity. East end of sand bag levee.,1969-03-01,Raphanus sativus L.,TRUE
1426053568,74275,CAS,74275,"White Wolf Grade, ca. 1 mile below the Tehachapi Freeway, Tehachapi Mountains.",1967-04-30,Raphanus sativus L.,TRUE
1426052916,74261,CAS,74261,East Oakland Hills.,1902-04,Raphanus sativus L.,TRUE
1426052163,74353,CAS,74353,Davenport Landing.,1950-03-27,Raphanus sativus L.,TRUE
1424424739,RB00072926,JBRJ,NA,"Florida, Jefferson - Sandy open roadside of US 98 at jct of Fla 59; 8 m E of Newport.",1980-03-24,Raphanus raphanistrum L.,TRUE
1424424381,RB00072846,JBRJ,NA,"MASSACHUSETTS, HAMPSHIRE COUNTY.",1979-07-05,Raphanus raphanistrum L.,TRUE
1322865554,US 260048,US,NA,Reform School vicinity,1895-08-04,Raphanus sativus L.,TRUE
1320891896,US 2008186,US,NA,"Near Broad Run, S of Thorofare Gap, W slope of Bull Run Mts. Bull Run Mts.",1950-06-18,Raphanus raphanistrum L.,TRUE
1320720385,US 349780,US,NA,waste ground,1899-09-21,Raphanus sativus L.,TRUE
1320492625,US 320539,US,US 320539,Oakland.,1864-04,Raphanus sativus L.,TRUE
1319887253,US 2348151,US,NA,Eastern Avenue north of Carroll,1960-06-11,Raphanus raphanistrum L.,TRUE
1319335271,US 1895386,US,NA,"Bladensburg, Decatur Heights, 4003 53 St, Leonard garden",1945-06-26,Raphanus sativus L.,TRUE
1319322765,US 127899,US,NA,Georgetown College grounds,1878-05-10,Raphanus sativus L.,TRUE
1319042509,US 1895387,US,NA,"Bladensburg, Decatur Heights, 4003 53 St, Leonard garden",1945-06-26,Raphanus sativus L.,TRUE
1319030771,US 2919303,US,NA,"Arlington, 3000 7th St, Allard's garden",1955-05-19,Raphanus sativus L.,TRUE
1318609082,US 308309,US,NA,Reform School vicinity,1895-08-04,Raphanus sativus L.,TRUE
1318197825,US 320538,US,US 320538,"Camp 69, Walnut Creek.",1862-04-30,Raphanus sativus L.,TRUE
1317467273,US 2344378,US,NA,"Greenspring Ave. and Hillside Rd, Cornfield",1954-10-10,Raphanus raphanistrum L.,TRUE
1317435485,US 3217612,US,NA,5 5/8 mi. from Fairfax County Courthouse,1946-06-30,Raphanus sativus L.,TRUE
1269721852,LSU00114378,LSU,5747952,"Rockefeller State Wildlife Refuge and Game Preserve; Found at end of road, Rockefeller Refuge Laboratory Compound.; Rockefeller Wildlife Refuge",1995-04-07,Raphanus raphanistrum L.,TRUE
1269713317,LSU00097330,LSU,5739382,"Princes Bay, S. I., New York.",1940-08-20,Raphanus raphanistrum L.,TRUE
1269705380,LSU00084638,LSU,5731465,"Central Florida Expt. Station; Plant growing in cultivated field; Central Florida Experiment Station, Sanford farm.",1965-11-30,Raphanus raphanistrum L.,TRUE
1269705374,LSU00084642,LSU,5731469,unspecified,NA,Raphanus sativus L.,TRUE
1269705365,LSU00084635,LSU,5731462,Davis; Tulip Lane.,1975-04-06,Raphanus raphanistrum L.,TRUE
1269705358,LSU00084637,LSU,5731464,"6 mi. NW of Lisbon on secondary road, 1.2 mi. E of Emaraldo.",1974-04-21,Raphanus raphanistrum L.,TRUE
1269705347,LSU00084636,LSU,5731463,"Hadley; Waste ground, S. Maple St. near RR crossing.",1978-07-07,Raphanus raphanistrum L.,TRUE
1269705339,LSU00084641,LSU,5731468,"On Hwy 128, 7 mi. W of Winters.",1965-04-04,Raphanus sativus L.,TRUE
1269705327,LSU00084639,LSU,5731466,"Homestead; Growing on bare soil in a highly disturbed vacant lot, SW 304 St. - 157 Ave.",1983-12-18,Raphanus raphanistrum L.,TRUE
1269705324,LSU00084640,LSU,5731467,Bienville National Forest; Common adventive in young rye grass sown along I-20W W of Lake.,1993-01-03,Raphanus raphanistrum L.,TRUE
1269680439,LSU00057264,LSU,5706592,"Natchitoches vicinity, at first exit on I-40 south of this town's exit. Along shoulder of interstate highway only.",2003-03-21,Raphanus sativus L.,TRUE
1269680118,LSU00056915,LSU,5706264,"Farr Park and Horse Activity Center; BREC Horse Activity Center on River Road, Baton Rouge.",1987-02-16,Raphanus raphanistrum L.,TRUE
1269680109,LSU00056916,LSU,5706265,"Farr Park and Horse Activity Center; BREC Horse Activity Center on River Road, Baton Rouge.",1987-02-16,Raphanus raphanistrum L.,TRUE
1269680097,LSU00056917,LSU,5706266,"Southdown Plain, Houma.",1941-02-10,Raphanus L.,TRUE
1269678712,LSU00055819,LSU,5704881,"I-12 E to I-55 N, right onto LA 1048 E, left onto 51 S, left onto 10 E, left onto Oilfield Rd., right onto Verberne Rd., across form Walker's mailbox.",1995-03-21,Raphanus raphanistrum L.,TRUE
1269676836,LSU00053709,LSU,5702980,Probably Louisiana.,NA,Raphanus sativus L.,TRUE
1269676388,LSU00053541,LSU,5702562,"On the BREC Bluebonnet Swamp Nature Center property, west of Bluebonnet Parkway NW of the intersection with Highland Road. Near boardwalk main entrance trail. Growin in ""meadow"" near east edge.",1998-04-02,Raphanus raphanistrum L.,TRUE
1269671098,LSU00046233,LSU,5697244,"Collected along paved road to Hilltop Missionary Baptist Church, 0.8 mi N of LA 436; east of Pine.",1991-03-26,Raphanus raphanistrum L.,TRUE
1269671088,LSU00046230,LSU,5697241,"Along LA 16, 1.1 road miles east of junction of LA 16 and LA 445; east of Holton.",1991-03-26,Raphanus raphanistrum L.,TRUE
1269671087,LSU00046236,LSU,5697247,Near Innis.,1966-03-26,Raphanus sativus L.,TRUE
1269671086,LSU00046232,LSU,5697243,"Along both sides of LA 13 just E of Parish Rd. 9-35 at Cossinade, ca. 2.5 mi N of jct. LA 13 and LA 14.",1983-03-25,Raphanus raphanistrum L.,TRUE
1269671078,LSU00046229,LSU,5697240,"Southeastern/SLU campus; Southeastern Louisiana University campus, at entrance to North Campus Recreational Complex along N Oak St., Hammond.",1997-03-06,Raphanus raphanistrum L.,TRUE
1269671076,LSU00046226,LSU,5697237,"South of LA 15 on Richland Plantation, 1.5 mi E of Rhymes and LA 133.",1984-05-08,Raphanus raphanistrum L.,TRUE
1269671074,LSU00046234,LSU,5697245,"North of White Castle, Hwy 1.",1969-03-19,Raphanus sativus L.,TRUE
1269671072,LSU00046235,LSU,5697246,"403 Stevenson Drive, N of Monroe.",1972-05-02,Raphanus sativus L.,TRUE
1269671071,LSU00046228,LSU,5697239,About 1 1/4 mi E of Pine Grove.,1972-02-27,Raphanus raphanistrum L.,TRUE
1269671063,LSU00046231,LSU,5697242,"Along LA 16, 5.2 road miles west of Tchefuncte River. East of Holton.",1991-04-06,Raphanus raphanistrum L.,TRUE
1269671061,LSU00046222,LSU,5697233,"BREC Horse Activity Center on River Road, Baton Rouge.",1987-02-16,Raphanus raphanistrum L.,TRUE
1269671059,LSU00046225,LSU,5697236,In median of I-20 just West of Thomas Road exit in West Monroe.,1992-12-24,Raphanus raphanistrum L.,TRUE
1269671056,LSU00046227,LSU,5697238,"Along Illinois Central railroad at jct with Destrehan Avenue, Destrehan.",1983-04-24,Raphanus raphanistrum L.,TRUE
1269671055,LSU00046221,LSU,5697232,"BREC Horse Activity Center on River Road, Baton Rouge.",1987-02-16,Raphanus raphanistrum L.,TRUE
1269671048,LSU00046223,LSU,5697234,Profit Island.,1973-11-02,Raphanus raphanistrum L.,TRUE
1269671041,LSU00046224,LSU,5697235,At Jct. of Hwy 11 and IH-10,1976-05-25,Raphanus raphanistrum L.,TRUE
1269669296,LSU00046169,LSU,5695436,Baton Rouge,NA,Raphanus sativus L.,TRUE
1261306320,59247,MO,NA,"T15S R1W. Monterey quad. Along RR tracks opposite Hopkins Marine Station, at Pt Cabrillo, Pacific Grove. Sea level.",1982-11-11,Raphanus raphanistrum L.,TRUE
1261304506,59113,MO,NA,Weedy or cultivated plants of Chico.,NA,Raphanus sativus L.,TRUE
1261304481,59105,MO,NA,Weedy or cultivated plants of Chico.,NA,Raphanus raphanistrum L.,TRUE
1261293959,58125,MO,NA,Chico.,1975-03-25,Raphanus raphanistrum L.,TRUE
1261293516,58097,MO,NA,Chico.,1975-03-25,Raphanus sativus L.,TRUE
1258876239,1639607,UMO,NA,"Collected on westwood blvd., 2 Blocks south of santa monica blvd.",1941-02-22,Raphanus sativus L.,TRUE
1258876058,1639439,UMO,NA,Collected at palos verdes,1937-03-14,Raphanus sativus L.,TRUE
1258875927,1639322,UMO,NA,Collected n. Side of welshire on .5 block e. Of manning in a vacant lot. Los angeles.,1947-03-19,Raphanus sativus L.,TRUE
1258875847,1639243,UMO,NA,"N. Bank of willamette river, eugene. (Under freeway bridge) moist to dry rocky wasteland in full sun. Lupinus and grasses.",1971-05-14,Raphanus sativus L.,TRUE
1258875806,1639211,UMO,NA,1.1 mi. N. Of the orchards on hwy 503. Grassy meadow. Petals purple with purple veins.,1973-05-30,Raphanus sativus L.,TRUE
1258875734,1639130,UMO,NA,1.i mi. N. Of orchards on hwy 503. Grassy meadow. Petals white with purple veins.,1973-05-30,Raphanus sativus L.,TRUE
1258875638,1639048,UMO,NA,Collected at andrew brydon's corona delmar rancho near goleta calif.,1973-06-10,Raphanus sativus L.,TRUE
1258875513,1638930,UMO,NA,"Rocky outcrop adjacent to beach. Some shrubby pine and arbutus. Near harling pt. Below gonzales hill, victoria v. I.",1973,Raphanus raphanistrum L.,TRUE
1258875386,1638828,UMO,NA,"Unplowed soybean field s. Of la. 15 On richland plantation, 1.5 mi. W. Of rhymes and la. 133, Sec 10, t16n, r5e.",1984-05-08,Raphanus raphanistrum L.,TRUE
1258875245,1638672,UMO,NA,"Weed in citrus grove along edge of hutchinson rd, near 2.0 mi. N. Of tampa. T27s, r17e, s25 nw of se",1981-03-22,Raphanus raphanistrum L.,TRUE
1258875151,1638603,UMO,NA,Collected on north side of wilshire .5 block e. Of manning in a vacant lot.,1947-03-19,Raphanus raphanistrum L.,TRUE
1258875037,1638501,UMO,NA,"Waste ground, daymon rd near railroad, northampton.",1979-07-05,Raphanus raphanistrum L.,TRUE
1258874995,1638461,UMO,NA,"Along fla 561, 3.5 mi. N. Of astatula. T20s, r26e, sec 8, nw 1/4 sw 1/4. Weed along roadside. Flowers white.",1981-03-23,Raphanus raphanistrum L.,TRUE
1258874909,1638374,UMO,NA,Corolla yellow. Disturbed open area at odiorne st. Park.,1976-06-02,Raphanus raphanistrum L.,TRUE
1258797371,1566755,UMO,NA,Collected at palos verdes,1937-03-14,Raphanus sativus L.,TRUE
1258713809,1490557,MO,NA,"Davis Farmers' Market, Davis, CA.",2000-10-07,Raphanus sativus L.,TRUE
1258713747,1490476,MO,NA,"Davis Farmers' Market, Davis, CA.",2000-09-27,Raphanus sativus L.,TRUE
1258713741,1490473,MO,NA,"Davis Farmers' Market, Davis, CA.",2000-09-27,Raphanus sativus L.,TRUE
1258713729,1490471,MO,NA,"Davis Farmers' Market, Davis, CA.",2000-09-27,Raphanus sativus L.,TRUE
1258626304,1402002,MO,NA,"City of San Gabriel. Hawaii Supermarket: 120 East Valley Boulevard: San Gabriel, CA: 91776: (626) 307-0062 - phone.",1999-10-14,Raphanus sativus L.,TRUE
1258625022,1400822,MO,NA,"Winter Park. Farmers' Market, off New York Ave. between New England Ave. and Lyman Ave. Open Saturday mornings.",1999-12-18,Raphanus sativus L.,TRUE
1258611426,1388543,MO,NA,"Uwajimaya, Inc. 519 6th St. South, Seattle, WA 98104, (206) 624-6248.",1999-11-05,Raphanus sativus L.,TRUE
1258611396,1388534,MO,NA,"Uwajimaya, Inc. 519 6th St. South, Seattle, WA 98104, (206) 624-6248.",1999-11-05,Raphanus L.,TRUE
1258601759,1379748,MO,NA,"Berkeley. Spring Wind Herb Company, 2325 Fourth St. #6, 94710, phone (800) 588-4883. Wholesale distributor of Chinese herbs.",1999-10-25,Raphanus sativus L.,TRUE
1258599260,1377455,MO,NA,"Miami. Norman Brothers Produce, 7621 SW 87th Ave.",1999-10-08,Raphanus L.,TRUE
1258588663,1367932,MO,NA,"Seattle. Uwajimaya, Inc., 519 6th S.",1999-07-14,Raphanus sativus L.,TRUE
1258520903,1305185,MO,NA,"Ivacco Food Market, 1501 Pike Place, Seattle.",1998-11-15,Raphanus L.,TRUE
1258123491,100793984,MO,NA,"between Gainesville and Archer, 0.2 mile east of the Levy county line on FL 24.",2008-04-17,Raphanus raphanistrum L.,TRUE
1258123476,100793985,MO,NA,"Waccasassa Bay State Preserve; T 15S R 15E S1 & S11; Fiber Factory Road (dirt road, 4 km are state-owned), north of Cow Creek; forested and grazed roadsides, often wet.",1997-02-16,Raphanus raphanistrum L.,TRUE
1258123455,100793983,MO,NA,"Snipe Island Unit, Big Bend Wildlife Management Area; south off U.S. 98 on Mandalay Road, then NW in powerline right of way.",2004-03-23,Raphanus raphanistrum L.,TRUE
1258123445,100793987,MO,NA,"Gainesville: University of Florida campus, along edge of agricultural field southeast of junction of Museum Road and Center Drive.",1995-12-11,Raphanus raphanistrum L.,TRUE
1258000786,100658711,MO,NA,Brooksville Exp. Stn.,1997-04-15,Raphanus raphanistrum L.,TRUE
1257966959,100623478,MISS,NA,"Geneva Co.:  7.5 miles West of Geneva, abundant in old field.",1967-03-12,Raphanus raphanistrum L.,TRUE
1257925581,100581259,MISS,NA,"Houston Co.:  Ca. 6-7 mi. E of Ashford; Roadside of Hwy 84 at 0.2 mi. E of junction  with Hwy 81;  T2N,  R29E,  S15. Ocassional in area of Hwy construction; growing with Triticum aestivum, Avena sativa, Raphanus raphanistrum,& Brassica napus.",1998-03-09,Raphanus sativus L.,TRUE
1257579850,100227594,IBE,NA,"Leaf River Wildlife Management area, ca 7 mi SW of Leaf, FS Rd 353, NE4 S34, food plot in longleaf pine stand.",1978-04-26,Raphanus raphanistrum L.,TRUE
1257522411,100165215,IBE,NA,"Thomasville (W side of town, along Cairo highway).",1966-03-31,Raphanus raphanistrum L.,TRUE
1231087081,2010-0016920,W,NA,"USA, California, Contra Costa County, Carquinez Strait: Crockett, Under Zampa (Carquinez) Bridge.",2008-03-30,Raphanus sativus L.,TRUE
1231087025,2010-0013492,W,NA,"United States of America, Oregon, Lane Co., Clear Lake Road, about a mile south of Canary Road.",2000-05-07,Raphanus raphanistrum L.,TRUE
1231087011,2010-0013474,W,NA,"United States of America, Oregon, Lane Co., Clear Lake Road, about a mile south of Canary Road.",2000-05-07,Raphanus raphanistrum L.,TRUE
1144760802,G00302235,CJBG,NA,NA,1999-06-23,Raphanus maritimus Sm.,TRUE
1095591506,265106,MBM,NA,California.,2000-04-05,Raphanus sativus L.,TRUE
1090320385,37471,BPBM,NA,"San Diego Co.,; opp. Collwood Park, Montezuma Ave.",1968-06-28,Raphanus raphanistrum L.,TRUE
1090257318,744389,BPBM,NA,NA,1918,Raphanus sativus L.,TRUE
1086616831,11016,UFPR,NA,"Daymon Road near railroad, Northampton.",1979-07-05,Raphanus raphanistrum L.,TRUE
1077512109,1530,IPA,NA,"Riverside, weed of waste places.",1935,Raphanus sativus L.,TRUE
1055072924,30126,KSTC,NA,"Crescent City, H St",1970-08-21,Raphanus sativus L.,TRUE
1038997332,CBS.024829,YPM,NA,waste ground,1907-07-13,Raphanus sativus L.,TRUE
1038985991,YU.057329,YPM,NA,Edgewood Park,1979-10-31,Raphanus raphanistrum L.,TRUE
1038968471,CBS.024827,YPM,NA,near railroad station,1909-11-02,Raphanus raphanistrum L.,TRUE
1038966001,CBS.024824,YPM,NA,Berlin Street,1896-08-22,Raphanus raphanistrum L.,TRUE
1038959929,CBS.024819,YPM,NA,South Meadow,1908-07-11,Raphanus raphanistrum L.,TRUE
1038936885,CBS.024828,YPM,NA,North Main Street,1894-08,Raphanus sativus L.,TRUE
1038931688,CBS.024815,YPM,NA,along railroad,1893-08,Raphanus raphanistrum L.,TRUE
1038918099,YU.057324,YPM,NA,Roadside at mountain view,1902-06-26,Raphanus raphanistrum L.,TRUE
894984655,12153,University of Lethbridge,NA,Located 2 mi e of Dairyville,1968-04-20,Raphanus sativus L.,TRUE
894984604,12151,University of Lethbridge,NA,"e side bus loop 5, ca. 7 mi s Redding City limit sign",1968-03-08,Raphanus raphanistrum L.,TRUE
894984579,12150,University of Lethbridge,NA,"Daymon Road near railroad, Northampton",1979-07-05,Raphanus raphanistrum L.,TRUE
473335084,MT00138500,UdeM,NA,"Entrée de Georges, MNWR Highgate, baie Missisquoi",1976-07-28,Raphanus raphanistrum L.,TRUE
415733740,363320,KU,NA,"Williams, by jct of 5th Street & B Street",2007-03-22,Raphanus × micranthus O.E.Schulz,TRUE
415733727,365328,KU,NA,"On E side of Jaeger Road, ca 0.5 mi S of Douglas Boulevard, ca 1 mi E of Sunrise Boulevard, Sacramento",2002-05-01,Raphanus × micranthus O.E.Schulz,TRUE
353271338,366194,KU,NA,"Pavo, 11.7 mi W",2005-03-25,Raphanus raphanistrum L.,TRUE
233101502,359547,KU,NA,"By US 84, W side of Cairo",2002-03-20,Raphanus raphanistrum L.,TRUE
233101501,359548,KU,NA,"By US 84, W side of Cairo",2002-03-20,Raphanus raphanistrum L.,TRUE
231000172,HRIGRU 12754,GBR006,NA,* SCATTERSEED PROJECT,NA,Raphanus sativus L.,TRUE
231000152,71358,GBR004,NA,California,NA,Raphanus sativus L.,TRUE
231000105,NC060404,ESP003,NA,"Los Angeles, California",NA,Raphanus sativus L.,TRUE
231000069,NC067316,ESP003,NA,Iowa,NA,Raphanus sativus L.,TRUE
136559274,K 7590,DEU146,NA,"Riverside, California",NA,Raphanus sativus L.,TRUE
136559271,K 7591,DEU146,NA,"Moreno Valley, California",NA,Raphanus sativus L.,TRUE
136559192,RA 387,DEU146,NA,"San Rafael, Marin County, Californien, USA",NA,Raphanus sativus L.,TRUE
122994729,137279,FTG,NA,"9034 SW 5th Street, Boca Raton",1998-03-17,Raphanus sativus L.,TRUE
