path,reason,bytes,status
/Volumes/Radishes/OG_CCH2_phenology_scored_specimen_images/1000363.jpg,source_copy_already_in_scoring,4638000,deleted
/Volumes/Radishes/OG_CCH2_phenology_scored_specimen_images/1002700.jpg,source_copy_already_in_scoring,2940906,deleted
/Volumes/Radishes/OG_CCH2_phenology_scored_specimen_images/1031022.jpg,source_copy_already_in_scoring,3704384,deleted
/Volumes/Radishes/OG_CCH2_phenology_scored_specimen_images/1032722.jpg,source_copy_already_in_scoring,3709925,deleted
/Volumes/Radishes/OG_CCH2_phenology_scored_specimen_images/108810.jpg,source_copy_already_in_scoring,856094,deleted
/Volumes/Radishes/OG_CCH2_phenology_scored_specimen_images/1088339.jpg,source_copy_already_in_scoring,4551417,deleted
/Volumes/Radishes/OG_CCH2_phenology_scored_specimen_images/1089689.jpg,source_copy_already_in_scoring,4292684,deleted
/Volumes/Radishes/OG_CCH2_phenology_scored_specimen_images/1097620.jpg,source_copy_already_in_scoring,4633351,deleted
/Volumes/Radishes/OG_CCH2_phenology_scored_specimen_images/1176.jpg,source_copy_already_in_scoring,4927564,deleted
/Volumes/Radishes/OG_CCH2_phenology_scored_specimen_images/1191094.jpg,source_copy_already_in_scoring,4504613,deleted
/Volumes/Radishes/OG_CCH2_phenology_scored_specimen_images/1202028.jpg,source_copy_already_in_scoring,4133000,deleted
/Volumes/Radishes/OG_CCH2_phenology_scored_specimen_images/1209922.jpg,source_copy_already_in_scoring,3461292,deleted
/Volumes/Radishes/OG_CCH2_phenology_scored_specimen_images/1294389.jpg,source_copy_already_in_scoring,4590607,deleted
/Volumes/Radishes/OG_CCH2_phenology_scored_specimen_images/1294392.jpg,source_copy_already_in_scoring,4185138,deleted
/Volumes/Radishes/OG_CCH2_phenology_scored_specimen_images/1294394.jpg,source_copy_already_in_scoring,4310770,deleted
/Volumes/Radishes/OG_CCH2_phenology_scored_specimen_images/1294395.jpg,source_copy_already_in_scoring,4310222,deleted
/Volumes/Radishes/OG_CCH2_phenology_scored_specimen_images/1299035.jpg,source_copy_already_in_scoring,6118540,deleted
/Volumes/Radishes/OG_CCH2_phenology_scored_specimen_images/1300530.jpg,source_copy_already_in_scoring,5013316,deleted
/Volumes/Radishes/OG_CCH2_phenology_scored_specimen_images/1302899.jpg,source_copy_already_in_scoring,6736131,deleted
/Volumes/Radishes/OG_CCH2_phenology_scored_specimen_images/1310159.jpg,source_copy_already_in_scoring,5257565,deleted
/Volumes/Radishes/OG_CCH2_phenology_scored_specimen_images/1320905.jpg,source_copy_already_in_scoring,6303622,deleted
/Volumes/Radishes/OG_CCH2_phenology_scored_specimen_images/1327836.jpg,source_copy_already_in_scoring,5615743,deleted
/Volumes/Radishes/OG_CCH2_phenology_scored_specimen_images/1333957.jpg,source_copy_already_in_scoring,5065551,deleted
/Volumes/Radishes/OG_CCH2_phenology_scored_specimen_images/1336457.jpg,source_copy_already_in_scoring,5358897,deleted
/Volumes/Radishes/OG_CCH2_phenology_scored_specimen_images/1337204.jpg,source_copy_already_in_scoring,4230153,deleted
/Volumes/Radishes/OG_CCH2_phenology_scored_specimen_images/1339126.jpg,source_copy_already_in_scoring,5008143,deleted
/Volumes/Radishes/OG_CCH2_phenology_scored_specimen_images/1367983.jpg,source_copy_already_in_scoring,4416556,deleted
/Volumes/Radishes/OG_CCH2_phenology_scored_specimen_images/1367984.jpg,source_copy_already_in_scoring,5086931,deleted
/Volumes/Radishes/OG_CCH2_phenology_scored_specimen_images/1367985.jpg,source_copy_already_in_scoring,5606128,deleted
/Volumes/Radishes/OG_CCH2_phenology_scored_specimen_images/1367986.jpg,source_copy_already_in_scoring,6393590,deleted
/Volumes/Radishes/OG_CCH2_phenology_scored_specimen_images/1367988.jpg,source_copy_already_in_scoring,5189519,deleted
/Volumes/Radishes/OG_CCH2_phenology_scored_specimen_images/1367990.jpg,source_copy_already_in_scoring,4964075,deleted
/Volumes/Radishes/OG_CCH2_phenology_scored_specimen_images/1367995.jpg,source_copy_already_in_scoring,5274837,deleted
/Volumes/Radishes/OG_CCH2_phenology_scored_specimen_images/1367996.jpg,source_copy_already_in_scoring,4707886,deleted
/Volumes/Radishes/OG_CCH2_phenology_scored_specimen_images/1367997.jpg,source_copy_already_in_scoring,5381850,deleted
/Volumes/Radishes/OG_CCH2_phenology_scored_specimen_images/1367998.jpg,source_copy_already_in_scoring,6346913,deleted
/Volumes/Radishes/OG_CCH2_phenology_scored_specimen_images/1368000.jpg,source_copy_already_in_scoring,6620931,deleted
/Volumes/Radishes/OG_CCH2_phenology_scored_specimen_images/1368002.jpg,source_copy_already_in_scoring,6398693,deleted
/Volumes/Radishes/OG_CCH2_phenology_scored_specimen_images/1368003.jpg,source_copy_already_in_scoring,6708521,deleted
/Volumes/Radishes/OG_CCH2_phenology_scored_specimen_images/1368004.jpg,source_copy_already_in_scoring,7114323,deleted
/Volumes/Radishes/OG_CCH2_phenology_scored_specimen_images/1368005.jpg,source_copy_already_in_scoring,6415641,deleted
/Volumes/Radishes/OG_CCH2_phenology_scored_specimen_images/1368029.jpg,source_copy_already_in_scoring,5008699,deleted
/Volumes/Radishes/OG_CCH2_phenology_scored_specimen_images/1368032.jpg,source_copy_already_in_scoring,4981104,deleted
/Volumes/Radishes/OG_CCH2_phenology_scored_specimen_images/1368035.jpg,source_copy_already_in_scoring,5148138,deleted
/Volumes/Radishes/OG_CCH2_phenology_scored_specimen_images/1368036.jpg,source_copy_already_in_scoring,4832467,deleted
/Volumes/Radishes/OG_CCH2_phenology_scored_specimen_images/1368038.jpg,source_copy_already_in_scoring,2739026,deleted
/Volumes/Radishes/OG_CCH2_phenology_scored_specimen_images/1368039.jpg,source_copy_already_in_scoring,5970180,deleted
/Volumes/Radishes/OG_CCH2_phenology_scored_specimen_images/1368047.jpg,source_copy_already_in_scoring,3779321,deleted
/Volumes/Radishes/OG_CCH2_phenology_scored_specimen_images/1368055.jpg,source_copy_already_in_scoring,7060910,deleted
/Volumes/Radishes/OG_CCH2_phenology_scored_specimen_images/1368057.jpg,source_copy_already_in_scoring,5837076,deleted
/Volumes/Radishes/OG_CCH2_phenology_scored_specimen_images/1368058.jpg,source_copy_already_in_scoring,5793103,deleted
/Volumes/Radishes/OG_CCH2_phenology_scored_specimen_images/1372819.jpg,source_copy_already_in_scoring,4910128,deleted
/Volumes/Radishes/OG_CCH2_phenology_scored_specimen_images/1392578.jpg,source_copy_already_in_scoring,4873270,deleted
/Volumes/Radishes/OG_CCH2_phenology_scored_specimen_images/1399261.jpg,source_copy_already_in_scoring,4943346,deleted
/Volumes/Radishes/OG_CCH2_phenology_scored_specimen_images/1443125.jpg,source_copy_already_in_scoring,6465775,deleted
/Volumes/Radishes/OG_CCH2_phenology_scored_specimen_images/1443128.jpg,source_copy_already_in_scoring,4831923,deleted
/Volumes/Radishes/OG_CCH2_phenology_scored_specimen_images/1443129.jpg,source_copy_already_in_scoring,4851323,deleted
/Volumes/Radishes/OG_CCH2_phenology_scored_specimen_images/1443133.jpg,source_copy_already_in_scoring,5016682,deleted
/Volumes/Radishes/OG_CCH2_phenology_scored_specimen_images/1459126.jpg,source_copy_already_in_scoring,4949365,deleted
/Volumes/Radishes/OG_CCH2_phenology_scored_specimen_images/1459128.jpg,source_copy_already_in_scoring,5530963,deleted
/Volumes/Radishes/OG_CCH2_phenology_scored_specimen_images/1459130.jpg,source_copy_already_in_scoring,6297974,deleted
/Volumes/Radishes/OG_CCH2_phenology_scored_specimen_images/1467990.jpg,source_copy_already_in_scoring,5407346,deleted
/Volumes/Radishes/OG_CCH2_phenology_scored_specimen_images/1474357.jpg,source_copy_already_in_scoring,5945712,deleted
/Volumes/Radishes/OG_CCH2_phenology_scored_specimen_images/1474359.jpg,source_copy_already_in_scoring,4731421,deleted
/Volumes/Radishes/OG_CCH2_phenology_scored_specimen_images/1474360.jpg,source_copy_already_in_scoring,5373495,deleted
/Volumes/Radishes/OG_CCH2_phenology_scored_specimen_images/1474363.jpg,source_copy_already_in_scoring,7161693,deleted
/Volumes/Radishes/OG_CCH2_phenology_scored_specimen_images/1474364.jpg,source_copy_already_in_scoring,6096706,deleted
/Volumes/Radishes/OG_CCH2_phenology_scored_specimen_images/1474365.jpg,source_copy_already_in_scoring,4557049,deleted
/Volumes/Radishes/OG_CCH2_phenology_scored_specimen_images/1485142.jpg,source_copy_already_in_scoring,6540349,deleted
/Volumes/Radishes/OG_CCH2_phenology_scored_specimen_images/1537502.jpg,source_copy_already_in_scoring,4809360,deleted
/Volumes/Radishes/OG_CCH2_phenology_scored_specimen_images/1546416.jpg,source_copy_already_in_scoring,7078581,deleted
/Volumes/Radishes/OG_CCH2_phenology_scored_specimen_images/1548194.jpg,source_copy_already_in_scoring,4515882,deleted
/Volumes/Radishes/OG_CCH2_phenology_scored_specimen_images/1560057.jpg,source_copy_already_in_scoring,4579170,deleted
/Volumes/Radishes/OG_CCH2_phenology_scored_specimen_images/1562530.jpg,source_copy_already_in_scoring,5389685,deleted
/Volumes/Radishes/OG_CCH2_phenology_scored_specimen_images/1563687.jpg,source_copy_already_in_scoring,5849022,deleted
/Volumes/Radishes/OG_CCH2_phenology_scored_specimen_images/1575247.jpg,source_copy_already_in_scoring,6022241,deleted
/Volumes/Radishes/OG_CCH2_phenology_scored_specimen_images/1576181.jpg,source_copy_already_in_scoring,7124250,deleted
/Volumes/Radishes/OG_CCH2_phenology_scored_specimen_images/1578414.jpg,source_copy_already_in_scoring,4679318,deleted
/Volumes/Radishes/OG_CCH2_phenology_scored_specimen_images/1582894.jpg,source_copy_already_in_scoring,5573486,deleted
/Volumes/Radishes/OG_CCH2_phenology_scored_specimen_images/1583074.jpg,source_copy_already_in_scoring,5830707,deleted
/Volumes/Radishes/OG_CCH2_phenology_scored_specimen_images/1585505.jpg,source_copy_already_in_scoring,6155451,deleted
/Volumes/Radishes/OG_CCH2_phenology_scored_specimen_images/1588191.jpg,source_copy_already_in_scoring,6412911,deleted
/Volumes/Radishes/OG_CCH2_phenology_scored_specimen_images/1590780.jpg,source_copy_already_in_scoring,5945930,deleted
/Volumes/Radishes/OG_CCH2_phenology_scored_specimen_images/1591165.jpg,source_copy_already_in_scoring,4634105,deleted
/Volumes/Radishes/OG_CCH2_phenology_scored_specimen_images/1591452.jpg,source_copy_already_in_scoring,5427144,deleted
/Volumes/Radishes/OG_CCH2_phenology_scored_specimen_images/1602409.jpg,source_copy_already_in_scoring,6124863,deleted
/Volumes/Radishes/OG_CCH2_phenology_scored_specimen_images/1603927.jpg,source_copy_already_in_scoring,4790561,deleted
/Volumes/Radishes/OG_CCH2_phenology_scored_specimen_images/1606153.jpg,source_copy_already_in_scoring,4901536,deleted
/Volumes/Radishes/OG_CCH2_phenology_scored_specimen_images/1607550.jpg,source_copy_already_in_scoring,6708531,deleted
/Volumes/Radishes/OG_CCH2_phenology_scored_specimen_images/1612297.jpg,source_copy_already_in_scoring,5420706,deleted
/Volumes/Radishes/OG_CCH2_phenology_scored_specimen_images/1613574.jpg,source_copy_already_in_scoring,4585118,deleted
/Volumes/Radishes/OG_CCH2_phenology_scored_specimen_images/1613581.jpg,source_copy_already_in_scoring,6911185,deleted
/Volumes/Radishes/OG_CCH2_phenology_scored_specimen_images/1616502.jpg,source_copy_already_in_scoring,5872832,deleted
/Volumes/Radishes/OG_CCH2_phenology_scored_specimen_images/1619748.jpg,source_copy_already_in_scoring,5180160,deleted
/Volumes/Radishes/OG_CCH2_phenology_scored_specimen_images/1620243.jpg,source_copy_already_in_scoring,5092454,deleted
/Volumes/Radishes/OG_CCH2_phenology_scored_specimen_images/1620584.jpg,source_copy_already_in_scoring,6737213,deleted
/Volumes/Radishes/OG_CCH2_phenology_scored_specimen_images/1623528.jpg,source_copy_already_in_scoring,5264355,deleted
/Volumes/Radishes/OG_CCH2_phenology_scored_specimen_images/1635523.jpg,source_copy_already_in_scoring,5396163,deleted
/Volumes/Radishes/OG_CCH2_phenology_scored_specimen_images/1635613.jpg,source_copy_already_in_scoring,6289840,deleted
/Volumes/Radishes/OG_CCH2_phenology_scored_specimen_images/1635838.jpg,source_copy_already_in_scoring,5244473,deleted
/Volumes/Radishes/OG_CCH2_phenology_scored_specimen_images/1648787.jpg,source_copy_already_in_scoring,7082200,deleted
/Volumes/Radishes/OG_CCH2_phenology_scored_specimen_images/1650071.jpg,source_copy_already_in_scoring,7033825,deleted
/Volumes/Radishes/OG_CCH2_phenology_scored_specimen_images/1652556.jpg,source_copy_already_in_scoring,6649735,deleted
/Volumes/Radishes/OG_CCH2_phenology_scored_specimen_images/1652583.jpg,source_copy_already_in_scoring,4949777,deleted
/Volumes/Radishes/OG_CCH2_phenology_scored_specimen_images/1654175.jpg,source_copy_already_in_scoring,4341760,deleted
/Volumes/Radishes/OG_CCH2_phenology_scored_specimen_images/1654191.jpg,source_copy_already_in_scoring,5047687,deleted
/Volumes/Radishes/OG_CCH2_phenology_scored_specimen_images/1654256.jpg,source_copy_already_in_scoring,7116367,deleted
/Volumes/Radishes/OG_CCH2_phenology_scored_specimen_images/1655005.jpg,source_copy_already_in_scoring,6559031,deleted
/Volumes/Radishes/OG_CCH2_phenology_scored_specimen_images/1655320.jpg,source_copy_already_in_scoring,7052891,deleted
/Volumes/Radishes/OG_CCH2_phenology_scored_specimen_images/1655697.jpg,source_copy_already_in_scoring,6791049,deleted
/Volumes/Radishes/OG_CCH2_phenology_scored_specimen_images/1660267.jpg,source_copy_already_in_scoring,5694604,deleted
/Volumes/Radishes/OG_CCH2_phenology_scored_specimen_images/1660287.jpg,source_copy_already_in_scoring,6332668,deleted
/Volumes/Radishes/OG_CCH2_phenology_scored_specimen_images/1667960.jpg,source_copy_already_in_scoring,7092931,deleted
/Volumes/Radishes/OG_CCH2_phenology_scored_specimen_images/1669580.jpg,source_copy_already_in_scoring,6562515,deleted
/Volumes/Radishes/OG_CCH2_phenology_scored_specimen_images/1670844.jpg,source_copy_already_in_scoring,5955732,deleted
/Volumes/Radishes/OG_CCH2_phenology_scored_specimen_images/1671045.jpg,source_copy_already_in_scoring,4939435,deleted
/Volumes/Radishes/OG_CCH2_phenology_scored_specimen_images/1671086.jpg,source_copy_already_in_scoring,4480360,deleted
/Volumes/Radishes/OG_CCH2_phenology_scored_specimen_images/1674069.jpg,source_copy_already_in_scoring,6174747,deleted
/Volumes/Radishes/OG_CCH2_phenology_scored_specimen_images/1675351.jpg,source_copy_already_in_scoring,4745739,deleted
/Volumes/Radishes/OG_CCH2_phenology_scored_specimen_images/1675381.jpg,source_copy_already_in_scoring,4920718,deleted
/Volumes/Radishes/OG_CCH2_phenology_scored_specimen_images/1679520.jpg,source_copy_already_in_scoring,5068443,deleted
/Volumes/Radishes/OG_CCH2_phenology_scored_specimen_images/1687752.jpg,source_copy_already_in_scoring,4781779,deleted
/Volumes/Radishes/OG_CCH2_phenology_scored_specimen_images/1699178.jpg,source_copy_already_in_scoring,6790851,deleted
/Volumes/Radishes/OG_CCH2_phenology_scored_specimen_images/1702201.jpg,source_copy_already_in_scoring,4896627,deleted
/Volumes/Radishes/OG_CCH2_phenology_scored_specimen_images/1767614.jpg,source_copy_already_in_scoring,1798677,deleted
/Volumes/Radishes/OG_CCH2_phenology_scored_specimen_images/1776466.jpg,source_copy_already_in_scoring,1630900,deleted
/Volumes/Radishes/OG_CCH2_phenology_scored_specimen_images/1777507.jpg,source_copy_already_in_scoring,2317931,deleted
/Volumes/Radishes/OG_CCH2_phenology_scored_specimen_images/1777902.jpg,source_copy_already_in_scoring,1718221,deleted
/Volumes/Radishes/OG_CCH2_phenology_scored_specimen_images/1781883.jpg,source_copy_already_in_scoring,3297594,deleted
/Volumes/Radishes/OG_CCH2_phenology_scored_specimen_images/1784768.jpg,source_copy_already_in_scoring,1615740,deleted
/Volumes/Radishes/OG_CCH2_phenology_scored_specimen_images/1786214.jpg,source_copy_already_in_scoring,1579049,deleted
/Volumes/Radishes/OG_CCH2_phenology_scored_specimen_images/1800936.jpg,source_copy_already_in_scoring,1436438,deleted
/Volumes/Radishes/OG_CCH2_phenology_scored_specimen_images/1804476.jpg,source_copy_already_in_scoring,1317963,deleted
/Volumes/Radishes/OG_CCH2_phenology_scored_specimen_images/1806660.jpg,source_copy_already_in_scoring,1304881,deleted
/Volumes/Radishes/OG_CCH2_phenology_scored_specimen_images/1808927.jpg,source_copy_already_in_scoring,1527232,deleted
/Volumes/Radishes/OG_CCH2_phenology_scored_specimen_images/1808938.jpg,source_copy_already_in_scoring,1887524,deleted
/Volumes/Radishes/OG_CCH2_phenology_scored_specimen_images/1808949.jpg,source_copy_already_in_scoring,1506683,deleted
/Volumes/Radishes/OG_CCH2_phenology_scored_specimen_images/1808960.jpg,source_copy_already_in_scoring,1900477,deleted
/Volumes/Radishes/OG_CCH2_phenology_scored_specimen_images/1808970.jpg,source_copy_already_in_scoring,1364497,deleted
/Volumes/Radishes/OG_CCH2_phenology_scored_specimen_images/1826582.jpg,source_copy_already_in_scoring,1976835,deleted
/Volumes/Radishes/OG_CCH2_phenology_scored_specimen_images/1826642.jpg,source_copy_already_in_scoring,2431839,deleted
/Volumes/Radishes/OG_CCH2_phenology_scored_specimen_images/1828885.jpg,source_copy_already_in_scoring,1400399,deleted
/Volumes/Radishes/OG_CCH2_phenology_scored_specimen_images/1895626.jpg,source_copy_already_in_scoring,1099651,deleted
/Volumes/Radishes/OG_CCH2_phenology_scored_specimen_images/1896191.jpg,source_copy_already_in_scoring,685558,deleted
/Volumes/Radishes/OG_CCH2_phenology_scored_specimen_images/202448.jpg,source_copy_already_in_scoring,4346664,deleted
/Volumes/Radishes/OG_CCH2_phenology_scored_specimen_images/202449.jpg,source_copy_already_in_scoring,6579105,deleted
/Volumes/Radishes/OG_CCH2_phenology_scored_specimen_images/202450.jpg,source_copy_already_in_scoring,6823850,deleted
/Volumes/Radishes/OG_CCH2_phenology_scored_specimen_images/202454.jpg,source_copy_already_in_scoring,6612204,deleted
/Volumes/Radishes/OG_CCH2_phenology_scored_specimen_images/202456.jpg,source_copy_already_in_scoring,6596532,deleted
/Volumes/Radishes/OG_CCH2_phenology_scored_specimen_images/202457.jpg,source_copy_already_in_scoring,6831289,deleted
/Volumes/Radishes/OG_CCH2_phenology_scored_specimen_images/202458.jpg,source_copy_already_in_scoring,4643020,deleted
/Volumes/Radishes/OG_CCH2_phenology_scored_specimen_images/202459.jpg,source_copy_already_in_scoring,6792441,deleted
/Volumes/Radishes/OG_CCH2_phenology_scored_specimen_images/202462.jpg,source_copy_already_in_scoring,4713588,deleted
/Volumes/Radishes/OG_CCH2_phenology_scored_specimen_images/202463.jpg,source_copy_already_in_scoring,6614634,deleted
/Volumes/Radishes/OG_CCH2_phenology_scored_specimen_images/202464.jpg,source_copy_already_in_scoring,4686389,deleted
/Volumes/Radishes/OG_CCH2_phenology_scored_specimen_images/202466.jpg,source_copy_already_in_scoring,4862755,deleted
/Volumes/Radishes/OG_CCH2_phenology_scored_specimen_images/202467.jpg,source_copy_already_in_scoring,4381319,deleted
/Volumes/Radishes/OG_CCH2_phenology_scored_specimen_images/202468.jpg,source_copy_already_in_scoring,4534504,deleted
/Volumes/Radishes/OG_CCH2_phenology_scored_specimen_images/202469.jpg,source_copy_already_in_scoring,5084981,deleted
/Volumes/Radishes/OG_CCH2_phenology_scored_specimen_images/202470.jpg,source_copy_already_in_scoring,4563714,deleted
/Volumes/Radishes/OG_CCH2_phenology_scored_specimen_images/202471.jpg,source_copy_already_in_scoring,5651209,deleted
/Volumes/Radishes/OG_CCH2_phenology_scored_specimen_images/202474.jpg,source_copy_already_in_scoring,4870625,deleted
/Volumes/Radishes/OG_CCH2_phenology_scored_specimen_images/202475.jpg,source_copy_already_in_scoring,6072395,deleted
/Volumes/Radishes/OG_CCH2_phenology_scored_specimen_images/202477.jpg,source_copy_already_in_scoring,6864294,deleted
/Volumes/Radishes/OG_CCH2_phenology_scored_specimen_images/202478.jpg,source_copy_already_in_scoring,7163502,deleted
/Volumes/Radishes/OG_CCH2_phenology_scored_specimen_images/202479.jpg,source_copy_already_in_scoring,4412183,deleted
/Volumes/Radishes/OG_CCH2_phenology_scored_specimen_images/202480.jpg,source_copy_already_in_scoring,6920638,deleted
/Volumes/Radishes/OG_CCH2_phenology_scored_specimen_images/202481.jpg,source_copy_already_in_scoring,4486729,deleted
/Volumes/Radishes/OG_CCH2_phenology_scored_specimen_images/202482.jpg,source_copy_already_in_scoring,4456536,deleted
/Volumes/Radishes/OG_CCH2_phenology_scored_specimen_images/202483.jpg,source_copy_already_in_scoring,6980747,deleted
/Volumes/Radishes/OG_CCH2_phenology_scored_specimen_images/202484.jpg,source_copy_already_in_scoring,6536597,deleted
/Volumes/Radishes/OG_CCH2_phenology_scored_specimen_images/202487.jpg,source_copy_already_in_scoring,5159027,deleted
/Volumes/Radishes/OG_CCH2_phenology_scored_specimen_images/202488.jpg,source_copy_already_in_scoring,4318779,deleted
/Volumes/Radishes/OG_CCH2_phenology_scored_specimen_images/202489.jpg,source_copy_already_in_scoring,4849258,deleted
/Volumes/Radishes/OG_CCH2_phenology_scored_specimen_images/202492.jpg,source_copy_already_in_scoring,5234893,deleted
/Volumes/Radishes/OG_CCH2_phenology_scored_specimen_images/202494.jpg,source_copy_already_in_scoring,5103921,deleted
/Volumes/Radishes/OG_CCH2_phenology_scored_specimen_images/202496.jpg,source_copy_already_in_scoring,4676208,deleted
/Volumes/Radishes/OG_CCH2_phenology_scored_specimen_images/202497.jpg,source_copy_already_in_scoring,4756389,deleted
/Volumes/Radishes/OG_CCH2_phenology_scored_specimen_images/202498.jpg,source_copy_already_in_scoring,4359409,deleted
/Volumes/Radishes/OG_CCH2_phenology_scored_specimen_images/202499.jpg,source_copy_already_in_scoring,4415384,deleted
/Volumes/Radishes/OG_CCH2_phenology_scored_specimen_images/202500.jpg,source_copy_already_in_scoring,5415996,deleted
/Volumes/Radishes/OG_CCH2_phenology_scored_specimen_images/202503.jpg,source_copy_already_in_scoring,4631082,deleted
/Volumes/Radishes/OG_CCH2_phenology_scored_specimen_images/2030475.jpg,source_copy_already_in_scoring,4141848,deleted
/Volumes/Radishes/OG_CCH2_phenology_scored_specimen_images/2040704.jpg,source_copy_already_in_scoring,4264542,deleted
/Volumes/Radishes/OG_CCH2_phenology_scored_specimen_images/2044164.jpg,source_copy_already_in_scoring,4258997,deleted
/Volumes/Radishes/OG_CCH2_phenology_scored_specimen_images/2046467.jpg,source_copy_already_in_scoring,4613523,deleted
/Volumes/Radishes/OG_CCH2_phenology_scored_specimen_images/2049534.jpg,source_copy_already_in_scoring,4063481,deleted
/Volumes/Radishes/OG_CCH2_phenology_scored_specimen_images/2049538.jpg,source_copy_already_in_scoring,4016404,deleted
/Volumes/Radishes/OG_CCH2_phenology_scored_specimen_images/2049551.jpg,source_copy_already_in_scoring,4525297,deleted
/Volumes/Radishes/OG_CCH2_phenology_scored_specimen_images/2049555.jpg,source_copy_already_in_scoring,4182250,deleted
/Volumes/Radishes/OG_CCH2_phenology_scored_specimen_images/2049904.jpg,source_copy_already_in_scoring,4214561,deleted
/Volumes/Radishes/OG_CCH2_phenology_scored_specimen_images/2050542.jpg,source_copy_already_in_scoring,4056271,deleted
/Volumes/Radishes/OG_CCH2_phenology_scored_specimen_images/2051496.jpg,source_copy_already_in_scoring,4522099,deleted
/Volumes/Radishes/OG_CCH2_phenology_scored_specimen_images/2056948.jpg,source_copy_already_in_scoring,4096061,deleted
/Volumes/Radishes/OG_CCH2_phenology_scored_specimen_images/2057404.jpg,source_copy_already_in_scoring,4456648,deleted
/Volumes/Radishes/OG_CCH2_phenology_scored_specimen_images/2061482.jpg,source_copy_already_in_scoring,4167155,deleted
/Volumes/Radishes/OG_CCH2_phenology_scored_specimen_images/2061760.jpg,source_copy_already_in_scoring,4042056,deleted
/Volumes/Radishes/OG_CCH2_phenology_scored_specimen_images/2061832.jpg,source_copy_already_in_scoring,4420872,deleted
/Volumes/Radishes/OG_CCH2_phenology_scored_specimen_images/2070005.jpg,source_copy_already_in_scoring,4078774,deleted
/Volumes/Radishes/OG_CCH2_phenology_scored_specimen_images/2071627.jpg,source_copy_already_in_scoring,4336818,deleted
/Volumes/Radishes/OG_CCH2_phenology_scored_specimen_images/2079339.jpg,source_copy_already_in_scoring,4441421,deleted
/Volumes/Radishes/OG_CCH2_phenology_scored_specimen_images/2085539.jpg,source_copy_already_in_scoring,4036212,deleted
/Volumes/Radishes/OG_CCH2_phenology_scored_specimen_images/2107639.jpg,source_copy_already_in_scoring,4093681,deleted
/Volumes/Radishes/OG_CCH2_phenology_scored_specimen_images/2120835.jpg,source_copy_already_in_scoring,4231324,deleted
/Volumes/Radishes/OG_CCH2_phenology_scored_specimen_images/2124078.jpg,source_copy_already_in_scoring,4110427,deleted
/Volumes/Radishes/OG_CCH2_phenology_scored_specimen_images/2132998.jpg,source_copy_already_in_scoring,4099754,deleted
/Volumes/Radishes/OG_CCH2_phenology_scored_specimen_images/2133518.jpg,source_copy_already_in_scoring,4330218,deleted
/Volumes/Radishes/OG_CCH2_phenology_scored_specimen_images/2134739.jpg,source_copy_already_in_scoring,4060817,deleted
/Volumes/Radishes/OG_CCH2_phenology_scored_specimen_images/2137472.jpg,source_copy_already_in_scoring,4043658,deleted
/Volumes/Radishes/OG_CCH2_phenology_scored_specimen_images/2146635.jpg,source_copy_already_in_scoring,4901427,deleted
/Volumes/Radishes/OG_CCH2_phenology_scored_specimen_images/216778.jpg,source_copy_already_in_scoring,6006000,deleted
/Volumes/Radishes/OG_CCH2_phenology_scored_specimen_images/2211615.jpg,source_copy_already_in_scoring,7080475,deleted
/Volumes/Radishes/OG_CCH2_phenology_scored_specimen_images/2252335.jpg,source_copy_already_in_scoring,6541166,deleted
/Volumes/Radishes/OG_CCH2_phenology_scored_specimen_images/2262508.jpg,source_copy_already_in_scoring,4651012,deleted
/Volumes/Radishes/OG_CCH2_phenology_scored_specimen_images/2262509.jpg,source_copy_already_in_scoring,4817314,deleted
/Volumes/Radishes/OG_CCH2_phenology_scored_specimen_images/2262516.jpg,source_copy_already_in_scoring,4723398,deleted
/Volumes/Radishes/OG_CCH2_phenology_scored_specimen_images/2262518.jpg,source_copy_already_in_scoring,5057168,deleted
/Volumes/Radishes/OG_CCH2_phenology_scored_specimen_images/2262519.jpg,source_copy_already_in_scoring,5093231,deleted
/Volumes/Radishes/OG_CCH2_phenology_scored_specimen_images/2262522.jpg,source_copy_already_in_scoring,4891091,deleted
/Volumes/Radishes/OG_CCH2_phenology_scored_specimen_images/2262523.jpg,source_copy_already_in_scoring,6138910,deleted
/Volumes/Radishes/OG_CCH2_phenology_scored_specimen_images/2262524.jpg,source_copy_already_in_scoring,5136372,deleted
/Volumes/Radishes/OG_CCH2_phenology_scored_specimen_images/2264695.jpg,source_copy_already_in_scoring,1038836,deleted
/Volumes/Radishes/OG_CCH2_phenology_scored_specimen_images/229779.jpg,source_copy_already_in_scoring,4908570,deleted
/Volumes/Radishes/OG_CCH2_phenology_scored_specimen_images/231367.jpg,source_copy_already_in_scoring,4509257,deleted
/Volumes/Radishes/OG_CCH2_phenology_scored_specimen_images/231694.jpg,source_copy_already_in_scoring,5058140,deleted
/Volumes/Radishes/OG_CCH2_phenology_scored_specimen_images/235906.jpg,source_copy_already_in_scoring,6925259,deleted
/Volumes/Radishes/OG_CCH2_phenology_scored_specimen_images/236311.jpg,source_copy_already_in_scoring,4473892,deleted
/Volumes/Radishes/OG_CCH2_phenology_scored_specimen_images/236400.jpg,source_copy_already_in_scoring,5103969,deleted
/Volumes/Radishes/OG_CCH2_phenology_scored_specimen_images/254946.jpg,source_copy_already_in_scoring,6106212,deleted
/Volumes/Radishes/OG_CCH2_phenology_scored_specimen_images/2866491.jpg,source_copy_already_in_scoring,4147433,deleted
/Volumes/Radishes/OG_CCH2_phenology_scored_specimen_images/2866494.jpg,source_copy_already_in_scoring,4319498,deleted
/Volumes/Radishes/OG_CCH2_phenology_scored_specimen_images/2866502.jpg,source_copy_already_in_scoring,6766579,deleted
/Volumes/Radishes/OG_CCH2_phenology_scored_specimen_images/2866542.jpg,source_copy_already_in_scoring,6999026,deleted
/Volumes/Radishes/OG_CCH2_phenology_scored_specimen_images/2866560.jpg,source_copy_already_in_scoring,4392407,deleted
/Volumes/Radishes/OG_CCH2_phenology_scored_specimen_images/2866594.jpg,source_copy_already_in_scoring,7042779,deleted
/Volumes/Radishes/OG_CCH2_phenology_scored_specimen_images/2866599.jpg,source_copy_already_in_scoring,4587573,deleted
/Volumes/Radishes/OG_CCH2_phenology_scored_specimen_images/2866648.jpg,source_copy_already_in_scoring,4609768,deleted
/Volumes/Radishes/OG_CCH2_phenology_scored_specimen_images/2866661.jpg,source_copy_already_in_scoring,4282969,deleted
/Volumes/Radishes/OG_CCH2_phenology_scored_specimen_images/2866696.jpg,source_copy_already_in_scoring,4435061,deleted
/Volumes/Radishes/OG_CCH2_phenology_scored_specimen_images/2866720.jpg,source_copy_already_in_scoring,4484770,deleted
/Volumes/Radishes/OG_CCH2_phenology_scored_specimen_images/2866834.jpg,source_copy_already_in_scoring,4622084,deleted
/Volumes/Radishes/OG_CCH2_phenology_scored_specimen_images/2866856.jpg,source_copy_already_in_scoring,5374137,deleted
/Volumes/Radishes/OG_CCH2_phenology_scored_specimen_images/2866858.jpg,source_copy_already_in_scoring,4997416,deleted
/Volumes/Radishes/OG_CCH2_phenology_scored_specimen_images/292926.jpg,source_copy_already_in_scoring,7595687,deleted
/Volumes/Radishes/OG_CCH2_phenology_scored_specimen_images/293450.jpg,source_copy_already_in_scoring,7707633,deleted
/Volumes/Radishes/OG_CCH2_phenology_scored_specimen_images/2960494.jpg,source_copy_already_in_scoring,5178956,deleted
/Volumes/Radishes/OG_CCH2_phenology_scored_specimen_images/2960497.jpg,source_copy_already_in_scoring,5749108,deleted
/Volumes/Radishes/OG_CCH2_phenology_scored_specimen_images/2960498.jpg,source_copy_already_in_scoring,6519915,deleted
/Volumes/Radishes/OG_CCH2_phenology_scored_specimen_images/2960499.jpg,source_copy_already_in_scoring,6422496,deleted
/Volumes/Radishes/OG_CCH2_phenology_scored_specimen_images/2960501.jpg,source_copy_already_in_scoring,5905348,deleted
/Volumes/Radishes/OG_CCH2_phenology_scored_specimen_images/2960503.jpg,source_copy_already_in_scoring,5486865,deleted
/Volumes/Radishes/OG_CCH2_phenology_scored_specimen_images/2960568.jpg,source_copy_already_in_scoring,5668668,deleted
/Volumes/Radishes/OG_CCH2_phenology_scored_specimen_images/2963303.jpg,source_copy_already_in_scoring,6574156,deleted
/Volumes/Radishes/OG_CCH2_phenology_scored_specimen_images/304535.jpg,source_copy_already_in_scoring,8837846,deleted
/Volumes/Radishes/OG_CCH2_phenology_scored_specimen_images/304537.jpg,source_copy_already_in_scoring,9034581,deleted
/Volumes/Radishes/OG_CCH2_phenology_scored_specimen_images/304540.jpg,source_copy_already_in_scoring,7924320,deleted
/Volumes/Radishes/OG_CCH2_phenology_scored_specimen_images/304543.jpg,source_copy_already_in_scoring,10366118,deleted
/Volumes/Radishes/OG_CCH2_phenology_scored_specimen_images/304544.jpg,source_copy_already_in_scoring,6245805,deleted
/Volumes/Radishes/OG_CCH2_phenology_scored_specimen_images/304545.jpg,source_copy_already_in_scoring,8514595,deleted
/Volumes/Radishes/OG_CCH2_phenology_scored_specimen_images/304547.jpg,source_copy_already_in_scoring,8902902,deleted
/Volumes/Radishes/OG_CCH2_phenology_scored_specimen_images/304548.jpg,source_copy_already_in_scoring,8428209,deleted
/Volumes/Radishes/OG_CCH2_phenology_scored_specimen_images/304550.jpg,source_copy_already_in_scoring,8222172,deleted
/Volumes/Radishes/OG_CCH2_phenology_scored_specimen_images/304551.jpg,source_copy_already_in_scoring,8778761,deleted
/Volumes/Radishes/OG_CCH2_phenology_scored_specimen_images/304552.jpg,source_copy_already_in_scoring,8419586,deleted
/Volumes/Radishes/OG_CCH2_phenology_scored_specimen_images/304553.jpg,source_copy_already_in_scoring,8143875,deleted
/Volumes/Radishes/OG_CCH2_phenology_scored_specimen_images/304556.jpg,source_copy_already_in_scoring,10033121,deleted
/Volumes/Radishes/OG_CCH2_phenology_scored_specimen_images/304558.jpg,source_copy_already_in_scoring,8477884,deleted
/Volumes/Radishes/OG_CCH2_phenology_scored_specimen_images/304560.jpg,source_copy_already_in_scoring,7742393,deleted
/Volumes/Radishes/OG_CCH2_phenology_scored_specimen_images/304561.jpg,source_copy_already_in_scoring,9884395,deleted
/Volumes/Radishes/OG_CCH2_phenology_scored_specimen_images/304562.jpg,source_copy_already_in_scoring,6970132,deleted
/Volumes/Radishes/OG_CCH2_phenology_scored_specimen_images/304563.jpg,source_copy_already_in_scoring,7904204,deleted
/Volumes/Radishes/OG_CCH2_phenology_scored_specimen_images/304565.jpg,source_copy_already_in_scoring,7459595,deleted
/Volumes/Radishes/OG_CCH2_phenology_scored_specimen_images/304567.jpg,source_copy_already_in_scoring,7509702,deleted
/Volumes/Radishes/OG_CCH2_phenology_scored_specimen_images/304568.jpg,source_copy_already_in_scoring,7689568,deleted
/Volumes/Radishes/OG_CCH2_phenology_scored_specimen_images/304570.jpg,source_copy_already_in_scoring,8242414,deleted
/Volumes/Radishes/OG_CCH2_phenology_scored_specimen_images/304571.jpg,source_copy_already_in_scoring,8092072,deleted
/Volumes/Radishes/OG_CCH2_phenology_scored_specimen_images/304574.jpg,source_copy_already_in_scoring,6816306,deleted
/Volumes/Radishes/OG_CCH2_phenology_scored_specimen_images/304577.jpg,source_copy_already_in_scoring,8520102,deleted
/Volumes/Radishes/OG_CCH2_phenology_scored_specimen_images/304578.jpg,source_copy_already_in_scoring,7693351,deleted
/Volumes/Radishes/OG_CCH2_phenology_scored_specimen_images/304579.jpg,source_copy_already_in_scoring,7872869,deleted
/Volumes/Radishes/OG_CCH2_phenology_scored_specimen_images/304582.jpg,source_copy_already_in_scoring,7955636,deleted
/Volumes/Radishes/OG_CCH2_phenology_scored_specimen_images/304590.jpg,source_copy_already_in_scoring,7982410,deleted
/Volumes/Radishes/OG_CCH2_phenology_scored_specimen_images/304591.jpg,source_copy_already_in_scoring,7414129,deleted
/Volumes/Radishes/OG_CCH2_phenology_scored_specimen_images/304592.jpg,source_copy_already_in_scoring,7608757,deleted
/Volumes/Radishes/OG_CCH2_phenology_scored_specimen_images/304593.jpg,source_copy_already_in_scoring,8100707,deleted
/Volumes/Radishes/OG_CCH2_phenology_scored_specimen_images/304594.jpg,source_copy_already_in_scoring,7447514,deleted
/Volumes/Radishes/OG_CCH2_phenology_scored_specimen_images/304595.jpg,source_copy_already_in_scoring,7387773,deleted
/Volumes/Radishes/OG_CCH2_phenology_scored_specimen_images/304596.jpg,source_copy_already_in_scoring,7316457,deleted
/Volumes/Radishes/OG_CCH2_phenology_scored_specimen_images/304597.jpg,source_copy_already_in_scoring,7862476,deleted
/Volumes/Radishes/OG_CCH2_phenology_scored_specimen_images/304598.jpg,source_copy_already_in_scoring,8023979,deleted
/Volumes/Radishes/OG_CCH2_phenology_scored_specimen_images/304600.jpg,source_copy_already_in_scoring,8420571,deleted
/Volumes/Radishes/OG_CCH2_phenology_scored_specimen_images/304601.jpg,source_copy_already_in_scoring,8218427,deleted
/Volumes/Radishes/OG_CCH2_phenology_scored_specimen_images/304605.jpg,source_copy_already_in_scoring,9384050,deleted
/Volumes/Radishes/OG_CCH2_phenology_scored_specimen_images/304606.jpg,source_copy_already_in_scoring,8046356,deleted
/Volumes/Radishes/OG_CCH2_phenology_scored_specimen_images/304608.jpg,source_copy_already_in_scoring,6928692,deleted
/Volumes/Radishes/OG_CCH2_phenology_scored_specimen_images/330069.jpg,source_copy_already_in_scoring,1121194,deleted
/Volumes/Radishes/OG_CCH2_phenology_scored_specimen_images/330070.jpg,source_copy_already_in_scoring,1285678,deleted
/Volumes/Radishes/OG_CCH2_phenology_scored_specimen_images/3590276.jpg,source_copy_already_in_scoring,6179461,deleted
/Volumes/Radishes/OG_CCH2_phenology_scored_specimen_images/3630484.jpg,source_copy_already_in_scoring,6779745,deleted
/Volumes/Radishes/OG_CCH2_phenology_scored_specimen_images/3641757.jpg,source_copy_already_in_scoring,5306643,deleted
/Volumes/Radishes/OG_CCH2_phenology_scored_specimen_images/3669165.jpg,source_copy_already_in_scoring,1442896,deleted
/Volumes/Radishes/OG_CCH2_phenology_scored_specimen_images/3726377.jpg,source_copy_already_in_scoring,6142255,deleted
/Volumes/Radishes/OG_CCH2_phenology_scored_specimen_images/374522.jpg,source_copy_already_in_scoring,6441171,deleted
/Volumes/Radishes/OG_CCH2_phenology_scored_specimen_images/3751457.jpg,source_copy_already_in_scoring,1136220,deleted
/Volumes/Radishes/OG_CCH2_phenology_scored_specimen_images/375689.jpg,source_copy_already_in_scoring,5776751,deleted
/Volumes/Radishes/OG_CCH2_phenology_scored_specimen_images/375690.jpg,source_copy_already_in_scoring,6451420,deleted
/Volumes/Radishes/OG_CCH2_phenology_scored_specimen_images/375691.jpg,source_copy_already_in_scoring,6220554,deleted
/Volumes/Radishes/OG_CCH2_phenology_scored_specimen_images/375692.jpg,source_copy_already_in_scoring,6701273,deleted
/Volumes/Radishes/OG_CCH2_phenology_scored_specimen_images/375694.jpg,source_copy_already_in_scoring,6679802,deleted
/Volumes/Radishes/OG_CCH2_phenology_scored_specimen_images/375695.jpg,source_copy_already_in_scoring,5958821,deleted
/Volumes/Radishes/OG_CCH2_phenology_scored_specimen_images/375700.jpg,source_copy_already_in_scoring,6790688,deleted
/Volumes/Radishes/OG_CCH2_phenology_scored_specimen_images/375701.jpg,source_copy_already_in_scoring,4916946,deleted
/Volumes/Radishes/OG_CCH2_phenology_scored_specimen_images/375702.jpg,source_copy_already_in_scoring,6998639,deleted
/Volumes/Radishes/OG_CCH2_phenology_scored_specimen_images/375708.jpg,source_copy_already_in_scoring,6565834,deleted
/Volumes/Radishes/OG_CCH2_phenology_scored_specimen_images/375714.jpg,source_copy_already_in_scoring,7105697,deleted
/Volumes/Radishes/OG_CCH2_phenology_scored_specimen_images/375726.jpg,source_copy_already_in_scoring,6901489,deleted
/Volumes/Radishes/OG_CCH2_phenology_scored_specimen_images/376201.jpg,source_copy_already_in_scoring,6474912,deleted
/Volumes/Radishes/OG_CCH2_phenology_scored_specimen_images/3771777.jpg,source_copy_already_in_scoring,903636,deleted
/Volumes/Radishes/OG_CCH2_phenology_scored_specimen_images/3776580.jpg,source_copy_already_in_scoring,6584072,deleted
/Volumes/Radishes/OG_CCH2_phenology_scored_specimen_images/3776588.jpg,source_copy_already_in_scoring,5631019,deleted
/Volumes/Radishes/OG_CCH2_phenology_scored_specimen_images/3791446.jpg,source_copy_already_in_scoring,3401668,deleted
/Volumes/Radishes/OG_CCH2_phenology_scored_specimen_images/3792158.jpg,source_copy_already_in_scoring,3452515,deleted
/Volumes/Radishes/OG_CCH2_phenology_scored_specimen_images/3792160.jpg,source_copy_already_in_scoring,3280431,deleted
/Volumes/Radishes/OG_CCH2_phenology_scored_specimen_images/3792161.jpg,source_copy_already_in_scoring,2314140,deleted
/Volumes/Radishes/OG_CCH2_phenology_scored_specimen_images/3792162.jpg,source_copy_already_in_scoring,2669346,deleted
/Volumes/Radishes/OG_CCH2_phenology_scored_specimen_images/3792163.jpg,source_copy_already_in_scoring,2220570,deleted
/Volumes/Radishes/OG_CCH2_phenology_scored_specimen_images/3792164.jpg,source_copy_already_in_scoring,2637539,deleted
/Volumes/Radishes/OG_CCH2_phenology_scored_specimen_images/3792167.jpg,source_copy_already_in_scoring,3742103,deleted
/Volumes/Radishes/OG_CCH2_phenology_scored_specimen_images/3792168.jpg,source_copy_already_in_scoring,2114865,deleted
/Volumes/Radishes/OG_CCH2_phenology_scored_specimen_images/3792169.jpg,source_copy_already_in_scoring,2183818,deleted
/Volumes/Radishes/OG_CCH2_phenology_scored_specimen_images/3792171.jpg,source_copy_already_in_scoring,2750817,deleted
/Volumes/Radishes/OG_CCH2_phenology_scored_specimen_images/3792172.jpg,source_copy_already_in_scoring,2834544,deleted
/Volumes/Radishes/OG_CCH2_phenology_scored_specimen_images/3792174.jpg,source_copy_already_in_scoring,2600285,deleted
/Volumes/Radishes/OG_CCH2_phenology_scored_specimen_images/3792175.jpg,source_copy_already_in_scoring,2438115,deleted
/Volumes/Radishes/OG_CCH2_phenology_scored_specimen_images/3792176.jpg,source_copy_already_in_scoring,2435600,deleted
/Volumes/Radishes/OG_CCH2_phenology_scored_specimen_images/3792177.jpg,source_copy_already_in_scoring,2367169,deleted
/Volumes/Radishes/OG_CCH2_phenology_scored_specimen_images/3792179.jpg,source_copy_already_in_scoring,3602592,deleted
/Volumes/Radishes/OG_CCH2_phenology_scored_specimen_images/3792180.jpg,source_copy_already_in_scoring,4630009,deleted
/Volumes/Radishes/OG_CCH2_phenology_scored_specimen_images/3792183.jpg,source_copy_already_in_scoring,2281592,deleted
/Volumes/Radishes/OG_CCH2_phenology_scored_specimen_images/3792184.jpg,source_copy_already_in_scoring,1832645,deleted
/Volumes/Radishes/OG_CCH2_phenology_scored_specimen_images/3792187.jpg,source_copy_already_in_scoring,2152563,deleted
/Volumes/Radishes/OG_CCH2_phenology_scored_specimen_images/3792191.jpg,source_copy_already_in_scoring,3388971,deleted
/Volumes/Radishes/OG_CCH2_phenology_scored_specimen_images/3792194.jpg,source_copy_already_in_scoring,2556854,deleted
/Volumes/Radishes/OG_CCH2_phenology_scored_specimen_images/3792195.jpg,source_copy_already_in_scoring,1732780,deleted
/Volumes/Radishes/OG_CCH2_phenology_scored_specimen_images/3792198.jpg,source_copy_already_in_scoring,2457726,deleted
/Volumes/Radishes/OG_CCH2_phenology_scored_specimen_images/3798671.jpg,source_copy_already_in_scoring,7068956,deleted
/Volumes/Radishes/OG_CCH2_phenology_scored_specimen_images/3801164.jpg,source_copy_already_in_scoring,4276871,deleted
/Volumes/Radishes/OG_CCH2_phenology_scored_specimen_images/3801169.jpg,source_copy_already_in_scoring,6872789,deleted
/Volumes/Radishes/OG_CCH2_phenology_scored_specimen_images/3801172.jpg,source_copy_already_in_scoring,4004931,deleted
/Volumes/Radishes/OG_CCH2_phenology_scored_specimen_images/3801178.jpg,source_copy_already_in_scoring,6996957,deleted
/Volumes/Radishes/OG_CCH2_phenology_scored_specimen_images/3801183.jpg,source_copy_already_in_scoring,7000506,deleted
/Volumes/Radishes/OG_CCH2_phenology_scored_specimen_images/3801184.jpg,source_copy_already_in_scoring,4528258,deleted
/Volumes/Radishes/OG_CCH2_phenology_scored_specimen_images/3801191.jpg,source_copy_already_in_scoring,3955566,deleted
/Volumes/Radishes/OG_CCH2_phenology_scored_specimen_images/3801196.jpg,source_copy_already_in_scoring,4146714,deleted
/Volumes/Radishes/OG_CCH2_phenology_scored_specimen_images/3801199.jpg,source_copy_already_in_scoring,4128708,deleted
/Volumes/Radishes/OG_CCH2_phenology_scored_specimen_images/3805929.jpg,source_copy_already_in_scoring,4955887,deleted
/Volumes/Radishes/OG_CCH2_phenology_scored_specimen_images/3840150.jpg,source_copy_already_in_scoring,4189848,deleted
/Volumes/Radishes/OG_CCH2_phenology_scored_specimen_images/3841582.jpg,source_copy_already_in_scoring,4282223,deleted
/Volumes/Radishes/OG_CCH2_phenology_scored_specimen_images/384334.jpg,source_copy_already_in_scoring,6372511,deleted
/Volumes/Radishes/OG_CCH2_phenology_scored_specimen_images/387226.jpg,source_copy_already_in_scoring,6608591,deleted
/Volumes/Radishes/OG_CCH2_phenology_scored_specimen_images/3873464.jpg,source_copy_already_in_scoring,4452476,deleted
/Volumes/Radishes/OG_CCH2_phenology_scored_specimen_images/388460.jpg,source_copy_already_in_scoring,5320630,deleted
/Volumes/Radishes/OG_CCH2_phenology_scored_specimen_images/388498.jpg,source_copy_already_in_scoring,6417202,deleted
/Volumes/Radishes/OG_CCH2_phenology_scored_specimen_images/388921.jpg,source_copy_already_in_scoring,5118674,deleted
/Volumes/Radishes/OG_CCH2_phenology_scored_specimen_images/389892.jpg,source_copy_already_in_scoring,6916328,deleted
/Volumes/Radishes/OG_CCH2_phenology_scored_specimen_images/3904069.jpg,source_copy_already_in_scoring,5524426,deleted
/Volumes/Radishes/OG_CCH2_phenology_scored_specimen_images/3904070.jpg,source_copy_already_in_scoring,6955335,deleted
/Volumes/Radishes/OG_CCH2_phenology_scored_specimen_images/3904071.jpg,source_copy_already_in_scoring,5878298,deleted
/Volumes/Radishes/OG_CCH2_phenology_scored_specimen_images/3904072.jpg,source_copy_already_in_scoring,5888994,deleted
/Volumes/Radishes/OG_CCH2_phenology_scored_specimen_images/3904090.jpg,source_copy_already_in_scoring,5719394,deleted
/Volumes/Radishes/OG_CCH2_phenology_scored_specimen_images/3904091.jpg,source_copy_already_in_scoring,5436247,deleted
/Volumes/Radishes/OG_CCH2_phenology_scored_specimen_images/3904095.jpg,source_copy_already_in_scoring,6637232,deleted
/Volumes/Radishes/OG_CCH2_phenology_scored_specimen_images/390689.jpg,source_copy_already_in_scoring,5884501,deleted
/Volumes/Radishes/OG_CCH2_phenology_scored_specimen_images/391803.jpg,source_copy_already_in_scoring,6733180,deleted
/Volumes/Radishes/OG_CCH2_phenology_scored_specimen_images/393682.jpg,source_copy_already_in_scoring,6382704,deleted
/Volumes/Radishes/OG_CCH2_phenology_scored_specimen_images/3941717.jpg,source_copy_already_in_scoring,3866874,deleted
/Volumes/Radishes/OG_CCH2_phenology_scored_specimen_images/395477.jpg,source_copy_already_in_scoring,6075013,deleted
/Volumes/Radishes/OG_CCH2_phenology_scored_specimen_images/395628.jpg,source_copy_already_in_scoring,6937448,deleted
/Volumes/Radishes/OG_CCH2_phenology_scored_specimen_images/3963071.jpg,source_copy_already_in_scoring,2391023,deleted
/Volumes/Radishes/OG_CCH2_phenology_scored_specimen_images/3963072.jpg,source_copy_already_in_scoring,2637434,deleted
/Volumes/Radishes/OG_CCH2_phenology_scored_specimen_images/3964300.jpg,source_copy_already_in_scoring,5728708,deleted
/Volumes/Radishes/OG_CCH2_phenology_scored_specimen_images/4060635.jpg,source_copy_already_in_scoring,3617396,deleted
/Volumes/Radishes/OG_CCH2_phenology_scored_specimen_images/4064454.jpg,source_copy_already_in_scoring,5861308,deleted
/Volumes/Radishes/OG_CCH2_phenology_scored_specimen_images/4418728.jpg,source_copy_already_in_scoring,1455533,deleted
/Volumes/Radishes/OG_CCH2_phenology_scored_specimen_images/4457537.jpg,source_copy_already_in_scoring,3097341,deleted
/Volumes/Radishes/OG_CCH2_phenology_scored_specimen_images/4458927.jpg,source_copy_already_in_scoring,3154381,deleted
/Volumes/Radishes/OG_CCH2_phenology_scored_specimen_images/4458930.jpg,source_copy_already_in_scoring,2921613,deleted
/Volumes/Radishes/OG_CCH2_phenology_scored_specimen_images/4459069.jpg,source_copy_already_in_scoring,2969480,deleted
/Volumes/Radishes/OG_CCH2_phenology_scored_specimen_images/4460311.jpg,source_copy_already_in_scoring,2867487,deleted
/Volumes/Radishes/OG_CCH2_phenology_scored_specimen_images/4460478.jpg,source_copy_already_in_scoring,2568147,deleted
/Volumes/Radishes/OG_CCH2_phenology_scored_specimen_images/4460519.jpg,source_copy_already_in_scoring,3068482,deleted
/Volumes/Radishes/OG_CCH2_phenology_scored_specimen_images/4465868.jpg,source_copy_already_in_scoring,3016679,deleted
/Volumes/Radishes/OG_CCH2_phenology_scored_specimen_images/4472711.jpg,source_copy_already_in_scoring,2967900,deleted
/Volumes/Radishes/OG_CCH2_phenology_scored_specimen_images/4480533.jpg,source_copy_already_in_scoring,3137994,deleted
/Volumes/Radishes/OG_CCH2_phenology_scored_specimen_images/4485099.jpg,source_copy_already_in_scoring,3133725,deleted
/Volumes/Radishes/OG_CCH2_phenology_scored_specimen_images/4488222.jpg,source_copy_already_in_scoring,2856755,deleted
/Volumes/Radishes/OG_CCH2_phenology_scored_specimen_images/4562413.jpg,source_copy_already_in_scoring,6129900,deleted
/Volumes/Radishes/OG_CCH2_phenology_scored_specimen_images/4564840.jpg,source_copy_already_in_scoring,2755402,deleted
/Volumes/Radishes/OG_CCH2_phenology_scored_specimen_images/4564841.jpg,source_copy_already_in_scoring,3269851,deleted
/Volumes/Radishes/OG_CCH2_phenology_scored_specimen_images/4564843.jpg,source_copy_already_in_scoring,3470632,deleted
/Volumes/Radishes/OG_CCH2_phenology_scored_specimen_images/4564844.jpg,source_copy_already_in_scoring,3085501,deleted
/Volumes/Radishes/OG_CCH2_phenology_scored_specimen_images/4564845.jpg,source_copy_already_in_scoring,3005660,deleted
/Volumes/Radishes/OG_CCH2_phenology_scored_specimen_images/4564846.jpg,source_copy_already_in_scoring,2796722,deleted
/Volumes/Radishes/OG_CCH2_phenology_scored_specimen_images/4564849.jpg,source_copy_already_in_scoring,3038534,deleted
/Volumes/Radishes/OG_CCH2_phenology_scored_specimen_images/4567195.jpg,source_copy_already_in_scoring,3226733,deleted
/Volumes/Radishes/OG_CCH2_phenology_scored_specimen_images/4567196.jpg,source_copy_already_in_scoring,3086942,deleted
/Volumes/Radishes/OG_CCH2_phenology_scored_specimen_images/4567197.jpg,source_copy_already_in_scoring,3000291,deleted
/Volumes/Radishes/OG_CCH2_phenology_scored_specimen_images/4567199.jpg,source_copy_already_in_scoring,4384938,deleted
/Volumes/Radishes/OG_CCH2_phenology_scored_specimen_images/4567200.jpg,source_copy_already_in_scoring,2913493,deleted
/Volumes/Radishes/OG_CCH2_phenology_scored_specimen_images/4567201.jpg,source_copy_already_in_scoring,2891380,deleted
/Volumes/Radishes/OG_CCH2_phenology_scored_specimen_images/4567202.jpg,source_copy_already_in_scoring,3241135,deleted
/Volumes/Radishes/OG_CCH2_phenology_scored_specimen_images/4588064.jpg,source_copy_already_in_scoring,4945989,deleted
/Volumes/Radishes/OG_CCH2_phenology_scored_specimen_images/4665582.jpg,source_copy_already_in_scoring,3170315,deleted
/Volumes/Radishes/OG_CCH2_phenology_scored_specimen_images/4665583.jpg,source_copy_already_in_scoring,3091283,deleted
/Volumes/Radishes/OG_CCH2_phenology_scored_specimen_images/468975.jpg,source_copy_already_in_scoring,2931081,deleted
/Volumes/Radishes/OG_CCH2_phenology_scored_specimen_images/468978.jpg,source_copy_already_in_scoring,6396695,deleted
/Volumes/Radishes/OG_CCH2_phenology_scored_specimen_images/468983.jpg,source_copy_already_in_scoring,2919429,deleted
/Volumes/Radishes/OG_CCH2_phenology_scored_specimen_images/469007.jpg,source_copy_already_in_scoring,3182269,deleted
/Volumes/Radishes/OG_CCH2_phenology_scored_specimen_images/469029.jpg,source_copy_already_in_scoring,4063181,deleted
/Volumes/Radishes/OG_CCH2_phenology_scored_specimen_images/469032.jpg,source_copy_already_in_scoring,3050475,deleted
/Volumes/Radishes/OG_CCH2_phenology_scored_specimen_images/469043.jpg,source_copy_already_in_scoring,3176907,deleted
/Volumes/Radishes/OG_CCH2_phenology_scored_specimen_images/469064.jpg,source_copy_already_in_scoring,3222955,deleted
/Volumes/Radishes/OG_CCH2_phenology_scored_specimen_images/469073.jpg,source_copy_already_in_scoring,3007585,deleted
/Volumes/Radishes/OG_CCH2_phenology_scored_specimen_images/469074.jpg,source_copy_already_in_scoring,2667570,deleted
/Volumes/Radishes/OG_CCH2_phenology_scored_specimen_images/469090.jpg,source_copy_already_in_scoring,2814153,deleted
/Volumes/Radishes/OG_CCH2_phenology_scored_specimen_images/469110.jpg,source_copy_already_in_scoring,2865480,deleted
/Volumes/Radishes/OG_CCH2_phenology_scored_specimen_images/469121.jpg,source_copy_already_in_scoring,3013409,deleted
/Volumes/Radishes/OG_CCH2_phenology_scored_specimen_images/469122.jpg,source_copy_already_in_scoring,3158286,deleted
/Volumes/Radishes/OG_CCH2_phenology_scored_specimen_images/469125.jpg,source_copy_already_in_scoring,2663885,deleted
/Volumes/Radishes/OG_CCH2_phenology_scored_specimen_images/469134.jpg,source_copy_already_in_scoring,3137568,deleted
/Volumes/Radishes/OG_CCH2_phenology_scored_specimen_images/5365196.jpg,source_copy_already_in_scoring,4725574,deleted
/Volumes/Radishes/OG_CCH2_phenology_scored_specimen_images/5371810.jpg,source_copy_already_in_scoring,5631651,deleted
/Volumes/Radishes/OG_CCH2_phenology_scored_specimen_images/5540556.jpg,source_copy_already_in_scoring,4481452,deleted
/Volumes/Radishes/OG_CCH2_phenology_scored_specimen_images/5549192.jpg,source_copy_already_in_scoring,5476772,deleted
/Volumes/Radishes/OG_CCH2_phenology_scored_specimen_images/5737995.jpg,source_copy_already_in_scoring,1419424,deleted
/Volumes/Radishes/OG_CCH2_phenology_scored_specimen_images/5760426.jpg,source_copy_already_in_scoring,6998727,deleted
/Volumes/Radishes/OG_CCH2_phenology_scored_specimen_images/5764054.jpg,source_copy_already_in_scoring,5678569,deleted
/Volumes/Radishes/OG_CCH2_phenology_scored_specimen_images/5776205.jpg,source_copy_already_in_scoring,1992750,deleted
/Volumes/Radishes/OG_CCH2_phenology_scored_specimen_images/5872878.jpg,source_copy_already_in_scoring,1228260,deleted
/Volumes/Radishes/OG_CCH2_phenology_scored_specimen_images/5872887.jpg,source_copy_already_in_scoring,1154651,deleted
/Volumes/Radishes/OG_CCH2_phenology_scored_specimen_images/5996911.jpg,source_copy_already_in_scoring,1554226,deleted
/Volumes/Radishes/OG_CCH2_phenology_scored_specimen_images/6026439.jpg,source_copy_already_in_scoring,1247578,deleted
/Volumes/Radishes/OG_CCH2_phenology_scored_specimen_images/6053255.jpg,source_copy_already_in_scoring,2005084,deleted
/Volumes/Radishes/OG_CCH2_phenology_scored_specimen_images/610287.jpg,source_copy_already_in_scoring,4661587,deleted
/Volumes/Radishes/OG_CCH2_phenology_scored_specimen_images/610288.jpg,source_copy_already_in_scoring,4493337,deleted
/Volumes/Radishes/OG_CCH2_phenology_scored_specimen_images/610290.jpg,source_copy_already_in_scoring,4908697,deleted
/Volumes/Radishes/OG_CCH2_phenology_scored_specimen_images/610291.jpg,source_copy_already_in_scoring,5792664,deleted
/Volumes/Radishes/OG_CCH2_phenology_scored_specimen_images/610293.jpg,source_copy_already_in_scoring,6648246,deleted
/Volumes/Radishes/OG_CCH2_phenology_scored_specimen_images/610294.jpg,source_copy_already_in_scoring,4757764,deleted
/Volumes/Radishes/OG_CCH2_phenology_scored_specimen_images/610295.jpg,source_copy_already_in_scoring,5152056,deleted
/Volumes/Radishes/OG_CCH2_phenology_scored_specimen_images/610298.jpg,source_copy_already_in_scoring,4377763,deleted
/Volumes/Radishes/OG_CCH2_phenology_scored_specimen_images/611759.jpg,source_copy_already_in_scoring,7116486,deleted
/Volumes/Radishes/OG_CCH2_phenology_scored_specimen_images/613793.jpg,source_copy_already_in_scoring,4999046,deleted
/Volumes/Radishes/OG_CCH2_phenology_scored_specimen_images/617784.jpg,source_copy_already_in_scoring,5717268,deleted
/Volumes/Radishes/OG_CCH2_phenology_scored_specimen_images/631760.jpg,source_copy_already_in_scoring,5236796,deleted
/Volumes/Radishes/OG_CCH2_phenology_scored_specimen_images/631761.jpg,source_copy_already_in_scoring,6065670,deleted
/Volumes/Radishes/OG_CCH2_phenology_scored_specimen_images/631763.jpg,source_copy_already_in_scoring,5347898,deleted
/Volumes/Radishes/OG_CCH2_phenology_scored_specimen_images/631766.jpg,source_copy_already_in_scoring,5530933,deleted
/Volumes/Radishes/OG_CCH2_phenology_scored_specimen_images/631769.jpg,source_copy_already_in_scoring,5797330,deleted
/Volumes/Radishes/OG_CCH2_phenology_scored_specimen_images/631772.jpg,source_copy_already_in_scoring,5563063,deleted
/Volumes/Radishes/OG_CCH2_phenology_scored_specimen_images/631773.jpg,source_copy_already_in_scoring,5701169,deleted
/Volumes/Radishes/OG_CCH2_phenology_scored_specimen_images/631777.jpg,source_copy_already_in_scoring,5473179,deleted
/Volumes/Radishes/OG_CCH2_phenology_scored_specimen_images/631778.jpg,source_copy_already_in_scoring,6168016,deleted
/Volumes/Radishes/OG_CCH2_phenology_scored_specimen_images/631782.jpg,source_copy_already_in_scoring,6259940,deleted
/Volumes/Radishes/OG_CCH2_phenology_scored_specimen_images/631783.jpg,source_copy_already_in_scoring,6049617,deleted
/Volumes/Radishes/OG_CCH2_phenology_scored_specimen_images/631784.jpg,source_copy_already_in_scoring,6304897,deleted
/Volumes/Radishes/OG_CCH2_phenology_scored_specimen_images/631786.jpg,source_copy_already_in_scoring,5056409,deleted
/Volumes/Radishes/OG_CCH2_phenology_scored_specimen_images/631787.jpg,source_copy_already_in_scoring,5672794,deleted
/Volumes/Radishes/OG_CCH2_phenology_scored_specimen_images/631790.jpg,source_copy_already_in_scoring,6197041,deleted
/Volumes/Radishes/OG_CCH2_phenology_scored_specimen_images/631791.jpg,source_copy_already_in_scoring,6687044,deleted
/Volumes/Radishes/OG_CCH2_phenology_scored_specimen_images/632879.jpg,source_copy_already_in_scoring,6896992,deleted
/Volumes/Radishes/OG_CCH2_phenology_scored_specimen_images/633444.jpg,source_copy_already_in_scoring,6256945,deleted
/Volumes/Radishes/OG_CCH2_phenology_scored_specimen_images/633454.jpg,source_copy_already_in_scoring,5622817,deleted
/Volumes/Radishes/OG_CCH2_phenology_scored_specimen_images/634125.jpg,source_copy_already_in_scoring,5887627,deleted
/Volumes/Radishes/OG_CCH2_phenology_scored_specimen_images/637694.jpg,source_copy_already_in_scoring,4211774,deleted
/Volumes/Radishes/OG_CCH2_phenology_scored_specimen_images/76355.jpg,source_copy_already_in_scoring,1105360,deleted
/Volumes/Radishes/OG_CCH2_phenology_scored_specimen_images/778436.jpg,source_copy_already_in_scoring,4435136,deleted
/Volumes/Radishes/OG_CCH2_phenology_scored_specimen_images/790470.jpg,source_copy_already_in_scoring,4500443,deleted
/Volumes/Radishes/OG_CCH2_phenology_scored_specimen_images/80367.jpg,source_copy_already_in_scoring,1029730,deleted
/Volumes/Radishes/OG_CCH2_phenology_scored_specimen_images/921047.jpg,source_copy_already_in_scoring,4080781,deleted
/Volumes/Radishes/OG_CCH2_phenology_scored_specimen_images/943444.jpg,source_copy_already_in_scoring,4534618,deleted
/Volumes/Radishes/OG_CCH2_phenology_scored_specimen_images/950503.jpg,source_copy_already_in_scoring,4416115,deleted
/Volumes/Radishes/OG_CCH2_phenology_scored_specimen_images/979678.jpg,source_copy_already_in_scoring,4948697,deleted
/Volumes/Radishes/OG_CCH2_phenology_scored_specimen_images/98493.jpg,source_copy_already_in_scoring,929309,deleted
/Volumes/Radishes/GBIF_phenology_scored_specimen_images/1086616831.jpg,source_copy_already_in_scoring,887440,deleted
/Volumes/Radishes/GBIF_phenology_scored_specimen_images/1998551301.jpg,source_copy_already_in_scoring,11825784,deleted
/Volumes/Radishes/GBIF_phenology_scored_specimen_images/1998561890.jpg,source_copy_already_in_scoring,13490131,deleted
/Volumes/Radishes/GBIF_phenology_scored_specimen_images/1998563807.jpg,source_copy_already_in_scoring,12702962,deleted
/Volumes/Radishes/GBIF_phenology_scored_specimen_images/1998579906.jpg,source_copy_already_in_scoring,12962505,deleted
/Volumes/Radishes/GBIF_phenology_scored_specimen_images/1998581510.jpg,source_copy_already_in_scoring,11310794,deleted
/Volumes/Radishes/GBIF_phenology_scored_specimen_images/1998589020.jpg,source_copy_already_in_scoring,11828003,deleted
/Volumes/Radishes/GBIF_phenology_scored_specimen_images/1998590111.jpg,source_copy_already_in_scoring,12299499,deleted
/Volumes/Radishes/GBIF_phenology_scored_specimen_images/1998595906.jpg,source_copy_already_in_scoring,12275193,deleted
/Volumes/Radishes/GBIF_phenology_scored_specimen_images/1998596560.jpg,source_copy_already_in_scoring,12002464,deleted
/Volumes/Radishes/GBIF_phenology_scored_specimen_images/1998604240.jpg,source_copy_already_in_scoring,12071898,deleted
/Volumes/Radishes/GBIF_phenology_scored_specimen_images/1998606348.jpg,source_copy_already_in_scoring,11810015,deleted
/Volumes/Radishes/GBIF_phenology_scored_specimen_images/1998612855.jpg,source_copy_already_in_scoring,14358355,deleted
/Volumes/Radishes/GBIF_phenology_scored_specimen_images/1998620860.jpg,source_copy_already_in_scoring,12153543,deleted
/Volumes/Radishes/GBIF_phenology_scored_specimen_images/1998621803.jpg,source_copy_already_in_scoring,12183881,deleted
/Volumes/Radishes/GBIF_phenology_scored_specimen_images/1998633167.jpg,source_copy_already_in_scoring,13014460,deleted
/Volumes/Radishes/GBIF_phenology_scored_specimen_images/1998634721.jpg,source_copy_already_in_scoring,12793300,deleted
/Volumes/Radishes/GBIF_phenology_scored_specimen_images/1998640668.jpg,source_copy_already_in_scoring,13248530,deleted
/Volumes/Radishes/GBIF_phenology_scored_specimen_images/1998649405.jpg,source_copy_already_in_scoring,12021716,deleted
/Volumes/Radishes/GBIF_phenology_scored_specimen_images/1998652068.jpg,source_copy_already_in_scoring,12412508,deleted
/Volumes/Radishes/GBIF_phenology_scored_specimen_images/1998659177.jpg,source_copy_already_in_scoring,12029039,deleted
/Volumes/Radishes/GBIF_phenology_scored_specimen_images/1998667810.jpg,source_copy_already_in_scoring,12261598,deleted
/Volumes/Radishes/GBIF_phenology_scored_specimen_images/1998669622.jpg,source_copy_already_in_scoring,13317752,deleted
/Volumes/Radishes/GBIF_phenology_scored_specimen_images/1998673944.jpg,source_copy_already_in_scoring,12330402,deleted
/Volumes/Radishes/GBIF_phenology_scored_specimen_images/1998677184.jpg,source_copy_already_in_scoring,12364791,deleted
/Volumes/Radishes/GBIF_phenology_scored_specimen_images/1998683916.jpg,source_copy_already_in_scoring,11940420,deleted
/Volumes/Radishes/GBIF_phenology_scored_specimen_images/1998686585.jpg,source_copy_already_in_scoring,12156840,deleted
/Volumes/Radishes/GBIF_phenology_scored_specimen_images/1998693494.jpg,source_copy_already_in_scoring,12252042,deleted
/Volumes/Radishes/GBIF_phenology_scored_specimen_images/1998721168.jpg,source_copy_already_in_scoring,12084909,deleted
/Volumes/Radishes/GBIF_phenology_scored_specimen_images/1998722120.jpg,source_copy_already_in_scoring,12471425,deleted
/Volumes/Radishes/GBIF_phenology_scored_specimen_images/1998739118.jpg,source_copy_already_in_scoring,12590802,deleted
/Volumes/Radishes/GBIF_phenology_scored_specimen_images/1998739173.jpg,source_copy_already_in_scoring,12810434,deleted
/Volumes/Radishes/GBIF_phenology_scored_specimen_images/1998740219.jpg,source_copy_already_in_scoring,12227086,deleted
/Volumes/Radishes/GBIF_phenology_scored_specimen_images/1998749994.jpg,source_copy_already_in_scoring,12287667,deleted
/Volumes/Radishes/GBIF_phenology_scored_specimen_images/1998755097.jpg,source_copy_already_in_scoring,13337905,deleted
/Volumes/Radishes/GBIF_phenology_scored_specimen_images/1998773778.jpg,source_copy_already_in_scoring,11838774,deleted
/Volumes/Radishes/GBIF_phenology_scored_specimen_images/1998783458.jpg,source_copy_already_in_scoring,11477654,deleted
/Volumes/Radishes/GBIF_phenology_scored_specimen_images/1998785598.jpg,source_copy_already_in_scoring,12356412,deleted
/Volumes/Radishes/GBIF_phenology_scored_specimen_images/1998790784.jpg,source_copy_already_in_scoring,12335305,deleted
/Volumes/Radishes/GBIF_phenology_scored_specimen_images/1998801349.jpg,source_copy_already_in_scoring,14596544,deleted
/Volumes/Radishes/GBIF_phenology_scored_specimen_images/1998820234.jpg,source_copy_already_in_scoring,11750013,deleted
/Volumes/Radishes/GBIF_phenology_scored_specimen_images/1998828278.jpg,source_copy_already_in_scoring,13063940,deleted
/Volumes/Radishes/GBIF_phenology_scored_specimen_images/1998838468.jpg,source_copy_already_in_scoring,12836352,deleted
/Volumes/Radishes/GBIF_phenology_scored_specimen_images/1998844103.jpg,source_copy_already_in_scoring,12964905,deleted
/Volumes/Radishes/GBIF_phenology_scored_specimen_images/1998844942.jpg,source_copy_already_in_scoring,11893907,deleted
/Volumes/Radishes/GBIF_phenology_scored_specimen_images/1998853240.jpg,source_copy_already_in_scoring,12751437,deleted
/Volumes/Radishes/GBIF_phenology_scored_specimen_images/1998872730.jpg,source_copy_already_in_scoring,13051167,deleted
/Volumes/Radishes/GBIF_phenology_scored_specimen_images/1998874970.jpg,source_copy_already_in_scoring,12422158,deleted
/Volumes/Radishes/GBIF_phenology_scored_specimen_images/1998882151.jpg,source_copy_already_in_scoring,12228911,deleted
/Volumes/Radishes/GBIF_phenology_scored_specimen_images/1998887271.jpg,source_copy_already_in_scoring,12363012,deleted
/Volumes/Radishes/GBIF_phenology_scored_specimen_images/1998898180.jpg,source_copy_already_in_scoring,11894315,deleted
/Volumes/Radishes/GBIF_phenology_scored_specimen_images/1998900001.jpg,source_copy_already_in_scoring,12451223,deleted
/Volumes/Radishes/GBIF_phenology_scored_specimen_images/1998915528.jpg,source_copy_already_in_scoring,12611756,deleted
/Volumes/Radishes/GBIF_phenology_scored_specimen_images/1998915734.jpg,source_copy_already_in_scoring,12610038,deleted
/Volumes/Radishes/GBIF_phenology_scored_specimen_images/1998917651.jpg,source_copy_already_in_scoring,11545732,deleted
/Volumes/Radishes/GBIF_phenology_scored_specimen_images/1998918058.jpg,source_copy_already_in_scoring,13330224,deleted
/Volumes/Radishes/GBIF_phenology_scored_specimen_images/1998918695.jpg,source_copy_already_in_scoring,12359058,deleted
/Volumes/Radishes/GBIF_phenology_scored_specimen_images/1998922892.jpg,source_copy_already_in_scoring,14008949,deleted
/Volumes/Radishes/GBIF_phenology_scored_specimen_images/1998926105.jpg,source_copy_already_in_scoring,12326933,deleted
/Volumes/Radishes/GBIF_phenology_scored_specimen_images/1998941923.jpg,source_copy_already_in_scoring,13237098,deleted
/Volumes/Radishes/GBIF_phenology_scored_specimen_images/1998950073.jpg,source_copy_already_in_scoring,12081894,deleted
/Volumes/Radishes/GBIF_phenology_scored_specimen_images/1998951838.jpg,source_copy_already_in_scoring,11506575,deleted
/Volumes/Radishes/GBIF_phenology_scored_specimen_images/1998952477.jpg,source_copy_already_in_scoring,12889441,deleted
/Volumes/Radishes/GBIF_phenology_scored_specimen_images/1998952570.jpg,source_copy_already_in_scoring,13082847,deleted
/Volumes/Radishes/GBIF_phenology_scored_specimen_images/1998961162.jpg,source_copy_already_in_scoring,12214038,deleted
/Volumes/Radishes/GBIF_phenology_scored_specimen_images/1998973354.jpg,source_copy_already_in_scoring,12560268,deleted
/Volumes/Radishes/GBIF_phenology_scored_specimen_images/1998976464.jpg,source_copy_already_in_scoring,12244223,deleted
/Volumes/Radishes/GBIF_phenology_scored_specimen_images/1998979892.jpg,source_copy_already_in_scoring,12878561,deleted
/Volumes/Radishes/GBIF_phenology_scored_specimen_images/1998980193.jpg,source_copy_already_in_scoring,11781080,deleted
/Volumes/Radishes/GBIF_phenology_scored_specimen_images/1998980671.jpg,source_copy_already_in_scoring,12263039,deleted
/Volumes/Radishes/GBIF_phenology_scored_specimen_images/1998985206.jpg,source_copy_already_in_scoring,12303971,deleted
/Volumes/Radishes/GBIF_phenology_scored_specimen_images/1999004569.jpg,source_copy_already_in_scoring,14030014,deleted
/Volumes/Radishes/GBIF_phenology_scored_specimen_images/1999012358.jpg,source_copy_already_in_scoring,13769602,deleted
/Volumes/Radishes/GBIF_phenology_scored_specimen_images/1999019853.jpg,source_copy_already_in_scoring,14333804,deleted
/Volumes/Radishes/GBIF_phenology_scored_specimen_images/1999023428.jpg,source_copy_already_in_scoring,11826756,deleted
/Volumes/Radishes/GBIF_phenology_scored_specimen_images/1999041745.jpg,source_copy_already_in_scoring,11880124,deleted
/Volumes/Radishes/GBIF_phenology_scored_specimen_images/1999049354.jpg,source_copy_already_in_scoring,11687611,deleted
/Volumes/Radishes/GBIF_phenology_scored_specimen_images/1999050539.jpg,source_copy_already_in_scoring,12606125,deleted
/Volumes/Radishes/GBIF_phenology_scored_specimen_images/1999055823.jpg,source_copy_already_in_scoring,11577910,deleted
/Volumes/Radishes/GBIF_phenology_scored_specimen_images/1999056718.jpg,source_copy_already_in_scoring,12733786,deleted
/Volumes/Radishes/GBIF_phenology_scored_specimen_images/1999060338.jpg,source_copy_already_in_scoring,11501522,deleted
/Volumes/Radishes/GBIF_phenology_scored_specimen_images/1999066003.jpg,source_copy_already_in_scoring,13163016,deleted
/Volumes/Radishes/GBIF_phenology_scored_specimen_images/1999079562.jpg,source_copy_already_in_scoring,9946051,deleted
/Volumes/Radishes/GBIF_phenology_scored_specimen_images/1999082584.jpg,source_copy_already_in_scoring,15562078,deleted
/Volumes/Radishes/GBIF_phenology_scored_specimen_images/1999082601.jpg,source_copy_already_in_scoring,13476432,deleted
/Volumes/Radishes/GBIF_phenology_scored_specimen_images/1999085926.jpg,source_copy_already_in_scoring,11323816,deleted
/Volumes/Radishes/GBIF_phenology_scored_specimen_images/1999102041.jpg,source_copy_already_in_scoring,11293480,deleted
/Volumes/Radishes/GBIF_phenology_scored_specimen_images/1999108852.jpg,source_copy_already_in_scoring,13373407,deleted
/Volumes/Radishes/GBIF_phenology_scored_specimen_images/1999112582.jpg,source_copy_already_in_scoring,12249392,deleted
/Volumes/Radishes/GBIF_phenology_scored_specimen_images/1999119261.jpg,source_copy_already_in_scoring,12883462,deleted
/Volumes/Radishes/GBIF_phenology_scored_specimen_images/1999120383.jpg,source_copy_already_in_scoring,9239985,deleted
/Volumes/Radishes/GBIF_phenology_scored_specimen_images/1999121448.jpg,source_copy_already_in_scoring,12015869,deleted
/Volumes/Radishes/GBIF_phenology_scored_specimen_images/1999127759.jpg,source_copy_already_in_scoring,14315646,deleted
/Volumes/Radishes/GBIF_phenology_scored_specimen_images/1999130593.jpg,source_copy_already_in_scoring,12614622,deleted
/Volumes/Radishes/GBIF_phenology_scored_specimen_images/1999136716.jpg,source_copy_already_in_scoring,12261108,deleted
/Volumes/Radishes/GBIF_phenology_scored_specimen_images/1999137144.jpg,source_copy_already_in_scoring,11585710,deleted
/Volumes/Radishes/GBIF_phenology_scored_specimen_images/1999146280.jpg,source_copy_already_in_scoring,13160707,deleted
/Volumes/Radishes/GBIF_phenology_scored_specimen_images/1999146808.jpg,source_copy_already_in_scoring,12467207,deleted
/Volumes/Radishes/GBIF_phenology_scored_specimen_images/1999148571.jpg,source_copy_already_in_scoring,11168613,deleted
/Volumes/Radishes/GBIF_phenology_scored_specimen_images/1999156057.jpg,source_copy_already_in_scoring,13436312,deleted
/Volumes/Radishes/GBIF_phenology_scored_specimen_images/1999157341.jpg,source_copy_already_in_scoring,11624110,deleted
/Volumes/Radishes/GBIF_phenology_scored_specimen_images/1999157503.jpg,source_copy_already_in_scoring,12448650,deleted
/Volumes/Radishes/GBIF_phenology_scored_specimen_images/1999163008.jpg,source_copy_already_in_scoring,11674500,deleted
/Volumes/Radishes/GBIF_phenology_scored_specimen_images/1999166727.jpg,source_copy_already_in_scoring,11999926,deleted
/Volumes/Radishes/GBIF_phenology_scored_specimen_images/1999174916.jpg,source_copy_already_in_scoring,11833467,deleted
/Volumes/Radishes/GBIF_phenology_scored_specimen_images/1999179277.jpg,source_copy_already_in_scoring,11931957,deleted
/Volumes/Radishes/GBIF_phenology_scored_specimen_images/1999180641.jpg,source_copy_already_in_scoring,13056504,deleted
/Volumes/Radishes/GBIF_phenology_scored_specimen_images/1999192084.jpg,source_copy_already_in_scoring,11531478,deleted
/Volumes/Radishes/GBIF_phenology_scored_specimen_images/1999193262.jpg,source_copy_already_in_scoring,11554793,deleted
/Volumes/Radishes/GBIF_phenology_scored_specimen_images/1999202144.jpg,source_copy_already_in_scoring,11791386,deleted
/Volumes/Radishes/GBIF_phenology_scored_specimen_images/1999258976.jpg,source_copy_already_in_scoring,12201150,deleted
/Volumes/Radishes/GBIF_phenology_scored_specimen_images/1999259444.jpg,source_copy_already_in_scoring,13290257,deleted
/Volumes/Radishes/GBIF_phenology_scored_specimen_images/1999261686.jpg,source_copy_already_in_scoring,11558621,deleted
/Volumes/Radishes/GBIF_phenology_scored_specimen_images/1999262411.jpg,source_copy_already_in_scoring,11270520,deleted
/Volumes/Radishes/GBIF_phenology_scored_specimen_images/1999263105.jpg,source_copy_already_in_scoring,14810952,deleted
/Volumes/Radishes/GBIF_phenology_scored_specimen_images/1999280100.jpg,source_copy_already_in_scoring,13026583,deleted
/Volumes/Radishes/GBIF_phenology_scored_specimen_images/1999280791.jpg,source_copy_already_in_scoring,12944791,deleted
/Volumes/Radishes/GBIF_phenology_scored_specimen_images/1999284994.jpg,source_copy_already_in_scoring,13019839,deleted
/Volumes/Radishes/GBIF_phenology_scored_specimen_images/1999288224.jpg,source_copy_already_in_scoring,11240934,deleted
/Volumes/Radishes/GBIF_phenology_scored_specimen_images/1999289571.jpg,source_copy_already_in_scoring,13873786,deleted
/Volumes/Radishes/GBIF_phenology_scored_specimen_images/1999303400.jpg,source_copy_already_in_scoring,12189986,deleted
/Volumes/Radishes/GBIF_phenology_scored_specimen_images/1999307169.jpg,source_copy_already_in_scoring,11760433,deleted
/Volumes/Radishes/GBIF_phenology_scored_specimen_images/1999321022.jpg,source_copy_already_in_scoring,14550867,deleted
/Volumes/Radishes/GBIF_phenology_scored_specimen_images/1999321755.jpg,source_copy_already_in_scoring,12698045,deleted
/Volumes/Radishes/GBIF_phenology_scored_specimen_images/1999321970.jpg,source_copy_already_in_scoring,12704186,deleted
/Volumes/Radishes/GBIF_phenology_scored_specimen_images/1999324573.jpg,source_copy_already_in_scoring,12242376,deleted
/Volumes/Radishes/GBIF_phenology_scored_specimen_images/1999331105.jpg,source_copy_already_in_scoring,13899123,deleted
/Volumes/Radishes/GBIF_phenology_scored_specimen_images/1999333260.jpg,source_copy_already_in_scoring,12008860,deleted
/Volumes/Radishes/GBIF_phenology_scored_specimen_images/1999348469.jpg,source_copy_already_in_scoring,12783234,deleted
/Volumes/Radishes/GBIF_phenology_scored_specimen_images/1999357673.jpg,source_copy_already_in_scoring,13879989,deleted
/Volumes/Radishes/GBIF_phenology_scored_specimen_images/1999360040.jpg,source_copy_already_in_scoring,13545394,deleted
/Volumes/Radishes/GBIF_phenology_scored_specimen_images/1999367088.jpg,source_copy_already_in_scoring,13346789,deleted
/Volumes/Radishes/GBIF_phenology_scored_specimen_images/1999375402.jpg,source_copy_already_in_scoring,11969997,deleted
/Volumes/Radishes/GBIF_phenology_scored_specimen_images/1999385607.jpg,source_copy_already_in_scoring,12314180,deleted
/Volumes/Radishes/GBIF_phenology_scored_specimen_images/1999393385.jpg,source_copy_already_in_scoring,13203404,deleted
/Volumes/Radishes/GBIF_phenology_scored_specimen_images/1999394932.jpg,source_copy_already_in_scoring,12120206,deleted
/Volumes/Radishes/GBIF_phenology_scored_specimen_images/1999395030.jpg,source_copy_already_in_scoring,13342921,deleted
/Volumes/Radishes/GBIF_phenology_scored_specimen_images/1999409580.jpg,source_copy_already_in_scoring,12542877,deleted
/Volumes/Radishes/GBIF_phenology_scored_specimen_images/1999420891.jpg,source_copy_already_in_scoring,12355742,deleted
/Volumes/Radishes/GBIF_phenology_scored_specimen_images/1999429440.jpg,source_copy_already_in_scoring,14094485,deleted
/Volumes/Radishes/GBIF_phenology_scored_specimen_images/1999430450.jpg,source_copy_already_in_scoring,12396944,deleted
/Volumes/Radishes/GBIF_phenology_scored_specimen_images/1999431458.jpg,source_copy_already_in_scoring,13164998,deleted
/Volumes/Radishes/GBIF_phenology_scored_specimen_images/2234306003.jpg,source_copy_already_in_scoring,6031566,deleted
/Volumes/Radishes/GBIF_phenology_scored_specimen_images/2234306139.jpg,source_copy_already_in_scoring,5227830,deleted
/Volumes/Radishes/GBIF_phenology_scored_specimen_images/2234307615.jpg,source_copy_already_in_scoring,5374237,deleted
/Volumes/Radishes/GBIF_phenology_scored_specimen_images/2234307765.jpg,source_copy_already_in_scoring,5844886,deleted
/Volumes/Radishes/GBIF_phenology_scored_specimen_images/2234308015.jpg,source_copy_already_in_scoring,6057355,deleted
/Volumes/Radishes/GBIF_phenology_scored_specimen_images/2234308065.jpg,source_copy_already_in_scoring,7060462,deleted
/Volumes/Radishes/GBIF_phenology_scored_specimen_images/2234308373.jpg,source_copy_already_in_scoring,5591664,deleted
/Volumes/Radishes/GBIF_phenology_scored_specimen_images/2234309107.jpg,source_copy_already_in_scoring,5879733,deleted
/Volumes/Radishes/GBIF_phenology_scored_specimen_images/2234309165.jpg,source_copy_already_in_scoring,6159716,deleted
/Volumes/Radishes/GBIF_phenology_scored_specimen_images/2234309419.jpg,source_copy_already_in_scoring,6144263,deleted
/Volumes/Radishes/GBIF_phenology_scored_specimen_images/2234331501.jpg,source_copy_already_in_scoring,6425611,deleted
/Volumes/Radishes/GBIF_phenology_scored_specimen_images/2234332031.jpg,source_copy_already_in_scoring,5227639,deleted
/Volumes/Radishes/GBIF_phenology_scored_specimen_images/2234336765.jpg,source_copy_already_in_scoring,5349441,deleted
/Volumes/Radishes/GBIF_phenology_scored_specimen_images/2234491251.jpg,source_copy_already_in_scoring,6923142,deleted
/Volumes/Radishes/GBIF_phenology_scored_specimen_images/2234581985.jpg,source_copy_already_in_scoring,6533928,deleted
/Volumes/Radishes/GBIF_phenology_scored_specimen_images/2234585224.jpg,source_copy_already_in_scoring,6950484,deleted
/Volumes/Radishes/GBIF_phenology_scored_specimen_images/2237844229.jpg,source_copy_already_in_scoring,2873623,deleted
/Volumes/Radishes/GBIF_phenology_scored_specimen_images/2242400589.jpg,source_copy_already_in_scoring,2293017,deleted
/Volumes/Radishes/GBIF_phenology_scored_specimen_images/2242465374.jpg,source_copy_already_in_scoring,668417,deleted
/Volumes/Radishes/GBIF_phenology_scored_specimen_images/2270488411.jpg,source_copy_already_in_scoring,1433737,deleted
/Volumes/Radishes/GBIF_phenology_scored_specimen_images/2270489880.jpg,source_copy_already_in_scoring,1753199,deleted
/Volumes/Radishes/GBIF_phenology_scored_specimen_images/2270498412.jpg,source_copy_already_in_scoring,2631987,deleted
/Volumes/Radishes/GBIF_phenology_scored_specimen_images/2270499210.jpg,source_copy_already_in_scoring,2665434,deleted
/Volumes/Radishes/GBIF_phenology_scored_specimen_images/2413153694.jpg,source_copy_already_in_scoring,5279857,deleted
/Volumes/Radishes/GBIF_phenology_scored_specimen_images/2413154044.jpg,source_copy_already_in_scoring,6414837,deleted
/Volumes/Radishes/GBIF_phenology_scored_specimen_images/2413154142.jpg,source_copy_already_in_scoring,5881197,deleted
/Volumes/Radishes/GBIF_phenology_scored_specimen_images/2413154423.jpg,source_copy_already_in_scoring,5036163,deleted
/Volumes/Radishes/GBIF_phenology_scored_specimen_images/2417965559.jpg,source_copy_already_in_scoring,4024286,deleted
/Volumes/Radishes/GBIF_phenology_scored_specimen_images/2417979840.jpg,source_copy_already_in_scoring,3889669,deleted
/Volumes/Radishes/GBIF_phenology_scored_specimen_images/2418002574.jpg,source_copy_already_in_scoring,4059787,deleted
/Volumes/Radishes/GBIF_phenology_scored_specimen_images/2418029927.jpg,source_copy_already_in_scoring,4003782,deleted
/Volumes/Radishes/GBIF_phenology_scored_specimen_images/2430037612.jpg,source_copy_already_in_scoring,4970387,deleted
/Volumes/Radishes/GBIF_phenology_scored_specimen_images/2430055274.jpg,source_copy_already_in_scoring,4244027,deleted
/Volumes/Radishes/GBIF_phenology_scored_specimen_images/2430071957.jpg,source_copy_already_in_scoring,3706806,deleted
/Volumes/Radishes/GBIF_phenology_scored_specimen_images/2430074907.jpg,source_copy_already_in_scoring,4744156,deleted
/Volumes/Radishes/GBIF_phenology_scored_specimen_images/2430080232.jpg,source_copy_already_in_scoring,4403762,deleted
/Volumes/Radishes/GBIF_phenology_scored_specimen_images/2430082816.jpg,source_copy_already_in_scoring,4573453,deleted
/Volumes/Radishes/GBIF_phenology_scored_specimen_images/2430095358.jpg,source_copy_already_in_scoring,3640410,deleted
/Volumes/Radishes/GBIF_phenology_scored_specimen_images/2430096142.jpg,source_copy_already_in_scoring,4579824,deleted
/Volumes/Radishes/GBIF_phenology_scored_specimen_images/2430116059.jpg,source_copy_already_in_scoring,4766632,deleted
/Volumes/Radishes/GBIF_phenology_scored_specimen_images/2430130354.jpg,source_copy_already_in_scoring,4229396,deleted
/Volumes/Radishes/GBIF_phenology_scored_specimen_images/2430136343.jpg,source_copy_already_in_scoring,5075210,deleted
/Volumes/Radishes/GBIF_phenology_scored_specimen_images/2430138655.jpg,source_copy_already_in_scoring,5037204,deleted
/Volumes/Radishes/GBIF_phenology_scored_specimen_images/2430139010.jpg,source_copy_already_in_scoring,3667603,deleted
/Volumes/Radishes/GBIF_phenology_scored_specimen_images/2430148041.jpg,source_copy_already_in_scoring,5064221,deleted
/Volumes/Radishes/GBIF_phenology_scored_specimen_images/2430158391.jpg,source_copy_already_in_scoring,4702802,deleted
/Volumes/Radishes/GBIF_phenology_scored_specimen_images/2430165112.jpg,source_copy_already_in_scoring,3919843,deleted
/Volumes/Radishes/GBIF_phenology_scored_specimen_images/2430170625.jpg,source_copy_already_in_scoring,3675070,deleted
/Volumes/Radishes/GBIF_phenology_scored_specimen_images/2430171223.jpg,source_copy_already_in_scoring,4522891,deleted
/Volumes/Radishes/GBIF_phenology_scored_specimen_images/2430172263.jpg,source_copy_already_in_scoring,4387480,deleted
/Volumes/Radishes/GBIF_phenology_scored_specimen_images/2430174509.jpg,source_copy_already_in_scoring,3563391,deleted
/Volumes/Radishes/GBIF_phenology_scored_specimen_images/2430175727.jpg,source_copy_already_in_scoring,3500074,deleted
/Volumes/Radishes/GBIF_phenology_scored_specimen_images/2430196006.jpg,source_copy_already_in_scoring,3820062,deleted
/Volumes/Radishes/GBIF_phenology_scored_specimen_images/2430197515.jpg,source_copy_already_in_scoring,3870412,deleted
/Volumes/Radishes/GBIF_phenology_scored_specimen_images/2430197912.jpg,source_copy_already_in_scoring,3621590,deleted
/Volumes/Radishes/GBIF_phenology_scored_specimen_images/2430203932.jpg,source_copy_already_in_scoring,4201265,deleted
/Volumes/Radishes/GBIF_phenology_scored_specimen_images/2430204411.jpg,source_copy_already_in_scoring,4501458,deleted
/Volumes/Radishes/GBIF_phenology_scored_specimen_images/2430221992.jpg,source_copy_already_in_scoring,4040034,deleted
/Volumes/Radishes/GBIF_phenology_scored_specimen_images/2430230536.jpg,source_copy_already_in_scoring,3526720,deleted
/Volumes/Radishes/GBIF_phenology_scored_specimen_images/2430242716.jpg,source_copy_already_in_scoring,3564350,deleted
/Volumes/Radishes/GBIF_phenology_scored_specimen_images/2430247838.jpg,source_copy_already_in_scoring,4318900,deleted
/Volumes/Radishes/GBIF_phenology_scored_specimen_images/2430249061.jpg,source_copy_already_in_scoring,3616935,deleted
/Volumes/Radishes/GBIF_phenology_scored_specimen_images/2430251413.jpg,source_copy_already_in_scoring,4589283,deleted
/Volumes/Radishes/GBIF_phenology_scored_specimen_images/2430260671.jpg,source_copy_already_in_scoring,4634975,deleted
/Volumes/Radishes/GBIF_phenology_scored_specimen_images/2430266010.jpg,source_copy_already_in_scoring,4003305,deleted
/Volumes/Radishes/GBIF_phenology_scored_specimen_images/2430273825.jpg,source_copy_already_in_scoring,4514878,deleted
/Volumes/Radishes/GBIF_phenology_scored_specimen_images/2430274255.jpg,source_copy_already_in_scoring,3615132,deleted
/Volumes/Radishes/GBIF_phenology_scored_specimen_images/2430274305.jpg,source_copy_already_in_scoring,4280958,deleted
/Volumes/Radishes/GBIF_phenology_scored_specimen_images/2430276442.jpg,source_copy_already_in_scoring,3647666,deleted
/Volumes/Radishes/GBIF_phenology_scored_specimen_images/2430282550.jpg,source_copy_already_in_scoring,4287902,deleted
/Volumes/Radishes/GBIF_phenology_scored_specimen_images/2430287328.jpg,source_copy_already_in_scoring,5026123,deleted
/Volumes/Radishes/GBIF_phenology_scored_specimen_images/2430289894.jpg,source_copy_already_in_scoring,3720442,deleted
/Volumes/Radishes/GBIF_phenology_scored_specimen_images/2430299319.jpg,source_copy_already_in_scoring,3858252,deleted
/Volumes/Radishes/GBIF_phenology_scored_specimen_images/2430315458.jpg,source_copy_already_in_scoring,4655180,deleted
/Volumes/Radishes/GBIF_phenology_scored_specimen_images/2430325132.jpg,source_copy_already_in_scoring,4297890,deleted
/Volumes/Radishes/GBIF_phenology_scored_specimen_images/2430340346.jpg,source_copy_already_in_scoring,3670169,deleted
/Volumes/Radishes/GBIF_phenology_scored_specimen_images/2430343154.jpg,source_copy_already_in_scoring,4487470,deleted
/Volumes/Radishes/GBIF_phenology_scored_specimen_images/2430344256.jpg,source_copy_already_in_scoring,4774774,deleted
/Volumes/Radishes/GBIF_phenology_scored_specimen_images/2430367972.jpg,source_copy_already_in_scoring,4790399,deleted
/Volumes/Radishes/GBIF_phenology_scored_specimen_images/2430373690.jpg,source_copy_already_in_scoring,4762878,deleted
/Volumes/Radishes/GBIF_phenology_scored_specimen_images/2430388402.jpg,source_copy_already_in_scoring,4959091,deleted
/Volumes/Radishes/GBIF_phenology_scored_specimen_images/2430390468.jpg,source_copy_already_in_scoring,3742693,deleted
/Volumes/Radishes/GBIF_phenology_scored_specimen_images/2430391915.jpg,source_copy_already_in_scoring,3864131,deleted
/Volumes/Radishes/GBIF_phenology_scored_specimen_images/2430394612.jpg,source_copy_already_in_scoring,4865276,deleted
/Volumes/Radishes/GBIF_phenology_scored_specimen_images/2430397750.jpg,source_copy_already_in_scoring,3564679,deleted
/Volumes/Radishes/GBIF_phenology_scored_specimen_images/2430411664.jpg,source_copy_already_in_scoring,4968911,deleted
/Volumes/Radishes/GBIF_phenology_scored_specimen_images/2430415244.jpg,source_copy_already_in_scoring,4304143,deleted
/Volumes/Radishes/GBIF_phenology_scored_specimen_images/2430415275.jpg,source_copy_already_in_scoring,4040826,deleted
/Volumes/Radishes/GBIF_phenology_scored_specimen_images/2430416583.jpg,source_copy_already_in_scoring,5104443,deleted
/Volumes/Radishes/GBIF_phenology_scored_specimen_images/2430423056.jpg,source_copy_already_in_scoring,4417235,deleted
/Volumes/Radishes/GBIF_phenology_scored_specimen_images/2430423842.jpg,source_copy_already_in_scoring,4633311,deleted
/Volumes/Radishes/GBIF_phenology_scored_specimen_images/2430431896.jpg,source_copy_already_in_scoring,3789372,deleted
/Volumes/Radishes/GBIF_phenology_scored_specimen_images/2430432702.jpg,source_copy_already_in_scoring,3538953,deleted
/Volumes/Radishes/GBIF_phenology_scored_specimen_images/2430434509.jpg,source_copy_already_in_scoring,4127091,deleted
/Volumes/Radishes/GBIF_phenology_scored_specimen_images/2430435370.jpg,source_copy_already_in_scoring,3571970,deleted
/Volumes/Radishes/GBIF_phenology_scored_specimen_images/2430439082.jpg,source_copy_already_in_scoring,4612121,deleted
/Volumes/Radishes/GBIF_phenology_scored_specimen_images/2430442799.jpg,source_copy_already_in_scoring,4853085,deleted
/Volumes/Radishes/GBIF_phenology_scored_specimen_images/2430443791.jpg,source_copy_already_in_scoring,4605562,deleted
/Volumes/Radishes/GBIF_phenology_scored_specimen_images/2430444267.jpg,source_copy_already_in_scoring,4429956,deleted
/Volumes/Radishes/GBIF_phenology_scored_specimen_images/2430449182.jpg,source_copy_already_in_scoring,4332425,deleted
/Volumes/Radishes/GBIF_phenology_scored_specimen_images/2430455554.jpg,source_copy_already_in_scoring,3412525,deleted
/Volumes/Radishes/GBIF_phenology_scored_specimen_images/2430455950.jpg,source_copy_already_in_scoring,3680348,deleted
/Volumes/Radishes/GBIF_phenology_scored_specimen_images/2430460223.jpg,source_copy_already_in_scoring,4850907,deleted
/Volumes/Radishes/GBIF_phenology_scored_specimen_images/2430462219.jpg,source_copy_already_in_scoring,4980366,deleted
/Volumes/Radishes/GBIF_phenology_scored_specimen_images/2430470506.jpg,source_copy_already_in_scoring,4162704,deleted
/Volumes/Radishes/GBIF_phenology_scored_specimen_images/2430481098.jpg,source_copy_already_in_scoring,5097326,deleted
/Volumes/Radishes/GBIF_phenology_scored_specimen_images/2430485486.jpg,source_copy_already_in_scoring,3490973,deleted
/Volumes/Radishes/GBIF_phenology_scored_specimen_images/2430512155.jpg,source_copy_already_in_scoring,5083329,deleted
/Volumes/Radishes/GBIF_phenology_scored_specimen_images/2430523096.jpg,source_copy_already_in_scoring,4231861,deleted
/Volumes/Radishes/GBIF_phenology_scored_specimen_images/2430530468.jpg,source_copy_already_in_scoring,4596700,deleted
/Volumes/Radishes/GBIF_phenology_scored_specimen_images/2430531849.jpg,source_copy_already_in_scoring,4678596,deleted
/Volumes/Radishes/GBIF_phenology_scored_specimen_images/2430535841.jpg,source_copy_already_in_scoring,3560033,deleted
/Volumes/Radishes/GBIF_phenology_scored_specimen_images/2430536906.jpg,source_copy_already_in_scoring,3453828,deleted
/Volumes/Radishes/GBIF_phenology_scored_specimen_images/2430540907.jpg,source_copy_already_in_scoring,4078830,deleted
/Volumes/Radishes/GBIF_phenology_scored_specimen_images/2430546606.jpg,source_copy_already_in_scoring,3848287,deleted
/Volumes/Radishes/GBIF_phenology_scored_specimen_images/2430549978.jpg,source_copy_already_in_scoring,4308702,deleted
/Volumes/Radishes/GBIF_phenology_scored_specimen_images/2430551064.jpg,source_copy_already_in_scoring,3550200,deleted
/Volumes/Radishes/GBIF_phenology_scored_specimen_images/2430552658.jpg,source_copy_already_in_scoring,4303328,deleted
/Volumes/Radishes/GBIF_phenology_scored_specimen_images/2430559176.jpg,source_copy_already_in_scoring,4108114,deleted
/Volumes/Radishes/GBIF_phenology_scored_specimen_images/2430560567.jpg,source_copy_already_in_scoring,3780991,deleted
/Volumes/Radishes/GBIF_phenology_scored_specimen_images/2459168788.jpg,source_copy_already_in_scoring,7121215,deleted
/Volumes/Radishes/GBIF_phenology_scored_specimen_images/2512754491.jpg,source_copy_already_in_scoring,640699,deleted
/Volumes/Radishes/GBIF_phenology_scored_specimen_images/2512758461.jpg,source_copy_already_in_scoring,606135,deleted
/Volumes/Radishes/GBIF_phenology_scored_specimen_images/2514099464.jpg,source_copy_already_in_scoring,227338,deleted
/Volumes/Radishes/GBIF_phenology_scored_specimen_images/2514100465.jpg,source_copy_already_in_scoring,277184,deleted
/Volumes/Radishes/GBIF_phenology_scored_specimen_images/2514964427.jpg,source_copy_already_in_scoring,174199,deleted
/Volumes/Radishes/GBIF_phenology_scored_specimen_images/2514966053.jpg,source_copy_already_in_scoring,214601,deleted
/Volumes/Radishes/GBIF_phenology_scored_specimen_images/2515123578.jpg,source_copy_already_in_scoring,959886,deleted
/Volumes/Radishes/GBIF_phenology_scored_specimen_images/2515352603.jpg,source_copy_already_in_scoring,173745,deleted
/Volumes/Radishes/GBIF_phenology_scored_specimen_images/2515370378.jpg,source_copy_already_in_scoring,203733,deleted
/Volumes/Radishes/GBIF_phenology_scored_specimen_images/2515436248.jpg,source_copy_already_in_scoring,130783,deleted
/Volumes/Radishes/GBIF_phenology_scored_specimen_images/2515493583.jpg,source_copy_already_in_scoring,198817,deleted
/Volumes/Radishes/GBIF_phenology_scored_specimen_images/2515500059.jpg,source_copy_already_in_scoring,160649,deleted
/Volumes/Radishes/GBIF_phenology_scored_specimen_images/2515502332.jpg,source_copy_already_in_scoring,284450,deleted
/Volumes/Radishes/GBIF_phenology_scored_specimen_images/2516925454.jpg,source_copy_already_in_scoring,241004,deleted
/Volumes/Radishes/GBIF_phenology_scored_specimen_images/2516955410.jpg,source_copy_already_in_scoring,229904,deleted
/Volumes/Radishes/GBIF_phenology_scored_specimen_images/2517114190.jpg,source_copy_already_in_scoring,176920,deleted
/Volumes/Radishes/GBIF_phenology_scored_specimen_images/2517128134.jpg,source_copy_already_in_scoring,150701,deleted
/Volumes/Radishes/GBIF_phenology_scored_specimen_images/2517362078.jpg,source_copy_already_in_scoring,233781,deleted
/Volumes/Radishes/GBIF_phenology_scored_specimen_images/2517371118.jpg,source_copy_already_in_scoring,150370,deleted
/Volumes/Radishes/GBIF_phenology_scored_specimen_images/2517603142.jpg,source_copy_already_in_scoring,257833,deleted
/Volumes/Radishes/GBIF_phenology_scored_specimen_images/2565962075.jpg,source_copy_already_in_scoring,4111977,deleted
/Volumes/Radishes/GBIF_phenology_scored_specimen_images/2565965269.jpg,source_copy_already_in_scoring,4029861,deleted
/Volumes/Radishes/GBIF_phenology_scored_specimen_images/2573009258.jpg,source_copy_already_in_scoring,1205332,deleted
/Volumes/Radishes/GBIF_phenology_scored_specimen_images/2573055850.jpg,source_copy_already_in_scoring,7594902,deleted
/Volumes/Radishes/GBIF_phenology_scored_specimen_images/2573113018.jpg,source_copy_already_in_scoring,10742221,deleted
/Volumes/Radishes/GBIF_phenology_scored_specimen_images/2630823347.jpg,source_copy_already_in_scoring,4565713,deleted
/Volumes/Radishes/GBIF_phenology_scored_specimen_images/2807518089.jpg,source_copy_already_in_scoring,9150080,deleted
/Volumes/Radishes/GBIF_phenology_scored_specimen_images/2825495297.jpg,source_copy_already_in_scoring,7906770,deleted
/Volumes/Radishes/GBIF_phenology_scored_specimen_images/2859080865.jpg,source_copy_already_in_scoring,10302316,deleted
/Volumes/Radishes/GBIF_phenology_scored_specimen_images/2859081863.jpg,source_copy_already_in_scoring,12657026,deleted
/Volumes/Radishes/GBIF_phenology_scored_specimen_images/2859081864.jpg,source_copy_already_in_scoring,11515535,deleted
/Volumes/Radishes/GBIF_phenology_scored_specimen_images/2859082858.jpg,source_copy_already_in_scoring,11893142,deleted
/Volumes/Radishes/GBIF_phenology_scored_specimen_images/2859083857.jpg,source_copy_already_in_scoring,12602249,deleted
/Volumes/Radishes/GBIF_phenology_scored_specimen_images/2859086857.jpg,source_copy_already_in_scoring,11430211,deleted
/Volumes/Radishes/GBIF_phenology_scored_specimen_images/2859087864.jpg,source_copy_already_in_scoring,13053985,deleted
/Volumes/Radishes/GBIF_phenology_scored_specimen_images/2859087865.jpg,source_copy_already_in_scoring,12612687,deleted
/Volumes/Radishes/GBIF_phenology_scored_specimen_images/2859088734.jpg,source_copy_already_in_scoring,12149282,deleted
/Volumes/Radishes/GBIF_phenology_scored_specimen_images/2859088852.jpg,source_copy_already_in_scoring,11287173,deleted
/Volumes/Radishes/GBIF_phenology_scored_specimen_images/2859091311.jpg,source_copy_already_in_scoring,11395585,deleted
/Volumes/Radishes/GBIF_phenology_scored_specimen_images/2859092861.jpg,source_copy_already_in_scoring,11240314,deleted
/Volumes/Radishes/GBIF_phenology_scored_specimen_images/2859093851.jpg,source_copy_already_in_scoring,11914113,deleted
/Volumes/Radishes/GBIF_phenology_scored_specimen_images/2859094617.jpg,source_copy_already_in_scoring,10805055,deleted
/Volumes/Radishes/GBIF_phenology_scored_specimen_images/2859095120.jpg,source_copy_already_in_scoring,10591379,deleted
/Volumes/Radishes/GBIF_phenology_scored_specimen_images/2859096125.jpg,source_copy_already_in_scoring,10348181,deleted
/Volumes/Radishes/GBIF_phenology_scored_specimen_images/2859098106.jpg,source_copy_already_in_scoring,9508440,deleted
/Volumes/Radishes/GBIF_phenology_scored_specimen_images/2859098605.jpg,source_copy_already_in_scoring,8296180,deleted
/Volumes/Radishes/GBIF_phenology_scored_specimen_images/2859099103.jpg,source_copy_already_in_scoring,12065822,deleted
/Volumes/Radishes/GBIF_phenology_scored_specimen_images/2859102605.jpg,source_copy_already_in_scoring,11435269,deleted
/Volumes/Radishes/GBIF_phenology_scored_specimen_images/2859103258.jpg,source_copy_already_in_scoring,12768270,deleted
/Volumes/Radishes/GBIF_phenology_scored_specimen_images/2859111108.jpg,source_copy_already_in_scoring,10260733,deleted
/Volumes/Radishes/GBIF_phenology_scored_specimen_images/2859111284.jpg,source_copy_already_in_scoring,13674976,deleted
/Volumes/Radishes/GBIF_phenology_scored_specimen_images/2859112611.jpg,source_copy_already_in_scoring,12336139,deleted
/Volumes/Radishes/GBIF_phenology_scored_specimen_images/2859114104.jpg,source_copy_already_in_scoring,8824857,deleted
/Volumes/Radishes/GBIF_phenology_scored_specimen_images/2859334852.jpg,source_copy_already_in_scoring,12072839,deleted
/Volumes/Radishes/GBIF_phenology_scored_specimen_images/2859334853.jpg,source_copy_already_in_scoring,10312594,deleted
/Volumes/Radishes/GBIF_phenology_scored_specimen_images/2859335856.jpg,source_copy_already_in_scoring,13067314,deleted
/Volumes/Radishes/GBIF_phenology_scored_specimen_images/2859335857.jpg,source_copy_already_in_scoring,10221278,deleted
/Volumes/Radishes/GBIF_phenology_scored_specimen_images/2859337866.jpg,source_copy_already_in_scoring,11252838,deleted
/Volumes/Radishes/GBIF_phenology_scored_specimen_images/2859338848.jpg,source_copy_already_in_scoring,11985973,deleted
/Volumes/Radishes/GBIF_phenology_scored_specimen_images/2859338849.jpg,source_copy_already_in_scoring,11142119,deleted
/Volumes/Radishes/GBIF_phenology_scored_specimen_images/2859339863.jpg,source_copy_already_in_scoring,11967373,deleted
/Volumes/Radishes/GBIF_phenology_scored_specimen_images/2859339864.jpg,source_copy_already_in_scoring,10346010,deleted
/Volumes/Radishes/GBIF_phenology_scored_specimen_images/2859355401.jpg,source_copy_already_in_scoring,11604886,deleted
/Volumes/Radishes/GBIF_phenology_scored_specimen_images/2859358581.jpg,source_copy_already_in_scoring,9916111,deleted
/Volumes/Radishes/GBIF_phenology_scored_specimen_images/2859369853.jpg,source_copy_already_in_scoring,10915438,deleted
/Volumes/Radishes/GBIF_phenology_scored_specimen_images/2859369854.jpg,source_copy_already_in_scoring,9670775,deleted
/Volumes/Radishes/GBIF_phenology_scored_specimen_images/2859370848.jpg,source_copy_already_in_scoring,11890510,deleted
/Volumes/Radishes/GBIF_phenology_scored_specimen_images/2859370849.jpg,source_copy_already_in_scoring,11255781,deleted
/Volumes/Radishes/GBIF_phenology_scored_specimen_images/2859371852.jpg,source_copy_already_in_scoring,10439039,deleted
/Volumes/Radishes/GBIF_phenology_scored_specimen_images/2859371853.jpg,source_copy_already_in_scoring,11160769,deleted
/Volumes/Radishes/GBIF_phenology_scored_specimen_images/2859372846.jpg,source_copy_already_in_scoring,10477839,deleted
/Volumes/Radishes/GBIF_phenology_scored_specimen_images/2859372847.jpg,source_copy_already_in_scoring,10827052,deleted
/Volumes/Radishes/GBIF_phenology_scored_specimen_images/2859373861.jpg,source_copy_already_in_scoring,11253135,deleted
/Volumes/Radishes/GBIF_phenology_scored_specimen_images/2859373862.jpg,source_copy_already_in_scoring,12677482,deleted
/Volumes/Radishes/GBIF_phenology_scored_specimen_images/2859393230.jpg,source_copy_already_in_scoring,11043947,deleted
/Volumes/Radishes/GBIF_phenology_scored_specimen_images/2861418301.jpg,source_copy_already_in_scoring,440512,deleted
/Volumes/Radishes/GBIF_phenology_scored_specimen_images/2989911333.jpg,source_copy_already_in_scoring,3814382,deleted
/Volumes/Radishes/GBIF_phenology_scored_specimen_images/2989912328.jpg,source_copy_already_in_scoring,4415522,deleted
/Volumes/Radishes/GBIF_phenology_scored_specimen_images/2989913332.jpg,source_copy_already_in_scoring,3886416,deleted
/Volumes/Radishes/GBIF_phenology_scored_specimen_images/2989914285.jpg,source_copy_already_in_scoring,4763222,deleted
/Volumes/Radishes/GBIF_phenology_scored_specimen_images/2989915292.jpg,source_copy_already_in_scoring,4834436,deleted
/Volumes/Radishes/GBIF_phenology_scored_specimen_images/2989916276.jpg,source_copy_already_in_scoring,3641622,deleted
/Volumes/Radishes/GBIF_phenology_scored_specimen_images/2989917283.jpg,source_copy_already_in_scoring,4838302,deleted
/Volumes/Radishes/GBIF_phenology_scored_specimen_images/2989938277.jpg,source_copy_already_in_scoring,4530366,deleted
/Volumes/Radishes/GBIF_phenology_scored_specimen_images/2989939285.jpg,source_copy_already_in_scoring,4927233,deleted
/Volumes/Radishes/GBIF_phenology_scored_specimen_images/2989939290.jpg,source_copy_already_in_scoring,3432928,deleted
/Volumes/Radishes/GBIF_phenology_scored_specimen_images/2989940285.jpg,source_copy_already_in_scoring,4373550,deleted
/Volumes/Radishes/GBIF_phenology_scored_specimen_images/2989941281.jpg,source_copy_already_in_scoring,4118241,deleted
/Volumes/Radishes/GBIF_phenology_scored_specimen_images/2989942289.jpg,source_copy_already_in_scoring,3632731,deleted
/Volumes/Radishes/GBIF_phenology_scored_specimen_images/2992909301.jpg,source_copy_already_in_scoring,408380,deleted
/Volumes/Radishes/GBIF_phenology_scored_specimen_images/2992913301.jpg,source_copy_already_in_scoring,456653,deleted
/Volumes/Radishes/GBIF_phenology_scored_specimen_images/2992913303.jpg,source_copy_already_in_scoring,933128,deleted
/Volumes/Radishes/GBIF_phenology_scored_specimen_images/2992913306.jpg,source_copy_already_in_scoring,592646,deleted
/Volumes/Radishes/GBIF_phenology_scored_specimen_images/2992913308.jpg,source_copy_already_in_scoring,717912,deleted
/Volumes/Radishes/GBIF_phenology_scored_specimen_images/2992918306.jpg,source_copy_already_in_scoring,1097568,deleted
/Volumes/Radishes/GBIF_phenology_scored_specimen_images/2992927302.jpg,source_copy_already_in_scoring,438456,deleted
/Volumes/Radishes/GBIF_phenology_scored_specimen_images/3091204934.jpg,source_copy_already_in_scoring,2719527,deleted
/Volumes/Radishes/GBIF_phenology_scored_specimen_images/3091277514.jpg,source_copy_already_in_scoring,2958794,deleted
/Volumes/Radishes/GBIF_phenology_scored_specimen_images/3091277542.jpg,source_copy_already_in_scoring,3030481,deleted
/Volumes/Radishes/GBIF_phenology_scored_specimen_images/3091277543.jpg,source_copy_already_in_scoring,2420763,deleted
/Volumes/Radishes/GBIF_phenology_scored_specimen_images/3091277545.jpg,source_copy_already_in_scoring,2857010,deleted
/Volumes/Radishes/GBIF_phenology_scored_specimen_images/3091277546.jpg,source_copy_already_in_scoring,2731773,deleted
/Volumes/Radishes/GBIF_phenology_scored_specimen_images/3091277550.jpg,source_copy_already_in_scoring,2738392,deleted
/Volumes/Radishes/GBIF_phenology_scored_specimen_images/3091277551.jpg,source_copy_already_in_scoring,2236671,deleted
/Volumes/Radishes/GBIF_phenology_scored_specimen_images/3091277553.jpg,source_copy_already_in_scoring,3048392,deleted
/Volumes/Radishes/GBIF_phenology_scored_specimen_images/3091277581.jpg,source_copy_already_in_scoring,2917764,deleted
/Volumes/Radishes/GBIF_phenology_scored_specimen_images/3091277583.jpg,source_copy_already_in_scoring,3016059,deleted
/Volumes/Radishes/GBIF_phenology_scored_specimen_images/3091277605.jpg,source_copy_already_in_scoring,2362221,deleted
/Volumes/Radishes/GBIF_phenology_scored_specimen_images/3091277620.jpg,source_copy_already_in_scoring,2882201,deleted
/Volumes/Radishes/GBIF_phenology_scored_specimen_images/3091277621.jpg,source_copy_already_in_scoring,2487432,deleted
/Volumes/Radishes/GBIF_phenology_scored_specimen_images/3331181566.jpg,source_copy_already_in_scoring,3545086,deleted
/Volumes/Radishes/GBIF_phenology_scored_specimen_images/3331183216.jpg,source_copy_already_in_scoring,2884911,deleted
/Volumes/Radishes/GBIF_phenology_scored_specimen_images/3331186446.jpg,source_copy_already_in_scoring,4543212,deleted
/Volumes/Radishes/GBIF_phenology_scored_specimen_images/3331186470.jpg,source_copy_already_in_scoring,3890365,deleted
/Volumes/Radishes/GBIF_phenology_scored_specimen_images/3331188457.jpg,source_copy_already_in_scoring,5530858,deleted
/Volumes/Radishes/GBIF_phenology_scored_specimen_images/3331193053.jpg,source_copy_already_in_scoring,5156057,deleted
/Volumes/Radishes/GBIF_phenology_scored_specimen_images/3331193610.jpg,source_copy_already_in_scoring,587141,deleted
/Volumes/Radishes/GBIF_phenology_scored_specimen_images/3331194244.jpg,source_copy_already_in_scoring,666363,deleted
/Volumes/Radishes/GBIF_phenology_scored_specimen_images/3331201163.jpg,source_copy_already_in_scoring,3172771,deleted
/Volumes/Radishes/GBIF_phenology_scored_specimen_images/3341236048.jpg,source_copy_already_in_scoring,10376436,deleted
/Volumes/Radishes/GBIF_phenology_scored_specimen_images/3341236050.jpg,source_copy_already_in_scoring,10531897,deleted
/Volumes/Radishes/GBIF_phenology_scored_specimen_images/3341236054.jpg,source_copy_already_in_scoring,10719825,deleted
/Volumes/Radishes/GBIF_phenology_scored_specimen_images/3341236057.jpg,source_copy_already_in_scoring,9456235,deleted
/Volumes/Radishes/GBIF_phenology_scored_specimen_images/3341236061.jpg,source_copy_already_in_scoring,10108772,deleted
/Volumes/Radishes/GBIF_phenology_scored_specimen_images/3341236062.jpg,source_copy_already_in_scoring,10452213,deleted
/Volumes/Radishes/GBIF_phenology_scored_specimen_images/3341236065.jpg,source_copy_already_in_scoring,13508022,deleted
/Volumes/Radishes/GBIF_phenology_scored_specimen_images/3341236068.jpg,source_copy_already_in_scoring,12178921,deleted
/Volumes/Radishes/GBIF_phenology_scored_specimen_images/3341236082.jpg,source_copy_already_in_scoring,12888129,deleted
/Volumes/Radishes/GBIF_phenology_scored_specimen_images/3341236084.jpg,source_copy_already_in_scoring,10366639,deleted
/Volumes/Radishes/GBIF_phenology_scored_specimen_images/3344414990.jpg,source_copy_already_in_scoring,8360145,deleted
/Volumes/Radishes/GBIF_phenology_scored_specimen_images/3344414991.jpg,source_copy_already_in_scoring,5670791,deleted
/Volumes/Radishes/GBIF_phenology_scored_specimen_images/3344414992.jpg,source_copy_already_in_scoring,7136760,deleted
/Volumes/Radishes/GBIF_phenology_scored_specimen_images/3344414995.jpg,source_copy_already_in_scoring,9519096,deleted
/Volumes/Radishes/GBIF_phenology_scored_specimen_images/3344415221.jpg,source_copy_already_in_scoring,6282521,deleted
/Volumes/Radishes/GBIF_phenology_scored_specimen_images/3344415225.jpg,source_copy_already_in_scoring,5679198,deleted
/Volumes/Radishes/GBIF_phenology_scored_specimen_images/3344415228.jpg,source_copy_already_in_scoring,6220320,deleted
/Volumes/Radishes/GBIF_phenology_scored_specimen_images/3344415258.jpg,source_copy_already_in_scoring,9169607,deleted
/Volumes/Radishes/GBIF_phenology_scored_specimen_images/3344415260.jpg,source_copy_already_in_scoring,6254600,deleted
/Volumes/Radishes/GBIF_phenology_scored_specimen_images/3344415263.jpg,source_copy_already_in_scoring,7041769,deleted
/Volumes/Radishes/GBIF_phenology_scored_specimen_images/3344427785.jpg,source_copy_already_in_scoring,7028898,deleted
/Volumes/Radishes/GBIF_phenology_scored_specimen_images/3344427787.jpg,source_copy_already_in_scoring,9865625,deleted
/Volumes/Radishes/GBIF_phenology_scored_specimen_images/3344427790.jpg,source_copy_already_in_scoring,7654396,deleted
/Volumes/Radishes/GBIF_phenology_scored_specimen_images/3344427791.jpg,source_copy_already_in_scoring,7098046,deleted
/Volumes/Radishes/GBIF_phenology_scored_specimen_images/3344427794.jpg,source_copy_already_in_scoring,8405652,deleted
/Volumes/Radishes/GBIF_phenology_scored_specimen_images/3344438249.jpg,source_copy_already_in_scoring,5603299,deleted
/Volumes/Radishes/GBIF_phenology_scored_specimen_images/3344481223.jpg,source_copy_already_in_scoring,5467363,deleted
/Volumes/Radishes/GBIF_phenology_scored_specimen_images/3344481226.jpg,source_copy_already_in_scoring,6476145,deleted
/Volumes/Radishes/GBIF_phenology_scored_specimen_images/3344481231.jpg,source_copy_already_in_scoring,7667449,deleted
/Volumes/Radishes/GBIF_phenology_scored_specimen_images/3344481235.jpg,source_copy_already_in_scoring,5556270,deleted
/Volumes/Radishes/GBIF_phenology_scored_specimen_images/3344481238.jpg,source_copy_already_in_scoring,6561135,deleted
/Volumes/Radishes/GBIF_phenology_scored_specimen_images/3344481239.jpg,source_copy_already_in_scoring,5938894,deleted
/Volumes/Radishes/GBIF_phenology_scored_specimen_images/3344481241.jpg,source_copy_already_in_scoring,5367784,deleted
/Volumes/Radishes/GBIF_phenology_scored_specimen_images/3344481242.jpg,source_copy_already_in_scoring,6534777,deleted
/Volumes/Radishes/GBIF_phenology_scored_specimen_images/3344481243.jpg,source_copy_already_in_scoring,6127079,deleted
/Volumes/Radishes/GBIF_phenology_scored_specimen_images/3344481247.jpg,source_copy_already_in_scoring,6180943,deleted
/Volumes/Radishes/GBIF_phenology_scored_specimen_images/3344481254.jpg,source_copy_already_in_scoring,7050311,deleted
/Volumes/Radishes/GBIF_phenology_scored_specimen_images/3344481255.jpg,source_copy_already_in_scoring,7646709,deleted
/Volumes/Radishes/GBIF_phenology_scored_specimen_images/3344481258.jpg,source_copy_already_in_scoring,6624998,deleted
/Volumes/Radishes/GBIF_phenology_scored_specimen_images/3344481266.jpg,source_copy_already_in_scoring,7953816,deleted
/Volumes/Radishes/GBIF_phenology_scored_specimen_images/3344481270.jpg,source_copy_already_in_scoring,6096619,deleted
/Volumes/Radishes/GBIF_phenology_scored_specimen_images/3344481285.jpg,source_copy_already_in_scoring,5490891,deleted
/Volumes/Radishes/GBIF_phenology_scored_specimen_images/3344481287.jpg,source_copy_already_in_scoring,6312417,deleted
/Volumes/Radishes/GBIF_phenology_scored_specimen_images/3344481290.jpg,source_copy_already_in_scoring,6141525,deleted
/Volumes/Radishes/GBIF_phenology_scored_specimen_images/3344481291.jpg,source_copy_already_in_scoring,5559055,deleted
/Volumes/Radishes/GBIF_phenology_scored_specimen_images/3344481294.jpg,source_copy_already_in_scoring,7293585,deleted
/Volumes/Radishes/GBIF_phenology_scored_specimen_images/3344481297.jpg,source_copy_already_in_scoring,7291426,deleted
/Volumes/Radishes/GBIF_phenology_scored_specimen_images/3344481299.jpg,source_copy_already_in_scoring,7023580,deleted
/Volumes/Radishes/GBIF_phenology_scored_specimen_images/3344481305.jpg,source_copy_already_in_scoring,5980014,deleted
/Volumes/Radishes/GBIF_phenology_scored_specimen_images/3344481309.jpg,source_copy_already_in_scoring,7081934,deleted
/Volumes/Radishes/GBIF_phenology_scored_specimen_images/3344481313.jpg,source_copy_already_in_scoring,6933975,deleted
/Volumes/Radishes/GBIF_phenology_scored_specimen_images/3344481314.jpg,source_copy_already_in_scoring,8422980,deleted
/Volumes/Radishes/GBIF_phenology_scored_specimen_images/3344481316.jpg,source_copy_already_in_scoring,8261692,deleted
/Volumes/Radishes/GBIF_phenology_scored_specimen_images/3344481317.jpg,source_copy_already_in_scoring,8153891,deleted
/Volumes/Radishes/GBIF_phenology_scored_specimen_images/3344481319.jpg,source_copy_already_in_scoring,5882151,deleted
/Volumes/Radishes/GBIF_phenology_scored_specimen_images/3344481320.jpg,source_copy_already_in_scoring,7166839,deleted
/Volumes/Radishes/GBIF_phenology_scored_specimen_images/3344481321.jpg,source_copy_already_in_scoring,8062960,deleted
/Volumes/Radishes/GBIF_phenology_scored_specimen_images/3344481323.jpg,source_copy_already_in_scoring,5579191,deleted
/Volumes/Radishes/GBIF_phenology_scored_specimen_images/3344481325.jpg,source_copy_already_in_scoring,6377248,deleted
/Volumes/Radishes/GBIF_phenology_scored_specimen_images/3344498475.jpg,source_copy_already_in_scoring,6410613,deleted
/Volumes/Radishes/GBIF_phenology_scored_specimen_images/3357379668.jpg,source_copy_already_in_scoring,7998773,deleted
/Volumes/Radishes/GBIF_phenology_scored_specimen_images/3357379691.jpg,source_copy_already_in_scoring,9105758,deleted
/Volumes/Radishes/GBIF_phenology_scored_specimen_images/3357379777.jpg,source_copy_already_in_scoring,8330915,deleted
/Volumes/Radishes/GBIF_phenology_scored_specimen_images/3357379779.jpg,source_copy_already_in_scoring,8119170,deleted
/Volumes/Radishes/GBIF_phenology_scored_specimen_images/3357380332.jpg,source_copy_already_in_scoring,9476349,deleted
/Volumes/Radishes/GBIF_phenology_scored_specimen_images/3357380346.jpg,source_copy_already_in_scoring,11977672,deleted
/Volumes/Radishes/GBIF_phenology_scored_specimen_images/3357380370.jpg,source_copy_already_in_scoring,9322705,deleted
/Volumes/Radishes/GBIF_phenology_scored_specimen_images/3357380373.jpg,source_copy_already_in_scoring,9534788,deleted
/Volumes/Radishes/GBIF_phenology_scored_specimen_images/3357380387.jpg,source_copy_already_in_scoring,7668229,deleted
/Volumes/Radishes/GBIF_phenology_scored_specimen_images/3357380410.jpg,source_copy_already_in_scoring,10338087,deleted
/Volumes/Radishes/GBIF_phenology_scored_specimen_images/3357380416.jpg,source_copy_already_in_scoring,10115472,deleted
/Volumes/Radishes/GBIF_phenology_scored_specimen_images/3357380418.jpg,source_copy_already_in_scoring,7873791,deleted
/Volumes/Radishes/GBIF_phenology_scored_specimen_images/3357380425.jpg,source_copy_already_in_scoring,8466023,deleted
/Volumes/Radishes/GBIF_phenology_scored_specimen_images/3357380426.jpg,source_copy_already_in_scoring,10004950,deleted
/Volumes/Radishes/GBIF_phenology_scored_specimen_images/3357380439.jpg,source_copy_already_in_scoring,9912313,deleted
/Volumes/Radishes/GBIF_phenology_scored_specimen_images/3357380441.jpg,source_copy_already_in_scoring,10510332,deleted
/Volumes/Radishes/GBIF_phenology_scored_specimen_images/3357380444.jpg,source_copy_already_in_scoring,10275604,deleted
/Volumes/Radishes/GBIF_phenology_scored_specimen_images/3357380464.jpg,source_copy_already_in_scoring,10909088,deleted
/Volumes/Radishes/GBIF_phenology_scored_specimen_images/3357380465.jpg,source_copy_already_in_scoring,8350417,deleted
/Volumes/Radishes/GBIF_phenology_scored_specimen_images/3357380466.jpg,source_copy_already_in_scoring,10462158,deleted
/Volumes/Radishes/GBIF_phenology_scored_specimen_images/3357380481.jpg,source_copy_already_in_scoring,11136107,deleted
/Volumes/Radishes/GBIF_phenology_scored_specimen_images/3357380482.jpg,source_copy_already_in_scoring,9033882,deleted
/Volumes/Radishes/GBIF_phenology_scored_specimen_images/3357380493.jpg,source_copy_already_in_scoring,9399649,deleted
/Volumes/Radishes/GBIF_phenology_scored_specimen_images/3357380510.jpg,source_copy_already_in_scoring,8642632,deleted
/Volumes/Radishes/GBIF_phenology_scored_specimen_images/3357380603.jpg,source_copy_already_in_scoring,9235092,deleted
/Volumes/Radishes/GBIF_phenology_scored_specimen_images/3357380604.jpg,source_copy_already_in_scoring,9918040,deleted
/Volumes/Radishes/GBIF_phenology_scored_specimen_images/3357383024.jpg,source_copy_already_in_scoring,9779334,deleted
/Volumes/Radishes/GBIF_phenology_scored_specimen_images/3357383413.jpg,source_copy_already_in_scoring,8897941,deleted
/Volumes/Radishes/GBIF_phenology_scored_specimen_images/3357383414.jpg,source_copy_already_in_scoring,9113895,deleted
/Volumes/Radishes/GBIF_phenology_scored_specimen_images/3357383420.jpg,source_copy_already_in_scoring,9435721,deleted
/Volumes/Radishes/GBIF_phenology_scored_specimen_images/3357383470.jpg,source_copy_already_in_scoring,10186731,deleted
/Volumes/Radishes/GBIF_phenology_scored_specimen_images/3357425421.jpg,source_copy_already_in_scoring,8735021,deleted
/Volumes/Radishes/GBIF_phenology_scored_specimen_images/3400897306.jpg,source_copy_already_in_scoring,4055744,deleted
/Volumes/Radishes/GBIF_phenology_scored_specimen_images/3406824040.jpg,source_copy_already_in_scoring,5716286,deleted
/Volumes/Radishes/GBIF_phenology_scored_specimen_images/3406827763.jpg,source_copy_already_in_scoring,5667750,deleted
/Volumes/Radishes/GBIF_phenology_scored_specimen_images/3413164330.jpg,source_copy_already_in_scoring,6621699,deleted
/Volumes/Radishes/GBIF_phenology_scored_specimen_images/3428801686.jpg,source_copy_already_in_scoring,6949976,deleted
/Volumes/Radishes/GBIF_phenology_scored_specimen_images/3465122536.jpg,source_copy_already_in_scoring,3431293,deleted
/Volumes/Radishes/GBIF_phenology_scored_specimen_images/3470668808.jpg,source_copy_already_in_scoring,8954400,deleted
/Volumes/Radishes/GBIF_phenology_scored_specimen_images/3496963329.jpg,source_copy_already_in_scoring,10431840,deleted
/Volumes/Radishes/GBIF_phenology_scored_specimen_images/3496963331.jpg,source_copy_already_in_scoring,9634420,deleted
/Volumes/Radishes/GBIF_phenology_scored_specimen_images/3496963332.jpg,source_copy_already_in_scoring,7304559,deleted
/Volumes/Radishes/GBIF_phenology_scored_specimen_images/3496963335.jpg,source_copy_already_in_scoring,7717648,deleted
/Volumes/Radishes/GBIF_phenology_scored_specimen_images/3496963345.jpg,source_copy_already_in_scoring,9245664,deleted
/Volumes/Radishes/GBIF_phenology_scored_specimen_images/3496963410.jpg,source_copy_already_in_scoring,8727374,deleted
/Volumes/Radishes/GBIF_phenology_scored_specimen_images/3496963414.jpg,source_copy_already_in_scoring,10047103,deleted
/Volumes/Radishes/GBIF_phenology_scored_specimen_images/3496963416.jpg,source_copy_already_in_scoring,10203935,deleted
/Volumes/Radishes/GBIF_phenology_scored_specimen_images/3496963417.jpg,source_copy_already_in_scoring,10296903,deleted
/Volumes/Radishes/GBIF_phenology_scored_specimen_images/3496963418.jpg,source_copy_already_in_scoring,7996879,deleted
/Volumes/Radishes/GBIF_phenology_scored_specimen_images/3496963429.jpg,source_copy_already_in_scoring,9490425,deleted
/Volumes/Radishes/GBIF_phenology_scored_specimen_images/3496963433.jpg,source_copy_already_in_scoring,8812352,deleted
/Volumes/Radishes/GBIF_phenology_scored_specimen_images/3496963434.jpg,source_copy_already_in_scoring,8869728,deleted
/Volumes/Radishes/GBIF_phenology_scored_specimen_images/3496963438.jpg,source_copy_already_in_scoring,7752638,deleted
/Volumes/Radishes/GBIF_phenology_scored_specimen_images/3496963454.jpg,source_copy_already_in_scoring,9587572,deleted
/Volumes/Radishes/GBIF_phenology_scored_specimen_images/3496963486.jpg,source_copy_already_in_scoring,7508465,deleted
/Volumes/Radishes/GBIF_phenology_scored_specimen_images/3496963488.jpg,source_copy_already_in_scoring,9106250,deleted
/Volumes/Radishes/GBIF_phenology_scored_specimen_images/3496963490.jpg,source_copy_already_in_scoring,7646024,deleted
/Volumes/Radishes/GBIF_phenology_scored_specimen_images/3496963491.jpg,source_copy_already_in_scoring,10857041,deleted
/Volumes/Radishes/GBIF_phenology_scored_specimen_images/3496963493.jpg,source_copy_already_in_scoring,8869362,deleted
/Volumes/Radishes/GBIF_phenology_scored_specimen_images/3496963494.jpg,source_copy_already_in_scoring,9515232,deleted
/Volumes/Radishes/GBIF_phenology_scored_specimen_images/3496963496.jpg,source_copy_already_in_scoring,10336764,deleted
/Volumes/Radishes/GBIF_phenology_scored_specimen_images/3496963536.jpg,source_copy_already_in_scoring,9579279,deleted
/Volumes/Radishes/GBIF_phenology_scored_specimen_images/3498205055.jpg,source_copy_already_in_scoring,9010704,deleted
/Volumes/Radishes/GBIF_phenology_scored_specimen_images/3695177067.jpg,source_copy_already_in_scoring,539771,deleted
/Volumes/Radishes/GBIF_phenology_scored_specimen_images/3707724321.jpg,source_copy_already_in_scoring,8103137,deleted
/Volumes/Radishes/GBIF_phenology_scored_specimen_images/3707766885.jpg,source_copy_already_in_scoring,8040662,deleted
/Volumes/Radishes/GBIF_phenology_scored_specimen_images/3709808233.jpg,source_copy_already_in_scoring,14963707,deleted
/Volumes/Radishes/GBIF_phenology_scored_specimen_images/3709838781.jpg,source_copy_already_in_scoring,10305090,deleted
/Volumes/Radishes/GBIF_phenology_scored_specimen_images/3709845930.jpg,source_copy_already_in_scoring,9532596,deleted
/Volumes/Radishes/GBIF_phenology_scored_specimen_images/3709848146.jpg,source_copy_already_in_scoring,12470557,deleted
/Volumes/Radishes/GBIF_phenology_scored_specimen_images/3709848955.jpg,source_copy_already_in_scoring,9835815,deleted
/Volumes/Radishes/GBIF_phenology_scored_specimen_images/3709849798.jpg,source_copy_already_in_scoring,11723315,deleted
/Volumes/Radishes/GBIF_phenology_scored_specimen_images/3709852018.jpg,source_copy_already_in_scoring,10990278,deleted
/Volumes/Radishes/GBIF_phenology_scored_specimen_images/3709852246.jpg,source_copy_already_in_scoring,10168604,deleted
/Volumes/Radishes/GBIF_phenology_scored_specimen_images/3709855196.jpg,source_copy_already_in_scoring,9923427,deleted
/Volumes/Radishes/GBIF_phenology_scored_specimen_images/3709897885.jpg,source_copy_already_in_scoring,8984518,deleted
/Volumes/Radishes/GBIF_phenology_scored_specimen_images/3709901927.jpg,source_copy_already_in_scoring,10829662,deleted
/Volumes/Radishes/GBIF_phenology_scored_specimen_images/3709906690.jpg,source_copy_already_in_scoring,9074670,deleted
/Volumes/Radishes/GBIF_phenology_scored_specimen_images/3709920254.jpg,source_copy_already_in_scoring,9759445,deleted
/Volumes/Radishes/GBIF_phenology_scored_specimen_images/3709930518.jpg,source_copy_already_in_scoring,10753911,deleted
/Volumes/Radishes/GBIF_phenology_scored_specimen_images/3709935706.jpg,source_copy_already_in_scoring,9243834,deleted
/Volumes/Radishes/GBIF_phenology_scored_specimen_images/3709938001.jpg,source_copy_already_in_scoring,15602534,deleted
/Volumes/Radishes/GBIF_phenology_scored_specimen_images/3709959759.jpg,source_copy_already_in_scoring,15240659,deleted
/Volumes/Radishes/GBIF_phenology_scored_specimen_images/3709986744.jpg,source_copy_already_in_scoring,9714711,deleted
/Volumes/Radishes/GBIF_phenology_scored_specimen_images/3709996871.jpg,source_copy_already_in_scoring,9741788,deleted
/Volumes/Radishes/GBIF_phenology_scored_specimen_images/3709997118.jpg,source_copy_already_in_scoring,10448472,deleted
/Volumes/Radishes/GBIF_phenology_scored_specimen_images/3710019345.jpg,source_copy_already_in_scoring,9600759,deleted
/Volumes/Radishes/GBIF_phenology_scored_specimen_images/3710040784.jpg,source_copy_already_in_scoring,9721729,deleted
/Volumes/Radishes/GBIF_phenology_scored_specimen_images/3710044656.jpg,source_copy_already_in_scoring,10269600,deleted
/Volumes/Radishes/GBIF_phenology_scored_specimen_images/3710063875.jpg,source_copy_already_in_scoring,11138942,deleted
/Volumes/Radishes/GBIF_phenology_scored_specimen_images/3710068555.jpg,source_copy_already_in_scoring,9222720,deleted
/Volumes/Radishes/GBIF_phenology_scored_specimen_images/3710072566.jpg,source_copy_already_in_scoring,10288634,deleted
/Volumes/Radishes/GBIF_phenology_scored_specimen_images/3744690045.jpg,source_copy_already_in_scoring,5197668,deleted
/Volumes/Radishes/GBIF_phenology_scored_specimen_images/3744712413.jpg,source_copy_already_in_scoring,5750243,deleted
/Volumes/Radishes/GBIF_phenology_scored_specimen_images/3744713750.jpg,source_copy_already_in_scoring,5521559,deleted
/Volumes/Radishes/GBIF_phenology_scored_specimen_images/3744713758.jpg,source_copy_already_in_scoring,5333355,deleted
/Volumes/Radishes/GBIF_phenology_scored_specimen_images/3744713760.jpg,source_copy_already_in_scoring,6836960,deleted
/Volumes/Radishes/GBIF_phenology_scored_specimen_images/3744713762.jpg,source_copy_already_in_scoring,6112560,deleted
/Volumes/Radishes/GBIF_phenology_scored_specimen_images/3744713765.jpg,source_copy_already_in_scoring,6644536,deleted
/Volumes/Radishes/GBIF_phenology_scored_specimen_images/3744713780.jpg,source_copy_already_in_scoring,6018832,deleted
/Volumes/Radishes/GBIF_phenology_scored_specimen_images/3744713784.jpg,source_copy_already_in_scoring,5666451,deleted
/Volumes/Radishes/GBIF_phenology_scored_specimen_images/3744713788.jpg,source_copy_already_in_scoring,5414492,deleted
/Volumes/Radishes/GBIF_phenology_scored_specimen_images/3744713790.jpg,source_copy_already_in_scoring,5853105,deleted
/Volumes/Radishes/GBIF_phenology_scored_specimen_images/3744713792.jpg,source_copy_already_in_scoring,6543182,deleted
/Volumes/Radishes/GBIF_phenology_scored_specimen_images/3744713798.jpg,source_copy_already_in_scoring,6262946,deleted
/Volumes/Radishes/GBIF_phenology_scored_specimen_images/3744713800.jpg,source_copy_already_in_scoring,5795063,deleted
/Volumes/Radishes/GBIF_phenology_scored_specimen_images/3744713803.jpg,source_copy_already_in_scoring,6092835,deleted
/Volumes/Radishes/GBIF_phenology_scored_specimen_images/3744713805.jpg,source_copy_already_in_scoring,5873784,deleted
/Volumes/Radishes/GBIF_phenology_scored_specimen_images/3744713808.jpg,source_copy_already_in_scoring,5628139,deleted
/Volumes/Radishes/GBIF_phenology_scored_specimen_images/3744714087.jpg,source_copy_already_in_scoring,4387733,deleted
/Volumes/Radishes/GBIF_phenology_scored_specimen_images/3746436858.jpg,source_copy_already_in_scoring,2361177,deleted
/Volumes/Radishes/GBIF_phenology_scored_specimen_images/3798074545.jpg,source_copy_already_in_scoring,6299498,deleted
/Volumes/Radishes/GBIF_phenology_scored_specimen_images/3798074555.jpg,source_copy_already_in_scoring,615248,deleted
/Volumes/Radishes/GBIF_phenology_scored_specimen_images/3798094147.jpg,source_copy_already_in_scoring,684636,deleted
/Volumes/Radishes/GBIF_phenology_scored_specimen_images/3798094148.jpg,source_copy_already_in_scoring,719839,deleted
/Volumes/Radishes/GBIF_phenology_scored_specimen_images/3798094179.jpg,source_copy_already_in_scoring,720176,deleted
/Volumes/Radishes/GBIF_phenology_scored_specimen_images/3820606968.jpg,source_copy_already_in_scoring,4152270,deleted
/Volumes/Radishes/GBIF_phenology_scored_specimen_images/3820607955.jpg,source_copy_already_in_scoring,4593786,deleted
/Volumes/Radishes/GBIF_phenology_scored_specimen_images/3820607986.jpg,source_copy_already_in_scoring,4789463,deleted
/Volumes/Radishes/GBIF_phenology_scored_specimen_images/3820607987.jpg,source_copy_already_in_scoring,4709409,deleted
/Volumes/Radishes/GBIF_phenology_scored_specimen_images/3820608929.jpg,source_copy_already_in_scoring,3705280,deleted
/Volumes/Radishes/GBIF_phenology_scored_specimen_images/3820608943.jpg,source_copy_already_in_scoring,3275458,deleted
/Volumes/Radishes/GBIF_phenology_scored_specimen_images/3820608955.jpg,source_copy_already_in_scoring,2864098,deleted
/Volumes/Radishes/GBIF_phenology_scored_specimen_images/3820608975.jpg,source_copy_already_in_scoring,3407042,deleted
/Volumes/Radishes/GBIF_phenology_scored_specimen_images/3820611004.jpg,source_copy_already_in_scoring,3586205,deleted
/Volumes/Radishes/GBIF_phenology_scored_specimen_images/3820611977.jpg,source_copy_already_in_scoring,3882496,deleted
/Volumes/Radishes/GBIF_phenology_scored_specimen_images/3820612001.jpg,source_copy_already_in_scoring,3136011,deleted
/Volumes/Radishes/GBIF_phenology_scored_specimen_images/3820612925.jpg,source_copy_already_in_scoring,3294315,deleted
/Volumes/Radishes/GBIF_phenology_scored_specimen_images/3820613922.jpg,source_copy_already_in_scoring,4983494,deleted
/Volumes/Radishes/GBIF_phenology_scored_specimen_images/3820613931.jpg,source_copy_already_in_scoring,4222664,deleted
/Volumes/Radishes/GBIF_phenology_scored_specimen_images/3820613941.jpg,source_copy_already_in_scoring,5936334,deleted
/Volumes/Radishes/GBIF_phenology_scored_specimen_images/3820615022.jpg,source_copy_already_in_scoring,3418536,deleted
/Volumes/Radishes/GBIF_phenology_scored_specimen_images/3820615030.jpg,source_copy_already_in_scoring,4837099,deleted
/Volumes/Radishes/GBIF_phenology_scored_specimen_images/3820615943.jpg,source_copy_already_in_scoring,4058826,deleted
/Volumes/Radishes/GBIF_phenology_scored_specimen_images/3820615959.jpg,source_copy_already_in_scoring,4475313,deleted
/Volumes/Radishes/GBIF_phenology_scored_specimen_images/3820615962.jpg,source_copy_already_in_scoring,3784711,deleted
/Volumes/Radishes/GBIF_phenology_scored_specimen_images/3820616832.jpg,source_copy_already_in_scoring,3672586,deleted
/Volumes/Radishes/GBIF_phenology_scored_specimen_images/3820618824.jpg,source_copy_already_in_scoring,3436707,deleted
/Volumes/Radishes/GBIF_phenology_scored_specimen_images/3820734926.jpg,source_copy_already_in_scoring,4989041,deleted
/Volumes/Radishes/GBIF_phenology_scored_specimen_images/3820736893.jpg,source_copy_already_in_scoring,79577,deleted
/Volumes/Radishes/GBIF_phenology_scored_specimen_images/3820736895.jpg,source_copy_already_in_scoring,3806462,deleted
/Volumes/Radishes/GBIF_phenology_scored_specimen_images/3820737976.jpg,source_copy_already_in_scoring,4581005,deleted
/Volumes/Radishes/GBIF_phenology_scored_specimen_images/3820738012.jpg,source_copy_already_in_scoring,3215526,deleted
/Volumes/Radishes/GBIF_phenology_scored_specimen_images/3820738935.jpg,source_copy_already_in_scoring,3368749,deleted
/Volumes/Radishes/GBIF_phenology_scored_specimen_images/3820738939.jpg,source_copy_already_in_scoring,4578211,deleted
/Volumes/Radishes/GBIF_phenology_scored_specimen_images/3820738982.jpg,source_copy_already_in_scoring,4117841,deleted
/Volumes/Radishes/GBIF_phenology_scored_specimen_images/3820739865.jpg,source_copy_already_in_scoring,3616386,deleted
/Volumes/Radishes/GBIF_phenology_scored_specimen_images/3820739876.jpg,source_copy_already_in_scoring,3328316,deleted
/Volumes/Radishes/GBIF_phenology_scored_specimen_images/3820739903.jpg,source_copy_already_in_scoring,3536403,deleted
/Volumes/Radishes/GBIF_phenology_scored_specimen_images/3820739930.jpg,source_copy_already_in_scoring,3556552,deleted
/Volumes/Radishes/GBIF_phenology_scored_specimen_images/3820741936.jpg,source_copy_already_in_scoring,3439510,deleted
/Volumes/Radishes/GBIF_phenology_scored_specimen_images/3820741964.jpg,source_copy_already_in_scoring,4646610,deleted
/Volumes/Radishes/GBIF_phenology_scored_specimen_images/3820742967.jpg,source_copy_already_in_scoring,4702573,deleted
/Volumes/Radishes/GBIF_phenology_scored_specimen_images/3820742985.jpg,source_copy_already_in_scoring,3701759,deleted
/Volumes/Radishes/GBIF_phenology_scored_specimen_images/3820743009.jpg,source_copy_already_in_scoring,3261124,deleted
/Volumes/Radishes/GBIF_phenology_scored_specimen_images/3820743012.jpg,source_copy_already_in_scoring,4401419,deleted
/Volumes/Radishes/GBIF_phenology_scored_specimen_images/3820744000.jpg,source_copy_already_in_scoring,5332845,deleted
/Volumes/Radishes/GBIF_phenology_scored_specimen_images/3820745010.jpg,source_copy_already_in_scoring,5108613,deleted
/Volumes/Radishes/GBIF_phenology_scored_specimen_images/3820745015.jpg,source_copy_already_in_scoring,5664209,deleted
/Volumes/Radishes/GBIF_phenology_scored_specimen_images/3820745963.jpg,source_copy_already_in_scoring,5227284,deleted
/Volumes/Radishes/GBIF_phenology_scored_specimen_images/3820748835.jpg,source_copy_already_in_scoring,4083033,deleted
/Volumes/Radishes/GBIF_phenology_scored_specimen_images/3820752750.jpg,source_copy_already_in_scoring,4285199,deleted
/Volumes/Radishes/GBIF_phenology_scored_specimen_images/3829914330.jpg,source_copy_already_in_scoring,1000334,deleted
/Volumes/Radishes/GBIF_phenology_scored_specimen_images/3829914331.jpg,source_copy_already_in_scoring,1372514,deleted
/Volumes/Radishes/GBIF_phenology_scored_specimen_images/3829914340.jpg,source_copy_already_in_scoring,1380249,deleted
/Volumes/Radishes/GBIF_phenology_scored_specimen_images/3829914341.jpg,source_copy_already_in_scoring,1409435,deleted
/Volumes/Radishes/GBIF_phenology_scored_specimen_images/3829914342.jpg,source_copy_already_in_scoring,1119684,deleted
/Volumes/Radishes/GBIF_phenology_scored_specimen_images/3829914350.jpg,source_copy_already_in_scoring,734796,deleted
/Volumes/Radishes/GBIF_phenology_scored_specimen_images/3855480749.jpg,source_copy_already_in_scoring,2223319,deleted
/Volumes/Radishes/GBIF_phenology_scored_specimen_images/3855484356.jpg,source_copy_already_in_scoring,3374960,deleted
/Volumes/Radishes/GBIF_phenology_scored_specimen_images/3855559246.jpg,source_copy_already_in_scoring,2907193,deleted
/Volumes/Radishes/GBIF_phenology_scored_specimen_images/3855563086.jpg,source_copy_already_in_scoring,2487361,deleted
/Volumes/Radishes/GBIF_phenology_scored_specimen_images/3865092206.jpg,source_copy_already_in_scoring,9672945,deleted
/Volumes/Radishes/GBIF_phenology_scored_specimen_images/3865092209.jpg,source_copy_already_in_scoring,4548259,deleted
/Volumes/Radishes/GBIF_phenology_scored_specimen_images/3865092210.jpg,source_copy_already_in_scoring,5356625,deleted
/Volumes/Radishes/GBIF_phenology_scored_specimen_images/3865092211.jpg,source_copy_already_in_scoring,5675358,deleted
/Volumes/Radishes/GBIF_phenology_scored_specimen_images/3865092212.jpg,source_copy_already_in_scoring,6873309,deleted
/Volumes/Radishes/GBIF_phenology_scored_specimen_images/3865092213.jpg,source_copy_already_in_scoring,4876218,deleted
/Volumes/Radishes/GBIF_phenology_scored_specimen_images/3865092214.jpg,source_copy_already_in_scoring,7725933,deleted
/Volumes/Radishes/GBIF_phenology_scored_specimen_images/3865092215.jpg,source_copy_already_in_scoring,15118240,deleted
/Volumes/Radishes/GBIF_phenology_scored_specimen_images/3865092216.jpg,source_copy_already_in_scoring,10357459,deleted
/Volumes/Radishes/GBIF_phenology_scored_specimen_images/3865092217.jpg,source_copy_already_in_scoring,8174443,deleted
/Volumes/Radishes/GBIF_phenology_scored_specimen_images/3865093273.jpg,source_copy_already_in_scoring,8297280,deleted
/Volumes/Radishes/GBIF_phenology_scored_specimen_images/3865093275.jpg,source_copy_already_in_scoring,6032510,deleted
/Volumes/Radishes/GBIF_phenology_scored_specimen_images/3865093276.jpg,source_copy_already_in_scoring,6068652,deleted
/Volumes/Radishes/GBIF_phenology_scored_specimen_images/3865093277.jpg,source_copy_already_in_scoring,6645092,deleted
/Volumes/Radishes/GBIF_phenology_scored_specimen_images/3865093278.jpg,source_copy_already_in_scoring,7774216,deleted
/Volumes/Radishes/GBIF_phenology_scored_specimen_images/3865093279.jpg,source_copy_already_in_scoring,5267063,deleted
/Volumes/Radishes/GBIF_phenology_scored_specimen_images/3865093280.jpg,source_copy_already_in_scoring,4274738,deleted
/Volumes/Radishes/GBIF_phenology_scored_specimen_images/3865093281.jpg,source_copy_already_in_scoring,7096883,deleted
/Volumes/Radishes/GBIF_phenology_scored_specimen_images/3865093282.jpg,source_copy_already_in_scoring,6660818,deleted
/Volumes/Radishes/GBIF_phenology_scored_specimen_images/3865093283.jpg,source_copy_already_in_scoring,9058357,deleted
/Volumes/Radishes/GBIF_phenology_scored_specimen_images/3865093284.jpg,source_copy_already_in_scoring,5666586,deleted
/Volumes/Radishes/GBIF_phenology_scored_specimen_images/3865094232.jpg,source_copy_already_in_scoring,8655907,deleted
/Volumes/Radishes/GBIF_phenology_scored_specimen_images/3865094233.jpg,source_copy_already_in_scoring,10631461,deleted
/Volumes/Radishes/GBIF_phenology_scored_specimen_images/3865094236.jpg,source_copy_already_in_scoring,9602297,deleted
/Volumes/Radishes/GBIF_phenology_scored_specimen_images/3865094237.jpg,source_copy_already_in_scoring,6872948,deleted
/Volumes/Radishes/GBIF_phenology_scored_specimen_images/3865094238.jpg,source_copy_already_in_scoring,6743542,deleted
/Volumes/Radishes/GBIF_phenology_scored_specimen_images/3865094239.jpg,source_copy_already_in_scoring,6911861,deleted
/Volumes/Radishes/GBIF_phenology_scored_specimen_images/3865094240.jpg,source_copy_already_in_scoring,7128456,deleted
/Volumes/Radishes/GBIF_phenology_scored_specimen_images/3865094241.jpg,source_copy_already_in_scoring,6033047,deleted
/Volumes/Radishes/GBIF_phenology_scored_specimen_images/3865094242.jpg,source_copy_already_in_scoring,8988162,deleted
/Volumes/Radishes/GBIF_phenology_scored_specimen_images/3865094243.jpg,source_copy_already_in_scoring,7328836,deleted
/Volumes/Radishes/GBIF_phenology_scored_specimen_images/3865094244.jpg,source_copy_already_in_scoring,6608830,deleted
/Volumes/Radishes/GBIF_phenology_scored_specimen_images/3865096285.jpg,source_copy_already_in_scoring,8893924,deleted
/Volumes/Radishes/GBIF_phenology_scored_specimen_images/3865096286.jpg,source_copy_already_in_scoring,8188644,deleted
/Volumes/Radishes/GBIF_phenology_scored_specimen_images/3865096289.jpg,source_copy_already_in_scoring,6646653,deleted
/Volumes/Radishes/GBIF_phenology_scored_specimen_images/3865096290.jpg,source_copy_already_in_scoring,7623665,deleted
/Volumes/Radishes/GBIF_phenology_scored_specimen_images/3865096291.jpg,source_copy_already_in_scoring,5213244,deleted
/Volumes/Radishes/GBIF_phenology_scored_specimen_images/3865096292.jpg,source_copy_already_in_scoring,5712497,deleted
/Volumes/Radishes/GBIF_phenology_scored_specimen_images/3865096293.jpg,source_copy_already_in_scoring,7867972,deleted
/Volumes/Radishes/GBIF_phenology_scored_specimen_images/3865096294.jpg,source_copy_already_in_scoring,6036498,deleted
/Volumes/Radishes/GBIF_phenology_scored_specimen_images/3865096295.jpg,source_copy_already_in_scoring,8790486,deleted
/Volumes/Radishes/GBIF_phenology_scored_specimen_images/3865096296.jpg,source_copy_already_in_scoring,12241446,deleted
/Volumes/Radishes/GBIF_phenology_scored_specimen_images/3865096297.jpg,source_copy_already_in_scoring,7035274,deleted
/Volumes/Radishes/GBIF_phenology_scored_specimen_images/3865096298.jpg,source_copy_already_in_scoring,6060766,deleted
/Volumes/Radishes/GBIF_phenology_scored_specimen_images/3865097237.jpg,source_copy_already_in_scoring,9163741,deleted
/Volumes/Radishes/GBIF_phenology_scored_specimen_images/3865097238.jpg,source_copy_already_in_scoring,8300811,deleted
/Volumes/Radishes/GBIF_phenology_scored_specimen_images/3865097241.jpg,source_copy_already_in_scoring,7493796,deleted
/Volumes/Radishes/GBIF_phenology_scored_specimen_images/3865097242.jpg,source_copy_already_in_scoring,5263225,deleted
/Volumes/Radishes/GBIF_phenology_scored_specimen_images/3865097243.jpg,source_copy_already_in_scoring,7143635,deleted
/Volumes/Radishes/GBIF_phenology_scored_specimen_images/3865097244.jpg,source_copy_already_in_scoring,6576583,deleted
/Volumes/Radishes/GBIF_phenology_scored_specimen_images/3865097245.jpg,source_copy_already_in_scoring,5794553,deleted
/Volumes/Radishes/GBIF_phenology_scored_specimen_images/3865097246.jpg,source_copy_already_in_scoring,6526855,deleted
/Volumes/Radishes/GBIF_phenology_scored_specimen_images/3865097247.jpg,source_copy_already_in_scoring,6964087,deleted
/Volumes/Radishes/GBIF_phenology_scored_specimen_images/3865097248.jpg,source_copy_already_in_scoring,7736224,deleted
/Volumes/Radishes/GBIF_phenology_scored_specimen_images/3865097249.jpg,source_copy_already_in_scoring,10834357,deleted
/Volumes/Radishes/GBIF_phenology_scored_specimen_images/3865101224.jpg,source_copy_already_in_scoring,11640596,deleted
/Volumes/Radishes/GBIF_phenology_scored_specimen_images/3865101225.jpg,source_copy_already_in_scoring,9374191,deleted
/Volumes/Radishes/GBIF_phenology_scored_specimen_images/3865101228.jpg,source_copy_already_in_scoring,5515742,deleted
/Volumes/Radishes/GBIF_phenology_scored_specimen_images/3865101229.jpg,source_copy_already_in_scoring,8377786,deleted
/Volumes/Radishes/GBIF_phenology_scored_specimen_images/3865101230.jpg,source_copy_already_in_scoring,9916473,deleted
/Volumes/Radishes/GBIF_phenology_scored_specimen_images/3865101231.jpg,source_copy_already_in_scoring,6024189,deleted
/Volumes/Radishes/GBIF_phenology_scored_specimen_images/3865101232.jpg,source_copy_already_in_scoring,6807541,deleted
/Volumes/Radishes/GBIF_phenology_scored_specimen_images/3865101233.jpg,source_copy_already_in_scoring,9795647,deleted
/Volumes/Radishes/GBIF_phenology_scored_specimen_images/3865101234.jpg,source_copy_already_in_scoring,7116569,deleted
/Volumes/Radishes/GBIF_phenology_scored_specimen_images/3865101235.jpg,source_copy_already_in_scoring,4840423,deleted
/Volumes/Radishes/GBIF_phenology_scored_specimen_images/3865101236.jpg,source_copy_already_in_scoring,7580127,deleted
/Volumes/Radishes/GBIF_phenology_scored_specimen_images/3865104311.jpg,source_copy_already_in_scoring,8606328,deleted
/Volumes/Radishes/GBIF_phenology_scored_specimen_images/3865104313.jpg,source_copy_already_in_scoring,9526082,deleted
/Volumes/Radishes/GBIF_phenology_scored_specimen_images/3865104314.jpg,source_copy_already_in_scoring,5963612,deleted
/Volumes/Radishes/GBIF_phenology_scored_specimen_images/3865104315.jpg,source_copy_already_in_scoring,5318694,deleted
/Volumes/Radishes/GBIF_phenology_scored_specimen_images/3865104316.jpg,source_copy_already_in_scoring,5368924,deleted
/Volumes/Radishes/GBIF_phenology_scored_specimen_images/3865104317.jpg,source_copy_already_in_scoring,7519189,deleted
/Volumes/Radishes/GBIF_phenology_scored_specimen_images/3865104318.jpg,source_copy_already_in_scoring,4707474,deleted
/Volumes/Radishes/GBIF_phenology_scored_specimen_images/3865104319.jpg,source_copy_already_in_scoring,6307115,deleted
/Volumes/Radishes/GBIF_phenology_scored_specimen_images/3865104320.jpg,source_copy_already_in_scoring,4696916,deleted
/Volumes/Radishes/GBIF_phenology_scored_specimen_images/3865104321.jpg,source_copy_already_in_scoring,9146930,deleted
/Volumes/Radishes/GBIF_phenology_scored_specimen_images/3865104322.jpg,source_copy_already_in_scoring,5805024,deleted
/Volumes/Radishes/GBIF_phenology_scored_specimen_images/3865107318.jpg,source_copy_already_in_scoring,13483846,deleted
/Volumes/Radishes/GBIF_phenology_scored_specimen_images/3865107319.jpg,source_copy_already_in_scoring,6842508,deleted
/Volumes/Radishes/GBIF_phenology_scored_specimen_images/3865107321.jpg,source_copy_already_in_scoring,6548810,deleted
/Volumes/Radishes/GBIF_phenology_scored_specimen_images/3865107322.jpg,source_copy_already_in_scoring,6267990,deleted
/Volumes/Radishes/GBIF_phenology_scored_specimen_images/3865107323.jpg,source_copy_already_in_scoring,5533741,deleted
/Volumes/Radishes/GBIF_phenology_scored_specimen_images/3865107324.jpg,source_copy_already_in_scoring,4602982,deleted
/Volumes/Radishes/GBIF_phenology_scored_specimen_images/3865107325.jpg,source_copy_already_in_scoring,10247311,deleted
/Volumes/Radishes/GBIF_phenology_scored_specimen_images/3865107326.jpg,source_copy_already_in_scoring,7482753,deleted
/Volumes/Radishes/GBIF_phenology_scored_specimen_images/3865107327.jpg,source_copy_already_in_scoring,9063292,deleted
/Volumes/Radishes/GBIF_phenology_scored_specimen_images/3865107328.jpg,source_copy_already_in_scoring,6597793,deleted
/Volumes/Radishes/GBIF_phenology_scored_specimen_images/3865107329.jpg,source_copy_already_in_scoring,5268396,deleted
/Volumes/Radishes/GBIF_phenology_scored_specimen_images/3865107330.jpg,source_copy_already_in_scoring,7874039,deleted
/Volumes/Radishes/GBIF_phenology_scored_specimen_images/3865108366.jpg,source_copy_already_in_scoring,6848369,deleted
/Volumes/Radishes/GBIF_phenology_scored_specimen_images/3865108367.jpg,source_copy_already_in_scoring,9446965,deleted
/Volumes/Radishes/GBIF_phenology_scored_specimen_images/3865108369.jpg,source_copy_already_in_scoring,5941273,deleted
/Volumes/Radishes/GBIF_phenology_scored_specimen_images/3865108370.jpg,source_copy_already_in_scoring,6762919,deleted
/Volumes/Radishes/GBIF_phenology_scored_specimen_images/3865108371.jpg,source_copy_already_in_scoring,7534388,deleted
/Volumes/Radishes/GBIF_phenology_scored_specimen_images/3865108372.jpg,source_copy_already_in_scoring,7832190,deleted
/Volumes/Radishes/GBIF_phenology_scored_specimen_images/3865108373.jpg,source_copy_already_in_scoring,7380661,deleted
/Volumes/Radishes/GBIF_phenology_scored_specimen_images/3865108374.jpg,source_copy_already_in_scoring,7378741,deleted
/Volumes/Radishes/GBIF_phenology_scored_specimen_images/3865108375.jpg,source_copy_already_in_scoring,8824148,deleted
/Volumes/Radishes/GBIF_phenology_scored_specimen_images/3865108376.jpg,source_copy_already_in_scoring,6614944,deleted
/Volumes/Radishes/GBIF_phenology_scored_specimen_images/3865108377.jpg,source_copy_already_in_scoring,7082170,deleted
/Volumes/Radishes/GBIF_phenology_scored_specimen_images/3865108378.jpg,source_copy_already_in_scoring,6818989,deleted
/Volumes/Radishes/GBIF_phenology_scored_specimen_images/3865108379.jpg,source_copy_already_in_scoring,6867077,deleted
/Volumes/Radishes/GBIF_phenology_scored_specimen_images/3865109354.jpg,source_copy_already_in_scoring,11083604,deleted
/Volumes/Radishes/GBIF_phenology_scored_specimen_images/3865109355.jpg,source_copy_already_in_scoring,9548234,deleted
/Volumes/Radishes/GBIF_phenology_scored_specimen_images/3865109357.jpg,source_copy_already_in_scoring,8135108,deleted
/Volumes/Radishes/GBIF_phenology_scored_specimen_images/3865109358.jpg,source_copy_already_in_scoring,6140243,deleted
/Volumes/Radishes/GBIF_phenology_scored_specimen_images/3865109359.jpg,source_copy_already_in_scoring,6372957,deleted
/Volumes/Radishes/GBIF_phenology_scored_specimen_images/3865109360.jpg,source_copy_already_in_scoring,5244521,deleted
/Volumes/Radishes/GBIF_phenology_scored_specimen_images/3865109361.jpg,source_copy_already_in_scoring,6900119,deleted
/Volumes/Radishes/GBIF_phenology_scored_specimen_images/3865109362.jpg,source_copy_already_in_scoring,8434133,deleted
/Volumes/Radishes/GBIF_phenology_scored_specimen_images/3865109363.jpg,source_copy_already_in_scoring,10039574,deleted
/Volumes/Radishes/GBIF_phenology_scored_specimen_images/3865109364.jpg,source_copy_already_in_scoring,6688485,deleted
/Volumes/Radishes/GBIF_phenology_scored_specimen_images/3865109365.jpg,source_copy_already_in_scoring,10468245,deleted
/Volumes/Radishes/GBIF_phenology_scored_specimen_images/3865109366.jpg,source_copy_already_in_scoring,5150450,deleted
/Volumes/Radishes/GBIF_phenology_scored_specimen_images/3865362255.jpg,source_copy_already_in_scoring,10876671,deleted
/Volumes/Radishes/GBIF_phenology_scored_specimen_images/3865362256.jpg,source_copy_already_in_scoring,9092060,deleted
/Volumes/Radishes/GBIF_phenology_scored_specimen_images/3865362259.jpg,source_copy_already_in_scoring,5483023,deleted
/Volumes/Radishes/GBIF_phenology_scored_specimen_images/3865362260.jpg,source_copy_already_in_scoring,7224420,deleted
/Volumes/Radishes/GBIF_phenology_scored_specimen_images/3865362261.jpg,source_copy_already_in_scoring,7816701,deleted
/Volumes/Radishes/GBIF_phenology_scored_specimen_images/3865362262.jpg,source_copy_already_in_scoring,8392154,deleted
/Volumes/Radishes/GBIF_phenology_scored_specimen_images/3865362264.jpg,source_copy_already_in_scoring,6157784,deleted
/Volumes/Radishes/GBIF_phenology_scored_specimen_images/3865362265.jpg,source_copy_already_in_scoring,4614717,deleted
/Volumes/Radishes/GBIF_phenology_scored_specimen_images/3865362266.jpg,source_copy_already_in_scoring,7693781,deleted
/Volumes/Radishes/GBIF_phenology_scored_specimen_images/3865362267.jpg,source_copy_already_in_scoring,9856516,deleted
/Volumes/Radishes/GBIF_phenology_scored_specimen_images/3865362268.jpg,source_copy_already_in_scoring,6549908,deleted
/Volumes/Radishes/GBIF_phenology_scored_specimen_images/3865362269.jpg,source_copy_already_in_scoring,6090205,deleted
/Volumes/Radishes/GBIF_phenology_scored_specimen_images/3865363244.jpg,source_copy_already_in_scoring,8440889,deleted
/Volumes/Radishes/GBIF_phenology_scored_specimen_images/3865363247.jpg,source_copy_already_in_scoring,5025614,deleted
/Volumes/Radishes/GBIF_phenology_scored_specimen_images/3865363248.jpg,source_copy_already_in_scoring,6822709,deleted
/Volumes/Radishes/GBIF_phenology_scored_specimen_images/3865363249.jpg,source_copy_already_in_scoring,7764425,deleted
/Volumes/Radishes/GBIF_phenology_scored_specimen_images/3865363250.jpg,source_copy_already_in_scoring,7621522,deleted
/Volumes/Radishes/GBIF_phenology_scored_specimen_images/3865363251.jpg,source_copy_already_in_scoring,5374661,deleted
/Volumes/Radishes/GBIF_phenology_scored_specimen_images/3865363252.jpg,source_copy_already_in_scoring,6054247,deleted
/Volumes/Radishes/GBIF_phenology_scored_specimen_images/3865363253.jpg,source_copy_already_in_scoring,13080185,deleted
/Volumes/Radishes/GBIF_phenology_scored_specimen_images/3865363254.jpg,source_copy_already_in_scoring,7928275,deleted
/Volumes/Radishes/GBIF_phenology_scored_specimen_images/3865363255.jpg,source_copy_already_in_scoring,6998428,deleted
/Volumes/Radishes/GBIF_phenology_scored_specimen_images/3865363256.jpg,source_copy_already_in_scoring,7443098,deleted
/Volumes/Radishes/GBIF_phenology_scored_specimen_images/3865364291.jpg,source_copy_already_in_scoring,10335926,deleted
/Volumes/Radishes/GBIF_phenology_scored_specimen_images/3865364292.jpg,source_copy_already_in_scoring,8744784,deleted
/Volumes/Radishes/GBIF_phenology_scored_specimen_images/3865364294.jpg,source_copy_already_in_scoring,7229095,deleted
/Volumes/Radishes/GBIF_phenology_scored_specimen_images/3865364295.jpg,source_copy_already_in_scoring,5867202,deleted
/Volumes/Radishes/GBIF_phenology_scored_specimen_images/3865364296.jpg,source_copy_already_in_scoring,9215568,deleted
/Volumes/Radishes/GBIF_phenology_scored_specimen_images/3865364297.jpg,source_copy_already_in_scoring,8226817,deleted
/Volumes/Radishes/GBIF_phenology_scored_specimen_images/3865364298.jpg,source_copy_already_in_scoring,7467927,deleted
/Volumes/Radishes/GBIF_phenology_scored_specimen_images/3865364299.jpg,source_copy_already_in_scoring,7777286,deleted
/Volumes/Radishes/GBIF_phenology_scored_specimen_images/3865364300.jpg,source_copy_already_in_scoring,6608115,deleted
/Volumes/Radishes/GBIF_phenology_scored_specimen_images/3865368295.jpg,source_copy_already_in_scoring,13434853,deleted
/Volumes/Radishes/GBIF_phenology_scored_specimen_images/3865368296.jpg,source_copy_already_in_scoring,11869081,deleted
/Volumes/Radishes/GBIF_phenology_scored_specimen_images/3865368299.jpg,source_copy_already_in_scoring,6865326,deleted
/Volumes/Radishes/GBIF_phenology_scored_specimen_images/3865368300.jpg,source_copy_already_in_scoring,5470803,deleted
/Volumes/Radishes/GBIF_phenology_scored_specimen_images/3865373301.jpg,source_copy_already_in_scoring,8297725,deleted
/Volumes/Radishes/GBIF_phenology_scored_specimen_images/3865373302.jpg,source_copy_already_in_scoring,5438130,deleted
/Volumes/Radishes/GBIF_phenology_scored_specimen_images/3865373303.jpg,source_copy_already_in_scoring,6811797,deleted
/Volumes/Radishes/GBIF_phenology_scored_specimen_images/3865373304.jpg,source_copy_already_in_scoring,8692977,deleted
/Volumes/Radishes/GBIF_phenology_scored_specimen_images/3865374367.jpg,source_copy_already_in_scoring,11160131,deleted
/Volumes/Radishes/GBIF_phenology_scored_specimen_images/3865374368.jpg,source_copy_already_in_scoring,11062430,deleted
/Volumes/Radishes/GBIF_phenology_scored_specimen_images/3865374371.jpg,source_copy_already_in_scoring,4792029,deleted
/Volumes/Radishes/GBIF_phenology_scored_specimen_images/3865374372.jpg,source_copy_already_in_scoring,7724768,deleted
/Volumes/Radishes/GBIF_phenology_scored_specimen_images/3865374373.jpg,source_copy_already_in_scoring,7216258,deleted
/Volumes/Radishes/GBIF_phenology_scored_specimen_images/3865374374.jpg,source_copy_already_in_scoring,9390114,deleted
/Volumes/Radishes/GBIF_phenology_scored_specimen_images/3865374375.jpg,source_copy_already_in_scoring,6757615,deleted
/Volumes/Radishes/GBIF_phenology_scored_specimen_images/3865374376.jpg,source_copy_already_in_scoring,6472420,deleted
/Volumes/Radishes/GBIF_phenology_scored_specimen_images/3865374377.jpg,source_copy_already_in_scoring,5595615,deleted
/Volumes/Radishes/GBIF_phenology_scored_specimen_images/3865374378.jpg,source_copy_already_in_scoring,8824975,deleted
/Volumes/Radishes/GBIF_phenology_scored_specimen_images/3865374379.jpg,source_copy_already_in_scoring,8498033,deleted
/Volumes/Radishes/GBIF_phenology_scored_specimen_images/3865374380.jpg,source_copy_already_in_scoring,6637599,deleted
/Volumes/Radishes/GBIF_phenology_scored_specimen_images/3865374381.jpg,source_copy_already_in_scoring,8102974,deleted
/Volumes/Radishes/GBIF_phenology_scored_specimen_images/3865375336.jpg,source_copy_already_in_scoring,12702966,deleted
/Volumes/Radishes/GBIF_phenology_scored_specimen_images/3865375337.jpg,source_copy_already_in_scoring,8292494,deleted
/Volumes/Radishes/GBIF_phenology_scored_specimen_images/3865375340.jpg,source_copy_already_in_scoring,10204488,deleted
/Volumes/Radishes/GBIF_phenology_scored_specimen_images/3865375341.jpg,source_copy_already_in_scoring,7324701,deleted
/Volumes/Radishes/GBIF_phenology_scored_specimen_images/3865375342.jpg,source_copy_already_in_scoring,6659350,deleted
/Volumes/Radishes/GBIF_phenology_scored_specimen_images/3865375343.jpg,source_copy_already_in_scoring,9805588,deleted
/Volumes/Radishes/GBIF_phenology_scored_specimen_images/3865375344.jpg,source_copy_already_in_scoring,6293090,deleted
/Volumes/Radishes/GBIF_phenology_scored_specimen_images/3865375345.jpg,source_copy_already_in_scoring,7543735,deleted
/Volumes/Radishes/GBIF_phenology_scored_specimen_images/3865375346.jpg,source_copy_already_in_scoring,5254665,deleted
/Volumes/Radishes/GBIF_phenology_scored_specimen_images/3865375347.jpg,source_copy_already_in_scoring,6100766,deleted
/Volumes/Radishes/GBIF_phenology_scored_specimen_images/3865375348.jpg,source_copy_already_in_scoring,7077739,deleted
/Volumes/Radishes/GBIF_phenology_scored_specimen_images/3865375349.jpg,source_copy_already_in_scoring,7475878,deleted
/Volumes/Radishes/GBIF_phenology_scored_specimen_images/3865375350.jpg,source_copy_already_in_scoring,9179386,deleted
/Volumes/Radishes/GBIF_phenology_scored_specimen_images/3865376379.jpg,source_copy_already_in_scoring,12129360,deleted
/Volumes/Radishes/GBIF_phenology_scored_specimen_images/3865376380.jpg,source_copy_already_in_scoring,11265513,deleted
/Volumes/Radishes/GBIF_phenology_scored_specimen_images/3865376382.jpg,source_copy_already_in_scoring,6970471,deleted
/Volumes/Radishes/GBIF_phenology_scored_specimen_images/3865376383.jpg,source_copy_already_in_scoring,5744104,deleted
/Volumes/Radishes/GBIF_phenology_scored_specimen_images/3865376384.jpg,source_copy_already_in_scoring,8067232,deleted
/Volumes/Radishes/GBIF_phenology_scored_specimen_images/3865376385.jpg,source_copy_already_in_scoring,10199559,deleted
/Volumes/Radishes/GBIF_phenology_scored_specimen_images/3865376386.jpg,source_copy_already_in_scoring,7170543,deleted
/Volumes/Radishes/GBIF_phenology_scored_specimen_images/3865376387.jpg,source_copy_already_in_scoring,4894586,deleted
/Volumes/Radishes/GBIF_phenology_scored_specimen_images/3865376388.jpg,source_copy_already_in_scoring,8284827,deleted
/Volumes/Radishes/GBIF_phenology_scored_specimen_images/3865376389.jpg,source_copy_already_in_scoring,8143864,deleted
/Volumes/Radishes/GBIF_phenology_scored_specimen_images/3865376390.jpg,source_copy_already_in_scoring,9559644,deleted
/Volumes/Radishes/GBIF_phenology_scored_specimen_images/3865376391.jpg,source_copy_already_in_scoring,8064736,deleted
/Volumes/Radishes/GBIF_phenology_scored_specimen_images/3865376392.jpg,source_copy_already_in_scoring,6231877,deleted
/Volumes/Radishes/GBIF_phenology_scored_specimen_images/3865377301.jpg,source_copy_already_in_scoring,6226516,deleted
/Volumes/Radishes/GBIF_phenology_scored_specimen_images/3865377302.jpg,source_copy_already_in_scoring,7345930,deleted
/Volumes/Radishes/GBIF_phenology_scored_specimen_images/3865377303.jpg,source_copy_already_in_scoring,4784224,deleted
/Volumes/Radishes/GBIF_phenology_scored_specimen_images/3865377304.jpg,source_copy_already_in_scoring,4790811,deleted
/Volumes/Radishes/GBIF_phenology_scored_specimen_images/3865377305.jpg,source_copy_already_in_scoring,6632645,deleted
/Volumes/Radishes/GBIF_phenology_scored_specimen_images/3865377306.jpg,source_copy_already_in_scoring,7138305,deleted
/Volumes/Radishes/GBIF_phenology_scored_specimen_images/3865377307.jpg,source_copy_already_in_scoring,4781258,deleted
/Volumes/Radishes/GBIF_phenology_scored_specimen_images/3865377308.jpg,source_copy_already_in_scoring,6694457,deleted
/Volumes/Radishes/GBIF_phenology_scored_specimen_images/3865377309.jpg,source_copy_already_in_scoring,9472011,deleted
/Volumes/Radishes/GBIF_phenology_scored_specimen_images/3865378415.jpg,source_copy_already_in_scoring,8235839,deleted
/Volumes/Radishes/GBIF_phenology_scored_specimen_images/3865378416.jpg,source_copy_already_in_scoring,12712986,deleted
/Volumes/Radishes/GBIF_phenology_scored_specimen_images/3865378418.jpg,source_copy_already_in_scoring,6812696,deleted
/Volumes/Radishes/GBIF_phenology_scored_specimen_images/3865378419.jpg,source_copy_already_in_scoring,5989250,deleted
/Volumes/Radishes/GBIF_phenology_scored_specimen_images/3865378420.jpg,source_copy_already_in_scoring,5570611,deleted
/Volumes/Radishes/GBIF_phenology_scored_specimen_images/3865378421.jpg,source_copy_already_in_scoring,6364737,deleted
/Volumes/Radishes/GBIF_phenology_scored_specimen_images/3865378422.jpg,source_copy_already_in_scoring,7267244,deleted
/Volumes/Radishes/GBIF_phenology_scored_specimen_images/3865378423.jpg,source_copy_already_in_scoring,5710200,deleted
/Volumes/Radishes/GBIF_phenology_scored_specimen_images/3865378424.jpg,source_copy_already_in_scoring,7307541,deleted
/Volumes/Radishes/GBIF_phenology_scored_specimen_images/3865378425.jpg,source_copy_already_in_scoring,6896620,deleted
/Volumes/Radishes/GBIF_phenology_scored_specimen_images/3865378426.jpg,source_copy_already_in_scoring,6878043,deleted
/Volumes/Radishes/GBIF_phenology_scored_specimen_images/3865378427.jpg,source_copy_already_in_scoring,5727068,deleted
/Volumes/Radishes/GBIF_phenology_scored_specimen_images/3865378428.jpg,source_copy_already_in_scoring,5910294,deleted
/Volumes/Radishes/GBIF_phenology_scored_specimen_images/3865378429.jpg,source_copy_already_in_scoring,7338491,deleted
/Volumes/Radishes/GBIF_phenology_scored_specimen_images/3865379339.jpg,source_copy_already_in_scoring,8776228,deleted
/Volumes/Radishes/GBIF_phenology_scored_specimen_images/3865379340.jpg,source_copy_already_in_scoring,10657964,deleted
/Volumes/Radishes/GBIF_phenology_scored_specimen_images/3865379342.jpg,source_copy_already_in_scoring,4182359,deleted
/Volumes/Radishes/GBIF_phenology_scored_specimen_images/3865379343.jpg,source_copy_already_in_scoring,9235075,deleted
/Volumes/Radishes/GBIF_phenology_scored_specimen_images/3865379344.jpg,source_copy_already_in_scoring,6584626,deleted
/Volumes/Radishes/GBIF_phenology_scored_specimen_images/3865379345.jpg,source_copy_already_in_scoring,7089776,deleted
/Volumes/Radishes/GBIF_phenology_scored_specimen_images/3865379346.jpg,source_copy_already_in_scoring,7567487,deleted
/Volumes/Radishes/GBIF_phenology_scored_specimen_images/3865379347.jpg,source_copy_already_in_scoring,5024796,deleted
/Volumes/Radishes/GBIF_phenology_scored_specimen_images/3865379348.jpg,source_copy_already_in_scoring,6644206,deleted
/Volumes/Radishes/GBIF_phenology_scored_specimen_images/3865379349.jpg,source_copy_already_in_scoring,7295755,deleted
/Volumes/Radishes/GBIF_phenology_scored_specimen_images/3865379350.jpg,source_copy_already_in_scoring,5294371,deleted
/Volumes/Radishes/GBIF_phenology_scored_specimen_images/3865379351.jpg,source_copy_already_in_scoring,6800609,deleted
/Volumes/Radishes/GBIF_phenology_scored_specimen_images/3865379352.jpg,source_copy_already_in_scoring,8237137,deleted
/Volumes/Radishes/GBIF_phenology_scored_specimen_images/3865380393.jpg,source_copy_already_in_scoring,10563499,deleted
/Volumes/Radishes/GBIF_phenology_scored_specimen_images/3865380395.jpg,source_copy_already_in_scoring,6359629,deleted
/Volumes/Radishes/GBIF_phenology_scored_specimen_images/3865380396.jpg,source_copy_already_in_scoring,7191805,deleted
/Volumes/Radishes/GBIF_phenology_scored_specimen_images/3865380397.jpg,source_copy_already_in_scoring,6005016,deleted
/Volumes/Radishes/GBIF_phenology_scored_specimen_images/3865380398.jpg,source_copy_already_in_scoring,6233339,deleted
/Volumes/Radishes/GBIF_phenology_scored_specimen_images/3865380399.jpg,source_copy_already_in_scoring,5498887,deleted
/Volumes/Radishes/GBIF_phenology_scored_specimen_images/3865380400.jpg,source_copy_already_in_scoring,8358252,deleted
/Volumes/Radishes/GBIF_phenology_scored_specimen_images/3865380401.jpg,source_copy_already_in_scoring,9181596,deleted
/Volumes/Radishes/GBIF_phenology_scored_specimen_images/3865380402.jpg,source_copy_already_in_scoring,7362367,deleted
/Volumes/Radishes/GBIF_phenology_scored_specimen_images/3865380403.jpg,source_copy_already_in_scoring,6748676,deleted
/Volumes/Radishes/GBIF_phenology_scored_specimen_images/3865380404.jpg,source_copy_already_in_scoring,6355864,deleted
/Volumes/Radishes/GBIF_phenology_scored_specimen_images/3865380405.jpg,source_copy_already_in_scoring,5686767,deleted
/Volumes/Radishes/GBIF_phenology_scored_specimen_images/3865380406.jpg,source_copy_already_in_scoring,10330788,deleted
/Volumes/Radishes/GBIF_phenology_scored_specimen_images/3897880694.jpg,source_copy_already_in_scoring,2295897,deleted
/Volumes/Radishes/GBIF_phenology_scored_specimen_images/3897880737.jpg,source_copy_already_in_scoring,2017103,deleted
/Volumes/Radishes/GBIF_phenology_scored_specimen_images/3897882330.jpg,source_copy_already_in_scoring,3446611,deleted
/Volumes/Radishes/GBIF_phenology_scored_specimen_images/3897882332.jpg,source_copy_already_in_scoring,2207295,deleted
/Volumes/Radishes/GBIF_phenology_scored_specimen_images/3925803509.jpg,source_copy_already_in_scoring,979485,deleted
/Volumes/Radishes/GBIF_phenology_scored_specimen_images/3925803512.jpg,source_copy_already_in_scoring,1085474,deleted
/Volumes/Radishes/GBIF_phenology_scored_specimen_images/3925803519.jpg,source_copy_already_in_scoring,1069968,deleted
/Volumes/Radishes/GBIF_phenology_scored_specimen_images/3925803521.jpg,source_copy_already_in_scoring,1682861,deleted
/Volumes/Radishes/GBIF_phenology_scored_specimen_images/3925803524.jpg,source_copy_already_in_scoring,1585771,deleted
/Volumes/Radishes/GBIF_phenology_scored_specimen_images/3925803525.jpg,source_copy_already_in_scoring,963930,deleted
/Volumes/Radishes/GBIF_phenology_scored_specimen_images/3925803537.jpg,source_copy_already_in_scoring,918193,deleted
/Volumes/Radishes/GBIF_phenology_scored_specimen_images/3925803542.jpg,source_copy_already_in_scoring,1079639,deleted
/Volumes/Radishes/GBIF_phenology_scored_specimen_images/3925803544.jpg,source_copy_already_in_scoring,1522683,deleted
/Volumes/Radishes/GBIF_phenology_scored_specimen_images/3925803547.jpg,source_copy_already_in_scoring,841971,deleted
/Volumes/Radishes/GBIF_phenology_scored_specimen_images/3925803558.jpg,source_copy_already_in_scoring,1205425,deleted
/Volumes/Radishes/GBIF_phenology_scored_specimen_images/3925803561.jpg,source_copy_already_in_scoring,1080834,deleted
/Volumes/Radishes/GBIF_phenology_scored_specimen_images/3969691986.jpg,source_copy_already_in_scoring,4067337,deleted
/Volumes/Radishes/GBIF_phenology_scored_specimen_images/3978710990.jpg,source_copy_already_in_scoring,17823503,deleted
/Volumes/Radishes/GBIF_phenology_scored_specimen_images/3978732636.jpg,source_copy_already_in_scoring,17271244,deleted
/Volumes/Radishes/GBIF_phenology_scored_specimen_images/4010710685.jpg,source_copy_already_in_scoring,6376194,deleted
/Volumes/Radishes/GBIF_phenology_scored_specimen_images/4010715017.jpg,source_copy_already_in_scoring,9508143,deleted
/Volumes/Radishes/GBIF_phenology_scored_specimen_images/4015459323.jpg,source_copy_already_in_scoring,7354740,deleted
/Volumes/Radishes/GBIF_phenology_scored_specimen_images/4015890749.jpg,source_copy_already_in_scoring,11042791,deleted
/Volumes/Radishes/GBIF_phenology_scored_specimen_images/4015893363.jpg,source_copy_already_in_scoring,8572670,deleted
/Volumes/Radishes/GBIF_phenology_scored_specimen_images/4067794448.jpg,source_copy_already_in_scoring,10016424,deleted
/Volumes/Radishes/GBIF_phenology_scored_specimen_images/4067794449.jpg,source_copy_already_in_scoring,10052097,deleted
/Volumes/Radishes/GBIF_phenology_scored_specimen_images/4067794450.jpg,source_copy_already_in_scoring,14127521,deleted
/Volumes/Radishes/GBIF_phenology_scored_specimen_images/4067794451.jpg,source_copy_already_in_scoring,8714584,deleted
/Volumes/Radishes/GBIF_phenology_scored_specimen_images/4067794452.jpg,source_copy_already_in_scoring,10015457,deleted
/Volumes/Radishes/GBIF_phenology_scored_specimen_images/4067794453.jpg,source_copy_already_in_scoring,10233325,deleted
/Volumes/Radishes/GBIF_phenology_scored_specimen_images/4067794454.jpg,source_copy_already_in_scoring,8133112,deleted
/Volumes/Radishes/GBIF_phenology_scored_specimen_images/4067794455.jpg,source_copy_already_in_scoring,8877418,deleted
/Volumes/Radishes/GBIF_phenology_scored_specimen_images/4067794456.jpg,source_copy_already_in_scoring,9686569,deleted
/Volumes/Radishes/GBIF_phenology_scored_specimen_images/4067794457.jpg,source_copy_already_in_scoring,10499431,deleted
/Volumes/Radishes/GBIF_phenology_scored_specimen_images/4067794458.jpg,source_copy_already_in_scoring,12044671,deleted
/Volumes/Radishes/GBIF_phenology_scored_specimen_images/4075454233.jpg,source_copy_already_in_scoring,10918275,deleted
/Volumes/Radishes/GBIF_phenology_scored_specimen_images/4075454234.jpg,source_copy_already_in_scoring,11791745,deleted
/Volumes/Radishes/GBIF_phenology_scored_specimen_images/4075454236.jpg,source_copy_already_in_scoring,12115542,deleted
/Volumes/Radishes/GBIF_phenology_scored_specimen_images/4075454238.jpg,source_copy_already_in_scoring,10050614,deleted
/Volumes/Radishes/GBIF_phenology_scored_specimen_images/4075454240.jpg,source_copy_already_in_scoring,11399790,deleted
/Volumes/Radishes/GBIF_phenology_scored_specimen_images/4075454242.jpg,source_copy_already_in_scoring,10511604,deleted
/Volumes/Radishes/GBIF_phenology_scored_specimen_images/4075454244.jpg,source_copy_already_in_scoring,10332541,deleted
/Volumes/Radishes/GBIF_phenology_scored_specimen_images/4075454248.jpg,source_copy_already_in_scoring,9214542,deleted
/Volumes/Radishes/GBIF_phenology_scored_specimen_images/4075454266.jpg,source_copy_already_in_scoring,10695145,deleted
/Volumes/Radishes/GBIF_phenology_scored_specimen_images/4075454267.jpg,source_copy_already_in_scoring,8198259,deleted
/Volumes/Radishes/GBIF_phenology_scored_specimen_images/4075454270.jpg,source_copy_already_in_scoring,8801642,deleted
/Volumes/Radishes/GBIF_phenology_scored_specimen_images/4075454272.jpg,source_copy_already_in_scoring,11111051,deleted
/Volumes/Radishes/GBIF_phenology_scored_specimen_images/4075454274.jpg,source_copy_already_in_scoring,10606440,deleted
/Volumes/Radishes/GBIF_phenology_scored_specimen_images/4075454279.jpg,source_copy_already_in_scoring,13039722,deleted
/Volumes/Radishes/GBIF_phenology_scored_specimen_images/4075454345.jpg,source_copy_already_in_scoring,10101836,deleted
/Volumes/Radishes/GBIF_phenology_scored_specimen_images/4081344375.jpg,source_copy_already_in_scoring,1006252,deleted
/Volumes/Radishes/GBIF_phenology_scored_specimen_images/4081344393.jpg,source_copy_already_in_scoring,1080107,deleted
/Volumes/Radishes/GBIF_phenology_scored_specimen_images/4081344396.jpg,source_copy_already_in_scoring,8411712,deleted
/Volumes/Radishes/GBIF_phenology_scored_specimen_images/4081344406.jpg,source_copy_already_in_scoring,9378775,deleted
/Volumes/Radishes/GBIF_phenology_scored_specimen_images/4081344407.jpg,source_copy_already_in_scoring,7028509,deleted
/Volumes/Radishes/GBIF_phenology_scored_specimen_images/4081344411.jpg,source_copy_already_in_scoring,855209,deleted
/Volumes/Radishes/GBIF_phenology_scored_specimen_images/4088564482.jpg,source_copy_already_in_scoring,1947401,deleted
/Volumes/Radishes/GBIF_phenology_scored_specimen_images/4088570109.jpg,source_copy_already_in_scoring,557710,deleted
/Volumes/Radishes/GBIF_phenology_scored_specimen_images/4088570116.jpg,source_copy_already_in_scoring,582400,deleted
/Volumes/Radishes/GBIF_phenology_scored_specimen_images/4088570122.jpg,source_copy_already_in_scoring,623543,deleted
/Volumes/Radishes/GBIF_phenology_scored_specimen_images/4088570123.jpg,source_copy_already_in_scoring,598405,deleted
/Volumes/Radishes/GBIF_phenology_scored_specimen_images/4088570154.jpg,source_copy_already_in_scoring,496901,deleted
/Volumes/Radishes/GBIF_phenology_scored_specimen_images/4088570155.jpg,source_copy_already_in_scoring,610222,deleted
/Volumes/Radishes/GBIF_phenology_scored_specimen_images/4088570161.jpg,source_copy_already_in_scoring,549208,deleted
/Volumes/Radishes/GBIF_phenology_scored_specimen_images/4101879463.jpg,source_copy_already_in_scoring,8945532,deleted
/Volumes/Radishes/GBIF_phenology_scored_specimen_images/4403306335.jpg,source_copy_already_in_scoring,11156447,deleted
/Volumes/Radishes/GBIF_phenology_scored_specimen_images/4426632361.jpg,source_copy_already_in_scoring,3035373,deleted
/Volumes/Radishes/GBIF_phenology_scored_specimen_images/4433286374.jpg,source_copy_already_in_scoring,1268022,deleted
/Volumes/Radishes/GBIF_phenology_scored_specimen_images/4433286375.jpg,source_copy_already_in_scoring,1609521,deleted
/Volumes/Radishes/GBIF_phenology_scored_specimen_images/4433286379.jpg,source_copy_already_in_scoring,1419451,deleted
/Volumes/Radishes/GBIF_phenology_scored_specimen_images/4433286380.jpg,source_copy_already_in_scoring,1695300,deleted
/Volumes/Radishes/GBIF_phenology_scored_specimen_images/4436953682.jpg,source_copy_already_in_scoring,765719,deleted
/Volumes/Radishes/GBIF_phenology_scored_specimen_images/4436954095.jpg,source_copy_already_in_scoring,772856,deleted
/Volumes/Radishes/GBIF_phenology_scored_specimen_images/4436954623.jpg,source_copy_already_in_scoring,1119052,deleted
/Volumes/Radishes/GBIF_phenology_scored_specimen_images/4436957900.jpg,source_copy_already_in_scoring,1045302,deleted
/Volumes/Radishes/GBIF_phenology_scored_specimen_images/4436959695.jpg,source_copy_already_in_scoring,1016934,deleted
/Volumes/Radishes/GBIF_phenology_scored_specimen_images/4601577269.jpg,source_copy_already_in_scoring,10016118,deleted
/Volumes/Radishes/GBIF_phenology_scored_specimen_images/4601577270.jpg,source_copy_already_in_scoring,11255002,deleted
/Volumes/Radishes/GBIF_phenology_scored_specimen_images/4601577307.jpg,source_copy_already_in_scoring,11379975,deleted
/Volumes/Radishes/GBIF_phenology_scored_specimen_images/4601577308.jpg,source_copy_already_in_scoring,8995518,deleted
/Volumes/Radishes/GBIF_phenology_scored_specimen_images/4601577309.jpg,source_copy_already_in_scoring,12453139,deleted
/Volumes/Radishes/GBIF_phenology_scored_specimen_images/4601577311.jpg,source_copy_already_in_scoring,12725235,deleted
/Volumes/Radishes/GBIF_phenology_scored_specimen_images/4601577312.jpg,source_copy_already_in_scoring,10271617,deleted
/Volumes/Radishes/GBIF_phenology_scored_specimen_images/4601577313.jpg,source_copy_already_in_scoring,11412669,deleted
/Volumes/Radishes/GBIF_phenology_scored_specimen_images/4851194746.jpg,source_copy_already_in_scoring,767931,deleted
/Volumes/Radishes/GBIF_phenology_scored_specimen_images/4851194916.jpg,source_copy_already_in_scoring,722206,deleted
/Volumes/Radishes/GBIF_phenology_scored_specimen_images/4851299367.jpg,source_copy_already_in_scoring,2395748,deleted
/Volumes/Radishes/GBIF_phenology_scored_specimen_images/4856038261.jpg,source_copy_already_in_scoring,8824431,deleted
/Volumes/Radishes/GBIF_phenology_scored_specimen_images/4856042859.jpg,source_copy_already_in_scoring,707510,deleted
/Volumes/Radishes/GBIF_phenology_scored_specimen_images/4872674677.jpg,source_copy_already_in_scoring,3384122,deleted
/Volumes/Radishes/GBIF_phenology_scored_specimen_images/4872674686.jpg,source_copy_already_in_scoring,2861760,deleted
/Volumes/Radishes/GBIF_phenology_scored_specimen_images/4872674694.jpg,source_copy_already_in_scoring,3622930,deleted
/Volumes/Radishes/GBIF_phenology_scored_specimen_images/4872674697.jpg,source_copy_already_in_scoring,2705904,deleted
/Volumes/Radishes/GBIF_phenology_scored_specimen_images/4910082168.jpg,source_copy_already_in_scoring,6950591,deleted
/Volumes/Radishes/GBIF_phenology_scored_specimen_images/4910126193.jpg,source_copy_already_in_scoring,6673515,deleted
/Volumes/Radishes/GBIF_phenology_scored_specimen_images/4910126197.jpg,source_copy_already_in_scoring,6978324,deleted
/Volumes/Radishes/GBIF_phenology_scored_specimen_images/4912015636.jpg,source_copy_already_in_scoring,1980558,deleted
/Volumes/Radishes/GBIF_phenology_scored_specimen_images/4912144300.jpg,source_copy_already_in_scoring,2006256,deleted
/Volumes/Radishes/GBIF_phenology_scored_specimen_images/4912151097.jpg,source_copy_already_in_scoring,2184895,deleted
/Volumes/Radishes/GBIF_phenology_scored_specimen_images/4912151099.jpg,source_copy_already_in_scoring,2073978,deleted
/Volumes/Radishes/GBIF_phenology_scored_specimen_images/4912151100.jpg,source_copy_already_in_scoring,1909466,deleted
/Volumes/Radishes/GBIF_phenology_scored_specimen_images/4912151101.jpg,source_copy_already_in_scoring,1708521,deleted
/Volumes/Radishes/GBIF_phenology_scored_specimen_images/4912151102.jpg,source_copy_already_in_scoring,2183923,deleted
/Volumes/Radishes/GBIF_phenology_scored_specimen_images/4912153301.jpg,source_copy_already_in_scoring,2213723,deleted
/Volumes/Radishes/GBIF_phenology_scored_specimen_images/4912153302.jpg,source_copy_already_in_scoring,1885434,deleted
/Volumes/Radishes/GBIF_phenology_scored_specimen_images/4912153304.jpg,source_copy_already_in_scoring,2157672,deleted
/Volumes/Radishes/GBIF_phenology_scored_specimen_images/4912153305.jpg,source_copy_already_in_scoring,1744943,deleted
/Volumes/Radishes/GBIF_phenology_scored_specimen_images/4912157312.jpg,source_copy_already_in_scoring,2475929,deleted
/Volumes/Radishes/GBIF_phenology_scored_specimen_images/4912250315.jpg,source_copy_already_in_scoring,1925515,deleted
/Volumes/Radishes/GBIF_phenology_scored_specimen_images/4912304545.jpg,source_copy_already_in_scoring,2325227,deleted
/Volumes/Radishes/GBIF_phenology_scored_specimen_images/4912304546.jpg,source_copy_already_in_scoring,1633846,deleted
/Volumes/Radishes/GBIF_phenology_scored_specimen_images/4912304550.jpg,source_copy_already_in_scoring,2196081,deleted
/Volumes/Radishes/GBIF_phenology_scored_specimen_images/4912304551.jpg,source_copy_already_in_scoring,2416447,deleted
/Volumes/Radishes/GBIF_phenology_scored_specimen_images/4912308175.jpg,source_copy_already_in_scoring,1970306,deleted
/Volumes/Radishes/GBIF_phenology_scored_specimen_images/4912308178.jpg,source_copy_already_in_scoring,2435876,deleted
/Volumes/Radishes/GBIF_phenology_scored_specimen_images/4912314643.jpg,source_copy_already_in_scoring,2272913,deleted
/Volumes/Radishes/GBIF_phenology_scored_specimen_images/4929352608.jpg,source_copy_already_in_scoring,3700963,deleted
/Volumes/Radishes/GBIF_phenology_scored_specimen_images/4929697638.jpg,source_copy_already_in_scoring,8662966,deleted
/Volumes/Radishes/GBIF_phenology_scored_specimen_images/4976699544.jpg,source_copy_already_in_scoring,8188030,deleted
/Volumes/Radishes/GBIF_phenology_scored_specimen_images/5067911285.jpg,source_copy_already_in_scoring,11802153,deleted
/Volumes/Radishes/GBIF_phenology_scored_specimen_images/5067912299.jpg,source_copy_already_in_scoring,6172027,deleted
/Volumes/Radishes/GBIF_phenology_scored_specimen_images/5067912783.jpg,source_copy_already_in_scoring,2023151,deleted
/Volumes/Radishes/GBIF_phenology_scored_specimen_images/5067915325.jpg,source_copy_already_in_scoring,2082821,deleted
/Volumes/Radishes/GBIF_phenology_scored_specimen_images/5067923809.jpg,source_copy_already_in_scoring,10880956,deleted
/Volumes/Radishes/GBIF_phenology_scored_specimen_images/5067923811.jpg,source_copy_already_in_scoring,10691905,deleted
/Volumes/Radishes/GBIF_phenology_scored_specimen_images/5067923812.jpg,source_copy_already_in_scoring,11444936,deleted
/Volumes/Radishes/GBIF_phenology_scored_specimen_images/5067923813.jpg,source_copy_already_in_scoring,10956119,deleted
/Volumes/Radishes/GBIF_phenology_scored_specimen_images/5067923814.jpg,source_copy_already_in_scoring,10933912,deleted
/Volumes/Radishes/GBIF_phenology_scored_specimen_images/5067923815.jpg,source_copy_already_in_scoring,12126606,deleted
/Volumes/Radishes/GBIF_phenology_scored_specimen_images/5067923816.jpg,source_copy_already_in_scoring,11502802,deleted
/Volumes/Radishes/GBIF_phenology_scored_specimen_images/5067924348.jpg,source_copy_already_in_scoring,9141369,deleted
/Volumes/Radishes/GBIF_phenology_scored_specimen_images/5067924810.jpg,source_copy_already_in_scoring,12544698,deleted
/Volumes/Radishes/GBIF_phenology_scored_specimen_images/5067924811.jpg,source_copy_already_in_scoring,10774364,deleted
/Volumes/Radishes/GBIF_phenology_scored_specimen_images/5067924812.jpg,source_copy_already_in_scoring,11865347,deleted
/Volumes/Radishes/GBIF_phenology_scored_specimen_images/5067924813.jpg,source_copy_already_in_scoring,11133976,deleted
/Volumes/Radishes/GBIF_phenology_scored_specimen_images/5067924814.jpg,source_copy_already_in_scoring,12834869,deleted
/Volumes/Radishes/GBIF_phenology_scored_specimen_images/5067924815.jpg,source_copy_already_in_scoring,11790026,deleted
/Volumes/Radishes/GBIF_phenology_scored_specimen_images/5067924816.jpg,source_copy_already_in_scoring,11283420,deleted
/Volumes/Radishes/GBIF_phenology_scored_specimen_images/5067925809.jpg,source_copy_already_in_scoring,9806963,deleted
/Volumes/Radishes/GBIF_phenology_scored_specimen_images/5067925810.jpg,source_copy_already_in_scoring,10437655,deleted
/Volumes/Radishes/GBIF_phenology_scored_specimen_images/5067925812.jpg,source_copy_already_in_scoring,12400255,deleted
/Volumes/Radishes/GBIF_phenology_scored_specimen_images/5067925813.jpg,source_copy_already_in_scoring,10764024,deleted
/Volumes/Radishes/GBIF_phenology_scored_specimen_images/5067925814.jpg,source_copy_already_in_scoring,11845043,deleted
/Volumes/Radishes/GBIF_phenology_scored_specimen_images/5067925815.jpg,source_copy_already_in_scoring,11291917,deleted
/Volumes/Radishes/GBIF_phenology_scored_specimen_images/5067925816.jpg,source_copy_already_in_scoring,10171384,deleted
/Volumes/Radishes/GBIF_phenology_scored_specimen_images/5067925817.jpg,source_copy_already_in_scoring,12128067,deleted
/Volumes/Radishes/GBIF_phenology_scored_specimen_images/5067925818.jpg,source_copy_already_in_scoring,10536807,deleted
/Volumes/Radishes/GBIF_phenology_scored_specimen_images/5067926809.jpg,source_copy_already_in_scoring,12292373,deleted
/Volumes/Radishes/GBIF_phenology_scored_specimen_images/5067926811.jpg,source_copy_already_in_scoring,11361187,deleted
/Volumes/Radishes/GBIF_phenology_scored_specimen_images/5067926812.jpg,source_copy_already_in_scoring,10356951,deleted
/Volumes/Radishes/GBIF_phenology_scored_specimen_images/5067926813.jpg,source_copy_already_in_scoring,12164264,deleted
/Volumes/Radishes/GBIF_phenology_scored_specimen_images/5067926816.jpg,source_copy_already_in_scoring,11153931,deleted
/Volumes/Radishes/GBIF_phenology_scored_specimen_images/5067927808.jpg,source_copy_already_in_scoring,11372786,deleted
/Volumes/Radishes/GBIF_phenology_scored_specimen_images/5067927809.jpg,source_copy_already_in_scoring,12108250,deleted
/Volumes/Radishes/GBIF_phenology_scored_specimen_images/5067927811.jpg,source_copy_already_in_scoring,9990834,deleted
/Volumes/Radishes/GBIF_phenology_scored_specimen_images/5067927812.jpg,source_copy_already_in_scoring,11747466,deleted
/Volumes/Radishes/GBIF_phenology_scored_specimen_images/5067927813.jpg,source_copy_already_in_scoring,10102372,deleted
/Volumes/Radishes/GBIF_phenology_scored_specimen_images/5067927814.jpg,source_copy_already_in_scoring,11234140,deleted
/Volumes/Radishes/GBIF_phenology_scored_specimen_images/5067927815.jpg,source_copy_already_in_scoring,12644845,deleted
/Volumes/Radishes/GBIF_phenology_scored_specimen_images/5067938421.jpg,source_copy_already_in_scoring,10927416,deleted
/Volumes/Radishes/GBIF_phenology_scored_specimen_images/5067939421.jpg,source_copy_already_in_scoring,10262695,deleted
/Volumes/Radishes/GBIF_phenology_scored_specimen_images/5067940421.jpg,source_copy_already_in_scoring,1815355,deleted
/Volumes/Radishes/GBIF_phenology_scored_specimen_images/5067996454.jpg,source_copy_already_in_scoring,4745384,deleted
/Volumes/Radishes/GBIF_phenology_scored_specimen_images/5068027696.jpg,source_copy_already_in_scoring,11899121,deleted
/Volumes/Radishes/GBIF_phenology_scored_specimen_images/5068461202.jpg,source_copy_already_in_scoring,5877471,deleted
/Volumes/Radishes/GBIF_phenology_scored_specimen_images/5070543285.jpg,source_copy_already_in_scoring,11261157,deleted
/Volumes/Radishes/GBIF_phenology_scored_specimen_images/5070543287.jpg,source_copy_already_in_scoring,11919084,deleted
/Volumes/Radishes/GBIF_phenology_scored_specimen_images/5070543294.jpg,source_copy_already_in_scoring,9292138,deleted
/Volumes/Radishes/GBIF_phenology_scored_specimen_images/5070543295.jpg,source_copy_already_in_scoring,8286559,deleted
/Volumes/Radishes/GBIF_phenology_scored_specimen_images/5070543296.jpg,source_copy_already_in_scoring,9643005,deleted
/Volumes/Radishes/GBIF_phenology_scored_specimen_images/5070543297.jpg,source_copy_already_in_scoring,8510909,deleted
/Volumes/Radishes/GBIF_phenology_scored_specimen_images/5070543303.jpg,source_copy_already_in_scoring,10499229,deleted
/Volumes/Radishes/GBIF_phenology_scored_specimen_images/5070543304.jpg,source_copy_already_in_scoring,8822978,deleted
/Volumes/Radishes/GBIF_phenology_scored_specimen_images/5070567592.jpg,source_copy_already_in_scoring,10693592,deleted
/Volumes/Radishes/GBIF_phenology_scored_specimen_images/5070653848.jpg,source_copy_already_in_scoring,534854,deleted
/Volumes/Radishes/GBIF_phenology_scored_specimen_images/5070654919.jpg,source_copy_already_in_scoring,561488,deleted
/Volumes/Radishes/GBIF_phenology_scored_specimen_images/5070654920.jpg,source_copy_already_in_scoring,767372,deleted
/Volumes/Radishes/GBIF_phenology_scored_specimen_images/5070836818.jpg,source_copy_already_in_scoring,9359618,deleted
/Volumes/Radishes/GBIF_phenology_scored_specimen_images/5070836819.jpg,source_copy_already_in_scoring,10097788,deleted
/Volumes/Radishes/GBIF_phenology_scored_specimen_images/5070845109.jpg,source_copy_already_in_scoring,2867210,deleted
/Volumes/Radishes/GBIF_phenology_scored_specimen_images/5070849634.jpg,source_copy_already_in_scoring,14538784,deleted
/Volumes/Radishes/GBIF_phenology_scored_specimen_images/5070880494.jpg,source_copy_already_in_scoring,8668613,deleted
/Volumes/Radishes/GBIF_phenology_scored_specimen_images/5070880495.jpg,source_copy_already_in_scoring,7947936,deleted
/Volumes/Radishes/GBIF_phenology_scored_specimen_images/5070880496.jpg,source_copy_already_in_scoring,6897935,deleted
/Volumes/Radishes/GBIF_phenology_scored_specimen_images/5070880613.jpg,source_copy_already_in_scoring,8874223,deleted
/Volumes/Radishes/GBIF_phenology_scored_specimen_images/5070880618.jpg,source_copy_already_in_scoring,7658556,deleted
/Volumes/Radishes/GBIF_phenology_scored_specimen_images/5070880620.jpg,source_copy_already_in_scoring,7539861,deleted
/Volumes/Radishes/GBIF_phenology_scored_specimen_images/5070880623.jpg,source_copy_already_in_scoring,8358294,deleted
/Volumes/Radishes/GBIF_phenology_scored_specimen_images/5072892614.jpg,source_copy_already_in_scoring,18835988,deleted
/Volumes/Radishes/GBIF_phenology_scored_specimen_images/5074461204.jpg,source_copy_already_in_scoring,16549200,deleted
/Volumes/Radishes/GBIF_phenology_scored_specimen_images/5074461238.jpg,source_copy_already_in_scoring,17592659,deleted
/Volumes/Radishes/GBIF_phenology_scored_specimen_images/5074461249.jpg,source_copy_already_in_scoring,16392887,deleted
/Volumes/Radishes/GBIF_phenology_scored_specimen_images/5074461250.jpg,source_copy_already_in_scoring,18750212,deleted
/Volumes/Radishes/GBIF_phenology_scored_specimen_images/5081485325.jpg,source_copy_already_in_scoring,932666,deleted
/Volumes/Radishes/GBIF_phenology_scored_specimen_images/5081485329.jpg,source_copy_already_in_scoring,786651,deleted
/Volumes/Radishes/GBIF_phenology_scored_specimen_images/5081485331.jpg,source_copy_already_in_scoring,1020385,deleted
/Volumes/Radishes/GBIF_phenology_scored_specimen_images/5101172796.jpg,source_copy_already_in_scoring,1539732,deleted
/Volumes/Radishes/GBIF_phenology_scored_specimen_images/5103533218.jpg,source_copy_already_in_scoring,9880882,deleted
/Volumes/Radishes/GBIF_phenology_scored_specimen_images/5103560421.jpg,source_copy_already_in_scoring,11087374,deleted
/Volumes/Radishes/GBIF_phenology_scored_specimen_images/5103560761.jpg,source_copy_already_in_scoring,9924350,deleted
/Volumes/Radishes/GBIF_phenology_scored_specimen_images/5103569111.jpg,source_copy_already_in_scoring,7765397,deleted
/Volumes/Radishes/GBIF_phenology_scored_specimen_images/5103580744.jpg,source_copy_already_in_scoring,8622176,deleted
/Volumes/Radishes/GBIF_phenology_scored_specimen_images/5103602230.jpg,source_copy_already_in_scoring,9401762,deleted
/Volumes/Radishes/GBIF_phenology_scored_specimen_images/5103607367.jpg,source_copy_already_in_scoring,9763221,deleted
/Volumes/Radishes/GBIF_phenology_scored_specimen_images/5103607954.jpg,source_copy_already_in_scoring,8975968,deleted
/Volumes/Radishes/GBIF_phenology_scored_specimen_images/5103612993.jpg,source_copy_already_in_scoring,7372883,deleted
/Volumes/Radishes/GBIF_phenology_scored_specimen_images/5103622291.jpg,source_copy_already_in_scoring,7115021,deleted
/Volumes/Radishes/GBIF_phenology_scored_specimen_images/5103824047.jpg,source_copy_already_in_scoring,4728655,deleted
/Volumes/Radishes/GBIF_phenology_scored_specimen_images/5103831812.jpg,source_copy_already_in_scoring,6607271,deleted
/Volumes/Radishes/GBIF_phenology_scored_specimen_images/5103833276.jpg,source_copy_already_in_scoring,5716851,deleted
/Volumes/Radishes/GBIF_phenology_scored_specimen_images/5103834828.jpg,source_copy_already_in_scoring,8704749,deleted
/Volumes/Radishes/GBIF_phenology_scored_specimen_images/5103839793.jpg,source_copy_already_in_scoring,5418912,deleted
/Volumes/Radishes/GBIF_phenology_scored_specimen_images/5103853160.jpg,source_copy_already_in_scoring,4936098,deleted
/Volumes/Radishes/GBIF_phenology_scored_specimen_images/5103856826.jpg,source_copy_already_in_scoring,3223326,deleted
/Volumes/Radishes/GBIF_phenology_scored_specimen_images/5103856859.jpg,source_copy_already_in_scoring,6026794,deleted
/Volumes/Radishes/GBIF_phenology_scored_specimen_images/5103865261.jpg,source_copy_already_in_scoring,6954157,deleted
/Volumes/Radishes/GBIF_phenology_scored_specimen_images/5103867451.jpg,source_copy_already_in_scoring,4376346,deleted
/Volumes/Radishes/GBIF_phenology_scored_specimen_images/5103867492.jpg,source_copy_already_in_scoring,8556524,deleted
/Volumes/Radishes/GBIF_phenology_scored_specimen_images/5103867563.jpg,source_copy_already_in_scoring,5800800,deleted
/Volumes/Radishes/GBIF_phenology_scored_specimen_images/5103867657.jpg,source_copy_already_in_scoring,6939319,deleted
/Volumes/Radishes/GBIF_phenology_scored_specimen_images/5103868187.jpg,source_copy_already_in_scoring,4875860,deleted
/Volumes/Radishes/GBIF_phenology_scored_specimen_images/5103868189.jpg,source_copy_already_in_scoring,9045240,deleted
/Volumes/Radishes/GBIF_phenology_scored_specimen_images/5103868289.jpg,source_copy_already_in_scoring,5170675,deleted
/Volumes/Radishes/GBIF_phenology_scored_specimen_images/5103880296.jpg,source_copy_already_in_scoring,6007905,deleted
/Volumes/Radishes/GBIF_phenology_scored_specimen_images/5103880382.jpg,source_copy_already_in_scoring,7031473,deleted
/Volumes/Radishes/GBIF_phenology_scored_specimen_images/5103880435.jpg,source_copy_already_in_scoring,4949723,deleted
/Volumes/Radishes/GBIF_phenology_scored_specimen_images/5103889408.jpg,source_copy_already_in_scoring,7142679,deleted
/Volumes/Radishes/GBIF_phenology_scored_specimen_images/5103889427.jpg,source_copy_already_in_scoring,5861926,deleted
/Volumes/Radishes/GBIF_phenology_scored_specimen_images/5103889439.jpg,source_copy_already_in_scoring,6396754,deleted
/Volumes/Radishes/GBIF_phenology_scored_specimen_images/5103889465.jpg,source_copy_already_in_scoring,5662589,deleted
/Volumes/Radishes/GBIF_phenology_scored_specimen_images/5103889470.jpg,source_copy_already_in_scoring,3867452,deleted
/Volumes/Radishes/GBIF_phenology_scored_specimen_images/5103889546.jpg,source_copy_already_in_scoring,5414414,deleted
/Volumes/Radishes/GBIF_phenology_scored_specimen_images/5103889547.jpg,source_copy_already_in_scoring,5380312,deleted
/Volumes/Radishes/GBIF_phenology_scored_specimen_images/5103889593.jpg,source_copy_already_in_scoring,6305349,deleted
/Volumes/Radishes/GBIF_phenology_scored_specimen_images/5103890830.jpg,source_copy_already_in_scoring,5443976,deleted
/Volumes/Radishes/GBIF_phenology_scored_specimen_images/5103891090.jpg,source_copy_already_in_scoring,6377381,deleted
/Volumes/Radishes/GBIF_phenology_scored_specimen_images/5103891100.jpg,source_copy_already_in_scoring,6674209,deleted
/Volumes/Radishes/GBIF_phenology_scored_specimen_images/5103891117.jpg,source_copy_already_in_scoring,4075187,deleted
/Volumes/Radishes/GBIF_phenology_scored_specimen_images/5103891139.jpg,source_copy_already_in_scoring,4966286,deleted
/Volumes/Radishes/GBIF_phenology_scored_specimen_images/5103891216.jpg,source_copy_already_in_scoring,5034605,deleted
/Volumes/Radishes/GBIF_phenology_scored_specimen_images/5103891681.jpg,source_copy_already_in_scoring,4783906,deleted
/Volumes/Radishes/GBIF_phenology_scored_specimen_images/5103891693.jpg,source_copy_already_in_scoring,3683882,deleted
/Volumes/Radishes/GBIF_phenology_scored_specimen_images/5103891696.jpg,source_copy_already_in_scoring,5842130,deleted
/Volumes/Radishes/GBIF_phenology_scored_specimen_images/5103891758.jpg,source_copy_already_in_scoring,5644576,deleted
/Volumes/Radishes/GBIF_phenology_scored_specimen_images/5103891759.jpg,source_copy_already_in_scoring,4325047,deleted
/Volumes/Radishes/GBIF_phenology_scored_specimen_images/5103891837.jpg,source_copy_already_in_scoring,4630049,deleted
/Volumes/Radishes/GBIF_phenology_scored_specimen_images/5103895387.jpg,source_copy_already_in_scoring,5377065,deleted
/Volumes/Radishes/GBIF_phenology_scored_specimen_images/5103904642.jpg,source_copy_already_in_scoring,6487183,deleted
/Volumes/Radishes/GBIF_phenology_scored_specimen_images/5106241854.jpg,source_copy_already_in_scoring,684711,deleted
/Volumes/Radishes/GBIF_phenology_scored_specimen_images/5106243448.jpg,source_copy_already_in_scoring,667186,deleted
/Volumes/Radishes/GBIF_phenology_scored_specimen_images/5106244009.jpg,source_copy_already_in_scoring,898564,deleted
/Volumes/Radishes/GBIF_phenology_scored_specimen_images/5106264754.jpg,source_copy_already_in_scoring,551498,deleted
/Volumes/Radishes/GBIF_phenology_scored_specimen_images/5106271621.jpg,source_copy_already_in_scoring,908859,deleted
/Volumes/Radishes/GBIF_phenology_scored_specimen_images/5106272300.jpg,source_copy_already_in_scoring,767698,deleted
/Volumes/Radishes/GBIF_phenology_scored_specimen_images/5106274975.jpg,source_copy_already_in_scoring,1803430,deleted
/Volumes/Radishes/GBIF_phenology_scored_specimen_images/5106274984.jpg,source_copy_already_in_scoring,1985863,deleted
/Volumes/Radishes/GBIF_phenology_scored_specimen_images/5106276862.jpg,source_copy_already_in_scoring,736216,deleted
/Volumes/Radishes/GBIF_phenology_scored_specimen_images/5106279022.jpg,source_copy_already_in_scoring,1315105,deleted
/Volumes/Radishes/GBIF_phenology_scored_specimen_images/5106284962.jpg,source_copy_already_in_scoring,877661,deleted
/Volumes/Radishes/GBIF_phenology_scored_specimen_images/5138119250.jpg,source_copy_already_in_scoring,1231934,deleted
/Volumes/Radishes/GBIF_phenology_scored_specimen_images/5139303511.jpg,source_copy_already_in_scoring,940707,deleted
/Volumes/Radishes/GBIF_phenology_scored_specimen_images/5139350332.jpg,source_copy_already_in_scoring,4050282,deleted
/Volumes/Radishes/GBIF_phenology_scored_specimen_images/5159117472.jpg,source_copy_already_in_scoring,1435941,deleted
/Volumes/Radishes/GBIF_phenology_scored_specimen_images/5159149277.jpg,source_copy_already_in_scoring,1769207,deleted
/Volumes/Radishes/GBIF_phenology_scored_specimen_images/5159149284.jpg,source_copy_already_in_scoring,1033242,deleted
/Volumes/Radishes/GBIF_phenology_scored_specimen_images/5170655139.jpg,source_copy_already_in_scoring,4017380,deleted
/Volumes/Radishes/GBIF_phenology_scored_specimen_images/5171830342.jpg,source_copy_already_in_scoring,1435337,deleted
/Volumes/Radishes/GBIF_phenology_scored_specimen_images/5198161855.jpg,source_copy_already_in_scoring,69037186,deleted
/Volumes/Radishes/GBIF_phenology_scored_specimen_images/5198172854.jpg,source_copy_already_in_scoring,66094883,deleted
/Volumes/Radishes/GBIF_phenology_scored_specimen_images/5198174851.jpg,source_copy_already_in_scoring,63852088,deleted
/Volumes/Radishes/GBIF_phenology_scored_specimen_images/5198174852.jpg,source_copy_already_in_scoring,53945051,deleted
/Volumes/Radishes/GBIF_phenology_scored_specimen_images/5198176853.jpg,source_copy_already_in_scoring,61646656,deleted
/Volumes/Radishes/GBIF_phenology_scored_specimen_images/5198185854.jpg,source_copy_already_in_scoring,55543379,deleted
/Volumes/Radishes/GBIF_phenology_scored_specimen_images/5198193840.jpg,source_copy_already_in_scoring,59113928,deleted
/Volumes/Radishes/GBIF_phenology_scored_specimen_images/5198193841.jpg,source_copy_already_in_scoring,64805722,deleted
/Volumes/Radishes/GBIF_phenology_scored_specimen_images/5198194850.jpg,source_copy_already_in_scoring,55292217,deleted
/Volumes/Radishes/GBIF_phenology_scored_specimen_images/5198194851.jpg,source_copy_already_in_scoring,64926375,deleted
/Volumes/Radishes/GBIF_phenology_scored_specimen_images/5198215850.jpg,source_copy_already_in_scoring,56982954,deleted
/Volumes/Radishes/GBIF_phenology_scored_specimen_images/5198218870.jpg,source_copy_already_in_scoring,63650941,deleted
/Volumes/Radishes/GBIF_phenology_scored_specimen_images/5198222848.jpg,source_copy_already_in_scoring,60284198,deleted
/Volumes/Radishes/GBIF_phenology_scored_specimen_images/5198224849.jpg,source_copy_already_in_scoring,67143271,deleted
/Volumes/Radishes/GBIF_phenology_scored_specimen_images/5207750301.jpg,source_copy_already_in_scoring,1284620,deleted
/Volumes/Radishes/GBIF_phenology_scored_specimen_images/5208943620.jpg,source_copy_already_in_scoring,1101661,deleted
/Volumes/Radishes/GBIF_phenology_scored_specimen_images/5294112234.jpg,source_copy_already_in_scoring,3668443,deleted
/Volumes/Radishes/GBIF_phenology_scored_specimen_images/5833124723.jpg,source_copy_already_in_scoring,1940732,deleted
/Volumes/Radishes/GBIF_phenology_scored_specimen_images/5836321492.jpg,source_copy_already_in_scoring,7657652,deleted
/Volumes/Radishes/GBIF_phenology_scored_specimen_images/5836322208.jpg,source_copy_already_in_scoring,6756249,deleted
/Volumes/Radishes/GBIF_phenology_scored_specimen_images/5886721746.jpg,source_copy_already_in_scoring,3028777,deleted
/Volumes/Radishes/GBIF_phenology_scored_specimen_images/5889171835.jpg,source_copy_already_in_scoring,4763903,deleted
/Volumes/Radishes/GBIF_phenology_scored_specimen_images/5900701147.jpg,source_copy_already_in_scoring,1274487,deleted
/Volumes/Radishes/GBIF_phenology_scored_specimen_images/5937677303.jpg,source_copy_already_in_scoring,4869579,deleted
/Volumes/Radishes/GBIF_phenology_scored_specimen_images/5937711436.jpg,source_copy_already_in_scoring,2597116,deleted
/Volumes/Radishes/GBIF_phenology_scored_specimen_images/894984579.jpg,source_copy_already_in_scoring,97591,deleted
/Volumes/Radishes/GBIF_phenology_scored_specimen_images/894984604.jpg,source_copy_already_in_scoring,99942,deleted
/Volumes/Radishes/GBIF_phenology_scored_specimen_images/894984655.jpg,source_copy_already_in_scoring,92278,deleted
/Volumes/Radishes/GBIF_phenology_scored_specimen_images/SML_1998560767.jpg,source_copy_already_in_scoring,5671178,deleted
/Volumes/Radishes/GBIF_phenology_scored_specimen_images/SML_1998567797.jpg,source_copy_already_in_scoring,5553237,deleted
/Volumes/Radishes/GBIF_phenology_scored_specimen_images/SML_1998581545.jpg,source_copy_already_in_scoring,5672097,deleted
/Volumes/Radishes/GBIF_phenology_scored_specimen_images/SML_1998602943.jpg,source_copy_already_in_scoring,6579505,deleted
/Volumes/Radishes/GBIF_phenology_scored_specimen_images/SML_1998603327.jpg,source_copy_already_in_scoring,4874202,deleted
/Volumes/Radishes/GBIF_phenology_scored_specimen_images/SML_1998605784.jpg,source_copy_already_in_scoring,5383351,deleted
/Volumes/Radishes/GBIF_phenology_scored_specimen_images/SML_1998636867.jpg,source_copy_already_in_scoring,5018708,deleted
/Volumes/Radishes/GBIF_phenology_scored_specimen_images/SML_1998723521.jpg,source_copy_already_in_scoring,6467455,deleted
/Volumes/Radishes/GBIF_phenology_scored_specimen_images/SML_1998756598.jpg,source_copy_already_in_scoring,4777436,deleted
/Volumes/Radishes/GBIF_phenology_scored_specimen_images/SML_1998789260.jpg,source_copy_already_in_scoring,5677103,deleted
/Volumes/Radishes/GBIF_phenology_scored_specimen_images/SML_1998815368.jpg,source_copy_already_in_scoring,5628483,deleted
/Volumes/Radishes/GBIF_phenology_scored_specimen_images/SML_1998838737.jpg,source_copy_already_in_scoring,5205611,deleted
/Volumes/Radishes/GBIF_phenology_scored_specimen_images/SML_1998850407.jpg,source_copy_already_in_scoring,5864009,deleted
/Volumes/Radishes/GBIF_phenology_scored_specimen_images/SML_1998870921.jpg,source_copy_already_in_scoring,5480180,deleted
/Volumes/Radishes/GBIF_phenology_scored_specimen_images/SML_1998881573.jpg,source_copy_already_in_scoring,4888328,deleted
/Volumes/Radishes/GBIF_phenology_scored_specimen_images/SML_1998926984.jpg,source_copy_already_in_scoring,5180569,deleted
/Volumes/Radishes/GBIF_phenology_scored_specimen_images/SML_1998929009.jpg,source_copy_already_in_scoring,5362225,deleted
/Volumes/Radishes/GBIF_phenology_scored_specimen_images/SML_1998965389.jpg,source_copy_already_in_scoring,5972604,deleted
/Volumes/Radishes/GBIF_phenology_scored_specimen_images/SML_1999000928.jpg,source_copy_already_in_scoring,6202006,deleted
/Volumes/Radishes/GBIF_phenology_scored_specimen_images/SML_1999016729.jpg,source_copy_already_in_scoring,5609927,deleted
/Volumes/Radishes/GBIF_phenology_scored_specimen_images/SML_1999035968.jpg,source_copy_already_in_scoring,5625041,deleted
/Volumes/Radishes/GBIF_phenology_scored_specimen_images/SML_1999087187.jpg,source_copy_already_in_scoring,4908161,deleted
/Volumes/Radishes/GBIF_phenology_scored_specimen_images/SML_1999117651.jpg,source_copy_already_in_scoring,4960955,deleted
/Volumes/Radishes/GBIF_phenology_scored_specimen_images/SML_1999120723.jpg,source_copy_already_in_scoring,5023261,deleted
/Volumes/Radishes/GBIF_phenology_scored_specimen_images/SML_1999128077.jpg,source_copy_already_in_scoring,5351984,deleted
/Volumes/Radishes/GBIF_phenology_scored_specimen_images/SML_1999131447.jpg,source_copy_already_in_scoring,5405074,deleted
/Volumes/Radishes/GBIF_phenology_scored_specimen_images/SML_1999165525.jpg,source_copy_already_in_scoring,5870499,deleted
/Volumes/Radishes/GBIF_phenology_scored_specimen_images/SML_1999221539.jpg,source_copy_already_in_scoring,5924074,deleted
/Volumes/Radishes/GBIF_phenology_scored_specimen_images/SML_1999221651.jpg,source_copy_already_in_scoring,6106853,deleted
/Volumes/Radishes/GBIF_phenology_scored_specimen_images/SML_1999235118.jpg,source_copy_already_in_scoring,5386349,deleted
/Volumes/Radishes/GBIF_phenology_scored_specimen_images/SML_1999241263.jpg,source_copy_already_in_scoring,5699478,deleted
/Volumes/Radishes/GBIF_phenology_scored_specimen_images/SML_1999264736.jpg,source_copy_already_in_scoring,4911932,deleted
/Volumes/Radishes/GBIF_phenology_scored_specimen_images/SML_1999287812.jpg,source_copy_already_in_scoring,4510228,deleted
/Volumes/Radishes/GBIF_phenology_scored_specimen_images/SML_1999312794.jpg,source_copy_already_in_scoring,4847900,deleted
/Volumes/Radishes/GBIF_phenology_scored_specimen_images/SML_1999325974.jpg,source_copy_already_in_scoring,5047481,deleted
/Volumes/Radishes/GBIF_phenology_scored_specimen_images/SML_1999330575.jpg,source_copy_already_in_scoring,5162893,deleted
/Volumes/Radishes/GBIF_phenology_scored_specimen_images/SML_1999334166.jpg,source_copy_already_in_scoring,4695559,deleted
/Volumes/Radishes/GBIF_phenology_scored_specimen_images/SML_1999334642.jpg,source_copy_already_in_scoring,5596933,deleted
/Volumes/Radishes/GBIF_phenology_scored_specimen_images/SML_1999393230.jpg,source_copy_already_in_scoring,5213765,deleted
/Volumes/Radishes/GBIF_phenology_scored_specimen_images/SML_1999401292.jpg,source_copy_already_in_scoring,5775344,deleted
/Volumes/Radishes/GBIF_phenology_scored_specimen_images/SML_1999417063.jpg,source_copy_already_in_scoring,5920151,deleted
/Volumes/Radishes/GBIF_phenology_scored_specimen_images/SML_1999421493.jpg,source_copy_already_in_scoring,5168499,deleted
/Volumes/Radishes/GBIF_phenology_scored_specimen_images/SML_2575051207.jpg,source_copy_already_in_scoring,6098032,deleted
/Volumes/Radishes/GBIF_phenology_scored_specimen_images/SML_2575052218.jpg,source_copy_already_in_scoring,5927123,deleted
/Volumes/Radishes/GBIF_phenology_scored_specimen_images/SML_3395813387.jpg,source_copy_already_in_scoring,5563178,deleted
/Volumes/Radishes/GBIF_phenology_scored_specimen_images/SML_3395815342.jpg,source_copy_already_in_scoring,5871168,deleted
/Volumes/Radishes/GBIF_phenology_scored_specimen_images/SML_3749287346.jpg,source_copy_already_in_scoring,6751689,deleted
/Volumes/Radishes/GBIF_phenology_scored_specimen_images/SML_3915845386.jpg,source_copy_already_in_scoring,6941272,deleted
/Volumes/Radishes/GBIF_phenology_scored_specimen_images/SML_3978704823.jpg,source_copy_already_in_scoring,7067859,deleted
/Volumes/Radishes/GBIF_phenology_scored_specimen_images/SML_3978711058.jpg,source_copy_already_in_scoring,7173754,deleted
/Volumes/Radishes/GBIF_phenology_scored_specimen_images/SML_3978740087.jpg,source_copy_already_in_scoring,7061567,deleted
/Volumes/Radishes/GBIF_phenology_scored_specimen_images/SML_3978746654.jpg,source_copy_already_in_scoring,7031745,deleted
/Volumes/Radishes/GBIF_phenology_scored_specimen_images/SML_3978755506.jpg,source_copy_already_in_scoring,6846100,deleted
/Volumes/Radishes/GBIF_phenology_scored_specimen_images/SML_4006241339.jpg,source_copy_already_in_scoring,7555107,deleted
/Volumes/Radishes/GBIF_phenology_scored_specimen_images/SML_4527874197.jpg,source_copy_already_in_scoring,5967476,deleted
/Volumes/Radishes/GBIF_phenology_scored_specimen_images/SML_5072863701.jpg,source_copy_already_in_scoring,5803351,deleted
/Volumes/Radishes/GBIF_phenology_scored_specimen_images/SML_5074461240.jpg,source_copy_already_in_scoring,7898861,deleted
/Volumes/Radishes/GBIF_phenology_scored_specimen_images/SML_5074461246.jpg,source_copy_already_in_scoring,8685662,deleted
/Volumes/Radishes/GBIF_phenology_scored_specimen_images/SML_5083369513.jpg,source_copy_already_in_scoring,5785934,deleted
/Volumes/Radishes/locally_imaged_herbarium_sheets/CDA_YOSE/CDA-0003827.jpg,source_copy_already_in_scoring,4645496,deleted
/Volumes/Radishes/locally_imaged_herbarium_sheets/CDA_YOSE/CDA-0003828.jpg,source_copy_already_in_scoring,6168448,deleted
/Volumes/Radishes/locally_imaged_herbarium_sheets/CDA_YOSE/CDA-0003829.jpg,source_copy_already_in_scoring,5417663,deleted
/Volumes/Radishes/locally_imaged_herbarium_sheets/CDA_YOSE/CDA-0003830.jpg,source_copy_already_in_scoring,5465115,deleted
/Volumes/Radishes/locally_imaged_herbarium_sheets/CDA_YOSE/CDA-0003832.jpg,source_copy_already_in_scoring,4454720,deleted
/Volumes/Radishes/locally_imaged_herbarium_sheets/CDA_YOSE/CDA-0003833.jpg,source_copy_already_in_scoring,5573713,deleted
/Volumes/Radishes/locally_imaged_herbarium_sheets/CDA_YOSE/CDA-0007749.jpg,source_copy_already_in_scoring,5154660,deleted
/Volumes/Radishes/locally_imaged_herbarium_sheets/CDA_YOSE/CDA-0008773.jpg,source_copy_already_in_scoring,4970755,deleted
/Volumes/Radishes/locally_imaged_herbarium_sheets/CDA_YOSE/CDA-0012316.jpg,source_copy_already_in_scoring,4790818,deleted
/Volumes/Radishes/locally_imaged_herbarium_sheets/CDA_YOSE/CDA-0012718.jpg,source_copy_already_in_scoring,4707588,deleted
/Volumes/Radishes/locally_imaged_herbarium_sheets/CDA_YOSE/CDA-0016146.jpg,source_copy_already_in_scoring,6548242,deleted
/Volumes/Radishes/locally_imaged_herbarium_sheets/CDA_YOSE/CDA-0016210.jpg,source_copy_already_in_scoring,6626346,deleted
/Volumes/Radishes/locally_imaged_herbarium_sheets/CDA_YOSE/CDA-0016211.jpg,source_copy_already_in_scoring,5828600,deleted
/Volumes/Radishes/locally_imaged_herbarium_sheets/CDA_YOSE/CDA-0018779.jpg,source_copy_already_in_scoring,5068682,deleted
/Volumes/Radishes/locally_imaged_herbarium_sheets/CDA_YOSE/CDA-0019431.jpg,source_copy_already_in_scoring,5238858,deleted
/Volumes/Radishes/locally_imaged_herbarium_sheets/CDA_YOSE/CDA-0020839.jpg,source_copy_already_in_scoring,7033064,deleted
/Volumes/Radishes/locally_imaged_herbarium_sheets/CDA_YOSE/CDA-0025105.jpg,source_copy_already_in_scoring,6149212,deleted
/Volumes/Radishes/locally_imaged_herbarium_sheets/CDA_YOSE/CDA-0030836.jpg,source_copy_already_in_scoring,5624028,deleted
/Volumes/Radishes/locally_imaged_herbarium_sheets/CDA_YOSE/CDA-0034482.jpg,source_copy_already_in_scoring,5205304,deleted
/Volumes/Radishes/locally_imaged_herbarium_sheets/CDA_YOSE/CDA-0035919.jpg,source_copy_already_in_scoring,7167570,deleted
/Volumes/Radishes/locally_imaged_herbarium_sheets/CDA_YOSE/CDA-0037168.jpg,source_copy_already_in_scoring,6447839,deleted
/Volumes/Radishes/locally_imaged_herbarium_sheets/CDA_YOSE/CDA-0043773.jpg,source_copy_already_in_scoring,4374299,deleted
/Volumes/Radishes/locally_imaged_herbarium_sheets/CDA_YOSE/CDA-0043873.jpg,source_copy_already_in_scoring,4847116,deleted
/Volumes/Radishes/locally_imaged_herbarium_sheets/CDA_YOSE/CDA-0043944.jpg,source_copy_already_in_scoring,4777478,deleted
/Volumes/Radishes/locally_imaged_herbarium_sheets/CDA_YOSE/CDA-0047964.jpg,source_copy_already_in_scoring,4971877,deleted
/Volumes/Radishes/locally_imaged_herbarium_sheets/CDA_YOSE/CDA-0047965.jpg,source_copy_already_in_scoring,4793910,deleted
/Volumes/Radishes/locally_imaged_herbarium_sheets/CDA_YOSE/CDA-0047966.jpg,source_copy_already_in_scoring,4798837,deleted
/Volumes/Radishes/locally_imaged_herbarium_sheets/CDA_YOSE/CDA-0049115.jpg,source_copy_already_in_scoring,6642814,deleted
/Volumes/Radishes/locally_imaged_herbarium_sheets/CDA_YOSE/CDA-0059481.jpg,source_copy_already_in_scoring,4850892,deleted
/Volumes/Radishes/locally_imaged_herbarium_sheets/CDA_YOSE/CDA-0059482.jpg,source_copy_already_in_scoring,5549334,deleted
/Volumes/Radishes/locally_imaged_herbarium_sheets/SD/SD00025459.jpg,source_copy_already_in_scoring,6118666,deleted
/Volumes/Radishes/locally_imaged_herbarium_sheets/SD/SD00029907.jpg,source_copy_already_in_scoring,5038712,deleted
/Volumes/Radishes/locally_imaged_herbarium_sheets/SD/SD00030202.jpg,source_copy_already_in_scoring,5063158,deleted
/Volumes/Radishes/locally_imaged_herbarium_sheets/SD/SD00060083.jpg,source_copy_already_in_scoring,5961717,deleted
/Volumes/Radishes/locally_imaged_herbarium_sheets/SD/SD00060084.jpg,source_copy_already_in_scoring,5531916,deleted
/Volumes/Radishes/locally_imaged_herbarium_sheets/SD/SD00061955.jpg,source_copy_already_in_scoring,5687601,deleted
/Volumes/Radishes/locally_imaged_herbarium_sheets/SD/SD00062557.jpg,source_copy_already_in_scoring,6015910,deleted
/Volumes/Radishes/locally_imaged_herbarium_sheets/SD/SD00062559.jpg,source_copy_already_in_scoring,6548184,deleted
/Volumes/Radishes/locally_imaged_herbarium_sheets/SD/SD00062561.jpg,source_copy_already_in_scoring,5155714,deleted
/Volumes/Radishes/locally_imaged_herbarium_sheets/SD/SD00062563.jpg,source_copy_already_in_scoring,4374363,deleted
/Volumes/Radishes/locally_imaged_herbarium_sheets/SD/SD00062564.jpg,source_copy_already_in_scoring,4051377,deleted
/Volumes/Radishes/locally_imaged_herbarium_sheets/SD/SD00062583.jpg,source_copy_already_in_scoring,3116879,deleted
/Volumes/Radishes/locally_imaged_herbarium_sheets/SD/SD00062584.jpg,source_copy_already_in_scoring,6295633,deleted
/Volumes/Radishes/locally_imaged_herbarium_sheets/SD/SD00062585.jpg,source_copy_already_in_scoring,5151550,deleted
/Volumes/Radishes/locally_imaged_herbarium_sheets/SD/SD00062589.jpg,source_copy_already_in_scoring,6143934,deleted
/Volumes/Radishes/locally_imaged_herbarium_sheets/SD/SD00062590.jpg,source_copy_already_in_scoring,5954594,deleted
/Volumes/Radishes/locally_imaged_herbarium_sheets/SD/SD00062628.jpg,source_copy_already_in_scoring,5847540,deleted
/Volumes/Radishes/locally_imaged_herbarium_sheets/SD/SD00062630.jpg,source_copy_already_in_scoring,7092522,deleted
/Volumes/Radishes/locally_imaged_herbarium_sheets/SD/SD00062638.jpg,source_copy_already_in_scoring,2961953,deleted
/Volumes/Radishes/locally_imaged_herbarium_sheets/SD/SD00062639.jpg,source_copy_already_in_scoring,2864247,deleted
/Volumes/Radishes/locally_imaged_herbarium_sheets/SD/SD00062647.jpg,source_copy_already_in_scoring,7103224,deleted
/Volumes/Radishes/locally_imaged_herbarium_sheets/SD/SD00062648.jpg,source_copy_already_in_scoring,5880941,deleted
/Volumes/Radishes/locally_imaged_herbarium_sheets/SD/SD00062650.jpg,source_copy_already_in_scoring,6040065,deleted
/Volumes/Radishes/locally_imaged_herbarium_sheets/SD/SD00062655.jpg,source_copy_already_in_scoring,7143674,deleted
/Volumes/Radishes/locally_imaged_herbarium_sheets/SD/SD00062656.jpg,source_copy_already_in_scoring,4942013,deleted
/Volumes/Radishes/locally_imaged_herbarium_sheets/SD/SD00062659.jpg,source_copy_already_in_scoring,5597804,deleted
/Volumes/Radishes/locally_imaged_herbarium_sheets/SD/SD00062660.jpg,source_copy_already_in_scoring,6013799,deleted
/Volumes/Radishes/locally_imaged_herbarium_sheets/SD/SD00062664.jpg,source_copy_already_in_scoring,3040659,deleted
/Volumes/Radishes/locally_imaged_herbarium_sheets/SD/SD00062666.jpg,source_copy_already_in_scoring,5325089,deleted
/Volumes/Radishes/locally_imaged_herbarium_sheets/SD/SD00062667.jpg,source_copy_already_in_scoring,7105706,deleted
/Volumes/Radishes/locally_imaged_herbarium_sheets/SD/SD00062668.jpg,source_copy_already_in_scoring,2691662,deleted
/Volumes/Radishes/locally_imaged_herbarium_sheets/SD/SD00062669.jpg,source_copy_already_in_scoring,3304359,deleted
/Volumes/Radishes/locally_imaged_herbarium_sheets/SD/SD00062671.jpg,source_copy_already_in_scoring,5548654,deleted
/Volumes/Radishes/locally_imaged_herbarium_sheets/SD/SD00062672.jpg,source_copy_already_in_scoring,2953875,deleted
/Volumes/Radishes/locally_imaged_herbarium_sheets/SD/SD00062673.jpg,source_copy_already_in_scoring,2955307,deleted
/Volumes/Radishes/locally_imaged_herbarium_sheets/SD/SD00062675.jpg,source_copy_already_in_scoring,5007820,deleted
/Volumes/Radishes/locally_imaged_herbarium_sheets/SD/SD00062676.jpg,source_copy_already_in_scoring,5746741,deleted
/Volumes/Radishes/locally_imaged_herbarium_sheets/SD/SD00062677.jpg,source_copy_already_in_scoring,7033377,deleted
/Volumes/Radishes/locally_imaged_herbarium_sheets/SD/SD00062678.jpg,source_copy_already_in_scoring,3158008,deleted
/Volumes/Radishes/locally_imaged_herbarium_sheets/SD/SD00062679.jpg,source_copy_already_in_scoring,3091190,deleted
/Volumes/Radishes/locally_imaged_herbarium_sheets/SD/SD00062682.jpg,source_copy_already_in_scoring,5365177,deleted
/Volumes/Radishes/locally_imaged_herbarium_sheets/SD/SD00062685.jpg,source_copy_already_in_scoring,5949149,deleted
/Volumes/Radishes/locally_imaged_herbarium_sheets/SD/SD00062691.jpg,source_copy_already_in_scoring,2918746,deleted
/Volumes/Radishes/locally_imaged_herbarium_sheets/SD/SD00062696.jpg,source_copy_already_in_scoring,5483899,deleted
/Volumes/Radishes/locally_imaged_herbarium_sheets/SD/SD00062697.jpg,source_copy_already_in_scoring,5677375,deleted
/Volumes/Radishes/locally_imaged_herbarium_sheets/SD/SD00062698.jpg,source_copy_already_in_scoring,5201197,deleted
/Volumes/Radishes/locally_imaged_herbarium_sheets/SD/SD00062701.jpg,source_copy_already_in_scoring,6547428,deleted
/Volumes/Radishes/locally_imaged_herbarium_sheets/SD/SD00062702.jpg,source_copy_already_in_scoring,3202072,deleted
/Volumes/Radishes/locally_imaged_herbarium_sheets/SD/SD00062705.jpg,source_copy_already_in_scoring,4659373,deleted
/Volumes/Radishes/locally_imaged_herbarium_sheets/SD/SD00062706.jpg,source_copy_already_in_scoring,7150336,deleted
/Volumes/Radishes/locally_imaged_herbarium_sheets/SD/SD00062707.jpg,source_copy_already_in_scoring,3616972,deleted
/Volumes/Radishes/locally_imaged_herbarium_sheets/SD/SD00062713.jpg,source_copy_already_in_scoring,6534188,deleted
/Volumes/Radishes/locally_imaged_herbarium_sheets/SD/SD00062714.jpg,source_copy_already_in_scoring,5529049,deleted
/Volumes/Radishes/locally_imaged_herbarium_sheets/SD/SD00062715.jpg,source_copy_already_in_scoring,2885674,deleted
/Volumes/Radishes/locally_imaged_herbarium_sheets/SD/SD00062716.jpg,source_copy_already_in_scoring,6801477,deleted
/Volumes/Radishes/locally_imaged_herbarium_sheets/SD/SD00062718.jpg,source_copy_already_in_scoring,5930572,deleted
/Volumes/Radishes/locally_imaged_herbarium_sheets/SD/SD00062720.jpg,source_copy_already_in_scoring,5931670,deleted
/Volumes/Radishes/locally_imaged_herbarium_sheets/SD/SD00062723.jpg,source_copy_already_in_scoring,5686518,deleted
/Volumes/Radishes/locally_imaged_herbarium_sheets/SD/SD00062724.jpg,source_copy_already_in_scoring,5904208,deleted
/Volumes/Radishes/locally_imaged_herbarium_sheets/SD/SD00062725.jpg,source_copy_already_in_scoring,5834359,deleted
/Volumes/Radishes/locally_imaged_herbarium_sheets/SD/SD00062726.jpg,source_copy_already_in_scoring,6474004,deleted
/Volumes/Radishes/locally_imaged_herbarium_sheets/SD/SD00062729.jpg,source_copy_already_in_scoring,6762614,deleted
/Volumes/Radishes/locally_imaged_herbarium_sheets/SD/SD00062731.jpg,source_copy_already_in_scoring,6970569,deleted
/Volumes/Radishes/locally_imaged_herbarium_sheets/SD/SD00062733.jpg,source_copy_already_in_scoring,6488140,deleted
/Volumes/Radishes/locally_imaged_herbarium_sheets/SD/SD00062734.jpg,source_copy_already_in_scoring,3243958,deleted
/Volumes/Radishes/locally_imaged_herbarium_sheets/SD/SD00062735.jpg,source_copy_already_in_scoring,5820549,deleted
/Volumes/Radishes/locally_imaged_herbarium_sheets/SD/SD00062737.jpg,source_copy_already_in_scoring,5938145,deleted
/Volumes/Radishes/locally_imaged_herbarium_sheets/SD/SD00062741.jpg,source_copy_already_in_scoring,6764282,deleted
/Volumes/Radishes/locally_imaged_herbarium_sheets/SD/SD00062742.jpg,source_copy_already_in_scoring,6292663,deleted
/Volumes/Radishes/locally_imaged_herbarium_sheets/SD/SD00062743.jpg,source_copy_already_in_scoring,3226982,deleted
/Volumes/Radishes/locally_imaged_herbarium_sheets/SD/SD00062744.jpg,source_copy_already_in_scoring,6688624,deleted
/Volumes/Radishes/locally_imaged_herbarium_sheets/SD/SD00062745.jpg,source_copy_already_in_scoring,5726538,deleted
/Volumes/Radishes/locally_imaged_herbarium_sheets/SD/SD00062752.jpg,source_copy_already_in_scoring,5537484,deleted
/Volumes/Radishes/locally_imaged_herbarium_sheets/SD/SD00062754.jpg,source_copy_already_in_scoring,5593641,deleted
/Volumes/Radishes/locally_imaged_herbarium_sheets/SD/SD00062759.jpg,source_copy_already_in_scoring,6850434,deleted
/Volumes/Radishes/locally_imaged_herbarium_sheets/SD/SD00062766.jpg,source_copy_already_in_scoring,5208048,deleted
/Volumes/Radishes/locally_imaged_herbarium_sheets/SD/SD00062768.jpg,source_copy_already_in_scoring,3025913,deleted
/Volumes/Radishes/locally_imaged_herbarium_sheets/SD/SD00062775.jpg,source_copy_already_in_scoring,6237935,deleted
/Volumes/Radishes/locally_imaged_herbarium_sheets/SD/SD00062776.jpg,source_copy_already_in_scoring,5335795,deleted
/Volumes/Radishes/locally_imaged_herbarium_sheets/SD/SD00062784.jpg,source_copy_already_in_scoring,4641453,deleted
/Volumes/Radishes/locally_imaged_herbarium_sheets/SD/SD00062791.jpg,source_copy_already_in_scoring,4879002,deleted
/Volumes/Radishes/locally_imaged_herbarium_sheets/SD/SD00062792.jpg,source_copy_already_in_scoring,3697554,deleted
/Volumes/Radishes/locally_imaged_herbarium_sheets/SD/SD00062793.jpg,source_copy_already_in_scoring,4783774,deleted
/Volumes/Radishes/locally_imaged_herbarium_sheets/SD/SD00062794.jpg,source_copy_already_in_scoring,6539041,deleted
/Volumes/Radishes/locally_imaged_herbarium_sheets/SD/SD00062796.jpg,source_copy_already_in_scoring,5999121,deleted
/Volumes/Radishes/locally_imaged_herbarium_sheets/SD/SD00062799.jpg,source_copy_already_in_scoring,5544397,deleted
/Volumes/Radishes/locally_imaged_herbarium_sheets/SD/SD00062800.jpg,source_copy_already_in_scoring,3479402,deleted
/Volumes/Radishes/locally_imaged_herbarium_sheets/SD/SD00062802.jpg,source_copy_already_in_scoring,6693528,deleted
/Volumes/Radishes/locally_imaged_herbarium_sheets/SD/SD00083704.jpg,source_copy_already_in_scoring,1627087,deleted
/Volumes/Radishes/locally_imaged_herbarium_sheets/SD/SD00087803.jpg,source_copy_already_in_scoring,1501076,deleted
/Volumes/Radishes/155TrainingSet/2271679.jpg,large_original_has_SML_reduced,65493302,deleted
/Volumes/Radishes/155TrainingSet/2272859.jpg,large_original_has_SML_reduced,59879045,deleted
/Volumes/Radishes/155TrainingSet/2290954.jpg,large_original_has_SML_reduced,61832041,deleted
/Volumes/Radishes/155TrainingSet/2315912.jpg,large_original_has_SML_reduced,59644684,deleted
/Volumes/Radishes/155TrainingSet/2367740.jpg,large_original_has_SML_reduced,65482280,deleted
/Volumes/Radishes/155TrainingSet/2404723.jpg,large_original_has_SML_reduced,58134662,deleted
/Volumes/Radishes/155TrainingSet/2411987.jpg,large_original_has_SML_reduced,58512358,deleted
/Volumes/Radishes/155TrainingSet/5142612.jpg,large_original_has_SML_reduced,33949434,deleted
/Volumes/Radishes/155TrainingSet/5504846.jpg,large_original_has_SML_reduced,52999629,deleted
/Volumes/Radishes/155TrainingSet/5569676.jpg,large_original_has_SML_reduced,60449400,deleted
/Volumes/Radishes/GBIF_too_large/5198161855.jpg,large_folder_stem_already_in_scoring,69037186,deleted
/Volumes/Radishes/GBIF_too_large/5198224849.jpg,large_folder_stem_already_in_scoring,67143271,deleted
/Volumes/Radishes/GBIF_too_large/5198172854.jpg,large_folder_stem_already_in_scoring,66094883,deleted
/Volumes/Radishes/GBIF_too_large/5198194851.jpg,large_folder_stem_already_in_scoring,64926375,deleted
/Volumes/Radishes/GBIF_too_large/5198193841.jpg,large_folder_stem_already_in_scoring,64805722,deleted
/Volumes/Radishes/GBIF_too_large/5198174851.jpg,large_folder_stem_already_in_scoring,63852088,deleted
/Volumes/Radishes/GBIF_too_large/5198218870.jpg,large_folder_stem_already_in_scoring,63650941,deleted
/Volumes/Radishes/GBIF_too_large/5198176853.jpg,large_folder_stem_already_in_scoring,61646656,deleted
/Volumes/Radishes/GBIF_too_large/5198222848.jpg,large_folder_stem_already_in_scoring,60284198,deleted
/Volumes/Radishes/GBIF_too_large/5198193840.jpg,large_folder_stem_already_in_scoring,59113928,deleted
/Volumes/Radishes/GBIF_too_large/5198215850.jpg,large_folder_stem_already_in_scoring,56982954,deleted
/Volumes/Radishes/GBIF_too_large/5198185854.jpg,large_folder_stem_already_in_scoring,55543379,deleted
/Volumes/Radishes/GBIF_too_large/5198194850.jpg,large_folder_stem_already_in_scoring,55292217,deleted
/Volumes/Radishes/GBIF_too_large/5198174852.jpg,large_folder_stem_already_in_scoring,53945051,deleted
/Volumes/Radishes/GBIF_too_large/4006241339.jpg,large_folder_stem_already_in_scoring,39981423,deleted
/Volumes/Radishes/GBIF_too_large/1998723521.jpg,large_folder_stem_already_in_scoring,38927147,deleted
/Volumes/Radishes/GBIF_too_large/1998602943.jpg,large_folder_stem_already_in_scoring,38273699,deleted
/Volumes/Radishes/GBIF_too_large/3915845386.jpg,large_folder_stem_already_in_scoring,38134152,deleted
/Volumes/Radishes/GBIF_too_large/1999000928.jpg,large_folder_stem_already_in_scoring,37733338,deleted
/Volumes/Radishes/GBIF_too_large/3749287346.jpg,large_folder_stem_already_in_scoring,37365928,deleted
/Volumes/Radishes/GBIF_too_large/1999401292.jpg,large_folder_stem_already_in_scoring,36718509,deleted
/Volumes/Radishes/GBIF_too_large/1998965389.jpg,large_folder_stem_already_in_scoring,36649070,deleted
/Volumes/Radishes/GBIF_too_large/1999417063.jpg,large_folder_stem_already_in_scoring,36623845,deleted
/Volumes/Radishes/GBIF_too_large/1999221651.jpg,large_folder_stem_already_in_scoring,36436092,deleted
/Volumes/Radishes/GBIF_too_large/1998567797.jpg,large_folder_stem_already_in_scoring,36319124,deleted
/Volumes/Radishes/GBIF_too_large/1998850407.jpg,large_folder_stem_already_in_scoring,36137420,deleted
/Volumes/Radishes/GBIF_too_large/1999221539.jpg,large_folder_stem_already_in_scoring,36097549,deleted
/Volumes/Radishes/GBIF_too_large/1999241263.jpg,large_folder_stem_already_in_scoring,35976242,deleted
/Volumes/Radishes/GBIF_too_large/1999035968.jpg,large_folder_stem_already_in_scoring,35787650,deleted
/Volumes/Radishes/GBIF_too_large/1999016729.jpg,large_folder_stem_already_in_scoring,35372152,deleted
/Volumes/Radishes/GBIF_too_large/1998560767.jpg,large_folder_stem_already_in_scoring,35181095,deleted
/Volumes/Radishes/GBIF_too_large/1998815368.jpg,large_folder_stem_already_in_scoring,34967017,deleted
/Volumes/Radishes/GBIF_too_large/1998605784.jpg,large_folder_stem_already_in_scoring,34937164,deleted
/Volumes/Radishes/GBIF_too_large/1998926984.jpg,large_folder_stem_already_in_scoring,34887747,deleted
/Volumes/Radishes/GBIF_too_large/1998789260.jpg,large_folder_stem_already_in_scoring,34840848,deleted
/Volumes/Radishes/GBIF_too_large/1999131447.jpg,large_folder_stem_already_in_scoring,34810883,deleted
/Volumes/Radishes/GBIF_too_large/2575051207.jpg,large_folder_stem_already_in_scoring,34736143,deleted
/Volumes/Radishes/GBIF_too_large/1998581545.jpg,large_folder_stem_already_in_scoring,34710598,deleted
/Volumes/Radishes/GBIF_too_large/1999334642.jpg,large_folder_stem_already_in_scoring,34539743,deleted
/Volumes/Radishes/GBIF_too_large/4527874197.jpg,large_folder_stem_already_in_scoring,34374338,deleted
/Volumes/Radishes/GBIF_too_large/1999235118.jpg,large_folder_stem_already_in_scoring,34361150,deleted
/Volumes/Radishes/GBIF_too_large/5083369513.jpg,large_folder_stem_already_in_scoring,34346549,deleted
/Volumes/Radishes/GBIF_too_large/1998870921.jpg,large_folder_stem_already_in_scoring,34066114,deleted
/Volumes/Radishes/GBIF_too_large/1999330575.jpg,large_folder_stem_already_in_scoring,33990768,deleted
/Volumes/Radishes/GBIF_too_large/2575052218.jpg,large_folder_stem_already_in_scoring,33869839,deleted
/Volumes/Radishes/GBIF_too_large/1999165525.jpg,large_folder_stem_already_in_scoring,33838992,deleted
/Volumes/Radishes/GBIF_too_large/1999393230.jpg,large_folder_stem_already_in_scoring,33544171,deleted
/Volumes/Radishes/GBIF_too_large/1998929009.jpg,large_folder_stem_already_in_scoring,33519749,deleted
/Volumes/Radishes/GBIF_too_large/1999128077.jpg,large_folder_stem_already_in_scoring,33481120,deleted
/Volumes/Radishes/GBIF_too_large/1999325974.jpg,large_folder_stem_already_in_scoring,33316037,deleted
/Volumes/Radishes/GBIF_too_large/3395815342.jpg,large_folder_stem_already_in_scoring,33267808,deleted
/Volumes/Radishes/GBIF_too_large/1998838737.jpg,large_folder_stem_already_in_scoring,32785698,deleted
/Volumes/Radishes/GBIF_too_large/1998881573.jpg,large_folder_stem_already_in_scoring,32752518,deleted
/Volumes/Radishes/GBIF_too_large/1999421493.jpg,large_folder_stem_already_in_scoring,32742798,deleted
/Volumes/Radishes/GBIF_too_large/1999120723.jpg,large_folder_stem_already_in_scoring,32411269,deleted
/Volumes/Radishes/GBIF_too_large/1998636867.jpg,large_folder_stem_already_in_scoring,32363213,deleted
/Volumes/Radishes/GBIF_too_large/1998603327.jpg,large_folder_stem_already_in_scoring,32314149,deleted
/Volumes/Radishes/GBIF_too_large/3395813387.jpg,large_folder_stem_already_in_scoring,32109968,deleted
/Volumes/Radishes/GBIF_too_large/1999312794.jpg,large_folder_stem_already_in_scoring,32094999,deleted
/Volumes/Radishes/GBIF_too_large/1999087187.jpg,large_folder_stem_already_in_scoring,31814646,deleted
/Volumes/Radishes/GBIF_too_large/1999264736.jpg,large_folder_stem_already_in_scoring,31789144,deleted
/Volumes/Radishes/GBIF_too_large/1999117651.jpg,large_folder_stem_already_in_scoring,31785670,deleted
/Volumes/Radishes/GBIF_too_large/1998756598.jpg,large_folder_stem_already_in_scoring,30701035,deleted
/Volumes/Radishes/GBIF_too_large/1999334166.jpg,large_folder_stem_already_in_scoring,30506590,deleted
/Volumes/Radishes/GBIF_too_large/1999287812.jpg,large_folder_stem_already_in_scoring,29692111,deleted
/Volumes/Radishes/GBIF_too_large/5072863701.jpg,large_folder_stem_already_in_scoring,23725539,deleted
/Volumes/Radishes/GBIF_too_large/5074461246.jpg,large_folder_stem_already_in_scoring,23326794,deleted
/Volumes/Radishes/GBIF_too_large/5074461240.jpg,large_folder_stem_already_in_scoring,21055371,deleted
/Volumes/Radishes/GBIF_too_large/3978711058.jpg,large_folder_stem_already_in_scoring,20051031,deleted
/Volumes/Radishes/GBIF_too_large/3978704823.jpg,large_folder_stem_already_in_scoring,20024235,deleted
/Volumes/Radishes/GBIF_too_large/3978740087.jpg,large_folder_stem_already_in_scoring,19903453,deleted
/Volumes/Radishes/GBIF_too_large/3978746654.jpg,large_folder_stem_already_in_scoring,19730594,deleted
/Volumes/Radishes/GBIF_too_large/3978755506.jpg,large_folder_stem_already_in_scoring,19358425,deleted
/Volumes/Radishes/GBIF_phenology_scored_specimen_images/SML_5198161855.jpg,previous_gbif_copy_already_in_scoring,5228997,deleted
/Volumes/Radishes/GBIF_phenology_scored_specimen_images/SML_5198172854.jpg,previous_gbif_copy_already_in_scoring,5618723,deleted
/Volumes/Radishes/GBIF_phenology_scored_specimen_images/SML_5198174851.jpg,previous_gbif_copy_already_in_scoring,6086408,deleted
/Volumes/Radishes/GBIF_phenology_scored_specimen_images/SML_5198174852.jpg,previous_gbif_copy_already_in_scoring,4503393,deleted
/Volumes/Radishes/GBIF_phenology_scored_specimen_images/SML_5198176853.jpg,previous_gbif_copy_already_in_scoring,4700969,deleted
/Volumes/Radishes/GBIF_phenology_scored_specimen_images/SML_5198185854.jpg,previous_gbif_copy_already_in_scoring,4914361,deleted
/Volumes/Radishes/GBIF_phenology_scored_specimen_images/SML_5198193840.jpg,previous_gbif_copy_already_in_scoring,4900922,deleted
/Volumes/Radishes/GBIF_phenology_scored_specimen_images/SML_5198193841.jpg,previous_gbif_copy_already_in_scoring,5038509,deleted
/Volumes/Radishes/GBIF_phenology_scored_specimen_images/SML_5198194850.jpg,previous_gbif_copy_already_in_scoring,4676433,deleted
/Volumes/Radishes/GBIF_phenology_scored_specimen_images/SML_5198194851.jpg,previous_gbif_copy_already_in_scoring,5547675,deleted
/Volumes/Radishes/GBIF_phenology_scored_specimen_images/SML_5198215850.jpg,previous_gbif_copy_already_in_scoring,5040898,deleted
/Volumes/Radishes/GBIF_phenology_scored_specimen_images/SML_5198218870.jpg,previous_gbif_copy_already_in_scoring,5630677,deleted
/Volumes/Radishes/GBIF_phenology_scored_specimen_images/SML_5198222848.jpg,previous_gbif_copy_already_in_scoring,4731740,deleted
/Volumes/Radishes/GBIF_phenology_scored_specimen_images/SML_5198224849.jpg,previous_gbif_copy_already_in_scoring,5756221,deleted
/Volumes/Radishes/first_batch_big_images/2401356.jpg,large_original_has_SML_reduced,67117391,deleted
/Volumes/Radishes/first_batch_big_images/2271679.jpg,large_original_has_SML_reduced,65493302,deleted
/Volumes/Radishes/first_batch_big_images/2367740.jpg,large_original_has_SML_reduced,65482280,deleted
/Volumes/Radishes/first_batch_big_images/2290954.jpg,large_original_has_SML_reduced,61832041,deleted
/Volumes/Radishes/first_batch_big_images/5569676.jpg,large_original_has_SML_reduced,60449400,deleted
/Volumes/Radishes/first_batch_big_images/2272859.jpg,large_original_has_SML_reduced,59879045,deleted
/Volumes/Radishes/first_batch_big_images/2315912.jpg,large_original_has_SML_reduced,59644684,deleted
/Volumes/Radishes/first_batch_big_images/2411987.jpg,large_original_has_SML_reduced,58512358,deleted
/Volumes/Radishes/first_batch_big_images/2404723.jpg,large_original_has_SML_reduced,58134662,deleted
/Volumes/Radishes/first_batch_big_images/5504846.jpg,large_original_has_SML_reduced,52999629,deleted
/Volumes/Radishes/first_batch_big_images/5142612.jpg,large_original_has_SML_reduced,33949434,deleted
/Volumes/Radishes/GBIF_too_large/5068043242.jpg,large_original_has_SML_reduced,20746097,deleted
/Volumes/Radishes/GBIF_too_large/5074461230.jpg,large_original_has_SML_reduced,20717567,deleted
/Volumes/Radishes/GBIF_too_large/5068043243.jpg,large_original_has_SML_reduced,20386990,deleted
/Volumes/Radishes/GBIF_too_large/5074461235.jpg,large_original_has_SML_reduced,18965881,deleted
