gbifID,catalogNumber,institutionCode,cch2_occid,occurrenceID,locality,eventDate,scientificName,otherCatalogNumbers,image_source,source_dir,original_filename,original_stem,scoring_filename,id_check_status,id_check_notes,source_priority,selected_for_scoring
NA,NA,NA,NA,NA,NA,NA,NA,NA,cch2_original,/Volumes/Radishes/OG_CCH2_phenology_scored_specimen_images,2423571.jpg,2423571,2423571.jpg,unmatched,no unified occurrence row for CCH2 occid=2423571,3,FALSE
NA,NA,NA,NA,NA,NA,NA,NA,NA,cch2_original,/Volumes/Radishes/OG_CCH2_phenology_scored_specimen_images,3224405.jpg,3224405,3224405.jpg,unmatched,no unified occurrence row for CCH2 occid=3224405,3,FALSE
NA,NA,NA,NA,NA,NA,NA,NA,NA,cch2_original,/Volumes/Radishes/OG_CCH2_phenology_scored_specimen_images,3235156.jpg,3235156,3235156.jpg,unmatched,no unified occurrence row for CCH2 occid=3235156,3,FALSE
NA,NA,NA,NA,NA,NA,NA,NA,NA,cch2_original,/Volumes/Radishes/OG_CCH2_phenology_scored_specimen_images,3239401.jpg,3239401,3239401.jpg,unmatched,no unified occurrence row for CCH2 occid=3239401,3,FALSE
NA,NA,NA,NA,NA,NA,NA,NA,NA,cch2_original,/Volumes/Radishes/OG_CCH2_phenology_scored_specimen_images,3245328.jpg,3245328,3245328.jpg,unmatched,no unified occurrence row for CCH2 occid=3245328,3,FALSE
NA,NA,NA,NA,NA,NA,NA,NA,NA,cch2_original,/Volumes/Radishes/OG_CCH2_phenology_scored_specimen_images,3262100.jpg,3262100,3262100.jpg,unmatched,no unified occurrence row for CCH2 occid=3262100,3,FALSE
NA,NA,NA,NA,NA,NA,NA,NA,NA,cch2_original,/Volumes/Radishes/OG_CCH2_phenology_scored_specimen_images,3270997.jpg,3270997,3270997.jpg,unmatched,no unified occurrence row for CCH2 occid=3270997,3,FALSE
NA,NA,NA,NA,NA,NA,NA,NA,NA,cch2_original,/Volumes/Radishes/OG_CCH2_phenology_scored_specimen_images,3278418.jpg,3278418,3278418.jpg,unmatched,no unified occurrence row for CCH2 occid=3278418,3,FALSE
NA,NA,NA,NA,NA,NA,NA,NA,NA,cch2_original,/Volumes/Radishes/OG_CCH2_phenology_scored_specimen_images,3281522.jpg,3281522,3281522.jpg,unmatched,no unified occurrence row for CCH2 occid=3281522,3,FALSE
NA,NA,NA,NA,NA,NA,NA,NA,NA,cch2_original,/Volumes/Radishes/OG_CCH2_phenology_scored_specimen_images,3290499.jpg,3290499,3290499.jpg,unmatched,no unified occurrence row for CCH2 occid=3290499,3,FALSE
NA,NA,NA,NA,NA,NA,NA,NA,NA,cch2_original,/Volumes/Radishes/OG_CCH2_phenology_scored_specimen_images,3293792.jpg,3293792,3293792.jpg,unmatched,no unified occurrence row for CCH2 occid=3293792,3,FALSE
NA,NA,NA,NA,NA,NA,NA,NA,NA,cch2_original,/Volumes/Radishes/OG_CCH2_phenology_scored_specimen_images,3306212.jpg,3306212,3306212.jpg,unmatched,no unified occurrence row for CCH2 occid=3306212,3,FALSE
NA,NA,NA,NA,NA,NA,NA,NA,NA,cch2_original,/Volumes/Radishes/OG_CCH2_phenology_scored_specimen_images,3322372.jpg,3322372,3322372.jpg,unmatched,no unified occurrence row for CCH2 occid=3322372,3,FALSE
NA,NA,NA,NA,NA,NA,NA,NA,NA,cch2_original,/Volumes/Radishes/OG_CCH2_phenology_scored_specimen_images,3324477.jpg,3324477,3324477.jpg,unmatched,no unified occurrence row for CCH2 occid=3324477,3,FALSE
NA,NA,NA,NA,NA,NA,NA,NA,NA,cch2_original,/Volumes/Radishes/OG_CCH2_phenology_scored_specimen_images,3330781.jpg,3330781,3330781.jpg,unmatched,no unified occurrence row for CCH2 occid=3330781,3,FALSE
NA,NA,NA,NA,NA,NA,NA,NA,NA,cch2_original,/Volumes/Radishes/OG_CCH2_phenology_scored_specimen_images,3335398.jpg,3335398,3335398.jpg,unmatched,no unified occurrence row for CCH2 occid=3335398,3,FALSE
NA,NA,NA,NA,NA,NA,NA,NA,NA,cch2_original,/Volumes/Radishes/OG_CCH2_phenology_scored_specimen_images,3349335.jpg,3349335,3349335.jpg,unmatched,no unified occurrence row for CCH2 occid=3349335,3,FALSE
NA,NA,NA,NA,NA,NA,NA,NA,NA,cch2_original,/Volumes/Radishes/OG_CCH2_phenology_scored_specimen_images,3351467.jpg,3351467,3351467.jpg,unmatched,no unified occurrence row for CCH2 occid=3351467,3,FALSE
NA,NA,NA,NA,NA,NA,NA,NA,NA,cch2_original,/Volumes/Radishes/OG_CCH2_phenology_scored_specimen_images,3366602.jpg,3366602,3366602.jpg,unmatched,no unified occurrence row for CCH2 occid=3366602,3,FALSE
NA,NA,NA,NA,NA,NA,NA,NA,NA,cch2_original,/Volumes/Radishes/OG_CCH2_phenology_scored_specimen_images,3366934.jpg,3366934,3366934.jpg,unmatched,no unified occurrence row for CCH2 occid=3366934,3,FALSE
NA,NA,NA,NA,NA,NA,NA,NA,NA,cch2_original,/Volumes/Radishes/OG_CCH2_phenology_scored_specimen_images,3373130.jpg,3373130,3373130.jpg,unmatched,no unified occurrence row for CCH2 occid=3373130,3,FALSE
NA,NA,NA,NA,NA,NA,NA,NA,NA,cch2_original,/Volumes/Radishes/OG_CCH2_phenology_scored_specimen_images,3377055.jpg,3377055,3377055.jpg,unmatched,no unified occurrence row for CCH2 occid=3377055,3,FALSE
NA,NA,NA,NA,NA,NA,NA,NA,NA,cch2_original,/Volumes/Radishes/OG_CCH2_phenology_scored_specimen_images,3386031.jpg,3386031,3386031.jpg,unmatched,no unified occurrence row for CCH2 occid=3386031,3,FALSE
NA,NA,NA,NA,NA,NA,NA,NA,NA,cch2_original,/Volumes/Radishes/OG_CCH2_phenology_scored_specimen_images,3400832.jpg,3400832,3400832.jpg,unmatched,no unified occurrence row for CCH2 occid=3400832,3,FALSE
NA,NA,NA,NA,NA,NA,NA,NA,NA,cch2_original,/Volumes/Radishes/OG_CCH2_phenology_scored_specimen_images,3400958.jpg,3400958,3400958.jpg,unmatched,no unified occurrence row for CCH2 occid=3400958,3,FALSE
NA,NA,NA,NA,NA,NA,NA,NA,NA,cch2_original,/Volumes/Radishes/OG_CCH2_phenology_scored_specimen_images,3414522.jpg,3414522,3414522.jpg,unmatched,no unified occurrence row for CCH2 occid=3414522,3,FALSE
NA,NA,NA,NA,NA,NA,NA,NA,NA,cch2_original,/Volumes/Radishes/OG_CCH2_phenology_scored_specimen_images,3417594.jpg,3417594,3417594.jpg,unmatched,no unified occurrence row for CCH2 occid=3417594,3,FALSE
NA,NA,NA,NA,NA,NA,NA,NA,NA,cch2_original,/Volumes/Radishes/OG_CCH2_phenology_scored_specimen_images,3428915.jpg,3428915,3428915.jpg,unmatched,no unified occurrence row for CCH2 occid=3428915,3,FALSE
NA,NA,NA,NA,NA,NA,NA,NA,NA,cch2_original,/Volumes/Radishes/OG_CCH2_phenology_scored_specimen_images,3430357.jpg,3430357,3430357.jpg,unmatched,no unified occurrence row for CCH2 occid=3430357,3,FALSE
NA,NA,NA,NA,NA,NA,NA,NA,NA,cch2_original,/Volumes/Radishes/OG_CCH2_phenology_scored_specimen_images,3433650.jpg,3433650,3433650.jpg,unmatched,no unified occurrence row for CCH2 occid=3433650,3,FALSE
NA,NA,NA,NA,NA,NA,NA,NA,NA,cch2_original,/Volumes/Radishes/OG_CCH2_phenology_scored_specimen_images,3440200.jpg,3440200,3440200.jpg,unmatched,no unified occurrence row for CCH2 occid=3440200,3,FALSE
NA,NA,NA,NA,NA,NA,NA,NA,NA,cch2_original,/Volumes/Radishes/OG_CCH2_phenology_scored_specimen_images,3444193.jpg,3444193,3444193.jpg,unmatched,no unified occurrence row for CCH2 occid=3444193,3,FALSE
NA,NA,NA,NA,NA,NA,NA,NA,NA,cch2_original,/Volumes/Radishes/OG_CCH2_phenology_scored_specimen_images,3452051.jpg,3452051,3452051.jpg,unmatched,no unified occurrence row for CCH2 occid=3452051,3,FALSE
NA,NA,NA,NA,NA,NA,NA,NA,NA,cch2_original,/Volumes/Radishes/OG_CCH2_phenology_scored_specimen_images,3462399.jpg,3462399,3462399.jpg,unmatched,no unified occurrence row for CCH2 occid=3462399,3,FALSE
NA,NA,NA,NA,NA,NA,NA,NA,NA,cch2_original,/Volumes/Radishes/OG_CCH2_phenology_scored_specimen_images,3468200.jpg,3468200,3468200.jpg,unmatched,no unified occurrence row for CCH2 occid=3468200,3,FALSE
NA,NA,NA,NA,NA,NA,NA,NA,NA,cch2_original,/Volumes/Radishes/OG_CCH2_phenology_scored_specimen_images,3475357.jpg,3475357,3475357.jpg,unmatched,no unified occurrence row for CCH2 occid=3475357,3,FALSE
NA,NA,NA,NA,NA,NA,NA,NA,NA,cch2_original,/Volumes/Radishes/OG_CCH2_phenology_scored_specimen_images,3476616.jpg,3476616,3476616.jpg,unmatched,no unified occurrence row for CCH2 occid=3476616,3,FALSE
NA,NA,NA,NA,NA,NA,NA,NA,NA,cch2_original,/Volumes/Radishes/OG_CCH2_phenology_scored_specimen_images,3477178.jpg,3477178,3477178.jpg,unmatched,no unified occurrence row for CCH2 occid=3477178,3,FALSE
NA,NA,NA,NA,NA,NA,NA,NA,NA,cch2_original,/Volumes/Radishes/OG_CCH2_phenology_scored_specimen_images,3489238.jpg,3489238,3489238.jpg,unmatched,no unified occurrence row for CCH2 occid=3489238,3,FALSE
NA,NA,NA,NA,NA,NA,NA,NA,NA,cch2_original,/Volumes/Radishes/OG_CCH2_phenology_scored_specimen_images,3489775.jpg,3489775,3489775.jpg,unmatched,no unified occurrence row for CCH2 occid=3489775,3,FALSE
NA,NA,NA,NA,NA,NA,NA,NA,NA,cch2_original,/Volumes/Radishes/OG_CCH2_phenology_scored_specimen_images,3492727.jpg,3492727,3492727.jpg,unmatched,no unified occurrence row for CCH2 occid=3492727,3,FALSE
NA,NA,NA,NA,NA,NA,NA,NA,NA,cch2_original,/Volumes/Radishes/OG_CCH2_phenology_scored_specimen_images,3499442.jpg,3499442,3499442.jpg,unmatched,no unified occurrence row for CCH2 occid=3499442,3,FALSE
NA,NA,NA,NA,NA,NA,NA,NA,NA,cch2_original,/Volumes/Radishes/OG_CCH2_phenology_scored_specimen_images,3503027.jpg,3503027,3503027.jpg,unmatched,no unified occurrence row for CCH2 occid=3503027,3,FALSE
NA,NA,NA,NA,NA,NA,NA,NA,NA,cch2_original,/Volumes/Radishes/OG_CCH2_phenology_scored_specimen_images,3507606.jpg,3507606,3507606.jpg,unmatched,no unified occurrence row for CCH2 occid=3507606,3,FALSE
NA,NA,NA,NA,NA,NA,NA,NA,NA,cch2_original,/Volumes/Radishes/OG_CCH2_phenology_scored_specimen_images,3511149.jpg,3511149,3511149.jpg,unmatched,no unified occurrence row for CCH2 occid=3511149,3,FALSE
NA,NA,NA,NA,NA,NA,NA,NA,NA,cch2_original,/Volumes/Radishes/OG_CCH2_phenology_scored_specimen_images,3514143.jpg,3514143,3514143.jpg,unmatched,no unified occurrence row for CCH2 occid=3514143,3,FALSE
NA,NA,NA,NA,NA,NA,NA,NA,NA,cch2_original,/Volumes/Radishes/OG_CCH2_phenology_scored_specimen_images,3523645.jpg,3523645,3523645.jpg,unmatched,no unified occurrence row for CCH2 occid=3523645,3,FALSE
NA,NA,NA,NA,NA,NA,NA,NA,NA,cch2_original,/Volumes/Radishes/OG_CCH2_phenology_scored_specimen_images,3525429.jpg,3525429,3525429.jpg,unmatched,no unified occurrence row for CCH2 occid=3525429,3,FALSE
NA,NA,NA,NA,NA,NA,NA,NA,NA,cch2_original,/Volumes/Radishes/OG_CCH2_phenology_scored_specimen_images,3534929.jpg,3534929,3534929.jpg,unmatched,no unified occurrence row for CCH2 occid=3534929,3,FALSE
NA,NA,NA,NA,NA,NA,NA,NA,NA,cch2_original,/Volumes/Radishes/OG_CCH2_phenology_scored_specimen_images,3539396.jpg,3539396,3539396.jpg,unmatched,no unified occurrence row for CCH2 occid=3539396,3,FALSE
NA,NA,NA,NA,NA,NA,NA,NA,NA,cch2_original,/Volumes/Radishes/OG_CCH2_phenology_scored_specimen_images,3542265.jpg,3542265,3542265.jpg,unmatched,no unified occurrence row for CCH2 occid=3542265,3,FALSE
NA,NA,NA,NA,NA,NA,NA,NA,NA,cch2_original,/Volumes/Radishes/OG_CCH2_phenology_scored_specimen_images,3544281.jpg,3544281,3544281.jpg,unmatched,no unified occurrence row for CCH2 occid=3544281,3,FALSE
NA,NA,NA,NA,NA,NA,NA,NA,NA,cch2_original,/Volumes/Radishes/OG_CCH2_phenology_scored_specimen_images,3544438.jpg,3544438,3544438.jpg,unmatched,no unified occurrence row for CCH2 occid=3544438,3,FALSE
NA,NA,NA,NA,NA,NA,NA,NA,NA,cch2_original,/Volumes/Radishes/OG_CCH2_phenology_scored_specimen_images,3550026.jpg,3550026,3550026.jpg,unmatched,no unified occurrence row for CCH2 occid=3550026,3,FALSE
NA,NA,NA,NA,NA,NA,NA,NA,NA,cch2_original,/Volumes/Radishes/OG_CCH2_phenology_scored_specimen_images,3562157.jpg,3562157,3562157.jpg,unmatched,no unified occurrence row for CCH2 occid=3562157,3,FALSE
NA,NA,NA,NA,NA,NA,NA,NA,NA,cch2_original,/Volumes/Radishes/OG_CCH2_phenology_scored_specimen_images,4001616.jpg,4001616,4001616.jpg,unmatched,no unified occurrence row for CCH2 occid=4001616,3,FALSE
NA,NA,NA,NA,NA,NA,NA,NA,NA,cch2_original,/Volumes/Radishes/OG_CCH2_phenology_scored_specimen_images,4011670.jpg,4011670,4011670.jpg,unmatched,no unified occurrence row for CCH2 occid=4011670,3,FALSE
NA,NA,NA,NA,NA,NA,NA,NA,NA,cch2_original,/Volumes/Radishes/OG_CCH2_phenology_scored_specimen_images,4020835.jpg,4020835,4020835.jpg,unmatched,no unified occurrence row for CCH2 occid=4020835,3,FALSE
NA,NA,NA,NA,NA,NA,NA,NA,NA,cch2_original,/Volumes/Radishes/OG_CCH2_phenology_scored_specimen_images,4821653.jpg,4821653,4821653.jpg,unmatched,no unified occurrence row for CCH2 occid=4821653,3,FALSE
NA,NA,NA,NA,NA,NA,NA,NA,NA,cch2_original,/Volumes/Radishes/OG_CCH2_phenology_scored_specimen_images,4848896.jpg,4848896,4848896.jpg,unmatched,no unified occurrence row for CCH2 occid=4848896,3,FALSE
NA,NA,NA,NA,NA,NA,NA,NA,NA,cch2_original,/Volumes/Radishes/OG_CCH2_phenology_scored_specimen_images,4929046.jpg,4929046,4929046.jpg,unmatched,no unified occurrence row for CCH2 occid=4929046,3,FALSE
NA,NA,NA,NA,NA,NA,NA,NA,NA,cch2_original,/Volumes/Radishes/OG_CCH2_phenology_scored_specimen_images,5001849.jpg,5001849,5001849.jpg,unmatched,no unified occurrence row for CCH2 occid=5001849,3,FALSE
NA,NA,NA,NA,NA,NA,NA,NA,NA,cch2_original,/Volumes/Radishes/OG_CCH2_phenology_scored_specimen_images,5509705.jpg,5509705,5509705.jpg,unmatched,no unified occurrence row for CCH2 occid=5509705,3,FALSE
NA,NA,NA,NA,NA,NA,NA,NA,NA,cch2_original,/Volumes/Radishes/OG_CCH2_phenology_scored_specimen_images,5840581.jpg,5840581,5840581.jpg,unmatched,no unified occurrence row for CCH2 occid=5840581,3,FALSE
NA,NA,NA,NA,NA,NA,NA,NA,NA,cch2_original,/Volumes/Radishes/OG_CCH2_phenology_scored_specimen_images,5980225.jpg,5980225,5980225.jpg,unmatched,no unified occurrence row for CCH2 occid=5980225,3,FALSE
NA,NA,NA,NA,NA,NA,NA,NA,NA,cch2_original,/Volumes/Radishes/OG_CCH2_phenology_scored_specimen_images,6040951.jpg,6040951,6040951.jpg,unmatched,no unified occurrence row for CCH2 occid=6040951,3,FALSE
NA,NA,NA,NA,NA,NA,NA,NA,NA,cch2_original,/Volumes/Radishes/OG_CCH2_phenology_scored_specimen_images,SML_2275918.jpg,2275918,SML_2275918.jpg,unmatched,no unified occurrence row for CCH2 occid=2275918,3,FALSE
NA,NA,NA,NA,NA,NA,NA,NA,NA,cch2_original,/Volumes/Radishes/OG_CCH2_phenology_scored_specimen_images,SML_2278606.jpg,2278606,SML_2278606.jpg,unmatched,no unified occurrence row for CCH2 occid=2278606,3,FALSE
NA,NA,NA,NA,NA,NA,NA,NA,NA,cch2_original,/Volumes/Radishes/OG_CCH2_phenology_scored_specimen_images,SML_2282381.jpg,2282381,SML_2282381.jpg,unmatched,no unified occurrence row for CCH2 occid=2282381,3,FALSE
NA,NA,NA,NA,NA,NA,NA,NA,NA,cch2_original,/Volumes/Radishes/OG_CCH2_phenology_scored_specimen_images,SML_2283873.jpg,2283873,SML_2283873.jpg,unmatched,no unified occurrence row for CCH2 occid=2283873,3,FALSE
NA,NA,NA,NA,NA,NA,NA,NA,NA,cch2_original,/Volumes/Radishes/OG_CCH2_phenology_scored_specimen_images,SML_2285742.jpg,2285742,SML_2285742.jpg,unmatched,no unified occurrence row for CCH2 occid=2285742,3,FALSE
NA,NA,NA,NA,NA,NA,NA,NA,NA,cch2_original,/Volumes/Radishes/OG_CCH2_phenology_scored_specimen_images,SML_2286003.jpg,2286003,SML_2286003.jpg,unmatched,no unified occurrence row for CCH2 occid=2286003,3,FALSE
NA,NA,NA,NA,NA,NA,NA,NA,NA,cch2_original,/Volumes/Radishes/OG_CCH2_phenology_scored_specimen_images,SML_2287008.jpg,2287008,SML_2287008.jpg,unmatched,no unified occurrence row for CCH2 occid=2287008,3,FALSE
NA,NA,NA,NA,NA,NA,NA,NA,NA,cch2_original,/Volumes/Radishes/OG_CCH2_phenology_scored_specimen_images,SML_2287409.jpg,2287409,SML_2287409.jpg,unmatched,no unified occurrence row for CCH2 occid=2287409,3,FALSE
NA,NA,NA,NA,NA,NA,NA,NA,NA,cch2_original,/Volumes/Radishes/OG_CCH2_phenology_scored_specimen_images,SML_2288810.jpg,2288810,SML_2288810.jpg,unmatched,no unified occurrence row for CCH2 occid=2288810,3,FALSE
NA,NA,NA,NA,NA,NA,NA,NA,NA,cch2_original,/Volumes/Radishes/OG_CCH2_phenology_scored_specimen_images,SML_2289763.jpg,2289763,SML_2289763.jpg,unmatched,no unified occurrence row for CCH2 occid=2289763,3,FALSE
NA,NA,NA,NA,NA,NA,NA,NA,NA,cch2_original,/Volumes/Radishes/OG_CCH2_phenology_scored_specimen_images,SML_2290218.jpg,2290218,SML_2290218.jpg,unmatched,no unified occurrence row for CCH2 occid=2290218,3,FALSE
NA,NA,NA,NA,NA,NA,NA,NA,NA,cch2_original,/Volumes/Radishes/OG_CCH2_phenology_scored_specimen_images,SML_2291266.jpg,2291266,SML_2291266.jpg,unmatched,no unified occurrence row for CCH2 occid=2291266,3,FALSE
NA,NA,NA,NA,NA,NA,NA,NA,NA,cch2_original,/Volumes/Radishes/OG_CCH2_phenology_scored_specimen_images,SML_2291878.jpg,2291878,SML_2291878.jpg,unmatched,no unified occurrence row for CCH2 occid=2291878,3,FALSE
NA,NA,NA,NA,NA,NA,NA,NA,NA,cch2_original,/Volumes/Radishes/OG_CCH2_phenology_scored_specimen_images,SML_2292239.jpg,2292239,SML_2292239.jpg,unmatched,no unified occurrence row for CCH2 occid=2292239,3,FALSE
NA,NA,NA,NA,NA,NA,NA,NA,NA,cch2_original,/Volumes/Radishes/OG_CCH2_phenology_scored_specimen_images,SML_2293307.jpg,2293307,SML_2293307.jpg,unmatched,no unified occurrence row for CCH2 occid=2293307,3,FALSE
NA,NA,NA,NA,NA,NA,NA,NA,NA,cch2_original,/Volumes/Radishes/OG_CCH2_phenology_scored_specimen_images,SML_2296541.jpg,2296541,SML_2296541.jpg,unmatched,no unified occurrence row for CCH2 occid=2296541,3,FALSE
NA,NA,NA,NA,NA,NA,NA,NA,NA,cch2_original,/Volumes/Radishes/OG_CCH2_phenology_scored_specimen_images,SML_2298121.jpg,2298121,SML_2298121.jpg,unmatched,no unified occurrence row for CCH2 occid=2298121,3,FALSE
NA,NA,NA,NA,NA,NA,NA,NA,NA,cch2_original,/Volumes/Radishes/OG_CCH2_phenology_scored_specimen_images,SML_2299319.jpg,2299319,SML_2299319.jpg,unmatched,no unified occurrence row for CCH2 occid=2299319,3,FALSE
NA,NA,NA,NA,NA,NA,NA,NA,NA,cch2_original,/Volumes/Radishes/OG_CCH2_phenology_scored_specimen_images,SML_2300919.jpg,2300919,SML_2300919.jpg,unmatched,no unified occurrence row for CCH2 occid=2300919,3,FALSE
NA,NA,NA,NA,NA,NA,NA,NA,NA,cch2_original,/Volumes/Radishes/OG_CCH2_phenology_scored_specimen_images,SML_2300993.jpg,2300993,SML_2300993.jpg,unmatched,no unified occurrence row for CCH2 occid=2300993,3,FALSE
NA,NA,NA,NA,NA,NA,NA,NA,NA,cch2_original,/Volumes/Radishes/OG_CCH2_phenology_scored_specimen_images,SML_2302311.jpg,2302311,SML_2302311.jpg,unmatched,no unified occurrence row for CCH2 occid=2302311,3,FALSE
NA,NA,NA,NA,NA,NA,NA,NA,NA,cch2_original,/Volumes/Radishes/OG_CCH2_phenology_scored_specimen_images,SML_2308947.jpg,2308947,SML_2308947.jpg,unmatched,no unified occurrence row for CCH2 occid=2308947,3,FALSE
NA,NA,NA,NA,NA,NA,NA,NA,NA,cch2_original,/Volumes/Radishes/OG_CCH2_phenology_scored_specimen_images,SML_2311023.jpg,2311023,SML_2311023.jpg,unmatched,no unified occurrence row for CCH2 occid=2311023,3,FALSE
NA,NA,NA,NA,NA,NA,NA,NA,NA,cch2_original,/Volumes/Radishes/OG_CCH2_phenology_scored_specimen_images,SML_2311342.jpg,2311342,SML_2311342.jpg,unmatched,no unified occurrence row for CCH2 occid=2311342,3,FALSE
NA,NA,NA,NA,NA,NA,NA,NA,NA,cch2_original,/Volumes/Radishes/OG_CCH2_phenology_scored_specimen_images,SML_2314219.jpg,2314219,SML_2314219.jpg,unmatched,no unified occurrence row for CCH2 occid=2314219,3,FALSE
NA,NA,NA,NA,NA,NA,NA,NA,NA,cch2_original,/Volumes/Radishes/OG_CCH2_phenology_scored_specimen_images,SML_2315373.jpg,2315373,SML_2315373.jpg,unmatched,no unified occurrence row for CCH2 occid=2315373,3,FALSE
NA,NA,NA,NA,NA,NA,NA,NA,NA,cch2_original,/Volumes/Radishes/OG_CCH2_phenology_scored_specimen_images,SML_2316628.jpg,2316628,SML_2316628.jpg,unmatched,no unified occurrence row for CCH2 occid=2316628,3,FALSE
NA,NA,NA,NA,NA,NA,NA,NA,NA,cch2_original,/Volumes/Radishes/OG_CCH2_phenology_scored_specimen_images,SML_2317066.jpg,2317066,SML_2317066.jpg,unmatched,no unified occurrence row for CCH2 occid=2317066,3,FALSE
NA,NA,NA,NA,NA,NA,NA,NA,NA,cch2_original,/Volumes/Radishes/OG_CCH2_phenology_scored_specimen_images,SML_2318818.jpg,2318818,SML_2318818.jpg,unmatched,no unified occurrence row for CCH2 occid=2318818,3,FALSE
NA,NA,NA,NA,NA,NA,NA,NA,NA,cch2_original,/Volumes/Radishes/OG_CCH2_phenology_scored_specimen_images,SML_2321963.jpg,2321963,SML_2321963.jpg,unmatched,no unified occurrence row for CCH2 occid=2321963,3,FALSE
NA,NA,NA,NA,NA,NA,NA,NA,NA,cch2_original,/Volumes/Radishes/OG_CCH2_phenology_scored_specimen_images,SML_2322749.jpg,2322749,SML_2322749.jpg,unmatched,no unified occurrence row for CCH2 occid=2322749,3,FALSE
NA,NA,NA,NA,NA,NA,NA,NA,NA,cch2_original,/Volumes/Radishes/OG_CCH2_phenology_scored_specimen_images,SML_2324050.jpg,2324050,SML_2324050.jpg,unmatched,no unified occurrence row for CCH2 occid=2324050,3,FALSE
NA,NA,NA,NA,NA,NA,NA,NA,NA,cch2_original,/Volumes/Radishes/OG_CCH2_phenology_scored_specimen_images,SML_2324177.jpg,2324177,SML_2324177.jpg,unmatched,no unified occurrence row for CCH2 occid=2324177,3,FALSE
NA,NA,NA,NA,NA,NA,NA,NA,NA,cch2_original,/Volumes/Radishes/OG_CCH2_phenology_scored_specimen_images,SML_2324744.jpg,2324744,SML_2324744.jpg,unmatched,no unified occurrence row for CCH2 occid=2324744,3,FALSE
NA,NA,NA,NA,NA,NA,NA,NA,NA,cch2_original,/Volumes/Radishes/OG_CCH2_phenology_scored_specimen_images,SML_2328064.jpg,2328064,SML_2328064.jpg,unmatched,no unified occurrence row for CCH2 occid=2328064,3,FALSE
NA,NA,NA,NA,NA,NA,NA,NA,NA,cch2_original,/Volumes/Radishes/OG_CCH2_phenology_scored_specimen_images,SML_2331781.jpg,2331781,SML_2331781.jpg,unmatched,no unified occurrence row for CCH2 occid=2331781,3,FALSE
NA,NA,NA,NA,NA,NA,NA,NA,NA,cch2_original,/Volumes/Radishes/OG_CCH2_phenology_scored_specimen_images,SML_2332340.jpg,2332340,SML_2332340.jpg,unmatched,no unified occurrence row for CCH2 occid=2332340,3,FALSE
NA,NA,NA,NA,NA,NA,NA,NA,NA,cch2_original,/Volumes/Radishes/OG_CCH2_phenology_scored_specimen_images,SML_2332455.jpg,2332455,SML_2332455.jpg,unmatched,no unified occurrence row for CCH2 occid=2332455,3,FALSE
NA,NA,NA,NA,NA,NA,NA,NA,NA,cch2_original,/Volumes/Radishes/OG_CCH2_phenology_scored_specimen_images,SML_2334928.jpg,2334928,SML_2334928.jpg,unmatched,no unified occurrence row for CCH2 occid=2334928,3,FALSE
NA,NA,NA,NA,NA,NA,NA,NA,NA,cch2_original,/Volumes/Radishes/OG_CCH2_phenology_scored_specimen_images,SML_2334980.jpg,2334980,SML_2334980.jpg,unmatched,no unified occurrence row for CCH2 occid=2334980,3,FALSE
NA,NA,NA,NA,NA,NA,NA,NA,NA,cch2_original,/Volumes/Radishes/OG_CCH2_phenology_scored_specimen_images,SML_2336172.jpg,2336172,SML_2336172.jpg,unmatched,no unified occurrence row for CCH2 occid=2336172,3,FALSE
NA,NA,NA,NA,NA,NA,NA,NA,NA,cch2_original,/Volumes/Radishes/OG_CCH2_phenology_scored_specimen_images,SML_2336537.jpg,2336537,SML_2336537.jpg,unmatched,no unified occurrence row for CCH2 occid=2336537,3,FALSE
NA,NA,NA,NA,NA,NA,NA,NA,NA,cch2_original,/Volumes/Radishes/OG_CCH2_phenology_scored_specimen_images,SML_2338864.jpg,2338864,SML_2338864.jpg,unmatched,no unified occurrence row for CCH2 occid=2338864,3,FALSE
NA,NA,NA,NA,NA,NA,NA,NA,NA,cch2_original,/Volumes/Radishes/OG_CCH2_phenology_scored_specimen_images,SML_2342281.jpg,2342281,SML_2342281.jpg,unmatched,no unified occurrence row for CCH2 occid=2342281,3,FALSE
NA,NA,NA,NA,NA,NA,NA,NA,NA,cch2_original,/Volumes/Radishes/OG_CCH2_phenology_scored_specimen_images,SML_2342720.jpg,2342720,SML_2342720.jpg,unmatched,no unified occurrence row for CCH2 occid=2342720,3,FALSE
NA,NA,NA,NA,NA,NA,NA,NA,NA,cch2_original,/Volumes/Radishes/OG_CCH2_phenology_scored_specimen_images,SML_2345323.jpg,2345323,SML_2345323.jpg,unmatched,no unified occurrence row for CCH2 occid=2345323,3,FALSE
NA,NA,NA,NA,NA,NA,NA,NA,NA,cch2_original,/Volumes/Radishes/OG_CCH2_phenology_scored_specimen_images,SML_2355178.jpg,2355178,SML_2355178.jpg,unmatched,no unified occurrence row for CCH2 occid=2355178,3,FALSE
NA,NA,NA,NA,NA,NA,NA,NA,NA,cch2_original,/Volumes/Radishes/OG_CCH2_phenology_scored_specimen_images,SML_2355201.jpg,2355201,SML_2355201.jpg,unmatched,no unified occurrence row for CCH2 occid=2355201,3,FALSE
NA,NA,NA,NA,NA,NA,NA,NA,NA,cch2_original,/Volumes/Radishes/OG_CCH2_phenology_scored_specimen_images,SML_2358602.jpg,2358602,SML_2358602.jpg,unmatched,no unified occurrence row for CCH2 occid=2358602,3,FALSE
NA,NA,NA,NA,NA,NA,NA,NA,NA,cch2_original,/Volumes/Radishes/OG_CCH2_phenology_scored_specimen_images,SML_2358623.jpg,2358623,SML_2358623.jpg,unmatched,no unified occurrence row for CCH2 occid=2358623,3,FALSE
NA,NA,NA,NA,NA,NA,NA,NA,NA,cch2_original,/Volumes/Radishes/OG_CCH2_phenology_scored_specimen_images,SML_2359386.jpg,2359386,SML_2359386.jpg,unmatched,no unified occurrence row for CCH2 occid=2359386,3,FALSE
NA,NA,NA,NA,NA,NA,NA,NA,NA,cch2_original,/Volumes/Radishes/OG_CCH2_phenology_scored_specimen_images,SML_2359565.jpg,2359565,SML_2359565.jpg,unmatched,no unified occurrence row for CCH2 occid=2359565,3,FALSE
NA,NA,NA,NA,NA,NA,NA,NA,NA,cch2_original,/Volumes/Radishes/OG_CCH2_phenology_scored_specimen_images,SML_2363992.jpg,2363992,SML_2363992.jpg,unmatched,no unified occurrence row for CCH2 occid=2363992,3,FALSE
NA,NA,NA,NA,NA,NA,NA,NA,NA,cch2_original,/Volumes/Radishes/OG_CCH2_phenology_scored_specimen_images,SML_2366615.jpg,2366615,SML_2366615.jpg,unmatched,no unified occurrence row for CCH2 occid=2366615,3,FALSE
NA,NA,NA,NA,NA,NA,NA,NA,NA,cch2_original,/Volumes/Radishes/OG_CCH2_phenology_scored_specimen_images,SML_2368640.jpg,2368640,SML_2368640.jpg,unmatched,no unified occurrence row for CCH2 occid=2368640,3,FALSE
NA,NA,NA,NA,NA,NA,NA,NA,NA,cch2_original,/Volumes/Radishes/OG_CCH2_phenology_scored_specimen_images,SML_2369059.jpg,2369059,SML_2369059.jpg,unmatched,no unified occurrence row for CCH2 occid=2369059,3,FALSE
NA,NA,NA,NA,NA,NA,NA,NA,NA,cch2_original,/Volumes/Radishes/OG_CCH2_phenology_scored_specimen_images,SML_2369553.jpg,2369553,SML_2369553.jpg,unmatched,no unified occurrence row for CCH2 occid=2369553,3,FALSE
NA,NA,NA,NA,NA,NA,NA,NA,NA,cch2_original,/Volumes/Radishes/OG_CCH2_phenology_scored_specimen_images,SML_2370292.jpg,2370292,SML_2370292.jpg,unmatched,no unified occurrence row for CCH2 occid=2370292,3,FALSE
NA,NA,NA,NA,NA,NA,NA,NA,NA,cch2_original,/Volumes/Radishes/OG_CCH2_phenology_scored_specimen_images,SML_2371446.jpg,2371446,SML_2371446.jpg,unmatched,no unified occurrence row for CCH2 occid=2371446,3,FALSE
NA,NA,NA,NA,NA,NA,NA,NA,NA,cch2_original,/Volumes/Radishes/OG_CCH2_phenology_scored_specimen_images,SML_2373106.jpg,2373106,SML_2373106.jpg,unmatched,no unified occurrence row for CCH2 occid=2373106,3,FALSE
NA,NA,NA,NA,NA,NA,NA,NA,NA,cch2_original,/Volumes/Radishes/OG_CCH2_phenology_scored_specimen_images,SML_2377415.jpg,2377415,SML_2377415.jpg,unmatched,no unified occurrence row for CCH2 occid=2377415,3,FALSE
NA,NA,NA,NA,NA,NA,NA,NA,NA,cch2_original,/Volumes/Radishes/OG_CCH2_phenology_scored_specimen_images,SML_2378472.jpg,2378472,SML_2378472.jpg,unmatched,no unified occurrence row for CCH2 occid=2378472,3,FALSE
NA,NA,NA,NA,NA,NA,NA,NA,NA,cch2_original,/Volumes/Radishes/OG_CCH2_phenology_scored_specimen_images,SML_2378585.jpg,2378585,SML_2378585.jpg,unmatched,no unified occurrence row for CCH2 occid=2378585,3,FALSE
NA,NA,NA,NA,NA,NA,NA,NA,NA,cch2_original,/Volumes/Radishes/OG_CCH2_phenology_scored_specimen_images,SML_2380407.jpg,2380407,SML_2380407.jpg,unmatched,no unified occurrence row for CCH2 occid=2380407,3,FALSE
NA,NA,NA,NA,NA,NA,NA,NA,NA,cch2_original,/Volumes/Radishes/OG_CCH2_phenology_scored_specimen_images,SML_2385124.jpg,2385124,SML_2385124.jpg,unmatched,no unified occurrence row for CCH2 occid=2385124,3,FALSE
NA,NA,NA,NA,NA,NA,NA,NA,NA,cch2_original,/Volumes/Radishes/OG_CCH2_phenology_scored_specimen_images,SML_2385707.jpg,2385707,SML_2385707.jpg,unmatched,no unified occurrence row for CCH2 occid=2385707,3,FALSE
NA,NA,NA,NA,NA,NA,NA,NA,NA,cch2_original,/Volumes/Radishes/OG_CCH2_phenology_scored_specimen_images,SML_2387538.jpg,2387538,SML_2387538.jpg,unmatched,no unified occurrence row for CCH2 occid=2387538,3,FALSE
NA,NA,NA,NA,NA,NA,NA,NA,NA,cch2_original,/Volumes/Radishes/OG_CCH2_phenology_scored_specimen_images,SML_2388759.jpg,2388759,SML_2388759.jpg,unmatched,no unified occurrence row for CCH2 occid=2388759,3,FALSE
NA,NA,NA,NA,NA,NA,NA,NA,NA,cch2_original,/Volumes/Radishes/OG_CCH2_phenology_scored_specimen_images,SML_2390205.jpg,2390205,SML_2390205.jpg,unmatched,no unified occurrence row for CCH2 occid=2390205,3,FALSE
NA,NA,NA,NA,NA,NA,NA,NA,NA,cch2_original,/Volumes/Radishes/OG_CCH2_phenology_scored_specimen_images,SML_2393459.jpg,2393459,SML_2393459.jpg,unmatched,no unified occurrence row for CCH2 occid=2393459,3,FALSE
NA,NA,NA,NA,NA,NA,NA,NA,NA,cch2_original,/Volumes/Radishes/OG_CCH2_phenology_scored_specimen_images,SML_2395018.jpg,2395018,SML_2395018.jpg,unmatched,no unified occurrence row for CCH2 occid=2395018,3,FALSE
NA,NA,NA,NA,NA,NA,NA,NA,NA,cch2_original,/Volumes/Radishes/OG_CCH2_phenology_scored_specimen_images,SML_2395241.jpg,2395241,SML_2395241.jpg,unmatched,no unified occurrence row for CCH2 occid=2395241,3,FALSE
NA,NA,NA,NA,NA,NA,NA,NA,NA,cch2_original,/Volumes/Radishes/OG_CCH2_phenology_scored_specimen_images,SML_2395595.jpg,2395595,SML_2395595.jpg,unmatched,no unified occurrence row for CCH2 occid=2395595,3,FALSE
NA,NA,NA,NA,NA,NA,NA,NA,NA,cch2_original,/Volumes/Radishes/OG_CCH2_phenology_scored_specimen_images,SML_2397709.jpg,2397709,SML_2397709.jpg,unmatched,no unified occurrence row for CCH2 occid=2397709,3,FALSE
NA,NA,NA,NA,NA,NA,NA,NA,NA,cch2_original,/Volumes/Radishes/OG_CCH2_phenology_scored_specimen_images,SML_2398571.jpg,2398571,SML_2398571.jpg,unmatched,no unified occurrence row for CCH2 occid=2398571,3,FALSE
NA,NA,NA,NA,NA,NA,NA,NA,NA,cch2_original,/Volumes/Radishes/OG_CCH2_phenology_scored_specimen_images,SML_2399359.jpg,2399359,SML_2399359.jpg,unmatched,no unified occurrence row for CCH2 occid=2399359,3,FALSE
NA,NA,NA,NA,NA,NA,NA,NA,NA,cch2_original,/Volumes/Radishes/OG_CCH2_phenology_scored_specimen_images,SML_2403101.jpg,2403101,SML_2403101.jpg,unmatched,no unified occurrence row for CCH2 occid=2403101,3,FALSE
NA,NA,NA,NA,NA,NA,NA,NA,NA,cch2_original,/Volumes/Radishes/OG_CCH2_phenology_scored_specimen_images,SML_2405194.jpg,2405194,SML_2405194.jpg,unmatched,no unified occurrence row for CCH2 occid=2405194,3,FALSE
NA,NA,NA,NA,NA,NA,NA,NA,NA,cch2_original,/Volumes/Radishes/OG_CCH2_phenology_scored_specimen_images,SML_2405523.jpg,2405523,SML_2405523.jpg,unmatched,no unified occurrence row for CCH2 occid=2405523,3,FALSE
NA,NA,NA,NA,NA,NA,NA,NA,NA,cch2_original,/Volumes/Radishes/OG_CCH2_phenology_scored_specimen_images,SML_2406304.jpg,2406304,SML_2406304.jpg,unmatched,no unified occurrence row for CCH2 occid=2406304,3,FALSE
NA,NA,NA,NA,NA,NA,NA,NA,NA,cch2_original,/Volumes/Radishes/OG_CCH2_phenology_scored_specimen_images,SML_2406880.jpg,2406880,SML_2406880.jpg,unmatched,no unified occurrence row for CCH2 occid=2406880,3,FALSE
NA,NA,NA,NA,NA,NA,NA,NA,NA,cch2_original,/Volumes/Radishes/OG_CCH2_phenology_scored_specimen_images,SML_2409497.jpg,2409497,SML_2409497.jpg,unmatched,no unified occurrence row for CCH2 occid=2409497,3,FALSE
NA,NA,NA,NA,NA,NA,NA,NA,NA,cch2_original,/Volumes/Radishes/OG_CCH2_phenology_scored_specimen_images,SML_2411397.jpg,2411397,SML_2411397.jpg,unmatched,no unified occurrence row for CCH2 occid=2411397,3,FALSE
NA,NA,NA,NA,NA,NA,NA,NA,NA,cch2_original,/Volumes/Radishes/OG_CCH2_phenology_scored_specimen_images,SML_2412262.jpg,2412262,SML_2412262.jpg,unmatched,no unified occurrence row for CCH2 occid=2412262,3,FALSE
NA,NA,NA,NA,NA,NA,NA,NA,NA,cch2_original,/Volumes/Radishes/OG_CCH2_phenology_scored_specimen_images,SML_2414047.jpg,2414047,SML_2414047.jpg,unmatched,no unified occurrence row for CCH2 occid=2414047,3,FALSE
NA,NA,NA,NA,NA,NA,NA,NA,NA,cch2_original,/Volumes/Radishes/OG_CCH2_phenology_scored_specimen_images,SML_2414894.jpg,2414894,SML_2414894.jpg,unmatched,no unified occurrence row for CCH2 occid=2414894,3,FALSE
NA,NA,NA,NA,NA,NA,NA,NA,NA,cch2_original,/Volumes/Radishes/OG_CCH2_phenology_scored_specimen_images,SML_2415893.jpg,2415893,SML_2415893.jpg,unmatched,no unified occurrence row for CCH2 occid=2415893,3,FALSE
NA,NA,NA,NA,NA,NA,NA,NA,NA,cch2_original,/Volumes/Radishes/OG_CCH2_phenology_scored_specimen_images,SML_2420423.jpg,2420423,SML_2420423.jpg,unmatched,no unified occurrence row for CCH2 occid=2420423,3,FALSE
NA,NA,NA,NA,NA,NA,NA,NA,NA,cch2_original,/Volumes/Radishes/OG_CCH2_phenology_scored_specimen_images,SML_2424544.jpg,2424544,SML_2424544.jpg,unmatched,no unified occurrence row for CCH2 occid=2424544,3,FALSE
NA,NA,NA,NA,NA,NA,NA,NA,NA,cch2_original,/Volumes/Radishes/OG_CCH2_phenology_scored_specimen_images,SML_2425563.jpg,2425563,SML_2425563.jpg,unmatched,no unified occurrence row for CCH2 occid=2425563,3,FALSE
NA,NA,NA,NA,NA,NA,NA,NA,NA,cch2_original,/Volumes/Radishes/OG_CCH2_phenology_scored_specimen_images,SML_2431017.jpg,2431017,SML_2431017.jpg,unmatched,no unified occurrence row for CCH2 occid=2431017,3,FALSE
NA,NA,NA,NA,NA,NA,NA,NA,NA,cch2_original,/Volumes/Radishes/OG_CCH2_phenology_scored_specimen_images,SML_2433969.jpg,2433969,SML_2433969.jpg,unmatched,no unified occurrence row for CCH2 occid=2433969,3,FALSE
NA,NA,NA,NA,NA,NA,NA,NA,NA,cch2_original,/Volumes/Radishes/OG_CCH2_phenology_scored_specimen_images,SML_2437632.jpg,2437632,SML_2437632.jpg,unmatched,no unified occurrence row for CCH2 occid=2437632,3,FALSE
NA,NA,NA,NA,NA,NA,NA,NA,NA,cch2_original,/Volumes/Radishes/OG_CCH2_phenology_scored_specimen_images,SML_2437901.jpg,2437901,SML_2437901.jpg,unmatched,no unified occurrence row for CCH2 occid=2437901,3,FALSE
NA,NA,NA,NA,NA,NA,NA,NA,NA,cch2_original,/Volumes/Radishes/OG_CCH2_phenology_scored_specimen_images,SML_2438182.jpg,2438182,SML_2438182.jpg,unmatched,no unified occurrence row for CCH2 occid=2438182,3,FALSE
NA,NA,NA,NA,NA,NA,NA,NA,NA,cch2_original,/Volumes/Radishes/OG_CCH2_phenology_scored_specimen_images,SML_2440492.jpg,2440492,SML_2440492.jpg,unmatched,no unified occurrence row for CCH2 occid=2440492,3,FALSE
NA,NA,NA,NA,NA,NA,NA,NA,NA,cch2_original,/Volumes/Radishes/OG_CCH2_phenology_scored_specimen_images,SML_2442814.jpg,2442814,SML_2442814.jpg,unmatched,no unified occurrence row for CCH2 occid=2442814,3,FALSE
NA,NA,NA,NA,NA,NA,NA,NA,NA,cch2_original,/Volumes/Radishes/OG_CCH2_phenology_scored_specimen_images,SML_2447532.jpg,2447532,SML_2447532.jpg,unmatched,no unified occurrence row for CCH2 occid=2447532,3,FALSE
NA,NA,NA,NA,NA,NA,NA,NA,NA,cch2_original,/Volumes/Radishes/OG_CCH2_phenology_scored_specimen_images,SML_2448284.jpg,2448284,SML_2448284.jpg,unmatched,no unified occurrence row for CCH2 occid=2448284,3,FALSE
NA,NA,NA,NA,NA,NA,NA,NA,NA,cch2_original,/Volumes/Radishes/OG_CCH2_phenology_scored_specimen_images,SML_2449627.jpg,2449627,SML_2449627.jpg,unmatched,no unified occurrence row for CCH2 occid=2449627,3,FALSE
NA,NA,NA,NA,NA,NA,NA,NA,NA,cch2_original,/Volumes/Radishes/OG_CCH2_phenology_scored_specimen_images,SML_2450089.jpg,2450089,SML_2450089.jpg,unmatched,no unified occurrence row for CCH2 occid=2450089,3,FALSE
NA,NA,NA,NA,NA,NA,NA,NA,NA,cch2_original,/Volumes/Radishes/OG_CCH2_phenology_scored_specimen_images,SML_2450948.jpg,2450948,SML_2450948.jpg,unmatched,no unified occurrence row for CCH2 occid=2450948,3,FALSE
NA,NA,NA,NA,NA,NA,NA,NA,NA,cch2_original,/Volumes/Radishes/OG_CCH2_phenology_scored_specimen_images,SML_2456431.jpg,2456431,SML_2456431.jpg,unmatched,no unified occurrence row for CCH2 occid=2456431,3,FALSE
NA,NA,NA,NA,NA,NA,NA,NA,NA,cch2_original,/Volumes/Radishes/OG_CCH2_phenology_scored_specimen_images,SML_2457183.jpg,2457183,SML_2457183.jpg,unmatched,no unified occurrence row for CCH2 occid=2457183,3,FALSE
NA,NA,NA,NA,NA,NA,NA,NA,NA,cch2_original,/Volumes/Radishes/OG_CCH2_phenology_scored_specimen_images,SML_2457381.jpg,2457381,SML_2457381.jpg,unmatched,no unified occurrence row for CCH2 occid=2457381,3,FALSE
NA,NA,NA,NA,NA,NA,NA,NA,NA,cch2_original,/Volumes/Radishes/OG_CCH2_phenology_scored_specimen_images,SML_2460390.jpg,2460390,SML_2460390.jpg,unmatched,no unified occurrence row for CCH2 occid=2460390,3,FALSE
NA,NA,NA,NA,NA,NA,NA,NA,NA,cch2_original,/Volumes/Radishes/OG_CCH2_phenology_scored_specimen_images,SML_2462821.jpg,2462821,SML_2462821.jpg,unmatched,no unified occurrence row for CCH2 occid=2462821,3,FALSE
NA,NA,NA,NA,NA,NA,NA,NA,NA,cch2_original,/Volumes/Radishes/OG_CCH2_phenology_scored_specimen_images,SML_2464854.jpg,2464854,SML_2464854.jpg,unmatched,no unified occurrence row for CCH2 occid=2464854,3,FALSE
NA,NA,NA,NA,NA,NA,NA,NA,NA,cch2_original,/Volumes/Radishes/OG_CCH2_phenology_scored_specimen_images,SML_2465901.jpg,2465901,SML_2465901.jpg,unmatched,no unified occurrence row for CCH2 occid=2465901,3,FALSE
NA,NA,NA,NA,NA,NA,NA,NA,NA,cch2_original,/Volumes/Radishes/OG_CCH2_phenology_scored_specimen_images,SML_2465925.jpg,2465925,SML_2465925.jpg,unmatched,no unified occurrence row for CCH2 occid=2465925,3,FALSE
NA,NA,NA,NA,NA,NA,NA,NA,NA,cch2_original,/Volumes/Radishes/OG_CCH2_phenology_scored_specimen_images,SML_2500762.jpg,2500762,SML_2500762.jpg,unmatched,no unified occurrence row for CCH2 occid=2500762,3,FALSE
NA,NA,NA,NA,NA,NA,NA,NA,NA,cch2_original,/Volumes/Radishes/OG_CCH2_phenology_scored_specimen_images,SML_2767670.jpg,2767670,SML_2767670.jpg,unmatched,no unified occurrence row for CCH2 occid=2767670,3,FALSE
NA,NA,NA,NA,NA,NA,NA,NA,NA,cch2_original,/Volumes/Radishes/OG_CCH2_phenology_scored_specimen_images,SML_2767898.jpg,2767898,SML_2767898.jpg,unmatched,no unified occurrence row for CCH2 occid=2767898,3,FALSE
NA,NA,NA,NA,NA,NA,NA,NA,NA,cch2_original,/Volumes/Radishes/OG_CCH2_phenology_scored_specimen_images,SML_2771952.jpg,2771952,SML_2771952.jpg,unmatched,no unified occurrence row for CCH2 occid=2771952,3,FALSE
NA,NA,NA,NA,NA,NA,NA,NA,NA,cch2_original,/Volumes/Radishes/OG_CCH2_phenology_scored_specimen_images,SML_2771954.jpg,2771954,SML_2771954.jpg,unmatched,no unified occurrence row for CCH2 occid=2771954,3,FALSE
NA,NA,NA,NA,NA,NA,NA,NA,NA,cch2_original,/Volumes/Radishes/OG_CCH2_phenology_scored_specimen_images,SML_2772133.jpg,2772133,SML_2772133.jpg,unmatched,no unified occurrence row for CCH2 occid=2772133,3,FALSE
NA,NA,NA,NA,NA,NA,NA,NA,NA,cch2_original,/Volumes/Radishes/OG_CCH2_phenology_scored_specimen_images,SML_5043016.jpg,5043016,SML_5043016.jpg,unmatched,no unified occurrence row for CCH2 occid=5043016,3,FALSE
NA,NA,NA,NA,NA,NA,NA,NA,NA,cch2_original,/Volumes/Radishes/OG_CCH2_phenology_scored_specimen_images,SML_5504845.jpg,5504845,SML_5504845.jpg,unmatched,no unified occurrence row for CCH2 occid=5504845,3,FALSE
NA,NA,NA,NA,NA,NA,NA,NA,NA,cch2_original,/Volumes/Radishes/OG_CCH2_phenology_scored_specimen_images,SML_5504847.jpg,5504847,SML_5504847.jpg,unmatched,no unified occurrence row for CCH2 occid=5504847,3,FALSE
NA,NA,NA,NA,NA,NA,NA,NA,NA,cch2_original,/Volumes/Radishes/OG_CCH2_phenology_scored_specimen_images,SML_5504849.jpg,5504849,SML_5504849.jpg,unmatched,no unified occurrence row for CCH2 occid=5504849,3,FALSE
NA,NA,NA,NA,NA,NA,NA,NA,NA,cch2_original,/Volumes/Radishes/OG_CCH2_phenology_scored_specimen_images,SML_5504850.jpg,5504850,SML_5504850.jpg,unmatched,no unified occurrence row for CCH2 occid=5504850,3,FALSE
NA,NA,NA,NA,NA,NA,NA,NA,NA,cch2_original,/Volumes/Radishes/OG_CCH2_phenology_scored_specimen_images,SML_5504851.jpg,5504851,SML_5504851.jpg,unmatched,no unified occurrence row for CCH2 occid=5504851,3,FALSE
NA,NA,NA,NA,NA,NA,NA,NA,NA,cch2_original,/Volumes/Radishes/OG_CCH2_phenology_scored_specimen_images,SML_5504852.jpg,5504852,SML_5504852.jpg,unmatched,no unified occurrence row for CCH2 occid=5504852,3,FALSE
NA,NA,NA,NA,NA,NA,NA,NA,NA,cch2_original,/Volumes/Radishes/OG_CCH2_phenology_scored_specimen_images,SML_5504853.jpg,5504853,SML_5504853.jpg,unmatched,no unified occurrence row for CCH2 occid=5504853,3,FALSE
NA,NA,NA,NA,NA,NA,NA,NA,NA,cch2_original,/Volumes/Radishes/OG_CCH2_phenology_scored_specimen_images,SML_5504854.jpg,5504854,SML_5504854.jpg,unmatched,no unified occurrence row for CCH2 occid=5504854,3,FALSE
NA,NA,NA,NA,NA,NA,NA,NA,NA,cch2_original,/Volumes/Radishes/OG_CCH2_phenology_scored_specimen_images,SML_5504855.jpg,5504855,SML_5504855.jpg,unmatched,no unified occurrence row for CCH2 occid=5504855,3,FALSE
NA,NA,NA,NA,NA,NA,NA,NA,NA,cch2_original,/Volumes/Radishes/OG_CCH2_phenology_scored_specimen_images,SML_5504856.jpg,5504856,SML_5504856.jpg,unmatched,no unified occurrence row for CCH2 occid=5504856,3,FALSE
NA,NA,NA,NA,NA,NA,NA,NA,NA,cch2_original,/Volumes/Radishes/OG_CCH2_phenology_scored_specimen_images,SML_5504857.jpg,5504857,SML_5504857.jpg,unmatched,no unified occurrence row for CCH2 occid=5504857,3,FALSE
NA,NA,NA,NA,NA,NA,NA,NA,NA,cch2_original,/Volumes/Radishes/OG_CCH2_phenology_scored_specimen_images,SML_5504859.jpg,5504859,SML_5504859.jpg,unmatched,no unified occurrence row for CCH2 occid=5504859,3,FALSE
NA,NA,NA,NA,NA,NA,NA,NA,NA,cch2_original,/Volumes/Radishes/OG_CCH2_phenology_scored_specimen_images,SML_5504861.jpg,5504861,SML_5504861.jpg,unmatched,no unified occurrence row for CCH2 occid=5504861,3,FALSE
NA,NA,NA,NA,NA,NA,NA,NA,NA,cch2_original,/Volumes/Radishes/OG_CCH2_phenology_scored_specimen_images,SML_5504862.jpg,5504862,SML_5504862.jpg,unmatched,no unified occurrence row for CCH2 occid=5504862,3,FALSE
NA,NA,NA,NA,NA,NA,NA,NA,NA,cch2_original,/Volumes/Radishes/OG_CCH2_phenology_scored_specimen_images,SML_5504863.jpg,5504863,SML_5504863.jpg,unmatched,no unified occurrence row for CCH2 occid=5504863,3,FALSE
NA,NA,NA,NA,NA,NA,NA,NA,NA,cch2_original,/Volumes/Radishes/OG_CCH2_phenology_scored_specimen_images,SML_5504865.jpg,5504865,SML_5504865.jpg,unmatched,no unified occurrence row for CCH2 occid=5504865,3,FALSE
NA,NA,NA,NA,NA,NA,NA,NA,NA,cch2_original,/Volumes/Radishes/OG_CCH2_phenology_scored_specimen_images,SML_5504866.jpg,5504866,SML_5504866.jpg,unmatched,no unified occurrence row for CCH2 occid=5504866,3,FALSE
NA,NA,NA,NA,NA,NA,NA,NA,NA,cch2_original,/Volumes/Radishes/OG_CCH2_phenology_scored_specimen_images,SML_5504867.jpg,5504867,SML_5504867.jpg,unmatched,no unified occurrence row for CCH2 occid=5504867,3,FALSE
NA,NA,NA,NA,NA,NA,NA,NA,NA,cch2_original,/Volumes/Radishes/OG_CCH2_phenology_scored_specimen_images,SML_5504868.jpg,5504868,SML_5504868.jpg,unmatched,no unified occurrence row for CCH2 occid=5504868,3,FALSE
NA,NA,NA,NA,NA,NA,NA,NA,NA,cch2_original,/Volumes/Radishes/OG_CCH2_phenology_scored_specimen_images,SML_5504869.jpg,5504869,SML_5504869.jpg,unmatched,no unified occurrence row for CCH2 occid=5504869,3,FALSE
NA,NA,NA,NA,NA,NA,NA,NA,NA,cch2_original,/Volumes/Radishes/OG_CCH2_phenology_scored_specimen_images,SML_5504870.jpg,5504870,SML_5504870.jpg,unmatched,no unified occurrence row for CCH2 occid=5504870,3,FALSE
NA,NA,NA,NA,NA,NA,NA,NA,NA,cch2_original,/Volumes/Radishes/OG_CCH2_phenology_scored_specimen_images,SML_5504871.jpg,5504871,SML_5504871.jpg,unmatched,no unified occurrence row for CCH2 occid=5504871,3,FALSE
NA,NA,NA,NA,NA,NA,NA,NA,NA,cch2_original,/Volumes/Radishes/OG_CCH2_phenology_scored_specimen_images,SML_5504872.jpg,5504872,SML_5504872.jpg,unmatched,no unified occurrence row for CCH2 occid=5504872,3,FALSE
NA,NA,NA,NA,NA,NA,NA,NA,NA,cch2_original,/Volumes/Radishes/OG_CCH2_phenology_scored_specimen_images,SML_5504874.jpg,5504874,SML_5504874.jpg,unmatched,no unified occurrence row for CCH2 occid=5504874,3,FALSE
NA,NA,NA,NA,NA,NA,NA,NA,NA,cch2_original,/Volumes/Radishes/OG_CCH2_phenology_scored_specimen_images,SML_5504875.jpg,5504875,SML_5504875.jpg,unmatched,no unified occurrence row for CCH2 occid=5504875,3,FALSE
NA,NA,NA,NA,NA,NA,NA,NA,NA,cch2_original,/Volumes/Radishes/OG_CCH2_phenology_scored_specimen_images,SML_5569673.jpg,5569673,SML_5569673.jpg,unmatched,no unified occurrence row for CCH2 occid=5569673,3,FALSE
NA,NA,NA,NA,NA,NA,NA,NA,NA,cch2_original,/Volumes/Radishes/OG_CCH2_phenology_scored_specimen_images,SML_5569675.jpg,5569675,SML_5569675.jpg,unmatched,no unified occurrence row for CCH2 occid=5569675,3,FALSE
NA,NA,NA,NA,NA,NA,NA,NA,NA,cch2_original,/Volumes/Radishes/OG_CCH2_phenology_scored_specimen_images,SML_5569677.jpg,5569677,SML_5569677.jpg,unmatched,no unified occurrence row for CCH2 occid=5569677,3,FALSE
NA,NA,NA,NA,NA,NA,NA,NA,NA,cch2_original,/Volumes/Radishes/OG_CCH2_phenology_scored_specimen_images,SML_5569678.jpg,5569678,SML_5569678.jpg,unmatched,no unified occurrence row for CCH2 occid=5569678,3,FALSE
NA,NA,NA,NA,NA,NA,NA,NA,NA,cch2_original,/Volumes/Radishes/OG_CCH2_phenology_scored_specimen_images,SML_5569681.jpg,5569681,SML_5569681.jpg,unmatched,no unified occurrence row for CCH2 occid=5569681,3,FALSE
NA,NA,NA,NA,NA,NA,NA,NA,NA,cch2_original,/Volumes/Radishes/OG_CCH2_phenology_scored_specimen_images,SML_5569682.jpg,5569682,SML_5569682.jpg,unmatched,no unified occurrence row for CCH2 occid=5569682,3,FALSE
NA,NA,NA,NA,NA,NA,NA,NA,NA,cch2_original,/Volumes/Radishes/OG_CCH2_phenology_scored_specimen_images,SML_5569849.jpg,5569849,SML_5569849.jpg,unmatched,no unified occurrence row for CCH2 occid=5569849,3,FALSE
NA,NA,NA,NA,NA,NA,NA,NA,NA,cch2_original,/Volumes/Radishes/OG_CCH2_phenology_scored_specimen_images,SML_5569850.jpg,5569850,SML_5569850.jpg,unmatched,no unified occurrence row for CCH2 occid=5569850,3,FALSE
NA,NA,NA,NA,NA,NA,NA,NA,NA,cch2_original,/Volumes/Radishes/OG_CCH2_phenology_scored_specimen_images,SML_5569853.jpg,5569853,SML_5569853.jpg,unmatched,no unified occurrence row for CCH2 occid=5569853,3,FALSE
NA,NA,NA,NA,NA,NA,NA,NA,NA,cch2_original,/Volumes/Radishes/OG_CCH2_phenology_scored_specimen_images,SML_5569854.jpg,5569854,SML_5569854.jpg,unmatched,no unified occurrence row for CCH2 occid=5569854,3,FALSE
NA,NA,NA,NA,NA,NA,NA,NA,NA,cch2_original,/Volumes/Radishes/OG_CCH2_phenology_scored_specimen_images,SML_5697344.jpg,5697344,SML_5697344.jpg,unmatched,no unified occurrence row for CCH2 occid=5697344,3,FALSE
NA,NA,NA,NA,NA,NA,NA,NA,NA,gbif_previous_download,/Volumes/Radishes/GBIF_phenology_scored_specimen_images,1999245273.jpg,1999245273,1999245273.jpg,unmatched,no unified occurrence row for old gbifID=1999245273 via occurrenceID,4,FALSE
NA,NA,NA,NA,NA,NA,NA,NA,NA,gbif_previous_download,/Volumes/Radishes/GBIF_phenology_scored_specimen_images,1999324495.jpg,1999324495,1999324495.jpg,unmatched,no unified occurrence row for old gbifID=1999324495 via occurrenceID,4,FALSE
NA,NA,NA,NA,NA,NA,NA,NA,NA,gbif_previous_download,/Volumes/Radishes/GBIF_phenology_scored_specimen_images,1999429074.jpg,1999429074,1999429074.jpg,unmatched,no unified occurrence row for old gbifID=1999429074 via occurrenceID,4,FALSE
NA,NA,NA,NA,NA,NA,NA,NA,NA,gbif_previous_download,/Volumes/Radishes/GBIF_phenology_scored_specimen_images,2234328717.jpg,2234328717,2234328717.jpg,unmatched,no unified occurrence row for old gbifID=2234328717 via occurrenceID,4,FALSE
NA,NA,NA,NA,NA,NA,NA,NA,NA,gbif_previous_download,/Volumes/Radishes/GBIF_phenology_scored_specimen_images,2234329345.jpg,2234329345,2234329345.jpg,unmatched,no unified occurrence row for old gbifID=2234329345 via occurrenceID,4,FALSE
NA,NA,NA,NA,NA,NA,NA,NA,NA,gbif_previous_download,/Volumes/Radishes/GBIF_phenology_scored_specimen_images,2234329354.jpg,2234329354,2234329354.jpg,unmatched,no unified occurrence row for old gbifID=2234329354 via occurrenceID,4,FALSE
NA,NA,NA,NA,NA,NA,NA,NA,NA,gbif_previous_download,/Volumes/Radishes/GBIF_phenology_scored_specimen_images,2234329480.jpg,2234329480,2234329480.jpg,unmatched,no unified occurrence row for old gbifID=2234329480 via occurrenceID,4,FALSE
NA,NA,NA,NA,NA,NA,NA,NA,NA,gbif_previous_download,/Volumes/Radishes/GBIF_phenology_scored_specimen_images,2234329619.jpg,2234329619,2234329619.jpg,unmatched,no unified occurrence row for old gbifID=2234329619 via occurrenceID,4,FALSE
NA,NA,NA,NA,NA,NA,NA,NA,NA,gbif_previous_download,/Volumes/Radishes/GBIF_phenology_scored_specimen_images,2234329735.jpg,2234329735,2234329735.jpg,unmatched,no unified occurrence row for old gbifID=2234329735 via occurrenceID,4,FALSE
NA,NA,NA,NA,NA,NA,NA,NA,NA,gbif_previous_download,/Volumes/Radishes/GBIF_phenology_scored_specimen_images,2234329767.jpg,2234329767,2234329767.jpg,unmatched,no unified occurrence row for old gbifID=2234329767 via occurrenceID,4,FALSE
NA,NA,NA,NA,NA,NA,NA,NA,NA,gbif_previous_download,/Volumes/Radishes/GBIF_phenology_scored_specimen_images,2234329914.jpg,2234329914,2234329914.jpg,unmatched,no unified occurrence row for old gbifID=2234329914 via occurrenceID,4,FALSE
NA,NA,NA,NA,NA,NA,NA,NA,NA,gbif_previous_download,/Volumes/Radishes/GBIF_phenology_scored_specimen_images,2234329990.jpg,2234329990,2234329990.jpg,unmatched,no unified occurrence row for old gbifID=2234329990 via occurrenceID,4,FALSE
NA,NA,NA,NA,NA,NA,NA,NA,NA,gbif_previous_download,/Volumes/Radishes/GBIF_phenology_scored_specimen_images,2234330048.jpg,2234330048,2234330048.jpg,unmatched,no unified occurrence row for old gbifID=2234330048 via occurrenceID,4,FALSE
NA,NA,NA,NA,NA,NA,NA,NA,NA,gbif_previous_download,/Volumes/Radishes/GBIF_phenology_scored_specimen_images,2234330091.jpg,2234330091,2234330091.jpg,unmatched,no unified occurrence row for old gbifID=2234330091 via occurrenceID,4,FALSE
NA,NA,NA,NA,NA,NA,NA,NA,NA,gbif_previous_download,/Volumes/Radishes/GBIF_phenology_scored_specimen_images,2234330129.jpg,2234330129,2234330129.jpg,unmatched,no unified occurrence row for old gbifID=2234330129 via occurrenceID,4,FALSE
NA,NA,NA,NA,NA,NA,NA,NA,NA,gbif_previous_download,/Volumes/Radishes/GBIF_phenology_scored_specimen_images,2234330162.jpg,2234330162,2234330162.jpg,unmatched,no unified occurrence row for old gbifID=2234330162 via occurrenceID,4,FALSE
NA,NA,NA,NA,NA,NA,NA,NA,NA,gbif_previous_download,/Volumes/Radishes/GBIF_phenology_scored_specimen_images,2234330415.jpg,2234330415,2234330415.jpg,unmatched,no unified occurrence row for old gbifID=2234330415 via occurrenceID,4,FALSE
NA,NA,NA,NA,NA,NA,NA,NA,NA,gbif_previous_download,/Volumes/Radishes/GBIF_phenology_scored_specimen_images,2234330483.jpg,2234330483,2234330483.jpg,unmatched,no unified occurrence row for old gbifID=2234330483 via occurrenceID,4,FALSE
NA,NA,NA,NA,NA,NA,NA,NA,NA,gbif_previous_download,/Volumes/Radishes/GBIF_phenology_scored_specimen_images,2234330502.jpg,2234330502,2234330502.jpg,unmatched,no unified occurrence row for old gbifID=2234330502 via occurrenceID,4,FALSE
NA,NA,NA,NA,NA,NA,NA,NA,NA,gbif_previous_download,/Volumes/Radishes/GBIF_phenology_scored_specimen_images,2234330539.jpg,2234330539,2234330539.jpg,unmatched,no unified occurrence row for old gbifID=2234330539 via occurrenceID,4,FALSE
NA,NA,NA,NA,NA,NA,NA,NA,NA,gbif_previous_download,/Volumes/Radishes/GBIF_phenology_scored_specimen_images,2234330574.jpg,2234330574,2234330574.jpg,unmatched,no unified occurrence row for old gbifID=2234330574 via occurrenceID,4,FALSE
NA,NA,NA,NA,NA,NA,NA,NA,NA,gbif_previous_download,/Volumes/Radishes/GBIF_phenology_scored_specimen_images,2234330604.jpg,2234330604,2234330604.jpg,unmatched,no unified occurrence row for old gbifID=2234330604 via occurrenceID,4,FALSE
NA,NA,NA,NA,NA,NA,NA,NA,NA,gbif_previous_download,/Volumes/Radishes/GBIF_phenology_scored_specimen_images,2234330657.jpg,2234330657,2234330657.jpg,unmatched,no unified occurrence row for old gbifID=2234330657 via occurrenceID,4,FALSE
NA,NA,NA,NA,NA,NA,NA,NA,NA,gbif_previous_download,/Volumes/Radishes/GBIF_phenology_scored_specimen_images,2234330727.jpg,2234330727,2234330727.jpg,unmatched,no unified occurrence row for old gbifID=2234330727 via occurrenceID,4,FALSE
NA,NA,NA,NA,NA,NA,NA,NA,NA,gbif_previous_download,/Volumes/Radishes/GBIF_phenology_scored_specimen_images,2234330806.jpg,2234330806,2234330806.jpg,unmatched,no unified occurrence row for old gbifID=2234330806 via occurrenceID,4,FALSE
NA,NA,NA,NA,NA,NA,NA,NA,NA,gbif_previous_download,/Volumes/Radishes/GBIF_phenology_scored_specimen_images,2234330822.jpg,2234330822,2234330822.jpg,unmatched,no unified occurrence row for old gbifID=2234330822 via occurrenceID,4,FALSE
NA,NA,NA,NA,NA,NA,NA,NA,NA,gbif_previous_download,/Volumes/Radishes/GBIF_phenology_scored_specimen_images,2234330839.jpg,2234330839,2234330839.jpg,unmatched,no unified occurrence row for old gbifID=2234330839 via occurrenceID,4,FALSE
NA,NA,NA,NA,NA,NA,NA,NA,NA,gbif_previous_download,/Volumes/Radishes/GBIF_phenology_scored_specimen_images,2234330852.jpg,2234330852,2234330852.jpg,unmatched,no unified occurrence row for old gbifID=2234330852 via occurrenceID,4,FALSE
NA,NA,NA,NA,NA,NA,NA,NA,NA,gbif_previous_download,/Volumes/Radishes/GBIF_phenology_scored_specimen_images,2234330872.jpg,2234330872,2234330872.jpg,unmatched,no unified occurrence row for old gbifID=2234330872 via occurrenceID,4,FALSE
NA,NA,NA,NA,NA,NA,NA,NA,NA,gbif_previous_download,/Volumes/Radishes/GBIF_phenology_scored_specimen_images,2234330877.jpg,2234330877,2234330877.jpg,unmatched,no unified occurrence row for old gbifID=2234330877 via occurrenceID,4,FALSE
NA,NA,NA,NA,NA,NA,NA,NA,NA,gbif_previous_download,/Volumes/Radishes/GBIF_phenology_scored_specimen_images,2234330897.jpg,2234330897,2234330897.jpg,unmatched,no unified occurrence row for old gbifID=2234330897 via occurrenceID,4,FALSE
NA,NA,NA,NA,NA,NA,NA,NA,NA,gbif_previous_download,/Volumes/Radishes/GBIF_phenology_scored_specimen_images,2234330930.jpg,2234330930,2234330930.jpg,unmatched,no unified occurrence row for old gbifID=2234330930 via occurrenceID,4,FALSE
NA,NA,NA,NA,NA,NA,NA,NA,NA,gbif_previous_download,/Volumes/Radishes/GBIF_phenology_scored_specimen_images,2234330991.jpg,2234330991,2234330991.jpg,unmatched,no unified occurrence row for old gbifID=2234330991 via occurrenceID,4,FALSE
NA,NA,NA,NA,NA,NA,NA,NA,NA,gbif_previous_download,/Volumes/Radishes/GBIF_phenology_scored_specimen_images,2234331004.jpg,2234331004,2234331004.jpg,unmatched,no unified occurrence row for old gbifID=2234331004 via occurrenceID,4,FALSE
NA,NA,NA,NA,NA,NA,NA,NA,NA,gbif_previous_download,/Volumes/Radishes/GBIF_phenology_scored_specimen_images,2234331042.jpg,2234331042,2234331042.jpg,unmatched,no unified occurrence row for old gbifID=2234331042 via occurrenceID,4,FALSE
NA,NA,NA,NA,NA,NA,NA,NA,NA,gbif_previous_download,/Volumes/Radishes/GBIF_phenology_scored_specimen_images,2234331045.jpg,2234331045,2234331045.jpg,unmatched,no unified occurrence row for old gbifID=2234331045 via occurrenceID,4,FALSE
NA,NA,NA,NA,NA,NA,NA,NA,NA,gbif_previous_download,/Volumes/Radishes/GBIF_phenology_scored_specimen_images,2234331046.jpg,2234331046,2234331046.jpg,unmatched,no unified occurrence row for old gbifID=2234331046 via occurrenceID,4,FALSE
NA,NA,NA,NA,NA,NA,NA,NA,NA,gbif_previous_download,/Volumes/Radishes/GBIF_phenology_scored_specimen_images,2234331061.jpg,2234331061,2234331061.jpg,unmatched,no unified occurrence row for old gbifID=2234331061 via occurrenceID,4,FALSE
NA,NA,NA,NA,NA,NA,NA,NA,NA,gbif_previous_download,/Volumes/Radishes/GBIF_phenology_scored_specimen_images,2234331075.jpg,2234331075,2234331075.jpg,unmatched,no unified occurrence row for old gbifID=2234331075 via occurrenceID,4,FALSE
NA,NA,NA,NA,NA,NA,NA,NA,NA,gbif_previous_download,/Volumes/Radishes/GBIF_phenology_scored_specimen_images,2234331098.jpg,2234331098,2234331098.jpg,unmatched,no unified occurrence row for old gbifID=2234331098 via occurrenceID,4,FALSE
NA,NA,NA,NA,NA,NA,NA,NA,NA,gbif_previous_download,/Volumes/Radishes/GBIF_phenology_scored_specimen_images,2234331136.jpg,2234331136,2234331136.jpg,unmatched,no unified occurrence row for old gbifID=2234331136 via occurrenceID,4,FALSE
NA,NA,NA,NA,NA,NA,NA,NA,NA,gbif_previous_download,/Volumes/Radishes/GBIF_phenology_scored_specimen_images,2234331195.jpg,2234331195,2234331195.jpg,unmatched,no unified occurrence row for old gbifID=2234331195 via occurrenceID,4,FALSE
NA,NA,NA,NA,NA,NA,NA,NA,NA,gbif_previous_download,/Volumes/Radishes/GBIF_phenology_scored_specimen_images,2234331238.jpg,2234331238,2234331238.jpg,unmatched,no unified occurrence row for old gbifID=2234331238 via occurrenceID,4,FALSE
NA,NA,NA,NA,NA,NA,NA,NA,NA,gbif_previous_download,/Volumes/Radishes/GBIF_phenology_scored_specimen_images,2234331246.jpg,2234331246,2234331246.jpg,unmatched,no unified occurrence row for old gbifID=2234331246 via occurrenceID,4,FALSE
NA,NA,NA,NA,NA,NA,NA,NA,NA,gbif_previous_download,/Volumes/Radishes/GBIF_phenology_scored_specimen_images,2234331250.jpg,2234331250,2234331250.jpg,unmatched,no unified occurrence row for old gbifID=2234331250 via occurrenceID,4,FALSE
NA,NA,NA,NA,NA,NA,NA,NA,NA,gbif_previous_download,/Volumes/Radishes/GBIF_phenology_scored_specimen_images,2234331257.jpg,2234331257,2234331257.jpg,unmatched,no unified occurrence row for old gbifID=2234331257 via occurrenceID,4,FALSE
NA,NA,NA,NA,NA,NA,NA,NA,NA,gbif_previous_download,/Volumes/Radishes/GBIF_phenology_scored_specimen_images,2234331294.jpg,2234331294,2234331294.jpg,unmatched,no unified occurrence row for old gbifID=2234331294 via occurrenceID,4,FALSE
NA,NA,NA,NA,NA,NA,NA,NA,NA,gbif_previous_download,/Volumes/Radishes/GBIF_phenology_scored_specimen_images,2234331309.jpg,2234331309,2234331309.jpg,unmatched,no unified occurrence row for old gbifID=2234331309 via occurrenceID,4,FALSE
NA,NA,NA,NA,NA,NA,NA,NA,NA,gbif_previous_download,/Volumes/Radishes/GBIF_phenology_scored_specimen_images,2234331321.jpg,2234331321,2234331321.jpg,unmatched,no unified occurrence row for old gbifID=2234331321 via occurrenceID,4,FALSE
NA,NA,NA,NA,NA,NA,NA,NA,NA,gbif_previous_download,/Volumes/Radishes/GBIF_phenology_scored_specimen_images,2234331341.jpg,2234331341,2234331341.jpg,unmatched,no unified occurrence row for old gbifID=2234331341 via occurrenceID,4,FALSE
NA,NA,NA,NA,NA,NA,NA,NA,NA,gbif_previous_download,/Volumes/Radishes/GBIF_phenology_scored_specimen_images,2234331347.jpg,2234331347,2234331347.jpg,unmatched,no unified occurrence row for old gbifID=2234331347 via occurrenceID,4,FALSE
NA,NA,NA,NA,NA,NA,NA,NA,NA,gbif_previous_download,/Volumes/Radishes/GBIF_phenology_scored_specimen_images,2234331354.jpg,2234331354,2234331354.jpg,unmatched,no unified occurrence row for old gbifID=2234331354 via occurrenceID,4,FALSE
NA,NA,NA,NA,NA,NA,NA,NA,NA,gbif_previous_download,/Volumes/Radishes/GBIF_phenology_scored_specimen_images,2234331358.jpg,2234331358,2234331358.jpg,unmatched,no unified occurrence row for old gbifID=2234331358 via occurrenceID,4,FALSE
NA,NA,NA,NA,NA,NA,NA,NA,NA,gbif_previous_download,/Volumes/Radishes/GBIF_phenology_scored_specimen_images,2234331362.jpg,2234331362,2234331362.jpg,unmatched,no unified occurrence row for old gbifID=2234331362 via occurrenceID,4,FALSE
NA,NA,NA,NA,NA,NA,NA,NA,NA,gbif_previous_download,/Volumes/Radishes/GBIF_phenology_scored_specimen_images,2234331366.jpg,2234331366,2234331366.jpg,unmatched,no unified occurrence row for old gbifID=2234331366 via occurrenceID,4,FALSE
NA,NA,NA,NA,NA,NA,NA,NA,NA,gbif_previous_download,/Volumes/Radishes/GBIF_phenology_scored_specimen_images,2234331400.jpg,2234331400,2234331400.jpg,unmatched,no unified occurrence row for old gbifID=2234331400 via occurrenceID,4,FALSE
NA,NA,NA,NA,NA,NA,NA,NA,NA,gbif_previous_download,/Volumes/Radishes/GBIF_phenology_scored_specimen_images,2234331404.jpg,2234331404,2234331404.jpg,unmatched,no unified occurrence row for old gbifID=2234331404 via occurrenceID,4,FALSE
NA,NA,NA,NA,NA,NA,NA,NA,NA,gbif_previous_download,/Volumes/Radishes/GBIF_phenology_scored_specimen_images,2234331409.jpg,2234331409,2234331409.jpg,unmatched,no unified occurrence row for old gbifID=2234331409 via occurrenceID,4,FALSE
NA,NA,NA,NA,NA,NA,NA,NA,NA,gbif_previous_download,/Volumes/Radishes/GBIF_phenology_scored_specimen_images,2234331411.jpg,2234331411,2234331411.jpg,unmatched,no unified occurrence row for old gbifID=2234331411 via occurrenceID,4,FALSE
NA,NA,NA,NA,NA,NA,NA,NA,NA,gbif_previous_download,/Volumes/Radishes/GBIF_phenology_scored_specimen_images,2234331429.jpg,2234331429,2234331429.jpg,unmatched,no unified occurrence row for old gbifID=2234331429 via occurrenceID,4,FALSE
NA,NA,NA,NA,NA,NA,NA,NA,NA,gbif_previous_download,/Volumes/Radishes/GBIF_phenology_scored_specimen_images,2234331446.jpg,2234331446,2234331446.jpg,unmatched,no unified occurrence row for old gbifID=2234331446 via occurrenceID,4,FALSE
NA,NA,NA,NA,NA,NA,NA,NA,NA,gbif_previous_download,/Volumes/Radishes/GBIF_phenology_scored_specimen_images,2234331470.jpg,2234331470,2234331470.jpg,unmatched,no unified occurrence row for old gbifID=2234331470 via occurrenceID,4,FALSE
NA,NA,NA,NA,NA,NA,NA,NA,NA,gbif_previous_download,/Volumes/Radishes/GBIF_phenology_scored_specimen_images,2234331476.jpg,2234331476,2234331476.jpg,unmatched,no unified occurrence row for old gbifID=2234331476 via occurrenceID,4,FALSE
NA,NA,NA,NA,NA,NA,NA,NA,NA,gbif_previous_download,/Volumes/Radishes/GBIF_phenology_scored_specimen_images,2234331494.jpg,2234331494,2234331494.jpg,unmatched,no unified occurrence row for old gbifID=2234331494 via occurrenceID,4,FALSE
NA,NA,NA,NA,NA,NA,NA,NA,NA,gbif_previous_download,/Volumes/Radishes/GBIF_phenology_scored_specimen_images,2234331497.jpg,2234331497,2234331497.jpg,unmatched,no unified occurrence row for old gbifID=2234331497 via occurrenceID,4,FALSE
NA,NA,NA,NA,NA,NA,NA,NA,NA,gbif_previous_download,/Volumes/Radishes/GBIF_phenology_scored_specimen_images,2234331517.jpg,2234331517,2234331517.jpg,unmatched,no unified occurrence row for old gbifID=2234331517 via occurrenceID,4,FALSE
NA,NA,NA,NA,NA,NA,NA,NA,NA,gbif_previous_download,/Volumes/Radishes/GBIF_phenology_scored_specimen_images,2234331547.jpg,2234331547,2234331547.jpg,unmatched,no unified occurrence row for old gbifID=2234331547 via occurrenceID,4,FALSE
NA,NA,NA,NA,NA,NA,NA,NA,NA,gbif_previous_download,/Volumes/Radishes/GBIF_phenology_scored_specimen_images,2234331565.jpg,2234331565,2234331565.jpg,unmatched,no unified occurrence row for old gbifID=2234331565 via occurrenceID,4,FALSE
NA,NA,NA,NA,NA,NA,NA,NA,NA,gbif_previous_download,/Volumes/Radishes/GBIF_phenology_scored_specimen_images,2234331632.jpg,2234331632,2234331632.jpg,unmatched,no unified occurrence row for old gbifID=2234331632 via occurrenceID,4,FALSE
NA,NA,NA,NA,NA,NA,NA,NA,NA,gbif_previous_download,/Volumes/Radishes/GBIF_phenology_scored_specimen_images,2234331679.jpg,2234331679,2234331679.jpg,unmatched,no unified occurrence row for old gbifID=2234331679 via occurrenceID,4,FALSE
NA,NA,NA,NA,NA,NA,NA,NA,NA,gbif_previous_download,/Volumes/Radishes/GBIF_phenology_scored_specimen_images,2234331694.jpg,2234331694,2234331694.jpg,unmatched,no unified occurrence row for old gbifID=2234331694 via occurrenceID,4,FALSE
NA,NA,NA,NA,NA,NA,NA,NA,NA,gbif_previous_download,/Volumes/Radishes/GBIF_phenology_scored_specimen_images,2234331709.jpg,2234331709,2234331709.jpg,unmatched,no unified occurrence row for old gbifID=2234331709 via occurrenceID,4,FALSE
NA,NA,NA,NA,NA,NA,NA,NA,NA,gbif_previous_download,/Volumes/Radishes/GBIF_phenology_scored_specimen_images,2234331714.jpg,2234331714,2234331714.jpg,unmatched,no unified occurrence row for old gbifID=2234331714 via occurrenceID,4,FALSE
NA,NA,NA,NA,NA,NA,NA,NA,NA,gbif_previous_download,/Volumes/Radishes/GBIF_phenology_scored_specimen_images,2234331733.jpg,2234331733,2234331733.jpg,unmatched,no unified occurrence row for old gbifID=2234331733 via occurrenceID,4,FALSE
NA,NA,NA,NA,NA,NA,NA,NA,NA,gbif_previous_download,/Volumes/Radishes/GBIF_phenology_scored_specimen_images,2234331741.jpg,2234331741,2234331741.jpg,unmatched,no unified occurrence row for old gbifID=2234331741 via occurrenceID,4,FALSE
NA,NA,NA,NA,NA,NA,NA,NA,NA,gbif_previous_download,/Volumes/Radishes/GBIF_phenology_scored_specimen_images,2234331766.jpg,2234331766,2234331766.jpg,unmatched,no unified occurrence row for old gbifID=2234331766 via occurrenceID,4,FALSE
NA,NA,NA,NA,NA,NA,NA,NA,NA,gbif_previous_download,/Volumes/Radishes/GBIF_phenology_scored_specimen_images,2234331794.jpg,2234331794,2234331794.jpg,unmatched,no unified occurrence row for old gbifID=2234331794 via occurrenceID,4,FALSE
NA,NA,NA,NA,NA,NA,NA,NA,NA,gbif_previous_download,/Volumes/Radishes/GBIF_phenology_scored_specimen_images,2234331799.jpg,2234331799,2234331799.jpg,unmatched,no unified occurrence row for old gbifID=2234331799 via occurrenceID,4,FALSE
NA,NA,NA,NA,NA,NA,NA,NA,NA,gbif_previous_download,/Volumes/Radishes/GBIF_phenology_scored_specimen_images,2234331814.jpg,2234331814,2234331814.jpg,unmatched,no unified occurrence row for old gbifID=2234331814 via occurrenceID,4,FALSE
NA,NA,NA,NA,NA,NA,NA,NA,NA,gbif_previous_download,/Volumes/Radishes/GBIF_phenology_scored_specimen_images,2234331833.jpg,2234331833,2234331833.jpg,unmatched,no unified occurrence row for old gbifID=2234331833 via occurrenceID,4,FALSE
NA,NA,NA,NA,NA,NA,NA,NA,NA,gbif_previous_download,/Volumes/Radishes/GBIF_phenology_scored_specimen_images,2234331871.jpg,2234331871,2234331871.jpg,unmatched,no unified occurrence row for old gbifID=2234331871 via occurrenceID,4,FALSE
NA,NA,NA,NA,NA,NA,NA,NA,NA,gbif_previous_download,/Volumes/Radishes/GBIF_phenology_scored_specimen_images,2234331872.jpg,2234331872,2234331872.jpg,unmatched,no unified occurrence row for old gbifID=2234331872 via occurrenceID,4,FALSE
NA,NA,NA,NA,NA,NA,NA,NA,NA,gbif_previous_download,/Volumes/Radishes/GBIF_phenology_scored_specimen_images,2234331893.jpg,2234331893,2234331893.jpg,unmatched,no unified occurrence row for old gbifID=2234331893 via occurrenceID,4,FALSE
NA,NA,NA,NA,NA,NA,NA,NA,NA,gbif_previous_download,/Volumes/Radishes/GBIF_phenology_scored_specimen_images,2234331908.jpg,2234331908,2234331908.jpg,unmatched,no unified occurrence row for old gbifID=2234331908 via occurrenceID,4,FALSE
NA,NA,NA,NA,NA,NA,NA,NA,NA,gbif_previous_download,/Volumes/Radishes/GBIF_phenology_scored_specimen_images,2234331960.jpg,2234331960,2234331960.jpg,unmatched,no unified occurrence row for old gbifID=2234331960 via occurrenceID,4,FALSE
NA,NA,NA,NA,NA,NA,NA,NA,NA,gbif_previous_download,/Volumes/Radishes/GBIF_phenology_scored_specimen_images,2234331965.jpg,2234331965,2234331965.jpg,unmatched,no unified occurrence row for old gbifID=2234331965 via occurrenceID,4,FALSE
NA,NA,NA,NA,NA,NA,NA,NA,NA,gbif_previous_download,/Volumes/Radishes/GBIF_phenology_scored_specimen_images,2234331997.jpg,2234331997,2234331997.jpg,unmatched,no unified occurrence row for old gbifID=2234331997 via occurrenceID,4,FALSE
NA,NA,NA,NA,NA,NA,NA,NA,NA,gbif_previous_download,/Volumes/Radishes/GBIF_phenology_scored_specimen_images,2234332017.jpg,2234332017,2234332017.jpg,unmatched,no unified occurrence row for old gbifID=2234332017 via occurrenceID,4,FALSE
NA,NA,NA,NA,NA,NA,NA,NA,NA,gbif_previous_download,/Volumes/Radishes/GBIF_phenology_scored_specimen_images,2234332050.jpg,2234332050,2234332050.jpg,unmatched,no unified occurrence row for old gbifID=2234332050 via occurrenceID,4,FALSE
NA,NA,NA,NA,NA,NA,NA,NA,NA,gbif_previous_download,/Volumes/Radishes/GBIF_phenology_scored_specimen_images,2234332062.jpg,2234332062,2234332062.jpg,unmatched,no unified occurrence row for old gbifID=2234332062 via occurrenceID,4,FALSE
NA,NA,NA,NA,NA,NA,NA,NA,NA,gbif_previous_download,/Volumes/Radishes/GBIF_phenology_scored_specimen_images,2234332064.jpg,2234332064,2234332064.jpg,unmatched,no unified occurrence row for old gbifID=2234332064 via occurrenceID,4,FALSE
NA,NA,NA,NA,NA,NA,NA,NA,NA,gbif_previous_download,/Volumes/Radishes/GBIF_phenology_scored_specimen_images,2234332087.jpg,2234332087,2234332087.jpg,unmatched,no unified occurrence row for old gbifID=2234332087 via occurrenceID,4,FALSE
NA,NA,NA,NA,NA,NA,NA,NA,NA,gbif_previous_download,/Volumes/Radishes/GBIF_phenology_scored_specimen_images,2234332088.jpg,2234332088,2234332088.jpg,unmatched,no unified occurrence row for old gbifID=2234332088 via occurrenceID,4,FALSE
NA,NA,NA,NA,NA,NA,NA,NA,NA,gbif_previous_download,/Volumes/Radishes/GBIF_phenology_scored_specimen_images,2234332105.jpg,2234332105,2234332105.jpg,unmatched,no unified occurrence row for old gbifID=2234332105 via occurrenceID,4,FALSE
NA,NA,NA,NA,NA,NA,NA,NA,NA,gbif_previous_download,/Volumes/Radishes/GBIF_phenology_scored_specimen_images,2234332156.jpg,2234332156,2234332156.jpg,unmatched,no unified occurrence row for old gbifID=2234332156 via occurrenceID,4,FALSE
NA,NA,NA,NA,NA,NA,NA,NA,NA,gbif_previous_download,/Volumes/Radishes/GBIF_phenology_scored_specimen_images,2234332193.jpg,2234332193,2234332193.jpg,unmatched,no unified occurrence row for old gbifID=2234332193 via occurrenceID,4,FALSE
NA,NA,NA,NA,NA,NA,NA,NA,NA,gbif_previous_download,/Volumes/Radishes/GBIF_phenology_scored_specimen_images,2234332239.jpg,2234332239,2234332239.jpg,unmatched,no unified occurrence row for old gbifID=2234332239 via occurrenceID,4,FALSE
NA,NA,NA,NA,NA,NA,NA,NA,NA,gbif_previous_download,/Volumes/Radishes/GBIF_phenology_scored_specimen_images,2234332245.jpg,2234332245,2234332245.jpg,unmatched,no unified occurrence row for old gbifID=2234332245 via occurrenceID,4,FALSE
NA,NA,NA,NA,NA,NA,NA,NA,NA,gbif_previous_download,/Volumes/Radishes/GBIF_phenology_scored_specimen_images,2234332264.jpg,2234332264,2234332264.jpg,unmatched,no unified occurrence row for old gbifID=2234332264 via occurrenceID,4,FALSE
NA,NA,NA,NA,NA,NA,NA,NA,NA,gbif_previous_download,/Volumes/Radishes/GBIF_phenology_scored_specimen_images,2234332332.jpg,2234332332,2234332332.jpg,unmatched,no unified occurrence row for old gbifID=2234332332 via occurrenceID,4,FALSE
NA,NA,NA,NA,NA,NA,NA,NA,NA,gbif_previous_download,/Volumes/Radishes/GBIF_phenology_scored_specimen_images,2234332333.jpg,2234332333,2234332333.jpg,unmatched,no unified occurrence row for old gbifID=2234332333 via occurrenceID,4,FALSE
NA,NA,NA,NA,NA,NA,NA,NA,NA,gbif_previous_download,/Volumes/Radishes/GBIF_phenology_scored_specimen_images,2234332354.jpg,2234332354,2234332354.jpg,unmatched,no unified occurrence row for old gbifID=2234332354 via occurrenceID,4,FALSE
NA,NA,NA,NA,NA,NA,NA,NA,NA,gbif_previous_download,/Volumes/Radishes/GBIF_phenology_scored_specimen_images,2234332366.jpg,2234332366,2234332366.jpg,unmatched,no unified occurrence row for old gbifID=2234332366 via occurrenceID,4,FALSE
NA,NA,NA,NA,NA,NA,NA,NA,NA,gbif_previous_download,/Volumes/Radishes/GBIF_phenology_scored_specimen_images,2234332392.jpg,2234332392,2234332392.jpg,unmatched,no unified occurrence row for old gbifID=2234332392 via occurrenceID,4,FALSE
NA,NA,NA,NA,NA,NA,NA,NA,NA,gbif_previous_download,/Volumes/Radishes/GBIF_phenology_scored_specimen_images,2234332425.jpg,2234332425,2234332425.jpg,unmatched,no unified occurrence row for old gbifID=2234332425 via occurrenceID,4,FALSE
NA,NA,NA,NA,NA,NA,NA,NA,NA,gbif_previous_download,/Volumes/Radishes/GBIF_phenology_scored_specimen_images,2234332438.jpg,2234332438,2234332438.jpg,unmatched,no unified occurrence row for old gbifID=2234332438 via occurrenceID,4,FALSE
NA,NA,NA,NA,NA,NA,NA,NA,NA,gbif_previous_download,/Volumes/Radishes/GBIF_phenology_scored_specimen_images,2234332444.jpg,2234332444,2234332444.jpg,unmatched,no unified occurrence row for old gbifID=2234332444 via occurrenceID,4,FALSE
NA,NA,NA,NA,NA,NA,NA,NA,NA,gbif_previous_download,/Volumes/Radishes/GBIF_phenology_scored_specimen_images,2234332494.jpg,2234332494,2234332494.jpg,unmatched,no unified occurrence row for old gbifID=2234332494 via occurrenceID,4,FALSE
NA,NA,NA,NA,NA,NA,NA,NA,NA,gbif_previous_download,/Volumes/Radishes/GBIF_phenology_scored_specimen_images,2234332539.jpg,2234332539,2234332539.jpg,unmatched,no unified occurrence row for old gbifID=2234332539 via occurrenceID,4,FALSE
NA,NA,NA,NA,NA,NA,NA,NA,NA,gbif_previous_download,/Volumes/Radishes/GBIF_phenology_scored_specimen_images,2234332578.jpg,2234332578,2234332578.jpg,unmatched,no unified occurrence row for old gbifID=2234332578 via occurrenceID,4,FALSE
NA,NA,NA,NA,NA,NA,NA,NA,NA,gbif_previous_download,/Volumes/Radishes/GBIF_phenology_scored_specimen_images,2234332584.jpg,2234332584,2234332584.jpg,unmatched,no unified occurrence row for old gbifID=2234332584 via occurrenceID,4,FALSE
NA,NA,NA,NA,NA,NA,NA,NA,NA,gbif_previous_download,/Volumes/Radishes/GBIF_phenology_scored_specimen_images,2234332601.jpg,2234332601,2234332601.jpg,unmatched,no unified occurrence row for old gbifID=2234332601 via occurrenceID,4,FALSE
NA,NA,NA,NA,NA,NA,NA,NA,NA,gbif_previous_download,/Volumes/Radishes/GBIF_phenology_scored_specimen_images,2234332639.jpg,2234332639,2234332639.jpg,unmatched,no unified occurrence row for old gbifID=2234332639 via occurrenceID,4,FALSE
NA,NA,NA,NA,NA,NA,NA,NA,NA,gbif_previous_download,/Volumes/Radishes/GBIF_phenology_scored_specimen_images,2234332688.jpg,2234332688,2234332688.jpg,unmatched,no unified occurrence row for old gbifID=2234332688 via occurrenceID,4,FALSE
NA,NA,NA,NA,NA,NA,NA,NA,NA,gbif_previous_download,/Volumes/Radishes/GBIF_phenology_scored_specimen_images,2234332830.jpg,2234332830,2234332830.jpg,unmatched,no unified occurrence row for old gbifID=2234332830 via occurrenceID,4,FALSE
NA,NA,NA,NA,NA,NA,NA,NA,NA,gbif_previous_download,/Volumes/Radishes/GBIF_phenology_scored_specimen_images,2234332919.jpg,2234332919,2234332919.jpg,unmatched,no unified occurrence row for old gbifID=2234332919 via occurrenceID,4,FALSE
NA,NA,NA,NA,NA,NA,NA,NA,NA,gbif_previous_download,/Volumes/Radishes/GBIF_phenology_scored_specimen_images,2234332991.jpg,2234332991,2234332991.jpg,unmatched,no unified occurrence row for old gbifID=2234332991 via occurrenceID,4,FALSE
NA,NA,NA,NA,NA,NA,NA,NA,NA,gbif_previous_download,/Volumes/Radishes/GBIF_phenology_scored_specimen_images,2234333034.jpg,2234333034,2234333034.jpg,unmatched,no unified occurrence row for old gbifID=2234333034 via occurrenceID,4,FALSE
NA,NA,NA,NA,NA,NA,NA,NA,NA,gbif_previous_download,/Volumes/Radishes/GBIF_phenology_scored_specimen_images,2234333064.jpg,2234333064,2234333064.jpg,unmatched,no unified occurrence row for old gbifID=2234333064 via occurrenceID,4,FALSE
NA,NA,NA,NA,NA,NA,NA,NA,NA,gbif_previous_download,/Volumes/Radishes/GBIF_phenology_scored_specimen_images,2234333109.jpg,2234333109,2234333109.jpg,unmatched,no unified occurrence row for old gbifID=2234333109 via occurrenceID,4,FALSE
NA,NA,NA,NA,NA,NA,NA,NA,NA,gbif_previous_download,/Volumes/Radishes/GBIF_phenology_scored_specimen_images,2234333243.jpg,2234333243,2234333243.jpg,unmatched,no unified occurrence row for old gbifID=2234333243 via occurrenceID,4,FALSE
NA,NA,NA,NA,NA,NA,NA,NA,NA,gbif_previous_download,/Volumes/Radishes/GBIF_phenology_scored_specimen_images,2234333291.jpg,2234333291,2234333291.jpg,unmatched,no unified occurrence row for old gbifID=2234333291 via occurrenceID,4,FALSE
NA,NA,NA,NA,NA,NA,NA,NA,NA,gbif_previous_download,/Volumes/Radishes/GBIF_phenology_scored_specimen_images,2234333416.jpg,2234333416,2234333416.jpg,unmatched,no unified occurrence row for old gbifID=2234333416 via occurrenceID,4,FALSE
NA,NA,NA,NA,NA,NA,NA,NA,NA,gbif_previous_download,/Volumes/Radishes/GBIF_phenology_scored_specimen_images,2234333619.jpg,2234333619,2234333619.jpg,unmatched,no unified occurrence row for old gbifID=2234333619 via occurrenceID,4,FALSE
NA,NA,NA,NA,NA,NA,NA,NA,NA,gbif_previous_download,/Volumes/Radishes/GBIF_phenology_scored_specimen_images,2234333687.jpg,2234333687,2234333687.jpg,unmatched,no unified occurrence row for old gbifID=2234333687 via occurrenceID,4,FALSE
NA,NA,NA,NA,NA,NA,NA,NA,NA,gbif_previous_download,/Volumes/Radishes/GBIF_phenology_scored_specimen_images,2234333701.jpg,2234333701,2234333701.jpg,unmatched,no unified occurrence row for old gbifID=2234333701 via occurrenceID,4,FALSE
NA,NA,NA,NA,NA,NA,NA,NA,NA,gbif_previous_download,/Volumes/Radishes/GBIF_phenology_scored_specimen_images,2234334300.jpg,2234334300,2234334300.jpg,unmatched,no unified occurrence row for old gbifID=2234334300 via occurrenceID,4,FALSE
NA,NA,NA,NA,NA,NA,NA,NA,NA,gbif_previous_download,/Volumes/Radishes/GBIF_phenology_scored_specimen_images,2234334360.jpg,2234334360,2234334360.jpg,unmatched,no unified occurrence row for old gbifID=2234334360 via occurrenceID,4,FALSE
NA,NA,NA,NA,NA,NA,NA,NA,NA,gbif_previous_download,/Volumes/Radishes/GBIF_phenology_scored_specimen_images,2234335067.jpg,2234335067,2234335067.jpg,unmatched,no unified occurrence row for old gbifID=2234335067 via occurrenceID,4,FALSE
NA,NA,NA,NA,NA,NA,NA,NA,NA,gbif_previous_download,/Volumes/Radishes/GBIF_phenology_scored_specimen_images,2265939251.jpg,2265939251,2265939251.jpg,unmatched,no unified occurrence row for old gbifID=2265939251 via occurrenceID,4,FALSE
NA,NA,NA,NA,NA,NA,NA,NA,NA,gbif_previous_download,/Volumes/Radishes/GBIF_phenology_scored_specimen_images,2265940650.jpg,2265940650,2265940650.jpg,unmatched,no unified occurrence row for old gbifID=2265940650 via occurrenceID,4,FALSE
NA,NA,NA,NA,NA,NA,NA,NA,NA,gbif_previous_download,/Volumes/Radishes/GBIF_phenology_scored_specimen_images,2265941363.jpg,2265941363,2265941363.jpg,unmatched,no unified occurrence row for old gbifID=2265941363 via occurrenceID,4,FALSE
NA,NA,NA,NA,NA,NA,NA,NA,NA,gbif_previous_download,/Volumes/Radishes/GBIF_phenology_scored_specimen_images,2273376950.jpg,2273376950,2273376950.jpg,unmatched,no unified occurrence row for old gbifID=2273376950 via occurrenceID,4,FALSE
NA,NA,NA,NA,NA,NA,NA,NA,NA,gbif_previous_download,/Volumes/Radishes/GBIF_phenology_scored_specimen_images,2273381323.jpg,2273381323,2273381323.jpg,unmatched,no unified occurrence row for old gbifID=2273381323 via occurrenceID,4,FALSE
NA,NA,NA,NA,NA,NA,NA,NA,NA,gbif_previous_download,/Volumes/Radishes/GBIF_phenology_scored_specimen_images,2573009412.jpg,2573009412,2573009412.jpg,unmatched,no unified occurrence row for old gbifID=2573009412 via occurrenceID,4,FALSE
NA,NA,NA,NA,NA,NA,NA,NA,NA,gbif_previous_download,/Volumes/Radishes/GBIF_phenology_scored_specimen_images,2573009443.jpg,2573009443,2573009443.jpg,unmatched,no unified occurrence row for old gbifID=2573009443 via occurrenceID,4,FALSE
NA,NA,NA,NA,NA,NA,NA,NA,NA,gbif_previous_download,/Volumes/Radishes/GBIF_phenology_scored_specimen_images,2573010090.jpg,2573010090,2573010090.jpg,unmatched,no unified occurrence row for old gbifID=2573010090 via occurrenceID,4,FALSE
NA,NA,NA,NA,NA,NA,NA,NA,NA,gbif_previous_download,/Volumes/Radishes/GBIF_phenology_scored_specimen_images,2573010659.jpg,2573010659,2573010659.jpg,unmatched,no unified occurrence row for old gbifID=2573010659 via occurrenceID,4,FALSE
NA,NA,NA,NA,NA,NA,NA,NA,NA,gbif_previous_download,/Volumes/Radishes/GBIF_phenology_scored_specimen_images,2573011103.jpg,2573011103,2573011103.jpg,unmatched,no unified occurrence row for old gbifID=2573011103 via occurrenceID,4,FALSE
NA,NA,NA,NA,NA,NA,NA,NA,NA,gbif_previous_download,/Volumes/Radishes/GBIF_phenology_scored_specimen_images,2573011203.jpg,2573011203,2573011203.jpg,unmatched,no unified occurrence row for old gbifID=2573011203 via occurrenceID,4,FALSE
NA,NA,NA,NA,NA,NA,NA,NA,NA,gbif_previous_download,/Volumes/Radishes/GBIF_phenology_scored_specimen_images,2573011385.jpg,2573011385,2573011385.jpg,unmatched,no unified occurrence row for old gbifID=2573011385 via occurrenceID,4,FALSE
NA,NA,NA,NA,NA,NA,NA,NA,NA,gbif_previous_download,/Volumes/Radishes/GBIF_phenology_scored_specimen_images,2573012273.jpg,2573012273,2573012273.jpg,unmatched,no unified occurrence row for old gbifID=2573012273 via occurrenceID,4,FALSE
NA,NA,NA,NA,NA,NA,NA,NA,NA,gbif_previous_download,/Volumes/Radishes/GBIF_phenology_scored_specimen_images,2573012427.jpg,2573012427,2573012427.jpg,unmatched,no unified occurrence row for old gbifID=2573012427 via occurrenceID,4,FALSE
NA,NA,NA,NA,NA,NA,NA,NA,NA,gbif_previous_download,/Volumes/Radishes/GBIF_phenology_scored_specimen_images,2573059704.jpg,2573059704,2573059704.jpg,unmatched,no unified occurrence row for old gbifID=2573059704 via occurrenceID,4,FALSE
NA,NA,NA,NA,NA,NA,NA,NA,NA,gbif_previous_download,/Volumes/Radishes/GBIF_phenology_scored_specimen_images,2573060067.jpg,2573060067,2573060067.jpg,unmatched,no unified occurrence row for old gbifID=2573060067 via occurrenceID,4,FALSE
NA,NA,NA,NA,NA,NA,NA,NA,NA,gbif_previous_download,/Volumes/Radishes/GBIF_phenology_scored_specimen_images,2573060735.jpg,2573060735,2573060735.jpg,unmatched,no unified occurrence row for old gbifID=2573060735 via occurrenceID,4,FALSE
NA,NA,NA,NA,NA,NA,NA,NA,NA,gbif_previous_download,/Volumes/Radishes/GBIF_phenology_scored_specimen_images,2573064526.jpg,2573064526,2573064526.jpg,unmatched,no unified occurrence row for old gbifID=2573064526 via occurrenceID,4,FALSE
NA,NA,NA,NA,NA,NA,NA,NA,NA,gbif_previous_download,/Volumes/Radishes/GBIF_phenology_scored_specimen_images,2573068147.jpg,2573068147,2573068147.jpg,unmatched,no unified occurrence row for old gbifID=2573068147 via occurrenceID,4,FALSE
NA,NA,NA,NA,NA,NA,NA,NA,NA,gbif_previous_download,/Volumes/Radishes/GBIF_phenology_scored_specimen_images,2573069230.jpg,2573069230,2573069230.jpg,unmatched,no unified occurrence row for old gbifID=2573069230 via occurrenceID,4,FALSE
NA,NA,NA,NA,NA,NA,NA,NA,NA,gbif_previous_download,/Volumes/Radishes/GBIF_phenology_scored_specimen_images,2573071186.jpg,2573071186,2573071186.jpg,unmatched,no unified occurrence row for old gbifID=2573071186 via occurrenceID,4,FALSE
NA,NA,NA,NA,NA,NA,NA,NA,NA,gbif_previous_download,/Volumes/Radishes/GBIF_phenology_scored_specimen_images,2573072017.jpg,2573072017,2573072017.jpg,unmatched,no unified occurrence row for old gbifID=2573072017 via occurrenceID,4,FALSE
NA,NA,NA,NA,NA,NA,NA,NA,NA,gbif_previous_download,/Volumes/Radishes/GBIF_phenology_scored_specimen_images,2573074641.jpg,2573074641,2573074641.jpg,unmatched,no unified occurrence row for old gbifID=2573074641 via occurrenceID,4,FALSE
NA,NA,NA,NA,NA,NA,NA,NA,NA,gbif_previous_download,/Volumes/Radishes/GBIF_phenology_scored_specimen_images,2573076914.jpg,2573076914,2573076914.jpg,unmatched,no unified occurrence row for old gbifID=2573076914 via occurrenceID,4,FALSE
NA,NA,NA,NA,NA,NA,NA,NA,NA,gbif_previous_download,/Volumes/Radishes/GBIF_phenology_scored_specimen_images,2573078965.jpg,2573078965,2573078965.jpg,unmatched,no unified occurrence row for old gbifID=2573078965 via occurrenceID,4,FALSE
NA,NA,NA,NA,NA,NA,NA,NA,NA,gbif_previous_download,/Volumes/Radishes/GBIF_phenology_scored_specimen_images,2573080970.jpg,2573080970,2573080970.jpg,unmatched,no unified occurrence row for old gbifID=2573080970 via occurrenceID,4,FALSE
NA,NA,NA,NA,NA,NA,NA,NA,NA,gbif_previous_download,/Volumes/Radishes/GBIF_phenology_scored_specimen_images,2573081214.jpg,2573081214,2573081214.jpg,unmatched,no unified occurrence row for old gbifID=2573081214 via occurrenceID,4,FALSE
NA,NA,NA,NA,NA,NA,NA,NA,NA,gbif_previous_download,/Volumes/Radishes/GBIF_phenology_scored_specimen_images,2573085122.jpg,2573085122,2573085122.jpg,unmatched,no unified occurrence row for old gbifID=2573085122 via occurrenceID,4,FALSE
NA,NA,NA,NA,NA,NA,NA,NA,NA,gbif_previous_download,/Volumes/Radishes/GBIF_phenology_scored_specimen_images,2573085208.jpg,2573085208,2573085208.jpg,unmatched,no unified occurrence row for old gbifID=2573085208 via occurrenceID,4,FALSE
NA,NA,NA,NA,NA,NA,NA,NA,NA,gbif_previous_download,/Volumes/Radishes/GBIF_phenology_scored_specimen_images,2573088224.jpg,2573088224,2573088224.jpg,unmatched,no unified occurrence row for old gbifID=2573088224 via occurrenceID,4,FALSE
NA,NA,NA,NA,NA,NA,NA,NA,NA,gbif_previous_download,/Volumes/Radishes/GBIF_phenology_scored_specimen_images,2573088856.jpg,2573088856,2573088856.jpg,unmatched,no unified occurrence row for old gbifID=2573088856 via occurrenceID,4,FALSE
NA,NA,NA,NA,NA,NA,NA,NA,NA,gbif_previous_download,/Volumes/Radishes/GBIF_phenology_scored_specimen_images,2573090470.jpg,2573090470,2573090470.jpg,unmatched,no unified occurrence row for old gbifID=2573090470 via occurrenceID,4,FALSE
NA,NA,NA,NA,NA,NA,NA,NA,NA,gbif_previous_download,/Volumes/Radishes/GBIF_phenology_scored_specimen_images,2573092565.jpg,2573092565,2573092565.jpg,unmatched,no unified occurrence row for old gbifID=2573092565 via occurrenceID,4,FALSE
NA,NA,NA,NA,NA,NA,NA,NA,NA,gbif_previous_download,/Volumes/Radishes/GBIF_phenology_scored_specimen_images,2573092603.jpg,2573092603,2573092603.jpg,unmatched,no unified occurrence row for old gbifID=2573092603 via occurrenceID,4,FALSE
NA,NA,NA,NA,NA,NA,NA,NA,NA,gbif_previous_download,/Volumes/Radishes/GBIF_phenology_scored_specimen_images,2573096133.jpg,2573096133,2573096133.jpg,unmatched,no unified occurrence row for old gbifID=2573096133 via occurrenceID,4,FALSE
NA,NA,NA,NA,NA,NA,NA,NA,NA,gbif_previous_download,/Volumes/Radishes/GBIF_phenology_scored_specimen_images,2573097498.jpg,2573097498,2573097498.jpg,unmatched,no unified occurrence row for old gbifID=2573097498 via occurrenceID,4,FALSE
NA,NA,NA,NA,NA,NA,NA,NA,NA,gbif_previous_download,/Volumes/Radishes/GBIF_phenology_scored_specimen_images,2573101872.jpg,2573101872,2573101872.jpg,unmatched,no unified occurrence row for old gbifID=2573101872 via occurrenceID,4,FALSE
NA,NA,NA,NA,NA,NA,NA,NA,NA,gbif_previous_download,/Volumes/Radishes/GBIF_phenology_scored_specimen_images,2573103026.jpg,2573103026,2573103026.jpg,unmatched,no unified occurrence row for old gbifID=2573103026 via occurrenceID,4,FALSE
NA,NA,NA,NA,NA,NA,NA,NA,NA,gbif_previous_download,/Volumes/Radishes/GBIF_phenology_scored_specimen_images,2573103437.jpg,2573103437,2573103437.jpg,unmatched,no unified occurrence row for old gbifID=2573103437 via occurrenceID,4,FALSE
NA,NA,NA,NA,NA,NA,NA,NA,NA,gbif_previous_download,/Volumes/Radishes/GBIF_phenology_scored_specimen_images,2573103733.jpg,2573103733,2573103733.jpg,unmatched,no unified occurrence row for old gbifID=2573103733 via occurrenceID,4,FALSE
NA,NA,NA,NA,NA,NA,NA,NA,NA,gbif_previous_download,/Volumes/Radishes/GBIF_phenology_scored_specimen_images,2573111823.jpg,2573111823,2573111823.jpg,unmatched,no unified occurrence row for old gbifID=2573111823 via occurrenceID,4,FALSE
NA,NA,NA,NA,NA,NA,NA,NA,NA,gbif_previous_download,/Volumes/Radishes/GBIF_phenology_scored_specimen_images,2573114655.jpg,2573114655,2573114655.jpg,unmatched,no unified occurrence row for old gbifID=2573114655 via occurrenceID,4,FALSE
NA,NA,NA,NA,NA,NA,NA,NA,NA,gbif_previous_download,/Volumes/Radishes/GBIF_phenology_scored_specimen_images,2573115035.jpg,2573115035,2573115035.jpg,unmatched,no unified occurrence row for old gbifID=2573115035 via occurrenceID,4,FALSE
NA,NA,NA,NA,NA,NA,NA,NA,NA,gbif_previous_download,/Volumes/Radishes/GBIF_phenology_scored_specimen_images,2573115324.jpg,2573115324,2573115324.jpg,unmatched,no unified occurrence row for old gbifID=2573115324 via occurrenceID,4,FALSE
NA,NA,NA,NA,NA,NA,NA,NA,NA,gbif_previous_download,/Volumes/Radishes/GBIF_phenology_scored_specimen_images,2573116026.jpg,2573116026,2573116026.jpg,unmatched,no unified occurrence row for old gbifID=2573116026 via occurrenceID,4,FALSE
NA,NA,NA,NA,NA,NA,NA,NA,NA,gbif_previous_download,/Volumes/Radishes/GBIF_phenology_scored_specimen_images,2573119618.jpg,2573119618,2573119618.jpg,unmatched,no unified occurrence row for old gbifID=2573119618 via occurrenceID,4,FALSE
NA,NA,NA,NA,NA,NA,NA,NA,NA,gbif_previous_download,/Volumes/Radishes/GBIF_phenology_scored_specimen_images,2573122212.jpg,2573122212,2573122212.jpg,unmatched,no unified occurrence row for old gbifID=2573122212 via occurrenceID,4,FALSE
NA,NA,NA,NA,NA,NA,NA,NA,NA,gbif_previous_download,/Volumes/Radishes/GBIF_phenology_scored_specimen_images,2573128020.jpg,2573128020,2573128020.jpg,unmatched,no unified occurrence row for old gbifID=2573128020 via occurrenceID,4,FALSE
NA,NA,NA,NA,NA,NA,NA,NA,NA,gbif_previous_download,/Volumes/Radishes/GBIF_phenology_scored_specimen_images,2573130244.jpg,2573130244,2573130244.jpg,unmatched,no unified occurrence row for old gbifID=2573130244 via occurrenceID,4,FALSE
NA,NA,NA,NA,NA,NA,NA,NA,NA,gbif_previous_download,/Volumes/Radishes/GBIF_phenology_scored_specimen_images,2573131006.jpg,2573131006,2573131006.jpg,unmatched,no unified occurrence row for old gbifID=2573131006 via occurrenceID,4,FALSE
NA,NA,NA,NA,NA,NA,NA,NA,NA,gbif_previous_download,/Volumes/Radishes/GBIF_phenology_scored_specimen_images,2573485884.jpg,2573485884,2573485884.jpg,unmatched,no unified occurrence row for old gbifID=2573485884 via occurrenceID,4,FALSE
NA,NA,NA,NA,NA,NA,NA,NA,NA,gbif_previous_download,/Volumes/Radishes/GBIF_phenology_scored_specimen_images,2573486872.jpg,2573486872,2573486872.jpg,unmatched,no unified occurrence row for old gbifID=2573486872 via occurrenceID,4,FALSE
NA,NA,NA,NA,NA,NA,NA,NA,NA,gbif_previous_download,/Volumes/Radishes/GBIF_phenology_scored_specimen_images,2573487873.jpg,2573487873,2573487873.jpg,unmatched,no unified occurrence row for old gbifID=2573487873 via occurrenceID,4,FALSE
NA,NA,NA,NA,NA,NA,NA,NA,NA,gbif_previous_download,/Volumes/Radishes/GBIF_phenology_scored_specimen_images,2573489909.jpg,2573489909,2573489909.jpg,unmatched,no unified occurrence row for old gbifID=2573489909 via occurrenceID,4,FALSE
NA,NA,NA,NA,NA,NA,NA,NA,NA,gbif_previous_download,/Volumes/Radishes/GBIF_phenology_scored_specimen_images,2573491881.jpg,2573491881,2573491881.jpg,unmatched,no unified occurrence row for old gbifID=2573491881 via occurrenceID,4,FALSE
NA,NA,NA,NA,NA,NA,NA,NA,NA,gbif_previous_download,/Volumes/Radishes/GBIF_phenology_scored_specimen_images,2573492885.jpg,2573492885,2573492885.jpg,unmatched,no unified occurrence row for old gbifID=2573492885 via occurrenceID,4,FALSE
NA,NA,NA,NA,NA,NA,NA,NA,NA,gbif_previous_download,/Volumes/Radishes/GBIF_phenology_scored_specimen_images,2573493909.jpg,2573493909,2573493909.jpg,unmatched,no unified occurrence row for old gbifID=2573493909 via occurrenceID,4,FALSE
NA,NA,NA,NA,NA,NA,NA,NA,NA,gbif_previous_download,/Volumes/Radishes/GBIF_phenology_scored_specimen_images,2573494904.jpg,2573494904,2573494904.jpg,unmatched,no unified occurrence row for old gbifID=2573494904 via occurrenceID,4,FALSE
NA,NA,NA,NA,NA,NA,NA,NA,NA,gbif_previous_download,/Volumes/Radishes/GBIF_phenology_scored_specimen_images,2573519157.jpg,2573519157,2573519157.jpg,unmatched,no unified occurrence row for old gbifID=2573519157 via occurrenceID,4,FALSE
NA,NA,NA,NA,NA,NA,NA,NA,NA,gbif_previous_download,/Volumes/Radishes/GBIF_phenology_scored_specimen_images,2573520967.jpg,2573520967,2573520967.jpg,unmatched,no unified occurrence row for old gbifID=2573520967 via occurrenceID,4,FALSE
NA,NA,NA,NA,NA,NA,NA,NA,NA,gbif_previous_download,/Volumes/Radishes/GBIF_phenology_scored_specimen_images,2573521081.jpg,2573521081,2573521081.jpg,unmatched,no unified occurrence row for old gbifID=2573521081 via occurrenceID,4,FALSE
NA,NA,NA,NA,NA,NA,NA,NA,NA,gbif_previous_download,/Volumes/Radishes/GBIF_phenology_scored_specimen_images,2573521327.jpg,2573521327,2573521327.jpg,unmatched,no unified occurrence row for old gbifID=2573521327 via occurrenceID,4,FALSE
NA,NA,NA,NA,NA,NA,NA,NA,NA,gbif_previous_download,/Volumes/Radishes/GBIF_phenology_scored_specimen_images,2573521373.jpg,2573521373,2573521373.jpg,unmatched,no unified occurrence row for old gbifID=2573521373 via occurrenceID,4,FALSE
NA,NA,NA,NA,NA,NA,NA,NA,NA,gbif_previous_download,/Volumes/Radishes/GBIF_phenology_scored_specimen_images,2573521651.jpg,2573521651,2573521651.jpg,unmatched,no unified occurrence row for old gbifID=2573521651 via occurrenceID,4,FALSE
NA,NA,NA,NA,NA,NA,NA,NA,NA,gbif_previous_download,/Volumes/Radishes/GBIF_phenology_scored_specimen_images,2573522189.jpg,2573522189,2573522189.jpg,unmatched,no unified occurrence row for old gbifID=2573522189 via occurrenceID,4,FALSE
NA,NA,NA,NA,NA,NA,NA,NA,NA,gbif_previous_download,/Volumes/Radishes/GBIF_phenology_scored_specimen_images,2573522266.jpg,2573522266,2573522266.jpg,unmatched,no unified occurrence row for old gbifID=2573522266 via occurrenceID,4,FALSE
NA,NA,NA,NA,NA,NA,NA,NA,NA,gbif_previous_download,/Volumes/Radishes/GBIF_phenology_scored_specimen_images,2573522291.jpg,2573522291,2573522291.jpg,unmatched,no unified occurrence row for old gbifID=2573522291 via occurrenceID,4,FALSE
NA,NA,NA,NA,NA,NA,NA,NA,NA,gbif_previous_download,/Volumes/Radishes/GBIF_phenology_scored_specimen_images,2573522440.jpg,2573522440,2573522440.jpg,unmatched,no unified occurrence row for old gbifID=2573522440 via occurrenceID,4,FALSE
NA,NA,NA,NA,NA,NA,NA,NA,NA,gbif_previous_download,/Volumes/Radishes/GBIF_phenology_scored_specimen_images,2573522511.jpg,2573522511,2573522511.jpg,unmatched,no unified occurrence row for old gbifID=2573522511 via occurrenceID,4,FALSE
NA,NA,NA,NA,NA,NA,NA,NA,NA,gbif_previous_download,/Volumes/Radishes/GBIF_phenology_scored_specimen_images,2573522647.jpg,2573522647,2573522647.jpg,unmatched,no unified occurrence row for old gbifID=2573522647 via occurrenceID,4,FALSE
NA,NA,NA,NA,NA,NA,NA,NA,NA,gbif_previous_download,/Volumes/Radishes/GBIF_phenology_scored_specimen_images,2573522772.jpg,2573522772,2573522772.jpg,unmatched,no unified occurrence row for old gbifID=2573522772 via occurrenceID,4,FALSE
NA,NA,NA,NA,NA,NA,NA,NA,NA,gbif_previous_download,/Volumes/Radishes/GBIF_phenology_scored_specimen_images,2573523062.jpg,2573523062,2573523062.jpg,unmatched,no unified occurrence row for old gbifID=2573523062 via occurrenceID,4,FALSE
NA,NA,NA,NA,NA,NA,NA,NA,NA,gbif_previous_download,/Volumes/Radishes/GBIF_phenology_scored_specimen_images,3406827743.jpg,3406827743,3406827743.jpg,unmatched,no unified occurrence row for old gbifID=3406827743 via occurrenceID,4,FALSE
NA,NA,NA,NA,NA,NA,NA,NA,NA,gbif_previous_download,/Volumes/Radishes/GBIF_phenology_scored_specimen_images,3469833006.jpg,3469833006,3469833006.jpg,unmatched,no unified occurrence row for old gbifID=3469833006 via occurrenceID,4,FALSE
NA,NA,NA,NA,NA,NA,NA,NA,NA,gbif_previous_download,/Volumes/Radishes/GBIF_phenology_scored_specimen_images,3469834015.jpg,3469834015,3469834015.jpg,unmatched,no unified occurrence row for old gbifID=3469834015 via occurrenceID,4,FALSE
NA,NA,NA,NA,NA,NA,NA,NA,NA,gbif_previous_download,/Volumes/Radishes/GBIF_phenology_scored_specimen_images,3469834016.jpg,3469834016,3469834016.jpg,unmatched,no unified occurrence row for old gbifID=3469834016 via occurrenceID,4,FALSE
NA,NA,NA,NA,NA,NA,NA,NA,NA,gbif_previous_download,/Volumes/Radishes/GBIF_phenology_scored_specimen_images,3469834017.jpg,3469834017,3469834017.jpg,unmatched,no unified occurrence row for old gbifID=3469834017 via occurrenceID,4,FALSE
NA,NA,NA,NA,NA,NA,NA,NA,NA,gbif_previous_download,/Volumes/Radishes/GBIF_phenology_scored_specimen_images,3469835044.jpg,3469835044,3469835044.jpg,unmatched,no unified occurrence row for old gbifID=3469835044 via occurrenceID,4,FALSE
NA,NA,NA,NA,NA,NA,NA,NA,NA,gbif_previous_download,/Volumes/Radishes/GBIF_phenology_scored_specimen_images,3469836018.jpg,3469836018,3469836018.jpg,unmatched,no unified occurrence row for old gbifID=3469836018 via occurrenceID,4,FALSE
NA,NA,NA,NA,NA,NA,NA,NA,NA,gbif_previous_download,/Volumes/Radishes/GBIF_phenology_scored_specimen_images,3469838026.jpg,3469838026,3469838026.jpg,unmatched,no unified occurrence row for old gbifID=3469838026 via occurrenceID,4,FALSE
NA,NA,NA,NA,NA,NA,NA,NA,NA,gbif_previous_download,/Volumes/Radishes/GBIF_phenology_scored_specimen_images,3469882089.jpg,3469882089,3469882089.jpg,unmatched,no unified occurrence row for old gbifID=3469882089 via occurrenceID,4,FALSE
NA,NA,NA,NA,NA,NA,NA,NA,NA,gbif_previous_download,/Volumes/Radishes/GBIF_phenology_scored_specimen_images,3469883049.jpg,3469883049,3469883049.jpg,unmatched,no unified occurrence row for old gbifID=3469883049 via occurrenceID,4,FALSE
NA,NA,NA,NA,NA,NA,NA,NA,NA,gbif_previous_download,/Volumes/Radishes/GBIF_phenology_scored_specimen_images,3469884064.jpg,3469884064,3469884064.jpg,unmatched,no unified occurrence row for old gbifID=3469884064 via occurrenceID,4,FALSE
NA,NA,NA,NA,NA,NA,NA,NA,NA,gbif_previous_download,/Volumes/Radishes/GBIF_phenology_scored_specimen_images,3469886110.jpg,3469886110,3469886110.jpg,unmatched,no unified occurrence row for old gbifID=3469886110 via occurrenceID,4,FALSE
NA,NA,NA,NA,NA,NA,NA,NA,NA,gbif_previous_download,/Volumes/Radishes/GBIF_phenology_scored_specimen_images,3469889147.jpg,3469889147,3469889147.jpg,unmatched,no unified occurrence row for old gbifID=3469889147 via occurrenceID,4,FALSE
NA,NA,NA,NA,NA,NA,NA,NA,NA,gbif_previous_download,/Volumes/Radishes/GBIF_phenology_scored_specimen_images,3469891138.jpg,3469891138,3469891138.jpg,unmatched,no unified occurrence row for old gbifID=3469891138 via occurrenceID,4,FALSE
NA,NA,NA,NA,NA,NA,NA,NA,NA,gbif_previous_download,/Volumes/Radishes/GBIF_phenology_scored_specimen_images,3469982046.jpg,3469982046,3469982046.jpg,unmatched,no unified occurrence row for old gbifID=3469982046 via occurrenceID,4,FALSE
NA,NA,NA,NA,NA,NA,NA,NA,NA,gbif_previous_download,/Volumes/Radishes/GBIF_phenology_scored_specimen_images,3469982047.jpg,3469982047,3469982047.jpg,unmatched,no unified occurrence row for old gbifID=3469982047 via occurrenceID,4,FALSE
NA,NA,NA,NA,NA,NA,NA,NA,NA,gbif_previous_download,/Volumes/Radishes/GBIF_phenology_scored_specimen_images,3469983163.jpg,3469983163,3469983163.jpg,unmatched,no unified occurrence row for old gbifID=3469983163 via occurrenceID,4,FALSE
NA,NA,NA,NA,NA,NA,NA,NA,NA,gbif_previous_download,/Volumes/Radishes/GBIF_phenology_scored_specimen_images,3469984096.jpg,3469984096,3469984096.jpg,unmatched,no unified occurrence row for old gbifID=3469984096 via occurrenceID,4,FALSE
NA,NA,NA,NA,NA,NA,NA,NA,NA,gbif_previous_download,/Volumes/Radishes/GBIF_phenology_scored_specimen_images,3469986052.jpg,3469986052,3469986052.jpg,unmatched,no unified occurrence row for old gbifID=3469986052 via occurrenceID,4,FALSE
NA,NA,NA,NA,NA,NA,NA,NA,NA,gbif_previous_download,/Volumes/Radishes/GBIF_phenology_scored_specimen_images,3469987228.jpg,3469987228,3469987228.jpg,unmatched,no unified occurrence row for old gbifID=3469987228 via occurrenceID,4,FALSE
NA,NA,NA,NA,NA,NA,NA,NA,NA,gbif_previous_download,/Volumes/Radishes/GBIF_phenology_scored_specimen_images,3469988056.jpg,3469988056,3469988056.jpg,unmatched,no unified occurrence row for old gbifID=3469988056 via occurrenceID,4,FALSE
NA,NA,NA,NA,NA,NA,NA,NA,NA,gbif_previous_download,/Volumes/Radishes/GBIF_phenology_scored_specimen_images,3469988057.jpg,3469988057,3469988057.jpg,unmatched,no unified occurrence row for old gbifID=3469988057 via occurrenceID,4,FALSE
NA,NA,NA,NA,NA,NA,NA,NA,NA,gbif_previous_download,/Volumes/Radishes/GBIF_phenology_scored_specimen_images,3469990117.jpg,3469990117,3469990117.jpg,unmatched,no unified occurrence row for old gbifID=3469990117 via occurrenceID,4,FALSE
NA,NA,NA,NA,NA,NA,NA,NA,NA,gbif_previous_download,/Volumes/Radishes/GBIF_phenology_scored_specimen_images,3695177078.jpg,3695177078,3695177078.jpg,unmatched,no unified occurrence row for old gbifID=3695177078 via occurrenceID,4,FALSE
NA,NA,NA,NA,NA,NA,NA,NA,NA,gbif_previous_download,/Volumes/Radishes/GBIF_phenology_scored_specimen_images,3709905432.jpg,3709905432,3709905432.jpg,unmatched,no unified occurrence row for old gbifID=3709905432 via occurrenceID,4,FALSE
NA,NA,NA,NA,NA,NA,NA,NA,NA,gbif_previous_download,/Volumes/Radishes/GBIF_phenology_scored_specimen_images,3865362263.jpg,3865362263,3865362263.jpg,unmatched,no unified occurrence row for old gbifID=3865362263 via occurrenceID,4,FALSE
NA,NA,NA,NA,NA,NA,NA,NA,NA,gbif_previous_download,/Volumes/Radishes/GBIF_phenology_scored_specimen_images,3870581938.jpg,3870581938,3870581938.jpg,unmatched,no unified occurrence row for old gbifID=3870581938 via occurrenceID,4,FALSE
NA,NA,NA,NA,NA,NA,NA,NA,NA,gbif_previous_download,/Volumes/Radishes/GBIF_phenology_scored_specimen_images,3870581939.jpg,3870581939,3870581939.jpg,unmatched,no unified occurrence row for old gbifID=3870581939 via occurrenceID,4,FALSE
NA,NA,NA,NA,NA,NA,NA,NA,NA,gbif_previous_download,/Volumes/Radishes/GBIF_phenology_scored_specimen_images,3886934600.jpg,3886934600,3886934600.jpg,unmatched,no unified occurrence row for old gbifID=3886934600 via occurrenceID,4,FALSE
NA,NA,NA,NA,NA,NA,NA,NA,NA,gbif_previous_download,/Volumes/Radishes/GBIF_phenology_scored_specimen_images,3897880433.jpg,3897880433,3897880433.jpg,unmatched,no unified occurrence row for old gbifID=3897880433 via occurrenceID,4,FALSE
NA,NA,NA,NA,NA,NA,NA,NA,NA,gbif_previous_download,/Volumes/Radishes/GBIF_phenology_scored_specimen_images,3897880437.jpg,3897880437,3897880437.jpg,unmatched,no unified occurrence row for old gbifID=3897880437 via occurrenceID,4,FALSE
NA,NA,NA,NA,NA,NA,NA,NA,NA,gbif_previous_download,/Volumes/Radishes/GBIF_phenology_scored_specimen_images,3897880438.jpg,3897880438,3897880438.jpg,unmatched,no unified occurrence row for old gbifID=3897880438 via occurrenceID,4,FALSE
NA,NA,NA,NA,NA,NA,NA,NA,NA,gbif_previous_download,/Volumes/Radishes/GBIF_phenology_scored_specimen_images,3897880442.jpg,3897880442,3897880442.jpg,unmatched,no unified occurrence row for old gbifID=3897880442 via occurrenceID,4,FALSE
NA,NA,NA,NA,NA,NA,NA,NA,NA,gbif_previous_download,/Volumes/Radishes/GBIF_phenology_scored_specimen_images,3897880460.jpg,3897880460,3897880460.jpg,unmatched,no unified occurrence row for old gbifID=3897880460 via occurrenceID,4,FALSE
NA,NA,NA,NA,NA,NA,NA,NA,NA,gbif_previous_download,/Volumes/Radishes/GBIF_phenology_scored_specimen_images,3897880496.jpg,3897880496,3897880496.jpg,unmatched,no unified occurrence row for old gbifID=3897880496 via occurrenceID,4,FALSE
NA,NA,NA,NA,NA,NA,NA,NA,NA,gbif_previous_download,/Volumes/Radishes/GBIF_phenology_scored_specimen_images,3897880501.jpg,3897880501,3897880501.jpg,unmatched,no unified occurrence row for old gbifID=3897880501 via occurrenceID,4,FALSE
NA,NA,NA,NA,NA,NA,NA,NA,NA,gbif_previous_download,/Volumes/Radishes/GBIF_phenology_scored_specimen_images,3897880503.jpg,3897880503,3897880503.jpg,unmatched,no unified occurrence row for old gbifID=3897880503 via occurrenceID,4,FALSE
NA,NA,NA,NA,NA,NA,NA,NA,NA,gbif_previous_download,/Volumes/Radishes/GBIF_phenology_scored_specimen_images,3897880511.jpg,3897880511,3897880511.jpg,unmatched,no unified occurrence row for old gbifID=3897880511 via occurrenceID,4,FALSE
NA,NA,NA,NA,NA,NA,NA,NA,NA,gbif_previous_download,/Volumes/Radishes/GBIF_phenology_scored_specimen_images,3897880514.jpg,3897880514,3897880514.jpg,unmatched,no unified occurrence row for old gbifID=3897880514 via occurrenceID,4,FALSE
NA,NA,NA,NA,NA,NA,NA,NA,NA,gbif_previous_download,/Volumes/Radishes/GBIF_phenology_scored_specimen_images,3897880545.jpg,3897880545,3897880545.jpg,unmatched,no unified occurrence row for old gbifID=3897880545 via occurrenceID,4,FALSE
NA,NA,NA,NA,NA,NA,NA,NA,NA,gbif_previous_download,/Volumes/Radishes/GBIF_phenology_scored_specimen_images,3897880546.jpg,3897880546,3897880546.jpg,unmatched,no unified occurrence row for old gbifID=3897880546 via occurrenceID,4,FALSE
NA,NA,NA,NA,NA,NA,NA,NA,NA,gbif_previous_download,/Volumes/Radishes/GBIF_phenology_scored_specimen_images,3897880608.jpg,3897880608,3897880608.jpg,unmatched,no unified occurrence row for old gbifID=3897880608 via occurrenceID,4,FALSE
NA,NA,NA,NA,NA,NA,NA,NA,NA,gbif_previous_download,/Volumes/Radishes/GBIF_phenology_scored_specimen_images,3897880609.jpg,3897880609,3897880609.jpg,unmatched,no unified occurrence row for old gbifID=3897880609 via occurrenceID,4,FALSE
NA,NA,NA,NA,NA,NA,NA,NA,NA,gbif_previous_download,/Volumes/Radishes/GBIF_phenology_scored_specimen_images,3897880617.jpg,3897880617,3897880617.jpg,unmatched,no unified occurrence row for old gbifID=3897880617 via occurrenceID,4,FALSE
NA,NA,NA,NA,NA,NA,NA,NA,NA,gbif_previous_download,/Volumes/Radishes/GBIF_phenology_scored_specimen_images,3897880621.jpg,3897880621,3897880621.jpg,unmatched,no unified occurrence row for old gbifID=3897880621 via occurrenceID,4,FALSE
NA,NA,NA,NA,NA,NA,NA,NA,NA,gbif_previous_download,/Volumes/Radishes/GBIF_phenology_scored_specimen_images,3897880633.jpg,3897880633,3897880633.jpg,unmatched,no unified occurrence row for old gbifID=3897880633 via occurrenceID,4,FALSE
NA,NA,NA,NA,NA,NA,NA,NA,NA,gbif_previous_download,/Volumes/Radishes/GBIF_phenology_scored_specimen_images,3897880637.jpg,3897880637,3897880637.jpg,unmatched,no unified occurrence row for old gbifID=3897880637 via occurrenceID,4,FALSE
NA,NA,NA,NA,NA,NA,NA,NA,NA,gbif_previous_download,/Volumes/Radishes/GBIF_phenology_scored_specimen_images,3897880650.jpg,3897880650,3897880650.jpg,unmatched,no unified occurrence row for old gbifID=3897880650 via occurrenceID,4,FALSE
NA,NA,NA,NA,NA,NA,NA,NA,NA,gbif_previous_download,/Volumes/Radishes/GBIF_phenology_scored_specimen_images,3897880662.jpg,3897880662,3897880662.jpg,unmatched,no unified occurrence row for old gbifID=3897880662 via occurrenceID,4,FALSE
NA,NA,NA,NA,NA,NA,NA,NA,NA,gbif_previous_download,/Volumes/Radishes/GBIF_phenology_scored_specimen_images,3897880665.jpg,3897880665,3897880665.jpg,unmatched,no unified occurrence row for old gbifID=3897880665 via occurrenceID,4,FALSE
NA,NA,NA,NA,NA,NA,NA,NA,NA,gbif_previous_download,/Volumes/Radishes/GBIF_phenology_scored_specimen_images,3897880668.jpg,3897880668,3897880668.jpg,unmatched,no unified occurrence row for old gbifID=3897880668 via occurrenceID,4,FALSE
NA,NA,NA,NA,NA,NA,NA,NA,NA,gbif_previous_download,/Volumes/Radishes/GBIF_phenology_scored_specimen_images,3897880671.jpg,3897880671,3897880671.jpg,unmatched,no unified occurrence row for old gbifID=3897880671 via occurrenceID,4,FALSE
NA,NA,NA,NA,NA,NA,NA,NA,NA,gbif_previous_download,/Volumes/Radishes/GBIF_phenology_scored_specimen_images,3897880675.jpg,3897880675,3897880675.jpg,unmatched,no unified occurrence row for old gbifID=3897880675 via occurrenceID,4,FALSE
NA,NA,NA,NA,NA,NA,NA,NA,NA,gbif_previous_download,/Volumes/Radishes/GBIF_phenology_scored_specimen_images,3897880688.jpg,3897880688,3897880688.jpg,unmatched,no unified occurrence row for old gbifID=3897880688 via occurrenceID,4,FALSE
NA,NA,NA,NA,NA,NA,NA,NA,NA,gbif_previous_download,/Volumes/Radishes/GBIF_phenology_scored_specimen_images,3897880698.jpg,3897880698,3897880698.jpg,unmatched,no unified occurrence row for old gbifID=3897880698 via occurrenceID,4,FALSE
NA,NA,NA,NA,NA,NA,NA,NA,NA,gbif_previous_download,/Volumes/Radishes/GBIF_phenology_scored_specimen_images,3897880700.jpg,3897880700,3897880700.jpg,unmatched,no unified occurrence row for old gbifID=3897880700 via occurrenceID,4,FALSE
NA,NA,NA,NA,NA,NA,NA,NA,NA,gbif_previous_download,/Volumes/Radishes/GBIF_phenology_scored_specimen_images,3897880704.jpg,3897880704,3897880704.jpg,unmatched,no unified occurrence row for old gbifID=3897880704 via occurrenceID,4,FALSE
NA,NA,NA,NA,NA,NA,NA,NA,NA,gbif_previous_download,/Volumes/Radishes/GBIF_phenology_scored_specimen_images,3897880707.jpg,3897880707,3897880707.jpg,unmatched,no unified occurrence row for old gbifID=3897880707 via occurrenceID,4,FALSE
NA,NA,NA,NA,NA,NA,NA,NA,NA,gbif_previous_download,/Volumes/Radishes/GBIF_phenology_scored_specimen_images,3897880710.jpg,3897880710,3897880710.jpg,unmatched,no unified occurrence row for old gbifID=3897880710 via occurrenceID,4,FALSE
NA,NA,NA,NA,NA,NA,NA,NA,NA,gbif_previous_download,/Volumes/Radishes/GBIF_phenology_scored_specimen_images,3897880727.jpg,3897880727,3897880727.jpg,unmatched,no unified occurrence row for old gbifID=3897880727 via occurrenceID,4,FALSE
NA,NA,NA,NA,NA,NA,NA,NA,NA,gbif_previous_download,/Volumes/Radishes/GBIF_phenology_scored_specimen_images,3897880728.jpg,3897880728,3897880728.jpg,unmatched,no unified occurrence row for old gbifID=3897880728 via occurrenceID,4,FALSE
NA,NA,NA,NA,NA,NA,NA,NA,NA,gbif_previous_download,/Volumes/Radishes/GBIF_phenology_scored_specimen_images,3897880729.jpg,3897880729,3897880729.jpg,unmatched,no unified occurrence row for old gbifID=3897880729 via occurrenceID,4,FALSE
NA,NA,NA,NA,NA,NA,NA,NA,NA,gbif_previous_download,/Volumes/Radishes/GBIF_phenology_scored_specimen_images,3897880733.jpg,3897880733,3897880733.jpg,unmatched,no unified occurrence row for old gbifID=3897880733 via occurrenceID,4,FALSE
NA,NA,NA,NA,NA,NA,NA,NA,NA,gbif_previous_download,/Volumes/Radishes/GBIF_phenology_scored_specimen_images,3897880734.jpg,3897880734,3897880734.jpg,unmatched,no unified occurrence row for old gbifID=3897880734 via occurrenceID,4,FALSE
NA,NA,NA,NA,NA,NA,NA,NA,NA,gbif_previous_download,/Volumes/Radishes/GBIF_phenology_scored_specimen_images,3897881458.jpg,3897881458,3897881458.jpg,unmatched,no unified occurrence row for old gbifID=3897881458 via occurrenceID,4,FALSE
NA,NA,NA,NA,NA,NA,NA,NA,NA,gbif_previous_download,/Volumes/Radishes/GBIF_phenology_scored_specimen_images,3897881459.jpg,3897881459,3897881459.jpg,unmatched,no unified occurrence row for old gbifID=3897881459 via occurrenceID,4,FALSE
NA,NA,NA,NA,NA,NA,NA,NA,NA,gbif_previous_download,/Volumes/Radishes/GBIF_phenology_scored_specimen_images,3897882331.jpg,3897882331,3897882331.jpg,unmatched,no unified occurrence row for old gbifID=3897882331 via occurrenceID,4,FALSE
NA,NA,NA,NA,NA,NA,NA,NA,NA,gbif_previous_download,/Volumes/Radishes/GBIF_phenology_scored_specimen_images,3897882335.jpg,3897882335,3897882335.jpg,unmatched,no unified occurrence row for old gbifID=3897882335 via occurrenceID,4,FALSE
NA,NA,NA,NA,NA,NA,NA,NA,NA,gbif_previous_download,/Volumes/Radishes/GBIF_phenology_scored_specimen_images,3897882336.jpg,3897882336,3897882336.jpg,unmatched,no unified occurrence row for old gbifID=3897882336 via occurrenceID,4,FALSE
NA,NA,NA,NA,NA,NA,NA,NA,NA,gbif_previous_download,/Volumes/Radishes/GBIF_phenology_scored_specimen_images,3897882337.jpg,3897882337,3897882337.jpg,unmatched,no unified occurrence row for old gbifID=3897882337 via occurrenceID,4,FALSE
NA,NA,NA,NA,NA,NA,NA,NA,NA,gbif_previous_download,/Volumes/Radishes/GBIF_phenology_scored_specimen_images,3897882347.jpg,3897882347,3897882347.jpg,unmatched,no unified occurrence row for old gbifID=3897882347 via occurrenceID,4,FALSE
NA,NA,NA,NA,NA,NA,NA,NA,NA,gbif_previous_download,/Volumes/Radishes/GBIF_phenology_scored_specimen_images,3897882352.jpg,3897882352,3897882352.jpg,unmatched,no unified occurrence row for old gbifID=3897882352 via occurrenceID,4,FALSE
NA,NA,NA,NA,NA,NA,NA,NA,NA,gbif_previous_download,/Volumes/Radishes/GBIF_phenology_scored_specimen_images,3897882353.jpg,3897882353,3897882353.jpg,unmatched,no unified occurrence row for old gbifID=3897882353 via occurrenceID,4,FALSE
NA,NA,NA,NA,NA,NA,NA,NA,NA,gbif_previous_download,/Volumes/Radishes/GBIF_phenology_scored_specimen_images,3897882354.jpg,3897882354,3897882354.jpg,unmatched,no unified occurrence row for old gbifID=3897882354 via occurrenceID,4,FALSE
NA,NA,NA,NA,NA,NA,NA,NA,NA,gbif_previous_download,/Volumes/Radishes/GBIF_phenology_scored_specimen_images,3897882355.jpg,3897882355,3897882355.jpg,unmatched,no unified occurrence row for old gbifID=3897882355 via occurrenceID,4,FALSE
NA,NA,NA,NA,NA,NA,NA,NA,NA,gbif_previous_download,/Volumes/Radishes/GBIF_phenology_scored_specimen_images,3897882364.jpg,3897882364,3897882364.jpg,unmatched,no unified occurrence row for old gbifID=3897882364 via occurrenceID,4,FALSE
NA,NA,NA,NA,NA,NA,NA,NA,NA,gbif_previous_download,/Volumes/Radishes/GBIF_phenology_scored_specimen_images,3897882366.jpg,3897882366,3897882366.jpg,unmatched,no unified occurrence row for old gbifID=3897882366 via occurrenceID,4,FALSE
NA,NA,NA,NA,NA,NA,NA,NA,NA,gbif_previous_download,/Volumes/Radishes/GBIF_phenology_scored_specimen_images,3897882367.jpg,3897882367,3897882367.jpg,unmatched,no unified occurrence row for old gbifID=3897882367 via occurrenceID,4,FALSE
NA,NA,NA,NA,NA,NA,NA,NA,NA,gbif_previous_download,/Volumes/Radishes/GBIF_phenology_scored_specimen_images,3897882368.jpg,3897882368,3897882368.jpg,unmatched,no unified occurrence row for old gbifID=3897882368 via occurrenceID,4,FALSE
NA,NA,NA,NA,NA,NA,NA,NA,NA,gbif_previous_download,/Volumes/Radishes/GBIF_phenology_scored_specimen_images,3897882370.jpg,3897882370,3897882370.jpg,unmatched,no unified occurrence row for old gbifID=3897882370 via occurrenceID,4,FALSE
NA,NA,NA,NA,NA,NA,NA,NA,NA,gbif_previous_download,/Volumes/Radishes/GBIF_phenology_scored_specimen_images,3897882371.jpg,3897882371,3897882371.jpg,unmatched,no unified occurrence row for old gbifID=3897882371 via occurrenceID,4,FALSE
NA,NA,NA,NA,NA,NA,NA,NA,NA,gbif_previous_download,/Volumes/Radishes/GBIF_phenology_scored_specimen_images,3897882372.jpg,3897882372,3897882372.jpg,unmatched,no unified occurrence row for old gbifID=3897882372 via occurrenceID,4,FALSE
NA,NA,NA,NA,NA,NA,NA,NA,NA,gbif_previous_download,/Volumes/Radishes/GBIF_phenology_scored_specimen_images,3897882373.jpg,3897882373,3897882373.jpg,unmatched,no unified occurrence row for old gbifID=3897882373 via occurrenceID,4,FALSE
NA,NA,NA,NA,NA,NA,NA,NA,NA,gbif_previous_download,/Volumes/Radishes/GBIF_phenology_scored_specimen_images,3897882379.jpg,3897882379,3897882379.jpg,unmatched,no unified occurrence row for old gbifID=3897882379 via occurrenceID,4,FALSE
NA,NA,NA,NA,NA,NA,NA,NA,NA,gbif_previous_download,/Volumes/Radishes/GBIF_phenology_scored_specimen_images,3897882380.jpg,3897882380,3897882380.jpg,unmatched,no unified occurrence row for old gbifID=3897882380 via occurrenceID,4,FALSE
NA,NA,NA,NA,NA,NA,NA,NA,NA,gbif_previous_download,/Volumes/Radishes/GBIF_phenology_scored_specimen_images,3897882392.jpg,3897882392,3897882392.jpg,unmatched,no unified occurrence row for old gbifID=3897882392 via occurrenceID,4,FALSE
NA,NA,NA,NA,NA,NA,NA,NA,NA,gbif_previous_download,/Volumes/Radishes/GBIF_phenology_scored_specimen_images,3897882401.jpg,3897882401,3897882401.jpg,unmatched,no unified occurrence row for old gbifID=3897882401 via occurrenceID,4,FALSE
NA,NA,NA,NA,NA,NA,NA,NA,NA,gbif_previous_download,/Volumes/Radishes/GBIF_phenology_scored_specimen_images,3898511062.jpg,3898511062,3898511062.jpg,unmatched,no unified occurrence row for old gbifID=3898511062 via occurrenceID,4,FALSE
NA,NA,NA,NA,NA,NA,NA,NA,NA,gbif_previous_download,/Volumes/Radishes/GBIF_phenology_scored_specimen_images,3969592782.jpg,3969592782,3969592782.jpg,unmatched,no unified occurrence row for old gbifID=3969592782 via occurrenceID,4,FALSE
NA,NA,NA,NA,NA,NA,NA,NA,NA,gbif_previous_download,/Volumes/Radishes/GBIF_phenology_scored_specimen_images,3969592783.jpg,3969592783,3969592783.jpg,unmatched,no unified occurrence row for old gbifID=3969592783 via occurrenceID,4,FALSE
NA,NA,NA,NA,NA,NA,NA,NA,NA,gbif_previous_download,/Volumes/Radishes/GBIF_phenology_scored_specimen_images,3969592823.jpg,3969592823,3969592823.jpg,unmatched,no unified occurrence row for old gbifID=3969592823 via occurrenceID,4,FALSE
NA,NA,NA,NA,NA,NA,NA,NA,NA,gbif_previous_download,/Volumes/Radishes/GBIF_phenology_scored_specimen_images,3969592824.jpg,3969592824,3969592824.jpg,unmatched,no unified occurrence row for old gbifID=3969592824 via occurrenceID,4,FALSE
NA,NA,NA,NA,NA,NA,NA,NA,NA,gbif_previous_download,/Volumes/Radishes/GBIF_phenology_scored_specimen_images,3969592825.jpg,3969592825,3969592825.jpg,unmatched,no unified occurrence row for old gbifID=3969592825 via occurrenceID,4,FALSE
NA,NA,NA,NA,NA,NA,NA,NA,NA,gbif_previous_download,/Volumes/Radishes/GBIF_phenology_scored_specimen_images,3969592826.jpg,3969592826,3969592826.jpg,unmatched,no unified occurrence row for old gbifID=3969592826 via occurrenceID,4,FALSE
NA,NA,NA,NA,NA,NA,NA,NA,NA,gbif_previous_download,/Volumes/Radishes/GBIF_phenology_scored_specimen_images,3969592827.jpg,3969592827,3969592827.jpg,unmatched,no unified occurrence row for old gbifID=3969592827 via occurrenceID,4,FALSE
NA,NA,NA,NA,NA,NA,NA,NA,NA,gbif_previous_download,/Volumes/Radishes/GBIF_phenology_scored_specimen_images,3969592828.jpg,3969592828,3969592828.jpg,unmatched,no unified occurrence row for old gbifID=3969592828 via occurrenceID,4,FALSE
NA,NA,NA,NA,NA,NA,NA,NA,NA,gbif_previous_download,/Volumes/Radishes/GBIF_phenology_scored_specimen_images,3969592829.jpg,3969592829,3969592829.jpg,unmatched,no unified occurrence row for old gbifID=3969592829 via occurrenceID,4,FALSE
NA,NA,NA,NA,NA,NA,NA,NA,NA,gbif_previous_download,/Volumes/Radishes/GBIF_phenology_scored_specimen_images,3969592830.jpg,3969592830,3969592830.jpg,unmatched,no unified occurrence row for old gbifID=3969592830 via occurrenceID,4,FALSE
NA,NA,NA,NA,NA,NA,NA,NA,NA,gbif_previous_download,/Volumes/Radishes/GBIF_phenology_scored_specimen_images,3969593812.jpg,3969593812,3969593812.jpg,unmatched,no unified occurrence row for old gbifID=3969593812 via occurrenceID,4,FALSE
NA,NA,NA,NA,NA,NA,NA,NA,NA,gbif_previous_download,/Volumes/Radishes/GBIF_phenology_scored_specimen_images,3969593813.jpg,3969593813,3969593813.jpg,unmatched,no unified occurrence row for old gbifID=3969593813 via occurrenceID,4,FALSE
NA,NA,NA,NA,NA,NA,NA,NA,NA,gbif_previous_download,/Volumes/Radishes/GBIF_phenology_scored_specimen_images,3969593856.jpg,3969593856,3969593856.jpg,unmatched,no unified occurrence row for old gbifID=3969593856 via occurrenceID,4,FALSE
NA,NA,NA,NA,NA,NA,NA,NA,NA,gbif_previous_download,/Volumes/Radishes/GBIF_phenology_scored_specimen_images,3969593857.jpg,3969593857,3969593857.jpg,unmatched,no unified occurrence row for old gbifID=3969593857 via occurrenceID,4,FALSE
NA,NA,NA,NA,NA,NA,NA,NA,NA,gbif_previous_download,/Volumes/Radishes/GBIF_phenology_scored_specimen_images,3969593858.jpg,3969593858,3969593858.jpg,unmatched,no unified occurrence row for old gbifID=3969593858 via occurrenceID,4,FALSE
NA,NA,NA,NA,NA,NA,NA,NA,NA,gbif_previous_download,/Volumes/Radishes/GBIF_phenology_scored_specimen_images,3969593859.jpg,3969593859,3969593859.jpg,unmatched,no unified occurrence row for old gbifID=3969593859 via occurrenceID,4,FALSE
NA,NA,NA,NA,NA,NA,NA,NA,NA,gbif_previous_download,/Volumes/Radishes/GBIF_phenology_scored_specimen_images,3969593860.jpg,3969593860,3969593860.jpg,unmatched,no unified occurrence row for old gbifID=3969593860 via occurrenceID,4,FALSE
NA,NA,NA,NA,NA,NA,NA,NA,NA,gbif_previous_download,/Volumes/Radishes/GBIF_phenology_scored_specimen_images,3969593861.jpg,3969593861,3969593861.jpg,unmatched,no unified occurrence row for old gbifID=3969593861 via occurrenceID,4,FALSE
NA,NA,NA,NA,NA,NA,NA,NA,NA,gbif_previous_download,/Volumes/Radishes/GBIF_phenology_scored_specimen_images,3969593862.jpg,3969593862,3969593862.jpg,unmatched,no unified occurrence row for old gbifID=3969593862 via occurrenceID,4,FALSE
NA,NA,NA,NA,NA,NA,NA,NA,NA,gbif_previous_download,/Volumes/Radishes/GBIF_phenology_scored_specimen_images,3969593863.jpg,3969593863,3969593863.jpg,unmatched,no unified occurrence row for old gbifID=3969593863 via occurrenceID,4,FALSE
NA,NA,NA,NA,NA,NA,NA,NA,NA,gbif_previous_download,/Volumes/Radishes/GBIF_phenology_scored_specimen_images,3969595050.jpg,3969595050,3969595050.jpg,unmatched,no unified occurrence row for old gbifID=3969595050 via occurrenceID,4,FALSE
NA,NA,NA,NA,NA,NA,NA,NA,NA,gbif_previous_download,/Volumes/Radishes/GBIF_phenology_scored_specimen_images,3969595051.jpg,3969595051,3969595051.jpg,unmatched,no unified occurrence row for old gbifID=3969595051 via occurrenceID,4,FALSE
NA,NA,NA,NA,NA,NA,NA,NA,NA,gbif_previous_download,/Volumes/Radishes/GBIF_phenology_scored_specimen_images,3969595097.jpg,3969595097,3969595097.jpg,unmatched,no unified occurrence row for old gbifID=3969595097 via occurrenceID,4,FALSE
NA,NA,NA,NA,NA,NA,NA,NA,NA,gbif_previous_download,/Volumes/Radishes/GBIF_phenology_scored_specimen_images,3969595098.jpg,3969595098,3969595098.jpg,unmatched,no unified occurrence row for old gbifID=3969595098 via occurrenceID,4,FALSE
NA,NA,NA,NA,NA,NA,NA,NA,NA,gbif_previous_download,/Volumes/Radishes/GBIF_phenology_scored_specimen_images,3969595099.jpg,3969595099,3969595099.jpg,unmatched,no unified occurrence row for old gbifID=3969595099 via occurrenceID,4,FALSE
NA,NA,NA,NA,NA,NA,NA,NA,NA,gbif_previous_download,/Volumes/Radishes/GBIF_phenology_scored_specimen_images,3969595100.jpg,3969595100,3969595100.jpg,unmatched,no unified occurrence row for old gbifID=3969595100 via occurrenceID,4,FALSE
NA,NA,NA,NA,NA,NA,NA,NA,NA,gbif_previous_download,/Volumes/Radishes/GBIF_phenology_scored_specimen_images,3969595102.jpg,3969595102,3969595102.jpg,unmatched,no unified occurrence row for old gbifID=3969595102 via occurrenceID,4,FALSE
NA,NA,NA,NA,NA,NA,NA,NA,NA,gbif_previous_download,/Volumes/Radishes/GBIF_phenology_scored_specimen_images,3969595103.jpg,3969595103,3969595103.jpg,unmatched,no unified occurrence row for old gbifID=3969595103 via occurrenceID,4,FALSE
NA,NA,NA,NA,NA,NA,NA,NA,NA,gbif_previous_download,/Volumes/Radishes/GBIF_phenology_scored_specimen_images,3969595104.jpg,3969595104,3969595104.jpg,unmatched,no unified occurrence row for old gbifID=3969595104 via occurrenceID,4,FALSE
NA,NA,NA,NA,NA,NA,NA,NA,NA,gbif_previous_download,/Volumes/Radishes/GBIF_phenology_scored_specimen_images,3969683960.jpg,3969683960,3969683960.jpg,unmatched,no unified occurrence row for old gbifID=3969683960 via occurrenceID,4,FALSE
NA,NA,NA,NA,NA,NA,NA,NA,NA,gbif_previous_download,/Volumes/Radishes/GBIF_phenology_scored_specimen_images,3969683961.jpg,3969683961,3969683961.jpg,unmatched,no unified occurrence row for old gbifID=3969683961 via occurrenceID,4,FALSE
NA,NA,NA,NA,NA,NA,NA,NA,NA,gbif_previous_download,/Volumes/Radishes/GBIF_phenology_scored_specimen_images,3969684004.jpg,3969684004,3969684004.jpg,unmatched,no unified occurrence row for old gbifID=3969684004 via occurrenceID,4,FALSE
NA,NA,NA,NA,NA,NA,NA,NA,NA,gbif_previous_download,/Volumes/Radishes/GBIF_phenology_scored_specimen_images,3969684005.jpg,3969684005,3969684005.jpg,unmatched,no unified occurrence row for old gbifID=3969684005 via occurrenceID,4,FALSE
NA,NA,NA,NA,NA,NA,NA,NA,NA,gbif_previous_download,/Volumes/Radishes/GBIF_phenology_scored_specimen_images,3969684006.jpg,3969684006,3969684006.jpg,unmatched,no unified occurrence row for old gbifID=3969684006 via occurrenceID,4,FALSE
NA,NA,NA,NA,NA,NA,NA,NA,NA,gbif_previous_download,/Volumes/Radishes/GBIF_phenology_scored_specimen_images,3969684007.jpg,3969684007,3969684007.jpg,unmatched,no unified occurrence row for old gbifID=3969684007 via occurrenceID,4,FALSE
NA,NA,NA,NA,NA,NA,NA,NA,NA,gbif_previous_download,/Volumes/Radishes/GBIF_phenology_scored_specimen_images,3969684008.jpg,3969684008,3969684008.jpg,unmatched,no unified occurrence row for old gbifID=3969684008 via occurrenceID,4,FALSE
NA,NA,NA,NA,NA,NA,NA,NA,NA,gbif_previous_download,/Volumes/Radishes/GBIF_phenology_scored_specimen_images,3969684009.jpg,3969684009,3969684009.jpg,unmatched,no unified occurrence row for old gbifID=3969684009 via occurrenceID,4,FALSE
NA,NA,NA,NA,NA,NA,NA,NA,NA,gbif_previous_download,/Volumes/Radishes/GBIF_phenology_scored_specimen_images,3969684010.jpg,3969684010,3969684010.jpg,unmatched,no unified occurrence row for old gbifID=3969684010 via occurrenceID,4,FALSE
NA,NA,NA,NA,NA,NA,NA,NA,NA,gbif_previous_download,/Volumes/Radishes/GBIF_phenology_scored_specimen_images,3969684011.jpg,3969684011,3969684011.jpg,unmatched,no unified occurrence row for old gbifID=3969684011 via occurrenceID,4,FALSE
NA,NA,NA,NA,NA,NA,NA,NA,NA,gbif_previous_download,/Volumes/Radishes/GBIF_phenology_scored_specimen_images,3969684012.jpg,3969684012,3969684012.jpg,unmatched,no unified occurrence row for old gbifID=3969684012 via occurrenceID,4,FALSE
NA,NA,NA,NA,NA,NA,NA,NA,NA,gbif_previous_download,/Volumes/Radishes/GBIF_phenology_scored_specimen_images,3969778916.jpg,3969778916,3969778916.jpg,unmatched,no unified occurrence row for old gbifID=3969778916 via occurrenceID,4,FALSE
NA,NA,NA,NA,NA,NA,NA,NA,NA,gbif_previous_download,/Volumes/Radishes/GBIF_phenology_scored_specimen_images,3969778917.jpg,3969778917,3969778917.jpg,unmatched,no unified occurrence row for old gbifID=3969778917 via occurrenceID,4,FALSE
NA,NA,NA,NA,NA,NA,NA,NA,NA,gbif_previous_download,/Volumes/Radishes/GBIF_phenology_scored_specimen_images,3969778959.jpg,3969778959,3969778959.jpg,unmatched,no unified occurrence row for old gbifID=3969778959 via occurrenceID,4,FALSE
NA,NA,NA,NA,NA,NA,NA,NA,NA,gbif_previous_download,/Volumes/Radishes/GBIF_phenology_scored_specimen_images,3969778960.jpg,3969778960,3969778960.jpg,unmatched,no unified occurrence row for old gbifID=3969778960 via occurrenceID,4,FALSE
NA,NA,NA,NA,NA,NA,NA,NA,NA,gbif_previous_download,/Volumes/Radishes/GBIF_phenology_scored_specimen_images,3969778961.jpg,3969778961,3969778961.jpg,unmatched,no unified occurrence row for old gbifID=3969778961 via occurrenceID,4,FALSE
NA,NA,NA,NA,NA,NA,NA,NA,NA,gbif_previous_download,/Volumes/Radishes/GBIF_phenology_scored_specimen_images,3969778962.jpg,3969778962,3969778962.jpg,unmatched,no unified occurrence row for old gbifID=3969778962 via occurrenceID,4,FALSE
NA,NA,NA,NA,NA,NA,NA,NA,NA,gbif_previous_download,/Volumes/Radishes/GBIF_phenology_scored_specimen_images,3969778963.jpg,3969778963,3969778963.jpg,unmatched,no unified occurrence row for old gbifID=3969778963 via occurrenceID,4,FALSE
NA,NA,NA,NA,NA,NA,NA,NA,NA,gbif_previous_download,/Volumes/Radishes/GBIF_phenology_scored_specimen_images,3969778964.jpg,3969778964,3969778964.jpg,unmatched,no unified occurrence row for old gbifID=3969778964 via occurrenceID,4,FALSE
NA,NA,NA,NA,NA,NA,NA,NA,NA,gbif_previous_download,/Volumes/Radishes/GBIF_phenology_scored_specimen_images,3969778965.jpg,3969778965,3969778965.jpg,unmatched,no unified occurrence row for old gbifID=3969778965 via occurrenceID,4,FALSE
NA,NA,NA,NA,NA,NA,NA,NA,NA,gbif_previous_download,/Volumes/Radishes/GBIF_phenology_scored_specimen_images,3969778966.jpg,3969778966,3969778966.jpg,unmatched,no unified occurrence row for old gbifID=3969778966 via occurrenceID,4,FALSE
NA,NA,NA,NA,NA,NA,NA,NA,NA,gbif_previous_download,/Volumes/Radishes/GBIF_phenology_scored_specimen_images,3969780970.jpg,3969780970,3969780970.jpg,unmatched,no unified occurrence row for old gbifID=3969780970 via occurrenceID,4,FALSE
NA,NA,NA,NA,NA,NA,NA,NA,NA,gbif_previous_download,/Volumes/Radishes/GBIF_phenology_scored_specimen_images,3969780971.jpg,3969780971,3969780971.jpg,unmatched,no unified occurrence row for old gbifID=3969780971 via occurrenceID,4,FALSE
NA,NA,NA,NA,NA,NA,NA,NA,NA,gbif_previous_download,/Volumes/Radishes/GBIF_phenology_scored_specimen_images,3969780972.jpg,3969780972,3969780972.jpg,unmatched,no unified occurrence row for old gbifID=3969780972 via occurrenceID,4,FALSE
NA,NA,NA,NA,NA,NA,NA,NA,NA,gbif_previous_download,/Volumes/Radishes/GBIF_phenology_scored_specimen_images,3969781015.jpg,3969781015,3969781015.jpg,unmatched,no unified occurrence row for old gbifID=3969781015 via occurrenceID,4,FALSE
NA,NA,NA,NA,NA,NA,NA,NA,NA,gbif_previous_download,/Volumes/Radishes/GBIF_phenology_scored_specimen_images,3969781016.jpg,3969781016,3969781016.jpg,unmatched,no unified occurrence row for old gbifID=3969781016 via occurrenceID,4,FALSE
NA,NA,NA,NA,NA,NA,NA,NA,NA,gbif_previous_download,/Volumes/Radishes/GBIF_phenology_scored_specimen_images,3969781017.jpg,3969781017,3969781017.jpg,unmatched,no unified occurrence row for old gbifID=3969781017 via occurrenceID,4,FALSE
NA,NA,NA,NA,NA,NA,NA,NA,NA,gbif_previous_download,/Volumes/Radishes/GBIF_phenology_scored_specimen_images,3969781018.jpg,3969781018,3969781018.jpg,unmatched,no unified occurrence row for old gbifID=3969781018 via occurrenceID,4,FALSE
NA,NA,NA,NA,NA,NA,NA,NA,NA,gbif_previous_download,/Volumes/Radishes/GBIF_phenology_scored_specimen_images,3969781019.jpg,3969781019,3969781019.jpg,unmatched,no unified occurrence row for old gbifID=3969781019 via occurrenceID,4,FALSE
NA,NA,NA,NA,NA,NA,NA,NA,NA,gbif_previous_download,/Volumes/Radishes/GBIF_phenology_scored_specimen_images,3969781021.jpg,3969781021,3969781021.jpg,unmatched,no unified occurrence row for old gbifID=3969781021 via occurrenceID,4,FALSE
NA,NA,NA,NA,NA,NA,NA,NA,NA,gbif_previous_download,/Volumes/Radishes/GBIF_phenology_scored_specimen_images,3969781022.jpg,3969781022,3969781022.jpg,unmatched,no unified occurrence row for old gbifID=3969781022 via occurrenceID,4,FALSE
NA,NA,NA,NA,NA,NA,NA,NA,NA,gbif_previous_download,/Volumes/Radishes/GBIF_phenology_scored_specimen_images,3969781023.jpg,3969781023,3969781023.jpg,unmatched,no unified occurrence row for old gbifID=3969781023 via occurrenceID,4,FALSE
NA,NA,NA,NA,NA,NA,NA,NA,NA,gbif_previous_download,/Volumes/Radishes/GBIF_phenology_scored_specimen_images,3969795070.jpg,3969795070,3969795070.jpg,unmatched,no unified occurrence row for old gbifID=3969795070 via occurrenceID,4,FALSE
NA,NA,NA,NA,NA,NA,NA,NA,NA,gbif_previous_download,/Volumes/Radishes/GBIF_phenology_scored_specimen_images,3969795071.jpg,3969795071,3969795071.jpg,unmatched,no unified occurrence row for old gbifID=3969795071 via occurrenceID,4,FALSE
NA,NA,NA,NA,NA,NA,NA,NA,NA,gbif_previous_download,/Volumes/Radishes/GBIF_phenology_scored_specimen_images,3969795109.jpg,3969795109,3969795109.jpg,unmatched,no unified occurrence row for old gbifID=3969795109 via occurrenceID,4,FALSE
NA,NA,NA,NA,NA,NA,NA,NA,NA,gbif_previous_download,/Volumes/Radishes/GBIF_phenology_scored_specimen_images,3969795110.jpg,3969795110,3969795110.jpg,unmatched,no unified occurrence row for old gbifID=3969795110 via occurrenceID,4,FALSE
NA,NA,NA,NA,NA,NA,NA,NA,NA,gbif_previous_download,/Volumes/Radishes/GBIF_phenology_scored_specimen_images,3969795111.jpg,3969795111,3969795111.jpg,unmatched,no unified occurrence row for old gbifID=3969795111 via occurrenceID,4,FALSE
NA,NA,NA,NA,NA,NA,NA,NA,NA,gbif_previous_download,/Volumes/Radishes/GBIF_phenology_scored_specimen_images,3969795112.jpg,3969795112,3969795112.jpg,unmatched,no unified occurrence row for old gbifID=3969795112 via occurrenceID,4,FALSE
NA,NA,NA,NA,NA,NA,NA,NA,NA,gbif_previous_download,/Volumes/Radishes/GBIF_phenology_scored_specimen_images,3969795113.jpg,3969795113,3969795113.jpg,unmatched,no unified occurrence row for old gbifID=3969795113 via occurrenceID,4,FALSE
NA,NA,NA,NA,NA,NA,NA,NA,NA,gbif_previous_download,/Volumes/Radishes/GBIF_phenology_scored_specimen_images,3969795114.jpg,3969795114,3969795114.jpg,unmatched,no unified occurrence row for old gbifID=3969795114 via occurrenceID,4,FALSE
NA,NA,NA,NA,NA,NA,NA,NA,NA,gbif_previous_download,/Volumes/Radishes/GBIF_phenology_scored_specimen_images,3969795115.jpg,3969795115,3969795115.jpg,unmatched,no unified occurrence row for old gbifID=3969795115 via occurrenceID,4,FALSE
NA,NA,NA,NA,NA,NA,NA,NA,NA,gbif_previous_download,/Volumes/Radishes/GBIF_phenology_scored_specimen_images,3969795116.jpg,3969795116,3969795116.jpg,unmatched,no unified occurrence row for old gbifID=3969795116 via occurrenceID,4,FALSE
NA,NA,NA,NA,NA,NA,NA,NA,NA,gbif_previous_download,/Volumes/Radishes/GBIF_phenology_scored_specimen_images,3969863983.jpg,3969863983,3969863983.jpg,unmatched,no unified occurrence row for old gbifID=3969863983 via occurrenceID,4,FALSE
NA,NA,NA,NA,NA,NA,NA,NA,NA,gbif_previous_download,/Volumes/Radishes/GBIF_phenology_scored_specimen_images,3969863984.jpg,3969863984,3969863984.jpg,unmatched,no unified occurrence row for old gbifID=3969863984 via occurrenceID,4,FALSE
NA,NA,NA,NA,NA,NA,NA,NA,NA,gbif_previous_download,/Volumes/Radishes/GBIF_phenology_scored_specimen_images,3969863985.jpg,3969863985,3969863985.jpg,unmatched,no unified occurrence row for old gbifID=3969863985 via occurrenceID,4,FALSE
NA,NA,NA,NA,NA,NA,NA,NA,NA,gbif_previous_download,/Volumes/Radishes/GBIF_phenology_scored_specimen_images,3969864027.jpg,3969864027,3969864027.jpg,unmatched,no unified occurrence row for old gbifID=3969864027 via occurrenceID,4,FALSE
NA,NA,NA,NA,NA,NA,NA,NA,NA,gbif_previous_download,/Volumes/Radishes/GBIF_phenology_scored_specimen_images,3969864028.jpg,3969864028,3969864028.jpg,unmatched,no unified occurrence row for old gbifID=3969864028 via occurrenceID,4,FALSE
NA,NA,NA,NA,NA,NA,NA,NA,NA,gbif_previous_download,/Volumes/Radishes/GBIF_phenology_scored_specimen_images,3969864029.jpg,3969864029,3969864029.jpg,unmatched,no unified occurrence row for old gbifID=3969864029 via occurrenceID,4,FALSE
NA,NA,NA,NA,NA,NA,NA,NA,NA,gbif_previous_download,/Volumes/Radishes/GBIF_phenology_scored_specimen_images,3969864030.jpg,3969864030,3969864030.jpg,unmatched,no unified occurrence row for old gbifID=3969864030 via occurrenceID,4,FALSE
NA,NA,NA,NA,NA,NA,NA,NA,NA,gbif_previous_download,/Volumes/Radishes/GBIF_phenology_scored_specimen_images,3969864031.jpg,3969864031,3969864031.jpg,unmatched,no unified occurrence row for old gbifID=3969864031 via occurrenceID,4,FALSE
NA,NA,NA,NA,NA,NA,NA,NA,NA,gbif_previous_download,/Volumes/Radishes/GBIF_phenology_scored_specimen_images,3969864032.jpg,3969864032,3969864032.jpg,unmatched,no unified occurrence row for old gbifID=3969864032 via occurrenceID,4,FALSE
NA,NA,NA,NA,NA,NA,NA,NA,NA,gbif_previous_download,/Volumes/Radishes/GBIF_phenology_scored_specimen_images,3969864033.jpg,3969864033,3969864033.jpg,unmatched,no unified occurrence row for old gbifID=3969864033 via occurrenceID,4,FALSE
NA,NA,NA,NA,NA,NA,NA,NA,NA,gbif_previous_download,/Volumes/Radishes/GBIF_phenology_scored_specimen_images,3969864034.jpg,3969864034,3969864034.jpg,unmatched,no unified occurrence row for old gbifID=3969864034 via occurrenceID,4,FALSE
NA,NA,NA,NA,NA,NA,NA,NA,NA,gbif_previous_download,/Volumes/Radishes/GBIF_phenology_scored_specimen_images,3969864035.jpg,3969864035,3969864035.jpg,unmatched,no unified occurrence row for old gbifID=3969864035 via occurrenceID,4,FALSE
NA,NA,NA,NA,NA,NA,NA,NA,NA,gbif_previous_download,/Volumes/Radishes/GBIF_phenology_scored_specimen_images,3970668672.jpg,3970668672,3970668672.jpg,unmatched,no unified occurrence row for old gbifID=3970668672 via occurrenceID,4,FALSE
NA,NA,NA,NA,NA,NA,NA,NA,NA,gbif_previous_download,/Volumes/Radishes/GBIF_phenology_scored_specimen_images,3970670322.jpg,3970670322,3970670322.jpg,unmatched,no unified occurrence row for old gbifID=3970670322 via occurrenceID,4,FALSE
NA,NA,NA,NA,NA,NA,NA,NA,NA,gbif_previous_download,/Volumes/Radishes/GBIF_phenology_scored_specimen_images,4010713829.jpg,4010713829,4010713829.jpg,unmatched,no unified occurrence row for old gbifID=4010713829 via occurrenceID,4,FALSE
NA,NA,NA,NA,NA,NA,NA,NA,NA,gbif_previous_download,/Volumes/Radishes/GBIF_phenology_scored_specimen_images,4092881431.jpg,4092881431,4092881431.jpg,unmatched,no unified occurrence row for old gbifID=4092881431 via occurrenceID,4,FALSE
NA,NA,NA,NA,NA,NA,NA,NA,NA,gbif_previous_download,/Volumes/Radishes/GBIF_phenology_scored_specimen_images,4092881438.jpg,4092881438,4092881438.jpg,unmatched,no unified occurrence row for old gbifID=4092881438 via occurrenceID,4,FALSE
NA,NA,NA,NA,NA,NA,NA,NA,NA,gbif_previous_download,/Volumes/Radishes/GBIF_phenology_scored_specimen_images,4092881445.jpg,4092881445,4092881445.jpg,unmatched,no unified occurrence row for old gbifID=4092881445 via occurrenceID,4,FALSE
NA,NA,NA,NA,NA,NA,NA,NA,NA,gbif_previous_download,/Volumes/Radishes/GBIF_phenology_scored_specimen_images,4092881458.jpg,4092881458,4092881458.jpg,unmatched,no unified occurrence row for old gbifID=4092881458 via occurrenceID,4,FALSE
NA,NA,NA,NA,NA,NA,NA,NA,NA,gbif_previous_download,/Volumes/Radishes/GBIF_phenology_scored_specimen_images,4092881462.jpg,4092881462,4092881462.jpg,unmatched,no unified occurrence row for old gbifID=4092881462 via occurrenceID,4,FALSE
NA,NA,NA,NA,NA,NA,NA,NA,NA,gbif_previous_download,/Volumes/Radishes/GBIF_phenology_scored_specimen_images,4101879459.jpg,4101879459,4101879459.jpg,unmatched,no unified occurrence row for old gbifID=4101879459 via occurrenceID,4,FALSE
NA,NA,NA,NA,NA,NA,NA,NA,NA,gbif_previous_download,/Volumes/Radishes/GBIF_phenology_scored_specimen_images,4101879460.jpg,4101879460,4101879460.jpg,unmatched,no unified occurrence row for old gbifID=4101879460 via occurrenceID,4,FALSE
NA,NA,NA,NA,NA,NA,NA,NA,NA,gbif_previous_download,/Volumes/Radishes/GBIF_phenology_scored_specimen_images,4101879461.jpg,4101879461,4101879461.jpg,unmatched,no unified occurrence row for old gbifID=4101879461 via occurrenceID,4,FALSE
NA,NA,NA,NA,NA,NA,NA,NA,NA,gbif_previous_download,/Volumes/Radishes/GBIF_phenology_scored_specimen_images,4101879462.jpg,4101879462,4101879462.jpg,unmatched,no unified occurrence row for old gbifID=4101879462 via occurrenceID,4,FALSE
NA,NA,NA,NA,NA,NA,NA,NA,NA,gbif_previous_download,/Volumes/Radishes/GBIF_phenology_scored_specimen_images,4101879464.jpg,4101879464,4101879464.jpg,unmatched,no unified occurrence row for old gbifID=4101879464 via occurrenceID,4,FALSE
NA,NA,NA,NA,NA,NA,NA,NA,NA,gbif_previous_download,/Volumes/Radishes/GBIF_phenology_scored_specimen_images,4101879467.jpg,4101879467,4101879467.jpg,unmatched,no unified occurrence row for old gbifID=4101879467 via occurrenceID,4,FALSE
NA,NA,NA,NA,NA,NA,NA,NA,NA,gbif_previous_download,/Volumes/Radishes/GBIF_phenology_scored_specimen_images,4101881486.jpg,4101881486,4101881486.jpg,unmatched,no unified occurrence row for old gbifID=4101881486 via occurrenceID,4,FALSE
NA,NA,NA,NA,NA,NA,NA,NA,NA,gbif_previous_download,/Volumes/Radishes/GBIF_phenology_scored_specimen_images,4101881487.jpg,4101881487,4101881487.jpg,unmatched,no unified occurrence row for old gbifID=4101881487 via occurrenceID,4,FALSE
NA,NA,NA,NA,NA,NA,NA,NA,NA,gbif_previous_download,/Volumes/Radishes/GBIF_phenology_scored_specimen_images,4101881488.jpg,4101881488,4101881488.jpg,unmatched,no unified occurrence row for old gbifID=4101881488 via occurrenceID,4,FALSE
NA,NA,NA,NA,NA,NA,NA,NA,NA,gbif_previous_download,/Volumes/Radishes/GBIF_phenology_scored_specimen_images,4101881489.jpg,4101881489,4101881489.jpg,unmatched,no unified occurrence row for old gbifID=4101881489 via occurrenceID,4,FALSE
NA,NA,NA,NA,NA,NA,NA,NA,NA,gbif_previous_download,/Volumes/Radishes/GBIF_phenology_scored_specimen_images,4101881490.jpg,4101881490,4101881490.jpg,unmatched,no unified occurrence row for old gbifID=4101881490 via occurrenceID,4,FALSE
NA,NA,NA,NA,NA,NA,NA,NA,NA,gbif_previous_download,/Volumes/Radishes/GBIF_phenology_scored_specimen_images,4101881491.jpg,4101881491,4101881491.jpg,unmatched,no unified occurrence row for old gbifID=4101881491 via occurrenceID,4,FALSE
NA,NA,NA,NA,NA,NA,NA,NA,NA,gbif_previous_download,/Volumes/Radishes/GBIF_phenology_scored_specimen_images,4101881492.jpg,4101881492,4101881492.jpg,unmatched,no unified occurrence row for old gbifID=4101881492 via occurrenceID,4,FALSE
NA,NA,NA,NA,NA,NA,NA,NA,NA,gbif_previous_download,/Volumes/Radishes/GBIF_phenology_scored_specimen_images,4101881493.jpg,4101881493,4101881493.jpg,unmatched,no unified occurrence row for old gbifID=4101881493 via occurrenceID,4,FALSE
NA,NA,NA,NA,NA,NA,NA,NA,NA,gbif_previous_download,/Volumes/Radishes/GBIF_phenology_scored_specimen_images,4101885505.jpg,4101885505,4101885505.jpg,unmatched,no unified occurrence row for old gbifID=4101885505 via occurrenceID,4,FALSE
NA,NA,NA,NA,NA,NA,NA,NA,NA,gbif_previous_download,/Volumes/Radishes/GBIF_phenology_scored_specimen_images,4101885509.jpg,4101885509,4101885509.jpg,unmatched,no unified occurrence row for old gbifID=4101885509 via occurrenceID,4,FALSE
NA,NA,NA,NA,NA,NA,NA,NA,NA,gbif_previous_download,/Volumes/Radishes/GBIF_phenology_scored_specimen_images,4101885510.jpg,4101885510,4101885510.jpg,unmatched,no unified occurrence row for old gbifID=4101885510 via occurrenceID,4,FALSE
NA,NA,NA,NA,NA,NA,NA,NA,NA,gbif_previous_download,/Volumes/Radishes/GBIF_phenology_scored_specimen_images,4101886531.jpg,4101886531,4101886531.jpg,unmatched,no unified occurrence row for old gbifID=4101886531 via occurrenceID,4,FALSE
NA,NA,NA,NA,NA,NA,NA,NA,NA,gbif_previous_download,/Volumes/Radishes/GBIF_phenology_scored_specimen_images,4101886532.jpg,4101886532,4101886532.jpg,unmatched,no unified occurrence row for old gbifID=4101886532 via occurrenceID,4,FALSE
NA,NA,NA,NA,NA,NA,NA,NA,NA,gbif_previous_download,/Volumes/Radishes/GBIF_phenology_scored_specimen_images,4102018364.jpg,4102018364,4102018364.jpg,unmatched,no unified occurrence row for old gbifID=4102018364 via occurrenceID,4,FALSE
NA,NA,NA,NA,NA,NA,NA,NA,NA,gbif_previous_download,/Volumes/Radishes/GBIF_phenology_scored_specimen_images,4102035532.jpg,4102035532,4102035532.jpg,unmatched,no unified occurrence row for old gbifID=4102035532 via occurrenceID,4,FALSE
NA,NA,NA,NA,NA,NA,NA,NA,NA,gbif_previous_download,/Volumes/Radishes/GBIF_phenology_scored_specimen_images,4102035533.jpg,4102035533,4102035533.jpg,unmatched,no unified occurrence row for old gbifID=4102035533 via occurrenceID,4,FALSE
NA,NA,NA,NA,NA,NA,NA,NA,NA,gbif_previous_download,/Volumes/Radishes/GBIF_phenology_scored_specimen_images,4102035534.jpg,4102035534,4102035534.jpg,unmatched,no unified occurrence row for old gbifID=4102035534 via occurrenceID,4,FALSE
NA,NA,NA,NA,NA,NA,NA,NA,NA,gbif_previous_download,/Volumes/Radishes/GBIF_phenology_scored_specimen_images,4102035535.jpg,4102035535,4102035535.jpg,unmatched,no unified occurrence row for old gbifID=4102035535 via occurrenceID,4,FALSE
NA,NA,NA,NA,NA,NA,NA,NA,NA,gbif_previous_download,/Volumes/Radishes/GBIF_phenology_scored_specimen_images,4102209475.jpg,4102209475,4102209475.jpg,unmatched,no unified occurrence row for old gbifID=4102209475 via occurrenceID,4,FALSE
NA,NA,NA,NA,NA,NA,NA,NA,NA,gbif_previous_download,/Volumes/Radishes/GBIF_phenology_scored_specimen_images,4102209476.jpg,4102209476,4102209476.jpg,unmatched,no unified occurrence row for old gbifID=4102209476 via occurrenceID,4,FALSE
NA,NA,NA,NA,NA,NA,NA,NA,NA,gbif_previous_download,/Volumes/Radishes/GBIF_phenology_scored_specimen_images,4102209478.jpg,4102209478,4102209478.jpg,unmatched,no unified occurrence row for old gbifID=4102209478 via occurrenceID,4,FALSE
NA,NA,NA,NA,NA,NA,NA,NA,NA,gbif_previous_download,/Volumes/Radishes/GBIF_phenology_scored_specimen_images,4102209479.jpg,4102209479,4102209479.jpg,unmatched,no unified occurrence row for old gbifID=4102209479 via occurrenceID,4,FALSE
NA,NA,NA,NA,NA,NA,NA,NA,NA,gbif_previous_download,/Volumes/Radishes/GBIF_phenology_scored_specimen_images,4102218530.jpg,4102218530,4102218530.jpg,unmatched,no unified occurrence row for old gbifID=4102218530 via occurrenceID,4,FALSE
NA,NA,NA,NA,NA,NA,NA,NA,NA,gbif_previous_download,/Volumes/Radishes/GBIF_phenology_scored_specimen_images,4102218531.jpg,4102218531,4102218531.jpg,unmatched,no unified occurrence row for old gbifID=4102218531 via occurrenceID,4,FALSE
NA,NA,NA,NA,NA,NA,NA,NA,NA,gbif_previous_download,/Volumes/Radishes/GBIF_phenology_scored_specimen_images,4102218532.jpg,4102218532,4102218532.jpg,unmatched,no unified occurrence row for old gbifID=4102218532 via occurrenceID,4,FALSE
NA,NA,NA,NA,NA,NA,NA,NA,NA,gbif_previous_download,/Volumes/Radishes/GBIF_phenology_scored_specimen_images,4102218533.jpg,4102218533,4102218533.jpg,unmatched,no unified occurrence row for old gbifID=4102218533 via occurrenceID,4,FALSE
NA,NA,NA,NA,NA,NA,NA,NA,NA,gbif_previous_download,/Volumes/Radishes/GBIF_phenology_scored_specimen_images,4102218534.jpg,4102218534,4102218534.jpg,unmatched,no unified occurrence row for old gbifID=4102218534 via occurrenceID,4,FALSE
NA,NA,NA,NA,NA,NA,NA,NA,NA,gbif_previous_download,/Volumes/Radishes/GBIF_phenology_scored_specimen_images,4102218535.jpg,4102218535,4102218535.jpg,unmatched,no unified occurrence row for old gbifID=4102218535 via occurrenceID,4,FALSE
NA,NA,NA,NA,NA,NA,NA,NA,NA,gbif_previous_download,/Volumes/Radishes/GBIF_phenology_scored_specimen_images,4102218537.jpg,4102218537,4102218537.jpg,unmatched,no unified occurrence row for old gbifID=4102218537 via occurrenceID,4,FALSE
NA,NA,NA,NA,NA,NA,NA,NA,NA,gbif_previous_download,/Volumes/Radishes/GBIF_phenology_scored_specimen_images,4102367465.jpg,4102367465,4102367465.jpg,unmatched,no unified occurrence row for old gbifID=4102367465 via occurrenceID,4,FALSE
NA,NA,NA,NA,NA,NA,NA,NA,NA,gbif_previous_download,/Volumes/Radishes/GBIF_phenology_scored_specimen_images,4102367466.jpg,4102367466,4102367466.jpg,unmatched,no unified occurrence row for old gbifID=4102367466 via occurrenceID,4,FALSE
NA,NA,NA,NA,NA,NA,NA,NA,NA,gbif_previous_download,/Volumes/Radishes/GBIF_phenology_scored_specimen_images,4102367467.jpg,4102367467,4102367467.jpg,unmatched,no unified occurrence row for old gbifID=4102367467 via occurrenceID,4,FALSE
NA,NA,NA,NA,NA,NA,NA,NA,NA,gbif_previous_download,/Volumes/Radishes/GBIF_phenology_scored_specimen_images,4102367468.jpg,4102367468,4102367468.jpg,unmatched,no unified occurrence row for old gbifID=4102367468 via occurrenceID,4,FALSE
NA,NA,NA,NA,NA,NA,NA,NA,NA,gbif_previous_download,/Volumes/Radishes/GBIF_phenology_scored_specimen_images,4102367469.jpg,4102367469,4102367469.jpg,unmatched,no unified occurrence row for old gbifID=4102367469 via occurrenceID,4,FALSE
NA,NA,NA,NA,NA,NA,NA,NA,NA,gbif_previous_download,/Volumes/Radishes/GBIF_phenology_scored_specimen_images,4102367470.jpg,4102367470,4102367470.jpg,unmatched,no unified occurrence row for old gbifID=4102367470 via occurrenceID,4,FALSE
NA,NA,NA,NA,NA,NA,NA,NA,NA,gbif_previous_download,/Volumes/Radishes/GBIF_phenology_scored_specimen_images,4134266499.jpg,4134266499,4134266499.jpg,unmatched,no unified occurrence row for old gbifID=4134266499 via occurrenceID,4,FALSE
NA,NA,NA,NA,NA,NA,NA,NA,NA,gbif_previous_download,/Volumes/Radishes/GBIF_phenology_scored_specimen_images,4134266503.jpg,4134266503,4134266503.jpg,unmatched,no unified occurrence row for old gbifID=4134266503 via occurrenceID,4,FALSE
NA,NA,NA,NA,NA,NA,NA,NA,NA,gbif_previous_download,/Volumes/Radishes/GBIF_phenology_scored_specimen_images,4134266538.jpg,4134266538,4134266538.jpg,unmatched,no unified occurrence row for old gbifID=4134266538 via occurrenceID,4,FALSE
NA,NA,NA,NA,NA,NA,NA,NA,NA,gbif_previous_download,/Volumes/Radishes/GBIF_phenology_scored_specimen_images,4134270683.jpg,4134270683,4134270683.jpg,unmatched,no unified occurrence row for old gbifID=4134270683 via occurrenceID,4,FALSE
NA,NA,NA,NA,NA,NA,NA,NA,NA,gbif_previous_download,/Volumes/Radishes/GBIF_phenology_scored_specimen_images,4134270693.jpg,4134270693,4134270693.jpg,unmatched,no unified occurrence row for old gbifID=4134270693 via occurrenceID,4,FALSE
NA,NA,NA,NA,NA,NA,NA,NA,NA,gbif_previous_download,/Volumes/Radishes/GBIF_phenology_scored_specimen_images,4134270703.jpg,4134270703,4134270703.jpg,unmatched,no unified occurrence row for old gbifID=4134270703 via occurrenceID,4,FALSE
NA,NA,NA,NA,NA,NA,NA,NA,NA,gbif_previous_download,/Volumes/Radishes/GBIF_phenology_scored_specimen_images,5011564406.jpg,5011564406,5011564406.jpg,unmatched,no unified occurrence row for old gbifID=5011564406 via occurrenceID,4,FALSE
NA,NA,NA,NA,NA,NA,NA,NA,NA,gbif_previous_download,/Volumes/Radishes/GBIF_phenology_scored_specimen_images,5011564408.jpg,5011564408,5011564408.jpg,unmatched,no unified occurrence row for old gbifID=5011564408 via occurrenceID,4,FALSE
NA,NA,NA,NA,NA,NA,NA,NA,NA,gbif_previous_download,/Volumes/Radishes/GBIF_phenology_scored_specimen_images,5011564409.jpg,5011564409,5011564409.jpg,unmatched,no unified occurrence row for old gbifID=5011564409 via occurrenceID,4,FALSE
NA,NA,NA,NA,NA,NA,NA,NA,NA,gbif_previous_download,/Volumes/Radishes/GBIF_phenology_scored_specimen_images,5011564466.jpg,5011564466,5011564466.jpg,unmatched,no unified occurrence row for old gbifID=5011564466 via occurrenceID,4,FALSE
NA,NA,NA,NA,NA,NA,NA,NA,NA,gbif_previous_download,/Volumes/Radishes/GBIF_phenology_scored_specimen_images,5011564467.jpg,5011564467,5011564467.jpg,unmatched,no unified occurrence row for old gbifID=5011564467 via occurrenceID,4,FALSE
NA,NA,NA,NA,NA,NA,NA,NA,NA,gbif_previous_download,/Volumes/Radishes/GBIF_phenology_scored_specimen_images,5011564468.jpg,5011564468,5011564468.jpg,unmatched,no unified occurrence row for old gbifID=5011564468 via occurrenceID,4,FALSE
NA,NA,NA,NA,NA,NA,NA,NA,NA,gbif_previous_download,/Volumes/Radishes/GBIF_phenology_scored_specimen_images,5011564469.jpg,5011564469,5011564469.jpg,unmatched,no unified occurrence row for old gbifID=5011564469 via occurrenceID,4,FALSE
NA,NA,NA,NA,NA,NA,NA,NA,NA,gbif_previous_download,/Volumes/Radishes/GBIF_phenology_scored_specimen_images,5011564470.jpg,5011564470,5011564470.jpg,unmatched,no unified occurrence row for old gbifID=5011564470 via occurrenceID,4,FALSE
NA,NA,NA,NA,NA,NA,NA,NA,NA,gbif_previous_download,/Volumes/Radishes/GBIF_phenology_scored_specimen_images,5011564471.jpg,5011564471,5011564471.jpg,unmatched,no unified occurrence row for old gbifID=5011564471 via occurrenceID,4,FALSE
NA,NA,NA,NA,NA,NA,NA,NA,NA,gbif_previous_download,/Volumes/Radishes/GBIF_phenology_scored_specimen_images,5011564472.jpg,5011564472,5011564472.jpg,unmatched,no unified occurrence row for old gbifID=5011564472 via occurrenceID,4,FALSE
NA,NA,NA,NA,NA,NA,NA,NA,NA,gbif_previous_download,/Volumes/Radishes/GBIF_phenology_scored_specimen_images,5028847937.jpg,5028847937,5028847937.jpg,unmatched,no unified occurrence row for old gbifID=5028847937 via occurrenceID,4,FALSE
NA,NA,NA,NA,NA,NA,NA,NA,NA,gbif_previous_download,/Volumes/Radishes/GBIF_phenology_scored_specimen_images,5028857010.jpg,5028857010,5028857010.jpg,unmatched,no unified occurrence row for old gbifID=5028857010 via occurrenceID,4,FALSE
NA,NA,NA,NA,NA,NA,NA,NA,NA,gbif_previous_download,/Volumes/Radishes/GBIF_phenology_scored_specimen_images,5067923810.jpg,5067923810,5067923810.jpg,unmatched,no unified occurrence row for old gbifID=5067923810 via occurrenceID,4,FALSE
NA,NA,NA,NA,NA,NA,NA,NA,NA,gbif_previous_download,/Volumes/Radishes/GBIF_phenology_scored_specimen_images,5067923817.jpg,5067923817,5067923817.jpg,unmatched,no unified occurrence row for old gbifID=5067923817 via occurrenceID,4,FALSE
NA,NA,NA,NA,NA,NA,NA,NA,NA,gbif_previous_download,/Volumes/Radishes/GBIF_phenology_scored_specimen_images,5067923818.jpg,5067923818,5067923818.jpg,unmatched,no unified occurrence row for old gbifID=5067923818 via occurrenceID,4,FALSE
NA,NA,NA,NA,NA,NA,NA,NA,NA,gbif_previous_download,/Volumes/Radishes/GBIF_phenology_scored_specimen_images,5067924809.jpg,5067924809,5067924809.jpg,unmatched,no unified occurrence row for old gbifID=5067924809 via occurrenceID,4,FALSE
NA,NA,NA,NA,NA,NA,NA,NA,NA,gbif_previous_download,/Volumes/Radishes/GBIF_phenology_scored_specimen_images,5067924817.jpg,5067924817,5067924817.jpg,unmatched,no unified occurrence row for old gbifID=5067924817 via occurrenceID,4,FALSE
NA,NA,NA,NA,NA,NA,NA,NA,NA,gbif_previous_download,/Volumes/Radishes/GBIF_phenology_scored_specimen_images,5067924818.jpg,5067924818,5067924818.jpg,unmatched,no unified occurrence row for old gbifID=5067924818 via occurrenceID,4,FALSE
NA,NA,NA,NA,NA,NA,NA,NA,NA,gbif_previous_download,/Volumes/Radishes/GBIF_phenology_scored_specimen_images,5067925811.jpg,5067925811,5067925811.jpg,unmatched,no unified occurrence row for old gbifID=5067925811 via occurrenceID,4,FALSE
NA,NA,NA,NA,NA,NA,NA,NA,NA,gbif_previous_download,/Volumes/Radishes/GBIF_phenology_scored_specimen_images,5067926808.jpg,5067926808,5067926808.jpg,unmatched,no unified occurrence row for old gbifID=5067926808 via occurrenceID,4,FALSE
NA,NA,NA,NA,NA,NA,NA,NA,NA,gbif_previous_download,/Volumes/Radishes/GBIF_phenology_scored_specimen_images,5067926810.jpg,5067926810,5067926810.jpg,unmatched,no unified occurrence row for old gbifID=5067926810 via occurrenceID,4,FALSE
NA,NA,NA,NA,NA,NA,NA,NA,NA,gbif_previous_download,/Volumes/Radishes/GBIF_phenology_scored_specimen_images,5067926814.jpg,5067926814,5067926814.jpg,unmatched,no unified occurrence row for old gbifID=5067926814 via occurrenceID,4,FALSE
NA,NA,NA,NA,NA,NA,NA,NA,NA,gbif_previous_download,/Volumes/Radishes/GBIF_phenology_scored_specimen_images,5067926815.jpg,5067926815,5067926815.jpg,unmatched,no unified occurrence row for old gbifID=5067926815 via occurrenceID,4,FALSE
NA,NA,NA,NA,NA,NA,NA,NA,NA,gbif_previous_download,/Volumes/Radishes/GBIF_phenology_scored_specimen_images,5067926817.jpg,5067926817,5067926817.jpg,unmatched,no unified occurrence row for old gbifID=5067926817 via occurrenceID,4,FALSE
NA,NA,NA,NA,NA,NA,NA,NA,NA,gbif_previous_download,/Volumes/Radishes/GBIF_phenology_scored_specimen_images,5067927810.jpg,5067927810,5067927810.jpg,unmatched,no unified occurrence row for old gbifID=5067927810 via occurrenceID,4,FALSE
NA,NA,NA,NA,NA,NA,NA,NA,NA,gbif_previous_download,/Volumes/Radishes/GBIF_phenology_scored_specimen_images,5067927816.jpg,5067927816,5067927816.jpg,unmatched,no unified occurrence row for old gbifID=5067927816 via occurrenceID,4,FALSE
NA,NA,NA,NA,NA,NA,NA,NA,NA,gbif_previous_download,/Volumes/Radishes/GBIF_phenology_scored_specimen_images,5067927817.jpg,5067927817,5067927817.jpg,unmatched,no unified occurrence row for old gbifID=5067927817 via occurrenceID,4,FALSE
NA,NA,NA,NA,NA,NA,NA,NA,NA,gbif_previous_download,/Volumes/Radishes/GBIF_phenology_scored_specimen_images,5067941420.jpg,5067941420,5067941420.jpg,unmatched,no unified occurrence row for old gbifID=5067941420 via occurrenceID,4,FALSE
NA,NA,NA,NA,NA,NA,NA,NA,NA,gbif_previous_download,/Volumes/Radishes/GBIF_phenology_scored_specimen_images,5067942420.jpg,5067942420,5067942420.jpg,unmatched,no unified occurrence row for old gbifID=5067942420 via occurrenceID,4,FALSE
NA,NA,NA,NA,NA,NA,NA,NA,NA,gbif_previous_download,/Volumes/Radishes/GBIF_phenology_scored_specimen_images,5068043244.jpg,5068043244,5068043244.jpg,unmatched,no unified occurrence row for old gbifID=5068043244 via occurrenceID,4,FALSE
NA,NA,NA,NA,NA,NA,NA,NA,NA,gbif_previous_download,/Volumes/Radishes/GBIF_phenology_scored_specimen_images,5068043248.jpg,5068043248,5068043248.jpg,unmatched,no unified occurrence row for old gbifID=5068043248 via occurrenceID,4,FALSE
NA,NA,NA,NA,NA,NA,NA,NA,NA,gbif_previous_download,/Volumes/Radishes/GBIF_phenology_scored_specimen_images,5068043252.jpg,5068043252,5068043252.jpg,unmatched,no unified occurrence row for old gbifID=5068043252 via occurrenceID,4,FALSE
NA,NA,NA,NA,NA,NA,NA,NA,NA,gbif_previous_download,/Volumes/Radishes/GBIF_phenology_scored_specimen_images,5068043255.jpg,5068043255,5068043255.jpg,unmatched,no unified occurrence row for old gbifID=5068043255 via occurrenceID,4,FALSE
NA,NA,NA,NA,NA,NA,NA,NA,NA,gbif_previous_download,/Volumes/Radishes/GBIF_phenology_scored_specimen_images,5068461197.jpg,5068461197,5068461197.jpg,unmatched,no unified occurrence row for old gbifID=5068461197 via occurrenceID,4,FALSE
NA,NA,NA,NA,NA,NA,NA,NA,NA,gbif_previous_download,/Volumes/Radishes/GBIF_phenology_scored_specimen_images,5068482901.jpg,5068482901,5068482901.jpg,unmatched,no unified occurrence row for old gbifID=5068482901 via occurrenceID,4,FALSE
NA,NA,NA,NA,NA,NA,NA,NA,NA,gbif_previous_download,/Volumes/Radishes/GBIF_phenology_scored_specimen_images,5068482902.jpg,5068482902,5068482902.jpg,unmatched,no unified occurrence row for old gbifID=5068482902 via occurrenceID,4,FALSE
NA,NA,NA,NA,NA,NA,NA,NA,NA,gbif_previous_download,/Volumes/Radishes/GBIF_phenology_scored_specimen_images,5068482928.jpg,5068482928,5068482928.jpg,unmatched,no unified occurrence row for old gbifID=5068482928 via occurrenceID,4,FALSE
NA,NA,NA,NA,NA,NA,NA,NA,NA,gbif_previous_download,/Volumes/Radishes/GBIF_phenology_scored_specimen_images,5068482938.jpg,5068482938,5068482938.jpg,unmatched,no unified occurrence row for old gbifID=5068482938 via occurrenceID,4,FALSE
NA,NA,NA,NA,NA,NA,NA,NA,NA,gbif_previous_download,/Volumes/Radishes/GBIF_phenology_scored_specimen_images,5068489029.jpg,5068489029,5068489029.jpg,unmatched,no unified occurrence row for old gbifID=5068489029 via occurrenceID,4,FALSE
NA,NA,NA,NA,NA,NA,NA,NA,NA,gbif_previous_download,/Volumes/Radishes/GBIF_phenology_scored_specimen_images,5068489031.jpg,5068489031,5068489031.jpg,unmatched,no unified occurrence row for old gbifID=5068489031 via occurrenceID,4,FALSE
NA,NA,NA,NA,NA,NA,NA,NA,NA,gbif_previous_download,/Volumes/Radishes/GBIF_phenology_scored_specimen_images,5068489033.jpg,5068489033,5068489033.jpg,unmatched,no unified occurrence row for old gbifID=5068489033 via occurrenceID,4,FALSE
NA,NA,NA,NA,NA,NA,NA,NA,NA,gbif_previous_download,/Volumes/Radishes/GBIF_phenology_scored_specimen_images,5068491366.jpg,5068491366,5068491366.jpg,unmatched,no unified occurrence row for old gbifID=5068491366 via occurrenceID,4,FALSE
NA,NA,NA,NA,NA,NA,NA,NA,NA,gbif_previous_download,/Volumes/Radishes/GBIF_phenology_scored_specimen_images,5068491368.jpg,5068491368,5068491368.jpg,unmatched,no unified occurrence row for old gbifID=5068491368 via occurrenceID,4,FALSE
NA,NA,NA,NA,NA,NA,NA,NA,NA,gbif_previous_download,/Volumes/Radishes/GBIF_phenology_scored_specimen_images,5068491370.jpg,5068491370,5068491370.jpg,unmatched,no unified occurrence row for old gbifID=5068491370 via occurrenceID,4,FALSE
NA,NA,NA,NA,NA,NA,NA,NA,NA,gbif_previous_download,/Volumes/Radishes/GBIF_phenology_scored_specimen_images,5068491372.jpg,5068491372,5068491372.jpg,unmatched,no unified occurrence row for old gbifID=5068491372 via occurrenceID,4,FALSE
NA,NA,NA,NA,NA,NA,NA,NA,NA,gbif_previous_download,/Volumes/Radishes/GBIF_phenology_scored_specimen_images,5068491384.jpg,5068491384,5068491384.jpg,unmatched,no unified occurrence row for old gbifID=5068491384 via occurrenceID,4,FALSE
NA,NA,NA,NA,NA,NA,NA,NA,NA,gbif_previous_download,/Volumes/Radishes/GBIF_phenology_scored_specimen_images,5068491387.jpg,5068491387,5068491387.jpg,unmatched,no unified occurrence row for old gbifID=5068491387 via occurrenceID,4,FALSE
NA,NA,NA,NA,NA,NA,NA,NA,NA,gbif_previous_download,/Volumes/Radishes/GBIF_phenology_scored_specimen_images,5068491421.jpg,5068491421,5068491421.jpg,unmatched,no unified occurrence row for old gbifID=5068491421 via occurrenceID,4,FALSE
NA,NA,NA,NA,NA,NA,NA,NA,NA,gbif_previous_download,/Volumes/Radishes/GBIF_phenology_scored_specimen_images,5068491425.jpg,5068491425,5068491425.jpg,unmatched,no unified occurrence row for old gbifID=5068491425 via occurrenceID,4,FALSE
NA,NA,NA,NA,NA,NA,NA,NA,NA,gbif_previous_download,/Volumes/Radishes/GBIF_phenology_scored_specimen_images,5068491426.jpg,5068491426,5068491426.jpg,unmatched,no unified occurrence row for old gbifID=5068491426 via occurrenceID,4,FALSE
NA,NA,NA,NA,NA,NA,NA,NA,NA,gbif_previous_download,/Volumes/Radishes/GBIF_phenology_scored_specimen_images,5068491428.jpg,5068491428,5068491428.jpg,unmatched,no unified occurrence row for old gbifID=5068491428 via occurrenceID,4,FALSE
NA,NA,NA,NA,NA,NA,NA,NA,NA,gbif_previous_download,/Volumes/Radishes/GBIF_phenology_scored_specimen_images,5068491429.jpg,5068491429,5068491429.jpg,unmatched,no unified occurrence row for old gbifID=5068491429 via occurrenceID,4,FALSE
NA,NA,NA,NA,NA,NA,NA,NA,NA,gbif_previous_download,/Volumes/Radishes/GBIF_phenology_scored_specimen_images,5068501413.jpg,5068501413,5068501413.jpg,unmatched,no unified occurrence row for old gbifID=5068501413 via occurrenceID,4,FALSE
NA,NA,NA,NA,NA,NA,NA,NA,NA,gbif_previous_download,/Volumes/Radishes/GBIF_phenology_scored_specimen_images,5068501414.jpg,5068501414,5068501414.jpg,unmatched,no unified occurrence row for old gbifID=5068501414 via occurrenceID,4,FALSE
NA,NA,NA,NA,NA,NA,NA,NA,NA,gbif_previous_download,/Volumes/Radishes/GBIF_phenology_scored_specimen_images,5068501417.jpg,5068501417,5068501417.jpg,unmatched,no unified occurrence row for old gbifID=5068501417 via occurrenceID,4,FALSE
NA,NA,NA,NA,NA,NA,NA,NA,NA,gbif_previous_download,/Volumes/Radishes/GBIF_phenology_scored_specimen_images,5068501431.jpg,5068501431,5068501431.jpg,unmatched,no unified occurrence row for old gbifID=5068501431 via occurrenceID,4,FALSE
NA,NA,NA,NA,NA,NA,NA,NA,NA,gbif_previous_download,/Volumes/Radishes/GBIF_phenology_scored_specimen_images,5068501435.jpg,5068501435,5068501435.jpg,unmatched,no unified occurrence row for old gbifID=5068501435 via occurrenceID,4,FALSE
NA,NA,NA,NA,NA,NA,NA,NA,NA,gbif_previous_download,/Volumes/Radishes/GBIF_phenology_scored_specimen_images,5070543298.jpg,5070543298,5070543298.jpg,unmatched,no unified occurrence row for old gbifID=5070543298 via occurrenceID,4,FALSE
NA,NA,NA,NA,NA,NA,NA,NA,NA,gbif_previous_download,/Volumes/Radishes/GBIF_phenology_scored_specimen_images,5070543299.jpg,5070543299,5070543299.jpg,unmatched,no unified occurrence row for old gbifID=5070543299 via occurrenceID,4,FALSE
NA,NA,NA,NA,NA,NA,NA,NA,NA,gbif_previous_download,/Volumes/Radishes/GBIF_phenology_scored_specimen_images,5070543300.jpg,5070543300,5070543300.jpg,unmatched,no unified occurrence row for old gbifID=5070543300 via occurrenceID,4,FALSE
NA,NA,NA,NA,NA,NA,NA,NA,NA,gbif_previous_download,/Volumes/Radishes/GBIF_phenology_scored_specimen_images,5070543301.jpg,5070543301,5070543301.jpg,unmatched,no unified occurrence row for old gbifID=5070543301 via occurrenceID,4,FALSE
NA,NA,NA,NA,NA,NA,NA,NA,NA,gbif_previous_download,/Volumes/Radishes/GBIF_phenology_scored_specimen_images,5070543302.jpg,5070543302,5070543302.jpg,unmatched,no unified occurrence row for old gbifID=5070543302 via occurrenceID,4,FALSE
NA,NA,NA,NA,NA,NA,NA,NA,NA,gbif_previous_download,/Volumes/Radishes/GBIF_phenology_scored_specimen_images,5070543317.jpg,5070543317,5070543317.jpg,unmatched,no unified occurrence row for old gbifID=5070543317 via occurrenceID,4,FALSE
NA,NA,NA,NA,NA,NA,NA,NA,NA,gbif_previous_download,/Volumes/Radishes/GBIF_phenology_scored_specimen_images,5070543320.jpg,5070543320,5070543320.jpg,unmatched,no unified occurrence row for old gbifID=5070543320 via occurrenceID,4,FALSE
NA,NA,NA,NA,NA,NA,NA,NA,NA,gbif_previous_download,/Volumes/Radishes/GBIF_phenology_scored_specimen_images,5070543323.jpg,5070543323,5070543323.jpg,unmatched,no unified occurrence row for old gbifID=5070543323 via occurrenceID,4,FALSE
NA,NA,NA,NA,NA,NA,NA,NA,NA,gbif_previous_download,/Volumes/Radishes/GBIF_phenology_scored_specimen_images,5070543327.jpg,5070543327,5070543327.jpg,unmatched,no unified occurrence row for old gbifID=5070543327 via occurrenceID,4,FALSE
NA,NA,NA,NA,NA,NA,NA,NA,NA,gbif_previous_download,/Volumes/Radishes/GBIF_phenology_scored_specimen_images,5070543328.jpg,5070543328,5070543328.jpg,unmatched,no unified occurrence row for old gbifID=5070543328 via occurrenceID,4,FALSE
NA,NA,NA,NA,NA,NA,NA,NA,NA,gbif_previous_download,/Volumes/Radishes/GBIF_phenology_scored_specimen_images,5070543329.jpg,5070543329,5070543329.jpg,unmatched,no unified occurrence row for old gbifID=5070543329 via occurrenceID,4,FALSE
NA,NA,NA,NA,NA,NA,NA,NA,NA,gbif_previous_download,/Volumes/Radishes/GBIF_phenology_scored_specimen_images,5070543330.jpg,5070543330,5070543330.jpg,unmatched,no unified occurrence row for old gbifID=5070543330 via occurrenceID,4,FALSE
NA,NA,NA,NA,NA,NA,NA,NA,NA,gbif_previous_download,/Volumes/Radishes/GBIF_phenology_scored_specimen_images,5070543331.jpg,5070543331,5070543331.jpg,unmatched,no unified occurrence row for old gbifID=5070543331 via occurrenceID,4,FALSE
NA,NA,NA,NA,NA,NA,NA,NA,NA,gbif_previous_download,/Volumes/Radishes/GBIF_phenology_scored_specimen_images,5070543332.jpg,5070543332,5070543332.jpg,unmatched,no unified occurrence row for old gbifID=5070543332 via occurrenceID,4,FALSE
NA,NA,NA,NA,NA,NA,NA,NA,NA,gbif_previous_download,/Volumes/Radishes/GBIF_phenology_scored_specimen_images,5070543350.jpg,5070543350,5070543350.jpg,unmatched,no unified occurrence row for old gbifID=5070543350 via occurrenceID,4,FALSE
NA,NA,NA,NA,NA,NA,NA,NA,NA,gbif_previous_download,/Volumes/Radishes/GBIF_phenology_scored_specimen_images,5070880499.jpg,5070880499,5070880499.jpg,unmatched,no unified occurrence row for old gbifID=5070880499 via occurrenceID,4,FALSE
NA,NA,NA,NA,NA,NA,NA,NA,NA,gbif_previous_download,/Volumes/Radishes/GBIF_phenology_scored_specimen_images,5070880615.jpg,5070880615,5070880615.jpg,unmatched,no unified occurrence row for old gbifID=5070880615 via occurrenceID,4,FALSE
NA,NA,NA,NA,NA,NA,NA,NA,NA,gbif_previous_download,/Volumes/Radishes/GBIF_phenology_scored_specimen_images,5072730518.jpg,5072730518,5072730518.jpg,unmatched,no unified occurrence row for old gbifID=5072730518 via occurrenceID,4,FALSE
NA,NA,NA,NA,NA,NA,NA,NA,NA,gbif_previous_download,/Volumes/Radishes/GBIF_phenology_scored_specimen_images,5072730519.jpg,5072730519,5072730519.jpg,unmatched,no unified occurrence row for old gbifID=5072730519 via occurrenceID,4,FALSE
NA,NA,NA,NA,NA,NA,NA,NA,NA,gbif_previous_download,/Volumes/Radishes/GBIF_phenology_scored_specimen_images,5072730520.jpg,5072730520,5072730520.jpg,unmatched,no unified occurrence row for old gbifID=5072730520 via occurrenceID,4,FALSE
NA,NA,NA,NA,NA,NA,NA,NA,NA,gbif_previous_download,/Volumes/Radishes/GBIF_phenology_scored_specimen_images,5072730521.jpg,5072730521,5072730521.jpg,unmatched,no unified occurrence row for old gbifID=5072730521 via occurrenceID,4,FALSE
NA,NA,NA,NA,NA,NA,NA,NA,NA,gbif_previous_download,/Volumes/Radishes/GBIF_phenology_scored_specimen_images,5072730531.jpg,5072730531,5072730531.jpg,unmatched,no unified occurrence row for old gbifID=5072730531 via occurrenceID,4,FALSE
NA,NA,NA,NA,NA,NA,NA,NA,NA,gbif_previous_download,/Volumes/Radishes/GBIF_phenology_scored_specimen_images,5072730532.jpg,5072730532,5072730532.jpg,unmatched,no unified occurrence row for old gbifID=5072730532 via occurrenceID,4,FALSE
NA,NA,NA,NA,NA,NA,NA,NA,NA,gbif_previous_download,/Volumes/Radishes/GBIF_phenology_scored_specimen_images,5072730533.jpg,5072730533,5072730533.jpg,unmatched,no unified occurrence row for old gbifID=5072730533 via occurrenceID,4,FALSE
NA,NA,NA,NA,NA,NA,NA,NA,NA,gbif_previous_download,/Volumes/Radishes/GBIF_phenology_scored_specimen_images,5072730539.jpg,5072730539,5072730539.jpg,unmatched,no unified occurrence row for old gbifID=5072730539 via occurrenceID,4,FALSE
NA,NA,NA,NA,NA,NA,NA,NA,NA,gbif_previous_download,/Volumes/Radishes/GBIF_phenology_scored_specimen_images,5072730540.jpg,5072730540,5072730540.jpg,unmatched,no unified occurrence row for old gbifID=5072730540 via occurrenceID,4,FALSE
NA,NA,NA,NA,NA,NA,NA,NA,NA,gbif_previous_download,/Volumes/Radishes/GBIF_phenology_scored_specimen_images,5072730541.jpg,5072730541,5072730541.jpg,unmatched,no unified occurrence row for old gbifID=5072730541 via occurrenceID,4,FALSE
NA,NA,NA,NA,NA,NA,NA,NA,NA,gbif_previous_download,/Volumes/Radishes/GBIF_phenology_scored_specimen_images,5072730542.jpg,5072730542,5072730542.jpg,unmatched,no unified occurrence row for old gbifID=5072730542 via occurrenceID,4,FALSE
NA,NA,NA,NA,NA,NA,NA,NA,NA,gbif_previous_download,/Volumes/Radishes/GBIF_phenology_scored_specimen_images,5072730543.jpg,5072730543,5072730543.jpg,unmatched,no unified occurrence row for old gbifID=5072730543 via occurrenceID,4,FALSE
NA,NA,NA,NA,NA,NA,NA,NA,NA,gbif_previous_download,/Volumes/Radishes/GBIF_phenology_scored_specimen_images,5072730544.jpg,5072730544,5072730544.jpg,unmatched,no unified occurrence row for old gbifID=5072730544 via occurrenceID,4,FALSE
NA,NA,NA,NA,NA,NA,NA,NA,NA,gbif_previous_download,/Volumes/Radishes/GBIF_phenology_scored_specimen_images,5072733440.jpg,5072733440,5072733440.jpg,unmatched,no unified occurrence row for old gbifID=5072733440 via occurrenceID,4,FALSE
NA,NA,NA,NA,NA,NA,NA,NA,NA,gbif_previous_download,/Volumes/Radishes/GBIF_phenology_scored_specimen_images,5074461243.jpg,5074461243,5074461243.jpg,unmatched,no unified occurrence row for old gbifID=5074461243 via occurrenceID,4,FALSE
NA,NA,NA,NA,NA,NA,NA,NA,NA,gbif_previous_download,/Volumes/Radishes/GBIF_phenology_scored_specimen_images,5074461244.jpg,5074461244,5074461244.jpg,unmatched,no unified occurrence row for old gbifID=5074461244 via occurrenceID,4,FALSE
NA,NA,NA,NA,NA,NA,NA,NA,NA,gbif_previous_download,/Volumes/Radishes/GBIF_phenology_scored_specimen_images,5106271625.jpg,5106271625,5106271625.jpg,unmatched,no unified occurrence row for old gbifID=5106271625 via occurrenceID,4,FALSE
NA,NA,NA,NA,NA,NA,NA,NA,NA,gbif_previous_download,/Volumes/Radishes/GBIF_phenology_scored_specimen_images,5106271845.jpg,5106271845,5106271845.jpg,unmatched,no unified occurrence row for old gbifID=5106271845 via occurrenceID,4,FALSE
NA,NA,NA,NA,NA,NA,NA,NA,NA,gbif_previous_download,/Volumes/Radishes/GBIF_phenology_scored_specimen_images,5106272375.jpg,5106272375,5106272375.jpg,unmatched,no unified occurrence row for old gbifID=5106272375 via occurrenceID,4,FALSE
NA,NA,NA,NA,NA,NA,NA,NA,NA,gbif_previous_download,/Volumes/Radishes/GBIF_phenology_scored_specimen_images,5106272377.jpg,5106272377,5106272377.jpg,unmatched,no unified occurrence row for old gbifID=5106272377 via occurrenceID,4,FALSE
NA,NA,NA,NA,NA,NA,NA,NA,NA,gbif_previous_download,/Volumes/Radishes/GBIF_phenology_scored_specimen_images,5106272734.jpg,5106272734,5106272734.jpg,unmatched,no unified occurrence row for old gbifID=5106272734 via occurrenceID,4,FALSE
NA,NA,NA,NA,NA,NA,NA,NA,NA,gbif_previous_download,/Volumes/Radishes/GBIF_phenology_scored_specimen_images,5106272736.jpg,5106272736,5106272736.jpg,unmatched,no unified occurrence row for old gbifID=5106272736 via occurrenceID,4,FALSE
NA,NA,NA,NA,NA,NA,NA,NA,NA,gbif_previous_download,/Volumes/Radishes/GBIF_phenology_scored_specimen_images,5106272739.jpg,5106272739,5106272739.jpg,unmatched,no unified occurrence row for old gbifID=5106272739 via occurrenceID,4,FALSE
NA,NA,NA,NA,NA,NA,NA,NA,NA,gbif_previous_download,/Volumes/Radishes/GBIF_phenology_scored_specimen_images,5106272740.jpg,5106272740,5106272740.jpg,unmatched,no unified occurrence row for old gbifID=5106272740 via occurrenceID,4,FALSE
NA,NA,NA,NA,NA,NA,NA,NA,NA,gbif_previous_download,/Volumes/Radishes/GBIF_phenology_scored_specimen_images,5106272801.jpg,5106272801,5106272801.jpg,unmatched,no unified occurrence row for old gbifID=5106272801 via occurrenceID,4,FALSE
NA,NA,NA,NA,NA,NA,NA,NA,NA,gbif_previous_download,/Volumes/Radishes/GBIF_phenology_scored_specimen_images,5106272802.jpg,5106272802,5106272802.jpg,unmatched,no unified occurrence row for old gbifID=5106272802 via occurrenceID,4,FALSE
NA,NA,NA,NA,NA,NA,NA,NA,NA,gbif_previous_download,/Volumes/Radishes/GBIF_phenology_scored_specimen_images,5106272803.jpg,5106272803,5106272803.jpg,unmatched,no unified occurrence row for old gbifID=5106272803 via occurrenceID,4,FALSE
NA,NA,NA,NA,NA,NA,NA,NA,NA,gbif_previous_download,/Volumes/Radishes/GBIF_phenology_scored_specimen_images,5106272806.jpg,5106272806,5106272806.jpg,unmatched,no unified occurrence row for old gbifID=5106272806 via occurrenceID,4,FALSE
NA,NA,NA,NA,NA,NA,NA,NA,NA,gbif_previous_download,/Volumes/Radishes/GBIF_phenology_scored_specimen_images,5106272840.jpg,5106272840,5106272840.jpg,unmatched,no unified occurrence row for old gbifID=5106272840 via occurrenceID,4,FALSE
NA,NA,NA,NA,NA,NA,NA,NA,NA,gbif_previous_download,/Volumes/Radishes/GBIF_phenology_scored_specimen_images,5106272847.jpg,5106272847,5106272847.jpg,unmatched,no unified occurrence row for old gbifID=5106272847 via occurrenceID,4,FALSE
NA,NA,NA,NA,NA,NA,NA,NA,NA,gbif_previous_download,/Volumes/Radishes/GBIF_phenology_scored_specimen_images,51063638087.jpg,51063638087,51063638087.jpg,unmatched,no unified occurrence row for gbifID=51063638087 (not in new download),4,FALSE
NA,NA,NA,NA,NA,NA,NA,NA,NA,gbif_previous_download,/Volumes/Radishes/GBIF_phenology_scored_specimen_images,75601.jpg,75601,75601.jpg,unmatched,no unified occurrence row for gbifID=75601 (not in new download),4,FALSE
NA,NA,NA,NA,NA,NA,NA,NA,NA,gbif_previous_download,/Volumes/Radishes/GBIF_phenology_scored_specimen_images,77908.jpg,77908,77908.jpg,unmatched,no unified occurrence row for gbifID=77908 (not in new download),4,FALSE
NA,NA,NA,NA,NA,NA,NA,NA,NA,gbif_previous_download,/Volumes/Radishes/GBIF_phenology_scored_specimen_images,77910.jpg,77910,77910.jpg,unmatched,no unified occurrence row for gbifID=77910 (not in new download),4,FALSE
NA,NA,NA,NA,NA,NA,NA,NA,NA,gbif_previous_download,/Volumes/Radishes/GBIF_phenology_scored_specimen_images,77913.jpg,77913,77913.jpg,unmatched,no unified occurrence row for gbifID=77913 (not in new download),4,FALSE
NA,NA,NA,NA,NA,NA,NA,NA,NA,gbif_previous_download,/Volumes/Radishes/GBIF_phenology_scored_specimen_images,77914.jpg,77914,77914.jpg,unmatched,no unified occurrence row for gbifID=77914 (not in new download),4,FALSE
NA,NA,NA,NA,NA,NA,NA,NA,NA,gbif_previous_download,/Volumes/Radishes/GBIF_phenology_scored_specimen_images,77919.jpg,77919,77919.jpg,unmatched,no unified occurrence row for gbifID=77919 (not in new download),4,FALSE
NA,NA,NA,NA,NA,NA,NA,NA,NA,gbif_previous_download,/Volumes/Radishes/GBIF_phenology_scored_specimen_images,77920.jpg,77920,77920.jpg,unmatched,no unified occurrence row for gbifID=77920 (not in new download),4,FALSE
NA,NA,NA,NA,NA,NA,NA,NA,NA,gbif_previous_download,/Volumes/Radishes/GBIF_phenology_scored_specimen_images,SML_5068043242.jpg,5068043242,SML_5068043242.jpg,unmatched,no unified occurrence row for old gbifID=5068043242 via occurrenceID,4,FALSE
NA,NA,NA,NA,NA,NA,NA,NA,NA,gbif_previous_download,/Volumes/Radishes/GBIF_phenology_scored_specimen_images,SML_5068043243.jpg,5068043243,SML_5068043243.jpg,unmatched,no unified occurrence row for old gbifID=5068043243 via occurrenceID,4,FALSE
NA,NA,NA,NA,NA,NA,NA,NA,NA,gbif_previous_download,/Volumes/Radishes/GBIF_phenology_scored_specimen_images,SML_5074461230.jpg,5074461230,SML_5074461230.jpg,unmatched,no unified occurrence row for old gbifID=5074461230 via occurrenceID,4,FALSE
NA,NA,NA,NA,NA,NA,NA,NA,NA,gbif_previous_download,/Volumes/Radishes/GBIF_phenology_scored_specimen_images,SML_5074461235.jpg,5074461235,SML_5074461235.jpg,unmatched,no unified occurrence row for old gbifID=5074461235 via occurrenceID,4,FALSE
NA,NA,NA,NA,NA,NA,NA,NA,NA,gbif_too_large,/Volumes/Radishes/GBIF_too_large,5068043242.jpg,5068043242,5068043242.jpg,unmatched,no unified occurrence row for old gbifID=5068043242 via occurrenceID,5,FALSE
NA,NA,NA,NA,NA,NA,NA,NA,NA,gbif_too_large,/Volumes/Radishes/GBIF_too_large,5068043243.jpg,5068043243,5068043243.jpg,unmatched,no unified occurrence row for old gbifID=5068043243 via occurrenceID,5,FALSE
NA,NA,NA,NA,NA,NA,NA,NA,NA,gbif_too_large,/Volumes/Radishes/GBIF_too_large,5074461230.jpg,5074461230,5074461230.jpg,unmatched,no unified occurrence row for old gbifID=5074461230 via occurrenceID,5,FALSE
NA,NA,NA,NA,NA,NA,NA,NA,NA,gbif_too_large,/Volumes/Radishes/GBIF_too_large,5074461235.jpg,5074461235,5074461235.jpg,unmatched,no unified occurrence row for old gbifID=5074461235 via occurrenceID,5,FALSE
NA,NA,NA,NA,NA,NA,NA,NA,NA,locally_imaged_cda_yose,/Volumes/Radishes/locally_imaged_herbarium_sheets/CDA_YOSE,CDA-0003831.jpg,CDA-0003831,CDA-0003831.jpg,unmatched,no unified occurrence row for catalogNumber=CDA-0003831,1,FALSE
NA,NA,NA,NA,NA,NA,NA,NA,NA,locally_imaged_cda_yose,/Volumes/Radishes/locally_imaged_herbarium_sheets/CDA_YOSE,YOSE109090.jpg,YOSE109090,YOSE109090.jpg,unmatched,no unified occurrence row for catalogNumber=YOSE109090,1,FALSE
NA,NA,NA,NA,NA,NA,NA,NA,NA,locally_imaged_cda_yose,/Volumes/Radishes/locally_imaged_herbarium_sheets/CDA_YOSE,YOSE109091.jpg,YOSE109091,YOSE109091.jpg,unmatched,no unified occurrence row for catalogNumber=YOSE109091,1,FALSE
NA,NA,NA,NA,NA,NA,NA,NA,NA,locally_imaged_cda_yose,/Volumes/Radishes/locally_imaged_herbarium_sheets/CDA_YOSE,YOSE225087.jpg,YOSE225087,YOSE225087.jpg,unmatched,no unified occurrence row for catalogNumber=YOSE225087,1,FALSE
NA,NA,NA,NA,NA,NA,NA,NA,NA,locally_imaged_cda_yose,/Volumes/Radishes/locally_imaged_herbarium_sheets/CDA_YOSE,YOSE65260.jpg,YOSE65260,YOSE65260.jpg,unmatched,no unified occurrence row for catalogNumber=YOSE65260,1,FALSE
NA,NA,NA,NA,NA,NA,NA,NA,NA,raw_big_images,/Volumes/Radishes/raw_big_images,2275918.jpg,2275918,2275918.jpg,unmatched,no unified occurrence row for gbifID=2275918 (not in new download),6,FALSE
NA,NA,NA,NA,NA,NA,NA,NA,NA,raw_big_images,/Volumes/Radishes/raw_big_images,2278606.jpg,2278606,2278606.jpg,unmatched,no unified occurrence row for gbifID=2278606 (not in new download),6,FALSE
NA,NA,NA,NA,NA,NA,NA,NA,NA,raw_big_images,/Volumes/Radishes/raw_big_images,2282381.jpg,2282381,2282381.jpg,unmatched,no unified occurrence row for gbifID=2282381 (not in new download),6,FALSE
NA,NA,NA,NA,NA,NA,NA,NA,NA,raw_big_images,/Volumes/Radishes/raw_big_images,2283873.jpg,2283873,2283873.jpg,unmatched,no unified occurrence row for gbifID=2283873 (not in new download),6,FALSE
NA,NA,NA,NA,NA,NA,NA,NA,NA,raw_big_images,/Volumes/Radishes/raw_big_images,2285742.jpg,2285742,2285742.jpg,unmatched,no unified occurrence row for gbifID=2285742 (not in new download),6,FALSE
NA,NA,NA,NA,NA,NA,NA,NA,NA,raw_big_images,/Volumes/Radishes/raw_big_images,2286003.jpg,2286003,2286003.jpg,unmatched,no unified occurrence row for gbifID=2286003 (not in new download),6,FALSE
NA,NA,NA,NA,NA,NA,NA,NA,NA,raw_big_images,/Volumes/Radishes/raw_big_images,2286564.jpg,2286564,2286564.jpg,unmatched,no unified occurrence row for gbifID=2286564 (not in new download),6,FALSE
NA,NA,NA,NA,NA,NA,NA,NA,NA,raw_big_images,/Volumes/Radishes/raw_big_images,2287008.jpg,2287008,2287008.jpg,unmatched,no unified occurrence row for gbifID=2287008 (not in new download),6,FALSE
NA,NA,NA,NA,NA,NA,NA,NA,NA,raw_big_images,/Volumes/Radishes/raw_big_images,2287409.jpg,2287409,2287409.jpg,unmatched,no unified occurrence row for gbifID=2287409 (not in new download),6,FALSE
NA,NA,NA,NA,NA,NA,NA,NA,NA,raw_big_images,/Volumes/Radishes/raw_big_images,2288164.jpg,2288164,2288164.jpg,unmatched,no unified occurrence row for gbifID=2288164 (not in new download),6,FALSE
NA,NA,NA,NA,NA,NA,NA,NA,NA,raw_big_images,/Volumes/Radishes/raw_big_images,2288810.jpg,2288810,2288810.jpg,unmatched,no unified occurrence row for gbifID=2288810 (not in new download),6,FALSE
NA,NA,NA,NA,NA,NA,NA,NA,NA,raw_big_images,/Volumes/Radishes/raw_big_images,2289763.jpg,2289763,2289763.jpg,unmatched,no unified occurrence row for gbifID=2289763 (not in new download),6,FALSE
NA,NA,NA,NA,NA,NA,NA,NA,NA,raw_big_images,/Volumes/Radishes/raw_big_images,2290218.jpg,2290218,2290218.jpg,unmatched,no unified occurrence row for gbifID=2290218 (not in new download),6,FALSE
NA,NA,NA,NA,NA,NA,NA,NA,NA,raw_big_images,/Volumes/Radishes/raw_big_images,2291266.jpg,2291266,2291266.jpg,unmatched,no unified occurrence row for gbifID=2291266 (not in new download),6,FALSE
NA,NA,NA,NA,NA,NA,NA,NA,NA,raw_big_images,/Volumes/Radishes/raw_big_images,2291878.jpg,2291878,2291878.jpg,unmatched,no unified occurrence row for gbifID=2291878 (not in new download),6,FALSE
NA,NA,NA,NA,NA,NA,NA,NA,NA,raw_big_images,/Volumes/Radishes/raw_big_images,2292239.jpg,2292239,2292239.jpg,unmatched,no unified occurrence row for gbifID=2292239 (not in new download),6,FALSE
NA,NA,NA,NA,NA,NA,NA,NA,NA,raw_big_images,/Volumes/Radishes/raw_big_images,2293307.jpg,2293307,2293307.jpg,unmatched,no unified occurrence row for gbifID=2293307 (not in new download),6,FALSE
NA,NA,NA,NA,NA,NA,NA,NA,NA,raw_big_images,/Volumes/Radishes/raw_big_images,2296541.jpg,2296541,2296541.jpg,unmatched,no unified occurrence row for gbifID=2296541 (not in new download),6,FALSE
NA,NA,NA,NA,NA,NA,NA,NA,NA,raw_big_images,/Volumes/Radishes/raw_big_images,2298121.jpg,2298121,2298121.jpg,unmatched,no unified occurrence row for gbifID=2298121 (not in new download),6,FALSE
NA,NA,NA,NA,NA,NA,NA,NA,NA,raw_big_images,/Volumes/Radishes/raw_big_images,2299319.jpg,2299319,2299319.jpg,unmatched,no unified occurrence row for gbifID=2299319 (not in new download),6,FALSE
NA,NA,NA,NA,NA,NA,NA,NA,NA,raw_big_images,/Volumes/Radishes/raw_big_images,2300919.jpg,2300919,2300919.jpg,unmatched,no unified occurrence row for gbifID=2300919 (not in new download),6,FALSE
NA,NA,NA,NA,NA,NA,NA,NA,NA,raw_big_images,/Volumes/Radishes/raw_big_images,2300993.jpg,2300993,2300993.jpg,unmatched,no unified occurrence row for gbifID=2300993 (not in new download),6,FALSE
NA,NA,NA,NA,NA,NA,NA,NA,NA,raw_big_images,/Volumes/Radishes/raw_big_images,2302311.jpg,2302311,2302311.jpg,unmatched,no unified occurrence row for gbifID=2302311 (not in new download),6,FALSE
NA,NA,NA,NA,NA,NA,NA,NA,NA,raw_big_images,/Volumes/Radishes/raw_big_images,2308947.jpg,2308947,2308947.jpg,unmatched,no unified occurrence row for gbifID=2308947 (not in new download),6,FALSE
NA,NA,NA,NA,NA,NA,NA,NA,NA,raw_big_images,/Volumes/Radishes/raw_big_images,2311023.jpg,2311023,2311023.jpg,unmatched,no unified occurrence row for gbifID=2311023 (not in new download),6,FALSE
NA,NA,NA,NA,NA,NA,NA,NA,NA,raw_big_images,/Volumes/Radishes/raw_big_images,2311342.jpg,2311342,2311342.jpg,unmatched,no unified occurrence row for gbifID=2311342 (not in new download),6,FALSE
NA,NA,NA,NA,NA,NA,NA,NA,NA,raw_big_images,/Volumes/Radishes/raw_big_images,2314219.jpg,2314219,2314219.jpg,unmatched,no unified occurrence row for gbifID=2314219 (not in new download),6,FALSE
NA,NA,NA,NA,NA,NA,NA,NA,NA,raw_big_images,/Volumes/Radishes/raw_big_images,2315373.jpg,2315373,2315373.jpg,unmatched,no unified occurrence row for gbifID=2315373 (not in new download),6,FALSE
NA,NA,NA,NA,NA,NA,NA,NA,NA,raw_big_images,/Volumes/Radishes/raw_big_images,2316628.jpg,2316628,2316628.jpg,unmatched,no unified occurrence row for gbifID=2316628 (not in new download),6,FALSE
NA,NA,NA,NA,NA,NA,NA,NA,NA,raw_big_images,/Volumes/Radishes/raw_big_images,2317066.jpg,2317066,2317066.jpg,unmatched,no unified occurrence row for gbifID=2317066 (not in new download),6,FALSE
NA,NA,NA,NA,NA,NA,NA,NA,NA,raw_big_images,/Volumes/Radishes/raw_big_images,2318818.jpg,2318818,2318818.jpg,unmatched,no unified occurrence row for gbifID=2318818 (not in new download),6,FALSE
NA,NA,NA,NA,NA,NA,NA,NA,NA,raw_big_images,/Volumes/Radishes/raw_big_images,2321963.jpg,2321963,2321963.jpg,unmatched,no unified occurrence row for gbifID=2321963 (not in new download),6,FALSE
NA,NA,NA,NA,NA,NA,NA,NA,NA,raw_big_images,/Volumes/Radishes/raw_big_images,2322749.jpg,2322749,2322749.jpg,unmatched,no unified occurrence row for gbifID=2322749 (not in new download),6,FALSE
NA,NA,NA,NA,NA,NA,NA,NA,NA,raw_big_images,/Volumes/Radishes/raw_big_images,2324050.jpg,2324050,2324050.jpg,unmatched,no unified occurrence row for gbifID=2324050 (not in new download),6,FALSE
NA,NA,NA,NA,NA,NA,NA,NA,NA,raw_big_images,/Volumes/Radishes/raw_big_images,2324177.jpg,2324177,2324177.jpg,unmatched,no unified occurrence row for gbifID=2324177 (not in new download),6,FALSE
NA,NA,NA,NA,NA,NA,NA,NA,NA,raw_big_images,/Volumes/Radishes/raw_big_images,2324744.jpg,2324744,2324744.jpg,unmatched,no unified occurrence row for gbifID=2324744 (not in new download),6,FALSE
NA,NA,NA,NA,NA,NA,NA,NA,NA,raw_big_images,/Volumes/Radishes/raw_big_images,2328064.jpg,2328064,2328064.jpg,unmatched,no unified occurrence row for gbifID=2328064 (not in new download),6,FALSE
NA,NA,NA,NA,NA,NA,NA,NA,NA,raw_big_images,/Volumes/Radishes/raw_big_images,2328808.jpg,2328808,2328808.jpg,unmatched,no unified occurrence row for gbifID=2328808 (not in new download),6,FALSE
NA,NA,NA,NA,NA,NA,NA,NA,NA,raw_big_images,/Volumes/Radishes/raw_big_images,2331781.jpg,2331781,2331781.jpg,unmatched,no unified occurrence row for gbifID=2331781 (not in new download),6,FALSE
NA,NA,NA,NA,NA,NA,NA,NA,NA,raw_big_images,/Volumes/Radishes/raw_big_images,2332340.jpg,2332340,2332340.jpg,unmatched,no unified occurrence row for gbifID=2332340 (not in new download),6,FALSE
NA,NA,NA,NA,NA,NA,NA,NA,NA,raw_big_images,/Volumes/Radishes/raw_big_images,2332455.jpg,2332455,2332455.jpg,unmatched,no unified occurrence row for gbifID=2332455 (not in new download),6,FALSE
NA,NA,NA,NA,NA,NA,NA,NA,NA,raw_big_images,/Volumes/Radishes/raw_big_images,2334928.jpg,2334928,2334928.jpg,unmatched,no unified occurrence row for gbifID=2334928 (not in new download),6,FALSE
NA,NA,NA,NA,NA,NA,NA,NA,NA,raw_big_images,/Volumes/Radishes/raw_big_images,2334980.jpg,2334980,2334980.jpg,unmatched,no unified occurrence row for gbifID=2334980 (not in new download),6,FALSE
NA,NA,NA,NA,NA,NA,NA,NA,NA,raw_big_images,/Volumes/Radishes/raw_big_images,2336172.jpg,2336172,2336172.jpg,unmatched,no unified occurrence row for gbifID=2336172 (not in new download),6,FALSE
NA,NA,NA,NA,NA,NA,NA,NA,NA,raw_big_images,/Volumes/Radishes/raw_big_images,2336537.jpg,2336537,2336537.jpg,unmatched,no unified occurrence row for gbifID=2336537 (not in new download),6,FALSE
NA,NA,NA,NA,NA,NA,NA,NA,NA,raw_big_images,/Volumes/Radishes/raw_big_images,2338864.jpg,2338864,2338864.jpg,unmatched,no unified occurrence row for gbifID=2338864 (not in new download),6,FALSE
NA,NA,NA,NA,NA,NA,NA,NA,NA,raw_big_images,/Volumes/Radishes/raw_big_images,2342281.jpg,2342281,2342281.jpg,unmatched,no unified occurrence row for gbifID=2342281 (not in new download),6,FALSE
NA,NA,NA,NA,NA,NA,NA,NA,NA,raw_big_images,/Volumes/Radishes/raw_big_images,2342720.jpg,2342720,2342720.jpg,unmatched,no unified occurrence row for gbifID=2342720 (not in new download),6,FALSE
NA,NA,NA,NA,NA,NA,NA,NA,NA,raw_big_images,/Volumes/Radishes/raw_big_images,2345323.jpg,2345323,2345323.jpg,unmatched,no unified occurrence row for gbifID=2345323 (not in new download),6,FALSE
NA,NA,NA,NA,NA,NA,NA,NA,NA,raw_big_images,/Volumes/Radishes/raw_big_images,2355178.jpg,2355178,2355178.jpg,unmatched,no unified occurrence row for gbifID=2355178 (not in new download),6,FALSE
NA,NA,NA,NA,NA,NA,NA,NA,NA,raw_big_images,/Volumes/Radishes/raw_big_images,2355201.jpg,2355201,2355201.jpg,unmatched,no unified occurrence row for gbifID=2355201 (not in new download),6,FALSE
NA,NA,NA,NA,NA,NA,NA,NA,NA,raw_big_images,/Volumes/Radishes/raw_big_images,2358602.jpg,2358602,2358602.jpg,unmatched,no unified occurrence row for gbifID=2358602 (not in new download),6,FALSE
NA,NA,NA,NA,NA,NA,NA,NA,NA,raw_big_images,/Volumes/Radishes/raw_big_images,2358623.jpg,2358623,2358623.jpg,unmatched,no unified occurrence row for gbifID=2358623 (not in new download),6,FALSE
NA,NA,NA,NA,NA,NA,NA,NA,NA,raw_big_images,/Volumes/Radishes/raw_big_images,2359386.jpg,2359386,2359386.jpg,unmatched,no unified occurrence row for gbifID=2359386 (not in new download),6,FALSE
NA,NA,NA,NA,NA,NA,NA,NA,NA,raw_big_images,/Volumes/Radishes/raw_big_images,2359565.jpg,2359565,2359565.jpg,unmatched,no unified occurrence row for gbifID=2359565 (not in new download),6,FALSE
NA,NA,NA,NA,NA,NA,NA,NA,NA,raw_big_images,/Volumes/Radishes/raw_big_images,2363992.jpg,2363992,2363992.jpg,unmatched,no unified occurrence row for gbifID=2363992 (not in new download),6,FALSE
NA,NA,NA,NA,NA,NA,NA,NA,NA,raw_big_images,/Volumes/Radishes/raw_big_images,2366615.jpg,2366615,2366615.jpg,unmatched,no unified occurrence row for gbifID=2366615 (not in new download),6,FALSE
NA,NA,NA,NA,NA,NA,NA,NA,NA,raw_big_images,/Volumes/Radishes/raw_big_images,2368640.jpg,2368640,2368640.jpg,unmatched,no unified occurrence row for gbifID=2368640 (not in new download),6,FALSE
NA,NA,NA,NA,NA,NA,NA,NA,NA,raw_big_images,/Volumes/Radishes/raw_big_images,2369059.jpg,2369059,2369059.jpg,unmatched,no unified occurrence row for gbifID=2369059 (not in new download),6,FALSE
NA,NA,NA,NA,NA,NA,NA,NA,NA,raw_big_images,/Volumes/Radishes/raw_big_images,2369553.jpg,2369553,2369553.jpg,unmatched,no unified occurrence row for gbifID=2369553 (not in new download),6,FALSE
NA,NA,NA,NA,NA,NA,NA,NA,NA,raw_big_images,/Volumes/Radishes/raw_big_images,2370292.jpg,2370292,2370292.jpg,unmatched,no unified occurrence row for gbifID=2370292 (not in new download),6,FALSE
NA,NA,NA,NA,NA,NA,NA,NA,NA,raw_big_images,/Volumes/Radishes/raw_big_images,2371446.jpg,2371446,2371446.jpg,unmatched,no unified occurrence row for gbifID=2371446 (not in new download),6,FALSE
NA,NA,NA,NA,NA,NA,NA,NA,NA,raw_big_images,/Volumes/Radishes/raw_big_images,2373106.jpg,2373106,2373106.jpg,unmatched,no unified occurrence row for gbifID=2373106 (not in new download),6,FALSE
NA,NA,NA,NA,NA,NA,NA,NA,NA,raw_big_images,/Volumes/Radishes/raw_big_images,2377415.jpg,2377415,2377415.jpg,unmatched,no unified occurrence row for gbifID=2377415 (not in new download),6,FALSE
NA,NA,NA,NA,NA,NA,NA,NA,NA,raw_big_images,/Volumes/Radishes/raw_big_images,2378472.jpg,2378472,2378472.jpg,unmatched,no unified occurrence row for gbifID=2378472 (not in new download),6,FALSE
NA,NA,NA,NA,NA,NA,NA,NA,NA,raw_big_images,/Volumes/Radishes/raw_big_images,2378585.jpg,2378585,2378585.jpg,unmatched,no unified occurrence row for gbifID=2378585 (not in new download),6,FALSE
NA,NA,NA,NA,NA,NA,NA,NA,NA,raw_big_images,/Volumes/Radishes/raw_big_images,2380407.jpg,2380407,2380407.jpg,unmatched,no unified occurrence row for gbifID=2380407 (not in new download),6,FALSE
NA,NA,NA,NA,NA,NA,NA,NA,NA,raw_big_images,/Volumes/Radishes/raw_big_images,2385124.jpg,2385124,2385124.jpg,unmatched,no unified occurrence row for gbifID=2385124 (not in new download),6,FALSE
NA,NA,NA,NA,NA,NA,NA,NA,NA,raw_big_images,/Volumes/Radishes/raw_big_images,2385707.jpg,2385707,2385707.jpg,unmatched,no unified occurrence row for gbifID=2385707 (not in new download),6,FALSE
NA,NA,NA,NA,NA,NA,NA,NA,NA,raw_big_images,/Volumes/Radishes/raw_big_images,2386302.jpg,2386302,2386302.jpg,unmatched,no unified occurrence row for gbifID=2386302 (not in new download),6,FALSE
NA,NA,NA,NA,NA,NA,NA,NA,NA,raw_big_images,/Volumes/Radishes/raw_big_images,2387538.jpg,2387538,2387538.jpg,unmatched,no unified occurrence row for gbifID=2387538 (not in new download),6,FALSE
NA,NA,NA,NA,NA,NA,NA,NA,NA,raw_big_images,/Volumes/Radishes/raw_big_images,2388759.jpg,2388759,2388759.jpg,unmatched,no unified occurrence row for gbifID=2388759 (not in new download),6,FALSE
NA,NA,NA,NA,NA,NA,NA,NA,NA,raw_big_images,/Volumes/Radishes/raw_big_images,2390205.jpg,2390205,2390205.jpg,unmatched,no unified occurrence row for gbifID=2390205 (not in new download),6,FALSE
NA,NA,NA,NA,NA,NA,NA,NA,NA,raw_big_images,/Volumes/Radishes/raw_big_images,2393459.jpg,2393459,2393459.jpg,unmatched,no unified occurrence row for gbifID=2393459 (not in new download),6,FALSE
NA,NA,NA,NA,NA,NA,NA,NA,NA,raw_big_images,/Volumes/Radishes/raw_big_images,2393898.jpg,2393898,2393898.jpg,unmatched,no unified occurrence row for gbifID=2393898 (not in new download),6,FALSE
NA,NA,NA,NA,NA,NA,NA,NA,NA,raw_big_images,/Volumes/Radishes/raw_big_images,2395018.jpg,2395018,2395018.jpg,unmatched,no unified occurrence row for gbifID=2395018 (not in new download),6,FALSE
NA,NA,NA,NA,NA,NA,NA,NA,NA,raw_big_images,/Volumes/Radishes/raw_big_images,2395241.jpg,2395241,2395241.jpg,unmatched,no unified occurrence row for gbifID=2395241 (not in new download),6,FALSE
NA,NA,NA,NA,NA,NA,NA,NA,NA,raw_big_images,/Volumes/Radishes/raw_big_images,2395595.jpg,2395595,2395595.jpg,unmatched,no unified occurrence row for gbifID=2395595 (not in new download),6,FALSE
NA,NA,NA,NA,NA,NA,NA,NA,NA,raw_big_images,/Volumes/Radishes/raw_big_images,2397709.jpg,2397709,2397709.jpg,unmatched,no unified occurrence row for gbifID=2397709 (not in new download),6,FALSE
NA,NA,NA,NA,NA,NA,NA,NA,NA,raw_big_images,/Volumes/Radishes/raw_big_images,2398571.jpg,2398571,2398571.jpg,unmatched,no unified occurrence row for gbifID=2398571 (not in new download),6,FALSE
NA,NA,NA,NA,NA,NA,NA,NA,NA,raw_big_images,/Volumes/Radishes/raw_big_images,2399359.jpg,2399359,2399359.jpg,unmatched,no unified occurrence row for gbifID=2399359 (not in new download),6,FALSE
NA,NA,NA,NA,NA,NA,NA,NA,NA,raw_big_images,/Volumes/Radishes/raw_big_images,2401356.jpg,2401356,2401356.jpg,unmatched,no unified occurrence row for gbifID=2401356 (not in new download),6,FALSE
NA,NA,NA,NA,NA,NA,NA,NA,NA,raw_big_images,/Volumes/Radishes/raw_big_images,2403101.jpg,2403101,2403101.jpg,unmatched,no unified occurrence row for gbifID=2403101 (not in new download),6,FALSE
NA,NA,NA,NA,NA,NA,NA,NA,NA,raw_big_images,/Volumes/Radishes/raw_big_images,2405194.jpg,2405194,2405194.jpg,unmatched,no unified occurrence row for gbifID=2405194 (not in new download),6,FALSE
NA,NA,NA,NA,NA,NA,NA,NA,NA,raw_big_images,/Volumes/Radishes/raw_big_images,2405523.jpg,2405523,2405523.jpg,unmatched,no unified occurrence row for gbifID=2405523 (not in new download),6,FALSE
NA,NA,NA,NA,NA,NA,NA,NA,NA,raw_big_images,/Volumes/Radishes/raw_big_images,2406304.jpg,2406304,2406304.jpg,unmatched,no unified occurrence row for gbifID=2406304 (not in new download),6,FALSE
NA,NA,NA,NA,NA,NA,NA,NA,NA,raw_big_images,/Volumes/Radishes/raw_big_images,2406880.jpg,2406880,2406880.jpg,unmatched,no unified occurrence row for gbifID=2406880 (not in new download),6,FALSE
NA,NA,NA,NA,NA,NA,NA,NA,NA,raw_big_images,/Volumes/Radishes/raw_big_images,2409497.jpg,2409497,2409497.jpg,unmatched,no unified occurrence row for gbifID=2409497 (not in new download),6,FALSE
NA,NA,NA,NA,NA,NA,NA,NA,NA,raw_big_images,/Volumes/Radishes/raw_big_images,2411397.jpg,2411397,2411397.jpg,unmatched,no unified occurrence row for gbifID=2411397 (not in new download),6,FALSE
NA,NA,NA,NA,NA,NA,NA,NA,NA,raw_big_images,/Volumes/Radishes/raw_big_images,2412262.jpg,2412262,2412262.jpg,unmatched,no unified occurrence row for gbifID=2412262 (not in new download),6,FALSE
NA,NA,NA,NA,NA,NA,NA,NA,NA,raw_big_images,/Volumes/Radishes/raw_big_images,2414047.jpg,2414047,2414047.jpg,unmatched,no unified occurrence row for gbifID=2414047 (not in new download),6,FALSE
NA,NA,NA,NA,NA,NA,NA,NA,NA,raw_big_images,/Volumes/Radishes/raw_big_images,2414894.jpg,2414894,2414894.jpg,unmatched,no unified occurrence row for gbifID=2414894 (not in new download),6,FALSE
NA,NA,NA,NA,NA,NA,NA,NA,NA,raw_big_images,/Volumes/Radishes/raw_big_images,2415893.jpg,2415893,2415893.jpg,unmatched,no unified occurrence row for gbifID=2415893 (not in new download),6,FALSE
NA,NA,NA,NA,NA,NA,NA,NA,NA,raw_big_images,/Volumes/Radishes/raw_big_images,2420423.jpg,2420423,2420423.jpg,unmatched,no unified occurrence row for gbifID=2420423 (not in new download),6,FALSE
NA,NA,NA,NA,NA,NA,NA,NA,NA,raw_big_images,/Volumes/Radishes/raw_big_images,2424544.jpg,2424544,2424544.jpg,unmatched,no unified occurrence row for gbifID=2424544 (not in new download),6,FALSE
NA,NA,NA,NA,NA,NA,NA,NA,NA,raw_big_images,/Volumes/Radishes/raw_big_images,2425563.jpg,2425563,2425563.jpg,unmatched,no unified occurrence row for gbifID=2425563 (not in new download),6,FALSE
NA,NA,NA,NA,NA,NA,NA,NA,NA,raw_big_images,/Volumes/Radishes/raw_big_images,2431017.jpg,2431017,2431017.jpg,unmatched,no unified occurrence row for gbifID=2431017 (not in new download),6,FALSE
NA,NA,NA,NA,NA,NA,NA,NA,NA,raw_big_images,/Volumes/Radishes/raw_big_images,2433969.jpg,2433969,2433969.jpg,unmatched,no unified occurrence row for gbifID=2433969 (not in new download),6,FALSE
NA,NA,NA,NA,NA,NA,NA,NA,NA,raw_big_images,/Volumes/Radishes/raw_big_images,2437632.jpg,2437632,2437632.jpg,unmatched,no unified occurrence row for gbifID=2437632 (not in new download),6,FALSE
NA,NA,NA,NA,NA,NA,NA,NA,NA,raw_big_images,/Volumes/Radishes/raw_big_images,2437901.jpg,2437901,2437901.jpg,unmatched,no unified occurrence row for gbifID=2437901 (not in new download),6,FALSE
NA,NA,NA,NA,NA,NA,NA,NA,NA,raw_big_images,/Volumes/Radishes/raw_big_images,2438182.jpg,2438182,2438182.jpg,unmatched,no unified occurrence row for gbifID=2438182 (not in new download),6,FALSE
NA,NA,NA,NA,NA,NA,NA,NA,NA,raw_big_images,/Volumes/Radishes/raw_big_images,2439512.jpg,2439512,2439512.jpg,unmatched,no unified occurrence row for gbifID=2439512 (not in new download),6,FALSE
NA,NA,NA,NA,NA,NA,NA,NA,NA,raw_big_images,/Volumes/Radishes/raw_big_images,2440492.jpg,2440492,2440492.jpg,unmatched,no unified occurrence row for gbifID=2440492 (not in new download),6,FALSE
NA,NA,NA,NA,NA,NA,NA,NA,NA,raw_big_images,/Volumes/Radishes/raw_big_images,2442814.jpg,2442814,2442814.jpg,unmatched,no unified occurrence row for gbifID=2442814 (not in new download),6,FALSE
NA,NA,NA,NA,NA,NA,NA,NA,NA,raw_big_images,/Volumes/Radishes/raw_big_images,2447532.jpg,2447532,2447532.jpg,unmatched,no unified occurrence row for gbifID=2447532 (not in new download),6,FALSE
NA,NA,NA,NA,NA,NA,NA,NA,NA,raw_big_images,/Volumes/Radishes/raw_big_images,2448284.jpg,2448284,2448284.jpg,unmatched,no unified occurrence row for gbifID=2448284 (not in new download),6,FALSE
NA,NA,NA,NA,NA,NA,NA,NA,NA,raw_big_images,/Volumes/Radishes/raw_big_images,2449627.jpg,2449627,2449627.jpg,unmatched,no unified occurrence row for gbifID=2449627 (not in new download),6,FALSE
NA,NA,NA,NA,NA,NA,NA,NA,NA,raw_big_images,/Volumes/Radishes/raw_big_images,2450089.jpg,2450089,2450089.jpg,unmatched,no unified occurrence row for gbifID=2450089 (not in new download),6,FALSE
NA,NA,NA,NA,NA,NA,NA,NA,NA,raw_big_images,/Volumes/Radishes/raw_big_images,2450948.jpg,2450948,2450948.jpg,unmatched,no unified occurrence row for gbifID=2450948 (not in new download),6,FALSE
NA,NA,NA,NA,NA,NA,NA,NA,NA,raw_big_images,/Volumes/Radishes/raw_big_images,2456431.jpg,2456431,2456431.jpg,unmatched,no unified occurrence row for gbifID=2456431 (not in new download),6,FALSE
NA,NA,NA,NA,NA,NA,NA,NA,NA,raw_big_images,/Volumes/Radishes/raw_big_images,2457183.jpg,2457183,2457183.jpg,unmatched,no unified occurrence row for gbifID=2457183 (not in new download),6,FALSE
NA,NA,NA,NA,NA,NA,NA,NA,NA,raw_big_images,/Volumes/Radishes/raw_big_images,2457381.jpg,2457381,2457381.jpg,unmatched,no unified occurrence row for gbifID=2457381 (not in new download),6,FALSE
NA,NA,NA,NA,NA,NA,NA,NA,NA,raw_big_images,/Volumes/Radishes/raw_big_images,2460390.jpg,2460390,2460390.jpg,unmatched,no unified occurrence row for gbifID=2460390 (not in new download),6,FALSE
NA,NA,NA,NA,NA,NA,NA,NA,NA,raw_big_images,/Volumes/Radishes/raw_big_images,2462821.jpg,2462821,2462821.jpg,unmatched,no unified occurrence row for gbifID=2462821 (not in new download),6,FALSE
NA,NA,NA,NA,NA,NA,NA,NA,NA,raw_big_images,/Volumes/Radishes/raw_big_images,2464854.jpg,2464854,2464854.jpg,unmatched,no unified occurrence row for gbifID=2464854 (not in new download),6,FALSE
NA,NA,NA,NA,NA,NA,NA,NA,NA,raw_big_images,/Volumes/Radishes/raw_big_images,2465901.jpg,2465901,2465901.jpg,unmatched,no unified occurrence row for gbifID=2465901 (not in new download),6,FALSE
NA,NA,NA,NA,NA,NA,NA,NA,NA,raw_big_images,/Volumes/Radishes/raw_big_images,2465925.jpg,2465925,2465925.jpg,unmatched,no unified occurrence row for gbifID=2465925 (not in new download),6,FALSE
NA,NA,NA,NA,NA,NA,NA,NA,NA,raw_big_images,/Volumes/Radishes/raw_big_images,2500762.jpg,2500762,2500762.jpg,unmatched,no unified occurrence row for gbifID=2500762 (not in new download),6,FALSE
NA,NA,NA,NA,NA,NA,NA,NA,NA,raw_big_images,/Volumes/Radishes/raw_big_images,2767670.jpg,2767670,2767670.jpg,unmatched,no unified occurrence row for gbifID=2767670 (not in new download),6,FALSE
NA,NA,NA,NA,NA,NA,NA,NA,NA,raw_big_images,/Volumes/Radishes/raw_big_images,2767898.jpg,2767898,2767898.jpg,unmatched,no unified occurrence row for gbifID=2767898 (not in new download),6,FALSE
NA,NA,NA,NA,NA,NA,NA,NA,NA,raw_big_images,/Volumes/Radishes/raw_big_images,2771952.jpg,2771952,2771952.jpg,unmatched,no unified occurrence row for gbifID=2771952 (not in new download),6,FALSE
NA,NA,NA,NA,NA,NA,NA,NA,NA,raw_big_images,/Volumes/Radishes/raw_big_images,2771954.jpg,2771954,2771954.jpg,unmatched,no unified occurrence row for gbifID=2771954 (not in new download),6,FALSE
NA,NA,NA,NA,NA,NA,NA,NA,NA,raw_big_images,/Volumes/Radishes/raw_big_images,2772133.jpg,2772133,2772133.jpg,unmatched,no unified occurrence row for gbifID=2772133 (not in new download),6,FALSE
NA,NA,NA,NA,NA,NA,NA,NA,NA,raw_big_images,/Volumes/Radishes/raw_big_images,2772139.jpg,2772139,2772139.jpg,unmatched,no unified occurrence row for gbifID=2772139 (not in new download),6,FALSE
NA,NA,NA,NA,NA,NA,NA,NA,NA,raw_big_images,/Volumes/Radishes/raw_big_images,5043016.jpg,5043016,5043016.jpg,unmatched,no unified occurrence row for gbifID=5043016 (not in new download),6,FALSE
NA,NA,NA,NA,NA,NA,NA,NA,NA,raw_big_images,/Volumes/Radishes/raw_big_images,5504845.jpg,5504845,5504845.jpg,unmatched,no unified occurrence row for gbifID=5504845 (not in new download),6,FALSE
NA,NA,NA,NA,NA,NA,NA,NA,NA,raw_big_images,/Volumes/Radishes/raw_big_images,5504847.jpg,5504847,5504847.jpg,unmatched,no unified occurrence row for gbifID=5504847 (not in new download),6,FALSE
NA,NA,NA,NA,NA,NA,NA,NA,NA,raw_big_images,/Volumes/Radishes/raw_big_images,5504849.jpg,5504849,5504849.jpg,unmatched,no unified occurrence row for gbifID=5504849 (not in new download),6,FALSE
NA,NA,NA,NA,NA,NA,NA,NA,NA,raw_big_images,/Volumes/Radishes/raw_big_images,5504850.jpg,5504850,5504850.jpg,unmatched,no unified occurrence row for gbifID=5504850 (not in new download),6,FALSE
NA,NA,NA,NA,NA,NA,NA,NA,NA,raw_big_images,/Volumes/Radishes/raw_big_images,5504851.jpg,5504851,5504851.jpg,unmatched,no unified occurrence row for gbifID=5504851 (not in new download),6,FALSE
NA,NA,NA,NA,NA,NA,NA,NA,NA,raw_big_images,/Volumes/Radishes/raw_big_images,5504852.jpg,5504852,5504852.jpg,unmatched,no unified occurrence row for gbifID=5504852 (not in new download),6,FALSE
NA,NA,NA,NA,NA,NA,NA,NA,NA,raw_big_images,/Volumes/Radishes/raw_big_images,5504853.jpg,5504853,5504853.jpg,unmatched,no unified occurrence row for gbifID=5504853 (not in new download),6,FALSE
NA,NA,NA,NA,NA,NA,NA,NA,NA,raw_big_images,/Volumes/Radishes/raw_big_images,5504854.jpg,5504854,5504854.jpg,unmatched,no unified occurrence row for gbifID=5504854 (not in new download),6,FALSE
NA,NA,NA,NA,NA,NA,NA,NA,NA,raw_big_images,/Volumes/Radishes/raw_big_images,5504855.jpg,5504855,5504855.jpg,unmatched,no unified occurrence row for gbifID=5504855 (not in new download),6,FALSE
NA,NA,NA,NA,NA,NA,NA,NA,NA,raw_big_images,/Volumes/Radishes/raw_big_images,5504856.jpg,5504856,5504856.jpg,unmatched,no unified occurrence row for gbifID=5504856 (not in new download),6,FALSE
NA,NA,NA,NA,NA,NA,NA,NA,NA,raw_big_images,/Volumes/Radishes/raw_big_images,5504857.jpg,5504857,5504857.jpg,unmatched,no unified occurrence row for gbifID=5504857 (not in new download),6,FALSE
NA,NA,NA,NA,NA,NA,NA,NA,NA,raw_big_images,/Volumes/Radishes/raw_big_images,5504859.jpg,5504859,5504859.jpg,unmatched,no unified occurrence row for gbifID=5504859 (not in new download),6,FALSE
NA,NA,NA,NA,NA,NA,NA,NA,NA,raw_big_images,/Volumes/Radishes/raw_big_images,5504861.jpg,5504861,5504861.jpg,unmatched,no unified occurrence row for gbifID=5504861 (not in new download),6,FALSE
NA,NA,NA,NA,NA,NA,NA,NA,NA,raw_big_images,/Volumes/Radishes/raw_big_images,5504862.jpg,5504862,5504862.jpg,unmatched,no unified occurrence row for gbifID=5504862 (not in new download),6,FALSE
NA,NA,NA,NA,NA,NA,NA,NA,NA,raw_big_images,/Volumes/Radishes/raw_big_images,5504863.jpg,5504863,5504863.jpg,unmatched,no unified occurrence row for gbifID=5504863 (not in new download),6,FALSE
NA,NA,NA,NA,NA,NA,NA,NA,NA,raw_big_images,/Volumes/Radishes/raw_big_images,5504865.jpg,5504865,5504865.jpg,unmatched,no unified occurrence row for gbifID=5504865 (not in new download),6,FALSE
NA,NA,NA,NA,NA,NA,NA,NA,NA,raw_big_images,/Volumes/Radishes/raw_big_images,5504866.jpg,5504866,5504866.jpg,unmatched,no unified occurrence row for gbifID=5504866 (not in new download),6,FALSE
NA,NA,NA,NA,NA,NA,NA,NA,NA,raw_big_images,/Volumes/Radishes/raw_big_images,5504867.jpg,5504867,5504867.jpg,unmatched,no unified occurrence row for gbifID=5504867 (not in new download),6,FALSE
NA,NA,NA,NA,NA,NA,NA,NA,NA,raw_big_images,/Volumes/Radishes/raw_big_images,5504868.jpg,5504868,5504868.jpg,unmatched,no unified occurrence row for gbifID=5504868 (not in new download),6,FALSE
NA,NA,NA,NA,NA,NA,NA,NA,NA,raw_big_images,/Volumes/Radishes/raw_big_images,5504869.jpg,5504869,5504869.jpg,unmatched,no unified occurrence row for gbifID=5504869 (not in new download),6,FALSE
NA,NA,NA,NA,NA,NA,NA,NA,NA,raw_big_images,/Volumes/Radishes/raw_big_images,5504870.jpg,5504870,5504870.jpg,unmatched,no unified occurrence row for gbifID=5504870 (not in new download),6,FALSE
NA,NA,NA,NA,NA,NA,NA,NA,NA,raw_big_images,/Volumes/Radishes/raw_big_images,5504871.jpg,5504871,5504871.jpg,unmatched,no unified occurrence row for gbifID=5504871 (not in new download),6,FALSE
NA,NA,NA,NA,NA,NA,NA,NA,NA,raw_big_images,/Volumes/Radishes/raw_big_images,5504872.jpg,5504872,5504872.jpg,unmatched,no unified occurrence row for gbifID=5504872 (not in new download),6,FALSE
NA,NA,NA,NA,NA,NA,NA,NA,NA,raw_big_images,/Volumes/Radishes/raw_big_images,5504874.jpg,5504874,5504874.jpg,unmatched,no unified occurrence row for gbifID=5504874 (not in new download),6,FALSE
NA,NA,NA,NA,NA,NA,NA,NA,NA,raw_big_images,/Volumes/Radishes/raw_big_images,5504875.jpg,5504875,5504875.jpg,unmatched,no unified occurrence row for gbifID=5504875 (not in new download),6,FALSE
NA,NA,NA,NA,NA,NA,NA,NA,NA,raw_big_images,/Volumes/Radishes/raw_big_images,5569673.jpg,5569673,5569673.jpg,unmatched,no unified occurrence row for gbifID=5569673 (not in new download),6,FALSE
NA,NA,NA,NA,NA,NA,NA,NA,NA,raw_big_images,/Volumes/Radishes/raw_big_images,5569674.jpg,5569674,5569674.jpg,unmatched,no unified occurrence row for gbifID=5569674 (not in new download),6,FALSE
NA,NA,NA,NA,NA,NA,NA,NA,NA,raw_big_images,/Volumes/Radishes/raw_big_images,5569675.jpg,5569675,5569675.jpg,unmatched,no unified occurrence row for gbifID=5569675 (not in new download),6,FALSE
NA,NA,NA,NA,NA,NA,NA,NA,NA,raw_big_images,/Volumes/Radishes/raw_big_images,5569677.jpg,5569677,5569677.jpg,unmatched,no unified occurrence row for gbifID=5569677 (not in new download),6,FALSE
NA,NA,NA,NA,NA,NA,NA,NA,NA,raw_big_images,/Volumes/Radishes/raw_big_images,5569678.jpg,5569678,5569678.jpg,unmatched,no unified occurrence row for gbifID=5569678 (not in new download),6,FALSE
NA,NA,NA,NA,NA,NA,NA,NA,NA,raw_big_images,/Volumes/Radishes/raw_big_images,5569681.jpg,5569681,5569681.jpg,unmatched,no unified occurrence row for gbifID=5569681 (not in new download),6,FALSE
NA,NA,NA,NA,NA,NA,NA,NA,NA,raw_big_images,/Volumes/Radishes/raw_big_images,5569682.jpg,5569682,5569682.jpg,unmatched,no unified occurrence row for gbifID=5569682 (not in new download),6,FALSE
NA,NA,NA,NA,NA,NA,NA,NA,NA,raw_big_images,/Volumes/Radishes/raw_big_images,5569849.jpg,5569849,5569849.jpg,unmatched,no unified occurrence row for gbifID=5569849 (not in new download),6,FALSE
NA,NA,NA,NA,NA,NA,NA,NA,NA,raw_big_images,/Volumes/Radishes/raw_big_images,5569850.jpg,5569850,5569850.jpg,unmatched,no unified occurrence row for gbifID=5569850 (not in new download),6,FALSE
NA,NA,NA,NA,NA,NA,NA,NA,NA,raw_big_images,/Volumes/Radishes/raw_big_images,5569853.jpg,5569853,5569853.jpg,unmatched,no unified occurrence row for gbifID=5569853 (not in new download),6,FALSE
NA,NA,NA,NA,NA,NA,NA,NA,NA,raw_big_images,/Volumes/Radishes/raw_big_images,5569854.jpg,5569854,5569854.jpg,unmatched,no unified occurrence row for gbifID=5569854 (not in new download),6,FALSE
NA,NA,NA,NA,NA,NA,NA,NA,NA,raw_big_images,/Volumes/Radishes/raw_big_images,5569855.jpg,5569855,5569855.jpg,unmatched,no unified occurrence row for gbifID=5569855 (not in new download),6,FALSE
NA,NA,NA,NA,NA,NA,NA,NA,NA,raw_big_images,/Volumes/Radishes/raw_big_images,5697344.jpg,5697344,5697344.jpg,unmatched,no unified occurrence row for gbifID=5697344 (not in new download),6,FALSE
3125182361,SD00062562,SD,468969,B133594A-099A-4B31-AED1-2E58D9316509,Tiajuana River near Monument School.,1936-01-28,Raphanus raphanistrum L.,SD13266,ucd_imaged_sd,/Volumes/Radishes/locally_imaged_herbarium_sheets/SD,SD00062562.jpg,SD00062562,3125182361.jpg,needs_review,unique SD barcode=SD00062562; mapped occid 3737681 != GBIF occid 468969,2,FALSE
