filename,error
2422482443.jpg,image file is truncated (1 bytes not processed)
3125139898.jpg,[Errno 2] No such file or directory: '/Volumes/Radishes/GBIF_2026_update_scoring_images/3125139898.json'
3125179404.jpg,[Errno 2] No such file or directory: '/Volumes/Radishes/GBIF_2026_update_scoring_images/3125179404.jpg'
3125179406.jpg,[Errno 2] No such file or directory: '/Volumes/Radishes/GBIF_2026_update_scoring_images/3125179406.jpg'
3125180395.jpg,[Errno 2] No such file or directory: '/Volumes/Radishes/GBIF_2026_update_scoring_images/3125180395.jpg'
3125180396.jpg,[Errno 2] No such file or directory: '/Volumes/Radishes/GBIF_2026_update_scoring_images/3125180396.jpg'
3125180398.jpg,[Errno 2] No such file or directory: '/Volumes/Radishes/GBIF_2026_update_scoring_images/3125180398.jpg'
3125180402.jpg,[Errno 2] No such file or directory: '/Volumes/Radishes/GBIF_2026_update_scoring_images/3125180402.jpg'
3125180404.jpg,[Errno 2] No such file or directory: '/Volumes/Radishes/GBIF_2026_update_scoring_images/3125180404.jpg'
3125180405.jpg,[Errno 2] No such file or directory: '/Volumes/Radishes/GBIF_2026_update_scoring_images/3125180405.jpg'
3125181397.jpg,[Errno 2] No such file or directory: '/Volumes/Radishes/GBIF_2026_update_scoring_images/3125181397.jpg'
3125181398.jpg,[Errno 2] No such file or directory: '/Volumes/Radishes/GBIF_2026_update_scoring_images/3125181398.jpg'
3125181402.jpg,[Errno 2] No such file or directory: '/Volumes/Radishes/GBIF_2026_update_scoring_images/3125181402.jpg'
3125181403.jpg,[Errno 2] No such file or directory: '/Volumes/Radishes/GBIF_2026_update_scoring_images/3125181403.jpg'
3125181405.jpg,[Errno 2] No such file or directory: '/Volumes/Radishes/GBIF_2026_update_scoring_images/3125181405.jpg'
3125182362.jpg,[Errno 2] No such file or directory: '/Volumes/Radishes/GBIF_2026_update_scoring_images/3125182362.jpg'
3125182363.jpg,[Errno 2] No such file or directory: '/Volumes/Radishes/GBIF_2026_update_scoring_images/3125182363.jpg'
3125182366.jpg,[Errno 2] No such file or directory: '/Volumes/Radishes/GBIF_2026_update_scoring_images/3125182366.jpg'
3125182367.jpg,[Errno 2] No such file or directory: '/Volumes/Radishes/GBIF_2026_update_scoring_images/3125182367.jpg'
3125182368.jpg,[Errno 2] No such file or directory: '/Volumes/Radishes/GBIF_2026_update_scoring_images/3125182368.jpg'
3125183389.jpg,[Errno 2] No such file or directory: '/Volumes/Radishes/GBIF_2026_update_scoring_images/3125183389.jpg'
3125183390.jpg,[Errno 2] No such file or directory: '/Volumes/Radishes/GBIF_2026_update_scoring_images/3125183390.jpg'
3125183394.jpg,[Errno 2] No such file or directory: '/Volumes/Radishes/GBIF_2026_update_scoring_images/3125183394.jpg'
3125183397.jpg,[Errno 2] No such file or directory: '/Volumes/Radishes/GBIF_2026_update_scoring_images/3125183397.jpg'
3125184377.jpg,[Errno 2] No such file or directory: '/Volumes/Radishes/GBIF_2026_update_scoring_images/3125184377.jpg'
3125184378.jpg,[Errno 2] No such file or directory: '/Volumes/Radishes/GBIF_2026_update_scoring_images/3125184378.jpg'
3125184379.jpg,[Errno 2] No such file or directory: '/Volumes/Radishes/GBIF_2026_update_scoring_images/3125184379.jpg'
3125184380.jpg,[Errno 2] No such file or directory: '/Volumes/Radishes/GBIF_2026_update_scoring_images/3125184380.jpg'
3125184382.jpg,[Errno 2] No such file or directory: '/Volumes/Radishes/GBIF_2026_update_scoring_images/3125184382.jpg'
3125184384.jpg,[Errno 2] No such file or directory: '/Volumes/Radishes/GBIF_2026_update_scoring_images/3125184384.jpg'
3125184386.jpg,[Errno 2] No such file or directory: '/Volumes/Radishes/GBIF_2026_update_scoring_images/3125184386.jpg'
3125185397.jpg,[Errno 2] No such file or directory: '/Volumes/Radishes/GBIF_2026_update_scoring_images/3125185397.jpg'
3125185399.jpg,[Errno 2] No such file or directory: '/Volumes/Radishes/GBIF_2026_update_scoring_images/3125185399.jpg'
3125185401.jpg,[Errno 2] No such file or directory: '/Volumes/Radishes/GBIF_2026_update_scoring_images/3125185401.jpg'
3125185407.jpg,[Errno 2] No such file or directory: '/Volumes/Radishes/GBIF_2026_update_scoring_images/3125185407.jpg'
3125186365.jpg,[Errno 2] No such file or directory: '/Volumes/Radishes/GBIF_2026_update_scoring_images/3125186365.jpg'
3125186366.jpg,[Errno 2] No such file or directory: '/Volumes/Radishes/GBIF_2026_update_scoring_images/3125186366.jpg'
3125186367.jpg,[Errno 2] No such file or directory: '/Volumes/Radishes/GBIF_2026_update_scoring_images/3125186367.jpg'
3125186369.jpg,[Errno 2] No such file or directory: '/Volumes/Radishes/GBIF_2026_update_scoring_images/3125186369.jpg'
3125186371.jpg,[Errno 2] No such file or directory: '/Volumes/Radishes/GBIF_2026_update_scoring_images/3125186371.jpg'
3125186372.jpg,[Errno 2] No such file or directory: '/Volumes/Radishes/GBIF_2026_update_scoring_images/3125186372.jpg'
3125186373.jpg,[Errno 2] No such file or directory: '/Volumes/Radishes/GBIF_2026_update_scoring_images/3125186373.jpg'
3125186374.jpg,[Errno 2] No such file or directory: '/Volumes/Radishes/GBIF_2026_update_scoring_images/3125186374.jpg'
3125187376.jpg,[Errno 2] No such file or directory: '/Volumes/Radishes/GBIF_2026_update_scoring_images/3125187376.jpg'
3125187377.jpg,[Errno 2] No such file or directory: '/Volumes/Radishes/GBIF_2026_update_scoring_images/3125187377.jpg'
3125187378.jpg,[Errno 2] No such file or directory: '/Volumes/Radishes/GBIF_2026_update_scoring_images/3125187378.jpg'
3125187379.jpg,[Errno 2] No such file or directory: '/Volumes/Radishes/GBIF_2026_update_scoring_images/3125187379.jpg'
3125187380.jpg,[Errno 2] No such file or directory: '/Volumes/Radishes/GBIF_2026_update_scoring_images/3125187380.jpg'
3125187385.jpg,[Errno 2] No such file or directory: '/Volumes/Radishes/GBIF_2026_update_scoring_images/3125187385.jpg'
3125188387.jpg,[Errno 2] No such file or directory: '/Volumes/Radishes/GBIF_2026_update_scoring_images/3125188387.jpg'
3125188388.jpg,[Errno 2] No such file or directory: '/Volumes/Radishes/GBIF_2026_update_scoring_images/3125188388.jpg'
3125188390.jpg,[Errno 2] No such file or directory: '/Volumes/Radishes/GBIF_2026_update_scoring_images/3125188390.jpg'
3125188392.jpg,[Errno 2] No such file or directory: '/Volumes/Radishes/GBIF_2026_update_scoring_images/3125188392.jpg'
3125188395.jpg,[Errno 2] No such file or directory: '/Volumes/Radishes/GBIF_2026_update_scoring_images/3125188395.jpg'
3125188396.jpg,[Errno 2] No such file or directory: '/Volumes/Radishes/GBIF_2026_update_scoring_images/3125188396.jpg'
3125266894.jpg,[Errno 2] No such file or directory: '/Volumes/Radishes/GBIF_2026_update_scoring_images/3125266894.jpg'
3125267791.jpg,[Errno 2] No such file or directory: '/Volumes/Radishes/GBIF_2026_update_scoring_images/3125267791.jpg'
3125274672.jpg,[Errno 2] No such file or directory: '/Volumes/Radishes/GBIF_2026_update_scoring_images/3125274672.jpg'
3125274773.jpg,[Errno 2] No such file or directory: '/Volumes/Radishes/GBIF_2026_update_scoring_images/3125274773.jpg'
3125288388.jpg,[Errno 2] No such file or directory: '/Volumes/Radishes/GBIF_2026_update_scoring_images/3125288388.jpg'
3320745734.jpg,[Errno 2] No such file or directory: '/Volumes/Radishes/GBIF_2026_update_scoring_images/3320745734.jpg'
3320764608.jpg,[Errno 2] No such file or directory: '/Volumes/Radishes/GBIF_2026_update_scoring_images/3320764608.jpg'
3320767017.jpg,[Errno 2] No such file or directory: '/Volumes/Radishes/GBIF_2026_update_scoring_images/3320767017.jpg'
3320779463.jpg,[Errno 2] No such file or directory: '/Volumes/Radishes/GBIF_2026_update_scoring_images/3320779463.jpg'
3320779487.jpg,[Errno 2] No such file or directory: '/Volumes/Radishes/GBIF_2026_update_scoring_images/3320779487.jpg'
3320791274.jpg,[Errno 2] No such file or directory: '/Volumes/Radishes/GBIF_2026_update_scoring_images/3320791274.jpg'
3320791427.jpg,[Errno 2] No such file or directory: '/Volumes/Radishes/GBIF_2026_update_scoring_images/3320791427.jpg'
3320792250.jpg,[Errno 2] No such file or directory: '/Volumes/Radishes/GBIF_2026_update_scoring_images/3320792250.jpg'
3320793347.jpg,[Errno 2] No such file or directory: '/Volumes/Radishes/GBIF_2026_update_scoring_images/3320793347.jpg'
3320794205.jpg,[Errno 2] No such file or directory: '/Volumes/Radishes/GBIF_2026_update_scoring_images/3320794205.jpg'
3320805291.jpg,[Errno 2] No such file or directory: '/Volumes/Radishes/GBIF_2026_update_scoring_images/3320805291.jpg'
3320810859.jpg,[Errno 2] No such file or directory: '/Volumes/Radishes/GBIF_2026_update_scoring_images/3320810859.jpg'
3331181566.jpg,[Errno 2] No such file or directory: '/Volumes/Radishes/GBIF_2026_update_scoring_images/3331181566.jpg'
3331183216.jpg,[Errno 2] No such file or directory: '/Volumes/Radishes/GBIF_2026_update_scoring_images/3331183216.jpg'
3331186446.jpg,[Errno 2] No such file or directory: '/Volumes/Radishes/GBIF_2026_update_scoring_images/3331186446.jpg'
3331186470.jpg,[Errno 2] No such file or directory: '/Volumes/Radishes/GBIF_2026_update_scoring_images/3331186470.jpg'
3331188457.jpg,[Errno 2] No such file or directory: '/Volumes/Radishes/GBIF_2026_update_scoring_images/3331188457.jpg'
3331193053.jpg,[Errno 2] No such file or directory: '/Volumes/Radishes/GBIF_2026_update_scoring_images/3331193053.jpg'
3331193610.jpg,[Errno 2] No such file or directory: '/Volumes/Radishes/GBIF_2026_update_scoring_images/3331193610.jpg'
3331194244.jpg,[Errno 2] No such file or directory: '/Volumes/Radishes/GBIF_2026_update_scoring_images/3331194244.jpg'
3331201163.jpg,[Errno 2] No such file or directory: '/Volumes/Radishes/GBIF_2026_update_scoring_images/3331201163.jpg'
3341236048.jpg,[Errno 2] No such file or directory: '/Volumes/Radishes/GBIF_2026_update_scoring_images/3341236048.jpg'
3341236050.jpg,[Errno 2] No such file or directory: '/Volumes/Radishes/GBIF_2026_update_scoring_images/3341236050.jpg'
3341236054.jpg,[Errno 2] No such file or directory: '/Volumes/Radishes/GBIF_2026_update_scoring_images/3341236054.jpg'
3341236057.jpg,[Errno 2] No such file or directory: '/Volumes/Radishes/GBIF_2026_update_scoring_images/3341236057.jpg'
3341236061.jpg,[Errno 2] No such file or directory: '/Volumes/Radishes/GBIF_2026_update_scoring_images/3341236061.jpg'
3341236062.jpg,[Errno 2] No such file or directory: '/Volumes/Radishes/GBIF_2026_update_scoring_images/3341236062.jpg'
3341236065.jpg,[Errno 2] No such file or directory: '/Volumes/Radishes/GBIF_2026_update_scoring_images/3341236065.jpg'
3341236068.jpg,[Errno 2] No such file or directory: '/Volumes/Radishes/GBIF_2026_update_scoring_images/3341236068.jpg'
3341236082.jpg,[Errno 2] No such file or directory: '/Volumes/Radishes/GBIF_2026_update_scoring_images/3341236082.jpg'
3341236084.jpg,[Errno 2] No such file or directory: '/Volumes/Radishes/GBIF_2026_update_scoring_images/3341236084.jpg'
3344414990.jpg,[Errno 2] No such file or directory: '/Volumes/Radishes/GBIF_2026_update_scoring_images/3344414990.jpg'
3344414991.jpg,[Errno 2] No such file or directory: '/Volumes/Radishes/GBIF_2026_update_scoring_images/3344414991.jpg'
3344414992.jpg,[Errno 2] No such file or directory: '/Volumes/Radishes/GBIF_2026_update_scoring_images/3344414992.jpg'
3344414995.jpg,[Errno 2] No such file or directory: '/Volumes/Radishes/GBIF_2026_update_scoring_images/3344414995.jpg'
3344415221.jpg,[Errno 2] No such file or directory: '/Volumes/Radishes/GBIF_2026_update_scoring_images/3344415221.jpg'
3344415225.jpg,[Errno 2] No such file or directory: '/Volumes/Radishes/GBIF_2026_update_scoring_images/3344415225.jpg'
3344415228.jpg,[Errno 2] No such file or directory: '/Volumes/Radishes/GBIF_2026_update_scoring_images/3344415228.jpg'
3344415258.jpg,[Errno 2] No such file or directory: '/Volumes/Radishes/GBIF_2026_update_scoring_images/3344415258.jpg'
3344415260.jpg,[Errno 2] No such file or directory: '/Volumes/Radishes/GBIF_2026_update_scoring_images/3344415260.jpg'
3344415263.jpg,[Errno 2] No such file or directory: '/Volumes/Radishes/GBIF_2026_update_scoring_images/3344415263.jpg'
3344427785.jpg,[Errno 2] No such file or directory: '/Volumes/Radishes/GBIF_2026_update_scoring_images/3344427785.jpg'
3344427787.jpg,[Errno 2] No such file or directory: '/Volumes/Radishes/GBIF_2026_update_scoring_images/3344427787.jpg'
3344427790.jpg,[Errno 2] No such file or directory: '/Volumes/Radishes/GBIF_2026_update_scoring_images/3344427790.jpg'
3344427791.jpg,[Errno 2] No such file or directory: '/Volumes/Radishes/GBIF_2026_update_scoring_images/3344427791.jpg'
3344427794.jpg,[Errno 2] No such file or directory: '/Volumes/Radishes/GBIF_2026_update_scoring_images/3344427794.jpg'
3344438249.jpg,[Errno 2] No such file or directory: '/Volumes/Radishes/GBIF_2026_update_scoring_images/3344438249.jpg'
3344481223.jpg,[Errno 2] No such file or directory: '/Volumes/Radishes/GBIF_2026_update_scoring_images/3344481223.jpg'
3344481226.jpg,[Errno 2] No such file or directory: '/Volumes/Radishes/GBIF_2026_update_scoring_images/3344481226.jpg'
3344481231.jpg,[Errno 2] No such file or directory: '/Volumes/Radishes/GBIF_2026_update_scoring_images/3344481231.jpg'
3344481235.jpg,[Errno 2] No such file or directory: '/Volumes/Radishes/GBIF_2026_update_scoring_images/3344481235.jpg'
3344481238.jpg,[Errno 2] No such file or directory: '/Volumes/Radishes/GBIF_2026_update_scoring_images/3344481238.jpg'
3344481239.jpg,[Errno 2] No such file or directory: '/Volumes/Radishes/GBIF_2026_update_scoring_images/3344481239.jpg'
3344481241.jpg,[Errno 2] No such file or directory: '/Volumes/Radishes/GBIF_2026_update_scoring_images/3344481241.jpg'
3344481242.jpg,[Errno 2] No such file or directory: '/Volumes/Radishes/GBIF_2026_update_scoring_images/3344481242.jpg'
3344481243.jpg,[Errno 2] No such file or directory: '/Volumes/Radishes/GBIF_2026_update_scoring_images/3344481243.jpg'
3344481247.jpg,[Errno 2] No such file or directory: '/Volumes/Radishes/GBIF_2026_update_scoring_images/3344481247.jpg'
3344481254.jpg,[Errno 2] No such file or directory: '/Volumes/Radishes/GBIF_2026_update_scoring_images/3344481254.jpg'
3344481255.jpg,[Errno 2] No such file or directory: '/Volumes/Radishes/GBIF_2026_update_scoring_images/3344481255.jpg'
3344481258.jpg,[Errno 2] No such file or directory: '/Volumes/Radishes/GBIF_2026_update_scoring_images/3344481258.jpg'
3344481266.jpg,[Errno 2] No such file or directory: '/Volumes/Radishes/GBIF_2026_update_scoring_images/3344481266.jpg'
3344481270.jpg,[Errno 2] No such file or directory: '/Volumes/Radishes/GBIF_2026_update_scoring_images/3344481270.jpg'
3344481285.jpg,[Errno 2] No such file or directory: '/Volumes/Radishes/GBIF_2026_update_scoring_images/3344481285.jpg'
3344481287.jpg,[Errno 2] No such file or directory: '/Volumes/Radishes/GBIF_2026_update_scoring_images/3344481287.jpg'
3344481290.jpg,[Errno 2] No such file or directory: '/Volumes/Radishes/GBIF_2026_update_scoring_images/3344481290.jpg'
3344481291.jpg,[Errno 2] No such file or directory: '/Volumes/Radishes/GBIF_2026_update_scoring_images/3344481291.jpg'
3344481294.jpg,[Errno 2] No such file or directory: '/Volumes/Radishes/GBIF_2026_update_scoring_images/3344481294.jpg'
3344481297.jpg,[Errno 2] No such file or directory: '/Volumes/Radishes/GBIF_2026_update_scoring_images/3344481297.jpg'
3344481299.jpg,[Errno 2] No such file or directory: '/Volumes/Radishes/GBIF_2026_update_scoring_images/3344481299.jpg'
3344481305.jpg,[Errno 2] No such file or directory: '/Volumes/Radishes/GBIF_2026_update_scoring_images/3344481305.jpg'
3344481309.jpg,[Errno 2] No such file or directory: '/Volumes/Radishes/GBIF_2026_update_scoring_images/3344481309.jpg'
3344481313.jpg,[Errno 2] No such file or directory: '/Volumes/Radishes/GBIF_2026_update_scoring_images/3344481313.jpg'
3344481314.jpg,[Errno 2] No such file or directory: '/Volumes/Radishes/GBIF_2026_update_scoring_images/3344481314.jpg'
3344481316.jpg,[Errno 2] No such file or directory: '/Volumes/Radishes/GBIF_2026_update_scoring_images/3344481316.jpg'
3344481317.jpg,[Errno 2] No such file or directory: '/Volumes/Radishes/GBIF_2026_update_scoring_images/3344481317.jpg'
3344481319.jpg,[Errno 2] No such file or directory: '/Volumes/Radishes/GBIF_2026_update_scoring_images/3344481319.jpg'
3344481320.jpg,[Errno 2] No such file or directory: '/Volumes/Radishes/GBIF_2026_update_scoring_images/3344481320.jpg'
3344481321.jpg,[Errno 2] No such file or directory: '/Volumes/Radishes/GBIF_2026_update_scoring_images/3344481321.jpg'
3344481323.jpg,[Errno 2] No such file or directory: '/Volumes/Radishes/GBIF_2026_update_scoring_images/3344481323.jpg'
3344481325.jpg,[Errno 2] No such file or directory: '/Volumes/Radishes/GBIF_2026_update_scoring_images/3344481325.jpg'
3344498475.jpg,[Errno 2] No such file or directory: '/Volumes/Radishes/GBIF_2026_update_scoring_images/3344498475.jpg'
3357379668.jpg,[Errno 2] No such file or directory: '/Volumes/Radishes/GBIF_2026_update_scoring_images/3357379668.jpg'
3357379691.jpg,[Errno 2] No such file or directory: '/Volumes/Radishes/GBIF_2026_update_scoring_images/3357379691.jpg'
3357379777.jpg,[Errno 2] No such file or directory: '/Volumes/Radishes/GBIF_2026_update_scoring_images/3357379777.jpg'
3357379779.jpg,[Errno 2] No such file or directory: '/Volumes/Radishes/GBIF_2026_update_scoring_images/3357379779.jpg'
3357380332.jpg,[Errno 2] No such file or directory: '/Volumes/Radishes/GBIF_2026_update_scoring_images/3357380332.jpg'
3357380346.jpg,[Errno 2] No such file or directory: '/Volumes/Radishes/GBIF_2026_update_scoring_images/3357380346.jpg'
3357380370.jpg,[Errno 2] No such file or directory: '/Volumes/Radishes/GBIF_2026_update_scoring_images/3357380370.jpg'
3357380373.jpg,[Errno 2] No such file or directory: '/Volumes/Radishes/GBIF_2026_update_scoring_images/3357380373.jpg'
3357380387.jpg,[Errno 2] No such file or directory: '/Volumes/Radishes/GBIF_2026_update_scoring_images/3357380387.jpg'
3357380410.jpg,[Errno 2] No such file or directory: '/Volumes/Radishes/GBIF_2026_update_scoring_images/3357380410.jpg'
3357380416.jpg,[Errno 2] No such file or directory: '/Volumes/Radishes/GBIF_2026_update_scoring_images/3357380416.jpg'
3357380418.jpg,[Errno 2] No such file or directory: '/Volumes/Radishes/GBIF_2026_update_scoring_images/3357380418.jpg'
3357380425.jpg,[Errno 2] No such file or directory: '/Volumes/Radishes/GBIF_2026_update_scoring_images/3357380425.jpg'
3357380426.jpg,[Errno 2] No such file or directory: '/Volumes/Radishes/GBIF_2026_update_scoring_images/3357380426.jpg'
3357380439.jpg,[Errno 2] No such file or directory: '/Volumes/Radishes/GBIF_2026_update_scoring_images/3357380439.jpg'
3357380441.jpg,[Errno 2] No such file or directory: '/Volumes/Radishes/GBIF_2026_update_scoring_images/3357380441.jpg'
3357380444.jpg,[Errno 2] No such file or directory: '/Volumes/Radishes/GBIF_2026_update_scoring_images/3357380444.jpg'
3357380464.jpg,[Errno 2] No such file or directory: '/Volumes/Radishes/GBIF_2026_update_scoring_images/3357380464.jpg'
3357380465.jpg,[Errno 2] No such file or directory: '/Volumes/Radishes/GBIF_2026_update_scoring_images/3357380465.jpg'
3357380466.jpg,[Errno 2] No such file or directory: '/Volumes/Radishes/GBIF_2026_update_scoring_images/3357380466.jpg'
3357380481.jpg,[Errno 2] No such file or directory: '/Volumes/Radishes/GBIF_2026_update_scoring_images/3357380481.jpg'
3357380482.jpg,[Errno 2] No such file or directory: '/Volumes/Radishes/GBIF_2026_update_scoring_images/3357380482.jpg'
3357380493.jpg,[Errno 2] No such file or directory: '/Volumes/Radishes/GBIF_2026_update_scoring_images/3357380493.jpg'
3357380510.jpg,[Errno 2] No such file or directory: '/Volumes/Radishes/GBIF_2026_update_scoring_images/3357380510.jpg'
3357380603.jpg,[Errno 2] No such file or directory: '/Volumes/Radishes/GBIF_2026_update_scoring_images/3357380603.jpg'
3357380604.jpg,[Errno 2] No such file or directory: '/Volumes/Radishes/GBIF_2026_update_scoring_images/3357380604.jpg'
3357383024.jpg,[Errno 2] No such file or directory: '/Volumes/Radishes/GBIF_2026_update_scoring_images/3357383024.jpg'
3357383413.jpg,[Errno 2] No such file or directory: '/Volumes/Radishes/GBIF_2026_update_scoring_images/3357383413.jpg'
3357383414.jpg,[Errno 2] No such file or directory: '/Volumes/Radishes/GBIF_2026_update_scoring_images/3357383414.jpg'
3357383420.jpg,[Errno 2] No such file or directory: '/Volumes/Radishes/GBIF_2026_update_scoring_images/3357383420.jpg'
3357383470.jpg,[Errno 2] No such file or directory: '/Volumes/Radishes/GBIF_2026_update_scoring_images/3357383470.jpg'
3357425421.jpg,[Errno 2] No such file or directory: '/Volumes/Radishes/GBIF_2026_update_scoring_images/3357425421.jpg'
3359755331.jpg,[Errno 2] No such file or directory: '/Volumes/Radishes/GBIF_2026_update_scoring_images/3359755331.jpg'
3359774329.jpg,[Errno 2] No such file or directory: '/Volumes/Radishes/GBIF_2026_update_scoring_images/3359774329.jpg'
3395813387.jpg,[Errno 2] No such file or directory: '/Volumes/Radishes/GBIF_2026_update_scoring_images/3395813387.jpg'
3395815342.jpg,[Errno 2] No such file or directory: '/Volumes/Radishes/GBIF_2026_update_scoring_images/3395815342.jpg'
3400897306.jpg,[Errno 2] No such file or directory: '/Volumes/Radishes/GBIF_2026_update_scoring_images/3400897306.jpg'
3406824028.jpg,[Errno 2] No such file or directory: '/Volumes/Radishes/GBIF_2026_update_scoring_images/3406824028.jpg'
3406824032.jpg,[Errno 2] No such file or directory: '/Volumes/Radishes/GBIF_2026_update_scoring_images/3406824032.jpg'
3406824040.jpg,[Errno 2] No such file or directory: '/Volumes/Radishes/GBIF_2026_update_scoring_images/3406824040.jpg'
3406824047.jpg,[Errno 2] No such file or directory: '/Volumes/Radishes/GBIF_2026_update_scoring_images/3406824047.jpg'
3406824049.jpg,[Errno 2] No such file or directory: '/Volumes/Radishes/GBIF_2026_update_scoring_images/3406824049.jpg'
3406827741.jpg,[Errno 2] No such file or directory: '/Volumes/Radishes/GBIF_2026_update_scoring_images/3406827741.jpg'
3406827745.jpg,[Errno 2] No such file or directory: '/Volumes/Radishes/GBIF_2026_update_scoring_images/3406827745.jpg'
3406827763.jpg,[Errno 2] No such file or directory: '/Volumes/Radishes/GBIF_2026_update_scoring_images/3406827763.jpg'
3406827800.jpg,[Errno 2] No such file or directory: '/Volumes/Radishes/GBIF_2026_update_scoring_images/3406827800.jpg'
3406848787.jpg,[Errno 2] No such file or directory: '/Volumes/Radishes/GBIF_2026_update_scoring_images/3406848787.jpg'
3413164330.jpg,[Errno 2] No such file or directory: '/Volumes/Radishes/GBIF_2026_update_scoring_images/3413164330.jpg'
3428801686.jpg,[Errno 2] No such file or directory: '/Volumes/Radishes/GBIF_2026_update_scoring_images/3428801686.jpg'
3465122536.jpg,[Errno 2] No such file or directory: '/Volumes/Radishes/GBIF_2026_update_scoring_images/3465122536.jpg'
3470668808.jpg,[Errno 2] No such file or directory: '/Volumes/Radishes/GBIF_2026_update_scoring_images/3470668808.jpg'
3496963329.jpg,[Errno 2] No such file or directory: '/Volumes/Radishes/GBIF_2026_update_scoring_images/3496963329.jpg'
3496963331.jpg,[Errno 2] No such file or directory: '/Volumes/Radishes/GBIF_2026_update_scoring_images/3496963331.jpg'
3496963332.jpg,[Errno 2] No such file or directory: '/Volumes/Radishes/GBIF_2026_update_scoring_images/3496963332.jpg'
3496963335.jpg,[Errno 2] No such file or directory: '/Volumes/Radishes/GBIF_2026_update_scoring_images/3496963335.jpg'
3496963345.jpg,[Errno 2] No such file or directory: '/Volumes/Radishes/GBIF_2026_update_scoring_images/3496963345.jpg'
3496963410.jpg,[Errno 2] No such file or directory: '/Volumes/Radishes/GBIF_2026_update_scoring_images/3496963410.jpg'
3496963414.jpg,[Errno 2] No such file or directory: '/Volumes/Radishes/GBIF_2026_update_scoring_images/3496963414.jpg'
3496963416.jpg,[Errno 2] No such file or directory: '/Volumes/Radishes/GBIF_2026_update_scoring_images/3496963416.jpg'
3496963417.jpg,[Errno 2] No such file or directory: '/Volumes/Radishes/GBIF_2026_update_scoring_images/3496963417.jpg'
3496963418.jpg,[Errno 2] No such file or directory: '/Volumes/Radishes/GBIF_2026_update_scoring_images/3496963418.jpg'
3496963429.jpg,[Errno 2] No such file or directory: '/Volumes/Radishes/GBIF_2026_update_scoring_images/3496963429.jpg'
3496963433.jpg,[Errno 2] No such file or directory: '/Volumes/Radishes/GBIF_2026_update_scoring_images/3496963433.jpg'
3496963434.jpg,[Errno 2] No such file or directory: '/Volumes/Radishes/GBIF_2026_update_scoring_images/3496963434.jpg'
3496963438.jpg,[Errno 2] No such file or directory: '/Volumes/Radishes/GBIF_2026_update_scoring_images/3496963438.jpg'
3496963454.jpg,[Errno 2] No such file or directory: '/Volumes/Radishes/GBIF_2026_update_scoring_images/3496963454.jpg'
3496963486.jpg,[Errno 2] No such file or directory: '/Volumes/Radishes/GBIF_2026_update_scoring_images/3496963486.jpg'
3496963488.jpg,[Errno 2] No such file or directory: '/Volumes/Radishes/GBIF_2026_update_scoring_images/3496963488.jpg'
3496963490.jpg,[Errno 2] No such file or directory: '/Volumes/Radishes/GBIF_2026_update_scoring_images/3496963490.jpg'
3496963491.jpg,[Errno 2] No such file or directory: '/Volumes/Radishes/GBIF_2026_update_scoring_images/3496963491.jpg'
3496963493.jpg,[Errno 2] No such file or directory: '/Volumes/Radishes/GBIF_2026_update_scoring_images/3496963493.jpg'
3496963494.jpg,[Errno 2] No such file or directory: '/Volumes/Radishes/GBIF_2026_update_scoring_images/3496963494.jpg'
3496963496.jpg,[Errno 2] No such file or directory: '/Volumes/Radishes/GBIF_2026_update_scoring_images/3496963496.jpg'
3496963536.jpg,[Errno 2] No such file or directory: '/Volumes/Radishes/GBIF_2026_update_scoring_images/3496963536.jpg'
3498205055.jpg,[Errno 2] No such file or directory: '/Volumes/Radishes/GBIF_2026_update_scoring_images/3498205055.jpg'
3503178309.jpg,[Errno 2] No such file or directory: '/Volumes/Radishes/GBIF_2026_update_scoring_images/3503178309.jpg'
3503178395.jpg,[Errno 2] No such file or directory: '/Volumes/Radishes/GBIF_2026_update_scoring_images/3503178395.jpg'
3503181860.jpg,[Errno 2] No such file or directory: '/Volumes/Radishes/GBIF_2026_update_scoring_images/3503181860.jpg'
3503181864.jpg,[Errno 2] No such file or directory: '/Volumes/Radishes/GBIF_2026_update_scoring_images/3503181864.jpg'
3503181871.jpg,[Errno 2] No such file or directory: '/Volumes/Radishes/GBIF_2026_update_scoring_images/3503181871.jpg'
3503181878.jpg,[Errno 2] No such file or directory: '/Volumes/Radishes/GBIF_2026_update_scoring_images/3503181878.jpg'
3503181879.jpg,[Errno 2] No such file or directory: '/Volumes/Radishes/GBIF_2026_update_scoring_images/3503181879.jpg'
3503181885.jpg,[Errno 2] No such file or directory: '/Volumes/Radishes/GBIF_2026_update_scoring_images/3503181885.jpg'
3503181898.jpg,[Errno 2] No such file or directory: '/Volumes/Radishes/GBIF_2026_update_scoring_images/3503181898.jpg'
3503181900.jpg,[Errno 2] No such file or directory: '/Volumes/Radishes/GBIF_2026_update_scoring_images/3503181900.jpg'
3503181916.jpg,[Errno 2] No such file or directory: '/Volumes/Radishes/GBIF_2026_update_scoring_images/3503181916.jpg'
3503181918.jpg,[Errno 2] No such file or directory: '/Volumes/Radishes/GBIF_2026_update_scoring_images/3503181918.jpg'
3503181923.jpg,[Errno 2] No such file or directory: '/Volumes/Radishes/GBIF_2026_update_scoring_images/3503181923.jpg'
3503181928.jpg,[Errno 2] No such file or directory: '/Volumes/Radishes/GBIF_2026_update_scoring_images/3503181928.jpg'
3503181935.jpg,[Errno 2] No such file or directory: '/Volumes/Radishes/GBIF_2026_update_scoring_images/3503181935.jpg'
3503181939.jpg,[Errno 2] No such file or directory: '/Volumes/Radishes/GBIF_2026_update_scoring_images/3503181939.jpg'
3503181942.jpg,[Errno 2] No such file or directory: '/Volumes/Radishes/GBIF_2026_update_scoring_images/3503181942.jpg'
3503181944.jpg,[Errno 2] No such file or directory: '/Volumes/Radishes/GBIF_2026_update_scoring_images/3503181944.jpg'
3503196142.jpg,[Errno 2] No such file or directory: '/Volumes/Radishes/GBIF_2026_update_scoring_images/3503196142.jpg'
3503197989.jpg,[Errno 2] No such file or directory: '/Volumes/Radishes/GBIF_2026_update_scoring_images/3503197989.jpg'
3503199475.jpg,[Errno 2] No such file or directory: '/Volumes/Radishes/GBIF_2026_update_scoring_images/3503199475.jpg'
3503202664.jpg,[Errno 2] No such file or directory: '/Volumes/Radishes/GBIF_2026_update_scoring_images/3503202664.jpg'
3503202669.jpg,[Errno 2] No such file or directory: '/Volumes/Radishes/GBIF_2026_update_scoring_images/3503202669.jpg'
3503202678.jpg,[Errno 2] No such file or directory: '/Volumes/Radishes/GBIF_2026_update_scoring_images/3503202678.jpg'
3503203420.jpg,[Errno 2] No such file or directory: '/Volumes/Radishes/GBIF_2026_update_scoring_images/3503203420.jpg'
3503203425.jpg,[Errno 2] No such file or directory: '/Volumes/Radishes/GBIF_2026_update_scoring_images/3503203425.jpg'
3503203427.jpg,[Errno 2] No such file or directory: '/Volumes/Radishes/GBIF_2026_update_scoring_images/3503203427.jpg'
3503203428.jpg,[Errno 2] No such file or directory: '/Volumes/Radishes/GBIF_2026_update_scoring_images/3503203428.jpg'
3695177067.jpg,[Errno 2] No such file or directory: '/Volumes/Radishes/GBIF_2026_update_scoring_images/3695177067.jpg'
3707724321.jpg,[Errno 2] No such file or directory: '/Volumes/Radishes/GBIF_2026_update_scoring_images/3707724321.jpg'
3707766885.jpg,[Errno 2] No such file or directory: '/Volumes/Radishes/GBIF_2026_update_scoring_images/3707766885.jpg'
3709808233.jpg,[Errno 2] No such file or directory: '/Volumes/Radishes/GBIF_2026_update_scoring_images/3709808233.jpg'
3709838781.jpg,[Errno 2] No such file or directory: '/Volumes/Radishes/GBIF_2026_update_scoring_images/3709838781.jpg'
3709845930.jpg,[Errno 2] No such file or directory: '/Volumes/Radishes/GBIF_2026_update_scoring_images/3709845930.jpg'
3709848146.jpg,[Errno 2] No such file or directory: '/Volumes/Radishes/GBIF_2026_update_scoring_images/3709848146.jpg'
3709848955.jpg,[Errno 2] No such file or directory: '/Volumes/Radishes/GBIF_2026_update_scoring_images/3709848955.jpg'
3709849798.jpg,[Errno 2] No such file or directory: '/Volumes/Radishes/GBIF_2026_update_scoring_images/3709849798.jpg'
3709852018.jpg,[Errno 2] No such file or directory: '/Volumes/Radishes/GBIF_2026_update_scoring_images/3709852018.jpg'
3709852246.jpg,[Errno 2] No such file or directory: '/Volumes/Radishes/GBIF_2026_update_scoring_images/3709852246.jpg'
3709855196.jpg,[Errno 2] No such file or directory: '/Volumes/Radishes/GBIF_2026_update_scoring_images/3709855196.jpg'
3709897885.jpg,[Errno 2] No such file or directory: '/Volumes/Radishes/GBIF_2026_update_scoring_images/3709897885.jpg'
3709901927.jpg,[Errno 2] No such file or directory: '/Volumes/Radishes/GBIF_2026_update_scoring_images/3709901927.jpg'
3709906690.jpg,[Errno 2] No such file or directory: '/Volumes/Radishes/GBIF_2026_update_scoring_images/3709906690.jpg'
3709920254.jpg,[Errno 2] No such file or directory: '/Volumes/Radishes/GBIF_2026_update_scoring_images/3709920254.jpg'
3709930518.jpg,[Errno 2] No such file or directory: '/Volumes/Radishes/GBIF_2026_update_scoring_images/3709930518.jpg'
3709935706.jpg,[Errno 2] No such file or directory: '/Volumes/Radishes/GBIF_2026_update_scoring_images/3709935706.jpg'
3709938001.jpg,[Errno 2] No such file or directory: '/Volumes/Radishes/GBIF_2026_update_scoring_images/3709938001.jpg'
3709959759.jpg,[Errno 2] No such file or directory: '/Volumes/Radishes/GBIF_2026_update_scoring_images/3709959759.jpg'
3709986744.jpg,[Errno 2] No such file or directory: '/Volumes/Radishes/GBIF_2026_update_scoring_images/3709986744.jpg'
3709996871.jpg,[Errno 2] No such file or directory: '/Volumes/Radishes/GBIF_2026_update_scoring_images/3709996871.jpg'
3709997118.jpg,[Errno 2] No such file or directory: '/Volumes/Radishes/GBIF_2026_update_scoring_images/3709997118.jpg'
3710019345.jpg,[Errno 2] No such file or directory: '/Volumes/Radishes/GBIF_2026_update_scoring_images/3710019345.jpg'
3710040784.jpg,[Errno 2] No such file or directory: '/Volumes/Radishes/GBIF_2026_update_scoring_images/3710040784.jpg'
3710044656.jpg,[Errno 2] No such file or directory: '/Volumes/Radishes/GBIF_2026_update_scoring_images/3710044656.jpg'
3710063875.jpg,[Errno 2] No such file or directory: '/Volumes/Radishes/GBIF_2026_update_scoring_images/3710063875.jpg'
3710068555.jpg,[Errno 2] No such file or directory: '/Volumes/Radishes/GBIF_2026_update_scoring_images/3710068555.jpg'
3710072566.jpg,[Errno 2] No such file or directory: '/Volumes/Radishes/GBIF_2026_update_scoring_images/3710072566.jpg'
3744690045.jpg,[Errno 2] No such file or directory: '/Volumes/Radishes/GBIF_2026_update_scoring_images/3744690045.jpg'
3744712413.jpg,[Errno 2] No such file or directory: '/Volumes/Radishes/GBIF_2026_update_scoring_images/3744712413.jpg'
3744713750.jpg,[Errno 2] No such file or directory: '/Volumes/Radishes/GBIF_2026_update_scoring_images/3744713750.jpg'
3744713758.jpg,[Errno 2] No such file or directory: '/Volumes/Radishes/GBIF_2026_update_scoring_images/3744713758.jpg'
3744713760.jpg,[Errno 2] No such file or directory: '/Volumes/Radishes/GBIF_2026_update_scoring_images/3744713760.jpg'
3744713762.jpg,[Errno 2] No such file or directory: '/Volumes/Radishes/GBIF_2026_update_scoring_images/3744713762.jpg'
3744713765.jpg,[Errno 2] No such file or directory: '/Volumes/Radishes/GBIF_2026_update_scoring_images/3744713765.jpg'
3744713780.jpg,[Errno 2] No such file or directory: '/Volumes/Radishes/GBIF_2026_update_scoring_images/3744713780.jpg'
3744713784.jpg,[Errno 2] No such file or directory: '/Volumes/Radishes/GBIF_2026_update_scoring_images/3744713784.jpg'
3744713788.jpg,[Errno 2] No such file or directory: '/Volumes/Radishes/GBIF_2026_update_scoring_images/3744713788.jpg'
3744713790.jpg,[Errno 2] No such file or directory: '/Volumes/Radishes/GBIF_2026_update_scoring_images/3744713790.jpg'
3744713792.jpg,[Errno 2] No such file or directory: '/Volumes/Radishes/GBIF_2026_update_scoring_images/3744713792.jpg'
3744713798.jpg,[Errno 2] No such file or directory: '/Volumes/Radishes/GBIF_2026_update_scoring_images/3744713798.jpg'
3744713800.jpg,[Errno 2] No such file or directory: '/Volumes/Radishes/GBIF_2026_update_scoring_images/3744713800.jpg'
3744713803.jpg,[Errno 2] No such file or directory: '/Volumes/Radishes/GBIF_2026_update_scoring_images/3744713803.jpg'
3744713805.jpg,[Errno 2] No such file or directory: '/Volumes/Radishes/GBIF_2026_update_scoring_images/3744713805.jpg'
3744713808.jpg,[Errno 2] No such file or directory: '/Volumes/Radishes/GBIF_2026_update_scoring_images/3744713808.jpg'
3744714087.jpg,[Errno 2] No such file or directory: '/Volumes/Radishes/GBIF_2026_update_scoring_images/3744714087.jpg'
3746436858.jpg,[Errno 2] No such file or directory: '/Volumes/Radishes/GBIF_2026_update_scoring_images/3746436858.jpg'
3749287346.jpg,[Errno 2] No such file or directory: '/Volumes/Radishes/GBIF_2026_update_scoring_images/3749287346.jpg'
3798074545.jpg,[Errno 2] No such file or directory: '/Volumes/Radishes/GBIF_2026_update_scoring_images/3798074545.jpg'
3798074555.jpg,[Errno 2] No such file or directory: '/Volumes/Radishes/GBIF_2026_update_scoring_images/3798074555.jpg'
3798094147.jpg,[Errno 2] No such file or directory: '/Volumes/Radishes/GBIF_2026_update_scoring_images/3798094147.jpg'
3798094148.jpg,[Errno 2] No such file or directory: '/Volumes/Radishes/GBIF_2026_update_scoring_images/3798094148.jpg'
3798094179.jpg,[Errno 2] No such file or directory: '/Volumes/Radishes/GBIF_2026_update_scoring_images/3798094179.jpg'
3799498156.jpg,[Errno 2] No such file or directory: '/Volumes/Radishes/GBIF_2026_update_scoring_images/3799498156.jpg'
3799648307.jpg,[Errno 2] No such file or directory: '/Volumes/Radishes/GBIF_2026_update_scoring_images/3799648307.jpg'
3820606968.jpg,[Errno 2] No such file or directory: '/Volumes/Radishes/GBIF_2026_update_scoring_images/3820606968.jpg'
3820607955.jpg,[Errno 2] No such file or directory: '/Volumes/Radishes/GBIF_2026_update_scoring_images/3820607955.jpg'
3820607986.jpg,[Errno 2] No such file or directory: '/Volumes/Radishes/GBIF_2026_update_scoring_images/3820607986.jpg'
3820607987.jpg,[Errno 2] No such file or directory: '/Volumes/Radishes/GBIF_2026_update_scoring_images/3820607987.jpg'
3820608929.jpg,[Errno 2] No such file or directory: '/Volumes/Radishes/GBIF_2026_update_scoring_images/3820608929.jpg'
3820608943.jpg,[Errno 2] No such file or directory: '/Volumes/Radishes/GBIF_2026_update_scoring_images/3820608943.jpg'
3820608955.jpg,[Errno 2] No such file or directory: '/Volumes/Radishes/GBIF_2026_update_scoring_images/3820608955.jpg'
3820608975.jpg,[Errno 2] No such file or directory: '/Volumes/Radishes/GBIF_2026_update_scoring_images/3820608975.jpg'
3820611004.jpg,[Errno 2] No such file or directory: '/Volumes/Radishes/GBIF_2026_update_scoring_images/3820611004.jpg'
3820611977.jpg,[Errno 2] No such file or directory: '/Volumes/Radishes/GBIF_2026_update_scoring_images/3820611977.jpg'
3820612001.jpg,[Errno 2] No such file or directory: '/Volumes/Radishes/GBIF_2026_update_scoring_images/3820612001.jpg'
3820612925.jpg,[Errno 2] No such file or directory: '/Volumes/Radishes/GBIF_2026_update_scoring_images/3820612925.jpg'
3820613922.jpg,[Errno 2] No such file or directory: '/Volumes/Radishes/GBIF_2026_update_scoring_images/3820613922.jpg'
3820613931.jpg,[Errno 2] No such file or directory: '/Volumes/Radishes/GBIF_2026_update_scoring_images/3820613931.jpg'
3820613941.jpg,[Errno 2] No such file or directory: '/Volumes/Radishes/GBIF_2026_update_scoring_images/3820613941.jpg'
3820615022.jpg,[Errno 2] No such file or directory: '/Volumes/Radishes/GBIF_2026_update_scoring_images/3820615022.jpg'
3820615030.jpg,[Errno 2] No such file or directory: '/Volumes/Radishes/GBIF_2026_update_scoring_images/3820615030.jpg'
3820615943.jpg,[Errno 2] No such file or directory: '/Volumes/Radishes/GBIF_2026_update_scoring_images/3820615943.jpg'
3820615959.jpg,[Errno 2] No such file or directory: '/Volumes/Radishes/GBIF_2026_update_scoring_images/3820615959.jpg'
3820615962.jpg,[Errno 2] No such file or directory: '/Volumes/Radishes/GBIF_2026_update_scoring_images/3820615962.jpg'
3820616832.jpg,[Errno 2] No such file or directory: '/Volumes/Radishes/GBIF_2026_update_scoring_images/3820616832.jpg'
3820618824.jpg,[Errno 2] No such file or directory: '/Volumes/Radishes/GBIF_2026_update_scoring_images/3820618824.jpg'
3820734926.jpg,[Errno 2] No such file or directory: '/Volumes/Radishes/GBIF_2026_update_scoring_images/3820734926.jpg'
3820736893.jpg,[Errno 2] No such file or directory: '/Volumes/Radishes/GBIF_2026_update_scoring_images/3820736893.jpg'
3820736895.jpg,[Errno 2] No such file or directory: '/Volumes/Radishes/GBIF_2026_update_scoring_images/3820736895.jpg'
3820737976.jpg,[Errno 2] No such file or directory: '/Volumes/Radishes/GBIF_2026_update_scoring_images/3820737976.jpg'
3820738012.jpg,[Errno 2] No such file or directory: '/Volumes/Radishes/GBIF_2026_update_scoring_images/3820738012.jpg'
3820738935.jpg,[Errno 2] No such file or directory: '/Volumes/Radishes/GBIF_2026_update_scoring_images/3820738935.jpg'
3820738939.jpg,[Errno 2] No such file or directory: '/Volumes/Radishes/GBIF_2026_update_scoring_images/3820738939.jpg'
3820738982.jpg,[Errno 2] No such file or directory: '/Volumes/Radishes/GBIF_2026_update_scoring_images/3820738982.jpg'
3820739865.jpg,[Errno 2] No such file or directory: '/Volumes/Radishes/GBIF_2026_update_scoring_images/3820739865.jpg'
3820739876.jpg,[Errno 2] No such file or directory: '/Volumes/Radishes/GBIF_2026_update_scoring_images/3820739876.jpg'
3820739903.jpg,[Errno 2] No such file or directory: '/Volumes/Radishes/GBIF_2026_update_scoring_images/3820739903.jpg'
3820739930.jpg,[Errno 2] No such file or directory: '/Volumes/Radishes/GBIF_2026_update_scoring_images/3820739930.jpg'
3820741936.jpg,[Errno 2] No such file or directory: '/Volumes/Radishes/GBIF_2026_update_scoring_images/3820741936.jpg'
3820741964.jpg,[Errno 2] No such file or directory: '/Volumes/Radishes/GBIF_2026_update_scoring_images/3820741964.jpg'
3820742967.jpg,[Errno 2] No such file or directory: '/Volumes/Radishes/GBIF_2026_update_scoring_images/3820742967.jpg'
3820742985.jpg,[Errno 2] No such file or directory: '/Volumes/Radishes/GBIF_2026_update_scoring_images/3820742985.jpg'
3820743009.jpg,[Errno 2] No such file or directory: '/Volumes/Radishes/GBIF_2026_update_scoring_images/3820743009.jpg'
3820743012.jpg,[Errno 2] No such file or directory: '/Volumes/Radishes/GBIF_2026_update_scoring_images/3820743012.jpg'
3820744000.jpg,[Errno 2] No such file or directory: '/Volumes/Radishes/GBIF_2026_update_scoring_images/3820744000.jpg'
3820745010.jpg,[Errno 2] No such file or directory: '/Volumes/Radishes/GBIF_2026_update_scoring_images/3820745010.jpg'
3820745015.jpg,[Errno 2] No such file or directory: '/Volumes/Radishes/GBIF_2026_update_scoring_images/3820745015.jpg'
3820745963.jpg,[Errno 2] No such file or directory: '/Volumes/Radishes/GBIF_2026_update_scoring_images/3820745963.jpg'
3820748835.jpg,[Errno 2] No such file or directory: '/Volumes/Radishes/GBIF_2026_update_scoring_images/3820748835.jpg'
3820752750.jpg,[Errno 2] No such file or directory: '/Volumes/Radishes/GBIF_2026_update_scoring_images/3820752750.jpg'
3829914330.jpg,[Errno 2] No such file or directory: '/Volumes/Radishes/GBIF_2026_update_scoring_images/3829914330.jpg'
3829914331.jpg,[Errno 2] No such file or directory: '/Volumes/Radishes/GBIF_2026_update_scoring_images/3829914331.jpg'
3829914340.jpg,[Errno 2] No such file or directory: '/Volumes/Radishes/GBIF_2026_update_scoring_images/3829914340.jpg'
3829914341.jpg,[Errno 2] No such file or directory: '/Volumes/Radishes/GBIF_2026_update_scoring_images/3829914341.jpg'
3829914342.jpg,[Errno 2] No such file or directory: '/Volumes/Radishes/GBIF_2026_update_scoring_images/3829914342.jpg'
3829914350.jpg,[Errno 2] No such file or directory: '/Volumes/Radishes/GBIF_2026_update_scoring_images/3829914350.jpg'
3855480749.jpg,[Errno 2] No such file or directory: '/Volumes/Radishes/GBIF_2026_update_scoring_images/3855480749.jpg'
3855484356.jpg,[Errno 2] No such file or directory: '/Volumes/Radishes/GBIF_2026_update_scoring_images/3855484356.jpg'
3855559246.jpg,[Errno 2] No such file or directory: '/Volumes/Radishes/GBIF_2026_update_scoring_images/3855559246.jpg'
3855563086.jpg,[Errno 2] No such file or directory: '/Volumes/Radishes/GBIF_2026_update_scoring_images/3855563086.jpg'
3865092206.jpg,[Errno 2] No such file or directory: '/Volumes/Radishes/GBIF_2026_update_scoring_images/3865092206.jpg'
3865092209.jpg,[Errno 2] No such file or directory: '/Volumes/Radishes/GBIF_2026_update_scoring_images/3865092209.jpg'
3865092210.jpg,[Errno 2] No such file or directory: '/Volumes/Radishes/GBIF_2026_update_scoring_images/3865092210.jpg'
3865092211.jpg,[Errno 2] No such file or directory: '/Volumes/Radishes/GBIF_2026_update_scoring_images/3865092211.jpg'
3865092212.jpg,[Errno 2] No such file or directory: '/Volumes/Radishes/GBIF_2026_update_scoring_images/3865092212.jpg'
3865092213.jpg,[Errno 2] No such file or directory: '/Volumes/Radishes/GBIF_2026_update_scoring_images/3865092213.jpg'
3865092214.jpg,[Errno 2] No such file or directory: '/Volumes/Radishes/GBIF_2026_update_scoring_images/3865092214.jpg'
3865092215.jpg,[Errno 2] No such file or directory: '/Volumes/Radishes/GBIF_2026_update_scoring_images/3865092215.jpg'
3865092216.jpg,[Errno 2] No such file or directory: '/Volumes/Radishes/GBIF_2026_update_scoring_images/3865092216.jpg'
3865092217.jpg,[Errno 2] No such file or directory: '/Volumes/Radishes/GBIF_2026_update_scoring_images/3865092217.jpg'
3865093273.jpg,[Errno 2] No such file or directory: '/Volumes/Radishes/GBIF_2026_update_scoring_images/3865093273.jpg'
3865093275.jpg,[Errno 2] No such file or directory: '/Volumes/Radishes/GBIF_2026_update_scoring_images/3865093275.jpg'
3865093276.jpg,[Errno 2] No such file or directory: '/Volumes/Radishes/GBIF_2026_update_scoring_images/3865093276.jpg'
3865093277.jpg,[Errno 2] No such file or directory: '/Volumes/Radishes/GBIF_2026_update_scoring_images/3865093277.jpg'
3865093278.jpg,[Errno 2] No such file or directory: '/Volumes/Radishes/GBIF_2026_update_scoring_images/3865093278.jpg'
3865093279.jpg,[Errno 2] No such file or directory: '/Volumes/Radishes/GBIF_2026_update_scoring_images/3865093279.jpg'
3865093280.jpg,[Errno 2] No such file or directory: '/Volumes/Radishes/GBIF_2026_update_scoring_images/3865093280.jpg'
3865093281.jpg,[Errno 2] No such file or directory: '/Volumes/Radishes/GBIF_2026_update_scoring_images/3865093281.jpg'
3865093282.jpg,[Errno 2] No such file or directory: '/Volumes/Radishes/GBIF_2026_update_scoring_images/3865093282.jpg'
3865093283.jpg,[Errno 2] No such file or directory: '/Volumes/Radishes/GBIF_2026_update_scoring_images/3865093283.jpg'
3865093284.jpg,[Errno 2] No such file or directory: '/Volumes/Radishes/GBIF_2026_update_scoring_images/3865093284.jpg'
3865094232.jpg,[Errno 2] No such file or directory: '/Volumes/Radishes/GBIF_2026_update_scoring_images/3865094232.jpg'
3865094233.jpg,[Errno 2] No such file or directory: '/Volumes/Radishes/GBIF_2026_update_scoring_images/3865094233.jpg'
3865094236.jpg,[Errno 2] No such file or directory: '/Volumes/Radishes/GBIF_2026_update_scoring_images/3865094236.jpg'
3865094237.jpg,[Errno 2] No such file or directory: '/Volumes/Radishes/GBIF_2026_update_scoring_images/3865094237.jpg'
3865094238.jpg,[Errno 2] No such file or directory: '/Volumes/Radishes/GBIF_2026_update_scoring_images/3865094238.jpg'
3865094239.jpg,[Errno 2] No such file or directory: '/Volumes/Radishes/GBIF_2026_update_scoring_images/3865094239.jpg'
3865094240.jpg,[Errno 2] No such file or directory: '/Volumes/Radishes/GBIF_2026_update_scoring_images/3865094240.jpg'
3865094241.jpg,[Errno 2] No such file or directory: '/Volumes/Radishes/GBIF_2026_update_scoring_images/3865094241.jpg'
3865094242.jpg,[Errno 2] No such file or directory: '/Volumes/Radishes/GBIF_2026_update_scoring_images/3865094242.jpg'
3865094243.jpg,[Errno 2] No such file or directory: '/Volumes/Radishes/GBIF_2026_update_scoring_images/3865094243.jpg'
3865094244.jpg,[Errno 2] No such file or directory: '/Volumes/Radishes/GBIF_2026_update_scoring_images/3865094244.jpg'
3865096285.jpg,[Errno 2] No such file or directory: '/Volumes/Radishes/GBIF_2026_update_scoring_images/3865096285.jpg'
3865096286.jpg,[Errno 2] No such file or directory: '/Volumes/Radishes/GBIF_2026_update_scoring_images/3865096286.jpg'
3865096289.jpg,[Errno 2] No such file or directory: '/Volumes/Radishes/GBIF_2026_update_scoring_images/3865096289.jpg'
3865096290.jpg,[Errno 2] No such file or directory: '/Volumes/Radishes/GBIF_2026_update_scoring_images/3865096290.jpg'
3865096291.jpg,[Errno 2] No such file or directory: '/Volumes/Radishes/GBIF_2026_update_scoring_images/3865096291.jpg'
3865096292.jpg,[Errno 2] No such file or directory: '/Volumes/Radishes/GBIF_2026_update_scoring_images/3865096292.jpg'
3865096293.jpg,[Errno 2] No such file or directory: '/Volumes/Radishes/GBIF_2026_update_scoring_images/3865096293.jpg'
3865096294.jpg,[Errno 2] No such file or directory: '/Volumes/Radishes/GBIF_2026_update_scoring_images/3865096294.jpg'
3865096295.jpg,[Errno 2] No such file or directory: '/Volumes/Radishes/GBIF_2026_update_scoring_images/3865096295.jpg'
3865096296.jpg,[Errno 2] No such file or directory: '/Volumes/Radishes/GBIF_2026_update_scoring_images/3865096296.jpg'
3865096297.jpg,[Errno 2] No such file or directory: '/Volumes/Radishes/GBIF_2026_update_scoring_images/3865096297.jpg'
3865096298.jpg,[Errno 2] No such file or directory: '/Volumes/Radishes/GBIF_2026_update_scoring_images/3865096298.jpg'
3865097237.jpg,[Errno 2] No such file or directory: '/Volumes/Radishes/GBIF_2026_update_scoring_images/3865097237.jpg'
3865097238.jpg,[Errno 2] No such file or directory: '/Volumes/Radishes/GBIF_2026_update_scoring_images/3865097238.jpg'
3865097241.jpg,[Errno 2] No such file or directory: '/Volumes/Radishes/GBIF_2026_update_scoring_images/3865097241.jpg'
3865097242.jpg,[Errno 2] No such file or directory: '/Volumes/Radishes/GBIF_2026_update_scoring_images/3865097242.jpg'
3865097243.jpg,[Errno 2] No such file or directory: '/Volumes/Radishes/GBIF_2026_update_scoring_images/3865097243.jpg'
3865097244.jpg,[Errno 2] No such file or directory: '/Volumes/Radishes/GBIF_2026_update_scoring_images/3865097244.jpg'
3865097245.jpg,[Errno 2] No such file or directory: '/Volumes/Radishes/GBIF_2026_update_scoring_images/3865097245.jpg'
3865097246.jpg,[Errno 2] No such file or directory: '/Volumes/Radishes/GBIF_2026_update_scoring_images/3865097246.jpg'
3865097247.jpg,[Errno 2] No such file or directory: '/Volumes/Radishes/GBIF_2026_update_scoring_images/3865097247.jpg'
3865097248.jpg,[Errno 2] No such file or directory: '/Volumes/Radishes/GBIF_2026_update_scoring_images/3865097248.jpg'
3865097249.jpg,[Errno 2] No such file or directory: '/Volumes/Radishes/GBIF_2026_update_scoring_images/3865097249.jpg'
3865101224.jpg,[Errno 2] No such file or directory: '/Volumes/Radishes/GBIF_2026_update_scoring_images/3865101224.jpg'
3865101225.jpg,[Errno 2] No such file or directory: '/Volumes/Radishes/GBIF_2026_update_scoring_images/3865101225.jpg'
3865101228.jpg,[Errno 2] No such file or directory: '/Volumes/Radishes/GBIF_2026_update_scoring_images/3865101228.jpg'
3865101229.jpg,[Errno 2] No such file or directory: '/Volumes/Radishes/GBIF_2026_update_scoring_images/3865101229.jpg'
3865101230.jpg,[Errno 2] No such file or directory: '/Volumes/Radishes/GBIF_2026_update_scoring_images/3865101230.jpg'
3865101231.jpg,[Errno 2] No such file or directory: '/Volumes/Radishes/GBIF_2026_update_scoring_images/3865101231.jpg'
3865101232.jpg,[Errno 2] No such file or directory: '/Volumes/Radishes/GBIF_2026_update_scoring_images/3865101232.jpg'
3865101233.jpg,[Errno 2] No such file or directory: '/Volumes/Radishes/GBIF_2026_update_scoring_images/3865101233.jpg'
3865101234.jpg,[Errno 2] No such file or directory: '/Volumes/Radishes/GBIF_2026_update_scoring_images/3865101234.jpg'
3865101235.jpg,[Errno 2] No such file or directory: '/Volumes/Radishes/GBIF_2026_update_scoring_images/3865101235.jpg'
3865101236.jpg,[Errno 2] No such file or directory: '/Volumes/Radishes/GBIF_2026_update_scoring_images/3865101236.jpg'
3865104311.jpg,[Errno 2] No such file or directory: '/Volumes/Radishes/GBIF_2026_update_scoring_images/3865104311.jpg'
3865104313.jpg,[Errno 2] No such file or directory: '/Volumes/Radishes/GBIF_2026_update_scoring_images/3865104313.jpg'
3865104314.jpg,[Errno 2] No such file or directory: '/Volumes/Radishes/GBIF_2026_update_scoring_images/3865104314.jpg'
3865104315.jpg,[Errno 2] No such file or directory: '/Volumes/Radishes/GBIF_2026_update_scoring_images/3865104315.jpg'
3865104316.jpg,[Errno 2] No such file or directory: '/Volumes/Radishes/GBIF_2026_update_scoring_images/3865104316.jpg'
3865104317.jpg,[Errno 2] No such file or directory: '/Volumes/Radishes/GBIF_2026_update_scoring_images/3865104317.jpg'
3865104318.jpg,[Errno 2] No such file or directory: '/Volumes/Radishes/GBIF_2026_update_scoring_images/3865104318.jpg'
3865104319.jpg,[Errno 2] No such file or directory: '/Volumes/Radishes/GBIF_2026_update_scoring_images/3865104319.jpg'
3865104320.jpg,[Errno 2] No such file or directory: '/Volumes/Radishes/GBIF_2026_update_scoring_images/3865104320.jpg'
3865104321.jpg,[Errno 2] No such file or directory: '/Volumes/Radishes/GBIF_2026_update_scoring_images/3865104321.jpg'
3865104322.jpg,[Errno 2] No such file or directory: '/Volumes/Radishes/GBIF_2026_update_scoring_images/3865104322.jpg'
3865107318.jpg,[Errno 2] No such file or directory: '/Volumes/Radishes/GBIF_2026_update_scoring_images/3865107318.jpg'
3865107319.jpg,[Errno 2] No such file or directory: '/Volumes/Radishes/GBIF_2026_update_scoring_images/3865107319.jpg'
3865107321.jpg,[Errno 2] No such file or directory: '/Volumes/Radishes/GBIF_2026_update_scoring_images/3865107321.jpg'
3865107322.jpg,[Errno 2] No such file or directory: '/Volumes/Radishes/GBIF_2026_update_scoring_images/3865107322.jpg'
3865107323.jpg,[Errno 2] No such file or directory: '/Volumes/Radishes/GBIF_2026_update_scoring_images/3865107323.jpg'
3865107324.jpg,[Errno 2] No such file or directory: '/Volumes/Radishes/GBIF_2026_update_scoring_images/3865107324.jpg'
3865107325.jpg,[Errno 2] No such file or directory: '/Volumes/Radishes/GBIF_2026_update_scoring_images/3865107325.jpg'
3865107326.jpg,[Errno 2] No such file or directory: '/Volumes/Radishes/GBIF_2026_update_scoring_images/3865107326.jpg'
3865107327.jpg,[Errno 2] No such file or directory: '/Volumes/Radishes/GBIF_2026_update_scoring_images/3865107327.jpg'
3865107328.jpg,[Errno 2] No such file or directory: '/Volumes/Radishes/GBIF_2026_update_scoring_images/3865107328.jpg'
3865107329.jpg,[Errno 2] No such file or directory: '/Volumes/Radishes/GBIF_2026_update_scoring_images/3865107329.jpg'
3865107330.jpg,[Errno 2] No such file or directory: '/Volumes/Radishes/GBIF_2026_update_scoring_images/3865107330.jpg'
3865108366.jpg,[Errno 2] No such file or directory: '/Volumes/Radishes/GBIF_2026_update_scoring_images/3865108366.jpg'
3865108367.jpg,[Errno 2] No such file or directory: '/Volumes/Radishes/GBIF_2026_update_scoring_images/3865108367.jpg'
3865108369.jpg,[Errno 2] No such file or directory: '/Volumes/Radishes/GBIF_2026_update_scoring_images/3865108369.jpg'
3865108370.jpg,[Errno 2] No such file or directory: '/Volumes/Radishes/GBIF_2026_update_scoring_images/3865108370.jpg'
3865108371.jpg,[Errno 2] No such file or directory: '/Volumes/Radishes/GBIF_2026_update_scoring_images/3865108371.jpg'
3865108372.jpg,[Errno 2] No such file or directory: '/Volumes/Radishes/GBIF_2026_update_scoring_images/3865108372.jpg'
3865108373.jpg,[Errno 2] No such file or directory: '/Volumes/Radishes/GBIF_2026_update_scoring_images/3865108373.jpg'
3865108374.jpg,[Errno 2] No such file or directory: '/Volumes/Radishes/GBIF_2026_update_scoring_images/3865108374.jpg'
3865108375.jpg,[Errno 2] No such file or directory: '/Volumes/Radishes/GBIF_2026_update_scoring_images/3865108375.jpg'
3865108376.jpg,[Errno 2] No such file or directory: '/Volumes/Radishes/GBIF_2026_update_scoring_images/3865108376.jpg'
3865108377.jpg,[Errno 2] No such file or directory: '/Volumes/Radishes/GBIF_2026_update_scoring_images/3865108377.jpg'
3865108378.jpg,[Errno 2] No such file or directory: '/Volumes/Radishes/GBIF_2026_update_scoring_images/3865108378.jpg'
3865108379.jpg,[Errno 2] No such file or directory: '/Volumes/Radishes/GBIF_2026_update_scoring_images/3865108379.jpg'
3865109354.jpg,[Errno 2] No such file or directory: '/Volumes/Radishes/GBIF_2026_update_scoring_images/3865109354.jpg'
3865109355.jpg,[Errno 2] No such file or directory: '/Volumes/Radishes/GBIF_2026_update_scoring_images/3865109355.jpg'
3865109357.jpg,[Errno 2] No such file or directory: '/Volumes/Radishes/GBIF_2026_update_scoring_images/3865109357.jpg'
3865109358.jpg,[Errno 2] No such file or directory: '/Volumes/Radishes/GBIF_2026_update_scoring_images/3865109358.jpg'
3865109359.jpg,[Errno 2] No such file or directory: '/Volumes/Radishes/GBIF_2026_update_scoring_images/3865109359.jpg'
3865109360.jpg,[Errno 2] No such file or directory: '/Volumes/Radishes/GBIF_2026_update_scoring_images/3865109360.jpg'
3865109361.jpg,[Errno 2] No such file or directory: '/Volumes/Radishes/GBIF_2026_update_scoring_images/3865109361.jpg'
3865109362.jpg,[Errno 2] No such file or directory: '/Volumes/Radishes/GBIF_2026_update_scoring_images/3865109362.jpg'
3865109363.jpg,[Errno 2] No such file or directory: '/Volumes/Radishes/GBIF_2026_update_scoring_images/3865109363.jpg'
3865109364.jpg,[Errno 2] No such file or directory: '/Volumes/Radishes/GBIF_2026_update_scoring_images/3865109364.jpg'
3865109365.jpg,[Errno 2] No such file or directory: '/Volumes/Radishes/GBIF_2026_update_scoring_images/3865109365.jpg'
3865109366.jpg,[Errno 2] No such file or directory: '/Volumes/Radishes/GBIF_2026_update_scoring_images/3865109366.jpg'
3865362255.jpg,[Errno 2] No such file or directory: '/Volumes/Radishes/GBIF_2026_update_scoring_images/3865362255.jpg'
3865362256.jpg,[Errno 2] No such file or directory: '/Volumes/Radishes/GBIF_2026_update_scoring_images/3865362256.jpg'
3865362259.jpg,[Errno 2] No such file or directory: '/Volumes/Radishes/GBIF_2026_update_scoring_images/3865362259.jpg'
3865362260.jpg,[Errno 2] No such file or directory: '/Volumes/Radishes/GBIF_2026_update_scoring_images/3865362260.jpg'
3865362261.jpg,[Errno 2] No such file or directory: '/Volumes/Radishes/GBIF_2026_update_scoring_images/3865362261.jpg'
3865362262.jpg,[Errno 2] No such file or directory: '/Volumes/Radishes/GBIF_2026_update_scoring_images/3865362262.jpg'
3865362264.jpg,[Errno 2] No such file or directory: '/Volumes/Radishes/GBIF_2026_update_scoring_images/3865362264.jpg'
3865362265.jpg,[Errno 2] No such file or directory: '/Volumes/Radishes/GBIF_2026_update_scoring_images/3865362265.jpg'
3865362266.jpg,[Errno 2] No such file or directory: '/Volumes/Radishes/GBIF_2026_update_scoring_images/3865362266.jpg'
3865362267.jpg,[Errno 2] No such file or directory: '/Volumes/Radishes/GBIF_2026_update_scoring_images/3865362267.jpg'
3865362268.jpg,[Errno 2] No such file or directory: '/Volumes/Radishes/GBIF_2026_update_scoring_images/3865362268.jpg'
3865362269.jpg,[Errno 2] No such file or directory: '/Volumes/Radishes/GBIF_2026_update_scoring_images/3865362269.jpg'
3865363244.jpg,[Errno 2] No such file or directory: '/Volumes/Radishes/GBIF_2026_update_scoring_images/3865363244.jpg'
3865363247.jpg,[Errno 2] No such file or directory: '/Volumes/Radishes/GBIF_2026_update_scoring_images/3865363247.jpg'
3865363248.jpg,[Errno 2] No such file or directory: '/Volumes/Radishes/GBIF_2026_update_scoring_images/3865363248.jpg'
3865363249.jpg,[Errno 2] No such file or directory: '/Volumes/Radishes/GBIF_2026_update_scoring_images/3865363249.jpg'
3865363250.jpg,[Errno 2] No such file or directory: '/Volumes/Radishes/GBIF_2026_update_scoring_images/3865363250.jpg'
3865363251.jpg,[Errno 2] No such file or directory: '/Volumes/Radishes/GBIF_2026_update_scoring_images/3865363251.jpg'
3865363252.jpg,[Errno 2] No such file or directory: '/Volumes/Radishes/GBIF_2026_update_scoring_images/3865363252.jpg'
3865363253.jpg,[Errno 2] No such file or directory: '/Volumes/Radishes/GBIF_2026_update_scoring_images/3865363253.jpg'
3865363254.jpg,[Errno 2] No such file or directory: '/Volumes/Radishes/GBIF_2026_update_scoring_images/3865363254.jpg'
3865363255.jpg,[Errno 2] No such file or directory: '/Volumes/Radishes/GBIF_2026_update_scoring_images/3865363255.jpg'
3865363256.jpg,[Errno 2] No such file or directory: '/Volumes/Radishes/GBIF_2026_update_scoring_images/3865363256.jpg'
3865364291.jpg,[Errno 2] No such file or directory: '/Volumes/Radishes/GBIF_2026_update_scoring_images/3865364291.jpg'
3865364292.jpg,[Errno 2] No such file or directory: '/Volumes/Radishes/GBIF_2026_update_scoring_images/3865364292.jpg'
3865364294.jpg,[Errno 2] No such file or directory: '/Volumes/Radishes/GBIF_2026_update_scoring_images/3865364294.jpg'
3865364295.jpg,[Errno 2] No such file or directory: '/Volumes/Radishes/GBIF_2026_update_scoring_images/3865364295.jpg'
3865364296.jpg,[Errno 2] No such file or directory: '/Volumes/Radishes/GBIF_2026_update_scoring_images/3865364296.jpg'
3865364297.jpg,[Errno 2] No such file or directory: '/Volumes/Radishes/GBIF_2026_update_scoring_images/3865364297.jpg'
3865364298.jpg,[Errno 2] No such file or directory: '/Volumes/Radishes/GBIF_2026_update_scoring_images/3865364298.jpg'
3865364299.jpg,[Errno 2] No such file or directory: '/Volumes/Radishes/GBIF_2026_update_scoring_images/3865364299.jpg'
3865364300.jpg,[Errno 2] No such file or directory: '/Volumes/Radishes/GBIF_2026_update_scoring_images/3865364300.jpg'
3865368295.jpg,[Errno 2] No such file or directory: '/Volumes/Radishes/GBIF_2026_update_scoring_images/3865368295.jpg'
3865368296.jpg,[Errno 2] No such file or directory: '/Volumes/Radishes/GBIF_2026_update_scoring_images/3865368296.jpg'
3865368299.jpg,[Errno 2] No such file or directory: '/Volumes/Radishes/GBIF_2026_update_scoring_images/3865368299.jpg'
3865368300.jpg,[Errno 2] No such file or directory: '/Volumes/Radishes/GBIF_2026_update_scoring_images/3865368300.jpg'
3865373301.jpg,[Errno 2] No such file or directory: '/Volumes/Radishes/GBIF_2026_update_scoring_images/3865373301.jpg'
3865373302.jpg,[Errno 2] No such file or directory: '/Volumes/Radishes/GBIF_2026_update_scoring_images/3865373302.jpg'
3865373303.jpg,[Errno 2] No such file or directory: '/Volumes/Radishes/GBIF_2026_update_scoring_images/3865373303.jpg'
3865373304.jpg,[Errno 2] No such file or directory: '/Volumes/Radishes/GBIF_2026_update_scoring_images/3865373304.jpg'
3865374367.jpg,[Errno 2] No such file or directory: '/Volumes/Radishes/GBIF_2026_update_scoring_images/3865374367.jpg'
3865374368.jpg,[Errno 2] No such file or directory: '/Volumes/Radishes/GBIF_2026_update_scoring_images/3865374368.jpg'
3865374371.jpg,[Errno 2] No such file or directory: '/Volumes/Radishes/GBIF_2026_update_scoring_images/3865374371.jpg'
3865374372.jpg,[Errno 2] No such file or directory: '/Volumes/Radishes/GBIF_2026_update_scoring_images/3865374372.jpg'
3865374373.jpg,[Errno 2] No such file or directory: '/Volumes/Radishes/GBIF_2026_update_scoring_images/3865374373.jpg'
3865374374.jpg,[Errno 2] No such file or directory: '/Volumes/Radishes/GBIF_2026_update_scoring_images/3865374374.jpg'
3865374375.jpg,[Errno 2] No such file or directory: '/Volumes/Radishes/GBIF_2026_update_scoring_images/3865374375.jpg'
3865374376.jpg,[Errno 2] No such file or directory: '/Volumes/Radishes/GBIF_2026_update_scoring_images/3865374376.jpg'
3865374377.jpg,[Errno 2] No such file or directory: '/Volumes/Radishes/GBIF_2026_update_scoring_images/3865374377.jpg'
3865374378.jpg,[Errno 2] No such file or directory: '/Volumes/Radishes/GBIF_2026_update_scoring_images/3865374378.jpg'
3865374379.jpg,[Errno 2] No such file or directory: '/Volumes/Radishes/GBIF_2026_update_scoring_images/3865374379.jpg'
3865374380.jpg,[Errno 2] No such file or directory: '/Volumes/Radishes/GBIF_2026_update_scoring_images/3865374380.jpg'
3865374381.jpg,[Errno 2] No such file or directory: '/Volumes/Radishes/GBIF_2026_update_scoring_images/3865374381.jpg'
3865375336.jpg,[Errno 2] No such file or directory: '/Volumes/Radishes/GBIF_2026_update_scoring_images/3865375336.jpg'
3865375337.jpg,[Errno 2] No such file or directory: '/Volumes/Radishes/GBIF_2026_update_scoring_images/3865375337.jpg'
3865375340.jpg,[Errno 2] No such file or directory: '/Volumes/Radishes/GBIF_2026_update_scoring_images/3865375340.jpg'
3865375341.jpg,[Errno 2] No such file or directory: '/Volumes/Radishes/GBIF_2026_update_scoring_images/3865375341.jpg'
3865375342.jpg,[Errno 2] No such file or directory: '/Volumes/Radishes/GBIF_2026_update_scoring_images/3865375342.jpg'
3865375343.jpg,[Errno 2] No such file or directory: '/Volumes/Radishes/GBIF_2026_update_scoring_images/3865375343.jpg'
3865375344.jpg,[Errno 2] No such file or directory: '/Volumes/Radishes/GBIF_2026_update_scoring_images/3865375344.jpg'
3865375345.jpg,[Errno 2] No such file or directory: '/Volumes/Radishes/GBIF_2026_update_scoring_images/3865375345.jpg'
3865375346.jpg,[Errno 2] No such file or directory: '/Volumes/Radishes/GBIF_2026_update_scoring_images/3865375346.jpg'
3865375347.jpg,[Errno 2] No such file or directory: '/Volumes/Radishes/GBIF_2026_update_scoring_images/3865375347.jpg'
3865375348.jpg,[Errno 2] No such file or directory: '/Volumes/Radishes/GBIF_2026_update_scoring_images/3865375348.jpg'
3865375349.jpg,[Errno 2] No such file or directory: '/Volumes/Radishes/GBIF_2026_update_scoring_images/3865375349.jpg'
3865375350.jpg,[Errno 2] No such file or directory: '/Volumes/Radishes/GBIF_2026_update_scoring_images/3865375350.jpg'
3865376379.jpg,[Errno 2] No such file or directory: '/Volumes/Radishes/GBIF_2026_update_scoring_images/3865376379.jpg'
3865376380.jpg,[Errno 2] No such file or directory: '/Volumes/Radishes/GBIF_2026_update_scoring_images/3865376380.jpg'
3865376382.jpg,[Errno 2] No such file or directory: '/Volumes/Radishes/GBIF_2026_update_scoring_images/3865376382.jpg'
3865376383.jpg,[Errno 2] No such file or directory: '/Volumes/Radishes/GBIF_2026_update_scoring_images/3865376383.jpg'
3865376384.jpg,[Errno 2] No such file or directory: '/Volumes/Radishes/GBIF_2026_update_scoring_images/3865376384.jpg'
3865376385.jpg,[Errno 2] No such file or directory: '/Volumes/Radishes/GBIF_2026_update_scoring_images/3865376385.jpg'
3865376386.jpg,[Errno 2] No such file or directory: '/Volumes/Radishes/GBIF_2026_update_scoring_images/3865376386.jpg'
3865376387.jpg,[Errno 2] No such file or directory: '/Volumes/Radishes/GBIF_2026_update_scoring_images/3865376387.jpg'
3865376388.jpg,[Errno 2] No such file or directory: '/Volumes/Radishes/GBIF_2026_update_scoring_images/3865376388.jpg'
3865376389.jpg,[Errno 2] No such file or directory: '/Volumes/Radishes/GBIF_2026_update_scoring_images/3865376389.jpg'
3865376390.jpg,[Errno 2] No such file or directory: '/Volumes/Radishes/GBIF_2026_update_scoring_images/3865376390.jpg'
3865376391.jpg,[Errno 2] No such file or directory: '/Volumes/Radishes/GBIF_2026_update_scoring_images/3865376391.jpg'
3865376392.jpg,[Errno 2] No such file or directory: '/Volumes/Radishes/GBIF_2026_update_scoring_images/3865376392.jpg'
3865377301.jpg,[Errno 2] No such file or directory: '/Volumes/Radishes/GBIF_2026_update_scoring_images/3865377301.jpg'
3865377302.jpg,[Errno 2] No such file or directory: '/Volumes/Radishes/GBIF_2026_update_scoring_images/3865377302.jpg'
3865377303.jpg,[Errno 2] No such file or directory: '/Volumes/Radishes/GBIF_2026_update_scoring_images/3865377303.jpg'
3865377304.jpg,[Errno 2] No such file or directory: '/Volumes/Radishes/GBIF_2026_update_scoring_images/3865377304.jpg'
3865377305.jpg,[Errno 2] No such file or directory: '/Volumes/Radishes/GBIF_2026_update_scoring_images/3865377305.jpg'
3865377306.jpg,[Errno 2] No such file or directory: '/Volumes/Radishes/GBIF_2026_update_scoring_images/3865377306.jpg'
3865377307.jpg,[Errno 2] No such file or directory: '/Volumes/Radishes/GBIF_2026_update_scoring_images/3865377307.jpg'
3865377308.jpg,[Errno 2] No such file or directory: '/Volumes/Radishes/GBIF_2026_update_scoring_images/3865377308.jpg'
3865377309.jpg,[Errno 2] No such file or directory: '/Volumes/Radishes/GBIF_2026_update_scoring_images/3865377309.jpg'
3865378415.jpg,[Errno 2] No such file or directory: '/Volumes/Radishes/GBIF_2026_update_scoring_images/3865378415.jpg'
3865378416.jpg,[Errno 2] No such file or directory: '/Volumes/Radishes/GBIF_2026_update_scoring_images/3865378416.jpg'
3865378418.jpg,[Errno 2] No such file or directory: '/Volumes/Radishes/GBIF_2026_update_scoring_images/3865378418.jpg'
3865378419.jpg,[Errno 2] No such file or directory: '/Volumes/Radishes/GBIF_2026_update_scoring_images/3865378419.jpg'
3865378420.jpg,[Errno 2] No such file or directory: '/Volumes/Radishes/GBIF_2026_update_scoring_images/3865378420.jpg'
3865378421.jpg,[Errno 2] No such file or directory: '/Volumes/Radishes/GBIF_2026_update_scoring_images/3865378421.jpg'
3865378422.jpg,[Errno 2] No such file or directory: '/Volumes/Radishes/GBIF_2026_update_scoring_images/3865378422.jpg'
3865378423.jpg,[Errno 2] No such file or directory: '/Volumes/Radishes/GBIF_2026_update_scoring_images/3865378423.jpg'
3865378424.jpg,[Errno 2] No such file or directory: '/Volumes/Radishes/GBIF_2026_update_scoring_images/3865378424.jpg'
3865378425.jpg,[Errno 2] No such file or directory: '/Volumes/Radishes/GBIF_2026_update_scoring_images/3865378425.jpg'
3865378426.jpg,[Errno 2] No such file or directory: '/Volumes/Radishes/GBIF_2026_update_scoring_images/3865378426.jpg'
3865378427.jpg,[Errno 2] No such file or directory: '/Volumes/Radishes/GBIF_2026_update_scoring_images/3865378427.jpg'
3865378428.jpg,[Errno 2] No such file or directory: '/Volumes/Radishes/GBIF_2026_update_scoring_images/3865378428.jpg'
3865378429.jpg,[Errno 2] No such file or directory: '/Volumes/Radishes/GBIF_2026_update_scoring_images/3865378429.jpg'
3865379339.jpg,[Errno 2] No such file or directory: '/Volumes/Radishes/GBIF_2026_update_scoring_images/3865379339.jpg'
3865379340.jpg,[Errno 2] No such file or directory: '/Volumes/Radishes/GBIF_2026_update_scoring_images/3865379340.jpg'
3865379342.jpg,[Errno 2] No such file or directory: '/Volumes/Radishes/GBIF_2026_update_scoring_images/3865379342.jpg'
3865379343.jpg,[Errno 2] No such file or directory: '/Volumes/Radishes/GBIF_2026_update_scoring_images/3865379343.jpg'
3865379344.jpg,[Errno 2] No such file or directory: '/Volumes/Radishes/GBIF_2026_update_scoring_images/3865379344.jpg'
3865379345.jpg,[Errno 2] No such file or directory: '/Volumes/Radishes/GBIF_2026_update_scoring_images/3865379345.jpg'
3865379346.jpg,[Errno 2] No such file or directory: '/Volumes/Radishes/GBIF_2026_update_scoring_images/3865379346.jpg'
3865379347.jpg,[Errno 2] No such file or directory: '/Volumes/Radishes/GBIF_2026_update_scoring_images/3865379347.jpg'
3865379348.jpg,[Errno 2] No such file or directory: '/Volumes/Radishes/GBIF_2026_update_scoring_images/3865379348.jpg'
3865379349.jpg,[Errno 2] No such file or directory: '/Volumes/Radishes/GBIF_2026_update_scoring_images/3865379349.jpg'
3865379350.jpg,[Errno 2] No such file or directory: '/Volumes/Radishes/GBIF_2026_update_scoring_images/3865379350.jpg'
3865379351.jpg,[Errno 2] No such file or directory: '/Volumes/Radishes/GBIF_2026_update_scoring_images/3865379351.jpg'
3865379352.jpg,[Errno 2] No such file or directory: '/Volumes/Radishes/GBIF_2026_update_scoring_images/3865379352.jpg'
3865380393.jpg,[Errno 2] No such file or directory: '/Volumes/Radishes/GBIF_2026_update_scoring_images/3865380393.jpg'
3865380395.jpg,[Errno 2] No such file or directory: '/Volumes/Radishes/GBIF_2026_update_scoring_images/3865380395.jpg'
3865380396.jpg,[Errno 2] No such file or directory: '/Volumes/Radishes/GBIF_2026_update_scoring_images/3865380396.jpg'
3865380397.jpg,[Errno 2] No such file or directory: '/Volumes/Radishes/GBIF_2026_update_scoring_images/3865380397.jpg'
3865380398.jpg,[Errno 2] No such file or directory: '/Volumes/Radishes/GBIF_2026_update_scoring_images/3865380398.jpg'
3865380399.jpg,[Errno 2] No such file or directory: '/Volumes/Radishes/GBIF_2026_update_scoring_images/3865380399.jpg'
3865380400.jpg,[Errno 2] No such file or directory: '/Volumes/Radishes/GBIF_2026_update_scoring_images/3865380400.jpg'
3865380401.jpg,[Errno 2] No such file or directory: '/Volumes/Radishes/GBIF_2026_update_scoring_images/3865380401.jpg'
3865380402.jpg,[Errno 2] No such file or directory: '/Volumes/Radishes/GBIF_2026_update_scoring_images/3865380402.jpg'
3865380403.jpg,[Errno 2] No such file or directory: '/Volumes/Radishes/GBIF_2026_update_scoring_images/3865380403.jpg'
3865380404.jpg,[Errno 2] No such file or directory: '/Volumes/Radishes/GBIF_2026_update_scoring_images/3865380404.jpg'
3865380405.jpg,[Errno 2] No such file or directory: '/Volumes/Radishes/GBIF_2026_update_scoring_images/3865380405.jpg'
3865380406.jpg,[Errno 2] No such file or directory: '/Volumes/Radishes/GBIF_2026_update_scoring_images/3865380406.jpg'
3872252329.jpg,[Errno 2] No such file or directory: '/Volumes/Radishes/GBIF_2026_update_scoring_images/3872252329.jpg'
3897880694.jpg,[Errno 2] No such file or directory: '/Volumes/Radishes/GBIF_2026_update_scoring_images/3897880694.jpg'
3897880737.jpg,[Errno 2] No such file or directory: '/Volumes/Radishes/GBIF_2026_update_scoring_images/3897880737.jpg'
3897882330.jpg,[Errno 2] No such file or directory: '/Volumes/Radishes/GBIF_2026_update_scoring_images/3897882330.jpg'
3897882332.jpg,[Errno 2] No such file or directory: '/Volumes/Radishes/GBIF_2026_update_scoring_images/3897882332.jpg'
3915845386.jpg,[Errno 2] No such file or directory: '/Volumes/Radishes/GBIF_2026_update_scoring_images/3915845386.jpg'
3925803509.jpg,[Errno 2] No such file or directory: '/Volumes/Radishes/GBIF_2026_update_scoring_images/3925803509.jpg'
3925803512.jpg,[Errno 2] No such file or directory: '/Volumes/Radishes/GBIF_2026_update_scoring_images/3925803512.jpg'
3925803519.jpg,[Errno 2] No such file or directory: '/Volumes/Radishes/GBIF_2026_update_scoring_images/3925803519.jpg'
3925803521.jpg,[Errno 2] No such file or directory: '/Volumes/Radishes/GBIF_2026_update_scoring_images/3925803521.jpg'
3925803524.jpg,[Errno 2] No such file or directory: '/Volumes/Radishes/GBIF_2026_update_scoring_images/3925803524.jpg'
3925803525.jpg,[Errno 2] No such file or directory: '/Volumes/Radishes/GBIF_2026_update_scoring_images/3925803525.jpg'
3925803537.jpg,[Errno 2] No such file or directory: '/Volumes/Radishes/GBIF_2026_update_scoring_images/3925803537.jpg'
3925803542.jpg,[Errno 2] No such file or directory: '/Volumes/Radishes/GBIF_2026_update_scoring_images/3925803542.jpg'
3925803544.jpg,[Errno 2] No such file or directory: '/Volumes/Radishes/GBIF_2026_update_scoring_images/3925803544.jpg'
3925803547.jpg,[Errno 2] No such file or directory: '/Volumes/Radishes/GBIF_2026_update_scoring_images/3925803547.jpg'
3925803558.jpg,[Errno 2] No such file or directory: '/Volumes/Radishes/GBIF_2026_update_scoring_images/3925803558.jpg'
3925803561.jpg,[Errno 2] No such file or directory: '/Volumes/Radishes/GBIF_2026_update_scoring_images/3925803561.jpg'
3968518412.jpg,[Errno 2] No such file or directory: '/Volumes/Radishes/GBIF_2026_update_scoring_images/3968518412.jpg'
3969691986.jpg,[Errno 2] No such file or directory: '/Volumes/Radishes/GBIF_2026_update_scoring_images/3969691986.jpg'
3978704823.jpg,[Errno 2] No such file or directory: '/Volumes/Radishes/GBIF_2026_update_scoring_images/3978704823.jpg'
3978710990.jpg,[Errno 2] No such file or directory: '/Volumes/Radishes/GBIF_2026_update_scoring_images/3978710990.jpg'
3978711058.jpg,[Errno 2] No such file or directory: '/Volumes/Radishes/GBIF_2026_update_scoring_images/3978711058.jpg'
3978732636.jpg,[Errno 2] No such file or directory: '/Volumes/Radishes/GBIF_2026_update_scoring_images/3978732636.jpg'
3978740087.jpg,[Errno 2] No such file or directory: '/Volumes/Radishes/GBIF_2026_update_scoring_images/3978740087.jpg'
3978746654.jpg,[Errno 2] No such file or directory: '/Volumes/Radishes/GBIF_2026_update_scoring_images/3978746654.jpg'
3978755506.jpg,[Errno 2] No such file or directory: '/Volumes/Radishes/GBIF_2026_update_scoring_images/3978755506.jpg'
4006241339.jpg,[Errno 2] No such file or directory: '/Volumes/Radishes/GBIF_2026_update_scoring_images/4006241339.jpg'
4010710685.jpg,[Errno 2] No such file or directory: '/Volumes/Radishes/GBIF_2026_update_scoring_images/4010710685.jpg'
4010715017.jpg,[Errno 2] No such file or directory: '/Volumes/Radishes/GBIF_2026_update_scoring_images/4010715017.jpg'
4015459323.jpg,[Errno 2] No such file or directory: '/Volumes/Radishes/GBIF_2026_update_scoring_images/4015459323.jpg'
4015890749.jpg,[Errno 2] No such file or directory: '/Volumes/Radishes/GBIF_2026_update_scoring_images/4015890749.jpg'
4015893363.jpg,[Errno 2] No such file or directory: '/Volumes/Radishes/GBIF_2026_update_scoring_images/4015893363.jpg'
4040320492.jpg,[Errno 2] No such file or directory: '/Volumes/Radishes/GBIF_2026_update_scoring_images/4040320492.jpg'
4040322388.jpg,[Errno 2] No such file or directory: '/Volumes/Radishes/GBIF_2026_update_scoring_images/4040322388.jpg'
4040339338.jpg,[Errno 2] No such file or directory: '/Volumes/Radishes/GBIF_2026_update_scoring_images/4040339338.jpg'
4067794448.jpg,[Errno 2] No such file or directory: '/Volumes/Radishes/GBIF_2026_update_scoring_images/4067794448.jpg'
4067794449.jpg,[Errno 2] No such file or directory: '/Volumes/Radishes/GBIF_2026_update_scoring_images/4067794449.jpg'
4067794450.jpg,[Errno 2] No such file or directory: '/Volumes/Radishes/GBIF_2026_update_scoring_images/4067794450.jpg'
4067794451.jpg,[Errno 2] No such file or directory: '/Volumes/Radishes/GBIF_2026_update_scoring_images/4067794451.jpg'
4067794452.jpg,[Errno 2] No such file or directory: '/Volumes/Radishes/GBIF_2026_update_scoring_images/4067794452.jpg'
4067794453.jpg,[Errno 2] No such file or directory: '/Volumes/Radishes/GBIF_2026_update_scoring_images/4067794453.jpg'
4067794454.jpg,[Errno 2] No such file or directory: '/Volumes/Radishes/GBIF_2026_update_scoring_images/4067794454.jpg'
4067794455.jpg,[Errno 2] No such file or directory: '/Volumes/Radishes/GBIF_2026_update_scoring_images/4067794455.jpg'
4067794456.jpg,[Errno 2] No such file or directory: '/Volumes/Radishes/GBIF_2026_update_scoring_images/4067794456.jpg'
4067794457.jpg,[Errno 2] No such file or directory: '/Volumes/Radishes/GBIF_2026_update_scoring_images/4067794457.jpg'
4067794458.jpg,[Errno 2] No such file or directory: '/Volumes/Radishes/GBIF_2026_update_scoring_images/4067794458.jpg'
4070458308.jpg,[Errno 2] No such file or directory: '/Volumes/Radishes/GBIF_2026_update_scoring_images/4070458308.jpg'
4075454233.jpg,[Errno 2] No such file or directory: '/Volumes/Radishes/GBIF_2026_update_scoring_images/4075454233.jpg'
4075454234.jpg,[Errno 2] No such file or directory: '/Volumes/Radishes/GBIF_2026_update_scoring_images/4075454234.jpg'
4075454236.jpg,[Errno 2] No such file or directory: '/Volumes/Radishes/GBIF_2026_update_scoring_images/4075454236.jpg'
4075454238.jpg,[Errno 2] No such file or directory: '/Volumes/Radishes/GBIF_2026_update_scoring_images/4075454238.jpg'
4075454240.jpg,[Errno 2] No such file or directory: '/Volumes/Radishes/GBIF_2026_update_scoring_images/4075454240.jpg'
4075454242.jpg,[Errno 2] No such file or directory: '/Volumes/Radishes/GBIF_2026_update_scoring_images/4075454242.jpg'
4075454244.jpg,[Errno 2] No such file or directory: '/Volumes/Radishes/GBIF_2026_update_scoring_images/4075454244.jpg'
4075454248.jpg,[Errno 2] No such file or directory: '/Volumes/Radishes/GBIF_2026_update_scoring_images/4075454248.jpg'
4075454266.jpg,[Errno 2] No such file or directory: '/Volumes/Radishes/GBIF_2026_update_scoring_images/4075454266.jpg'
4075454267.jpg,[Errno 2] No such file or directory: '/Volumes/Radishes/GBIF_2026_update_scoring_images/4075454267.jpg'
4075454270.jpg,[Errno 2] No such file or directory: '/Volumes/Radishes/GBIF_2026_update_scoring_images/4075454270.jpg'
4075454272.jpg,[Errno 2] No such file or directory: '/Volumes/Radishes/GBIF_2026_update_scoring_images/4075454272.jpg'
4075454274.jpg,[Errno 2] No such file or directory: '/Volumes/Radishes/GBIF_2026_update_scoring_images/4075454274.jpg'
4075454279.jpg,[Errno 2] No such file or directory: '/Volumes/Radishes/GBIF_2026_update_scoring_images/4075454279.jpg'
4075454345.jpg,[Errno 2] No such file or directory: '/Volumes/Radishes/GBIF_2026_update_scoring_images/4075454345.jpg'
4081344375.jpg,[Errno 2] No such file or directory: '/Volumes/Radishes/GBIF_2026_update_scoring_images/4081344375.jpg'
4081344393.jpg,[Errno 2] No such file or directory: '/Volumes/Radishes/GBIF_2026_update_scoring_images/4081344393.jpg'
4081344396.jpg,[Errno 2] No such file or directory: '/Volumes/Radishes/GBIF_2026_update_scoring_images/4081344396.jpg'
4081344406.jpg,[Errno 2] No such file or directory: '/Volumes/Radishes/GBIF_2026_update_scoring_images/4081344406.jpg'
4081344407.jpg,[Errno 2] No such file or directory: '/Volumes/Radishes/GBIF_2026_update_scoring_images/4081344407.jpg'
4081344411.jpg,[Errno 2] No such file or directory: '/Volumes/Radishes/GBIF_2026_update_scoring_images/4081344411.jpg'
4088564482.jpg,[Errno 2] No such file or directory: '/Volumes/Radishes/GBIF_2026_update_scoring_images/4088564482.jpg'
4088570109.jpg,[Errno 2] No such file or directory: '/Volumes/Radishes/GBIF_2026_update_scoring_images/4088570109.jpg'
4088570116.jpg,[Errno 2] No such file or directory: '/Volumes/Radishes/GBIF_2026_update_scoring_images/4088570116.jpg'
4088570122.jpg,[Errno 2] No such file or directory: '/Volumes/Radishes/GBIF_2026_update_scoring_images/4088570122.jpg'
4088570123.jpg,[Errno 2] No such file or directory: '/Volumes/Radishes/GBIF_2026_update_scoring_images/4088570123.jpg'
4088570154.jpg,[Errno 2] No such file or directory: '/Volumes/Radishes/GBIF_2026_update_scoring_images/4088570154.jpg'
4088570155.jpg,[Errno 2] No such file or directory: '/Volumes/Radishes/GBIF_2026_update_scoring_images/4088570155.jpg'
4088570161.jpg,[Errno 2] No such file or directory: '/Volumes/Radishes/GBIF_2026_update_scoring_images/4088570161.jpg'
4101879463.jpg,[Errno 2] No such file or directory: '/Volumes/Radishes/GBIF_2026_update_scoring_images/4101879463.jpg'
4403306335.jpg,[Errno 2] No such file or directory: '/Volumes/Radishes/GBIF_2026_update_scoring_images/4403306335.jpg'
4418789433.jpg,[Errno 2] No such file or directory: '/Volumes/Radishes/GBIF_2026_update_scoring_images/4418789433.jpg'
4418789454.jpg,[Errno 2] No such file or directory: '/Volumes/Radishes/GBIF_2026_update_scoring_images/4418789454.jpg'
4426632361.jpg,[Errno 2] No such file or directory: '/Volumes/Radishes/GBIF_2026_update_scoring_images/4426632361.jpg'
4433286374.jpg,[Errno 2] No such file or directory: '/Volumes/Radishes/GBIF_2026_update_scoring_images/4433286374.jpg'
4433286375.jpg,[Errno 2] No such file or directory: '/Volumes/Radishes/GBIF_2026_update_scoring_images/4433286375.jpg'
4433286379.jpg,[Errno 2] No such file or directory: '/Volumes/Radishes/GBIF_2026_update_scoring_images/4433286379.jpg'
4433286380.jpg,[Errno 2] No such file or directory: '/Volumes/Radishes/GBIF_2026_update_scoring_images/4433286380.jpg'
4436953682.jpg,[Errno 2] No such file or directory: '/Volumes/Radishes/GBIF_2026_update_scoring_images/4436953682.jpg'
4436954095.jpg,[Errno 2] No such file or directory: '/Volumes/Radishes/GBIF_2026_update_scoring_images/4436954095.jpg'
4436954623.jpg,[Errno 2] No such file or directory: '/Volumes/Radishes/GBIF_2026_update_scoring_images/4436954623.jpg'
4436957900.jpg,[Errno 2] No such file or directory: '/Volumes/Radishes/GBIF_2026_update_scoring_images/4436957900.jpg'
4436959695.jpg,[Errno 2] No such file or directory: '/Volumes/Radishes/GBIF_2026_update_scoring_images/4436959695.jpg'
4515850349.jpg,[Errno 2] No such file or directory: '/Volumes/Radishes/GBIF_2026_update_scoring_images/4515850349.jpg'
4527874197.jpg,[Errno 2] No such file or directory: '/Volumes/Radishes/GBIF_2026_update_scoring_images/4527874197.jpg'
4601577269.jpg,[Errno 2] No such file or directory: '/Volumes/Radishes/GBIF_2026_update_scoring_images/4601577269.jpg'
4601577270.jpg,[Errno 2] No such file or directory: '/Volumes/Radishes/GBIF_2026_update_scoring_images/4601577270.jpg'
4601577307.jpg,[Errno 2] No such file or directory: '/Volumes/Radishes/GBIF_2026_update_scoring_images/4601577307.jpg'
4601577308.jpg,[Errno 2] No such file or directory: '/Volumes/Radishes/GBIF_2026_update_scoring_images/4601577308.jpg'
4601577309.jpg,[Errno 2] No such file or directory: '/Volumes/Radishes/GBIF_2026_update_scoring_images/4601577309.jpg'
4601577311.jpg,[Errno 2] No such file or directory: '/Volumes/Radishes/GBIF_2026_update_scoring_images/4601577311.jpg'
4601577312.jpg,[Errno 2] No such file or directory: '/Volumes/Radishes/GBIF_2026_update_scoring_images/4601577312.jpg'
4601577313.jpg,[Errno 2] No such file or directory: '/Volumes/Radishes/GBIF_2026_update_scoring_images/4601577313.jpg'
4845957328.jpg,[Errno 2] No such file or directory: '/Volumes/Radishes/GBIF_2026_update_scoring_images/4845957328.jpg'
4851194746.jpg,[Errno 2] No such file or directory: '/Volumes/Radishes/GBIF_2026_update_scoring_images/4851194746.jpg'
4851194916.jpg,[Errno 2] No such file or directory: '/Volumes/Radishes/GBIF_2026_update_scoring_images/4851194916.jpg'
4851299367.jpg,[Errno 2] No such file or directory: '/Volumes/Radishes/GBIF_2026_update_scoring_images/4851299367.jpg'
4856038261.jpg,[Errno 2] No such file or directory: '/Volumes/Radishes/GBIF_2026_update_scoring_images/4856038261.jpg'
4856042859.jpg,[Errno 2] No such file or directory: '/Volumes/Radishes/GBIF_2026_update_scoring_images/4856042859.jpg'
4872674677.jpg,[Errno 2] No such file or directory: '/Volumes/Radishes/GBIF_2026_update_scoring_images/4872674677.jpg'
4872674686.jpg,[Errno 2] No such file or directory: '/Volumes/Radishes/GBIF_2026_update_scoring_images/4872674686.jpg'
4872674694.jpg,[Errno 2] No such file or directory: '/Volumes/Radishes/GBIF_2026_update_scoring_images/4872674694.jpg'
4872674697.jpg,[Errno 2] No such file or directory: '/Volumes/Radishes/GBIF_2026_update_scoring_images/4872674697.jpg'
4872704769.jpg,[Errno 2] No such file or directory: '/Volumes/Radishes/GBIF_2026_update_scoring_images/4872704769.jpg'
4910082168.jpg,[Errno 2] No such file or directory: '/Volumes/Radishes/GBIF_2026_update_scoring_images/4910082168.jpg'
4910126193.jpg,[Errno 2] No such file or directory: '/Volumes/Radishes/GBIF_2026_update_scoring_images/4910126193.jpg'
4910126197.jpg,[Errno 2] No such file or directory: '/Volumes/Radishes/GBIF_2026_update_scoring_images/4910126197.jpg'
4911336304.jpg,[Errno 2] No such file or directory: '/Volumes/Radishes/GBIF_2026_update_scoring_images/4911336304.jpg'
4912015636.jpg,[Errno 2] No such file or directory: '/Volumes/Radishes/GBIF_2026_update_scoring_images/4912015636.jpg'
4912144300.jpg,[Errno 2] No such file or directory: '/Volumes/Radishes/GBIF_2026_update_scoring_images/4912144300.jpg'
4912151097.jpg,[Errno 2] No such file or directory: '/Volumes/Radishes/GBIF_2026_update_scoring_images/4912151097.jpg'
4912151099.jpg,[Errno 2] No such file or directory: '/Volumes/Radishes/GBIF_2026_update_scoring_images/4912151099.jpg'
4912151100.jpg,[Errno 2] No such file or directory: '/Volumes/Radishes/GBIF_2026_update_scoring_images/4912151100.jpg'
4912151101.jpg,[Errno 2] No such file or directory: '/Volumes/Radishes/GBIF_2026_update_scoring_images/4912151101.jpg'
4912151102.jpg,[Errno 2] No such file or directory: '/Volumes/Radishes/GBIF_2026_update_scoring_images/4912151102.jpg'
4912153301.jpg,[Errno 2] No such file or directory: '/Volumes/Radishes/GBIF_2026_update_scoring_images/4912153301.jpg'
4912153302.jpg,[Errno 2] No such file or directory: '/Volumes/Radishes/GBIF_2026_update_scoring_images/4912153302.jpg'
4912153304.jpg,[Errno 2] No such file or directory: '/Volumes/Radishes/GBIF_2026_update_scoring_images/4912153304.jpg'
4912153305.jpg,[Errno 2] No such file or directory: '/Volumes/Radishes/GBIF_2026_update_scoring_images/4912153305.jpg'
4912157312.jpg,[Errno 2] No such file or directory: '/Volumes/Radishes/GBIF_2026_update_scoring_images/4912157312.jpg'
4912250315.jpg,[Errno 2] No such file or directory: '/Volumes/Radishes/GBIF_2026_update_scoring_images/4912250315.jpg'
4912304545.jpg,[Errno 2] No such file or directory: '/Volumes/Radishes/GBIF_2026_update_scoring_images/4912304545.jpg'
4912304546.jpg,[Errno 2] No such file or directory: '/Volumes/Radishes/GBIF_2026_update_scoring_images/4912304546.jpg'
4912304550.jpg,[Errno 2] No such file or directory: '/Volumes/Radishes/GBIF_2026_update_scoring_images/4912304550.jpg'
4912304551.jpg,[Errno 2] No such file or directory: '/Volumes/Radishes/GBIF_2026_update_scoring_images/4912304551.jpg'
4912308175.jpg,[Errno 2] No such file or directory: '/Volumes/Radishes/GBIF_2026_update_scoring_images/4912308175.jpg'
4912308178.jpg,[Errno 2] No such file or directory: '/Volumes/Radishes/GBIF_2026_update_scoring_images/4912308178.jpg'
4912314643.jpg,[Errno 2] No such file or directory: '/Volumes/Radishes/GBIF_2026_update_scoring_images/4912314643.jpg'
4929352379.jpg,[Errno 2] No such file or directory: '/Volumes/Radishes/GBIF_2026_update_scoring_images/4929352379.jpg'
4929352608.jpg,[Errno 2] No such file or directory: '/Volumes/Radishes/GBIF_2026_update_scoring_images/4929352608.jpg'
4929697638.jpg,[Errno 2] No such file or directory: '/Volumes/Radishes/GBIF_2026_update_scoring_images/4929697638.jpg'
4976699544.jpg,[Errno 2] No such file or directory: '/Volumes/Radishes/GBIF_2026_update_scoring_images/4976699544.jpg'
5067911285.jpg,[Errno 2] No such file or directory: '/Volumes/Radishes/GBIF_2026_update_scoring_images/5067911285.jpg'
5067912299.jpg,[Errno 2] No such file or directory: '/Volumes/Radishes/GBIF_2026_update_scoring_images/5067912299.jpg'
5067912783.jpg,[Errno 2] No such file or directory: '/Volumes/Radishes/GBIF_2026_update_scoring_images/5067912783.jpg'
5067915325.jpg,[Errno 2] No such file or directory: '/Volumes/Radishes/GBIF_2026_update_scoring_images/5067915325.jpg'
5067923809.jpg,[Errno 2] No such file or directory: '/Volumes/Radishes/GBIF_2026_update_scoring_images/5067923809.jpg'
5067923811.jpg,[Errno 2] No such file or directory: '/Volumes/Radishes/GBIF_2026_update_scoring_images/5067923811.jpg'
5067923812.jpg,[Errno 2] No such file or directory: '/Volumes/Radishes/GBIF_2026_update_scoring_images/5067923812.jpg'
5067923813.jpg,[Errno 2] No such file or directory: '/Volumes/Radishes/GBIF_2026_update_scoring_images/5067923813.jpg'
5067923814.jpg,[Errno 2] No such file or directory: '/Volumes/Radishes/GBIF_2026_update_scoring_images/5067923814.jpg'
5067923815.jpg,[Errno 2] No such file or directory: '/Volumes/Radishes/GBIF_2026_update_scoring_images/5067923815.jpg'
5067923816.jpg,[Errno 2] No such file or directory: '/Volumes/Radishes/GBIF_2026_update_scoring_images/5067923816.jpg'
5067924348.jpg,[Errno 2] No such file or directory: '/Volumes/Radishes/GBIF_2026_update_scoring_images/5067924348.jpg'
5067924810.jpg,[Errno 2] No such file or directory: '/Volumes/Radishes/GBIF_2026_update_scoring_images/5067924810.jpg'
5067924811.jpg,[Errno 2] No such file or directory: '/Volumes/Radishes/GBIF_2026_update_scoring_images/5067924811.jpg'
5067924812.jpg,[Errno 2] No such file or directory: '/Volumes/Radishes/GBIF_2026_update_scoring_images/5067924812.jpg'
5067924813.jpg,[Errno 2] No such file or directory: '/Volumes/Radishes/GBIF_2026_update_scoring_images/5067924813.jpg'
5067924814.jpg,[Errno 2] No such file or directory: '/Volumes/Radishes/GBIF_2026_update_scoring_images/5067924814.jpg'
5067924815.jpg,[Errno 2] No such file or directory: '/Volumes/Radishes/GBIF_2026_update_scoring_images/5067924815.jpg'
5067924816.jpg,[Errno 2] No such file or directory: '/Volumes/Radishes/GBIF_2026_update_scoring_images/5067924816.jpg'
5067925809.jpg,[Errno 2] No such file or directory: '/Volumes/Radishes/GBIF_2026_update_scoring_images/5067925809.jpg'
5067925810.jpg,[Errno 2] No such file or directory: '/Volumes/Radishes/GBIF_2026_update_scoring_images/5067925810.jpg'
5067925812.jpg,[Errno 2] No such file or directory: '/Volumes/Radishes/GBIF_2026_update_scoring_images/5067925812.jpg'
5067925813.jpg,[Errno 2] No such file or directory: '/Volumes/Radishes/GBIF_2026_update_scoring_images/5067925813.jpg'
5067925814.jpg,[Errno 2] No such file or directory: '/Volumes/Radishes/GBIF_2026_update_scoring_images/5067925814.jpg'
5067925815.jpg,[Errno 2] No such file or directory: '/Volumes/Radishes/GBIF_2026_update_scoring_images/5067925815.jpg'
5067925816.jpg,[Errno 2] No such file or directory: '/Volumes/Radishes/GBIF_2026_update_scoring_images/5067925816.jpg'
5067925817.jpg,[Errno 2] No such file or directory: '/Volumes/Radishes/GBIF_2026_update_scoring_images/5067925817.jpg'
5067925818.jpg,[Errno 2] No such file or directory: '/Volumes/Radishes/GBIF_2026_update_scoring_images/5067925818.jpg'
5067926809.jpg,[Errno 2] No such file or directory: '/Volumes/Radishes/GBIF_2026_update_scoring_images/5067926809.jpg'
5067926811.jpg,[Errno 2] No such file or directory: '/Volumes/Radishes/GBIF_2026_update_scoring_images/5067926811.jpg'
5067926812.jpg,[Errno 2] No such file or directory: '/Volumes/Radishes/GBIF_2026_update_scoring_images/5067926812.jpg'
5067926813.jpg,[Errno 2] No such file or directory: '/Volumes/Radishes/GBIF_2026_update_scoring_images/5067926813.jpg'
5067926816.jpg,[Errno 2] No such file or directory: '/Volumes/Radishes/GBIF_2026_update_scoring_images/5067926816.jpg'
5067927808.jpg,[Errno 2] No such file or directory: '/Volumes/Radishes/GBIF_2026_update_scoring_images/5067927808.jpg'
5067927809.jpg,[Errno 2] No such file or directory: '/Volumes/Radishes/GBIF_2026_update_scoring_images/5067927809.jpg'
5067927811.jpg,[Errno 2] No such file or directory: '/Volumes/Radishes/GBIF_2026_update_scoring_images/5067927811.jpg'
5067927812.jpg,[Errno 2] No such file or directory: '/Volumes/Radishes/GBIF_2026_update_scoring_images/5067927812.jpg'
5067927813.jpg,[Errno 2] No such file or directory: '/Volumes/Radishes/GBIF_2026_update_scoring_images/5067927813.jpg'
5067927814.jpg,[Errno 2] No such file or directory: '/Volumes/Radishes/GBIF_2026_update_scoring_images/5067927814.jpg'
5067927815.jpg,[Errno 2] No such file or directory: '/Volumes/Radishes/GBIF_2026_update_scoring_images/5067927815.jpg'
5067938421.jpg,[Errno 2] No such file or directory: '/Volumes/Radishes/GBIF_2026_update_scoring_images/5067938421.jpg'
5067939421.jpg,[Errno 2] No such file or directory: '/Volumes/Radishes/GBIF_2026_update_scoring_images/5067939421.jpg'
5067940421.jpg,[Errno 2] No such file or directory: '/Volumes/Radishes/GBIF_2026_update_scoring_images/5067940421.jpg'
5067996454.jpg,[Errno 2] No such file or directory: '/Volumes/Radishes/GBIF_2026_update_scoring_images/5067996454.jpg'
5068027696.jpg,[Errno 2] No such file or directory: '/Volumes/Radishes/GBIF_2026_update_scoring_images/5068027696.jpg'
5068461202.jpg,[Errno 2] No such file or directory: '/Volumes/Radishes/GBIF_2026_update_scoring_images/5068461202.jpg'
5070543285.jpg,[Errno 2] No such file or directory: '/Volumes/Radishes/GBIF_2026_update_scoring_images/5070543285.jpg'
5070543287.jpg,[Errno 2] No such file or directory: '/Volumes/Radishes/GBIF_2026_update_scoring_images/5070543287.jpg'
5070543294.jpg,[Errno 2] No such file or directory: '/Volumes/Radishes/GBIF_2026_update_scoring_images/5070543294.jpg'
5070543295.jpg,[Errno 2] No such file or directory: '/Volumes/Radishes/GBIF_2026_update_scoring_images/5070543295.jpg'
5070543296.jpg,[Errno 2] No such file or directory: '/Volumes/Radishes/GBIF_2026_update_scoring_images/5070543296.jpg'
5070543297.jpg,[Errno 2] No such file or directory: '/Volumes/Radishes/GBIF_2026_update_scoring_images/5070543297.jpg'
5070543303.jpg,[Errno 2] No such file or directory: '/Volumes/Radishes/GBIF_2026_update_scoring_images/5070543303.jpg'
5070543304.jpg,[Errno 2] No such file or directory: '/Volumes/Radishes/GBIF_2026_update_scoring_images/5070543304.jpg'
5070567592.jpg,[Errno 2] No such file or directory: '/Volumes/Radishes/GBIF_2026_update_scoring_images/5070567592.jpg'
5070653848.jpg,[Errno 2] No such file or directory: '/Volumes/Radishes/GBIF_2026_update_scoring_images/5070653848.jpg'
5070654919.jpg,[Errno 2] No such file or directory: '/Volumes/Radishes/GBIF_2026_update_scoring_images/5070654919.jpg'
5070654920.jpg,[Errno 2] No such file or directory: '/Volumes/Radishes/GBIF_2026_update_scoring_images/5070654920.jpg'
5070836818.jpg,[Errno 2] No such file or directory: '/Volumes/Radishes/GBIF_2026_update_scoring_images/5070836818.jpg'
5070836819.jpg,[Errno 2] No such file or directory: '/Volumes/Radishes/GBIF_2026_update_scoring_images/5070836819.jpg'
5070845109.jpg,[Errno 2] No such file or directory: '/Volumes/Radishes/GBIF_2026_update_scoring_images/5070845109.jpg'
5070849634.jpg,[Errno 2] No such file or directory: '/Volumes/Radishes/GBIF_2026_update_scoring_images/5070849634.jpg'
5070880494.jpg,[Errno 2] No such file or directory: '/Volumes/Radishes/GBIF_2026_update_scoring_images/5070880494.jpg'
5070880495.jpg,[Errno 2] No such file or directory: '/Volumes/Radishes/GBIF_2026_update_scoring_images/5070880495.jpg'
5070880496.jpg,[Errno 2] No such file or directory: '/Volumes/Radishes/GBIF_2026_update_scoring_images/5070880496.jpg'
5070880613.jpg,[Errno 2] No such file or directory: '/Volumes/Radishes/GBIF_2026_update_scoring_images/5070880613.jpg'
5070880618.jpg,[Errno 2] No such file or directory: '/Volumes/Radishes/GBIF_2026_update_scoring_images/5070880618.jpg'
5070880620.jpg,[Errno 2] No such file or directory: '/Volumes/Radishes/GBIF_2026_update_scoring_images/5070880620.jpg'
5070880623.jpg,[Errno 2] No such file or directory: '/Volumes/Radishes/GBIF_2026_update_scoring_images/5070880623.jpg'
5072863701.jpg,[Errno 2] No such file or directory: '/Volumes/Radishes/GBIF_2026_update_scoring_images/5072863701.jpg'
5072892614.jpg,[Errno 2] No such file or directory: '/Volumes/Radishes/GBIF_2026_update_scoring_images/5072892614.jpg'
5074461204.jpg,[Errno 2] No such file or directory: '/Volumes/Radishes/GBIF_2026_update_scoring_images/5074461204.jpg'
5074461238.jpg,[Errno 2] No such file or directory: '/Volumes/Radishes/GBIF_2026_update_scoring_images/5074461238.jpg'
5074461240.jpg,[Errno 2] No such file or directory: '/Volumes/Radishes/GBIF_2026_update_scoring_images/5074461240.jpg'
5074461246.jpg,[Errno 2] No such file or directory: '/Volumes/Radishes/GBIF_2026_update_scoring_images/5074461246.jpg'
5074461249.jpg,[Errno 2] No such file or directory: '/Volumes/Radishes/GBIF_2026_update_scoring_images/5074461249.jpg'
5074461250.jpg,[Errno 2] No such file or directory: '/Volumes/Radishes/GBIF_2026_update_scoring_images/5074461250.jpg'
5081485325.jpg,[Errno 2] No such file or directory: '/Volumes/Radishes/GBIF_2026_update_scoring_images/5081485325.jpg'
5081485329.jpg,[Errno 2] No such file or directory: '/Volumes/Radishes/GBIF_2026_update_scoring_images/5081485329.jpg'
5081485331.jpg,[Errno 2] No such file or directory: '/Volumes/Radishes/GBIF_2026_update_scoring_images/5081485331.jpg'
5083369513.jpg,[Errno 2] No such file or directory: '/Volumes/Radishes/GBIF_2026_update_scoring_images/5083369513.jpg'
5101172796.jpg,[Errno 2] No such file or directory: '/Volumes/Radishes/GBIF_2026_update_scoring_images/5101172796.jpg'
5103533218.jpg,[Errno 2] No such file or directory: '/Volumes/Radishes/GBIF_2026_update_scoring_images/5103533218.jpg'
5103560421.jpg,[Errno 2] No such file or directory: '/Volumes/Radishes/GBIF_2026_update_scoring_images/5103560421.jpg'
5103560761.jpg,[Errno 2] No such file or directory: '/Volumes/Radishes/GBIF_2026_update_scoring_images/5103560761.jpg'
5103569111.jpg,[Errno 2] No such file or directory: '/Volumes/Radishes/GBIF_2026_update_scoring_images/5103569111.jpg'
5103580744.jpg,[Errno 2] No such file or directory: '/Volumes/Radishes/GBIF_2026_update_scoring_images/5103580744.jpg'
5103602230.jpg,[Errno 2] No such file or directory: '/Volumes/Radishes/GBIF_2026_update_scoring_images/5103602230.jpg'
5103607367.jpg,[Errno 2] No such file or directory: '/Volumes/Radishes/GBIF_2026_update_scoring_images/5103607367.jpg'
5103607954.jpg,[Errno 2] No such file or directory: '/Volumes/Radishes/GBIF_2026_update_scoring_images/5103607954.jpg'
5103612993.jpg,[Errno 2] No such file or directory: '/Volumes/Radishes/GBIF_2026_update_scoring_images/5103612993.jpg'
5103622291.jpg,[Errno 2] No such file or directory: '/Volumes/Radishes/GBIF_2026_update_scoring_images/5103622291.jpg'
5103824047.jpg,[Errno 2] No such file or directory: '/Volumes/Radishes/GBIF_2026_update_scoring_images/5103824047.jpg'
5103831812.jpg,[Errno 2] No such file or directory: '/Volumes/Radishes/GBIF_2026_update_scoring_images/5103831812.jpg'
5103833276.jpg,[Errno 2] No such file or directory: '/Volumes/Radishes/GBIF_2026_update_scoring_images/5103833276.jpg'
5103834828.jpg,[Errno 2] No such file or directory: '/Volumes/Radishes/GBIF_2026_update_scoring_images/5103834828.jpg'
5103839793.jpg,[Errno 2] No such file or directory: '/Volumes/Radishes/GBIF_2026_update_scoring_images/5103839793.jpg'
5103853160.jpg,[Errno 2] No such file or directory: '/Volumes/Radishes/GBIF_2026_update_scoring_images/5103853160.jpg'
5103856826.jpg,[Errno 2] No such file or directory: '/Volumes/Radishes/GBIF_2026_update_scoring_images/5103856826.jpg'
5103856859.jpg,[Errno 2] No such file or directory: '/Volumes/Radishes/GBIF_2026_update_scoring_images/5103856859.jpg'
5103865261.jpg,[Errno 2] No such file or directory: '/Volumes/Radishes/GBIF_2026_update_scoring_images/5103865261.jpg'
5103867451.jpg,[Errno 2] No such file or directory: '/Volumes/Radishes/GBIF_2026_update_scoring_images/5103867451.jpg'
5103867492.jpg,[Errno 2] No such file or directory: '/Volumes/Radishes/GBIF_2026_update_scoring_images/5103867492.jpg'
5103867563.jpg,[Errno 2] No such file or directory: '/Volumes/Radishes/GBIF_2026_update_scoring_images/5103867563.jpg'
5103867657.jpg,[Errno 2] No such file or directory: '/Volumes/Radishes/GBIF_2026_update_scoring_images/5103867657.jpg'
5103868187.jpg,[Errno 2] No such file or directory: '/Volumes/Radishes/GBIF_2026_update_scoring_images/5103868187.jpg'
5103868189.jpg,[Errno 2] No such file or directory: '/Volumes/Radishes/GBIF_2026_update_scoring_images/5103868189.jpg'
5103868289.jpg,[Errno 2] No such file or directory: '/Volumes/Radishes/GBIF_2026_update_scoring_images/5103868289.jpg'
5103880296.jpg,[Errno 2] No such file or directory: '/Volumes/Radishes/GBIF_2026_update_scoring_images/5103880296.jpg'
5103880382.jpg,[Errno 2] No such file or directory: '/Volumes/Radishes/GBIF_2026_update_scoring_images/5103880382.jpg'
5103880435.jpg,[Errno 2] No such file or directory: '/Volumes/Radishes/GBIF_2026_update_scoring_images/5103880435.jpg'
5103889408.jpg,[Errno 2] No such file or directory: '/Volumes/Radishes/GBIF_2026_update_scoring_images/5103889408.jpg'
5103889427.jpg,[Errno 2] No such file or directory: '/Volumes/Radishes/GBIF_2026_update_scoring_images/5103889427.jpg'
5103889439.jpg,[Errno 2] No such file or directory: '/Volumes/Radishes/GBIF_2026_update_scoring_images/5103889439.jpg'
5103889465.jpg,[Errno 2] No such file or directory: '/Volumes/Radishes/GBIF_2026_update_scoring_images/5103889465.jpg'
5103889470.jpg,[Errno 2] No such file or directory: '/Volumes/Radishes/GBIF_2026_update_scoring_images/5103889470.jpg'
5103889546.jpg,[Errno 2] No such file or directory: '/Volumes/Radishes/GBIF_2026_update_scoring_images/5103889546.jpg'
5103889547.jpg,[Errno 2] No such file or directory: '/Volumes/Radishes/GBIF_2026_update_scoring_images/5103889547.jpg'
5103889593.jpg,[Errno 2] No such file or directory: '/Volumes/Radishes/GBIF_2026_update_scoring_images/5103889593.jpg'
5103890830.jpg,[Errno 2] No such file or directory: '/Volumes/Radishes/GBIF_2026_update_scoring_images/5103890830.jpg'
5103891090.jpg,[Errno 2] No such file or directory: '/Volumes/Radishes/GBIF_2026_update_scoring_images/5103891090.jpg'
5103891100.jpg,[Errno 2] No such file or directory: '/Volumes/Radishes/GBIF_2026_update_scoring_images/5103891100.jpg'
5103891117.jpg,[Errno 2] No such file or directory: '/Volumes/Radishes/GBIF_2026_update_scoring_images/5103891117.jpg'
5103891139.jpg,[Errno 2] No such file or directory: '/Volumes/Radishes/GBIF_2026_update_scoring_images/5103891139.jpg'
5103891216.jpg,[Errno 2] No such file or directory: '/Volumes/Radishes/GBIF_2026_update_scoring_images/5103891216.jpg'
5103891681.jpg,[Errno 2] No such file or directory: '/Volumes/Radishes/GBIF_2026_update_scoring_images/5103891681.jpg'
5103891693.jpg,[Errno 2] No such file or directory: '/Volumes/Radishes/GBIF_2026_update_scoring_images/5103891693.jpg'
5103891696.jpg,[Errno 2] No such file or directory: '/Volumes/Radishes/GBIF_2026_update_scoring_images/5103891696.jpg'
5103891758.jpg,[Errno 2] No such file or directory: '/Volumes/Radishes/GBIF_2026_update_scoring_images/5103891758.jpg'
5103891759.jpg,[Errno 2] No such file or directory: '/Volumes/Radishes/GBIF_2026_update_scoring_images/5103891759.jpg'
5103891837.jpg,[Errno 2] No such file or directory: '/Volumes/Radishes/GBIF_2026_update_scoring_images/5103891837.jpg'
5103895387.jpg,[Errno 2] No such file or directory: '/Volumes/Radishes/GBIF_2026_update_scoring_images/5103895387.jpg'
5103904642.jpg,[Errno 2] No such file or directory: '/Volumes/Radishes/GBIF_2026_update_scoring_images/5103904642.jpg'
5106241854.jpg,[Errno 2] No such file or directory: '/Volumes/Radishes/GBIF_2026_update_scoring_images/5106241854.jpg'
5106243448.jpg,[Errno 2] No such file or directory: '/Volumes/Radishes/GBIF_2026_update_scoring_images/5106243448.jpg'
5106244009.jpg,[Errno 2] No such file or directory: '/Volumes/Radishes/GBIF_2026_update_scoring_images/5106244009.jpg'
5106264754.jpg,[Errno 2] No such file or directory: '/Volumes/Radishes/GBIF_2026_update_scoring_images/5106264754.jpg'
5106271621.jpg,[Errno 2] No such file or directory: '/Volumes/Radishes/GBIF_2026_update_scoring_images/5106271621.jpg'
5106272300.jpg,[Errno 2] No such file or directory: '/Volumes/Radishes/GBIF_2026_update_scoring_images/5106272300.jpg'
5106274975.jpg,[Errno 2] No such file or directory: '/Volumes/Radishes/GBIF_2026_update_scoring_images/5106274975.jpg'
5106274984.jpg,[Errno 2] No such file or directory: '/Volumes/Radishes/GBIF_2026_update_scoring_images/5106274984.jpg'
5106276862.jpg,[Errno 2] No such file or directory: '/Volumes/Radishes/GBIF_2026_update_scoring_images/5106276862.jpg'
5106279022.jpg,[Errno 2] No such file or directory: '/Volumes/Radishes/GBIF_2026_update_scoring_images/5106279022.jpg'
5106284962.jpg,[Errno 2] No such file or directory: '/Volumes/Radishes/GBIF_2026_update_scoring_images/5106284962.jpg'
5138119250.jpg,[Errno 2] No such file or directory: '/Volumes/Radishes/GBIF_2026_update_scoring_images/5138119250.jpg'
5139303511.jpg,[Errno 2] No such file or directory: '/Volumes/Radishes/GBIF_2026_update_scoring_images/5139303511.jpg'
5139350332.jpg,[Errno 2] No such file or directory: '/Volumes/Radishes/GBIF_2026_update_scoring_images/5139350332.jpg'
5159117472.jpg,[Errno 2] No such file or directory: '/Volumes/Radishes/GBIF_2026_update_scoring_images/5159117472.jpg'
5159149277.jpg,[Errno 2] No such file or directory: '/Volumes/Radishes/GBIF_2026_update_scoring_images/5159149277.jpg'
5159149284.jpg,[Errno 2] No such file or directory: '/Volumes/Radishes/GBIF_2026_update_scoring_images/5159149284.jpg'
5170655139.jpg,[Errno 2] No such file or directory: '/Volumes/Radishes/GBIF_2026_update_scoring_images/5170655139.jpg'
5171830342.jpg,[Errno 2] No such file or directory: '/Volumes/Radishes/GBIF_2026_update_scoring_images/5171830342.jpg'
5207750301.jpg,[Errno 2] No such file or directory: '/Volumes/Radishes/GBIF_2026_update_scoring_images/5207750301.jpg'
5208943620.jpg,[Errno 2] No such file or directory: '/Volumes/Radishes/GBIF_2026_update_scoring_images/5208943620.jpg'
5294112234.jpg,[Errno 2] No such file or directory: '/Volumes/Radishes/GBIF_2026_update_scoring_images/5294112234.jpg'
5833124723.jpg,[Errno 2] No such file or directory: '/Volumes/Radishes/GBIF_2026_update_scoring_images/5833124723.jpg'
5836321492.jpg,[Errno 2] No such file or directory: '/Volumes/Radishes/GBIF_2026_update_scoring_images/5836321492.jpg'
5836322208.jpg,[Errno 2] No such file or directory: '/Volumes/Radishes/GBIF_2026_update_scoring_images/5836322208.jpg'
5886605349.jpg,[Errno 2] No such file or directory: '/Volumes/Radishes/GBIF_2026_update_scoring_images/5886605349.jpg'
5886721746.jpg,[Errno 2] No such file or directory: '/Volumes/Radishes/GBIF_2026_update_scoring_images/5886721746.jpg'
5889171835.jpg,[Errno 2] No such file or directory: '/Volumes/Radishes/GBIF_2026_update_scoring_images/5889171835.jpg'
5900701147.jpg,[Errno 2] No such file or directory: '/Volumes/Radishes/GBIF_2026_update_scoring_images/5900701147.jpg'
5937677303.jpg,[Errno 2] No such file or directory: '/Volumes/Radishes/GBIF_2026_update_scoring_images/5937677303.jpg'
5937711436.jpg,[Errno 2] No such file or directory: '/Volumes/Radishes/GBIF_2026_update_scoring_images/5937711436.jpg'
6161349323.jpg,[Errno 2] No such file or directory: '/Volumes/Radishes/GBIF_2026_update_scoring_images/6161349323.jpg'
6177037252.jpg,[Errno 2] No such file or directory: '/Volumes/Radishes/GBIF_2026_update_scoring_images/6177037252.jpg'
6177039105.jpg,[Errno 2] No such file or directory: '/Volumes/Radishes/GBIF_2026_update_scoring_images/6177039105.jpg'
6177039243.jpg,[Errno 2] No such file or directory: '/Volumes/Radishes/GBIF_2026_update_scoring_images/6177039243.jpg'
6177040805.jpg,[Errno 2] No such file or directory: '/Volumes/Radishes/GBIF_2026_update_scoring_images/6177040805.jpg'
6177063767.jpg,[Errno 2] No such file or directory: '/Volumes/Radishes/GBIF_2026_update_scoring_images/6177063767.jpg'
6177067083.jpg,[Errno 2] No such file or directory: '/Volumes/Radishes/GBIF_2026_update_scoring_images/6177067083.jpg'
6177069208.jpg,[Errno 2] No such file or directory: '/Volumes/Radishes/GBIF_2026_update_scoring_images/6177069208.jpg'
6177074785.jpg,[Errno 2] No such file or directory: '/Volumes/Radishes/GBIF_2026_update_scoring_images/6177074785.jpg'
6177086197.jpg,[Errno 2] No such file or directory: '/Volumes/Radishes/GBIF_2026_update_scoring_images/6177086197.jpg'
6177088968.jpg,[Errno 2] No such file or directory: '/Volumes/Radishes/GBIF_2026_update_scoring_images/6177088968.jpg'
6177102193.jpg,[Errno 2] No such file or directory: '/Volumes/Radishes/GBIF_2026_update_scoring_images/6177102193.jpg'
6177105879.jpg,[Errno 2] No such file or directory: '/Volumes/Radishes/GBIF_2026_update_scoring_images/6177105879.jpg'
6177121608.jpg,[Errno 2] No such file or directory: '/Volumes/Radishes/GBIF_2026_update_scoring_images/6177121608.jpg'
6181423314.jpg,[Errno 2] No such file or directory: '/Volumes/Radishes/GBIF_2026_update_scoring_images/6181423314.jpg'
6181423331.jpg,[Errno 2] No such file or directory: '/Volumes/Radishes/GBIF_2026_update_scoring_images/6181423331.jpg'
6192449012.jpg,[Errno 2] No such file or directory: '/Volumes/Radishes/GBIF_2026_update_scoring_images/6192449012.jpg'
6192449748.jpg,[Errno 2] No such file or directory: '/Volumes/Radishes/GBIF_2026_update_scoring_images/6192449748.jpg'
6192450255.jpg,[Errno 2] No such file or directory: '/Volumes/Radishes/GBIF_2026_update_scoring_images/6192450255.jpg'
6192450258.jpg,[Errno 2] No such file or directory: '/Volumes/Radishes/GBIF_2026_update_scoring_images/6192450258.jpg'
6192450263.jpg,[Errno 2] No such file or directory: '/Volumes/Radishes/GBIF_2026_update_scoring_images/6192450263.jpg'
6192450264.jpg,[Errno 2] No such file or directory: '/Volumes/Radishes/GBIF_2026_update_scoring_images/6192450264.jpg'
6192450265.jpg,[Errno 2] No such file or directory: '/Volumes/Radishes/GBIF_2026_update_scoring_images/6192450265.jpg'
6192450270.jpg,[Errno 2] No such file or directory: '/Volumes/Radishes/GBIF_2026_update_scoring_images/6192450270.jpg'
6194625170.jpg,[Errno 2] No such file or directory: '/Volumes/Radishes/GBIF_2026_update_scoring_images/6194625170.jpg'
6194625382.jpg,[Errno 2] No such file or directory: '/Volumes/Radishes/GBIF_2026_update_scoring_images/6194625382.jpg'
6194630421.jpg,[Errno 2] No such file or directory: '/Volumes/Radishes/GBIF_2026_update_scoring_images/6194630421.jpg'
6194630903.jpg,[Errno 2] No such file or directory: '/Volumes/Radishes/GBIF_2026_update_scoring_images/6194630903.jpg'
6194631564.jpg,[Errno 2] No such file or directory: '/Volumes/Radishes/GBIF_2026_update_scoring_images/6194631564.jpg'
6194631598.jpg,[Errno 2] No such file or directory: '/Volumes/Radishes/GBIF_2026_update_scoring_images/6194631598.jpg'
6194634381.jpg,[Errno 2] No such file or directory: '/Volumes/Radishes/GBIF_2026_update_scoring_images/6194634381.jpg'
6194636177.jpg,[Errno 2] No such file or directory: '/Volumes/Radishes/GBIF_2026_update_scoring_images/6194636177.jpg'
6194637605.jpg,[Errno 2] No such file or directory: '/Volumes/Radishes/GBIF_2026_update_scoring_images/6194637605.jpg'
6194638214.jpg,[Errno 2] No such file or directory: '/Volumes/Radishes/GBIF_2026_update_scoring_images/6194638214.jpg'
6194641572.jpg,[Errno 2] No such file or directory: '/Volumes/Radishes/GBIF_2026_update_scoring_images/6194641572.jpg'
6194645793.jpg,[Errno 2] No such file or directory: '/Volumes/Radishes/GBIF_2026_update_scoring_images/6194645793.jpg'
6194647136.jpg,[Errno 2] No such file or directory: '/Volumes/Radishes/GBIF_2026_update_scoring_images/6194647136.jpg'
6194647262.jpg,[Errno 2] No such file or directory: '/Volumes/Radishes/GBIF_2026_update_scoring_images/6194647262.jpg'
6194649312.jpg,[Errno 2] No such file or directory: '/Volumes/Radishes/GBIF_2026_update_scoring_images/6194649312.jpg'
6194650193.jpg,[Errno 2] No such file or directory: '/Volumes/Radishes/GBIF_2026_update_scoring_images/6194650193.jpg'
6194654400.jpg,[Errno 2] No such file or directory: '/Volumes/Radishes/GBIF_2026_update_scoring_images/6194654400.jpg'
6194654644.jpg,[Errno 2] No such file or directory: '/Volumes/Radishes/GBIF_2026_update_scoring_images/6194654644.jpg'
6194654721.jpg,[Errno 2] No such file or directory: '/Volumes/Radishes/GBIF_2026_update_scoring_images/6194654721.jpg'
6194655696.jpg,[Errno 2] No such file or directory: '/Volumes/Radishes/GBIF_2026_update_scoring_images/6194655696.jpg'
6194659018.jpg,[Errno 2] No such file or directory: '/Volumes/Radishes/GBIF_2026_update_scoring_images/6194659018.jpg'
6194659483.jpg,[Errno 2] No such file or directory: '/Volumes/Radishes/GBIF_2026_update_scoring_images/6194659483.jpg'
6194659707.jpg,[Errno 2] No such file or directory: '/Volumes/Radishes/GBIF_2026_update_scoring_images/6194659707.jpg'
6194660520.jpg,[Errno 2] No such file or directory: '/Volumes/Radishes/GBIF_2026_update_scoring_images/6194660520.jpg'
6194660632.jpg,[Errno 2] No such file or directory: '/Volumes/Radishes/GBIF_2026_update_scoring_images/6194660632.jpg'
6194663429.jpg,[Errno 2] No such file or directory: '/Volumes/Radishes/GBIF_2026_update_scoring_images/6194663429.jpg'
6194666145.jpg,[Errno 2] No such file or directory: '/Volumes/Radishes/GBIF_2026_update_scoring_images/6194666145.jpg'
6194672205.jpg,[Errno 2] No such file or directory: '/Volumes/Radishes/GBIF_2026_update_scoring_images/6194672205.jpg'
6194673568.jpg,[Errno 2] No such file or directory: '/Volumes/Radishes/GBIF_2026_update_scoring_images/6194673568.jpg'
6249868307.jpg,[Errno 2] No such file or directory: '/Volumes/Radishes/GBIF_2026_update_scoring_images/6249868307.jpg'
6249894436.jpg,[Errno 2] No such file or directory: '/Volumes/Radishes/GBIF_2026_update_scoring_images/6249894436.jpg'
6249907465.jpg,[Errno 2] No such file or directory: '/Volumes/Radishes/GBIF_2026_update_scoring_images/6249907465.jpg'
6249935462.jpg,[Errno 2] No such file or directory: '/Volumes/Radishes/GBIF_2026_update_scoring_images/6249935462.jpg'
6249945408.jpg,[Errno 2] No such file or directory: '/Volumes/Radishes/GBIF_2026_update_scoring_images/6249945408.jpg'
6249958527.jpg,[Errno 2] No such file or directory: '/Volumes/Radishes/GBIF_2026_update_scoring_images/6249958527.jpg'
6249963328.jpg,[Errno 2] No such file or directory: '/Volumes/Radishes/GBIF_2026_update_scoring_images/6249963328.jpg'
6249981412.jpg,[Errno 2] No such file or directory: '/Volumes/Radishes/GBIF_2026_update_scoring_images/6249981412.jpg'
6250020380.jpg,[Errno 2] No such file or directory: '/Volumes/Radishes/GBIF_2026_update_scoring_images/6250020380.jpg'
6250030468.jpg,[Errno 2] No such file or directory: '/Volumes/Radishes/GBIF_2026_update_scoring_images/6250030468.jpg'
6250034476.jpg,[Errno 2] No such file or directory: '/Volumes/Radishes/GBIF_2026_update_scoring_images/6250034476.jpg'
6250045382.jpg,[Errno 2] No such file or directory: '/Volumes/Radishes/GBIF_2026_update_scoring_images/6250045382.jpg'
6250063479.jpg,[Errno 2] No such file or directory: '/Volumes/Radishes/GBIF_2026_update_scoring_images/6250063479.jpg'
6250076393.jpg,[Errno 2] No such file or directory: '/Volumes/Radishes/GBIF_2026_update_scoring_images/6250076393.jpg'
6250112326.jpg,[Errno 2] No such file or directory: '/Volumes/Radishes/GBIF_2026_update_scoring_images/6250112326.jpg'
6250119318.jpg,[Errno 2] No such file or directory: '/Volumes/Radishes/GBIF_2026_update_scoring_images/6250119318.jpg'
6391592544.jpg,[Errno 2] No such file or directory: '/Volumes/Radishes/GBIF_2026_update_scoring_images/6391592544.jpg'
6391612508.jpg,[Errno 2] No such file or directory: '/Volumes/Radishes/GBIF_2026_update_scoring_images/6391612508.jpg'
6391619013.jpg,[Errno 2] No such file or directory: '/Volumes/Radishes/GBIF_2026_update_scoring_images/6391619013.jpg'
894984579.jpg,[Errno 2] No such file or directory: '/Volumes/Radishes/GBIF_2026_update_scoring_images/894984579.jpg'
894984604.jpg,[Errno 2] No such file or directory: '/Volumes/Radishes/GBIF_2026_update_scoring_images/894984604.jpg'
894984655.jpg,[Errno 2] No such file or directory: '/Volumes/Radishes/GBIF_2026_update_scoring_images/894984655.jpg'
SML_5198161855.jpg,[Errno 2] No such file or directory: '/Volumes/Radishes/GBIF_2026_update_scoring_images/SML_5198161855.jpg'
SML_5198172854.jpg,[Errno 2] No such file or directory: '/Volumes/Radishes/GBIF_2026_update_scoring_images/SML_5198172854.jpg'
SML_5198174851.jpg,[Errno 2] No such file or directory: '/Volumes/Radishes/GBIF_2026_update_scoring_images/SML_5198174851.jpg'
SML_5198174852.jpg,[Errno 2] No such file or directory: '/Volumes/Radishes/GBIF_2026_update_scoring_images/SML_5198174852.jpg'
SML_5198176853.jpg,[Errno 2] No such file or directory: '/Volumes/Radishes/GBIF_2026_update_scoring_images/SML_5198176853.jpg'
SML_5198185854.jpg,[Errno 2] No such file or directory: '/Volumes/Radishes/GBIF_2026_update_scoring_images/SML_5198185854.jpg'
SML_5198193840.jpg,[Errno 2] No such file or directory: '/Volumes/Radishes/GBIF_2026_update_scoring_images/SML_5198193840.jpg'
SML_5198193841.jpg,[Errno 2] No such file or directory: '/Volumes/Radishes/GBIF_2026_update_scoring_images/SML_5198193841.jpg'
SML_5198194850.jpg,[Errno 2] No such file or directory: '/Volumes/Radishes/GBIF_2026_update_scoring_images/SML_5198194850.jpg'
SML_5198194851.jpg,[Errno 2] No such file or directory: '/Volumes/Radishes/GBIF_2026_update_scoring_images/SML_5198194851.jpg'
SML_5198215850.jpg,[Errno 2] No such file or directory: '/Volumes/Radishes/GBIF_2026_update_scoring_images/SML_5198215850.jpg'
SML_5198218870.jpg,[Errno 2] No such file or directory: '/Volumes/Radishes/GBIF_2026_update_scoring_images/SML_5198218870.jpg'
SML_5198222848.jpg,[Errno 2] No such file or directory: '/Volumes/Radishes/GBIF_2026_update_scoring_images/SML_5198222848.jpg'
SML_5198224849.jpg,[Errno 2] No such file or directory: '/Volumes/Radishes/GBIF_2026_update_scoring_images/SML_5198224849.jpg'
3125179399.jpg,[Errno 2] No such file or directory: '/Volumes/Radishes/GBIF_2026_update_scoring_images/3125179399.json'
3125147786.jpg,[Errno 2] No such file or directory: '/Volumes/Radishes/GBIF_2026_update_scoring_images/3125147786.json'
3125058382.jpg,[Errno 2] No such file or directory: '/Volumes/Radishes/GBIF_2026_update_scoring_images/3125058382.json'
3125179402.jpg,[Errno 2] No such file or directory: '/Volumes/Radishes/GBIF_2026_update_scoring_images/3125179402.json'
