gbifID,image_source,original_filename,scoring_filename,from_path,to_path,copied,copy_note
2430030728,cch2_original,1000363.jpg,2430030728.jpg,/Volumes/Radishes/OG_CCH2_phenology_scored_specimen_images/1000363.jpg,/Volumes/Radishes/GBIF_2026_update_scoring_images/2430030728.jpg,TRUE,copied
2430033363,cch2_original,1002700.jpg,2430033363.jpg,/Volumes/Radishes/OG_CCH2_phenology_scored_specimen_images/1002700.jpg,/Volumes/Radishes/GBIF_2026_update_scoring_images/2430033363.jpg,TRUE,copied
2430058475,cch2_original,1031022.jpg,2430058475.jpg,/Volumes/Radishes/OG_CCH2_phenology_scored_specimen_images/1031022.jpg,/Volumes/Radishes/GBIF_2026_update_scoring_images/2430058475.jpg,TRUE,copied
2430062063,cch2_original,1032722.jpg,2430062063.jpg,/Volumes/Radishes/OG_CCH2_phenology_scored_specimen_images/1032722.jpg,/Volumes/Radishes/GBIF_2026_update_scoring_images/2430062063.jpg,TRUE,copied
3053451100,cch2_original,108810.jpg,3053451100.jpg,/Volumes/Radishes/OG_CCH2_phenology_scored_specimen_images/108810.jpg,/Volumes/Radishes/GBIF_2026_update_scoring_images/3053451100.jpg,TRUE,copied
2430117629,cch2_original,1088339.jpg,2430117629.jpg,/Volumes/Radishes/OG_CCH2_phenology_scored_specimen_images/1088339.jpg,/Volumes/Radishes/GBIF_2026_update_scoring_images/2430117629.jpg,TRUE,copied
2430118610,cch2_original,1089689.jpg,2430118610.jpg,/Volumes/Radishes/OG_CCH2_phenology_scored_specimen_images/1089689.jpg,/Volumes/Radishes/GBIF_2026_update_scoring_images/2430118610.jpg,TRUE,copied
2430125677,cch2_original,1097620.jpg,2430125677.jpg,/Volumes/Radishes/OG_CCH2_phenology_scored_specimen_images/1097620.jpg,/Volumes/Radishes/GBIF_2026_update_scoring_images/2430125677.jpg,TRUE,copied
3406848787,cch2_original,1176.jpg,3406848787.jpg,/Volumes/Radishes/OG_CCH2_phenology_scored_specimen_images/1176.jpg,/Volumes/Radishes/GBIF_2026_update_scoring_images/3406848787.jpg,TRUE,copied
2430257328,cch2_original,1191094.jpg,2430257328.jpg,/Volumes/Radishes/OG_CCH2_phenology_scored_specimen_images/1191094.jpg,/Volumes/Radishes/GBIF_2026_update_scoring_images/2430257328.jpg,TRUE,copied
2430274558,cch2_original,1202028.jpg,2430274558.jpg,/Volumes/Radishes/OG_CCH2_phenology_scored_specimen_images/1202028.jpg,/Volumes/Radishes/GBIF_2026_update_scoring_images/2430274558.jpg,TRUE,copied
2430284690,cch2_original,1209922.jpg,2430284690.jpg,/Volumes/Radishes/OG_CCH2_phenology_scored_specimen_images/1209922.jpg,/Volumes/Radishes/GBIF_2026_update_scoring_images/2430284690.jpg,TRUE,copied
3079207893,cch2_original,1294389.jpg,3079207893.jpg,/Volumes/Radishes/OG_CCH2_phenology_scored_specimen_images/1294389.jpg,/Volumes/Radishes/GBIF_2026_update_scoring_images/3079207893.jpg,TRUE,copied
3079208113,cch2_original,1294392.jpg,3079208113.jpg,/Volumes/Radishes/OG_CCH2_phenology_scored_specimen_images/1294392.jpg,/Volumes/Radishes/GBIF_2026_update_scoring_images/3079208113.jpg,TRUE,copied
3079208109,cch2_original,1294394.jpg,3079208109.jpg,/Volumes/Radishes/OG_CCH2_phenology_scored_specimen_images/1294394.jpg,/Volumes/Radishes/GBIF_2026_update_scoring_images/3079208109.jpg,TRUE,copied
3079208110,cch2_original,1294395.jpg,3079208110.jpg,/Volumes/Radishes/OG_CCH2_phenology_scored_specimen_images/1294395.jpg,/Volumes/Radishes/GBIF_2026_update_scoring_images/3079208110.jpg,TRUE,copied
2421672312,cch2_original,1299035.jpg,2421672312.jpg,/Volumes/Radishes/OG_CCH2_phenology_scored_specimen_images/1299035.jpg,/Volumes/Radishes/GBIF_2026_update_scoring_images/2421672312.jpg,TRUE,copied
2421673869,cch2_original,1300530.jpg,2421673869.jpg,/Volumes/Radishes/OG_CCH2_phenology_scored_specimen_images/1300530.jpg,/Volumes/Radishes/GBIF_2026_update_scoring_images/2421673869.jpg,TRUE,copied
2421675859,cch2_original,1302899.jpg,2421675859.jpg,/Volumes/Radishes/OG_CCH2_phenology_scored_specimen_images/1302899.jpg,/Volumes/Radishes/GBIF_2026_update_scoring_images/2421675859.jpg,TRUE,copied
2421683838,cch2_original,1310159.jpg,2421683838.jpg,/Volumes/Radishes/OG_CCH2_phenology_scored_specimen_images/1310159.jpg,/Volumes/Radishes/GBIF_2026_update_scoring_images/2421683838.jpg,TRUE,copied
2421694518,cch2_original,1320905.jpg,2421694518.jpg,/Volumes/Radishes/OG_CCH2_phenology_scored_specimen_images/1320905.jpg,/Volumes/Radishes/GBIF_2026_update_scoring_images/2421694518.jpg,TRUE,copied
2421702978,cch2_original,1327836.jpg,2421702978.jpg,/Volumes/Radishes/OG_CCH2_phenology_scored_specimen_images/1327836.jpg,/Volumes/Radishes/GBIF_2026_update_scoring_images/2421702978.jpg,TRUE,copied
2421707000,cch2_original,1333957.jpg,2421707000.jpg,/Volumes/Radishes/OG_CCH2_phenology_scored_specimen_images/1333957.jpg,/Volumes/Radishes/GBIF_2026_update_scoring_images/2421707000.jpg,TRUE,copied
2421709634,cch2_original,1336457.jpg,2421709634.jpg,/Volumes/Radishes/OG_CCH2_phenology_scored_specimen_images/1336457.jpg,/Volumes/Radishes/GBIF_2026_update_scoring_images/2421709634.jpg,TRUE,copied
2421711726,cch2_original,1337204.jpg,2421711726.jpg,/Volumes/Radishes/OG_CCH2_phenology_scored_specimen_images/1337204.jpg,/Volumes/Radishes/GBIF_2026_update_scoring_images/2421711726.jpg,TRUE,copied
2421711235,cch2_original,1339126.jpg,2421711235.jpg,/Volumes/Radishes/OG_CCH2_phenology_scored_specimen_images/1339126.jpg,/Volumes/Radishes/GBIF_2026_update_scoring_images/2421711235.jpg,TRUE,copied
2421740899,cch2_original,1367983.jpg,2421740899.jpg,/Volumes/Radishes/OG_CCH2_phenology_scored_specimen_images/1367983.jpg,/Volumes/Radishes/GBIF_2026_update_scoring_images/2421740899.jpg,TRUE,copied
2421741296,cch2_original,1367984.jpg,2421741296.jpg,/Volumes/Radishes/OG_CCH2_phenology_scored_specimen_images/1367984.jpg,/Volumes/Radishes/GBIF_2026_update_scoring_images/2421741296.jpg,TRUE,copied
2421740681,cch2_original,1367985.jpg,2421740681.jpg,/Volumes/Radishes/OG_CCH2_phenology_scored_specimen_images/1367985.jpg,/Volumes/Radishes/GBIF_2026_update_scoring_images/2421740681.jpg,TRUE,copied
2421741712,cch2_original,1367986.jpg,2421741712.jpg,/Volumes/Radishes/OG_CCH2_phenology_scored_specimen_images/1367986.jpg,/Volumes/Radishes/GBIF_2026_update_scoring_images/2421741712.jpg,TRUE,copied
2421742521,cch2_original,1367988.jpg,2421742521.jpg,/Volumes/Radishes/OG_CCH2_phenology_scored_specimen_images/1367988.jpg,/Volumes/Radishes/GBIF_2026_update_scoring_images/2421742521.jpg,TRUE,copied
2421741387,cch2_original,1367990.jpg,2421741387.jpg,/Volumes/Radishes/OG_CCH2_phenology_scored_specimen_images/1367990.jpg,/Volumes/Radishes/GBIF_2026_update_scoring_images/2421741387.jpg,TRUE,copied
2421742876,cch2_original,1367995.jpg,2421742876.jpg,/Volumes/Radishes/OG_CCH2_phenology_scored_specimen_images/1367995.jpg,/Volumes/Radishes/GBIF_2026_update_scoring_images/2421742876.jpg,TRUE,copied
2421741717,cch2_original,1367996.jpg,2421741717.jpg,/Volumes/Radishes/OG_CCH2_phenology_scored_specimen_images/1367996.jpg,/Volumes/Radishes/GBIF_2026_update_scoring_images/2421741717.jpg,TRUE,copied
2421742436,cch2_original,1367997.jpg,2421742436.jpg,/Volumes/Radishes/OG_CCH2_phenology_scored_specimen_images/1367997.jpg,/Volumes/Radishes/GBIF_2026_update_scoring_images/2421742436.jpg,TRUE,copied
2421741980,cch2_original,1367998.jpg,2421741980.jpg,/Volumes/Radishes/OG_CCH2_phenology_scored_specimen_images/1367998.jpg,/Volumes/Radishes/GBIF_2026_update_scoring_images/2421741980.jpg,TRUE,copied
2421741865,cch2_original,1368000.jpg,2421741865.jpg,/Volumes/Radishes/OG_CCH2_phenology_scored_specimen_images/1368000.jpg,/Volumes/Radishes/GBIF_2026_update_scoring_images/2421741865.jpg,TRUE,copied
2421741043,cch2_original,1368002.jpg,2421741043.jpg,/Volumes/Radishes/OG_CCH2_phenology_scored_specimen_images/1368002.jpg,/Volumes/Radishes/GBIF_2026_update_scoring_images/2421741043.jpg,TRUE,copied
2421743032,cch2_original,1368003.jpg,2421743032.jpg,/Volumes/Radishes/OG_CCH2_phenology_scored_specimen_images/1368003.jpg,/Volumes/Radishes/GBIF_2026_update_scoring_images/2421743032.jpg,TRUE,copied
2421742162,cch2_original,1368004.jpg,2421742162.jpg,/Volumes/Radishes/OG_CCH2_phenology_scored_specimen_images/1368004.jpg,/Volumes/Radishes/GBIF_2026_update_scoring_images/2421742162.jpg,TRUE,copied
2421741351,cch2_original,1368005.jpg,2421741351.jpg,/Volumes/Radishes/OG_CCH2_phenology_scored_specimen_images/1368005.jpg,/Volumes/Radishes/GBIF_2026_update_scoring_images/2421741351.jpg,TRUE,copied
2421740900,cch2_original,1368029.jpg,2421740900.jpg,/Volumes/Radishes/OG_CCH2_phenology_scored_specimen_images/1368029.jpg,/Volumes/Radishes/GBIF_2026_update_scoring_images/2421740900.jpg,TRUE,copied
2421741721,cch2_original,1368032.jpg,2421741721.jpg,/Volumes/Radishes/OG_CCH2_phenology_scored_specimen_images/1368032.jpg,/Volumes/Radishes/GBIF_2026_update_scoring_images/2421741721.jpg,TRUE,copied
2421742081,cch2_original,1368035.jpg,2421742081.jpg,/Volumes/Radishes/OG_CCH2_phenology_scored_specimen_images/1368035.jpg,/Volumes/Radishes/GBIF_2026_update_scoring_images/2421742081.jpg,TRUE,copied
2421740607,cch2_original,1368036.jpg,2421740607.jpg,/Volumes/Radishes/OG_CCH2_phenology_scored_specimen_images/1368036.jpg,/Volumes/Radishes/GBIF_2026_update_scoring_images/2421740607.jpg,TRUE,copied
2421741228,cch2_original,1368038.jpg,2421741228.jpg,/Volumes/Radishes/OG_CCH2_phenology_scored_specimen_images/1368038.jpg,/Volumes/Radishes/GBIF_2026_update_scoring_images/2421741228.jpg,TRUE,copied
2421740961,cch2_original,1368039.jpg,2421740961.jpg,/Volumes/Radishes/OG_CCH2_phenology_scored_specimen_images/1368039.jpg,/Volumes/Radishes/GBIF_2026_update_scoring_images/2421740961.jpg,TRUE,copied
2421743439,cch2_original,1368047.jpg,2421743439.jpg,/Volumes/Radishes/OG_CCH2_phenology_scored_specimen_images/1368047.jpg,/Volumes/Radishes/GBIF_2026_update_scoring_images/2421743439.jpg,TRUE,copied
2421741941,cch2_original,1368055.jpg,2421741941.jpg,/Volumes/Radishes/OG_CCH2_phenology_scored_specimen_images/1368055.jpg,/Volumes/Radishes/GBIF_2026_update_scoring_images/2421741941.jpg,TRUE,copied
2421742143,cch2_original,1368057.jpg,2421742143.jpg,/Volumes/Radishes/OG_CCH2_phenology_scored_specimen_images/1368057.jpg,/Volumes/Radishes/GBIF_2026_update_scoring_images/2421742143.jpg,TRUE,copied
2421741566,cch2_original,1368058.jpg,2421741566.jpg,/Volumes/Radishes/OG_CCH2_phenology_scored_specimen_images/1368058.jpg,/Volumes/Radishes/GBIF_2026_update_scoring_images/2421741566.jpg,TRUE,copied
2421748081,cch2_original,1372819.jpg,2421748081.jpg,/Volumes/Radishes/OG_CCH2_phenology_scored_specimen_images/1372819.jpg,/Volumes/Radishes/GBIF_2026_update_scoring_images/2421748081.jpg,TRUE,copied
2421764270,cch2_original,1392578.jpg,2421764270.jpg,/Volumes/Radishes/OG_CCH2_phenology_scored_specimen_images/1392578.jpg,/Volumes/Radishes/GBIF_2026_update_scoring_images/2421764270.jpg,TRUE,copied
2421771608,cch2_original,1399261.jpg,2421771608.jpg,/Volumes/Radishes/OG_CCH2_phenology_scored_specimen_images/1399261.jpg,/Volumes/Radishes/GBIF_2026_update_scoring_images/2421771608.jpg,TRUE,copied
2422282123,cch2_original,1443125.jpg,2422282123.jpg,/Volumes/Radishes/OG_CCH2_phenology_scored_specimen_images/1443125.jpg,/Volumes/Radishes/GBIF_2026_update_scoring_images/2422282123.jpg,TRUE,copied
2422282478,cch2_original,1443128.jpg,2422282478.jpg,/Volumes/Radishes/OG_CCH2_phenology_scored_specimen_images/1443128.jpg,/Volumes/Radishes/GBIF_2026_update_scoring_images/2422282478.jpg,TRUE,copied
2422284322,cch2_original,1443129.jpg,2422284322.jpg,/Volumes/Radishes/OG_CCH2_phenology_scored_specimen_images/1443129.jpg,/Volumes/Radishes/GBIF_2026_update_scoring_images/2422284322.jpg,TRUE,copied
2422281246,cch2_original,1443133.jpg,2422281246.jpg,/Volumes/Radishes/OG_CCH2_phenology_scored_specimen_images/1443133.jpg,/Volumes/Radishes/GBIF_2026_update_scoring_images/2422281246.jpg,TRUE,copied
2422295581,cch2_original,1459126.jpg,2422295581.jpg,/Volumes/Radishes/OG_CCH2_phenology_scored_specimen_images/1459126.jpg,/Volumes/Radishes/GBIF_2026_update_scoring_images/2422295581.jpg,TRUE,copied
2422299352,cch2_original,1459128.jpg,2422299352.jpg,/Volumes/Radishes/OG_CCH2_phenology_scored_specimen_images/1459128.jpg,/Volumes/Radishes/GBIF_2026_update_scoring_images/2422299352.jpg,TRUE,copied
2422294010,cch2_original,1459130.jpg,2422294010.jpg,/Volumes/Radishes/OG_CCH2_phenology_scored_specimen_images/1459130.jpg,/Volumes/Radishes/GBIF_2026_update_scoring_images/2422294010.jpg,TRUE,copied
2422307346,cch2_original,1467990.jpg,2422307346.jpg,/Volumes/Radishes/OG_CCH2_phenology_scored_specimen_images/1467990.jpg,/Volumes/Radishes/GBIF_2026_update_scoring_images/2422307346.jpg,TRUE,copied
2422313796,cch2_original,1474357.jpg,2422313796.jpg,/Volumes/Radishes/OG_CCH2_phenology_scored_specimen_images/1474357.jpg,/Volumes/Radishes/GBIF_2026_update_scoring_images/2422313796.jpg,TRUE,copied
2422313767,cch2_original,1474359.jpg,2422313767.jpg,/Volumes/Radishes/OG_CCH2_phenology_scored_specimen_images/1474359.jpg,/Volumes/Radishes/GBIF_2026_update_scoring_images/2422313767.jpg,TRUE,copied
2422316658,cch2_original,1474360.jpg,2422316658.jpg,/Volumes/Radishes/OG_CCH2_phenology_scored_specimen_images/1474360.jpg,/Volumes/Radishes/GBIF_2026_update_scoring_images/2422316658.jpg,TRUE,copied
2422313284,cch2_original,1474363.jpg,2422313284.jpg,/Volumes/Radishes/OG_CCH2_phenology_scored_specimen_images/1474363.jpg,/Volumes/Radishes/GBIF_2026_update_scoring_images/2422313284.jpg,TRUE,copied
2422312744,cch2_original,1474364.jpg,2422312744.jpg,/Volumes/Radishes/OG_CCH2_phenology_scored_specimen_images/1474364.jpg,/Volumes/Radishes/GBIF_2026_update_scoring_images/2422312744.jpg,TRUE,copied
2422312715,cch2_original,1474365.jpg,2422312715.jpg,/Volumes/Radishes/OG_CCH2_phenology_scored_specimen_images/1474365.jpg,/Volumes/Radishes/GBIF_2026_update_scoring_images/2422312715.jpg,TRUE,copied
2422322368,cch2_original,1485142.jpg,2422322368.jpg,/Volumes/Radishes/OG_CCH2_phenology_scored_specimen_images/1485142.jpg,/Volumes/Radishes/GBIF_2026_update_scoring_images/2422322368.jpg,TRUE,copied
2422376020,cch2_original,1537502.jpg,2422376020.jpg,/Volumes/Radishes/OG_CCH2_phenology_scored_specimen_images/1537502.jpg,/Volumes/Radishes/GBIF_2026_update_scoring_images/2422376020.jpg,TRUE,copied
2422384664,cch2_original,1546416.jpg,2422384664.jpg,/Volumes/Radishes/OG_CCH2_phenology_scored_specimen_images/1546416.jpg,/Volumes/Radishes/GBIF_2026_update_scoring_images/2422384664.jpg,TRUE,copied
2422387411,cch2_original,1548194.jpg,2422387411.jpg,/Volumes/Radishes/OG_CCH2_phenology_scored_specimen_images/1548194.jpg,/Volumes/Radishes/GBIF_2026_update_scoring_images/2422387411.jpg,TRUE,copied
2422397534,cch2_original,1560057.jpg,2422397534.jpg,/Volumes/Radishes/OG_CCH2_phenology_scored_specimen_images/1560057.jpg,/Volumes/Radishes/GBIF_2026_update_scoring_images/2422397534.jpg,TRUE,copied
2422404154,cch2_original,1562530.jpg,2422404154.jpg,/Volumes/Radishes/OG_CCH2_phenology_scored_specimen_images/1562530.jpg,/Volumes/Radishes/GBIF_2026_update_scoring_images/2422404154.jpg,TRUE,copied
2422402326,cch2_original,1563687.jpg,2422402326.jpg,/Volumes/Radishes/OG_CCH2_phenology_scored_specimen_images/1563687.jpg,/Volumes/Radishes/GBIF_2026_update_scoring_images/2422402326.jpg,TRUE,copied
2422413140,cch2_original,1575247.jpg,2422413140.jpg,/Volumes/Radishes/OG_CCH2_phenology_scored_specimen_images/1575247.jpg,/Volumes/Radishes/GBIF_2026_update_scoring_images/2422413140.jpg,TRUE,copied
2422414759,cch2_original,1576181.jpg,2422414759.jpg,/Volumes/Radishes/OG_CCH2_phenology_scored_specimen_images/1576181.jpg,/Volumes/Radishes/GBIF_2026_update_scoring_images/2422414759.jpg,TRUE,copied
2422415334,cch2_original,1578414.jpg,2422415334.jpg,/Volumes/Radishes/OG_CCH2_phenology_scored_specimen_images/1578414.jpg,/Volumes/Radishes/GBIF_2026_update_scoring_images/2422415334.jpg,TRUE,copied
2422418918,cch2_original,1582894.jpg,2422418918.jpg,/Volumes/Radishes/OG_CCH2_phenology_scored_specimen_images/1582894.jpg,/Volumes/Radishes/GBIF_2026_update_scoring_images/2422418918.jpg,TRUE,copied
2422419146,cch2_original,1583074.jpg,2422419146.jpg,/Volumes/Radishes/OG_CCH2_phenology_scored_specimen_images/1583074.jpg,/Volumes/Radishes/GBIF_2026_update_scoring_images/2422419146.jpg,TRUE,copied
2422422042,cch2_original,1585505.jpg,2422422042.jpg,/Volumes/Radishes/OG_CCH2_phenology_scored_specimen_images/1585505.jpg,/Volumes/Radishes/GBIF_2026_update_scoring_images/2422422042.jpg,TRUE,copied
2422424098,cch2_original,1588191.jpg,2422424098.jpg,/Volumes/Radishes/OG_CCH2_phenology_scored_specimen_images/1588191.jpg,/Volumes/Radishes/GBIF_2026_update_scoring_images/2422424098.jpg,TRUE,copied
2422425463,cch2_original,1590780.jpg,2422425463.jpg,/Volumes/Radishes/OG_CCH2_phenology_scored_specimen_images/1590780.jpg,/Volumes/Radishes/GBIF_2026_update_scoring_images/2422425463.jpg,TRUE,copied
2422428483,cch2_original,1591165.jpg,2422428483.jpg,/Volumes/Radishes/OG_CCH2_phenology_scored_specimen_images/1591165.jpg,/Volumes/Radishes/GBIF_2026_update_scoring_images/2422428483.jpg,TRUE,copied
2422427257,cch2_original,1591452.jpg,2422427257.jpg,/Volumes/Radishes/OG_CCH2_phenology_scored_specimen_images/1591452.jpg,/Volumes/Radishes/GBIF_2026_update_scoring_images/2422427257.jpg,TRUE,copied
2422436850,cch2_original,1602409.jpg,2422436850.jpg,/Volumes/Radishes/OG_CCH2_phenology_scored_specimen_images/1602409.jpg,/Volumes/Radishes/GBIF_2026_update_scoring_images/2422436850.jpg,TRUE,copied
2422434658,cch2_original,1603927.jpg,2422434658.jpg,/Volumes/Radishes/OG_CCH2_phenology_scored_specimen_images/1603927.jpg,/Volumes/Radishes/GBIF_2026_update_scoring_images/2422434658.jpg,TRUE,copied
2422438758,cch2_original,1606153.jpg,2422438758.jpg,/Volumes/Radishes/OG_CCH2_phenology_scored_specimen_images/1606153.jpg,/Volumes/Radishes/GBIF_2026_update_scoring_images/2422438758.jpg,TRUE,copied
2422440616,cch2_original,1607550.jpg,2422440616.jpg,/Volumes/Radishes/OG_CCH2_phenology_scored_specimen_images/1607550.jpg,/Volumes/Radishes/GBIF_2026_update_scoring_images/2422440616.jpg,TRUE,copied
2422442405,cch2_original,1612297.jpg,2422442405.jpg,/Volumes/Radishes/OG_CCH2_phenology_scored_specimen_images/1612297.jpg,/Volumes/Radishes/GBIF_2026_update_scoring_images/2422442405.jpg,TRUE,copied
2422445584,cch2_original,1613574.jpg,2422445584.jpg,/Volumes/Radishes/OG_CCH2_phenology_scored_specimen_images/1613574.jpg,/Volumes/Radishes/GBIF_2026_update_scoring_images/2422445584.jpg,TRUE,copied
2422441823,cch2_original,1613581.jpg,2422441823.jpg,/Volumes/Radishes/OG_CCH2_phenology_scored_specimen_images/1613581.jpg,/Volumes/Radishes/GBIF_2026_update_scoring_images/2422441823.jpg,TRUE,copied
2422447684,cch2_original,1616502.jpg,2422447684.jpg,/Volumes/Radishes/OG_CCH2_phenology_scored_specimen_images/1616502.jpg,/Volumes/Radishes/GBIF_2026_update_scoring_images/2422447684.jpg,TRUE,copied
2422449409,cch2_original,1619748.jpg,2422449409.jpg,/Volumes/Radishes/OG_CCH2_phenology_scored_specimen_images/1619748.jpg,/Volumes/Radishes/GBIF_2026_update_scoring_images/2422449409.jpg,TRUE,copied
2422452192,cch2_original,1620243.jpg,2422452192.jpg,/Volumes/Radishes/OG_CCH2_phenology_scored_specimen_images/1620243.jpg,/Volumes/Radishes/GBIF_2026_update_scoring_images/2422452192.jpg,TRUE,copied
2422450921,cch2_original,1620584.jpg,2422450921.jpg,/Volumes/Radishes/OG_CCH2_phenology_scored_specimen_images/1620584.jpg,/Volumes/Radishes/GBIF_2026_update_scoring_images/2422450921.jpg,TRUE,copied
2422452104,cch2_original,1623528.jpg,2422452104.jpg,/Volumes/Radishes/OG_CCH2_phenology_scored_specimen_images/1623528.jpg,/Volumes/Radishes/GBIF_2026_update_scoring_images/2422452104.jpg,TRUE,copied
2422463303,cch2_original,1635523.jpg,2422463303.jpg,/Volumes/Radishes/OG_CCH2_phenology_scored_specimen_images/1635523.jpg,/Volumes/Radishes/GBIF_2026_update_scoring_images/2422463303.jpg,TRUE,copied
2422462732,cch2_original,1635613.jpg,2422462732.jpg,/Volumes/Radishes/OG_CCH2_phenology_scored_specimen_images/1635613.jpg,/Volumes/Radishes/GBIF_2026_update_scoring_images/2422462732.jpg,TRUE,copied
2422467708,cch2_original,1635838.jpg,2422467708.jpg,/Volumes/Radishes/OG_CCH2_phenology_scored_specimen_images/1635838.jpg,/Volumes/Radishes/GBIF_2026_update_scoring_images/2422467708.jpg,TRUE,copied
2422475779,cch2_original,1648787.jpg,2422475779.jpg,/Volumes/Radishes/OG_CCH2_phenology_scored_specimen_images/1648787.jpg,/Volumes/Radishes/GBIF_2026_update_scoring_images/2422475779.jpg,TRUE,copied
2422476489,cch2_original,1650071.jpg,2422476489.jpg,/Volumes/Radishes/OG_CCH2_phenology_scored_specimen_images/1650071.jpg,/Volumes/Radishes/GBIF_2026_update_scoring_images/2422476489.jpg,TRUE,copied
2422480865,cch2_original,1652556.jpg,2422480865.jpg,/Volumes/Radishes/OG_CCH2_phenology_scored_specimen_images/1652556.jpg,/Volumes/Radishes/GBIF_2026_update_scoring_images/2422480865.jpg,TRUE,copied
2422479262,cch2_original,1652583.jpg,2422479262.jpg,/Volumes/Radishes/OG_CCH2_phenology_scored_specimen_images/1652583.jpg,/Volumes/Radishes/GBIF_2026_update_scoring_images/2422479262.jpg,TRUE,copied
2422482443,cch2_original,1654175.jpg,2422482443.jpg,/Volumes/Radishes/OG_CCH2_phenology_scored_specimen_images/1654175.jpg,/Volumes/Radishes/GBIF_2026_update_scoring_images/2422482443.jpg,TRUE,copied
2422481541,cch2_original,1654191.jpg,2422481541.jpg,/Volumes/Radishes/OG_CCH2_phenology_scored_specimen_images/1654191.jpg,/Volumes/Radishes/GBIF_2026_update_scoring_images/2422481541.jpg,TRUE,copied
2422479824,cch2_original,1654256.jpg,2422479824.jpg,/Volumes/Radishes/OG_CCH2_phenology_scored_specimen_images/1654256.jpg,/Volumes/Radishes/GBIF_2026_update_scoring_images/2422479824.jpg,TRUE,copied
2422480912,cch2_original,1655005.jpg,2422480912.jpg,/Volumes/Radishes/OG_CCH2_phenology_scored_specimen_images/1655005.jpg,/Volumes/Radishes/GBIF_2026_update_scoring_images/2422480912.jpg,TRUE,copied
2422485289,cch2_original,1655320.jpg,2422485289.jpg,/Volumes/Radishes/OG_CCH2_phenology_scored_specimen_images/1655320.jpg,/Volumes/Radishes/GBIF_2026_update_scoring_images/2422485289.jpg,TRUE,copied
2422481726,cch2_original,1655697.jpg,2422481726.jpg,/Volumes/Radishes/OG_CCH2_phenology_scored_specimen_images/1655697.jpg,/Volumes/Radishes/GBIF_2026_update_scoring_images/2422481726.jpg,TRUE,copied
2422485197,cch2_original,1660267.jpg,2422485197.jpg,/Volumes/Radishes/OG_CCH2_phenology_scored_specimen_images/1660267.jpg,/Volumes/Radishes/GBIF_2026_update_scoring_images/2422485197.jpg,TRUE,copied
2422484990,cch2_original,1660287.jpg,2422484990.jpg,/Volumes/Radishes/OG_CCH2_phenology_scored_specimen_images/1660287.jpg,/Volumes/Radishes/GBIF_2026_update_scoring_images/2422484990.jpg,TRUE,copied
2422491236,cch2_original,1667960.jpg,2422491236.jpg,/Volumes/Radishes/OG_CCH2_phenology_scored_specimen_images/1667960.jpg,/Volumes/Radishes/GBIF_2026_update_scoring_images/2422491236.jpg,TRUE,copied
2422495041,cch2_original,1669580.jpg,2422495041.jpg,/Volumes/Radishes/OG_CCH2_phenology_scored_specimen_images/1669580.jpg,/Volumes/Radishes/GBIF_2026_update_scoring_images/2422495041.jpg,TRUE,copied
2422495143,cch2_original,1670844.jpg,2422495143.jpg,/Volumes/Radishes/OG_CCH2_phenology_scored_specimen_images/1670844.jpg,/Volumes/Radishes/GBIF_2026_update_scoring_images/2422495143.jpg,TRUE,copied
2422495178,cch2_original,1671045.jpg,2422495178.jpg,/Volumes/Radishes/OG_CCH2_phenology_scored_specimen_images/1671045.jpg,/Volumes/Radishes/GBIF_2026_update_scoring_images/2422495178.jpg,TRUE,copied
2422495740,cch2_original,1671086.jpg,2422495740.jpg,/Volumes/Radishes/OG_CCH2_phenology_scored_specimen_images/1671086.jpg,/Volumes/Radishes/GBIF_2026_update_scoring_images/2422495740.jpg,TRUE,copied
2422498369,cch2_original,1674069.jpg,2422498369.jpg,/Volumes/Radishes/OG_CCH2_phenology_scored_specimen_images/1674069.jpg,/Volumes/Radishes/GBIF_2026_update_scoring_images/2422498369.jpg,TRUE,copied
2422499699,cch2_original,1675351.jpg,2422499699.jpg,/Volumes/Radishes/OG_CCH2_phenology_scored_specimen_images/1675351.jpg,/Volumes/Radishes/GBIF_2026_update_scoring_images/2422499699.jpg,TRUE,copied
2422499462,cch2_original,1675381.jpg,2422499462.jpg,/Volumes/Radishes/OG_CCH2_phenology_scored_specimen_images/1675381.jpg,/Volumes/Radishes/GBIF_2026_update_scoring_images/2422499462.jpg,TRUE,copied
2422503063,cch2_original,1679520.jpg,2422503063.jpg,/Volumes/Radishes/OG_CCH2_phenology_scored_specimen_images/1679520.jpg,/Volumes/Radishes/GBIF_2026_update_scoring_images/2422503063.jpg,TRUE,copied
2422512114,cch2_original,1687752.jpg,2422512114.jpg,/Volumes/Radishes/OG_CCH2_phenology_scored_specimen_images/1687752.jpg,/Volumes/Radishes/GBIF_2026_update_scoring_images/2422512114.jpg,TRUE,copied
2422521196,cch2_original,1699178.jpg,2422521196.jpg,/Volumes/Radishes/OG_CCH2_phenology_scored_specimen_images/1699178.jpg,/Volumes/Radishes/GBIF_2026_update_scoring_images/2422521196.jpg,TRUE,copied
2422525063,cch2_original,1702201.jpg,2422525063.jpg,/Volumes/Radishes/OG_CCH2_phenology_scored_specimen_images/1702201.jpg,/Volumes/Radishes/GBIF_2026_update_scoring_images/2422525063.jpg,TRUE,copied
2982043565,cch2_original,1767614.jpg,2982043565.jpg,/Volumes/Radishes/OG_CCH2_phenology_scored_specimen_images/1767614.jpg,/Volumes/Radishes/GBIF_2026_update_scoring_images/2982043565.jpg,TRUE,copied
2982048008,cch2_original,1776466.jpg,2982048008.jpg,/Volumes/Radishes/OG_CCH2_phenology_scored_specimen_images/1776466.jpg,/Volumes/Radishes/GBIF_2026_update_scoring_images/2982048008.jpg,TRUE,copied
2982002066,cch2_original,1777507.jpg,2982002066.jpg,/Volumes/Radishes/OG_CCH2_phenology_scored_specimen_images/1777507.jpg,/Volumes/Radishes/GBIF_2026_update_scoring_images/2982002066.jpg,TRUE,copied
2982009088,cch2_original,1777902.jpg,2982009088.jpg,/Volumes/Radishes/OG_CCH2_phenology_scored_specimen_images/1777902.jpg,/Volumes/Radishes/GBIF_2026_update_scoring_images/2982009088.jpg,TRUE,copied
2982005284,cch2_original,1781883.jpg,2982005284.jpg,/Volumes/Radishes/OG_CCH2_phenology_scored_specimen_images/1781883.jpg,/Volumes/Radishes/GBIF_2026_update_scoring_images/2982005284.jpg,TRUE,copied
2982018428,cch2_original,1784768.jpg,2982018428.jpg,/Volumes/Radishes/OG_CCH2_phenology_scored_specimen_images/1784768.jpg,/Volumes/Radishes/GBIF_2026_update_scoring_images/2982018428.jpg,TRUE,copied
2982057497,cch2_original,1786214.jpg,2982057497.jpg,/Volumes/Radishes/OG_CCH2_phenology_scored_specimen_images/1786214.jpg,/Volumes/Radishes/GBIF_2026_update_scoring_images/2982057497.jpg,TRUE,copied
2982016247,cch2_original,1800936.jpg,2982016247.jpg,/Volumes/Radishes/OG_CCH2_phenology_scored_specimen_images/1800936.jpg,/Volumes/Radishes/GBIF_2026_update_scoring_images/2982016247.jpg,TRUE,copied
2982060408,cch2_original,1804476.jpg,2982060408.jpg,/Volumes/Radishes/OG_CCH2_phenology_scored_specimen_images/1804476.jpg,/Volumes/Radishes/GBIF_2026_update_scoring_images/2982060408.jpg,TRUE,copied
2982066504,cch2_original,1806660.jpg,2982066504.jpg,/Volumes/Radishes/OG_CCH2_phenology_scored_specimen_images/1806660.jpg,/Volumes/Radishes/GBIF_2026_update_scoring_images/2982066504.jpg,TRUE,copied
2982026651,cch2_original,1808927.jpg,2982026651.jpg,/Volumes/Radishes/OG_CCH2_phenology_scored_specimen_images/1808927.jpg,/Volumes/Radishes/GBIF_2026_update_scoring_images/2982026651.jpg,TRUE,copied
2982066619,cch2_original,1808938.jpg,2982066619.jpg,/Volumes/Radishes/OG_CCH2_phenology_scored_specimen_images/1808938.jpg,/Volumes/Radishes/GBIF_2026_update_scoring_images/2982066619.jpg,TRUE,copied
2982028638,cch2_original,1808949.jpg,2982028638.jpg,/Volumes/Radishes/OG_CCH2_phenology_scored_specimen_images/1808949.jpg,/Volumes/Radishes/GBIF_2026_update_scoring_images/2982028638.jpg,TRUE,copied
2982021645,cch2_original,1808960.jpg,2982021645.jpg,/Volumes/Radishes/OG_CCH2_phenology_scored_specimen_images/1808960.jpg,/Volumes/Radishes/GBIF_2026_update_scoring_images/2982021645.jpg,TRUE,copied
2982061619,cch2_original,1808970.jpg,2982061619.jpg,/Volumes/Radishes/OG_CCH2_phenology_scored_specimen_images/1808970.jpg,/Volumes/Radishes/GBIF_2026_update_scoring_images/2982061619.jpg,TRUE,copied
2982031523,cch2_original,1826582.jpg,2982031523.jpg,/Volumes/Radishes/OG_CCH2_phenology_scored_specimen_images/1826582.jpg,/Volumes/Radishes/GBIF_2026_update_scoring_images/2982031523.jpg,TRUE,copied
2982077505,cch2_original,1826642.jpg,2982077505.jpg,/Volumes/Radishes/OG_CCH2_phenology_scored_specimen_images/1826642.jpg,/Volumes/Radishes/GBIF_2026_update_scoring_images/2982077505.jpg,TRUE,copied
2982070630,cch2_original,1828885.jpg,2982070630.jpg,/Volumes/Radishes/OG_CCH2_phenology_scored_specimen_images/1828885.jpg,/Volumes/Radishes/GBIF_2026_update_scoring_images/2982070630.jpg,TRUE,copied
2270248649,cch2_original,1895626.jpg,2270248649.jpg,/Volumes/Radishes/OG_CCH2_phenology_scored_specimen_images/1895626.jpg,/Volumes/Radishes/GBIF_2026_update_scoring_images/2270248649.jpg,TRUE,copied
2270249218,cch2_original,1896191.jpg,2270249218.jpg,/Volumes/Radishes/OG_CCH2_phenology_scored_specimen_images/1896191.jpg,/Volumes/Radishes/GBIF_2026_update_scoring_images/2270249218.jpg,TRUE,copied
2270211596,cch2_original,202448.jpg,2270211596.jpg,/Volumes/Radishes/OG_CCH2_phenology_scored_specimen_images/202448.jpg,/Volumes/Radishes/GBIF_2026_update_scoring_images/2270211596.jpg,TRUE,copied
2270210890,cch2_original,202449.jpg,2270210890.jpg,/Volumes/Radishes/OG_CCH2_phenology_scored_specimen_images/202449.jpg,/Volumes/Radishes/GBIF_2026_update_scoring_images/2270210890.jpg,TRUE,copied
2270211356,cch2_original,202450.jpg,2270211356.jpg,/Volumes/Radishes/OG_CCH2_phenology_scored_specimen_images/202450.jpg,/Volumes/Radishes/GBIF_2026_update_scoring_images/2270211356.jpg,TRUE,copied
2270210754,cch2_original,202454.jpg,2270210754.jpg,/Volumes/Radishes/OG_CCH2_phenology_scored_specimen_images/202454.jpg,/Volumes/Radishes/GBIF_2026_update_scoring_images/2270210754.jpg,TRUE,copied
2270211987,cch2_original,202456.jpg,2270211987.jpg,/Volumes/Radishes/OG_CCH2_phenology_scored_specimen_images/202456.jpg,/Volumes/Radishes/GBIF_2026_update_scoring_images/2270211987.jpg,TRUE,copied
2270210606,cch2_original,202457.jpg,2270210606.jpg,/Volumes/Radishes/OG_CCH2_phenology_scored_specimen_images/202457.jpg,/Volumes/Radishes/GBIF_2026_update_scoring_images/2270210606.jpg,TRUE,copied
2270210961,cch2_original,202458.jpg,2270210961.jpg,/Volumes/Radishes/OG_CCH2_phenology_scored_specimen_images/202458.jpg,/Volumes/Radishes/GBIF_2026_update_scoring_images/2270210961.jpg,TRUE,copied
2270211719,cch2_original,202459.jpg,2270211719.jpg,/Volumes/Radishes/OG_CCH2_phenology_scored_specimen_images/202459.jpg,/Volumes/Radishes/GBIF_2026_update_scoring_images/2270211719.jpg,TRUE,copied
2270209267,cch2_original,202462.jpg,2270209267.jpg,/Volumes/Radishes/OG_CCH2_phenology_scored_specimen_images/202462.jpg,/Volumes/Radishes/GBIF_2026_update_scoring_images/2270209267.jpg,TRUE,copied
2270209810,cch2_original,202463.jpg,2270209810.jpg,/Volumes/Radishes/OG_CCH2_phenology_scored_specimen_images/202463.jpg,/Volumes/Radishes/GBIF_2026_update_scoring_images/2270209810.jpg,TRUE,copied
2270210570,cch2_original,202464.jpg,2270210570.jpg,/Volumes/Radishes/OG_CCH2_phenology_scored_specimen_images/202464.jpg,/Volumes/Radishes/GBIF_2026_update_scoring_images/2270210570.jpg,TRUE,copied
2270209831,cch2_original,202466.jpg,2270209831.jpg,/Volumes/Radishes/OG_CCH2_phenology_scored_specimen_images/202466.jpg,/Volumes/Radishes/GBIF_2026_update_scoring_images/2270209831.jpg,TRUE,copied
2270210090,cch2_original,202467.jpg,2270210090.jpg,/Volumes/Radishes/OG_CCH2_phenology_scored_specimen_images/202467.jpg,/Volumes/Radishes/GBIF_2026_update_scoring_images/2270210090.jpg,TRUE,copied
2270209694,cch2_original,202468.jpg,2270209694.jpg,/Volumes/Radishes/OG_CCH2_phenology_scored_specimen_images/202468.jpg,/Volumes/Radishes/GBIF_2026_update_scoring_images/2270209694.jpg,TRUE,copied
2270209057,cch2_original,202469.jpg,2270209057.jpg,/Volumes/Radishes/OG_CCH2_phenology_scored_specimen_images/202469.jpg,/Volumes/Radishes/GBIF_2026_update_scoring_images/2270209057.jpg,TRUE,copied
2270208962,cch2_original,202470.jpg,2270208962.jpg,/Volumes/Radishes/OG_CCH2_phenology_scored_specimen_images/202470.jpg,/Volumes/Radishes/GBIF_2026_update_scoring_images/2270208962.jpg,TRUE,copied
2270212885,cch2_original,202471.jpg,2270212885.jpg,/Volumes/Radishes/OG_CCH2_phenology_scored_specimen_images/202471.jpg,/Volumes/Radishes/GBIF_2026_update_scoring_images/2270212885.jpg,TRUE,copied
2270208873,cch2_original,202474.jpg,2270208873.jpg,/Volumes/Radishes/OG_CCH2_phenology_scored_specimen_images/202474.jpg,/Volumes/Radishes/GBIF_2026_update_scoring_images/2270208873.jpg,TRUE,copied
2270209280,cch2_original,202475.jpg,2270209280.jpg,/Volumes/Radishes/OG_CCH2_phenology_scored_specimen_images/202475.jpg,/Volumes/Radishes/GBIF_2026_update_scoring_images/2270209280.jpg,TRUE,copied
2270211660,cch2_original,202477.jpg,2270211660.jpg,/Volumes/Radishes/OG_CCH2_phenology_scored_specimen_images/202477.jpg,/Volumes/Radishes/GBIF_2026_update_scoring_images/2270211660.jpg,TRUE,copied
2270211353,cch2_original,202478.jpg,2270211353.jpg,/Volumes/Radishes/OG_CCH2_phenology_scored_specimen_images/202478.jpg,/Volumes/Radishes/GBIF_2026_update_scoring_images/2270211353.jpg,TRUE,copied
2270208851,cch2_original,202479.jpg,2270208851.jpg,/Volumes/Radishes/OG_CCH2_phenology_scored_specimen_images/202479.jpg,/Volumes/Radishes/GBIF_2026_update_scoring_images/2270208851.jpg,TRUE,copied
2270209186,cch2_original,202480.jpg,2270209186.jpg,/Volumes/Radishes/OG_CCH2_phenology_scored_specimen_images/202480.jpg,/Volumes/Radishes/GBIF_2026_update_scoring_images/2270209186.jpg,TRUE,copied
2270208239,cch2_original,202481.jpg,2270208239.jpg,/Volumes/Radishes/OG_CCH2_phenology_scored_specimen_images/202481.jpg,/Volumes/Radishes/GBIF_2026_update_scoring_images/2270208239.jpg,TRUE,copied
2270210236,cch2_original,202482.jpg,2270210236.jpg,/Volumes/Radishes/OG_CCH2_phenology_scored_specimen_images/202482.jpg,/Volumes/Radishes/GBIF_2026_update_scoring_images/2270210236.jpg,TRUE,copied
2270209744,cch2_original,202483.jpg,2270209744.jpg,/Volumes/Radishes/OG_CCH2_phenology_scored_specimen_images/202483.jpg,/Volumes/Radishes/GBIF_2026_update_scoring_images/2270209744.jpg,TRUE,copied
2270210693,cch2_original,202484.jpg,2270210693.jpg,/Volumes/Radishes/OG_CCH2_phenology_scored_specimen_images/202484.jpg,/Volumes/Radishes/GBIF_2026_update_scoring_images/2270210693.jpg,TRUE,copied
2270209025,cch2_original,202487.jpg,2270209025.jpg,/Volumes/Radishes/OG_CCH2_phenology_scored_specimen_images/202487.jpg,/Volumes/Radishes/GBIF_2026_update_scoring_images/2270209025.jpg,TRUE,copied
2270209699,cch2_original,202488.jpg,2270209699.jpg,/Volumes/Radishes/OG_CCH2_phenology_scored_specimen_images/202488.jpg,/Volumes/Radishes/GBIF_2026_update_scoring_images/2270209699.jpg,TRUE,copied
2270208901,cch2_original,202489.jpg,2270208901.jpg,/Volumes/Radishes/OG_CCH2_phenology_scored_specimen_images/202489.jpg,/Volumes/Radishes/GBIF_2026_update_scoring_images/2270208901.jpg,TRUE,copied
2270209168,cch2_original,202492.jpg,2270209168.jpg,/Volumes/Radishes/OG_CCH2_phenology_scored_specimen_images/202492.jpg,/Volumes/Radishes/GBIF_2026_update_scoring_images/2270209168.jpg,TRUE,copied
2270210935,cch2_original,202494.jpg,2270210935.jpg,/Volumes/Radishes/OG_CCH2_phenology_scored_specimen_images/202494.jpg,/Volumes/Radishes/GBIF_2026_update_scoring_images/2270210935.jpg,TRUE,copied
2270210909,cch2_original,202496.jpg,2270210909.jpg,/Volumes/Radishes/OG_CCH2_phenology_scored_specimen_images/202496.jpg,/Volumes/Radishes/GBIF_2026_update_scoring_images/2270210909.jpg,TRUE,copied
2270210487,cch2_original,202497.jpg,2270210487.jpg,/Volumes/Radishes/OG_CCH2_phenology_scored_specimen_images/202497.jpg,/Volumes/Radishes/GBIF_2026_update_scoring_images/2270210487.jpg,TRUE,copied
2270210185,cch2_original,202498.jpg,2270210185.jpg,/Volumes/Radishes/OG_CCH2_phenology_scored_specimen_images/202498.jpg,/Volumes/Radishes/GBIF_2026_update_scoring_images/2270210185.jpg,TRUE,copied
2270209258,cch2_original,202499.jpg,2270209258.jpg,/Volumes/Radishes/OG_CCH2_phenology_scored_specimen_images/202499.jpg,/Volumes/Radishes/GBIF_2026_update_scoring_images/2270209258.jpg,TRUE,copied
2270211039,cch2_original,202500.jpg,2270211039.jpg,/Volumes/Radishes/OG_CCH2_phenology_scored_specimen_images/202500.jpg,/Volumes/Radishes/GBIF_2026_update_scoring_images/2270211039.jpg,TRUE,copied
2270211210,cch2_original,202503.jpg,2270211210.jpg,/Volumes/Radishes/OG_CCH2_phenology_scored_specimen_images/202503.jpg,/Volumes/Radishes/GBIF_2026_update_scoring_images/2270211210.jpg,TRUE,copied
2417947398,cch2_original,2030475.jpg,2417947398.jpg,/Volumes/Radishes/OG_CCH2_phenology_scored_specimen_images/2030475.jpg,/Volumes/Radishes/GBIF_2026_update_scoring_images/2417947398.jpg,TRUE,copied
2417957411,cch2_original,2040704.jpg,2417957411.jpg,/Volumes/Radishes/OG_CCH2_phenology_scored_specimen_images/2040704.jpg,/Volumes/Radishes/GBIF_2026_update_scoring_images/2417957411.jpg,TRUE,copied
2417960041,cch2_original,2044164.jpg,2417960041.jpg,/Volumes/Radishes/OG_CCH2_phenology_scored_specimen_images/2044164.jpg,/Volumes/Radishes/GBIF_2026_update_scoring_images/2417960041.jpg,TRUE,copied
2417963305,cch2_original,2046467.jpg,2417963305.jpg,/Volumes/Radishes/OG_CCH2_phenology_scored_specimen_images/2046467.jpg,/Volumes/Radishes/GBIF_2026_update_scoring_images/2417963305.jpg,TRUE,copied
2417966454,cch2_original,2049534.jpg,2417966454.jpg,/Volumes/Radishes/OG_CCH2_phenology_scored_specimen_images/2049534.jpg,/Volumes/Radishes/GBIF_2026_update_scoring_images/2417966454.jpg,TRUE,copied
2417964872,cch2_original,2049538.jpg,2417964872.jpg,/Volumes/Radishes/OG_CCH2_phenology_scored_specimen_images/2049538.jpg,/Volumes/Radishes/GBIF_2026_update_scoring_images/2417964872.jpg,TRUE,copied
2417966357,cch2_original,2049551.jpg,2417966357.jpg,/Volumes/Radishes/OG_CCH2_phenology_scored_specimen_images/2049551.jpg,/Volumes/Radishes/GBIF_2026_update_scoring_images/2417966357.jpg,TRUE,copied
2417964499,cch2_original,2049555.jpg,2417964499.jpg,/Volumes/Radishes/OG_CCH2_phenology_scored_specimen_images/2049555.jpg,/Volumes/Radishes/GBIF_2026_update_scoring_images/2417964499.jpg,TRUE,copied
2417964861,cch2_original,2049904.jpg,2417964861.jpg,/Volumes/Radishes/OG_CCH2_phenology_scored_specimen_images/2049904.jpg,/Volumes/Radishes/GBIF_2026_update_scoring_images/2417964861.jpg,TRUE,copied
2417966450,cch2_original,2050542.jpg,2417966450.jpg,/Volumes/Radishes/OG_CCH2_phenology_scored_specimen_images/2050542.jpg,/Volumes/Radishes/GBIF_2026_update_scoring_images/2417966450.jpg,TRUE,copied
2417966441,cch2_original,2051496.jpg,2417966441.jpg,/Volumes/Radishes/OG_CCH2_phenology_scored_specimen_images/2051496.jpg,/Volumes/Radishes/GBIF_2026_update_scoring_images/2417966441.jpg,TRUE,copied
2417974669,cch2_original,2056948.jpg,2417974669.jpg,/Volumes/Radishes/OG_CCH2_phenology_scored_specimen_images/2056948.jpg,/Volumes/Radishes/GBIF_2026_update_scoring_images/2417974669.jpg,TRUE,copied
2417975854,cch2_original,2057404.jpg,2417975854.jpg,/Volumes/Radishes/OG_CCH2_phenology_scored_specimen_images/2057404.jpg,/Volumes/Radishes/GBIF_2026_update_scoring_images/2417975854.jpg,TRUE,copied
2417978692,cch2_original,2061482.jpg,2417978692.jpg,/Volumes/Radishes/OG_CCH2_phenology_scored_specimen_images/2061482.jpg,/Volumes/Radishes/GBIF_2026_update_scoring_images/2417978692.jpg,TRUE,copied
2417975755,cch2_original,2061760.jpg,2417975755.jpg,/Volumes/Radishes/OG_CCH2_phenology_scored_specimen_images/2061760.jpg,/Volumes/Radishes/GBIF_2026_update_scoring_images/2417975755.jpg,TRUE,copied
2417978084,cch2_original,2061832.jpg,2417978084.jpg,/Volumes/Radishes/OG_CCH2_phenology_scored_specimen_images/2061832.jpg,/Volumes/Radishes/GBIF_2026_update_scoring_images/2417978084.jpg,TRUE,copied
2417984934,cch2_original,2070005.jpg,2417984934.jpg,/Volumes/Radishes/OG_CCH2_phenology_scored_specimen_images/2070005.jpg,/Volumes/Radishes/GBIF_2026_update_scoring_images/2417984934.jpg,TRUE,copied
2417985873,cch2_original,2071627.jpg,2417985873.jpg,/Volumes/Radishes/OG_CCH2_phenology_scored_specimen_images/2071627.jpg,/Volumes/Radishes/GBIF_2026_update_scoring_images/2417985873.jpg,TRUE,copied
2417995076,cch2_original,2079339.jpg,2417995076.jpg,/Volumes/Radishes/OG_CCH2_phenology_scored_specimen_images/2079339.jpg,/Volumes/Radishes/GBIF_2026_update_scoring_images/2417995076.jpg,TRUE,copied
2417998564,cch2_original,2085539.jpg,2417998564.jpg,/Volumes/Radishes/OG_CCH2_phenology_scored_specimen_images/2085539.jpg,/Volumes/Radishes/GBIF_2026_update_scoring_images/2417998564.jpg,TRUE,copied
2418014314,cch2_original,2107639.jpg,2418014314.jpg,/Volumes/Radishes/OG_CCH2_phenology_scored_specimen_images/2107639.jpg,/Volumes/Radishes/GBIF_2026_update_scoring_images/2418014314.jpg,TRUE,copied
2418024353,cch2_original,2120835.jpg,2418024353.jpg,/Volumes/Radishes/OG_CCH2_phenology_scored_specimen_images/2120835.jpg,/Volumes/Radishes/GBIF_2026_update_scoring_images/2418024353.jpg,TRUE,copied
2418029508,cch2_original,2124078.jpg,2418029508.jpg,/Volumes/Radishes/OG_CCH2_phenology_scored_specimen_images/2124078.jpg,/Volumes/Radishes/GBIF_2026_update_scoring_images/2418029508.jpg,TRUE,copied
2418038015,cch2_original,2132998.jpg,2418038015.jpg,/Volumes/Radishes/OG_CCH2_phenology_scored_specimen_images/2132998.jpg,/Volumes/Radishes/GBIF_2026_update_scoring_images/2418038015.jpg,TRUE,copied
2418036995,cch2_original,2133518.jpg,2418036995.jpg,/Volumes/Radishes/OG_CCH2_phenology_scored_specimen_images/2133518.jpg,/Volumes/Radishes/GBIF_2026_update_scoring_images/2418036995.jpg,TRUE,copied
2418039002,cch2_original,2134739.jpg,2418039002.jpg,/Volumes/Radishes/OG_CCH2_phenology_scored_specimen_images/2134739.jpg,/Volumes/Radishes/GBIF_2026_update_scoring_images/2418039002.jpg,TRUE,copied
2418040798,cch2_original,2137472.jpg,2418040798.jpg,/Volumes/Radishes/OG_CCH2_phenology_scored_specimen_images/2137472.jpg,/Volumes/Radishes/GBIF_2026_update_scoring_images/2418040798.jpg,TRUE,copied
2418049581,cch2_original,2146635.jpg,2418049581.jpg,/Volumes/Radishes/OG_CCH2_phenology_scored_specimen_images/2146635.jpg,/Volumes/Radishes/GBIF_2026_update_scoring_images/2418049581.jpg,TRUE,copied
2270222323,cch2_original,216778.jpg,2270222323.jpg,/Volumes/Radishes/OG_CCH2_phenology_scored_specimen_images/216778.jpg,/Volumes/Radishes/GBIF_2026_update_scoring_images/2270222323.jpg,TRUE,copied
2270230001,cch2_original,2211615.jpg,2270230001.jpg,/Volumes/Radishes/OG_CCH2_phenology_scored_specimen_images/2211615.jpg,/Volumes/Radishes/GBIF_2026_update_scoring_images/2270230001.jpg,TRUE,copied
2270230783,cch2_original,2252335.jpg,2270230783.jpg,/Volumes/Radishes/OG_CCH2_phenology_scored_specimen_images/2252335.jpg,/Volumes/Radishes/GBIF_2026_update_scoring_images/2270230783.jpg,TRUE,copied
2413153605,cch2_original,2262508.jpg,2413153605.jpg,/Volumes/Radishes/OG_CCH2_phenology_scored_specimen_images/2262508.jpg,/Volumes/Radishes/GBIF_2026_update_scoring_images/2413153605.jpg,TRUE,copied
2413153476,cch2_original,2262509.jpg,2413153476.jpg,/Volumes/Radishes/OG_CCH2_phenology_scored_specimen_images/2262509.jpg,/Volumes/Radishes/GBIF_2026_update_scoring_images/2413153476.jpg,TRUE,copied
2413154265,cch2_original,2262516.jpg,2413154265.jpg,/Volumes/Radishes/OG_CCH2_phenology_scored_specimen_images/2262516.jpg,/Volumes/Radishes/GBIF_2026_update_scoring_images/2413154265.jpg,TRUE,copied
2413153739,cch2_original,2262518.jpg,2413153739.jpg,/Volumes/Radishes/OG_CCH2_phenology_scored_specimen_images/2262518.jpg,/Volumes/Radishes/GBIF_2026_update_scoring_images/2413153739.jpg,TRUE,copied
2413154384,cch2_original,2262519.jpg,2413154384.jpg,/Volumes/Radishes/OG_CCH2_phenology_scored_specimen_images/2262519.jpg,/Volumes/Radishes/GBIF_2026_update_scoring_images/2413154384.jpg,TRUE,copied
2413154059,cch2_original,2262522.jpg,2413154059.jpg,/Volumes/Radishes/OG_CCH2_phenology_scored_specimen_images/2262522.jpg,/Volumes/Radishes/GBIF_2026_update_scoring_images/2413154059.jpg,TRUE,copied
2413153925,cch2_original,2262523.jpg,2413153925.jpg,/Volumes/Radishes/OG_CCH2_phenology_scored_specimen_images/2262523.jpg,/Volumes/Radishes/GBIF_2026_update_scoring_images/2413153925.jpg,TRUE,copied
2413154143,cch2_original,2262524.jpg,2413154143.jpg,/Volumes/Radishes/OG_CCH2_phenology_scored_specimen_images/2262524.jpg,/Volumes/Radishes/GBIF_2026_update_scoring_images/2413154143.jpg,TRUE,copied
3053477856,cch2_original,2264695.jpg,3053477856.jpg,/Volumes/Radishes/OG_CCH2_phenology_scored_specimen_images/2264695.jpg,/Volumes/Radishes/GBIF_2026_update_scoring_images/3053477856.jpg,TRUE,copied
2459160813,cch2_original,229779.jpg,2459160813.jpg,/Volumes/Radishes/OG_CCH2_phenology_scored_specimen_images/229779.jpg,/Volumes/Radishes/GBIF_2026_update_scoring_images/2459160813.jpg,TRUE,copied
2459162856,cch2_original,231367.jpg,2459162856.jpg,/Volumes/Radishes/OG_CCH2_phenology_scored_specimen_images/231367.jpg,/Volumes/Radishes/GBIF_2026_update_scoring_images/2459162856.jpg,TRUE,copied
2459162939,cch2_original,231694.jpg,2459162939.jpg,/Volumes/Radishes/OG_CCH2_phenology_scored_specimen_images/231694.jpg,/Volumes/Radishes/GBIF_2026_update_scoring_images/2459162939.jpg,TRUE,copied
2459167429,cch2_original,235906.jpg,2459167429.jpg,/Volumes/Radishes/OG_CCH2_phenology_scored_specimen_images/235906.jpg,/Volumes/Radishes/GBIF_2026_update_scoring_images/2459167429.jpg,TRUE,copied
2459166253,cch2_original,236311.jpg,2459166253.jpg,/Volumes/Radishes/OG_CCH2_phenology_scored_specimen_images/236311.jpg,/Volumes/Radishes/GBIF_2026_update_scoring_images/2459166253.jpg,TRUE,copied
2459168324,cch2_original,236400.jpg,2459168324.jpg,/Volumes/Radishes/OG_CCH2_phenology_scored_specimen_images/236400.jpg,/Volumes/Radishes/GBIF_2026_update_scoring_images/2459168324.jpg,TRUE,copied
2412540536,cch2_original,254946.jpg,2412540536.jpg,/Volumes/Radishes/OG_CCH2_phenology_scored_specimen_images/254946.jpg,/Volumes/Radishes/GBIF_2026_update_scoring_images/2412540536.jpg,TRUE,copied
2564273057,cch2_original,2866491.jpg,2564273057.jpg,/Volumes/Radishes/OG_CCH2_phenology_scored_specimen_images/2866491.jpg,/Volumes/Radishes/GBIF_2026_update_scoring_images/2564273057.jpg,TRUE,copied
2564272241,cch2_original,2866494.jpg,2564272241.jpg,/Volumes/Radishes/OG_CCH2_phenology_scored_specimen_images/2866494.jpg,/Volumes/Radishes/GBIF_2026_update_scoring_images/2564272241.jpg,TRUE,copied
2564271426,cch2_original,2866502.jpg,2564271426.jpg,/Volumes/Radishes/OG_CCH2_phenology_scored_specimen_images/2866502.jpg,/Volumes/Radishes/GBIF_2026_update_scoring_images/2564271426.jpg,TRUE,copied
2564272649,cch2_original,2866542.jpg,2564272649.jpg,/Volumes/Radishes/OG_CCH2_phenology_scored_specimen_images/2866542.jpg,/Volumes/Radishes/GBIF_2026_update_scoring_images/2564272649.jpg,TRUE,copied
2564271379,cch2_original,2866560.jpg,2564271379.jpg,/Volumes/Radishes/OG_CCH2_phenology_scored_specimen_images/2866560.jpg,/Volumes/Radishes/GBIF_2026_update_scoring_images/2564271379.jpg,TRUE,copied
2564270882,cch2_original,2866594.jpg,2564270882.jpg,/Volumes/Radishes/OG_CCH2_phenology_scored_specimen_images/2866594.jpg,/Volumes/Radishes/GBIF_2026_update_scoring_images/2564270882.jpg,TRUE,copied
2564272168,cch2_original,2866599.jpg,2564272168.jpg,/Volumes/Radishes/OG_CCH2_phenology_scored_specimen_images/2866599.jpg,/Volumes/Radishes/GBIF_2026_update_scoring_images/2564272168.jpg,TRUE,copied
2564272299,cch2_original,2866648.jpg,2564272299.jpg,/Volumes/Radishes/OG_CCH2_phenology_scored_specimen_images/2866648.jpg,/Volumes/Radishes/GBIF_2026_update_scoring_images/2564272299.jpg,TRUE,copied
2564271517,cch2_original,2866661.jpg,2564271517.jpg,/Volumes/Radishes/OG_CCH2_phenology_scored_specimen_images/2866661.jpg,/Volumes/Radishes/GBIF_2026_update_scoring_images/2564271517.jpg,TRUE,copied
2564271941,cch2_original,2866696.jpg,2564271941.jpg,/Volumes/Radishes/OG_CCH2_phenology_scored_specimen_images/2866696.jpg,/Volumes/Radishes/GBIF_2026_update_scoring_images/2564271941.jpg,TRUE,copied
2564271963,cch2_original,2866720.jpg,2564271963.jpg,/Volumes/Radishes/OG_CCH2_phenology_scored_specimen_images/2866720.jpg,/Volumes/Radishes/GBIF_2026_update_scoring_images/2564271963.jpg,TRUE,copied
2564271792,cch2_original,2866834.jpg,2564271792.jpg,/Volumes/Radishes/OG_CCH2_phenology_scored_specimen_images/2866834.jpg,/Volumes/Radishes/GBIF_2026_update_scoring_images/2564271792.jpg,TRUE,copied
2564271726,cch2_original,2866856.jpg,2564271726.jpg,/Volumes/Radishes/OG_CCH2_phenology_scored_specimen_images/2866856.jpg,/Volumes/Radishes/GBIF_2026_update_scoring_images/2564271726.jpg,TRUE,copied
2564271619,cch2_original,2866858.jpg,2564271619.jpg,/Volumes/Radishes/OG_CCH2_phenology_scored_specimen_images/2866858.jpg,/Volumes/Radishes/GBIF_2026_update_scoring_images/2564271619.jpg,TRUE,copied
2270252713,cch2_original,292926.jpg,2270252713.jpg,/Volumes/Radishes/OG_CCH2_phenology_scored_specimen_images/292926.jpg,/Volumes/Radishes/GBIF_2026_update_scoring_images/2270252713.jpg,TRUE,copied
2270253036,cch2_original,293450.jpg,2270253036.jpg,/Volumes/Radishes/OG_CCH2_phenology_scored_specimen_images/293450.jpg,/Volumes/Radishes/GBIF_2026_update_scoring_images/2270253036.jpg,TRUE,copied
3503203420,cch2_original,2960494.jpg,3503203420.jpg,/Volumes/Radishes/OG_CCH2_phenology_scored_specimen_images/2960494.jpg,/Volumes/Radishes/GBIF_2026_update_scoring_images/3503203420.jpg,TRUE,copied
3503203428,cch2_original,2960497.jpg,3503203428.jpg,/Volumes/Radishes/OG_CCH2_phenology_scored_specimen_images/2960497.jpg,/Volumes/Radishes/GBIF_2026_update_scoring_images/3503203428.jpg,TRUE,copied
3503203427,cch2_original,2960498.jpg,3503203427.jpg,/Volumes/Radishes/OG_CCH2_phenology_scored_specimen_images/2960498.jpg,/Volumes/Radishes/GBIF_2026_update_scoring_images/3503203427.jpg,TRUE,copied
3503203425,cch2_original,2960499.jpg,3503203425.jpg,/Volumes/Radishes/OG_CCH2_phenology_scored_specimen_images/2960499.jpg,/Volumes/Radishes/GBIF_2026_update_scoring_images/3503203425.jpg,TRUE,copied
3503202669,cch2_original,2960501.jpg,3503202669.jpg,/Volumes/Radishes/OG_CCH2_phenology_scored_specimen_images/2960501.jpg,/Volumes/Radishes/GBIF_2026_update_scoring_images/3503202669.jpg,TRUE,copied
3503202664,cch2_original,2960503.jpg,3503202664.jpg,/Volumes/Radishes/OG_CCH2_phenology_scored_specimen_images/2960503.jpg,/Volumes/Radishes/GBIF_2026_update_scoring_images/3503202664.jpg,TRUE,copied
3503202678,cch2_original,2960568.jpg,3503202678.jpg,/Volumes/Radishes/OG_CCH2_phenology_scored_specimen_images/2960568.jpg,/Volumes/Radishes/GBIF_2026_update_scoring_images/3503202678.jpg,TRUE,copied
2421781413,cch2_original,2963303.jpg,2421781413.jpg,/Volumes/Radishes/OG_CCH2_phenology_scored_specimen_images/2963303.jpg,/Volumes/Radishes/GBIF_2026_update_scoring_images/2421781413.jpg,TRUE,copied
2270265580,cch2_original,304535.jpg,2270265580.jpg,/Volumes/Radishes/OG_CCH2_phenology_scored_specimen_images/304535.jpg,/Volumes/Radishes/GBIF_2026_update_scoring_images/2270265580.jpg,TRUE,copied
2270264962,cch2_original,304537.jpg,2270264962.jpg,/Volumes/Radishes/OG_CCH2_phenology_scored_specimen_images/304537.jpg,/Volumes/Radishes/GBIF_2026_update_scoring_images/2270264962.jpg,TRUE,copied
2270264408,cch2_original,304540.jpg,2270264408.jpg,/Volumes/Radishes/OG_CCH2_phenology_scored_specimen_images/304540.jpg,/Volumes/Radishes/GBIF_2026_update_scoring_images/2270264408.jpg,TRUE,copied
2270264370,cch2_original,304543.jpg,2270264370.jpg,/Volumes/Radishes/OG_CCH2_phenology_scored_specimen_images/304543.jpg,/Volumes/Radishes/GBIF_2026_update_scoring_images/2270264370.jpg,TRUE,copied
2270265888,cch2_original,304544.jpg,2270265888.jpg,/Volumes/Radishes/OG_CCH2_phenology_scored_specimen_images/304544.jpg,/Volumes/Radishes/GBIF_2026_update_scoring_images/2270265888.jpg,TRUE,copied
2270266533,cch2_original,304545.jpg,2270266533.jpg,/Volumes/Radishes/OG_CCH2_phenology_scored_specimen_images/304545.jpg,/Volumes/Radishes/GBIF_2026_update_scoring_images/2270266533.jpg,TRUE,copied
2270264086,cch2_original,304547.jpg,2270264086.jpg,/Volumes/Radishes/OG_CCH2_phenology_scored_specimen_images/304547.jpg,/Volumes/Radishes/GBIF_2026_update_scoring_images/2270264086.jpg,TRUE,copied
2270262548,cch2_original,304548.jpg,2270262548.jpg,/Volumes/Radishes/OG_CCH2_phenology_scored_specimen_images/304548.jpg,/Volumes/Radishes/GBIF_2026_update_scoring_images/2270262548.jpg,TRUE,copied
2270264531,cch2_original,304550.jpg,2270264531.jpg,/Volumes/Radishes/OG_CCH2_phenology_scored_specimen_images/304550.jpg,/Volumes/Radishes/GBIF_2026_update_scoring_images/2270264531.jpg,TRUE,copied
2270264146,cch2_original,304551.jpg,2270264146.jpg,/Volumes/Radishes/OG_CCH2_phenology_scored_specimen_images/304551.jpg,/Volumes/Radishes/GBIF_2026_update_scoring_images/2270264146.jpg,TRUE,copied
2270264254,cch2_original,304552.jpg,2270264254.jpg,/Volumes/Radishes/OG_CCH2_phenology_scored_specimen_images/304552.jpg,/Volumes/Radishes/GBIF_2026_update_scoring_images/2270264254.jpg,TRUE,copied
2270263733,cch2_original,304553.jpg,2270263733.jpg,/Volumes/Radishes/OG_CCH2_phenology_scored_specimen_images/304553.jpg,/Volumes/Radishes/GBIF_2026_update_scoring_images/2270263733.jpg,TRUE,copied
2270264977,cch2_original,304556.jpg,2270264977.jpg,/Volumes/Radishes/OG_CCH2_phenology_scored_specimen_images/304556.jpg,/Volumes/Radishes/GBIF_2026_update_scoring_images/2270264977.jpg,TRUE,copied
2270262984,cch2_original,304558.jpg,2270262984.jpg,/Volumes/Radishes/OG_CCH2_phenology_scored_specimen_images/304558.jpg,/Volumes/Radishes/GBIF_2026_update_scoring_images/2270262984.jpg,TRUE,copied
2270263094,cch2_original,304560.jpg,2270263094.jpg,/Volumes/Radishes/OG_CCH2_phenology_scored_specimen_images/304560.jpg,/Volumes/Radishes/GBIF_2026_update_scoring_images/2270263094.jpg,TRUE,copied
2270265187,cch2_original,304561.jpg,2270265187.jpg,/Volumes/Radishes/OG_CCH2_phenology_scored_specimen_images/304561.jpg,/Volumes/Radishes/GBIF_2026_update_scoring_images/2270265187.jpg,TRUE,copied
2270264027,cch2_original,304562.jpg,2270264027.jpg,/Volumes/Radishes/OG_CCH2_phenology_scored_specimen_images/304562.jpg,/Volumes/Radishes/GBIF_2026_update_scoring_images/2270264027.jpg,TRUE,copied
2270266806,cch2_original,304563.jpg,2270266806.jpg,/Volumes/Radishes/OG_CCH2_phenology_scored_specimen_images/304563.jpg,/Volumes/Radishes/GBIF_2026_update_scoring_images/2270266806.jpg,TRUE,copied
2270263166,cch2_original,304565.jpg,2270263166.jpg,/Volumes/Radishes/OG_CCH2_phenology_scored_specimen_images/304565.jpg,/Volumes/Radishes/GBIF_2026_update_scoring_images/2270263166.jpg,TRUE,copied
2270264652,cch2_original,304567.jpg,2270264652.jpg,/Volumes/Radishes/OG_CCH2_phenology_scored_specimen_images/304567.jpg,/Volumes/Radishes/GBIF_2026_update_scoring_images/2270264652.jpg,TRUE,copied
2270264926,cch2_original,304568.jpg,2270264926.jpg,/Volumes/Radishes/OG_CCH2_phenology_scored_specimen_images/304568.jpg,/Volumes/Radishes/GBIF_2026_update_scoring_images/2270264926.jpg,TRUE,copied
2270264087,cch2_original,304570.jpg,2270264087.jpg,/Volumes/Radishes/OG_CCH2_phenology_scored_specimen_images/304570.jpg,/Volumes/Radishes/GBIF_2026_update_scoring_images/2270264087.jpg,TRUE,copied
2270267585,cch2_original,304571.jpg,2270267585.jpg,/Volumes/Radishes/OG_CCH2_phenology_scored_specimen_images/304571.jpg,/Volumes/Radishes/GBIF_2026_update_scoring_images/2270267585.jpg,TRUE,copied
2270262069,cch2_original,304574.jpg,2270262069.jpg,/Volumes/Radishes/OG_CCH2_phenology_scored_specimen_images/304574.jpg,/Volumes/Radishes/GBIF_2026_update_scoring_images/2270262069.jpg,TRUE,copied
2270264448,cch2_original,304577.jpg,2270264448.jpg,/Volumes/Radishes/OG_CCH2_phenology_scored_specimen_images/304577.jpg,/Volumes/Radishes/GBIF_2026_update_scoring_images/2270264448.jpg,TRUE,copied
2270265961,cch2_original,304578.jpg,2270265961.jpg,/Volumes/Radishes/OG_CCH2_phenology_scored_specimen_images/304578.jpg,/Volumes/Radishes/GBIF_2026_update_scoring_images/2270265961.jpg,TRUE,copied
2270264617,cch2_original,304579.jpg,2270264617.jpg,/Volumes/Radishes/OG_CCH2_phenology_scored_specimen_images/304579.jpg,/Volumes/Radishes/GBIF_2026_update_scoring_images/2270264617.jpg,TRUE,copied
2270263144,cch2_original,304582.jpg,2270263144.jpg,/Volumes/Radishes/OG_CCH2_phenology_scored_specimen_images/304582.jpg,/Volumes/Radishes/GBIF_2026_update_scoring_images/2270263144.jpg,TRUE,copied
2270266788,cch2_original,304590.jpg,2270266788.jpg,/Volumes/Radishes/OG_CCH2_phenology_scored_specimen_images/304590.jpg,/Volumes/Radishes/GBIF_2026_update_scoring_images/2270266788.jpg,TRUE,copied
2270264313,cch2_original,304591.jpg,2270264313.jpg,/Volumes/Radishes/OG_CCH2_phenology_scored_specimen_images/304591.jpg,/Volumes/Radishes/GBIF_2026_update_scoring_images/2270264313.jpg,TRUE,copied
2270264671,cch2_original,304592.jpg,2270264671.jpg,/Volumes/Radishes/OG_CCH2_phenology_scored_specimen_images/304592.jpg,/Volumes/Radishes/GBIF_2026_update_scoring_images/2270264671.jpg,TRUE,copied
2270268030,cch2_original,304593.jpg,2270268030.jpg,/Volumes/Radishes/OG_CCH2_phenology_scored_specimen_images/304593.jpg,/Volumes/Radishes/GBIF_2026_update_scoring_images/2270268030.jpg,TRUE,copied
2270264948,cch2_original,304594.jpg,2270264948.jpg,/Volumes/Radishes/OG_CCH2_phenology_scored_specimen_images/304594.jpg,/Volumes/Radishes/GBIF_2026_update_scoring_images/2270264948.jpg,TRUE,copied
2270266164,cch2_original,304595.jpg,2270266164.jpg,/Volumes/Radishes/OG_CCH2_phenology_scored_specimen_images/304595.jpg,/Volumes/Radishes/GBIF_2026_update_scoring_images/2270266164.jpg,TRUE,copied
2270263927,cch2_original,304596.jpg,2270263927.jpg,/Volumes/Radishes/OG_CCH2_phenology_scored_specimen_images/304596.jpg,/Volumes/Radishes/GBIF_2026_update_scoring_images/2270263927.jpg,TRUE,copied
2270264335,cch2_original,304597.jpg,2270264335.jpg,/Volumes/Radishes/OG_CCH2_phenology_scored_specimen_images/304597.jpg,/Volumes/Radishes/GBIF_2026_update_scoring_images/2270264335.jpg,TRUE,copied
2270265725,cch2_original,304598.jpg,2270265725.jpg,/Volumes/Radishes/OG_CCH2_phenology_scored_specimen_images/304598.jpg,/Volumes/Radishes/GBIF_2026_update_scoring_images/2270265725.jpg,TRUE,copied
2270264390,cch2_original,304600.jpg,2270264390.jpg,/Volumes/Radishes/OG_CCH2_phenology_scored_specimen_images/304600.jpg,/Volumes/Radishes/GBIF_2026_update_scoring_images/2270264390.jpg,TRUE,copied
2270263400,cch2_original,304601.jpg,2270263400.jpg,/Volumes/Radishes/OG_CCH2_phenology_scored_specimen_images/304601.jpg,/Volumes/Radishes/GBIF_2026_update_scoring_images/2270263400.jpg,TRUE,copied
2270264164,cch2_original,304605.jpg,2270264164.jpg,/Volumes/Radishes/OG_CCH2_phenology_scored_specimen_images/304605.jpg,/Volumes/Radishes/GBIF_2026_update_scoring_images/2270264164.jpg,TRUE,copied
2270262383,cch2_original,304606.jpg,2270262383.jpg,/Volumes/Radishes/OG_CCH2_phenology_scored_specimen_images/304606.jpg,/Volumes/Radishes/GBIF_2026_update_scoring_images/2270262383.jpg,TRUE,copied
2270264788,cch2_original,304608.jpg,2270264788.jpg,/Volumes/Radishes/OG_CCH2_phenology_scored_specimen_images/304608.jpg,/Volumes/Radishes/GBIF_2026_update_scoring_images/2270264788.jpg,TRUE,copied
2270289608,cch2_original,330069.jpg,2270289608.jpg,/Volumes/Radishes/OG_CCH2_phenology_scored_specimen_images/330069.jpg,/Volumes/Radishes/GBIF_2026_update_scoring_images/2270289608.jpg,TRUE,copied
2270291156,cch2_original,330070.jpg,2270291156.jpg,/Volumes/Radishes/OG_CCH2_phenology_scored_specimen_images/330070.jpg,/Volumes/Radishes/GBIF_2026_update_scoring_images/2270291156.jpg,TRUE,copied
2459174892,cch2_original,3590276.jpg,2459174892.jpg,/Volumes/Radishes/OG_CCH2_phenology_scored_specimen_images/3590276.jpg,/Volumes/Radishes/GBIF_2026_update_scoring_images/2459174892.jpg,TRUE,copied
2432124765,cch2_original,3630484.jpg,2432124765.jpg,/Volumes/Radishes/OG_CCH2_phenology_scored_specimen_images/3630484.jpg,/Volumes/Radishes/GBIF_2026_update_scoring_images/2432124765.jpg,TRUE,copied
2432122113,cch2_original,3641757.jpg,2432122113.jpg,/Volumes/Radishes/OG_CCH2_phenology_scored_specimen_images/3641757.jpg,/Volumes/Radishes/GBIF_2026_update_scoring_images/2432122113.jpg,TRUE,copied
2982076058,cch2_original,3669165.jpg,2982076058.jpg,/Volumes/Radishes/OG_CCH2_phenology_scored_specimen_images/3669165.jpg,/Volumes/Radishes/GBIF_2026_update_scoring_images/2982076058.jpg,TRUE,copied
2459759901,cch2_original,3726377.jpg,2459759901.jpg,/Volumes/Radishes/OG_CCH2_phenology_scored_specimen_images/3726377.jpg,/Volumes/Radishes/GBIF_2026_update_scoring_images/2459759901.jpg,TRUE,copied
2382621038,cch2_original,374522.jpg,2382621038.jpg,/Volumes/Radishes/OG_CCH2_phenology_scored_specimen_images/374522.jpg,/Volumes/Radishes/GBIF_2026_update_scoring_images/2382621038.jpg,TRUE,copied
3125267791,cch2_original,3751457.jpg,3125267791.jpg,/Volumes/Radishes/OG_CCH2_phenology_scored_specimen_images/3751457.jpg,/Volumes/Radishes/GBIF_2026_update_scoring_images/3125267791.jpg,TRUE,copied
2382622178,cch2_original,375689.jpg,2382622178.jpg,/Volumes/Radishes/OG_CCH2_phenology_scored_specimen_images/375689.jpg,/Volumes/Radishes/GBIF_2026_update_scoring_images/2382622178.jpg,TRUE,copied
2382622111,cch2_original,375690.jpg,2382622111.jpg,/Volumes/Radishes/OG_CCH2_phenology_scored_specimen_images/375690.jpg,/Volumes/Radishes/GBIF_2026_update_scoring_images/2382622111.jpg,TRUE,copied
2382622064,cch2_original,375691.jpg,2382622064.jpg,/Volumes/Radishes/OG_CCH2_phenology_scored_specimen_images/375691.jpg,/Volumes/Radishes/GBIF_2026_update_scoring_images/2382622064.jpg,TRUE,copied
2382621820,cch2_original,375692.jpg,2382621820.jpg,/Volumes/Radishes/OG_CCH2_phenology_scored_specimen_images/375692.jpg,/Volumes/Radishes/GBIF_2026_update_scoring_images/2382621820.jpg,TRUE,copied
2382622210,cch2_original,375694.jpg,2382622210.jpg,/Volumes/Radishes/OG_CCH2_phenology_scored_specimen_images/375694.jpg,/Volumes/Radishes/GBIF_2026_update_scoring_images/2382622210.jpg,TRUE,copied
2382621988,cch2_original,375695.jpg,2382621988.jpg,/Volumes/Radishes/OG_CCH2_phenology_scored_specimen_images/375695.jpg,/Volumes/Radishes/GBIF_2026_update_scoring_images/2382621988.jpg,TRUE,copied
2382622440,cch2_original,375700.jpg,2382622440.jpg,/Volumes/Radishes/OG_CCH2_phenology_scored_specimen_images/375700.jpg,/Volumes/Radishes/GBIF_2026_update_scoring_images/2382622440.jpg,TRUE,copied
2382622147,cch2_original,375701.jpg,2382622147.jpg,/Volumes/Radishes/OG_CCH2_phenology_scored_specimen_images/375701.jpg,/Volumes/Radishes/GBIF_2026_update_scoring_images/2382622147.jpg,TRUE,copied
2382622100,cch2_original,375702.jpg,2382622100.jpg,/Volumes/Radishes/OG_CCH2_phenology_scored_specimen_images/375702.jpg,/Volumes/Radishes/GBIF_2026_update_scoring_images/2382622100.jpg,TRUE,copied
2382622216,cch2_original,375708.jpg,2382622216.jpg,/Volumes/Radishes/OG_CCH2_phenology_scored_specimen_images/375708.jpg,/Volumes/Radishes/GBIF_2026_update_scoring_images/2382622216.jpg,TRUE,copied
2382622312,cch2_original,375714.jpg,2382622312.jpg,/Volumes/Radishes/OG_CCH2_phenology_scored_specimen_images/375714.jpg,/Volumes/Radishes/GBIF_2026_update_scoring_images/2382622312.jpg,TRUE,copied
2382622091,cch2_original,375726.jpg,2382622091.jpg,/Volumes/Radishes/OG_CCH2_phenology_scored_specimen_images/375726.jpg,/Volumes/Radishes/GBIF_2026_update_scoring_images/2382622091.jpg,TRUE,copied
2382622639,cch2_original,376201.jpg,2382622639.jpg,/Volumes/Radishes/OG_CCH2_phenology_scored_specimen_images/376201.jpg,/Volumes/Radishes/GBIF_2026_update_scoring_images/2382622639.jpg,TRUE,copied
3053482158,cch2_original,3771777.jpg,3053482158.jpg,/Volumes/Radishes/OG_CCH2_phenology_scored_specimen_images/3771777.jpg,/Volumes/Radishes/GBIF_2026_update_scoring_images/3053482158.jpg,TRUE,copied
2556160552,cch2_original,3776580.jpg,2556160552.jpg,/Volumes/Radishes/OG_CCH2_phenology_scored_specimen_images/3776580.jpg,/Volumes/Radishes/GBIF_2026_update_scoring_images/2556160552.jpg,TRUE,copied
2556160555,cch2_original,3776588.jpg,2556160555.jpg,/Volumes/Radishes/OG_CCH2_phenology_scored_specimen_images/3776588.jpg,/Volumes/Radishes/GBIF_2026_update_scoring_images/2556160555.jpg,TRUE,copied
2610075864,cch2_original,3791446.jpg,2610075864.jpg,/Volumes/Radishes/OG_CCH2_phenology_scored_specimen_images/3791446.jpg,/Volumes/Radishes/GBIF_2026_update_scoring_images/2610075864.jpg,TRUE,copied
2565954861,cch2_original,3792158.jpg,2565954861.jpg,/Volumes/Radishes/OG_CCH2_phenology_scored_specimen_images/3792158.jpg,/Volumes/Radishes/GBIF_2026_update_scoring_images/2565954861.jpg,TRUE,copied
2565952988,cch2_original,3792160.jpg,2565952988.jpg,/Volumes/Radishes/OG_CCH2_phenology_scored_specimen_images/3792160.jpg,/Volumes/Radishes/GBIF_2026_update_scoring_images/2565952988.jpg,TRUE,copied
2565954642,cch2_original,3792161.jpg,2565954642.jpg,/Volumes/Radishes/OG_CCH2_phenology_scored_specimen_images/3792161.jpg,/Volumes/Radishes/GBIF_2026_update_scoring_images/2565954642.jpg,TRUE,copied
2565953957,cch2_original,3792162.jpg,2565953957.jpg,/Volumes/Radishes/OG_CCH2_phenology_scored_specimen_images/3792162.jpg,/Volumes/Radishes/GBIF_2026_update_scoring_images/2565953957.jpg,TRUE,copied
2565954742,cch2_original,3792163.jpg,2565954742.jpg,/Volumes/Radishes/OG_CCH2_phenology_scored_specimen_images/3792163.jpg,/Volumes/Radishes/GBIF_2026_update_scoring_images/2565954742.jpg,TRUE,copied
2565953083,cch2_original,3792164.jpg,2565953083.jpg,/Volumes/Radishes/OG_CCH2_phenology_scored_specimen_images/3792164.jpg,/Volumes/Radishes/GBIF_2026_update_scoring_images/2565953083.jpg,TRUE,copied
2565954243,cch2_original,3792167.jpg,2565954243.jpg,/Volumes/Radishes/OG_CCH2_phenology_scored_specimen_images/3792167.jpg,/Volumes/Radishes/GBIF_2026_update_scoring_images/2565954243.jpg,TRUE,copied
2565953754,cch2_original,3792168.jpg,2565953754.jpg,/Volumes/Radishes/OG_CCH2_phenology_scored_specimen_images/3792168.jpg,/Volumes/Radishes/GBIF_2026_update_scoring_images/2565953754.jpg,TRUE,copied
2565954427,cch2_original,3792169.jpg,2565954427.jpg,/Volumes/Radishes/OG_CCH2_phenology_scored_specimen_images/3792169.jpg,/Volumes/Radishes/GBIF_2026_update_scoring_images/2565954427.jpg,TRUE,copied
2565953470,cch2_original,3792171.jpg,2565953470.jpg,/Volumes/Radishes/OG_CCH2_phenology_scored_specimen_images/3792171.jpg,/Volumes/Radishes/GBIF_2026_update_scoring_images/2565953470.jpg,TRUE,copied
2565953498,cch2_original,3792172.jpg,2565953498.jpg,/Volumes/Radishes/OG_CCH2_phenology_scored_specimen_images/3792172.jpg,/Volumes/Radishes/GBIF_2026_update_scoring_images/2565953498.jpg,TRUE,copied
2565952925,cch2_original,3792174.jpg,2565952925.jpg,/Volumes/Radishes/OG_CCH2_phenology_scored_specimen_images/3792174.jpg,/Volumes/Radishes/GBIF_2026_update_scoring_images/2565952925.jpg,TRUE,copied
2565954927,cch2_original,3792175.jpg,2565954927.jpg,/Volumes/Radishes/OG_CCH2_phenology_scored_specimen_images/3792175.jpg,/Volumes/Radishes/GBIF_2026_update_scoring_images/2565954927.jpg,TRUE,copied
2565954408,cch2_original,3792176.jpg,2565954408.jpg,/Volumes/Radishes/OG_CCH2_phenology_scored_specimen_images/3792176.jpg,/Volumes/Radishes/GBIF_2026_update_scoring_images/2565954408.jpg,TRUE,copied
2565954556,cch2_original,3792177.jpg,2565954556.jpg,/Volumes/Radishes/OG_CCH2_phenology_scored_specimen_images/3792177.jpg,/Volumes/Radishes/GBIF_2026_update_scoring_images/2565954556.jpg,TRUE,copied
2565953524,cch2_original,3792179.jpg,2565953524.jpg,/Volumes/Radishes/OG_CCH2_phenology_scored_specimen_images/3792179.jpg,/Volumes/Radishes/GBIF_2026_update_scoring_images/2565953524.jpg,TRUE,copied
2565954577,cch2_original,3792180.jpg,2565954577.jpg,/Volumes/Radishes/OG_CCH2_phenology_scored_specimen_images/3792180.jpg,/Volumes/Radishes/GBIF_2026_update_scoring_images/2565954577.jpg,TRUE,copied
2565953274,cch2_original,3792183.jpg,2565953274.jpg,/Volumes/Radishes/OG_CCH2_phenology_scored_specimen_images/3792183.jpg,/Volumes/Radishes/GBIF_2026_update_scoring_images/2565953274.jpg,TRUE,copied
2565953023,cch2_original,3792184.jpg,2565953023.jpg,/Volumes/Radishes/OG_CCH2_phenology_scored_specimen_images/3792184.jpg,/Volumes/Radishes/GBIF_2026_update_scoring_images/2565953023.jpg,TRUE,copied
2565953087,cch2_original,3792187.jpg,2565953087.jpg,/Volumes/Radishes/OG_CCH2_phenology_scored_specimen_images/3792187.jpg,/Volumes/Radishes/GBIF_2026_update_scoring_images/2565953087.jpg,TRUE,copied
2565954080,cch2_original,3792191.jpg,2565954080.jpg,/Volumes/Radishes/OG_CCH2_phenology_scored_specimen_images/3792191.jpg,/Volumes/Radishes/GBIF_2026_update_scoring_images/2565954080.jpg,TRUE,copied
2565954777,cch2_original,3792194.jpg,2565954777.jpg,/Volumes/Radishes/OG_CCH2_phenology_scored_specimen_images/3792194.jpg,/Volumes/Radishes/GBIF_2026_update_scoring_images/2565954777.jpg,TRUE,copied
2565954517,cch2_original,3792195.jpg,2565954517.jpg,/Volumes/Radishes/OG_CCH2_phenology_scored_specimen_images/3792195.jpg,/Volumes/Radishes/GBIF_2026_update_scoring_images/2565954517.jpg,TRUE,copied
2565953314,cch2_original,3792198.jpg,2565953314.jpg,/Volumes/Radishes/OG_CCH2_phenology_scored_specimen_images/3792198.jpg,/Volumes/Radishes/GBIF_2026_update_scoring_images/2565953314.jpg,TRUE,copied
2560339366,cch2_original,3798671.jpg,2560339366.jpg,/Volumes/Radishes/OG_CCH2_phenology_scored_specimen_images/3798671.jpg,/Volumes/Radishes/GBIF_2026_update_scoring_images/2560339366.jpg,TRUE,copied
2565963271,cch2_original,3801164.jpg,2565963271.jpg,/Volumes/Radishes/OG_CCH2_phenology_scored_specimen_images/3801164.jpg,/Volumes/Radishes/GBIF_2026_update_scoring_images/2565963271.jpg,TRUE,copied
2565963695,cch2_original,3801169.jpg,2565963695.jpg,/Volumes/Radishes/OG_CCH2_phenology_scored_specimen_images/3801169.jpg,/Volumes/Radishes/GBIF_2026_update_scoring_images/2565963695.jpg,TRUE,copied
2565966412,cch2_original,3801172.jpg,2565966412.jpg,/Volumes/Radishes/OG_CCH2_phenology_scored_specimen_images/3801172.jpg,/Volumes/Radishes/GBIF_2026_update_scoring_images/2565966412.jpg,TRUE,copied
2565964696,cch2_original,3801178.jpg,2565964696.jpg,/Volumes/Radishes/OG_CCH2_phenology_scored_specimen_images/3801178.jpg,/Volumes/Radishes/GBIF_2026_update_scoring_images/2565964696.jpg,TRUE,copied
2565963840,cch2_original,3801183.jpg,2565963840.jpg,/Volumes/Radishes/OG_CCH2_phenology_scored_specimen_images/3801183.jpg,/Volumes/Radishes/GBIF_2026_update_scoring_images/2565963840.jpg,TRUE,copied
2565964095,cch2_original,3801184.jpg,2565964095.jpg,/Volumes/Radishes/OG_CCH2_phenology_scored_specimen_images/3801184.jpg,/Volumes/Radishes/GBIF_2026_update_scoring_images/2565964095.jpg,TRUE,copied
2565963445,cch2_original,3801191.jpg,2565963445.jpg,/Volumes/Radishes/OG_CCH2_phenology_scored_specimen_images/3801191.jpg,/Volumes/Radishes/GBIF_2026_update_scoring_images/2565963445.jpg,TRUE,copied
2565964502,cch2_original,3801196.jpg,2565964502.jpg,/Volumes/Radishes/OG_CCH2_phenology_scored_specimen_images/3801196.jpg,/Volumes/Radishes/GBIF_2026_update_scoring_images/2565964502.jpg,TRUE,copied
2565960328,cch2_original,3801199.jpg,2565960328.jpg,/Volumes/Radishes/OG_CCH2_phenology_scored_specimen_images/3801199.jpg,/Volumes/Radishes/GBIF_2026_update_scoring_images/2565960328.jpg,TRUE,copied
2610076196,cch2_original,3805929.jpg,2610076196.jpg,/Volumes/Radishes/OG_CCH2_phenology_scored_specimen_images/3805929.jpg,/Volumes/Radishes/GBIF_2026_update_scoring_images/2610076196.jpg,TRUE,copied
2610092731,cch2_original,3840150.jpg,2610092731.jpg,/Volumes/Radishes/OG_CCH2_phenology_scored_specimen_images/3840150.jpg,/Volumes/Radishes/GBIF_2026_update_scoring_images/2610092731.jpg,TRUE,copied
2610093747,cch2_original,3841582.jpg,2610093747.jpg,/Volumes/Radishes/OG_CCH2_phenology_scored_specimen_images/3841582.jpg,/Volumes/Radishes/GBIF_2026_update_scoring_images/2610093747.jpg,TRUE,copied
2382631576,cch2_original,384334.jpg,2382631576.jpg,/Volumes/Radishes/OG_CCH2_phenology_scored_specimen_images/384334.jpg,/Volumes/Radishes/GBIF_2026_update_scoring_images/2382631576.jpg,TRUE,copied
2382632532,cch2_original,387226.jpg,2382632532.jpg,/Volumes/Radishes/OG_CCH2_phenology_scored_specimen_images/387226.jpg,/Volumes/Radishes/GBIF_2026_update_scoring_images/2382632532.jpg,TRUE,copied
2595836188,cch2_original,3873464.jpg,2595836188.jpg,/Volumes/Radishes/OG_CCH2_phenology_scored_specimen_images/3873464.jpg,/Volumes/Radishes/GBIF_2026_update_scoring_images/2595836188.jpg,TRUE,copied
2382634448,cch2_original,388460.jpg,2382634448.jpg,/Volumes/Radishes/OG_CCH2_phenology_scored_specimen_images/388460.jpg,/Volumes/Radishes/GBIF_2026_update_scoring_images/2382634448.jpg,TRUE,copied
2382635152,cch2_original,388498.jpg,2382635152.jpg,/Volumes/Radishes/OG_CCH2_phenology_scored_specimen_images/388498.jpg,/Volumes/Radishes/GBIF_2026_update_scoring_images/2382635152.jpg,TRUE,copied
2382634748,cch2_original,388921.jpg,2382634748.jpg,/Volumes/Radishes/OG_CCH2_phenology_scored_specimen_images/388921.jpg,/Volumes/Radishes/GBIF_2026_update_scoring_images/2382634748.jpg,TRUE,copied
2382636701,cch2_original,389892.jpg,2382636701.jpg,/Volumes/Radishes/OG_CCH2_phenology_scored_specimen_images/389892.jpg,/Volumes/Radishes/GBIF_2026_update_scoring_images/2382636701.jpg,TRUE,copied
3406824032,cch2_original,3904069.jpg,3406824032.jpg,/Volumes/Radishes/OG_CCH2_phenology_scored_specimen_images/3904069.jpg,/Volumes/Radishes/GBIF_2026_update_scoring_images/3406824032.jpg,TRUE,copied
3406824028,cch2_original,3904070.jpg,3406824028.jpg,/Volumes/Radishes/OG_CCH2_phenology_scored_specimen_images/3904070.jpg,/Volumes/Radishes/GBIF_2026_update_scoring_images/3406824028.jpg,TRUE,copied
3406824047,cch2_original,3904071.jpg,3406824047.jpg,/Volumes/Radishes/OG_CCH2_phenology_scored_specimen_images/3904071.jpg,/Volumes/Radishes/GBIF_2026_update_scoring_images/3406824047.jpg,TRUE,copied
3406824049,cch2_original,3904072.jpg,3406824049.jpg,/Volumes/Radishes/OG_CCH2_phenology_scored_specimen_images/3904072.jpg,/Volumes/Radishes/GBIF_2026_update_scoring_images/3406824049.jpg,TRUE,copied
3406827745,cch2_original,3904090.jpg,3406827745.jpg,/Volumes/Radishes/OG_CCH2_phenology_scored_specimen_images/3904090.jpg,/Volumes/Radishes/GBIF_2026_update_scoring_images/3406827745.jpg,TRUE,copied
3406827741,cch2_original,3904091.jpg,3406827741.jpg,/Volumes/Radishes/OG_CCH2_phenology_scored_specimen_images/3904091.jpg,/Volumes/Radishes/GBIF_2026_update_scoring_images/3406827741.jpg,TRUE,copied
3406827800,cch2_original,3904095.jpg,3406827800.jpg,/Volumes/Radishes/OG_CCH2_phenology_scored_specimen_images/3904095.jpg,/Volumes/Radishes/GBIF_2026_update_scoring_images/3406827800.jpg,TRUE,copied
2382638187,cch2_original,390689.jpg,2382638187.jpg,/Volumes/Radishes/OG_CCH2_phenology_scored_specimen_images/390689.jpg,/Volumes/Radishes/GBIF_2026_update_scoring_images/2382638187.jpg,TRUE,copied
2382637652,cch2_original,391803.jpg,2382637652.jpg,/Volumes/Radishes/OG_CCH2_phenology_scored_specimen_images/391803.jpg,/Volumes/Radishes/GBIF_2026_update_scoring_images/2382637652.jpg,TRUE,copied
2382640486,cch2_original,393682.jpg,2382640486.jpg,/Volumes/Radishes/OG_CCH2_phenology_scored_specimen_images/393682.jpg,/Volumes/Radishes/GBIF_2026_update_scoring_images/2382640486.jpg,TRUE,copied
2610102809,cch2_original,3941717.jpg,2610102809.jpg,/Volumes/Radishes/OG_CCH2_phenology_scored_specimen_images/3941717.jpg,/Volumes/Radishes/GBIF_2026_update_scoring_images/2610102809.jpg,TRUE,copied
2382641589,cch2_original,395477.jpg,2382641589.jpg,/Volumes/Radishes/OG_CCH2_phenology_scored_specimen_images/395477.jpg,/Volumes/Radishes/GBIF_2026_update_scoring_images/2382641589.jpg,TRUE,copied
2382641497,cch2_original,395628.jpg,2382641497.jpg,/Volumes/Radishes/OG_CCH2_phenology_scored_specimen_images/395628.jpg,/Volumes/Radishes/GBIF_2026_update_scoring_images/2382641497.jpg,TRUE,copied
3125139898,cch2_original,3963071.jpg,3125139898.jpg,/Volumes/Radishes/OG_CCH2_phenology_scored_specimen_images/3963071.jpg,/Volumes/Radishes/GBIF_2026_update_scoring_images/3125139898.jpg,TRUE,copied
3125266894,cch2_original,3963072.jpg,3125266894.jpg,/Volumes/Radishes/OG_CCH2_phenology_scored_specimen_images/3963072.jpg,/Volumes/Radishes/GBIF_2026_update_scoring_images/3125266894.jpg,TRUE,copied
2821375510,cch2_original,3964300.jpg,2821375510.jpg,/Volumes/Radishes/OG_CCH2_phenology_scored_specimen_images/3964300.jpg,/Volumes/Radishes/GBIF_2026_update_scoring_images/2821375510.jpg,TRUE,copied
3053406374,cch2_original,4060635.jpg,3053406374.jpg,/Volumes/Radishes/OG_CCH2_phenology_scored_specimen_images/4060635.jpg,/Volumes/Radishes/GBIF_2026_update_scoring_images/3053406374.jpg,TRUE,copied
2982093429,cch2_original,4064454.jpg,2982093429.jpg,/Volumes/Radishes/OG_CCH2_phenology_scored_specimen_images/4064454.jpg,/Volumes/Radishes/GBIF_2026_update_scoring_images/2982093429.jpg,TRUE,copied
3053403450,cch2_original,4418728.jpg,3053403450.jpg,/Volumes/Radishes/OG_CCH2_phenology_scored_specimen_images/4418728.jpg,/Volumes/Radishes/GBIF_2026_update_scoring_images/3053403450.jpg,TRUE,copied
3320764608,cch2_original,4457537.jpg,3320764608.jpg,/Volumes/Radishes/OG_CCH2_phenology_scored_specimen_images/4457537.jpg,/Volumes/Radishes/GBIF_2026_update_scoring_images/3320764608.jpg,TRUE,copied
3320779463,cch2_original,4458927.jpg,3320779463.jpg,/Volumes/Radishes/OG_CCH2_phenology_scored_specimen_images/4458927.jpg,/Volumes/Radishes/GBIF_2026_update_scoring_images/3320779463.jpg,TRUE,copied
3320779487,cch2_original,4458930.jpg,3320779487.jpg,/Volumes/Radishes/OG_CCH2_phenology_scored_specimen_images/4458930.jpg,/Volumes/Radishes/GBIF_2026_update_scoring_images/3320779487.jpg,TRUE,copied
3320794205,cch2_original,4459069.jpg,3320794205.jpg,/Volumes/Radishes/OG_CCH2_phenology_scored_specimen_images/4459069.jpg,/Volumes/Radishes/GBIF_2026_update_scoring_images/3320794205.jpg,TRUE,copied
3320793347,cch2_original,4460311.jpg,3320793347.jpg,/Volumes/Radishes/OG_CCH2_phenology_scored_specimen_images/4460311.jpg,/Volumes/Radishes/GBIF_2026_update_scoring_images/3320793347.jpg,TRUE,copied
3320791427,cch2_original,4460478.jpg,3320791427.jpg,/Volumes/Radishes/OG_CCH2_phenology_scored_specimen_images/4460478.jpg,/Volumes/Radishes/GBIF_2026_update_scoring_images/3320791427.jpg,TRUE,copied
3320792250,cch2_original,4460519.jpg,3320792250.jpg,/Volumes/Radishes/OG_CCH2_phenology_scored_specimen_images/4460519.jpg,/Volumes/Radishes/GBIF_2026_update_scoring_images/3320792250.jpg,TRUE,copied
3320810859,cch2_original,4465868.jpg,3320810859.jpg,/Volumes/Radishes/OG_CCH2_phenology_scored_specimen_images/4465868.jpg,/Volumes/Radishes/GBIF_2026_update_scoring_images/3320810859.jpg,TRUE,copied
3320767017,cch2_original,4472711.jpg,3320767017.jpg,/Volumes/Radishes/OG_CCH2_phenology_scored_specimen_images/4472711.jpg,/Volumes/Radishes/GBIF_2026_update_scoring_images/3320767017.jpg,TRUE,copied
3320805291,cch2_original,4480533.jpg,3320805291.jpg,/Volumes/Radishes/OG_CCH2_phenology_scored_specimen_images/4480533.jpg,/Volumes/Radishes/GBIF_2026_update_scoring_images/3320805291.jpg,TRUE,copied
3320745734,cch2_original,4485099.jpg,3320745734.jpg,/Volumes/Radishes/OG_CCH2_phenology_scored_specimen_images/4485099.jpg,/Volumes/Radishes/GBIF_2026_update_scoring_images/3320745734.jpg,TRUE,copied
3320791274,cch2_original,4488222.jpg,3320791274.jpg,/Volumes/Radishes/OG_CCH2_phenology_scored_specimen_images/4488222.jpg,/Volumes/Radishes/GBIF_2026_update_scoring_images/3320791274.jpg,TRUE,copied
3096862305,cch2_original,4562413.jpg,3096862305.jpg,/Volumes/Radishes/OG_CCH2_phenology_scored_specimen_images/4562413.jpg,/Volumes/Radishes/GBIF_2026_update_scoring_images/3096862305.jpg,TRUE,copied
3096941648,cch2_original,4564840.jpg,3096941648.jpg,/Volumes/Radishes/OG_CCH2_phenology_scored_specimen_images/4564840.jpg,/Volumes/Radishes/GBIF_2026_update_scoring_images/3096941648.jpg,TRUE,copied
3096941646,cch2_original,4564841.jpg,3096941646.jpg,/Volumes/Radishes/OG_CCH2_phenology_scored_specimen_images/4564841.jpg,/Volumes/Radishes/GBIF_2026_update_scoring_images/3096941646.jpg,TRUE,copied
3096941654,cch2_original,4564843.jpg,3096941654.jpg,/Volumes/Radishes/OG_CCH2_phenology_scored_specimen_images/4564843.jpg,/Volumes/Radishes/GBIF_2026_update_scoring_images/3096941654.jpg,TRUE,copied
3096941655,cch2_original,4564844.jpg,3096941655.jpg,/Volumes/Radishes/OG_CCH2_phenology_scored_specimen_images/4564844.jpg,/Volumes/Radishes/GBIF_2026_update_scoring_images/3096941655.jpg,TRUE,copied
3096941652,cch2_original,4564845.jpg,3096941652.jpg,/Volumes/Radishes/OG_CCH2_phenology_scored_specimen_images/4564845.jpg,/Volumes/Radishes/GBIF_2026_update_scoring_images/3096941652.jpg,TRUE,copied
3096941653,cch2_original,4564846.jpg,3096941653.jpg,/Volumes/Radishes/OG_CCH2_phenology_scored_specimen_images/4564846.jpg,/Volumes/Radishes/GBIF_2026_update_scoring_images/3096941653.jpg,TRUE,copied
3096941649,cch2_original,4564849.jpg,3096941649.jpg,/Volumes/Radishes/OG_CCH2_phenology_scored_specimen_images/4564849.jpg,/Volumes/Radishes/GBIF_2026_update_scoring_images/3096941649.jpg,TRUE,copied
3096941436,cch2_original,4567195.jpg,3096941436.jpg,/Volumes/Radishes/OG_CCH2_phenology_scored_specimen_images/4567195.jpg,/Volumes/Radishes/GBIF_2026_update_scoring_images/3096941436.jpg,TRUE,copied
3096941435,cch2_original,4567196.jpg,3096941435.jpg,/Volumes/Radishes/OG_CCH2_phenology_scored_specimen_images/4567196.jpg,/Volumes/Radishes/GBIF_2026_update_scoring_images/3096941435.jpg,TRUE,copied
3096941434,cch2_original,4567197.jpg,3096941434.jpg,/Volumes/Radishes/OG_CCH2_phenology_scored_specimen_images/4567197.jpg,/Volumes/Radishes/GBIF_2026_update_scoring_images/3096941434.jpg,TRUE,copied
3096941432,cch2_original,4567199.jpg,3096941432.jpg,/Volumes/Radishes/OG_CCH2_phenology_scored_specimen_images/4567199.jpg,/Volumes/Radishes/GBIF_2026_update_scoring_images/3096941432.jpg,TRUE,copied
3096941500,cch2_original,4567200.jpg,3096941500.jpg,/Volumes/Radishes/OG_CCH2_phenology_scored_specimen_images/4567200.jpg,/Volumes/Radishes/GBIF_2026_update_scoring_images/3096941500.jpg,TRUE,copied
3096941498,cch2_original,4567201.jpg,3096941498.jpg,/Volumes/Radishes/OG_CCH2_phenology_scored_specimen_images/4567201.jpg,/Volumes/Radishes/GBIF_2026_update_scoring_images/3096941498.jpg,TRUE,copied
3096941496,cch2_original,4567202.jpg,3096941496.jpg,/Volumes/Radishes/OG_CCH2_phenology_scored_specimen_images/4567202.jpg,/Volumes/Radishes/GBIF_2026_update_scoring_images/3096941496.jpg,TRUE,copied
3125288388,cch2_original,4588064.jpg,3125288388.jpg,/Volumes/Radishes/OG_CCH2_phenology_scored_specimen_images/4588064.jpg,/Volumes/Radishes/GBIF_2026_update_scoring_images/3125288388.jpg,TRUE,copied
3359755331,cch2_original,4665582.jpg,3359755331.jpg,/Volumes/Radishes/OG_CCH2_phenology_scored_specimen_images/4665582.jpg,/Volumes/Radishes/GBIF_2026_update_scoring_images/3359755331.jpg,TRUE,copied
3359774329,cch2_original,4665583.jpg,3359774329.jpg,/Volumes/Radishes/OG_CCH2_phenology_scored_specimen_images/4665583.jpg,/Volumes/Radishes/GBIF_2026_update_scoring_images/3359774329.jpg,TRUE,copied
3125050373,cch2_original,468975.jpg,3125050373.jpg,/Volumes/Radishes/OG_CCH2_phenology_scored_specimen_images/468975.jpg,/Volumes/Radishes/GBIF_2026_update_scoring_images/3125050373.jpg,TRUE,copied
3125056386,cch2_original,468978.jpg,3125056386.jpg,/Volumes/Radishes/OG_CCH2_phenology_scored_specimen_images/468978.jpg,/Volumes/Radishes/GBIF_2026_update_scoring_images/3125056386.jpg,TRUE,copied
3125183390,cch2_original,468983.jpg,3125183390.jpg,/Volumes/Radishes/OG_CCH2_phenology_scored_specimen_images/468983.jpg,/Volumes/Radishes/GBIF_2026_update_scoring_images/3125183390.jpg,TRUE,copied
3125185399,cch2_original,469007.jpg,3125185399.jpg,/Volumes/Radishes/OG_CCH2_phenology_scored_specimen_images/469007.jpg,/Volumes/Radishes/GBIF_2026_update_scoring_images/3125185399.jpg,TRUE,copied
3125184380,cch2_original,469029.jpg,3125184380.jpg,/Volumes/Radishes/OG_CCH2_phenology_scored_specimen_images/469029.jpg,/Volumes/Radishes/GBIF_2026_update_scoring_images/3125184380.jpg,TRUE,copied
3125055356,cch2_original,469032.jpg,3125055356.jpg,/Volumes/Radishes/OG_CCH2_phenology_scored_specimen_images/469032.jpg,/Volumes/Radishes/GBIF_2026_update_scoring_images/3125055356.jpg,TRUE,copied
3125185401,cch2_original,469043.jpg,3125185401.jpg,/Volumes/Radishes/OG_CCH2_phenology_scored_specimen_images/469043.jpg,/Volumes/Radishes/GBIF_2026_update_scoring_images/3125185401.jpg,TRUE,copied
3125187380,cch2_original,469064.jpg,3125187380.jpg,/Volumes/Radishes/OG_CCH2_phenology_scored_specimen_images/469064.jpg,/Volumes/Radishes/GBIF_2026_update_scoring_images/3125187380.jpg,TRUE,copied
3125050379,cch2_original,469073.jpg,3125050379.jpg,/Volumes/Radishes/OG_CCH2_phenology_scored_specimen_images/469073.jpg,/Volumes/Radishes/GBIF_2026_update_scoring_images/3125050379.jpg,TRUE,copied
3125058379,cch2_original,469074.jpg,3125058379.jpg,/Volumes/Radishes/OG_CCH2_phenology_scored_specimen_images/469074.jpg,/Volumes/Radishes/GBIF_2026_update_scoring_images/3125058379.jpg,TRUE,copied
3125054367,cch2_original,469090.jpg,3125054367.jpg,/Volumes/Radishes/OG_CCH2_phenology_scored_specimen_images/469090.jpg,/Volumes/Radishes/GBIF_2026_update_scoring_images/3125054367.jpg,TRUE,copied
3125186371,cch2_original,469110.jpg,3125186371.jpg,/Volumes/Radishes/OG_CCH2_phenology_scored_specimen_images/469110.jpg,/Volumes/Radishes/GBIF_2026_update_scoring_images/3125186371.jpg,TRUE,copied
3125179404,cch2_original,469121.jpg,3125179404.jpg,/Volumes/Radishes/OG_CCH2_phenology_scored_specimen_images/469121.jpg,/Volumes/Radishes/GBIF_2026_update_scoring_images/3125179404.jpg,TRUE,copied
3125181405,cch2_original,469122.jpg,3125181405.jpg,/Volumes/Radishes/OG_CCH2_phenology_scored_specimen_images/469122.jpg,/Volumes/Radishes/GBIF_2026_update_scoring_images/3125181405.jpg,TRUE,copied
3125188396,cch2_original,469125.jpg,3125188396.jpg,/Volumes/Radishes/OG_CCH2_phenology_scored_specimen_images/469125.jpg,/Volumes/Radishes/GBIF_2026_update_scoring_images/3125188396.jpg,TRUE,copied
3125053368,cch2_original,469134.jpg,3125053368.jpg,/Volumes/Radishes/OG_CCH2_phenology_scored_specimen_images/469134.jpg,/Volumes/Radishes/GBIF_2026_update_scoring_images/3125053368.jpg,TRUE,copied
3799648307,cch2_original,5365196.jpg,3799648307.jpg,/Volumes/Radishes/OG_CCH2_phenology_scored_specimen_images/5365196.jpg,/Volumes/Radishes/GBIF_2026_update_scoring_images/3799648307.jpg,TRUE,copied
3799498156,cch2_original,5371810.jpg,3799498156.jpg,/Volumes/Radishes/OG_CCH2_phenology_scored_specimen_images/5371810.jpg,/Volumes/Radishes/GBIF_2026_update_scoring_images/3799498156.jpg,TRUE,copied
3872252329,cch2_original,5540556.jpg,3872252329.jpg,/Volumes/Radishes/OG_CCH2_phenology_scored_specimen_images/5540556.jpg,/Volumes/Radishes/GBIF_2026_update_scoring_images/3872252329.jpg,TRUE,copied
3968518412,cch2_original,5549192.jpg,3968518412.jpg,/Volumes/Radishes/OG_CCH2_phenology_scored_specimen_images/5549192.jpg,/Volumes/Radishes/GBIF_2026_update_scoring_images/3968518412.jpg,TRUE,copied
4040322388,cch2_original,5737995.jpg,4040322388.jpg,/Volumes/Radishes/OG_CCH2_phenology_scored_specimen_images/5737995.jpg,/Volumes/Radishes/GBIF_2026_update_scoring_images/4040322388.jpg,TRUE,copied
4040320492,cch2_original,5760426.jpg,4040320492.jpg,/Volumes/Radishes/OG_CCH2_phenology_scored_specimen_images/5760426.jpg,/Volumes/Radishes/GBIF_2026_update_scoring_images/4040320492.jpg,TRUE,copied
4040339338,cch2_original,5764054.jpg,4040339338.jpg,/Volumes/Radishes/OG_CCH2_phenology_scored_specimen_images/5764054.jpg,/Volumes/Radishes/GBIF_2026_update_scoring_images/4040339338.jpg,TRUE,copied
4070458308,cch2_original,5776205.jpg,4070458308.jpg,/Volumes/Radishes/OG_CCH2_phenology_scored_specimen_images/5776205.jpg,/Volumes/Radishes/GBIF_2026_update_scoring_images/4070458308.jpg,TRUE,copied
4418789433,cch2_original,5872878.jpg,4418789433.jpg,/Volumes/Radishes/OG_CCH2_phenology_scored_specimen_images/5872878.jpg,/Volumes/Radishes/GBIF_2026_update_scoring_images/4418789433.jpg,TRUE,copied
4418789454,cch2_original,5872887.jpg,4418789454.jpg,/Volumes/Radishes/OG_CCH2_phenology_scored_specimen_images/5872887.jpg,/Volumes/Radishes/GBIF_2026_update_scoring_images/4418789454.jpg,TRUE,copied
4845957328,cch2_original,5996911.jpg,4845957328.jpg,/Volumes/Radishes/OG_CCH2_phenology_scored_specimen_images/5996911.jpg,/Volumes/Radishes/GBIF_2026_update_scoring_images/4845957328.jpg,TRUE,copied
4911336304,cch2_original,6026439.jpg,4911336304.jpg,/Volumes/Radishes/OG_CCH2_phenology_scored_specimen_images/6026439.jpg,/Volumes/Radishes/GBIF_2026_update_scoring_images/4911336304.jpg,TRUE,copied
4929352379,cch2_original,6053255.jpg,4929352379.jpg,/Volumes/Radishes/OG_CCH2_phenology_scored_specimen_images/6053255.jpg,/Volumes/Radishes/GBIF_2026_update_scoring_images/4929352379.jpg,TRUE,copied
2575154623,cch2_original,610287.jpg,2575154623.jpg,/Volumes/Radishes/OG_CCH2_phenology_scored_specimen_images/610287.jpg,/Volumes/Radishes/GBIF_2026_update_scoring_images/2575154623.jpg,TRUE,copied
2575157507,cch2_original,610288.jpg,2575157507.jpg,/Volumes/Radishes/OG_CCH2_phenology_scored_specimen_images/610288.jpg,/Volumes/Radishes/GBIF_2026_update_scoring_images/2575157507.jpg,TRUE,copied
2575157616,cch2_original,610290.jpg,2575157616.jpg,/Volumes/Radishes/OG_CCH2_phenology_scored_specimen_images/610290.jpg,/Volumes/Radishes/GBIF_2026_update_scoring_images/2575157616.jpg,TRUE,copied
2575156135,cch2_original,610291.jpg,2575156135.jpg,/Volumes/Radishes/OG_CCH2_phenology_scored_specimen_images/610291.jpg,/Volumes/Radishes/GBIF_2026_update_scoring_images/2575156135.jpg,TRUE,copied
2575155389,cch2_original,610293.jpg,2575155389.jpg,/Volumes/Radishes/OG_CCH2_phenology_scored_specimen_images/610293.jpg,/Volumes/Radishes/GBIF_2026_update_scoring_images/2575155389.jpg,TRUE,copied
2575156092,cch2_original,610294.jpg,2575156092.jpg,/Volumes/Radishes/OG_CCH2_phenology_scored_specimen_images/610294.jpg,/Volumes/Radishes/GBIF_2026_update_scoring_images/2575156092.jpg,TRUE,copied
2575158118,cch2_original,610295.jpg,2575158118.jpg,/Volumes/Radishes/OG_CCH2_phenology_scored_specimen_images/610295.jpg,/Volumes/Radishes/GBIF_2026_update_scoring_images/2575158118.jpg,TRUE,copied
2575154939,cch2_original,610298.jpg,2575154939.jpg,/Volumes/Radishes/OG_CCH2_phenology_scored_specimen_images/610298.jpg,/Volumes/Radishes/GBIF_2026_update_scoring_images/2575154939.jpg,TRUE,copied
2575157684,cch2_original,611759.jpg,2575157684.jpg,/Volumes/Radishes/OG_CCH2_phenology_scored_specimen_images/611759.jpg,/Volumes/Radishes/GBIF_2026_update_scoring_images/2575157684.jpg,TRUE,copied
2575159323,cch2_original,613793.jpg,2575159323.jpg,/Volumes/Radishes/OG_CCH2_phenology_scored_specimen_images/613793.jpg,/Volumes/Radishes/GBIF_2026_update_scoring_images/2575159323.jpg,TRUE,copied
2575164981,cch2_original,617784.jpg,2575164981.jpg,/Volumes/Radishes/OG_CCH2_phenology_scored_specimen_images/617784.jpg,/Volumes/Radishes/GBIF_2026_update_scoring_images/2575164981.jpg,TRUE,copied
3503181864,cch2_original,631760.jpg,3503181864.jpg,/Volumes/Radishes/OG_CCH2_phenology_scored_specimen_images/631760.jpg,/Volumes/Radishes/GBIF_2026_update_scoring_images/3503181864.jpg,TRUE,copied
3503181860,cch2_original,631761.jpg,3503181860.jpg,/Volumes/Radishes/OG_CCH2_phenology_scored_specimen_images/631761.jpg,/Volumes/Radishes/GBIF_2026_update_scoring_images/3503181860.jpg,TRUE,copied
3503181879,cch2_original,631763.jpg,3503181879.jpg,/Volumes/Radishes/OG_CCH2_phenology_scored_specimen_images/631763.jpg,/Volumes/Radishes/GBIF_2026_update_scoring_images/3503181879.jpg,TRUE,copied
3503181871,cch2_original,631766.jpg,3503181871.jpg,/Volumes/Radishes/OG_CCH2_phenology_scored_specimen_images/631766.jpg,/Volumes/Radishes/GBIF_2026_update_scoring_images/3503181871.jpg,TRUE,copied
3503181878,cch2_original,631769.jpg,3503181878.jpg,/Volumes/Radishes/OG_CCH2_phenology_scored_specimen_images/631769.jpg,/Volumes/Radishes/GBIF_2026_update_scoring_images/3503181878.jpg,TRUE,copied
3503181900,cch2_original,631772.jpg,3503181900.jpg,/Volumes/Radishes/OG_CCH2_phenology_scored_specimen_images/631772.jpg,/Volumes/Radishes/GBIF_2026_update_scoring_images/3503181900.jpg,TRUE,copied
3503181885,cch2_original,631773.jpg,3503181885.jpg,/Volumes/Radishes/OG_CCH2_phenology_scored_specimen_images/631773.jpg,/Volumes/Radishes/GBIF_2026_update_scoring_images/3503181885.jpg,TRUE,copied
3503181898,cch2_original,631777.jpg,3503181898.jpg,/Volumes/Radishes/OG_CCH2_phenology_scored_specimen_images/631777.jpg,/Volumes/Radishes/GBIF_2026_update_scoring_images/3503181898.jpg,TRUE,copied
3503181928,cch2_original,631778.jpg,3503181928.jpg,/Volumes/Radishes/OG_CCH2_phenology_scored_specimen_images/631778.jpg,/Volumes/Radishes/GBIF_2026_update_scoring_images/3503181928.jpg,TRUE,copied
3503181923,cch2_original,631782.jpg,3503181923.jpg,/Volumes/Radishes/OG_CCH2_phenology_scored_specimen_images/631782.jpg,/Volumes/Radishes/GBIF_2026_update_scoring_images/3503181923.jpg,TRUE,copied
3503181918,cch2_original,631783.jpg,3503181918.jpg,/Volumes/Radishes/OG_CCH2_phenology_scored_specimen_images/631783.jpg,/Volumes/Radishes/GBIF_2026_update_scoring_images/3503181918.jpg,TRUE,copied
3503181916,cch2_original,631784.jpg,3503181916.jpg,/Volumes/Radishes/OG_CCH2_phenology_scored_specimen_images/631784.jpg,/Volumes/Radishes/GBIF_2026_update_scoring_images/3503181916.jpg,TRUE,copied
3503181939,cch2_original,631786.jpg,3503181939.jpg,/Volumes/Radishes/OG_CCH2_phenology_scored_specimen_images/631786.jpg,/Volumes/Radishes/GBIF_2026_update_scoring_images/3503181939.jpg,TRUE,copied
3503181935,cch2_original,631787.jpg,3503181935.jpg,/Volumes/Radishes/OG_CCH2_phenology_scored_specimen_images/631787.jpg,/Volumes/Radishes/GBIF_2026_update_scoring_images/3503181935.jpg,TRUE,copied
3503181942,cch2_original,631790.jpg,3503181942.jpg,/Volumes/Radishes/OG_CCH2_phenology_scored_specimen_images/631790.jpg,/Volumes/Radishes/GBIF_2026_update_scoring_images/3503181942.jpg,TRUE,copied
3503181944,cch2_original,631791.jpg,3503181944.jpg,/Volumes/Radishes/OG_CCH2_phenology_scored_specimen_images/631791.jpg,/Volumes/Radishes/GBIF_2026_update_scoring_images/3503181944.jpg,TRUE,copied
3503197989,cch2_original,632879.jpg,3503197989.jpg,/Volumes/Radishes/OG_CCH2_phenology_scored_specimen_images/632879.jpg,/Volumes/Radishes/GBIF_2026_update_scoring_images/3503197989.jpg,TRUE,copied
3503178309,cch2_original,633444.jpg,3503178309.jpg,/Volumes/Radishes/OG_CCH2_phenology_scored_specimen_images/633444.jpg,/Volumes/Radishes/GBIF_2026_update_scoring_images/3503178309.jpg,TRUE,copied
3503178395,cch2_original,633454.jpg,3503178395.jpg,/Volumes/Radishes/OG_CCH2_phenology_scored_specimen_images/633454.jpg,/Volumes/Radishes/GBIF_2026_update_scoring_images/3503178395.jpg,TRUE,copied
3503196142,cch2_original,634125.jpg,3503196142.jpg,/Volumes/Radishes/OG_CCH2_phenology_scored_specimen_images/634125.jpg,/Volumes/Radishes/GBIF_2026_update_scoring_images/3503196142.jpg,TRUE,copied
2430213809,cch2_original,637694.jpg,2430213809.jpg,/Volumes/Radishes/OG_CCH2_phenology_scored_specimen_images/637694.jpg,/Volumes/Radishes/GBIF_2026_update_scoring_images/2430213809.jpg,TRUE,copied
3053435488,cch2_original,76355.jpg,3053435488.jpg,/Volumes/Radishes/OG_CCH2_phenology_scored_specimen_images/76355.jpg,/Volumes/Radishes/GBIF_2026_update_scoring_images/3053435488.jpg,TRUE,copied
2430364306,cch2_original,778436.jpg,2430364306.jpg,/Volumes/Radishes/OG_CCH2_phenology_scored_specimen_images/778436.jpg,/Volumes/Radishes/GBIF_2026_update_scoring_images/2430364306.jpg,TRUE,copied
2430379105,cch2_original,790470.jpg,2430379105.jpg,/Volumes/Radishes/OG_CCH2_phenology_scored_specimen_images/790470.jpg,/Volumes/Radishes/GBIF_2026_update_scoring_images/2430379105.jpg,TRUE,copied
3053357665,cch2_original,80367.jpg,3053357665.jpg,/Volumes/Radishes/OG_CCH2_phenology_scored_specimen_images/80367.jpg,/Volumes/Radishes/GBIF_2026_update_scoring_images/3053357665.jpg,TRUE,copied
2430409709,cch2_original,921047.jpg,2430409709.jpg,/Volumes/Radishes/OG_CCH2_phenology_scored_specimen_images/921047.jpg,/Volumes/Radishes/GBIF_2026_update_scoring_images/2430409709.jpg,TRUE,copied
2430532978,cch2_original,943444.jpg,2430532978.jpg,/Volumes/Radishes/OG_CCH2_phenology_scored_specimen_images/943444.jpg,/Volumes/Radishes/GBIF_2026_update_scoring_images/2430532978.jpg,TRUE,copied
2430540336,cch2_original,950503.jpg,2430540336.jpg,/Volumes/Radishes/OG_CCH2_phenology_scored_specimen_images/950503.jpg,/Volumes/Radishes/GBIF_2026_update_scoring_images/2430540336.jpg,TRUE,copied
2430443459,cch2_original,979678.jpg,2430443459.jpg,/Volumes/Radishes/OG_CCH2_phenology_scored_specimen_images/979678.jpg,/Volumes/Radishes/GBIF_2026_update_scoring_images/2430443459.jpg,TRUE,copied
3053452564,cch2_original,98493.jpg,3053452564.jpg,/Volumes/Radishes/OG_CCH2_phenology_scored_specimen_images/98493.jpg,/Volumes/Radishes/GBIF_2026_update_scoring_images/3053452564.jpg,TRUE,copied
1086616831,gbif_previous_download,1086616831.jpg,1086616831.jpg,/Volumes/Radishes/GBIF_phenology_scored_specimen_images/1086616831.jpg,/Volumes/Radishes/GBIF_2026_update_scoring_images/1086616831.jpg,TRUE,copied
1998551301,gbif_previous_download,1998551301.jpg,1998551301.jpg,/Volumes/Radishes/GBIF_phenology_scored_specimen_images/1998551301.jpg,/Volumes/Radishes/GBIF_2026_update_scoring_images/1998551301.jpg,TRUE,copied
1998561890,gbif_previous_download,1998561890.jpg,1998561890.jpg,/Volumes/Radishes/GBIF_phenology_scored_specimen_images/1998561890.jpg,/Volumes/Radishes/GBIF_2026_update_scoring_images/1998561890.jpg,TRUE,copied
1998563807,gbif_previous_download,1998563807.jpg,1998563807.jpg,/Volumes/Radishes/GBIF_phenology_scored_specimen_images/1998563807.jpg,/Volumes/Radishes/GBIF_2026_update_scoring_images/1998563807.jpg,TRUE,copied
1998579906,gbif_previous_download,1998579906.jpg,1998579906.jpg,/Volumes/Radishes/GBIF_phenology_scored_specimen_images/1998579906.jpg,/Volumes/Radishes/GBIF_2026_update_scoring_images/1998579906.jpg,TRUE,copied
1998581510,gbif_previous_download,1998581510.jpg,1998581510.jpg,/Volumes/Radishes/GBIF_phenology_scored_specimen_images/1998581510.jpg,/Volumes/Radishes/GBIF_2026_update_scoring_images/1998581510.jpg,TRUE,copied
1998589020,gbif_previous_download,1998589020.jpg,1998589020.jpg,/Volumes/Radishes/GBIF_phenology_scored_specimen_images/1998589020.jpg,/Volumes/Radishes/GBIF_2026_update_scoring_images/1998589020.jpg,TRUE,copied
1998590111,gbif_previous_download,1998590111.jpg,1998590111.jpg,/Volumes/Radishes/GBIF_phenology_scored_specimen_images/1998590111.jpg,/Volumes/Radishes/GBIF_2026_update_scoring_images/1998590111.jpg,TRUE,copied
1998595906,gbif_previous_download,1998595906.jpg,1998595906.jpg,/Volumes/Radishes/GBIF_phenology_scored_specimen_images/1998595906.jpg,/Volumes/Radishes/GBIF_2026_update_scoring_images/1998595906.jpg,TRUE,copied
1998596560,gbif_previous_download,1998596560.jpg,1998596560.jpg,/Volumes/Radishes/GBIF_phenology_scored_specimen_images/1998596560.jpg,/Volumes/Radishes/GBIF_2026_update_scoring_images/1998596560.jpg,TRUE,copied
1998604240,gbif_previous_download,1998604240.jpg,1998604240.jpg,/Volumes/Radishes/GBIF_phenology_scored_specimen_images/1998604240.jpg,/Volumes/Radishes/GBIF_2026_update_scoring_images/1998604240.jpg,TRUE,copied
1998606348,gbif_previous_download,1998606348.jpg,1998606348.jpg,/Volumes/Radishes/GBIF_phenology_scored_specimen_images/1998606348.jpg,/Volumes/Radishes/GBIF_2026_update_scoring_images/1998606348.jpg,TRUE,copied
1998612855,gbif_previous_download,1998612855.jpg,1998612855.jpg,/Volumes/Radishes/GBIF_phenology_scored_specimen_images/1998612855.jpg,/Volumes/Radishes/GBIF_2026_update_scoring_images/1998612855.jpg,TRUE,copied
1998620860,gbif_previous_download,1998620860.jpg,1998620860.jpg,/Volumes/Radishes/GBIF_phenology_scored_specimen_images/1998620860.jpg,/Volumes/Radishes/GBIF_2026_update_scoring_images/1998620860.jpg,TRUE,copied
1998621803,gbif_previous_download,1998621803.jpg,1998621803.jpg,/Volumes/Radishes/GBIF_phenology_scored_specimen_images/1998621803.jpg,/Volumes/Radishes/GBIF_2026_update_scoring_images/1998621803.jpg,TRUE,copied
1998633167,gbif_previous_download,1998633167.jpg,1998633167.jpg,/Volumes/Radishes/GBIF_phenology_scored_specimen_images/1998633167.jpg,/Volumes/Radishes/GBIF_2026_update_scoring_images/1998633167.jpg,TRUE,copied
1998634721,gbif_previous_download,1998634721.jpg,1998634721.jpg,/Volumes/Radishes/GBIF_phenology_scored_specimen_images/1998634721.jpg,/Volumes/Radishes/GBIF_2026_update_scoring_images/1998634721.jpg,TRUE,copied
1998640668,gbif_previous_download,1998640668.jpg,1998640668.jpg,/Volumes/Radishes/GBIF_phenology_scored_specimen_images/1998640668.jpg,/Volumes/Radishes/GBIF_2026_update_scoring_images/1998640668.jpg,TRUE,copied
1998649405,gbif_previous_download,1998649405.jpg,1998649405.jpg,/Volumes/Radishes/GBIF_phenology_scored_specimen_images/1998649405.jpg,/Volumes/Radishes/GBIF_2026_update_scoring_images/1998649405.jpg,TRUE,copied
1998652068,gbif_previous_download,1998652068.jpg,1998652068.jpg,/Volumes/Radishes/GBIF_phenology_scored_specimen_images/1998652068.jpg,/Volumes/Radishes/GBIF_2026_update_scoring_images/1998652068.jpg,TRUE,copied
1998659177,gbif_previous_download,1998659177.jpg,1998659177.jpg,/Volumes/Radishes/GBIF_phenology_scored_specimen_images/1998659177.jpg,/Volumes/Radishes/GBIF_2026_update_scoring_images/1998659177.jpg,TRUE,copied
1998667810,gbif_previous_download,1998667810.jpg,1998667810.jpg,/Volumes/Radishes/GBIF_phenology_scored_specimen_images/1998667810.jpg,/Volumes/Radishes/GBIF_2026_update_scoring_images/1998667810.jpg,TRUE,copied
1998669622,gbif_previous_download,1998669622.jpg,1998669622.jpg,/Volumes/Radishes/GBIF_phenology_scored_specimen_images/1998669622.jpg,/Volumes/Radishes/GBIF_2026_update_scoring_images/1998669622.jpg,TRUE,copied
1998673944,gbif_previous_download,1998673944.jpg,1998673944.jpg,/Volumes/Radishes/GBIF_phenology_scored_specimen_images/1998673944.jpg,/Volumes/Radishes/GBIF_2026_update_scoring_images/1998673944.jpg,TRUE,copied
1998677184,gbif_previous_download,1998677184.jpg,1998677184.jpg,/Volumes/Radishes/GBIF_phenology_scored_specimen_images/1998677184.jpg,/Volumes/Radishes/GBIF_2026_update_scoring_images/1998677184.jpg,TRUE,copied
1998683916,gbif_previous_download,1998683916.jpg,1998683916.jpg,/Volumes/Radishes/GBIF_phenology_scored_specimen_images/1998683916.jpg,/Volumes/Radishes/GBIF_2026_update_scoring_images/1998683916.jpg,TRUE,copied
1998686585,gbif_previous_download,1998686585.jpg,1998686585.jpg,/Volumes/Radishes/GBIF_phenology_scored_specimen_images/1998686585.jpg,/Volumes/Radishes/GBIF_2026_update_scoring_images/1998686585.jpg,TRUE,copied
1998693494,gbif_previous_download,1998693494.jpg,1998693494.jpg,/Volumes/Radishes/GBIF_phenology_scored_specimen_images/1998693494.jpg,/Volumes/Radishes/GBIF_2026_update_scoring_images/1998693494.jpg,TRUE,copied
1998721168,gbif_previous_download,1998721168.jpg,1998721168.jpg,/Volumes/Radishes/GBIF_phenology_scored_specimen_images/1998721168.jpg,/Volumes/Radishes/GBIF_2026_update_scoring_images/1998721168.jpg,TRUE,copied
1998722120,gbif_previous_download,1998722120.jpg,1998722120.jpg,/Volumes/Radishes/GBIF_phenology_scored_specimen_images/1998722120.jpg,/Volumes/Radishes/GBIF_2026_update_scoring_images/1998722120.jpg,TRUE,copied
1998739118,gbif_previous_download,1998739118.jpg,1998739118.jpg,/Volumes/Radishes/GBIF_phenology_scored_specimen_images/1998739118.jpg,/Volumes/Radishes/GBIF_2026_update_scoring_images/1998739118.jpg,TRUE,copied
1998739173,gbif_previous_download,1998739173.jpg,1998739173.jpg,/Volumes/Radishes/GBIF_phenology_scored_specimen_images/1998739173.jpg,/Volumes/Radishes/GBIF_2026_update_scoring_images/1998739173.jpg,TRUE,copied
1998740219,gbif_previous_download,1998740219.jpg,1998740219.jpg,/Volumes/Radishes/GBIF_phenology_scored_specimen_images/1998740219.jpg,/Volumes/Radishes/GBIF_2026_update_scoring_images/1998740219.jpg,TRUE,copied
1998749994,gbif_previous_download,1998749994.jpg,1998749994.jpg,/Volumes/Radishes/GBIF_phenology_scored_specimen_images/1998749994.jpg,/Volumes/Radishes/GBIF_2026_update_scoring_images/1998749994.jpg,TRUE,copied
1998755097,gbif_previous_download,1998755097.jpg,1998755097.jpg,/Volumes/Radishes/GBIF_phenology_scored_specimen_images/1998755097.jpg,/Volumes/Radishes/GBIF_2026_update_scoring_images/1998755097.jpg,TRUE,copied
1998773778,gbif_previous_download,1998773778.jpg,1998773778.jpg,/Volumes/Radishes/GBIF_phenology_scored_specimen_images/1998773778.jpg,/Volumes/Radishes/GBIF_2026_update_scoring_images/1998773778.jpg,TRUE,copied
1998783458,gbif_previous_download,1998783458.jpg,1998783458.jpg,/Volumes/Radishes/GBIF_phenology_scored_specimen_images/1998783458.jpg,/Volumes/Radishes/GBIF_2026_update_scoring_images/1998783458.jpg,TRUE,copied
1998785598,gbif_previous_download,1998785598.jpg,1998785598.jpg,/Volumes/Radishes/GBIF_phenology_scored_specimen_images/1998785598.jpg,/Volumes/Radishes/GBIF_2026_update_scoring_images/1998785598.jpg,TRUE,copied
1998790784,gbif_previous_download,1998790784.jpg,1998790784.jpg,/Volumes/Radishes/GBIF_phenology_scored_specimen_images/1998790784.jpg,/Volumes/Radishes/GBIF_2026_update_scoring_images/1998790784.jpg,TRUE,copied
1998801349,gbif_previous_download,1998801349.jpg,1998801349.jpg,/Volumes/Radishes/GBIF_phenology_scored_specimen_images/1998801349.jpg,/Volumes/Radishes/GBIF_2026_update_scoring_images/1998801349.jpg,TRUE,copied
1998820234,gbif_previous_download,1998820234.jpg,1998820234.jpg,/Volumes/Radishes/GBIF_phenology_scored_specimen_images/1998820234.jpg,/Volumes/Radishes/GBIF_2026_update_scoring_images/1998820234.jpg,TRUE,copied
1998828278,gbif_previous_download,1998828278.jpg,1998828278.jpg,/Volumes/Radishes/GBIF_phenology_scored_specimen_images/1998828278.jpg,/Volumes/Radishes/GBIF_2026_update_scoring_images/1998828278.jpg,TRUE,copied
1998838468,gbif_previous_download,1998838468.jpg,1998838468.jpg,/Volumes/Radishes/GBIF_phenology_scored_specimen_images/1998838468.jpg,/Volumes/Radishes/GBIF_2026_update_scoring_images/1998838468.jpg,TRUE,copied
1998844103,gbif_previous_download,1998844103.jpg,1998844103.jpg,/Volumes/Radishes/GBIF_phenology_scored_specimen_images/1998844103.jpg,/Volumes/Radishes/GBIF_2026_update_scoring_images/1998844103.jpg,TRUE,copied
1998844942,gbif_previous_download,1998844942.jpg,1998844942.jpg,/Volumes/Radishes/GBIF_phenology_scored_specimen_images/1998844942.jpg,/Volumes/Radishes/GBIF_2026_update_scoring_images/1998844942.jpg,TRUE,copied
1998853240,gbif_previous_download,1998853240.jpg,1998853240.jpg,/Volumes/Radishes/GBIF_phenology_scored_specimen_images/1998853240.jpg,/Volumes/Radishes/GBIF_2026_update_scoring_images/1998853240.jpg,TRUE,copied
1998872730,gbif_previous_download,1998872730.jpg,1998872730.jpg,/Volumes/Radishes/GBIF_phenology_scored_specimen_images/1998872730.jpg,/Volumes/Radishes/GBIF_2026_update_scoring_images/1998872730.jpg,TRUE,copied
1998874970,gbif_previous_download,1998874970.jpg,1998874970.jpg,/Volumes/Radishes/GBIF_phenology_scored_specimen_images/1998874970.jpg,/Volumes/Radishes/GBIF_2026_update_scoring_images/1998874970.jpg,TRUE,copied
1998882151,gbif_previous_download,1998882151.jpg,1998882151.jpg,/Volumes/Radishes/GBIF_phenology_scored_specimen_images/1998882151.jpg,/Volumes/Radishes/GBIF_2026_update_scoring_images/1998882151.jpg,TRUE,copied
1998887271,gbif_previous_download,1998887271.jpg,1998887271.jpg,/Volumes/Radishes/GBIF_phenology_scored_specimen_images/1998887271.jpg,/Volumes/Radishes/GBIF_2026_update_scoring_images/1998887271.jpg,TRUE,copied
1998898180,gbif_previous_download,1998898180.jpg,1998898180.jpg,/Volumes/Radishes/GBIF_phenology_scored_specimen_images/1998898180.jpg,/Volumes/Radishes/GBIF_2026_update_scoring_images/1998898180.jpg,TRUE,copied
1998900001,gbif_previous_download,1998900001.jpg,1998900001.jpg,/Volumes/Radishes/GBIF_phenology_scored_specimen_images/1998900001.jpg,/Volumes/Radishes/GBIF_2026_update_scoring_images/1998900001.jpg,TRUE,copied
1998915528,gbif_previous_download,1998915528.jpg,1998915528.jpg,/Volumes/Radishes/GBIF_phenology_scored_specimen_images/1998915528.jpg,/Volumes/Radishes/GBIF_2026_update_scoring_images/1998915528.jpg,TRUE,copied
1998915734,gbif_previous_download,1998915734.jpg,1998915734.jpg,/Volumes/Radishes/GBIF_phenology_scored_specimen_images/1998915734.jpg,/Volumes/Radishes/GBIF_2026_update_scoring_images/1998915734.jpg,TRUE,copied
1998917651,gbif_previous_download,1998917651.jpg,1998917651.jpg,/Volumes/Radishes/GBIF_phenology_scored_specimen_images/1998917651.jpg,/Volumes/Radishes/GBIF_2026_update_scoring_images/1998917651.jpg,TRUE,copied
1998918058,gbif_previous_download,1998918058.jpg,1998918058.jpg,/Volumes/Radishes/GBIF_phenology_scored_specimen_images/1998918058.jpg,/Volumes/Radishes/GBIF_2026_update_scoring_images/1998918058.jpg,TRUE,copied
1998918695,gbif_previous_download,1998918695.jpg,1998918695.jpg,/Volumes/Radishes/GBIF_phenology_scored_specimen_images/1998918695.jpg,/Volumes/Radishes/GBIF_2026_update_scoring_images/1998918695.jpg,TRUE,copied
1998922892,gbif_previous_download,1998922892.jpg,1998922892.jpg,/Volumes/Radishes/GBIF_phenology_scored_specimen_images/1998922892.jpg,/Volumes/Radishes/GBIF_2026_update_scoring_images/1998922892.jpg,TRUE,copied
1998926105,gbif_previous_download,1998926105.jpg,1998926105.jpg,/Volumes/Radishes/GBIF_phenology_scored_specimen_images/1998926105.jpg,/Volumes/Radishes/GBIF_2026_update_scoring_images/1998926105.jpg,TRUE,copied
1998941923,gbif_previous_download,1998941923.jpg,1998941923.jpg,/Volumes/Radishes/GBIF_phenology_scored_specimen_images/1998941923.jpg,/Volumes/Radishes/GBIF_2026_update_scoring_images/1998941923.jpg,TRUE,copied
1998950073,gbif_previous_download,1998950073.jpg,1998950073.jpg,/Volumes/Radishes/GBIF_phenology_scored_specimen_images/1998950073.jpg,/Volumes/Radishes/GBIF_2026_update_scoring_images/1998950073.jpg,TRUE,copied
1998951838,gbif_previous_download,1998951838.jpg,1998951838.jpg,/Volumes/Radishes/GBIF_phenology_scored_specimen_images/1998951838.jpg,/Volumes/Radishes/GBIF_2026_update_scoring_images/1998951838.jpg,TRUE,copied
1998952477,gbif_previous_download,1998952477.jpg,1998952477.jpg,/Volumes/Radishes/GBIF_phenology_scored_specimen_images/1998952477.jpg,/Volumes/Radishes/GBIF_2026_update_scoring_images/1998952477.jpg,TRUE,copied
1998952570,gbif_previous_download,1998952570.jpg,1998952570.jpg,/Volumes/Radishes/GBIF_phenology_scored_specimen_images/1998952570.jpg,/Volumes/Radishes/GBIF_2026_update_scoring_images/1998952570.jpg,TRUE,copied
1998961162,gbif_previous_download,1998961162.jpg,1998961162.jpg,/Volumes/Radishes/GBIF_phenology_scored_specimen_images/1998961162.jpg,/Volumes/Radishes/GBIF_2026_update_scoring_images/1998961162.jpg,TRUE,copied
1998973354,gbif_previous_download,1998973354.jpg,1998973354.jpg,/Volumes/Radishes/GBIF_phenology_scored_specimen_images/1998973354.jpg,/Volumes/Radishes/GBIF_2026_update_scoring_images/1998973354.jpg,TRUE,copied
1998976464,gbif_previous_download,1998976464.jpg,1998976464.jpg,/Volumes/Radishes/GBIF_phenology_scored_specimen_images/1998976464.jpg,/Volumes/Radishes/GBIF_2026_update_scoring_images/1998976464.jpg,TRUE,copied
1998979892,gbif_previous_download,1998979892.jpg,1998979892.jpg,/Volumes/Radishes/GBIF_phenology_scored_specimen_images/1998979892.jpg,/Volumes/Radishes/GBIF_2026_update_scoring_images/1998979892.jpg,TRUE,copied
1998980193,gbif_previous_download,1998980193.jpg,1998980193.jpg,/Volumes/Radishes/GBIF_phenology_scored_specimen_images/1998980193.jpg,/Volumes/Radishes/GBIF_2026_update_scoring_images/1998980193.jpg,TRUE,copied
1998980671,gbif_previous_download,1998980671.jpg,1998980671.jpg,/Volumes/Radishes/GBIF_phenology_scored_specimen_images/1998980671.jpg,/Volumes/Radishes/GBIF_2026_update_scoring_images/1998980671.jpg,TRUE,copied
1998985206,gbif_previous_download,1998985206.jpg,1998985206.jpg,/Volumes/Radishes/GBIF_phenology_scored_specimen_images/1998985206.jpg,/Volumes/Radishes/GBIF_2026_update_scoring_images/1998985206.jpg,TRUE,copied
1999004569,gbif_previous_download,1999004569.jpg,1999004569.jpg,/Volumes/Radishes/GBIF_phenology_scored_specimen_images/1999004569.jpg,/Volumes/Radishes/GBIF_2026_update_scoring_images/1999004569.jpg,TRUE,copied
1999012358,gbif_previous_download,1999012358.jpg,1999012358.jpg,/Volumes/Radishes/GBIF_phenology_scored_specimen_images/1999012358.jpg,/Volumes/Radishes/GBIF_2026_update_scoring_images/1999012358.jpg,TRUE,copied
1999019853,gbif_previous_download,1999019853.jpg,1999019853.jpg,/Volumes/Radishes/GBIF_phenology_scored_specimen_images/1999019853.jpg,/Volumes/Radishes/GBIF_2026_update_scoring_images/1999019853.jpg,TRUE,copied
1999023428,gbif_previous_download,1999023428.jpg,1999023428.jpg,/Volumes/Radishes/GBIF_phenology_scored_specimen_images/1999023428.jpg,/Volumes/Radishes/GBIF_2026_update_scoring_images/1999023428.jpg,TRUE,copied
1999041745,gbif_previous_download,1999041745.jpg,1999041745.jpg,/Volumes/Radishes/GBIF_phenology_scored_specimen_images/1999041745.jpg,/Volumes/Radishes/GBIF_2026_update_scoring_images/1999041745.jpg,TRUE,copied
1999049354,gbif_previous_download,1999049354.jpg,1999049354.jpg,/Volumes/Radishes/GBIF_phenology_scored_specimen_images/1999049354.jpg,/Volumes/Radishes/GBIF_2026_update_scoring_images/1999049354.jpg,TRUE,copied
1999050539,gbif_previous_download,1999050539.jpg,1999050539.jpg,/Volumes/Radishes/GBIF_phenology_scored_specimen_images/1999050539.jpg,/Volumes/Radishes/GBIF_2026_update_scoring_images/1999050539.jpg,TRUE,copied
1999055823,gbif_previous_download,1999055823.jpg,1999055823.jpg,/Volumes/Radishes/GBIF_phenology_scored_specimen_images/1999055823.jpg,/Volumes/Radishes/GBIF_2026_update_scoring_images/1999055823.jpg,TRUE,copied
1999056718,gbif_previous_download,1999056718.jpg,1999056718.jpg,/Volumes/Radishes/GBIF_phenology_scored_specimen_images/1999056718.jpg,/Volumes/Radishes/GBIF_2026_update_scoring_images/1999056718.jpg,TRUE,copied
1999060338,gbif_previous_download,1999060338.jpg,1999060338.jpg,/Volumes/Radishes/GBIF_phenology_scored_specimen_images/1999060338.jpg,/Volumes/Radishes/GBIF_2026_update_scoring_images/1999060338.jpg,TRUE,copied
1999066003,gbif_previous_download,1999066003.jpg,1999066003.jpg,/Volumes/Radishes/GBIF_phenology_scored_specimen_images/1999066003.jpg,/Volumes/Radishes/GBIF_2026_update_scoring_images/1999066003.jpg,TRUE,copied
1999079562,gbif_previous_download,1999079562.jpg,1999079562.jpg,/Volumes/Radishes/GBIF_phenology_scored_specimen_images/1999079562.jpg,/Volumes/Radishes/GBIF_2026_update_scoring_images/1999079562.jpg,TRUE,copied
1999082584,gbif_previous_download,1999082584.jpg,1999082584.jpg,/Volumes/Radishes/GBIF_phenology_scored_specimen_images/1999082584.jpg,/Volumes/Radishes/GBIF_2026_update_scoring_images/1999082584.jpg,TRUE,copied
1999082601,gbif_previous_download,1999082601.jpg,1999082601.jpg,/Volumes/Radishes/GBIF_phenology_scored_specimen_images/1999082601.jpg,/Volumes/Radishes/GBIF_2026_update_scoring_images/1999082601.jpg,TRUE,copied
1999085926,gbif_previous_download,1999085926.jpg,1999085926.jpg,/Volumes/Radishes/GBIF_phenology_scored_specimen_images/1999085926.jpg,/Volumes/Radishes/GBIF_2026_update_scoring_images/1999085926.jpg,TRUE,copied
1999102041,gbif_previous_download,1999102041.jpg,1999102041.jpg,/Volumes/Radishes/GBIF_phenology_scored_specimen_images/1999102041.jpg,/Volumes/Radishes/GBIF_2026_update_scoring_images/1999102041.jpg,TRUE,copied
1999108852,gbif_previous_download,1999108852.jpg,1999108852.jpg,/Volumes/Radishes/GBIF_phenology_scored_specimen_images/1999108852.jpg,/Volumes/Radishes/GBIF_2026_update_scoring_images/1999108852.jpg,TRUE,copied
1999112582,gbif_previous_download,1999112582.jpg,1999112582.jpg,/Volumes/Radishes/GBIF_phenology_scored_specimen_images/1999112582.jpg,/Volumes/Radishes/GBIF_2026_update_scoring_images/1999112582.jpg,TRUE,copied
1999119261,gbif_previous_download,1999119261.jpg,1999119261.jpg,/Volumes/Radishes/GBIF_phenology_scored_specimen_images/1999119261.jpg,/Volumes/Radishes/GBIF_2026_update_scoring_images/1999119261.jpg,TRUE,copied
1999120383,gbif_previous_download,1999120383.jpg,1999120383.jpg,/Volumes/Radishes/GBIF_phenology_scored_specimen_images/1999120383.jpg,/Volumes/Radishes/GBIF_2026_update_scoring_images/1999120383.jpg,TRUE,copied
1999121448,gbif_previous_download,1999121448.jpg,1999121448.jpg,/Volumes/Radishes/GBIF_phenology_scored_specimen_images/1999121448.jpg,/Volumes/Radishes/GBIF_2026_update_scoring_images/1999121448.jpg,TRUE,copied
1999127759,gbif_previous_download,1999127759.jpg,1999127759.jpg,/Volumes/Radishes/GBIF_phenology_scored_specimen_images/1999127759.jpg,/Volumes/Radishes/GBIF_2026_update_scoring_images/1999127759.jpg,TRUE,copied
1999130593,gbif_previous_download,1999130593.jpg,1999130593.jpg,/Volumes/Radishes/GBIF_phenology_scored_specimen_images/1999130593.jpg,/Volumes/Radishes/GBIF_2026_update_scoring_images/1999130593.jpg,TRUE,copied
1999136716,gbif_previous_download,1999136716.jpg,1999136716.jpg,/Volumes/Radishes/GBIF_phenology_scored_specimen_images/1999136716.jpg,/Volumes/Radishes/GBIF_2026_update_scoring_images/1999136716.jpg,TRUE,copied
1999137144,gbif_previous_download,1999137144.jpg,1999137144.jpg,/Volumes/Radishes/GBIF_phenology_scored_specimen_images/1999137144.jpg,/Volumes/Radishes/GBIF_2026_update_scoring_images/1999137144.jpg,TRUE,copied
1999146280,gbif_previous_download,1999146280.jpg,1999146280.jpg,/Volumes/Radishes/GBIF_phenology_scored_specimen_images/1999146280.jpg,/Volumes/Radishes/GBIF_2026_update_scoring_images/1999146280.jpg,TRUE,copied
1999146808,gbif_previous_download,1999146808.jpg,1999146808.jpg,/Volumes/Radishes/GBIF_phenology_scored_specimen_images/1999146808.jpg,/Volumes/Radishes/GBIF_2026_update_scoring_images/1999146808.jpg,TRUE,copied
1999148571,gbif_previous_download,1999148571.jpg,1999148571.jpg,/Volumes/Radishes/GBIF_phenology_scored_specimen_images/1999148571.jpg,/Volumes/Radishes/GBIF_2026_update_scoring_images/1999148571.jpg,TRUE,copied
1999156057,gbif_previous_download,1999156057.jpg,1999156057.jpg,/Volumes/Radishes/GBIF_phenology_scored_specimen_images/1999156057.jpg,/Volumes/Radishes/GBIF_2026_update_scoring_images/1999156057.jpg,TRUE,copied
1999157341,gbif_previous_download,1999157341.jpg,1999157341.jpg,/Volumes/Radishes/GBIF_phenology_scored_specimen_images/1999157341.jpg,/Volumes/Radishes/GBIF_2026_update_scoring_images/1999157341.jpg,TRUE,copied
1999157503,gbif_previous_download,1999157503.jpg,1999157503.jpg,/Volumes/Radishes/GBIF_phenology_scored_specimen_images/1999157503.jpg,/Volumes/Radishes/GBIF_2026_update_scoring_images/1999157503.jpg,TRUE,copied
1999163008,gbif_previous_download,1999163008.jpg,1999163008.jpg,/Volumes/Radishes/GBIF_phenology_scored_specimen_images/1999163008.jpg,/Volumes/Radishes/GBIF_2026_update_scoring_images/1999163008.jpg,TRUE,copied
1999166727,gbif_previous_download,1999166727.jpg,1999166727.jpg,/Volumes/Radishes/GBIF_phenology_scored_specimen_images/1999166727.jpg,/Volumes/Radishes/GBIF_2026_update_scoring_images/1999166727.jpg,TRUE,copied
1999174916,gbif_previous_download,1999174916.jpg,1999174916.jpg,/Volumes/Radishes/GBIF_phenology_scored_specimen_images/1999174916.jpg,/Volumes/Radishes/GBIF_2026_update_scoring_images/1999174916.jpg,TRUE,copied
1999179277,gbif_previous_download,1999179277.jpg,1999179277.jpg,/Volumes/Radishes/GBIF_phenology_scored_specimen_images/1999179277.jpg,/Volumes/Radishes/GBIF_2026_update_scoring_images/1999179277.jpg,TRUE,copied
1999180641,gbif_previous_download,1999180641.jpg,1999180641.jpg,/Volumes/Radishes/GBIF_phenology_scored_specimen_images/1999180641.jpg,/Volumes/Radishes/GBIF_2026_update_scoring_images/1999180641.jpg,TRUE,copied
1999192084,gbif_previous_download,1999192084.jpg,1999192084.jpg,/Volumes/Radishes/GBIF_phenology_scored_specimen_images/1999192084.jpg,/Volumes/Radishes/GBIF_2026_update_scoring_images/1999192084.jpg,TRUE,copied
1999193262,gbif_previous_download,1999193262.jpg,1999193262.jpg,/Volumes/Radishes/GBIF_phenology_scored_specimen_images/1999193262.jpg,/Volumes/Radishes/GBIF_2026_update_scoring_images/1999193262.jpg,TRUE,copied
1999202144,gbif_previous_download,1999202144.jpg,1999202144.jpg,/Volumes/Radishes/GBIF_phenology_scored_specimen_images/1999202144.jpg,/Volumes/Radishes/GBIF_2026_update_scoring_images/1999202144.jpg,TRUE,copied
1999258976,gbif_previous_download,1999258976.jpg,1999258976.jpg,/Volumes/Radishes/GBIF_phenology_scored_specimen_images/1999258976.jpg,/Volumes/Radishes/GBIF_2026_update_scoring_images/1999258976.jpg,TRUE,copied
1999259444,gbif_previous_download,1999259444.jpg,1999259444.jpg,/Volumes/Radishes/GBIF_phenology_scored_specimen_images/1999259444.jpg,/Volumes/Radishes/GBIF_2026_update_scoring_images/1999259444.jpg,TRUE,copied
1999261686,gbif_previous_download,1999261686.jpg,1999261686.jpg,/Volumes/Radishes/GBIF_phenology_scored_specimen_images/1999261686.jpg,/Volumes/Radishes/GBIF_2026_update_scoring_images/1999261686.jpg,TRUE,copied
1999262411,gbif_previous_download,1999262411.jpg,1999262411.jpg,/Volumes/Radishes/GBIF_phenology_scored_specimen_images/1999262411.jpg,/Volumes/Radishes/GBIF_2026_update_scoring_images/1999262411.jpg,TRUE,copied
1999263105,gbif_previous_download,1999263105.jpg,1999263105.jpg,/Volumes/Radishes/GBIF_phenology_scored_specimen_images/1999263105.jpg,/Volumes/Radishes/GBIF_2026_update_scoring_images/1999263105.jpg,TRUE,copied
1999280100,gbif_previous_download,1999280100.jpg,1999280100.jpg,/Volumes/Radishes/GBIF_phenology_scored_specimen_images/1999280100.jpg,/Volumes/Radishes/GBIF_2026_update_scoring_images/1999280100.jpg,TRUE,copied
1999280791,gbif_previous_download,1999280791.jpg,1999280791.jpg,/Volumes/Radishes/GBIF_phenology_scored_specimen_images/1999280791.jpg,/Volumes/Radishes/GBIF_2026_update_scoring_images/1999280791.jpg,TRUE,copied
1999284994,gbif_previous_download,1999284994.jpg,1999284994.jpg,/Volumes/Radishes/GBIF_phenology_scored_specimen_images/1999284994.jpg,/Volumes/Radishes/GBIF_2026_update_scoring_images/1999284994.jpg,TRUE,copied
1999288224,gbif_previous_download,1999288224.jpg,1999288224.jpg,/Volumes/Radishes/GBIF_phenology_scored_specimen_images/1999288224.jpg,/Volumes/Radishes/GBIF_2026_update_scoring_images/1999288224.jpg,TRUE,copied
1999289571,gbif_previous_download,1999289571.jpg,1999289571.jpg,/Volumes/Radishes/GBIF_phenology_scored_specimen_images/1999289571.jpg,/Volumes/Radishes/GBIF_2026_update_scoring_images/1999289571.jpg,TRUE,copied
1999303400,gbif_previous_download,1999303400.jpg,1999303400.jpg,/Volumes/Radishes/GBIF_phenology_scored_specimen_images/1999303400.jpg,/Volumes/Radishes/GBIF_2026_update_scoring_images/1999303400.jpg,TRUE,copied
1999307169,gbif_previous_download,1999307169.jpg,1999307169.jpg,/Volumes/Radishes/GBIF_phenology_scored_specimen_images/1999307169.jpg,/Volumes/Radishes/GBIF_2026_update_scoring_images/1999307169.jpg,TRUE,copied
1999321022,gbif_previous_download,1999321022.jpg,1999321022.jpg,/Volumes/Radishes/GBIF_phenology_scored_specimen_images/1999321022.jpg,/Volumes/Radishes/GBIF_2026_update_scoring_images/1999321022.jpg,TRUE,copied
1999321755,gbif_previous_download,1999321755.jpg,1999321755.jpg,/Volumes/Radishes/GBIF_phenology_scored_specimen_images/1999321755.jpg,/Volumes/Radishes/GBIF_2026_update_scoring_images/1999321755.jpg,TRUE,copied
1999321970,gbif_previous_download,1999321970.jpg,1999321970.jpg,/Volumes/Radishes/GBIF_phenology_scored_specimen_images/1999321970.jpg,/Volumes/Radishes/GBIF_2026_update_scoring_images/1999321970.jpg,TRUE,copied
1999324573,gbif_previous_download,1999324573.jpg,1999324573.jpg,/Volumes/Radishes/GBIF_phenology_scored_specimen_images/1999324573.jpg,/Volumes/Radishes/GBIF_2026_update_scoring_images/1999324573.jpg,TRUE,copied
1999331105,gbif_previous_download,1999331105.jpg,1999331105.jpg,/Volumes/Radishes/GBIF_phenology_scored_specimen_images/1999331105.jpg,/Volumes/Radishes/GBIF_2026_update_scoring_images/1999331105.jpg,TRUE,copied
1999333260,gbif_previous_download,1999333260.jpg,1999333260.jpg,/Volumes/Radishes/GBIF_phenology_scored_specimen_images/1999333260.jpg,/Volumes/Radishes/GBIF_2026_update_scoring_images/1999333260.jpg,TRUE,copied
1999348469,gbif_previous_download,1999348469.jpg,1999348469.jpg,/Volumes/Radishes/GBIF_phenology_scored_specimen_images/1999348469.jpg,/Volumes/Radishes/GBIF_2026_update_scoring_images/1999348469.jpg,TRUE,copied
1999357673,gbif_previous_download,1999357673.jpg,1999357673.jpg,/Volumes/Radishes/GBIF_phenology_scored_specimen_images/1999357673.jpg,/Volumes/Radishes/GBIF_2026_update_scoring_images/1999357673.jpg,TRUE,copied
1999360040,gbif_previous_download,1999360040.jpg,1999360040.jpg,/Volumes/Radishes/GBIF_phenology_scored_specimen_images/1999360040.jpg,/Volumes/Radishes/GBIF_2026_update_scoring_images/1999360040.jpg,TRUE,copied
1999367088,gbif_previous_download,1999367088.jpg,1999367088.jpg,/Volumes/Radishes/GBIF_phenology_scored_specimen_images/1999367088.jpg,/Volumes/Radishes/GBIF_2026_update_scoring_images/1999367088.jpg,TRUE,copied
1999375402,gbif_previous_download,1999375402.jpg,1999375402.jpg,/Volumes/Radishes/GBIF_phenology_scored_specimen_images/1999375402.jpg,/Volumes/Radishes/GBIF_2026_update_scoring_images/1999375402.jpg,TRUE,copied
1999385607,gbif_previous_download,1999385607.jpg,1999385607.jpg,/Volumes/Radishes/GBIF_phenology_scored_specimen_images/1999385607.jpg,/Volumes/Radishes/GBIF_2026_update_scoring_images/1999385607.jpg,TRUE,copied
1999393385,gbif_previous_download,1999393385.jpg,1999393385.jpg,/Volumes/Radishes/GBIF_phenology_scored_specimen_images/1999393385.jpg,/Volumes/Radishes/GBIF_2026_update_scoring_images/1999393385.jpg,TRUE,copied
1999394932,gbif_previous_download,1999394932.jpg,1999394932.jpg,/Volumes/Radishes/GBIF_phenology_scored_specimen_images/1999394932.jpg,/Volumes/Radishes/GBIF_2026_update_scoring_images/1999394932.jpg,TRUE,copied
1999395030,gbif_previous_download,1999395030.jpg,1999395030.jpg,/Volumes/Radishes/GBIF_phenology_scored_specimen_images/1999395030.jpg,/Volumes/Radishes/GBIF_2026_update_scoring_images/1999395030.jpg,TRUE,copied
1999409580,gbif_previous_download,1999409580.jpg,1999409580.jpg,/Volumes/Radishes/GBIF_phenology_scored_specimen_images/1999409580.jpg,/Volumes/Radishes/GBIF_2026_update_scoring_images/1999409580.jpg,TRUE,copied
1999420891,gbif_previous_download,1999420891.jpg,1999420891.jpg,/Volumes/Radishes/GBIF_phenology_scored_specimen_images/1999420891.jpg,/Volumes/Radishes/GBIF_2026_update_scoring_images/1999420891.jpg,TRUE,copied
1999429440,gbif_previous_download,1999429440.jpg,1999429440.jpg,/Volumes/Radishes/GBIF_phenology_scored_specimen_images/1999429440.jpg,/Volumes/Radishes/GBIF_2026_update_scoring_images/1999429440.jpg,TRUE,copied
1999430450,gbif_previous_download,1999430450.jpg,1999430450.jpg,/Volumes/Radishes/GBIF_phenology_scored_specimen_images/1999430450.jpg,/Volumes/Radishes/GBIF_2026_update_scoring_images/1999430450.jpg,TRUE,copied
1999431458,gbif_previous_download,1999431458.jpg,1999431458.jpg,/Volumes/Radishes/GBIF_phenology_scored_specimen_images/1999431458.jpg,/Volumes/Radishes/GBIF_2026_update_scoring_images/1999431458.jpg,TRUE,copied
2234306003,gbif_previous_download,2234306003.jpg,2234306003.jpg,/Volumes/Radishes/GBIF_phenology_scored_specimen_images/2234306003.jpg,/Volumes/Radishes/GBIF_2026_update_scoring_images/2234306003.jpg,TRUE,copied
2234306139,gbif_previous_download,2234306139.jpg,2234306139.jpg,/Volumes/Radishes/GBIF_phenology_scored_specimen_images/2234306139.jpg,/Volumes/Radishes/GBIF_2026_update_scoring_images/2234306139.jpg,TRUE,copied
2234307615,gbif_previous_download,2234307615.jpg,2234307615.jpg,/Volumes/Radishes/GBIF_phenology_scored_specimen_images/2234307615.jpg,/Volumes/Radishes/GBIF_2026_update_scoring_images/2234307615.jpg,TRUE,copied
2234307765,gbif_previous_download,2234307765.jpg,2234307765.jpg,/Volumes/Radishes/GBIF_phenology_scored_specimen_images/2234307765.jpg,/Volumes/Radishes/GBIF_2026_update_scoring_images/2234307765.jpg,TRUE,copied
2234308015,gbif_previous_download,2234308015.jpg,2234308015.jpg,/Volumes/Radishes/GBIF_phenology_scored_specimen_images/2234308015.jpg,/Volumes/Radishes/GBIF_2026_update_scoring_images/2234308015.jpg,TRUE,copied
2234308065,gbif_previous_download,2234308065.jpg,2234308065.jpg,/Volumes/Radishes/GBIF_phenology_scored_specimen_images/2234308065.jpg,/Volumes/Radishes/GBIF_2026_update_scoring_images/2234308065.jpg,TRUE,copied
2234308373,gbif_previous_download,2234308373.jpg,2234308373.jpg,/Volumes/Radishes/GBIF_phenology_scored_specimen_images/2234308373.jpg,/Volumes/Radishes/GBIF_2026_update_scoring_images/2234308373.jpg,TRUE,copied
2234309107,gbif_previous_download,2234309107.jpg,2234309107.jpg,/Volumes/Radishes/GBIF_phenology_scored_specimen_images/2234309107.jpg,/Volumes/Radishes/GBIF_2026_update_scoring_images/2234309107.jpg,TRUE,copied
2234309165,gbif_previous_download,2234309165.jpg,2234309165.jpg,/Volumes/Radishes/GBIF_phenology_scored_specimen_images/2234309165.jpg,/Volumes/Radishes/GBIF_2026_update_scoring_images/2234309165.jpg,TRUE,copied
2234309419,gbif_previous_download,2234309419.jpg,2234309419.jpg,/Volumes/Radishes/GBIF_phenology_scored_specimen_images/2234309419.jpg,/Volumes/Radishes/GBIF_2026_update_scoring_images/2234309419.jpg,TRUE,copied
2234331501,gbif_previous_download,2234331501.jpg,2234331501.jpg,/Volumes/Radishes/GBIF_phenology_scored_specimen_images/2234331501.jpg,/Volumes/Radishes/GBIF_2026_update_scoring_images/2234331501.jpg,TRUE,copied
2234332031,gbif_previous_download,2234332031.jpg,2234332031.jpg,/Volumes/Radishes/GBIF_phenology_scored_specimen_images/2234332031.jpg,/Volumes/Radishes/GBIF_2026_update_scoring_images/2234332031.jpg,TRUE,copied
2234336765,gbif_previous_download,2234336765.jpg,2234336765.jpg,/Volumes/Radishes/GBIF_phenology_scored_specimen_images/2234336765.jpg,/Volumes/Radishes/GBIF_2026_update_scoring_images/2234336765.jpg,TRUE,copied
2234491251,gbif_previous_download,2234491251.jpg,2234491251.jpg,/Volumes/Radishes/GBIF_phenology_scored_specimen_images/2234491251.jpg,/Volumes/Radishes/GBIF_2026_update_scoring_images/2234491251.jpg,TRUE,copied
2234581985,gbif_previous_download,2234581985.jpg,2234581985.jpg,/Volumes/Radishes/GBIF_phenology_scored_specimen_images/2234581985.jpg,/Volumes/Radishes/GBIF_2026_update_scoring_images/2234581985.jpg,TRUE,copied
2234585224,gbif_previous_download,2234585224.jpg,2234585224.jpg,/Volumes/Radishes/GBIF_phenology_scored_specimen_images/2234585224.jpg,/Volumes/Radishes/GBIF_2026_update_scoring_images/2234585224.jpg,TRUE,copied
2237844229,gbif_previous_download,2237844229.jpg,2237844229.jpg,/Volumes/Radishes/GBIF_phenology_scored_specimen_images/2237844229.jpg,/Volumes/Radishes/GBIF_2026_update_scoring_images/2237844229.jpg,TRUE,copied
2242400589,gbif_previous_download,2242400589.jpg,2242400589.jpg,/Volumes/Radishes/GBIF_phenology_scored_specimen_images/2242400589.jpg,/Volumes/Radishes/GBIF_2026_update_scoring_images/2242400589.jpg,TRUE,copied
2242465374,gbif_previous_download,2242465374.jpg,2242465374.jpg,/Volumes/Radishes/GBIF_phenology_scored_specimen_images/2242465374.jpg,/Volumes/Radishes/GBIF_2026_update_scoring_images/2242465374.jpg,TRUE,copied
2270488411,gbif_previous_download,2270488411.jpg,2270488411.jpg,/Volumes/Radishes/GBIF_phenology_scored_specimen_images/2270488411.jpg,/Volumes/Radishes/GBIF_2026_update_scoring_images/2270488411.jpg,TRUE,copied
2270489880,gbif_previous_download,2270489880.jpg,2270489880.jpg,/Volumes/Radishes/GBIF_phenology_scored_specimen_images/2270489880.jpg,/Volumes/Radishes/GBIF_2026_update_scoring_images/2270489880.jpg,TRUE,copied
2270498412,gbif_previous_download,2270498412.jpg,2270498412.jpg,/Volumes/Radishes/GBIF_phenology_scored_specimen_images/2270498412.jpg,/Volumes/Radishes/GBIF_2026_update_scoring_images/2270498412.jpg,TRUE,copied
2270499210,gbif_previous_download,2270499210.jpg,2270499210.jpg,/Volumes/Radishes/GBIF_phenology_scored_specimen_images/2270499210.jpg,/Volumes/Radishes/GBIF_2026_update_scoring_images/2270499210.jpg,TRUE,copied
2413153694,gbif_previous_download,2413153694.jpg,2413153694.jpg,/Volumes/Radishes/GBIF_phenology_scored_specimen_images/2413153694.jpg,/Volumes/Radishes/GBIF_2026_update_scoring_images/2413153694.jpg,TRUE,copied
2413154044,gbif_previous_download,2413154044.jpg,2413154044.jpg,/Volumes/Radishes/GBIF_phenology_scored_specimen_images/2413154044.jpg,/Volumes/Radishes/GBIF_2026_update_scoring_images/2413154044.jpg,TRUE,copied
2413154142,gbif_previous_download,2413154142.jpg,2413154142.jpg,/Volumes/Radishes/GBIF_phenology_scored_specimen_images/2413154142.jpg,/Volumes/Radishes/GBIF_2026_update_scoring_images/2413154142.jpg,TRUE,copied
2413154423,gbif_previous_download,2413154423.jpg,2413154423.jpg,/Volumes/Radishes/GBIF_phenology_scored_specimen_images/2413154423.jpg,/Volumes/Radishes/GBIF_2026_update_scoring_images/2413154423.jpg,TRUE,copied
2417965559,gbif_previous_download,2417965559.jpg,2417965559.jpg,/Volumes/Radishes/GBIF_phenology_scored_specimen_images/2417965559.jpg,/Volumes/Radishes/GBIF_2026_update_scoring_images/2417965559.jpg,TRUE,copied
2417979840,gbif_previous_download,2417979840.jpg,2417979840.jpg,/Volumes/Radishes/GBIF_phenology_scored_specimen_images/2417979840.jpg,/Volumes/Radishes/GBIF_2026_update_scoring_images/2417979840.jpg,TRUE,copied
2418002574,gbif_previous_download,2418002574.jpg,2418002574.jpg,/Volumes/Radishes/GBIF_phenology_scored_specimen_images/2418002574.jpg,/Volumes/Radishes/GBIF_2026_update_scoring_images/2418002574.jpg,TRUE,copied
2418029927,gbif_previous_download,2418029927.jpg,2418029927.jpg,/Volumes/Radishes/GBIF_phenology_scored_specimen_images/2418029927.jpg,/Volumes/Radishes/GBIF_2026_update_scoring_images/2418029927.jpg,TRUE,copied
2430037612,gbif_previous_download,2430037612.jpg,2430037612.jpg,/Volumes/Radishes/GBIF_phenology_scored_specimen_images/2430037612.jpg,/Volumes/Radishes/GBIF_2026_update_scoring_images/2430037612.jpg,TRUE,copied
2430055274,gbif_previous_download,2430055274.jpg,2430055274.jpg,/Volumes/Radishes/GBIF_phenology_scored_specimen_images/2430055274.jpg,/Volumes/Radishes/GBIF_2026_update_scoring_images/2430055274.jpg,TRUE,copied
2430071957,gbif_previous_download,2430071957.jpg,2430071957.jpg,/Volumes/Radishes/GBIF_phenology_scored_specimen_images/2430071957.jpg,/Volumes/Radishes/GBIF_2026_update_scoring_images/2430071957.jpg,TRUE,copied
2430074907,gbif_previous_download,2430074907.jpg,2430074907.jpg,/Volumes/Radishes/GBIF_phenology_scored_specimen_images/2430074907.jpg,/Volumes/Radishes/GBIF_2026_update_scoring_images/2430074907.jpg,TRUE,copied
2430080232,gbif_previous_download,2430080232.jpg,2430080232.jpg,/Volumes/Radishes/GBIF_phenology_scored_specimen_images/2430080232.jpg,/Volumes/Radishes/GBIF_2026_update_scoring_images/2430080232.jpg,TRUE,copied
2430082816,gbif_previous_download,2430082816.jpg,2430082816.jpg,/Volumes/Radishes/GBIF_phenology_scored_specimen_images/2430082816.jpg,/Volumes/Radishes/GBIF_2026_update_scoring_images/2430082816.jpg,TRUE,copied
2430095358,gbif_previous_download,2430095358.jpg,2430095358.jpg,/Volumes/Radishes/GBIF_phenology_scored_specimen_images/2430095358.jpg,/Volumes/Radishes/GBIF_2026_update_scoring_images/2430095358.jpg,TRUE,copied
2430096142,gbif_previous_download,2430096142.jpg,2430096142.jpg,/Volumes/Radishes/GBIF_phenology_scored_specimen_images/2430096142.jpg,/Volumes/Radishes/GBIF_2026_update_scoring_images/2430096142.jpg,TRUE,copied
2430116059,gbif_previous_download,2430116059.jpg,2430116059.jpg,/Volumes/Radishes/GBIF_phenology_scored_specimen_images/2430116059.jpg,/Volumes/Radishes/GBIF_2026_update_scoring_images/2430116059.jpg,TRUE,copied
2430130354,gbif_previous_download,2430130354.jpg,2430130354.jpg,/Volumes/Radishes/GBIF_phenology_scored_specimen_images/2430130354.jpg,/Volumes/Radishes/GBIF_2026_update_scoring_images/2430130354.jpg,TRUE,copied
2430136343,gbif_previous_download,2430136343.jpg,2430136343.jpg,/Volumes/Radishes/GBIF_phenology_scored_specimen_images/2430136343.jpg,/Volumes/Radishes/GBIF_2026_update_scoring_images/2430136343.jpg,TRUE,copied
2430138655,gbif_previous_download,2430138655.jpg,2430138655.jpg,/Volumes/Radishes/GBIF_phenology_scored_specimen_images/2430138655.jpg,/Volumes/Radishes/GBIF_2026_update_scoring_images/2430138655.jpg,TRUE,copied
2430139010,gbif_previous_download,2430139010.jpg,2430139010.jpg,/Volumes/Radishes/GBIF_phenology_scored_specimen_images/2430139010.jpg,/Volumes/Radishes/GBIF_2026_update_scoring_images/2430139010.jpg,TRUE,copied
2430148041,gbif_previous_download,2430148041.jpg,2430148041.jpg,/Volumes/Radishes/GBIF_phenology_scored_specimen_images/2430148041.jpg,/Volumes/Radishes/GBIF_2026_update_scoring_images/2430148041.jpg,TRUE,copied
2430158391,gbif_previous_download,2430158391.jpg,2430158391.jpg,/Volumes/Radishes/GBIF_phenology_scored_specimen_images/2430158391.jpg,/Volumes/Radishes/GBIF_2026_update_scoring_images/2430158391.jpg,TRUE,copied
2430165112,gbif_previous_download,2430165112.jpg,2430165112.jpg,/Volumes/Radishes/GBIF_phenology_scored_specimen_images/2430165112.jpg,/Volumes/Radishes/GBIF_2026_update_scoring_images/2430165112.jpg,TRUE,copied
2430170625,gbif_previous_download,2430170625.jpg,2430170625.jpg,/Volumes/Radishes/GBIF_phenology_scored_specimen_images/2430170625.jpg,/Volumes/Radishes/GBIF_2026_update_scoring_images/2430170625.jpg,TRUE,copied
2430171223,gbif_previous_download,2430171223.jpg,2430171223.jpg,/Volumes/Radishes/GBIF_phenology_scored_specimen_images/2430171223.jpg,/Volumes/Radishes/GBIF_2026_update_scoring_images/2430171223.jpg,TRUE,copied
2430172263,gbif_previous_download,2430172263.jpg,2430172263.jpg,/Volumes/Radishes/GBIF_phenology_scored_specimen_images/2430172263.jpg,/Volumes/Radishes/GBIF_2026_update_scoring_images/2430172263.jpg,TRUE,copied
2430174509,gbif_previous_download,2430174509.jpg,2430174509.jpg,/Volumes/Radishes/GBIF_phenology_scored_specimen_images/2430174509.jpg,/Volumes/Radishes/GBIF_2026_update_scoring_images/2430174509.jpg,TRUE,copied
2430175727,gbif_previous_download,2430175727.jpg,2430175727.jpg,/Volumes/Radishes/GBIF_phenology_scored_specimen_images/2430175727.jpg,/Volumes/Radishes/GBIF_2026_update_scoring_images/2430175727.jpg,TRUE,copied
2430196006,gbif_previous_download,2430196006.jpg,2430196006.jpg,/Volumes/Radishes/GBIF_phenology_scored_specimen_images/2430196006.jpg,/Volumes/Radishes/GBIF_2026_update_scoring_images/2430196006.jpg,TRUE,copied
2430197515,gbif_previous_download,2430197515.jpg,2430197515.jpg,/Volumes/Radishes/GBIF_phenology_scored_specimen_images/2430197515.jpg,/Volumes/Radishes/GBIF_2026_update_scoring_images/2430197515.jpg,TRUE,copied
2430197912,gbif_previous_download,2430197912.jpg,2430197912.jpg,/Volumes/Radishes/GBIF_phenology_scored_specimen_images/2430197912.jpg,/Volumes/Radishes/GBIF_2026_update_scoring_images/2430197912.jpg,TRUE,copied
2430203932,gbif_previous_download,2430203932.jpg,2430203932.jpg,/Volumes/Radishes/GBIF_phenology_scored_specimen_images/2430203932.jpg,/Volumes/Radishes/GBIF_2026_update_scoring_images/2430203932.jpg,TRUE,copied
2430204411,gbif_previous_download,2430204411.jpg,2430204411.jpg,/Volumes/Radishes/GBIF_phenology_scored_specimen_images/2430204411.jpg,/Volumes/Radishes/GBIF_2026_update_scoring_images/2430204411.jpg,TRUE,copied
2430221992,gbif_previous_download,2430221992.jpg,2430221992.jpg,/Volumes/Radishes/GBIF_phenology_scored_specimen_images/2430221992.jpg,/Volumes/Radishes/GBIF_2026_update_scoring_images/2430221992.jpg,TRUE,copied
2430230536,gbif_previous_download,2430230536.jpg,2430230536.jpg,/Volumes/Radishes/GBIF_phenology_scored_specimen_images/2430230536.jpg,/Volumes/Radishes/GBIF_2026_update_scoring_images/2430230536.jpg,TRUE,copied
2430242716,gbif_previous_download,2430242716.jpg,2430242716.jpg,/Volumes/Radishes/GBIF_phenology_scored_specimen_images/2430242716.jpg,/Volumes/Radishes/GBIF_2026_update_scoring_images/2430242716.jpg,TRUE,copied
2430247838,gbif_previous_download,2430247838.jpg,2430247838.jpg,/Volumes/Radishes/GBIF_phenology_scored_specimen_images/2430247838.jpg,/Volumes/Radishes/GBIF_2026_update_scoring_images/2430247838.jpg,TRUE,copied
2430249061,gbif_previous_download,2430249061.jpg,2430249061.jpg,/Volumes/Radishes/GBIF_phenology_scored_specimen_images/2430249061.jpg,/Volumes/Radishes/GBIF_2026_update_scoring_images/2430249061.jpg,TRUE,copied
2430251413,gbif_previous_download,2430251413.jpg,2430251413.jpg,/Volumes/Radishes/GBIF_phenology_scored_specimen_images/2430251413.jpg,/Volumes/Radishes/GBIF_2026_update_scoring_images/2430251413.jpg,TRUE,copied
2430260671,gbif_previous_download,2430260671.jpg,2430260671.jpg,/Volumes/Radishes/GBIF_phenology_scored_specimen_images/2430260671.jpg,/Volumes/Radishes/GBIF_2026_update_scoring_images/2430260671.jpg,TRUE,copied
2430266010,gbif_previous_download,2430266010.jpg,2430266010.jpg,/Volumes/Radishes/GBIF_phenology_scored_specimen_images/2430266010.jpg,/Volumes/Radishes/GBIF_2026_update_scoring_images/2430266010.jpg,TRUE,copied
2430273825,gbif_previous_download,2430273825.jpg,2430273825.jpg,/Volumes/Radishes/GBIF_phenology_scored_specimen_images/2430273825.jpg,/Volumes/Radishes/GBIF_2026_update_scoring_images/2430273825.jpg,TRUE,copied
2430274255,gbif_previous_download,2430274255.jpg,2430274255.jpg,/Volumes/Radishes/GBIF_phenology_scored_specimen_images/2430274255.jpg,/Volumes/Radishes/GBIF_2026_update_scoring_images/2430274255.jpg,TRUE,copied
2430274305,gbif_previous_download,2430274305.jpg,2430274305.jpg,/Volumes/Radishes/GBIF_phenology_scored_specimen_images/2430274305.jpg,/Volumes/Radishes/GBIF_2026_update_scoring_images/2430274305.jpg,TRUE,copied
2430276442,gbif_previous_download,2430276442.jpg,2430276442.jpg,/Volumes/Radishes/GBIF_phenology_scored_specimen_images/2430276442.jpg,/Volumes/Radishes/GBIF_2026_update_scoring_images/2430276442.jpg,TRUE,copied
2430282550,gbif_previous_download,2430282550.jpg,2430282550.jpg,/Volumes/Radishes/GBIF_phenology_scored_specimen_images/2430282550.jpg,/Volumes/Radishes/GBIF_2026_update_scoring_images/2430282550.jpg,TRUE,copied
2430287328,gbif_previous_download,2430287328.jpg,2430287328.jpg,/Volumes/Radishes/GBIF_phenology_scored_specimen_images/2430287328.jpg,/Volumes/Radishes/GBIF_2026_update_scoring_images/2430287328.jpg,TRUE,copied
2430289894,gbif_previous_download,2430289894.jpg,2430289894.jpg,/Volumes/Radishes/GBIF_phenology_scored_specimen_images/2430289894.jpg,/Volumes/Radishes/GBIF_2026_update_scoring_images/2430289894.jpg,TRUE,copied
2430299319,gbif_previous_download,2430299319.jpg,2430299319.jpg,/Volumes/Radishes/GBIF_phenology_scored_specimen_images/2430299319.jpg,/Volumes/Radishes/GBIF_2026_update_scoring_images/2430299319.jpg,TRUE,copied
2430315458,gbif_previous_download,2430315458.jpg,2430315458.jpg,/Volumes/Radishes/GBIF_phenology_scored_specimen_images/2430315458.jpg,/Volumes/Radishes/GBIF_2026_update_scoring_images/2430315458.jpg,TRUE,copied
2430325132,gbif_previous_download,2430325132.jpg,2430325132.jpg,/Volumes/Radishes/GBIF_phenology_scored_specimen_images/2430325132.jpg,/Volumes/Radishes/GBIF_2026_update_scoring_images/2430325132.jpg,TRUE,copied
2430340346,gbif_previous_download,2430340346.jpg,2430340346.jpg,/Volumes/Radishes/GBIF_phenology_scored_specimen_images/2430340346.jpg,/Volumes/Radishes/GBIF_2026_update_scoring_images/2430340346.jpg,TRUE,copied
2430343154,gbif_previous_download,2430343154.jpg,2430343154.jpg,/Volumes/Radishes/GBIF_phenology_scored_specimen_images/2430343154.jpg,/Volumes/Radishes/GBIF_2026_update_scoring_images/2430343154.jpg,TRUE,copied
2430344256,gbif_previous_download,2430344256.jpg,2430344256.jpg,/Volumes/Radishes/GBIF_phenology_scored_specimen_images/2430344256.jpg,/Volumes/Radishes/GBIF_2026_update_scoring_images/2430344256.jpg,TRUE,copied
2430367972,gbif_previous_download,2430367972.jpg,2430367972.jpg,/Volumes/Radishes/GBIF_phenology_scored_specimen_images/2430367972.jpg,/Volumes/Radishes/GBIF_2026_update_scoring_images/2430367972.jpg,TRUE,copied
2430373690,gbif_previous_download,2430373690.jpg,2430373690.jpg,/Volumes/Radishes/GBIF_phenology_scored_specimen_images/2430373690.jpg,/Volumes/Radishes/GBIF_2026_update_scoring_images/2430373690.jpg,TRUE,copied
2430388402,gbif_previous_download,2430388402.jpg,2430388402.jpg,/Volumes/Radishes/GBIF_phenology_scored_specimen_images/2430388402.jpg,/Volumes/Radishes/GBIF_2026_update_scoring_images/2430388402.jpg,TRUE,copied
2430390468,gbif_previous_download,2430390468.jpg,2430390468.jpg,/Volumes/Radishes/GBIF_phenology_scored_specimen_images/2430390468.jpg,/Volumes/Radishes/GBIF_2026_update_scoring_images/2430390468.jpg,TRUE,copied
2430391915,gbif_previous_download,2430391915.jpg,2430391915.jpg,/Volumes/Radishes/GBIF_phenology_scored_specimen_images/2430391915.jpg,/Volumes/Radishes/GBIF_2026_update_scoring_images/2430391915.jpg,TRUE,copied
2430394612,gbif_previous_download,2430394612.jpg,2430394612.jpg,/Volumes/Radishes/GBIF_phenology_scored_specimen_images/2430394612.jpg,/Volumes/Radishes/GBIF_2026_update_scoring_images/2430394612.jpg,TRUE,copied
2430397750,gbif_previous_download,2430397750.jpg,2430397750.jpg,/Volumes/Radishes/GBIF_phenology_scored_specimen_images/2430397750.jpg,/Volumes/Radishes/GBIF_2026_update_scoring_images/2430397750.jpg,TRUE,copied
2430411664,gbif_previous_download,2430411664.jpg,2430411664.jpg,/Volumes/Radishes/GBIF_phenology_scored_specimen_images/2430411664.jpg,/Volumes/Radishes/GBIF_2026_update_scoring_images/2430411664.jpg,TRUE,copied
2430415244,gbif_previous_download,2430415244.jpg,2430415244.jpg,/Volumes/Radishes/GBIF_phenology_scored_specimen_images/2430415244.jpg,/Volumes/Radishes/GBIF_2026_update_scoring_images/2430415244.jpg,TRUE,copied
2430415275,gbif_previous_download,2430415275.jpg,2430415275.jpg,/Volumes/Radishes/GBIF_phenology_scored_specimen_images/2430415275.jpg,/Volumes/Radishes/GBIF_2026_update_scoring_images/2430415275.jpg,TRUE,copied
2430416583,gbif_previous_download,2430416583.jpg,2430416583.jpg,/Volumes/Radishes/GBIF_phenology_scored_specimen_images/2430416583.jpg,/Volumes/Radishes/GBIF_2026_update_scoring_images/2430416583.jpg,TRUE,copied
2430423056,gbif_previous_download,2430423056.jpg,2430423056.jpg,/Volumes/Radishes/GBIF_phenology_scored_specimen_images/2430423056.jpg,/Volumes/Radishes/GBIF_2026_update_scoring_images/2430423056.jpg,TRUE,copied
2430423842,gbif_previous_download,2430423842.jpg,2430423842.jpg,/Volumes/Radishes/GBIF_phenology_scored_specimen_images/2430423842.jpg,/Volumes/Radishes/GBIF_2026_update_scoring_images/2430423842.jpg,TRUE,copied
2430431896,gbif_previous_download,2430431896.jpg,2430431896.jpg,/Volumes/Radishes/GBIF_phenology_scored_specimen_images/2430431896.jpg,/Volumes/Radishes/GBIF_2026_update_scoring_images/2430431896.jpg,TRUE,copied
2430432702,gbif_previous_download,2430432702.jpg,2430432702.jpg,/Volumes/Radishes/GBIF_phenology_scored_specimen_images/2430432702.jpg,/Volumes/Radishes/GBIF_2026_update_scoring_images/2430432702.jpg,TRUE,copied
2430434509,gbif_previous_download,2430434509.jpg,2430434509.jpg,/Volumes/Radishes/GBIF_phenology_scored_specimen_images/2430434509.jpg,/Volumes/Radishes/GBIF_2026_update_scoring_images/2430434509.jpg,TRUE,copied
2430435370,gbif_previous_download,2430435370.jpg,2430435370.jpg,/Volumes/Radishes/GBIF_phenology_scored_specimen_images/2430435370.jpg,/Volumes/Radishes/GBIF_2026_update_scoring_images/2430435370.jpg,TRUE,copied
2430439082,gbif_previous_download,2430439082.jpg,2430439082.jpg,/Volumes/Radishes/GBIF_phenology_scored_specimen_images/2430439082.jpg,/Volumes/Radishes/GBIF_2026_update_scoring_images/2430439082.jpg,TRUE,copied
2430442799,gbif_previous_download,2430442799.jpg,2430442799.jpg,/Volumes/Radishes/GBIF_phenology_scored_specimen_images/2430442799.jpg,/Volumes/Radishes/GBIF_2026_update_scoring_images/2430442799.jpg,TRUE,copied
2430443791,gbif_previous_download,2430443791.jpg,2430443791.jpg,/Volumes/Radishes/GBIF_phenology_scored_specimen_images/2430443791.jpg,/Volumes/Radishes/GBIF_2026_update_scoring_images/2430443791.jpg,TRUE,copied
2430444267,gbif_previous_download,2430444267.jpg,2430444267.jpg,/Volumes/Radishes/GBIF_phenology_scored_specimen_images/2430444267.jpg,/Volumes/Radishes/GBIF_2026_update_scoring_images/2430444267.jpg,TRUE,copied
2430449182,gbif_previous_download,2430449182.jpg,2430449182.jpg,/Volumes/Radishes/GBIF_phenology_scored_specimen_images/2430449182.jpg,/Volumes/Radishes/GBIF_2026_update_scoring_images/2430449182.jpg,TRUE,copied
2430455554,gbif_previous_download,2430455554.jpg,2430455554.jpg,/Volumes/Radishes/GBIF_phenology_scored_specimen_images/2430455554.jpg,/Volumes/Radishes/GBIF_2026_update_scoring_images/2430455554.jpg,TRUE,copied
2430455950,gbif_previous_download,2430455950.jpg,2430455950.jpg,/Volumes/Radishes/GBIF_phenology_scored_specimen_images/2430455950.jpg,/Volumes/Radishes/GBIF_2026_update_scoring_images/2430455950.jpg,TRUE,copied
2430460223,gbif_previous_download,2430460223.jpg,2430460223.jpg,/Volumes/Radishes/GBIF_phenology_scored_specimen_images/2430460223.jpg,/Volumes/Radishes/GBIF_2026_update_scoring_images/2430460223.jpg,TRUE,copied
2430462219,gbif_previous_download,2430462219.jpg,2430462219.jpg,/Volumes/Radishes/GBIF_phenology_scored_specimen_images/2430462219.jpg,/Volumes/Radishes/GBIF_2026_update_scoring_images/2430462219.jpg,TRUE,copied
2430470506,gbif_previous_download,2430470506.jpg,2430470506.jpg,/Volumes/Radishes/GBIF_phenology_scored_specimen_images/2430470506.jpg,/Volumes/Radishes/GBIF_2026_update_scoring_images/2430470506.jpg,TRUE,copied
2430481098,gbif_previous_download,2430481098.jpg,2430481098.jpg,/Volumes/Radishes/GBIF_phenology_scored_specimen_images/2430481098.jpg,/Volumes/Radishes/GBIF_2026_update_scoring_images/2430481098.jpg,TRUE,copied
2430485486,gbif_previous_download,2430485486.jpg,2430485486.jpg,/Volumes/Radishes/GBIF_phenology_scored_specimen_images/2430485486.jpg,/Volumes/Radishes/GBIF_2026_update_scoring_images/2430485486.jpg,TRUE,copied
2430512155,gbif_previous_download,2430512155.jpg,2430512155.jpg,/Volumes/Radishes/GBIF_phenology_scored_specimen_images/2430512155.jpg,/Volumes/Radishes/GBIF_2026_update_scoring_images/2430512155.jpg,TRUE,copied
2430523096,gbif_previous_download,2430523096.jpg,2430523096.jpg,/Volumes/Radishes/GBIF_phenology_scored_specimen_images/2430523096.jpg,/Volumes/Radishes/GBIF_2026_update_scoring_images/2430523096.jpg,TRUE,copied
2430530468,gbif_previous_download,2430530468.jpg,2430530468.jpg,/Volumes/Radishes/GBIF_phenology_scored_specimen_images/2430530468.jpg,/Volumes/Radishes/GBIF_2026_update_scoring_images/2430530468.jpg,TRUE,copied
2430531849,gbif_previous_download,2430531849.jpg,2430531849.jpg,/Volumes/Radishes/GBIF_phenology_scored_specimen_images/2430531849.jpg,/Volumes/Radishes/GBIF_2026_update_scoring_images/2430531849.jpg,TRUE,copied
2430535841,gbif_previous_download,2430535841.jpg,2430535841.jpg,/Volumes/Radishes/GBIF_phenology_scored_specimen_images/2430535841.jpg,/Volumes/Radishes/GBIF_2026_update_scoring_images/2430535841.jpg,TRUE,copied
2430536906,gbif_previous_download,2430536906.jpg,2430536906.jpg,/Volumes/Radishes/GBIF_phenology_scored_specimen_images/2430536906.jpg,/Volumes/Radishes/GBIF_2026_update_scoring_images/2430536906.jpg,TRUE,copied
2430540907,gbif_previous_download,2430540907.jpg,2430540907.jpg,/Volumes/Radishes/GBIF_phenology_scored_specimen_images/2430540907.jpg,/Volumes/Radishes/GBIF_2026_update_scoring_images/2430540907.jpg,TRUE,copied
2430546606,gbif_previous_download,2430546606.jpg,2430546606.jpg,/Volumes/Radishes/GBIF_phenology_scored_specimen_images/2430546606.jpg,/Volumes/Radishes/GBIF_2026_update_scoring_images/2430546606.jpg,TRUE,copied
2430549978,gbif_previous_download,2430549978.jpg,2430549978.jpg,/Volumes/Radishes/GBIF_phenology_scored_specimen_images/2430549978.jpg,/Volumes/Radishes/GBIF_2026_update_scoring_images/2430549978.jpg,TRUE,copied
2430551064,gbif_previous_download,2430551064.jpg,2430551064.jpg,/Volumes/Radishes/GBIF_phenology_scored_specimen_images/2430551064.jpg,/Volumes/Radishes/GBIF_2026_update_scoring_images/2430551064.jpg,TRUE,copied
2430552658,gbif_previous_download,2430552658.jpg,2430552658.jpg,/Volumes/Radishes/GBIF_phenology_scored_specimen_images/2430552658.jpg,/Volumes/Radishes/GBIF_2026_update_scoring_images/2430552658.jpg,TRUE,copied
2430559176,gbif_previous_download,2430559176.jpg,2430559176.jpg,/Volumes/Radishes/GBIF_phenology_scored_specimen_images/2430559176.jpg,/Volumes/Radishes/GBIF_2026_update_scoring_images/2430559176.jpg,TRUE,copied
2430560567,gbif_previous_download,2430560567.jpg,2430560567.jpg,/Volumes/Radishes/GBIF_phenology_scored_specimen_images/2430560567.jpg,/Volumes/Radishes/GBIF_2026_update_scoring_images/2430560567.jpg,TRUE,copied
2459168788,gbif_previous_download,2459168788.jpg,2459168788.jpg,/Volumes/Radishes/GBIF_phenology_scored_specimen_images/2459168788.jpg,/Volumes/Radishes/GBIF_2026_update_scoring_images/2459168788.jpg,TRUE,copied
2512754491,gbif_previous_download,2512754491.jpg,2512754491.jpg,/Volumes/Radishes/GBIF_phenology_scored_specimen_images/2512754491.jpg,/Volumes/Radishes/GBIF_2026_update_scoring_images/2512754491.jpg,TRUE,copied
2512758461,gbif_previous_download,2512758461.jpg,2512758461.jpg,/Volumes/Radishes/GBIF_phenology_scored_specimen_images/2512758461.jpg,/Volumes/Radishes/GBIF_2026_update_scoring_images/2512758461.jpg,TRUE,copied
2514099464,gbif_previous_download,2514099464.jpg,2514099464.jpg,/Volumes/Radishes/GBIF_phenology_scored_specimen_images/2514099464.jpg,/Volumes/Radishes/GBIF_2026_update_scoring_images/2514099464.jpg,TRUE,copied
2514100465,gbif_previous_download,2514100465.jpg,2514100465.jpg,/Volumes/Radishes/GBIF_phenology_scored_specimen_images/2514100465.jpg,/Volumes/Radishes/GBIF_2026_update_scoring_images/2514100465.jpg,TRUE,copied
2514964427,gbif_previous_download,2514964427.jpg,2514964427.jpg,/Volumes/Radishes/GBIF_phenology_scored_specimen_images/2514964427.jpg,/Volumes/Radishes/GBIF_2026_update_scoring_images/2514964427.jpg,TRUE,copied
2514966053,gbif_previous_download,2514966053.jpg,2514966053.jpg,/Volumes/Radishes/GBIF_phenology_scored_specimen_images/2514966053.jpg,/Volumes/Radishes/GBIF_2026_update_scoring_images/2514966053.jpg,TRUE,copied
2515123578,gbif_previous_download,2515123578.jpg,2515123578.jpg,/Volumes/Radishes/GBIF_phenology_scored_specimen_images/2515123578.jpg,/Volumes/Radishes/GBIF_2026_update_scoring_images/2515123578.jpg,TRUE,copied
2515352603,gbif_previous_download,2515352603.jpg,2515352603.jpg,/Volumes/Radishes/GBIF_phenology_scored_specimen_images/2515352603.jpg,/Volumes/Radishes/GBIF_2026_update_scoring_images/2515352603.jpg,TRUE,copied
2515370378,gbif_previous_download,2515370378.jpg,2515370378.jpg,/Volumes/Radishes/GBIF_phenology_scored_specimen_images/2515370378.jpg,/Volumes/Radishes/GBIF_2026_update_scoring_images/2515370378.jpg,TRUE,copied
2515436248,gbif_previous_download,2515436248.jpg,2515436248.jpg,/Volumes/Radishes/GBIF_phenology_scored_specimen_images/2515436248.jpg,/Volumes/Radishes/GBIF_2026_update_scoring_images/2515436248.jpg,TRUE,copied
2515493583,gbif_previous_download,2515493583.jpg,2515493583.jpg,/Volumes/Radishes/GBIF_phenology_scored_specimen_images/2515493583.jpg,/Volumes/Radishes/GBIF_2026_update_scoring_images/2515493583.jpg,TRUE,copied
2515500059,gbif_previous_download,2515500059.jpg,2515500059.jpg,/Volumes/Radishes/GBIF_phenology_scored_specimen_images/2515500059.jpg,/Volumes/Radishes/GBIF_2026_update_scoring_images/2515500059.jpg,TRUE,copied
2515502332,gbif_previous_download,2515502332.jpg,2515502332.jpg,/Volumes/Radishes/GBIF_phenology_scored_specimen_images/2515502332.jpg,/Volumes/Radishes/GBIF_2026_update_scoring_images/2515502332.jpg,TRUE,copied
2516925454,gbif_previous_download,2516925454.jpg,2516925454.jpg,/Volumes/Radishes/GBIF_phenology_scored_specimen_images/2516925454.jpg,/Volumes/Radishes/GBIF_2026_update_scoring_images/2516925454.jpg,TRUE,copied
2516955410,gbif_previous_download,2516955410.jpg,2516955410.jpg,/Volumes/Radishes/GBIF_phenology_scored_specimen_images/2516955410.jpg,/Volumes/Radishes/GBIF_2026_update_scoring_images/2516955410.jpg,TRUE,copied
2517114190,gbif_previous_download,2517114190.jpg,2517114190.jpg,/Volumes/Radishes/GBIF_phenology_scored_specimen_images/2517114190.jpg,/Volumes/Radishes/GBIF_2026_update_scoring_images/2517114190.jpg,TRUE,copied
2517128134,gbif_previous_download,2517128134.jpg,2517128134.jpg,/Volumes/Radishes/GBIF_phenology_scored_specimen_images/2517128134.jpg,/Volumes/Radishes/GBIF_2026_update_scoring_images/2517128134.jpg,TRUE,copied
2517362078,gbif_previous_download,2517362078.jpg,2517362078.jpg,/Volumes/Radishes/GBIF_phenology_scored_specimen_images/2517362078.jpg,/Volumes/Radishes/GBIF_2026_update_scoring_images/2517362078.jpg,TRUE,copied
2517371118,gbif_previous_download,2517371118.jpg,2517371118.jpg,/Volumes/Radishes/GBIF_phenology_scored_specimen_images/2517371118.jpg,/Volumes/Radishes/GBIF_2026_update_scoring_images/2517371118.jpg,TRUE,copied
2517603142,gbif_previous_download,2517603142.jpg,2517603142.jpg,/Volumes/Radishes/GBIF_phenology_scored_specimen_images/2517603142.jpg,/Volumes/Radishes/GBIF_2026_update_scoring_images/2517603142.jpg,TRUE,copied
2565962075,gbif_previous_download,2565962075.jpg,2565962075.jpg,/Volumes/Radishes/GBIF_phenology_scored_specimen_images/2565962075.jpg,/Volumes/Radishes/GBIF_2026_update_scoring_images/2565962075.jpg,TRUE,copied
2565965269,gbif_previous_download,2565965269.jpg,2565965269.jpg,/Volumes/Radishes/GBIF_phenology_scored_specimen_images/2565965269.jpg,/Volumes/Radishes/GBIF_2026_update_scoring_images/2565965269.jpg,TRUE,copied
2573009258,gbif_previous_download,2573009258.jpg,2573009258.jpg,/Volumes/Radishes/GBIF_phenology_scored_specimen_images/2573009258.jpg,/Volumes/Radishes/GBIF_2026_update_scoring_images/2573009258.jpg,TRUE,copied
2573055850,gbif_previous_download,2573055850.jpg,2573055850.jpg,/Volumes/Radishes/GBIF_phenology_scored_specimen_images/2573055850.jpg,/Volumes/Radishes/GBIF_2026_update_scoring_images/2573055850.jpg,TRUE,copied
2573113018,gbif_previous_download,2573113018.jpg,2573113018.jpg,/Volumes/Radishes/GBIF_phenology_scored_specimen_images/2573113018.jpg,/Volumes/Radishes/GBIF_2026_update_scoring_images/2573113018.jpg,TRUE,copied
2630823347,gbif_previous_download,2630823347.jpg,2630823347.jpg,/Volumes/Radishes/GBIF_phenology_scored_specimen_images/2630823347.jpg,/Volumes/Radishes/GBIF_2026_update_scoring_images/2630823347.jpg,TRUE,copied
2807518089,gbif_previous_download,2807518089.jpg,2807518089.jpg,/Volumes/Radishes/GBIF_phenology_scored_specimen_images/2807518089.jpg,/Volumes/Radishes/GBIF_2026_update_scoring_images/2807518089.jpg,TRUE,copied
2825495297,gbif_previous_download,2825495297.jpg,2825495297.jpg,/Volumes/Radishes/GBIF_phenology_scored_specimen_images/2825495297.jpg,/Volumes/Radishes/GBIF_2026_update_scoring_images/2825495297.jpg,TRUE,copied
2859080865,gbif_previous_download,2859080865.jpg,2859080865.jpg,/Volumes/Radishes/GBIF_phenology_scored_specimen_images/2859080865.jpg,/Volumes/Radishes/GBIF_2026_update_scoring_images/2859080865.jpg,TRUE,copied
2859081863,gbif_previous_download,2859081863.jpg,2859081863.jpg,/Volumes/Radishes/GBIF_phenology_scored_specimen_images/2859081863.jpg,/Volumes/Radishes/GBIF_2026_update_scoring_images/2859081863.jpg,TRUE,copied
2859081864,gbif_previous_download,2859081864.jpg,2859081864.jpg,/Volumes/Radishes/GBIF_phenology_scored_specimen_images/2859081864.jpg,/Volumes/Radishes/GBIF_2026_update_scoring_images/2859081864.jpg,TRUE,copied
2859082858,gbif_previous_download,2859082858.jpg,2859082858.jpg,/Volumes/Radishes/GBIF_phenology_scored_specimen_images/2859082858.jpg,/Volumes/Radishes/GBIF_2026_update_scoring_images/2859082858.jpg,TRUE,copied
2859083857,gbif_previous_download,2859083857.jpg,2859083857.jpg,/Volumes/Radishes/GBIF_phenology_scored_specimen_images/2859083857.jpg,/Volumes/Radishes/GBIF_2026_update_scoring_images/2859083857.jpg,TRUE,copied
2859086857,gbif_previous_download,2859086857.jpg,2859086857.jpg,/Volumes/Radishes/GBIF_phenology_scored_specimen_images/2859086857.jpg,/Volumes/Radishes/GBIF_2026_update_scoring_images/2859086857.jpg,TRUE,copied
2859087864,gbif_previous_download,2859087864.jpg,2859087864.jpg,/Volumes/Radishes/GBIF_phenology_scored_specimen_images/2859087864.jpg,/Volumes/Radishes/GBIF_2026_update_scoring_images/2859087864.jpg,TRUE,copied
2859087865,gbif_previous_download,2859087865.jpg,2859087865.jpg,/Volumes/Radishes/GBIF_phenology_scored_specimen_images/2859087865.jpg,/Volumes/Radishes/GBIF_2026_update_scoring_images/2859087865.jpg,TRUE,copied
2859088734,gbif_previous_download,2859088734.jpg,2859088734.jpg,/Volumes/Radishes/GBIF_phenology_scored_specimen_images/2859088734.jpg,/Volumes/Radishes/GBIF_2026_update_scoring_images/2859088734.jpg,TRUE,copied
2859088852,gbif_previous_download,2859088852.jpg,2859088852.jpg,/Volumes/Radishes/GBIF_phenology_scored_specimen_images/2859088852.jpg,/Volumes/Radishes/GBIF_2026_update_scoring_images/2859088852.jpg,TRUE,copied
2859091311,gbif_previous_download,2859091311.jpg,2859091311.jpg,/Volumes/Radishes/GBIF_phenology_scored_specimen_images/2859091311.jpg,/Volumes/Radishes/GBIF_2026_update_scoring_images/2859091311.jpg,TRUE,copied
2859092861,gbif_previous_download,2859092861.jpg,2859092861.jpg,/Volumes/Radishes/GBIF_phenology_scored_specimen_images/2859092861.jpg,/Volumes/Radishes/GBIF_2026_update_scoring_images/2859092861.jpg,TRUE,copied
2859093851,gbif_previous_download,2859093851.jpg,2859093851.jpg,/Volumes/Radishes/GBIF_phenology_scored_specimen_images/2859093851.jpg,/Volumes/Radishes/GBIF_2026_update_scoring_images/2859093851.jpg,TRUE,copied
2859094617,gbif_previous_download,2859094617.jpg,2859094617.jpg,/Volumes/Radishes/GBIF_phenology_scored_specimen_images/2859094617.jpg,/Volumes/Radishes/GBIF_2026_update_scoring_images/2859094617.jpg,TRUE,copied
2859095120,gbif_previous_download,2859095120.jpg,2859095120.jpg,/Volumes/Radishes/GBIF_phenology_scored_specimen_images/2859095120.jpg,/Volumes/Radishes/GBIF_2026_update_scoring_images/2859095120.jpg,TRUE,copied
2859096125,gbif_previous_download,2859096125.jpg,2859096125.jpg,/Volumes/Radishes/GBIF_phenology_scored_specimen_images/2859096125.jpg,/Volumes/Radishes/GBIF_2026_update_scoring_images/2859096125.jpg,TRUE,copied
2859098106,gbif_previous_download,2859098106.jpg,2859098106.jpg,/Volumes/Radishes/GBIF_phenology_scored_specimen_images/2859098106.jpg,/Volumes/Radishes/GBIF_2026_update_scoring_images/2859098106.jpg,TRUE,copied
2859098605,gbif_previous_download,2859098605.jpg,2859098605.jpg,/Volumes/Radishes/GBIF_phenology_scored_specimen_images/2859098605.jpg,/Volumes/Radishes/GBIF_2026_update_scoring_images/2859098605.jpg,TRUE,copied
2859099103,gbif_previous_download,2859099103.jpg,2859099103.jpg,/Volumes/Radishes/GBIF_phenology_scored_specimen_images/2859099103.jpg,/Volumes/Radishes/GBIF_2026_update_scoring_images/2859099103.jpg,TRUE,copied
2859102605,gbif_previous_download,2859102605.jpg,2859102605.jpg,/Volumes/Radishes/GBIF_phenology_scored_specimen_images/2859102605.jpg,/Volumes/Radishes/GBIF_2026_update_scoring_images/2859102605.jpg,TRUE,copied
2859103258,gbif_previous_download,2859103258.jpg,2859103258.jpg,/Volumes/Radishes/GBIF_phenology_scored_specimen_images/2859103258.jpg,/Volumes/Radishes/GBIF_2026_update_scoring_images/2859103258.jpg,TRUE,copied
2859111108,gbif_previous_download,2859111108.jpg,2859111108.jpg,/Volumes/Radishes/GBIF_phenology_scored_specimen_images/2859111108.jpg,/Volumes/Radishes/GBIF_2026_update_scoring_images/2859111108.jpg,TRUE,copied
2859111284,gbif_previous_download,2859111284.jpg,2859111284.jpg,/Volumes/Radishes/GBIF_phenology_scored_specimen_images/2859111284.jpg,/Volumes/Radishes/GBIF_2026_update_scoring_images/2859111284.jpg,TRUE,copied
2859112611,gbif_previous_download,2859112611.jpg,2859112611.jpg,/Volumes/Radishes/GBIF_phenology_scored_specimen_images/2859112611.jpg,/Volumes/Radishes/GBIF_2026_update_scoring_images/2859112611.jpg,TRUE,copied
2859114104,gbif_previous_download,2859114104.jpg,2859114104.jpg,/Volumes/Radishes/GBIF_phenology_scored_specimen_images/2859114104.jpg,/Volumes/Radishes/GBIF_2026_update_scoring_images/2859114104.jpg,TRUE,copied
2859334852,gbif_previous_download,2859334852.jpg,2859334852.jpg,/Volumes/Radishes/GBIF_phenology_scored_specimen_images/2859334852.jpg,/Volumes/Radishes/GBIF_2026_update_scoring_images/2859334852.jpg,TRUE,copied
2859334853,gbif_previous_download,2859334853.jpg,2859334853.jpg,/Volumes/Radishes/GBIF_phenology_scored_specimen_images/2859334853.jpg,/Volumes/Radishes/GBIF_2026_update_scoring_images/2859334853.jpg,TRUE,copied
2859335856,gbif_previous_download,2859335856.jpg,2859335856.jpg,/Volumes/Radishes/GBIF_phenology_scored_specimen_images/2859335856.jpg,/Volumes/Radishes/GBIF_2026_update_scoring_images/2859335856.jpg,TRUE,copied
2859335857,gbif_previous_download,2859335857.jpg,2859335857.jpg,/Volumes/Radishes/GBIF_phenology_scored_specimen_images/2859335857.jpg,/Volumes/Radishes/GBIF_2026_update_scoring_images/2859335857.jpg,TRUE,copied
2859337866,gbif_previous_download,2859337866.jpg,2859337866.jpg,/Volumes/Radishes/GBIF_phenology_scored_specimen_images/2859337866.jpg,/Volumes/Radishes/GBIF_2026_update_scoring_images/2859337866.jpg,TRUE,copied
2859338848,gbif_previous_download,2859338848.jpg,2859338848.jpg,/Volumes/Radishes/GBIF_phenology_scored_specimen_images/2859338848.jpg,/Volumes/Radishes/GBIF_2026_update_scoring_images/2859338848.jpg,TRUE,copied
2859338849,gbif_previous_download,2859338849.jpg,2859338849.jpg,/Volumes/Radishes/GBIF_phenology_scored_specimen_images/2859338849.jpg,/Volumes/Radishes/GBIF_2026_update_scoring_images/2859338849.jpg,TRUE,copied
2859339863,gbif_previous_download,2859339863.jpg,2859339863.jpg,/Volumes/Radishes/GBIF_phenology_scored_specimen_images/2859339863.jpg,/Volumes/Radishes/GBIF_2026_update_scoring_images/2859339863.jpg,TRUE,copied
2859339864,gbif_previous_download,2859339864.jpg,2859339864.jpg,/Volumes/Radishes/GBIF_phenology_scored_specimen_images/2859339864.jpg,/Volumes/Radishes/GBIF_2026_update_scoring_images/2859339864.jpg,TRUE,copied
2859355401,gbif_previous_download,2859355401.jpg,2859355401.jpg,/Volumes/Radishes/GBIF_phenology_scored_specimen_images/2859355401.jpg,/Volumes/Radishes/GBIF_2026_update_scoring_images/2859355401.jpg,TRUE,copied
2859358581,gbif_previous_download,2859358581.jpg,2859358581.jpg,/Volumes/Radishes/GBIF_phenology_scored_specimen_images/2859358581.jpg,/Volumes/Radishes/GBIF_2026_update_scoring_images/2859358581.jpg,TRUE,copied
2859369853,gbif_previous_download,2859369853.jpg,2859369853.jpg,/Volumes/Radishes/GBIF_phenology_scored_specimen_images/2859369853.jpg,/Volumes/Radishes/GBIF_2026_update_scoring_images/2859369853.jpg,TRUE,copied
2859369854,gbif_previous_download,2859369854.jpg,2859369854.jpg,/Volumes/Radishes/GBIF_phenology_scored_specimen_images/2859369854.jpg,/Volumes/Radishes/GBIF_2026_update_scoring_images/2859369854.jpg,TRUE,copied
2859370848,gbif_previous_download,2859370848.jpg,2859370848.jpg,/Volumes/Radishes/GBIF_phenology_scored_specimen_images/2859370848.jpg,/Volumes/Radishes/GBIF_2026_update_scoring_images/2859370848.jpg,TRUE,copied
2859370849,gbif_previous_download,2859370849.jpg,2859370849.jpg,/Volumes/Radishes/GBIF_phenology_scored_specimen_images/2859370849.jpg,/Volumes/Radishes/GBIF_2026_update_scoring_images/2859370849.jpg,TRUE,copied
2859371852,gbif_previous_download,2859371852.jpg,2859371852.jpg,/Volumes/Radishes/GBIF_phenology_scored_specimen_images/2859371852.jpg,/Volumes/Radishes/GBIF_2026_update_scoring_images/2859371852.jpg,TRUE,copied
2859371853,gbif_previous_download,2859371853.jpg,2859371853.jpg,/Volumes/Radishes/GBIF_phenology_scored_specimen_images/2859371853.jpg,/Volumes/Radishes/GBIF_2026_update_scoring_images/2859371853.jpg,TRUE,copied
2859372846,gbif_previous_download,2859372846.jpg,2859372846.jpg,/Volumes/Radishes/GBIF_phenology_scored_specimen_images/2859372846.jpg,/Volumes/Radishes/GBIF_2026_update_scoring_images/2859372846.jpg,TRUE,copied
2859372847,gbif_previous_download,2859372847.jpg,2859372847.jpg,/Volumes/Radishes/GBIF_phenology_scored_specimen_images/2859372847.jpg,/Volumes/Radishes/GBIF_2026_update_scoring_images/2859372847.jpg,TRUE,copied
2859373861,gbif_previous_download,2859373861.jpg,2859373861.jpg,/Volumes/Radishes/GBIF_phenology_scored_specimen_images/2859373861.jpg,/Volumes/Radishes/GBIF_2026_update_scoring_images/2859373861.jpg,TRUE,copied
2859373862,gbif_previous_download,2859373862.jpg,2859373862.jpg,/Volumes/Radishes/GBIF_phenology_scored_specimen_images/2859373862.jpg,/Volumes/Radishes/GBIF_2026_update_scoring_images/2859373862.jpg,TRUE,copied
2859393230,gbif_previous_download,2859393230.jpg,2859393230.jpg,/Volumes/Radishes/GBIF_phenology_scored_specimen_images/2859393230.jpg,/Volumes/Radishes/GBIF_2026_update_scoring_images/2859393230.jpg,TRUE,copied
2861418301,gbif_previous_download,2861418301.jpg,2861418301.jpg,/Volumes/Radishes/GBIF_phenology_scored_specimen_images/2861418301.jpg,/Volumes/Radishes/GBIF_2026_update_scoring_images/2861418301.jpg,TRUE,copied
2989911333,gbif_previous_download,2989911333.jpg,2989911333.jpg,/Volumes/Radishes/GBIF_phenology_scored_specimen_images/2989911333.jpg,/Volumes/Radishes/GBIF_2026_update_scoring_images/2989911333.jpg,TRUE,copied
2989912328,gbif_previous_download,2989912328.jpg,2989912328.jpg,/Volumes/Radishes/GBIF_phenology_scored_specimen_images/2989912328.jpg,/Volumes/Radishes/GBIF_2026_update_scoring_images/2989912328.jpg,TRUE,copied
2989913332,gbif_previous_download,2989913332.jpg,2989913332.jpg,/Volumes/Radishes/GBIF_phenology_scored_specimen_images/2989913332.jpg,/Volumes/Radishes/GBIF_2026_update_scoring_images/2989913332.jpg,TRUE,copied
2989914285,gbif_previous_download,2989914285.jpg,2989914285.jpg,/Volumes/Radishes/GBIF_phenology_scored_specimen_images/2989914285.jpg,/Volumes/Radishes/GBIF_2026_update_scoring_images/2989914285.jpg,TRUE,copied
2989915292,gbif_previous_download,2989915292.jpg,2989915292.jpg,/Volumes/Radishes/GBIF_phenology_scored_specimen_images/2989915292.jpg,/Volumes/Radishes/GBIF_2026_update_scoring_images/2989915292.jpg,TRUE,copied
2989916276,gbif_previous_download,2989916276.jpg,2989916276.jpg,/Volumes/Radishes/GBIF_phenology_scored_specimen_images/2989916276.jpg,/Volumes/Radishes/GBIF_2026_update_scoring_images/2989916276.jpg,TRUE,copied
2989917283,gbif_previous_download,2989917283.jpg,2989917283.jpg,/Volumes/Radishes/GBIF_phenology_scored_specimen_images/2989917283.jpg,/Volumes/Radishes/GBIF_2026_update_scoring_images/2989917283.jpg,TRUE,copied
2989938277,gbif_previous_download,2989938277.jpg,2989938277.jpg,/Volumes/Radishes/GBIF_phenology_scored_specimen_images/2989938277.jpg,/Volumes/Radishes/GBIF_2026_update_scoring_images/2989938277.jpg,TRUE,copied
2989939285,gbif_previous_download,2989939285.jpg,2989939285.jpg,/Volumes/Radishes/GBIF_phenology_scored_specimen_images/2989939285.jpg,/Volumes/Radishes/GBIF_2026_update_scoring_images/2989939285.jpg,TRUE,copied
2989939290,gbif_previous_download,2989939290.jpg,2989939290.jpg,/Volumes/Radishes/GBIF_phenology_scored_specimen_images/2989939290.jpg,/Volumes/Radishes/GBIF_2026_update_scoring_images/2989939290.jpg,TRUE,copied
2989940285,gbif_previous_download,2989940285.jpg,2989940285.jpg,/Volumes/Radishes/GBIF_phenology_scored_specimen_images/2989940285.jpg,/Volumes/Radishes/GBIF_2026_update_scoring_images/2989940285.jpg,TRUE,copied
2989941281,gbif_previous_download,2989941281.jpg,2989941281.jpg,/Volumes/Radishes/GBIF_phenology_scored_specimen_images/2989941281.jpg,/Volumes/Radishes/GBIF_2026_update_scoring_images/2989941281.jpg,TRUE,copied
2989942289,gbif_previous_download,2989942289.jpg,2989942289.jpg,/Volumes/Radishes/GBIF_phenology_scored_specimen_images/2989942289.jpg,/Volumes/Radishes/GBIF_2026_update_scoring_images/2989942289.jpg,TRUE,copied
2992909301,gbif_previous_download,2992909301.jpg,2992909301.jpg,/Volumes/Radishes/GBIF_phenology_scored_specimen_images/2992909301.jpg,/Volumes/Radishes/GBIF_2026_update_scoring_images/2992909301.jpg,TRUE,copied
2992913301,gbif_previous_download,2992913301.jpg,2992913301.jpg,/Volumes/Radishes/GBIF_phenology_scored_specimen_images/2992913301.jpg,/Volumes/Radishes/GBIF_2026_update_scoring_images/2992913301.jpg,TRUE,copied
2992913303,gbif_previous_download,2992913303.jpg,2992913303.jpg,/Volumes/Radishes/GBIF_phenology_scored_specimen_images/2992913303.jpg,/Volumes/Radishes/GBIF_2026_update_scoring_images/2992913303.jpg,TRUE,copied
2992913306,gbif_previous_download,2992913306.jpg,2992913306.jpg,/Volumes/Radishes/GBIF_phenology_scored_specimen_images/2992913306.jpg,/Volumes/Radishes/GBIF_2026_update_scoring_images/2992913306.jpg,TRUE,copied
2992913308,gbif_previous_download,2992913308.jpg,2992913308.jpg,/Volumes/Radishes/GBIF_phenology_scored_specimen_images/2992913308.jpg,/Volumes/Radishes/GBIF_2026_update_scoring_images/2992913308.jpg,TRUE,copied
2992918306,gbif_previous_download,2992918306.jpg,2992918306.jpg,/Volumes/Radishes/GBIF_phenology_scored_specimen_images/2992918306.jpg,/Volumes/Radishes/GBIF_2026_update_scoring_images/2992918306.jpg,TRUE,copied
2992927302,gbif_previous_download,2992927302.jpg,2992927302.jpg,/Volumes/Radishes/GBIF_phenology_scored_specimen_images/2992927302.jpg,/Volumes/Radishes/GBIF_2026_update_scoring_images/2992927302.jpg,TRUE,copied
3091204934,gbif_previous_download,3091204934.jpg,3091204934.jpg,/Volumes/Radishes/GBIF_phenology_scored_specimen_images/3091204934.jpg,/Volumes/Radishes/GBIF_2026_update_scoring_images/3091204934.jpg,TRUE,copied
3091277514,gbif_previous_download,3091277514.jpg,3091277514.jpg,/Volumes/Radishes/GBIF_phenology_scored_specimen_images/3091277514.jpg,/Volumes/Radishes/GBIF_2026_update_scoring_images/3091277514.jpg,TRUE,copied
3091277542,gbif_previous_download,3091277542.jpg,3091277542.jpg,/Volumes/Radishes/GBIF_phenology_scored_specimen_images/3091277542.jpg,/Volumes/Radishes/GBIF_2026_update_scoring_images/3091277542.jpg,TRUE,copied
3091277543,gbif_previous_download,3091277543.jpg,3091277543.jpg,/Volumes/Radishes/GBIF_phenology_scored_specimen_images/3091277543.jpg,/Volumes/Radishes/GBIF_2026_update_scoring_images/3091277543.jpg,TRUE,copied
3091277545,gbif_previous_download,3091277545.jpg,3091277545.jpg,/Volumes/Radishes/GBIF_phenology_scored_specimen_images/3091277545.jpg,/Volumes/Radishes/GBIF_2026_update_scoring_images/3091277545.jpg,TRUE,copied
3091277546,gbif_previous_download,3091277546.jpg,3091277546.jpg,/Volumes/Radishes/GBIF_phenology_scored_specimen_images/3091277546.jpg,/Volumes/Radishes/GBIF_2026_update_scoring_images/3091277546.jpg,TRUE,copied
3091277550,gbif_previous_download,3091277550.jpg,3091277550.jpg,/Volumes/Radishes/GBIF_phenology_scored_specimen_images/3091277550.jpg,/Volumes/Radishes/GBIF_2026_update_scoring_images/3091277550.jpg,TRUE,copied
3091277551,gbif_previous_download,3091277551.jpg,3091277551.jpg,/Volumes/Radishes/GBIF_phenology_scored_specimen_images/3091277551.jpg,/Volumes/Radishes/GBIF_2026_update_scoring_images/3091277551.jpg,TRUE,copied
3091277553,gbif_previous_download,3091277553.jpg,3091277553.jpg,/Volumes/Radishes/GBIF_phenology_scored_specimen_images/3091277553.jpg,/Volumes/Radishes/GBIF_2026_update_scoring_images/3091277553.jpg,TRUE,copied
3091277581,gbif_previous_download,3091277581.jpg,3091277581.jpg,/Volumes/Radishes/GBIF_phenology_scored_specimen_images/3091277581.jpg,/Volumes/Radishes/GBIF_2026_update_scoring_images/3091277581.jpg,TRUE,copied
3091277583,gbif_previous_download,3091277583.jpg,3091277583.jpg,/Volumes/Radishes/GBIF_phenology_scored_specimen_images/3091277583.jpg,/Volumes/Radishes/GBIF_2026_update_scoring_images/3091277583.jpg,TRUE,copied
3091277605,gbif_previous_download,3091277605.jpg,3091277605.jpg,/Volumes/Radishes/GBIF_phenology_scored_specimen_images/3091277605.jpg,/Volumes/Radishes/GBIF_2026_update_scoring_images/3091277605.jpg,TRUE,copied
3091277620,gbif_previous_download,3091277620.jpg,3091277620.jpg,/Volumes/Radishes/GBIF_phenology_scored_specimen_images/3091277620.jpg,/Volumes/Radishes/GBIF_2026_update_scoring_images/3091277620.jpg,TRUE,copied
3091277621,gbif_previous_download,3091277621.jpg,3091277621.jpg,/Volumes/Radishes/GBIF_phenology_scored_specimen_images/3091277621.jpg,/Volumes/Radishes/GBIF_2026_update_scoring_images/3091277621.jpg,TRUE,copied
3331181566,gbif_previous_download,3331181566.jpg,3331181566.jpg,/Volumes/Radishes/GBIF_phenology_scored_specimen_images/3331181566.jpg,/Volumes/Radishes/GBIF_2026_update_scoring_images/3331181566.jpg,TRUE,copied
3331183216,gbif_previous_download,3331183216.jpg,3331183216.jpg,/Volumes/Radishes/GBIF_phenology_scored_specimen_images/3331183216.jpg,/Volumes/Radishes/GBIF_2026_update_scoring_images/3331183216.jpg,TRUE,copied
3331186446,gbif_previous_download,3331186446.jpg,3331186446.jpg,/Volumes/Radishes/GBIF_phenology_scored_specimen_images/3331186446.jpg,/Volumes/Radishes/GBIF_2026_update_scoring_images/3331186446.jpg,TRUE,copied
3331186470,gbif_previous_download,3331186470.jpg,3331186470.jpg,/Volumes/Radishes/GBIF_phenology_scored_specimen_images/3331186470.jpg,/Volumes/Radishes/GBIF_2026_update_scoring_images/3331186470.jpg,TRUE,copied
3331188457,gbif_previous_download,3331188457.jpg,3331188457.jpg,/Volumes/Radishes/GBIF_phenology_scored_specimen_images/3331188457.jpg,/Volumes/Radishes/GBIF_2026_update_scoring_images/3331188457.jpg,TRUE,copied
3331193053,gbif_previous_download,3331193053.jpg,3331193053.jpg,/Volumes/Radishes/GBIF_phenology_scored_specimen_images/3331193053.jpg,/Volumes/Radishes/GBIF_2026_update_scoring_images/3331193053.jpg,TRUE,copied
3331193610,gbif_previous_download,3331193610.jpg,3331193610.jpg,/Volumes/Radishes/GBIF_phenology_scored_specimen_images/3331193610.jpg,/Volumes/Radishes/GBIF_2026_update_scoring_images/3331193610.jpg,TRUE,copied
3331194244,gbif_previous_download,3331194244.jpg,3331194244.jpg,/Volumes/Radishes/GBIF_phenology_scored_specimen_images/3331194244.jpg,/Volumes/Radishes/GBIF_2026_update_scoring_images/3331194244.jpg,TRUE,copied
3331201163,gbif_previous_download,3331201163.jpg,3331201163.jpg,/Volumes/Radishes/GBIF_phenology_scored_specimen_images/3331201163.jpg,/Volumes/Radishes/GBIF_2026_update_scoring_images/3331201163.jpg,TRUE,copied
3341236048,gbif_previous_download,3341236048.jpg,3341236048.jpg,/Volumes/Radishes/GBIF_phenology_scored_specimen_images/3341236048.jpg,/Volumes/Radishes/GBIF_2026_update_scoring_images/3341236048.jpg,TRUE,copied
3341236050,gbif_previous_download,3341236050.jpg,3341236050.jpg,/Volumes/Radishes/GBIF_phenology_scored_specimen_images/3341236050.jpg,/Volumes/Radishes/GBIF_2026_update_scoring_images/3341236050.jpg,TRUE,copied
3341236054,gbif_previous_download,3341236054.jpg,3341236054.jpg,/Volumes/Radishes/GBIF_phenology_scored_specimen_images/3341236054.jpg,/Volumes/Radishes/GBIF_2026_update_scoring_images/3341236054.jpg,TRUE,copied
3341236057,gbif_previous_download,3341236057.jpg,3341236057.jpg,/Volumes/Radishes/GBIF_phenology_scored_specimen_images/3341236057.jpg,/Volumes/Radishes/GBIF_2026_update_scoring_images/3341236057.jpg,TRUE,copied
3341236061,gbif_previous_download,3341236061.jpg,3341236061.jpg,/Volumes/Radishes/GBIF_phenology_scored_specimen_images/3341236061.jpg,/Volumes/Radishes/GBIF_2026_update_scoring_images/3341236061.jpg,TRUE,copied
3341236062,gbif_previous_download,3341236062.jpg,3341236062.jpg,/Volumes/Radishes/GBIF_phenology_scored_specimen_images/3341236062.jpg,/Volumes/Radishes/GBIF_2026_update_scoring_images/3341236062.jpg,TRUE,copied
3341236065,gbif_previous_download,3341236065.jpg,3341236065.jpg,/Volumes/Radishes/GBIF_phenology_scored_specimen_images/3341236065.jpg,/Volumes/Radishes/GBIF_2026_update_scoring_images/3341236065.jpg,TRUE,copied
3341236068,gbif_previous_download,3341236068.jpg,3341236068.jpg,/Volumes/Radishes/GBIF_phenology_scored_specimen_images/3341236068.jpg,/Volumes/Radishes/GBIF_2026_update_scoring_images/3341236068.jpg,TRUE,copied
3341236082,gbif_previous_download,3341236082.jpg,3341236082.jpg,/Volumes/Radishes/GBIF_phenology_scored_specimen_images/3341236082.jpg,/Volumes/Radishes/GBIF_2026_update_scoring_images/3341236082.jpg,TRUE,copied
3341236084,gbif_previous_download,3341236084.jpg,3341236084.jpg,/Volumes/Radishes/GBIF_phenology_scored_specimen_images/3341236084.jpg,/Volumes/Radishes/GBIF_2026_update_scoring_images/3341236084.jpg,TRUE,copied
3344414990,gbif_previous_download,3344414990.jpg,3344414990.jpg,/Volumes/Radishes/GBIF_phenology_scored_specimen_images/3344414990.jpg,/Volumes/Radishes/GBIF_2026_update_scoring_images/3344414990.jpg,TRUE,copied
3344414991,gbif_previous_download,3344414991.jpg,3344414991.jpg,/Volumes/Radishes/GBIF_phenology_scored_specimen_images/3344414991.jpg,/Volumes/Radishes/GBIF_2026_update_scoring_images/3344414991.jpg,TRUE,copied
3344414992,gbif_previous_download,3344414992.jpg,3344414992.jpg,/Volumes/Radishes/GBIF_phenology_scored_specimen_images/3344414992.jpg,/Volumes/Radishes/GBIF_2026_update_scoring_images/3344414992.jpg,TRUE,copied
3344414995,gbif_previous_download,3344414995.jpg,3344414995.jpg,/Volumes/Radishes/GBIF_phenology_scored_specimen_images/3344414995.jpg,/Volumes/Radishes/GBIF_2026_update_scoring_images/3344414995.jpg,TRUE,copied
3344415221,gbif_previous_download,3344415221.jpg,3344415221.jpg,/Volumes/Radishes/GBIF_phenology_scored_specimen_images/3344415221.jpg,/Volumes/Radishes/GBIF_2026_update_scoring_images/3344415221.jpg,TRUE,copied
3344415225,gbif_previous_download,3344415225.jpg,3344415225.jpg,/Volumes/Radishes/GBIF_phenology_scored_specimen_images/3344415225.jpg,/Volumes/Radishes/GBIF_2026_update_scoring_images/3344415225.jpg,TRUE,copied
3344415228,gbif_previous_download,3344415228.jpg,3344415228.jpg,/Volumes/Radishes/GBIF_phenology_scored_specimen_images/3344415228.jpg,/Volumes/Radishes/GBIF_2026_update_scoring_images/3344415228.jpg,TRUE,copied
3344415258,gbif_previous_download,3344415258.jpg,3344415258.jpg,/Volumes/Radishes/GBIF_phenology_scored_specimen_images/3344415258.jpg,/Volumes/Radishes/GBIF_2026_update_scoring_images/3344415258.jpg,TRUE,copied
3344415260,gbif_previous_download,3344415260.jpg,3344415260.jpg,/Volumes/Radishes/GBIF_phenology_scored_specimen_images/3344415260.jpg,/Volumes/Radishes/GBIF_2026_update_scoring_images/3344415260.jpg,TRUE,copied
3344415263,gbif_previous_download,3344415263.jpg,3344415263.jpg,/Volumes/Radishes/GBIF_phenology_scored_specimen_images/3344415263.jpg,/Volumes/Radishes/GBIF_2026_update_scoring_images/3344415263.jpg,TRUE,copied
3344427785,gbif_previous_download,3344427785.jpg,3344427785.jpg,/Volumes/Radishes/GBIF_phenology_scored_specimen_images/3344427785.jpg,/Volumes/Radishes/GBIF_2026_update_scoring_images/3344427785.jpg,TRUE,copied
3344427787,gbif_previous_download,3344427787.jpg,3344427787.jpg,/Volumes/Radishes/GBIF_phenology_scored_specimen_images/3344427787.jpg,/Volumes/Radishes/GBIF_2026_update_scoring_images/3344427787.jpg,TRUE,copied
3344427790,gbif_previous_download,3344427790.jpg,3344427790.jpg,/Volumes/Radishes/GBIF_phenology_scored_specimen_images/3344427790.jpg,/Volumes/Radishes/GBIF_2026_update_scoring_images/3344427790.jpg,TRUE,copied
3344427791,gbif_previous_download,3344427791.jpg,3344427791.jpg,/Volumes/Radishes/GBIF_phenology_scored_specimen_images/3344427791.jpg,/Volumes/Radishes/GBIF_2026_update_scoring_images/3344427791.jpg,TRUE,copied
3344427794,gbif_previous_download,3344427794.jpg,3344427794.jpg,/Volumes/Radishes/GBIF_phenology_scored_specimen_images/3344427794.jpg,/Volumes/Radishes/GBIF_2026_update_scoring_images/3344427794.jpg,TRUE,copied
3344438249,gbif_previous_download,3344438249.jpg,3344438249.jpg,/Volumes/Radishes/GBIF_phenology_scored_specimen_images/3344438249.jpg,/Volumes/Radishes/GBIF_2026_update_scoring_images/3344438249.jpg,TRUE,copied
3344481223,gbif_previous_download,3344481223.jpg,3344481223.jpg,/Volumes/Radishes/GBIF_phenology_scored_specimen_images/3344481223.jpg,/Volumes/Radishes/GBIF_2026_update_scoring_images/3344481223.jpg,TRUE,copied
3344481226,gbif_previous_download,3344481226.jpg,3344481226.jpg,/Volumes/Radishes/GBIF_phenology_scored_specimen_images/3344481226.jpg,/Volumes/Radishes/GBIF_2026_update_scoring_images/3344481226.jpg,TRUE,copied
3344481231,gbif_previous_download,3344481231.jpg,3344481231.jpg,/Volumes/Radishes/GBIF_phenology_scored_specimen_images/3344481231.jpg,/Volumes/Radishes/GBIF_2026_update_scoring_images/3344481231.jpg,TRUE,copied
3344481235,gbif_previous_download,3344481235.jpg,3344481235.jpg,/Volumes/Radishes/GBIF_phenology_scored_specimen_images/3344481235.jpg,/Volumes/Radishes/GBIF_2026_update_scoring_images/3344481235.jpg,TRUE,copied
3344481238,gbif_previous_download,3344481238.jpg,3344481238.jpg,/Volumes/Radishes/GBIF_phenology_scored_specimen_images/3344481238.jpg,/Volumes/Radishes/GBIF_2026_update_scoring_images/3344481238.jpg,TRUE,copied
3344481239,gbif_previous_download,3344481239.jpg,3344481239.jpg,/Volumes/Radishes/GBIF_phenology_scored_specimen_images/3344481239.jpg,/Volumes/Radishes/GBIF_2026_update_scoring_images/3344481239.jpg,TRUE,copied
3344481241,gbif_previous_download,3344481241.jpg,3344481241.jpg,/Volumes/Radishes/GBIF_phenology_scored_specimen_images/3344481241.jpg,/Volumes/Radishes/GBIF_2026_update_scoring_images/3344481241.jpg,TRUE,copied
3344481242,gbif_previous_download,3344481242.jpg,3344481242.jpg,/Volumes/Radishes/GBIF_phenology_scored_specimen_images/3344481242.jpg,/Volumes/Radishes/GBIF_2026_update_scoring_images/3344481242.jpg,TRUE,copied
3344481243,gbif_previous_download,3344481243.jpg,3344481243.jpg,/Volumes/Radishes/GBIF_phenology_scored_specimen_images/3344481243.jpg,/Volumes/Radishes/GBIF_2026_update_scoring_images/3344481243.jpg,TRUE,copied
3344481247,gbif_previous_download,3344481247.jpg,3344481247.jpg,/Volumes/Radishes/GBIF_phenology_scored_specimen_images/3344481247.jpg,/Volumes/Radishes/GBIF_2026_update_scoring_images/3344481247.jpg,TRUE,copied
3344481254,gbif_previous_download,3344481254.jpg,3344481254.jpg,/Volumes/Radishes/GBIF_phenology_scored_specimen_images/3344481254.jpg,/Volumes/Radishes/GBIF_2026_update_scoring_images/3344481254.jpg,TRUE,copied
3344481255,gbif_previous_download,3344481255.jpg,3344481255.jpg,/Volumes/Radishes/GBIF_phenology_scored_specimen_images/3344481255.jpg,/Volumes/Radishes/GBIF_2026_update_scoring_images/3344481255.jpg,TRUE,copied
3344481258,gbif_previous_download,3344481258.jpg,3344481258.jpg,/Volumes/Radishes/GBIF_phenology_scored_specimen_images/3344481258.jpg,/Volumes/Radishes/GBIF_2026_update_scoring_images/3344481258.jpg,TRUE,copied
3344481266,gbif_previous_download,3344481266.jpg,3344481266.jpg,/Volumes/Radishes/GBIF_phenology_scored_specimen_images/3344481266.jpg,/Volumes/Radishes/GBIF_2026_update_scoring_images/3344481266.jpg,TRUE,copied
3344481270,gbif_previous_download,3344481270.jpg,3344481270.jpg,/Volumes/Radishes/GBIF_phenology_scored_specimen_images/3344481270.jpg,/Volumes/Radishes/GBIF_2026_update_scoring_images/3344481270.jpg,TRUE,copied
3344481285,gbif_previous_download,3344481285.jpg,3344481285.jpg,/Volumes/Radishes/GBIF_phenology_scored_specimen_images/3344481285.jpg,/Volumes/Radishes/GBIF_2026_update_scoring_images/3344481285.jpg,TRUE,copied
3344481287,gbif_previous_download,3344481287.jpg,3344481287.jpg,/Volumes/Radishes/GBIF_phenology_scored_specimen_images/3344481287.jpg,/Volumes/Radishes/GBIF_2026_update_scoring_images/3344481287.jpg,TRUE,copied
3344481290,gbif_previous_download,3344481290.jpg,3344481290.jpg,/Volumes/Radishes/GBIF_phenology_scored_specimen_images/3344481290.jpg,/Volumes/Radishes/GBIF_2026_update_scoring_images/3344481290.jpg,TRUE,copied
3344481291,gbif_previous_download,3344481291.jpg,3344481291.jpg,/Volumes/Radishes/GBIF_phenology_scored_specimen_images/3344481291.jpg,/Volumes/Radishes/GBIF_2026_update_scoring_images/3344481291.jpg,TRUE,copied
3344481294,gbif_previous_download,3344481294.jpg,3344481294.jpg,/Volumes/Radishes/GBIF_phenology_scored_specimen_images/3344481294.jpg,/Volumes/Radishes/GBIF_2026_update_scoring_images/3344481294.jpg,TRUE,copied
3344481297,gbif_previous_download,3344481297.jpg,3344481297.jpg,/Volumes/Radishes/GBIF_phenology_scored_specimen_images/3344481297.jpg,/Volumes/Radishes/GBIF_2026_update_scoring_images/3344481297.jpg,TRUE,copied
3344481299,gbif_previous_download,3344481299.jpg,3344481299.jpg,/Volumes/Radishes/GBIF_phenology_scored_specimen_images/3344481299.jpg,/Volumes/Radishes/GBIF_2026_update_scoring_images/3344481299.jpg,TRUE,copied
3344481305,gbif_previous_download,3344481305.jpg,3344481305.jpg,/Volumes/Radishes/GBIF_phenology_scored_specimen_images/3344481305.jpg,/Volumes/Radishes/GBIF_2026_update_scoring_images/3344481305.jpg,TRUE,copied
3344481309,gbif_previous_download,3344481309.jpg,3344481309.jpg,/Volumes/Radishes/GBIF_phenology_scored_specimen_images/3344481309.jpg,/Volumes/Radishes/GBIF_2026_update_scoring_images/3344481309.jpg,TRUE,copied
3344481313,gbif_previous_download,3344481313.jpg,3344481313.jpg,/Volumes/Radishes/GBIF_phenology_scored_specimen_images/3344481313.jpg,/Volumes/Radishes/GBIF_2026_update_scoring_images/3344481313.jpg,TRUE,copied
3344481314,gbif_previous_download,3344481314.jpg,3344481314.jpg,/Volumes/Radishes/GBIF_phenology_scored_specimen_images/3344481314.jpg,/Volumes/Radishes/GBIF_2026_update_scoring_images/3344481314.jpg,TRUE,copied
3344481316,gbif_previous_download,3344481316.jpg,3344481316.jpg,/Volumes/Radishes/GBIF_phenology_scored_specimen_images/3344481316.jpg,/Volumes/Radishes/GBIF_2026_update_scoring_images/3344481316.jpg,TRUE,copied
3344481317,gbif_previous_download,3344481317.jpg,3344481317.jpg,/Volumes/Radishes/GBIF_phenology_scored_specimen_images/3344481317.jpg,/Volumes/Radishes/GBIF_2026_update_scoring_images/3344481317.jpg,TRUE,copied
3344481319,gbif_previous_download,3344481319.jpg,3344481319.jpg,/Volumes/Radishes/GBIF_phenology_scored_specimen_images/3344481319.jpg,/Volumes/Radishes/GBIF_2026_update_scoring_images/3344481319.jpg,TRUE,copied
3344481320,gbif_previous_download,3344481320.jpg,3344481320.jpg,/Volumes/Radishes/GBIF_phenology_scored_specimen_images/3344481320.jpg,/Volumes/Radishes/GBIF_2026_update_scoring_images/3344481320.jpg,TRUE,copied
3344481321,gbif_previous_download,3344481321.jpg,3344481321.jpg,/Volumes/Radishes/GBIF_phenology_scored_specimen_images/3344481321.jpg,/Volumes/Radishes/GBIF_2026_update_scoring_images/3344481321.jpg,TRUE,copied
3344481323,gbif_previous_download,3344481323.jpg,3344481323.jpg,/Volumes/Radishes/GBIF_phenology_scored_specimen_images/3344481323.jpg,/Volumes/Radishes/GBIF_2026_update_scoring_images/3344481323.jpg,TRUE,copied
3344481325,gbif_previous_download,3344481325.jpg,3344481325.jpg,/Volumes/Radishes/GBIF_phenology_scored_specimen_images/3344481325.jpg,/Volumes/Radishes/GBIF_2026_update_scoring_images/3344481325.jpg,TRUE,copied
3344498475,gbif_previous_download,3344498475.jpg,3344498475.jpg,/Volumes/Radishes/GBIF_phenology_scored_specimen_images/3344498475.jpg,/Volumes/Radishes/GBIF_2026_update_scoring_images/3344498475.jpg,TRUE,copied
3357379668,gbif_previous_download,3357379668.jpg,3357379668.jpg,/Volumes/Radishes/GBIF_phenology_scored_specimen_images/3357379668.jpg,/Volumes/Radishes/GBIF_2026_update_scoring_images/3357379668.jpg,TRUE,copied
3357379691,gbif_previous_download,3357379691.jpg,3357379691.jpg,/Volumes/Radishes/GBIF_phenology_scored_specimen_images/3357379691.jpg,/Volumes/Radishes/GBIF_2026_update_scoring_images/3357379691.jpg,TRUE,copied
3357379777,gbif_previous_download,3357379777.jpg,3357379777.jpg,/Volumes/Radishes/GBIF_phenology_scored_specimen_images/3357379777.jpg,/Volumes/Radishes/GBIF_2026_update_scoring_images/3357379777.jpg,TRUE,copied
3357379779,gbif_previous_download,3357379779.jpg,3357379779.jpg,/Volumes/Radishes/GBIF_phenology_scored_specimen_images/3357379779.jpg,/Volumes/Radishes/GBIF_2026_update_scoring_images/3357379779.jpg,TRUE,copied
3357380332,gbif_previous_download,3357380332.jpg,3357380332.jpg,/Volumes/Radishes/GBIF_phenology_scored_specimen_images/3357380332.jpg,/Volumes/Radishes/GBIF_2026_update_scoring_images/3357380332.jpg,TRUE,copied
3357380346,gbif_previous_download,3357380346.jpg,3357380346.jpg,/Volumes/Radishes/GBIF_phenology_scored_specimen_images/3357380346.jpg,/Volumes/Radishes/GBIF_2026_update_scoring_images/3357380346.jpg,TRUE,copied
3357380370,gbif_previous_download,3357380370.jpg,3357380370.jpg,/Volumes/Radishes/GBIF_phenology_scored_specimen_images/3357380370.jpg,/Volumes/Radishes/GBIF_2026_update_scoring_images/3357380370.jpg,TRUE,copied
3357380373,gbif_previous_download,3357380373.jpg,3357380373.jpg,/Volumes/Radishes/GBIF_phenology_scored_specimen_images/3357380373.jpg,/Volumes/Radishes/GBIF_2026_update_scoring_images/3357380373.jpg,TRUE,copied
3357380387,gbif_previous_download,3357380387.jpg,3357380387.jpg,/Volumes/Radishes/GBIF_phenology_scored_specimen_images/3357380387.jpg,/Volumes/Radishes/GBIF_2026_update_scoring_images/3357380387.jpg,TRUE,copied
3357380410,gbif_previous_download,3357380410.jpg,3357380410.jpg,/Volumes/Radishes/GBIF_phenology_scored_specimen_images/3357380410.jpg,/Volumes/Radishes/GBIF_2026_update_scoring_images/3357380410.jpg,TRUE,copied
3357380416,gbif_previous_download,3357380416.jpg,3357380416.jpg,/Volumes/Radishes/GBIF_phenology_scored_specimen_images/3357380416.jpg,/Volumes/Radishes/GBIF_2026_update_scoring_images/3357380416.jpg,TRUE,copied
3357380418,gbif_previous_download,3357380418.jpg,3357380418.jpg,/Volumes/Radishes/GBIF_phenology_scored_specimen_images/3357380418.jpg,/Volumes/Radishes/GBIF_2026_update_scoring_images/3357380418.jpg,TRUE,copied
3357380425,gbif_previous_download,3357380425.jpg,3357380425.jpg,/Volumes/Radishes/GBIF_phenology_scored_specimen_images/3357380425.jpg,/Volumes/Radishes/GBIF_2026_update_scoring_images/3357380425.jpg,TRUE,copied
3357380426,gbif_previous_download,3357380426.jpg,3357380426.jpg,/Volumes/Radishes/GBIF_phenology_scored_specimen_images/3357380426.jpg,/Volumes/Radishes/GBIF_2026_update_scoring_images/3357380426.jpg,TRUE,copied
3357380439,gbif_previous_download,3357380439.jpg,3357380439.jpg,/Volumes/Radishes/GBIF_phenology_scored_specimen_images/3357380439.jpg,/Volumes/Radishes/GBIF_2026_update_scoring_images/3357380439.jpg,TRUE,copied
3357380441,gbif_previous_download,3357380441.jpg,3357380441.jpg,/Volumes/Radishes/GBIF_phenology_scored_specimen_images/3357380441.jpg,/Volumes/Radishes/GBIF_2026_update_scoring_images/3357380441.jpg,TRUE,copied
3357380444,gbif_previous_download,3357380444.jpg,3357380444.jpg,/Volumes/Radishes/GBIF_phenology_scored_specimen_images/3357380444.jpg,/Volumes/Radishes/GBIF_2026_update_scoring_images/3357380444.jpg,TRUE,copied
3357380464,gbif_previous_download,3357380464.jpg,3357380464.jpg,/Volumes/Radishes/GBIF_phenology_scored_specimen_images/3357380464.jpg,/Volumes/Radishes/GBIF_2026_update_scoring_images/3357380464.jpg,TRUE,copied
3357380465,gbif_previous_download,3357380465.jpg,3357380465.jpg,/Volumes/Radishes/GBIF_phenology_scored_specimen_images/3357380465.jpg,/Volumes/Radishes/GBIF_2026_update_scoring_images/3357380465.jpg,TRUE,copied
3357380466,gbif_previous_download,3357380466.jpg,3357380466.jpg,/Volumes/Radishes/GBIF_phenology_scored_specimen_images/3357380466.jpg,/Volumes/Radishes/GBIF_2026_update_scoring_images/3357380466.jpg,TRUE,copied
3357380481,gbif_previous_download,3357380481.jpg,3357380481.jpg,/Volumes/Radishes/GBIF_phenology_scored_specimen_images/3357380481.jpg,/Volumes/Radishes/GBIF_2026_update_scoring_images/3357380481.jpg,TRUE,copied
3357380482,gbif_previous_download,3357380482.jpg,3357380482.jpg,/Volumes/Radishes/GBIF_phenology_scored_specimen_images/3357380482.jpg,/Volumes/Radishes/GBIF_2026_update_scoring_images/3357380482.jpg,TRUE,copied
3357380493,gbif_previous_download,3357380493.jpg,3357380493.jpg,/Volumes/Radishes/GBIF_phenology_scored_specimen_images/3357380493.jpg,/Volumes/Radishes/GBIF_2026_update_scoring_images/3357380493.jpg,TRUE,copied
3357380510,gbif_previous_download,3357380510.jpg,3357380510.jpg,/Volumes/Radishes/GBIF_phenology_scored_specimen_images/3357380510.jpg,/Volumes/Radishes/GBIF_2026_update_scoring_images/3357380510.jpg,TRUE,copied
3357380603,gbif_previous_download,3357380603.jpg,3357380603.jpg,/Volumes/Radishes/GBIF_phenology_scored_specimen_images/3357380603.jpg,/Volumes/Radishes/GBIF_2026_update_scoring_images/3357380603.jpg,TRUE,copied
3357380604,gbif_previous_download,3357380604.jpg,3357380604.jpg,/Volumes/Radishes/GBIF_phenology_scored_specimen_images/3357380604.jpg,/Volumes/Radishes/GBIF_2026_update_scoring_images/3357380604.jpg,TRUE,copied
3357383024,gbif_previous_download,3357383024.jpg,3357383024.jpg,/Volumes/Radishes/GBIF_phenology_scored_specimen_images/3357383024.jpg,/Volumes/Radishes/GBIF_2026_update_scoring_images/3357383024.jpg,TRUE,copied
3357383413,gbif_previous_download,3357383413.jpg,3357383413.jpg,/Volumes/Radishes/GBIF_phenology_scored_specimen_images/3357383413.jpg,/Volumes/Radishes/GBIF_2026_update_scoring_images/3357383413.jpg,TRUE,copied
3357383414,gbif_previous_download,3357383414.jpg,3357383414.jpg,/Volumes/Radishes/GBIF_phenology_scored_specimen_images/3357383414.jpg,/Volumes/Radishes/GBIF_2026_update_scoring_images/3357383414.jpg,TRUE,copied
3357383420,gbif_previous_download,3357383420.jpg,3357383420.jpg,/Volumes/Radishes/GBIF_phenology_scored_specimen_images/3357383420.jpg,/Volumes/Radishes/GBIF_2026_update_scoring_images/3357383420.jpg,TRUE,copied
3357383470,gbif_previous_download,3357383470.jpg,3357383470.jpg,/Volumes/Radishes/GBIF_phenology_scored_specimen_images/3357383470.jpg,/Volumes/Radishes/GBIF_2026_update_scoring_images/3357383470.jpg,TRUE,copied
3357425421,gbif_previous_download,3357425421.jpg,3357425421.jpg,/Volumes/Radishes/GBIF_phenology_scored_specimen_images/3357425421.jpg,/Volumes/Radishes/GBIF_2026_update_scoring_images/3357425421.jpg,TRUE,copied
3400897306,gbif_previous_download,3400897306.jpg,3400897306.jpg,/Volumes/Radishes/GBIF_phenology_scored_specimen_images/3400897306.jpg,/Volumes/Radishes/GBIF_2026_update_scoring_images/3400897306.jpg,TRUE,copied
3406824040,gbif_previous_download,3406824040.jpg,3406824040.jpg,/Volumes/Radishes/GBIF_phenology_scored_specimen_images/3406824040.jpg,/Volumes/Radishes/GBIF_2026_update_scoring_images/3406824040.jpg,TRUE,copied
3406827763,gbif_previous_download,3406827763.jpg,3406827763.jpg,/Volumes/Radishes/GBIF_phenology_scored_specimen_images/3406827763.jpg,/Volumes/Radishes/GBIF_2026_update_scoring_images/3406827763.jpg,TRUE,copied
3413164330,gbif_previous_download,3413164330.jpg,3413164330.jpg,/Volumes/Radishes/GBIF_phenology_scored_specimen_images/3413164330.jpg,/Volumes/Radishes/GBIF_2026_update_scoring_images/3413164330.jpg,TRUE,copied
3428801686,gbif_previous_download,3428801686.jpg,3428801686.jpg,/Volumes/Radishes/GBIF_phenology_scored_specimen_images/3428801686.jpg,/Volumes/Radishes/GBIF_2026_update_scoring_images/3428801686.jpg,TRUE,copied
3465122536,gbif_previous_download,3465122536.jpg,3465122536.jpg,/Volumes/Radishes/GBIF_phenology_scored_specimen_images/3465122536.jpg,/Volumes/Radishes/GBIF_2026_update_scoring_images/3465122536.jpg,TRUE,copied
3470668808,gbif_previous_download,3470668808.jpg,3470668808.jpg,/Volumes/Radishes/GBIF_phenology_scored_specimen_images/3470668808.jpg,/Volumes/Radishes/GBIF_2026_update_scoring_images/3470668808.jpg,TRUE,copied
3496963329,gbif_previous_download,3496963329.jpg,3496963329.jpg,/Volumes/Radishes/GBIF_phenology_scored_specimen_images/3496963329.jpg,/Volumes/Radishes/GBIF_2026_update_scoring_images/3496963329.jpg,TRUE,copied
3496963331,gbif_previous_download,3496963331.jpg,3496963331.jpg,/Volumes/Radishes/GBIF_phenology_scored_specimen_images/3496963331.jpg,/Volumes/Radishes/GBIF_2026_update_scoring_images/3496963331.jpg,TRUE,copied
3496963332,gbif_previous_download,3496963332.jpg,3496963332.jpg,/Volumes/Radishes/GBIF_phenology_scored_specimen_images/3496963332.jpg,/Volumes/Radishes/GBIF_2026_update_scoring_images/3496963332.jpg,TRUE,copied
3496963335,gbif_previous_download,3496963335.jpg,3496963335.jpg,/Volumes/Radishes/GBIF_phenology_scored_specimen_images/3496963335.jpg,/Volumes/Radishes/GBIF_2026_update_scoring_images/3496963335.jpg,TRUE,copied
3496963345,gbif_previous_download,3496963345.jpg,3496963345.jpg,/Volumes/Radishes/GBIF_phenology_scored_specimen_images/3496963345.jpg,/Volumes/Radishes/GBIF_2026_update_scoring_images/3496963345.jpg,TRUE,copied
3496963410,gbif_previous_download,3496963410.jpg,3496963410.jpg,/Volumes/Radishes/GBIF_phenology_scored_specimen_images/3496963410.jpg,/Volumes/Radishes/GBIF_2026_update_scoring_images/3496963410.jpg,TRUE,copied
3496963414,gbif_previous_download,3496963414.jpg,3496963414.jpg,/Volumes/Radishes/GBIF_phenology_scored_specimen_images/3496963414.jpg,/Volumes/Radishes/GBIF_2026_update_scoring_images/3496963414.jpg,TRUE,copied
3496963416,gbif_previous_download,3496963416.jpg,3496963416.jpg,/Volumes/Radishes/GBIF_phenology_scored_specimen_images/3496963416.jpg,/Volumes/Radishes/GBIF_2026_update_scoring_images/3496963416.jpg,TRUE,copied
3496963417,gbif_previous_download,3496963417.jpg,3496963417.jpg,/Volumes/Radishes/GBIF_phenology_scored_specimen_images/3496963417.jpg,/Volumes/Radishes/GBIF_2026_update_scoring_images/3496963417.jpg,TRUE,copied
3496963418,gbif_previous_download,3496963418.jpg,3496963418.jpg,/Volumes/Radishes/GBIF_phenology_scored_specimen_images/3496963418.jpg,/Volumes/Radishes/GBIF_2026_update_scoring_images/3496963418.jpg,TRUE,copied
3496963429,gbif_previous_download,3496963429.jpg,3496963429.jpg,/Volumes/Radishes/GBIF_phenology_scored_specimen_images/3496963429.jpg,/Volumes/Radishes/GBIF_2026_update_scoring_images/3496963429.jpg,TRUE,copied
3496963433,gbif_previous_download,3496963433.jpg,3496963433.jpg,/Volumes/Radishes/GBIF_phenology_scored_specimen_images/3496963433.jpg,/Volumes/Radishes/GBIF_2026_update_scoring_images/3496963433.jpg,TRUE,copied
3496963434,gbif_previous_download,3496963434.jpg,3496963434.jpg,/Volumes/Radishes/GBIF_phenology_scored_specimen_images/3496963434.jpg,/Volumes/Radishes/GBIF_2026_update_scoring_images/3496963434.jpg,TRUE,copied
3496963438,gbif_previous_download,3496963438.jpg,3496963438.jpg,/Volumes/Radishes/GBIF_phenology_scored_specimen_images/3496963438.jpg,/Volumes/Radishes/GBIF_2026_update_scoring_images/3496963438.jpg,TRUE,copied
3496963454,gbif_previous_download,3496963454.jpg,3496963454.jpg,/Volumes/Radishes/GBIF_phenology_scored_specimen_images/3496963454.jpg,/Volumes/Radishes/GBIF_2026_update_scoring_images/3496963454.jpg,TRUE,copied
3496963486,gbif_previous_download,3496963486.jpg,3496963486.jpg,/Volumes/Radishes/GBIF_phenology_scored_specimen_images/3496963486.jpg,/Volumes/Radishes/GBIF_2026_update_scoring_images/3496963486.jpg,TRUE,copied
3496963488,gbif_previous_download,3496963488.jpg,3496963488.jpg,/Volumes/Radishes/GBIF_phenology_scored_specimen_images/3496963488.jpg,/Volumes/Radishes/GBIF_2026_update_scoring_images/3496963488.jpg,TRUE,copied
3496963490,gbif_previous_download,3496963490.jpg,3496963490.jpg,/Volumes/Radishes/GBIF_phenology_scored_specimen_images/3496963490.jpg,/Volumes/Radishes/GBIF_2026_update_scoring_images/3496963490.jpg,TRUE,copied
3496963491,gbif_previous_download,3496963491.jpg,3496963491.jpg,/Volumes/Radishes/GBIF_phenology_scored_specimen_images/3496963491.jpg,/Volumes/Radishes/GBIF_2026_update_scoring_images/3496963491.jpg,TRUE,copied
3496963493,gbif_previous_download,3496963493.jpg,3496963493.jpg,/Volumes/Radishes/GBIF_phenology_scored_specimen_images/3496963493.jpg,/Volumes/Radishes/GBIF_2026_update_scoring_images/3496963493.jpg,TRUE,copied
3496963494,gbif_previous_download,3496963494.jpg,3496963494.jpg,/Volumes/Radishes/GBIF_phenology_scored_specimen_images/3496963494.jpg,/Volumes/Radishes/GBIF_2026_update_scoring_images/3496963494.jpg,TRUE,copied
3496963496,gbif_previous_download,3496963496.jpg,3496963496.jpg,/Volumes/Radishes/GBIF_phenology_scored_specimen_images/3496963496.jpg,/Volumes/Radishes/GBIF_2026_update_scoring_images/3496963496.jpg,TRUE,copied
3496963536,gbif_previous_download,3496963536.jpg,3496963536.jpg,/Volumes/Radishes/GBIF_phenology_scored_specimen_images/3496963536.jpg,/Volumes/Radishes/GBIF_2026_update_scoring_images/3496963536.jpg,TRUE,copied
3498205055,gbif_previous_download,3498205055.jpg,3498205055.jpg,/Volumes/Radishes/GBIF_phenology_scored_specimen_images/3498205055.jpg,/Volumes/Radishes/GBIF_2026_update_scoring_images/3498205055.jpg,TRUE,copied
3695177067,gbif_previous_download,3695177067.jpg,3695177067.jpg,/Volumes/Radishes/GBIF_phenology_scored_specimen_images/3695177067.jpg,/Volumes/Radishes/GBIF_2026_update_scoring_images/3695177067.jpg,TRUE,copied
3707724321,gbif_previous_download,3707724321.jpg,3707724321.jpg,/Volumes/Radishes/GBIF_phenology_scored_specimen_images/3707724321.jpg,/Volumes/Radishes/GBIF_2026_update_scoring_images/3707724321.jpg,TRUE,copied
3707766885,gbif_previous_download,3707766885.jpg,3707766885.jpg,/Volumes/Radishes/GBIF_phenology_scored_specimen_images/3707766885.jpg,/Volumes/Radishes/GBIF_2026_update_scoring_images/3707766885.jpg,TRUE,copied
3709808233,gbif_previous_download,3709808233.jpg,3709808233.jpg,/Volumes/Radishes/GBIF_phenology_scored_specimen_images/3709808233.jpg,/Volumes/Radishes/GBIF_2026_update_scoring_images/3709808233.jpg,TRUE,copied
3709838781,gbif_previous_download,3709838781.jpg,3709838781.jpg,/Volumes/Radishes/GBIF_phenology_scored_specimen_images/3709838781.jpg,/Volumes/Radishes/GBIF_2026_update_scoring_images/3709838781.jpg,TRUE,copied
3709845930,gbif_previous_download,3709845930.jpg,3709845930.jpg,/Volumes/Radishes/GBIF_phenology_scored_specimen_images/3709845930.jpg,/Volumes/Radishes/GBIF_2026_update_scoring_images/3709845930.jpg,TRUE,copied
3709848146,gbif_previous_download,3709848146.jpg,3709848146.jpg,/Volumes/Radishes/GBIF_phenology_scored_specimen_images/3709848146.jpg,/Volumes/Radishes/GBIF_2026_update_scoring_images/3709848146.jpg,TRUE,copied
3709848955,gbif_previous_download,3709848955.jpg,3709848955.jpg,/Volumes/Radishes/GBIF_phenology_scored_specimen_images/3709848955.jpg,/Volumes/Radishes/GBIF_2026_update_scoring_images/3709848955.jpg,TRUE,copied
3709849798,gbif_previous_download,3709849798.jpg,3709849798.jpg,/Volumes/Radishes/GBIF_phenology_scored_specimen_images/3709849798.jpg,/Volumes/Radishes/GBIF_2026_update_scoring_images/3709849798.jpg,TRUE,copied
3709852018,gbif_previous_download,3709852018.jpg,3709852018.jpg,/Volumes/Radishes/GBIF_phenology_scored_specimen_images/3709852018.jpg,/Volumes/Radishes/GBIF_2026_update_scoring_images/3709852018.jpg,TRUE,copied
3709852246,gbif_previous_download,3709852246.jpg,3709852246.jpg,/Volumes/Radishes/GBIF_phenology_scored_specimen_images/3709852246.jpg,/Volumes/Radishes/GBIF_2026_update_scoring_images/3709852246.jpg,TRUE,copied
3709855196,gbif_previous_download,3709855196.jpg,3709855196.jpg,/Volumes/Radishes/GBIF_phenology_scored_specimen_images/3709855196.jpg,/Volumes/Radishes/GBIF_2026_update_scoring_images/3709855196.jpg,TRUE,copied
3709897885,gbif_previous_download,3709897885.jpg,3709897885.jpg,/Volumes/Radishes/GBIF_phenology_scored_specimen_images/3709897885.jpg,/Volumes/Radishes/GBIF_2026_update_scoring_images/3709897885.jpg,TRUE,copied
3709901927,gbif_previous_download,3709901927.jpg,3709901927.jpg,/Volumes/Radishes/GBIF_phenology_scored_specimen_images/3709901927.jpg,/Volumes/Radishes/GBIF_2026_update_scoring_images/3709901927.jpg,TRUE,copied
3709906690,gbif_previous_download,3709906690.jpg,3709906690.jpg,/Volumes/Radishes/GBIF_phenology_scored_specimen_images/3709906690.jpg,/Volumes/Radishes/GBIF_2026_update_scoring_images/3709906690.jpg,TRUE,copied
3709920254,gbif_previous_download,3709920254.jpg,3709920254.jpg,/Volumes/Radishes/GBIF_phenology_scored_specimen_images/3709920254.jpg,/Volumes/Radishes/GBIF_2026_update_scoring_images/3709920254.jpg,TRUE,copied
3709930518,gbif_previous_download,3709930518.jpg,3709930518.jpg,/Volumes/Radishes/GBIF_phenology_scored_specimen_images/3709930518.jpg,/Volumes/Radishes/GBIF_2026_update_scoring_images/3709930518.jpg,TRUE,copied
3709935706,gbif_previous_download,3709935706.jpg,3709935706.jpg,/Volumes/Radishes/GBIF_phenology_scored_specimen_images/3709935706.jpg,/Volumes/Radishes/GBIF_2026_update_scoring_images/3709935706.jpg,TRUE,copied
3709938001,gbif_previous_download,3709938001.jpg,3709938001.jpg,/Volumes/Radishes/GBIF_phenology_scored_specimen_images/3709938001.jpg,/Volumes/Radishes/GBIF_2026_update_scoring_images/3709938001.jpg,TRUE,copied
3709959759,gbif_previous_download,3709959759.jpg,3709959759.jpg,/Volumes/Radishes/GBIF_phenology_scored_specimen_images/3709959759.jpg,/Volumes/Radishes/GBIF_2026_update_scoring_images/3709959759.jpg,TRUE,copied
3709986744,gbif_previous_download,3709986744.jpg,3709986744.jpg,/Volumes/Radishes/GBIF_phenology_scored_specimen_images/3709986744.jpg,/Volumes/Radishes/GBIF_2026_update_scoring_images/3709986744.jpg,TRUE,copied
3709996871,gbif_previous_download,3709996871.jpg,3709996871.jpg,/Volumes/Radishes/GBIF_phenology_scored_specimen_images/3709996871.jpg,/Volumes/Radishes/GBIF_2026_update_scoring_images/3709996871.jpg,TRUE,copied
3709997118,gbif_previous_download,3709997118.jpg,3709997118.jpg,/Volumes/Radishes/GBIF_phenology_scored_specimen_images/3709997118.jpg,/Volumes/Radishes/GBIF_2026_update_scoring_images/3709997118.jpg,TRUE,copied
3710019345,gbif_previous_download,3710019345.jpg,3710019345.jpg,/Volumes/Radishes/GBIF_phenology_scored_specimen_images/3710019345.jpg,/Volumes/Radishes/GBIF_2026_update_scoring_images/3710019345.jpg,TRUE,copied
3710040784,gbif_previous_download,3710040784.jpg,3710040784.jpg,/Volumes/Radishes/GBIF_phenology_scored_specimen_images/3710040784.jpg,/Volumes/Radishes/GBIF_2026_update_scoring_images/3710040784.jpg,TRUE,copied
3710044656,gbif_previous_download,3710044656.jpg,3710044656.jpg,/Volumes/Radishes/GBIF_phenology_scored_specimen_images/3710044656.jpg,/Volumes/Radishes/GBIF_2026_update_scoring_images/3710044656.jpg,TRUE,copied
3710063875,gbif_previous_download,3710063875.jpg,3710063875.jpg,/Volumes/Radishes/GBIF_phenology_scored_specimen_images/3710063875.jpg,/Volumes/Radishes/GBIF_2026_update_scoring_images/3710063875.jpg,TRUE,copied
3710068555,gbif_previous_download,3710068555.jpg,3710068555.jpg,/Volumes/Radishes/GBIF_phenology_scored_specimen_images/3710068555.jpg,/Volumes/Radishes/GBIF_2026_update_scoring_images/3710068555.jpg,TRUE,copied
3710072566,gbif_previous_download,3710072566.jpg,3710072566.jpg,/Volumes/Radishes/GBIF_phenology_scored_specimen_images/3710072566.jpg,/Volumes/Radishes/GBIF_2026_update_scoring_images/3710072566.jpg,TRUE,copied
3744690045,gbif_previous_download,3744690045.jpg,3744690045.jpg,/Volumes/Radishes/GBIF_phenology_scored_specimen_images/3744690045.jpg,/Volumes/Radishes/GBIF_2026_update_scoring_images/3744690045.jpg,TRUE,copied
3744712413,gbif_previous_download,3744712413.jpg,3744712413.jpg,/Volumes/Radishes/GBIF_phenology_scored_specimen_images/3744712413.jpg,/Volumes/Radishes/GBIF_2026_update_scoring_images/3744712413.jpg,TRUE,copied
3744713750,gbif_previous_download,3744713750.jpg,3744713750.jpg,/Volumes/Radishes/GBIF_phenology_scored_specimen_images/3744713750.jpg,/Volumes/Radishes/GBIF_2026_update_scoring_images/3744713750.jpg,TRUE,copied
3744713758,gbif_previous_download,3744713758.jpg,3744713758.jpg,/Volumes/Radishes/GBIF_phenology_scored_specimen_images/3744713758.jpg,/Volumes/Radishes/GBIF_2026_update_scoring_images/3744713758.jpg,TRUE,copied
3744713760,gbif_previous_download,3744713760.jpg,3744713760.jpg,/Volumes/Radishes/GBIF_phenology_scored_specimen_images/3744713760.jpg,/Volumes/Radishes/GBIF_2026_update_scoring_images/3744713760.jpg,TRUE,copied
3744713762,gbif_previous_download,3744713762.jpg,3744713762.jpg,/Volumes/Radishes/GBIF_phenology_scored_specimen_images/3744713762.jpg,/Volumes/Radishes/GBIF_2026_update_scoring_images/3744713762.jpg,TRUE,copied
3744713765,gbif_previous_download,3744713765.jpg,3744713765.jpg,/Volumes/Radishes/GBIF_phenology_scored_specimen_images/3744713765.jpg,/Volumes/Radishes/GBIF_2026_update_scoring_images/3744713765.jpg,TRUE,copied
3744713780,gbif_previous_download,3744713780.jpg,3744713780.jpg,/Volumes/Radishes/GBIF_phenology_scored_specimen_images/3744713780.jpg,/Volumes/Radishes/GBIF_2026_update_scoring_images/3744713780.jpg,TRUE,copied
3744713784,gbif_previous_download,3744713784.jpg,3744713784.jpg,/Volumes/Radishes/GBIF_phenology_scored_specimen_images/3744713784.jpg,/Volumes/Radishes/GBIF_2026_update_scoring_images/3744713784.jpg,TRUE,copied
3744713788,gbif_previous_download,3744713788.jpg,3744713788.jpg,/Volumes/Radishes/GBIF_phenology_scored_specimen_images/3744713788.jpg,/Volumes/Radishes/GBIF_2026_update_scoring_images/3744713788.jpg,TRUE,copied
3744713790,gbif_previous_download,3744713790.jpg,3744713790.jpg,/Volumes/Radishes/GBIF_phenology_scored_specimen_images/3744713790.jpg,/Volumes/Radishes/GBIF_2026_update_scoring_images/3744713790.jpg,TRUE,copied
3744713792,gbif_previous_download,3744713792.jpg,3744713792.jpg,/Volumes/Radishes/GBIF_phenology_scored_specimen_images/3744713792.jpg,/Volumes/Radishes/GBIF_2026_update_scoring_images/3744713792.jpg,TRUE,copied
3744713798,gbif_previous_download,3744713798.jpg,3744713798.jpg,/Volumes/Radishes/GBIF_phenology_scored_specimen_images/3744713798.jpg,/Volumes/Radishes/GBIF_2026_update_scoring_images/3744713798.jpg,TRUE,copied
3744713800,gbif_previous_download,3744713800.jpg,3744713800.jpg,/Volumes/Radishes/GBIF_phenology_scored_specimen_images/3744713800.jpg,/Volumes/Radishes/GBIF_2026_update_scoring_images/3744713800.jpg,TRUE,copied
3744713803,gbif_previous_download,3744713803.jpg,3744713803.jpg,/Volumes/Radishes/GBIF_phenology_scored_specimen_images/3744713803.jpg,/Volumes/Radishes/GBIF_2026_update_scoring_images/3744713803.jpg,TRUE,copied
3744713805,gbif_previous_download,3744713805.jpg,3744713805.jpg,/Volumes/Radishes/GBIF_phenology_scored_specimen_images/3744713805.jpg,/Volumes/Radishes/GBIF_2026_update_scoring_images/3744713805.jpg,TRUE,copied
3744713808,gbif_previous_download,3744713808.jpg,3744713808.jpg,/Volumes/Radishes/GBIF_phenology_scored_specimen_images/3744713808.jpg,/Volumes/Radishes/GBIF_2026_update_scoring_images/3744713808.jpg,TRUE,copied
3744714087,gbif_previous_download,3744714087.jpg,3744714087.jpg,/Volumes/Radishes/GBIF_phenology_scored_specimen_images/3744714087.jpg,/Volumes/Radishes/GBIF_2026_update_scoring_images/3744714087.jpg,TRUE,copied
3746436858,gbif_previous_download,3746436858.jpg,3746436858.jpg,/Volumes/Radishes/GBIF_phenology_scored_specimen_images/3746436858.jpg,/Volumes/Radishes/GBIF_2026_update_scoring_images/3746436858.jpg,TRUE,copied
3798074545,gbif_previous_download,3798074545.jpg,3798074545.jpg,/Volumes/Radishes/GBIF_phenology_scored_specimen_images/3798074545.jpg,/Volumes/Radishes/GBIF_2026_update_scoring_images/3798074545.jpg,TRUE,copied
3798074555,gbif_previous_download,3798074555.jpg,3798074555.jpg,/Volumes/Radishes/GBIF_phenology_scored_specimen_images/3798074555.jpg,/Volumes/Radishes/GBIF_2026_update_scoring_images/3798074555.jpg,TRUE,copied
3798094147,gbif_previous_download,3798094147.jpg,3798094147.jpg,/Volumes/Radishes/GBIF_phenology_scored_specimen_images/3798094147.jpg,/Volumes/Radishes/GBIF_2026_update_scoring_images/3798094147.jpg,TRUE,copied
3798094148,gbif_previous_download,3798094148.jpg,3798094148.jpg,/Volumes/Radishes/GBIF_phenology_scored_specimen_images/3798094148.jpg,/Volumes/Radishes/GBIF_2026_update_scoring_images/3798094148.jpg,TRUE,copied
3798094179,gbif_previous_download,3798094179.jpg,3798094179.jpg,/Volumes/Radishes/GBIF_phenology_scored_specimen_images/3798094179.jpg,/Volumes/Radishes/GBIF_2026_update_scoring_images/3798094179.jpg,TRUE,copied
3820606968,gbif_previous_download,3820606968.jpg,3820606968.jpg,/Volumes/Radishes/GBIF_phenology_scored_specimen_images/3820606968.jpg,/Volumes/Radishes/GBIF_2026_update_scoring_images/3820606968.jpg,TRUE,copied
3820607955,gbif_previous_download,3820607955.jpg,3820607955.jpg,/Volumes/Radishes/GBIF_phenology_scored_specimen_images/3820607955.jpg,/Volumes/Radishes/GBIF_2026_update_scoring_images/3820607955.jpg,TRUE,copied
3820607986,gbif_previous_download,3820607986.jpg,3820607986.jpg,/Volumes/Radishes/GBIF_phenology_scored_specimen_images/3820607986.jpg,/Volumes/Radishes/GBIF_2026_update_scoring_images/3820607986.jpg,TRUE,copied
3820607987,gbif_previous_download,3820607987.jpg,3820607987.jpg,/Volumes/Radishes/GBIF_phenology_scored_specimen_images/3820607987.jpg,/Volumes/Radishes/GBIF_2026_update_scoring_images/3820607987.jpg,TRUE,copied
3820608929,gbif_previous_download,3820608929.jpg,3820608929.jpg,/Volumes/Radishes/GBIF_phenology_scored_specimen_images/3820608929.jpg,/Volumes/Radishes/GBIF_2026_update_scoring_images/3820608929.jpg,TRUE,copied
3820608943,gbif_previous_download,3820608943.jpg,3820608943.jpg,/Volumes/Radishes/GBIF_phenology_scored_specimen_images/3820608943.jpg,/Volumes/Radishes/GBIF_2026_update_scoring_images/3820608943.jpg,TRUE,copied
3820608955,gbif_previous_download,3820608955.jpg,3820608955.jpg,/Volumes/Radishes/GBIF_phenology_scored_specimen_images/3820608955.jpg,/Volumes/Radishes/GBIF_2026_update_scoring_images/3820608955.jpg,TRUE,copied
3820608975,gbif_previous_download,3820608975.jpg,3820608975.jpg,/Volumes/Radishes/GBIF_phenology_scored_specimen_images/3820608975.jpg,/Volumes/Radishes/GBIF_2026_update_scoring_images/3820608975.jpg,TRUE,copied
3820611004,gbif_previous_download,3820611004.jpg,3820611004.jpg,/Volumes/Radishes/GBIF_phenology_scored_specimen_images/3820611004.jpg,/Volumes/Radishes/GBIF_2026_update_scoring_images/3820611004.jpg,TRUE,copied
3820611977,gbif_previous_download,3820611977.jpg,3820611977.jpg,/Volumes/Radishes/GBIF_phenology_scored_specimen_images/3820611977.jpg,/Volumes/Radishes/GBIF_2026_update_scoring_images/3820611977.jpg,TRUE,copied
3820612001,gbif_previous_download,3820612001.jpg,3820612001.jpg,/Volumes/Radishes/GBIF_phenology_scored_specimen_images/3820612001.jpg,/Volumes/Radishes/GBIF_2026_update_scoring_images/3820612001.jpg,TRUE,copied
3820612925,gbif_previous_download,3820612925.jpg,3820612925.jpg,/Volumes/Radishes/GBIF_phenology_scored_specimen_images/3820612925.jpg,/Volumes/Radishes/GBIF_2026_update_scoring_images/3820612925.jpg,TRUE,copied
3820613922,gbif_previous_download,3820613922.jpg,3820613922.jpg,/Volumes/Radishes/GBIF_phenology_scored_specimen_images/3820613922.jpg,/Volumes/Radishes/GBIF_2026_update_scoring_images/3820613922.jpg,TRUE,copied
3820613931,gbif_previous_download,3820613931.jpg,3820613931.jpg,/Volumes/Radishes/GBIF_phenology_scored_specimen_images/3820613931.jpg,/Volumes/Radishes/GBIF_2026_update_scoring_images/3820613931.jpg,TRUE,copied
3820613941,gbif_previous_download,3820613941.jpg,3820613941.jpg,/Volumes/Radishes/GBIF_phenology_scored_specimen_images/3820613941.jpg,/Volumes/Radishes/GBIF_2026_update_scoring_images/3820613941.jpg,TRUE,copied
3820615022,gbif_previous_download,3820615022.jpg,3820615022.jpg,/Volumes/Radishes/GBIF_phenology_scored_specimen_images/3820615022.jpg,/Volumes/Radishes/GBIF_2026_update_scoring_images/3820615022.jpg,TRUE,copied
3820615030,gbif_previous_download,3820615030.jpg,3820615030.jpg,/Volumes/Radishes/GBIF_phenology_scored_specimen_images/3820615030.jpg,/Volumes/Radishes/GBIF_2026_update_scoring_images/3820615030.jpg,TRUE,copied
3820615943,gbif_previous_download,3820615943.jpg,3820615943.jpg,/Volumes/Radishes/GBIF_phenology_scored_specimen_images/3820615943.jpg,/Volumes/Radishes/GBIF_2026_update_scoring_images/3820615943.jpg,TRUE,copied
3820615959,gbif_previous_download,3820615959.jpg,3820615959.jpg,/Volumes/Radishes/GBIF_phenology_scored_specimen_images/3820615959.jpg,/Volumes/Radishes/GBIF_2026_update_scoring_images/3820615959.jpg,TRUE,copied
3820615962,gbif_previous_download,3820615962.jpg,3820615962.jpg,/Volumes/Radishes/GBIF_phenology_scored_specimen_images/3820615962.jpg,/Volumes/Radishes/GBIF_2026_update_scoring_images/3820615962.jpg,TRUE,copied
3820616832,gbif_previous_download,3820616832.jpg,3820616832.jpg,/Volumes/Radishes/GBIF_phenology_scored_specimen_images/3820616832.jpg,/Volumes/Radishes/GBIF_2026_update_scoring_images/3820616832.jpg,TRUE,copied
3820618824,gbif_previous_download,3820618824.jpg,3820618824.jpg,/Volumes/Radishes/GBIF_phenology_scored_specimen_images/3820618824.jpg,/Volumes/Radishes/GBIF_2026_update_scoring_images/3820618824.jpg,TRUE,copied
3820734926,gbif_previous_download,3820734926.jpg,3820734926.jpg,/Volumes/Radishes/GBIF_phenology_scored_specimen_images/3820734926.jpg,/Volumes/Radishes/GBIF_2026_update_scoring_images/3820734926.jpg,TRUE,copied
3820736893,gbif_previous_download,3820736893.jpg,3820736893.jpg,/Volumes/Radishes/GBIF_phenology_scored_specimen_images/3820736893.jpg,/Volumes/Radishes/GBIF_2026_update_scoring_images/3820736893.jpg,TRUE,copied
3820736895,gbif_previous_download,3820736895.jpg,3820736895.jpg,/Volumes/Radishes/GBIF_phenology_scored_specimen_images/3820736895.jpg,/Volumes/Radishes/GBIF_2026_update_scoring_images/3820736895.jpg,TRUE,copied
3820737976,gbif_previous_download,3820737976.jpg,3820737976.jpg,/Volumes/Radishes/GBIF_phenology_scored_specimen_images/3820737976.jpg,/Volumes/Radishes/GBIF_2026_update_scoring_images/3820737976.jpg,TRUE,copied
3820738012,gbif_previous_download,3820738012.jpg,3820738012.jpg,/Volumes/Radishes/GBIF_phenology_scored_specimen_images/3820738012.jpg,/Volumes/Radishes/GBIF_2026_update_scoring_images/3820738012.jpg,TRUE,copied
3820738935,gbif_previous_download,3820738935.jpg,3820738935.jpg,/Volumes/Radishes/GBIF_phenology_scored_specimen_images/3820738935.jpg,/Volumes/Radishes/GBIF_2026_update_scoring_images/3820738935.jpg,TRUE,copied
3820738939,gbif_previous_download,3820738939.jpg,3820738939.jpg,/Volumes/Radishes/GBIF_phenology_scored_specimen_images/3820738939.jpg,/Volumes/Radishes/GBIF_2026_update_scoring_images/3820738939.jpg,TRUE,copied
3820738982,gbif_previous_download,3820738982.jpg,3820738982.jpg,/Volumes/Radishes/GBIF_phenology_scored_specimen_images/3820738982.jpg,/Volumes/Radishes/GBIF_2026_update_scoring_images/3820738982.jpg,TRUE,copied
3820739865,gbif_previous_download,3820739865.jpg,3820739865.jpg,/Volumes/Radishes/GBIF_phenology_scored_specimen_images/3820739865.jpg,/Volumes/Radishes/GBIF_2026_update_scoring_images/3820739865.jpg,TRUE,copied
3820739876,gbif_previous_download,3820739876.jpg,3820739876.jpg,/Volumes/Radishes/GBIF_phenology_scored_specimen_images/3820739876.jpg,/Volumes/Radishes/GBIF_2026_update_scoring_images/3820739876.jpg,TRUE,copied
3820739903,gbif_previous_download,3820739903.jpg,3820739903.jpg,/Volumes/Radishes/GBIF_phenology_scored_specimen_images/3820739903.jpg,/Volumes/Radishes/GBIF_2026_update_scoring_images/3820739903.jpg,TRUE,copied
3820739930,gbif_previous_download,3820739930.jpg,3820739930.jpg,/Volumes/Radishes/GBIF_phenology_scored_specimen_images/3820739930.jpg,/Volumes/Radishes/GBIF_2026_update_scoring_images/3820739930.jpg,TRUE,copied
3820741936,gbif_previous_download,3820741936.jpg,3820741936.jpg,/Volumes/Radishes/GBIF_phenology_scored_specimen_images/3820741936.jpg,/Volumes/Radishes/GBIF_2026_update_scoring_images/3820741936.jpg,TRUE,copied
3820741964,gbif_previous_download,3820741964.jpg,3820741964.jpg,/Volumes/Radishes/GBIF_phenology_scored_specimen_images/3820741964.jpg,/Volumes/Radishes/GBIF_2026_update_scoring_images/3820741964.jpg,TRUE,copied
3820742967,gbif_previous_download,3820742967.jpg,3820742967.jpg,/Volumes/Radishes/GBIF_phenology_scored_specimen_images/3820742967.jpg,/Volumes/Radishes/GBIF_2026_update_scoring_images/3820742967.jpg,TRUE,copied
3820742985,gbif_previous_download,3820742985.jpg,3820742985.jpg,/Volumes/Radishes/GBIF_phenology_scored_specimen_images/3820742985.jpg,/Volumes/Radishes/GBIF_2026_update_scoring_images/3820742985.jpg,TRUE,copied
3820743009,gbif_previous_download,3820743009.jpg,3820743009.jpg,/Volumes/Radishes/GBIF_phenology_scored_specimen_images/3820743009.jpg,/Volumes/Radishes/GBIF_2026_update_scoring_images/3820743009.jpg,TRUE,copied
3820743012,gbif_previous_download,3820743012.jpg,3820743012.jpg,/Volumes/Radishes/GBIF_phenology_scored_specimen_images/3820743012.jpg,/Volumes/Radishes/GBIF_2026_update_scoring_images/3820743012.jpg,TRUE,copied
3820744000,gbif_previous_download,3820744000.jpg,3820744000.jpg,/Volumes/Radishes/GBIF_phenology_scored_specimen_images/3820744000.jpg,/Volumes/Radishes/GBIF_2026_update_scoring_images/3820744000.jpg,TRUE,copied
3820745010,gbif_previous_download,3820745010.jpg,3820745010.jpg,/Volumes/Radishes/GBIF_phenology_scored_specimen_images/3820745010.jpg,/Volumes/Radishes/GBIF_2026_update_scoring_images/3820745010.jpg,TRUE,copied
3820745015,gbif_previous_download,3820745015.jpg,3820745015.jpg,/Volumes/Radishes/GBIF_phenology_scored_specimen_images/3820745015.jpg,/Volumes/Radishes/GBIF_2026_update_scoring_images/3820745015.jpg,TRUE,copied
3820745963,gbif_previous_download,3820745963.jpg,3820745963.jpg,/Volumes/Radishes/GBIF_phenology_scored_specimen_images/3820745963.jpg,/Volumes/Radishes/GBIF_2026_update_scoring_images/3820745963.jpg,TRUE,copied
3820748835,gbif_previous_download,3820748835.jpg,3820748835.jpg,/Volumes/Radishes/GBIF_phenology_scored_specimen_images/3820748835.jpg,/Volumes/Radishes/GBIF_2026_update_scoring_images/3820748835.jpg,TRUE,copied
3820752750,gbif_previous_download,3820752750.jpg,3820752750.jpg,/Volumes/Radishes/GBIF_phenology_scored_specimen_images/3820752750.jpg,/Volumes/Radishes/GBIF_2026_update_scoring_images/3820752750.jpg,TRUE,copied
3829914330,gbif_previous_download,3829914330.jpg,3829914330.jpg,/Volumes/Radishes/GBIF_phenology_scored_specimen_images/3829914330.jpg,/Volumes/Radishes/GBIF_2026_update_scoring_images/3829914330.jpg,TRUE,copied
3829914331,gbif_previous_download,3829914331.jpg,3829914331.jpg,/Volumes/Radishes/GBIF_phenology_scored_specimen_images/3829914331.jpg,/Volumes/Radishes/GBIF_2026_update_scoring_images/3829914331.jpg,TRUE,copied
3829914340,gbif_previous_download,3829914340.jpg,3829914340.jpg,/Volumes/Radishes/GBIF_phenology_scored_specimen_images/3829914340.jpg,/Volumes/Radishes/GBIF_2026_update_scoring_images/3829914340.jpg,TRUE,copied
3829914341,gbif_previous_download,3829914341.jpg,3829914341.jpg,/Volumes/Radishes/GBIF_phenology_scored_specimen_images/3829914341.jpg,/Volumes/Radishes/GBIF_2026_update_scoring_images/3829914341.jpg,TRUE,copied
3829914342,gbif_previous_download,3829914342.jpg,3829914342.jpg,/Volumes/Radishes/GBIF_phenology_scored_specimen_images/3829914342.jpg,/Volumes/Radishes/GBIF_2026_update_scoring_images/3829914342.jpg,TRUE,copied
3829914350,gbif_previous_download,3829914350.jpg,3829914350.jpg,/Volumes/Radishes/GBIF_phenology_scored_specimen_images/3829914350.jpg,/Volumes/Radishes/GBIF_2026_update_scoring_images/3829914350.jpg,TRUE,copied
3855480749,gbif_previous_download,3855480749.jpg,3855480749.jpg,/Volumes/Radishes/GBIF_phenology_scored_specimen_images/3855480749.jpg,/Volumes/Radishes/GBIF_2026_update_scoring_images/3855480749.jpg,TRUE,copied
3855484356,gbif_previous_download,3855484356.jpg,3855484356.jpg,/Volumes/Radishes/GBIF_phenology_scored_specimen_images/3855484356.jpg,/Volumes/Radishes/GBIF_2026_update_scoring_images/3855484356.jpg,TRUE,copied
3855559246,gbif_previous_download,3855559246.jpg,3855559246.jpg,/Volumes/Radishes/GBIF_phenology_scored_specimen_images/3855559246.jpg,/Volumes/Radishes/GBIF_2026_update_scoring_images/3855559246.jpg,TRUE,copied
3855563086,gbif_previous_download,3855563086.jpg,3855563086.jpg,/Volumes/Radishes/GBIF_phenology_scored_specimen_images/3855563086.jpg,/Volumes/Radishes/GBIF_2026_update_scoring_images/3855563086.jpg,TRUE,copied
3865092206,gbif_previous_download,3865092206.jpg,3865092206.jpg,/Volumes/Radishes/GBIF_phenology_scored_specimen_images/3865092206.jpg,/Volumes/Radishes/GBIF_2026_update_scoring_images/3865092206.jpg,TRUE,copied
3865092209,gbif_previous_download,3865092209.jpg,3865092209.jpg,/Volumes/Radishes/GBIF_phenology_scored_specimen_images/3865092209.jpg,/Volumes/Radishes/GBIF_2026_update_scoring_images/3865092209.jpg,TRUE,copied
3865092210,gbif_previous_download,3865092210.jpg,3865092210.jpg,/Volumes/Radishes/GBIF_phenology_scored_specimen_images/3865092210.jpg,/Volumes/Radishes/GBIF_2026_update_scoring_images/3865092210.jpg,TRUE,copied
3865092211,gbif_previous_download,3865092211.jpg,3865092211.jpg,/Volumes/Radishes/GBIF_phenology_scored_specimen_images/3865092211.jpg,/Volumes/Radishes/GBIF_2026_update_scoring_images/3865092211.jpg,TRUE,copied
3865092212,gbif_previous_download,3865092212.jpg,3865092212.jpg,/Volumes/Radishes/GBIF_phenology_scored_specimen_images/3865092212.jpg,/Volumes/Radishes/GBIF_2026_update_scoring_images/3865092212.jpg,TRUE,copied
3865092213,gbif_previous_download,3865092213.jpg,3865092213.jpg,/Volumes/Radishes/GBIF_phenology_scored_specimen_images/3865092213.jpg,/Volumes/Radishes/GBIF_2026_update_scoring_images/3865092213.jpg,TRUE,copied
3865092214,gbif_previous_download,3865092214.jpg,3865092214.jpg,/Volumes/Radishes/GBIF_phenology_scored_specimen_images/3865092214.jpg,/Volumes/Radishes/GBIF_2026_update_scoring_images/3865092214.jpg,TRUE,copied
3865092215,gbif_previous_download,3865092215.jpg,3865092215.jpg,/Volumes/Radishes/GBIF_phenology_scored_specimen_images/3865092215.jpg,/Volumes/Radishes/GBIF_2026_update_scoring_images/3865092215.jpg,TRUE,copied
3865092216,gbif_previous_download,3865092216.jpg,3865092216.jpg,/Volumes/Radishes/GBIF_phenology_scored_specimen_images/3865092216.jpg,/Volumes/Radishes/GBIF_2026_update_scoring_images/3865092216.jpg,TRUE,copied
3865092217,gbif_previous_download,3865092217.jpg,3865092217.jpg,/Volumes/Radishes/GBIF_phenology_scored_specimen_images/3865092217.jpg,/Volumes/Radishes/GBIF_2026_update_scoring_images/3865092217.jpg,TRUE,copied
3865093273,gbif_previous_download,3865093273.jpg,3865093273.jpg,/Volumes/Radishes/GBIF_phenology_scored_specimen_images/3865093273.jpg,/Volumes/Radishes/GBIF_2026_update_scoring_images/3865093273.jpg,TRUE,copied
3865093275,gbif_previous_download,3865093275.jpg,3865093275.jpg,/Volumes/Radishes/GBIF_phenology_scored_specimen_images/3865093275.jpg,/Volumes/Radishes/GBIF_2026_update_scoring_images/3865093275.jpg,TRUE,copied
3865093276,gbif_previous_download,3865093276.jpg,3865093276.jpg,/Volumes/Radishes/GBIF_phenology_scored_specimen_images/3865093276.jpg,/Volumes/Radishes/GBIF_2026_update_scoring_images/3865093276.jpg,TRUE,copied
3865093277,gbif_previous_download,3865093277.jpg,3865093277.jpg,/Volumes/Radishes/GBIF_phenology_scored_specimen_images/3865093277.jpg,/Volumes/Radishes/GBIF_2026_update_scoring_images/3865093277.jpg,TRUE,copied
3865093278,gbif_previous_download,3865093278.jpg,3865093278.jpg,/Volumes/Radishes/GBIF_phenology_scored_specimen_images/3865093278.jpg,/Volumes/Radishes/GBIF_2026_update_scoring_images/3865093278.jpg,TRUE,copied
3865093279,gbif_previous_download,3865093279.jpg,3865093279.jpg,/Volumes/Radishes/GBIF_phenology_scored_specimen_images/3865093279.jpg,/Volumes/Radishes/GBIF_2026_update_scoring_images/3865093279.jpg,TRUE,copied
3865093280,gbif_previous_download,3865093280.jpg,3865093280.jpg,/Volumes/Radishes/GBIF_phenology_scored_specimen_images/3865093280.jpg,/Volumes/Radishes/GBIF_2026_update_scoring_images/3865093280.jpg,TRUE,copied
3865093281,gbif_previous_download,3865093281.jpg,3865093281.jpg,/Volumes/Radishes/GBIF_phenology_scored_specimen_images/3865093281.jpg,/Volumes/Radishes/GBIF_2026_update_scoring_images/3865093281.jpg,TRUE,copied
3865093282,gbif_previous_download,3865093282.jpg,3865093282.jpg,/Volumes/Radishes/GBIF_phenology_scored_specimen_images/3865093282.jpg,/Volumes/Radishes/GBIF_2026_update_scoring_images/3865093282.jpg,TRUE,copied
3865093283,gbif_previous_download,3865093283.jpg,3865093283.jpg,/Volumes/Radishes/GBIF_phenology_scored_specimen_images/3865093283.jpg,/Volumes/Radishes/GBIF_2026_update_scoring_images/3865093283.jpg,TRUE,copied
3865093284,gbif_previous_download,3865093284.jpg,3865093284.jpg,/Volumes/Radishes/GBIF_phenology_scored_specimen_images/3865093284.jpg,/Volumes/Radishes/GBIF_2026_update_scoring_images/3865093284.jpg,TRUE,copied
3865094232,gbif_previous_download,3865094232.jpg,3865094232.jpg,/Volumes/Radishes/GBIF_phenology_scored_specimen_images/3865094232.jpg,/Volumes/Radishes/GBIF_2026_update_scoring_images/3865094232.jpg,TRUE,copied
3865094233,gbif_previous_download,3865094233.jpg,3865094233.jpg,/Volumes/Radishes/GBIF_phenology_scored_specimen_images/3865094233.jpg,/Volumes/Radishes/GBIF_2026_update_scoring_images/3865094233.jpg,TRUE,copied
3865094236,gbif_previous_download,3865094236.jpg,3865094236.jpg,/Volumes/Radishes/GBIF_phenology_scored_specimen_images/3865094236.jpg,/Volumes/Radishes/GBIF_2026_update_scoring_images/3865094236.jpg,TRUE,copied
3865094237,gbif_previous_download,3865094237.jpg,3865094237.jpg,/Volumes/Radishes/GBIF_phenology_scored_specimen_images/3865094237.jpg,/Volumes/Radishes/GBIF_2026_update_scoring_images/3865094237.jpg,TRUE,copied
3865094238,gbif_previous_download,3865094238.jpg,3865094238.jpg,/Volumes/Radishes/GBIF_phenology_scored_specimen_images/3865094238.jpg,/Volumes/Radishes/GBIF_2026_update_scoring_images/3865094238.jpg,TRUE,copied
3865094239,gbif_previous_download,3865094239.jpg,3865094239.jpg,/Volumes/Radishes/GBIF_phenology_scored_specimen_images/3865094239.jpg,/Volumes/Radishes/GBIF_2026_update_scoring_images/3865094239.jpg,TRUE,copied
3865094240,gbif_previous_download,3865094240.jpg,3865094240.jpg,/Volumes/Radishes/GBIF_phenology_scored_specimen_images/3865094240.jpg,/Volumes/Radishes/GBIF_2026_update_scoring_images/3865094240.jpg,TRUE,copied
3865094241,gbif_previous_download,3865094241.jpg,3865094241.jpg,/Volumes/Radishes/GBIF_phenology_scored_specimen_images/3865094241.jpg,/Volumes/Radishes/GBIF_2026_update_scoring_images/3865094241.jpg,TRUE,copied
3865094242,gbif_previous_download,3865094242.jpg,3865094242.jpg,/Volumes/Radishes/GBIF_phenology_scored_specimen_images/3865094242.jpg,/Volumes/Radishes/GBIF_2026_update_scoring_images/3865094242.jpg,TRUE,copied
3865094243,gbif_previous_download,3865094243.jpg,3865094243.jpg,/Volumes/Radishes/GBIF_phenology_scored_specimen_images/3865094243.jpg,/Volumes/Radishes/GBIF_2026_update_scoring_images/3865094243.jpg,TRUE,copied
3865094244,gbif_previous_download,3865094244.jpg,3865094244.jpg,/Volumes/Radishes/GBIF_phenology_scored_specimen_images/3865094244.jpg,/Volumes/Radishes/GBIF_2026_update_scoring_images/3865094244.jpg,TRUE,copied
3865096285,gbif_previous_download,3865096285.jpg,3865096285.jpg,/Volumes/Radishes/GBIF_phenology_scored_specimen_images/3865096285.jpg,/Volumes/Radishes/GBIF_2026_update_scoring_images/3865096285.jpg,TRUE,copied
3865096286,gbif_previous_download,3865096286.jpg,3865096286.jpg,/Volumes/Radishes/GBIF_phenology_scored_specimen_images/3865096286.jpg,/Volumes/Radishes/GBIF_2026_update_scoring_images/3865096286.jpg,TRUE,copied
3865096289,gbif_previous_download,3865096289.jpg,3865096289.jpg,/Volumes/Radishes/GBIF_phenology_scored_specimen_images/3865096289.jpg,/Volumes/Radishes/GBIF_2026_update_scoring_images/3865096289.jpg,TRUE,copied
3865096290,gbif_previous_download,3865096290.jpg,3865096290.jpg,/Volumes/Radishes/GBIF_phenology_scored_specimen_images/3865096290.jpg,/Volumes/Radishes/GBIF_2026_update_scoring_images/3865096290.jpg,TRUE,copied
3865096291,gbif_previous_download,3865096291.jpg,3865096291.jpg,/Volumes/Radishes/GBIF_phenology_scored_specimen_images/3865096291.jpg,/Volumes/Radishes/GBIF_2026_update_scoring_images/3865096291.jpg,TRUE,copied
3865096292,gbif_previous_download,3865096292.jpg,3865096292.jpg,/Volumes/Radishes/GBIF_phenology_scored_specimen_images/3865096292.jpg,/Volumes/Radishes/GBIF_2026_update_scoring_images/3865096292.jpg,TRUE,copied
3865096293,gbif_previous_download,3865096293.jpg,3865096293.jpg,/Volumes/Radishes/GBIF_phenology_scored_specimen_images/3865096293.jpg,/Volumes/Radishes/GBIF_2026_update_scoring_images/3865096293.jpg,TRUE,copied
3865096294,gbif_previous_download,3865096294.jpg,3865096294.jpg,/Volumes/Radishes/GBIF_phenology_scored_specimen_images/3865096294.jpg,/Volumes/Radishes/GBIF_2026_update_scoring_images/3865096294.jpg,TRUE,copied
3865096295,gbif_previous_download,3865096295.jpg,3865096295.jpg,/Volumes/Radishes/GBIF_phenology_scored_specimen_images/3865096295.jpg,/Volumes/Radishes/GBIF_2026_update_scoring_images/3865096295.jpg,TRUE,copied
3865096296,gbif_previous_download,3865096296.jpg,3865096296.jpg,/Volumes/Radishes/GBIF_phenology_scored_specimen_images/3865096296.jpg,/Volumes/Radishes/GBIF_2026_update_scoring_images/3865096296.jpg,TRUE,copied
3865096297,gbif_previous_download,3865096297.jpg,3865096297.jpg,/Volumes/Radishes/GBIF_phenology_scored_specimen_images/3865096297.jpg,/Volumes/Radishes/GBIF_2026_update_scoring_images/3865096297.jpg,TRUE,copied
3865096298,gbif_previous_download,3865096298.jpg,3865096298.jpg,/Volumes/Radishes/GBIF_phenology_scored_specimen_images/3865096298.jpg,/Volumes/Radishes/GBIF_2026_update_scoring_images/3865096298.jpg,TRUE,copied
3865097237,gbif_previous_download,3865097237.jpg,3865097237.jpg,/Volumes/Radishes/GBIF_phenology_scored_specimen_images/3865097237.jpg,/Volumes/Radishes/GBIF_2026_update_scoring_images/3865097237.jpg,TRUE,copied
3865097238,gbif_previous_download,3865097238.jpg,3865097238.jpg,/Volumes/Radishes/GBIF_phenology_scored_specimen_images/3865097238.jpg,/Volumes/Radishes/GBIF_2026_update_scoring_images/3865097238.jpg,TRUE,copied
3865097241,gbif_previous_download,3865097241.jpg,3865097241.jpg,/Volumes/Radishes/GBIF_phenology_scored_specimen_images/3865097241.jpg,/Volumes/Radishes/GBIF_2026_update_scoring_images/3865097241.jpg,TRUE,copied
3865097242,gbif_previous_download,3865097242.jpg,3865097242.jpg,/Volumes/Radishes/GBIF_phenology_scored_specimen_images/3865097242.jpg,/Volumes/Radishes/GBIF_2026_update_scoring_images/3865097242.jpg,TRUE,copied
3865097243,gbif_previous_download,3865097243.jpg,3865097243.jpg,/Volumes/Radishes/GBIF_phenology_scored_specimen_images/3865097243.jpg,/Volumes/Radishes/GBIF_2026_update_scoring_images/3865097243.jpg,TRUE,copied
3865097244,gbif_previous_download,3865097244.jpg,3865097244.jpg,/Volumes/Radishes/GBIF_phenology_scored_specimen_images/3865097244.jpg,/Volumes/Radishes/GBIF_2026_update_scoring_images/3865097244.jpg,TRUE,copied
3865097245,gbif_previous_download,3865097245.jpg,3865097245.jpg,/Volumes/Radishes/GBIF_phenology_scored_specimen_images/3865097245.jpg,/Volumes/Radishes/GBIF_2026_update_scoring_images/3865097245.jpg,TRUE,copied
3865097246,gbif_previous_download,3865097246.jpg,3865097246.jpg,/Volumes/Radishes/GBIF_phenology_scored_specimen_images/3865097246.jpg,/Volumes/Radishes/GBIF_2026_update_scoring_images/3865097246.jpg,TRUE,copied
3865097247,gbif_previous_download,3865097247.jpg,3865097247.jpg,/Volumes/Radishes/GBIF_phenology_scored_specimen_images/3865097247.jpg,/Volumes/Radishes/GBIF_2026_update_scoring_images/3865097247.jpg,TRUE,copied
3865097248,gbif_previous_download,3865097248.jpg,3865097248.jpg,/Volumes/Radishes/GBIF_phenology_scored_specimen_images/3865097248.jpg,/Volumes/Radishes/GBIF_2026_update_scoring_images/3865097248.jpg,TRUE,copied
3865097249,gbif_previous_download,3865097249.jpg,3865097249.jpg,/Volumes/Radishes/GBIF_phenology_scored_specimen_images/3865097249.jpg,/Volumes/Radishes/GBIF_2026_update_scoring_images/3865097249.jpg,TRUE,copied
3865101224,gbif_previous_download,3865101224.jpg,3865101224.jpg,/Volumes/Radishes/GBIF_phenology_scored_specimen_images/3865101224.jpg,/Volumes/Radishes/GBIF_2026_update_scoring_images/3865101224.jpg,TRUE,copied
3865101225,gbif_previous_download,3865101225.jpg,3865101225.jpg,/Volumes/Radishes/GBIF_phenology_scored_specimen_images/3865101225.jpg,/Volumes/Radishes/GBIF_2026_update_scoring_images/3865101225.jpg,TRUE,copied
3865101228,gbif_previous_download,3865101228.jpg,3865101228.jpg,/Volumes/Radishes/GBIF_phenology_scored_specimen_images/3865101228.jpg,/Volumes/Radishes/GBIF_2026_update_scoring_images/3865101228.jpg,TRUE,copied
3865101229,gbif_previous_download,3865101229.jpg,3865101229.jpg,/Volumes/Radishes/GBIF_phenology_scored_specimen_images/3865101229.jpg,/Volumes/Radishes/GBIF_2026_update_scoring_images/3865101229.jpg,TRUE,copied
3865101230,gbif_previous_download,3865101230.jpg,3865101230.jpg,/Volumes/Radishes/GBIF_phenology_scored_specimen_images/3865101230.jpg,/Volumes/Radishes/GBIF_2026_update_scoring_images/3865101230.jpg,TRUE,copied
3865101231,gbif_previous_download,3865101231.jpg,3865101231.jpg,/Volumes/Radishes/GBIF_phenology_scored_specimen_images/3865101231.jpg,/Volumes/Radishes/GBIF_2026_update_scoring_images/3865101231.jpg,TRUE,copied
3865101232,gbif_previous_download,3865101232.jpg,3865101232.jpg,/Volumes/Radishes/GBIF_phenology_scored_specimen_images/3865101232.jpg,/Volumes/Radishes/GBIF_2026_update_scoring_images/3865101232.jpg,TRUE,copied
3865101233,gbif_previous_download,3865101233.jpg,3865101233.jpg,/Volumes/Radishes/GBIF_phenology_scored_specimen_images/3865101233.jpg,/Volumes/Radishes/GBIF_2026_update_scoring_images/3865101233.jpg,TRUE,copied
3865101234,gbif_previous_download,3865101234.jpg,3865101234.jpg,/Volumes/Radishes/GBIF_phenology_scored_specimen_images/3865101234.jpg,/Volumes/Radishes/GBIF_2026_update_scoring_images/3865101234.jpg,TRUE,copied
3865101235,gbif_previous_download,3865101235.jpg,3865101235.jpg,/Volumes/Radishes/GBIF_phenology_scored_specimen_images/3865101235.jpg,/Volumes/Radishes/GBIF_2026_update_scoring_images/3865101235.jpg,TRUE,copied
3865101236,gbif_previous_download,3865101236.jpg,3865101236.jpg,/Volumes/Radishes/GBIF_phenology_scored_specimen_images/3865101236.jpg,/Volumes/Radishes/GBIF_2026_update_scoring_images/3865101236.jpg,TRUE,copied
3865104311,gbif_previous_download,3865104311.jpg,3865104311.jpg,/Volumes/Radishes/GBIF_phenology_scored_specimen_images/3865104311.jpg,/Volumes/Radishes/GBIF_2026_update_scoring_images/3865104311.jpg,TRUE,copied
3865104313,gbif_previous_download,3865104313.jpg,3865104313.jpg,/Volumes/Radishes/GBIF_phenology_scored_specimen_images/3865104313.jpg,/Volumes/Radishes/GBIF_2026_update_scoring_images/3865104313.jpg,TRUE,copied
3865104314,gbif_previous_download,3865104314.jpg,3865104314.jpg,/Volumes/Radishes/GBIF_phenology_scored_specimen_images/3865104314.jpg,/Volumes/Radishes/GBIF_2026_update_scoring_images/3865104314.jpg,TRUE,copied
3865104315,gbif_previous_download,3865104315.jpg,3865104315.jpg,/Volumes/Radishes/GBIF_phenology_scored_specimen_images/3865104315.jpg,/Volumes/Radishes/GBIF_2026_update_scoring_images/3865104315.jpg,TRUE,copied
3865104316,gbif_previous_download,3865104316.jpg,3865104316.jpg,/Volumes/Radishes/GBIF_phenology_scored_specimen_images/3865104316.jpg,/Volumes/Radishes/GBIF_2026_update_scoring_images/3865104316.jpg,TRUE,copied
3865104317,gbif_previous_download,3865104317.jpg,3865104317.jpg,/Volumes/Radishes/GBIF_phenology_scored_specimen_images/3865104317.jpg,/Volumes/Radishes/GBIF_2026_update_scoring_images/3865104317.jpg,TRUE,copied
3865104318,gbif_previous_download,3865104318.jpg,3865104318.jpg,/Volumes/Radishes/GBIF_phenology_scored_specimen_images/3865104318.jpg,/Volumes/Radishes/GBIF_2026_update_scoring_images/3865104318.jpg,TRUE,copied
3865104319,gbif_previous_download,3865104319.jpg,3865104319.jpg,/Volumes/Radishes/GBIF_phenology_scored_specimen_images/3865104319.jpg,/Volumes/Radishes/GBIF_2026_update_scoring_images/3865104319.jpg,TRUE,copied
3865104320,gbif_previous_download,3865104320.jpg,3865104320.jpg,/Volumes/Radishes/GBIF_phenology_scored_specimen_images/3865104320.jpg,/Volumes/Radishes/GBIF_2026_update_scoring_images/3865104320.jpg,TRUE,copied
3865104321,gbif_previous_download,3865104321.jpg,3865104321.jpg,/Volumes/Radishes/GBIF_phenology_scored_specimen_images/3865104321.jpg,/Volumes/Radishes/GBIF_2026_update_scoring_images/3865104321.jpg,TRUE,copied
3865104322,gbif_previous_download,3865104322.jpg,3865104322.jpg,/Volumes/Radishes/GBIF_phenology_scored_specimen_images/3865104322.jpg,/Volumes/Radishes/GBIF_2026_update_scoring_images/3865104322.jpg,TRUE,copied
3865107318,gbif_previous_download,3865107318.jpg,3865107318.jpg,/Volumes/Radishes/GBIF_phenology_scored_specimen_images/3865107318.jpg,/Volumes/Radishes/GBIF_2026_update_scoring_images/3865107318.jpg,TRUE,copied
3865107319,gbif_previous_download,3865107319.jpg,3865107319.jpg,/Volumes/Radishes/GBIF_phenology_scored_specimen_images/3865107319.jpg,/Volumes/Radishes/GBIF_2026_update_scoring_images/3865107319.jpg,TRUE,copied
3865107321,gbif_previous_download,3865107321.jpg,3865107321.jpg,/Volumes/Radishes/GBIF_phenology_scored_specimen_images/3865107321.jpg,/Volumes/Radishes/GBIF_2026_update_scoring_images/3865107321.jpg,TRUE,copied
3865107322,gbif_previous_download,3865107322.jpg,3865107322.jpg,/Volumes/Radishes/GBIF_phenology_scored_specimen_images/3865107322.jpg,/Volumes/Radishes/GBIF_2026_update_scoring_images/3865107322.jpg,TRUE,copied
3865107323,gbif_previous_download,3865107323.jpg,3865107323.jpg,/Volumes/Radishes/GBIF_phenology_scored_specimen_images/3865107323.jpg,/Volumes/Radishes/GBIF_2026_update_scoring_images/3865107323.jpg,TRUE,copied
3865107324,gbif_previous_download,3865107324.jpg,3865107324.jpg,/Volumes/Radishes/GBIF_phenology_scored_specimen_images/3865107324.jpg,/Volumes/Radishes/GBIF_2026_update_scoring_images/3865107324.jpg,TRUE,copied
3865107325,gbif_previous_download,3865107325.jpg,3865107325.jpg,/Volumes/Radishes/GBIF_phenology_scored_specimen_images/3865107325.jpg,/Volumes/Radishes/GBIF_2026_update_scoring_images/3865107325.jpg,TRUE,copied
3865107326,gbif_previous_download,3865107326.jpg,3865107326.jpg,/Volumes/Radishes/GBIF_phenology_scored_specimen_images/3865107326.jpg,/Volumes/Radishes/GBIF_2026_update_scoring_images/3865107326.jpg,TRUE,copied
3865107327,gbif_previous_download,3865107327.jpg,3865107327.jpg,/Volumes/Radishes/GBIF_phenology_scored_specimen_images/3865107327.jpg,/Volumes/Radishes/GBIF_2026_update_scoring_images/3865107327.jpg,TRUE,copied
3865107328,gbif_previous_download,3865107328.jpg,3865107328.jpg,/Volumes/Radishes/GBIF_phenology_scored_specimen_images/3865107328.jpg,/Volumes/Radishes/GBIF_2026_update_scoring_images/3865107328.jpg,TRUE,copied
3865107329,gbif_previous_download,3865107329.jpg,3865107329.jpg,/Volumes/Radishes/GBIF_phenology_scored_specimen_images/3865107329.jpg,/Volumes/Radishes/GBIF_2026_update_scoring_images/3865107329.jpg,TRUE,copied
3865107330,gbif_previous_download,3865107330.jpg,3865107330.jpg,/Volumes/Radishes/GBIF_phenology_scored_specimen_images/3865107330.jpg,/Volumes/Radishes/GBIF_2026_update_scoring_images/3865107330.jpg,TRUE,copied
3865108366,gbif_previous_download,3865108366.jpg,3865108366.jpg,/Volumes/Radishes/GBIF_phenology_scored_specimen_images/3865108366.jpg,/Volumes/Radishes/GBIF_2026_update_scoring_images/3865108366.jpg,TRUE,copied
3865108367,gbif_previous_download,3865108367.jpg,3865108367.jpg,/Volumes/Radishes/GBIF_phenology_scored_specimen_images/3865108367.jpg,/Volumes/Radishes/GBIF_2026_update_scoring_images/3865108367.jpg,TRUE,copied
3865108369,gbif_previous_download,3865108369.jpg,3865108369.jpg,/Volumes/Radishes/GBIF_phenology_scored_specimen_images/3865108369.jpg,/Volumes/Radishes/GBIF_2026_update_scoring_images/3865108369.jpg,TRUE,copied
3865108370,gbif_previous_download,3865108370.jpg,3865108370.jpg,/Volumes/Radishes/GBIF_phenology_scored_specimen_images/3865108370.jpg,/Volumes/Radishes/GBIF_2026_update_scoring_images/3865108370.jpg,TRUE,copied
3865108371,gbif_previous_download,3865108371.jpg,3865108371.jpg,/Volumes/Radishes/GBIF_phenology_scored_specimen_images/3865108371.jpg,/Volumes/Radishes/GBIF_2026_update_scoring_images/3865108371.jpg,TRUE,copied
3865108372,gbif_previous_download,3865108372.jpg,3865108372.jpg,/Volumes/Radishes/GBIF_phenology_scored_specimen_images/3865108372.jpg,/Volumes/Radishes/GBIF_2026_update_scoring_images/3865108372.jpg,TRUE,copied
3865108373,gbif_previous_download,3865108373.jpg,3865108373.jpg,/Volumes/Radishes/GBIF_phenology_scored_specimen_images/3865108373.jpg,/Volumes/Radishes/GBIF_2026_update_scoring_images/3865108373.jpg,TRUE,copied
3865108374,gbif_previous_download,3865108374.jpg,3865108374.jpg,/Volumes/Radishes/GBIF_phenology_scored_specimen_images/3865108374.jpg,/Volumes/Radishes/GBIF_2026_update_scoring_images/3865108374.jpg,TRUE,copied
3865108375,gbif_previous_download,3865108375.jpg,3865108375.jpg,/Volumes/Radishes/GBIF_phenology_scored_specimen_images/3865108375.jpg,/Volumes/Radishes/GBIF_2026_update_scoring_images/3865108375.jpg,TRUE,copied
3865108376,gbif_previous_download,3865108376.jpg,3865108376.jpg,/Volumes/Radishes/GBIF_phenology_scored_specimen_images/3865108376.jpg,/Volumes/Radishes/GBIF_2026_update_scoring_images/3865108376.jpg,TRUE,copied
3865108377,gbif_previous_download,3865108377.jpg,3865108377.jpg,/Volumes/Radishes/GBIF_phenology_scored_specimen_images/3865108377.jpg,/Volumes/Radishes/GBIF_2026_update_scoring_images/3865108377.jpg,TRUE,copied
3865108378,gbif_previous_download,3865108378.jpg,3865108378.jpg,/Volumes/Radishes/GBIF_phenology_scored_specimen_images/3865108378.jpg,/Volumes/Radishes/GBIF_2026_update_scoring_images/3865108378.jpg,TRUE,copied
3865108379,gbif_previous_download,3865108379.jpg,3865108379.jpg,/Volumes/Radishes/GBIF_phenology_scored_specimen_images/3865108379.jpg,/Volumes/Radishes/GBIF_2026_update_scoring_images/3865108379.jpg,TRUE,copied
3865109354,gbif_previous_download,3865109354.jpg,3865109354.jpg,/Volumes/Radishes/GBIF_phenology_scored_specimen_images/3865109354.jpg,/Volumes/Radishes/GBIF_2026_update_scoring_images/3865109354.jpg,TRUE,copied
3865109355,gbif_previous_download,3865109355.jpg,3865109355.jpg,/Volumes/Radishes/GBIF_phenology_scored_specimen_images/3865109355.jpg,/Volumes/Radishes/GBIF_2026_update_scoring_images/3865109355.jpg,TRUE,copied
3865109357,gbif_previous_download,3865109357.jpg,3865109357.jpg,/Volumes/Radishes/GBIF_phenology_scored_specimen_images/3865109357.jpg,/Volumes/Radishes/GBIF_2026_update_scoring_images/3865109357.jpg,TRUE,copied
3865109358,gbif_previous_download,3865109358.jpg,3865109358.jpg,/Volumes/Radishes/GBIF_phenology_scored_specimen_images/3865109358.jpg,/Volumes/Radishes/GBIF_2026_update_scoring_images/3865109358.jpg,TRUE,copied
3865109359,gbif_previous_download,3865109359.jpg,3865109359.jpg,/Volumes/Radishes/GBIF_phenology_scored_specimen_images/3865109359.jpg,/Volumes/Radishes/GBIF_2026_update_scoring_images/3865109359.jpg,TRUE,copied
3865109360,gbif_previous_download,3865109360.jpg,3865109360.jpg,/Volumes/Radishes/GBIF_phenology_scored_specimen_images/3865109360.jpg,/Volumes/Radishes/GBIF_2026_update_scoring_images/3865109360.jpg,TRUE,copied
3865109361,gbif_previous_download,3865109361.jpg,3865109361.jpg,/Volumes/Radishes/GBIF_phenology_scored_specimen_images/3865109361.jpg,/Volumes/Radishes/GBIF_2026_update_scoring_images/3865109361.jpg,TRUE,copied
3865109362,gbif_previous_download,3865109362.jpg,3865109362.jpg,/Volumes/Radishes/GBIF_phenology_scored_specimen_images/3865109362.jpg,/Volumes/Radishes/GBIF_2026_update_scoring_images/3865109362.jpg,TRUE,copied
3865109363,gbif_previous_download,3865109363.jpg,3865109363.jpg,/Volumes/Radishes/GBIF_phenology_scored_specimen_images/3865109363.jpg,/Volumes/Radishes/GBIF_2026_update_scoring_images/3865109363.jpg,TRUE,copied
3865109364,gbif_previous_download,3865109364.jpg,3865109364.jpg,/Volumes/Radishes/GBIF_phenology_scored_specimen_images/3865109364.jpg,/Volumes/Radishes/GBIF_2026_update_scoring_images/3865109364.jpg,TRUE,copied
3865109365,gbif_previous_download,3865109365.jpg,3865109365.jpg,/Volumes/Radishes/GBIF_phenology_scored_specimen_images/3865109365.jpg,/Volumes/Radishes/GBIF_2026_update_scoring_images/3865109365.jpg,TRUE,copied
3865109366,gbif_previous_download,3865109366.jpg,3865109366.jpg,/Volumes/Radishes/GBIF_phenology_scored_specimen_images/3865109366.jpg,/Volumes/Radishes/GBIF_2026_update_scoring_images/3865109366.jpg,TRUE,copied
3865362255,gbif_previous_download,3865362255.jpg,3865362255.jpg,/Volumes/Radishes/GBIF_phenology_scored_specimen_images/3865362255.jpg,/Volumes/Radishes/GBIF_2026_update_scoring_images/3865362255.jpg,TRUE,copied
3865362256,gbif_previous_download,3865362256.jpg,3865362256.jpg,/Volumes/Radishes/GBIF_phenology_scored_specimen_images/3865362256.jpg,/Volumes/Radishes/GBIF_2026_update_scoring_images/3865362256.jpg,TRUE,copied
3865362259,gbif_previous_download,3865362259.jpg,3865362259.jpg,/Volumes/Radishes/GBIF_phenology_scored_specimen_images/3865362259.jpg,/Volumes/Radishes/GBIF_2026_update_scoring_images/3865362259.jpg,TRUE,copied
3865362260,gbif_previous_download,3865362260.jpg,3865362260.jpg,/Volumes/Radishes/GBIF_phenology_scored_specimen_images/3865362260.jpg,/Volumes/Radishes/GBIF_2026_update_scoring_images/3865362260.jpg,TRUE,copied
3865362261,gbif_previous_download,3865362261.jpg,3865362261.jpg,/Volumes/Radishes/GBIF_phenology_scored_specimen_images/3865362261.jpg,/Volumes/Radishes/GBIF_2026_update_scoring_images/3865362261.jpg,TRUE,copied
3865362262,gbif_previous_download,3865362262.jpg,3865362262.jpg,/Volumes/Radishes/GBIF_phenology_scored_specimen_images/3865362262.jpg,/Volumes/Radishes/GBIF_2026_update_scoring_images/3865362262.jpg,TRUE,copied
3865362264,gbif_previous_download,3865362264.jpg,3865362264.jpg,/Volumes/Radishes/GBIF_phenology_scored_specimen_images/3865362264.jpg,/Volumes/Radishes/GBIF_2026_update_scoring_images/3865362264.jpg,TRUE,copied
3865362265,gbif_previous_download,3865362265.jpg,3865362265.jpg,/Volumes/Radishes/GBIF_phenology_scored_specimen_images/3865362265.jpg,/Volumes/Radishes/GBIF_2026_update_scoring_images/3865362265.jpg,TRUE,copied
3865362266,gbif_previous_download,3865362266.jpg,3865362266.jpg,/Volumes/Radishes/GBIF_phenology_scored_specimen_images/3865362266.jpg,/Volumes/Radishes/GBIF_2026_update_scoring_images/3865362266.jpg,TRUE,copied
3865362267,gbif_previous_download,3865362267.jpg,3865362267.jpg,/Volumes/Radishes/GBIF_phenology_scored_specimen_images/3865362267.jpg,/Volumes/Radishes/GBIF_2026_update_scoring_images/3865362267.jpg,TRUE,copied
3865362268,gbif_previous_download,3865362268.jpg,3865362268.jpg,/Volumes/Radishes/GBIF_phenology_scored_specimen_images/3865362268.jpg,/Volumes/Radishes/GBIF_2026_update_scoring_images/3865362268.jpg,TRUE,copied
3865362269,gbif_previous_download,3865362269.jpg,3865362269.jpg,/Volumes/Radishes/GBIF_phenology_scored_specimen_images/3865362269.jpg,/Volumes/Radishes/GBIF_2026_update_scoring_images/3865362269.jpg,TRUE,copied
3865363244,gbif_previous_download,3865363244.jpg,3865363244.jpg,/Volumes/Radishes/GBIF_phenology_scored_specimen_images/3865363244.jpg,/Volumes/Radishes/GBIF_2026_update_scoring_images/3865363244.jpg,TRUE,copied
3865363247,gbif_previous_download,3865363247.jpg,3865363247.jpg,/Volumes/Radishes/GBIF_phenology_scored_specimen_images/3865363247.jpg,/Volumes/Radishes/GBIF_2026_update_scoring_images/3865363247.jpg,TRUE,copied
3865363248,gbif_previous_download,3865363248.jpg,3865363248.jpg,/Volumes/Radishes/GBIF_phenology_scored_specimen_images/3865363248.jpg,/Volumes/Radishes/GBIF_2026_update_scoring_images/3865363248.jpg,TRUE,copied
3865363249,gbif_previous_download,3865363249.jpg,3865363249.jpg,/Volumes/Radishes/GBIF_phenology_scored_specimen_images/3865363249.jpg,/Volumes/Radishes/GBIF_2026_update_scoring_images/3865363249.jpg,TRUE,copied
3865363250,gbif_previous_download,3865363250.jpg,3865363250.jpg,/Volumes/Radishes/GBIF_phenology_scored_specimen_images/3865363250.jpg,/Volumes/Radishes/GBIF_2026_update_scoring_images/3865363250.jpg,TRUE,copied
3865363251,gbif_previous_download,3865363251.jpg,3865363251.jpg,/Volumes/Radishes/GBIF_phenology_scored_specimen_images/3865363251.jpg,/Volumes/Radishes/GBIF_2026_update_scoring_images/3865363251.jpg,TRUE,copied
3865363252,gbif_previous_download,3865363252.jpg,3865363252.jpg,/Volumes/Radishes/GBIF_phenology_scored_specimen_images/3865363252.jpg,/Volumes/Radishes/GBIF_2026_update_scoring_images/3865363252.jpg,TRUE,copied
3865363253,gbif_previous_download,3865363253.jpg,3865363253.jpg,/Volumes/Radishes/GBIF_phenology_scored_specimen_images/3865363253.jpg,/Volumes/Radishes/GBIF_2026_update_scoring_images/3865363253.jpg,TRUE,copied
3865363254,gbif_previous_download,3865363254.jpg,3865363254.jpg,/Volumes/Radishes/GBIF_phenology_scored_specimen_images/3865363254.jpg,/Volumes/Radishes/GBIF_2026_update_scoring_images/3865363254.jpg,TRUE,copied
3865363255,gbif_previous_download,3865363255.jpg,3865363255.jpg,/Volumes/Radishes/GBIF_phenology_scored_specimen_images/3865363255.jpg,/Volumes/Radishes/GBIF_2026_update_scoring_images/3865363255.jpg,TRUE,copied
3865363256,gbif_previous_download,3865363256.jpg,3865363256.jpg,/Volumes/Radishes/GBIF_phenology_scored_specimen_images/3865363256.jpg,/Volumes/Radishes/GBIF_2026_update_scoring_images/3865363256.jpg,TRUE,copied
3865364291,gbif_previous_download,3865364291.jpg,3865364291.jpg,/Volumes/Radishes/GBIF_phenology_scored_specimen_images/3865364291.jpg,/Volumes/Radishes/GBIF_2026_update_scoring_images/3865364291.jpg,TRUE,copied
3865364292,gbif_previous_download,3865364292.jpg,3865364292.jpg,/Volumes/Radishes/GBIF_phenology_scored_specimen_images/3865364292.jpg,/Volumes/Radishes/GBIF_2026_update_scoring_images/3865364292.jpg,TRUE,copied
3865364294,gbif_previous_download,3865364294.jpg,3865364294.jpg,/Volumes/Radishes/GBIF_phenology_scored_specimen_images/3865364294.jpg,/Volumes/Radishes/GBIF_2026_update_scoring_images/3865364294.jpg,TRUE,copied
3865364295,gbif_previous_download,3865364295.jpg,3865364295.jpg,/Volumes/Radishes/GBIF_phenology_scored_specimen_images/3865364295.jpg,/Volumes/Radishes/GBIF_2026_update_scoring_images/3865364295.jpg,TRUE,copied
3865364296,gbif_previous_download,3865364296.jpg,3865364296.jpg,/Volumes/Radishes/GBIF_phenology_scored_specimen_images/3865364296.jpg,/Volumes/Radishes/GBIF_2026_update_scoring_images/3865364296.jpg,TRUE,copied
3865364297,gbif_previous_download,3865364297.jpg,3865364297.jpg,/Volumes/Radishes/GBIF_phenology_scored_specimen_images/3865364297.jpg,/Volumes/Radishes/GBIF_2026_update_scoring_images/3865364297.jpg,TRUE,copied
3865364298,gbif_previous_download,3865364298.jpg,3865364298.jpg,/Volumes/Radishes/GBIF_phenology_scored_specimen_images/3865364298.jpg,/Volumes/Radishes/GBIF_2026_update_scoring_images/3865364298.jpg,TRUE,copied
3865364299,gbif_previous_download,3865364299.jpg,3865364299.jpg,/Volumes/Radishes/GBIF_phenology_scored_specimen_images/3865364299.jpg,/Volumes/Radishes/GBIF_2026_update_scoring_images/3865364299.jpg,TRUE,copied
3865364300,gbif_previous_download,3865364300.jpg,3865364300.jpg,/Volumes/Radishes/GBIF_phenology_scored_specimen_images/3865364300.jpg,/Volumes/Radishes/GBIF_2026_update_scoring_images/3865364300.jpg,TRUE,copied
3865368295,gbif_previous_download,3865368295.jpg,3865368295.jpg,/Volumes/Radishes/GBIF_phenology_scored_specimen_images/3865368295.jpg,/Volumes/Radishes/GBIF_2026_update_scoring_images/3865368295.jpg,TRUE,copied
3865368296,gbif_previous_download,3865368296.jpg,3865368296.jpg,/Volumes/Radishes/GBIF_phenology_scored_specimen_images/3865368296.jpg,/Volumes/Radishes/GBIF_2026_update_scoring_images/3865368296.jpg,TRUE,copied
3865368299,gbif_previous_download,3865368299.jpg,3865368299.jpg,/Volumes/Radishes/GBIF_phenology_scored_specimen_images/3865368299.jpg,/Volumes/Radishes/GBIF_2026_update_scoring_images/3865368299.jpg,TRUE,copied
3865368300,gbif_previous_download,3865368300.jpg,3865368300.jpg,/Volumes/Radishes/GBIF_phenology_scored_specimen_images/3865368300.jpg,/Volumes/Radishes/GBIF_2026_update_scoring_images/3865368300.jpg,TRUE,copied
3865373301,gbif_previous_download,3865373301.jpg,3865373301.jpg,/Volumes/Radishes/GBIF_phenology_scored_specimen_images/3865373301.jpg,/Volumes/Radishes/GBIF_2026_update_scoring_images/3865373301.jpg,TRUE,copied
3865373302,gbif_previous_download,3865373302.jpg,3865373302.jpg,/Volumes/Radishes/GBIF_phenology_scored_specimen_images/3865373302.jpg,/Volumes/Radishes/GBIF_2026_update_scoring_images/3865373302.jpg,TRUE,copied
3865373303,gbif_previous_download,3865373303.jpg,3865373303.jpg,/Volumes/Radishes/GBIF_phenology_scored_specimen_images/3865373303.jpg,/Volumes/Radishes/GBIF_2026_update_scoring_images/3865373303.jpg,TRUE,copied
3865373304,gbif_previous_download,3865373304.jpg,3865373304.jpg,/Volumes/Radishes/GBIF_phenology_scored_specimen_images/3865373304.jpg,/Volumes/Radishes/GBIF_2026_update_scoring_images/3865373304.jpg,TRUE,copied
3865374367,gbif_previous_download,3865374367.jpg,3865374367.jpg,/Volumes/Radishes/GBIF_phenology_scored_specimen_images/3865374367.jpg,/Volumes/Radishes/GBIF_2026_update_scoring_images/3865374367.jpg,TRUE,copied
3865374368,gbif_previous_download,3865374368.jpg,3865374368.jpg,/Volumes/Radishes/GBIF_phenology_scored_specimen_images/3865374368.jpg,/Volumes/Radishes/GBIF_2026_update_scoring_images/3865374368.jpg,TRUE,copied
3865374371,gbif_previous_download,3865374371.jpg,3865374371.jpg,/Volumes/Radishes/GBIF_phenology_scored_specimen_images/3865374371.jpg,/Volumes/Radishes/GBIF_2026_update_scoring_images/3865374371.jpg,TRUE,copied
3865374372,gbif_previous_download,3865374372.jpg,3865374372.jpg,/Volumes/Radishes/GBIF_phenology_scored_specimen_images/3865374372.jpg,/Volumes/Radishes/GBIF_2026_update_scoring_images/3865374372.jpg,TRUE,copied
3865374373,gbif_previous_download,3865374373.jpg,3865374373.jpg,/Volumes/Radishes/GBIF_phenology_scored_specimen_images/3865374373.jpg,/Volumes/Radishes/GBIF_2026_update_scoring_images/3865374373.jpg,TRUE,copied
3865374374,gbif_previous_download,3865374374.jpg,3865374374.jpg,/Volumes/Radishes/GBIF_phenology_scored_specimen_images/3865374374.jpg,/Volumes/Radishes/GBIF_2026_update_scoring_images/3865374374.jpg,TRUE,copied
3865374375,gbif_previous_download,3865374375.jpg,3865374375.jpg,/Volumes/Radishes/GBIF_phenology_scored_specimen_images/3865374375.jpg,/Volumes/Radishes/GBIF_2026_update_scoring_images/3865374375.jpg,TRUE,copied
3865374376,gbif_previous_download,3865374376.jpg,3865374376.jpg,/Volumes/Radishes/GBIF_phenology_scored_specimen_images/3865374376.jpg,/Volumes/Radishes/GBIF_2026_update_scoring_images/3865374376.jpg,TRUE,copied
3865374377,gbif_previous_download,3865374377.jpg,3865374377.jpg,/Volumes/Radishes/GBIF_phenology_scored_specimen_images/3865374377.jpg,/Volumes/Radishes/GBIF_2026_update_scoring_images/3865374377.jpg,TRUE,copied
3865374378,gbif_previous_download,3865374378.jpg,3865374378.jpg,/Volumes/Radishes/GBIF_phenology_scored_specimen_images/3865374378.jpg,/Volumes/Radishes/GBIF_2026_update_scoring_images/3865374378.jpg,TRUE,copied
3865374379,gbif_previous_download,3865374379.jpg,3865374379.jpg,/Volumes/Radishes/GBIF_phenology_scored_specimen_images/3865374379.jpg,/Volumes/Radishes/GBIF_2026_update_scoring_images/3865374379.jpg,TRUE,copied
3865374380,gbif_previous_download,3865374380.jpg,3865374380.jpg,/Volumes/Radishes/GBIF_phenology_scored_specimen_images/3865374380.jpg,/Volumes/Radishes/GBIF_2026_update_scoring_images/3865374380.jpg,TRUE,copied
3865374381,gbif_previous_download,3865374381.jpg,3865374381.jpg,/Volumes/Radishes/GBIF_phenology_scored_specimen_images/3865374381.jpg,/Volumes/Radishes/GBIF_2026_update_scoring_images/3865374381.jpg,TRUE,copied
3865375336,gbif_previous_download,3865375336.jpg,3865375336.jpg,/Volumes/Radishes/GBIF_phenology_scored_specimen_images/3865375336.jpg,/Volumes/Radishes/GBIF_2026_update_scoring_images/3865375336.jpg,TRUE,copied
3865375337,gbif_previous_download,3865375337.jpg,3865375337.jpg,/Volumes/Radishes/GBIF_phenology_scored_specimen_images/3865375337.jpg,/Volumes/Radishes/GBIF_2026_update_scoring_images/3865375337.jpg,TRUE,copied
3865375340,gbif_previous_download,3865375340.jpg,3865375340.jpg,/Volumes/Radishes/GBIF_phenology_scored_specimen_images/3865375340.jpg,/Volumes/Radishes/GBIF_2026_update_scoring_images/3865375340.jpg,TRUE,copied
3865375341,gbif_previous_download,3865375341.jpg,3865375341.jpg,/Volumes/Radishes/GBIF_phenology_scored_specimen_images/3865375341.jpg,/Volumes/Radishes/GBIF_2026_update_scoring_images/3865375341.jpg,TRUE,copied
3865375342,gbif_previous_download,3865375342.jpg,3865375342.jpg,/Volumes/Radishes/GBIF_phenology_scored_specimen_images/3865375342.jpg,/Volumes/Radishes/GBIF_2026_update_scoring_images/3865375342.jpg,TRUE,copied
3865375343,gbif_previous_download,3865375343.jpg,3865375343.jpg,/Volumes/Radishes/GBIF_phenology_scored_specimen_images/3865375343.jpg,/Volumes/Radishes/GBIF_2026_update_scoring_images/3865375343.jpg,TRUE,copied
3865375344,gbif_previous_download,3865375344.jpg,3865375344.jpg,/Volumes/Radishes/GBIF_phenology_scored_specimen_images/3865375344.jpg,/Volumes/Radishes/GBIF_2026_update_scoring_images/3865375344.jpg,TRUE,copied
3865375345,gbif_previous_download,3865375345.jpg,3865375345.jpg,/Volumes/Radishes/GBIF_phenology_scored_specimen_images/3865375345.jpg,/Volumes/Radishes/GBIF_2026_update_scoring_images/3865375345.jpg,TRUE,copied
3865375346,gbif_previous_download,3865375346.jpg,3865375346.jpg,/Volumes/Radishes/GBIF_phenology_scored_specimen_images/3865375346.jpg,/Volumes/Radishes/GBIF_2026_update_scoring_images/3865375346.jpg,TRUE,copied
3865375347,gbif_previous_download,3865375347.jpg,3865375347.jpg,/Volumes/Radishes/GBIF_phenology_scored_specimen_images/3865375347.jpg,/Volumes/Radishes/GBIF_2026_update_scoring_images/3865375347.jpg,TRUE,copied
3865375348,gbif_previous_download,3865375348.jpg,3865375348.jpg,/Volumes/Radishes/GBIF_phenology_scored_specimen_images/3865375348.jpg,/Volumes/Radishes/GBIF_2026_update_scoring_images/3865375348.jpg,TRUE,copied
3865375349,gbif_previous_download,3865375349.jpg,3865375349.jpg,/Volumes/Radishes/GBIF_phenology_scored_specimen_images/3865375349.jpg,/Volumes/Radishes/GBIF_2026_update_scoring_images/3865375349.jpg,TRUE,copied
3865375350,gbif_previous_download,3865375350.jpg,3865375350.jpg,/Volumes/Radishes/GBIF_phenology_scored_specimen_images/3865375350.jpg,/Volumes/Radishes/GBIF_2026_update_scoring_images/3865375350.jpg,TRUE,copied
3865376379,gbif_previous_download,3865376379.jpg,3865376379.jpg,/Volumes/Radishes/GBIF_phenology_scored_specimen_images/3865376379.jpg,/Volumes/Radishes/GBIF_2026_update_scoring_images/3865376379.jpg,TRUE,copied
3865376380,gbif_previous_download,3865376380.jpg,3865376380.jpg,/Volumes/Radishes/GBIF_phenology_scored_specimen_images/3865376380.jpg,/Volumes/Radishes/GBIF_2026_update_scoring_images/3865376380.jpg,TRUE,copied
3865376382,gbif_previous_download,3865376382.jpg,3865376382.jpg,/Volumes/Radishes/GBIF_phenology_scored_specimen_images/3865376382.jpg,/Volumes/Radishes/GBIF_2026_update_scoring_images/3865376382.jpg,TRUE,copied
3865376383,gbif_previous_download,3865376383.jpg,3865376383.jpg,/Volumes/Radishes/GBIF_phenology_scored_specimen_images/3865376383.jpg,/Volumes/Radishes/GBIF_2026_update_scoring_images/3865376383.jpg,TRUE,copied
3865376384,gbif_previous_download,3865376384.jpg,3865376384.jpg,/Volumes/Radishes/GBIF_phenology_scored_specimen_images/3865376384.jpg,/Volumes/Radishes/GBIF_2026_update_scoring_images/3865376384.jpg,TRUE,copied
3865376385,gbif_previous_download,3865376385.jpg,3865376385.jpg,/Volumes/Radishes/GBIF_phenology_scored_specimen_images/3865376385.jpg,/Volumes/Radishes/GBIF_2026_update_scoring_images/3865376385.jpg,TRUE,copied
3865376386,gbif_previous_download,3865376386.jpg,3865376386.jpg,/Volumes/Radishes/GBIF_phenology_scored_specimen_images/3865376386.jpg,/Volumes/Radishes/GBIF_2026_update_scoring_images/3865376386.jpg,TRUE,copied
3865376387,gbif_previous_download,3865376387.jpg,3865376387.jpg,/Volumes/Radishes/GBIF_phenology_scored_specimen_images/3865376387.jpg,/Volumes/Radishes/GBIF_2026_update_scoring_images/3865376387.jpg,TRUE,copied
3865376388,gbif_previous_download,3865376388.jpg,3865376388.jpg,/Volumes/Radishes/GBIF_phenology_scored_specimen_images/3865376388.jpg,/Volumes/Radishes/GBIF_2026_update_scoring_images/3865376388.jpg,TRUE,copied
3865376389,gbif_previous_download,3865376389.jpg,3865376389.jpg,/Volumes/Radishes/GBIF_phenology_scored_specimen_images/3865376389.jpg,/Volumes/Radishes/GBIF_2026_update_scoring_images/3865376389.jpg,TRUE,copied
3865376390,gbif_previous_download,3865376390.jpg,3865376390.jpg,/Volumes/Radishes/GBIF_phenology_scored_specimen_images/3865376390.jpg,/Volumes/Radishes/GBIF_2026_update_scoring_images/3865376390.jpg,TRUE,copied
3865376391,gbif_previous_download,3865376391.jpg,3865376391.jpg,/Volumes/Radishes/GBIF_phenology_scored_specimen_images/3865376391.jpg,/Volumes/Radishes/GBIF_2026_update_scoring_images/3865376391.jpg,TRUE,copied
3865376392,gbif_previous_download,3865376392.jpg,3865376392.jpg,/Volumes/Radishes/GBIF_phenology_scored_specimen_images/3865376392.jpg,/Volumes/Radishes/GBIF_2026_update_scoring_images/3865376392.jpg,TRUE,copied
3865377301,gbif_previous_download,3865377301.jpg,3865377301.jpg,/Volumes/Radishes/GBIF_phenology_scored_specimen_images/3865377301.jpg,/Volumes/Radishes/GBIF_2026_update_scoring_images/3865377301.jpg,TRUE,copied
3865377302,gbif_previous_download,3865377302.jpg,3865377302.jpg,/Volumes/Radishes/GBIF_phenology_scored_specimen_images/3865377302.jpg,/Volumes/Radishes/GBIF_2026_update_scoring_images/3865377302.jpg,TRUE,copied
3865377303,gbif_previous_download,3865377303.jpg,3865377303.jpg,/Volumes/Radishes/GBIF_phenology_scored_specimen_images/3865377303.jpg,/Volumes/Radishes/GBIF_2026_update_scoring_images/3865377303.jpg,TRUE,copied
3865377304,gbif_previous_download,3865377304.jpg,3865377304.jpg,/Volumes/Radishes/GBIF_phenology_scored_specimen_images/3865377304.jpg,/Volumes/Radishes/GBIF_2026_update_scoring_images/3865377304.jpg,TRUE,copied
3865377305,gbif_previous_download,3865377305.jpg,3865377305.jpg,/Volumes/Radishes/GBIF_phenology_scored_specimen_images/3865377305.jpg,/Volumes/Radishes/GBIF_2026_update_scoring_images/3865377305.jpg,TRUE,copied
3865377306,gbif_previous_download,3865377306.jpg,3865377306.jpg,/Volumes/Radishes/GBIF_phenology_scored_specimen_images/3865377306.jpg,/Volumes/Radishes/GBIF_2026_update_scoring_images/3865377306.jpg,TRUE,copied
3865377307,gbif_previous_download,3865377307.jpg,3865377307.jpg,/Volumes/Radishes/GBIF_phenology_scored_specimen_images/3865377307.jpg,/Volumes/Radishes/GBIF_2026_update_scoring_images/3865377307.jpg,TRUE,copied
3865377308,gbif_previous_download,3865377308.jpg,3865377308.jpg,/Volumes/Radishes/GBIF_phenology_scored_specimen_images/3865377308.jpg,/Volumes/Radishes/GBIF_2026_update_scoring_images/3865377308.jpg,TRUE,copied
3865377309,gbif_previous_download,3865377309.jpg,3865377309.jpg,/Volumes/Radishes/GBIF_phenology_scored_specimen_images/3865377309.jpg,/Volumes/Radishes/GBIF_2026_update_scoring_images/3865377309.jpg,TRUE,copied
3865378415,gbif_previous_download,3865378415.jpg,3865378415.jpg,/Volumes/Radishes/GBIF_phenology_scored_specimen_images/3865378415.jpg,/Volumes/Radishes/GBIF_2026_update_scoring_images/3865378415.jpg,TRUE,copied
3865378416,gbif_previous_download,3865378416.jpg,3865378416.jpg,/Volumes/Radishes/GBIF_phenology_scored_specimen_images/3865378416.jpg,/Volumes/Radishes/GBIF_2026_update_scoring_images/3865378416.jpg,TRUE,copied
3865378418,gbif_previous_download,3865378418.jpg,3865378418.jpg,/Volumes/Radishes/GBIF_phenology_scored_specimen_images/3865378418.jpg,/Volumes/Radishes/GBIF_2026_update_scoring_images/3865378418.jpg,TRUE,copied
3865378419,gbif_previous_download,3865378419.jpg,3865378419.jpg,/Volumes/Radishes/GBIF_phenology_scored_specimen_images/3865378419.jpg,/Volumes/Radishes/GBIF_2026_update_scoring_images/3865378419.jpg,TRUE,copied
3865378420,gbif_previous_download,3865378420.jpg,3865378420.jpg,/Volumes/Radishes/GBIF_phenology_scored_specimen_images/3865378420.jpg,/Volumes/Radishes/GBIF_2026_update_scoring_images/3865378420.jpg,TRUE,copied
3865378421,gbif_previous_download,3865378421.jpg,3865378421.jpg,/Volumes/Radishes/GBIF_phenology_scored_specimen_images/3865378421.jpg,/Volumes/Radishes/GBIF_2026_update_scoring_images/3865378421.jpg,TRUE,copied
3865378422,gbif_previous_download,3865378422.jpg,3865378422.jpg,/Volumes/Radishes/GBIF_phenology_scored_specimen_images/3865378422.jpg,/Volumes/Radishes/GBIF_2026_update_scoring_images/3865378422.jpg,TRUE,copied
3865378423,gbif_previous_download,3865378423.jpg,3865378423.jpg,/Volumes/Radishes/GBIF_phenology_scored_specimen_images/3865378423.jpg,/Volumes/Radishes/GBIF_2026_update_scoring_images/3865378423.jpg,TRUE,copied
3865378424,gbif_previous_download,3865378424.jpg,3865378424.jpg,/Volumes/Radishes/GBIF_phenology_scored_specimen_images/3865378424.jpg,/Volumes/Radishes/GBIF_2026_update_scoring_images/3865378424.jpg,TRUE,copied
3865378425,gbif_previous_download,3865378425.jpg,3865378425.jpg,/Volumes/Radishes/GBIF_phenology_scored_specimen_images/3865378425.jpg,/Volumes/Radishes/GBIF_2026_update_scoring_images/3865378425.jpg,TRUE,copied
3865378426,gbif_previous_download,3865378426.jpg,3865378426.jpg,/Volumes/Radishes/GBIF_phenology_scored_specimen_images/3865378426.jpg,/Volumes/Radishes/GBIF_2026_update_scoring_images/3865378426.jpg,TRUE,copied
3865378427,gbif_previous_download,3865378427.jpg,3865378427.jpg,/Volumes/Radishes/GBIF_phenology_scored_specimen_images/3865378427.jpg,/Volumes/Radishes/GBIF_2026_update_scoring_images/3865378427.jpg,TRUE,copied
3865378428,gbif_previous_download,3865378428.jpg,3865378428.jpg,/Volumes/Radishes/GBIF_phenology_scored_specimen_images/3865378428.jpg,/Volumes/Radishes/GBIF_2026_update_scoring_images/3865378428.jpg,TRUE,copied
3865378429,gbif_previous_download,3865378429.jpg,3865378429.jpg,/Volumes/Radishes/GBIF_phenology_scored_specimen_images/3865378429.jpg,/Volumes/Radishes/GBIF_2026_update_scoring_images/3865378429.jpg,TRUE,copied
3865379339,gbif_previous_download,3865379339.jpg,3865379339.jpg,/Volumes/Radishes/GBIF_phenology_scored_specimen_images/3865379339.jpg,/Volumes/Radishes/GBIF_2026_update_scoring_images/3865379339.jpg,TRUE,copied
3865379340,gbif_previous_download,3865379340.jpg,3865379340.jpg,/Volumes/Radishes/GBIF_phenology_scored_specimen_images/3865379340.jpg,/Volumes/Radishes/GBIF_2026_update_scoring_images/3865379340.jpg,TRUE,copied
3865379342,gbif_previous_download,3865379342.jpg,3865379342.jpg,/Volumes/Radishes/GBIF_phenology_scored_specimen_images/3865379342.jpg,/Volumes/Radishes/GBIF_2026_update_scoring_images/3865379342.jpg,TRUE,copied
3865379343,gbif_previous_download,3865379343.jpg,3865379343.jpg,/Volumes/Radishes/GBIF_phenology_scored_specimen_images/3865379343.jpg,/Volumes/Radishes/GBIF_2026_update_scoring_images/3865379343.jpg,TRUE,copied
3865379344,gbif_previous_download,3865379344.jpg,3865379344.jpg,/Volumes/Radishes/GBIF_phenology_scored_specimen_images/3865379344.jpg,/Volumes/Radishes/GBIF_2026_update_scoring_images/3865379344.jpg,TRUE,copied
3865379345,gbif_previous_download,3865379345.jpg,3865379345.jpg,/Volumes/Radishes/GBIF_phenology_scored_specimen_images/3865379345.jpg,/Volumes/Radishes/GBIF_2026_update_scoring_images/3865379345.jpg,TRUE,copied
3865379346,gbif_previous_download,3865379346.jpg,3865379346.jpg,/Volumes/Radishes/GBIF_phenology_scored_specimen_images/3865379346.jpg,/Volumes/Radishes/GBIF_2026_update_scoring_images/3865379346.jpg,TRUE,copied
3865379347,gbif_previous_download,3865379347.jpg,3865379347.jpg,/Volumes/Radishes/GBIF_phenology_scored_specimen_images/3865379347.jpg,/Volumes/Radishes/GBIF_2026_update_scoring_images/3865379347.jpg,TRUE,copied
3865379348,gbif_previous_download,3865379348.jpg,3865379348.jpg,/Volumes/Radishes/GBIF_phenology_scored_specimen_images/3865379348.jpg,/Volumes/Radishes/GBIF_2026_update_scoring_images/3865379348.jpg,TRUE,copied
3865379349,gbif_previous_download,3865379349.jpg,3865379349.jpg,/Volumes/Radishes/GBIF_phenology_scored_specimen_images/3865379349.jpg,/Volumes/Radishes/GBIF_2026_update_scoring_images/3865379349.jpg,TRUE,copied
3865379350,gbif_previous_download,3865379350.jpg,3865379350.jpg,/Volumes/Radishes/GBIF_phenology_scored_specimen_images/3865379350.jpg,/Volumes/Radishes/GBIF_2026_update_scoring_images/3865379350.jpg,TRUE,copied
3865379351,gbif_previous_download,3865379351.jpg,3865379351.jpg,/Volumes/Radishes/GBIF_phenology_scored_specimen_images/3865379351.jpg,/Volumes/Radishes/GBIF_2026_update_scoring_images/3865379351.jpg,TRUE,copied
3865379352,gbif_previous_download,3865379352.jpg,3865379352.jpg,/Volumes/Radishes/GBIF_phenology_scored_specimen_images/3865379352.jpg,/Volumes/Radishes/GBIF_2026_update_scoring_images/3865379352.jpg,TRUE,copied
3865380393,gbif_previous_download,3865380393.jpg,3865380393.jpg,/Volumes/Radishes/GBIF_phenology_scored_specimen_images/3865380393.jpg,/Volumes/Radishes/GBIF_2026_update_scoring_images/3865380393.jpg,TRUE,copied
3865380395,gbif_previous_download,3865380395.jpg,3865380395.jpg,/Volumes/Radishes/GBIF_phenology_scored_specimen_images/3865380395.jpg,/Volumes/Radishes/GBIF_2026_update_scoring_images/3865380395.jpg,TRUE,copied
3865380396,gbif_previous_download,3865380396.jpg,3865380396.jpg,/Volumes/Radishes/GBIF_phenology_scored_specimen_images/3865380396.jpg,/Volumes/Radishes/GBIF_2026_update_scoring_images/3865380396.jpg,TRUE,copied
3865380397,gbif_previous_download,3865380397.jpg,3865380397.jpg,/Volumes/Radishes/GBIF_phenology_scored_specimen_images/3865380397.jpg,/Volumes/Radishes/GBIF_2026_update_scoring_images/3865380397.jpg,TRUE,copied
3865380398,gbif_previous_download,3865380398.jpg,3865380398.jpg,/Volumes/Radishes/GBIF_phenology_scored_specimen_images/3865380398.jpg,/Volumes/Radishes/GBIF_2026_update_scoring_images/3865380398.jpg,TRUE,copied
3865380399,gbif_previous_download,3865380399.jpg,3865380399.jpg,/Volumes/Radishes/GBIF_phenology_scored_specimen_images/3865380399.jpg,/Volumes/Radishes/GBIF_2026_update_scoring_images/3865380399.jpg,TRUE,copied
3865380400,gbif_previous_download,3865380400.jpg,3865380400.jpg,/Volumes/Radishes/GBIF_phenology_scored_specimen_images/3865380400.jpg,/Volumes/Radishes/GBIF_2026_update_scoring_images/3865380400.jpg,TRUE,copied
3865380401,gbif_previous_download,3865380401.jpg,3865380401.jpg,/Volumes/Radishes/GBIF_phenology_scored_specimen_images/3865380401.jpg,/Volumes/Radishes/GBIF_2026_update_scoring_images/3865380401.jpg,TRUE,copied
3865380402,gbif_previous_download,3865380402.jpg,3865380402.jpg,/Volumes/Radishes/GBIF_phenology_scored_specimen_images/3865380402.jpg,/Volumes/Radishes/GBIF_2026_update_scoring_images/3865380402.jpg,TRUE,copied
3865380403,gbif_previous_download,3865380403.jpg,3865380403.jpg,/Volumes/Radishes/GBIF_phenology_scored_specimen_images/3865380403.jpg,/Volumes/Radishes/GBIF_2026_update_scoring_images/3865380403.jpg,TRUE,copied
3865380404,gbif_previous_download,3865380404.jpg,3865380404.jpg,/Volumes/Radishes/GBIF_phenology_scored_specimen_images/3865380404.jpg,/Volumes/Radishes/GBIF_2026_update_scoring_images/3865380404.jpg,TRUE,copied
3865380405,gbif_previous_download,3865380405.jpg,3865380405.jpg,/Volumes/Radishes/GBIF_phenology_scored_specimen_images/3865380405.jpg,/Volumes/Radishes/GBIF_2026_update_scoring_images/3865380405.jpg,TRUE,copied
3865380406,gbif_previous_download,3865380406.jpg,3865380406.jpg,/Volumes/Radishes/GBIF_phenology_scored_specimen_images/3865380406.jpg,/Volumes/Radishes/GBIF_2026_update_scoring_images/3865380406.jpg,TRUE,copied
3897880694,gbif_previous_download,3897880694.jpg,3897880694.jpg,/Volumes/Radishes/GBIF_phenology_scored_specimen_images/3897880694.jpg,/Volumes/Radishes/GBIF_2026_update_scoring_images/3897880694.jpg,TRUE,copied
3897880737,gbif_previous_download,3897880737.jpg,3897880737.jpg,/Volumes/Radishes/GBIF_phenology_scored_specimen_images/3897880737.jpg,/Volumes/Radishes/GBIF_2026_update_scoring_images/3897880737.jpg,TRUE,copied
3897882330,gbif_previous_download,3897882330.jpg,3897882330.jpg,/Volumes/Radishes/GBIF_phenology_scored_specimen_images/3897882330.jpg,/Volumes/Radishes/GBIF_2026_update_scoring_images/3897882330.jpg,TRUE,copied
3897882332,gbif_previous_download,3897882332.jpg,3897882332.jpg,/Volumes/Radishes/GBIF_phenology_scored_specimen_images/3897882332.jpg,/Volumes/Radishes/GBIF_2026_update_scoring_images/3897882332.jpg,TRUE,copied
3925803509,gbif_previous_download,3925803509.jpg,3925803509.jpg,/Volumes/Radishes/GBIF_phenology_scored_specimen_images/3925803509.jpg,/Volumes/Radishes/GBIF_2026_update_scoring_images/3925803509.jpg,TRUE,copied
3925803512,gbif_previous_download,3925803512.jpg,3925803512.jpg,/Volumes/Radishes/GBIF_phenology_scored_specimen_images/3925803512.jpg,/Volumes/Radishes/GBIF_2026_update_scoring_images/3925803512.jpg,TRUE,copied
3925803519,gbif_previous_download,3925803519.jpg,3925803519.jpg,/Volumes/Radishes/GBIF_phenology_scored_specimen_images/3925803519.jpg,/Volumes/Radishes/GBIF_2026_update_scoring_images/3925803519.jpg,TRUE,copied
3925803521,gbif_previous_download,3925803521.jpg,3925803521.jpg,/Volumes/Radishes/GBIF_phenology_scored_specimen_images/3925803521.jpg,/Volumes/Radishes/GBIF_2026_update_scoring_images/3925803521.jpg,TRUE,copied
3925803524,gbif_previous_download,3925803524.jpg,3925803524.jpg,/Volumes/Radishes/GBIF_phenology_scored_specimen_images/3925803524.jpg,/Volumes/Radishes/GBIF_2026_update_scoring_images/3925803524.jpg,TRUE,copied
3925803525,gbif_previous_download,3925803525.jpg,3925803525.jpg,/Volumes/Radishes/GBIF_phenology_scored_specimen_images/3925803525.jpg,/Volumes/Radishes/GBIF_2026_update_scoring_images/3925803525.jpg,TRUE,copied
3925803537,gbif_previous_download,3925803537.jpg,3925803537.jpg,/Volumes/Radishes/GBIF_phenology_scored_specimen_images/3925803537.jpg,/Volumes/Radishes/GBIF_2026_update_scoring_images/3925803537.jpg,TRUE,copied
3925803542,gbif_previous_download,3925803542.jpg,3925803542.jpg,/Volumes/Radishes/GBIF_phenology_scored_specimen_images/3925803542.jpg,/Volumes/Radishes/GBIF_2026_update_scoring_images/3925803542.jpg,TRUE,copied
3925803544,gbif_previous_download,3925803544.jpg,3925803544.jpg,/Volumes/Radishes/GBIF_phenology_scored_specimen_images/3925803544.jpg,/Volumes/Radishes/GBIF_2026_update_scoring_images/3925803544.jpg,TRUE,copied
3925803547,gbif_previous_download,3925803547.jpg,3925803547.jpg,/Volumes/Radishes/GBIF_phenology_scored_specimen_images/3925803547.jpg,/Volumes/Radishes/GBIF_2026_update_scoring_images/3925803547.jpg,TRUE,copied
3925803558,gbif_previous_download,3925803558.jpg,3925803558.jpg,/Volumes/Radishes/GBIF_phenology_scored_specimen_images/3925803558.jpg,/Volumes/Radishes/GBIF_2026_update_scoring_images/3925803558.jpg,TRUE,copied
3925803561,gbif_previous_download,3925803561.jpg,3925803561.jpg,/Volumes/Radishes/GBIF_phenology_scored_specimen_images/3925803561.jpg,/Volumes/Radishes/GBIF_2026_update_scoring_images/3925803561.jpg,TRUE,copied
3969691986,gbif_previous_download,3969691986.jpg,3969691986.jpg,/Volumes/Radishes/GBIF_phenology_scored_specimen_images/3969691986.jpg,/Volumes/Radishes/GBIF_2026_update_scoring_images/3969691986.jpg,TRUE,copied
3978710990,gbif_previous_download,3978710990.jpg,3978710990.jpg,/Volumes/Radishes/GBIF_phenology_scored_specimen_images/3978710990.jpg,/Volumes/Radishes/GBIF_2026_update_scoring_images/3978710990.jpg,TRUE,copied
3978732636,gbif_previous_download,3978732636.jpg,3978732636.jpg,/Volumes/Radishes/GBIF_phenology_scored_specimen_images/3978732636.jpg,/Volumes/Radishes/GBIF_2026_update_scoring_images/3978732636.jpg,TRUE,copied
4010710685,gbif_previous_download,4010710685.jpg,4010710685.jpg,/Volumes/Radishes/GBIF_phenology_scored_specimen_images/4010710685.jpg,/Volumes/Radishes/GBIF_2026_update_scoring_images/4010710685.jpg,TRUE,copied
4010715017,gbif_previous_download,4010715017.jpg,4010715017.jpg,/Volumes/Radishes/GBIF_phenology_scored_specimen_images/4010715017.jpg,/Volumes/Radishes/GBIF_2026_update_scoring_images/4010715017.jpg,TRUE,copied
4015459323,gbif_previous_download,4015459323.jpg,4015459323.jpg,/Volumes/Radishes/GBIF_phenology_scored_specimen_images/4015459323.jpg,/Volumes/Radishes/GBIF_2026_update_scoring_images/4015459323.jpg,TRUE,copied
4015890749,gbif_previous_download,4015890749.jpg,4015890749.jpg,/Volumes/Radishes/GBIF_phenology_scored_specimen_images/4015890749.jpg,/Volumes/Radishes/GBIF_2026_update_scoring_images/4015890749.jpg,TRUE,copied
4015893363,gbif_previous_download,4015893363.jpg,4015893363.jpg,/Volumes/Radishes/GBIF_phenology_scored_specimen_images/4015893363.jpg,/Volumes/Radishes/GBIF_2026_update_scoring_images/4015893363.jpg,TRUE,copied
4067794448,gbif_previous_download,4067794448.jpg,4067794448.jpg,/Volumes/Radishes/GBIF_phenology_scored_specimen_images/4067794448.jpg,/Volumes/Radishes/GBIF_2026_update_scoring_images/4067794448.jpg,TRUE,copied
4067794449,gbif_previous_download,4067794449.jpg,4067794449.jpg,/Volumes/Radishes/GBIF_phenology_scored_specimen_images/4067794449.jpg,/Volumes/Radishes/GBIF_2026_update_scoring_images/4067794449.jpg,TRUE,copied
4067794450,gbif_previous_download,4067794450.jpg,4067794450.jpg,/Volumes/Radishes/GBIF_phenology_scored_specimen_images/4067794450.jpg,/Volumes/Radishes/GBIF_2026_update_scoring_images/4067794450.jpg,TRUE,copied
4067794451,gbif_previous_download,4067794451.jpg,4067794451.jpg,/Volumes/Radishes/GBIF_phenology_scored_specimen_images/4067794451.jpg,/Volumes/Radishes/GBIF_2026_update_scoring_images/4067794451.jpg,TRUE,copied
4067794452,gbif_previous_download,4067794452.jpg,4067794452.jpg,/Volumes/Radishes/GBIF_phenology_scored_specimen_images/4067794452.jpg,/Volumes/Radishes/GBIF_2026_update_scoring_images/4067794452.jpg,TRUE,copied
4067794453,gbif_previous_download,4067794453.jpg,4067794453.jpg,/Volumes/Radishes/GBIF_phenology_scored_specimen_images/4067794453.jpg,/Volumes/Radishes/GBIF_2026_update_scoring_images/4067794453.jpg,TRUE,copied
4067794454,gbif_previous_download,4067794454.jpg,4067794454.jpg,/Volumes/Radishes/GBIF_phenology_scored_specimen_images/4067794454.jpg,/Volumes/Radishes/GBIF_2026_update_scoring_images/4067794454.jpg,TRUE,copied
4067794455,gbif_previous_download,4067794455.jpg,4067794455.jpg,/Volumes/Radishes/GBIF_phenology_scored_specimen_images/4067794455.jpg,/Volumes/Radishes/GBIF_2026_update_scoring_images/4067794455.jpg,TRUE,copied
4067794456,gbif_previous_download,4067794456.jpg,4067794456.jpg,/Volumes/Radishes/GBIF_phenology_scored_specimen_images/4067794456.jpg,/Volumes/Radishes/GBIF_2026_update_scoring_images/4067794456.jpg,TRUE,copied
4067794457,gbif_previous_download,4067794457.jpg,4067794457.jpg,/Volumes/Radishes/GBIF_phenology_scored_specimen_images/4067794457.jpg,/Volumes/Radishes/GBIF_2026_update_scoring_images/4067794457.jpg,TRUE,copied
4067794458,gbif_previous_download,4067794458.jpg,4067794458.jpg,/Volumes/Radishes/GBIF_phenology_scored_specimen_images/4067794458.jpg,/Volumes/Radishes/GBIF_2026_update_scoring_images/4067794458.jpg,TRUE,copied
4075454233,gbif_previous_download,4075454233.jpg,4075454233.jpg,/Volumes/Radishes/GBIF_phenology_scored_specimen_images/4075454233.jpg,/Volumes/Radishes/GBIF_2026_update_scoring_images/4075454233.jpg,TRUE,copied
4075454234,gbif_previous_download,4075454234.jpg,4075454234.jpg,/Volumes/Radishes/GBIF_phenology_scored_specimen_images/4075454234.jpg,/Volumes/Radishes/GBIF_2026_update_scoring_images/4075454234.jpg,TRUE,copied
4075454236,gbif_previous_download,4075454236.jpg,4075454236.jpg,/Volumes/Radishes/GBIF_phenology_scored_specimen_images/4075454236.jpg,/Volumes/Radishes/GBIF_2026_update_scoring_images/4075454236.jpg,TRUE,copied
4075454238,gbif_previous_download,4075454238.jpg,4075454238.jpg,/Volumes/Radishes/GBIF_phenology_scored_specimen_images/4075454238.jpg,/Volumes/Radishes/GBIF_2026_update_scoring_images/4075454238.jpg,TRUE,copied
4075454240,gbif_previous_download,4075454240.jpg,4075454240.jpg,/Volumes/Radishes/GBIF_phenology_scored_specimen_images/4075454240.jpg,/Volumes/Radishes/GBIF_2026_update_scoring_images/4075454240.jpg,TRUE,copied
4075454242,gbif_previous_download,4075454242.jpg,4075454242.jpg,/Volumes/Radishes/GBIF_phenology_scored_specimen_images/4075454242.jpg,/Volumes/Radishes/GBIF_2026_update_scoring_images/4075454242.jpg,TRUE,copied
4075454244,gbif_previous_download,4075454244.jpg,4075454244.jpg,/Volumes/Radishes/GBIF_phenology_scored_specimen_images/4075454244.jpg,/Volumes/Radishes/GBIF_2026_update_scoring_images/4075454244.jpg,TRUE,copied
4075454248,gbif_previous_download,4075454248.jpg,4075454248.jpg,/Volumes/Radishes/GBIF_phenology_scored_specimen_images/4075454248.jpg,/Volumes/Radishes/GBIF_2026_update_scoring_images/4075454248.jpg,TRUE,copied
4075454266,gbif_previous_download,4075454266.jpg,4075454266.jpg,/Volumes/Radishes/GBIF_phenology_scored_specimen_images/4075454266.jpg,/Volumes/Radishes/GBIF_2026_update_scoring_images/4075454266.jpg,TRUE,copied
4075454267,gbif_previous_download,4075454267.jpg,4075454267.jpg,/Volumes/Radishes/GBIF_phenology_scored_specimen_images/4075454267.jpg,/Volumes/Radishes/GBIF_2026_update_scoring_images/4075454267.jpg,TRUE,copied
4075454270,gbif_previous_download,4075454270.jpg,4075454270.jpg,/Volumes/Radishes/GBIF_phenology_scored_specimen_images/4075454270.jpg,/Volumes/Radishes/GBIF_2026_update_scoring_images/4075454270.jpg,TRUE,copied
4075454272,gbif_previous_download,4075454272.jpg,4075454272.jpg,/Volumes/Radishes/GBIF_phenology_scored_specimen_images/4075454272.jpg,/Volumes/Radishes/GBIF_2026_update_scoring_images/4075454272.jpg,TRUE,copied
4075454274,gbif_previous_download,4075454274.jpg,4075454274.jpg,/Volumes/Radishes/GBIF_phenology_scored_specimen_images/4075454274.jpg,/Volumes/Radishes/GBIF_2026_update_scoring_images/4075454274.jpg,TRUE,copied
4075454279,gbif_previous_download,4075454279.jpg,4075454279.jpg,/Volumes/Radishes/GBIF_phenology_scored_specimen_images/4075454279.jpg,/Volumes/Radishes/GBIF_2026_update_scoring_images/4075454279.jpg,TRUE,copied
4075454345,gbif_previous_download,4075454345.jpg,4075454345.jpg,/Volumes/Radishes/GBIF_phenology_scored_specimen_images/4075454345.jpg,/Volumes/Radishes/GBIF_2026_update_scoring_images/4075454345.jpg,TRUE,copied
4081344375,gbif_previous_download,4081344375.jpg,4081344375.jpg,/Volumes/Radishes/GBIF_phenology_scored_specimen_images/4081344375.jpg,/Volumes/Radishes/GBIF_2026_update_scoring_images/4081344375.jpg,TRUE,copied
4081344393,gbif_previous_download,4081344393.jpg,4081344393.jpg,/Volumes/Radishes/GBIF_phenology_scored_specimen_images/4081344393.jpg,/Volumes/Radishes/GBIF_2026_update_scoring_images/4081344393.jpg,TRUE,copied
4081344396,gbif_previous_download,4081344396.jpg,4081344396.jpg,/Volumes/Radishes/GBIF_phenology_scored_specimen_images/4081344396.jpg,/Volumes/Radishes/GBIF_2026_update_scoring_images/4081344396.jpg,TRUE,copied
4081344406,gbif_previous_download,4081344406.jpg,4081344406.jpg,/Volumes/Radishes/GBIF_phenology_scored_specimen_images/4081344406.jpg,/Volumes/Radishes/GBIF_2026_update_scoring_images/4081344406.jpg,TRUE,copied
4081344407,gbif_previous_download,4081344407.jpg,4081344407.jpg,/Volumes/Radishes/GBIF_phenology_scored_specimen_images/4081344407.jpg,/Volumes/Radishes/GBIF_2026_update_scoring_images/4081344407.jpg,TRUE,copied
4081344411,gbif_previous_download,4081344411.jpg,4081344411.jpg,/Volumes/Radishes/GBIF_phenology_scored_specimen_images/4081344411.jpg,/Volumes/Radishes/GBIF_2026_update_scoring_images/4081344411.jpg,TRUE,copied
4088564482,gbif_previous_download,4088564482.jpg,4088564482.jpg,/Volumes/Radishes/GBIF_phenology_scored_specimen_images/4088564482.jpg,/Volumes/Radishes/GBIF_2026_update_scoring_images/4088564482.jpg,TRUE,copied
4088570109,gbif_previous_download,4088570109.jpg,4088570109.jpg,/Volumes/Radishes/GBIF_phenology_scored_specimen_images/4088570109.jpg,/Volumes/Radishes/GBIF_2026_update_scoring_images/4088570109.jpg,TRUE,copied
4088570116,gbif_previous_download,4088570116.jpg,4088570116.jpg,/Volumes/Radishes/GBIF_phenology_scored_specimen_images/4088570116.jpg,/Volumes/Radishes/GBIF_2026_update_scoring_images/4088570116.jpg,TRUE,copied
4088570122,gbif_previous_download,4088570122.jpg,4088570122.jpg,/Volumes/Radishes/GBIF_phenology_scored_specimen_images/4088570122.jpg,/Volumes/Radishes/GBIF_2026_update_scoring_images/4088570122.jpg,TRUE,copied
4088570123,gbif_previous_download,4088570123.jpg,4088570123.jpg,/Volumes/Radishes/GBIF_phenology_scored_specimen_images/4088570123.jpg,/Volumes/Radishes/GBIF_2026_update_scoring_images/4088570123.jpg,TRUE,copied
4088570154,gbif_previous_download,4088570154.jpg,4088570154.jpg,/Volumes/Radishes/GBIF_phenology_scored_specimen_images/4088570154.jpg,/Volumes/Radishes/GBIF_2026_update_scoring_images/4088570154.jpg,TRUE,copied
4088570155,gbif_previous_download,4088570155.jpg,4088570155.jpg,/Volumes/Radishes/GBIF_phenology_scored_specimen_images/4088570155.jpg,/Volumes/Radishes/GBIF_2026_update_scoring_images/4088570155.jpg,TRUE,copied
4088570161,gbif_previous_download,4088570161.jpg,4088570161.jpg,/Volumes/Radishes/GBIF_phenology_scored_specimen_images/4088570161.jpg,/Volumes/Radishes/GBIF_2026_update_scoring_images/4088570161.jpg,TRUE,copied
4101879463,gbif_previous_download,4101879463.jpg,4101879463.jpg,/Volumes/Radishes/GBIF_phenology_scored_specimen_images/4101879463.jpg,/Volumes/Radishes/GBIF_2026_update_scoring_images/4101879463.jpg,TRUE,copied
4403306335,gbif_previous_download,4403306335.jpg,4403306335.jpg,/Volumes/Radishes/GBIF_phenology_scored_specimen_images/4403306335.jpg,/Volumes/Radishes/GBIF_2026_update_scoring_images/4403306335.jpg,TRUE,copied
4426632361,gbif_previous_download,4426632361.jpg,4426632361.jpg,/Volumes/Radishes/GBIF_phenology_scored_specimen_images/4426632361.jpg,/Volumes/Radishes/GBIF_2026_update_scoring_images/4426632361.jpg,TRUE,copied
4433286374,gbif_previous_download,4433286374.jpg,4433286374.jpg,/Volumes/Radishes/GBIF_phenology_scored_specimen_images/4433286374.jpg,/Volumes/Radishes/GBIF_2026_update_scoring_images/4433286374.jpg,TRUE,copied
4433286375,gbif_previous_download,4433286375.jpg,4433286375.jpg,/Volumes/Radishes/GBIF_phenology_scored_specimen_images/4433286375.jpg,/Volumes/Radishes/GBIF_2026_update_scoring_images/4433286375.jpg,TRUE,copied
4433286379,gbif_previous_download,4433286379.jpg,4433286379.jpg,/Volumes/Radishes/GBIF_phenology_scored_specimen_images/4433286379.jpg,/Volumes/Radishes/GBIF_2026_update_scoring_images/4433286379.jpg,TRUE,copied
4433286380,gbif_previous_download,4433286380.jpg,4433286380.jpg,/Volumes/Radishes/GBIF_phenology_scored_specimen_images/4433286380.jpg,/Volumes/Radishes/GBIF_2026_update_scoring_images/4433286380.jpg,TRUE,copied
4436953682,gbif_previous_download,4436953682.jpg,4436953682.jpg,/Volumes/Radishes/GBIF_phenology_scored_specimen_images/4436953682.jpg,/Volumes/Radishes/GBIF_2026_update_scoring_images/4436953682.jpg,TRUE,copied
4436954095,gbif_previous_download,4436954095.jpg,4436954095.jpg,/Volumes/Radishes/GBIF_phenology_scored_specimen_images/4436954095.jpg,/Volumes/Radishes/GBIF_2026_update_scoring_images/4436954095.jpg,TRUE,copied
4436954623,gbif_previous_download,4436954623.jpg,4436954623.jpg,/Volumes/Radishes/GBIF_phenology_scored_specimen_images/4436954623.jpg,/Volumes/Radishes/GBIF_2026_update_scoring_images/4436954623.jpg,TRUE,copied
4436957900,gbif_previous_download,4436957900.jpg,4436957900.jpg,/Volumes/Radishes/GBIF_phenology_scored_specimen_images/4436957900.jpg,/Volumes/Radishes/GBIF_2026_update_scoring_images/4436957900.jpg,TRUE,copied
4436959695,gbif_previous_download,4436959695.jpg,4436959695.jpg,/Volumes/Radishes/GBIF_phenology_scored_specimen_images/4436959695.jpg,/Volumes/Radishes/GBIF_2026_update_scoring_images/4436959695.jpg,TRUE,copied
4601577269,gbif_previous_download,4601577269.jpg,4601577269.jpg,/Volumes/Radishes/GBIF_phenology_scored_specimen_images/4601577269.jpg,/Volumes/Radishes/GBIF_2026_update_scoring_images/4601577269.jpg,TRUE,copied
4601577270,gbif_previous_download,4601577270.jpg,4601577270.jpg,/Volumes/Radishes/GBIF_phenology_scored_specimen_images/4601577270.jpg,/Volumes/Radishes/GBIF_2026_update_scoring_images/4601577270.jpg,TRUE,copied
4601577307,gbif_previous_download,4601577307.jpg,4601577307.jpg,/Volumes/Radishes/GBIF_phenology_scored_specimen_images/4601577307.jpg,/Volumes/Radishes/GBIF_2026_update_scoring_images/4601577307.jpg,TRUE,copied
4601577308,gbif_previous_download,4601577308.jpg,4601577308.jpg,/Volumes/Radishes/GBIF_phenology_scored_specimen_images/4601577308.jpg,/Volumes/Radishes/GBIF_2026_update_scoring_images/4601577308.jpg,TRUE,copied
4601577309,gbif_previous_download,4601577309.jpg,4601577309.jpg,/Volumes/Radishes/GBIF_phenology_scored_specimen_images/4601577309.jpg,/Volumes/Radishes/GBIF_2026_update_scoring_images/4601577309.jpg,TRUE,copied
4601577311,gbif_previous_download,4601577311.jpg,4601577311.jpg,/Volumes/Radishes/GBIF_phenology_scored_specimen_images/4601577311.jpg,/Volumes/Radishes/GBIF_2026_update_scoring_images/4601577311.jpg,TRUE,copied
4601577312,gbif_previous_download,4601577312.jpg,4601577312.jpg,/Volumes/Radishes/GBIF_phenology_scored_specimen_images/4601577312.jpg,/Volumes/Radishes/GBIF_2026_update_scoring_images/4601577312.jpg,TRUE,copied
4601577313,gbif_previous_download,4601577313.jpg,4601577313.jpg,/Volumes/Radishes/GBIF_phenology_scored_specimen_images/4601577313.jpg,/Volumes/Radishes/GBIF_2026_update_scoring_images/4601577313.jpg,TRUE,copied
4851194746,gbif_previous_download,4851194746.jpg,4851194746.jpg,/Volumes/Radishes/GBIF_phenology_scored_specimen_images/4851194746.jpg,/Volumes/Radishes/GBIF_2026_update_scoring_images/4851194746.jpg,TRUE,copied
4851194916,gbif_previous_download,4851194916.jpg,4851194916.jpg,/Volumes/Radishes/GBIF_phenology_scored_specimen_images/4851194916.jpg,/Volumes/Radishes/GBIF_2026_update_scoring_images/4851194916.jpg,TRUE,copied
4851299367,gbif_previous_download,4851299367.jpg,4851299367.jpg,/Volumes/Radishes/GBIF_phenology_scored_specimen_images/4851299367.jpg,/Volumes/Radishes/GBIF_2026_update_scoring_images/4851299367.jpg,TRUE,copied
4856038261,gbif_previous_download,4856038261.jpg,4856038261.jpg,/Volumes/Radishes/GBIF_phenology_scored_specimen_images/4856038261.jpg,/Volumes/Radishes/GBIF_2026_update_scoring_images/4856038261.jpg,TRUE,copied
4856042859,gbif_previous_download,4856042859.jpg,4856042859.jpg,/Volumes/Radishes/GBIF_phenology_scored_specimen_images/4856042859.jpg,/Volumes/Radishes/GBIF_2026_update_scoring_images/4856042859.jpg,TRUE,copied
4872674677,gbif_previous_download,4872674677.jpg,4872674677.jpg,/Volumes/Radishes/GBIF_phenology_scored_specimen_images/4872674677.jpg,/Volumes/Radishes/GBIF_2026_update_scoring_images/4872674677.jpg,TRUE,copied
4872674686,gbif_previous_download,4872674686.jpg,4872674686.jpg,/Volumes/Radishes/GBIF_phenology_scored_specimen_images/4872674686.jpg,/Volumes/Radishes/GBIF_2026_update_scoring_images/4872674686.jpg,TRUE,copied
4872674694,gbif_previous_download,4872674694.jpg,4872674694.jpg,/Volumes/Radishes/GBIF_phenology_scored_specimen_images/4872674694.jpg,/Volumes/Radishes/GBIF_2026_update_scoring_images/4872674694.jpg,TRUE,copied
4872674697,gbif_previous_download,4872674697.jpg,4872674697.jpg,/Volumes/Radishes/GBIF_phenology_scored_specimen_images/4872674697.jpg,/Volumes/Radishes/GBIF_2026_update_scoring_images/4872674697.jpg,TRUE,copied
4910082168,gbif_previous_download,4910082168.jpg,4910082168.jpg,/Volumes/Radishes/GBIF_phenology_scored_specimen_images/4910082168.jpg,/Volumes/Radishes/GBIF_2026_update_scoring_images/4910082168.jpg,TRUE,copied
4910126193,gbif_previous_download,4910126193.jpg,4910126193.jpg,/Volumes/Radishes/GBIF_phenology_scored_specimen_images/4910126193.jpg,/Volumes/Radishes/GBIF_2026_update_scoring_images/4910126193.jpg,TRUE,copied
4910126197,gbif_previous_download,4910126197.jpg,4910126197.jpg,/Volumes/Radishes/GBIF_phenology_scored_specimen_images/4910126197.jpg,/Volumes/Radishes/GBIF_2026_update_scoring_images/4910126197.jpg,TRUE,copied
4912015636,gbif_previous_download,4912015636.jpg,4912015636.jpg,/Volumes/Radishes/GBIF_phenology_scored_specimen_images/4912015636.jpg,/Volumes/Radishes/GBIF_2026_update_scoring_images/4912015636.jpg,TRUE,copied
4912144300,gbif_previous_download,4912144300.jpg,4912144300.jpg,/Volumes/Radishes/GBIF_phenology_scored_specimen_images/4912144300.jpg,/Volumes/Radishes/GBIF_2026_update_scoring_images/4912144300.jpg,TRUE,copied
4912151097,gbif_previous_download,4912151097.jpg,4912151097.jpg,/Volumes/Radishes/GBIF_phenology_scored_specimen_images/4912151097.jpg,/Volumes/Radishes/GBIF_2026_update_scoring_images/4912151097.jpg,TRUE,copied
4912151099,gbif_previous_download,4912151099.jpg,4912151099.jpg,/Volumes/Radishes/GBIF_phenology_scored_specimen_images/4912151099.jpg,/Volumes/Radishes/GBIF_2026_update_scoring_images/4912151099.jpg,TRUE,copied
4912151100,gbif_previous_download,4912151100.jpg,4912151100.jpg,/Volumes/Radishes/GBIF_phenology_scored_specimen_images/4912151100.jpg,/Volumes/Radishes/GBIF_2026_update_scoring_images/4912151100.jpg,TRUE,copied
4912151101,gbif_previous_download,4912151101.jpg,4912151101.jpg,/Volumes/Radishes/GBIF_phenology_scored_specimen_images/4912151101.jpg,/Volumes/Radishes/GBIF_2026_update_scoring_images/4912151101.jpg,TRUE,copied
4912151102,gbif_previous_download,4912151102.jpg,4912151102.jpg,/Volumes/Radishes/GBIF_phenology_scored_specimen_images/4912151102.jpg,/Volumes/Radishes/GBIF_2026_update_scoring_images/4912151102.jpg,TRUE,copied
4912153301,gbif_previous_download,4912153301.jpg,4912153301.jpg,/Volumes/Radishes/GBIF_phenology_scored_specimen_images/4912153301.jpg,/Volumes/Radishes/GBIF_2026_update_scoring_images/4912153301.jpg,TRUE,copied
4912153302,gbif_previous_download,4912153302.jpg,4912153302.jpg,/Volumes/Radishes/GBIF_phenology_scored_specimen_images/4912153302.jpg,/Volumes/Radishes/GBIF_2026_update_scoring_images/4912153302.jpg,TRUE,copied
4912153304,gbif_previous_download,4912153304.jpg,4912153304.jpg,/Volumes/Radishes/GBIF_phenology_scored_specimen_images/4912153304.jpg,/Volumes/Radishes/GBIF_2026_update_scoring_images/4912153304.jpg,TRUE,copied
4912153305,gbif_previous_download,4912153305.jpg,4912153305.jpg,/Volumes/Radishes/GBIF_phenology_scored_specimen_images/4912153305.jpg,/Volumes/Radishes/GBIF_2026_update_scoring_images/4912153305.jpg,TRUE,copied
4912157312,gbif_previous_download,4912157312.jpg,4912157312.jpg,/Volumes/Radishes/GBIF_phenology_scored_specimen_images/4912157312.jpg,/Volumes/Radishes/GBIF_2026_update_scoring_images/4912157312.jpg,TRUE,copied
4912250315,gbif_previous_download,4912250315.jpg,4912250315.jpg,/Volumes/Radishes/GBIF_phenology_scored_specimen_images/4912250315.jpg,/Volumes/Radishes/GBIF_2026_update_scoring_images/4912250315.jpg,TRUE,copied
4912304545,gbif_previous_download,4912304545.jpg,4912304545.jpg,/Volumes/Radishes/GBIF_phenology_scored_specimen_images/4912304545.jpg,/Volumes/Radishes/GBIF_2026_update_scoring_images/4912304545.jpg,TRUE,copied
4912304546,gbif_previous_download,4912304546.jpg,4912304546.jpg,/Volumes/Radishes/GBIF_phenology_scored_specimen_images/4912304546.jpg,/Volumes/Radishes/GBIF_2026_update_scoring_images/4912304546.jpg,TRUE,copied
4912304550,gbif_previous_download,4912304550.jpg,4912304550.jpg,/Volumes/Radishes/GBIF_phenology_scored_specimen_images/4912304550.jpg,/Volumes/Radishes/GBIF_2026_update_scoring_images/4912304550.jpg,TRUE,copied
4912304551,gbif_previous_download,4912304551.jpg,4912304551.jpg,/Volumes/Radishes/GBIF_phenology_scored_specimen_images/4912304551.jpg,/Volumes/Radishes/GBIF_2026_update_scoring_images/4912304551.jpg,TRUE,copied
4912308175,gbif_previous_download,4912308175.jpg,4912308175.jpg,/Volumes/Radishes/GBIF_phenology_scored_specimen_images/4912308175.jpg,/Volumes/Radishes/GBIF_2026_update_scoring_images/4912308175.jpg,TRUE,copied
4912308178,gbif_previous_download,4912308178.jpg,4912308178.jpg,/Volumes/Radishes/GBIF_phenology_scored_specimen_images/4912308178.jpg,/Volumes/Radishes/GBIF_2026_update_scoring_images/4912308178.jpg,TRUE,copied
4912314643,gbif_previous_download,4912314643.jpg,4912314643.jpg,/Volumes/Radishes/GBIF_phenology_scored_specimen_images/4912314643.jpg,/Volumes/Radishes/GBIF_2026_update_scoring_images/4912314643.jpg,TRUE,copied
4929352608,gbif_previous_download,4929352608.jpg,4929352608.jpg,/Volumes/Radishes/GBIF_phenology_scored_specimen_images/4929352608.jpg,/Volumes/Radishes/GBIF_2026_update_scoring_images/4929352608.jpg,TRUE,copied
4929697638,gbif_previous_download,4929697638.jpg,4929697638.jpg,/Volumes/Radishes/GBIF_phenology_scored_specimen_images/4929697638.jpg,/Volumes/Radishes/GBIF_2026_update_scoring_images/4929697638.jpg,TRUE,copied
4976699544,gbif_previous_download,4976699544.jpg,4976699544.jpg,/Volumes/Radishes/GBIF_phenology_scored_specimen_images/4976699544.jpg,/Volumes/Radishes/GBIF_2026_update_scoring_images/4976699544.jpg,TRUE,copied
5067911285,gbif_previous_download,5067911285.jpg,5067911285.jpg,/Volumes/Radishes/GBIF_phenology_scored_specimen_images/5067911285.jpg,/Volumes/Radishes/GBIF_2026_update_scoring_images/5067911285.jpg,TRUE,copied
5067912299,gbif_previous_download,5067912299.jpg,5067912299.jpg,/Volumes/Radishes/GBIF_phenology_scored_specimen_images/5067912299.jpg,/Volumes/Radishes/GBIF_2026_update_scoring_images/5067912299.jpg,TRUE,copied
5067912783,gbif_previous_download,5067912783.jpg,5067912783.jpg,/Volumes/Radishes/GBIF_phenology_scored_specimen_images/5067912783.jpg,/Volumes/Radishes/GBIF_2026_update_scoring_images/5067912783.jpg,TRUE,copied
5067915325,gbif_previous_download,5067915325.jpg,5067915325.jpg,/Volumes/Radishes/GBIF_phenology_scored_specimen_images/5067915325.jpg,/Volumes/Radishes/GBIF_2026_update_scoring_images/5067915325.jpg,TRUE,copied
5067923809,gbif_previous_download,5067923809.jpg,5067923809.jpg,/Volumes/Radishes/GBIF_phenology_scored_specimen_images/5067923809.jpg,/Volumes/Radishes/GBIF_2026_update_scoring_images/5067923809.jpg,TRUE,copied
5067923811,gbif_previous_download,5067923811.jpg,5067923811.jpg,/Volumes/Radishes/GBIF_phenology_scored_specimen_images/5067923811.jpg,/Volumes/Radishes/GBIF_2026_update_scoring_images/5067923811.jpg,TRUE,copied
5067923812,gbif_previous_download,5067923812.jpg,5067923812.jpg,/Volumes/Radishes/GBIF_phenology_scored_specimen_images/5067923812.jpg,/Volumes/Radishes/GBIF_2026_update_scoring_images/5067923812.jpg,TRUE,copied
5067923813,gbif_previous_download,5067923813.jpg,5067923813.jpg,/Volumes/Radishes/GBIF_phenology_scored_specimen_images/5067923813.jpg,/Volumes/Radishes/GBIF_2026_update_scoring_images/5067923813.jpg,TRUE,copied
5067923814,gbif_previous_download,5067923814.jpg,5067923814.jpg,/Volumes/Radishes/GBIF_phenology_scored_specimen_images/5067923814.jpg,/Volumes/Radishes/GBIF_2026_update_scoring_images/5067923814.jpg,TRUE,copied
5067923815,gbif_previous_download,5067923815.jpg,5067923815.jpg,/Volumes/Radishes/GBIF_phenology_scored_specimen_images/5067923815.jpg,/Volumes/Radishes/GBIF_2026_update_scoring_images/5067923815.jpg,TRUE,copied
5067923816,gbif_previous_download,5067923816.jpg,5067923816.jpg,/Volumes/Radishes/GBIF_phenology_scored_specimen_images/5067923816.jpg,/Volumes/Radishes/GBIF_2026_update_scoring_images/5067923816.jpg,TRUE,copied
5067924348,gbif_previous_download,5067924348.jpg,5067924348.jpg,/Volumes/Radishes/GBIF_phenology_scored_specimen_images/5067924348.jpg,/Volumes/Radishes/GBIF_2026_update_scoring_images/5067924348.jpg,TRUE,copied
5067924810,gbif_previous_download,5067924810.jpg,5067924810.jpg,/Volumes/Radishes/GBIF_phenology_scored_specimen_images/5067924810.jpg,/Volumes/Radishes/GBIF_2026_update_scoring_images/5067924810.jpg,TRUE,copied
5067924811,gbif_previous_download,5067924811.jpg,5067924811.jpg,/Volumes/Radishes/GBIF_phenology_scored_specimen_images/5067924811.jpg,/Volumes/Radishes/GBIF_2026_update_scoring_images/5067924811.jpg,TRUE,copied
5067924812,gbif_previous_download,5067924812.jpg,5067924812.jpg,/Volumes/Radishes/GBIF_phenology_scored_specimen_images/5067924812.jpg,/Volumes/Radishes/GBIF_2026_update_scoring_images/5067924812.jpg,TRUE,copied
5067924813,gbif_previous_download,5067924813.jpg,5067924813.jpg,/Volumes/Radishes/GBIF_phenology_scored_specimen_images/5067924813.jpg,/Volumes/Radishes/GBIF_2026_update_scoring_images/5067924813.jpg,TRUE,copied
5067924814,gbif_previous_download,5067924814.jpg,5067924814.jpg,/Volumes/Radishes/GBIF_phenology_scored_specimen_images/5067924814.jpg,/Volumes/Radishes/GBIF_2026_update_scoring_images/5067924814.jpg,TRUE,copied
5067924815,gbif_previous_download,5067924815.jpg,5067924815.jpg,/Volumes/Radishes/GBIF_phenology_scored_specimen_images/5067924815.jpg,/Volumes/Radishes/GBIF_2026_update_scoring_images/5067924815.jpg,TRUE,copied
5067924816,gbif_previous_download,5067924816.jpg,5067924816.jpg,/Volumes/Radishes/GBIF_phenology_scored_specimen_images/5067924816.jpg,/Volumes/Radishes/GBIF_2026_update_scoring_images/5067924816.jpg,TRUE,copied
5067925809,gbif_previous_download,5067925809.jpg,5067925809.jpg,/Volumes/Radishes/GBIF_phenology_scored_specimen_images/5067925809.jpg,/Volumes/Radishes/GBIF_2026_update_scoring_images/5067925809.jpg,TRUE,copied
5067925810,gbif_previous_download,5067925810.jpg,5067925810.jpg,/Volumes/Radishes/GBIF_phenology_scored_specimen_images/5067925810.jpg,/Volumes/Radishes/GBIF_2026_update_scoring_images/5067925810.jpg,TRUE,copied
5067925812,gbif_previous_download,5067925812.jpg,5067925812.jpg,/Volumes/Radishes/GBIF_phenology_scored_specimen_images/5067925812.jpg,/Volumes/Radishes/GBIF_2026_update_scoring_images/5067925812.jpg,TRUE,copied
5067925813,gbif_previous_download,5067925813.jpg,5067925813.jpg,/Volumes/Radishes/GBIF_phenology_scored_specimen_images/5067925813.jpg,/Volumes/Radishes/GBIF_2026_update_scoring_images/5067925813.jpg,TRUE,copied
5067925814,gbif_previous_download,5067925814.jpg,5067925814.jpg,/Volumes/Radishes/GBIF_phenology_scored_specimen_images/5067925814.jpg,/Volumes/Radishes/GBIF_2026_update_scoring_images/5067925814.jpg,TRUE,copied
5067925815,gbif_previous_download,5067925815.jpg,5067925815.jpg,/Volumes/Radishes/GBIF_phenology_scored_specimen_images/5067925815.jpg,/Volumes/Radishes/GBIF_2026_update_scoring_images/5067925815.jpg,TRUE,copied
5067925816,gbif_previous_download,5067925816.jpg,5067925816.jpg,/Volumes/Radishes/GBIF_phenology_scored_specimen_images/5067925816.jpg,/Volumes/Radishes/GBIF_2026_update_scoring_images/5067925816.jpg,TRUE,copied
5067925817,gbif_previous_download,5067925817.jpg,5067925817.jpg,/Volumes/Radishes/GBIF_phenology_scored_specimen_images/5067925817.jpg,/Volumes/Radishes/GBIF_2026_update_scoring_images/5067925817.jpg,TRUE,copied
5067925818,gbif_previous_download,5067925818.jpg,5067925818.jpg,/Volumes/Radishes/GBIF_phenology_scored_specimen_images/5067925818.jpg,/Volumes/Radishes/GBIF_2026_update_scoring_images/5067925818.jpg,TRUE,copied
5067926809,gbif_previous_download,5067926809.jpg,5067926809.jpg,/Volumes/Radishes/GBIF_phenology_scored_specimen_images/5067926809.jpg,/Volumes/Radishes/GBIF_2026_update_scoring_images/5067926809.jpg,TRUE,copied
5067926811,gbif_previous_download,5067926811.jpg,5067926811.jpg,/Volumes/Radishes/GBIF_phenology_scored_specimen_images/5067926811.jpg,/Volumes/Radishes/GBIF_2026_update_scoring_images/5067926811.jpg,TRUE,copied
5067926812,gbif_previous_download,5067926812.jpg,5067926812.jpg,/Volumes/Radishes/GBIF_phenology_scored_specimen_images/5067926812.jpg,/Volumes/Radishes/GBIF_2026_update_scoring_images/5067926812.jpg,TRUE,copied
5067926813,gbif_previous_download,5067926813.jpg,5067926813.jpg,/Volumes/Radishes/GBIF_phenology_scored_specimen_images/5067926813.jpg,/Volumes/Radishes/GBIF_2026_update_scoring_images/5067926813.jpg,TRUE,copied
5067926816,gbif_previous_download,5067926816.jpg,5067926816.jpg,/Volumes/Radishes/GBIF_phenology_scored_specimen_images/5067926816.jpg,/Volumes/Radishes/GBIF_2026_update_scoring_images/5067926816.jpg,TRUE,copied
5067927808,gbif_previous_download,5067927808.jpg,5067927808.jpg,/Volumes/Radishes/GBIF_phenology_scored_specimen_images/5067927808.jpg,/Volumes/Radishes/GBIF_2026_update_scoring_images/5067927808.jpg,TRUE,copied
5067927809,gbif_previous_download,5067927809.jpg,5067927809.jpg,/Volumes/Radishes/GBIF_phenology_scored_specimen_images/5067927809.jpg,/Volumes/Radishes/GBIF_2026_update_scoring_images/5067927809.jpg,TRUE,copied
5067927811,gbif_previous_download,5067927811.jpg,5067927811.jpg,/Volumes/Radishes/GBIF_phenology_scored_specimen_images/5067927811.jpg,/Volumes/Radishes/GBIF_2026_update_scoring_images/5067927811.jpg,TRUE,copied
5067927812,gbif_previous_download,5067927812.jpg,5067927812.jpg,/Volumes/Radishes/GBIF_phenology_scored_specimen_images/5067927812.jpg,/Volumes/Radishes/GBIF_2026_update_scoring_images/5067927812.jpg,TRUE,copied
5067927813,gbif_previous_download,5067927813.jpg,5067927813.jpg,/Volumes/Radishes/GBIF_phenology_scored_specimen_images/5067927813.jpg,/Volumes/Radishes/GBIF_2026_update_scoring_images/5067927813.jpg,TRUE,copied
5067927814,gbif_previous_download,5067927814.jpg,5067927814.jpg,/Volumes/Radishes/GBIF_phenology_scored_specimen_images/5067927814.jpg,/Volumes/Radishes/GBIF_2026_update_scoring_images/5067927814.jpg,TRUE,copied
5067927815,gbif_previous_download,5067927815.jpg,5067927815.jpg,/Volumes/Radishes/GBIF_phenology_scored_specimen_images/5067927815.jpg,/Volumes/Radishes/GBIF_2026_update_scoring_images/5067927815.jpg,TRUE,copied
5067938421,gbif_previous_download,5067938421.jpg,5067938421.jpg,/Volumes/Radishes/GBIF_phenology_scored_specimen_images/5067938421.jpg,/Volumes/Radishes/GBIF_2026_update_scoring_images/5067938421.jpg,TRUE,copied
5067939421,gbif_previous_download,5067939421.jpg,5067939421.jpg,/Volumes/Radishes/GBIF_phenology_scored_specimen_images/5067939421.jpg,/Volumes/Radishes/GBIF_2026_update_scoring_images/5067939421.jpg,TRUE,copied
5067940421,gbif_previous_download,5067940421.jpg,5067940421.jpg,/Volumes/Radishes/GBIF_phenology_scored_specimen_images/5067940421.jpg,/Volumes/Radishes/GBIF_2026_update_scoring_images/5067940421.jpg,TRUE,copied
5067996454,gbif_previous_download,5067996454.jpg,5067996454.jpg,/Volumes/Radishes/GBIF_phenology_scored_specimen_images/5067996454.jpg,/Volumes/Radishes/GBIF_2026_update_scoring_images/5067996454.jpg,TRUE,copied
5068027696,gbif_previous_download,5068027696.jpg,5068027696.jpg,/Volumes/Radishes/GBIF_phenology_scored_specimen_images/5068027696.jpg,/Volumes/Radishes/GBIF_2026_update_scoring_images/5068027696.jpg,TRUE,copied
5068461202,gbif_previous_download,5068461202.jpg,5068461202.jpg,/Volumes/Radishes/GBIF_phenology_scored_specimen_images/5068461202.jpg,/Volumes/Radishes/GBIF_2026_update_scoring_images/5068461202.jpg,TRUE,copied
5070543285,gbif_previous_download,5070543285.jpg,5070543285.jpg,/Volumes/Radishes/GBIF_phenology_scored_specimen_images/5070543285.jpg,/Volumes/Radishes/GBIF_2026_update_scoring_images/5070543285.jpg,TRUE,copied
5070543287,gbif_previous_download,5070543287.jpg,5070543287.jpg,/Volumes/Radishes/GBIF_phenology_scored_specimen_images/5070543287.jpg,/Volumes/Radishes/GBIF_2026_update_scoring_images/5070543287.jpg,TRUE,copied
5070543294,gbif_previous_download,5070543294.jpg,5070543294.jpg,/Volumes/Radishes/GBIF_phenology_scored_specimen_images/5070543294.jpg,/Volumes/Radishes/GBIF_2026_update_scoring_images/5070543294.jpg,TRUE,copied
5070543295,gbif_previous_download,5070543295.jpg,5070543295.jpg,/Volumes/Radishes/GBIF_phenology_scored_specimen_images/5070543295.jpg,/Volumes/Radishes/GBIF_2026_update_scoring_images/5070543295.jpg,TRUE,copied
5070543296,gbif_previous_download,5070543296.jpg,5070543296.jpg,/Volumes/Radishes/GBIF_phenology_scored_specimen_images/5070543296.jpg,/Volumes/Radishes/GBIF_2026_update_scoring_images/5070543296.jpg,TRUE,copied
5070543297,gbif_previous_download,5070543297.jpg,5070543297.jpg,/Volumes/Radishes/GBIF_phenology_scored_specimen_images/5070543297.jpg,/Volumes/Radishes/GBIF_2026_update_scoring_images/5070543297.jpg,TRUE,copied
5070543303,gbif_previous_download,5070543303.jpg,5070543303.jpg,/Volumes/Radishes/GBIF_phenology_scored_specimen_images/5070543303.jpg,/Volumes/Radishes/GBIF_2026_update_scoring_images/5070543303.jpg,TRUE,copied
5070543304,gbif_previous_download,5070543304.jpg,5070543304.jpg,/Volumes/Radishes/GBIF_phenology_scored_specimen_images/5070543304.jpg,/Volumes/Radishes/GBIF_2026_update_scoring_images/5070543304.jpg,TRUE,copied
5070567592,gbif_previous_download,5070567592.jpg,5070567592.jpg,/Volumes/Radishes/GBIF_phenology_scored_specimen_images/5070567592.jpg,/Volumes/Radishes/GBIF_2026_update_scoring_images/5070567592.jpg,TRUE,copied
5070653848,gbif_previous_download,5070653848.jpg,5070653848.jpg,/Volumes/Radishes/GBIF_phenology_scored_specimen_images/5070653848.jpg,/Volumes/Radishes/GBIF_2026_update_scoring_images/5070653848.jpg,TRUE,copied
5070654919,gbif_previous_download,5070654919.jpg,5070654919.jpg,/Volumes/Radishes/GBIF_phenology_scored_specimen_images/5070654919.jpg,/Volumes/Radishes/GBIF_2026_update_scoring_images/5070654919.jpg,TRUE,copied
5070654920,gbif_previous_download,5070654920.jpg,5070654920.jpg,/Volumes/Radishes/GBIF_phenology_scored_specimen_images/5070654920.jpg,/Volumes/Radishes/GBIF_2026_update_scoring_images/5070654920.jpg,TRUE,copied
5070836818,gbif_previous_download,5070836818.jpg,5070836818.jpg,/Volumes/Radishes/GBIF_phenology_scored_specimen_images/5070836818.jpg,/Volumes/Radishes/GBIF_2026_update_scoring_images/5070836818.jpg,TRUE,copied
5070836819,gbif_previous_download,5070836819.jpg,5070836819.jpg,/Volumes/Radishes/GBIF_phenology_scored_specimen_images/5070836819.jpg,/Volumes/Radishes/GBIF_2026_update_scoring_images/5070836819.jpg,TRUE,copied
5070845109,gbif_previous_download,5070845109.jpg,5070845109.jpg,/Volumes/Radishes/GBIF_phenology_scored_specimen_images/5070845109.jpg,/Volumes/Radishes/GBIF_2026_update_scoring_images/5070845109.jpg,TRUE,copied
5070849634,gbif_previous_download,5070849634.jpg,5070849634.jpg,/Volumes/Radishes/GBIF_phenology_scored_specimen_images/5070849634.jpg,/Volumes/Radishes/GBIF_2026_update_scoring_images/5070849634.jpg,TRUE,copied
5070880494,gbif_previous_download,5070880494.jpg,5070880494.jpg,/Volumes/Radishes/GBIF_phenology_scored_specimen_images/5070880494.jpg,/Volumes/Radishes/GBIF_2026_update_scoring_images/5070880494.jpg,TRUE,copied
5070880495,gbif_previous_download,5070880495.jpg,5070880495.jpg,/Volumes/Radishes/GBIF_phenology_scored_specimen_images/5070880495.jpg,/Volumes/Radishes/GBIF_2026_update_scoring_images/5070880495.jpg,TRUE,copied
5070880496,gbif_previous_download,5070880496.jpg,5070880496.jpg,/Volumes/Radishes/GBIF_phenology_scored_specimen_images/5070880496.jpg,/Volumes/Radishes/GBIF_2026_update_scoring_images/5070880496.jpg,TRUE,copied
5070880613,gbif_previous_download,5070880613.jpg,5070880613.jpg,/Volumes/Radishes/GBIF_phenology_scored_specimen_images/5070880613.jpg,/Volumes/Radishes/GBIF_2026_update_scoring_images/5070880613.jpg,TRUE,copied
5070880618,gbif_previous_download,5070880618.jpg,5070880618.jpg,/Volumes/Radishes/GBIF_phenology_scored_specimen_images/5070880618.jpg,/Volumes/Radishes/GBIF_2026_update_scoring_images/5070880618.jpg,TRUE,copied
5070880620,gbif_previous_download,5070880620.jpg,5070880620.jpg,/Volumes/Radishes/GBIF_phenology_scored_specimen_images/5070880620.jpg,/Volumes/Radishes/GBIF_2026_update_scoring_images/5070880620.jpg,TRUE,copied
5070880623,gbif_previous_download,5070880623.jpg,5070880623.jpg,/Volumes/Radishes/GBIF_phenology_scored_specimen_images/5070880623.jpg,/Volumes/Radishes/GBIF_2026_update_scoring_images/5070880623.jpg,TRUE,copied
5072892614,gbif_previous_download,5072892614.jpg,5072892614.jpg,/Volumes/Radishes/GBIF_phenology_scored_specimen_images/5072892614.jpg,/Volumes/Radishes/GBIF_2026_update_scoring_images/5072892614.jpg,TRUE,copied
5074461204,gbif_previous_download,5074461204.jpg,5074461204.jpg,/Volumes/Radishes/GBIF_phenology_scored_specimen_images/5074461204.jpg,/Volumes/Radishes/GBIF_2026_update_scoring_images/5074461204.jpg,TRUE,copied
5074461238,gbif_previous_download,5074461238.jpg,5074461238.jpg,/Volumes/Radishes/GBIF_phenology_scored_specimen_images/5074461238.jpg,/Volumes/Radishes/GBIF_2026_update_scoring_images/5074461238.jpg,TRUE,copied
5074461249,gbif_previous_download,5074461249.jpg,5074461249.jpg,/Volumes/Radishes/GBIF_phenology_scored_specimen_images/5074461249.jpg,/Volumes/Radishes/GBIF_2026_update_scoring_images/5074461249.jpg,TRUE,copied
5074461250,gbif_previous_download,5074461250.jpg,5074461250.jpg,/Volumes/Radishes/GBIF_phenology_scored_specimen_images/5074461250.jpg,/Volumes/Radishes/GBIF_2026_update_scoring_images/5074461250.jpg,TRUE,copied
5081485325,gbif_previous_download,5081485325.jpg,5081485325.jpg,/Volumes/Radishes/GBIF_phenology_scored_specimen_images/5081485325.jpg,/Volumes/Radishes/GBIF_2026_update_scoring_images/5081485325.jpg,TRUE,copied
5081485329,gbif_previous_download,5081485329.jpg,5081485329.jpg,/Volumes/Radishes/GBIF_phenology_scored_specimen_images/5081485329.jpg,/Volumes/Radishes/GBIF_2026_update_scoring_images/5081485329.jpg,TRUE,copied
5081485331,gbif_previous_download,5081485331.jpg,5081485331.jpg,/Volumes/Radishes/GBIF_phenology_scored_specimen_images/5081485331.jpg,/Volumes/Radishes/GBIF_2026_update_scoring_images/5081485331.jpg,TRUE,copied
5101172796,gbif_previous_download,5101172796.jpg,5101172796.jpg,/Volumes/Radishes/GBIF_phenology_scored_specimen_images/5101172796.jpg,/Volumes/Radishes/GBIF_2026_update_scoring_images/5101172796.jpg,TRUE,copied
5103533218,gbif_previous_download,5103533218.jpg,5103533218.jpg,/Volumes/Radishes/GBIF_phenology_scored_specimen_images/5103533218.jpg,/Volumes/Radishes/GBIF_2026_update_scoring_images/5103533218.jpg,TRUE,copied
5103560421,gbif_previous_download,5103560421.jpg,5103560421.jpg,/Volumes/Radishes/GBIF_phenology_scored_specimen_images/5103560421.jpg,/Volumes/Radishes/GBIF_2026_update_scoring_images/5103560421.jpg,TRUE,copied
5103560761,gbif_previous_download,5103560761.jpg,5103560761.jpg,/Volumes/Radishes/GBIF_phenology_scored_specimen_images/5103560761.jpg,/Volumes/Radishes/GBIF_2026_update_scoring_images/5103560761.jpg,TRUE,copied
5103569111,gbif_previous_download,5103569111.jpg,5103569111.jpg,/Volumes/Radishes/GBIF_phenology_scored_specimen_images/5103569111.jpg,/Volumes/Radishes/GBIF_2026_update_scoring_images/5103569111.jpg,TRUE,copied
5103580744,gbif_previous_download,5103580744.jpg,5103580744.jpg,/Volumes/Radishes/GBIF_phenology_scored_specimen_images/5103580744.jpg,/Volumes/Radishes/GBIF_2026_update_scoring_images/5103580744.jpg,TRUE,copied
5103602230,gbif_previous_download,5103602230.jpg,5103602230.jpg,/Volumes/Radishes/GBIF_phenology_scored_specimen_images/5103602230.jpg,/Volumes/Radishes/GBIF_2026_update_scoring_images/5103602230.jpg,TRUE,copied
5103607367,gbif_previous_download,5103607367.jpg,5103607367.jpg,/Volumes/Radishes/GBIF_phenology_scored_specimen_images/5103607367.jpg,/Volumes/Radishes/GBIF_2026_update_scoring_images/5103607367.jpg,TRUE,copied
5103607954,gbif_previous_download,5103607954.jpg,5103607954.jpg,/Volumes/Radishes/GBIF_phenology_scored_specimen_images/5103607954.jpg,/Volumes/Radishes/GBIF_2026_update_scoring_images/5103607954.jpg,TRUE,copied
5103612993,gbif_previous_download,5103612993.jpg,5103612993.jpg,/Volumes/Radishes/GBIF_phenology_scored_specimen_images/5103612993.jpg,/Volumes/Radishes/GBIF_2026_update_scoring_images/5103612993.jpg,TRUE,copied
5103622291,gbif_previous_download,5103622291.jpg,5103622291.jpg,/Volumes/Radishes/GBIF_phenology_scored_specimen_images/5103622291.jpg,/Volumes/Radishes/GBIF_2026_update_scoring_images/5103622291.jpg,TRUE,copied
5103824047,gbif_previous_download,5103824047.jpg,5103824047.jpg,/Volumes/Radishes/GBIF_phenology_scored_specimen_images/5103824047.jpg,/Volumes/Radishes/GBIF_2026_update_scoring_images/5103824047.jpg,TRUE,copied
5103831812,gbif_previous_download,5103831812.jpg,5103831812.jpg,/Volumes/Radishes/GBIF_phenology_scored_specimen_images/5103831812.jpg,/Volumes/Radishes/GBIF_2026_update_scoring_images/5103831812.jpg,TRUE,copied
5103833276,gbif_previous_download,5103833276.jpg,5103833276.jpg,/Volumes/Radishes/GBIF_phenology_scored_specimen_images/5103833276.jpg,/Volumes/Radishes/GBIF_2026_update_scoring_images/5103833276.jpg,TRUE,copied
5103834828,gbif_previous_download,5103834828.jpg,5103834828.jpg,/Volumes/Radishes/GBIF_phenology_scored_specimen_images/5103834828.jpg,/Volumes/Radishes/GBIF_2026_update_scoring_images/5103834828.jpg,TRUE,copied
5103839793,gbif_previous_download,5103839793.jpg,5103839793.jpg,/Volumes/Radishes/GBIF_phenology_scored_specimen_images/5103839793.jpg,/Volumes/Radishes/GBIF_2026_update_scoring_images/5103839793.jpg,TRUE,copied
5103853160,gbif_previous_download,5103853160.jpg,5103853160.jpg,/Volumes/Radishes/GBIF_phenology_scored_specimen_images/5103853160.jpg,/Volumes/Radishes/GBIF_2026_update_scoring_images/5103853160.jpg,TRUE,copied
5103856826,gbif_previous_download,5103856826.jpg,5103856826.jpg,/Volumes/Radishes/GBIF_phenology_scored_specimen_images/5103856826.jpg,/Volumes/Radishes/GBIF_2026_update_scoring_images/5103856826.jpg,TRUE,copied
5103856859,gbif_previous_download,5103856859.jpg,5103856859.jpg,/Volumes/Radishes/GBIF_phenology_scored_specimen_images/5103856859.jpg,/Volumes/Radishes/GBIF_2026_update_scoring_images/5103856859.jpg,TRUE,copied
5103865261,gbif_previous_download,5103865261.jpg,5103865261.jpg,/Volumes/Radishes/GBIF_phenology_scored_specimen_images/5103865261.jpg,/Volumes/Radishes/GBIF_2026_update_scoring_images/5103865261.jpg,TRUE,copied
5103867451,gbif_previous_download,5103867451.jpg,5103867451.jpg,/Volumes/Radishes/GBIF_phenology_scored_specimen_images/5103867451.jpg,/Volumes/Radishes/GBIF_2026_update_scoring_images/5103867451.jpg,TRUE,copied
5103867492,gbif_previous_download,5103867492.jpg,5103867492.jpg,/Volumes/Radishes/GBIF_phenology_scored_specimen_images/5103867492.jpg,/Volumes/Radishes/GBIF_2026_update_scoring_images/5103867492.jpg,TRUE,copied
5103867563,gbif_previous_download,5103867563.jpg,5103867563.jpg,/Volumes/Radishes/GBIF_phenology_scored_specimen_images/5103867563.jpg,/Volumes/Radishes/GBIF_2026_update_scoring_images/5103867563.jpg,TRUE,copied
5103867657,gbif_previous_download,5103867657.jpg,5103867657.jpg,/Volumes/Radishes/GBIF_phenology_scored_specimen_images/5103867657.jpg,/Volumes/Radishes/GBIF_2026_update_scoring_images/5103867657.jpg,TRUE,copied
5103868187,gbif_previous_download,5103868187.jpg,5103868187.jpg,/Volumes/Radishes/GBIF_phenology_scored_specimen_images/5103868187.jpg,/Volumes/Radishes/GBIF_2026_update_scoring_images/5103868187.jpg,TRUE,copied
5103868189,gbif_previous_download,5103868189.jpg,5103868189.jpg,/Volumes/Radishes/GBIF_phenology_scored_specimen_images/5103868189.jpg,/Volumes/Radishes/GBIF_2026_update_scoring_images/5103868189.jpg,TRUE,copied
5103868289,gbif_previous_download,5103868289.jpg,5103868289.jpg,/Volumes/Radishes/GBIF_phenology_scored_specimen_images/5103868289.jpg,/Volumes/Radishes/GBIF_2026_update_scoring_images/5103868289.jpg,TRUE,copied
5103880296,gbif_previous_download,5103880296.jpg,5103880296.jpg,/Volumes/Radishes/GBIF_phenology_scored_specimen_images/5103880296.jpg,/Volumes/Radishes/GBIF_2026_update_scoring_images/5103880296.jpg,TRUE,copied
5103880382,gbif_previous_download,5103880382.jpg,5103880382.jpg,/Volumes/Radishes/GBIF_phenology_scored_specimen_images/5103880382.jpg,/Volumes/Radishes/GBIF_2026_update_scoring_images/5103880382.jpg,TRUE,copied
5103880435,gbif_previous_download,5103880435.jpg,5103880435.jpg,/Volumes/Radishes/GBIF_phenology_scored_specimen_images/5103880435.jpg,/Volumes/Radishes/GBIF_2026_update_scoring_images/5103880435.jpg,TRUE,copied
5103889408,gbif_previous_download,5103889408.jpg,5103889408.jpg,/Volumes/Radishes/GBIF_phenology_scored_specimen_images/5103889408.jpg,/Volumes/Radishes/GBIF_2026_update_scoring_images/5103889408.jpg,TRUE,copied
5103889427,gbif_previous_download,5103889427.jpg,5103889427.jpg,/Volumes/Radishes/GBIF_phenology_scored_specimen_images/5103889427.jpg,/Volumes/Radishes/GBIF_2026_update_scoring_images/5103889427.jpg,TRUE,copied
5103889439,gbif_previous_download,5103889439.jpg,5103889439.jpg,/Volumes/Radishes/GBIF_phenology_scored_specimen_images/5103889439.jpg,/Volumes/Radishes/GBIF_2026_update_scoring_images/5103889439.jpg,TRUE,copied
5103889465,gbif_previous_download,5103889465.jpg,5103889465.jpg,/Volumes/Radishes/GBIF_phenology_scored_specimen_images/5103889465.jpg,/Volumes/Radishes/GBIF_2026_update_scoring_images/5103889465.jpg,TRUE,copied
5103889470,gbif_previous_download,5103889470.jpg,5103889470.jpg,/Volumes/Radishes/GBIF_phenology_scored_specimen_images/5103889470.jpg,/Volumes/Radishes/GBIF_2026_update_scoring_images/5103889470.jpg,TRUE,copied
5103889546,gbif_previous_download,5103889546.jpg,5103889546.jpg,/Volumes/Radishes/GBIF_phenology_scored_specimen_images/5103889546.jpg,/Volumes/Radishes/GBIF_2026_update_scoring_images/5103889546.jpg,TRUE,copied
5103889547,gbif_previous_download,5103889547.jpg,5103889547.jpg,/Volumes/Radishes/GBIF_phenology_scored_specimen_images/5103889547.jpg,/Volumes/Radishes/GBIF_2026_update_scoring_images/5103889547.jpg,TRUE,copied
5103889593,gbif_previous_download,5103889593.jpg,5103889593.jpg,/Volumes/Radishes/GBIF_phenology_scored_specimen_images/5103889593.jpg,/Volumes/Radishes/GBIF_2026_update_scoring_images/5103889593.jpg,TRUE,copied
5103890830,gbif_previous_download,5103890830.jpg,5103890830.jpg,/Volumes/Radishes/GBIF_phenology_scored_specimen_images/5103890830.jpg,/Volumes/Radishes/GBIF_2026_update_scoring_images/5103890830.jpg,TRUE,copied
5103891090,gbif_previous_download,5103891090.jpg,5103891090.jpg,/Volumes/Radishes/GBIF_phenology_scored_specimen_images/5103891090.jpg,/Volumes/Radishes/GBIF_2026_update_scoring_images/5103891090.jpg,TRUE,copied
5103891100,gbif_previous_download,5103891100.jpg,5103891100.jpg,/Volumes/Radishes/GBIF_phenology_scored_specimen_images/5103891100.jpg,/Volumes/Radishes/GBIF_2026_update_scoring_images/5103891100.jpg,TRUE,copied
5103891117,gbif_previous_download,5103891117.jpg,5103891117.jpg,/Volumes/Radishes/GBIF_phenology_scored_specimen_images/5103891117.jpg,/Volumes/Radishes/GBIF_2026_update_scoring_images/5103891117.jpg,TRUE,copied
5103891139,gbif_previous_download,5103891139.jpg,5103891139.jpg,/Volumes/Radishes/GBIF_phenology_scored_specimen_images/5103891139.jpg,/Volumes/Radishes/GBIF_2026_update_scoring_images/5103891139.jpg,TRUE,copied
5103891216,gbif_previous_download,5103891216.jpg,5103891216.jpg,/Volumes/Radishes/GBIF_phenology_scored_specimen_images/5103891216.jpg,/Volumes/Radishes/GBIF_2026_update_scoring_images/5103891216.jpg,TRUE,copied
5103891681,gbif_previous_download,5103891681.jpg,5103891681.jpg,/Volumes/Radishes/GBIF_phenology_scored_specimen_images/5103891681.jpg,/Volumes/Radishes/GBIF_2026_update_scoring_images/5103891681.jpg,TRUE,copied
5103891693,gbif_previous_download,5103891693.jpg,5103891693.jpg,/Volumes/Radishes/GBIF_phenology_scored_specimen_images/5103891693.jpg,/Volumes/Radishes/GBIF_2026_update_scoring_images/5103891693.jpg,TRUE,copied
5103891696,gbif_previous_download,5103891696.jpg,5103891696.jpg,/Volumes/Radishes/GBIF_phenology_scored_specimen_images/5103891696.jpg,/Volumes/Radishes/GBIF_2026_update_scoring_images/5103891696.jpg,TRUE,copied
5103891758,gbif_previous_download,5103891758.jpg,5103891758.jpg,/Volumes/Radishes/GBIF_phenology_scored_specimen_images/5103891758.jpg,/Volumes/Radishes/GBIF_2026_update_scoring_images/5103891758.jpg,TRUE,copied
5103891759,gbif_previous_download,5103891759.jpg,5103891759.jpg,/Volumes/Radishes/GBIF_phenology_scored_specimen_images/5103891759.jpg,/Volumes/Radishes/GBIF_2026_update_scoring_images/5103891759.jpg,TRUE,copied
5103891837,gbif_previous_download,5103891837.jpg,5103891837.jpg,/Volumes/Radishes/GBIF_phenology_scored_specimen_images/5103891837.jpg,/Volumes/Radishes/GBIF_2026_update_scoring_images/5103891837.jpg,TRUE,copied
5103895387,gbif_previous_download,5103895387.jpg,5103895387.jpg,/Volumes/Radishes/GBIF_phenology_scored_specimen_images/5103895387.jpg,/Volumes/Radishes/GBIF_2026_update_scoring_images/5103895387.jpg,TRUE,copied
5103904642,gbif_previous_download,5103904642.jpg,5103904642.jpg,/Volumes/Radishes/GBIF_phenology_scored_specimen_images/5103904642.jpg,/Volumes/Radishes/GBIF_2026_update_scoring_images/5103904642.jpg,TRUE,copied
5106241854,gbif_previous_download,5106241854.jpg,5106241854.jpg,/Volumes/Radishes/GBIF_phenology_scored_specimen_images/5106241854.jpg,/Volumes/Radishes/GBIF_2026_update_scoring_images/5106241854.jpg,TRUE,copied
5106243448,gbif_previous_download,5106243448.jpg,5106243448.jpg,/Volumes/Radishes/GBIF_phenology_scored_specimen_images/5106243448.jpg,/Volumes/Radishes/GBIF_2026_update_scoring_images/5106243448.jpg,TRUE,copied
5106244009,gbif_previous_download,5106244009.jpg,5106244009.jpg,/Volumes/Radishes/GBIF_phenology_scored_specimen_images/5106244009.jpg,/Volumes/Radishes/GBIF_2026_update_scoring_images/5106244009.jpg,TRUE,copied
5106264754,gbif_previous_download,5106264754.jpg,5106264754.jpg,/Volumes/Radishes/GBIF_phenology_scored_specimen_images/5106264754.jpg,/Volumes/Radishes/GBIF_2026_update_scoring_images/5106264754.jpg,TRUE,copied
5106271621,gbif_previous_download,5106271621.jpg,5106271621.jpg,/Volumes/Radishes/GBIF_phenology_scored_specimen_images/5106271621.jpg,/Volumes/Radishes/GBIF_2026_update_scoring_images/5106271621.jpg,TRUE,copied
5106272300,gbif_previous_download,5106272300.jpg,5106272300.jpg,/Volumes/Radishes/GBIF_phenology_scored_specimen_images/5106272300.jpg,/Volumes/Radishes/GBIF_2026_update_scoring_images/5106272300.jpg,TRUE,copied
5106274975,gbif_previous_download,5106274975.jpg,5106274975.jpg,/Volumes/Radishes/GBIF_phenology_scored_specimen_images/5106274975.jpg,/Volumes/Radishes/GBIF_2026_update_scoring_images/5106274975.jpg,TRUE,copied
5106274984,gbif_previous_download,5106274984.jpg,5106274984.jpg,/Volumes/Radishes/GBIF_phenology_scored_specimen_images/5106274984.jpg,/Volumes/Radishes/GBIF_2026_update_scoring_images/5106274984.jpg,TRUE,copied
5106276862,gbif_previous_download,5106276862.jpg,5106276862.jpg,/Volumes/Radishes/GBIF_phenology_scored_specimen_images/5106276862.jpg,/Volumes/Radishes/GBIF_2026_update_scoring_images/5106276862.jpg,TRUE,copied
5106279022,gbif_previous_download,5106279022.jpg,5106279022.jpg,/Volumes/Radishes/GBIF_phenology_scored_specimen_images/5106279022.jpg,/Volumes/Radishes/GBIF_2026_update_scoring_images/5106279022.jpg,TRUE,copied
5106284962,gbif_previous_download,5106284962.jpg,5106284962.jpg,/Volumes/Radishes/GBIF_phenology_scored_specimen_images/5106284962.jpg,/Volumes/Radishes/GBIF_2026_update_scoring_images/5106284962.jpg,TRUE,copied
5138119250,gbif_previous_download,5138119250.jpg,5138119250.jpg,/Volumes/Radishes/GBIF_phenology_scored_specimen_images/5138119250.jpg,/Volumes/Radishes/GBIF_2026_update_scoring_images/5138119250.jpg,TRUE,copied
5139303511,gbif_previous_download,5139303511.jpg,5139303511.jpg,/Volumes/Radishes/GBIF_phenology_scored_specimen_images/5139303511.jpg,/Volumes/Radishes/GBIF_2026_update_scoring_images/5139303511.jpg,TRUE,copied
5139350332,gbif_previous_download,5139350332.jpg,5139350332.jpg,/Volumes/Radishes/GBIF_phenology_scored_specimen_images/5139350332.jpg,/Volumes/Radishes/GBIF_2026_update_scoring_images/5139350332.jpg,TRUE,copied
5159117472,gbif_previous_download,5159117472.jpg,5159117472.jpg,/Volumes/Radishes/GBIF_phenology_scored_specimen_images/5159117472.jpg,/Volumes/Radishes/GBIF_2026_update_scoring_images/5159117472.jpg,TRUE,copied
5159149277,gbif_previous_download,5159149277.jpg,5159149277.jpg,/Volumes/Radishes/GBIF_phenology_scored_specimen_images/5159149277.jpg,/Volumes/Radishes/GBIF_2026_update_scoring_images/5159149277.jpg,TRUE,copied
5159149284,gbif_previous_download,5159149284.jpg,5159149284.jpg,/Volumes/Radishes/GBIF_phenology_scored_specimen_images/5159149284.jpg,/Volumes/Radishes/GBIF_2026_update_scoring_images/5159149284.jpg,TRUE,copied
5170655139,gbif_previous_download,5170655139.jpg,5170655139.jpg,/Volumes/Radishes/GBIF_phenology_scored_specimen_images/5170655139.jpg,/Volumes/Radishes/GBIF_2026_update_scoring_images/5170655139.jpg,TRUE,copied
5171830342,gbif_previous_download,5171830342.jpg,5171830342.jpg,/Volumes/Radishes/GBIF_phenology_scored_specimen_images/5171830342.jpg,/Volumes/Radishes/GBIF_2026_update_scoring_images/5171830342.jpg,TRUE,copied
5198161855,gbif_previous_download,5198161855.jpg,5198161855.jpg,/Volumes/Radishes/GBIF_phenology_scored_specimen_images/5198161855.jpg,/Volumes/Radishes/GBIF_2026_update_scoring_images/5198161855.jpg,TRUE,copied
5198172854,gbif_previous_download,5198172854.jpg,5198172854.jpg,/Volumes/Radishes/GBIF_phenology_scored_specimen_images/5198172854.jpg,/Volumes/Radishes/GBIF_2026_update_scoring_images/5198172854.jpg,TRUE,copied
5198174851,gbif_previous_download,5198174851.jpg,5198174851.jpg,/Volumes/Radishes/GBIF_phenology_scored_specimen_images/5198174851.jpg,/Volumes/Radishes/GBIF_2026_update_scoring_images/5198174851.jpg,TRUE,copied
5198174852,gbif_previous_download,5198174852.jpg,5198174852.jpg,/Volumes/Radishes/GBIF_phenology_scored_specimen_images/5198174852.jpg,/Volumes/Radishes/GBIF_2026_update_scoring_images/5198174852.jpg,TRUE,copied
5198176853,gbif_previous_download,5198176853.jpg,5198176853.jpg,/Volumes/Radishes/GBIF_phenology_scored_specimen_images/5198176853.jpg,/Volumes/Radishes/GBIF_2026_update_scoring_images/5198176853.jpg,TRUE,copied
5198185854,gbif_previous_download,5198185854.jpg,5198185854.jpg,/Volumes/Radishes/GBIF_phenology_scored_specimen_images/5198185854.jpg,/Volumes/Radishes/GBIF_2026_update_scoring_images/5198185854.jpg,TRUE,copied
5198193840,gbif_previous_download,5198193840.jpg,5198193840.jpg,/Volumes/Radishes/GBIF_phenology_scored_specimen_images/5198193840.jpg,/Volumes/Radishes/GBIF_2026_update_scoring_images/5198193840.jpg,TRUE,copied
5198193841,gbif_previous_download,5198193841.jpg,5198193841.jpg,/Volumes/Radishes/GBIF_phenology_scored_specimen_images/5198193841.jpg,/Volumes/Radishes/GBIF_2026_update_scoring_images/5198193841.jpg,TRUE,copied
5198194850,gbif_previous_download,5198194850.jpg,5198194850.jpg,/Volumes/Radishes/GBIF_phenology_scored_specimen_images/5198194850.jpg,/Volumes/Radishes/GBIF_2026_update_scoring_images/5198194850.jpg,TRUE,copied
5198194851,gbif_previous_download,5198194851.jpg,5198194851.jpg,/Volumes/Radishes/GBIF_phenology_scored_specimen_images/5198194851.jpg,/Volumes/Radishes/GBIF_2026_update_scoring_images/5198194851.jpg,TRUE,copied
5198215850,gbif_previous_download,5198215850.jpg,5198215850.jpg,/Volumes/Radishes/GBIF_phenology_scored_specimen_images/5198215850.jpg,/Volumes/Radishes/GBIF_2026_update_scoring_images/5198215850.jpg,TRUE,copied
5198218870,gbif_previous_download,5198218870.jpg,5198218870.jpg,/Volumes/Radishes/GBIF_phenology_scored_specimen_images/5198218870.jpg,/Volumes/Radishes/GBIF_2026_update_scoring_images/5198218870.jpg,TRUE,copied
5198222848,gbif_previous_download,5198222848.jpg,5198222848.jpg,/Volumes/Radishes/GBIF_phenology_scored_specimen_images/5198222848.jpg,/Volumes/Radishes/GBIF_2026_update_scoring_images/5198222848.jpg,TRUE,copied
5198224849,gbif_previous_download,5198224849.jpg,5198224849.jpg,/Volumes/Radishes/GBIF_phenology_scored_specimen_images/5198224849.jpg,/Volumes/Radishes/GBIF_2026_update_scoring_images/5198224849.jpg,TRUE,copied
5207750301,gbif_previous_download,5207750301.jpg,5207750301.jpg,/Volumes/Radishes/GBIF_phenology_scored_specimen_images/5207750301.jpg,/Volumes/Radishes/GBIF_2026_update_scoring_images/5207750301.jpg,TRUE,copied
5208943620,gbif_previous_download,5208943620.jpg,5208943620.jpg,/Volumes/Radishes/GBIF_phenology_scored_specimen_images/5208943620.jpg,/Volumes/Radishes/GBIF_2026_update_scoring_images/5208943620.jpg,TRUE,copied
5294112234,gbif_previous_download,5294112234.jpg,5294112234.jpg,/Volumes/Radishes/GBIF_phenology_scored_specimen_images/5294112234.jpg,/Volumes/Radishes/GBIF_2026_update_scoring_images/5294112234.jpg,TRUE,copied
5833124723,gbif_previous_download,5833124723.jpg,5833124723.jpg,/Volumes/Radishes/GBIF_phenology_scored_specimen_images/5833124723.jpg,/Volumes/Radishes/GBIF_2026_update_scoring_images/5833124723.jpg,TRUE,copied
5836321492,gbif_previous_download,5836321492.jpg,5836321492.jpg,/Volumes/Radishes/GBIF_phenology_scored_specimen_images/5836321492.jpg,/Volumes/Radishes/GBIF_2026_update_scoring_images/5836321492.jpg,TRUE,copied
5836322208,gbif_previous_download,5836322208.jpg,5836322208.jpg,/Volumes/Radishes/GBIF_phenology_scored_specimen_images/5836322208.jpg,/Volumes/Radishes/GBIF_2026_update_scoring_images/5836322208.jpg,TRUE,copied
5886721746,gbif_previous_download,5886721746.jpg,5886721746.jpg,/Volumes/Radishes/GBIF_phenology_scored_specimen_images/5886721746.jpg,/Volumes/Radishes/GBIF_2026_update_scoring_images/5886721746.jpg,TRUE,copied
5889171835,gbif_previous_download,5889171835.jpg,5889171835.jpg,/Volumes/Radishes/GBIF_phenology_scored_specimen_images/5889171835.jpg,/Volumes/Radishes/GBIF_2026_update_scoring_images/5889171835.jpg,TRUE,copied
5900701147,gbif_previous_download,5900701147.jpg,5900701147.jpg,/Volumes/Radishes/GBIF_phenology_scored_specimen_images/5900701147.jpg,/Volumes/Radishes/GBIF_2026_update_scoring_images/5900701147.jpg,TRUE,copied
5937677303,gbif_previous_download,5937677303.jpg,5937677303.jpg,/Volumes/Radishes/GBIF_phenology_scored_specimen_images/5937677303.jpg,/Volumes/Radishes/GBIF_2026_update_scoring_images/5937677303.jpg,TRUE,copied
5937711436,gbif_previous_download,5937711436.jpg,5937711436.jpg,/Volumes/Radishes/GBIF_phenology_scored_specimen_images/5937711436.jpg,/Volumes/Radishes/GBIF_2026_update_scoring_images/5937711436.jpg,TRUE,copied
894984579,gbif_previous_download,894984579.jpg,894984579.jpg,/Volumes/Radishes/GBIF_phenology_scored_specimen_images/894984579.jpg,/Volumes/Radishes/GBIF_2026_update_scoring_images/894984579.jpg,TRUE,copied
894984604,gbif_previous_download,894984604.jpg,894984604.jpg,/Volumes/Radishes/GBIF_phenology_scored_specimen_images/894984604.jpg,/Volumes/Radishes/GBIF_2026_update_scoring_images/894984604.jpg,TRUE,copied
894984655,gbif_previous_download,894984655.jpg,894984655.jpg,/Volumes/Radishes/GBIF_phenology_scored_specimen_images/894984655.jpg,/Volumes/Radishes/GBIF_2026_update_scoring_images/894984655.jpg,TRUE,copied
1998560767,gbif_previous_download,SML_1998560767.jpg,1998560767.jpg,/Volumes/Radishes/GBIF_phenology_scored_specimen_images/SML_1998560767.jpg,/Volumes/Radishes/GBIF_2026_update_scoring_images/1998560767.jpg,TRUE,copied
1998567797,gbif_previous_download,SML_1998567797.jpg,1998567797.jpg,/Volumes/Radishes/GBIF_phenology_scored_specimen_images/SML_1998567797.jpg,/Volumes/Radishes/GBIF_2026_update_scoring_images/1998567797.jpg,TRUE,copied
1998581545,gbif_previous_download,SML_1998581545.jpg,1998581545.jpg,/Volumes/Radishes/GBIF_phenology_scored_specimen_images/SML_1998581545.jpg,/Volumes/Radishes/GBIF_2026_update_scoring_images/1998581545.jpg,TRUE,copied
1998602943,gbif_previous_download,SML_1998602943.jpg,1998602943.jpg,/Volumes/Radishes/GBIF_phenology_scored_specimen_images/SML_1998602943.jpg,/Volumes/Radishes/GBIF_2026_update_scoring_images/1998602943.jpg,TRUE,copied
1998603327,gbif_previous_download,SML_1998603327.jpg,1998603327.jpg,/Volumes/Radishes/GBIF_phenology_scored_specimen_images/SML_1998603327.jpg,/Volumes/Radishes/GBIF_2026_update_scoring_images/1998603327.jpg,TRUE,copied
1998605784,gbif_previous_download,SML_1998605784.jpg,1998605784.jpg,/Volumes/Radishes/GBIF_phenology_scored_specimen_images/SML_1998605784.jpg,/Volumes/Radishes/GBIF_2026_update_scoring_images/1998605784.jpg,TRUE,copied
1998636867,gbif_previous_download,SML_1998636867.jpg,1998636867.jpg,/Volumes/Radishes/GBIF_phenology_scored_specimen_images/SML_1998636867.jpg,/Volumes/Radishes/GBIF_2026_update_scoring_images/1998636867.jpg,TRUE,copied
1998723521,gbif_previous_download,SML_1998723521.jpg,1998723521.jpg,/Volumes/Radishes/GBIF_phenology_scored_specimen_images/SML_1998723521.jpg,/Volumes/Radishes/GBIF_2026_update_scoring_images/1998723521.jpg,TRUE,copied
1998756598,gbif_previous_download,SML_1998756598.jpg,1998756598.jpg,/Volumes/Radishes/GBIF_phenology_scored_specimen_images/SML_1998756598.jpg,/Volumes/Radishes/GBIF_2026_update_scoring_images/1998756598.jpg,TRUE,copied
1998789260,gbif_previous_download,SML_1998789260.jpg,1998789260.jpg,/Volumes/Radishes/GBIF_phenology_scored_specimen_images/SML_1998789260.jpg,/Volumes/Radishes/GBIF_2026_update_scoring_images/1998789260.jpg,TRUE,copied
1998815368,gbif_previous_download,SML_1998815368.jpg,1998815368.jpg,/Volumes/Radishes/GBIF_phenology_scored_specimen_images/SML_1998815368.jpg,/Volumes/Radishes/GBIF_2026_update_scoring_images/1998815368.jpg,TRUE,copied
1998838737,gbif_previous_download,SML_1998838737.jpg,1998838737.jpg,/Volumes/Radishes/GBIF_phenology_scored_specimen_images/SML_1998838737.jpg,/Volumes/Radishes/GBIF_2026_update_scoring_images/1998838737.jpg,TRUE,copied
1998850407,gbif_previous_download,SML_1998850407.jpg,1998850407.jpg,/Volumes/Radishes/GBIF_phenology_scored_specimen_images/SML_1998850407.jpg,/Volumes/Radishes/GBIF_2026_update_scoring_images/1998850407.jpg,TRUE,copied
1998870921,gbif_previous_download,SML_1998870921.jpg,1998870921.jpg,/Volumes/Radishes/GBIF_phenology_scored_specimen_images/SML_1998870921.jpg,/Volumes/Radishes/GBIF_2026_update_scoring_images/1998870921.jpg,TRUE,copied
1998881573,gbif_previous_download,SML_1998881573.jpg,1998881573.jpg,/Volumes/Radishes/GBIF_phenology_scored_specimen_images/SML_1998881573.jpg,/Volumes/Radishes/GBIF_2026_update_scoring_images/1998881573.jpg,TRUE,copied
1998926984,gbif_previous_download,SML_1998926984.jpg,1998926984.jpg,/Volumes/Radishes/GBIF_phenology_scored_specimen_images/SML_1998926984.jpg,/Volumes/Radishes/GBIF_2026_update_scoring_images/1998926984.jpg,TRUE,copied
1998929009,gbif_previous_download,SML_1998929009.jpg,1998929009.jpg,/Volumes/Radishes/GBIF_phenology_scored_specimen_images/SML_1998929009.jpg,/Volumes/Radishes/GBIF_2026_update_scoring_images/1998929009.jpg,TRUE,copied
1998965389,gbif_previous_download,SML_1998965389.jpg,1998965389.jpg,/Volumes/Radishes/GBIF_phenology_scored_specimen_images/SML_1998965389.jpg,/Volumes/Radishes/GBIF_2026_update_scoring_images/1998965389.jpg,TRUE,copied
1999000928,gbif_previous_download,SML_1999000928.jpg,1999000928.jpg,/Volumes/Radishes/GBIF_phenology_scored_specimen_images/SML_1999000928.jpg,/Volumes/Radishes/GBIF_2026_update_scoring_images/1999000928.jpg,TRUE,copied
1999016729,gbif_previous_download,SML_1999016729.jpg,1999016729.jpg,/Volumes/Radishes/GBIF_phenology_scored_specimen_images/SML_1999016729.jpg,/Volumes/Radishes/GBIF_2026_update_scoring_images/1999016729.jpg,TRUE,copied
1999035968,gbif_previous_download,SML_1999035968.jpg,1999035968.jpg,/Volumes/Radishes/GBIF_phenology_scored_specimen_images/SML_1999035968.jpg,/Volumes/Radishes/GBIF_2026_update_scoring_images/1999035968.jpg,TRUE,copied
1999087187,gbif_previous_download,SML_1999087187.jpg,1999087187.jpg,/Volumes/Radishes/GBIF_phenology_scored_specimen_images/SML_1999087187.jpg,/Volumes/Radishes/GBIF_2026_update_scoring_images/1999087187.jpg,TRUE,copied
1999117651,gbif_previous_download,SML_1999117651.jpg,1999117651.jpg,/Volumes/Radishes/GBIF_phenology_scored_specimen_images/SML_1999117651.jpg,/Volumes/Radishes/GBIF_2026_update_scoring_images/1999117651.jpg,TRUE,copied
1999120723,gbif_previous_download,SML_1999120723.jpg,1999120723.jpg,/Volumes/Radishes/GBIF_phenology_scored_specimen_images/SML_1999120723.jpg,/Volumes/Radishes/GBIF_2026_update_scoring_images/1999120723.jpg,TRUE,copied
1999128077,gbif_previous_download,SML_1999128077.jpg,1999128077.jpg,/Volumes/Radishes/GBIF_phenology_scored_specimen_images/SML_1999128077.jpg,/Volumes/Radishes/GBIF_2026_update_scoring_images/1999128077.jpg,TRUE,copied
1999131447,gbif_previous_download,SML_1999131447.jpg,1999131447.jpg,/Volumes/Radishes/GBIF_phenology_scored_specimen_images/SML_1999131447.jpg,/Volumes/Radishes/GBIF_2026_update_scoring_images/1999131447.jpg,TRUE,copied
1999165525,gbif_previous_download,SML_1999165525.jpg,1999165525.jpg,/Volumes/Radishes/GBIF_phenology_scored_specimen_images/SML_1999165525.jpg,/Volumes/Radishes/GBIF_2026_update_scoring_images/1999165525.jpg,TRUE,copied
1999221539,gbif_previous_download,SML_1999221539.jpg,1999221539.jpg,/Volumes/Radishes/GBIF_phenology_scored_specimen_images/SML_1999221539.jpg,/Volumes/Radishes/GBIF_2026_update_scoring_images/1999221539.jpg,TRUE,copied
1999221651,gbif_previous_download,SML_1999221651.jpg,1999221651.jpg,/Volumes/Radishes/GBIF_phenology_scored_specimen_images/SML_1999221651.jpg,/Volumes/Radishes/GBIF_2026_update_scoring_images/1999221651.jpg,TRUE,copied
1999235118,gbif_previous_download,SML_1999235118.jpg,1999235118.jpg,/Volumes/Radishes/GBIF_phenology_scored_specimen_images/SML_1999235118.jpg,/Volumes/Radishes/GBIF_2026_update_scoring_images/1999235118.jpg,TRUE,copied
1999241263,gbif_previous_download,SML_1999241263.jpg,1999241263.jpg,/Volumes/Radishes/GBIF_phenology_scored_specimen_images/SML_1999241263.jpg,/Volumes/Radishes/GBIF_2026_update_scoring_images/1999241263.jpg,TRUE,copied
1999264736,gbif_previous_download,SML_1999264736.jpg,1999264736.jpg,/Volumes/Radishes/GBIF_phenology_scored_specimen_images/SML_1999264736.jpg,/Volumes/Radishes/GBIF_2026_update_scoring_images/1999264736.jpg,TRUE,copied
1999287812,gbif_previous_download,SML_1999287812.jpg,1999287812.jpg,/Volumes/Radishes/GBIF_phenology_scored_specimen_images/SML_1999287812.jpg,/Volumes/Radishes/GBIF_2026_update_scoring_images/1999287812.jpg,TRUE,copied
1999312794,gbif_previous_download,SML_1999312794.jpg,1999312794.jpg,/Volumes/Radishes/GBIF_phenology_scored_specimen_images/SML_1999312794.jpg,/Volumes/Radishes/GBIF_2026_update_scoring_images/1999312794.jpg,TRUE,copied
1999325974,gbif_previous_download,SML_1999325974.jpg,1999325974.jpg,/Volumes/Radishes/GBIF_phenology_scored_specimen_images/SML_1999325974.jpg,/Volumes/Radishes/GBIF_2026_update_scoring_images/1999325974.jpg,TRUE,copied
1999330575,gbif_previous_download,SML_1999330575.jpg,1999330575.jpg,/Volumes/Radishes/GBIF_phenology_scored_specimen_images/SML_1999330575.jpg,/Volumes/Radishes/GBIF_2026_update_scoring_images/1999330575.jpg,TRUE,copied
1999334166,gbif_previous_download,SML_1999334166.jpg,1999334166.jpg,/Volumes/Radishes/GBIF_phenology_scored_specimen_images/SML_1999334166.jpg,/Volumes/Radishes/GBIF_2026_update_scoring_images/1999334166.jpg,TRUE,copied
1999334642,gbif_previous_download,SML_1999334642.jpg,1999334642.jpg,/Volumes/Radishes/GBIF_phenology_scored_specimen_images/SML_1999334642.jpg,/Volumes/Radishes/GBIF_2026_update_scoring_images/1999334642.jpg,TRUE,copied
1999393230,gbif_previous_download,SML_1999393230.jpg,1999393230.jpg,/Volumes/Radishes/GBIF_phenology_scored_specimen_images/SML_1999393230.jpg,/Volumes/Radishes/GBIF_2026_update_scoring_images/1999393230.jpg,TRUE,copied
1999401292,gbif_previous_download,SML_1999401292.jpg,1999401292.jpg,/Volumes/Radishes/GBIF_phenology_scored_specimen_images/SML_1999401292.jpg,/Volumes/Radishes/GBIF_2026_update_scoring_images/1999401292.jpg,TRUE,copied
1999417063,gbif_previous_download,SML_1999417063.jpg,1999417063.jpg,/Volumes/Radishes/GBIF_phenology_scored_specimen_images/SML_1999417063.jpg,/Volumes/Radishes/GBIF_2026_update_scoring_images/1999417063.jpg,TRUE,copied
1999421493,gbif_previous_download,SML_1999421493.jpg,1999421493.jpg,/Volumes/Radishes/GBIF_phenology_scored_specimen_images/SML_1999421493.jpg,/Volumes/Radishes/GBIF_2026_update_scoring_images/1999421493.jpg,TRUE,copied
2575051207,gbif_previous_download,SML_2575051207.jpg,2575051207.jpg,/Volumes/Radishes/GBIF_phenology_scored_specimen_images/SML_2575051207.jpg,/Volumes/Radishes/GBIF_2026_update_scoring_images/2575051207.jpg,TRUE,copied
2575052218,gbif_previous_download,SML_2575052218.jpg,2575052218.jpg,/Volumes/Radishes/GBIF_phenology_scored_specimen_images/SML_2575052218.jpg,/Volumes/Radishes/GBIF_2026_update_scoring_images/2575052218.jpg,TRUE,copied
3395813387,gbif_previous_download,SML_3395813387.jpg,3395813387.jpg,/Volumes/Radishes/GBIF_phenology_scored_specimen_images/SML_3395813387.jpg,/Volumes/Radishes/GBIF_2026_update_scoring_images/3395813387.jpg,TRUE,copied
3395815342,gbif_previous_download,SML_3395815342.jpg,3395815342.jpg,/Volumes/Radishes/GBIF_phenology_scored_specimen_images/SML_3395815342.jpg,/Volumes/Radishes/GBIF_2026_update_scoring_images/3395815342.jpg,TRUE,copied
3749287346,gbif_previous_download,SML_3749287346.jpg,3749287346.jpg,/Volumes/Radishes/GBIF_phenology_scored_specimen_images/SML_3749287346.jpg,/Volumes/Radishes/GBIF_2026_update_scoring_images/3749287346.jpg,TRUE,copied
3915845386,gbif_previous_download,SML_3915845386.jpg,3915845386.jpg,/Volumes/Radishes/GBIF_phenology_scored_specimen_images/SML_3915845386.jpg,/Volumes/Radishes/GBIF_2026_update_scoring_images/3915845386.jpg,TRUE,copied
3978704823,gbif_previous_download,SML_3978704823.jpg,3978704823.jpg,/Volumes/Radishes/GBIF_phenology_scored_specimen_images/SML_3978704823.jpg,/Volumes/Radishes/GBIF_2026_update_scoring_images/3978704823.jpg,TRUE,copied
3978711058,gbif_previous_download,SML_3978711058.jpg,3978711058.jpg,/Volumes/Radishes/GBIF_phenology_scored_specimen_images/SML_3978711058.jpg,/Volumes/Radishes/GBIF_2026_update_scoring_images/3978711058.jpg,TRUE,copied
3978740087,gbif_previous_download,SML_3978740087.jpg,3978740087.jpg,/Volumes/Radishes/GBIF_phenology_scored_specimen_images/SML_3978740087.jpg,/Volumes/Radishes/GBIF_2026_update_scoring_images/3978740087.jpg,TRUE,copied
3978746654,gbif_previous_download,SML_3978746654.jpg,3978746654.jpg,/Volumes/Radishes/GBIF_phenology_scored_specimen_images/SML_3978746654.jpg,/Volumes/Radishes/GBIF_2026_update_scoring_images/3978746654.jpg,TRUE,copied
3978755506,gbif_previous_download,SML_3978755506.jpg,3978755506.jpg,/Volumes/Radishes/GBIF_phenology_scored_specimen_images/SML_3978755506.jpg,/Volumes/Radishes/GBIF_2026_update_scoring_images/3978755506.jpg,TRUE,copied
4006241339,gbif_previous_download,SML_4006241339.jpg,4006241339.jpg,/Volumes/Radishes/GBIF_phenology_scored_specimen_images/SML_4006241339.jpg,/Volumes/Radishes/GBIF_2026_update_scoring_images/4006241339.jpg,TRUE,copied
4527874197,gbif_previous_download,SML_4527874197.jpg,4527874197.jpg,/Volumes/Radishes/GBIF_phenology_scored_specimen_images/SML_4527874197.jpg,/Volumes/Radishes/GBIF_2026_update_scoring_images/4527874197.jpg,TRUE,copied
5072863701,gbif_previous_download,SML_5072863701.jpg,5072863701.jpg,/Volumes/Radishes/GBIF_phenology_scored_specimen_images/SML_5072863701.jpg,/Volumes/Radishes/GBIF_2026_update_scoring_images/5072863701.jpg,TRUE,copied
5074461240,gbif_previous_download,SML_5074461240.jpg,5074461240.jpg,/Volumes/Radishes/GBIF_phenology_scored_specimen_images/SML_5074461240.jpg,/Volumes/Radishes/GBIF_2026_update_scoring_images/5074461240.jpg,TRUE,copied
5074461246,gbif_previous_download,SML_5074461246.jpg,5074461246.jpg,/Volumes/Radishes/GBIF_phenology_scored_specimen_images/SML_5074461246.jpg,/Volumes/Radishes/GBIF_2026_update_scoring_images/5074461246.jpg,TRUE,copied
5083369513,gbif_previous_download,SML_5083369513.jpg,5083369513.jpg,/Volumes/Radishes/GBIF_phenology_scored_specimen_images/SML_5083369513.jpg,/Volumes/Radishes/GBIF_2026_update_scoring_images/5083369513.jpg,TRUE,copied
3059692789,locally_imaged_cda_yose,CDA-0003827.jpg,3059692789.jpg,/Volumes/Radishes/locally_imaged_herbarium_sheets/CDA_YOSE/CDA-0003827.jpg,/Volumes/Radishes/GBIF_2026_update_scoring_images/3059692789.jpg,TRUE,copied
3059713160,locally_imaged_cda_yose,CDA-0003828.jpg,3059713160.jpg,/Volumes/Radishes/locally_imaged_herbarium_sheets/CDA_YOSE/CDA-0003828.jpg,/Volumes/Radishes/GBIF_2026_update_scoring_images/3059713160.jpg,TRUE,copied
3059684539,locally_imaged_cda_yose,CDA-0003829.jpg,3059684539.jpg,/Volumes/Radishes/locally_imaged_herbarium_sheets/CDA_YOSE/CDA-0003829.jpg,/Volumes/Radishes/GBIF_2026_update_scoring_images/3059684539.jpg,TRUE,copied
3059684541,locally_imaged_cda_yose,CDA-0003830.jpg,3059684541.jpg,/Volumes/Radishes/locally_imaged_herbarium_sheets/CDA_YOSE/CDA-0003830.jpg,/Volumes/Radishes/GBIF_2026_update_scoring_images/3059684541.jpg,TRUE,copied
3059684548,locally_imaged_cda_yose,CDA-0003832.jpg,3059684548.jpg,/Volumes/Radishes/locally_imaged_herbarium_sheets/CDA_YOSE/CDA-0003832.jpg,/Volumes/Radishes/GBIF_2026_update_scoring_images/3059684548.jpg,TRUE,copied
3059684849,locally_imaged_cda_yose,CDA-0003833.jpg,3059684849.jpg,/Volumes/Radishes/locally_imaged_herbarium_sheets/CDA_YOSE/CDA-0003833.jpg,/Volumes/Radishes/GBIF_2026_update_scoring_images/3059684849.jpg,TRUE,copied
3059687204,locally_imaged_cda_yose,CDA-0007749.jpg,3059687204.jpg,/Volumes/Radishes/locally_imaged_herbarium_sheets/CDA_YOSE/CDA-0007749.jpg,/Volumes/Radishes/GBIF_2026_update_scoring_images/3059687204.jpg,TRUE,copied
3059684852,locally_imaged_cda_yose,CDA-0008773.jpg,3059684852.jpg,/Volumes/Radishes/locally_imaged_herbarium_sheets/CDA_YOSE/CDA-0008773.jpg,/Volumes/Radishes/GBIF_2026_update_scoring_images/3059684852.jpg,TRUE,copied
3059684855,locally_imaged_cda_yose,CDA-0012316.jpg,3059684855.jpg,/Volumes/Radishes/locally_imaged_herbarium_sheets/CDA_YOSE/CDA-0012316.jpg,/Volumes/Radishes/GBIF_2026_update_scoring_images/3059684855.jpg,TRUE,copied
3059684848,locally_imaged_cda_yose,CDA-0012718.jpg,3059684848.jpg,/Volumes/Radishes/locally_imaged_herbarium_sheets/CDA_YOSE/CDA-0012718.jpg,/Volumes/Radishes/GBIF_2026_update_scoring_images/3059684848.jpg,TRUE,copied
3059684846,locally_imaged_cda_yose,CDA-0016146.jpg,3059684846.jpg,/Volumes/Radishes/locally_imaged_herbarium_sheets/CDA_YOSE/CDA-0016146.jpg,/Volumes/Radishes/GBIF_2026_update_scoring_images/3059684846.jpg,TRUE,copied
3059684837,locally_imaged_cda_yose,CDA-0016210.jpg,3059684837.jpg,/Volumes/Radishes/locally_imaged_herbarium_sheets/CDA_YOSE/CDA-0016210.jpg,/Volumes/Radishes/GBIF_2026_update_scoring_images/3059684837.jpg,TRUE,copied
3059684838,locally_imaged_cda_yose,CDA-0016211.jpg,3059684838.jpg,/Volumes/Radishes/locally_imaged_herbarium_sheets/CDA_YOSE/CDA-0016211.jpg,/Volumes/Radishes/GBIF_2026_update_scoring_images/3059684838.jpg,TRUE,copied
3059684842,locally_imaged_cda_yose,CDA-0018779.jpg,3059684842.jpg,/Volumes/Radishes/locally_imaged_herbarium_sheets/CDA_YOSE/CDA-0018779.jpg,/Volumes/Radishes/GBIF_2026_update_scoring_images/3059684842.jpg,TRUE,copied
3059684839,locally_imaged_cda_yose,CDA-0019431.jpg,3059684839.jpg,/Volumes/Radishes/locally_imaged_herbarium_sheets/CDA_YOSE/CDA-0019431.jpg,/Volumes/Radishes/GBIF_2026_update_scoring_images/3059684839.jpg,TRUE,copied
3059684841,locally_imaged_cda_yose,CDA-0020839.jpg,3059684841.jpg,/Volumes/Radishes/locally_imaged_herbarium_sheets/CDA_YOSE/CDA-0020839.jpg,/Volumes/Radishes/GBIF_2026_update_scoring_images/3059684841.jpg,TRUE,copied
3059684857,locally_imaged_cda_yose,CDA-0025105.jpg,3059684857.jpg,/Volumes/Radishes/locally_imaged_herbarium_sheets/CDA_YOSE/CDA-0025105.jpg,/Volumes/Radishes/GBIF_2026_update_scoring_images/3059684857.jpg,TRUE,copied
3059684830,locally_imaged_cda_yose,CDA-0030836.jpg,3059684830.jpg,/Volumes/Radishes/locally_imaged_herbarium_sheets/CDA_YOSE/CDA-0030836.jpg,/Volumes/Radishes/GBIF_2026_update_scoring_images/3059684830.jpg,TRUE,copied
3059684607,locally_imaged_cda_yose,CDA-0034482.jpg,3059684607.jpg,/Volumes/Radishes/locally_imaged_herbarium_sheets/CDA_YOSE/CDA-0034482.jpg,/Volumes/Radishes/GBIF_2026_update_scoring_images/3059684607.jpg,TRUE,copied
3059684612,locally_imaged_cda_yose,CDA-0035919.jpg,3059684612.jpg,/Volumes/Radishes/locally_imaged_herbarium_sheets/CDA_YOSE/CDA-0035919.jpg,/Volumes/Radishes/GBIF_2026_update_scoring_images/3059684612.jpg,TRUE,copied
3059684536,locally_imaged_cda_yose,CDA-0037168.jpg,3059684536.jpg,/Volumes/Radishes/locally_imaged_herbarium_sheets/CDA_YOSE/CDA-0037168.jpg,/Volumes/Radishes/GBIF_2026_update_scoring_images/3059684536.jpg,TRUE,copied
3059667876,locally_imaged_cda_yose,CDA-0043773.jpg,3059667876.jpg,/Volumes/Radishes/locally_imaged_herbarium_sheets/CDA_YOSE/CDA-0043773.jpg,/Volumes/Radishes/GBIF_2026_update_scoring_images/3059667876.jpg,TRUE,copied
3059684560,locally_imaged_cda_yose,CDA-0043873.jpg,3059684560.jpg,/Volumes/Radishes/locally_imaged_herbarium_sheets/CDA_YOSE/CDA-0043873.jpg,/Volumes/Radishes/GBIF_2026_update_scoring_images/3059684560.jpg,TRUE,copied
3059684850,locally_imaged_cda_yose,CDA-0043944.jpg,3059684850.jpg,/Volumes/Radishes/locally_imaged_herbarium_sheets/CDA_YOSE/CDA-0043944.jpg,/Volumes/Radishes/GBIF_2026_update_scoring_images/3059684850.jpg,TRUE,copied
3059664332,locally_imaged_cda_yose,CDA-0047964.jpg,3059664332.jpg,/Volumes/Radishes/locally_imaged_herbarium_sheets/CDA_YOSE/CDA-0047964.jpg,/Volumes/Radishes/GBIF_2026_update_scoring_images/3059664332.jpg,TRUE,copied
3059664336,locally_imaged_cda_yose,CDA-0047965.jpg,3059664336.jpg,/Volumes/Radishes/locally_imaged_herbarium_sheets/CDA_YOSE/CDA-0047965.jpg,/Volumes/Radishes/GBIF_2026_update_scoring_images/3059664336.jpg,TRUE,copied
3059664326,locally_imaged_cda_yose,CDA-0047966.jpg,3059664326.jpg,/Volumes/Radishes/locally_imaged_herbarium_sheets/CDA_YOSE/CDA-0047966.jpg,/Volumes/Radishes/GBIF_2026_update_scoring_images/3059664326.jpg,TRUE,copied
3059684562,locally_imaged_cda_yose,CDA-0049115.jpg,3059684562.jpg,/Volumes/Radishes/locally_imaged_herbarium_sheets/CDA_YOSE/CDA-0049115.jpg,/Volumes/Radishes/GBIF_2026_update_scoring_images/3059684562.jpg,TRUE,copied
3059684844,locally_imaged_cda_yose,CDA-0059481.jpg,3059684844.jpg,/Volumes/Radishes/locally_imaged_herbarium_sheets/CDA_YOSE/CDA-0059481.jpg,/Volumes/Radishes/GBIF_2026_update_scoring_images/3059684844.jpg,TRUE,copied
3059684843,locally_imaged_cda_yose,CDA-0059482.jpg,3059684843.jpg,/Volumes/Radishes/locally_imaged_herbarium_sheets/CDA_YOSE/CDA-0059482.jpg,/Volumes/Radishes/GBIF_2026_update_scoring_images/3059684843.jpg,TRUE,copied
3125274672,ucd_imaged_sd,SD00025459.jpg,3125274672.jpg,/Volumes/Radishes/locally_imaged_herbarium_sheets/SD/SD00025459.jpg,/Volumes/Radishes/GBIF_2026_update_scoring_images/3125274672.jpg,TRUE,copied
3125147786,ucd_imaged_sd,SD00029907.jpg,3125147786.jpg,/Volumes/Radishes/locally_imaged_herbarium_sheets/SD/SD00029907.jpg,/Volumes/Radishes/GBIF_2026_update_scoring_images/3125147786.jpg,TRUE,copied
3125274773,ucd_imaged_sd,SD00030202.jpg,3125274773.jpg,/Volumes/Radishes/locally_imaged_herbarium_sheets/SD/SD00030202.jpg,/Volumes/Radishes/GBIF_2026_update_scoring_images/3125274773.jpg,TRUE,copied
3125050376,ucd_imaged_sd,SD00060083.jpg,3125050376.jpg,/Volumes/Radishes/locally_imaged_herbarium_sheets/SD/SD00060083.jpg,/Volumes/Radishes/GBIF_2026_update_scoring_images/3125050376.jpg,TRUE,copied
3125052355,ucd_imaged_sd,SD00060084.jpg,3125052355.jpg,/Volumes/Radishes/locally_imaged_herbarium_sheets/SD/SD00060084.jpg,/Volumes/Radishes/GBIF_2026_update_scoring_images/3125052355.jpg,TRUE,copied
3125056389,ucd_imaged_sd,SD00061955.jpg,3125056389.jpg,/Volumes/Radishes/locally_imaged_herbarium_sheets/SD/SD00061955.jpg,/Volumes/Radishes/GBIF_2026_update_scoring_images/3125056389.jpg,TRUE,copied
3125054369,ucd_imaged_sd,SD00062557.jpg,3125054369.jpg,/Volumes/Radishes/locally_imaged_herbarium_sheets/SD/SD00062557.jpg,/Volumes/Radishes/GBIF_2026_update_scoring_images/3125054369.jpg,TRUE,copied
3125055358,ucd_imaged_sd,SD00062559.jpg,3125055358.jpg,/Volumes/Radishes/locally_imaged_herbarium_sheets/SD/SD00062559.jpg,/Volumes/Radishes/GBIF_2026_update_scoring_images/3125055358.jpg,TRUE,copied
3125056390,ucd_imaged_sd,SD00062561.jpg,3125056390.jpg,/Volumes/Radishes/locally_imaged_herbarium_sheets/SD/SD00062561.jpg,/Volumes/Radishes/GBIF_2026_update_scoring_images/3125056390.jpg,TRUE,copied
3125184379,ucd_imaged_sd,SD00062563.jpg,3125184379.jpg,/Volumes/Radishes/locally_imaged_herbarium_sheets/SD/SD00062563.jpg,/Volumes/Radishes/GBIF_2026_update_scoring_images/3125184379.jpg,TRUE,copied
3125057354,ucd_imaged_sd,SD00062564.jpg,3125057354.jpg,/Volumes/Radishes/locally_imaged_herbarium_sheets/SD/SD00062564.jpg,/Volumes/Radishes/GBIF_2026_update_scoring_images/3125057354.jpg,TRUE,copied
3125180405,ucd_imaged_sd,SD00062583.jpg,3125180405.jpg,/Volumes/Radishes/locally_imaged_herbarium_sheets/SD/SD00062583.jpg,/Volumes/Radishes/GBIF_2026_update_scoring_images/3125180405.jpg,TRUE,copied
3125181403,ucd_imaged_sd,SD00062584.jpg,3125181403.jpg,/Volumes/Radishes/locally_imaged_herbarium_sheets/SD/SD00062584.jpg,/Volumes/Radishes/GBIF_2026_update_scoring_images/3125181403.jpg,TRUE,copied
3125179402,ucd_imaged_sd,SD00062585.jpg,3125179402.jpg,/Volumes/Radishes/locally_imaged_herbarium_sheets/SD/SD00062585.jpg,/Volumes/Radishes/GBIF_2026_update_scoring_images/3125179402.jpg,TRUE,copied
3125183394,ucd_imaged_sd,SD00062589.jpg,3125183394.jpg,/Volumes/Radishes/locally_imaged_herbarium_sheets/SD/SD00062589.jpg,/Volumes/Radishes/GBIF_2026_update_scoring_images/3125183394.jpg,TRUE,copied
3125188392,ucd_imaged_sd,SD00062590.jpg,3125188392.jpg,/Volumes/Radishes/locally_imaged_herbarium_sheets/SD/SD00062590.jpg,/Volumes/Radishes/GBIF_2026_update_scoring_images/3125188392.jpg,TRUE,copied
3125182368,ucd_imaged_sd,SD00062628.jpg,3125182368.jpg,/Volumes/Radishes/locally_imaged_herbarium_sheets/SD/SD00062628.jpg,/Volumes/Radishes/GBIF_2026_update_scoring_images/3125182368.jpg,TRUE,copied
3125188395,ucd_imaged_sd,SD00062630.jpg,3125188395.jpg,/Volumes/Radishes/locally_imaged_herbarium_sheets/SD/SD00062630.jpg,/Volumes/Radishes/GBIF_2026_update_scoring_images/3125188395.jpg,TRUE,copied
3125182367,ucd_imaged_sd,SD00062638.jpg,3125182367.jpg,/Volumes/Radishes/locally_imaged_herbarium_sheets/SD/SD00062638.jpg,/Volumes/Radishes/GBIF_2026_update_scoring_images/3125182367.jpg,TRUE,copied
3125181402,ucd_imaged_sd,SD00062639.jpg,3125181402.jpg,/Volumes/Radishes/locally_imaged_herbarium_sheets/SD/SD00062639.jpg,/Volumes/Radishes/GBIF_2026_update_scoring_images/3125181402.jpg,TRUE,copied
3125186369,ucd_imaged_sd,SD00062647.jpg,3125186369.jpg,/Volumes/Radishes/locally_imaged_herbarium_sheets/SD/SD00062647.jpg,/Volumes/Radishes/GBIF_2026_update_scoring_images/3125186369.jpg,TRUE,copied
3125182366,ucd_imaged_sd,SD00062648.jpg,3125182366.jpg,/Volumes/Radishes/locally_imaged_herbarium_sheets/SD/SD00062648.jpg,/Volumes/Radishes/GBIF_2026_update_scoring_images/3125182366.jpg,TRUE,copied
3125186373,ucd_imaged_sd,SD00062650.jpg,3125186373.jpg,/Volumes/Radishes/locally_imaged_herbarium_sheets/SD/SD00062650.jpg,/Volumes/Radishes/GBIF_2026_update_scoring_images/3125186373.jpg,TRUE,copied
3125186372,ucd_imaged_sd,SD00062655.jpg,3125186372.jpg,/Volumes/Radishes/locally_imaged_herbarium_sheets/SD/SD00062655.jpg,/Volumes/Radishes/GBIF_2026_update_scoring_images/3125186372.jpg,TRUE,copied
3125184384,ucd_imaged_sd,SD00062656.jpg,3125184384.jpg,/Volumes/Radishes/locally_imaged_herbarium_sheets/SD/SD00062656.jpg,/Volumes/Radishes/GBIF_2026_update_scoring_images/3125184384.jpg,TRUE,copied
3125054364,ucd_imaged_sd,SD00062659.jpg,3125054364.jpg,/Volumes/Radishes/locally_imaged_herbarium_sheets/SD/SD00062659.jpg,/Volumes/Radishes/GBIF_2026_update_scoring_images/3125054364.jpg,TRUE,copied
3125049358,ucd_imaged_sd,SD00062660.jpg,3125049358.jpg,/Volumes/Radishes/locally_imaged_herbarium_sheets/SD/SD00062660.jpg,/Volumes/Radishes/GBIF_2026_update_scoring_images/3125049358.jpg,TRUE,copied
3125180398,ucd_imaged_sd,SD00062664.jpg,3125180398.jpg,/Volumes/Radishes/locally_imaged_herbarium_sheets/SD/SD00062664.jpg,/Volumes/Radishes/GBIF_2026_update_scoring_images/3125180398.jpg,TRUE,copied
3125051387,ucd_imaged_sd,SD00062666.jpg,3125051387.jpg,/Volumes/Radishes/locally_imaged_herbarium_sheets/SD/SD00062666.jpg,/Volumes/Radishes/GBIF_2026_update_scoring_images/3125051387.jpg,TRUE,copied
3125182363,ucd_imaged_sd,SD00062667.jpg,3125182363.jpg,/Volumes/Radishes/locally_imaged_herbarium_sheets/SD/SD00062667.jpg,/Volumes/Radishes/GBIF_2026_update_scoring_images/3125182363.jpg,TRUE,copied
3125182362,ucd_imaged_sd,SD00062668.jpg,3125182362.jpg,/Volumes/Radishes/locally_imaged_herbarium_sheets/SD/SD00062668.jpg,/Volumes/Radishes/GBIF_2026_update_scoring_images/3125182362.jpg,TRUE,copied
3125186366,ucd_imaged_sd,SD00062669.jpg,3125186366.jpg,/Volumes/Radishes/locally_imaged_herbarium_sheets/SD/SD00062669.jpg,/Volumes/Radishes/GBIF_2026_update_scoring_images/3125186366.jpg,TRUE,copied
3125055353,ucd_imaged_sd,SD00062671.jpg,3125055353.jpg,/Volumes/Radishes/locally_imaged_herbarium_sheets/SD/SD00062671.jpg,/Volumes/Radishes/GBIF_2026_update_scoring_images/3125055353.jpg,TRUE,copied
3125186365,ucd_imaged_sd,SD00062672.jpg,3125186365.jpg,/Volumes/Radishes/locally_imaged_herbarium_sheets/SD/SD00062672.jpg,/Volumes/Radishes/GBIF_2026_update_scoring_images/3125186365.jpg,TRUE,copied
3125184377,ucd_imaged_sd,SD00062673.jpg,3125184377.jpg,/Volumes/Radishes/locally_imaged_herbarium_sheets/SD/SD00062673.jpg,/Volumes/Radishes/GBIF_2026_update_scoring_images/3125184377.jpg,TRUE,copied
3125188388,ucd_imaged_sd,SD00062675.jpg,3125188388.jpg,/Volumes/Radishes/locally_imaged_herbarium_sheets/SD/SD00062675.jpg,/Volumes/Radishes/GBIF_2026_update_scoring_images/3125188388.jpg,TRUE,copied
3125051385,ucd_imaged_sd,SD00062676.jpg,3125051385.jpg,/Volumes/Radishes/locally_imaged_herbarium_sheets/SD/SD00062676.jpg,/Volumes/Radishes/GBIF_2026_update_scoring_images/3125051385.jpg,TRUE,copied
3125180396,ucd_imaged_sd,SD00062677.jpg,3125180396.jpg,/Volumes/Radishes/locally_imaged_herbarium_sheets/SD/SD00062677.jpg,/Volumes/Radishes/GBIF_2026_update_scoring_images/3125180396.jpg,TRUE,copied
3125052354,ucd_imaged_sd,SD00062678.jpg,3125052354.jpg,/Volumes/Radishes/locally_imaged_herbarium_sheets/SD/SD00062678.jpg,/Volumes/Radishes/GBIF_2026_update_scoring_images/3125052354.jpg,TRUE,copied
3125054361,ucd_imaged_sd,SD00062679.jpg,3125054361.jpg,/Volumes/Radishes/locally_imaged_herbarium_sheets/SD/SD00062679.jpg,/Volumes/Radishes/GBIF_2026_update_scoring_images/3125054361.jpg,TRUE,copied
3125183397,ucd_imaged_sd,SD00062682.jpg,3125183397.jpg,/Volumes/Radishes/locally_imaged_herbarium_sheets/SD/SD00062682.jpg,/Volumes/Radishes/GBIF_2026_update_scoring_images/3125183397.jpg,TRUE,copied
3125179399,ucd_imaged_sd,SD00062685.jpg,3125179399.jpg,/Volumes/Radishes/locally_imaged_herbarium_sheets/SD/SD00062685.jpg,/Volumes/Radishes/GBIF_2026_update_scoring_images/3125179399.jpg,TRUE,copied
3125180402,ucd_imaged_sd,SD00062691.jpg,3125180402.jpg,/Volumes/Radishes/locally_imaged_herbarium_sheets/SD/SD00062691.jpg,/Volumes/Radishes/GBIF_2026_update_scoring_images/3125180402.jpg,TRUE,copied
3125186374,ucd_imaged_sd,SD00062696.jpg,3125186374.jpg,/Volumes/Radishes/locally_imaged_herbarium_sheets/SD/SD00062696.jpg,/Volumes/Radishes/GBIF_2026_update_scoring_images/3125186374.jpg,TRUE,copied
3125184386,ucd_imaged_sd,SD00062697.jpg,3125184386.jpg,/Volumes/Radishes/locally_imaged_herbarium_sheets/SD/SD00062697.jpg,/Volumes/Radishes/GBIF_2026_update_scoring_images/3125184386.jpg,TRUE,copied
3125187385,ucd_imaged_sd,SD00062698.jpg,3125187385.jpg,/Volumes/Radishes/locally_imaged_herbarium_sheets/SD/SD00062698.jpg,/Volumes/Radishes/GBIF_2026_update_scoring_images/3125187385.jpg,TRUE,copied
3125185407,ucd_imaged_sd,SD00062701.jpg,3125185407.jpg,/Volumes/Radishes/locally_imaged_herbarium_sheets/SD/SD00062701.jpg,/Volumes/Radishes/GBIF_2026_update_scoring_images/3125185407.jpg,TRUE,copied
3125053369,ucd_imaged_sd,SD00062702.jpg,3125053369.jpg,/Volumes/Radishes/locally_imaged_herbarium_sheets/SD/SD00062702.jpg,/Volumes/Radishes/GBIF_2026_update_scoring_images/3125053369.jpg,TRUE,copied
3125057363,ucd_imaged_sd,SD00062705.jpg,3125057363.jpg,/Volumes/Radishes/locally_imaged_herbarium_sheets/SD/SD00062705.jpg,/Volumes/Radishes/GBIF_2026_update_scoring_images/3125057363.jpg,TRUE,copied
3125056395,ucd_imaged_sd,SD00062706.jpg,3125056395.jpg,/Volumes/Radishes/locally_imaged_herbarium_sheets/SD/SD00062706.jpg,/Volumes/Radishes/GBIF_2026_update_scoring_images/3125056395.jpg,TRUE,copied
3125058383,ucd_imaged_sd,SD00062707.jpg,3125058383.jpg,/Volumes/Radishes/locally_imaged_herbarium_sheets/SD/SD00062707.jpg,/Volumes/Radishes/GBIF_2026_update_scoring_images/3125058383.jpg,TRUE,copied
3125187377,ucd_imaged_sd,SD00062713.jpg,3125187377.jpg,/Volumes/Radishes/locally_imaged_herbarium_sheets/SD/SD00062713.jpg,/Volumes/Radishes/GBIF_2026_update_scoring_images/3125187377.jpg,TRUE,copied
3125051386,ucd_imaged_sd,SD00062714.jpg,3125051386.jpg,/Volumes/Radishes/locally_imaged_herbarium_sheets/SD/SD00062714.jpg,/Volumes/Radishes/GBIF_2026_update_scoring_images/3125051386.jpg,TRUE,copied
3125057355,ucd_imaged_sd,SD00062715.jpg,3125057355.jpg,/Volumes/Radishes/locally_imaged_herbarium_sheets/SD/SD00062715.jpg,/Volumes/Radishes/GBIF_2026_update_scoring_images/3125057355.jpg,TRUE,copied
3125053362,ucd_imaged_sd,SD00062716.jpg,3125053362.jpg,/Volumes/Radishes/locally_imaged_herbarium_sheets/SD/SD00062716.jpg,/Volumes/Radishes/GBIF_2026_update_scoring_images/3125053362.jpg,TRUE,copied
3125188387,ucd_imaged_sd,SD00062718.jpg,3125188387.jpg,/Volumes/Radishes/locally_imaged_herbarium_sheets/SD/SD00062718.jpg,/Volumes/Radishes/GBIF_2026_update_scoring_images/3125188387.jpg,TRUE,copied
3125050380,ucd_imaged_sd,SD00062720.jpg,3125050380.jpg,/Volumes/Radishes/locally_imaged_herbarium_sheets/SD/SD00062720.jpg,/Volumes/Radishes/GBIF_2026_update_scoring_images/3125050380.jpg,TRUE,copied
3125051396,ucd_imaged_sd,SD00062723.jpg,3125051396.jpg,/Volumes/Radishes/locally_imaged_herbarium_sheets/SD/SD00062723.jpg,/Volumes/Radishes/GBIF_2026_update_scoring_images/3125051396.jpg,TRUE,copied
3125058385,ucd_imaged_sd,SD00062724.jpg,3125058385.jpg,/Volumes/Radishes/locally_imaged_herbarium_sheets/SD/SD00062724.jpg,/Volumes/Radishes/GBIF_2026_update_scoring_images/3125058385.jpg,TRUE,copied
3125179406,ucd_imaged_sd,SD00062725.jpg,3125179406.jpg,/Volumes/Radishes/locally_imaged_herbarium_sheets/SD/SD00062725.jpg,/Volumes/Radishes/GBIF_2026_update_scoring_images/3125179406.jpg,TRUE,copied
3125056396,ucd_imaged_sd,SD00062726.jpg,3125056396.jpg,/Volumes/Radishes/locally_imaged_herbarium_sheets/SD/SD00062726.jpg,/Volumes/Radishes/GBIF_2026_update_scoring_images/3125056396.jpg,TRUE,copied
3125180404,ucd_imaged_sd,SD00062729.jpg,3125180404.jpg,/Volumes/Radishes/locally_imaged_herbarium_sheets/SD/SD00062729.jpg,/Volumes/Radishes/GBIF_2026_update_scoring_images/3125180404.jpg,TRUE,copied
3125057361,ucd_imaged_sd,SD00062731.jpg,3125057361.jpg,/Volumes/Radishes/locally_imaged_herbarium_sheets/SD/SD00062731.jpg,/Volumes/Radishes/GBIF_2026_update_scoring_images/3125057361.jpg,TRUE,copied
3125055360,ucd_imaged_sd,SD00062733.jpg,3125055360.jpg,/Volumes/Radishes/locally_imaged_herbarium_sheets/SD/SD00062733.jpg,/Volumes/Radishes/GBIF_2026_update_scoring_images/3125055360.jpg,TRUE,copied
3125052359,ucd_imaged_sd,SD00062734.jpg,3125052359.jpg,/Volumes/Radishes/locally_imaged_herbarium_sheets/SD/SD00062734.jpg,/Volumes/Radishes/GBIF_2026_update_scoring_images/3125052359.jpg,TRUE,copied
3125184382,ucd_imaged_sd,SD00062735.jpg,3125184382.jpg,/Volumes/Radishes/locally_imaged_herbarium_sheets/SD/SD00062735.jpg,/Volumes/Radishes/GBIF_2026_update_scoring_images/3125184382.jpg,TRUE,copied
3125188390,ucd_imaged_sd,SD00062737.jpg,3125188390.jpg,/Volumes/Radishes/locally_imaged_herbarium_sheets/SD/SD00062737.jpg,/Volumes/Radishes/GBIF_2026_update_scoring_images/3125188390.jpg,TRUE,copied
3125180395,ucd_imaged_sd,SD00062741.jpg,3125180395.jpg,/Volumes/Radishes/locally_imaged_herbarium_sheets/SD/SD00062741.jpg,/Volumes/Radishes/GBIF_2026_update_scoring_images/3125180395.jpg,TRUE,copied
3125185397,ucd_imaged_sd,SD00062742.jpg,3125185397.jpg,/Volumes/Radishes/locally_imaged_herbarium_sheets/SD/SD00062742.jpg,/Volumes/Radishes/GBIF_2026_update_scoring_images/3125185397.jpg,TRUE,copied
3125184378,ucd_imaged_sd,SD00062743.jpg,3125184378.jpg,/Volumes/Radishes/locally_imaged_herbarium_sheets/SD/SD00062743.jpg,/Volumes/Radishes/GBIF_2026_update_scoring_images/3125184378.jpg,TRUE,copied
3125181397,ucd_imaged_sd,SD00062744.jpg,3125181397.jpg,/Volumes/Radishes/locally_imaged_herbarium_sheets/SD/SD00062744.jpg,/Volumes/Radishes/GBIF_2026_update_scoring_images/3125181397.jpg,TRUE,copied
3125183389,ucd_imaged_sd,SD00062745.jpg,3125183389.jpg,/Volumes/Radishes/locally_imaged_herbarium_sheets/SD/SD00062745.jpg,/Volumes/Radishes/GBIF_2026_update_scoring_images/3125183389.jpg,TRUE,copied
3125050378,ucd_imaged_sd,SD00062752.jpg,3125050378.jpg,/Volumes/Radishes/locally_imaged_herbarium_sheets/SD/SD00062752.jpg,/Volumes/Radishes/GBIF_2026_update_scoring_images/3125050378.jpg,TRUE,copied
3125187376,ucd_imaged_sd,SD00062754.jpg,3125187376.jpg,/Volumes/Radishes/locally_imaged_herbarium_sheets/SD/SD00062754.jpg,/Volumes/Radishes/GBIF_2026_update_scoring_images/3125187376.jpg,TRUE,copied
3125187379,ucd_imaged_sd,SD00062759.jpg,3125187379.jpg,/Volumes/Radishes/locally_imaged_herbarium_sheets/SD/SD00062759.jpg,/Volumes/Radishes/GBIF_2026_update_scoring_images/3125187379.jpg,TRUE,copied
3125052356,ucd_imaged_sd,SD00062766.jpg,3125052356.jpg,/Volumes/Radishes/locally_imaged_herbarium_sheets/SD/SD00062766.jpg,/Volumes/Radishes/GBIF_2026_update_scoring_images/3125052356.jpg,TRUE,copied
3125187378,ucd_imaged_sd,SD00062768.jpg,3125187378.jpg,/Volumes/Radishes/locally_imaged_herbarium_sheets/SD/SD00062768.jpg,/Volumes/Radishes/GBIF_2026_update_scoring_images/3125187378.jpg,TRUE,copied
3125051394,ucd_imaged_sd,SD00062775.jpg,3125051394.jpg,/Volumes/Radishes/locally_imaged_herbarium_sheets/SD/SD00062775.jpg,/Volumes/Radishes/GBIF_2026_update_scoring_images/3125051394.jpg,TRUE,copied
3125050382,ucd_imaged_sd,SD00062776.jpg,3125050382.jpg,/Volumes/Radishes/locally_imaged_herbarium_sheets/SD/SD00062776.jpg,/Volumes/Radishes/GBIF_2026_update_scoring_images/3125050382.jpg,TRUE,copied
3125058382,ucd_imaged_sd,SD00062784.jpg,3125058382.jpg,/Volumes/Radishes/locally_imaged_herbarium_sheets/SD/SD00062784.jpg,/Volumes/Radishes/GBIF_2026_update_scoring_images/3125058382.jpg,TRUE,copied
3125181398,ucd_imaged_sd,SD00062791.jpg,3125181398.jpg,/Volumes/Radishes/locally_imaged_herbarium_sheets/SD/SD00062791.jpg,/Volumes/Radishes/GBIF_2026_update_scoring_images/3125181398.jpg,TRUE,copied
3125179396,ucd_imaged_sd,SD00062792.jpg,3125179396.jpg,/Volumes/Radishes/locally_imaged_herbarium_sheets/SD/SD00062792.jpg,/Volumes/Radishes/GBIF_2026_update_scoring_images/3125179396.jpg,TRUE,copied
3125050374,ucd_imaged_sd,SD00062793.jpg,3125050374.jpg,/Volumes/Radishes/locally_imaged_herbarium_sheets/SD/SD00062793.jpg,/Volumes/Radishes/GBIF_2026_update_scoring_images/3125050374.jpg,TRUE,copied
3125058375,ucd_imaged_sd,SD00062794.jpg,3125058375.jpg,/Volumes/Radishes/locally_imaged_herbarium_sheets/SD/SD00062794.jpg,/Volumes/Radishes/GBIF_2026_update_scoring_images/3125058375.jpg,TRUE,copied
3125054366,ucd_imaged_sd,SD00062796.jpg,3125054366.jpg,/Volumes/Radishes/locally_imaged_herbarium_sheets/SD/SD00062796.jpg,/Volumes/Radishes/GBIF_2026_update_scoring_images/3125054366.jpg,TRUE,copied
3125056387,ucd_imaged_sd,SD00062799.jpg,3125056387.jpg,/Volumes/Radishes/locally_imaged_herbarium_sheets/SD/SD00062799.jpg,/Volumes/Radishes/GBIF_2026_update_scoring_images/3125056387.jpg,TRUE,copied
3125049356,ucd_imaged_sd,SD00062800.jpg,3125049356.jpg,/Volumes/Radishes/locally_imaged_herbarium_sheets/SD/SD00062800.jpg,/Volumes/Radishes/GBIF_2026_update_scoring_images/3125049356.jpg,TRUE,copied
3125186367,ucd_imaged_sd,SD00062802.jpg,3125186367.jpg,/Volumes/Radishes/locally_imaged_herbarium_sheets/SD/SD00062802.jpg,/Volumes/Radishes/GBIF_2026_update_scoring_images/3125186367.jpg,TRUE,copied
4515850349,ucd_imaged_sd,SD00083704.jpg,4515850349.jpg,/Volumes/Radishes/locally_imaged_herbarium_sheets/SD/SD00083704.jpg,/Volumes/Radishes/GBIF_2026_update_scoring_images/4515850349.jpg,TRUE,copied
4872704769,ucd_imaged_sd,SD00087803.jpg,4872704769.jpg,/Volumes/Radishes/locally_imaged_herbarium_sheets/SD/SD00087803.jpg,/Volumes/Radishes/GBIF_2026_update_scoring_images/4872704769.jpg,TRUE,copied
