gbifID,url,error
5758873790,https://cdn.plantatlas.org/img/specimens/USF/305872.jpg,404 Client Error: Not Found for url: https://cdn.plantatlas.org/img/specimens/USF/305872.jpg
5758873315,https://cdn.plantatlas.org/img/specimens/USF/305871.jpg,404 Client Error: Not Found for url: https://cdn.plantatlas.org/img/specimens/USF/305871.jpg
5198257856,https://ibss-images.calacademy.org/static/botany/originals/7c/de/7cdec34e-0c5f-4ffe-a68b-a916166024b1.jpg,403 Client Error: Forbidden for url: https://ibss-images.calacademy.org/static/botany/originals/7c/de/7cdec34e-0c5f-4ffe-a68b-a916166024b1.jpg
5198256842,https://ibss-images.calacademy.org/static/botany/originals/da/52/da52572a-b521-4a17-91f7-2305fdf6eb26.jpg,403 Client Error: Forbidden for url: https://ibss-images.calacademy.org/static/botany/originals/da/52/da52572a-b521-4a17-91f7-2305fdf6eb26.jpg
5198256841,https://ibss-images.calacademy.org/static/botany/originals/b1/2d/b12d4810-f2e7-4b1f-9bcc-f3064bc04b34.jpg,403 Client Error: Forbidden for url: https://ibss-images.calacademy.org/static/botany/originals/b1/2d/b12d4810-f2e7-4b1f-9bcc-f3064bc04b34.jpg
5198227852,https://ibss-images.calacademy.org/static/botany/originals/3b/36/3b365763-1afa-46d8-b39f-7c1017a969d1.jpg,403 Client Error: Forbidden for url: https://ibss-images.calacademy.org/static/botany/originals/3b/36/3b365763-1afa-46d8-b39f-7c1017a969d1.jpg
5198226846,https://ibss-images.calacademy.org/static/botany/originals/0a/af/0aaf9b43-4b83-469f-81d2-7f464e19c552.jpg,403 Client Error: Forbidden for url: https://ibss-images.calacademy.org/static/botany/originals/0a/af/0aaf9b43-4b83-469f-81d2-7f464e19c552.jpg
5198226845,https://ibss-images.calacademy.org/static/botany/originals/5a/c3/5ac3d889-8409-49a7-898f-abf3c97c87b7.jpg,403 Client Error: Forbidden for url: https://ibss-images.calacademy.org/static/botany/originals/5a/c3/5ac3d889-8409-49a7-898f-abf3c97c87b7.jpg
5198224849,https://ibss-images.calacademy.org/static/botany/originals/e0/0a/e00adeba-f819-4455-9a55-32b4baef590a.jpg,403 Client Error: Forbidden for url: https://ibss-images.calacademy.org/static/botany/originals/e0/0a/e00adeba-f819-4455-9a55-32b4baef590a.jpg
5198222848,https://ibss-images.calacademy.org/static/botany/originals/bd/91/bd9136dd-ae21-4b6b-a9c4-a4462925ab3d.jpg,403 Client Error: Forbidden for url: https://ibss-images.calacademy.org/static/botany/originals/bd/91/bd9136dd-ae21-4b6b-a9c4-a4462925ab3d.jpg
5198218870,https://ibss-images.calacademy.org/static/botany/originals/82/b5/82b5061a-ce8f-4318-87c1-51a22fc8f754.jpg,403 Client Error: Forbidden for url: https://ibss-images.calacademy.org/static/botany/originals/82/b5/82b5061a-ce8f-4318-87c1-51a22fc8f754.jpg
5198215850,https://ibss-images.calacademy.org/static/botany/originals/f8/92/f892b072-bbc5-441c-acdc-f29bca25bd26.jpg,403 Client Error: Forbidden for url: https://ibss-images.calacademy.org/static/botany/originals/f8/92/f892b072-bbc5-441c-acdc-f29bca25bd26.jpg
5198194851,https://ibss-images.calacademy.org/static/botany/originals/e4/b4/e4b43a96-3422-413c-ae41-72ebc9fc2a6e.jpg,403 Client Error: Forbidden for url: https://ibss-images.calacademy.org/static/botany/originals/e4/b4/e4b43a96-3422-413c-ae41-72ebc9fc2a6e.jpg
5198194850,https://ibss-images.calacademy.org/static/botany/originals/75/3a/753a9e01-a305-4707-8bc8-e0660a126626.jpg,403 Client Error: Forbidden for url: https://ibss-images.calacademy.org/static/botany/originals/75/3a/753a9e01-a305-4707-8bc8-e0660a126626.jpg
5198193841,https://ibss-images.calacademy.org/static/botany/originals/1d/12/1d1242c6-91e5-4a41-9800-8772c91ecf09.jpg,403 Client Error: Forbidden for url: https://ibss-images.calacademy.org/static/botany/originals/1d/12/1d1242c6-91e5-4a41-9800-8772c91ecf09.jpg
5198193840,https://ibss-images.calacademy.org/static/botany/originals/70/9f/709f01ca-431b-41fb-889d-c93c85f9c4bb.jpg,403 Client Error: Forbidden for url: https://ibss-images.calacademy.org/static/botany/originals/70/9f/709f01ca-431b-41fb-889d-c93c85f9c4bb.jpg
5198185854,https://ibss-images.calacademy.org/static/botany/originals/7d/54/7d54af99-4b70-4dd9-a150-939e8937992e.jpg,403 Client Error: Forbidden for url: https://ibss-images.calacademy.org/static/botany/originals/7d/54/7d54af99-4b70-4dd9-a150-939e8937992e.jpg
5198176853,https://ibss-images.calacademy.org/static/botany/originals/c8/69/c86941a0-7d22-471a-8116-3101a7dd0897.jpg,403 Client Error: Forbidden for url: https://ibss-images.calacademy.org/static/botany/originals/c8/69/c86941a0-7d22-471a-8116-3101a7dd0897.jpg
5198174852,https://ibss-images.calacademy.org/static/botany/originals/18/f3/18f3f509-0c0e-44e1-b149-e353991404bf.jpg,403 Client Error: Forbidden for url: https://ibss-images.calacademy.org/static/botany/originals/18/f3/18f3f509-0c0e-44e1-b149-e353991404bf.jpg
5198174851,https://ibss-images.calacademy.org/static/botany/originals/ef/80/ef80f99e-22d6-46ef-8c55-a10d80957ae7.jpg,403 Client Error: Forbidden for url: https://ibss-images.calacademy.org/static/botany/originals/ef/80/ef80f99e-22d6-46ef-8c55-a10d80957ae7.jpg
5198172854,https://ibss-images.calacademy.org/static/botany/originals/f7/ac/f7ac0359-7d41-467c-8b13-813b1beb5040.jpg,403 Client Error: Forbidden for url: https://ibss-images.calacademy.org/static/botany/originals/f7/ac/f7ac0359-7d41-467c-8b13-813b1beb5040.jpg
5198161855,https://ibss-images.calacademy.org/static/botany/originals/32/54/3254a12f-d484-4923-a6ad-c69606eb7c7a.jpg,403 Client Error: Forbidden for url: https://ibss-images.calacademy.org/static/botany/originals/32/54/3254a12f-d484-4923-a6ad-c69606eb7c7a.jpg
5103638087,https://arctos.database.museum/media/10717598?open,"HTTPSConnectionPool(host='arctos.database.museum', port=443): Max retries exceeded with url: /media/10717598?open (Caused by SSLError(SSLError(1, '[SSL: SSLV3_ALERT_HANDSHAKE_FAILURE] sslv3 alert handshake failure (_ssl.c:1129)')))"
5103622291,https://arctos.database.museum/media/10717599?open,"HTTPSConnectionPool(host='arctos.database.museum', port=443): Max retries exceeded with url: /media/10717599?open (Caused by SSLError(SSLError(1, '[SSL: SSLV3_ALERT_HANDSHAKE_FAILURE] sslv3 alert handshake failure (_ssl.c:1129)')))"
5103612993,https://arctos.database.museum/media/10717601?open,"HTTPSConnectionPool(host='arctos.database.museum', port=443): Max retries exceeded with url: /media/10717601?open (Caused by SSLError(SSLError(1, '[SSL: SSLV3_ALERT_HANDSHAKE_FAILURE] sslv3 alert handshake failure (_ssl.c:1129)')))"
5103607954,https://arctos.database.museum/media/10717596?open,"HTTPSConnectionPool(host='arctos.database.museum', port=443): Max retries exceeded with url: /media/10717596?open (Caused by SSLError(SSLError(1, '[SSL: SSLV3_ALERT_HANDSHAKE_FAILURE] sslv3 alert handshake failure (_ssl.c:1129)')))"
5103607367,https://arctos.database.museum/media/10717593?open,"HTTPSConnectionPool(host='arctos.database.museum', port=443): Max retries exceeded with url: /media/10717593?open (Caused by SSLError(SSLError(1, '[SSL: SSLV3_ALERT_HANDSHAKE_FAILURE] sslv3 alert handshake failure (_ssl.c:1129)')))"
5103602230,https://arctos.database.museum/media/10717610?open,"HTTPSConnectionPool(host='arctos.database.museum', port=443): Max retries exceeded with url: /media/10717610?open (Caused by SSLError(SSLError(1, '[SSL: SSLV3_ALERT_HANDSHAKE_FAILURE] sslv3 alert handshake failure (_ssl.c:1129)')))"
5103580744,https://arctos.database.museum/media/10717603?open,"HTTPSConnectionPool(host='arctos.database.museum', port=443): Max retries exceeded with url: /media/10717603?open (Caused by SSLError(SSLError(1, '[SSL: SSLV3_ALERT_HANDSHAKE_FAILURE] sslv3 alert handshake failure (_ssl.c:1129)')))"
5103569111,https://arctos.database.museum/media/10717597?open,"HTTPSConnectionPool(host='arctos.database.museum', port=443): Max retries exceeded with url: /media/10717597?open (Caused by SSLError(SSLError(1, '[SSL: SSLV3_ALERT_HANDSHAKE_FAILURE] sslv3 alert handshake failure (_ssl.c:1129)')))"
5103560761,https://arctos.database.museum/media/10717595?open,"HTTPSConnectionPool(host='arctos.database.museum', port=443): Max retries exceeded with url: /media/10717595?open (Caused by SSLError(SSLError(1, '[SSL: SSLV3_ALERT_HANDSHAKE_FAILURE] sslv3 alert handshake failure (_ssl.c:1129)')))"
5103560421,https://arctos.database.museum/media/10717594?open,"HTTPSConnectionPool(host='arctos.database.museum', port=443): Max retries exceeded with url: /media/10717594?open (Caused by SSLError(SSLError(1, '[SSL: SSLV3_ALERT_HANDSHAKE_FAILURE] sslv3 alert handshake failure (_ssl.c:1129)')))"
5103533218,https://arctos.database.museum/media/10717602?open,"HTTPSConnectionPool(host='arctos.database.museum', port=443): Max retries exceeded with url: /media/10717602?open (Caused by SSLError(SSLError(1, '[SSL: SSLV3_ALERT_HANDSHAKE_FAILURE] sslv3 alert handshake failure (_ssl.c:1129)')))"
5101172796,https://arctos.database.museum/media/10942523?open,"HTTPSConnectionPool(host='arctos.database.museum', port=443): Max retries exceeded with url: /media/10942523?open (Caused by SSLError(SSLError(1, '[SSL: SSLV3_ALERT_HANDSHAKE_FAILURE] sslv3 alert handshake failure (_ssl.c:1129)')))"
4995097593,https://ibss-images.calacademy.org/static/botany/originals/33/64/33648be3-1712-4082-96d6-3f65b6c70cce.jpg,403 Client Error: Forbidden for url: https://ibss-images.calacademy.org/static/botany/originals/33/64/33648be3-1712-4082-96d6-3f65b6c70cce.jpg
4880005783,https://ibss-images.calacademy.org/static/botany/originals/10/ab/10abfe53-412d-48f7-91b6-5f570dc0e1bc.JPG,403 Client Error: Forbidden for url: https://ibss-images.calacademy.org/static/botany/originals/10/ab/10abfe53-412d-48f7-91b6-5f570dc0e1bc.JPG
4454889316,https://sernecportal.org/imglib/seinet/sernec/USCH/USCH0079/USCH0079298.JPG,404 Client Error: Not Found for url: https://sernecportal.org/imglib/seinet/sernec/USCH/USCH0079/USCH0079298.JPG
4073226121,https://oxalis.br.fgov.be/images/BR0/000/030/086/449/BR0000030086449.jpg,403 Client Error: Forbidden for url: https://oxalis.br.fgov.be/images/BR0/000/030/086/449/BR0000030086449.jpg
4073226109,https://oxalis.br.fgov.be/images/BR0/000/030/085/459/BR0000030085459.jpg,403 Client Error: Forbidden for url: https://oxalis.br.fgov.be/images/BR0/000/030/085/459/BR0000030085459.jpg
4072686280,https://oxalis.br.fgov.be/images/BR0/000/030/085/497/BR0000030085497.jpg,403 Client Error: Forbidden for url: https://oxalis.br.fgov.be/images/BR0/000/030/085/497/BR0000030085497.jpg
4072686279,https://iiif-manifest.oxalis.br.fgov.be/specimen/BR0000030085442/manifest,"HTTPSConnectionPool(host='iiif-manifest.oxalis.br.fgov.be', port=443): Read timed out. (read timeout=20)"
4072686279,https://oxalis.br.fgov.be/images/BR0/000/030/085/442/BR0000030085442.jpg,"HTTPSConnectionPool(host='oxalis.br.fgov.be', port=443): Read timed out. (read timeout=20)"
4067794459,https://ans-images.ansp.org/botany/PH3/MCA/Fullsize/0033/MCA0033889.jpg,"HTTPSConnectionPool(host='ans-images.ansp.org', port=443): Read timed out. (read timeout=20)"
4067794447,https://ans-images.ansp.org/botany/PH3/MCA/Fullsize/0033/MCA0033902.jpg,"HTTPSConnectionPool(host='ans-images.ansp.org', port=443): Read timed out."
4067794446,https://ans-images.ansp.org/botany/PH3/MCA/Fullsize/0033/MCA0033903.jpg,"HTTPSConnectionPool(host='ans-images.ansp.org', port=443): Max retries exceeded with url: /botany/PH3/MCA/Fullsize/0033/MCA0033903.jpg (Caused by ConnectTimeoutError(<HTTPSConnection(host='ans-images.ansp.org', port=443) at 0x1065c5040>, 'Connection to ans-images.ansp.org timed out. (connect timeout=20)'))"
4067794445,https://ans-images.ansp.org/botany/PH3/MCA/Fullsize/0033/MCA0033898.jpg,"HTTPSConnectionPool(host='ans-images.ansp.org', port=443): Max retries exceeded with url: /botany/PH3/MCA/Fullsize/0033/MCA0033898.jpg (Caused by NameResolutionError(""HTTPSConnection(host='ans-images.ansp.org', port=443): Failed to resolve 'ans-images.ansp.org' ([Errno 8] nodename nor servname provided, or not known)""))"
4067794444,https://ans-images.ansp.org/botany/PH3/MCA/Fullsize/0033/MCA0033899.jpg,"HTTPSConnectionPool(host='ans-images.ansp.org', port=443): Max retries exceeded with url: /botany/PH3/MCA/Fullsize/0033/MCA0033899.jpg (Caused by NameResolutionError(""HTTPSConnection(host='ans-images.ansp.org', port=443): Failed to resolve 'ans-images.ansp.org' ([Errno 8] nodename nor servname provided, or not known)""))"
4067794443,https://ans-images.ansp.org/botany/PH3/MCA/Fullsize/0033/MCA0033904.jpg,"HTTPSConnectionPool(host='ans-images.ansp.org', port=443): Max retries exceeded with url: /botany/PH3/MCA/Fullsize/0033/MCA0033904.jpg (Caused by NameResolutionError(""HTTPSConnection(host='ans-images.ansp.org', port=443): Failed to resolve 'ans-images.ansp.org' ([Errno 8] nodename nor servname provided, or not known)""))"
4067794442,https://ans-images.ansp.org/botany/PH3/MCA/Fullsize/0033/MCA0033905.jpg,"HTTPSConnectionPool(host='ans-images.ansp.org', port=443): Max retries exceeded with url: /botany/PH3/MCA/Fullsize/0033/MCA0033905.jpg (Caused by NameResolutionError(""HTTPSConnection(host='ans-images.ansp.org', port=443): Failed to resolve 'ans-images.ansp.org' ([Errno 8] nodename nor servname provided, or not known)""))"
4067794441,https://ans-images.ansp.org/botany/PH3/MCA/Fullsize/0033/MCA0033906.jpg,"HTTPSConnectionPool(host='ans-images.ansp.org', port=443): Max retries exceeded with url: /botany/PH3/MCA/Fullsize/0033/MCA0033906.jpg (Caused by NameResolutionError(""HTTPSConnection(host='ans-images.ansp.org', port=443): Failed to resolve 'ans-images.ansp.org' ([Errno 8] nodename nor servname provided, or not known)""))"
4067794440,https://ans-images.ansp.org/botany/PH3/MCA/Fullsize/0033/MCA0033907.jpg,"HTTPSConnectionPool(host='ans-images.ansp.org', port=443): Max retries exceeded with url: /botany/PH3/MCA/Fullsize/0033/MCA0033907.jpg (Caused by NameResolutionError(""HTTPSConnection(host='ans-images.ansp.org', port=443): Failed to resolve 'ans-images.ansp.org' ([Errno 8] nodename nor servname provided, or not known)""))"
4067794425,https://ans-images.ansp.org/botany/PH3/MCA/Fullsize/0033/MCA0033886.jpg,"HTTPSConnectionPool(host='ans-images.ansp.org', port=443): Max retries exceeded with url: /botany/PH3/MCA/Fullsize/0033/MCA0033886.jpg (Caused by NameResolutionError(""HTTPSConnection(host='ans-images.ansp.org', port=443): Failed to resolve 'ans-images.ansp.org' ([Errno 8] nodename nor servname provided, or not known)""))"
4067794424,https://ans-images.ansp.org/botany/PH3/MCA/Fullsize/0033/MCA0033887.jpg,"HTTPSConnectionPool(host='ans-images.ansp.org', port=443): Max retries exceeded with url: /botany/PH3/MCA/Fullsize/0033/MCA0033887.jpg (Caused by NameResolutionError(""HTTPSConnection(host='ans-images.ansp.org', port=443): Failed to resolve 'ans-images.ansp.org' ([Errno 8] nodename nor servname provided, or not known)""))"
4067794421,https://ans-images.ansp.org/botany/PH3/MCA/Fullsize/0033/MCA0033884.jpg,"HTTPSConnectionPool(host='ans-images.ansp.org', port=443): Max retries exceeded with url: /botany/PH3/MCA/Fullsize/0033/MCA0033884.jpg (Caused by NameResolutionError(""HTTPSConnection(host='ans-images.ansp.org', port=443): Failed to resolve 'ans-images.ansp.org' ([Errno 8] nodename nor servname provided, or not known)""))"
4067794420,https://ans-images.ansp.org/botany/PH3/MCA/Fullsize/0033/MCA0033885.jpg,"HTTPSConnectionPool(host='ans-images.ansp.org', port=443): Max retries exceeded with url: /botany/PH3/MCA/Fullsize/0033/MCA0033885.jpg (Caused by NameResolutionError(""HTTPSConnection(host='ans-images.ansp.org', port=443): Failed to resolve 'ans-images.ansp.org' ([Errno 8] nodename nor servname provided, or not known)""))"
4067794364,https://ans-images.ansp.org/botany/PH3/MCA/Fullsize/0033/MCA0033938.jpg,"HTTPSConnectionPool(host='ans-images.ansp.org', port=443): Max retries exceeded with url: /botany/PH3/MCA/Fullsize/0033/MCA0033938.jpg (Caused by NameResolutionError(""HTTPSConnection(host='ans-images.ansp.org', port=443): Failed to resolve 'ans-images.ansp.org' ([Errno 8] nodename nor servname provided, or not known)""))"
4067794363,https://ans-images.ansp.org/botany/PH3/MCA/Fullsize/0033/MCA0033939.jpg,"HTTPSConnectionPool(host='ans-images.ansp.org', port=443): Max retries exceeded with url: /botany/PH3/MCA/Fullsize/0033/MCA0033939.jpg (Caused by NameResolutionError(""HTTPSConnection(host='ans-images.ansp.org', port=443): Failed to resolve 'ans-images.ansp.org' ([Errno 8] nodename nor servname provided, or not known)""))"
4067794362,https://ans-images.ansp.org/botany/PH3/MCA/Fullsize/0033/MCA0033933.jpg,"HTTPSConnectionPool(host='ans-images.ansp.org', port=443): Max retries exceeded with url: /botany/PH3/MCA/Fullsize/0033/MCA0033933.jpg (Caused by NameResolutionError(""HTTPSConnection(host='ans-images.ansp.org', port=443): Failed to resolve 'ans-images.ansp.org' ([Errno 8] nodename nor servname provided, or not known)""))"
4067794361,https://ans-images.ansp.org/botany/PH3/MCA/Fullsize/0033/MCA0033934.jpg,"HTTPSConnectionPool(host='ans-images.ansp.org', port=443): Max retries exceeded with url: /botany/PH3/MCA/Fullsize/0033/MCA0033934.jpg (Caused by NameResolutionError(""HTTPSConnection(host='ans-images.ansp.org', port=443): Failed to resolve 'ans-images.ansp.org' ([Errno 8] nodename nor servname provided, or not known)""))"
4067794360,https://ans-images.ansp.org/botany/PH3/MCA/Fullsize/0033/MCA0033935.jpg,"HTTPSConnectionPool(host='ans-images.ansp.org', port=443): Max retries exceeded with url: /botany/PH3/MCA/Fullsize/0033/MCA0033935.jpg (Caused by NameResolutionError(""HTTPSConnection(host='ans-images.ansp.org', port=443): Failed to resolve 'ans-images.ansp.org' ([Errno 8] nodename nor servname provided, or not known)""))"
4067794359,https://ans-images.ansp.org/botany/PH3/MCA/Fullsize/0033/MCA0033936.jpg,"HTTPSConnectionPool(host='ans-images.ansp.org', port=443): Max retries exceeded with url: /botany/PH3/MCA/Fullsize/0033/MCA0033936.jpg (Caused by NameResolutionError(""HTTPSConnection(host='ans-images.ansp.org', port=443): Failed to resolve 'ans-images.ansp.org' ([Errno 8] nodename nor servname provided, or not known)""))"
4067794358,https://ans-images.ansp.org/botany/PH3/MCA/Fullsize/0033/MCA0033929.jpg,"HTTPSConnectionPool(host='ans-images.ansp.org', port=443): Max retries exceeded with url: /botany/PH3/MCA/Fullsize/0033/MCA0033929.jpg (Caused by NameResolutionError(""HTTPSConnection(host='ans-images.ansp.org', port=443): Failed to resolve 'ans-images.ansp.org' ([Errno 8] nodename nor servname provided, or not known)""))"
4067794357,https://ans-images.ansp.org/botany/PH3/MCA/Fullsize/0033/MCA0033930.jpg,"HTTPSConnectionPool(host='ans-images.ansp.org', port=443): Max retries exceeded with url: /botany/PH3/MCA/Fullsize/0033/MCA0033930.jpg (Caused by NameResolutionError(""HTTPSConnection(host='ans-images.ansp.org', port=443): Failed to resolve 'ans-images.ansp.org' ([Errno 8] nodename nor servname provided, or not known)""))"
4067794356,https://ans-images.ansp.org/botany/PH3/MCA/Fullsize/0033/MCA0033931.jpg,"HTTPSConnectionPool(host='ans-images.ansp.org', port=443): Max retries exceeded with url: /botany/PH3/MCA/Fullsize/0033/MCA0033931.jpg (Caused by NameResolutionError(""HTTPSConnection(host='ans-images.ansp.org', port=443): Failed to resolve 'ans-images.ansp.org' ([Errno 8] nodename nor servname provided, or not known)""))"
4067794355,https://ans-images.ansp.org/botany/PH3/MCA/Fullsize/0033/MCA0033932.jpg,"HTTPSConnectionPool(host='ans-images.ansp.org', port=443): Max retries exceeded with url: /botany/PH3/MCA/Fullsize/0033/MCA0033932.jpg (Caused by NameResolutionError(""HTTPSConnection(host='ans-images.ansp.org', port=443): Failed to resolve 'ans-images.ansp.org' ([Errno 8] nodename nor servname provided, or not known)""))"
4067794354,https://ans-images.ansp.org/botany/PH3/MCA/Fullsize/0033/MCA0033937.jpg,"HTTPSConnectionPool(host='ans-images.ansp.org', port=443): Max retries exceeded with url: /botany/PH3/MCA/Fullsize/0033/MCA0033937.jpg (Caused by NameResolutionError(""HTTPSConnection(host='ans-images.ansp.org', port=443): Failed to resolve 'ans-images.ansp.org' ([Errno 8] nodename nor servname provided, or not known)""))"
4067794346,https://ans-images.ansp.org/botany/PH3/MCA/Fullsize/0033/MCA0033940.jpg,"HTTPSConnectionPool(host='ans-images.ansp.org', port=443): Max retries exceeded with url: /botany/PH3/MCA/Fullsize/0033/MCA0033940.jpg (Caused by NameResolutionError(""HTTPSConnection(host='ans-images.ansp.org', port=443): Failed to resolve 'ans-images.ansp.org' ([Errno 8] nodename nor servname provided, or not known)""))"
4067794345,https://ans-images.ansp.org/botany/PH3/MCA/Fullsize/0033/MCA0033941.jpg,"HTTPSConnectionPool(host='ans-images.ansp.org', port=443): Max retries exceeded with url: /botany/PH3/MCA/Fullsize/0033/MCA0033941.jpg (Caused by NameResolutionError(""HTTPSConnection(host='ans-images.ansp.org', port=443): Failed to resolve 'ans-images.ansp.org' ([Errno 8] nodename nor servname provided, or not known)""))"
4067794344,https://ans-images.ansp.org/botany/PH3/MCA/Fullsize/0033/MCA0033942.jpg,"HTTPSConnectionPool(host='ans-images.ansp.org', port=443): Max retries exceeded with url: /botany/PH3/MCA/Fullsize/0033/MCA0033942.jpg (Caused by NameResolutionError(""HTTPSConnection(host='ans-images.ansp.org', port=443): Failed to resolve 'ans-images.ansp.org' ([Errno 8] nodename nor servname provided, or not known)""))"
4067794342,https://ans-images.ansp.org/botany/PH3/MCA/Fullsize/0033/MCA0033911.jpg,"HTTPSConnectionPool(host='ans-images.ansp.org', port=443): Max retries exceeded with url: /botany/PH3/MCA/Fullsize/0033/MCA0033911.jpg (Caused by NameResolutionError(""HTTPSConnection(host='ans-images.ansp.org', port=443): Failed to resolve 'ans-images.ansp.org' ([Errno 8] nodename nor servname provided, or not known)""))"
4067794341,https://ans-images.ansp.org/botany/PH3/MCA/Fullsize/0033/MCA0033912.jpg,"HTTPSConnectionPool(host='ans-images.ansp.org', port=443): Max retries exceeded with url: /botany/PH3/MCA/Fullsize/0033/MCA0033912.jpg (Caused by NameResolutionError(""HTTPSConnection(host='ans-images.ansp.org', port=443): Failed to resolve 'ans-images.ansp.org' ([Errno 8] nodename nor servname provided, or not known)""))"
4067794340,https://ans-images.ansp.org/botany/PH3/MCA/Fullsize/0033/MCA0033913.jpg,"HTTPSConnectionPool(host='ans-images.ansp.org', port=443): Max retries exceeded with url: /botany/PH3/MCA/Fullsize/0033/MCA0033913.jpg (Caused by NameResolutionError(""HTTPSConnection(host='ans-images.ansp.org', port=443): Failed to resolve 'ans-images.ansp.org' ([Errno 8] nodename nor servname provided, or not known)""))"
4067794339,https://ans-images.ansp.org/botany/PH3/MCA/Fullsize/0033/MCA0033914.jpg,"HTTPSConnectionPool(host='ans-images.ansp.org', port=443): Max retries exceeded with url: /botany/PH3/MCA/Fullsize/0033/MCA0033914.jpg (Caused by NameResolutionError(""HTTPSConnection(host='ans-images.ansp.org', port=443): Failed to resolve 'ans-images.ansp.org' ([Errno 8] nodename nor servname provided, or not known)""))"
4067794338,https://ans-images.ansp.org/botany/PH3/MCA/Fullsize/0033/MCA0033908.jpg,"HTTPSConnectionPool(host='ans-images.ansp.org', port=443): Max retries exceeded with url: /botany/PH3/MCA/Fullsize/0033/MCA0033908.jpg (Caused by NameResolutionError(""HTTPSConnection(host='ans-images.ansp.org', port=443): Failed to resolve 'ans-images.ansp.org' ([Errno 8] nodename nor servname provided, or not known)""))"
4067794337,https://ans-images.ansp.org/botany/PH3/MCA/Fullsize/0033/MCA0033909.jpg,"HTTPSConnectionPool(host='ans-images.ansp.org', port=443): Max retries exceeded with url: /botany/PH3/MCA/Fullsize/0033/MCA0033909.jpg (Caused by NameResolutionError(""HTTPSConnection(host='ans-images.ansp.org', port=443): Failed to resolve 'ans-images.ansp.org' ([Errno 8] nodename nor servname provided, or not known)""))"
4067794336,https://ans-images.ansp.org/botany/PH3/MCA/Fullsize/0033/MCA0033910.jpg,"HTTPSConnectionPool(host='ans-images.ansp.org', port=443): Max retries exceeded with url: /botany/PH3/MCA/Fullsize/0033/MCA0033910.jpg (Caused by NameResolutionError(""HTTPSConnection(host='ans-images.ansp.org', port=443): Failed to resolve 'ans-images.ansp.org' ([Errno 8] nodename nor servname provided, or not known)""))"
4067794335,https://ans-images.ansp.org/botany/PH3/MCA/Fullsize/0033/MCA0033915.jpg,"HTTPSConnectionPool(host='ans-images.ansp.org', port=443): Max retries exceeded with url: /botany/PH3/MCA/Fullsize/0033/MCA0033915.jpg (Caused by NameResolutionError(""HTTPSConnection(host='ans-images.ansp.org', port=443): Failed to resolve 'ans-images.ansp.org' ([Errno 8] nodename nor servname provided, or not known)""))"
4067794334,https://ans-images.ansp.org/botany/PH3/MCA/Fullsize/0033/MCA0033916.jpg,"HTTPSConnectionPool(host='ans-images.ansp.org', port=443): Max retries exceeded with url: /botany/PH3/MCA/Fullsize/0033/MCA0033916.jpg (Caused by NameResolutionError(""HTTPSConnection(host='ans-images.ansp.org', port=443): Failed to resolve 'ans-images.ansp.org' ([Errno 8] nodename nor servname provided, or not known)""))"
4067794333,https://ans-images.ansp.org/botany/PH3/MCA/Fullsize/0033/MCA0033917.jpg,"HTTPSConnectionPool(host='ans-images.ansp.org', port=443): Max retries exceeded with url: /botany/PH3/MCA/Fullsize/0033/MCA0033917.jpg (Caused by NameResolutionError(""HTTPSConnection(host='ans-images.ansp.org', port=443): Failed to resolve 'ans-images.ansp.org' ([Errno 8] nodename nor servname provided, or not known)""))"
4067794332,https://ans-images.ansp.org/botany/PH3/MCA/Fullsize/0033/MCA0033928.jpg,"HTTPSConnectionPool(host='ans-images.ansp.org', port=443): Max retries exceeded with url: /botany/PH3/MCA/Fullsize/0033/MCA0033928.jpg (Caused by NameResolutionError(""HTTPSConnection(host='ans-images.ansp.org', port=443): Failed to resolve 'ans-images.ansp.org' ([Errno 8] nodename nor servname provided, or not known)""))"
4067794331,https://ans-images.ansp.org/botany/PH3/MCA/Fullsize/0033/MCA0033922.jpg,"HTTPSConnectionPool(host='ans-images.ansp.org', port=443): Max retries exceeded with url: /botany/PH3/MCA/Fullsize/0033/MCA0033922.jpg (Caused by NameResolutionError(""HTTPSConnection(host='ans-images.ansp.org', port=443): Failed to resolve 'ans-images.ansp.org' ([Errno 8] nodename nor servname provided, or not known)""))"
4067794330,https://ans-images.ansp.org/botany/PH3/MCA/Fullsize/0033/MCA0033923.jpg,"HTTPSConnectionPool(host='ans-images.ansp.org', port=443): Max retries exceeded with url: /botany/PH3/MCA/Fullsize/0033/MCA0033923.jpg (Caused by NameResolutionError(""HTTPSConnection(host='ans-images.ansp.org', port=443): Failed to resolve 'ans-images.ansp.org' ([Errno 8] nodename nor servname provided, or not known)""))"
4067794329,https://ans-images.ansp.org/botany/PH3/MCA/Fullsize/0033/MCA0033924.jpg,"HTTPSConnectionPool(host='ans-images.ansp.org', port=443): Max retries exceeded with url: /botany/PH3/MCA/Fullsize/0033/MCA0033924.jpg (Caused by NameResolutionError(""HTTPSConnection(host='ans-images.ansp.org', port=443): Failed to resolve 'ans-images.ansp.org' ([Errno 8] nodename nor servname provided, or not known)""))"
4067794328,https://ans-images.ansp.org/botany/PH3/MCA/Fullsize/0033/MCA0033925.jpg,"HTTPSConnectionPool(host='ans-images.ansp.org', port=443): Max retries exceeded with url: /botany/PH3/MCA/Fullsize/0033/MCA0033925.jpg (Caused by NameResolutionError(""HTTPSConnection(host='ans-images.ansp.org', port=443): Failed to resolve 'ans-images.ansp.org' ([Errno 8] nodename nor servname provided, or not known)""))"
4067794327,https://ans-images.ansp.org/botany/PH3/MCA/Fullsize/0033/MCA0033918.jpg,"HTTPSConnectionPool(host='ans-images.ansp.org', port=443): Max retries exceeded with url: /botany/PH3/MCA/Fullsize/0033/MCA0033918.jpg (Caused by NameResolutionError(""HTTPSConnection(host='ans-images.ansp.org', port=443): Failed to resolve 'ans-images.ansp.org' ([Errno 8] nodename nor servname provided, or not known)""))"
4067794326,https://ans-images.ansp.org/botany/PH3/MCA/Fullsize/0033/MCA0033919.jpg,"HTTPSConnectionPool(host='ans-images.ansp.org', port=443): Max retries exceeded with url: /botany/PH3/MCA/Fullsize/0033/MCA0033919.jpg (Caused by NameResolutionError(""HTTPSConnection(host='ans-images.ansp.org', port=443): Failed to resolve 'ans-images.ansp.org' ([Errno 8] nodename nor servname provided, or not known)""))"
4067794325,https://ans-images.ansp.org/botany/PH3/MCA/Fullsize/0033/MCA0033920.jpg,"HTTPSConnectionPool(host='ans-images.ansp.org', port=443): Max retries exceeded with url: /botany/PH3/MCA/Fullsize/0033/MCA0033920.jpg (Caused by NameResolutionError(""HTTPSConnection(host='ans-images.ansp.org', port=443): Failed to resolve 'ans-images.ansp.org' ([Errno 8] nodename nor servname provided, or not known)""))"
4067794324,https://ans-images.ansp.org/botany/PH3/MCA/Fullsize/0033/MCA0033921.jpg,"HTTPSConnectionPool(host='ans-images.ansp.org', port=443): Max retries exceeded with url: /botany/PH3/MCA/Fullsize/0033/MCA0033921.jpg (Caused by NameResolutionError(""HTTPSConnection(host='ans-images.ansp.org', port=443): Failed to resolve 'ans-images.ansp.org' ([Errno 8] nodename nor servname provided, or not known)""))"
4067794323,https://ans-images.ansp.org/botany/PH3/MCA/Fullsize/0033/MCA0033926.jpg,"HTTPSConnectionPool(host='ans-images.ansp.org', port=443): Max retries exceeded with url: /botany/PH3/MCA/Fullsize/0033/MCA0033926.jpg (Caused by NameResolutionError(""HTTPSConnection(host='ans-images.ansp.org', port=443): Failed to resolve 'ans-images.ansp.org' ([Errno 8] nodename nor servname provided, or not known)""))"
4067794322,https://ans-images.ansp.org/botany/PH3/MCA/Fullsize/0033/MCA0033927.jpg,"HTTPSConnectionPool(host='ans-images.ansp.org', port=443): Max retries exceeded with url: /botany/PH3/MCA/Fullsize/0033/MCA0033927.jpg (Caused by NameResolutionError(""HTTPSConnection(host='ans-images.ansp.org', port=443): Failed to resolve 'ans-images.ansp.org' ([Errno 8] nodename nor servname provided, or not known)""))"
4064898316,https://web.corral.tacc.utexas.edu/torch/BRIT/BRIT0776000/BRIT776117.jpg,"HTTPSConnectionPool(host='web.corral.tacc.utexas.edu', port=443): Max retries exceeded with url: /torch/BRIT/BRIT0776000/BRIT776117.jpg (Caused by NameResolutionError(""HTTPSConnection(host='web.corral.tacc.utexas.edu', port=443): Failed to resolve 'web.corral.tacc.utexas.edu' ([Errno 8] nodename nor servname provided, or not known)""))"
4064895311,https://web.corral.tacc.utexas.edu/torch/BRIT/BRIT0776000/BRIT776119.jpg,"HTTPSConnectionPool(host='web.corral.tacc.utexas.edu', port=443): Max retries exceeded with url: /torch/BRIT/BRIT0776000/BRIT776119.jpg (Caused by NameResolutionError(""HTTPSConnection(host='web.corral.tacc.utexas.edu', port=443): Failed to resolve 'web.corral.tacc.utexas.edu' ([Errno 8] nodename nor servname provided, or not known)""))"
4064895306,https://web.corral.tacc.utexas.edu/torch/BRIT/BRIT0776000/BRIT776116.jpg,"HTTPSConnectionPool(host='web.corral.tacc.utexas.edu', port=443): Max retries exceeded with url: /torch/BRIT/BRIT0776000/BRIT776116.jpg (Caused by NameResolutionError(""HTTPSConnection(host='web.corral.tacc.utexas.edu', port=443): Failed to resolve 'web.corral.tacc.utexas.edu' ([Errno 8] nodename nor servname provided, or not known)""))"
4064892313,https://web.corral.tacc.utexas.edu/torch/BRIT/BRIT0776000/BRIT776118.jpg,"HTTPSConnectionPool(host='web.corral.tacc.utexas.edu', port=443): Max retries exceeded with url: /torch/BRIT/BRIT0776000/BRIT776118.jpg (Caused by NameResolutionError(""HTTPSConnection(host='web.corral.tacc.utexas.edu', port=443): Failed to resolve 'web.corral.tacc.utexas.edu' ([Errno 8] nodename nor servname provided, or not known)""))"
4064846169,https://ans-images.ansp.org/botany/PH3/MOAR/Fullsize/0006/MOAR0006874_2.jpg,"HTTPSConnectionPool(host='ans-images.ansp.org', port=443): Max retries exceeded with url: /botany/PH3/MOAR/Fullsize/0006/MOAR0006874_2.jpg (Caused by NameResolutionError(""HTTPSConnection(host='ans-images.ansp.org', port=443): Failed to resolve 'ans-images.ansp.org' ([Errno 8] nodename nor servname provided, or not known)""))"
4064846169,https://ans-images.ansp.org/botany/PH3/MOAR/Fullsize/0006/MOAR0006874_1.jpg,"HTTPSConnectionPool(host='ans-images.ansp.org', port=443): Max retries exceeded with url: /botany/PH3/MOAR/Fullsize/0006/MOAR0006874_1.jpg (Caused by NameResolutionError(""HTTPSConnection(host='ans-images.ansp.org', port=443): Failed to resolve 'ans-images.ansp.org' ([Errno 8] nodename nor servname provided, or not known)""))"
4064846161,https://ans-images.ansp.org/botany/PH3/MOAR/Fullsize/0006/MOAR0006873.jpg,"HTTPSConnectionPool(host='ans-images.ansp.org', port=443): Max retries exceeded with url: /botany/PH3/MOAR/Fullsize/0006/MOAR0006873.jpg (Caused by NameResolutionError(""HTTPSConnection(host='ans-images.ansp.org', port=443): Failed to resolve 'ans-images.ansp.org' ([Errno 8] nodename nor servname provided, or not known)""))"
4041223302,https://img.cyverse.org/resize?width=4000&url=https://data.cyverse.org/dav-anon/iplant/projects/magnoliagrandiFLORA/sernec-portal/MISSA/2023-2-20/MISSA037192.JPG,"('Connection aborted.', TimeoutError(60, 'Operation timed out'))"
4015890618,https://media01.symbiota.org/media/seinet/sernec/GA/GA273/GA273626.jpg,"HTTPSConnectionPool(host='media01.symbiota.org', port=443): Read timed out. (read timeout=20)"
3461081432,https://sernecportal.org/imglib/seinet/sernec/USCH/USCH0071/USCH0071828.JPG,404 Client Error: Not Found for url: https://sernecportal.org/imglib/seinet/sernec/USCH/USCH0071/USCH0071828.JPG
3395324416,https://sernecportal.org/imglib/seinet/sernec/USCH/USCH0068/USCH0068674.JPG,404 Client Error: Not Found for url: https://sernecportal.org/imglib/seinet/sernec/USCH/USCH0068/USCH0068674.JPG
1998544299,http://data.huh.harvard.edu/36aa50b8-3441-4084-a61d-1898347a36db/image,"HTTPSConnectionPool(host='s3.amazonaws.com', port=443): Read timed out."
1998540835,http://data.huh.harvard.edu/36079635-04c3-4858-a618-76ce989ee496/image,"HTTPConnectionPool(host='data.huh.harvard.edu', port=80): Max retries exceeded with url: /36079635-04c3-4858-a618-76ce989ee496/image (Caused by NameResolutionError(""HTTPConnection(host='data.huh.harvard.edu', port=80): Failed to resolve 'data.huh.harvard.edu' ([Errno 8] nodename nor servname provided, or not known)""))"
1998539768,http://data.huh.harvard.edu/35b48f1b-9b5f-4cbb-95a1-37b5c33f56d4/image,"HTTPConnectionPool(host='data.huh.harvard.edu', port=80): Max retries exceeded with url: /35b48f1b-9b5f-4cbb-95a1-37b5c33f56d4/image (Caused by NameResolutionError(""HTTPConnection(host='data.huh.harvard.edu', port=80): Failed to resolve 'data.huh.harvard.edu' ([Errno 8] nodename nor servname provided, or not known)""))"
1998536717,http://data.huh.harvard.edu/34e17941-76b0-4705-9757-7121902a0b10/image,"HTTPConnectionPool(host='data.huh.harvard.edu', port=80): Max retries exceeded with url: /34e17941-76b0-4705-9757-7121902a0b10/image (Caused by NameResolutionError(""HTTPConnection(host='data.huh.harvard.edu', port=80): Failed to resolve 'data.huh.harvard.edu' ([Errno 8] nodename nor servname provided, or not known)""))"
1998532160,http://data.huh.harvard.edu/340fd60d-1a2c-4c3a-be64-7c7368a8206d/image,"HTTPConnectionPool(host='data.huh.harvard.edu', port=80): Max retries exceeded with url: /340fd60d-1a2c-4c3a-be64-7c7368a8206d/image (Caused by NameResolutionError(""HTTPConnection(host='data.huh.harvard.edu', port=80): Failed to resolve 'data.huh.harvard.edu' ([Errno 8] nodename nor servname provided, or not known)""))"
1998529370,http://data.huh.harvard.edu/33458d61-150a-462c-9f2e-3f391eb6a558/image,"HTTPConnectionPool(host='data.huh.harvard.edu', port=80): Max retries exceeded with url: /33458d61-150a-462c-9f2e-3f391eb6a558/image (Caused by NameResolutionError(""HTTPConnection(host='data.huh.harvard.edu', port=80): Failed to resolve 'data.huh.harvard.edu' ([Errno 8] nodename nor servname provided, or not known)""))"
1998524092,http://data.huh.harvard.edu/32371e5b-6cd7-401d-ac90-785382962a2e/image,"HTTPConnectionPool(host='data.huh.harvard.edu', port=80): Max retries exceeded with url: /32371e5b-6cd7-401d-ac90-785382962a2e/image (Caused by NameResolutionError(""HTTPConnection(host='data.huh.harvard.edu', port=80): Failed to resolve 'data.huh.harvard.edu' ([Errno 8] nodename nor servname provided, or not known)""))"
1998517401,http://data.huh.harvard.edu/30a2e294-4e93-446f-861c-58c484a9388b/image,"HTTPConnectionPool(host='data.huh.harvard.edu', port=80): Max retries exceeded with url: /30a2e294-4e93-446f-861c-58c484a9388b/image (Caused by NameResolutionError(""HTTPConnection(host='data.huh.harvard.edu', port=80): Failed to resolve 'data.huh.harvard.edu' ([Errno 8] nodename nor servname provided, or not known)""))"
1998515145,http://data.huh.harvard.edu/3030de5a-c422-4863-901c-da0030d9ee09/image,"HTTPConnectionPool(host='data.huh.harvard.edu', port=80): Max retries exceeded with url: /3030de5a-c422-4863-901c-da0030d9ee09/image (Caused by NameResolutionError(""HTTPConnection(host='data.huh.harvard.edu', port=80): Failed to resolve 'data.huh.harvard.edu' ([Errno 8] nodename nor servname provided, or not known)""))"
1998514811,http://data.huh.harvard.edu/30222869-38bc-46a6-9014-4ef9708058ec/image,"HTTPConnectionPool(host='data.huh.harvard.edu', port=80): Max retries exceeded with url: /30222869-38bc-46a6-9014-4ef9708058ec/image (Caused by NameResolutionError(""HTTPConnection(host='data.huh.harvard.edu', port=80): Failed to resolve 'data.huh.harvard.edu' ([Errno 8] nodename nor servname provided, or not known)""))"
1998489638,http://data.huh.harvard.edu/2a62f913-578e-4409-964b-4c02f8132f19/image,"HTTPConnectionPool(host='data.huh.harvard.edu', port=80): Max retries exceeded with url: /2a62f913-578e-4409-964b-4c02f8132f19/image (Caused by NameResolutionError(""HTTPConnection(host='data.huh.harvard.edu', port=80): Failed to resolve 'data.huh.harvard.edu' ([Errno 8] nodename nor servname provided, or not known)""))"
1998489093,http://data.huh.harvard.edu/2a4e7cb5-5e4b-442e-9413-bc0b30bb5cea/image,"HTTPConnectionPool(host='data.huh.harvard.edu', port=80): Max retries exceeded with url: /2a4e7cb5-5e4b-442e-9413-bc0b30bb5cea/image (Caused by NameResolutionError(""HTTPConnection(host='data.huh.harvard.edu', port=80): Failed to resolve 'data.huh.harvard.edu' ([Errno 8] nodename nor servname provided, or not known)""))"
1998482487,http://data.huh.harvard.edu/28be0e63-9a5b-4ef0-a478-96342edfce59/image,"HTTPConnectionPool(host='data.huh.harvard.edu', port=80): Max retries exceeded with url: /28be0e63-9a5b-4ef0-a478-96342edfce59/image (Caused by NameResolutionError(""HTTPConnection(host='data.huh.harvard.edu', port=80): Failed to resolve 'data.huh.harvard.edu' ([Errno 8] nodename nor servname provided, or not known)""))"
1998469910,http://data.huh.harvard.edu/260d9ed5-22a1-48f8-9ca5-2c7d3e8c38ca/image,"HTTPConnectionPool(host='data.huh.harvard.edu', port=80): Max retries exceeded with url: /260d9ed5-22a1-48f8-9ca5-2c7d3e8c38ca/image (Caused by NameResolutionError(""HTTPConnection(host='data.huh.harvard.edu', port=80): Failed to resolve 'data.huh.harvard.edu' ([Errno 8] nodename nor servname provided, or not known)""))"
1998469765,http://data.huh.harvard.edu/260776ea-6422-4013-948a-68c9ccebce0e/image,"HTTPConnectionPool(host='data.huh.harvard.edu', port=80): Max retries exceeded with url: /260776ea-6422-4013-948a-68c9ccebce0e/image (Caused by NameResolutionError(""HTTPConnection(host='data.huh.harvard.edu', port=80): Failed to resolve 'data.huh.harvard.edu' ([Errno 8] nodename nor servname provided, or not known)""))"
1998464122,http://data.huh.harvard.edu/24a5fe73-00d3-4ca5-a027-a67d46c550e6/image,"HTTPConnectionPool(host='data.huh.harvard.edu', port=80): Max retries exceeded with url: /24a5fe73-00d3-4ca5-a027-a67d46c550e6/image (Caused by NameResolutionError(""HTTPConnection(host='data.huh.harvard.edu', port=80): Failed to resolve 'data.huh.harvard.edu' ([Errno 8] nodename nor servname provided, or not known)""))"
1998462696,http://data.huh.harvard.edu/245ef073-2c41-4652-a286-50eae2f6487f/image,"HTTPConnectionPool(host='data.huh.harvard.edu', port=80): Max retries exceeded with url: /245ef073-2c41-4652-a286-50eae2f6487f/image (Caused by NameResolutionError(""HTTPConnection(host='data.huh.harvard.edu', port=80): Failed to resolve 'data.huh.harvard.edu' ([Errno 8] nodename nor servname provided, or not known)""))"
1998456879,http://data.huh.harvard.edu/22eb3661-80c8-487e-b8ba-2e8f82834401/image,"HTTPConnectionPool(host='data.huh.harvard.edu', port=80): Max retries exceeded with url: /22eb3661-80c8-487e-b8ba-2e8f82834401/image (Caused by NameResolutionError(""HTTPConnection(host='data.huh.harvard.edu', port=80): Failed to resolve 'data.huh.harvard.edu' ([Errno 8] nodename nor servname provided, or not known)""))"
1998456600,http://data.huh.harvard.edu/22dcf0eb-ec06-425a-80a0-60d394c68a26/image,"HTTPConnectionPool(host='data.huh.harvard.edu', port=80): Max retries exceeded with url: /22dcf0eb-ec06-425a-80a0-60d394c68a26/image (Caused by NameResolutionError(""HTTPConnection(host='data.huh.harvard.edu', port=80): Failed to resolve 'data.huh.harvard.edu' ([Errno 8] nodename nor servname provided, or not known)""))"
1998455746,http://data.huh.harvard.edu/22b4302d-acb4-486c-be17-80f6688b80eb/image,"HTTPConnectionPool(host='data.huh.harvard.edu', port=80): Max retries exceeded with url: /22b4302d-acb4-486c-be17-80f6688b80eb/image (Caused by NameResolutionError(""HTTPConnection(host='data.huh.harvard.edu', port=80): Failed to resolve 'data.huh.harvard.edu' ([Errno 8] nodename nor servname provided, or not known)""))"
1998453973,http://data.huh.harvard.edu/225cd200-5a42-4cea-843e-e6090685c893/image,"HTTPConnectionPool(host='data.huh.harvard.edu', port=80): Max retries exceeded with url: /225cd200-5a42-4cea-843e-e6090685c893/image (Caused by NameResolutionError(""HTTPConnection(host='data.huh.harvard.edu', port=80): Failed to resolve 'data.huh.harvard.edu' ([Errno 8] nodename nor servname provided, or not known)""))"
1998434351,http://data.huh.harvard.edu/1e0d612d-7ad4-4293-99c0-9e67112b393a/image,"HTTPConnectionPool(host='data.huh.harvard.edu', port=80): Max retries exceeded with url: /1e0d612d-7ad4-4293-99c0-9e67112b393a/image (Caused by NameResolutionError(""HTTPConnection(host='data.huh.harvard.edu', port=80): Failed to resolve 'data.huh.harvard.edu' ([Errno 8] nodename nor servname provided, or not known)""))"
1998427396,http://data.huh.harvard.edu/1c6ebe06-dced-4273-b2e4-daaff0801820/image,"HTTPConnectionPool(host='data.huh.harvard.edu', port=80): Max retries exceeded with url: /1c6ebe06-dced-4273-b2e4-daaff0801820/image (Caused by NameResolutionError(""HTTPConnection(host='data.huh.harvard.edu', port=80): Failed to resolve 'data.huh.harvard.edu' ([Errno 8] nodename nor servname provided, or not known)""))"
1998416448,http://data.huh.harvard.edu/1a08b669-101e-425a-bc66-d65af8017e6d/image,"HTTPConnectionPool(host='data.huh.harvard.edu', port=80): Max retries exceeded with url: /1a08b669-101e-425a-bc66-d65af8017e6d/image (Caused by NameResolutionError(""HTTPConnection(host='data.huh.harvard.edu', port=80): Failed to resolve 'data.huh.harvard.edu' ([Errno 8] nodename nor servname provided, or not known)""))"
1998412950,http://data.huh.harvard.edu/190dbe72-d79d-48c9-95c7-9ba254b60acb/image,"HTTPConnectionPool(host='data.huh.harvard.edu', port=80): Max retries exceeded with url: /190dbe72-d79d-48c9-95c7-9ba254b60acb/image (Caused by NameResolutionError(""HTTPConnection(host='data.huh.harvard.edu', port=80): Failed to resolve 'data.huh.harvard.edu' ([Errno 8] nodename nor servname provided, or not known)""))"
1998410909,http://data.huh.harvard.edu/18a3c68c-e873-4ea4-ae86-de20f4290864/image,"HTTPConnectionPool(host='data.huh.harvard.edu', port=80): Max retries exceeded with url: /18a3c68c-e873-4ea4-ae86-de20f4290864/image (Caused by NameResolutionError(""HTTPConnection(host='data.huh.harvard.edu', port=80): Failed to resolve 'data.huh.harvard.edu' ([Errno 8] nodename nor servname provided, or not known)""))"
1998410177,http://data.huh.harvard.edu/18859a5d-c8d0-42d7-bc43-00b3788efe86/image,"HTTPConnectionPool(host='data.huh.harvard.edu', port=80): Max retries exceeded with url: /18859a5d-c8d0-42d7-bc43-00b3788efe86/image (Caused by NameResolutionError(""HTTPConnection(host='data.huh.harvard.edu', port=80): Failed to resolve 'data.huh.harvard.edu' ([Errno 8] nodename nor servname provided, or not known)""))"
1998407859,http://data.huh.harvard.edu/18121c77-3c55-407f-be26-6868da54586d/image,"HTTPConnectionPool(host='data.huh.harvard.edu', port=80): Max retries exceeded with url: /18121c77-3c55-407f-be26-6868da54586d/image (Caused by NameResolutionError(""HTTPConnection(host='data.huh.harvard.edu', port=80): Failed to resolve 'data.huh.harvard.edu' ([Errno 8] nodename nor servname provided, or not known)""))"
1998401924,http://data.huh.harvard.edu/16a53c82-bada-4c5d-8417-20cefe8c3c2c/image,"HTTPConnectionPool(host='data.huh.harvard.edu', port=80): Max retries exceeded with url: /16a53c82-bada-4c5d-8417-20cefe8c3c2c/image (Caused by NameResolutionError(""HTTPConnection(host='data.huh.harvard.edu', port=80): Failed to resolve 'data.huh.harvard.edu' ([Errno 8] nodename nor servname provided, or not known)""))"
1998394793,http://data.huh.harvard.edu/14f84801-fc83-4eb8-bc0b-de8ae2fa44d4/image,"HTTPConnectionPool(host='data.huh.harvard.edu', port=80): Max retries exceeded with url: /14f84801-fc83-4eb8-bc0b-de8ae2fa44d4/image (Caused by NameResolutionError(""HTTPConnection(host='data.huh.harvard.edu', port=80): Failed to resolve 'data.huh.harvard.edu' ([Errno 8] nodename nor servname provided, or not known)""))"
1998393956,http://data.huh.harvard.edu/14d018ef-0c3c-4636-beec-9a091e188a23/image,"HTTPConnectionPool(host='data.huh.harvard.edu', port=80): Max retries exceeded with url: /14d018ef-0c3c-4636-beec-9a091e188a23/image (Caused by NameResolutionError(""HTTPConnection(host='data.huh.harvard.edu', port=80): Failed to resolve 'data.huh.harvard.edu' ([Errno 8] nodename nor servname provided, or not known)""))"
1998393131,http://data.huh.harvard.edu/14aca840-22c2-4482-aa26-281bd8650a1c/image,"HTTPConnectionPool(host='data.huh.harvard.edu', port=80): Max retries exceeded with url: /14aca840-22c2-4482-aa26-281bd8650a1c/image (Caused by NameResolutionError(""HTTPConnection(host='data.huh.harvard.edu', port=80): Failed to resolve 'data.huh.harvard.edu' ([Errno 8] nodename nor servname provided, or not known)""))"
1998390878,http://data.huh.harvard.edu/1443367d-fb02-485d-9e1f-31de302f78a9/image,"HTTPConnectionPool(host='data.huh.harvard.edu', port=80): Max retries exceeded with url: /1443367d-fb02-485d-9e1f-31de302f78a9/image (Caused by NameResolutionError(""HTTPConnection(host='data.huh.harvard.edu', port=80): Failed to resolve 'data.huh.harvard.edu' ([Errno 8] nodename nor servname provided, or not known)""))"
1998390850,http://data.huh.harvard.edu/143fac32-f251-421b-80d8-82519c395ef7/image,"HTTPConnectionPool(host='data.huh.harvard.edu', port=80): Max retries exceeded with url: /143fac32-f251-421b-80d8-82519c395ef7/image (Caused by NameResolutionError(""HTTPConnection(host='data.huh.harvard.edu', port=80): Failed to resolve 'data.huh.harvard.edu' ([Errno 8] nodename nor servname provided, or not known)""))"
1998386528,http://data.huh.harvard.edu/131fc926-3666-47e2-b124-84085c194a73/image,"HTTPConnectionPool(host='data.huh.harvard.edu', port=80): Max retries exceeded with url: /131fc926-3666-47e2-b124-84085c194a73/image (Caused by NameResolutionError(""HTTPConnection(host='data.huh.harvard.edu', port=80): Failed to resolve 'data.huh.harvard.edu' ([Errno 8] nodename nor servname provided, or not known)""))"
1998384883,http://data.huh.harvard.edu/12ca1ab2-38de-42ed-b6d2-bcab804712dc/image,"HTTPConnectionPool(host='data.huh.harvard.edu', port=80): Max retries exceeded with url: /12ca1ab2-38de-42ed-b6d2-bcab804712dc/image (Caused by NameResolutionError(""HTTPConnection(host='data.huh.harvard.edu', port=80): Failed to resolve 'data.huh.harvard.edu' ([Errno 8] nodename nor servname provided, or not known)""))"
1998382029,http://data.huh.harvard.edu/123cb08a-820d-4c79-becb-e02292549688/image,"HTTPConnectionPool(host='data.huh.harvard.edu', port=80): Max retries exceeded with url: /123cb08a-820d-4c79-becb-e02292549688/image (Caused by NameResolutionError(""HTTPConnection(host='data.huh.harvard.edu', port=80): Failed to resolve 'data.huh.harvard.edu' ([Errno 8] nodename nor servname provided, or not known)""))"
1998375050,http://data.huh.harvard.edu/109fb867-5292-428e-aa40-94d7206eb25f/image,"HTTPConnectionPool(host='data.huh.harvard.edu', port=80): Max retries exceeded with url: /109fb867-5292-428e-aa40-94d7206eb25f/image (Caused by NameResolutionError(""HTTPConnection(host='data.huh.harvard.edu', port=80): Failed to resolve 'data.huh.harvard.edu' ([Errno 8] nodename nor servname provided, or not known)""))"
1998364224,http://data.huh.harvard.edu/0e3fd69b-6c74-4015-9eb6-1cc836df4003/image,"HTTPConnectionPool(host='data.huh.harvard.edu', port=80): Max retries exceeded with url: /0e3fd69b-6c74-4015-9eb6-1cc836df4003/image (Caused by NameResolutionError(""HTTPConnection(host='data.huh.harvard.edu', port=80): Failed to resolve 'data.huh.harvard.edu' ([Errno 8] nodename nor servname provided, or not known)""))"
1998356083,http://data.huh.harvard.edu/0c6782f1-5070-4880-8c1c-7e6b767cb29a/image,"HTTPConnectionPool(host='data.huh.harvard.edu', port=80): Max retries exceeded with url: /0c6782f1-5070-4880-8c1c-7e6b767cb29a/image (Caused by NameResolutionError(""HTTPConnection(host='data.huh.harvard.edu', port=80): Failed to resolve 'data.huh.harvard.edu' ([Errno 8] nodename nor servname provided, or not known)""))"
1998348029,http://data.huh.harvard.edu/0a85ceb1-327e-4455-b089-e443082b507f/image,"HTTPConnectionPool(host='data.huh.harvard.edu', port=80): Max retries exceeded with url: /0a85ceb1-327e-4455-b089-e443082b507f/image (Caused by NameResolutionError(""HTTPConnection(host='data.huh.harvard.edu', port=80): Failed to resolve 'data.huh.harvard.edu' ([Errno 8] nodename nor servname provided, or not known)""))"
1998341321,http://data.huh.harvard.edu/08f00005-6ce7-46f3-8005-b4b0d408948f/image,"HTTPConnectionPool(host='data.huh.harvard.edu', port=80): Max retries exceeded with url: /08f00005-6ce7-46f3-8005-b4b0d408948f/image (Caused by NameResolutionError(""HTTPConnection(host='data.huh.harvard.edu', port=80): Failed to resolve 'data.huh.harvard.edu' ([Errno 8] nodename nor servname provided, or not known)""))"
1998338960,http://data.huh.harvard.edu/087c10bc-cc3a-4459-aaed-94301017421c/image,"HTTPConnectionPool(host='data.huh.harvard.edu', port=80): Max retries exceeded with url: /087c10bc-cc3a-4459-aaed-94301017421c/image (Caused by NameResolutionError(""HTTPConnection(host='data.huh.harvard.edu', port=80): Failed to resolve 'data.huh.harvard.edu' ([Errno 8] nodename nor servname provided, or not known)""))"
1998335831,http://data.huh.harvard.edu/07d9d194-1ad3-439a-b056-d00de8f25a02/image,"HTTPConnectionPool(host='data.huh.harvard.edu', port=80): Max retries exceeded with url: /07d9d194-1ad3-439a-b056-d00de8f25a02/image (Caused by NameResolutionError(""HTTPConnection(host='data.huh.harvard.edu', port=80): Failed to resolve 'data.huh.harvard.edu' ([Errno 8] nodename nor servname provided, or not known)""))"
1998332042,http://data.huh.harvard.edu/06d8e00b-76cc-409b-bc70-fe6eb48e2093/image,"HTTPConnectionPool(host='data.huh.harvard.edu', port=80): Max retries exceeded with url: /06d8e00b-76cc-409b-bc70-fe6eb48e2093/image (Caused by NameResolutionError(""HTTPConnection(host='data.huh.harvard.edu', port=80): Failed to resolve 'data.huh.harvard.edu' ([Errno 8] nodename nor servname provided, or not known)""))"
1998330865,http://data.huh.harvard.edu/06a1b65b-aeaa-46e2-9867-84e2840a3446/image,"HTTPConnectionPool(host='data.huh.harvard.edu', port=80): Max retries exceeded with url: /06a1b65b-aeaa-46e2-9867-84e2840a3446/image (Caused by NameResolutionError(""HTTPConnection(host='data.huh.harvard.edu', port=80): Failed to resolve 'data.huh.harvard.edu' ([Errno 8] nodename nor servname provided, or not known)""))"
1998330101,http://data.huh.harvard.edu/067c520d-7ece-4e8e-b891-d06f1c174a1f/image,"HTTPConnectionPool(host='data.huh.harvard.edu', port=80): Max retries exceeded with url: /067c520d-7ece-4e8e-b891-d06f1c174a1f/image (Caused by NameResolutionError(""HTTPConnection(host='data.huh.harvard.edu', port=80): Failed to resolve 'data.huh.harvard.edu' ([Errno 8] nodename nor servname provided, or not known)""))"
1998322485,http://data.huh.harvard.edu/04b98ed6-3ce6-4407-9878-5a6b9a9cb0f6/image,"HTTPConnectionPool(host='data.huh.harvard.edu', port=80): Max retries exceeded with url: /04b98ed6-3ce6-4407-9878-5a6b9a9cb0f6/image (Caused by NameResolutionError(""HTTPConnection(host='data.huh.harvard.edu', port=80): Failed to resolve 'data.huh.harvard.edu' ([Errno 8] nodename nor servname provided, or not known)""))"
1998320411,http://data.huh.harvard.edu/0453ebe6-747b-410d-a12e-3d06a481c051/image,"HTTPConnectionPool(host='data.huh.harvard.edu', port=80): Max retries exceeded with url: /0453ebe6-747b-410d-a12e-3d06a481c051/image (Caused by NameResolutionError(""HTTPConnection(host='data.huh.harvard.edu', port=80): Failed to resolve 'data.huh.harvard.edu' ([Errno 8] nodename nor servname provided, or not known)""))"
1998313976,http://data.huh.harvard.edu/02c3aa92-ca61-4a6e-b6fe-4026d4fbe27c/image,"HTTPConnectionPool(host='data.huh.harvard.edu', port=80): Max retries exceeded with url: /02c3aa92-ca61-4a6e-b6fe-4026d4fbe27c/image (Caused by NameResolutionError(""HTTPConnection(host='data.huh.harvard.edu', port=80): Failed to resolve 'data.huh.harvard.edu' ([Errno 8] nodename nor servname provided, or not known)""))"
1998313147,http://data.huh.harvard.edu/029fa8be-4c99-4ede-9c1a-782c3ea41a06/image,"HTTPConnectionPool(host='data.huh.harvard.edu', port=80): Max retries exceeded with url: /029fa8be-4c99-4ede-9c1a-782c3ea41a06/image (Caused by NameResolutionError(""HTTPConnection(host='data.huh.harvard.edu', port=80): Failed to resolve 'data.huh.harvard.edu' ([Errno 8] nodename nor servname provided, or not known)""))"
1998305073,http://data.huh.harvard.edu/00c514d5-1214-44e2-b69e-e8678c410627/image,"HTTPConnectionPool(host='data.huh.harvard.edu', port=80): Max retries exceeded with url: /00c514d5-1214-44e2-b69e-e8678c410627/image (Caused by NameResolutionError(""HTTPConnection(host='data.huh.harvard.edu', port=80): Failed to resolve 'data.huh.harvard.edu' ([Errno 8] nodename nor servname provided, or not known)""))"
1998304709,http://data.huh.harvard.edu/00addab3-8a21-44d3-ba06-c43fb5689ff1/image,"HTTPConnectionPool(host='data.huh.harvard.edu', port=80): Max retries exceeded with url: /00addab3-8a21-44d3-ba06-c43fb5689ff1/image (Caused by NameResolutionError(""HTTPConnection(host='data.huh.harvard.edu', port=80): Failed to resolve 'data.huh.harvard.edu' ([Errno 8] nodename nor servname provided, or not known)""))"
1990244836,https://media01.symbiota.org/media/seinet/sernec/NCSC/NCSC00016/NCSC00016975.JPG,"HTTPSConnectionPool(host='media01.symbiota.org', port=443): Max retries exceeded with url: /media/seinet/sernec/NCSC/NCSC00016/NCSC00016975.JPG (Caused by NameResolutionError(""HTTPSConnection(host='media01.symbiota.org', port=443): Failed to resolve 'media01.symbiota.org' ([Errno 8] nodename nor servname provided, or not known)""))"
1990244834,https://media01.symbiota.org/media/seinet/sernec/NCSC/NCSC00016/NCSC00016972.JPG,"HTTPSConnectionPool(host='media01.symbiota.org', port=443): Max retries exceeded with url: /media/seinet/sernec/NCSC/NCSC00016/NCSC00016972.JPG (Caused by NameResolutionError(""HTTPSConnection(host='media01.symbiota.org', port=443): Failed to resolve 'media01.symbiota.org' ([Errno 8] nodename nor servname provided, or not known)""))"
1990244824,https://media01.symbiota.org/media/seinet/sernec/NCSC/NCSC00016/NCSC00016969.JPG,"HTTPSConnectionPool(host='media01.symbiota.org', port=443): Max retries exceeded with url: /media/seinet/sernec/NCSC/NCSC00016/NCSC00016969.JPG (Caused by NameResolutionError(""HTTPSConnection(host='media01.symbiota.org', port=443): Failed to resolve 'media01.symbiota.org' ([Errno 8] nodename nor servname provided, or not known)""))"
1990244822,https://media01.symbiota.org/media/seinet/sernec/NCSC/NCSC00016/NCSC00016963.JPG,"HTTPSConnectionPool(host='media01.symbiota.org', port=443): Max retries exceeded with url: /media/seinet/sernec/NCSC/NCSC00016/NCSC00016963.JPG (Caused by NameResolutionError(""HTTPSConnection(host='media01.symbiota.org', port=443): Failed to resolve 'media01.symbiota.org' ([Errno 8] nodename nor servname provided, or not known)""))"
1990244807,https://media01.symbiota.org/media/seinet/sernec/NCSC/NCSC00016/NCSC00016977.JPG,"HTTPSConnectionPool(host='media01.symbiota.org', port=443): Max retries exceeded with url: /media/seinet/sernec/NCSC/NCSC00016/NCSC00016977.JPG (Caused by NameResolutionError(""HTTPSConnection(host='media01.symbiota.org', port=443): Failed to resolve 'media01.symbiota.org' ([Errno 8] nodename nor servname provided, or not known)""))"
1990244806,https://media01.symbiota.org/media/seinet/sernec/NCSC/NCSC00016/NCSC00016979.JPG,"HTTPSConnectionPool(host='media01.symbiota.org', port=443): Max retries exceeded with url: /media/seinet/sernec/NCSC/NCSC00016/NCSC00016979.JPG (Caused by NameResolutionError(""HTTPSConnection(host='media01.symbiota.org', port=443): Failed to resolve 'media01.symbiota.org' ([Errno 8] nodename nor servname provided, or not known)""))"
1990244805,https://media01.symbiota.org/media/seinet/sernec/NCSC/NCSC00016/NCSC00016978.JPG,"HTTPSConnectionPool(host='media01.symbiota.org', port=443): Max retries exceeded with url: /media/seinet/sernec/NCSC/NCSC00016/NCSC00016978.JPG (Caused by NameResolutionError(""HTTPSConnection(host='media01.symbiota.org', port=443): Failed to resolve 'media01.symbiota.org' ([Errno 8] nodename nor servname provided, or not known)""))"
1990244802,https://media01.symbiota.org/media/seinet/sernec/NCSC/NCSC00016/NCSC00016960.JPG,"HTTPSConnectionPool(host='media01.symbiota.org', port=443): Max retries exceeded with url: /media/seinet/sernec/NCSC/NCSC00016/NCSC00016960.JPG (Caused by NameResolutionError(""HTTPSConnection(host='media01.symbiota.org', port=443): Failed to resolve 'media01.symbiota.org' ([Errno 8] nodename nor servname provided, or not known)""))"
1990244799,https://media01.symbiota.org/media/seinet/sernec/NCSC/NCSC00016/NCSC00016976.JPG,"HTTPSConnectionPool(host='media01.symbiota.org', port=443): Max retries exceeded with url: /media/seinet/sernec/NCSC/NCSC00016/NCSC00016976.JPG (Caused by NameResolutionError(""HTTPSConnection(host='media01.symbiota.org', port=443): Failed to resolve 'media01.symbiota.org' ([Errno 8] nodename nor servname provided, or not known)""))"
1990244797,https://media01.symbiota.org/media/seinet/sernec/NCSC/NCSC00016/NCSC00016962.JPG,"HTTPSConnectionPool(host='media01.symbiota.org', port=443): Max retries exceeded with url: /media/seinet/sernec/NCSC/NCSC00016/NCSC00016962.JPG (Caused by NameResolutionError(""HTTPSConnection(host='media01.symbiota.org', port=443): Failed to resolve 'media01.symbiota.org' ([Errno 8] nodename nor servname provided, or not known)""))"
1990244792,https://media01.symbiota.org/media/seinet/sernec/NCSC/NCSC00016/NCSC00016964.JPG,"HTTPSConnectionPool(host='media01.symbiota.org', port=443): Max retries exceeded with url: /media/seinet/sernec/NCSC/NCSC00016/NCSC00016964.JPG (Caused by NameResolutionError(""HTTPSConnection(host='media01.symbiota.org', port=443): Failed to resolve 'media01.symbiota.org' ([Errno 8] nodename nor servname provided, or not known)""))"
1990244788,https://media01.symbiota.org/media/seinet/sernec/NCSC/NCSC00016/NCSC00016955.JPG,"HTTPSConnectionPool(host='media01.symbiota.org', port=443): Max retries exceeded with url: /media/seinet/sernec/NCSC/NCSC00016/NCSC00016955.JPG (Caused by NameResolutionError(""HTTPSConnection(host='media01.symbiota.org', port=443): Failed to resolve 'media01.symbiota.org' ([Errno 8] nodename nor servname provided, or not known)""))"
1990244786,https://media01.symbiota.org/media/seinet/sernec/NCSC/NCSC00016/NCSC00016970.JPG,"HTTPSConnectionPool(host='media01.symbiota.org', port=443): Max retries exceeded with url: /media/seinet/sernec/NCSC/NCSC00016/NCSC00016970.JPG (Caused by NameResolutionError(""HTTPSConnection(host='media01.symbiota.org', port=443): Failed to resolve 'media01.symbiota.org' ([Errno 8] nodename nor servname provided, or not known)""))"
1990244780,https://media01.symbiota.org/media/seinet/sernec/NCSC/NCSC00016/NCSC00016967.JPG,"HTTPSConnectionPool(host='media01.symbiota.org', port=443): Max retries exceeded with url: /media/seinet/sernec/NCSC/NCSC00016/NCSC00016967.JPG (Caused by NameResolutionError(""HTTPSConnection(host='media01.symbiota.org', port=443): Failed to resolve 'media01.symbiota.org' ([Errno 8] nodename nor servname provided, or not known)""))"
1990244774,https://media01.symbiota.org/media/seinet/sernec/NCSC/NCSC00016/NCSC00016961.JPG,"HTTPSConnectionPool(host='media01.symbiota.org', port=443): Max retries exceeded with url: /media/seinet/sernec/NCSC/NCSC00016/NCSC00016961.JPG (Caused by NameResolutionError(""HTTPSConnection(host='media01.symbiota.org', port=443): Failed to resolve 'media01.symbiota.org' ([Errno 8] nodename nor servname provided, or not known)""))"
1990244770,https://media01.symbiota.org/media/seinet/sernec/NCSC/NCSC00016/NCSC00016971.JPG,"HTTPSConnectionPool(host='media01.symbiota.org', port=443): Max retries exceeded with url: /media/seinet/sernec/NCSC/NCSC00016/NCSC00016971.JPG (Caused by NameResolutionError(""HTTPSConnection(host='media01.symbiota.org', port=443): Failed to resolve 'media01.symbiota.org' ([Errno 8] nodename nor servname provided, or not known)""))"
1990244754,https://media01.symbiota.org/media/seinet/sernec/NCSC/NCSC00016/NCSC00016959.JPG,"HTTPSConnectionPool(host='media01.symbiota.org', port=443): Max retries exceeded with url: /media/seinet/sernec/NCSC/NCSC00016/NCSC00016959.JPG (Caused by NameResolutionError(""HTTPSConnection(host='media01.symbiota.org', port=443): Failed to resolve 'media01.symbiota.org' ([Errno 8] nodename nor servname provided, or not known)""))"
1990244752,https://media01.symbiota.org/media/seinet/sernec/NCSC/NCSC00016/NCSC00016956.JPG,"HTTPSConnectionPool(host='media01.symbiota.org', port=443): Max retries exceeded with url: /media/seinet/sernec/NCSC/NCSC00016/NCSC00016956.JPG (Caused by NameResolutionError(""HTTPSConnection(host='media01.symbiota.org', port=443): Failed to resolve 'media01.symbiota.org' ([Errno 8] nodename nor servname provided, or not known)""))"
1990244743,https://media01.symbiota.org/media/seinet/sernec/NCSC/NCSC00016/NCSC00016966.JPG,"HTTPSConnectionPool(host='media01.symbiota.org', port=443): Max retries exceeded with url: /media/seinet/sernec/NCSC/NCSC00016/NCSC00016966.JPG (Caused by NameResolutionError(""HTTPSConnection(host='media01.symbiota.org', port=443): Failed to resolve 'media01.symbiota.org' ([Errno 8] nodename nor servname provided, or not known)""))"
1990244714,https://media01.symbiota.org/media/seinet/sernec/NCSC/NCSC00016/NCSC00016958.JPG,"HTTPSConnectionPool(host='media01.symbiota.org', port=443): Max retries exceeded with url: /media/seinet/sernec/NCSC/NCSC00016/NCSC00016958.JPG (Caused by NameResolutionError(""HTTPSConnection(host='media01.symbiota.org', port=443): Failed to resolve 'media01.symbiota.org' ([Errno 8] nodename nor servname provided, or not known)""))"
1990244705,https://media01.symbiota.org/media/seinet/sernec/NCSC/NCSC00016/NCSC00016965.JPG,"HTTPSConnectionPool(host='media01.symbiota.org', port=443): Max retries exceeded with url: /media/seinet/sernec/NCSC/NCSC00016/NCSC00016965.JPG (Caused by NameResolutionError(""HTTPSConnection(host='media01.symbiota.org', port=443): Failed to resolve 'media01.symbiota.org' ([Errno 8] nodename nor servname provided, or not known)""))"
1990229424,https://media01.symbiota.org/media/seinet/sernec/NCSC/NCSC00088/NCSC00088887.JPG,"HTTPSConnectionPool(host='media01.symbiota.org', port=443): Max retries exceeded with url: /media/seinet/sernec/NCSC/NCSC00088/NCSC00088887.JPG (Caused by NameResolutionError(""HTTPSConnection(host='media01.symbiota.org', port=443): Failed to resolve 'media01.symbiota.org' ([Errno 8] nodename nor servname provided, or not known)""))"
1990201134,https://media01.symbiota.org/media/seinet/sernec/NCSC/NCSC00063/NCSC00063227.JPG,"HTTPSConnectionPool(host='media01.symbiota.org', port=443): Max retries exceeded with url: /media/seinet/sernec/NCSC/NCSC00063/NCSC00063227.JPG (Caused by NameResolutionError(""HTTPSConnection(host='media01.symbiota.org', port=443): Failed to resolve 'media01.symbiota.org' ([Errno 8] nodename nor servname provided, or not known)""))"
1989996188,https://media01.symbiota.org/media/seinet/sernec/TENN/TENN-V-0105/TENN-V-0105384.jpg,"HTTPSConnectionPool(host='media01.symbiota.org', port=443): Max retries exceeded with url: /media/seinet/sernec/TENN/TENN-V-0105/TENN-V-0105384.jpg (Caused by NameResolutionError(""HTTPSConnection(host='media01.symbiota.org', port=443): Failed to resolve 'media01.symbiota.org' ([Errno 8] nodename nor servname provided, or not known)""))"
1989996187,https://media01.symbiota.org/media/seinet/sernec/TENN/TENN-V-0105/TENN-V-0105385.jpg,"HTTPSConnectionPool(host='media01.symbiota.org', port=443): Max retries exceeded with url: /media/seinet/sernec/TENN/TENN-V-0105/TENN-V-0105385.jpg (Caused by NameResolutionError(""HTTPSConnection(host='media01.symbiota.org', port=443): Failed to resolve 'media01.symbiota.org' ([Errno 8] nodename nor servname provided, or not known)""))"
1989996179,https://media01.symbiota.org/media/seinet/sernec/TENN/TENN-V-0105/TENN-V-0105399.jpg,"HTTPSConnectionPool(host='media01.symbiota.org', port=443): Max retries exceeded with url: /media/seinet/sernec/TENN/TENN-V-0105/TENN-V-0105399.jpg (Caused by NameResolutionError(""HTTPSConnection(host='media01.symbiota.org', port=443): Failed to resolve 'media01.symbiota.org' ([Errno 8] nodename nor servname provided, or not known)""))"
1989996174,https://media01.symbiota.org/media/seinet/sernec/TENN/TENN-V-0105/TENN-V-0105389.jpg,"HTTPSConnectionPool(host='media01.symbiota.org', port=443): Max retries exceeded with url: /media/seinet/sernec/TENN/TENN-V-0105/TENN-V-0105389.jpg (Caused by NameResolutionError(""HTTPSConnection(host='media01.symbiota.org', port=443): Failed to resolve 'media01.symbiota.org' ([Errno 8] nodename nor servname provided, or not known)""))"
1989996153,https://media01.symbiota.org/media/seinet/sernec/TENN/TENN-V-0105/TENN-V-0105381.jpg,"HTTPSConnectionPool(host='media01.symbiota.org', port=443): Max retries exceeded with url: /media/seinet/sernec/TENN/TENN-V-0105/TENN-V-0105381.jpg (Caused by NameResolutionError(""HTTPSConnection(host='media01.symbiota.org', port=443): Failed to resolve 'media01.symbiota.org' ([Errno 8] nodename nor servname provided, or not known)""))"
1989996140,https://media01.symbiota.org/media/seinet/sernec/TENN/TENN-V-0105/TENN-V-0105406.jpg,"HTTPSConnectionPool(host='media01.symbiota.org', port=443): Max retries exceeded with url: /media/seinet/sernec/TENN/TENN-V-0105/TENN-V-0105406.jpg (Caused by NameResolutionError(""HTTPSConnection(host='media01.symbiota.org', port=443): Failed to resolve 'media01.symbiota.org' ([Errno 8] nodename nor servname provided, or not known)""))"
1989996130,https://media01.symbiota.org/media/seinet/sernec/TENN/TENN-V-0105/TENN-V-0105404.jpg,"HTTPSConnectionPool(host='media01.symbiota.org', port=443): Max retries exceeded with url: /media/seinet/sernec/TENN/TENN-V-0105/TENN-V-0105404.jpg (Caused by NameResolutionError(""HTTPSConnection(host='media01.symbiota.org', port=443): Failed to resolve 'media01.symbiota.org' ([Errno 8] nodename nor servname provided, or not known)""))"
1989996129,https://media01.symbiota.org/media/seinet/sernec/TENN/TENN-V-0105/TENN-V-0105405.jpg,"HTTPSConnectionPool(host='media01.symbiota.org', port=443): Max retries exceeded with url: /media/seinet/sernec/TENN/TENN-V-0105/TENN-V-0105405.jpg (Caused by NameResolutionError(""HTTPSConnection(host='media01.symbiota.org', port=443): Failed to resolve 'media01.symbiota.org' ([Errno 8] nodename nor servname provided, or not known)""))"
1989996113,https://media01.symbiota.org/media/seinet/sernec/TENN/TENN-V-0105/TENN-V-0105387.jpg,"HTTPSConnectionPool(host='media01.symbiota.org', port=443): Max retries exceeded with url: /media/seinet/sernec/TENN/TENN-V-0105/TENN-V-0105387.jpg (Caused by NameResolutionError(""HTTPSConnection(host='media01.symbiota.org', port=443): Failed to resolve 'media01.symbiota.org' ([Errno 8] nodename nor servname provided, or not known)""))"
1989996110,https://media01.symbiota.org/media/seinet/sernec/TENN/TENN-V-0105/TENN-V-0105382.jpg,"HTTPSConnectionPool(host='media01.symbiota.org', port=443): Max retries exceeded with url: /media/seinet/sernec/TENN/TENN-V-0105/TENN-V-0105382.jpg (Caused by NameResolutionError(""HTTPSConnection(host='media01.symbiota.org', port=443): Failed to resolve 'media01.symbiota.org' ([Errno 8] nodename nor servname provided, or not known)""))"
1989996106,https://media01.symbiota.org/media/seinet/sernec/TENN/TENN-V-0105/TENN-V-0105388.jpg,"HTTPSConnectionPool(host='media01.symbiota.org', port=443): Max retries exceeded with url: /media/seinet/sernec/TENN/TENN-V-0105/TENN-V-0105388.jpg (Caused by NameResolutionError(""HTTPSConnection(host='media01.symbiota.org', port=443): Failed to resolve 'media01.symbiota.org' ([Errno 8] nodename nor servname provided, or not known)""))"
1989996094,https://media01.symbiota.org/media/seinet/sernec/TENN/TENN-V-0105/TENN-V-0105386.jpg,"HTTPSConnectionPool(host='media01.symbiota.org', port=443): Max retries exceeded with url: /media/seinet/sernec/TENN/TENN-V-0105/TENN-V-0105386.jpg (Caused by NameResolutionError(""HTTPSConnection(host='media01.symbiota.org', port=443): Failed to resolve 'media01.symbiota.org' ([Errno 8] nodename nor servname provided, or not known)""))"
1989996072,https://media01.symbiota.org/media/seinet/sernec/TENN/TENN-V-0105/TENN-V-0105383.jpg,"HTTPSConnectionPool(host='media01.symbiota.org', port=443): Max retries exceeded with url: /media/seinet/sernec/TENN/TENN-V-0105/TENN-V-0105383.jpg (Caused by NameResolutionError(""HTTPSConnection(host='media01.symbiota.org', port=443): Failed to resolve 'media01.symbiota.org' ([Errno 8] nodename nor servname provided, or not known)""))"
1988852972,https://quod.lib.umich.edu/cgi/i/image/api/image/herb00ic:1501347:MICH-V-1501347/full/res:0/0/native.jpg,"HTTPSConnectionPool(host='quod.lib.umich.edu', port=443): Max retries exceeded with url: /cgi/i/image/api/image/herb00ic:1501347:MICH-V-1501347/full/res:0/0/native.jpg (Caused by NameResolutionError(""HTTPSConnection(host='quod.lib.umich.edu', port=443): Failed to resolve 'quod.lib.umich.edu' ([Errno 8] nodename nor servname provided, or not known)""))"
1988798994,https://quod.lib.umich.edu/cgi/i/image/api/image/herb00ic:1501346:MICH-V-1501346/full/res:0/0/native.jpg,"HTTPSConnectionPool(host='quod.lib.umich.edu', port=443): Max retries exceeded with url: /cgi/i/image/api/image/herb00ic:1501346:MICH-V-1501346/full/res:0/0/native.jpg (Caused by NameResolutionError(""HTTPSConnection(host='quod.lib.umich.edu', port=443): Failed to resolve 'quod.lib.umich.edu' ([Errno 8] nodename nor servname provided, or not known)""))"
1988798994,https://quod.lib.umich.edu/cgi/i/image/api/image/herb00ic:1501346:MICH-V-1501346_1/full/res:0/0/native.jpg,"HTTPSConnectionPool(host='quod.lib.umich.edu', port=443): Max retries exceeded with url: /cgi/i/image/api/image/herb00ic:1501346:MICH-V-1501346_1/full/res:0/0/native.jpg (Caused by NameResolutionError(""HTTPSConnection(host='quod.lib.umich.edu', port=443): Failed to resolve 'quod.lib.umich.edu' ([Errno 8] nodename nor servname provided, or not known)""))"
1988757779,https://quod.lib.umich.edu/cgi/i/image/api/image/herb00ic:1515383:MICH-V-1515383/full/res:0/0/native.jpg,"HTTPSConnectionPool(host='quod.lib.umich.edu', port=443): Max retries exceeded with url: /cgi/i/image/api/image/herb00ic:1515383:MICH-V-1515383/full/res:0/0/native.jpg (Caused by NameResolutionError(""HTTPSConnection(host='quod.lib.umich.edu', port=443): Failed to resolve 'quod.lib.umich.edu' ([Errno 8] nodename nor servname provided, or not known)""))"
1988621463,https://quod.lib.umich.edu/cgi/i/image/api/image/herb00ic:1501348:MICH-V-1501348/full/res:0/0/native.jpg,"HTTPSConnectionPool(host='quod.lib.umich.edu', port=443): Max retries exceeded with url: /cgi/i/image/api/image/herb00ic:1501348:MICH-V-1501348/full/res:0/0/native.jpg (Caused by NameResolutionError(""HTTPSConnection(host='quod.lib.umich.edu', port=443): Failed to resolve 'quod.lib.umich.edu' ([Errno 8] nodename nor servname provided, or not known)""))"
1978078169,https://media01.symbiota.org/media/seinet/sernec/EKY/31234100343/31234100343803.jpg,"HTTPSConnectionPool(host='media01.symbiota.org', port=443): Max retries exceeded with url: /media/seinet/sernec/EKY/31234100343/31234100343803.jpg (Caused by NameResolutionError(""HTTPSConnection(host='media01.symbiota.org', port=443): Failed to resolve 'media01.symbiota.org' ([Errno 8] nodename nor servname provided, or not known)""))"
1977805896,https://media01.symbiota.org/media/seinet/sernec/BEREA/BEREA010/BEREA010843.jpg,"HTTPSConnectionPool(host='media01.symbiota.org', port=443): Max retries exceeded with url: /media/seinet/sernec/BEREA/BEREA010/BEREA010843.jpg (Caused by NameResolutionError(""HTTPSConnection(host='media01.symbiota.org', port=443): Failed to resolve 'media01.symbiota.org' ([Errno 8] nodename nor servname provided, or not known)""))"
1931379338,http://sweetgum.nybg.org/images3/2728/523/03198198.jpg,"HTTPConnectionPool(host='sweetgum.nybg.org', port=80): Max retries exceeded with url: /images3/2728/523/03198198.jpg (Caused by NameResolutionError(""HTTPConnection(host='sweetgum.nybg.org', port=80): Failed to resolve 'sweetgum.nybg.org' ([Errno 8] nodename nor servname provided, or not known)""))"
1931366896,http://sweetgum.nybg.org/images3/2728/575/03198252.jpg,"HTTPConnectionPool(host='sweetgum.nybg.org', port=80): Max retries exceeded with url: /images3/2728/575/03198252.jpg (Caused by NameResolutionError(""HTTPConnection(host='sweetgum.nybg.org', port=80): Failed to resolve 'sweetgum.nybg.org' ([Errno 8] nodename nor servname provided, or not known)""))"
1931308177,http://sweetgum.nybg.org/images3/2728/559/03198236.jpg,"HTTPConnectionPool(host='sweetgum.nybg.org', port=80): Max retries exceeded with url: /images3/2728/559/03198236.jpg (Caused by NameResolutionError(""HTTPConnection(host='sweetgum.nybg.org', port=80): Failed to resolve 'sweetgum.nybg.org' ([Errno 8] nodename nor servname provided, or not known)""))"
1931264220,http://sweetgum.nybg.org/images3/2728/560/03198237.jpg,"HTTPConnectionPool(host='sweetgum.nybg.org', port=80): Max retries exceeded with url: /images3/2728/560/03198237.jpg (Caused by NameResolutionError(""HTTPConnection(host='sweetgum.nybg.org', port=80): Failed to resolve 'sweetgum.nybg.org' ([Errno 8] nodename nor servname provided, or not known)""))"
1931261046,http://sweetgum.nybg.org/images3/2728/617/03198295.jpg,"HTTPConnectionPool(host='sweetgum.nybg.org', port=80): Max retries exceeded with url: /images3/2728/617/03198295.jpg (Caused by NameResolutionError(""HTTPConnection(host='sweetgum.nybg.org', port=80): Failed to resolve 'sweetgum.nybg.org' ([Errno 8] nodename nor servname provided, or not known)""))"
1931210161,http://sweetgum.nybg.org/images3/2728/509/03198184.jpg,"HTTPConnectionPool(host='sweetgum.nybg.org', port=80): Max retries exceeded with url: /images3/2728/509/03198184.jpg (Caused by NameResolutionError(""HTTPConnection(host='sweetgum.nybg.org', port=80): Failed to resolve 'sweetgum.nybg.org' ([Errno 8] nodename nor servname provided, or not known)""))"
1931098140,http://sweetgum.nybg.org/images3/2728/615/03198293.jpg,"HTTPConnectionPool(host='sweetgum.nybg.org', port=80): Max retries exceeded with url: /images3/2728/615/03198293.jpg (Caused by NameResolutionError(""HTTPConnection(host='sweetgum.nybg.org', port=80): Failed to resolve 'sweetgum.nybg.org' ([Errno 8] nodename nor servname provided, or not known)""))"
1931087160,http://sweetgum.nybg.org/images3/2724/521/01158184.jpg,"HTTPConnectionPool(host='sweetgum.nybg.org', port=80): Max retries exceeded with url: /images3/2724/521/01158184.jpg (Caused by NameResolutionError(""HTTPConnection(host='sweetgum.nybg.org', port=80): Failed to resolve 'sweetgum.nybg.org' ([Errno 8] nodename nor servname provided, or not known)""))"
1931024439,http://sweetgum.nybg.org/images3/2724/444/00738578.jpg,"HTTPConnectionPool(host='sweetgum.nybg.org', port=80): Max retries exceeded with url: /images3/2724/444/00738578.jpg (Caused by NameResolutionError(""HTTPConnection(host='sweetgum.nybg.org', port=80): Failed to resolve 'sweetgum.nybg.org' ([Errno 8] nodename nor servname provided, or not known)""))"
1930981717,http://sweetgum.nybg.org/images3/2728/793/03198207.jpg,"HTTPConnectionPool(host='sweetgum.nybg.org', port=80): Max retries exceeded with url: /images3/2728/793/03198207.jpg (Caused by NameResolutionError(""HTTPConnection(host='sweetgum.nybg.org', port=80): Failed to resolve 'sweetgum.nybg.org' ([Errno 8] nodename nor servname provided, or not known)""))"
1930967670,http://sweetgum.nybg.org/images3/2728/520/03198195.jpg,"HTTPConnectionPool(host='sweetgum.nybg.org', port=80): Max retries exceeded with url: /images3/2728/520/03198195.jpg (Caused by NameResolutionError(""HTTPConnection(host='sweetgum.nybg.org', port=80): Failed to resolve 'sweetgum.nybg.org' ([Errno 8] nodename nor servname provided, or not known)""))"
1930917127,http://sweetgum.nybg.org/images3/2728/564/03198241.jpg,"HTTPConnectionPool(host='sweetgum.nybg.org', port=80): Max retries exceeded with url: /images3/2728/564/03198241.jpg (Caused by NameResolutionError(""HTTPConnection(host='sweetgum.nybg.org', port=80): Failed to resolve 'sweetgum.nybg.org' ([Errno 8] nodename nor servname provided, or not known)""))"
1930870051,http://sweetgum.nybg.org/images3/2728/848/03198316.jpg,"HTTPConnectionPool(host='sweetgum.nybg.org', port=80): Max retries exceeded with url: /images3/2728/848/03198316.jpg (Caused by NameResolutionError(""HTTPConnection(host='sweetgum.nybg.org', port=80): Failed to resolve 'sweetgum.nybg.org' ([Errno 8] nodename nor servname provided, or not known)""))"
1930847308,http://sweetgum.nybg.org/images3/2728/570/03198247.jpg,"HTTPConnectionPool(host='sweetgum.nybg.org', port=80): Max retries exceeded with url: /images3/2728/570/03198247.jpg (Caused by NameResolutionError(""HTTPConnection(host='sweetgum.nybg.org', port=80): Failed to resolve 'sweetgum.nybg.org' ([Errno 8] nodename nor servname provided, or not known)""))"
1930805110,http://sweetgum.nybg.org/images3/2728/583/03198260.jpg,"HTTPConnectionPool(host='sweetgum.nybg.org', port=80): Max retries exceeded with url: /images3/2728/583/03198260.jpg (Caused by NameResolutionError(""HTTPConnection(host='sweetgum.nybg.org', port=80): Failed to resolve 'sweetgum.nybg.org' ([Errno 8] nodename nor servname provided, or not known)""))"
1930753731,http://sweetgum.nybg.org/images3/1307/208/02225921.jpg,"HTTPConnectionPool(host='sweetgum.nybg.org', port=80): Max retries exceeded with url: /images3/1307/208/02225921.jpg (Caused by NameResolutionError(""HTTPConnection(host='sweetgum.nybg.org', port=80): Failed to resolve 'sweetgum.nybg.org' ([Errno 8] nodename nor servname provided, or not known)""))"
1930748918,http://sweetgum.nybg.org/images3/2728/516/03198191.jpg,"HTTPConnectionPool(host='sweetgum.nybg.org', port=80): Max retries exceeded with url: /images3/2728/516/03198191.jpg (Caused by NameResolutionError(""HTTPConnection(host='sweetgum.nybg.org', port=80): Failed to resolve 'sweetgum.nybg.org' ([Errno 8] nodename nor servname provided, or not known)""))"
1930403266,http://sweetgum.nybg.org/images3/2728/510/03198185.jpg,"HTTPConnectionPool(host='sweetgum.nybg.org', port=80): Max retries exceeded with url: /images3/2728/510/03198185.jpg (Caused by NameResolutionError(""HTTPConnection(host='sweetgum.nybg.org', port=80): Failed to resolve 'sweetgum.nybg.org' ([Errno 8] nodename nor servname provided, or not known)""))"
1930385293,http://sweetgum.nybg.org/images3/2728/522/03198197.jpg,"HTTPConnectionPool(host='sweetgum.nybg.org', port=80): Max retries exceeded with url: /images3/2728/522/03198197.jpg (Caused by NameResolutionError(""HTTPConnection(host='sweetgum.nybg.org', port=80): Failed to resolve 'sweetgum.nybg.org' ([Errno 8] nodename nor servname provided, or not known)""))"
1930347833,http://sweetgum.nybg.org/images3/2728/519/03198194.jpg,"HTTPConnectionPool(host='sweetgum.nybg.org', port=80): Max retries exceeded with url: /images3/2728/519/03198194.jpg (Caused by NameResolutionError(""HTTPConnection(host='sweetgum.nybg.org', port=80): Failed to resolve 'sweetgum.nybg.org' ([Errno 8] nodename nor servname provided, or not known)""))"
1930231081,http://sweetgum.nybg.org/images3/2728/507/03198182.jpg,"HTTPConnectionPool(host='sweetgum.nybg.org', port=80): Max retries exceeded with url: /images3/2728/507/03198182.jpg (Caused by NameResolutionError(""HTTPConnection(host='sweetgum.nybg.org', port=80): Failed to resolve 'sweetgum.nybg.org' ([Errno 8] nodename nor servname provided, or not known)""))"
1930129720,http://sweetgum.nybg.org/images3/1259/487/02219785.jpg,"HTTPConnectionPool(host='sweetgum.nybg.org', port=80): Max retries exceeded with url: /images3/1259/487/02219785.jpg (Caused by NameResolutionError(""HTTPConnection(host='sweetgum.nybg.org', port=80): Failed to resolve 'sweetgum.nybg.org' ([Errno 8] nodename nor servname provided, or not known)""))"
1929996288,http://sweetgum.nybg.org/images3/2724/520/01158162.jpg,"HTTPConnectionPool(host='sweetgum.nybg.org', port=80): Max retries exceeded with url: /images3/2724/520/01158162.jpg (Caused by NameResolutionError(""HTTPConnection(host='sweetgum.nybg.org', port=80): Failed to resolve 'sweetgum.nybg.org' ([Errno 8] nodename nor servname provided, or not known)""))"
1929816526,http://sweetgum.nybg.org/images3/2728/553/03198229.jpg,"HTTPConnectionPool(host='sweetgum.nybg.org', port=80): Max retries exceeded with url: /images3/2728/553/03198229.jpg (Caused by NameResolutionError(""HTTPConnection(host='sweetgum.nybg.org', port=80): Failed to resolve 'sweetgum.nybg.org' ([Errno 8] nodename nor servname provided, or not known)""))"
1929785898,http://sweetgum.nybg.org/images3/2728/511/03198186.jpg,"HTTPConnectionPool(host='sweetgum.nybg.org', port=80): Max retries exceeded with url: /images3/2728/511/03198186.jpg (Caused by NameResolutionError(""HTTPConnection(host='sweetgum.nybg.org', port=80): Failed to resolve 'sweetgum.nybg.org' ([Errno 8] nodename nor servname provided, or not known)""))"
1929743971,http://sweetgum.nybg.org/images3/2728/567/03198244.jpg,"HTTPConnectionPool(host='sweetgum.nybg.org', port=80): Max retries exceeded with url: /images3/2728/567/03198244.jpg (Caused by NameResolutionError(""HTTPConnection(host='sweetgum.nybg.org', port=80): Failed to resolve 'sweetgum.nybg.org' ([Errno 8] nodename nor servname provided, or not known)""))"
1929738926,http://sweetgum.nybg.org/images3/2728/515/03198190.jpg,"HTTPConnectionPool(host='sweetgum.nybg.org', port=80): Max retries exceeded with url: /images3/2728/515/03198190.jpg (Caused by NameResolutionError(""HTTPConnection(host='sweetgum.nybg.org', port=80): Failed to resolve 'sweetgum.nybg.org' ([Errno 8] nodename nor servname provided, or not known)""))"
1929605571,http://sweetgum.nybg.org/images3/2724/525/01400532.jpg,"HTTPConnectionPool(host='sweetgum.nybg.org', port=80): Max retries exceeded with url: /images3/2724/525/01400532.jpg (Caused by NameResolutionError(""HTTPConnection(host='sweetgum.nybg.org', port=80): Failed to resolve 'sweetgum.nybg.org' ([Errno 8] nodename nor servname provided, or not known)""))"
1929567506,http://sweetgum.nybg.org/images3/2728/549/03198225.jpg,"HTTPConnectionPool(host='sweetgum.nybg.org', port=80): Max retries exceeded with url: /images3/2728/549/03198225.jpg (Caused by NameResolutionError(""HTTPConnection(host='sweetgum.nybg.org', port=80): Failed to resolve 'sweetgum.nybg.org' ([Errno 8] nodename nor servname provided, or not known)""))"
1929442186,http://sweetgum.nybg.org/images3/1464/717/02316560.jpg,"HTTPConnectionPool(host='sweetgum.nybg.org', port=80): Max retries exceeded with url: /images3/1464/717/02316560.jpg (Caused by NameResolutionError(""HTTPConnection(host='sweetgum.nybg.org', port=80): Failed to resolve 'sweetgum.nybg.org' ([Errno 8] nodename nor servname provided, or not known)""))"
1929417250,http://sweetgum.nybg.org/images3/2728/558/03198235.jpg,"HTTPConnectionPool(host='sweetgum.nybg.org', port=80): Max retries exceeded with url: /images3/2728/558/03198235.jpg (Caused by NameResolutionError(""HTTPConnection(host='sweetgum.nybg.org', port=80): Failed to resolve 'sweetgum.nybg.org' ([Errno 8] nodename nor servname provided, or not known)""))"
1929410664,http://sweetgum.nybg.org/images3/2728/582/03198259.jpg,"HTTPConnectionPool(host='sweetgum.nybg.org', port=80): Max retries exceeded with url: /images3/2728/582/03198259.jpg (Caused by NameResolutionError(""HTTPConnection(host='sweetgum.nybg.org', port=80): Failed to resolve 'sweetgum.nybg.org' ([Errno 8] nodename nor servname provided, or not known)""))"
1929379461,http://sweetgum.nybg.org/images3/2728/555/03198232.jpg,"HTTPConnectionPool(host='sweetgum.nybg.org', port=80): Max retries exceeded with url: /images3/2728/555/03198232.jpg (Caused by NameResolutionError(""HTTPConnection(host='sweetgum.nybg.org', port=80): Failed to resolve 'sweetgum.nybg.org' ([Errno 8] nodename nor servname provided, or not known)""))"
1929338927,http://sweetgum.nybg.org/images3/2728/514/03198189.jpg,"HTTPConnectionPool(host='sweetgum.nybg.org', port=80): Max retries exceeded with url: /images3/2728/514/03198189.jpg (Caused by NameResolutionError(""HTTPConnection(host='sweetgum.nybg.org', port=80): Failed to resolve 'sweetgum.nybg.org' ([Errno 8] nodename nor servname provided, or not known)""))"
1929213561,http://sweetgum.nybg.org/images3/2728/526/03198201.jpg,"HTTPConnectionPool(host='sweetgum.nybg.org', port=80): Max retries exceeded with url: /images3/2728/526/03198201.jpg (Caused by NameResolutionError(""HTTPConnection(host='sweetgum.nybg.org', port=80): Failed to resolve 'sweetgum.nybg.org' ([Errno 8] nodename nor servname provided, or not known)""))"
1929201827,http://sweetgum.nybg.org/images3/2728/540/03198216.jpg,"HTTPConnectionPool(host='sweetgum.nybg.org', port=80): Max retries exceeded with url: /images3/2728/540/03198216.jpg (Caused by NameResolutionError(""HTTPConnection(host='sweetgum.nybg.org', port=80): Failed to resolve 'sweetgum.nybg.org' ([Errno 8] nodename nor servname provided, or not known)""))"
1929183529,http://sweetgum.nybg.org/images3/2728/557/03198234.jpg,"HTTPConnectionPool(host='sweetgum.nybg.org', port=80): Max retries exceeded with url: /images3/2728/557/03198234.jpg (Caused by NameResolutionError(""HTTPConnection(host='sweetgum.nybg.org', port=80): Failed to resolve 'sweetgum.nybg.org' ([Errno 8] nodename nor servname provided, or not known)""))"
1929168444,http://sweetgum.nybg.org/images3/2728/512/03198187.jpg,"HTTPConnectionPool(host='sweetgum.nybg.org', port=80): Max retries exceeded with url: /images3/2728/512/03198187.jpg (Caused by NameResolutionError(""HTTPConnection(host='sweetgum.nybg.org', port=80): Failed to resolve 'sweetgum.nybg.org' ([Errno 8] nodename nor servname provided, or not known)""))"
1928925683,http://sweetgum.nybg.org/images3/2728/825/02576168.jpg,"HTTPConnectionPool(host='sweetgum.nybg.org', port=80): Max retries exceeded with url: /images3/2728/825/02576168.jpg (Caused by NameResolutionError(""HTTPConnection(host='sweetgum.nybg.org', port=80): Failed to resolve 'sweetgum.nybg.org' ([Errno 8] nodename nor servname provided, or not known)""))"
1928802133,http://sweetgum.nybg.org/images3/2728/556/03198233.jpg,"HTTPConnectionPool(host='sweetgum.nybg.org', port=80): Max retries exceeded with url: /images3/2728/556/03198233.jpg (Caused by NameResolutionError(""HTTPConnection(host='sweetgum.nybg.org', port=80): Failed to resolve 'sweetgum.nybg.org' ([Errno 8] nodename nor servname provided, or not known)""))"
1928778838,http://sweetgum.nybg.org/images3/2728/513/03198188.jpg,"HTTPConnectionPool(host='sweetgum.nybg.org', port=80): Max retries exceeded with url: /images3/2728/513/03198188.jpg (Caused by NameResolutionError(""HTTPConnection(host='sweetgum.nybg.org', port=80): Failed to resolve 'sweetgum.nybg.org' ([Errno 8] nodename nor servname provided, or not known)""))"
1928750841,http://sweetgum.nybg.org/images3/2728/576/03198253.jpg,"HTTPConnectionPool(host='sweetgum.nybg.org', port=80): Max retries exceeded with url: /images3/2728/576/03198253.jpg (Caused by NameResolutionError(""HTTPConnection(host='sweetgum.nybg.org', port=80): Failed to resolve 'sweetgum.nybg.org' ([Errno 8] nodename nor servname provided, or not known)""))"
1928695606,http://sweetgum.nybg.org/images3/2728/518/03198193.jpg,"HTTPConnectionPool(host='sweetgum.nybg.org', port=80): Max retries exceeded with url: /images3/2728/518/03198193.jpg (Caused by NameResolutionError(""HTTPConnection(host='sweetgum.nybg.org', port=80): Failed to resolve 'sweetgum.nybg.org' ([Errno 8] nodename nor servname provided, or not known)""))"
1928682041,http://sweetgum.nybg.org/images3/2724/519/01158161.jpg,"HTTPConnectionPool(host='sweetgum.nybg.org', port=80): Max retries exceeded with url: /images3/2724/519/01158161.jpg (Caused by NameResolutionError(""HTTPConnection(host='sweetgum.nybg.org', port=80): Failed to resolve 'sweetgum.nybg.org' ([Errno 8] nodename nor servname provided, or not known)""))"
1928676734,http://sweetgum.nybg.org/images3/2728/580/03198257.jpg,"HTTPConnectionPool(host='sweetgum.nybg.org', port=80): Max retries exceeded with url: /images3/2728/580/03198257.jpg (Caused by NameResolutionError(""HTTPConnection(host='sweetgum.nybg.org', port=80): Failed to resolve 'sweetgum.nybg.org' ([Errno 8] nodename nor servname provided, or not known)""))"
1928615825,http://sweetgum.nybg.org/images3/2728/517/03198192.jpg,"HTTPConnectionPool(host='sweetgum.nybg.org', port=80): Max retries exceeded with url: /images3/2728/517/03198192.jpg (Caused by NameResolutionError(""HTTPConnection(host='sweetgum.nybg.org', port=80): Failed to resolve 'sweetgum.nybg.org' ([Errno 8] nodename nor servname provided, or not known)""))"
1928525707,http://sweetgum.nybg.org/images3/2728/550/03198226.jpg,"HTTPConnectionPool(host='sweetgum.nybg.org', port=80): Max retries exceeded with url: /images3/2728/550/03198226.jpg (Caused by NameResolutionError(""HTTPConnection(host='sweetgum.nybg.org', port=80): Failed to resolve 'sweetgum.nybg.org' ([Errno 8] nodename nor servname provided, or not known)""))"
1928456365,http://sweetgum.nybg.org/images3/2724/526/01527661.jpg,"HTTPConnectionPool(host='sweetgum.nybg.org', port=80): Max retries exceeded with url: /images3/2724/526/01527661.jpg (Caused by NameResolutionError(""HTTPConnection(host='sweetgum.nybg.org', port=80): Failed to resolve 'sweetgum.nybg.org' ([Errno 8] nodename nor servname provided, or not known)""))"
1928391821,http://sweetgum.nybg.org/images3/2728/521/03198196.jpg,"HTTPConnectionPool(host='sweetgum.nybg.org', port=80): Max retries exceeded with url: /images3/2728/521/03198196.jpg (Caused by NameResolutionError(""HTTPConnection(host='sweetgum.nybg.org', port=80): Failed to resolve 'sweetgum.nybg.org' ([Errno 8] nodename nor servname provided, or not known)""))"
1928366607,http://sweetgum.nybg.org/images3/2728/571/03198248.jpg,"HTTPConnectionPool(host='sweetgum.nybg.org', port=80): Max retries exceeded with url: /images3/2728/571/03198248.jpg (Caused by NameResolutionError(""HTTPConnection(host='sweetgum.nybg.org', port=80): Failed to resolve 'sweetgum.nybg.org' ([Errno 8] nodename nor servname provided, or not known)""))"
1928139385,http://sweetgum.nybg.org/images3/2728/586/03198263.jpg,"HTTPConnectionPool(host='sweetgum.nybg.org', port=80): Max retries exceeded with url: /images3/2728/586/03198263.jpg (Caused by NameResolutionError(""HTTPConnection(host='sweetgum.nybg.org', port=80): Failed to resolve 'sweetgum.nybg.org' ([Errno 8] nodename nor servname provided, or not known)""))"
1927974500,http://sweetgum.nybg.org/images3/2728/508/03198183.jpg,"HTTPConnectionPool(host='sweetgum.nybg.org', port=80): Max retries exceeded with url: /images3/2728/508/03198183.jpg (Caused by NameResolutionError(""HTTPConnection(host='sweetgum.nybg.org', port=80): Failed to resolve 'sweetgum.nybg.org' ([Errno 8] nodename nor servname provided, or not known)""))"
1927950514,http://sweetgum.nybg.org/images3/2728/524/03198199.jpg,"HTTPConnectionPool(host='sweetgum.nybg.org', port=80): Max retries exceeded with url: /images3/2728/524/03198199.jpg (Caused by NameResolutionError(""HTTPConnection(host='sweetgum.nybg.org', port=80): Failed to resolve 'sweetgum.nybg.org' ([Errno 8] nodename nor servname provided, or not known)""))"
1927849534,http://sweetgum.nybg.org/images3/2728/858/03198326.jpg,"HTTPConnectionPool(host='sweetgum.nybg.org', port=80): Max retries exceeded with url: /images3/2728/858/03198326.jpg (Caused by NameResolutionError(""HTTPConnection(host='sweetgum.nybg.org', port=80): Failed to resolve 'sweetgum.nybg.org' ([Errno 8] nodename nor servname provided, or not known)""))"
1927826194,http://sweetgum.nybg.org/images3/2723/923/00042685.jpg,"HTTPConnectionPool(host='sweetgum.nybg.org', port=80): Max retries exceeded with url: /images3/2723/923/00042685.jpg (Caused by NameResolutionError(""HTTPConnection(host='sweetgum.nybg.org', port=80): Failed to resolve 'sweetgum.nybg.org' ([Errno 8] nodename nor servname provided, or not known)""))"
1927803995,http://sweetgum.nybg.org/images3/2728/562/03198239.jpg,"HTTPConnectionPool(host='sweetgum.nybg.org', port=80): Max retries exceeded with url: /images3/2728/562/03198239.jpg (Caused by NameResolutionError(""HTTPConnection(host='sweetgum.nybg.org', port=80): Failed to resolve 'sweetgum.nybg.org' ([Errno 8] nodename nor servname provided, or not known)""))"
1900968793,https://sernecportal.org/imglib/seinet/sernec/USCH/USCH0040/USCH0040954.JPG,"HTTPSConnectionPool(host='sernecportal.org', port=443): Max retries exceeded with url: /imglib/seinet/sernec/USCH/USCH0040/USCH0040954.JPG (Caused by NameResolutionError(""HTTPSConnection(host='sernecportal.org', port=443): Failed to resolve 'sernecportal.org' ([Errno 8] nodename nor servname provided, or not known)""))"
1849194469,https://sernecportal.org/imglib/seinet/sernec/USCH/USCH0020/USCH0020208.JPG,"HTTPSConnectionPool(host='sernecportal.org', port=443): Max retries exceeded with url: /imglib/seinet/sernec/USCH/USCH0020/USCH0020208.JPG (Caused by NameResolutionError(""HTTPSConnection(host='sernecportal.org', port=443): Failed to resolve 'sernecportal.org' ([Errno 8] nodename nor servname provided, or not known)""))"
1849194376,https://sernecportal.org/imglib/seinet/sernec/USCH/USCH0020/USCH0020214.JPG,"HTTPSConnectionPool(host='sernecportal.org', port=443): Max retries exceeded with url: /imglib/seinet/sernec/USCH/USCH0020/USCH0020214.JPG (Caused by NameResolutionError(""HTTPSConnection(host='sernecportal.org', port=443): Failed to resolve 'sernecportal.org' ([Errno 8] nodename nor servname provided, or not known)""))"
1849184931,https://sernecportal.org/imglib/seinet/sernec/USCH/USCH0020/USCH0020202_1.JPG,"HTTPSConnectionPool(host='sernecportal.org', port=443): Max retries exceeded with url: /imglib/seinet/sernec/USCH/USCH0020/USCH0020202_1.JPG (Caused by NameResolutionError(""HTTPSConnection(host='sernecportal.org', port=443): Failed to resolve 'sernecportal.org' ([Errno 8] nodename nor servname provided, or not known)""))"
1849183725,https://sernecportal.org/imglib/seinet/sernec/USCH/USCH0018/USCH0018721.JPG,"HTTPSConnectionPool(host='sernecportal.org', port=443): Max retries exceeded with url: /imglib/seinet/sernec/USCH/USCH0018/USCH0018721.JPG (Caused by NameResolutionError(""HTTPSConnection(host='sernecportal.org', port=443): Failed to resolve 'sernecportal.org' ([Errno 8] nodename nor servname provided, or not known)""))"
1849180278,https://sernecportal.org/imglib/seinet/sernec/USCH/USCH0018/USCH0018715.JPG,"HTTPSConnectionPool(host='sernecportal.org', port=443): Max retries exceeded with url: /imglib/seinet/sernec/USCH/USCH0018/USCH0018715.JPG (Caused by NameResolutionError(""HTTPSConnection(host='sernecportal.org', port=443): Failed to resolve 'sernecportal.org' ([Errno 8] nodename nor servname provided, or not known)""))"
1849179967,https://sernecportal.org/imglib/seinet/sernec/USCH/USCH0018/USCH0018731.JPG,"HTTPSConnectionPool(host='sernecportal.org', port=443): Max retries exceeded with url: /imglib/seinet/sernec/USCH/USCH0018/USCH0018731.JPG (Caused by NameResolutionError(""HTTPSConnection(host='sernecportal.org', port=443): Failed to resolve 'sernecportal.org' ([Errno 8] nodename nor servname provided, or not known)""))"
1849174008,https://sernecportal.org/imglib/seinet/sernec/USCH/USCH0020/USCH0020205.JPG,"HTTPSConnectionPool(host='sernecportal.org', port=443): Max retries exceeded with url: /imglib/seinet/sernec/USCH/USCH0020/USCH0020205.JPG (Caused by NameResolutionError(""HTTPSConnection(host='sernecportal.org', port=443): Failed to resolve 'sernecportal.org' ([Errno 8] nodename nor servname provided, or not known)""))"
1849173178,https://sernecportal.org/imglib/seinet/sernec/USCH/USCH0018/USCH0018733.JPG,"HTTPSConnectionPool(host='sernecportal.org', port=443): Max retries exceeded with url: /imglib/seinet/sernec/USCH/USCH0018/USCH0018733.JPG (Caused by NameResolutionError(""HTTPSConnection(host='sernecportal.org', port=443): Failed to resolve 'sernecportal.org' ([Errno 8] nodename nor servname provided, or not known)""))"
1849171238,https://sernecportal.org/imglib/seinet/sernec/USCH/USCH0020/USCH0020218.JPG,"HTTPSConnectionPool(host='sernecportal.org', port=443): Max retries exceeded with url: /imglib/seinet/sernec/USCH/USCH0020/USCH0020218.JPG (Caused by NameResolutionError(""HTTPSConnection(host='sernecportal.org', port=443): Failed to resolve 'sernecportal.org' ([Errno 8] nodename nor servname provided, or not known)""))"
1849170215,https://sernecportal.org/imglib/seinet/sernec/USCH/USCH0018/USCH0018725.JPG,"HTTPSConnectionPool(host='sernecportal.org', port=443): Max retries exceeded with url: /imglib/seinet/sernec/USCH/USCH0018/USCH0018725.JPG (Caused by NameResolutionError(""HTTPSConnection(host='sernecportal.org', port=443): Failed to resolve 'sernecportal.org' ([Errno 8] nodename nor servname provided, or not known)""))"
1849168894,https://sernecportal.org/imglib/seinet/sernec/USCH/USCH0018/USCH0018705.JPG,"HTTPSConnectionPool(host='sernecportal.org', port=443): Max retries exceeded with url: /imglib/seinet/sernec/USCH/USCH0018/USCH0018705.JPG (Caused by NameResolutionError(""HTTPSConnection(host='sernecportal.org', port=443): Failed to resolve 'sernecportal.org' ([Errno 8] nodename nor servname provided, or not known)""))"
1849167453,https://sernecportal.org/imglib/seinet/sernec/USCH/USCH0018/USCH0018714.JPG,"HTTPSConnectionPool(host='sernecportal.org', port=443): Max retries exceeded with url: /imglib/seinet/sernec/USCH/USCH0018/USCH0018714.JPG (Caused by NameResolutionError(""HTTPSConnection(host='sernecportal.org', port=443): Failed to resolve 'sernecportal.org' ([Errno 8] nodename nor servname provided, or not known)""))"
1849165205,https://sernecportal.org/imglib/seinet/sernec/USCH/USCH0018/USCH0018699.JPG,"HTTPSConnectionPool(host='sernecportal.org', port=443): Max retries exceeded with url: /imglib/seinet/sernec/USCH/USCH0018/USCH0018699.JPG (Caused by NameResolutionError(""HTTPSConnection(host='sernecportal.org', port=443): Failed to resolve 'sernecportal.org' ([Errno 8] nodename nor servname provided, or not known)""))"
1849164872,https://sernecportal.org/imglib/seinet/sernec/USCH/USCH0018/USCH0018719.JPG,"HTTPSConnectionPool(host='sernecportal.org', port=443): Max retries exceeded with url: /imglib/seinet/sernec/USCH/USCH0018/USCH0018719.JPG (Caused by NameResolutionError(""HTTPSConnection(host='sernecportal.org', port=443): Failed to resolve 'sernecportal.org' ([Errno 8] nodename nor servname provided, or not known)""))"
1849159167,https://sernecportal.org/imglib/seinet/sernec/USCH/USCH0020/USCH0020213.JPG,"HTTPSConnectionPool(host='sernecportal.org', port=443): Max retries exceeded with url: /imglib/seinet/sernec/USCH/USCH0020/USCH0020213.JPG (Caused by NameResolutionError(""HTTPSConnection(host='sernecportal.org', port=443): Failed to resolve 'sernecportal.org' ([Errno 8] nodename nor servname provided, or not known)""))"
1849158609,https://sernecportal.org/imglib/seinet/sernec/USCH/USCH0018/USCH0018706.JPG,"HTTPSConnectionPool(host='sernecportal.org', port=443): Max retries exceeded with url: /imglib/seinet/sernec/USCH/USCH0018/USCH0018706.JPG (Caused by NameResolutionError(""HTTPSConnection(host='sernecportal.org', port=443): Failed to resolve 'sernecportal.org' ([Errno 8] nodename nor servname provided, or not known)""))"
1849156830,https://sernecportal.org/imglib/seinet/sernec/USCH/USCH0020/USCH0020215.JPG,"HTTPSConnectionPool(host='sernecportal.org', port=443): Max retries exceeded with url: /imglib/seinet/sernec/USCH/USCH0020/USCH0020215.JPG (Caused by NameResolutionError(""HTTPSConnection(host='sernecportal.org', port=443): Failed to resolve 'sernecportal.org' ([Errno 8] nodename nor servname provided, or not known)""))"
1849156403,https://sernecportal.org/imglib/seinet/sernec/USCH/USCH0020/USCH0020207.JPG,"HTTPSConnectionPool(host='sernecportal.org', port=443): Max retries exceeded with url: /imglib/seinet/sernec/USCH/USCH0020/USCH0020207.JPG (Caused by NameResolutionError(""HTTPSConnection(host='sernecportal.org', port=443): Failed to resolve 'sernecportal.org' ([Errno 8] nodename nor servname provided, or not known)""))"
1849156122,https://sernecportal.org/imglib/seinet/sernec/USCH/USCH0020/USCH0020216.JPG,"HTTPSConnectionPool(host='sernecportal.org', port=443): Max retries exceeded with url: /imglib/seinet/sernec/USCH/USCH0020/USCH0020216.JPG (Caused by NameResolutionError(""HTTPSConnection(host='sernecportal.org', port=443): Failed to resolve 'sernecportal.org' ([Errno 8] nodename nor servname provided, or not known)""))"
1849155093,https://sernecportal.org/imglib/seinet/sernec/USCH/USCH0018/USCH0018704.JPG,"HTTPSConnectionPool(host='sernecportal.org', port=443): Max retries exceeded with url: /imglib/seinet/sernec/USCH/USCH0018/USCH0018704.JPG (Caused by NameResolutionError(""HTTPSConnection(host='sernecportal.org', port=443): Failed to resolve 'sernecportal.org' ([Errno 8] nodename nor servname provided, or not known)""))"
1849152921,https://sernecportal.org/imglib/seinet/sernec/USCH/USCH0018/USCH0018711.JPG,"HTTPSConnectionPool(host='sernecportal.org', port=443): Max retries exceeded with url: /imglib/seinet/sernec/USCH/USCH0018/USCH0018711.JPG (Caused by NameResolutionError(""HTTPSConnection(host='sernecportal.org', port=443): Failed to resolve 'sernecportal.org' ([Errno 8] nodename nor servname provided, or not known)""))"
1849151369,https://sernecportal.org/imglib/seinet/sernec/USCH/USCH0020/USCH0020206.JPG,"HTTPSConnectionPool(host='sernecportal.org', port=443): Max retries exceeded with url: /imglib/seinet/sernec/USCH/USCH0020/USCH0020206.JPG (Caused by NameResolutionError(""HTTPSConnection(host='sernecportal.org', port=443): Failed to resolve 'sernecportal.org' ([Errno 8] nodename nor servname provided, or not known)""))"
1849149330,https://sernecportal.org/imglib/seinet/sernec/USCH/USCH0018/USCH0018713.JPG,"HTTPSConnectionPool(host='sernecportal.org', port=443): Max retries exceeded with url: /imglib/seinet/sernec/USCH/USCH0018/USCH0018713.JPG (Caused by NameResolutionError(""HTTPSConnection(host='sernecportal.org', port=443): Failed to resolve 'sernecportal.org' ([Errno 8] nodename nor servname provided, or not known)""))"
1849149301,https://sernecportal.org/imglib/seinet/sernec/USCH/USCH0018/USCH0018718.JPG,"HTTPSConnectionPool(host='sernecportal.org', port=443): Max retries exceeded with url: /imglib/seinet/sernec/USCH/USCH0018/USCH0018718.JPG (Caused by NameResolutionError(""HTTPSConnection(host='sernecportal.org', port=443): Failed to resolve 'sernecportal.org' ([Errno 8] nodename nor servname provided, or not known)""))"
1849147903,https://sernecportal.org/imglib/seinet/sernec/USCH/USCH0018/USCH0018720.JPG,"HTTPSConnectionPool(host='sernecportal.org', port=443): Max retries exceeded with url: /imglib/seinet/sernec/USCH/USCH0018/USCH0018720.JPG (Caused by NameResolutionError(""HTTPSConnection(host='sernecportal.org', port=443): Failed to resolve 'sernecportal.org' ([Errno 8] nodename nor servname provided, or not known)""))"
1849146681,https://sernecportal.org/imglib/seinet/sernec/USCH/USCH0018/USCH0018707.JPG,"HTTPSConnectionPool(host='sernecportal.org', port=443): Max retries exceeded with url: /imglib/seinet/sernec/USCH/USCH0018/USCH0018707.JPG (Caused by NameResolutionError(""HTTPSConnection(host='sernecportal.org', port=443): Failed to resolve 'sernecportal.org' ([Errno 8] nodename nor servname provided, or not known)""))"
1849144852,https://sernecportal.org/imglib/seinet/sernec/USCH/USCH0020/USCH0020212.JPG,"HTTPSConnectionPool(host='sernecportal.org', port=443): Max retries exceeded with url: /imglib/seinet/sernec/USCH/USCH0020/USCH0020212.JPG (Caused by NameResolutionError(""HTTPSConnection(host='sernecportal.org', port=443): Failed to resolve 'sernecportal.org' ([Errno 8] nodename nor servname provided, or not known)""))"
1849142821,https://sernecportal.org/imglib/seinet/sernec/USCH/USCH0018/USCH0018716.JPG,"HTTPSConnectionPool(host='sernecportal.org', port=443): Max retries exceeded with url: /imglib/seinet/sernec/USCH/USCH0018/USCH0018716.JPG (Caused by NameResolutionError(""HTTPSConnection(host='sernecportal.org', port=443): Failed to resolve 'sernecportal.org' ([Errno 8] nodename nor servname provided, or not known)""))"
1849142705,https://sernecportal.org/imglib/seinet/sernec/USCH/USCH0018/USCH0018712.JPG,"HTTPSConnectionPool(host='sernecportal.org', port=443): Max retries exceeded with url: /imglib/seinet/sernec/USCH/USCH0018/USCH0018712.JPG (Caused by NameResolutionError(""HTTPSConnection(host='sernecportal.org', port=443): Failed to resolve 'sernecportal.org' ([Errno 8] nodename nor servname provided, or not known)""))"
1849142264,https://sernecportal.org/imglib/seinet/sernec/USCH/USCH0020/USCH0020217.JPG,"HTTPSConnectionPool(host='sernecportal.org', port=443): Max retries exceeded with url: /imglib/seinet/sernec/USCH/USCH0020/USCH0020217.JPG (Caused by NameResolutionError(""HTTPSConnection(host='sernecportal.org', port=443): Failed to resolve 'sernecportal.org' ([Errno 8] nodename nor servname provided, or not known)""))"
1849139417,https://sernecportal.org/imglib/seinet/sernec/USCH/USCH0018/USCH0018700.JPG,"HTTPSConnectionPool(host='sernecportal.org', port=443): Max retries exceeded with url: /imglib/seinet/sernec/USCH/USCH0018/USCH0018700.JPG (Caused by NameResolutionError(""HTTPSConnection(host='sernecportal.org', port=443): Failed to resolve 'sernecportal.org' ([Errno 8] nodename nor servname provided, or not known)""))"
1849136668,https://sernecportal.org/imglib/seinet/sernec/USCH/USCH0018/USCH0018698.JPG,"HTTPSConnectionPool(host='sernecportal.org', port=443): Max retries exceeded with url: /imglib/seinet/sernec/USCH/USCH0018/USCH0018698.JPG (Caused by NameResolutionError(""HTTPSConnection(host='sernecportal.org', port=443): Failed to resolve 'sernecportal.org' ([Errno 8] nodename nor servname provided, or not known)""))"
1849135346,https://sernecportal.org/imglib/seinet/sernec/USCH/USCH0018/USCH0018724.JPG,"HTTPSConnectionPool(host='sernecportal.org', port=443): Max retries exceeded with url: /imglib/seinet/sernec/USCH/USCH0018/USCH0018724.JPG (Caused by NameResolutionError(""HTTPSConnection(host='sernecportal.org', port=443): Failed to resolve 'sernecportal.org' ([Errno 8] nodename nor servname provided, or not known)""))"
1849135307,https://sernecportal.org/imglib/seinet/sernec/USCH/USCH0018/USCH0018703.JPG,"HTTPSConnectionPool(host='sernecportal.org', port=443): Max retries exceeded with url: /imglib/seinet/sernec/USCH/USCH0018/USCH0018703.JPG (Caused by NameResolutionError(""HTTPSConnection(host='sernecportal.org', port=443): Failed to resolve 'sernecportal.org' ([Errno 8] nodename nor servname provided, or not known)""))"
1849134075,https://sernecportal.org/imglib/seinet/sernec/USCH/USCH0018/USCH0018722.JPG,"HTTPSConnectionPool(host='sernecportal.org', port=443): Max retries exceeded with url: /imglib/seinet/sernec/USCH/USCH0018/USCH0018722.JPG (Caused by NameResolutionError(""HTTPSConnection(host='sernecportal.org', port=443): Failed to resolve 'sernecportal.org' ([Errno 8] nodename nor servname provided, or not known)""))"
1849133989,https://sernecportal.org/imglib/seinet/sernec/USCH/USCH0018/USCH0018708.JPG,"HTTPSConnectionPool(host='sernecportal.org', port=443): Max retries exceeded with url: /imglib/seinet/sernec/USCH/USCH0018/USCH0018708.JPG (Caused by NameResolutionError(""HTTPSConnection(host='sernecportal.org', port=443): Failed to resolve 'sernecportal.org' ([Errno 8] nodename nor servname provided, or not known)""))"
1849130041,https://sernecportal.org/imglib/seinet/sernec/USCH/USCH0018/USCH0018728.JPG,"HTTPSConnectionPool(host='sernecportal.org', port=443): Max retries exceeded with url: /imglib/seinet/sernec/USCH/USCH0018/USCH0018728.JPG (Caused by NameResolutionError(""HTTPSConnection(host='sernecportal.org', port=443): Failed to resolve 'sernecportal.org' ([Errno 8] nodename nor servname provided, or not known)""))"
1849129039,https://sernecportal.org/imglib/seinet/sernec/USCH/USCH0020/USCH0020210.JPG,"HTTPSConnectionPool(host='sernecportal.org', port=443): Max retries exceeded with url: /imglib/seinet/sernec/USCH/USCH0020/USCH0020210.JPG (Caused by NameResolutionError(""HTTPSConnection(host='sernecportal.org', port=443): Failed to resolve 'sernecportal.org' ([Errno 8] nodename nor servname provided, or not known)""))"
1849126509,https://sernecportal.org/imglib/seinet/sernec/USCH/USCH0020/USCH0020220.JPG,"HTTPSConnectionPool(host='sernecportal.org', port=443): Max retries exceeded with url: /imglib/seinet/sernec/USCH/USCH0020/USCH0020220.JPG (Caused by NameResolutionError(""HTTPSConnection(host='sernecportal.org', port=443): Failed to resolve 'sernecportal.org' ([Errno 8] nodename nor servname provided, or not known)""))"
1849125163,https://sernecportal.org/imglib/seinet/sernec/USCH/USCH0020/USCH0020203.JPG,"HTTPSConnectionPool(host='sernecportal.org', port=443): Max retries exceeded with url: /imglib/seinet/sernec/USCH/USCH0020/USCH0020203.JPG (Caused by NameResolutionError(""HTTPSConnection(host='sernecportal.org', port=443): Failed to resolve 'sernecportal.org' ([Errno 8] nodename nor servname provided, or not known)""))"
1849121011,https://sernecportal.org/imglib/seinet/sernec/USCH/USCH0018/USCH0018732.JPG,"HTTPSConnectionPool(host='sernecportal.org', port=443): Max retries exceeded with url: /imglib/seinet/sernec/USCH/USCH0018/USCH0018732.JPG (Caused by NameResolutionError(""HTTPSConnection(host='sernecportal.org', port=443): Failed to resolve 'sernecportal.org' ([Errno 8] nodename nor servname provided, or not known)""))"
1849120333,https://sernecportal.org/imglib/seinet/sernec/USCH/USCH0020/USCH0020202.JPG,"HTTPSConnectionPool(host='sernecportal.org', port=443): Max retries exceeded with url: /imglib/seinet/sernec/USCH/USCH0020/USCH0020202.JPG (Caused by NameResolutionError(""HTTPSConnection(host='sernecportal.org', port=443): Failed to resolve 'sernecportal.org' ([Errno 8] nodename nor servname provided, or not known)""))"
1849119683,https://sernecportal.org/imglib/seinet/sernec/USCH/USCH0020/USCH0020211.JPG,"HTTPSConnectionPool(host='sernecportal.org', port=443): Max retries exceeded with url: /imglib/seinet/sernec/USCH/USCH0020/USCH0020211.JPG (Caused by NameResolutionError(""HTTPSConnection(host='sernecportal.org', port=443): Failed to resolve 'sernecportal.org' ([Errno 8] nodename nor servname provided, or not known)""))"
1849116778,https://sernecportal.org/imglib/seinet/sernec/USCH/USCH0020/USCH0020219.JPG,"HTTPSConnectionPool(host='sernecportal.org', port=443): Max retries exceeded with url: /imglib/seinet/sernec/USCH/USCH0020/USCH0020219.JPG (Caused by NameResolutionError(""HTTPSConnection(host='sernecportal.org', port=443): Failed to resolve 'sernecportal.org' ([Errno 8] nodename nor servname provided, or not known)""))"
1849113684,https://sernecportal.org/imglib/seinet/sernec/USCH/USCH0018/USCH0018710.JPG,"HTTPSConnectionPool(host='sernecportal.org', port=443): Max retries exceeded with url: /imglib/seinet/sernec/USCH/USCH0018/USCH0018710.JPG (Caused by NameResolutionError(""HTTPSConnection(host='sernecportal.org', port=443): Failed to resolve 'sernecportal.org' ([Errno 8] nodename nor servname provided, or not known)""))"
1849112606,https://sernecportal.org/imglib/seinet/sernec/USCH/USCH0020/USCH0020204.JPG,"HTTPSConnectionPool(host='sernecportal.org', port=443): Max retries exceeded with url: /imglib/seinet/sernec/USCH/USCH0020/USCH0020204.JPG (Caused by NameResolutionError(""HTTPSConnection(host='sernecportal.org', port=443): Failed to resolve 'sernecportal.org' ([Errno 8] nodename nor servname provided, or not known)""))"
1849111081,https://sernecportal.org/imglib/seinet/sernec/USCH/USCH0018/USCH0018717.JPG,"HTTPSConnectionPool(host='sernecportal.org', port=443): Max retries exceeded with url: /imglib/seinet/sernec/USCH/USCH0018/USCH0018717.JPG (Caused by NameResolutionError(""HTTPSConnection(host='sernecportal.org', port=443): Failed to resolve 'sernecportal.org' ([Errno 8] nodename nor servname provided, or not known)""))"
1849109529,https://sernecportal.org/imglib/seinet/sernec/USCH/USCH0018/USCH0018709.JPG,"HTTPSConnectionPool(host='sernecportal.org', port=443): Max retries exceeded with url: /imglib/seinet/sernec/USCH/USCH0018/USCH0018709.JPG (Caused by NameResolutionError(""HTTPSConnection(host='sernecportal.org', port=443): Failed to resolve 'sernecportal.org' ([Errno 8] nodename nor servname provided, or not known)""))"
1849108804,https://sernecportal.org/imglib/seinet/sernec/USCH/USCH0018/USCH0018727.JPG,"HTTPSConnectionPool(host='sernecportal.org', port=443): Max retries exceeded with url: /imglib/seinet/sernec/USCH/USCH0018/USCH0018727.JPG (Caused by NameResolutionError(""HTTPSConnection(host='sernecportal.org', port=443): Failed to resolve 'sernecportal.org' ([Errno 8] nodename nor servname provided, or not known)""))"
1849105798,https://sernecportal.org/imglib/seinet/sernec/USCH/USCH0020/USCH0020209.JPG,"HTTPSConnectionPool(host='sernecportal.org', port=443): Max retries exceeded with url: /imglib/seinet/sernec/USCH/USCH0020/USCH0020209.JPG (Caused by NameResolutionError(""HTTPSConnection(host='sernecportal.org', port=443): Failed to resolve 'sernecportal.org' ([Errno 8] nodename nor servname provided, or not known)""))"
1849101817,https://sernecportal.org/imglib/seinet/sernec/USCH/ACM0/ACM0136.JPG,"HTTPSConnectionPool(host='sernecportal.org', port=443): Max retries exceeded with url: /imglib/seinet/sernec/USCH/ACM0/ACM0136.JPG (Caused by NameResolutionError(""HTTPSConnection(host='sernecportal.org', port=443): Failed to resolve 'sernecportal.org' ([Errno 8] nodename nor servname provided, or not known)""))"
1849099994,https://sernecportal.org/imglib/seinet/sernec/USCH/USCH0023/USCH0023596.JPG,"HTTPSConnectionPool(host='sernecportal.org', port=443): Max retries exceeded with url: /imglib/seinet/sernec/USCH/USCH0023/USCH0023596.JPG (Caused by NameResolutionError(""HTTPSConnection(host='sernecportal.org', port=443): Failed to resolve 'sernecportal.org' ([Errno 8] nodename nor servname provided, or not known)""))"
1849096741,https://sernecportal.org/imglib/seinet/sernec/USCH/HWR-0005/HWR-0005237.JPG,"HTTPSConnectionPool(host='sernecportal.org', port=443): Max retries exceeded with url: /imglib/seinet/sernec/USCH/HWR-0005/HWR-0005237.JPG (Caused by NameResolutionError(""HTTPSConnection(host='sernecportal.org', port=443): Failed to resolve 'sernecportal.org' ([Errno 8] nodename nor servname provided, or not known)""))"
1849095517,https://sernecportal.org/imglib/seinet/sernec/USCH/HWR-0005/HWR-0005236.JPG,"HTTPSConnectionPool(host='sernecportal.org', port=443): Max retries exceeded with url: /imglib/seinet/sernec/USCH/HWR-0005/HWR-0005236.JPG (Caused by NameResolutionError(""HTTPSConnection(host='sernecportal.org', port=443): Failed to resolve 'sernecportal.org' ([Errno 8] nodename nor servname provided, or not known)""))"
1849094887,https://sernecportal.org/imglib/seinet/sernec/USCH/USCH0018/USCH0018701.JPG,"HTTPSConnectionPool(host='sernecportal.org', port=443): Max retries exceeded with url: /imglib/seinet/sernec/USCH/USCH0018/USCH0018701.JPG (Caused by NameResolutionError(""HTTPSConnection(host='sernecportal.org', port=443): Failed to resolve 'sernecportal.org' ([Errno 8] nodename nor servname provided, or not known)""))"
1849094563,https://sernecportal.org/imglib/seinet/sernec/USCH/USCH0018/USCH0018702.JPG,"HTTPSConnectionPool(host='sernecportal.org', port=443): Max retries exceeded with url: /imglib/seinet/sernec/USCH/USCH0018/USCH0018702.JPG (Caused by NameResolutionError(""HTTPSConnection(host='sernecportal.org', port=443): Failed to resolve 'sernecportal.org' ([Errno 8] nodename nor servname provided, or not known)""))"
1846551179,https://media01.symbiota.org/media/h_seinet/seinet/DES/DES00034/DES00034085_lg.jpg,"HTTPSConnectionPool(host='media01.symbiota.org', port=443): Max retries exceeded with url: /media/h_seinet/seinet/DES/DES00034/DES00034085_lg.jpg (Caused by NameResolutionError(""HTTPSConnection(host='media01.symbiota.org', port=443): Failed to resolve 'media01.symbiota.org' ([Errno 8] nodename nor servname provided, or not known)""))"
1844420002,https://media01.symbiota.org/media/seinet/sernec/BOON/00012/012367_5278.jpg,"HTTPSConnectionPool(host='media01.symbiota.org', port=443): Max retries exceeded with url: /media/seinet/sernec/BOON/00012/012367_5278.jpg (Caused by NameResolutionError(""HTTPSConnection(host='media01.symbiota.org', port=443): Failed to resolve 'media01.symbiota.org' ([Errno 8] nodename nor servname provided, or not known)""))"
1843864307,https://api.idigbio.org/v2/media/b0a0683f24c483db3bd7cce62083c75a,"HTTPSConnectionPool(host='api.idigbio.org', port=443): Max retries exceeded with url: /v2/media/b0a0683f24c483db3bd7cce62083c75a (Caused by NameResolutionError(""HTTPSConnection(host='api.idigbio.org', port=443): Failed to resolve 'api.idigbio.org' ([Errno 8] nodename nor servname provided, or not known)""))"
1807240943,"http://procyon.acadiau.ca/ecsmith/cgi-bin/image.cgi?58021,jpeg","HTTPConnectionPool(host='procyon.acadiau.ca', port=80): Max retries exceeded with url: /ecsmith/cgi-bin/image.cgi?58021,jpeg (Caused by NameResolutionError(""HTTPConnection(host='procyon.acadiau.ca', port=80): Failed to resolve 'procyon.acadiau.ca' ([Errno 8] nodename nor servname provided, or not known)""))"
1807240548,"http://procyon.acadiau.ca/ecsmith/cgi-bin/image.cgi?63362,jpeg","HTTPConnectionPool(host='procyon.acadiau.ca', port=80): Max retries exceeded with url: /ecsmith/cgi-bin/image.cgi?63362,jpeg (Caused by NameResolutionError(""HTTPConnection(host='procyon.acadiau.ca', port=80): Failed to resolve 'procyon.acadiau.ca' ([Errno 8] nodename nor servname provided, or not known)""))"
1563150598,https://cyberfloralouisiana.com/images/LSUCollections/Vascular/LSU/00/177/LSU00177416_L.JPG,"HTTPSConnectionPool(host='cyberfloralouisiana.com', port=443): Max retries exceeded with url: /images/LSUCollections/Vascular/LSU/00/177/LSU00177416_L.JPG (Caused by NameResolutionError(""HTTPSConnection(host='cyberfloralouisiana.com', port=443): Failed to resolve 'cyberfloralouisiana.com' ([Errno 8] nodename nor servname provided, or not known)""))"
1563148940,https://cyberfloralouisiana.com/images/LSUCollections/Vascular/LSU/00/138/LSU00138797_L.JPG,"HTTPSConnectionPool(host='cyberfloralouisiana.com', port=443): Max retries exceeded with url: /images/LSUCollections/Vascular/LSU/00/138/LSU00138797_L.JPG (Caused by NameResolutionError(""HTTPSConnection(host='cyberfloralouisiana.com', port=443): Failed to resolve 'cyberfloralouisiana.com' ([Errno 8] nodename nor servname provided, or not known)""))"
1563145033,https://cyberfloralouisiana.com/images/LSUCollections/Vascular/LSU/00/126/LSU00126337_L.JPG,"HTTPSConnectionPool(host='cyberfloralouisiana.com', port=443): Max retries exceeded with url: /images/LSUCollections/Vascular/LSU/00/126/LSU00126337_L.JPG (Caused by NameResolutionError(""HTTPSConnection(host='cyberfloralouisiana.com', port=443): Failed to resolve 'cyberfloralouisiana.com' ([Errno 8] nodename nor servname provided, or not known)""))"
1503312320,https://cdn.plantatlas.org/img/specimens/USF/89527.jpg,"HTTPSConnectionPool(host='cdn.plantatlas.org', port=443): Max retries exceeded with url: /img/specimens/USF/89527.jpg (Caused by NameResolutionError(""HTTPSConnection(host='cdn.plantatlas.org', port=443): Failed to resolve 'cdn.plantatlas.org' ([Errno 8] nodename nor servname provided, or not known)""))"
1503312295,https://cdn.plantatlas.org/img/specimens/USF/89526.jpg,"HTTPSConnectionPool(host='cdn.plantatlas.org', port=443): Max retries exceeded with url: /img/specimens/USF/89526.jpg (Caused by NameResolutionError(""HTTPSConnection(host='cdn.plantatlas.org', port=443): Failed to resolve 'cdn.plantatlas.org' ([Errno 8] nodename nor servname provided, or not known)""))"
1503308186,https://cdn.plantatlas.org/img/specimens/USF/82120.jpg,"HTTPSConnectionPool(host='cdn.plantatlas.org', port=443): Max retries exceeded with url: /img/specimens/USF/82120.jpg (Caused by NameResolutionError(""HTTPSConnection(host='cdn.plantatlas.org', port=443): Failed to resolve 'cdn.plantatlas.org' ([Errno 8] nodename nor servname provided, or not known)""))"
1503304810,https://cdn.plantatlas.org/img/specimens/USF/76428.jpg,"HTTPSConnectionPool(host='cdn.plantatlas.org', port=443): Max retries exceeded with url: /img/specimens/USF/76428.jpg (Caused by NameResolutionError(""HTTPSConnection(host='cdn.plantatlas.org', port=443): Failed to resolve 'cdn.plantatlas.org' ([Errno 8] nodename nor servname provided, or not known)""))"
1503285031,https://cdn.plantatlas.org/img/specimens/USF/292735.jpg,"HTTPSConnectionPool(host='cdn.plantatlas.org', port=443): Max retries exceeded with url: /img/specimens/USF/292735.jpg (Caused by NameResolutionError(""HTTPSConnection(host='cdn.plantatlas.org', port=443): Failed to resolve 'cdn.plantatlas.org' ([Errno 8] nodename nor servname provided, or not known)""))"
1503278711,https://cdn.plantatlas.org/img/specimens/USF/283436.jpg,"HTTPSConnectionPool(host='cdn.plantatlas.org', port=443): Max retries exceeded with url: /img/specimens/USF/283436.jpg (Caused by NameResolutionError(""HTTPSConnection(host='cdn.plantatlas.org', port=443): Failed to resolve 'cdn.plantatlas.org' ([Errno 8] nodename nor servname provided, or not known)""))"
1503278698,https://cdn.plantatlas.org/img/specimens/USF/283397.jpg,"HTTPSConnectionPool(host='cdn.plantatlas.org', port=443): Max retries exceeded with url: /img/specimens/USF/283397.jpg (Caused by NameResolutionError(""HTTPSConnection(host='cdn.plantatlas.org', port=443): Failed to resolve 'cdn.plantatlas.org' ([Errno 8] nodename nor servname provided, or not known)""))"
1503278453,https://cdn.plantatlas.org/img/specimens/USF/283078.jpg,"HTTPSConnectionPool(host='cdn.plantatlas.org', port=443): Max retries exceeded with url: /img/specimens/USF/283078.jpg (Caused by NameResolutionError(""HTTPSConnection(host='cdn.plantatlas.org', port=443): Failed to resolve 'cdn.plantatlas.org' ([Errno 8] nodename nor servname provided, or not known)""))"
1503278434,https://cdn.plantatlas.org/img/specimens/USF/283073.jpg,"HTTPSConnectionPool(host='cdn.plantatlas.org', port=443): Max retries exceeded with url: /img/specimens/USF/283073.jpg (Caused by NameResolutionError(""HTTPSConnection(host='cdn.plantatlas.org', port=443): Failed to resolve 'cdn.plantatlas.org' ([Errno 8] nodename nor servname provided, or not known)""))"
1503278421,https://cdn.plantatlas.org/img/specimens/USF/283095.jpg,"HTTPSConnectionPool(host='cdn.plantatlas.org', port=443): Max retries exceeded with url: /img/specimens/USF/283095.jpg (Caused by NameResolutionError(""HTTPSConnection(host='cdn.plantatlas.org', port=443): Failed to resolve 'cdn.plantatlas.org' ([Errno 8] nodename nor servname provided, or not known)""))"
1503277823,https://cdn.plantatlas.org/img/specimens/USF/282199.jpg,"HTTPSConnectionPool(host='cdn.plantatlas.org', port=443): Max retries exceeded with url: /img/specimens/USF/282199.jpg (Caused by NameResolutionError(""HTTPSConnection(host='cdn.plantatlas.org', port=443): Failed to resolve 'cdn.plantatlas.org' ([Errno 8] nodename nor servname provided, or not known)""))"
1503276924,https://cdn.plantatlas.org/img/specimens/USF/280330.jpg,"HTTPSConnectionPool(host='cdn.plantatlas.org', port=443): Max retries exceeded with url: /img/specimens/USF/280330.jpg (Caused by NameResolutionError(""HTTPSConnection(host='cdn.plantatlas.org', port=443): Failed to resolve 'cdn.plantatlas.org' ([Errno 8] nodename nor servname provided, or not known)""))"
1503276658,https://cdn.plantatlas.org/img/specimens/USF/280070.jpg,"HTTPSConnectionPool(host='cdn.plantatlas.org', port=443): Max retries exceeded with url: /img/specimens/USF/280070.jpg (Caused by NameResolutionError(""HTTPSConnection(host='cdn.plantatlas.org', port=443): Failed to resolve 'cdn.plantatlas.org' ([Errno 8] nodename nor servname provided, or not known)""))"
1503276173,https://cdn.plantatlas.org/img/specimens/USF/279031.jpg,"HTTPSConnectionPool(host='cdn.plantatlas.org', port=443): Max retries exceeded with url: /img/specimens/USF/279031.jpg (Caused by NameResolutionError(""HTTPSConnection(host='cdn.plantatlas.org', port=443): Failed to resolve 'cdn.plantatlas.org' ([Errno 8] nodename nor servname provided, or not known)""))"
1503275825,https://cdn.plantatlas.org/img/specimens/USF/278188.jpg,"HTTPSConnectionPool(host='cdn.plantatlas.org', port=443): Max retries exceeded with url: /img/specimens/USF/278188.jpg (Caused by NameResolutionError(""HTTPSConnection(host='cdn.plantatlas.org', port=443): Failed to resolve 'cdn.plantatlas.org' ([Errno 8] nodename nor servname provided, or not known)""))"
1503273983,https://cdn.plantatlas.org/img/specimens/USF/274893.jpg,"HTTPSConnectionPool(host='cdn.plantatlas.org', port=443): Max retries exceeded with url: /img/specimens/USF/274893.jpg (Caused by NameResolutionError(""HTTPSConnection(host='cdn.plantatlas.org', port=443): Failed to resolve 'cdn.plantatlas.org' ([Errno 8] nodename nor servname provided, or not known)""))"
1503272614,https://cdn.plantatlas.org/img/specimens/USF/272064.jpg,"HTTPSConnectionPool(host='cdn.plantatlas.org', port=443): Max retries exceeded with url: /img/specimens/USF/272064.jpg (Caused by NameResolutionError(""HTTPSConnection(host='cdn.plantatlas.org', port=443): Failed to resolve 'cdn.plantatlas.org' ([Errno 8] nodename nor servname provided, or not known)""))"
1503269860,https://cdn.plantatlas.org/img/specimens/USF/267203.jpg,"HTTPSConnectionPool(host='cdn.plantatlas.org', port=443): Max retries exceeded with url: /img/specimens/USF/267203.jpg (Caused by NameResolutionError(""HTTPSConnection(host='cdn.plantatlas.org', port=443): Failed to resolve 'cdn.plantatlas.org' ([Errno 8] nodename nor servname provided, or not known)""))"
1503267033,https://cdn.plantatlas.org/img/specimens/USF/262727.jpg,"HTTPSConnectionPool(host='cdn.plantatlas.org', port=443): Max retries exceeded with url: /img/specimens/USF/262727.jpg (Caused by NameResolutionError(""HTTPSConnection(host='cdn.plantatlas.org', port=443): Failed to resolve 'cdn.plantatlas.org' ([Errno 8] nodename nor servname provided, or not known)""))"
1503266165,https://cdn.plantatlas.org/img/specimens/USF/261448.jpg,"HTTPSConnectionPool(host='cdn.plantatlas.org', port=443): Max retries exceeded with url: /img/specimens/USF/261448.jpg (Caused by NameResolutionError(""HTTPSConnection(host='cdn.plantatlas.org', port=443): Failed to resolve 'cdn.plantatlas.org' ([Errno 8] nodename nor servname provided, or not known)""))"
1503265260,https://cdn.plantatlas.org/img/specimens/USF/260281.jpg,"HTTPSConnectionPool(host='cdn.plantatlas.org', port=443): Max retries exceeded with url: /img/specimens/USF/260281.jpg (Caused by NameResolutionError(""HTTPSConnection(host='cdn.plantatlas.org', port=443): Failed to resolve 'cdn.plantatlas.org' ([Errno 8] nodename nor servname provided, or not known)""))"
1503259869,https://cdn.plantatlas.org/img/specimens/USF/253207.jpg,"HTTPSConnectionPool(host='cdn.plantatlas.org', port=443): Max retries exceeded with url: /img/specimens/USF/253207.jpg (Caused by NameResolutionError(""HTTPSConnection(host='cdn.plantatlas.org', port=443): Failed to resolve 'cdn.plantatlas.org' ([Errno 8] nodename nor servname provided, or not known)""))"
1503259710,https://cdn.plantatlas.org/img/specimens/USF/253043.jpg,"HTTPSConnectionPool(host='cdn.plantatlas.org', port=443): Max retries exceeded with url: /img/specimens/USF/253043.jpg (Caused by NameResolutionError(""HTTPSConnection(host='cdn.plantatlas.org', port=443): Failed to resolve 'cdn.plantatlas.org' ([Errno 8] nodename nor servname provided, or not known)""))"
1503255515,https://cdn.plantatlas.org/img/specimens/USF/248267.jpg,"HTTPSConnectionPool(host='cdn.plantatlas.org', port=443): Max retries exceeded with url: /img/specimens/USF/248267.jpg (Caused by NameResolutionError(""HTTPSConnection(host='cdn.plantatlas.org', port=443): Failed to resolve 'cdn.plantatlas.org' ([Errno 8] nodename nor servname provided, or not known)""))"
1503251927,https://cdn.plantatlas.org/img/specimens/USF/244630.jpg,"HTTPSConnectionPool(host='cdn.plantatlas.org', port=443): Max retries exceeded with url: /img/specimens/USF/244630.jpg (Caused by NameResolutionError(""HTTPSConnection(host='cdn.plantatlas.org', port=443): Failed to resolve 'cdn.plantatlas.org' ([Errno 8] nodename nor servname provided, or not known)""))"
1503249872,https://cdn.plantatlas.org/img/specimens/USF/242356.jpg,"HTTPSConnectionPool(host='cdn.plantatlas.org', port=443): Max retries exceeded with url: /img/specimens/USF/242356.jpg (Caused by NameResolutionError(""HTTPSConnection(host='cdn.plantatlas.org', port=443): Failed to resolve 'cdn.plantatlas.org' ([Errno 8] nodename nor servname provided, or not known)""))"
1503249724,https://cdn.plantatlas.org/img/specimens/USF/24220.jpg,"HTTPSConnectionPool(host='cdn.plantatlas.org', port=443): Max retries exceeded with url: /img/specimens/USF/24220.jpg (Caused by NameResolutionError(""HTTPSConnection(host='cdn.plantatlas.org', port=443): Failed to resolve 'cdn.plantatlas.org' ([Errno 8] nodename nor servname provided, or not known)""))"
1503246642,https://cdn.plantatlas.org/img/specimens/USF/238643.jpg,"HTTPSConnectionPool(host='cdn.plantatlas.org', port=443): Max retries exceeded with url: /img/specimens/USF/238643.jpg (Caused by NameResolutionError(""HTTPSConnection(host='cdn.plantatlas.org', port=443): Failed to resolve 'cdn.plantatlas.org' ([Errno 8] nodename nor servname provided, or not known)""))"
1503232675,https://cdn.plantatlas.org/img/specimens/USF/219150.jpg,"HTTPSConnectionPool(host='cdn.plantatlas.org', port=443): Max retries exceeded with url: /img/specimens/USF/219150.jpg (Caused by NameResolutionError(""HTTPSConnection(host='cdn.plantatlas.org', port=443): Failed to resolve 'cdn.plantatlas.org' ([Errno 8] nodename nor servname provided, or not known)""))"
1503231170,https://cdn.plantatlas.org/img/specimens/USF/215267.jpg,"HTTPSConnectionPool(host='cdn.plantatlas.org', port=443): Max retries exceeded with url: /img/specimens/USF/215267.jpg (Caused by NameResolutionError(""HTTPSConnection(host='cdn.plantatlas.org', port=443): Failed to resolve 'cdn.plantatlas.org' ([Errno 8] nodename nor servname provided, or not known)""))"
1503231145,https://cdn.plantatlas.org/img/specimens/USF/215266.jpg,"HTTPSConnectionPool(host='cdn.plantatlas.org', port=443): Max retries exceeded with url: /img/specimens/USF/215266.jpg (Caused by NameResolutionError(""HTTPSConnection(host='cdn.plantatlas.org', port=443): Failed to resolve 'cdn.plantatlas.org' ([Errno 8] nodename nor servname provided, or not known)""))"
1503231131,https://cdn.plantatlas.org/img/specimens/USF/215265.jpg,"HTTPSConnectionPool(host='cdn.plantatlas.org', port=443): Max retries exceeded with url: /img/specimens/USF/215265.jpg (Caused by NameResolutionError(""HTTPSConnection(host='cdn.plantatlas.org', port=443): Failed to resolve 'cdn.plantatlas.org' ([Errno 8] nodename nor servname provided, or not known)""))"
1503231126,https://cdn.plantatlas.org/img/specimens/USF/215264.jpg,"HTTPSConnectionPool(host='cdn.plantatlas.org', port=443): Max retries exceeded with url: /img/specimens/USF/215264.jpg (Caused by NameResolutionError(""HTTPSConnection(host='cdn.plantatlas.org', port=443): Failed to resolve 'cdn.plantatlas.org' ([Errno 8] nodename nor servname provided, or not known)""))"
1503225081,https://cdn.plantatlas.org/img/specimens/USF/205066.jpg,"HTTPSConnectionPool(host='cdn.plantatlas.org', port=443): Max retries exceeded with url: /img/specimens/USF/205066.jpg (Caused by NameResolutionError(""HTTPSConnection(host='cdn.plantatlas.org', port=443): Failed to resolve 'cdn.plantatlas.org' ([Errno 8] nodename nor servname provided, or not known)""))"
1503223241,https://cdn.plantatlas.org/img/specimens/USF/202193.jpg,"HTTPSConnectionPool(host='cdn.plantatlas.org', port=443): Max retries exceeded with url: /img/specimens/USF/202193.jpg (Caused by NameResolutionError(""HTTPSConnection(host='cdn.plantatlas.org', port=443): Failed to resolve 'cdn.plantatlas.org' ([Errno 8] nodename nor servname provided, or not known)""))"
1503223237,https://cdn.plantatlas.org/img/specimens/USF/202192.jpg,"HTTPSConnectionPool(host='cdn.plantatlas.org', port=443): Max retries exceeded with url: /img/specimens/USF/202192.jpg (Caused by NameResolutionError(""HTTPSConnection(host='cdn.plantatlas.org', port=443): Failed to resolve 'cdn.plantatlas.org' ([Errno 8] nodename nor servname provided, or not known)""))"
1503221969,https://cdn.plantatlas.org/img/specimens/USF/200256.jpg,"HTTPSConnectionPool(host='cdn.plantatlas.org', port=443): Max retries exceeded with url: /img/specimens/USF/200256.jpg (Caused by NameResolutionError(""HTTPSConnection(host='cdn.plantatlas.org', port=443): Failed to resolve 'cdn.plantatlas.org' ([Errno 8] nodename nor servname provided, or not known)""))"
1503221582,https://cdn.plantatlas.org/img/specimens/USF/199405.jpg,"HTTPSConnectionPool(host='cdn.plantatlas.org', port=443): Max retries exceeded with url: /img/specimens/USF/199405.jpg (Caused by NameResolutionError(""HTTPSConnection(host='cdn.plantatlas.org', port=443): Failed to resolve 'cdn.plantatlas.org' ([Errno 8] nodename nor servname provided, or not known)""))"
1503221351,https://cdn.plantatlas.org/img/specimens/USF/199017.jpg,"HTTPSConnectionPool(host='cdn.plantatlas.org', port=443): Max retries exceeded with url: /img/specimens/USF/199017.jpg (Caused by NameResolutionError(""HTTPSConnection(host='cdn.plantatlas.org', port=443): Failed to resolve 'cdn.plantatlas.org' ([Errno 8] nodename nor servname provided, or not known)""))"
1503219523,https://cdn.plantatlas.org/img/specimens/USF/19562.jpg,"HTTPSConnectionPool(host='cdn.plantatlas.org', port=443): Max retries exceeded with url: /img/specimens/USF/19562.jpg (Caused by NameResolutionError(""HTTPSConnection(host='cdn.plantatlas.org', port=443): Failed to resolve 'cdn.plantatlas.org' ([Errno 8] nodename nor servname provided, or not known)""))"
1503219336,https://cdn.plantatlas.org/img/specimens/USF/19448.jpg,"HTTPSConnectionPool(host='cdn.plantatlas.org', port=443): Max retries exceeded with url: /img/specimens/USF/19448.jpg (Caused by NameResolutionError(""HTTPSConnection(host='cdn.plantatlas.org', port=443): Failed to resolve 'cdn.plantatlas.org' ([Errno 8] nodename nor servname provided, or not known)""))"
1503217153,https://cdn.plantatlas.org/img/specimens/USF/189996.jpg,"HTTPSConnectionPool(host='cdn.plantatlas.org', port=443): Max retries exceeded with url: /img/specimens/USF/189996.jpg (Caused by NameResolutionError(""HTTPSConnection(host='cdn.plantatlas.org', port=443): Failed to resolve 'cdn.plantatlas.org' ([Errno 8] nodename nor servname provided, or not known)""))"
1503216101,https://cdn.plantatlas.org/img/specimens/USF/188547.jpg,"HTTPSConnectionPool(host='cdn.plantatlas.org', port=443): Max retries exceeded with url: /img/specimens/USF/188547.jpg (Caused by NameResolutionError(""HTTPSConnection(host='cdn.plantatlas.org', port=443): Failed to resolve 'cdn.plantatlas.org' ([Errno 8] nodename nor servname provided, or not known)""))"
1503214587,https://cdn.plantatlas.org/img/specimens/USF/185516.jpg,"HTTPSConnectionPool(host='cdn.plantatlas.org', port=443): Max retries exceeded with url: /img/specimens/USF/185516.jpg (Caused by NameResolutionError(""HTTPSConnection(host='cdn.plantatlas.org', port=443): Failed to resolve 'cdn.plantatlas.org' ([Errno 8] nodename nor servname provided, or not known)""))"
1503213894,https://cdn.plantatlas.org/img/specimens/USF/183762.jpg,"HTTPSConnectionPool(host='cdn.plantatlas.org', port=443): Max retries exceeded with url: /img/specimens/USF/183762.jpg (Caused by NameResolutionError(""HTTPSConnection(host='cdn.plantatlas.org', port=443): Failed to resolve 'cdn.plantatlas.org' ([Errno 8] nodename nor servname provided, or not known)""))"
1503213258,https://cdn.plantatlas.org/img/specimens/USF/182219.jpg,"HTTPSConnectionPool(host='cdn.plantatlas.org', port=443): Max retries exceeded with url: /img/specimens/USF/182219.jpg (Caused by NameResolutionError(""HTTPSConnection(host='cdn.plantatlas.org', port=443): Failed to resolve 'cdn.plantatlas.org' ([Errno 8] nodename nor servname provided, or not known)""))"
1503211507,https://cdn.plantatlas.org/img/specimens/USF/179828.jpg,"HTTPSConnectionPool(host='cdn.plantatlas.org', port=443): Max retries exceeded with url: /img/specimens/USF/179828.jpg (Caused by NameResolutionError(""HTTPSConnection(host='cdn.plantatlas.org', port=443): Failed to resolve 'cdn.plantatlas.org' ([Errno 8] nodename nor servname provided, or not known)""))"
1503209026,https://cdn.plantatlas.org/img/specimens/USF/176263.jpg,"HTTPSConnectionPool(host='cdn.plantatlas.org', port=443): Max retries exceeded with url: /img/specimens/USF/176263.jpg (Caused by NameResolutionError(""HTTPSConnection(host='cdn.plantatlas.org', port=443): Failed to resolve 'cdn.plantatlas.org' ([Errno 8] nodename nor servname provided, or not known)""))"
1503205469,https://cdn.plantatlas.org/img/specimens/USF/169821.jpg,"HTTPSConnectionPool(host='cdn.plantatlas.org', port=443): Max retries exceeded with url: /img/specimens/USF/169821.jpg (Caused by NameResolutionError(""HTTPSConnection(host='cdn.plantatlas.org', port=443): Failed to resolve 'cdn.plantatlas.org' ([Errno 8] nodename nor servname provided, or not known)""))"
1503203525,https://cdn.plantatlas.org/img/specimens/USF/167336.jpg,"HTTPSConnectionPool(host='cdn.plantatlas.org', port=443): Max retries exceeded with url: /img/specimens/USF/167336.jpg (Caused by NameResolutionError(""HTTPSConnection(host='cdn.plantatlas.org', port=443): Failed to resolve 'cdn.plantatlas.org' ([Errno 8] nodename nor servname provided, or not known)""))"
1503201030,https://cdn.plantatlas.org/img/specimens/USF/162867.jpg,"HTTPSConnectionPool(host='cdn.plantatlas.org', port=443): Max retries exceeded with url: /img/specimens/USF/162867.jpg (Caused by NameResolutionError(""HTTPSConnection(host='cdn.plantatlas.org', port=443): Failed to resolve 'cdn.plantatlas.org' ([Errno 8] nodename nor servname provided, or not known)""))"
1503200737,https://cdn.plantatlas.org/img/specimens/USF/162379.jpg,"HTTPSConnectionPool(host='cdn.plantatlas.org', port=443): Max retries exceeded with url: /img/specimens/USF/162379.jpg (Caused by NameResolutionError(""HTTPSConnection(host='cdn.plantatlas.org', port=443): Failed to resolve 'cdn.plantatlas.org' ([Errno 8] nodename nor servname provided, or not known)""))"
1503196619,https://cdn.plantatlas.org/img/specimens/USF/156339.jpg,"HTTPSConnectionPool(host='cdn.plantatlas.org', port=443): Max retries exceeded with url: /img/specimens/USF/156339.jpg (Caused by NameResolutionError(""HTTPSConnection(host='cdn.plantatlas.org', port=443): Failed to resolve 'cdn.plantatlas.org' ([Errno 8] nodename nor servname provided, or not known)""))"
1503195469,https://cdn.plantatlas.org/img/specimens/USF/154431.jpg,"HTTPSConnectionPool(host='cdn.plantatlas.org', port=443): Max retries exceeded with url: /img/specimens/USF/154431.jpg (Caused by NameResolutionError(""HTTPSConnection(host='cdn.plantatlas.org', port=443): Failed to resolve 'cdn.plantatlas.org' ([Errno 8] nodename nor servname provided, or not known)""))"
1503195458,https://cdn.plantatlas.org/img/specimens/USF/154430.jpg,"HTTPSConnectionPool(host='cdn.plantatlas.org', port=443): Max retries exceeded with url: /img/specimens/USF/154430.jpg (Caused by NameResolutionError(""HTTPSConnection(host='cdn.plantatlas.org', port=443): Failed to resolve 'cdn.plantatlas.org' ([Errno 8] nodename nor servname provided, or not known)""))"
1503195154,https://cdn.plantatlas.org/img/specimens/USF/152859.jpg,"HTTPSConnectionPool(host='cdn.plantatlas.org', port=443): Max retries exceeded with url: /img/specimens/USF/152859.jpg (Caused by NameResolutionError(""HTTPSConnection(host='cdn.plantatlas.org', port=443): Failed to resolve 'cdn.plantatlas.org' ([Errno 8] nodename nor servname provided, or not known)""))"
1503190887,https://cdn.plantatlas.org/img/specimens/USF/14437.jpg,"HTTPSConnectionPool(host='cdn.plantatlas.org', port=443): Max retries exceeded with url: /img/specimens/USF/14437.jpg (Caused by NameResolutionError(""HTTPSConnection(host='cdn.plantatlas.org', port=443): Failed to resolve 'cdn.plantatlas.org' ([Errno 8] nodename nor servname provided, or not known)""))"
1503189377,https://cdn.plantatlas.org/img/specimens/USF/14253.jpg,"HTTPSConnectionPool(host='cdn.plantatlas.org', port=443): Max retries exceeded with url: /img/specimens/USF/14253.jpg (Caused by NameResolutionError(""HTTPSConnection(host='cdn.plantatlas.org', port=443): Failed to resolve 'cdn.plantatlas.org' ([Errno 8] nodename nor servname provided, or not known)""))"
1503187246,https://cdn.plantatlas.org/img/specimens/USF/139857.jpg,"HTTPSConnectionPool(host='cdn.plantatlas.org', port=443): Max retries exceeded with url: /img/specimens/USF/139857.jpg (Caused by NameResolutionError(""HTTPSConnection(host='cdn.plantatlas.org', port=443): Failed to resolve 'cdn.plantatlas.org' ([Errno 8] nodename nor servname provided, or not known)""))"
1503182300,https://cdn.plantatlas.org/img/specimens/USF/131637.jpg,"HTTPSConnectionPool(host='cdn.plantatlas.org', port=443): Max retries exceeded with url: /img/specimens/USF/131637.jpg (Caused by NameResolutionError(""HTTPSConnection(host='cdn.plantatlas.org', port=443): Failed to resolve 'cdn.plantatlas.org' ([Errno 8] nodename nor servname provided, or not known)""))"
1503181774,https://cdn.plantatlas.org/img/specimens/USF/130467.jpg,"HTTPSConnectionPool(host='cdn.plantatlas.org', port=443): Max retries exceeded with url: /img/specimens/USF/130467.jpg (Caused by NameResolutionError(""HTTPSConnection(host='cdn.plantatlas.org', port=443): Failed to resolve 'cdn.plantatlas.org' ([Errno 8] nodename nor servname provided, or not known)""))"
1503180715,https://cdn.plantatlas.org/img/specimens/USF/127813.jpg,"HTTPSConnectionPool(host='cdn.plantatlas.org', port=443): Max retries exceeded with url: /img/specimens/USF/127813.jpg (Caused by NameResolutionError(""HTTPSConnection(host='cdn.plantatlas.org', port=443): Failed to resolve 'cdn.plantatlas.org' ([Errno 8] nodename nor servname provided, or not known)""))"
1503179582,https://cdn.plantatlas.org/img/specimens/USF/1259.jpg,"HTTPSConnectionPool(host='cdn.plantatlas.org', port=443): Max retries exceeded with url: /img/specimens/USF/1259.jpg (Caused by NameResolutionError(""HTTPSConnection(host='cdn.plantatlas.org', port=443): Failed to resolve 'cdn.plantatlas.org' ([Errno 8] nodename nor servname provided, or not known)""))"
1503178358,https://cdn.plantatlas.org/img/specimens/USF/123711.jpg,"HTTPSConnectionPool(host='cdn.plantatlas.org', port=443): Max retries exceeded with url: /img/specimens/USF/123711.jpg (Caused by NameResolutionError(""HTTPSConnection(host='cdn.plantatlas.org', port=443): Failed to resolve 'cdn.plantatlas.org' ([Errno 8] nodename nor servname provided, or not known)""))"
1503175609,https://cdn.plantatlas.org/img/specimens/USF/119806.jpg,"HTTPSConnectionPool(host='cdn.plantatlas.org', port=443): Max retries exceeded with url: /img/specimens/USF/119806.jpg (Caused by NameResolutionError(""HTTPSConnection(host='cdn.plantatlas.org', port=443): Failed to resolve 'cdn.plantatlas.org' ([Errno 8] nodename nor servname provided, or not known)""))"
1503170693,https://cdn.plantatlas.org/img/specimens/USF/104714.jpg,"HTTPSConnectionPool(host='cdn.plantatlas.org', port=443): Max retries exceeded with url: /img/specimens/USF/104714.jpg (Caused by NameResolutionError(""HTTPSConnection(host='cdn.plantatlas.org', port=443): Failed to resolve 'cdn.plantatlas.org' ([Errno 8] nodename nor servname provided, or not known)""))"
1457821324,https://cdn.floridamuseum.ufl.edu/Herbarium/9bae9d6f-0590-4e87-810e-51c8ee88d751,"HTTPSConnectionPool(host='cdn.floridamuseum.ufl.edu', port=443): Max retries exceeded with url: /Herbarium/9bae9d6f-0590-4e87-810e-51c8ee88d751 (Caused by NameResolutionError(""HTTPSConnection(host='cdn.floridamuseum.ufl.edu', port=443): Failed to resolve 'cdn.floridamuseum.ufl.edu' ([Errno 8] nodename nor servname provided, or not known)""))"
1457802973,https://cdn.floridamuseum.ufl.edu/Herbarium/01512b54-7007-4a74-b8cd-069f9fef6ccd,"HTTPSConnectionPool(host='cdn.floridamuseum.ufl.edu', port=443): Max retries exceeded with url: /Herbarium/01512b54-7007-4a74-b8cd-069f9fef6ccd (Caused by NameResolutionError(""HTTPSConnection(host='cdn.floridamuseum.ufl.edu', port=443): Failed to resolve 'cdn.floridamuseum.ufl.edu' ([Errno 8] nodename nor servname provided, or not known)""))"
1457800135,https://cdn.floridamuseum.ufl.edu/Herbarium/47d08623-90ab-45ac-bd96-11bcbfe6d998,"HTTPSConnectionPool(host='cdn.floridamuseum.ufl.edu', port=443): Max retries exceeded with url: /Herbarium/47d08623-90ab-45ac-bd96-11bcbfe6d998 (Caused by NameResolutionError(""HTTPSConnection(host='cdn.floridamuseum.ufl.edu', port=443): Failed to resolve 'cdn.floridamuseum.ufl.edu' ([Errno 8] nodename nor servname provided, or not known)""))"
1457786443,https://cdn.floridamuseum.ufl.edu/Herbarium/66facddc-17c0-4974-87d6-b6e798eab09f,"HTTPSConnectionPool(host='cdn.floridamuseum.ufl.edu', port=443): Max retries exceeded with url: /Herbarium/66facddc-17c0-4974-87d6-b6e798eab09f (Caused by NameResolutionError(""HTTPSConnection(host='cdn.floridamuseum.ufl.edu', port=443): Failed to resolve 'cdn.floridamuseum.ufl.edu' ([Errno 8] nodename nor servname provided, or not known)""))"
1457786338,https://cdn.floridamuseum.ufl.edu/Herbarium/b8abfefc-05c7-4597-bc2e-fa19c12bbf26,"HTTPSConnectionPool(host='cdn.floridamuseum.ufl.edu', port=443): Max retries exceeded with url: /Herbarium/b8abfefc-05c7-4597-bc2e-fa19c12bbf26 (Caused by NameResolutionError(""HTTPSConnection(host='cdn.floridamuseum.ufl.edu', port=443): Failed to resolve 'cdn.floridamuseum.ufl.edu' ([Errno 8] nodename nor servname provided, or not known)""))"
1457779515,https://cdn.floridamuseum.ufl.edu/Herbarium/d4ddf1d3-dd51-42ce-8776-101d863ae8eb,"HTTPSConnectionPool(host='cdn.floridamuseum.ufl.edu', port=443): Max retries exceeded with url: /Herbarium/d4ddf1d3-dd51-42ce-8776-101d863ae8eb (Caused by NameResolutionError(""HTTPSConnection(host='cdn.floridamuseum.ufl.edu', port=443): Failed to resolve 'cdn.floridamuseum.ufl.edu' ([Errno 8] nodename nor servname provided, or not known)""))"
1457779450,https://cdn.floridamuseum.ufl.edu/Herbarium/96656adb-d3c8-4fe7-9cf8-0dbaa06ddf25,"HTTPSConnectionPool(host='cdn.floridamuseum.ufl.edu', port=443): Max retries exceeded with url: /Herbarium/96656adb-d3c8-4fe7-9cf8-0dbaa06ddf25 (Caused by NameResolutionError(""HTTPSConnection(host='cdn.floridamuseum.ufl.edu', port=443): Failed to resolve 'cdn.floridamuseum.ufl.edu' ([Errno 8] nodename nor servname provided, or not known)""))"
1457769526,https://cdn.floridamuseum.ufl.edu/Herbarium/ba83a724-9987-46fc-977c-6c063e80644a,"HTTPSConnectionPool(host='cdn.floridamuseum.ufl.edu', port=443): Max retries exceeded with url: /Herbarium/ba83a724-9987-46fc-977c-6c063e80644a (Caused by NameResolutionError(""HTTPSConnection(host='cdn.floridamuseum.ufl.edu', port=443): Failed to resolve 'cdn.floridamuseum.ufl.edu' ([Errno 8] nodename nor servname provided, or not known)""))"
1457766275,https://cdn.floridamuseum.ufl.edu/Herbarium/8318cb58-ccd8-4ccc-8a56-6178bbca6488,"HTTPSConnectionPool(host='cdn.floridamuseum.ufl.edu', port=443): Max retries exceeded with url: /Herbarium/8318cb58-ccd8-4ccc-8a56-6178bbca6488 (Caused by NameResolutionError(""HTTPSConnection(host='cdn.floridamuseum.ufl.edu', port=443): Failed to resolve 'cdn.floridamuseum.ufl.edu' ([Errno 8] nodename nor servname provided, or not known)""))"
1457763300,https://cdn.floridamuseum.ufl.edu/Herbarium/721c13b1-3b6d-48fa-96b6-c71628ae9082,"HTTPSConnectionPool(host='cdn.floridamuseum.ufl.edu', port=443): Max retries exceeded with url: /Herbarium/721c13b1-3b6d-48fa-96b6-c71628ae9082 (Caused by NameResolutionError(""HTTPSConnection(host='cdn.floridamuseum.ufl.edu', port=443): Failed to resolve 'cdn.floridamuseum.ufl.edu' ([Errno 8] nodename nor servname provided, or not known)""))"
1457762699,https://cdn.floridamuseum.ufl.edu/Herbarium/f45ca3bd-aa5a-4515-9902-eec9fdc38c2f,"HTTPSConnectionPool(host='cdn.floridamuseum.ufl.edu', port=443): Max retries exceeded with url: /Herbarium/f45ca3bd-aa5a-4515-9902-eec9fdc38c2f (Caused by NameResolutionError(""HTTPSConnection(host='cdn.floridamuseum.ufl.edu', port=443): Failed to resolve 'cdn.floridamuseum.ufl.edu' ([Errno 8] nodename nor servname provided, or not known)""))"
1457762160,https://cdn.floridamuseum.ufl.edu/Herbarium/d562122b-c5f2-4f61-8308-618cf8af0db8,"HTTPSConnectionPool(host='cdn.floridamuseum.ufl.edu', port=443): Max retries exceeded with url: /Herbarium/d562122b-c5f2-4f61-8308-618cf8af0db8 (Caused by NameResolutionError(""HTTPSConnection(host='cdn.floridamuseum.ufl.edu', port=443): Failed to resolve 'cdn.floridamuseum.ufl.edu' ([Errno 8] nodename nor servname provided, or not known)""))"
1424424381,http://jbrj-public-img.s3-sa-east-1.amazonaws.com/JPG/rb/0/7/28/46/00072846.jpg,"HTTPConnectionPool(host='jbrj-public-img.s3-sa-east-1.amazonaws.com', port=80): Max retries exceeded with url: /JPG/rb/0/7/28/46/00072846.jpg (Caused by NameResolutionError(""HTTPConnection(host='jbrj-public-img.s3-sa-east-1.amazonaws.com', port=80): Failed to resolve 'jbrj-public-img.s3-sa-east-1.amazonaws.com' ([Errno 8] nodename nor servname provided, or not known)""))"
1322865554,https://collections.nmnh.si.edu/media/?i=14082100&h=2000,"HTTPSConnectionPool(host='collections.nmnh.si.edu', port=443): Max retries exceeded with url: /media/?i=14082100&h=2000 (Caused by NameResolutionError(""HTTPSConnection(host='collections.nmnh.si.edu', port=443): Failed to resolve 'collections.nmnh.si.edu' ([Errno 8] nodename nor servname provided, or not known)""))"
1320891896,https://collections.nmnh.si.edu/media/?i=14081827&h=2000,"HTTPSConnectionPool(host='collections.nmnh.si.edu', port=443): Max retries exceeded with url: /media/?i=14081827&h=2000 (Caused by NameResolutionError(""HTTPSConnection(host='collections.nmnh.si.edu', port=443): Failed to resolve 'collections.nmnh.si.edu' ([Errno 8] nodename nor servname provided, or not known)""))"
1320720385,https://collections.nmnh.si.edu/media/?i=14063281&h=2000,"HTTPSConnectionPool(host='collections.nmnh.si.edu', port=443): Max retries exceeded with url: /media/?i=14063281&h=2000 (Caused by NameResolutionError(""HTTPSConnection(host='collections.nmnh.si.edu', port=443): Failed to resolve 'collections.nmnh.si.edu' ([Errno 8] nodename nor servname provided, or not known)""))"
1319887253,https://collections.nmnh.si.edu/media/?i=14078943&h=2000,"HTTPSConnectionPool(host='collections.nmnh.si.edu', port=443): Max retries exceeded with url: /media/?i=14078943&h=2000 (Caused by NameResolutionError(""HTTPSConnection(host='collections.nmnh.si.edu', port=443): Failed to resolve 'collections.nmnh.si.edu' ([Errno 8] nodename nor servname provided, or not known)""))"
1319335271,https://collections.nmnh.si.edu/media/?i=14071438&h=2000,"HTTPSConnectionPool(host='collections.nmnh.si.edu', port=443): Max retries exceeded with url: /media/?i=14071438&h=2000 (Caused by NameResolutionError(""HTTPSConnection(host='collections.nmnh.si.edu', port=443): Failed to resolve 'collections.nmnh.si.edu' ([Errno 8] nodename nor servname provided, or not known)""))"
1319322765,https://collections.nmnh.si.edu/media/?i=14076268&h=2000,"HTTPSConnectionPool(host='collections.nmnh.si.edu', port=443): Max retries exceeded with url: /media/?i=14076268&h=2000 (Caused by NameResolutionError(""HTTPSConnection(host='collections.nmnh.si.edu', port=443): Failed to resolve 'collections.nmnh.si.edu' ([Errno 8] nodename nor servname provided, or not known)""))"
1319042509,https://collections.nmnh.si.edu/media/?i=14067779&h=2000,"HTTPSConnectionPool(host='collections.nmnh.si.edu', port=443): Max retries exceeded with url: /media/?i=14067779&h=2000 (Caused by NameResolutionError(""HTTPSConnection(host='collections.nmnh.si.edu', port=443): Failed to resolve 'collections.nmnh.si.edu' ([Errno 8] nodename nor servname provided, or not known)""))"
1319030771,https://collections.nmnh.si.edu/media/?i=14072515&h=2000,"HTTPSConnectionPool(host='collections.nmnh.si.edu', port=443): Max retries exceeded with url: /media/?i=14072515&h=2000 (Caused by NameResolutionError(""HTTPSConnection(host='collections.nmnh.si.edu', port=443): Failed to resolve 'collections.nmnh.si.edu' ([Errno 8] nodename nor servname provided, or not known)""))"
1318609082,https://collections.nmnh.si.edu/media/?i=14066237&h=2000,"HTTPSConnectionPool(host='collections.nmnh.si.edu', port=443): Max retries exceeded with url: /media/?i=14066237&h=2000 (Caused by NameResolutionError(""HTTPSConnection(host='collections.nmnh.si.edu', port=443): Failed to resolve 'collections.nmnh.si.edu' ([Errno 8] nodename nor servname provided, or not known)""))"
1317467273,https://collections.nmnh.si.edu/media/?i=14066118&h=2000,"HTTPSConnectionPool(host='collections.nmnh.si.edu', port=443): Max retries exceeded with url: /media/?i=14066118&h=2000 (Caused by NameResolutionError(""HTTPSConnection(host='collections.nmnh.si.edu', port=443): Failed to resolve 'collections.nmnh.si.edu' ([Errno 8] nodename nor servname provided, or not known)""))"
1317435485,https://collections.nmnh.si.edu/media/?i=14069336&h=2000,"HTTPSConnectionPool(host='collections.nmnh.si.edu', port=443): Max retries exceeded with url: /media/?i=14069336&h=2000 (Caused by NameResolutionError(""HTTPSConnection(host='collections.nmnh.si.edu', port=443): Failed to resolve 'collections.nmnh.si.edu' ([Errno 8] nodename nor servname provided, or not known)""))"
1269713317,https://cyberfloralouisiana.com/images/LSUCollections/Vascular/LSU/00/097/LSU00097330_L.JPG,"HTTPSConnectionPool(host='cyberfloralouisiana.com', port=443): Max retries exceeded with url: /images/LSUCollections/Vascular/LSU/00/097/LSU00097330_L.JPG (Caused by NameResolutionError(""HTTPSConnection(host='cyberfloralouisiana.com', port=443): Failed to resolve 'cyberfloralouisiana.com' ([Errno 8] nodename nor servname provided, or not known)""))"
1269705380,https://cyberfloralouisiana.com/images/LSUCollections/Vascular/LSU/00/084/LSU00084638_L.JPG,"HTTPSConnectionPool(host='cyberfloralouisiana.com', port=443): Max retries exceeded with url: /images/LSUCollections/Vascular/LSU/00/084/LSU00084638_L.JPG (Caused by NameResolutionError(""HTTPSConnection(host='cyberfloralouisiana.com', port=443): Failed to resolve 'cyberfloralouisiana.com' ([Errno 8] nodename nor servname provided, or not known)""))"
1269705374,https://cyberfloralouisiana.com/images/LSUCollections/Vascular/LSU/00/084/LSU00084642_L.JPG,"HTTPSConnectionPool(host='cyberfloralouisiana.com', port=443): Max retries exceeded with url: /images/LSUCollections/Vascular/LSU/00/084/LSU00084642_L.JPG (Caused by NameResolutionError(""HTTPSConnection(host='cyberfloralouisiana.com', port=443): Failed to resolve 'cyberfloralouisiana.com' ([Errno 8] nodename nor servname provided, or not known)""))"
1269705365,https://cyberfloralouisiana.com/images/LSUCollections/Vascular/LSU/00/084/LSU00084635_L.JPG,"HTTPSConnectionPool(host='cyberfloralouisiana.com', port=443): Max retries exceeded with url: /images/LSUCollections/Vascular/LSU/00/084/LSU00084635_L.JPG (Caused by NameResolutionError(""HTTPSConnection(host='cyberfloralouisiana.com', port=443): Failed to resolve 'cyberfloralouisiana.com' ([Errno 8] nodename nor servname provided, or not known)""))"
1269705358,https://cyberfloralouisiana.com/images/LSUCollections/Vascular/LSU/00/084/LSU00084637_L.JPG,"HTTPSConnectionPool(host='cyberfloralouisiana.com', port=443): Max retries exceeded with url: /images/LSUCollections/Vascular/LSU/00/084/LSU00084637_L.JPG (Caused by NameResolutionError(""HTTPSConnection(host='cyberfloralouisiana.com', port=443): Failed to resolve 'cyberfloralouisiana.com' ([Errno 8] nodename nor servname provided, or not known)""))"
1269705347,https://cyberfloralouisiana.com/images/LSUCollections/Vascular/LSU/00/084/LSU00084636_L.JPG,"HTTPSConnectionPool(host='cyberfloralouisiana.com', port=443): Max retries exceeded with url: /images/LSUCollections/Vascular/LSU/00/084/LSU00084636_L.JPG (Caused by NameResolutionError(""HTTPSConnection(host='cyberfloralouisiana.com', port=443): Failed to resolve 'cyberfloralouisiana.com' ([Errno 8] nodename nor servname provided, or not known)""))"
1269705339,https://cyberfloralouisiana.com/images/LSUCollections/Vascular/LSU/00/084/LSU00084641_L.JPG,"HTTPSConnectionPool(host='cyberfloralouisiana.com', port=443): Max retries exceeded with url: /images/LSUCollections/Vascular/LSU/00/084/LSU00084641_L.JPG (Caused by NameResolutionError(""HTTPSConnection(host='cyberfloralouisiana.com', port=443): Failed to resolve 'cyberfloralouisiana.com' ([Errno 8] nodename nor servname provided, or not known)""))"
1269705327,https://cyberfloralouisiana.com/images/LSUCollections/Vascular/LSU/00/084/LSU00084639_L.JPG,"HTTPSConnectionPool(host='cyberfloralouisiana.com', port=443): Max retries exceeded with url: /images/LSUCollections/Vascular/LSU/00/084/LSU00084639_L.JPG (Caused by NameResolutionError(""HTTPSConnection(host='cyberfloralouisiana.com', port=443): Failed to resolve 'cyberfloralouisiana.com' ([Errno 8] nodename nor servname provided, or not known)""))"
1269705324,https://cyberfloralouisiana.com/images/LSUCollections/Vascular/LSU/00/084/LSU00084640_L.JPG,"HTTPSConnectionPool(host='cyberfloralouisiana.com', port=443): Max retries exceeded with url: /images/LSUCollections/Vascular/LSU/00/084/LSU00084640_L.JPG (Caused by NameResolutionError(""HTTPSConnection(host='cyberfloralouisiana.com', port=443): Failed to resolve 'cyberfloralouisiana.com' ([Errno 8] nodename nor servname provided, or not known)""))"
1269680439,https://cyberfloralouisiana.com/images/LSUCollections/Vascular/LSU/00/057/LSU00057264_L.JPG,"HTTPSConnectionPool(host='cyberfloralouisiana.com', port=443): Max retries exceeded with url: /images/LSUCollections/Vascular/LSU/00/057/LSU00057264_L.JPG (Caused by NameResolutionError(""HTTPSConnection(host='cyberfloralouisiana.com', port=443): Failed to resolve 'cyberfloralouisiana.com' ([Errno 8] nodename nor servname provided, or not known)""))"
1269680118,https://cyberfloralouisiana.com/images/LSUCollections/Vascular/LSU/00/056/LSU00056915_L.JPG,"HTTPSConnectionPool(host='cyberfloralouisiana.com', port=443): Max retries exceeded with url: /images/LSUCollections/Vascular/LSU/00/056/LSU00056915_L.JPG (Caused by NameResolutionError(""HTTPSConnection(host='cyberfloralouisiana.com', port=443): Failed to resolve 'cyberfloralouisiana.com' ([Errno 8] nodename nor servname provided, or not known)""))"
1269680109,https://cyberfloralouisiana.com/images/LSUCollections/Vascular/LSU/00/056/LSU00056916_L.JPG,"HTTPSConnectionPool(host='cyberfloralouisiana.com', port=443): Max retries exceeded with url: /images/LSUCollections/Vascular/LSU/00/056/LSU00056916_L.JPG (Caused by NameResolutionError(""HTTPSConnection(host='cyberfloralouisiana.com', port=443): Failed to resolve 'cyberfloralouisiana.com' ([Errno 8] nodename nor servname provided, or not known)""))"
1269680097,https://cyberfloralouisiana.com/images/LSUCollections/Vascular/LSU/00/056/LSU00056917_L.JPG,"HTTPSConnectionPool(host='cyberfloralouisiana.com', port=443): Max retries exceeded with url: /images/LSUCollections/Vascular/LSU/00/056/LSU00056917_L.JPG (Caused by NameResolutionError(""HTTPSConnection(host='cyberfloralouisiana.com', port=443): Failed to resolve 'cyberfloralouisiana.com' ([Errno 8] nodename nor servname provided, or not known)""))"
1269678712,https://cyberfloralouisiana.com/images/LSUCollections/Vascular/LSU/00/055/LSU00055819_L.JPG,"HTTPSConnectionPool(host='cyberfloralouisiana.com', port=443): Max retries exceeded with url: /images/LSUCollections/Vascular/LSU/00/055/LSU00055819_L.JPG (Caused by NameResolutionError(""HTTPSConnection(host='cyberfloralouisiana.com', port=443): Failed to resolve 'cyberfloralouisiana.com' ([Errno 8] nodename nor servname provided, or not known)""))"
1269676388,https://cyberfloralouisiana.com/images/LSUCollections/Vascular/LSU/00/053/LSU00053541_L.JPG,"HTTPSConnectionPool(host='cyberfloralouisiana.com', port=443): Max retries exceeded with url: /images/LSUCollections/Vascular/LSU/00/053/LSU00053541_L.JPG (Caused by NameResolutionError(""HTTPSConnection(host='cyberfloralouisiana.com', port=443): Failed to resolve 'cyberfloralouisiana.com' ([Errno 8] nodename nor servname provided, or not known)""))"
1269671098,https://cyberfloralouisiana.com/images/LSUCollections/Vascular/LSU/00/046/LSU00046233_L.JPG,"HTTPSConnectionPool(host='cyberfloralouisiana.com', port=443): Max retries exceeded with url: /images/LSUCollections/Vascular/LSU/00/046/LSU00046233_L.JPG (Caused by NameResolutionError(""HTTPSConnection(host='cyberfloralouisiana.com', port=443): Failed to resolve 'cyberfloralouisiana.com' ([Errno 8] nodename nor servname provided, or not known)""))"
1269671088,https://cyberfloralouisiana.com/images/LSUCollections/Vascular/LSU/00/046/LSU00046230_L.JPG,"HTTPSConnectionPool(host='cyberfloralouisiana.com', port=443): Max retries exceeded with url: /images/LSUCollections/Vascular/LSU/00/046/LSU00046230_L.JPG (Caused by NameResolutionError(""HTTPSConnection(host='cyberfloralouisiana.com', port=443): Failed to resolve 'cyberfloralouisiana.com' ([Errno 8] nodename nor servname provided, or not known)""))"
1269671087,https://cyberfloralouisiana.com/images/LSUCollections/Vascular/LSU/00/046/LSU00046236_L.JPG,"HTTPSConnectionPool(host='cyberfloralouisiana.com', port=443): Max retries exceeded with url: /images/LSUCollections/Vascular/LSU/00/046/LSU00046236_L.JPG (Caused by NameResolutionError(""HTTPSConnection(host='cyberfloralouisiana.com', port=443): Failed to resolve 'cyberfloralouisiana.com' ([Errno 8] nodename nor servname provided, or not known)""))"
1269671086,https://cyberfloralouisiana.com/images/LSUCollections/Vascular/LSU/00/046/LSU00046232_L.JPG,"HTTPSConnectionPool(host='cyberfloralouisiana.com', port=443): Max retries exceeded with url: /images/LSUCollections/Vascular/LSU/00/046/LSU00046232_L.JPG (Caused by NameResolutionError(""HTTPSConnection(host='cyberfloralouisiana.com', port=443): Failed to resolve 'cyberfloralouisiana.com' ([Errno 8] nodename nor servname provided, or not known)""))"
1269671078,https://cyberfloralouisiana.com/images/LSUCollections/Vascular/LSU/00/046/LSU00046229_L.JPG,"HTTPSConnectionPool(host='cyberfloralouisiana.com', port=443): Max retries exceeded with url: /images/LSUCollections/Vascular/LSU/00/046/LSU00046229_L.JPG (Caused by NameResolutionError(""HTTPSConnection(host='cyberfloralouisiana.com', port=443): Failed to resolve 'cyberfloralouisiana.com' ([Errno 8] nodename nor servname provided, or not known)""))"
1269671076,https://cyberfloralouisiana.com/images/LSUCollections/Vascular/LSU/00/046/LSU00046226_L.JPG,"HTTPSConnectionPool(host='cyberfloralouisiana.com', port=443): Max retries exceeded with url: /images/LSUCollections/Vascular/LSU/00/046/LSU00046226_L.JPG (Caused by NameResolutionError(""HTTPSConnection(host='cyberfloralouisiana.com', port=443): Failed to resolve 'cyberfloralouisiana.com' ([Errno 8] nodename nor servname provided, or not known)""))"
1269671074,https://cyberfloralouisiana.com/images/LSUCollections/Vascular/LSU/00/046/LSU00046234_L.JPG,"HTTPSConnectionPool(host='cyberfloralouisiana.com', port=443): Max retries exceeded with url: /images/LSUCollections/Vascular/LSU/00/046/LSU00046234_L.JPG (Caused by NameResolutionError(""HTTPSConnection(host='cyberfloralouisiana.com', port=443): Failed to resolve 'cyberfloralouisiana.com' ([Errno 8] nodename nor servname provided, or not known)""))"
1269671072,https://cyberfloralouisiana.com/images/LSUCollections/Vascular/LSU/00/046/LSU00046235_L.JPG,"HTTPSConnectionPool(host='cyberfloralouisiana.com', port=443): Max retries exceeded with url: /images/LSUCollections/Vascular/LSU/00/046/LSU00046235_L.JPG (Caused by NameResolutionError(""HTTPSConnection(host='cyberfloralouisiana.com', port=443): Failed to resolve 'cyberfloralouisiana.com' ([Errno 8] nodename nor servname provided, or not known)""))"
1269671071,https://cyberfloralouisiana.com/images/LSUCollections/Vascular/LSU/00/046/LSU00046228_L.JPG,"HTTPSConnectionPool(host='cyberfloralouisiana.com', port=443): Max retries exceeded with url: /images/LSUCollections/Vascular/LSU/00/046/LSU00046228_L.JPG (Caused by NameResolutionError(""HTTPSConnection(host='cyberfloralouisiana.com', port=443): Failed to resolve 'cyberfloralouisiana.com' ([Errno 8] nodename nor servname provided, or not known)""))"
1269671063,https://cyberfloralouisiana.com/images/LSUCollections/Vascular/LSU/00/046/LSU00046231_L.JPG,"HTTPSConnectionPool(host='cyberfloralouisiana.com', port=443): Max retries exceeded with url: /images/LSUCollections/Vascular/LSU/00/046/LSU00046231_L.JPG (Caused by NameResolutionError(""HTTPSConnection(host='cyberfloralouisiana.com', port=443): Failed to resolve 'cyberfloralouisiana.com' ([Errno 8] nodename nor servname provided, or not known)""))"
1269671061,https://cyberfloralouisiana.com/images/LSUCollections/Vascular/LSU/00/046/LSU00046222_L.JPG,"HTTPSConnectionPool(host='cyberfloralouisiana.com', port=443): Max retries exceeded with url: /images/LSUCollections/Vascular/LSU/00/046/LSU00046222_L.JPG (Caused by NameResolutionError(""HTTPSConnection(host='cyberfloralouisiana.com', port=443): Failed to resolve 'cyberfloralouisiana.com' ([Errno 8] nodename nor servname provided, or not known)""))"
1269671059,https://cyberfloralouisiana.com/images/LSUCollections/Vascular/LSU/00/046/LSU00046225_L.JPG,"HTTPSConnectionPool(host='cyberfloralouisiana.com', port=443): Max retries exceeded with url: /images/LSUCollections/Vascular/LSU/00/046/LSU00046225_L.JPG (Caused by NameResolutionError(""HTTPSConnection(host='cyberfloralouisiana.com', port=443): Failed to resolve 'cyberfloralouisiana.com' ([Errno 8] nodename nor servname provided, or not known)""))"
1269671056,https://cyberfloralouisiana.com/images/LSUCollections/Vascular/LSU/00/046/LSU00046227_L.JPG,"HTTPSConnectionPool(host='cyberfloralouisiana.com', port=443): Max retries exceeded with url: /images/LSUCollections/Vascular/LSU/00/046/LSU00046227_L.JPG (Caused by NameResolutionError(""HTTPSConnection(host='cyberfloralouisiana.com', port=443): Failed to resolve 'cyberfloralouisiana.com' ([Errno 8] nodename nor servname provided, or not known)""))"
1269671055,https://cyberfloralouisiana.com/images/LSUCollections/Vascular/LSU/00/046/LSU00046221_L.JPG,"HTTPSConnectionPool(host='cyberfloralouisiana.com', port=443): Max retries exceeded with url: /images/LSUCollections/Vascular/LSU/00/046/LSU00046221_L.JPG (Caused by NameResolutionError(""HTTPSConnection(host='cyberfloralouisiana.com', port=443): Failed to resolve 'cyberfloralouisiana.com' ([Errno 8] nodename nor servname provided, or not known)""))"
1269671048,https://cyberfloralouisiana.com/images/LSUCollections/Vascular/LSU/00/046/LSU00046223_L.JPG,"HTTPSConnectionPool(host='cyberfloralouisiana.com', port=443): Max retries exceeded with url: /images/LSUCollections/Vascular/LSU/00/046/LSU00046223_L.JPG (Caused by NameResolutionError(""HTTPSConnection(host='cyberfloralouisiana.com', port=443): Failed to resolve 'cyberfloralouisiana.com' ([Errno 8] nodename nor servname provided, or not known)""))"
1269671041,https://cyberfloralouisiana.com/images/LSUCollections/Vascular/LSU/00/046/LSU00046224_L.JPG,"HTTPSConnectionPool(host='cyberfloralouisiana.com', port=443): Max retries exceeded with url: /images/LSUCollections/Vascular/LSU/00/046/LSU00046224_L.JPG (Caused by NameResolutionError(""HTTPSConnection(host='cyberfloralouisiana.com', port=443): Failed to resolve 'cyberfloralouisiana.com' ([Errno 8] nodename nor servname provided, or not known)""))"
1269669296,https://cyberfloralouisiana.com/images/LSUCollections/Vascular/LSU/00/046/LSU00046169_L.JPG,"HTTPSConnectionPool(host='cyberfloralouisiana.com', port=443): Max retries exceeded with url: /images/LSUCollections/Vascular/LSU/00/046/LSU00046169_L.JPG (Caused by NameResolutionError(""HTTPSConnection(host='cyberfloralouisiana.com', port=443): Failed to resolve 'cyberfloralouisiana.com' ([Errno 8] nodename nor servname provided, or not known)""))"
122995905,https://cdn.plantatlas.org/img/specimens/FTG/93770.jpg,"HTTPSConnectionPool(host='cdn.plantatlas.org', port=443): Max retries exceeded with url: /img/specimens/FTG/93770.jpg (Caused by NameResolutionError(""HTTPSConnection(host='cdn.plantatlas.org', port=443): Failed to resolve 'cdn.plantatlas.org' ([Errno 8] nodename nor servname provided, or not known)""))"
122995253,https://cdn.plantatlas.org/img/specimens/FTG/80849.jpg,"HTTPSConnectionPool(host='cdn.plantatlas.org', port=443): Max retries exceeded with url: /img/specimens/FTG/80849.jpg (Caused by NameResolutionError(""HTTPSConnection(host='cdn.plantatlas.org', port=443): Failed to resolve 'cdn.plantatlas.org' ([Errno 8] nodename nor servname provided, or not known)""))"
122995252,https://cdn.plantatlas.org/img/specimens/FTG/80703.jpg,"HTTPSConnectionPool(host='cdn.plantatlas.org', port=443): Max retries exceeded with url: /img/specimens/FTG/80703.jpg (Caused by NameResolutionError(""HTTPSConnection(host='cdn.plantatlas.org', port=443): Failed to resolve 'cdn.plantatlas.org' ([Errno 8] nodename nor servname provided, or not known)""))"
122995197,https://cdn.plantatlas.org/img/specimens/FTG/7164.jpg,"HTTPSConnectionPool(host='cdn.plantatlas.org', port=443): Max retries exceeded with url: /img/specimens/FTG/7164.jpg (Caused by NameResolutionError(""HTTPSConnection(host='cdn.plantatlas.org', port=443): Failed to resolve 'cdn.plantatlas.org' ([Errno 8] nodename nor servname provided, or not known)""))"
122995160,https://cdn.plantatlas.org/img/specimens/FTG/65375.jpg,"HTTPSConnectionPool(host='cdn.plantatlas.org', port=443): Max retries exceeded with url: /img/specimens/FTG/65375.jpg (Caused by NameResolutionError(""HTTPSConnection(host='cdn.plantatlas.org', port=443): Failed to resolve 'cdn.plantatlas.org' ([Errno 8] nodename nor servname provided, or not known)""))"
122995074,https://cdn.plantatlas.org/img/specimens/FTG/53095.jpg,"HTTPSConnectionPool(host='cdn.plantatlas.org', port=443): Max retries exceeded with url: /img/specimens/FTG/53095.jpg (Caused by NameResolutionError(""HTTPSConnection(host='cdn.plantatlas.org', port=443): Failed to resolve 'cdn.plantatlas.org' ([Errno 8] nodename nor servname provided, or not known)""))"
122995022,https://cdn.plantatlas.org/img/specimens/FTG/50650.jpg,"HTTPSConnectionPool(host='cdn.plantatlas.org', port=443): Max retries exceeded with url: /img/specimens/FTG/50650.jpg (Caused by NameResolutionError(""HTTPSConnection(host='cdn.plantatlas.org', port=443): Failed to resolve 'cdn.plantatlas.org' ([Errno 8] nodename nor servname provided, or not known)""))"
122995012,https://cdn.plantatlas.org/img/specimens/FTG/49464.jpg,"HTTPSConnectionPool(host='cdn.plantatlas.org', port=443): Max retries exceeded with url: /img/specimens/FTG/49464.jpg (Caused by NameResolutionError(""HTTPSConnection(host='cdn.plantatlas.org', port=443): Failed to resolve 'cdn.plantatlas.org' ([Errno 8] nodename nor servname provided, or not known)""))"
122994969,https://cdn.plantatlas.org/img/specimens/FTG/48399.jpg,"HTTPSConnectionPool(host='cdn.plantatlas.org', port=443): Max retries exceeded with url: /img/specimens/FTG/48399.jpg (Caused by NameResolutionError(""HTTPSConnection(host='cdn.plantatlas.org', port=443): Failed to resolve 'cdn.plantatlas.org' ([Errno 8] nodename nor servname provided, or not known)""))"
122994964,https://cdn.plantatlas.org/img/specimens/FTG/47376.jpg,"HTTPSConnectionPool(host='cdn.plantatlas.org', port=443): Max retries exceeded with url: /img/specimens/FTG/47376.jpg (Caused by NameResolutionError(""HTTPSConnection(host='cdn.plantatlas.org', port=443): Failed to resolve 'cdn.plantatlas.org' ([Errno 8] nodename nor servname provided, or not known)""))"
1039021286,"https://images.collections.yale.edu/iiif/2/ypm:119aff93-e405-4a7f-bddd-b89f9b290e0f/full/!1920,1920/0/default.jpg","HTTPSConnectionPool(host='images.collections.yale.edu', port=443): Max retries exceeded with url: /iiif/2/ypm:119aff93-e405-4a7f-bddd-b89f9b290e0f/full/!1920,1920/0/default.jpg (Caused by NameResolutionError(""HTTPSConnection(host='images.collections.yale.edu', port=443): Failed to resolve 'images.collections.yale.edu' ([Errno 8] nodename nor servname provided, or not known)""))"
1039021048,"https://images.collections.yale.edu/iiif/2/ypm:909e1ae3-af5b-4d0d-bb1c-c323741cdb00/full/!1920,1920/0/default.jpg","HTTPSConnectionPool(host='images.collections.yale.edu', port=443): Max retries exceeded with url: /iiif/2/ypm:909e1ae3-af5b-4d0d-bb1c-c323741cdb00/full/!1920,1920/0/default.jpg (Caused by NameResolutionError(""HTTPSConnection(host='images.collections.yale.edu', port=443): Failed to resolve 'images.collections.yale.edu' ([Errno 8] nodename nor servname provided, or not known)""))"
1039020261,"https://images.collections.yale.edu/iiif/2/ypm:e9daa429-1f3c-419b-9771-621e1f154b29/full/!1920,1920/0/default.jpg","HTTPSConnectionPool(host='images.collections.yale.edu', port=443): Max retries exceeded with url: /iiif/2/ypm:e9daa429-1f3c-419b-9771-621e1f154b29/full/!1920,1920/0/default.jpg (Caused by NameResolutionError(""HTTPSConnection(host='images.collections.yale.edu', port=443): Failed to resolve 'images.collections.yale.edu' ([Errno 8] nodename nor servname provided, or not known)""))"
1039019594,"https://images.collections.yale.edu/iiif/2/ypm:34f624c8-07f9-442c-8f4e-e71eac4ae257/full/!1920,1920/0/default.jpg","HTTPSConnectionPool(host='images.collections.yale.edu', port=443): Max retries exceeded with url: /iiif/2/ypm:34f624c8-07f9-442c-8f4e-e71eac4ae257/full/!1920,1920/0/default.jpg (Caused by NameResolutionError(""HTTPSConnection(host='images.collections.yale.edu', port=443): Failed to resolve 'images.collections.yale.edu' ([Errno 8] nodename nor servname provided, or not known)""))"
1039019418,"https://images.collections.yale.edu/iiif/2/ypm:7fdb4507-76b1-481d-a9a5-4011b8ee3f95/full/!1920,1920/0/default.jpg","HTTPSConnectionPool(host='images.collections.yale.edu', port=443): Max retries exceeded with url: /iiif/2/ypm:7fdb4507-76b1-481d-a9a5-4011b8ee3f95/full/!1920,1920/0/default.jpg (Caused by NameResolutionError(""HTTPSConnection(host='images.collections.yale.edu', port=443): Failed to resolve 'images.collections.yale.edu' ([Errno 8] nodename nor servname provided, or not known)""))"
1039016492,"https://images.collections.yale.edu/iiif/2/ypm:17d2e6ca-2506-429d-8337-f3b2247aad3b/full/!1920,1920/0/default.jpg","HTTPSConnectionPool(host='images.collections.yale.edu', port=443): Max retries exceeded with url: /iiif/2/ypm:17d2e6ca-2506-429d-8337-f3b2247aad3b/full/!1920,1920/0/default.jpg (Caused by NameResolutionError(""HTTPSConnection(host='images.collections.yale.edu', port=443): Failed to resolve 'images.collections.yale.edu' ([Errno 8] nodename nor servname provided, or not known)""))"
1039013244,"https://images.collections.yale.edu/iiif/2/ypm:94d83e88-2da3-4c35-963f-1cb6d9201eae/full/!1920,1920/0/default.jpg","HTTPSConnectionPool(host='images.collections.yale.edu', port=443): Max retries exceeded with url: /iiif/2/ypm:94d83e88-2da3-4c35-963f-1cb6d9201eae/full/!1920,1920/0/default.jpg (Caused by NameResolutionError(""HTTPSConnection(host='images.collections.yale.edu', port=443): Failed to resolve 'images.collections.yale.edu' ([Errno 8] nodename nor servname provided, or not known)""))"
1039012435,"https://images.collections.yale.edu/iiif/2/ypm:21a755d2-76bb-4582-bed1-eacd7dc3f896/full/!1920,1920/0/default.jpg","HTTPSConnectionPool(host='images.collections.yale.edu', port=443): Max retries exceeded with url: /iiif/2/ypm:21a755d2-76bb-4582-bed1-eacd7dc3f896/full/!1920,1920/0/default.jpg (Caused by NameResolutionError(""HTTPSConnection(host='images.collections.yale.edu', port=443): Failed to resolve 'images.collections.yale.edu' ([Errno 8] nodename nor servname provided, or not known)""))"
1038997332,"https://images.collections.yale.edu/iiif/2/ypm:0bfcc096-2e6b-43ef-9a07-185145a1605f/full/!1920,1920/0/default.jpg","HTTPSConnectionPool(host='images.collections.yale.edu', port=443): Max retries exceeded with url: /iiif/2/ypm:0bfcc096-2e6b-43ef-9a07-185145a1605f/full/!1920,1920/0/default.jpg (Caused by NameResolutionError(""HTTPSConnection(host='images.collections.yale.edu', port=443): Failed to resolve 'images.collections.yale.edu' ([Errno 8] nodename nor servname provided, or not known)""))"
1038995347,"https://images.collections.yale.edu/iiif/2/ypm:1fe7b8c1-170e-4fca-a664-914ebc8f40b0/full/!1920,1920/0/default.jpg","HTTPSConnectionPool(host='images.collections.yale.edu', port=443): Max retries exceeded with url: /iiif/2/ypm:1fe7b8c1-170e-4fca-a664-914ebc8f40b0/full/!1920,1920/0/default.jpg (Caused by NameResolutionError(""HTTPSConnection(host='images.collections.yale.edu', port=443): Failed to resolve 'images.collections.yale.edu' ([Errno 8] nodename nor servname provided, or not known)""))"
1038986945,"https://images.collections.yale.edu/iiif/2/ypm:c7b4baa2-0dbc-4f58-be4f-dfbc0c4810fc/full/!1920,1920/0/default.jpg","HTTPSConnectionPool(host='images.collections.yale.edu', port=443): Max retries exceeded with url: /iiif/2/ypm:c7b4baa2-0dbc-4f58-be4f-dfbc0c4810fc/full/!1920,1920/0/default.jpg (Caused by NameResolutionError(""HTTPSConnection(host='images.collections.yale.edu', port=443): Failed to resolve 'images.collections.yale.edu' ([Errno 8] nodename nor servname provided, or not known)""))"
1038985991,"https://images.collections.yale.edu/iiif/2/ypm:432ffa4b-dd0c-4d42-bb1b-1510249d1696/full/!1920,1920/0/default.jpg","HTTPSConnectionPool(host='images.collections.yale.edu', port=443): Max retries exceeded with url: /iiif/2/ypm:432ffa4b-dd0c-4d42-bb1b-1510249d1696/full/!1920,1920/0/default.jpg (Caused by NameResolutionError(""HTTPSConnection(host='images.collections.yale.edu', port=443): Failed to resolve 'images.collections.yale.edu' ([Errno 8] nodename nor servname provided, or not known)""))"
1038978703,"https://images.collections.yale.edu/iiif/2/ypm:559e48b7-0600-4b19-91c1-0af873ef1d1d/full/!1920,1920/0/default.jpg","HTTPSConnectionPool(host='images.collections.yale.edu', port=443): Max retries exceeded with url: /iiif/2/ypm:559e48b7-0600-4b19-91c1-0af873ef1d1d/full/!1920,1920/0/default.jpg (Caused by NameResolutionError(""HTTPSConnection(host='images.collections.yale.edu', port=443): Failed to resolve 'images.collections.yale.edu' ([Errno 8] nodename nor servname provided, or not known)""))"
1038978550,"https://images.collections.yale.edu/iiif/2/ypm:7e73459f-6147-46b9-b25e-acd1537c5a1e/full/!1920,1920/0/default.jpg","HTTPSConnectionPool(host='images.collections.yale.edu', port=443): Max retries exceeded with url: /iiif/2/ypm:7e73459f-6147-46b9-b25e-acd1537c5a1e/full/!1920,1920/0/default.jpg (Caused by NameResolutionError(""HTTPSConnection(host='images.collections.yale.edu', port=443): Failed to resolve 'images.collections.yale.edu' ([Errno 8] nodename nor servname provided, or not known)""))"
1038977610,"https://images.collections.yale.edu/iiif/2/ypm:ea486235-c3da-40e6-ba0b-42a5680fdec0/full/!1920,1920/0/default.jpg","HTTPSConnectionPool(host='images.collections.yale.edu', port=443): Max retries exceeded with url: /iiif/2/ypm:ea486235-c3da-40e6-ba0b-42a5680fdec0/full/!1920,1920/0/default.jpg (Caused by NameResolutionError(""HTTPSConnection(host='images.collections.yale.edu', port=443): Failed to resolve 'images.collections.yale.edu' ([Errno 8] nodename nor servname provided, or not known)""))"
1038968555,"https://images.collections.yale.edu/iiif/2/ypm:3a6f557a-c4d2-42b2-b9e6-0e0ec094dbb3/full/!1920,1920/0/default.jpg","HTTPSConnectionPool(host='images.collections.yale.edu', port=443): Max retries exceeded with url: /iiif/2/ypm:3a6f557a-c4d2-42b2-b9e6-0e0ec094dbb3/full/!1920,1920/0/default.jpg (Caused by NameResolutionError(""HTTPSConnection(host='images.collections.yale.edu', port=443): Failed to resolve 'images.collections.yale.edu' ([Errno 8] nodename nor servname provided, or not known)""))"
1038968471,"https://images.collections.yale.edu/iiif/2/ypm:eef83ffc-a52c-46c8-bb7e-a1f908638a07/full/!1920,1920/0/default.jpg","HTTPSConnectionPool(host='images.collections.yale.edu', port=443): Max retries exceeded with url: /iiif/2/ypm:eef83ffc-a52c-46c8-bb7e-a1f908638a07/full/!1920,1920/0/default.jpg (Caused by NameResolutionError(""HTTPSConnection(host='images.collections.yale.edu', port=443): Failed to resolve 'images.collections.yale.edu' ([Errno 8] nodename nor servname provided, or not known)""))"
1038964643,"https://images.collections.yale.edu/iiif/2/ypm:b336d37d-7e50-45ec-b377-66d965012252/full/!1920,1920/0/default.jpg","HTTPSConnectionPool(host='images.collections.yale.edu', port=443): Max retries exceeded with url: /iiif/2/ypm:b336d37d-7e50-45ec-b377-66d965012252/full/!1920,1920/0/default.jpg (Caused by NameResolutionError(""HTTPSConnection(host='images.collections.yale.edu', port=443): Failed to resolve 'images.collections.yale.edu' ([Errno 8] nodename nor servname provided, or not known)""))"
1038959929,"https://images.collections.yale.edu/iiif/2/ypm:1c6c0618-548f-4e03-aee7-a7ddabf40c13/full/!1920,1920/0/default.jpg","HTTPSConnectionPool(host='images.collections.yale.edu', port=443): Max retries exceeded with url: /iiif/2/ypm:1c6c0618-548f-4e03-aee7-a7ddabf40c13/full/!1920,1920/0/default.jpg (Caused by NameResolutionError(""HTTPSConnection(host='images.collections.yale.edu', port=443): Failed to resolve 'images.collections.yale.edu' ([Errno 8] nodename nor servname provided, or not known)""))"
1038958768,"https://images.collections.yale.edu/iiif/2/ypm:75b59bff-daa9-41f3-be3d-aa18bcfa2719/full/!1920,1920/0/default.jpg","HTTPSConnectionPool(host='images.collections.yale.edu', port=443): Max retries exceeded with url: /iiif/2/ypm:75b59bff-daa9-41f3-be3d-aa18bcfa2719/full/!1920,1920/0/default.jpg (Caused by NameResolutionError(""HTTPSConnection(host='images.collections.yale.edu', port=443): Failed to resolve 'images.collections.yale.edu' ([Errno 8] nodename nor servname provided, or not known)""))"
1038957958,"https://images.collections.yale.edu/iiif/2/ypm:2e56bc0e-86e3-4d67-b16f-86ed5a2809b7/full/!1920,1920/0/default.jpg","HTTPSConnectionPool(host='images.collections.yale.edu', port=443): Max retries exceeded with url: /iiif/2/ypm:2e56bc0e-86e3-4d67-b16f-86ed5a2809b7/full/!1920,1920/0/default.jpg (Caused by NameResolutionError(""HTTPSConnection(host='images.collections.yale.edu', port=443): Failed to resolve 'images.collections.yale.edu' ([Errno 8] nodename nor servname provided, or not known)""))"
1038941330,"https://images.collections.yale.edu/iiif/2/ypm:58780432-0d49-4589-a124-201e0d2dc2af/full/!1920,1920/0/default.jpg","HTTPSConnectionPool(host='images.collections.yale.edu', port=443): Max retries exceeded with url: /iiif/2/ypm:58780432-0d49-4589-a124-201e0d2dc2af/full/!1920,1920/0/default.jpg (Caused by NameResolutionError(""HTTPSConnection(host='images.collections.yale.edu', port=443): Failed to resolve 'images.collections.yale.edu' ([Errno 8] nodename nor servname provided, or not known)""))"
1038937998,"https://images.collections.yale.edu/iiif/2/ypm:33392e73-9ff3-4611-9b5f-9a309bea63cb/full/!1920,1920/0/default.jpg","HTTPSConnectionPool(host='images.collections.yale.edu', port=443): Max retries exceeded with url: /iiif/2/ypm:33392e73-9ff3-4611-9b5f-9a309bea63cb/full/!1920,1920/0/default.jpg (Caused by NameResolutionError(""HTTPSConnection(host='images.collections.yale.edu', port=443): Failed to resolve 'images.collections.yale.edu' ([Errno 8] nodename nor servname provided, or not known)""))"
1038936885,"https://images.collections.yale.edu/iiif/2/ypm:aa51c11b-0e62-4568-bfd8-55b46d12ef10/full/!1920,1920/0/default.jpg","HTTPSConnectionPool(host='images.collections.yale.edu', port=443): Max retries exceeded with url: /iiif/2/ypm:aa51c11b-0e62-4568-bfd8-55b46d12ef10/full/!1920,1920/0/default.jpg (Caused by NameResolutionError(""HTTPSConnection(host='images.collections.yale.edu', port=443): Failed to resolve 'images.collections.yale.edu' ([Errno 8] nodename nor servname provided, or not known)""))"
1038933423,"https://images.collections.yale.edu/iiif/2/ypm:2011268d-7c64-40c4-83fe-02a6d0852727/full/!1920,1920/0/default.jpg","HTTPSConnectionPool(host='images.collections.yale.edu', port=443): Max retries exceeded with url: /iiif/2/ypm:2011268d-7c64-40c4-83fe-02a6d0852727/full/!1920,1920/0/default.jpg (Caused by NameResolutionError(""HTTPSConnection(host='images.collections.yale.edu', port=443): Failed to resolve 'images.collections.yale.edu' ([Errno 8] nodename nor servname provided, or not known)""))"
1038933176,"https://images.collections.yale.edu/iiif/2/ypm:8e6ea5c6-c0e0-43db-bf84-94fe6f054779/full/!1920,1920/0/default.jpg","HTTPSConnectionPool(host='images.collections.yale.edu', port=443): Max retries exceeded with url: /iiif/2/ypm:8e6ea5c6-c0e0-43db-bf84-94fe6f054779/full/!1920,1920/0/default.jpg (Caused by NameResolutionError(""HTTPSConnection(host='images.collections.yale.edu', port=443): Failed to resolve 'images.collections.yale.edu' ([Errno 8] nodename nor servname provided, or not known)""))"
1038931688,"https://images.collections.yale.edu/iiif/2/ypm:df583e2a-16cb-4925-9697-91ea65868552/full/!1920,1920/0/default.jpg","HTTPSConnectionPool(host='images.collections.yale.edu', port=443): Max retries exceeded with url: /iiif/2/ypm:df583e2a-16cb-4925-9697-91ea65868552/full/!1920,1920/0/default.jpg (Caused by NameResolutionError(""HTTPSConnection(host='images.collections.yale.edu', port=443): Failed to resolve 'images.collections.yale.edu' ([Errno 8] nodename nor servname provided, or not known)""))"
1038930808,"https://images.collections.yale.edu/iiif/2/ypm:f5e0ebd8-cbf6-4a0c-8b7c-c15a7bfe2019/full/!1920,1920/0/default.jpg","HTTPSConnectionPool(host='images.collections.yale.edu', port=443): Max retries exceeded with url: /iiif/2/ypm:f5e0ebd8-cbf6-4a0c-8b7c-c15a7bfe2019/full/!1920,1920/0/default.jpg (Caused by NameResolutionError(""HTTPSConnection(host='images.collections.yale.edu', port=443): Failed to resolve 'images.collections.yale.edu' ([Errno 8] nodename nor servname provided, or not known)""))"
1038929120,"https://images.collections.yale.edu/iiif/2/ypm:ae2ff8fb-4174-49b6-a633-4f27b2ffc6d2/full/!1920,1920/0/default.jpg","HTTPSConnectionPool(host='images.collections.yale.edu', port=443): Max retries exceeded with url: /iiif/2/ypm:ae2ff8fb-4174-49b6-a633-4f27b2ffc6d2/full/!1920,1920/0/default.jpg (Caused by NameResolutionError(""HTTPSConnection(host='images.collections.yale.edu', port=443): Failed to resolve 'images.collections.yale.edu' ([Errno 8] nodename nor servname provided, or not known)""))"
1038918099,"https://images.collections.yale.edu/iiif/2/ypm:779115b9-04a4-46ec-bf5d-a9f9f42a1a67/full/!1920,1920/0/default.jpg","HTTPSConnectionPool(host='images.collections.yale.edu', port=443): Max retries exceeded with url: /iiif/2/ypm:779115b9-04a4-46ec-bf5d-a9f9f42a1a67/full/!1920,1920/0/default.jpg (Caused by NameResolutionError(""HTTPSConnection(host='images.collections.yale.edu', port=443): Failed to resolve 'images.collections.yale.edu' ([Errno 8] nodename nor servname provided, or not known)""))"
