"id","year","month","day","end_date","start_date","CMD_mm_1","CMD_mm_2","CMD_mm_3","CMD_mm_4","CMD_mm_5","CMD_mm_6","CMD_mm_7","CMD_mm_8","CMD_mm_9","CMD_mm_10","CMD_mm_11","CMD_mm_12","CMI_mm_1","CMI_mm_2","CMI_mm_3","CMI_mm_4","CMI_mm_5","CMI_mm_6","CMI_mm_7","CMI_mm_8","CMI_mm_9","CMI_mm_10","CMI_mm_11","CMI_mm_12","chillDD_1","chillDD_2","chillDD_3","chillDD_4","chillDD_5","chillDD_6","chillDD_7","chillDD_8","chillDD_9","chillDD_10","chillDD_11","chillDD_12","heatDD_1","heatDD_2","heatDD_3","heatDD_4","heatDD_5","heatDD_6","heatDD_7","heatDD_8","heatDD_9","heatDD_10","heatDD_11","heatDD_12","coolDD_1","coolDD_2","coolDD_3","coolDD_4","coolDD_5","coolDD_6","coolDD_7","coolDD_8","coolDD_9","coolDD_10","coolDD_11","coolDD_12","growDD_1","growDD_2","growDD_3","growDD_4","growDD_5","growDD_6","growDD_7","growDD_8","growDD_9","growDD_10","growDD_11","growDD_12","Eref_1","Eref_2","Eref_3","Eref_4","Eref_5","Eref_6","Eref_7","Eref_8","Eref_9","Eref_10","Eref_11","Eref_12","FFD_1","FFD_2","FFD_3","FFD_4","FFD_5","FFD_6","FFD_7","FFD_8","FFD_9","FFD_10","FFD_11","FFD_12","PAS_1","PAS_2","PAS_3","PAS_4","PAS_5","PAS_6","PAS_7","PAS_8","PAS_9","PAS_10","PAS_11","PAS_12","ppt_mm_1","ppt_mm_2","ppt_mm_3","ppt_mm_4","ppt_mm_5","ppt_mm_6","ppt_mm_7","ppt_mm_8","ppt_mm_9","ppt_mm_10","ppt_mm_11","ppt_mm_12","RH_1","RH_2","RH_3","RH_4","RH_5","RH_6","RH_7","RH_8","RH_9","RH_10","RH_11","RH_12","srad_1","srad_2","srad_3","srad_4","srad_5","srad_6","srad_7","srad_8","srad_9","srad_10","srad_11","srad_12","tave_1","tave_2","tave_3","tave_4","tave_5","tave_6","tave_7","tave_8","tave_9","tave_10","tave_11","tave_12","tmax_1","tmax_2","tmax_3","tmax_4","tmax_5","tmax_6","tmax_7","tmax_8","tmax_9","tmax_10","tmax_11","tmax_12","tmin_1","tmin_2","tmin_3","tmin_4","tmin_5","tmin_6","tmin_7","tmin_8","tmin_9","tmin_10","tmin_11","tmin_12"
3322372,1901,5,17,"190105","190006",0,0,93.333,126.772,125.862,NA,NA,NA,NA,NA,NA,NA,0.07,5.54,-8.62,-10.53,-8.91,NA,NA,NA,NA,NA,NA,NA,6,4,2,0,0,NA,NA,NA,NA,NA,NA,NA,266,206,163,138,62,NA,NA,NA,NA,NA,NA,NA,1,0,7,9,34,NA,NA,NA,NA,NA,NA,NA,150,156,247,264,380,NA,NA,NA,NA,NA,NA,NA,54.908,62.495,109.765,136.084,162.681,NA,NA,NA,NA,NA,NA,NA,22,23,27,26,30,NA,NA,NA,NA,NA,NA,NA,0,0,0,0,0,NA,NA,NA,NA,NA,NA,NA,69,125,16,9,37,NA,NA,NA,NA,NA,NA,NA,55,59,48,45,51,NA,NA,NA,NA,NA,NA,NA,-54.5,14,22.7,27,15.7,NA,NA,NA,NA,NA,NA,NA,9.6,10.5,13.1,13.9,17.2,NA,NA,NA,NA,NA,NA,NA,16.7,17.1,21.9,23.3,25.7,NA,NA,NA,NA,NA,NA,NA,2.5,3.9,4.3,4.4,8.8,NA,NA,NA,NA,NA,NA,NA
229779,1901,6,0,"190105","190006",0,0,86.1,92.861,110.821,NA,NA,NA,NA,NA,NA,NA,2.57,7.46,-7.31,-6.09,-6.56,NA,NA,NA,NA,NA,NA,NA,2,1,1,0,0,NA,NA,NA,NA,NA,NA,NA,164,119,99,114,64,NA,NA,NA,NA,NA,NA,NA,7,9,19,11,29,NA,NA,NA,NA,NA,NA,NA,237,244,314,289,377,NA,NA,NA,NA,NA,NA,NA,52.32,59.473,103.599,112.917,126.614,NA,NA,NA,NA,NA,NA,NA,31,28,31,30,31,NA,NA,NA,NA,NA,NA,NA,0,0,0,0,0,NA,NA,NA,NA,NA,NA,NA,90,139,17,20,16,NA,NA,NA,NA,NA,NA,NA,67,70,59,62,68,NA,NA,NA,NA,NA,NA,NA,-54.1,11.5,19.9,22.1,19.5,NA,NA,NA,NA,NA,NA,NA,13,14.1,15.6,14.8,17.2,NA,NA,NA,NA,NA,NA,NA,18.2,18.9,22.3,21,22.3,NA,NA,NA,NA,NA,NA,NA,7.8,9.4,8.8,8.6,12,NA,NA,NA,NA,NA,NA,NA
2271679,1902,4,0,"190203","190104",0,0,0,0.706,89.888,137.662,139.899,116.033,76.209,43.707,0,0,1.56,25.31,7.79,2.84,-4.67,-9.45,-9.62,-8.54,-6.7,-5.75,5.46,-0.33,11,4,4,1,0,0,0,0,0,0,1,6,340,200,252,220,158,81,60,52,85,61,147,273,0,0,0,0,0,21,20,31,26,30,2,0,83,152,148,174,261,331,364,383,331,384,242,126,31.448,37.091,67.098,93.127,110.262,139.216,140.337,117.235,93.283,77.009,42.05,33.464,24,28,28,27,30,30,31,31,30,31,30,27,1,1,0,0,0,0,0,0,0,0,0,0,47,293,130,92,20,2,0,1,17,33,113,42,74,81,69,62,67,58,60,67,65,65,73,70,-50.4,8.1,16,21.6,18.4,22.7,32.4,28.5,39.4,17.3,-26.1,-43,7.2,10.7,9.9,10.8,13.3,16.1,16.7,17.3,16,17.4,13.5,9.1,11.1,13.6,14.8,16.9,18.6,23,23.4,22.8,21.8,23.2,17.7,13.7,3.2,7.8,5.1,4.8,8.1,9.1,10.1,11.9,10.2,11.6,9.3,4.5
3212192,1902,4,1,"190203","190104",19.658,0,30.233,124.075,130.564,191.755,226.694,204.084,144.504,98.144,61.611,49.553,-4.12,-0.31,-1.45,-10.11,-9.08,-17.01,-23.21,-23.07,-16.4,-12.95,-9.75,-8.51,4,3,3,0,0,0,0,0,0,0,0,3,235,192,229,141,77,19,2,1,27,48,124,198,2,0,0,8,25,89,204,233,87,48,13,5,172,164,175,260,357,460,604,634,450,408,278,205,60.765,69.945,93.672,134.364,156.384,192.727,227.169,210.5,146.136,111.653,72.449,61.95,22,21,24,26,30,30,31,31,30,31,27,23,0,0,0,0,0,0,0,0,0,0,0,0,41,80,63,10,26,1,0,6,2,14,11,12,51,52,54,46,52,45,42,44,46,47,49,46,-55.6,15.5,21,26.9,16,28,28.3,29.2,41.2,17.8,-28.3,-45.3,10.6,11,10.7,13.8,16.5,20.4,24.5,25.5,20,18.2,14.4,11.8,18.7,18.9,18.2,23,24.7,30.3,35.5,36.1,29.8,27.5,23,20.9,2.5,3.1,3.2,4.5,8.3,10.4,13.6,14.9,10.2,8.9,5.8,2.8
4821653,1902,5,10,"190205","190106",19.508,0,9.499,114.718,143.327,148.564,174.3,159.963,115.953,78.473,49.994,52.11,-3.77,1.88,0.99,-8.47,-9.79,-10.55,-13.76,-13.98,-10.83,-9.14,-7.61,-8.35,2,2,2,0,0,0,0,0,0,0,0,1,158,137,166,83,50,22,4,3,31,31,72,126,8,5,3,20,40,80,148,175,78,69,31,16,243,222,235,329,402,446,548,576,438,451,343,284,60.109,63.06,89.864,124.469,148.056,149.507,174.363,162.752,118.32,96.913,66.892,61.207,30,28,30,30,31,30,31,31,30,31,30,31,0,0,0,0,0,0,0,0,0,0,0,0,41,87,80,10,5,1,0,3,2,18,17,9,59,65,63,58,60,64,60,60,61,61,61,55,-55.6,12.6,18.6,23.2,16.1,22.9,32.3,30.1,41.6,18.3,-27.9,-45.3,13.3,13.4,13,16.1,18,19.9,22.7,23.6,19.6,19.6,16.8,14.6,20,19,19,23.1,24.7,26.1,29.8,30.6,26.2,26.2,23.3,22.1,6.5,7.9,7,9.2,11.2,13.7,15.6,16.6,13,13,10.3,7
3245328,1902,6,1,"190205","190106",9.818,0,20.613,92.766,114.782,122.729,133.59,125.378,98.426,74.653,55.279,49.203,-2.3,1.77,0.17,-5.87,-6.93,-7.88,-9.04,-9.41,-8.23,-7.51,-7.73,-7.51,2,2,2,0,0,0,0,0,0,0,0,2,168,165,179,119,71,34,10,7,38,48,85,156,6,2,1,9,24,59,100,126,65,43,23,9,232,192,221,284,365,412,493,525,417,409,323,248,60.526,62.262,83.42,103.221,116.793,123.737,134.044,128.132,100.299,85.518,69.145,62.931,30,27,30,30,31,30,31,31,30,31,30,29,0,0,0,0,0,0,0,0,0,0,0,0,51,81,63,10,2,1,0,3,2,11,14,14,61,66,68,68,73,73,73,73,71,69,60,53,-54.9,12.9,17.3,20.3,22.4,19,38.5,32.3,42.7,19.6,-27.4,-45,12.9,12.3,12.5,14.6,16.8,18.7,20.9,22,18.9,18.2,16.1,13.4,19.3,17.7,17.6,19.7,21.2,23.2,25.4,26.5,23.7,23.4,22.7,21.2,6.5,6.9,7.4,9.5,12.3,14.3,16.4,17.4,14.2,13.1,9.5,5.6
1312145,1902,7,1,"190206","190107",0,0,0,40.664,81.35,151.315,165.827,124.364,59.93,0,0,0,1.54,18.47,14.08,0.01,-3.24,-13.51,-15.71,-13.11,-6.99,0.22,7.42,7.29,99,36,88,14,3,0,0,0,1,3,11,52,613,439,598,414,362,153,73,61,226,302,373,527,0,0,0,0,0,5,15,25,4,0,0,0,0,16,0,38,69,235,345,369,171,121,60,10,0,35.449,0,77.221,103.478,156.051,170.015,151.029,96.306,64.43,37.52,26.932,2,5,1,6,9,21,30,30,18,16,12,3,9,30,114,8,4,0,0,0,2,1,6,16,24,206,150,37,22,5,4,27,36,75,117,91,50,59,53,52,50,39,42,46,45,51,57,51,-48.9,12.2,17.9,23.9,21.9,28,29.8,28.3,40.8,17.9,-25.5,-42,-1.7,2.2,-1.2,4.2,6.3,12.9,16.1,16.9,10.5,8.3,5.6,0.9,5.1,8,5.1,11.5,14.2,23.6,26.4,26.4,19.7,16.2,12.2,7.8,-8.5,-3.7,-7.6,-3,-1.5,2.1,5.8,7.3,1.3,0.4,-1,-6
1311269,1902,8,1,"190207","190108",0,0,0,40.664,81.35,151.315,155.657,124.364,59.93,0,0,0,1.54,18.47,14.08,0.01,-3.24,-13.51,-13.92,-13.11,-6.99,0.22,7.42,7.29,99,36,88,14,3,0,0,0,1,3,11,52,613,439,598,414,362,153,129,61,226,302,373,527,0,0,0,0,0,5,5,25,4,0,0,0,0,16,0,38,69,235,276,369,171,121,60,10,0,35.449,0,77.221,103.478,156.051,159.072,151.029,96.306,64.43,37.52,26.932,2,5,1,6,9,21,27,30,18,16,12,3,9,30,114,8,4,0,0,0,2,1,6,16,24,206,150,37,22,5,3,27,36,75,117,91,50,59,53,52,50,39,42,46,45,51,57,51,-48.9,12.2,17.9,23.9,21.9,28,31.5,28.3,40.8,17.9,-25.5,-42,-1.7,2.2,-1.2,4.2,6.3,12.9,13.9,16.9,10.5,8.3,5.6,0.9,5.1,8,5.1,11.5,14.2,23.6,24.2,26.4,19.7,16.2,12.2,7.8,-8.5,-3.7,-7.6,-3,-1.5,2.1,3.6,7.3,1.3,0.4,-1,-6
2302311,1903,6,0,"190305","190206",0,0,0,74.023,95.38,112.839,101.294,92.399,77.673,0,0,0,17.22,5.88,17.41,-4.39,-5.21,-6.79,-5.72,-5.94,-6.55,9.1,25.61,14.03,8,10,6,2,0,0,0,0,0,1,2,7,300,301,291,254,188,124,142,120,127,183,234,296,0,0,0,0,0,9,4,7,14,0,0,0,107,69,111,140,229,274,261,285,278,231,151,105,32.653,38.675,56.628,79.836,103.755,114.707,103.47,93.754,83.98,55.415,33.497,27.889,26,20,27,26,30,30,31,31,29,30,28,27,2,1,1,0,0,0,0,0,0,0,3,1,211,92,212,6,8,2,2,1,6,147,300,176,71,69,73,67,67,67,71,72,65,71,75,64,-51.2,10.1,14.3,19.7,18.4,20.4,39.5,29.5,38.7,18.7,-24.8,-42.2,8.4,7.1,8.7,9.6,12.2,14.2,13.4,14.2,14.2,12.4,10.2,8.4,12.8,11.7,12.7,14.6,17.4,19.5,17.9,18.5,19.8,16.8,14,12.3,4.1,2.5,4.6,4.5,7.1,8.8,8.8,9.8,8.7,7.9,6.4,4.4
3542265,1904,3,8,"190403","190304",44.639,1.707,4.976,26.118,105.776,113.843,130.909,117.087,86.735,87.647,61.174,53.386,-6.17,-0.62,1.39,0.51,-6.2,-7.16,-8.54,-8.46,-7.29,-9.37,-8.44,-7.8,2,2,1,0,0,0,0,0,0,0,0,1,161,136,129,125,83,35,21,13,29,43,70,128,7,5,9,8,19,57,61,96,82,50,32,15,239,222,275,276,348,409,443,485,443,421,347,280,59.77,62.192,87.997,87.029,107.878,114.657,131.663,117.914,93.021,89.566,64.671,56.777,30,28,31,30,31,30,31,31,30,31,30,31,0,0,0,0,0,0,0,0,0,0,0,0,15,60,83,61,2,1,1,1,6,2,3,3,59,66,67,76,75,76,71,75,75,65,64,67,-55.5,12.4,17.4,17.6,22.6,20.4,37.7,31.5,41.9,18.8,-27.6,-44.9,13.2,13.4,14.4,14.4,16.2,18.6,19.3,20.6,19.8,18.6,16.9,14.5,19.8,18.8,19.6,18.1,20.2,22.5,24.1,24.9,23.8,24.5,22.9,20.9,6.5,8.1,9.1,10.6,12.2,14.8,14.5,16.4,15.7,12.7,11,8
2296541,1904,9,0,"190408","190309",0,0,0,41.524,159.925,201.707,204.517,182.501,135.492,88.293,0,6.066,0.32,15.6,14.92,-1.54,-12.85,-18.96,-19.34,-19.34,-16.37,-12.37,6.9,-1.49,10,4,2,0,0,0,0,0,0,0,1,9,333,212,203,138,35,7,2,2,18,42,162,312,0,0,2,9,62,151,180,195,117,56,5,0,95,148,199,262,437,536,581,596,489,423,233,104,38.126,46.453,70.027,107.269,169.081,202.55,205.736,187.08,136.956,95.695,46.799,34.24,19,26,30,29,31,30,31,31,30,31,29,21,1,1,0,0,0,0,0,0,0,0,0,0,45,209,205,66,9,1,1,5,1,7,137,28,61,68,69,59,50,45,46,47,47,51,64,69,-52.5,10.6,15.8,22.1,7.8,28.3,22.3,24.4,38.2,15.3,-27,-43.2,7.4,10.3,11.6,13.9,19.1,22.9,23.8,24.3,21.3,18.7,12.9,7.9,13.3,15.2,16.4,20.5,28,33.1,33.7,34.1,30.9,27.3,18.6,13.5,1.4,5.4,6.8,7.3,10.3,12.7,13.9,14.4,11.8,10.1,7.3,2.2
3400958,1905,6,1,"190505","190406",0,0,0,58.029,78.457,124.867,122.567,110.027,80.006,68.32,65.573,0,5.29,13.95,6.71,-2.93,-3.56,-8.17,-7.89,-7.9,-6.87,-7.11,-9.5,-2.12,1,1,1,0,0,0,0,0,0,0,0,1,124,111,99,108,102,28,19,9,19,38,57,123,14,9,17,11,11,69,67,112,112,55,41,16,280,250,311,296,324,428,451,505,482,432,369,285,56.618,56.652,76.772,80.909,101.082,125.483,123.291,116.927,93.354,80.872,69.217,53.422,31,28,31,30,31,30,31,31,30,31,30,31,0,0,0,0,0,0,0,0,0,0,0,0,125,200,126,23,23,1,1,7,13,13,4,54,66,74,77,80,77,73,75,76,77,71,61,60,-54.9,10.7,14.7,16.2,23.9,20.6,38.9,31.6,41.9,19.2,-28.1,-44.7,14.6,14.5,15.6,15,15.4,19.3,19.5,21.3,21.1,19,17.7,14.7,20,18.6,19.3,18.2,19.1,23.8,23.7,25.3,24.9,23.7,24.3,20.4,9.1,10.3,11.9,11.9,11.8,14.8,15.4,17.3,17.3,14.3,11.2,9
3468200,1906,4,16,"190604","190505",0,0,0,70.736,72.169,140.407,164.677,148.064,117.106,89.955,0,24.261,3.59,11.55,15.84,-3.88,-2.46,-9.42,-12.26,-11.89,-11.47,-10.78,1.55,-4.3,4,2,2,1,0,0,0,0,0,0,1,6,234,147,183,181,164,84,31,37,54,92,139,264,0,3,0,0,0,20,43,44,45,13,4,0,165,208,213,215,255,326,416,411,381,338,254,135,51.944,61.243,85.456,105.255,124.382,141.392,165.92,149.041,121.985,98.057,62.346,49.014,25,28,30,28,29,30,31,31,29,29,28,20,0,0,0,0,0,0,0,0,0,0,0,0,103,186,227,35,52,1,1,1,5,8,104,25,58,64,63,60,60,58,53,54,52,48,55,55,-54.7,12.6,18.4,22.8,17,25.1,29.5,27.7,39.3,17.3,-28.1,-44.6,10.6,13,12.3,12.3,13.1,15.9,18.4,18.2,17.7,15.9,13.8,9.4,17.3,18.8,18.3,18.8,19.6,22.9,26.6,26.2,25.9,24.8,21.3,17.1,3.9,7.2,6.4,5.8,6.6,8.9,10.2,10.3,9.5,7,6.4,1.7
3489775,1906,4,29,"190604","190505",0,0,0,15.324,14.085,80.949,91.805,80.755,38.625,25.775,0,0,15.4,11.4,14,1.01,2.16,-4.19,-5.22,-5.07,-2.59,-2.82,7.08,10.13,7,4,4,1,0,0,0,0,0,1,2,7,292,214,255,213,250,151,114,123,156,209,216,295,0,0,0,0,0,5,7,7,9,0,0,0,111,132,138,180,161,237,294,281,245,201,164,105,28.859,36.456,52.552,73.295,74.973,88.279,94.239,83.959,62.929,54.417,40.775,27.635,27,27,30,29,29,30,31,31,29,29,26,26,2,0,0,0,2,0,0,0,0,0,1,1,191,156,180,58,61,7,2,3,24,29,134,141,74,76,77,74,79,77,77,77,77,68,61,77,-50.4,8.3,13,17.4,25.8,20.2,41.7,30.2,39.2,18.2,-26.6,-42.1,8.7,10.2,9.8,11.1,10,12.9,14.5,14,13.1,11.3,10.8,8.4,12.6,13.8,13.3,15.1,13.2,16.4,18.1,17.7,16.7,16.4,17,12.9,4.8,6.6,6.4,7.1,6.7,9.4,10.9,10.4,9.6,6.3,4.7,3.9
2465901,1907,6,5,"190705","190606",0,0,0,87.131,129.97,148.929,181.467,146.412,113.708,90.152,0,0,13.12,3.39,21.6,-5.98,-8.54,-10.85,-14.94,-12.12,-11.83,-11.51,-0.56,16.96,7,2,3,0,0,0,0,0,0,0,1,5,284,137,215,115,99,42,10,24,41,66,186,241,0,5,0,11,13,49,99,63,60,28,0,0,124,220,179,285,327,395,491,442,410,376,201,156,34.894,51.544,70.005,109.844,135.821,159.568,181.946,147.189,121.024,94.035,49.712,34.912,27,28,29,30,30,30,31,31,30,30,27,29,1,0,0,0,0,0,0,0,0,0,0,1,171,94,270,23,6,11,0,1,7,4,64,219,73,71,69,61,58,54,50,56,52,50,61,60,-51.3,10.4,15.9,22,12.7,24.2,24.1,26.1,38.1,16.1,-27.2,-43.2,9,13.4,11.1,14.7,15.5,18.2,20.8,19.2,18.7,17.1,12,10.2,13,18,15.9,21.2,22.4,26.2,29.7,26.9,26.9,25.7,18.3,14.7,4.9,8.8,6.4,8.3,8.6,10.2,12,11.6,10.4,8.6,5.7,5.7
2336172,1907,6,6,"190705","190606",0,3.458,0,77.9,100.666,109.74,130.353,104.215,89.525,83.96,4.626,0,13.52,-1.2,15.57,-4.73,-5.52,-6.23,-8.31,-6.78,-7.56,-9.66,-2.51,12.33,5,2,2,1,0,0,0,0,0,0,1,4,251,141,198,170,175,132,65,100,95,103,186,223,0,2,0,0,0,8,18,11,22,7,0,0,144,209,191,227,243,264,357,314,318,323,198,165,42.087,55.865,76.427,89.385,106.529,118.012,130.937,105.449,95.969,87.717,53.929,40.364,27,28,30,29,30,30,31,31,29,30,26,28,1,0,0,0,0,0,0,0,0,0,0,0,188,52,215,11,6,8,1,1,6,4,49,180,67,67,67,70,68,65,65,69,63,53,57,55,-52.9,11.4,16.9,19.3,19.5,20.8,34.6,29.6,39.5,17.1,-27.5,-43.8,10,13.2,11.8,12.7,12.7,13.8,16.5,15.1,15.6,15.4,12,10.7,15.1,18.4,17,17.5,17.7,19.4,22.2,20,21.6,23.3,19,16.1,5,8.1,6.5,8,7.7,8.2,10.7,10.2,9.5,7.5,5.1,5.4
2390205,1907,6,21,"190706","190607",0,0,0,86.06,129.181,135.557,180.04,145.269,113.014,89.695,0,0,13.52,3.55,22.03,-5.87,-8.45,-9.22,-14.72,-11.95,-11.7,-11.42,-0.41,17.28,7,2,3,0,0,0,0,0,0,0,1,5,284,136,214,114,100,51,11,25,42,66,186,241,0,5,0,11,13,39,96,62,59,27,0,0,124,221,180,286,326,377,488,439,407,375,201,155,34.811,51.44,69.86,109.778,134.936,146.924,180.52,146.022,120.304,93.632,49.604,34.884,27,28,30,30,30,30,31,31,30,30,27,29,1,0,0,0,0,0,0,0,0,0,0,1,175,96,274,24,6,11,0,1,7,4,65,222,73,71,70,61,59,58,51,56,53,51,61,61,-51.2,10.3,15.9,22,12.8,25.3,24.3,26.2,38.1,16.1,-27.2,-43.2,9,13.4,11.2,14.8,15.5,17.6,20.7,19.2,18.6,17.1,12,10.2,13,18,15.9,21.2,22.3,24.6,29.5,26.8,26.8,25.6,18.3,14.7,4.9,8.9,6.4,8.4,8.6,10.5,12,11.6,10.4,8.6,5.8,5.7
2300919,1907,7,1,"190706","190607",0,3.458,0,77.9,100.666,92.89,130.353,104.215,89.525,83.96,4.626,0,13.52,-1.2,15.57,-4.73,-5.52,-4.86,-8.31,-6.78,-7.56,-9.66,-2.51,12.33,5,2,2,1,0,0,0,0,0,0,1,4,251,141,198,170,175,129,65,100,95,103,186,223,0,2,0,0,0,8,18,11,22,7,0,0,144,209,191,227,243,268,357,314,318,323,198,165,42.087,55.865,76.427,89.385,106.529,103.199,130.937,105.449,95.969,87.717,53.929,40.364,27,28,30,29,30,30,31,31,29,30,26,28,1,0,0,0,0,0,0,0,0,0,0,0,188,52,215,11,6,10,1,1,6,4,49,180,67,67,67,70,68,73,65,69,63,53,57,55,-52.9,11.4,16.9,19.3,19.5,22.4,34.6,29.6,39.5,17.1,-27.5,-43.8,10,13.2,11.8,12.7,12.7,14,16.5,15.1,15.6,15.4,12,10.7,15.1,18.4,17,17.5,17.7,18.2,22.2,20,21.6,23.3,19,16.1,5,8.1,6.5,8,7.7,9.7,10.7,10.2,9.5,7.5,5.1,5.4
2437901,1907,7,12,"190707","190608",0,0,0,81.553,125.822,147.765,167.31,153.965,114.177,87.953,0,0,28.43,17.06,48.27,-5.53,-8.21,-10.55,-12.83,-13.32,-12.51,-11.88,-0.46,26.02,11,2,4,0,0,0,0,0,0,0,1,6,344,162,252,141,117,65,33,30,50,80,195,272,0,3,0,6,9,29,40,53,49,20,0,0,81,193,149,256,306,354,410,426,389,354,189,130,30.836,49.909,69.798,111.222,139.796,153.626,167.918,154.43,124.769,94.476,49.713,32.053,23,28,27,29,30,30,31,31,29,29,26,27,6,0,1,0,0,0,0,0,0,0,0,1,315,230,537,30,14,6,1,0,11,7,69,304,73,69,65,56,54,53,50,49,46,46,57,58,-50.4,10.5,16.7,23.1,10.9,26.9,25.8,24.6,37.3,15.4,-27.6,-42.8,7,12.4,10,13.8,14.8,16.8,18.2,18.7,18,16.4,11.6,9.2,11,17.3,15.3,21,22.6,24.9,27,27.6,27.5,26,18.6,13.6,3,7.6,4.6,6.6,7,8.7,9.4,9.9,8.5,6.8,4.6,4.7
3290499,1908,3,1,"190802","190703",0,0,0,98.643,130.725,130.494,155.428,134.017,120.665,52.522,56.785,0,2.29,4.48,4.58,-6.7,-8.26,-8.47,-11.32,-10.11,-11.34,-5.48,-8.18,-0.95,2,3,1,0,0,0,0,0,0,0,0,2,174,170,156,80,84,39,7,14,33,44,99,152,6,2,5,22,19,52,115,93,73,48,17,10,226,187,248,333,348,401,512,481,430,417,305,253,58.339,61.504,90.977,108.84,134.129,138.375,155.958,134.729,121.967,82.681,68.246,55.233,29,27,30,30,31,30,31,31,30,31,30,31,0,0,0,0,0,0,0,0,0,0,0,0,96,109,117,10,3,8,1,1,1,30,11,67,60,64,63,68,63,66,65,67,59,70,57,69,-55.1,12.9,18.6,20.3,18.7,24.1,35,31.4,41.7,19.2,-27.9,-44.8,12.7,12.1,13.4,16.3,16.2,18.4,21.5,20.5,19.4,18.5,15.5,13.5,19.1,17.8,19.3,21.5,22.3,24.1,27.5,26.1,26.4,23.5,22.6,20,6.2,6.4,7.4,11.1,10.1,12.7,15.5,15,12.3,13.5,8.3,7.1
2328808,1910,3,28,"191003","190904",0,12.672,0,97.029,105.346,101.278,115.953,107.692,85.318,54.139,17.241,0,9.77,-1.91,4.41,-6.57,-5.93,-5.65,-6.84,-7.05,-7.28,-5.73,-3.58,10.92,8,5,2,1,0,0,0,0,0,0,1,6,299,221,166,195,207,145,123,119,93,125,170,274,0,0,1,0,0,6,5,7,23,1,0,0,109,131,229,200,205,246,283,287,320,297,216,124,41.602,55.409,85.078,101.645,106.628,103.551,116.632,109.021,98.961,75.012,51.658,38.498,23,23,30,27,29,30,31,31,29,30,28,25,1,0,0,0,0,0,0,0,0,0,0,1,144,43,115,5,1,2,1,1,14,21,34,159,64,60,63,60,65,71,67,66,61,63,62,61,-52.8,13,18.2,22.6,19.5,23.2,37.5,29.4,39.4,18.1,-27.2,-43.6,8.5,10,13,11.8,11.5,13.2,14.1,14.2,15.7,14.5,12.6,9.1,14,16.3,19,18.3,16.9,17.7,19.4,19.8,22,20.6,18.7,14.5,3,3.6,7,5.3,6,8.7,8.9,8.7,9.3,8.4,6.5,3.7
2286003,1910,4,26,"191004","190905",0,8.455,0,98.83,128.13,139.071,160.93,148.991,118.633,73.377,21.598,0,10.7,-1.3,5.58,-7.27,-8.25,-9.47,-12.04,-12.35,-12.61,-9.2,-4.37,14.4,9,6,2,1,0,0,0,0,0,0,1,7,315,245,189,157,180,95,42,51,50,89,181,296,0,0,0,3,0,16,31,31,49,15,0,0,100,115,207,240,237,312,392,384,388,342,206,109,42.691,56.523,87.931,118.034,129.724,140.661,162.038,149.608,126.344,90.963,53.846,39.536,20,19,28,27,28,30,31,31,29,30,27,22,2,0,0,0,0,0,0,0,0,0,0,1,154,48,131,19,2,2,1,1,8,18,32,193,61,56,58,52,54,57,52,50,48,52,58,57,-53,13.8,19.4,24.9,14.5,26.9,28.6,26.4,38.1,17,-27.5,-43.7,8,9.1,12.1,13.2,12.5,15.4,17.6,17.4,17.9,16,12.2,8.4,14,16.1,18.9,21.2,20,22.6,25.9,26,27,24.1,19,14.4,1.9,2.1,5.4,5.2,5,8.2,9.4,8.8,8.9,7.9,5.4,2.4
2334928,1913,5,19,"191305","191206",0,18.532,20.592,36.454,115.259,155.324,198.056,175.3,18.55,20.208,0,0,15.67,-3.37,-1.33,-1.44,-8.59,-13.31,-19.21,-18.74,-3.94,-4.12,5.8,1.87,18,5,3,0,0,0,0,0,0,0,1,8,396,235,228,135,30,6,1,2,21,120,198,311,0,0,1,11,74,162,226,204,105,10,2,0,58,132,179,266,452,546,627,605,473,302,191,104,32.311,52.369,79.015,107.758,161.269,175.002,200.31,177.421,119.823,76.431,43.264,31.813,13,18,25,29,31,30,31,31,30,29,26,20,7,0,0,0,0,0,0,0,0,0,1,1,188,34,58,71,46,20,2,2,101,56,127,64,59,53,55,57,53,57,51,50,54,53,60,58,-51.4,12.7,18.8,22.3,7,25.5,20.3,23.1,38.1,15.9,-27,-42.9,5.3,9.5,10.7,14,19.6,23.2,25.3,24.5,20.8,14.7,11.5,7.9,11.5,17.1,17.9,21.1,27.8,30.9,34.3,33.7,29,22.6,17.9,13.9,-0.8,1.9,3.5,6.9,11.5,15.5,16.2,15.4,12.6,6.8,5.1,1.9
5001849,1913,7,7,"191306","191207",0,0,0,47.986,85.576,131.669,165.749,151.122,82.494,46.344,0,0,25.54,1.68,13.59,-2.12,-4.43,-9.26,-13.22,-13.32,-9.16,-6.29,4.03,6.11,9,5,4,1,0,0,0,0,0,0,1,6,317,234,259,186,114,56,20,22,33,107,158,279,0,0,0,0,11,36,64,68,73,9,2,0,103,128,146,210,310,369,446,448,430,317,232,124,34.49,49.898,76.616,104.733,136.311,147.917,167.327,152.385,119.743,84.18,51.157,37.748,25,23,25,27,30,30,31,31,30,30,29,24,4,0,1,0,0,0,0,0,0,0,0,1,292,72,198,57,51,16,2,1,37,38,115,113,72,64,61,58,57,57,54,54,55,55,62,66,-51.1,11.8,18.4,23,12.8,26,27.3,25.9,38.4,17.1,-27.3,-43.5,7.9,9.5,9.7,12.2,14.9,17.3,19.4,19.4,19.4,15.2,13.1,8.9,12.1,15,15.9,19,22.1,24.5,27.5,27.5,27.1,22.8,19.1,14.5,3.7,4,3.5,5.3,7.7,10.1,11.3,11.3,11.6,7.6,7,3.3
4892287,1913,7,12,"191307","191208",0,0,0,59.237,95.282,111.626,118.459,111.065,55.823,31.3,0,0,13.38,0.31,3.87,-3.05,-5.18,-6.82,-7.55,-7.83,-4.59,-3.75,2.47,-0.42,10,4,3,1,0,0,0,0,0,0,1,6,333,197,219,167,120,89,43,66,64,133,178,275,0,0,0,2,9,18,30,23,37,1,0,0,89,155,177,229,303,319,390,362,363,287,208,124,32.496,50.013,77.386,94.232,115.196,114.192,121.432,112.185,90.077,72.325,44.363,34.997,24,26,28,29,31,30,31,31,30,30,29,26,3,0,0,0,0,0,0,0,0,0,0,0,167,60,102,35,20,3,3,1,34,41,86,43,72,66,62,66,67,70,71,68,69,62,68,68,-50.7,11.2,17.8,20.3,17.2,22.7,36.3,28.9,39.5,17.7,-26.5,-43.2,7.4,10.8,11,12.8,14.7,15.7,17.6,16.6,17.1,14.2,12.3,9.1,11.5,16.1,17,18.2,20,20.4,22.3,21.9,22.2,20.4,17.4,14.2,3.3,5.5,5,7.4,9.4,10.9,12.8,11.4,12,8,7.2,3.9
1368028,1914,3,15,"191403","191304",0,0,56.21,61.994,94.456,106.898,111.147,108.624,99.399,77.411,0,0,32.56,11.75,-4.63,-3.29,-5.08,-6.38,-6.85,-7.8,-9.39,-9.06,11.91,15,4,3,1,1,0,0,0,0,0,0,1,6,237,190,121,159,115,90,48,32,42,77,161,263,0,0,11,3,10,18,26,51,59,22,2,0,159,163,280,237,308,318,381,422,407,359,230,137,30.941,49.4,86,93.984,113.206,109.083,113.232,111.7,100.241,80.21,36.235,30.694,31,27,31,29,31,30,31,31,30,31,30,29,2,0,0,0,0,0,0,0,0,0,0,1,365,174,30,32,19,2,2,3,1,3,167,191,80,68,64,67,69,73,74,72,65,60,79,66,-50.3,10.8,17.6,20.1,17.6,22.3,38,28.9,39.1,17,-25.1,-42.6,10.5,11.4,14.7,13.1,14.9,15.6,17.3,18.6,18.6,16.6,13,9.4,13.5,16.3,20.5,18.4,19.9,20,21.5,23.2,24.4,23.2,16.2,13.3,7.5,6.4,8.9,7.8,9.8,11.3,13.1,14,12.8,9.9,9.7,5.6
3430357,1914,3,16,"191403","191304",0,0,61.984,39.592,125.218,149.088,201.616,186.663,135.027,84.979,0,0,32.06,14.53,-6.19,-1.58,-9.19,-11.97,-19.65,-20.79,-17.62,-12.57,15.05,23.06,10,4,1,0,0,0,0,0,0,0,1,10,325,215,114,139,40,14,1,1,9,45,197,335,0,0,17,10,56,97,234,255,162,53,2,0,102,147,300,262,423,480,635,656,546,415,194,89,28.707,48.175,93.946,107.756,157.92,170.525,203.966,187.429,138.768,93.474,38.701,27.782,25,24,31,29,31,30,31,31,30,31,29,23,5,1,0,0,0,0,0,0,0,0,1,3,352,204,32,68,33,21,2,1,4,8,206,264,75,63,56,58,53,54,50,50,49,49,70,63,-50.1,11.2,19.3,22.3,8.8,26.8,21.1,23.2,37.4,14.6,-25.9,-42.1,7.7,10.2,14.9,13.9,18.7,21,25.5,26.2,23.3,18.4,11.6,7.1,11.4,16,22.3,20.8,26.8,29.1,34.7,35.5,32.6,27.4,16.3,11.6,4,4.4,7.5,6.9,10.5,12.9,16.4,16.9,13.9,9.4,6.8,2.7
1368029,1914,4,19,"191404","191305",0,0,23.842,13.048,82.875,122.091,130.061,123.691,107.956,76.032,0,0,62.46,26.07,-1.44,1.42,-3.95,-7.84,-8.74,-9.69,-10.94,-9.25,33.61,34.89,5,4,1,0,0,0,0,0,0,0,1,7,260,201,142,144,123,84,39,26,41,84,172,289,0,0,7,5,8,20,34,59,60,19,2,0,142,149,257,253,300,327,399,436,410,349,217,117,29.101,48.321,84.949,95.038,121.524,125.361,136.119,131.261,110.362,82.085,36.582,29.215,30,26,31,30,30,30,31,31,30,31,30,28,4,1,0,0,0,0,0,0,0,0,1,2,661,316,61,82,39,3,6,8,2,6,385,385,82,68,63,67,64,65,65,63,59,58,78,67,-49.8,10.9,17.8,19.9,15.4,23.7,32.9,27.1,38.4,16.8,-25.2,-42.3,9.7,10.7,13.9,13.7,14.6,15.9,17.9,19.1,18.7,16.2,12.5,8.6,12.5,15.7,19.8,18.9,20.5,21.6,23.7,25.3,25.7,23.3,16,12.3,7,5.7,7.9,8.5,8.7,10.3,12,12.8,11.7,9.1,9.1,4.9
2457381,1914,7,8,"191407","191308",0,0,61.4,53.191,91.816,105.295,98.37,94.923,99.418,79.916,0,0,19.85,6.06,-4.87,-2.19,-4.79,-5.92,-5.51,-5.99,-8.89,-8.77,4.66,6.68,4,4,1,1,0,0,0,0,0,0,1,5,226,198,153,181,158,123,116,73,70,136,156,258,0,0,3,0,0,9,6,19,34,0,0,0,167,148,242,215,261,276,291,350,353,284,233,138,41.346,54.972,91.11,92.82,102.044,112.106,98.978,105.238,102.808,82.99,49.075,39.865,30,25,30,29,31,30,31,31,30,29,29,26,1,0,0,0,0,0,0,0,0,0,0,0,250,122,30,40,10,7,1,10,3,3,112,121,70,63,59,67,72,69,76,72,61,54,67,51,-52.7,12.4,19.3,20.3,20.6,21.4,41.3,29.6,39.2,17.5,-26.8,-43.8,10.9,10.8,13.5,12.3,13.3,14.2,14.4,16.3,16.8,14.1,13.2,9.6,15.5,16.7,20.1,17.6,17.7,19.2,18.1,20.8,23.2,21.8,18.5,15.3,6.2,4.9,6.8,7.1,8.9,9.3,10.7,11.7,10.3,6.5,7.9,3.9
469011,1915,4,1,"191503","191404",0,0,18.077,41.914,117.41,162.124,188.921,175.323,137.652,73.054,51.119,0,13.42,16.55,-0.62,-1.54,-7.32,-12.66,-16.22,-16.55,-15.14,-9.2,-9.14,7.01,5,4,1,0,0,0,0,0,0,0,0,6,241,196,140,96,89,30,6,6,19,40,69,265,2,0,10,17,18,64,125,134,111,56,35,0,167,162,269,311,340,421,525,534,482,427,351,140,50.937,56.648,101.519,123.99,136.605,169.977,189.617,176.32,139.275,99.214,73.671,44.33,26,26,30,30,31,30,31,31,30,31,30,25,1,0,0,0,0,0,0,0,0,0,0,1,197,225,83,82,19,8,1,1,2,26,23,125,62,66,56,57,61,52,51,51,52,58,54,62,-53.8,12.4,20.4,23.5,18.5,24.7,31.2,30.1,41.1,18.1,-28.6,-43.9,10.4,10.9,14,15.5,15.9,19.1,21.9,22.3,21.1,18.8,17,9.4,16.3,16.2,21.2,22.7,22.4,27.4,30.6,31,29.6,26,24.8,15.1,4.4,5.5,6.8,8.4,9.5,10.7,13.2,13.5,12.6,11.6,9.1,3.7
2336537,1916,4,17,"191604","191505",0,0,5.163,84.51,96.713,134.803,130.794,130.582,97.477,91.537,0,0,17.66,3.43,1.04,-5.19,-4.99,-8.78,-8.41,-9.74,-8.1,-10.02,-2.01,-0.06,4,1,1,0,0,0,0,0,0,0,1,2,223,117,124,123,119,62,35,18,66,70,126,174,0,7,9,7,7,31,38,79,36,23,6,5,172,241,279,279,305,359,407,463,360,369,269,224,44.979,65.349,98.489,112.068,115.323,135.355,130.794,130.838,98.786,94.062,65.025,52.209,30,28,31,30,31,30,31,31,30,31,29,30,1,0,0,0,0,0,0,0,0,0,0,0,228,108,93,28,19,1,0,0,1,3,68,72,71,64,60,62,69,64,69,67,67,57,56,65,-52.6,12.8,19.6,22.3,20.3,22.1,37,30.2,41.2,18.3,-27.8,-44.7,11,14.2,14.6,14.5,14.7,17,18.1,19.9,17,16.9,14.4,12.7,15.5,20,21.1,20.7,19.7,22.9,23.2,25.4,22.4,24.2,21.6,19,6.5,8.5,8,8.2,9.8,11,13,14.5,11.6,9.6,7.1,6.3
2363992,1916,7,11,"191607","191508",0,0,48.806,127.272,151.37,174.163,206.4,194.385,133.437,96.986,8.923,0,23.43,0.96,-4.24,-11.21,-11.62,-15.26,-20.23,-21.45,-15.99,-13.96,-2.96,8.08,19,3,1,0,0,0,0,0,0,0,2,8,406,179,161,72,54,9,1,2,21,50,215,307,0,3,7,30,41,133,216,216,105,47,0,0,53,183,248,345,395,517,617,616,474,406,175,108,23.144,49.249,89.542,132.755,163.415,189.986,213.023,194.711,133.983,98.5,45.004,29.758,21,27,29,29,30,30,31,31,30,30,25,25,10,0,0,0,0,0,0,0,0,0,0,1,253,69,41,5,12,16,7,0,1,2,36,118,80,67,55,49,48,48,46,44,47,45,60,67,-48.2,10.7,19.4,24.8,7.1,28.7,18.7,22,37.4,14.5,-27,-42.5,5,11.8,13.2,16.7,17.7,22.3,24.9,24.9,20.8,18.1,10.9,8,7.9,17,20.5,25.5,26.8,31.6,35.1,35.4,30.5,28,17.3,12.6,2.2,6.5,5.9,7.9,8.7,12.9,14.7,14.4,11.2,8.2,4.4,3.5
1367990,1917,4,29,"191704","191605",0,0,0,0.844,109.661,123.168,137.664,98.619,50.482,0,0,0,10.94,20.56,5.07,2.81,-6.47,-7.85,-9.37,-6.62,-4.24,0.71,1.72,13.73,11,4,4,1,0,0,0,0,0,0,2,9,337,209,252,177,157,87,44,61,65,167,210,317,0,0,0,1,2,19,29,25,37,0,0,0,86,145,149,218,263,322,389,369,362,249,171,94,35.562,48.959,75.44,95.666,118.107,125.629,141.45,112.684,96.438,58.108,46.02,30.859,21,25,26,29,30,30,31,31,30,30,26,24,2,1,0,0,0,0,0,0,0,0,1,2,146,261,111,95,8,2,4,14,46,64,81,173,67,66,61,64,63,65,61,68,65,72,62,72,-51.6,11.2,18.1,20.9,16.5,24,32,28.8,39.2,18.9,-26.8,-42.6,7.3,10.4,10,12.5,13.4,15.8,17.5,16.9,17.1,13,11,7.7,12.3,15.6,16.1,18.2,19.4,21.5,24,22.1,22.9,17.3,17,12.1,2.3,5.2,3.8,6.8,7.3,10,11.1,11.7,11.2,8.6,5,3.3
3479651,1917,8,1,"191707","191608",0,0,0,54.038,72.133,129.648,119.306,90.366,50.93,14.124,5.245,0,8.16,15.81,2.45,-2.18,-3.03,-8.11,-7.23,-5.44,-3.59,-0.91,-2.54,8.74,11,4,5,1,0,0,0,0,0,1,2,8,336,217,279,216,228,133,85,120,107,199,231,302,0,0,0,0,0,8,12,7,19,0,0,0,84,137,125,178,180,263,330,285,302,212,154,102,40.909,54.114,79.117,94.698,87.795,131.165,119.994,95.924,93.547,60.253,54.003,39.53,19,24,22,27,29,29,31,31,29,29,21,21,2,1,0,0,0,0,0,0,0,0,0,1,122,218,82,41,16,2,1,6,43,46,49,135,61,62,57,62,74,58,68,73,64,70,52,61,-52.6,12.6,19.5,21.7,23.9,20.8,36.8,30.3,39.6,19.2,-27.6,-43.7,7.3,10.1,9.1,11,10.6,13.8,15.6,14.2,15,11.7,10.3,8.2,13.2,16.1,15.9,17,14.5,20.7,20.7,18.5,21,16.4,18.1,14.4,1.4,4.1,2.3,5,6.7,6.8,10.5,9.9,9.1,7,2.5,2
2367740,1918,4,10,"191804","191705",5.332,7.468,0,118.267,115.831,173.871,176.183,164.685,135.466,102.571,34.028,69.723,-2.29,-1.67,8.12,-8.87,-6.8,-13.67,-14.23,-14.48,-14.4,-12.59,-6.88,-11.1,3,2,1,0,0,0,0,0,0,0,0,2,197,145,110,84,95,17,3,3,12,30,82,142,5,5,16,21,17,93,173,168,147,75,28,14,201,218,303,328,333,466,574,569,527,454,332,269,64.738,73.569,101.089,131.656,128.351,174.948,177.799,167.504,142.025,113.974,78.722,72.085,25,26,31,30,31,30,31,31,30,31,29,26,0,0,0,0,0,0,0,0,0,0,0,0,59,66,165,13,13,1,2,3,7,11,45,2,52,56,62,55,65,54,60,59,56,52,51,54,-55.7,15,19.4,24.4,20.7,23.3,33.9,31.5,41.7,18.5,-28.2,-45.6,11.8,13.1,15.1,16.1,15.7,20.6,23.6,23.4,22.6,19.7,16.3,13.9,19.6,20.3,21.4,23.6,21.4,28.6,30.5,30.7,30.5,28.2,24.8,23.8,4,5.9,8.8,8.5,10,12.5,16.6,16.1,14.7,11.2,7.8,4.1
2450948,1919,4,11,"191904","191805",0,0,0,80.783,119.541,210.68,199.866,178.457,59.997,23.712,0,0,3.39,19.84,15.15,-5.86,-8.25,-21.65,-19.16,-18.86,-7.7,-4.77,2.73,9.57,11,9,6,0,0,0,0,0,0,0,3,14,336,292,302,149,112,3,3,3,25,68,255,365,0,0,0,7,14,217,178,175,93,32,0,0,94,87,116,250,312,604,579,575,458,372,145,70,40.889,41.566,70.912,114.853,151.103,211.545,200.917,181.152,123.551,85.857,44.964,34.582,17,21,21,28,29,30,31,31,30,31,23,14,1,3,1,0,0,0,0,0,0,0,1,3,81,236,202,34,32,1,1,3,64,62,89,134,57,69,61,53,48,47,49,49,54,56,59,61,-53.1,10.6,17.9,23.8,12,29,24.1,25.6,39.4,16.4,-26.6,-43.2,7.3,7.4,8.3,13.5,15,25.2,23.7,23.6,20.3,17,9.5,6.1,13.9,12.2,14.4,21.2,23.9,35.1,33.1,33,28.4,24.4,15.9,12.5,0.6,2.7,2.2,5.7,6.1,15.2,14.3,14.2,12.2,9.6,3.1,-0.2
2398571,1920,3,17,"192003","191904",0.697,16.963,0,106.079,136.34,159.916,157.503,141.271,95.699,62.934,29.507,0,-1.7,-2.39,3.48,-7.89,-9.2,-11.91,-11.51,-11.34,-9.51,-7.75,-5.31,6.08,5,4,3,0,0,0,0,0,0,0,1,7,244,215,229,125,93,48,31,33,47,119,199,281,0,0,0,8,15,42,42,49,53,5,0,0,157,139,168,274,335,382,414,420,396,303,185,121,44.923,52.397,74.388,113.217,138.368,160.684,158.558,142.306,114.103,85.768,53.21,35.011,26,24,28,29,30,30,31,31,30,29,25,26,0,0,0,0,0,0,0,0,0,0,0,1,44,35,93,7,2,1,1,1,18,23,24,106,61,62,65,58,58,52,55,56,56,51,54,62,-54,12.1,17.2,23,12.1,25.7,28.7,26.5,38.5,16.8,-27.8,-43.2,10.3,10.2,10.7,14.4,15.8,17.8,18.4,18.5,18.2,14.7,11.5,8.9,16.4,16.1,16.2,21.3,22.8,26.1,26,26,25.8,23,19,13.8,4.2,4.3,5.1,7.4,8.7,9.4,10.7,11.1,10.7,6.5,4,3.9
2368640,1920,5,0,"192004","191905",1.698,17.597,0,54.064,133.702,156.669,153.836,137.698,93.942,62.886,30.031,0,-1.76,-2.42,3.11,-2.45,-8.91,-11.48,-11.05,-10.86,-9.16,-7.61,-5.31,5.65,5,4,3,1,0,0,0,0,0,0,1,7,245,214,228,166,95,50,33,35,48,121,198,282,0,0,0,2,15,40,40,46,51,5,0,0,156,140,169,230,333,378,409,414,392,301,186,120,44.512,52.017,73.787,104.427,135.614,157.437,154.893,138.731,111.545,84.391,52.804,34.585,26,24,28,28,31,30,31,31,30,29,25,26,0,0,0,0,0,0,0,0,0,0,0,1,43,34,89,50,2,1,1,1,18,22,23,100,62,63,65,60,59,53,57,58,57,52,55,62,-53.9,12,17.1,22.4,12.7,25.2,29.4,26.8,38.6,16.9,-27.7,-43.1,10.2,10.2,10.7,12.9,15.7,17.6,18.2,18.4,18.1,14.7,11.5,8.8,16.3,16,16.2,19.4,22.5,25.7,25.6,25.5,25.3,22.7,18.9,13.7,4.2,4.4,5.3,6.3,8.8,9.6,10.8,11.2,10.8,6.7,4.2,4
2385124,1920,5,0,"192004","191905",0,11.268,0,44.302,135.298,159.03,157.579,141.033,94.999,59.467,24.089,0,-0.98,-1.82,4.93,-1.5,-9.09,-11.8,-11.51,-11.3,-9.43,-7.43,-4.78,7.88,5,4,3,1,0,0,0,0,0,0,1,6,242,214,231,168,98,51,34,36,48,119,197,280,0,0,0,2,14,39,39,45,51,5,0,0,158,139,165,227,329,376,409,413,392,303,187,121,44.901,52.255,73.927,105.639,137.811,160.213,158.648,142.104,114.085,85.924,53.148,34.901,26,24,28,28,30,30,31,31,30,29,25,26,0,0,0,0,0,0,0,0,0,0,0,1,51,41,107,61,3,1,1,1,19,26,29,124,61,63,65,59,57,52,55,56,56,51,54,62,-54,12.1,17.2,22.7,12.2,25.7,28.6,26.5,38.5,16.8,-27.8,-43.2,10.3,10.2,10.6,12.8,15.6,17.6,18.2,18.3,18.1,14.7,11.6,8.9,16.4,16.1,16.1,19.5,22.7,25.9,25.9,25.8,25.7,23,19,13.8,4.3,4.3,5.1,6,8.5,9.2,10.4,10.8,10.5,6.5,4.2,3.9
3904090,1921,3,26,"192103","192004",0,0,0,4.734,121.433,115.292,124.348,125.775,81.816,0,0,0,18.29,0.03,3.51,2.39,-7.74,-7.22,-8.01,-9.81,-7.3,1.67,5.13,16.55,8,4,2,1,0,0,0,0,0,0,1,6,299,203,195,199,148,72,72,32,73,139,197,275,0,0,0,0,3,25,15,50,32,1,0,0,111,148,199,195,272,343,347,421,349,280,186,125,31.06,45.467,65.984,92.005,122.97,130.566,125.895,128.759,92.469,63.688,36.223,27.921,28,27,31,28,30,30,31,31,30,31,30,29,2,0,0,0,0,0,0,0,0,0,1,1,218,51,87,87,2,15,2,3,11,83,98,201,77,71,74,65,61,64,66,63,66,69,77,76,-50.3,10.2,14.7,20.7,15.4,24.6,35.3,27.6,39.4,18.4,-25.1,-42.1,8.5,10.6,11.9,11.7,13.7,16.5,16.2,18.6,16.6,14,11.6,9,12,15.1,16,17.2,20.1,22.4,21.7,24.7,22.1,18.9,15.1,12.3,5,6.2,7.8,6.1,7.3,10.5,10.6,12.4,11.1,9.1,8,5.8
2331781,1921,8,13,"192108","192009",0,0,0,20.226,56.191,162.528,176.266,155.357,103.688,0,0,0,37.67,6.57,7.78,0.79,-1.06,-12.42,-14.13,-13.41,-10.75,5.88,13.21,37.66,6,4,2,1,0,0,0,0,0,0,1,6,274,205,179,189,154,45,27,31,53,130,198,263,0,0,2,0,2,45,50,52,46,3,0,0,132,146,217,205,266,387,426,424,383,291,187,136,42.302,55.016,83.402,111.821,126.867,164.503,178.191,156.917,121.064,82.885,48.794,36.422,25,24,30,25,29,30,31,31,29,29,27,27,3,0,0,0,0,0,0,0,0,0,1,2,429,129,148,92,71,2,2,2,17,153,199,426,64,61,62,52,58,51,47,49,51,54,62,62,-53.1,12.6,18.2,24.6,14.8,25.5,25,25.4,38.2,17.2,-26.9,-43.4,9.3,10.5,12.5,12,13.5,17.9,18.7,18.7,17.8,14.3,11.5,9.4,14.9,16.7,18.6,19.9,20.3,26.5,28.2,27.6,26.3,22,17.6,14.4,3.7,4.3,6.5,4.2,6.6,9.3,9.3,9.7,9.2,6.6,5.5,4.4
2401356,1921,8,25,"192108","192009",0,0,0,0,0,62.431,127.883,95.495,0,0,0,0,36.72,31.26,19.35,3.08,7.96,-2.08,-8.64,-6.81,3.23,23.23,42.21,53.03,13,7,3,2,0,0,0,0,0,1,3,11,355,261,216,248,193,103,68,70,91,203,259,342,0,0,0,0,0,14,17,20,24,0,0,0,71,100,175,144,223,302,352,355,323,208,133,76,24.437,37.63,67.246,81.568,103.737,115.88,131.417,112.604,89.221,51.914,30.527,21.65,24,23,29,26,29,30,31,31,29,29,27,25,8,2,0,1,1,0,0,0,1,0,6,8,394,354,252,86,143,53,4,17,119,288,465,557,76,70,66,64,66,67,62,65,62,70,73,69,-49,9.3,15.9,20.2,18.2,22.9,32.5,27.5,38.4,18.3,-24.5,-40.9,6.7,8.5,11.1,9.8,12,15.1,16.3,16.4,15.7,11.6,9.4,6.9,10.2,13.1,16.4,15.3,17.5,20.4,22.6,22.2,22,16.3,13.5,10.3,3.2,4,5.8,4.2,6.6,9.8,10,10.6,9.5,6.8,5.3,3.5
2317066,1921,9,15,"192109","192010",0,0,0,55.439,72.014,128.205,137.617,118.101,81.99,0,0,0,18.03,-0.17,2.93,-2.68,-3.05,-8.54,-9.42,-8.68,-7.54,1.37,5.03,15.78,7,4,2,1,0,0,0,0,0,0,1,6,295,199,190,184,179,62,46,57,60,141,194,270,0,0,0,0,0,31,28,27,40,0,0,0,114,151,204,211,239,359,385,375,369,278,190,129,31.522,46.105,66.516,93.552,97.656,129.566,138.838,119.82,97.961,63.177,36.636,28.432,28,27,31,29,30,30,31,31,30,31,30,29,2,0,0,0,0,0,0,0,0,0,0,1,216,50,82,38,26,1,1,2,16,79,98,195,76,71,74,65,72,65,62,65,64,70,76,76,-50.4,10.3,14.7,20.6,21.3,21.3,32.6,28.3,39.2,18.5,-25.2,-42.2,8.6,10.8,12.1,12.2,12.6,17,17.4,17.1,17.3,13.9,11.7,9.2,12.2,15.3,16.2,17.8,16.9,22.7,23.7,22.9,23.3,18.7,15.3,12.6,5.1,6.2,8,6.7,8.2,11.3,11.1,11.3,11.4,9.1,8.1,5.9
2395018,1924,10,11,"192410","192311",0,0,16.235,81.726,123.117,132.251,129.377,116.762,101.483,0,15.871,0,3.58,1.68,-0.19,-5.42,-7.99,-8.84,-8.42,-8.49,-9.65,1.51,-4.46,0,8,2,3,0,0,0,0,0,0,0,1,7,299,156,229,146,103,73,72,61,62,133,128,289,0,3,0,5,12,25,15,25,39,3,8,0,112,198,167,251,323,341,347,368,367,287,267,115,37.215,52.009,74.489,101.619,124.958,133.574,130.407,119.378,102.636,62.422,53.374,32.254,24,28,28,29,31,30,31,31,30,31,29,26,1,0,0,0,0,0,0,0,0,0,0,0,79,79,58,20,2,1,1,3,1,79,38,41,67,68,64,63,63,62,64,65,61,71,60,80,-52.1,10.8,17.3,21.3,15,23.7,34.4,28.3,39,18.5,-28,-42.8,8.5,12.7,10.7,13.6,15.3,16.4,16.2,16.9,17.2,14.2,14.3,8.6,13.5,17.7,16.4,19.6,21.3,22.6,22.1,22.7,23.8,18.8,20.8,13.1,3.5,7.6,5,7.6,9.4,10.2,10.2,11,10.6,9.6,7.8,4.1
2311023,1925,5,7,"192504","192405",0,0,0,7.813,122.838,133.561,133.368,120.252,102.775,0,0,0,2.99,18.8,1.52,1.96,-8.01,-9.05,-8.91,-9.01,-9.94,2.17,1.69,12.32,6,3,2,1,0,0,0,0,0,0,1,11,277,196,205,177,110,75,69,55,61,133,195,337,0,0,0,0,11,24,16,28,40,3,0,0,128,158,188,218,314,339,351,377,369,287,190,79,34.706,41.336,77.119,84.375,124.949,135.29,134.335,123.999,104.035,62.201,41.034,24.871,28,28,29,29,31,30,31,31,30,31,29,26,1,0,0,0,0,0,0,0,0,0,0,2,72,234,80,77,2,2,1,4,1,86,72,149,73,77,64,72,63,61,62,63,60,71,71,72,-51.4,8.9,17.4,18.5,15,23.9,33.6,28,39,18.6,-25.9,-41.7,9.2,11.1,11.5,12.5,15.1,16.3,16.3,17.1,17.3,14.2,11.7,7,13.3,14.7,17.3,16.9,21.1,22.7,22.5,23.3,24,18.8,16.2,10.1,5.1,7.6,5.8,8.1,9,9.9,10,11,10.6,9.6,7.1,4
2288164,1926,3,31,"192603","192504",0,0,69.439,0,55.29,110.727,185.789,132.598,55.59,13.175,0,0,15.3,37.82,-6.96,10.41,-2.1,-8.57,-18.05,-13.05,-6.17,-3.51,11.42,5.47,27,13,3,2,0,0,0,0,0,1,6,14,445,328,233,244,136,48,5,20,111,191,326,365,0,0,0,0,8,42,135,73,18,0,0,0,35,63,173,151,285,381,536,455,297,222,88,68,32.699,40.575,85.354,92.608,130.645,160.894,188.362,154.202,101.873,75.08,38.985,31.417,8,15,22,24,30,30,31,31,28,25,16,15,12,9,0,2,0,0,0,0,0,0,5,2,181,414,16,174,75,50,3,22,46,62,162,93,56,64,51,58,56,51,50,51,53,50,58,63,-51.2,11.2,20.2,22.2,15.4,25.8,25.3,27.1,40,16.7,-25.9,-42.8,3.7,6.1,10.5,9.9,14.1,17.7,22.3,19.7,14.9,12.1,7.2,6.1,10.3,11.6,18.6,16.6,21.3,26.3,31.4,28.3,22.7,20.5,13.6,12.1,-2.8,0.6,2.5,3.3,6.9,9.2,13.2,11,7,3.7,0.7,0.1
468984,1927,3,19,"192703","192604",48.44,0,24.892,0,140.958,156.85,180.276,166.203,131.033,100.878,58.837,0,-6.72,14.58,-0.47,4.88,-9.6,-11.72,-14.57,-14.68,-13,-11.75,-9.81,6.24,3,2,2,0,0,0,0,0,0,0,0,4,187,143,170,59,43,13,4,3,23,41,72,216,5,5,4,35,50,102,151,172,98,55,33,2,215,219,234,367,418,485,551,573,465,425,347,181,65.743,64.191,95.302,114.462,144.915,157.667,181.184,167.948,133.098,108.233,81.447,52.35,26,28,30,30,31,30,31,31,30,31,30,27,0,0,0,0,0,0,0,0,0,0,0,0,17,213,70,133,4,1,1,2,2,7,23,129,52,66,60,68,63,63,57,59,56,53,49,53,-55.9,12.9,19.6,20.5,18.2,24,33.5,31.5,42.1,18.7,-28.4,-44.3,12.2,13.2,12.9,17.4,18.5,21.2,22.8,23.5,20.5,18.8,16.8,11,20.1,18.6,19.3,22.7,24.7,27.5,30.3,30.8,28.2,26.8,25.6,17.3,4.3,7.7,6.4,12.1,12.3,14.9,15.3,16.2,12.9,10.7,8,4.6
2366615,1927,4,16,"192704","192605",24.27,0,0,79.376,144.324,185.691,206.751,184.779,139.773,95.807,46.851,0,-2.87,30.53,5.51,-5.21,-10.73,-16.71,-20.54,-19.5,-16.18,-12.01,-8.18,22.82,9,6,6,1,0,0,0,0,0,0,1,12,315,249,302,208,107,23,4,5,38,102,167,347,0,0,0,0,15,79,148,149,64,16,6,0,111,121,118,191,317,444,548,550,416,324,230,82,54.278,56.112,85.539,115.462,154.338,187.352,212.986,192.108,146.649,106.76,72.851,42.564,17,22,18,24,29,30,31,31,29,28,24,18,0,2,1,0,0,0,0,0,0,0,0,4,30,360,116,36,10,2,6,7,7,11,26,269,54,64,55,52,50,47,44,46,44,46,47,54,-53.8,13.3,20.7,25.3,17.4,29,31.3,31.2,41.8,18.7,-27.7,-43.4,8,8.9,8.3,11.3,15.2,19.8,22.7,22.8,18.9,15.4,12.8,6.7,15.3,14.5,15.5,19.2,23.7,29.4,33.1,32.6,29.1,24.9,21.8,12.5,0.7,3.4,1.2,3.5,6.7,10.2,12.3,12.9,8.7,5.9,3.7,1
3499442,1927,5,1,"192704","192605",38.92,0,21.301,96.106,146.552,161.069,186.899,172.096,137.576,102.651,49.009,0,-5.79,20.02,-0.21,-6.46,-10.27,-12.29,-15.59,-15.7,-14.21,-12.26,-9.13,7.87,3,2,2,0,0,0,0,0,0,0,0,4,196,159,185,115,48,15,4,4,26,45,72,227,4,4,2,11,44,99,144,166,90,49,33,2,201,202,217,289,407,476,545,566,455,414,345,172,63.816,61.619,94.743,120.223,150.527,162.587,187.704,173.993,138.516,109.094,81.144,51.755,26,28,29,29,31,30,31,31,30,31,29,26,0,0,0,0,0,0,0,0,0,0,0,0,25,265,73,24,4,2,1,2,1,6,32,146,53,66,58,58,60,60,54,55,51,51,49,52,-55.8,12.6,19.9,23.4,17.2,25.3,32.7,31.1,41.8,18.4,-28.6,-44.3,11.9,12.6,12.3,14.8,18.1,20.9,22.6,23.3,20.2,18.4,16.8,10.6,19.6,17.9,19,21.6,25,27.8,30.8,31.2,28.7,26.9,25.7,17.1,4.1,7.2,5.6,7.9,11.3,14,14.4,15.4,11.6,9.9,7.8,4.1
2386302,1927,7,12,"192707","192608",0,0,10.135,23.338,91.089,81.898,92.923,85.905,71.67,13.809,0,0,6.12,14.66,0.53,0.51,-4.88,-4.27,-5.17,-5.38,-5.56,-1.49,12.05,0.87,5,3,2,1,0,0,0,0,0,0,0,5,240,176,207,201,168,119,126,101,133,99,108,242,0,0,0,0,0,10,5,11,13,9,11,0,154,171,182,193,251,281,280,312,271,327,288,150,32.748,37.049,64.145,77.264,97.462,90.163,93.411,87.47,73.105,59.619,45.177,30.907,31,28,30,29,30,30,31,31,30,31,30,30,0,0,0,0,0,0,0,0,0,0,0,0,102,187,54,54,6,8,0,2,1,46,185,51,78,83,74,75,73,80,78,78,74,76,73,72,-50.8,7.7,14.5,17.6,21.2,21.1,42.4,30.6,39.8,18.8,-26.6,-42.6,10.4,11.9,11.4,11.6,13,14.4,14,15,14,15.5,15.1,10.1,13.7,14.6,15.4,15.5,17.2,17.6,17.5,18.5,18,19.4,19.5,13.8,7.1,9.2,7.5,7.6,8.8,11.2,10.6,11.6,10,11.7,10.7,6.5
2431017,1927,8,15,"192708","192609",0,0,0,0,14.415,58.528,105.06,79.382,32.702,0,0,0,24.86,40.62,12.9,10.53,1.98,-1.91,-6.32,-5.05,-2.28,14,47.23,22.94,7,5,5,2,0,0,0,0,0,0,1,8,285,239,281,241,237,127,104,119,139,155,176,300,0,0,0,0,0,9,8,7,12,0,0,0,120,115,118,150,168,271,303,286,263,262,208,102,27.39,35.157,55.205,70.009,72.994,94.552,106.418,83.118,74.561,52.745,31.372,23.391,28,26,27,28,30,30,31,31,29,31,30,27,2,2,1,1,1,0,0,0,1,0,2,2,286,446,170,151,59,36,1,4,42,198,521,263,75,75,72,73,80,76,72,77,69,72,77,76,-50.1,8.4,14.1,17.5,26.4,20.1,38.6,30.3,38.8,18.1,-24.7,-41.3,9,9.3,9,10,10.2,14.1,14.9,14.2,13.7,13.4,12.4,8.3,12.7,13.1,13.2,14.1,13.2,17.8,19.4,17.9,18.7,17.8,16,11.9,5.2,5.5,4.8,5.9,7.1,10.3,10.4,10.6,8.7,9,8.8,4.6
1368002,1929,3,23,"192903","192804",0,0,13.695,48.285,107.78,135.343,132.504,119.316,99.94,63.134,0,0,0.16,-0.01,0.07,-2.02,-6.51,-9.22,-8.81,-8.76,-9.49,-6.77,2.82,6.97,11,5,3,1,0,0,0,0,0,0,1,8,340,240,214,159,104,63,56,61,58,111,185,309,0,0,0,3,12,30,22,25,42,8,0,0,84,120,181,238,322,357,368,368,373,313,200,99,30.465,47.326,72.613,95.083,117.057,136.278,133.286,120.507,101.789,66.896,42.718,30.755,24,23,29,29,31,30,31,31,30,31,29,25,1,0,0,0,0,0,0,0,0,0,0,1,31,50,59,47,9,1,1,1,2,4,86,106,75,66,67,66,68,62,64,64,62,69,69,73,-50.1,11.3,16.6,20.3,16.8,22.6,33.8,28.2,39,18.1,-26.2,-42.6,7.2,9.3,11.2,13.1,15.3,16.9,16.9,16.9,17.4,15.1,12,8,10.9,14.6,16.4,18.5,20.6,23.2,22.8,22.8,23.8,20.1,16.9,12.3,3.5,4,6,7.7,10.1,10.6,10.9,10.9,11.1,10,7.2,3.7
3792158,1929,8,13,"192908","192809",13.482,6.972,22.717,45.92,110.17,101.697,115.576,110.899,94.291,67.759,0,0,-1.98,-0.86,-0.61,-1.44,-6.41,-5.54,-6.91,-7.48,-8.03,-6.71,-0.13,1.81,7,6,3,1,0,0,0,0,0,0,1,6,296,247,211,231,175,111,97,90,104,164,185,275,0,0,0,0,0,12,9,14,19,0,0,0,112,110,181,163,244,292,316,328,305,253,198,122,43.466,54.09,78.527,85.492,111.374,118.908,116.336,112.151,95.803,69.478,52.891,41.194,22,20,29,27,30,30,31,31,29,30,27,23,0,0,0,0,0,0,0,0,0,0,0,0,30,47,56,40,1,17,1,1,2,2,71,73,61,59,64,67,66,67,69,67,62,64,59,62,-53.3,13.2,17.7,20.1,18.4,23.1,37.6,29.1,39.5,18.5,-27.4,-43.9,8.6,9,11.3,10.4,12.7,14.7,15.2,15.5,15.1,13.1,12,9,14.6,15.5,17,15.5,18.2,20.1,20.1,20.9,21.3,18.8,18.7,15.3,2.6,2.5,5.6,5.3,7.3,9.4,10.2,10.1,9,7.4,5.4,2.8
3792196,1929,8,13,"192908","192809",15.425,9.481,24.556,44.843,105.182,97.165,107.351,103.216,89.648,65.621,0,0,-2.12,-1.06,-0.75,-1.34,-5.96,-5.12,-6.21,-6.71,-7.39,-6.37,-0.38,1.55,7,6,3,2,0,0,0,0,0,0,1,6,297,247,211,232,178,113,104,97,111,168,187,276,0,0,0,0,0,11,8,12,18,0,0,0,111,110,180,161,239,288,303,319,297,248,196,121,43.117,53.583,77.228,82.91,106.404,113.492,107.924,104.569,91.098,67.254,52.258,41.026,22,21,29,27,30,30,31,31,29,30,27,23,0,0,0,0,0,0,0,0,0,0,0,0,28,44,53,38,1,16,1,1,1,2,67,69,62,59,65,69,68,69,73,70,65,66,59,62,-53.2,13,17.4,19.6,19.6,22.4,39.4,29.7,39.7,18.7,-27.3,-43.9,8.6,9,11.3,10.3,12.6,14.6,14.9,15.2,14.9,12.9,12,9,14.5,15.4,16.8,15.1,17.6,19.6,19.2,20,20.5,18.3,18.5,15.3,2.6,2.7,5.7,5.5,7.5,9.7,10.6,10.5,9.2,7.5,5.4,2.8
73443,1930,4,3,"193003","192904",0,30.613,6.039,76.346,127.716,135.301,137.555,141.645,109.751,93.808,70.406,57.646,5.86,-4.32,1.16,-4.24,-7.99,-8.86,-9.13,-11.04,-10,-10.66,-11.24,-9.26,4,2,1,1,0,0,0,0,0,0,0,1,209,125,156,181,108,61,29,17,43,51,109,129,2,6,4,0,11,32,46,80,58,39,13,15,183,233,244,216,317,360,421,464,405,402,291,279,52.831,70.37,91.725,101.41,129.129,137.348,137.555,142.212,113.262,96.629,76.844,61.577,28,28,30,28,31,30,31,31,30,31,27,30,0,0,0,0,0,0,0,0,0,0,0,0,124,40,86,25,1,2,0,1,4,3,6,4,62,58,62,63,63,63,67,62,61,57,44,55,-54.4,14.1,19,21.8,17.2,24.1,35.5,29.2,40.5,18,-29.1,-45.5,11.3,13.9,13.3,12.3,15.2,17,18.6,20,18.5,18,15,14.4,17.4,20.8,19.5,18.2,21.2,23.1,24.1,26.4,25.1,25.3,24.8,22.4,5.2,7,7.2,6.4,9.1,10.9,13.1,13.5,12,10.7,5.3,6.4
1368057,1930,5,3,"193004","192905",0,45.931,20.122,88.705,130.45,136.022,134.999,136.134,86.051,93.357,72.944,64.781,5.62,-5.42,0.04,-5.63,-8.34,-9.04,-9.2,-10.73,-7.17,-10.03,-10.22,-9.71,3,2,1,0,0,0,0,0,0,0,0,1,205,127,143,80,64,37,9,5,28,37,113,119,3,7,7,22,31,55,104,152,83,60,14,19,191,235,263,333,376,406,497,552,445,434,289,295,51.219,71.6,90.124,112.772,131.359,136.754,135.029,137.337,99.649,94.78,75.07,65.977,30,28,31,30,31,30,31,31,30,31,28,31,0,0,0,0,0,0,0,0,0,0,0,0,114,26,70,24,1,1,0,1,14,1,2,1,67,59,66,66,66,67,73,70,73,63,50,56,-53.3,14.2,18,20.9,20,22.9,38.3,32,42.7,19.1,-28.1,-45.3,11.5,13.8,13.8,16.3,17.1,18.6,21,22.8,19.8,19,14.9,14.8,16.6,20.4,19.3,21.8,22.6,24,25.6,27.9,24.3,25.2,23.4,22.8,6.4,7.2,8.4,10.7,11.6,13.1,16.5,17.8,15.3,12.9,6.3,6.8
468988,1931,2,21,"193102","193003",0,0,0,93.833,86.879,120.479,139.321,128.198,91.329,80.225,11.541,51.043,2.7,3,2.9,-6.36,-4.18,-7.77,-9.68,-9.9,-7.64,-8.49,-3.67,-7.26,2,1,1,0,0,0,0,0,0,0,0,2,140,107,119,79,106,39,12,8,44,50,74,150,12,12,12,22,11,52,91,121,56,41,29,10,266,259,288,334,319,400,481,518,402,405,339,254,54.302,59.283,85.94,106.23,112.452,121.617,140.228,129.278,92.823,85.919,65.898,53.95,31,28,31,30,31,30,31,31,30,31,30,31,0,0,0,0,0,0,0,0,0,0,0,0,95,95,97,12,26,1,1,1,1,6,54,3,68,72,70,69,72,73,70,71,74,67,62,66,-54.3,11.2,16.8,19.8,21.8,21.4,36.5,31.1,41.9,19,-27.7,-44.7,14,14.7,14.8,16.3,15.2,18.4,20.5,21.7,18.4,18.1,16.7,13.6,19.1,19.1,19.6,21.3,19.8,22.8,25.6,26.5,22.7,23.6,22.9,19.7,8.8,10.2,9.9,11.4,10.7,13.9,15.4,16.9,14.1,12.6,10.5,7.5
2197161,1931,4,3,"193103","193004",0,20.134,50.809,75.342,114.847,155.045,150.064,136.744,90.151,67.606,13.584,28.876,7.69,-2.81,-4.13,-4.84,-6.9,-11.36,-10.62,-10.85,-8.12,-8.5,-4.17,-4.27,7,3,1,0,0,0,0,0,0,0,1,7,282,175,157,124,151,45,38,33,70,89,170,295,0,2,6,9,3,45,34,48,33,16,0,0,129,180,245,275,269,388,399,418,353,342,218,111,38.067,49.981,89.207,109.816,122.701,155.833,150.561,137.571,96.837,84.859,53.894,38.898,25,28,30,29,30,30,31,31,30,30,26,20,1,0,0,0,0,0,0,0,0,0,0,0,123,30,38,34,8,1,0,1,7,17,40,10,67,68,58,59,60,54,58,58,63,54,54,72,-52.4,10.7,19.2,22.3,15.5,24.7,30.2,26.8,39.2,16.4,-28.1,-43.8,9,11.9,13.3,14.4,13.6,17.9,17.9,18.5,16.7,16,12.6,8.4,14.1,16.9,20.2,21.1,20,25.7,25.1,25.6,22.8,23.8,20.1,15.2,3.9,6.9,6.4,7.7,7.1,10.1,10.7,11.4,10.7,8.2,5.1,1.6
468996,1931,4,8,"193104","193005",0,0,103.298,61.682,83.185,108.28,119.091,108.931,81.128,78.597,16.882,53.693,0.77,2.25,-9.12,-3.15,-3.92,-6.71,-7.72,-7.81,-6.48,-8.03,-4.08,-7.66,2,1,0,0,0,0,0,0,0,0,0,2,137,103,67,61,112,38,14,11,47,52,78,153,12,13,35,33,9,53,83,105,52,38,25,9,269,265,361,363,311,403,472,496,395,401,333,250,56.32,60.764,105.202,108.218,103.31,109.403,119.832,110.012,82.403,82.213,65.606,55.722,31,28,31,30,31,30,31,31,30,31,30,31,0,0,0,0,0,0,0,0,0,0,0,0,79,89,2,47,20,1,1,1,1,4,49,2,65,71,62,70,75,78,77,78,79,69,62,63,-54.8,11.4,19.3,19.6,23.5,20.4,39.4,31.7,42,19.1,-27.7,-44.9,14.1,14.9,17.1,17.3,15,18.5,20.2,21,18.2,17.9,16.5,13.5,19.7,19.6,23.5,22.2,18.9,22,24,24.6,21.6,23.1,22.8,20.2,8.5,10.2,10.8,12.4,11.1,14.9,16.4,17.4,14.7,12.8,10.2,6.8
2449627,1932,1,8,"193201","193102",0,0,115.17,64.962,139.833,165.698,205.565,171.659,128.314,85.695,0,0,0.09,3.9,-11.2,-4.34,-10.07,-12.95,-19.36,-16.62,-13.71,-10.57,0.09,9.17,6,2,0,0,0,0,0,0,0,0,1,4,275,123,73,47,27,16,1,1,18,35,161,223,0,9,34,47,78,96,263,223,116,67,6,3,138,244,358,389,461,470,664,624,488,441,235,177,51.115,67.729,118.816,139.116,158.57,169.63,206.324,179.531,136.822,102.68,61.334,49.221,23,28,31,30,31,30,31,31,30,31,28,27,0,0,0,0,0,0,0,0,0,0,0,0,59,117,4,74,19,4,1,8,9,17,81,158,59,62,52,55,59,56,55,56,54,56,57,50,-53.8,13.4,22,24.2,14.8,25.3,29,29.7,41.1,17.9,-27.4,-44.3,9.3,14,16.8,18.2,19.9,20.7,26.5,25.2,21.3,19.3,13,10.7,15.7,20.2,25.1,25.9,26.9,28.3,34.8,33.1,29.5,26.8,19.9,17.1,2.8,7.7,8.5,10.4,13,13.1,18.2,17.3,13.2,11.7,6,4.4
468995,1932,3,15,"193203","193104",14.57,0,80.44,65.585,90.306,97.503,97.802,85.72,91.264,72.144,0,0,-1.92,6.95,-5.93,-3.39,-5.22,-6.02,-6.51,-6.15,-7.67,-6.94,-0.41,3.44,4,2,1,0,0,0,0,0,0,0,1,3,230,157,126,67,40,29,5,6,22,44,147,209,1,3,10,29,52,67,131,132,100,49,5,3,171,200,280,352,424,425,531,532,468,417,248,191,51.228,54.884,90.162,100.043,98.748,98.677,98.644,87.96,92.359,77.01,53.743,47.185,28,28,31,30,31,30,31,31,30,31,30,30,0,0,0,0,0,0,0,0,0,0,0,0,37,123,10,34,8,1,1,2,1,5,56,90,67,74,68,74,82,83,86,87,78,75,71,56,-53.1,11.1,17.6,18.3,25.4,18.5,43,32.9,42.7,20,-25.9,-43.8,10.7,12.6,14.5,16.9,18.7,19.2,22.2,22.2,20.6,18.5,13.5,11.4,16,16.7,19.7,21.1,21.6,22,24.5,24.3,24.3,22.6,18.2,16.3,5.5,8.5,9.3,12.8,15.9,16.5,19.9,20.1,17,14.4,8.9,6.5
2440492,1932,3,25,"193203","193104",0,0,103.756,69.136,149.647,173.199,208.916,172.744,132.035,83.71,0,0,0.32,15.48,-9.54,-4.88,-11.24,-14.06,-20.03,-16.93,-14.39,-10.43,-0.18,8.73,7,3,1,0,0,0,0,0,0,0,1,5,296,196,116,54,29,17,1,2,19,41,177,246,0,1,15,41,73,95,257,217,112,57,4,2,122,168,297,377,454,469,658,617,483,424,217,158,50.008,60.905,110.214,140.048,162.949,176.277,209.117,180.37,139.064,102.708,60.437,48.085,21,25,30,30,31,30,31,31,30,31,27,25,1,0,0,0,0,0,0,0,0,0,0,1,57,221,6,71,13,3,0,8,7,19,77,151,59,62,53,53,57,53,53,55,52,55,57,49,-53.6,13.3,21.6,24.7,14.3,26.2,29,29.8,41.1,17.9,-27.3,-44.2,8.6,11.1,14.9,17.7,19.7,20.6,26.3,25,21.1,18.7,12.4,10,15.1,17.2,22.9,25.8,27.2,28.9,34.9,33,29.6,26.5,19.4,16.4,2.1,5.1,6.9,9.7,12.3,12.4,17.7,16.9,12.6,10.9,5.3,3.6
3904069,1932,4,30,"193204","193105",0,0,95.348,107.973,114.347,127.323,145.307,122.356,99.219,79.772,2.379,0,-0.63,11.21,-8.03,-7.65,-7.19,-8.45,-10.88,-9.5,-8.79,-8.5,-1.56,8.53,5,2,1,0,0,0,0,0,0,0,1,3,243,159,99,94,31,25,2,4,26,37,143,200,0,3,19,16,66,75,191,162,88,61,7,4,160,199,314,313,447,437,592,563,452,436,253,200,48.835,57.463,99.253,118.013,126.868,128.711,145.307,127.548,104.254,84.964,56.18,45.616,27,28,31,30,31,30,31,31,30,31,30,30,0,0,0,0,0,0,0,0,0,0,0,0,50,172,4,10,13,1,0,5,5,5,54,144,65,69,62,61,72,72,73,74,70,69,65,57,-53.3,11.8,19,22.5,19.3,21.2,35.8,31.2,41.8,18.9,-26.8,-44,10.3,12.5,15.6,15.6,19.5,19.6,24.1,23.2,20.1,19.1,13.7,11.8,15.7,17.4,21.8,22,24,24.2,28.7,27.6,25.1,24.3,19.2,16.8,4.9,7.7,9.4,9.2,14.9,14.9,19.6,18.8,15.1,13.9,8.1,6.7
468997,1932,7,15,"193207","193108",0,0,61.965,77.344,88.467,106.16,107.334,105.214,94.175,65.714,2.693,0,5.37,4.28,-4.66,-4.54,-4.53,-6.14,-6.18,-6.93,-8.01,-6.77,-1.73,12.15,8,5,2,1,0,0,0,0,0,0,2,7,309,236,182,204,161,117,111,88,94,136,229,285,0,0,0,0,0,11,7,14,23,0,0,0,103,121,213,191,258,284,297,330,319,283,157,116,39.968,49.826,84.021,94.762,98.778,107.259,107.822,106.338,95.421,73.974,49.01,35.717,23,24,29,28,31,30,31,31,29,30,25,26,1,0,0,0,0,0,0,0,0,0,0,1,96,93,22,17,10,1,0,1,1,8,46,165,66,65,62,63,73,72,73,70,64,62,60,56,-52.3,11.8,18.3,21.3,21.4,21,39.4,29.6,39.6,18.2,-26.8,-43.2,8.2,9.4,12.4,11.5,13.2,14.5,14.6,15.6,15.6,14.1,10.4,8.7,13.4,14.8,18.5,17.3,17.4,18.9,19,20.5,21.6,20.2,16.8,13.6,2.9,4.1,6.3,5.7,9,10,10.3,10.8,9.7,8,4,3.9
468998,1932,7,25,"193207","193108",0,0,31.048,3,53.39,110.172,108.59,107.591,80.476,0,0,0,10.91,0.95,-2,2.55,-1.27,-6.59,-6.3,-7.38,-6.77,1.05,3.29,31.01,10,7,2,2,0,0,0,0,0,1,2,9,334,263,199,237,196,120,140,114,152,183,246,316,0,0,0,0,0,10,4,8,10,0,0,0,83,97,191,153,217,279,263,293,249,231,142,91,33.732,46.268,77.137,81.709,92.412,112.448,111.13,110.845,84.414,64.297,41.262,27.53,21,20,29,27,30,30,31,31,28,29,24,25,2,0,0,1,0,0,0,0,0,0,1,3,146,58,46,79,39,2,3,3,4,79,90,344,66,62,62,67,73,68,67,63,63,62,62,61,-51.5,11.6,17.6,19.8,21.4,21.2,37.6,27.9,38.7,17.8,-26.3,-42.1,7.4,8.5,11.7,10.1,11.9,14.3,13.4,14.5,13.3,12.4,9.8,7.7,12.5,14.4,17.8,15.2,16.1,19.4,18.6,20.5,19.2,18.4,15.7,11.8,2.3,2.5,5.7,5,7.8,9.2,8.3,8.5,7.3,6.3,3.9,3.7
3224405,1932,8,3,"193207","193108",0,0,51.396,41.39,65.517,112.29,109.703,105.537,85.077,16.551,0,0,7.23,2.05,-4.19,-1.11,-2.24,-6.66,-6.35,-7.01,-7.11,-1.96,2.25,28.77,10,6,2,1,0,0,0,0,0,0,2,10,330,245,174,230,190,128,133,117,131,169,228,325,0,0,2,0,0,9,4,8,13,0,0,0,88,112,221,162,226,270,272,289,273,247,157,85,37.648,50.814,88.995,88.56,98.925,113.804,110.987,106.787,86.729,68.002,46.582,30.391,20,21,28,26,30,30,31,31,29,29,24,23,2,0,0,0,0,0,0,0,0,0,1,3,113,75,38,47,33,2,1,1,2,51,88,322,63,60,56,64,71,67,69,66,64,62,59,58,-52.3,12.4,19.6,21,20.4,21.8,38.1,28.8,39.1,17.9,-27,-42.5,7.5,9.1,12.7,10.4,12.1,14,13.8,14.3,14.1,12.9,10.4,7.4,13.2,15.4,19.9,16.1,16.8,19.3,18.8,19.8,19.8,19,17,11.9,1.8,2.8,5.5,4.7,7.5,8.8,8.7,8.9,8.3,6.8,3.8,2.9
468994,1932,8,25,"193208","193109",0,0,84.427,96.276,105.801,121.801,118.867,98.042,99.934,71.207,0,0,3.14,3.79,-6.97,-6.29,-5.93,-7.37,-7.08,-6.17,-8.46,-7.33,-1.26,12.31,7,4,1,1,0,0,0,0,0,0,1,4,285,196,154,174,146,109,92,91,77,98,196,238,0,0,3,0,2,12,10,13,30,9,0,0,122,153,245,223,274,295,322,327,342,329,188,155,47.962,58.669,98.338,106.607,110.594,122.907,118.867,98.582,101.173,81.721,58.395,45.16,22,25,29,28,30,30,31,31,30,31,25,26,1,0,0,0,0,0,0,0,0,0,0,1,85,101,14,10,5,1,0,1,1,11,64,183,60,62,56,60,69,65,69,75,63,62,55,49,-53.6,13.1,20.6,22.8,19.9,22.1,38,30.8,40.3,18.5,-27.4,-44.1,8.9,10.9,13.4,12.6,13.7,14.8,15.3,15.5,16.4,15.6,11.6,10.2,15.2,16.9,20.7,19.1,18.7,20.5,20.3,19.5,22.4,21.8,19,16.2,2.7,4.8,6.2,6.1,8.8,9.2,10.4,11.5,10.4,9.4,4.3,4.3
1368035,1933,4,12,"193304","193205",0,18.316,0,86.804,94.196,130.32,129.32,120.235,101.858,71.912,29.417,0,12.83,-1.97,3.08,-5.82,-5.19,-8.69,-8.5,-8.91,-9.85,-8.15,-5.63,4.21,11,6,2,1,0,0,0,0,0,0,0,12,344,250,199,186,134,71,60,57,49,101,118,349,0,0,0,0,6,26,20,27,50,12,11,0,81,111,195,209,288,344,363,374,390,326,279,73,30.605,47.11,70.444,94.287,108.166,131.651,130.699,121.592,103.319,74.737,51.584,31.105,24,22,30,28,31,30,31,31,30,31,30,20,3,0,0,0,0,0,0,0,0,0,0,1,158,29,87,7,14,1,1,1,1,3,22,75,75,65,70,64,70,63,65,64,62,63,63,78,-50.2,11.5,15.7,20.8,18.8,22,34.3,28.1,39,17.5,-27.7,-42.6,7,8.9,11.7,12.2,14.2,16.5,16.7,17,18,15.5,14.6,6.7,10.8,14.3,16.4,17.8,19,22.5,22.5,23,24.4,21.6,20.6,11.5,3.3,3.5,7,6.5,9.4,10.5,10.9,11.1,11.7,9.3,8.7,1.8
468993,1933,8,15,"193308","193209",0,19.6,0,73.821,52.268,86.8,102.818,79.9,77.911,59.646,28.687,0,10.6,-2.28,2.24,-4.46,-1.38,-4.65,-5.94,-4.93,-6.4,-6.07,-5.32,2.9,9,5,2,1,0,0,0,0,0,0,0,9,312,230,186,202,213,149,104,109,89,128,113,321,0,0,0,0,0,5,8,9,25,2,10,0,100,124,207,191,198,240,304,300,326,293,283,89,32.088,47.461,68.24,80.754,81.739,89.145,103.386,81.119,79.891,63.664,51.072,32.705,26,24,31,29,30,30,31,31,30,31,30,22,2,0,0,0,0,0,0,0,0,0,0,1,140,28,76,7,29,2,1,1,2,4,22,66,75,67,73,72,78,78,75,81,73,70,65,79,-50.6,11.2,15,18.4,25,20,40.1,31,39.6,18.5,-27.5,-42.9,8.1,9.6,12.2,11.5,11.2,13,14.9,14.7,15.8,14.4,14.9,7.6,11.8,14.8,16.5,15.8,14.6,16.4,18.9,17.8,20.1,19.1,20.6,12.5,4.3,4.5,8,7.2,7.9,9.6,10.9,11.7,11.6,9.7,9.2,2.6
3492727,1933,9,2,"193308","193209",0,17.072,0,86.982,78.931,118.046,143.949,119.685,104.407,72.424,28.995,0,13.03,-1.79,3.67,-5.86,-3.56,-7.39,-10.19,-8.98,-10.3,-8.29,-5.57,4.56,12,6,2,1,0,0,0,0,0,0,0,12,348,255,204,188,187,102,38,45,46,99,121,355,0,0,0,0,0,14,35,36,53,13,11,0,78,108,191,206,230,303,400,395,397,328,275,69,30.146,46.492,69.869,94.551,106.016,121.771,144.893,121.622,105.907,75.316,51.178,30.618,24,22,30,28,30,30,31,31,30,31,30,20,3,0,0,0,0,0,0,0,0,0,0,1,159,29,93,8,27,4,1,2,1,3,22,78,75,66,70,64,67,65,61,65,61,62,64,79,-50,11.4,15.7,20.9,19.4,22.7,31.4,28.2,38.9,17.4,-27.6,-42.6,6.9,8.8,11.6,12.1,12.3,15.1,17.9,17.7,18.2,15.6,14.5,6.5,10.6,14.1,16.3,17.8,17.5,20.7,24.5,23.5,24.8,21.8,20.4,11.3,3.2,3.5,6.9,6.3,7,9.5,11.3,12,11.6,9.3,8.6,1.7
3550026,1934,3,12,"193403","193304",0,0,83.068,92.62,84.921,125.087,151.383,126.273,96.221,44.11,52.818,0,-0.36,7.35,-7.38,-6.36,-4.03,-8,-10.97,-9.63,-8.84,-6.05,-8.14,10.59,6,3,1,1,0,0,0,0,0,0,1,7,274,186,127,188,185,97,31,42,72,64,157,285,0,0,10,0,0,16,43,39,33,30,4,0,131,168,275,207,233,309,415,400,351,379,235,120,35.275,46.42,86.623,98.927,110.044,127.335,151.946,127.623,98.62,82.355,54.467,28.991,28,28,31,28,29,30,31,31,30,31,28,28,0,0,0,0,0,0,0,0,0,0,0,1,39,126,4,6,25,2,1,1,2,38,2,142,73,72,63,61,65,63,58,63,62,60,56,65,-51.5,10,17.8,21.8,18.6,23.3,30.1,27.8,39.3,16.9,-28.1,-42.3,9.3,11.5,14.5,12.1,12.4,15.3,18.4,17.9,16.7,17.2,13.1,8.7,13.5,15.8,20.4,18.3,17.9,21.4,25.5,24.2,22.9,23.9,20.3,12.3,5.1,7.2,8.5,5.9,6.8,9.3,11.3,11.6,10.4,10.6,6,5.2
468990,1934,3,26,"193403","193304",46.277,13.414,102.341,63.945,111.108,162.135,180.3,163.555,127.394,103.62,72.939,1.228,-6.92,-2.51,-9.73,-3.16,-6.35,-12.24,-14.82,-14.33,-12.5,-12.37,-11.59,-2.66,3,1,0,0,0,0,0,0,0,0,0,3,182,111,68,133,112,28,4,5,26,33,84,189,6,11,36,8,12,69,150,145,89,69,26,6,219,256,363,268,312,428,551,546,452,447,328,215,68.299,74.032,122.34,118.009,136.721,164.279,181.523,164.726,128.56,109.201,83.113,61.374,25,28,31,29,30,30,31,31,30,31,28,26,0,0,0,0,0,0,0,0,0,0,0,0,22,61,20,54,26,2,1,1,1,6,10,60,50,59,52,58,59,56,57,58,58,55,46,58,-56.3,14.3,22.2,23.5,19.6,25.4,33.6,31.7,42.3,18.7,-28.5,-44.9,12.4,14.5,17.1,14.1,15,19.3,22.8,22.6,20.1,19.5,16.2,12.2,20.7,21.1,25.3,20.9,21.7,26.9,30.3,29.9,27.4,27.3,25.6,20.1,4,7.8,8.9,7.2,8.3,11.7,15.3,15.3,12.8,11.6,6.7,4.2
3792171,1934,4,24,"193404","193305",0,0,79.15,89.905,78.358,114.068,135.553,111.535,85.827,33.304,51.464,0,-0.29,7.71,-7.02,-6.39,-3.5,-6.98,-9.18,-7.99,-7.52,-4.74,-7.91,10.14,5,2,1,0,0,0,0,0,0,0,1,6,253,168,111,110,184,105,45,54,80,60,140,269,0,1,13,11,0,13,29,29,29,32,5,0,147,183,292,291,234,299,387,379,339,386,253,132,33.659,44.659,84.426,105.763,104.01,117.016,136.512,113.043,89.551,78.331,52.959,26.885,30,28,31,30,30,30,31,31,30,31,29,30,0,0,0,0,0,0,0,0,0,0,0,1,40,128,5,16,26,3,1,2,4,45,1,136,76,75,66,63,68,68,64,69,68,64,60,67,-51.1,9.3,17,21.1,19.8,22.3,33.1,28.8,39.5,17.2,-27.9,-42,10,12.2,15.1,15,12.4,15,17.5,17.2,16.3,17.5,13.8,9.3,13.6,16,20.5,20.9,17.4,20.2,23.5,22.3,21.5,23.5,20.4,12.2,6.4,8.4,9.6,9,7.4,9.8,11.5,12.1,11,11.4,7.2,6.3
3377055,1934,5,27,"193405","193306",0,0,0,42.596,60.739,124.171,157.863,140.257,82.329,16.762,33.788,0,9.22,8.78,2.9,-1.97,-2.02,-8.15,-12.17,-12.04,-8.31,-3.96,-6.05,34.08,5,3,1,0,0,0,0,0,0,0,2,7,251,189,137,144,108,101,31,40,89,100,207,286,0,0,9,6,12,15,43,41,24,14,0,0,150,164,262,251,316,305,415,405,325,326,175,120,32.557,44.898,79.836,103.193,123.533,129.927,158.696,141.954,101.209,77.381,44.188,23.953,29,27,31,29,31,30,31,31,29,30,25,29,1,0,0,0,0,0,0,0,0,0,0,2,140,144,104,61,63,6,1,2,19,61,10,375,72,69,64,59,62,60,53,53,55,55,58,70,-51.5,9.9,17,21.8,13.3,22,26.2,24.6,37.9,15.9,-27.2,-41.4,10,11.4,14.1,13.7,15.1,15.2,18.4,18,15.8,15.5,11.1,8.7,14.3,16.2,19.9,20.3,21.3,21.7,26.4,26.2,23.5,23.1,17.9,11.9,5.8,6.5,8.2,7,9,8.6,10.3,9.9,8.2,7.9,4.3,5.5
3417594,1934,9,18,"193409","193310",0,0,78.299,90.216,108.918,105.527,137.66,121.167,101.168,31.254,50.998,0,-0.01,8.45,-6.94,-6.48,-6.68,-6.26,-9.48,-9.16,-10.17,-4.72,-7.85,11.24,6,3,1,0,0,0,0,0,0,0,1,6,262,176,119,115,91,74,44,43,48,59,146,279,0,0,12,10,16,25,29,37,52,34,5,0,140,175,283,286,337,341,389,398,394,388,246,124,32.968,43.767,83.689,106.754,123.793,124.461,138.556,123.349,109.785,79.621,52.452,26.193,29,28,31,30,31,30,31,31,30,31,29,29,0,0,0,0,0,0,0,0,0,0,0,1,41,134,5,17,15,19,1,2,9,48,1,146,76,76,66,62,65,67,63,65,58,63,60,68,-50.9,9.2,17,21.4,15.2,23.2,32.7,28,38.7,17,-27.8,-41.9,9.7,11.9,14.7,14.8,15.8,16.4,17.5,17.8,18.1,17.5,13.5,8.9,13.3,15.7,20.2,20.9,21.5,21.8,23.7,23.7,25.3,23.7,20.1,11.8,6.1,8.1,9.3,8.6,10.1,11,11.3,11.9,11,11.3,7,6
3444193,1935,1,6,"193412","193401",8.356,0,102.414,138.313,159.319,176.035,217.481,194.642,140.001,74.32,0,0,-0.93,2.05,-10.05,-12.43,-12.86,-14.79,-21.45,-20.93,-17.57,-10,-0.52,0.96,10,3,1,0,0,0,0,0,0,0,1,8,326,192,93,52,26,12,1,2,13,57,179,305,0,2,24,43,80,112,223,209,138,40,3,0,100,172,327,378,464,495,624,610,514,392,214,109,34.273,51.107,102.471,139.854,174.249,182.414,217.729,195.064,146.603,92.582,48.135,34.027,23,27,31,30,31,30,31,31,30,31,28,23,0,0,0,0,0,0,0,0,0,0,0,0,26,79,0,2,15,6,0,0,7,18,62,51,70,66,55,50,50,51,45,45,45,52,63,71,-51.2,11.2,20.2,25,7,28.3,20.6,23.8,37.6,16,-27.1,-43.1,7.6,11.3,15.9,17.8,20,21.5,25.2,24.7,22.2,17.7,12.3,8.1,12.1,16.6,23.5,26.6,28.9,30.3,35.5,35,32.4,25.9,18.2,13.2,3.1,6,8.2,9.1,11.2,12.7,14.9,14.4,12,9.4,6.3,2.9
3262100,1935,1,10,"193501","193402",0,0,102.782,140.305,157.58,168.179,214.568,190.865,141.012,77.814,0,0,4.76,1.22,-10.05,-12.69,-12.72,-13.97,-20.83,-20.05,-17.52,-10.15,-1.58,0.88,10,3,1,0,0,0,0,0,0,0,1,8,333,188,89,48,23,11,1,2,13,58,178,306,0,2,25,47,88,118,219,202,139,39,3,0,95,175,332,387,475,502,620,602,516,390,215,109,34.093,51.463,102.959,141.987,175.863,182.447,215.136,191.359,146.53,91.867,48.387,34.115,23,27,31,30,31,30,31,31,30,31,28,23,1,0,0,0,0,0,0,0,0,0,0,0,81,71,0,2,18,14,1,0,6,14,52,50,70,66,55,49,50,51,46,46,45,53,63,72,-51.1,11.2,20.2,25.2,6.4,28.2,20.6,23.9,37.4,16.1,-27.1,-43.1,7.4,11.4,16,18.1,20.4,21.7,25,24.5,22.2,17.6,12.3,8,11.8,16.7,23.6,27,29.3,30.4,35.2,34.5,32.4,25.7,18.3,13.2,2.9,6.1,8.4,9.3,11.6,13.1,14.9,14.5,12.1,9.5,6.4,2.9
3335398,1935,2,8,"193502","193403",0,28.202,102.782,140.305,157.58,168.179,214.568,190.865,141.012,77.814,0,0,4.76,-3.13,-10.05,-12.69,-12.72,-13.97,-20.83,-20.05,-17.52,-10.15,-1.58,0.88,10,5,1,0,0,0,0,0,0,0,1,8,333,233,89,48,23,11,1,2,13,58,178,306,0,0,25,47,88,118,219,202,139,39,3,0,95,131,332,387,475,502,620,602,516,390,215,109,34.093,48.837,102.959,141.987,175.863,182.447,215.136,191.359,146.53,91.867,48.387,34.115,23,24,31,30,31,30,31,31,30,31,28,23,1,0,0,0,0,0,0,0,0,0,0,0,81,21,0,2,18,14,1,0,6,14,52,50,70,65,55,49,50,51,46,46,45,53,63,72,-51.1,11.5,20.2,25.2,6.4,28.2,20.6,23.9,37.4,16.1,-27.1,-43.1,7.4,9.5,16,18.1,20.4,21.7,25,24.5,22.2,17.6,12.3,8,11.8,15,23.6,27,29.3,30.4,35.2,34.5,32.4,25.7,18.3,13.2,2.9,4.1,8.4,9.3,11.6,13.1,14.9,14.5,12.1,9.5,6.4,2.9
3366934,1935,2,9,"193502","193403",0,10.939,96.54,113.489,133.526,122.171,146.555,136.422,112.275,49.004,0,0,7.36,-1.85,-8.61,-8.46,-8.87,-7.62,-10.26,-10.52,-10.5,-5.89,0.72,1.67,4,2,1,0,0,0,0,0,0,0,0,2,212,161,86,87,66,78,22,21,40,63,122,168,2,3,22,17,26,22,60,71,62,27,7,5,182,196,328,322,373,334,441,452,412,381,273,230,51.29,63.437,103.647,118.111,136.925,127.857,146.611,136.795,114.818,91.784,59.658,49.887,28,27,31,30,31,30,31,31,30,31,30,31,0,0,0,0,0,0,0,0,0,0,0,0,137,52,7,5,3,6,0,0,3,43,87,86,63,62,60,61,63,66,64,64,61,59,63,59,-54.1,13.3,19.7,22.4,16,24,34.2,29.7,40.6,18.3,-27.3,-44.5,11.2,12.5,16.2,15.9,17,16.2,19.2,19.6,18.7,17.3,14.5,12.9,17,18.6,22.8,22.3,23.2,21.7,25.2,25.7,25.4,24.1,20.6,18.7,5.4,6.4,9.5,9.5,10.9,10.6,13.2,13.5,12.1,10.4,8.4,7.1
468991,1935,2,15,"193502","193403",0,0,97.06,118.185,140.43,107.405,143.917,128.395,114.379,79.957,9.74,0,0.38,3.77,-8.47,-8.76,-9.59,-6.42,-10.23,-9.75,-10.77,-8.83,-3.06,-0.28,2,2,0,0,0,0,0,0,0,0,0,1,170,124,63,54,33,42,6,6,16,33,87,129,7,8,38,37,62,49,129,129,126,64,22,15,232,239,368,375,443,395,530,530,500,445,321,278,55.724,66.515,111.575,119.138,141.869,115.696,144.612,130.614,119.158,97.571,68.141,55.951,31,28,31,30,31,30,31,31,30,31,30,31,0,0,0,0,0,0,0,0,0,0,0,0,69,109,15,1,1,8,1,2,5,18,58,72,66,65,60,66,66,75,71,72,66,63,61,58,-54,13,20,21.1,18.5,23,37.3,32.3,42.4,19.1,-27.3,-44.5,12.8,13.9,17.4,17.7,19.3,18.2,22.1,22.1,21.7,19.4,16,14.4,18.2,19.5,24.1,23.3,25,22.2,27.1,26.8,27.5,25.7,22.5,20.2,7.4,8.4,10.7,12,13.7,14.2,17.2,17.4,15.9,13.1,9.6,8.6
468964,1935,2,19,"193502","193403",0,0,95.866,116.261,138.245,104.454,140.099,124.927,112.088,78.815,8.628,0,0.41,3.83,-8.29,-8.56,-9.37,-6.18,-9.85,-9.38,-10.45,-8.62,-2.88,-0.17,2,2,0,0,0,0,0,0,0,0,0,1,168,123,63,54,33,42,6,7,16,33,86,128,7,8,38,37,62,48,126,126,125,64,22,15,234,241,368,375,442,394,527,527,499,445,321,280,55.044,65.679,110.055,117.176,139.623,112.803,140.792,127.126,116.887,96.051,67.318,55.349,31,28,31,30,31,30,31,31,30,31,30,31,0,0,0,0,0,0,0,0,0,0,0,0,68,108,14,1,1,8,1,2,5,17,59,72,67,66,61,67,67,76,72,73,67,64,62,59,-53.9,12.8,19.7,20.7,18.8,22.7,37.8,32.4,42.5,19.2,-27.2,-44.5,12.9,14,17.4,17.7,19.3,18.2,22,22,21.7,19.4,16.1,14.5,18.1,19.4,23.9,23.1,24.8,22,26.7,26.5,27.2,25.5,22.3,20.1,7.6,8.6,10.9,12.3,13.8,14.3,17.3,17.5,16.1,13.3,9.8,8.9
3562157,1935,3,10,"193503","193404",0,21.421,0,101.108,108.027,82.295,115.552,107.251,98.687,40.588,0,9.429,1.7,-2.6,2.75,-6.89,-6.19,-3.97,-6.91,-7.07,-8.25,-4.19,-1.41,-2.73,4,3,4,0,0,0,0,0,0,0,1,3,237,181,250,127,107,122,72,66,78,87,138,189,0,0,0,6,9,10,15,22,29,11,0,0,160,171,148,274,318,278,346,361,340,344,253,203,49.171,59.818,75.46,103.54,116.076,97.228,115.552,108.06,99.439,80.471,55.594,48.354,27,26,27,30,31,30,31,31,30,31,30,30,0,0,0,0,0,0,0,0,0,0,0,0,76,38,82,2,8,15,0,1,1,40,57,39,64,63,66,66,69,77,72,72,65,65,65,56,-53.7,12.9,17.5,20.8,18.8,22.1,38.6,30.3,40.3,18.8,-27,-44.4,10.5,11.7,10,14.3,15.2,14.3,16.1,16.6,16.3,16.1,13.9,12.1,16.2,17.5,15.3,19.7,20.1,17.9,20.6,21.1,22.1,21.8,19.5,18,4.8,5.9,4.7,8.8,10.3,10.6,11.7,12.1,10.6,10.3,8.3,6.3
3563575,1935,3,18,"193503","193404",0,1.509,36.376,141.599,176.287,153.898,213.733,179.991,140.519,68.94,37.639,0,0.77,-1.27,-1.92,-12.52,-14.63,-11.81,-21.04,-18.92,-16.74,-9.83,-6.72,-1.31,4,2,3,0,0,0,0,0,0,0,0,2,233,164,225,54,31,33,1,2,10,33,110,180,3,4,0,40,67,61,225,218,156,67,15,6,175,198,180,376,448,415,626,618,538,445,293,224,53.309,66.948,88.267,143.383,177.404,165.214,214.79,192.981,148.395,108.123,67.06,52.017,26,26,26,30,31,30,31,31,30,31,29,30,0,0,0,0,0,0,0,0,0,0,0,0,75,65,52,2,1,11,1,13,8,39,29,61,60,59,58,52,50,54,49,50,51,53,56,57,-54.2,14,19.6,25.2,13.1,29,29.5,30.1,41.1,17.7,-27.9,-44.6,10.7,12.3,10.8,17.7,19.5,18.9,25.2,25,23,19.4,15,12.5,17,19.1,17.5,26.1,28.4,26.8,34.7,34.2,31.8,27.7,22.2,18.7,4.3,5.6,4.1,9.3,10.6,10.9,15.7,15.8,14.2,11.1,7.8,6.3
3462399,1935,3,24,"193503","193404",0,15.357,49.59,156.287,178.736,180.792,230.147,206.554,156.012,87.062,13.69,1.673,0.98,-1.88,-3.22,-14.86,-15.28,-15.52,-24.05,-23.25,-19.59,-11.49,-3.23,-0.72,10,4,3,0,0,0,0,0,0,0,1,7,326,214,237,28,13,6,0,0,6,38,167,292,0,0,1,79,131,160,317,308,198,64,5,0,103,151,174,443,528,545,719,709,584,432,232,122,40.139,54.229,85.943,157.01,186.417,186.81,230.147,207.079,156.843,104.011,55.436,37.823,22,24,25,30,31,30,31,31,30,31,28,25,1,0,0,0,0,0,0,0,0,0,0,0,48,39,36,1,8,6,0,1,1,17,42,36,66,64,57,48,51,54,49,49,48,51,60,59,-52,12.4,19.8,26,7.9,28.2,22.8,25.7,38.5,16.7,-27.3,-43.4,7.6,10.2,10.4,19.9,22.2,23.2,28.2,27.9,24.5,19,12.8,8.5,12.7,15.8,17.4,29.2,31,31.5,38,37.5,34.2,27.5,19.2,13.5,2.5,4.6,3.5,10.6,13.4,14.9,18.5,18.4,14.9,10.4,6.3,3.5
2061482,1935,3,27,"193503","193404",0,0,0,117.774,160.627,170.855,216.727,199.765,140.055,52.901,0,0,11.07,3.12,2.9,-10.97,-13.49,-15.01,-21.92,-23.19,-18.71,-8.31,4.16,1.55,13,5,4,0,0,0,0,0,0,0,1,8,356,223,261,50,22,7,1,1,10,56,182,298,0,0,0,45,89,151,228,242,157,40,3,0,80,140,149,382,477,536,629,643,540,393,210,114,31.225,47.146,75.332,139.316,174.742,186.174,217.225,200.836,144.411,86.595,41.785,30.824,20,24,23,30,31,30,31,31,30,31,29,24,3,0,0,0,0,0,0,0,0,0,0,0,143,88,92,22,14,15,0,1,4,34,104,58,68,63,57,48,49,51,45,43,45,53,66,70,-50.9,11.1,18.5,24.9,5,28.2,18.1,21.4,36.7,15.3,-26.5,-42.7,6.6,9.9,9.7,18,20.5,22.9,25.3,25.8,23,17.7,12.2,8.3,11.4,15.6,16.5,27.1,29.5,31.7,35.8,36.7,33.3,25.8,17.5,13.4,1.8,4.2,2.9,8.9,11.4,14.1,14.8,14.9,12.7,9.6,6.8,3.2
469026,1935,3,29,"193503","193404",0,0,26.909,116.855,138.978,105.429,141.393,126.128,112.853,79.173,8.893,0,0.4,3.77,-0.44,-8.62,-9.44,-6.26,-9.97,-9.5,-10.55,-8.68,-2.92,-0.2,2,2,2,0,0,0,0,0,0,0,0,1,170,124,184,54,33,42,6,7,16,33,87,129,7,8,2,37,62,48,127,127,125,64,22,15,233,240,217,375,442,394,528,527,499,445,321,279,55.213,65.917,82.683,117.777,140.359,113.778,142.088,128.334,117.637,96.534,67.52,55.498,31,28,30,30,31,30,31,31,30,31,30,31,0,0,0,0,0,0,0,0,0,0,0,0,68,108,56,1,1,8,1,2,5,17,59,72,67,66,68,67,67,76,72,73,67,63,62,59,-53.9,12.8,17.3,20.9,18.7,22.8,37.6,32.3,42.5,19.2,-27.3,-44.5,12.8,13.9,12.3,17.7,19.3,18.2,22,22,21.7,19.4,16,14.4,18.2,19.4,17.3,23.2,24.9,22,26.8,26.6,27.3,25.6,22.4,20.1,7.5,8.5,7.3,12.2,13.8,14.3,17.2,17.5,16,13.2,9.7,8.8
3525429,1935,4,16,"193504","193405",0,21.396,0,39.184,132.56,116.486,139.733,130.705,112.337,52.249,0,0,3.9,-2.77,2.57,-0.59,-8.61,-6.92,-9.3,-9.6,-10.24,-6.03,-0.01,-1.36,4,3,4,0,0,0,0,0,0,0,1,2,234,171,253,151,71,84,31,31,48,71,138,182,0,1,0,3,24,20,43,52,51,21,3,3,166,184,149,248,366,326,415,424,393,367,254,214,52.344,63.375,80.865,103.126,135.975,125.387,139.87,132.074,114.107,91.995,60.142,52.13,26,26,25,29,31,30,31,31,30,31,29,29,0,0,0,0,0,0,0,0,0,0,0,0,103,42,85,64,3,9,0,1,2,40,79,60,60,61,61,65,63,66,65,64,60,58,60,54,-54.3,13.5,18.8,21.3,15.7,24.1,34.9,29.6,40.3,18.3,-27.4,-44.7,10.6,12.1,9.9,13.4,16.8,15.9,18.4,18.7,18.1,16.8,13.9,12.4,16.9,18.4,16,19.1,22.9,21.4,24.1,24.6,24.9,23.9,20.3,19,4.3,5.8,3.8,7.7,10.7,10.5,12.6,12.7,11.3,9.8,7.4,5.9
3433650,1935,4,29,"193504","193405",0,10.5,0,0,108.201,80.674,137.737,122.746,95.939,34.508,0,0,22.98,-2.01,8.65,10.08,-6.38,-3.53,-9.23,-8.99,-9.41,-4.53,9.21,9.39,6,4,4,1,0,0,0,0,0,0,1,4,264,196,259,167,104,92,58,62,66,110,160,237,0,0,0,0,11,17,21,24,36,5,0,0,137,151,139,229,321,315,366,367,360,314,228,154,42.594,56.558,79.28,102.559,130.251,126.569,139.409,125.277,114.591,82.053,52.795,41.783,26,24,24,29,31,30,31,31,29,30,28,26,2,0,0,0,0,0,0,0,0,0,0,0,284,46,149,174,22,46,2,3,19,48,168,156,64,60,58,61,61,64,61,62,53,57,60,66,-53.2,12.8,19.1,22,13.9,24.5,32.6,27.9,38.5,17.3,-27.5,-44.1,9.6,10.9,9.7,12.8,15.3,15.5,16.8,16.8,17,15.1,13,10.3,15.2,17.2,16.3,19.1,21.7,21.4,23.2,23.1,25,22.3,19.4,16.4,4.1,4.5,3.1,6.6,8.9,9.7,10.3,10.5,9,7.9,6.6,4.1
3306212,1935,5,15,"193505","193406",0,0,0,0,118.32,72.406,147.242,128.72,92.361,18.868,0,0,30.57,-0.31,12.59,14.74,-7.36,-2.85,-10.48,-9.92,-9.26,-2.86,13.8,13.03,6,4,4,1,0,0,0,0,0,0,1,4,263,199,264,168,145,78,37,42,56,100,143,226,0,0,0,1,3,23,35,39,44,9,2,0,140,150,136,228,275,335,401,401,378,327,247,164,39.754,53.801,74.827,99.203,122.02,129.057,148.86,131.659,114.845,78.721,50.466,39.712,27,25,25,29,30,30,31,31,30,31,30,28,2,0,1,0,0,0,0,0,0,0,0,0,356,59,183,218,4,57,2,3,22,60,210,189,69,63,62,63,62,64,59,61,54,61,65,71,-52.5,12.2,18.1,21.3,15.7,24.1,30.6,27.4,38.4,17.6,-27.2,-43.8,9.7,10.8,9.6,12.8,13.8,16.2,17.9,17.9,17.6,15.5,13.7,10.6,14.5,16.6,15.5,18.7,20,22,24.8,24.5,25.4,22,19.3,16.1,4.8,4.9,3.6,6.9,7.6,10.4,11,11.4,9.8,9.1,8,5.2
468965,1935,6,15,"193506","193407",0,0,25.866,60.627,89.192,99.567,103.41,91.377,89.927,63.287,0,0,0.61,3.97,-0.38,-2.95,-5.04,-5.97,-6.64,-6.3,-7.6,-6.24,-1.18,0.49,2,1,2,0,0,0,0,0,0,0,0,1,163,120,180,98,77,46,10,12,21,40,88,123,7,8,2,15,22,44,100,99,105,52,20,16,238,242,221,309,357,386,492,489,474,427,319,285,49.621,59.461,72.877,87.977,92.09,100.313,104.089,92.825,94.362,80.832,60.535,50.506,31,28,31,30,31,30,31,31,30,31,30,31,0,0,0,0,0,0,0,0,0,0,0,0,62,100,47,27,3,1,1,1,4,18,63,70,73,72,75,78,82,81,83,84,77,73,69,65,-52.8,11.4,15.2,17.1,26.5,18.5,42.2,32.8,42.7,19.8,-26.6,-44.1,13.1,14.1,12.5,15.5,16.5,17.9,20.9,20.8,20.8,18.8,16,14.7,17.3,18.5,16.3,19,19.3,20.9,23.6,23.3,24.6,23.3,21.1,19.3,8.8,9.7,8.6,12,13.7,14.8,18.2,18.2,17,14.3,10.9,10.1
468967,1936,1,16,"193601","193502",49.122,0,26.905,61.327,99.51,113.11,125.105,108.212,93.006,81.838,56.156,43.179,-6.33,2.35,-0.42,-2.84,-5.64,-6.95,-8.06,-7.71,-7.77,-8.06,-7.43,-6.26,2,2,2,0,0,0,0,0,0,0,1,2,175,140,202,120,94,49,19,9,31,67,146,171,6,5,0,9,15,41,65,114,78,27,4,7,225,221,197,283,334,380,447,508,437,374,248,232,60.898,64.165,79.014,94.346,102.296,113.792,125.105,113.154,94.606,84.036,66.478,56.797,29,28,30,30,31,30,31,31,30,31,28,30,0,0,0,0,0,0,0,0,0,0,0,0,12,91,52,33,3,1,0,5,2,2,10,14,59,66,69,73,77,75,74,78,75,67,56,65,-55.2,12.8,16.9,18.7,24.7,19.8,39.5,32.5,42.7,19.5,-27.3,-44.7,12.6,13.3,11.6,14.6,15.7,17.7,19.4,21.4,19.6,17.1,13.6,12.8,19.3,18.8,16.5,18.8,19.3,21.7,23.7,25.1,23.7,22.5,20.8,19.5,6,7.8,6.8,10.3,12.1,13.7,15.2,17.7,15.5,11.7,6.3,6.1
468968,1936,1,28,"193601","193502",43.528,0,31.479,68.881,100.416,113.295,123.581,108.852,94.741,83.721,56.27,36.304,-5.61,4.29,-0.87,-3.59,-5.81,-7.02,-8.02,-7.87,-8.05,-8.32,-7.19,-5.37,2,1,2,0,0,0,0,0,0,0,1,2,163,122,180,98,76,40,14,6,22,49,138,157,7,8,2,15,22,50,82,132,100,42,6,9,239,241,221,310,358,398,470,533,468,406,257,248,61.018,63.362,78.873,97.934,102.444,114.138,124.218,113.514,96.363,85.801,65.954,56.571,30,28,31,30,31,30,31,31,30,31,29,31,0,0,0,0,0,0,0,0,0,0,0,0,17,109,47,29,2,1,1,5,2,2,10,20,61,69,71,73,78,76,76,79,76,69,59,67,-54.9,12.2,16.4,18.8,24.8,19.4,39.8,32.6,42.8,19.7,-27,-44.5,13.1,14,12.5,15.5,16.5,18.3,20.2,22.2,20.6,18.1,13.9,13.4,19.4,19,17,19.8,20,22.1,24.2,25.7,24.6,23.3,20.6,19.5,6.8,9,8,11.2,13.1,14.4,16.2,18.7,16.7,12.9,7.1,7.2
468970,1936,2,6,"193601","193502",51.131,0,13.194,69.507,124.512,151.048,171.416,150.443,125.039,98.103,56.355,41.323,-7.12,4.47,0.79,-3.69,-7.78,-10.79,-13.23,-12.81,-12.34,-10.96,-8.35,-6.73,3,2,3,0,0,0,0,0,0,0,1,2,178,145,209,116,85,32,9,4,19,56,141,174,6,5,0,11,19,61,103,157,109,37,7,7,224,217,192,287,346,416,496,557,480,393,255,230,64.737,69.567,87.963,111.872,129.661,151.91,171.909,158.078,126.972,100.785,72.102,60.546,27,27,28,30,31,30,31,31,30,31,27,28,0,0,0,0,0,0,0,0,0,0,0,0,14,122,75,42,5,1,0,8,2,3,16,19,53,59,61,63,65,61,57,62,60,56,50,59,-56,14.1,19.1,21.8,20.3,23.3,34.1,31.5,42.1,18.7,-27.9,-45,12.5,13.1,11.4,14.7,16.1,18.9,21,23,21,17.7,13.7,12.7,20.2,19.7,17.5,20.7,21.8,25.5,28.4,29.7,27.9,25.2,22.3,20.5,4.9,6.5,5.2,8.7,10.4,12.2,13.6,16.4,14.1,10.1,5.2,5
468971,1936,2,20,"193602","193503",51.865,0,19.863,75.673,138.418,173.062,194.898,171.974,141.167,105.921,61.284,42.126,-7.31,9.51,0.11,-4.37,-9.19,-13.58,-16.57,-16.06,-15.11,-12.34,-9.14,-7.02,3,2,2,0,0,0,0,0,0,0,1,2,190,169,206,105,67,18,5,2,13,51,144,180,5,3,1,15,29,91,142,198,139,42,7,7,213,192,196,301,373,462,542,598,516,402,253,224,66.446,66.302,91.324,119.65,143.889,174.101,195.86,179.403,142.912,108.25,74.912,62.643,25,26,27,30,31,30,31,31,30,31,25,26,0,0,0,0,0,0,0,0,0,0,0,0,15,166,71,44,5,1,1,7,2,2,14,21,50,61,59,60,60,54,51,55,54,51,46,56,-56.2,13.9,19.7,22.9,18.3,25,32,31.1,41.6,18.5,-28.1,-45.1,12.1,12.2,11.5,15.2,17,20.4,22.5,24.3,22.2,18,13.6,12.5,20.4,18.5,18,21.8,23.7,28.5,31.4,32.4,30.4,26.5,22.8,20.9,3.8,5.8,4.9,8.5,10.4,12.4,13.6,16.3,14,9.5,4.4,4.1
468972,1936,3,12,"193603","193504",46.124,0,62.579,79.92,129.025,154.377,174.478,152.565,127.144,101.344,63.786,39.834,-6.55,7.45,-4.56,-4.77,-8.28,-11.24,-13.71,-13.15,-12.65,-11.39,-8.98,-6.47,3,2,1,0,0,0,0,0,0,0,1,2,178,152,122,94,64,23,6,3,14,44,140,169,6,5,13,18,31,80,127,183,133,50,7,8,225,210,288,315,378,445,528,584,509,417,257,236,66.283,66.874,103.161,117.44,132.292,155.165,175.118,160.055,128.663,103.86,73.309,61.629,27,27,31,30,31,30,31,31,30,31,27,28,0,0,0,0,0,0,0,0,0,0,0,0,20,146,41,38,3,1,1,7,2,3,10,22,53,62,59,62,66,61,58,63,62,56,50,60,-56,13.6,20.1,22.2,20.2,22.9,34.2,31.8,42.3,18.9,-27.7,-44.9,12.5,12.8,14.6,15.6,17.2,19.9,22,23.9,22,18.5,13.8,12.9,20.3,18.9,21.4,21.8,22.7,26.4,29.3,30.3,28.6,26,22.3,20.6,4.7,6.8,7.9,9.5,11.6,13.3,14.8,17.4,15.4,11,5.3,5.2
468974,1936,3,17,"193603","193504",53.436,0,60.703,66.36,108.985,123.376,139.543,121.415,103.848,85.183,48.779,44.459,-7.03,10.93,-4.16,-3.34,-6.34,-7.85,-9.42,-9.03,-9.1,-8.77,-6.94,-6.6,2,2,1,0,0,0,0,0,0,0,1,2,167,161,143,121,98,47,18,9,31,61,141,166,7,2,7,9,13,44,69,116,78,31,5,7,234,196,261,282,328,385,453,511,438,383,254,236,61.35,58.124,93.135,99.404,112.38,124.117,139.933,130.445,105,88,66.663,56.637,29,28,31,30,31,30,31,31,30,31,28,30,0,0,0,0,0,0,0,0,0,0,0,0,8,169,32,33,3,1,0,9,1,3,18,12,58,69,63,70,72,71,68,71,69,64,55,63,-55.5,11.9,18.7,19.7,22.7,21.1,37.4,31.9,42.4,19.1,-27.5,-44.8,12.9,12.5,13.8,14.5,15.5,17.9,19.6,21.5,19.6,17.4,13.8,13,19.8,17.3,19.8,19.3,20,22.6,24.9,26.4,24.7,23.3,21.1,19.8,6.1,7.6,7.9,9.7,11.1,13.1,14.3,16.6,14.5,11.4,6.4,6.2
3440200,1936,3,18,"193603","193504",19.084,0,52.861,14.163,112.667,122.154,122.543,103.549,91.498,68.815,17.182,4.863,-3.69,11.67,-3.59,1.84,-6.53,-7.46,-7.42,-6.73,-7.56,-7.09,-3.7,-2.9,3,3,2,1,0,0,0,0,0,0,1,3,199,178,177,159,156,103,90,61,72,117,195,209,2,0,0,1,0,14,11,25,33,3,0,0,189,174,219,239,264,302,324,368,351,306,188,184,55.341,59.329,90.298,99.133,114.873,123.031,122.593,111.579,93.594,81.79,59.426,52.252,27,27,29,29,30,30,31,31,30,30,24,26,0,0,0,0,0,0,0,0,0,0,0,0,36,182,37,85,2,1,0,8,2,13,42,47,57,63,60,66,66,66,67,71,69,60,53,62,-55.3,12.7,19.3,20.8,19,23.1,37.3,30.1,40.5,18.4,-27.6,-44.9,11.7,11.8,12.6,13.1,13.4,15.1,15.4,16.9,16.7,14.8,11.6,11.4,18.6,17.7,19.1,18.6,18.8,20.6,20.7,21.6,21.8,21.4,19.3,18.8,4.8,6,6.1,7.7,7.9,9.5,10.2,12.1,11.6,8.3,4,3.9
3293792,1936,3,21,"193603","193504",4.006,0,42.413,8.643,132.046,150.796,158.276,141.28,115.699,77.099,7.128,0,-2.18,21.08,-2.72,2.26,-8.5,-10.62,-11.37,-11.23,-11.2,-8.99,-2.97,-1.47,4,3,2,0,0,0,0,0,0,0,1,4,214,190,183,152,130,67,43,27,43,98,203,221,2,0,0,3,5,28,30,57,58,11,0,0,179,167,214,246,292,351,390,433,405,329,181,171,54.045,59.105,92.557,108.444,134.068,151.683,159.198,147.409,118.425,93.335,60.248,51.665,26,26,28,29,30,30,31,31,30,30,23,24,0,0,0,0,0,0,0,0,0,0,0,0,50,276,50,100,2,1,1,6,3,16,53,62,57,62,57,60,57,55,54,57,57,52,51,61,-55.1,13,20.1,22.6,15.1,25.9,30.7,27.8,39.5,17.6,-27.8,-44.9,11.1,11.4,12.3,13.4,14.3,16.7,17.6,18.9,18.5,15.6,11.3,10.8,18.1,17.4,19.3,19.8,21.3,24.4,25.4,26.4,25.9,23.8,19.5,18.5,4.2,5.3,5.4,6.9,7.3,9,9.7,11.5,11.1,7.4,3.2,3.1
468975,1936,3,27,"193603","193504",52.118,0,58.935,66.546,119.818,143.783,161.984,142.004,119.405,95.692,55.374,40.721,-7.18,11.82,-4.14,-3.36,-7.31,-9.94,-12,-11.63,-11.42,-10.51,-8.11,-6.6,2,2,1,0,0,0,0,0,0,0,1,2,173,165,140,115,87,35,11,5,21,56,140,172,6,3,8,11,18,58,95,149,105,37,7,7,229,193,266,289,344,411,486,550,474,393,256,232,64.513,62.546,99.606,109.375,124.618,144.425,162.47,149.728,121.331,98.631,71.274,60.186,28,27,30,30,31,30,31,31,30,31,27,28,0,0,0,0,0,0,0,0,0,0,0,0,12,184,41,43,5,1,0,8,2,3,16,19,54,65,59,65,67,64,61,65,63,57,51,60,-55.9,13,19.9,21.4,21,22.6,35.1,31.7,42.3,18.8,-27.8,-45,12.7,12.3,14,14.8,16,18.7,20.7,22.8,20.8,17.7,13.8,12.8,20.3,17.9,20.6,20.5,21.3,24.8,27.4,28.8,27.2,24.9,22.1,20.4,5.2,6.7,7.3,9.1,10.8,12.6,14,16.7,14.5,10.5,5.5,5.2
3489238,1936,3,31,"193603","193504",0,0,41.629,0,169.467,215.734,218.593,206.24,152.19,55.874,18.414,0,5.05,21.99,-3.41,5.39,-13.96,-21.99,-22.34,-24.28,-20.27,-8.39,-4.16,-1.36,6,5,2,0,0,0,0,0,0,0,2,7,276,234,174,111,40,3,1,1,8,76,222,283,1,0,6,15,56,211,245,268,174,27,0,0,141,134,235,293,424,598,646,669,562,359,171,128,40.766,46.643,92.371,113.453,172.298,216.669,219.123,207.328,152.976,93.593,51.005,39.446,25,24,28,29,31,30,31,31,30,30,23,22,1,1,0,0,0,0,0,0,0,0,0,0,103,270,51,143,3,1,1,1,1,38,33,41,64,68,54,59,48,45,46,44,45,49,54,65,-53,10.9,20,22.5,8.3,29.2,21.7,23.8,37.6,16,-27.5,-43.8,9.3,9.5,12.7,14.9,18.7,25,25.9,26.6,23.8,16.6,10.6,8.8,14.8,14.5,20.2,21.7,28,35.4,36,37.3,34,25.5,18,15.3,3.7,4.5,5.2,8.1,9.4,14.5,15.8,16,13.5,7.7,3.2,2.4
3183749,1936,4,6,"193603","193504",0,0,46.309,0,171.278,217.213,219.675,206.995,152.473,60.927,17.028,1.151,3.34,19.84,-3.89,3.9,-14.19,-22.24,-22.52,-24.42,-20.27,-8.88,-3.96,-1.57,6,5,2,0,0,0,0,0,0,0,2,7,266,225,169,108,38,3,1,1,7,75,224,284,1,0,7,16,58,214,250,273,176,28,0,0,149,141,241,296,429,601,650,674,565,361,169,127,41.387,47.386,93.538,113.408,174.109,218.311,220.371,208.375,153.539,94.276,51.073,39.244,26,25,28,30,31,30,31,31,30,30,23,22,1,1,0,0,0,0,0,0,0,0,0,0,87,250,47,128,3,1,1,1,1,33,34,38,65,68,54,59,47,44,46,45,45,49,54,66,-53.1,11,20.1,22.3,8.1,29.4,21.7,23.8,37.7,16.1,-27.4,-43.8,9.6,9.8,12.9,15,18.9,25.1,26,26.8,23.9,16.6,10.5,8.8,15,14.8,20.4,21.8,28.3,35.6,36.1,37.4,34.1,25.5,17.9,15.1,4.1,4.8,5.3,8.3,9.5,14.5,15.9,16.2,13.7,7.8,3.2,2.4
3281522,1936,4,9,"193604","193505",0,0,7.407,58.367,140.125,190.236,198.053,190.111,140.593,21.002,3.943,0,18.06,42.63,0.03,-3.75,-10.52,-17.93,-19.27,-21.76,-18.25,-4.07,-2.09,1.76,10,10,4,1,0,0,0,0,0,0,4,9,331,302,245,162,98,10,3,2,16,144,277,315,0,0,0,6,18,124,168,205,124,6,0,0,98,81,164,237,328,508,569,606,497,275,127,103,38.603,41.475,83.452,112.783,147.959,190.934,199.344,192.152,141.134,81.714,46.895,38.888,19,19,23,27,30,30,31,31,30,28,19,17,3,7,0,0,0,0,0,0,0,0,1,1,225,463,76,54,8,1,1,2,1,61,43,71,62,68,54,54,51,48,48,46,46,51,54,61,-52.5,10.8,19.8,23.8,12.8,27.7,24.6,25,38.5,16.8,-26.9,-43.8,7.4,7.1,10.2,13,15.5,21.9,23.4,24.6,21.6,13.8,8.8,7.7,13.3,11.9,17.6,20.7,23.8,31.4,32.8,34.7,31.5,22,16.2,14.8,1.6,2.2,2.7,5.4,7.3,12.5,13.9,14.5,11.8,5.6,1.4,0.7
3523645,1936,5,6,"193604","193505",0,0,56.81,103.532,164.647,206.8,210.707,196.764,144.478,63.082,26.482,6.319,2.31,14.19,-4.84,-8.27,-12.94,-19.81,-20.27,-21.57,-17.91,-8.34,-4.72,-1.63,7,6,2,0,0,0,0,0,0,0,2,8,295,243,164,85,45,4,1,1,11,90,235,303,0,0,7,24,50,190,216,236,152,20,0,0,126,126,245,327,413,576,617,637,532,340,160,112,38.392,46.063,94.006,128.47,166.901,207.622,210.995,197.505,145.232,89.51,50.423,37.62,24,24,28,29,31,30,31,31,30,30,22,21,1,1,0,0,0,0,0,0,0,0,0,0,68,189,37,25,2,1,0,1,1,26,24,31,67,68,54,52,49,46,48,46,47,51,54,67,-52.3,10.9,20.2,24.3,9.1,28.6,22.6,24.3,38.1,16.4,-27.4,-43.6,8.6,9.2,13.1,16,18.3,24.2,24.9,25.6,22.8,15.9,10.2,8.1,13.7,14.1,20.6,24.2,27.2,34.2,34.7,35.7,32.5,24.4,17.6,14.3,3.5,4.2,5.5,7.9,9.4,14.3,15.2,15.5,13.1,7.5,2.7,2
3539396,1936,5,29,"193605","193506",54.979,0,64.41,104.656,145.513,144.735,163.406,146.997,121.547,89.136,41.734,40.479,-7.32,11.58,-4.7,-7.35,-10.09,-10.12,-12.18,-12.22,-11.86,-9.76,-6.23,-6.35,2,2,1,0,0,0,0,0,0,0,1,2,151,156,120,83,38,23,8,4,17,46,128,154,10,3,13,21,54,78,111,161,119,47,9,10,253,203,288,328,428,443,506,562,492,414,270,251,60.487,58.416,94.647,118.452,146.906,145.422,163.406,151.633,122.869,93.736,64.49,55.954,30,28,31,30,31,30,31,31,30,31,29,30,0,0,0,0,0,0,0,0,0,0,0,0,6,176,30,14,1,1,0,5,1,5,23,15,59,69,64,62,62,65,61,64,62,61,58,64,-55.6,11.9,18.5,22.1,16.4,23,33.9,30.7,41.6,18.5,-27.6,-44.9,13.5,12.7,14.7,16.1,18.8,19.8,21.4,23.1,21.4,18.4,14.3,13.4,20.2,17.6,20.6,22.4,25.2,25.6,28,29.3,27.9,24.9,21.2,20.2,6.9,7.7,8.8,9.9,12.5,13.9,14.7,17,15,11.9,7.3,6.7
2293307,1936,6,11,"193606","193507",0,0,0,3.034,13.314,14.022,87.725,87.274,46.13,0,0,0,34.85,20.63,2.47,2.28,2.78,2.44,-4.74,-5.64,-3.76,6.02,6.6,19.39,6,6,4,1,0,0,0,0,0,1,3,6,277,240,258,206,159,135,141,120,113,204,256,281,0,0,0,0,2,7,4,7,17,0,0,0,126,113,137,186,260,260,262,285,295,207,133,118,28.319,37.866,68.867,83.787,104.781,89.793,93.899,92.499,80.805,50.173,33.957,26.322,28,25,25,28,30,30,31,31,29,30,26,27,3,1,0,0,0,0,0,0,0,0,1,1,387,249,82,81,91,76,6,5,35,112,114,233,75,72,61,67,68,78,76,72,67,72,68,73,-50.3,9.1,17.1,19.5,17.9,22.4,41.8,29.4,38.7,18.6,-25.2,-41.9,9.2,9.3,9.8,11.4,13.3,13.7,13.4,14.2,14.8,11.6,9.5,8.9,12.9,13.5,15.8,16.6,18.3,17.2,17.2,18.6,20.2,15.9,14.3,13,5.5,5,3.7,6.2,8.2,10.2,9.6,9.7,9.4,7.2,4.6,4.8
468966,1936,6,16,"193606","193507",49.985,0,60.278,79.681,114.591,110.203,117.571,96.987,87.955,78.872,53.586,42.805,-6.36,8.86,-3.94,-4.6,-6.9,-6.77,-7.35,-6.57,-7.16,-7.62,-7.08,-6.18,2,2,1,0,0,0,0,0,0,0,1,2,176,168,146,128,71,42,24,12,36,73,149,174,5,2,6,7,24,48,54,100,68,22,3,6,223,189,258,274,366,393,432,490,423,364,244,227,60.153,56.177,89.096,95.948,116.369,110.918,117.67,105.442,89.341,81.331,65.581,56.34,29,28,31,30,31,30,31,31,30,31,28,29,0,0,0,0,0,0,0,0,0,0,0,0,10,144,29,16,2,1,0,8,1,2,12,14,59,71,66,72,73,77,76,80,77,68,56,65,-55.1,11.6,17.8,19.2,22.3,21,40.4,32.6,42.6,19.6,-27.3,-44.7,12.6,12.2,13.7,14.3,16.8,18.1,18.9,20.8,19.1,16.7,13.4,12.7,19.2,16.7,19.1,18.8,21.2,21.8,22.8,24.1,22.9,21.9,20.6,19.4,6,7.7,8.3,9.8,12.4,14.4,15.1,17.5,15.3,11.5,6.3,6
2338864,1936,7,0,"193606","193507",8.138,0,46.697,64.293,109.96,111.364,111.209,92.615,82.678,64.423,16.188,0,-2.5,14.34,-3,-3.17,-6.34,-6.53,-6.42,-5.69,-6.57,-6.42,-3.46,-2.21,3,3,2,1,0,0,0,0,0,0,1,3,203,182,179,176,138,97,109,80,83,131,203,216,0,0,0,0,3,16,7,17,27,0,0,0,184,169,215,220,283,309,298,342,333,290,178,177,53.36,57.746,88.979,96.11,114.482,116.169,112.061,101.016,85.539,76.678,57.212,50.711,27,27,29,29,31,30,31,31,30,30,24,25,0,0,0,0,0,0,0,0,0,0,0,0,45,206,42,32,5,5,1,8,3,12,41,52,59,64,60,66,67,70,71,74,72,63,54,62,-55,12.5,19.1,20.7,18.8,22.6,39.1,30.6,40.5,18.6,-27.5,-44.8,11.6,11.7,12.5,12.5,14,15.3,14.7,16,16.1,14.3,11.3,11.1,18.2,17.3,18.9,17.9,19.2,20.2,19.3,20.1,20.5,20.3,18.7,18.5,4.9,6,6.1,7.1,8.8,10.4,10.1,11.8,11.7,8.3,3.9,3.8
3534929,1936,7,22,"193607","193508",0,0,21.874,32.11,66.537,71.621,104.096,105.956,57.467,9.486,0,0,25.79,27.17,-1.12,-0.41,-2.45,-2.98,-5.93,-7.18,-4.51,-1.1,0.2,7.25,5,5,3,1,0,0,0,0,0,1,2,6,258,238,216,195,157,139,111,121,124,190,243,271,0,0,0,0,1,7,7,7,15,0,0,0,139,114,171,198,262,256,296,285,282,223,143,124,34.955,40.705,79.684,87.626,102.803,97.726,113.076,107.51,82.363,59.726,44.604,34.017,28,25,27,29,30,30,31,31,29,29,23,25,2,1,0,0,0,0,0,0,0,0,1,1,306,315,58,56,36,26,9,2,25,50,67,122,71,72,58,67,70,74,69,64,67,67,57,65,-51.9,9.6,18.7,19.8,18.7,21.8,37.2,28.2,38.8,18.3,-26.9,-43.2,9.8,9.3,11.1,11.8,13.3,13.5,14.6,14.2,14.4,12.1,9.9,9.2,14.3,13.6,17.8,17,18,17.6,19.6,19.9,19.6,17.4,16.7,14.7,5.3,5.1,4.3,6.6,8.7,9.5,9.6,8.4,9.1,6.8,3.1,3.7
468977,1937,1,18,"193701","193602",0,0,57.799,80.084,113.812,112.283,116.954,108.839,93.091,38.981,64.41,0,1.36,7.58,-3.75,-4.74,-6.97,-7.07,-7.81,-7.84,-7.84,-3.54,-8.79,6.68,7,2,1,0,0,0,0,0,0,0,0,2,294,147,123,104,56,32,7,8,27,54,74,173,0,4,11,13,34,61,120,120,87,36,29,6,124,211,284,301,391,416,519,517,451,397,340,228,44.45,56.232,87.327,96.126,115.707,112.899,118.028,111.168,96.062,73.604,70.001,50.225,25,28,31,30,31,30,31,31,30,31,30,31,1,0,0,0,0,0,0,0,0,0,0,0,55,132,30,16,2,1,1,2,3,35,6,130,70,73,70,73,74,77,80,79,75,76,61,63,-51.8,11.2,17,18.6,22.4,20.5,40.4,32.5,42.7,20.1,-27.5,-44.1,8.6,13,14.6,15.2,17.6,18.9,21.7,21.7,20,17.8,16.7,12.7,13.3,17.2,19.5,19.4,21.7,22.5,25.1,25.2,24.1,21.7,23.2,17.9,4,8.8,9.7,11,13.5,15.2,18.4,18.2,15.9,13.9,10.1,7.6
2772133,1937,3,22,"193703","193604",0,0,0,71.333,128.494,140.864,153.852,135.71,115.066,34.73,63.311,0,10.66,13.97,8.2,-3.93,-8.16,-9.55,-11.01,-10.31,-10.98,-4.42,-10.16,11.84,14,5,3,1,0,0,0,0,0,0,1,4,364,229,210,166,111,61,24,36,56,76,128,228,0,0,0,1,9,32,54,45,43,20,6,0,70,131,188,232,313,360,432,413,377,360,266,164,39.335,54.404,85.014,104.312,133.395,145.451,156.467,136.713,118.437,88.422,70.537,47.864,18,23,28,29,30,30,31,31,30,31,26,25,3,1,0,0,0,0,0,0,0,0,0,0,140,195,149,33,5,5,3,1,3,54,7,186,65,63,60,62,60,59,59,61,54,58,46,54,-51.7,12.7,19,22.1,15.1,25.1,31,28.4,39.4,17.9,-29,-44.5,6.4,9.7,11.3,12.9,15,17,18.9,18.3,17.6,16.6,14.2,10.6,11.7,15.4,17.6,19,21.7,24,26,25,25.4,23.6,23.5,17.3,1.1,3.9,5,6.7,8.4,10.1,11.9,11.6,9.8,9.7,5,3.8
3232355,1937,3,26,"193703","193604",0,0,0,42.423,112.323,127.413,159.2,145.156,126.457,66.353,39.785,0,19.93,28.19,16.13,-1.5,-7.01,-8.56,-11.9,-12.12,-14.2,-9.31,-7.6,10.6,23,7,2,1,0,0,0,0,0,0,1,7,423,268,200,161,86,54,36,39,45,77,189,295,0,0,1,3,18,37,37,42,55,21,0,0,39,99,197,234,345,372,403,407,400,359,196,110,31.469,44.996,76.894,103.847,138.478,148.395,161.469,146.866,128.497,90.685,57.326,36.107,13,21,29,28,31,30,31,31,29,30,22,22,11,3,0,0,0,0,0,0,0,0,0,1,223,326,225,61,26,21,2,2,2,24,18,155,65,65,64,59,58,57,52,52,45,50,46,63,-50.6,11.3,17.4,22.2,11,25.5,27,25.2,36.9,15.8,-28.8,-43.4,4.4,8.3,11.7,13,16.1,17.4,18,18.1,18.3,16.6,11.9,8.4,9.6,13.6,17.5,19.6,23.1,24.7,26.2,26.4,28.2,25.3,21,14.4,-0.7,2.9,5.9,6.5,9,10.1,9.8,9.8,8.5,7.8,2.8,2.4
2772139,1937,4,10,"193704","193605",5.272,12.981,44.43,117.35,184.207,203.323,228.971,205.303,157.898,72.996,63.417,0,0.87,-1.58,-3.03,-9.15,-15.9,-19.29,-24.37,-23.26,-20.02,-9.68,-9.36,0.72,30,5,2,0,0,0,0,0,0,0,1,8,455,228,165,91,12,2,0,0,5,33,129,305,0,0,9,25,134,234,368,332,215,74,12,0,37,144,253,324,531,621,769,733,602,446,275,113,34.365,56.372,94.821,128.219,187.764,204.991,228.971,206.432,158.583,100.606,65.013,40.952,10,22,29,29,31,30,31,31,30,31,28,21,2,0,0,0,0,0,0,0,0,0,0,0,29,43,50,11,4,2,0,1,1,28,2,53,64,61,57,54,51,52,53,51,49,55,53,57,-50.4,13.2,19.9,24.3,8.2,28.4,23.6,26.2,38.6,17.1,-28.4,-43.7,3.4,9.7,13,15.8,22.2,25.7,29.9,28.7,25.1,19.4,14.2,8.1,8.7,15.9,20.1,23.6,31.1,34.6,38.8,37.9,34.6,27.1,22.1,14,-1.9,3.5,6,8,13.4,16.9,20.9,19.6,15.6,11.8,6.3,2.1
468978,1937,4,15,"193704","193605",0,0,6.787,96.95,124.08,125.044,134.284,127.668,102.828,52.191,69.327,0,0.83,12.87,1.41,-6.27,-7.76,-8.06,-9.23,-9.54,-8.96,-5.21,-10.04,6.05,10,4,2,0,0,0,0,0,0,0,0,2,328,194,176,133,65,36,8,10,33,59,79,181,0,0,4,8,28,56,114,108,74,32,26,5,98,163,229,268,374,408,510,501,432,388,332,220,46.92,59.68,89.785,106.827,126.249,126.223,134.529,129.408,106.555,82.667,74.009,53.174,20,26,30,30,31,30,31,31,30,31,30,30,1,0,0,0,0,0,0,0,0,0,0,0,50,189,83,10,2,1,0,2,4,30,5,131,62,64,63,65,69,72,73,71,68,68,54,58,-52.6,13.1,18.7,21.4,20.3,22.2,38.1,31.9,42.3,19.4,-28.2,-44.5,7.5,10.9,12.6,14.1,17.1,18.6,21.5,21.2,19.4,17.5,16.4,12.5,13.4,16.6,18.6,19.8,22.2,23.3,25.9,26.1,24.7,22.7,24.2,18.7,1.7,5.3,6.6,8.4,11.9,13.9,17,16.3,14.1,12.3,8.7,6.3
468980,1937,4,15,"193704","193605",0,0,2.777,100.318,131.692,131.657,136.955,129.915,108.449,51.411,67.883,0,1.52,12.61,1.87,-6.63,-8.49,-8.72,-9.52,-9.83,-9.7,-5.43,-9.71,8.42,11,4,2,0,0,0,0,0,0,0,0,3,338,201,185,124,59,31,6,8,29,54,91,194,0,0,4,11,33,64,121,117,82,37,20,4,92,159,220,279,386,421,520,512,444,397,316,203,46.429,59.926,88.444,113.114,133.872,132.332,137.692,132.384,112.141,89.377,73.683,53.839,19,25,30,30,31,30,31,31,30,31,30,29,1,0,0,0,0,0,0,0,0,0,0,0,55,186,86,13,2,1,1,2,4,38,6,155,62,63,63,62,66,70,73,70,66,64,54,55,-52.4,13.3,18.6,22.3,19.4,23.1,37.9,32,42.4,19.2,-28.1,-44.5,7.2,10.7,12.3,14.4,17.4,19,21.8,21.5,19.8,17.8,15.9,12,13.1,16.4,18.2,20.6,23.1,24.1,26.4,26.6,25.5,23.7,23.7,18.5,1.4,4.9,6.4,8.2,11.8,14,17.2,16.5,14.1,11.9,8,5.5
2771952,1937,5,18,"193705","193606",5.113,11.75,42.929,117.214,181.799,205.022,229.819,205.874,158.666,72.946,63.493,0,0.87,-1.51,-2.88,-9.17,-15.37,-19.64,-24.61,-23.44,-20.27,-9.7,-9.4,0.77,29,5,2,0,0,0,0,0,0,0,1,8,454,225,163,89,15,2,0,0,5,31,125,302,0,0,9,26,124,239,371,335,221,77,13,0,38,146,255,327,513,626,772,735,607,451,280,115,34.335,56.313,94.561,128.475,183.029,206.671,229.819,206.998,159.351,100.449,65.062,40.934,10,23,29,29,31,30,31,31,30,31,28,21,2,0,0,0,0,0,0,0,0,0,0,0,29,45,52,11,1,2,0,1,1,28,2,54,64,61,57,54,51,52,53,51,49,56,53,57,-50.4,13.1,19.8,24.3,9,28.4,23.6,26.3,38.6,17.1,-28.4,-43.7,3.5,9.8,13.1,15.9,21.7,25.9,30,28.8,25.3,19.6,14.4,8.2,8.7,16,20,23.6,30.3,34.8,39,38,34.8,27.2,22.2,14.1,-1.8,3.7,6.1,8.1,13,17,21,19.6,15.8,12,6.5,2.2
3477178,1937,6,4,"193705","193606",0,0,0,91.136,134.902,143.337,162.566,141.971,115.867,24.388,59.632,0,15.1,17.63,10.29,-5.99,-8.91,-9.98,-12.17,-11.24,-11.45,-3.66,-9.97,15.55,19,7,3,1,0,0,0,0,0,0,1,6,400,259,233,212,130,63,26,37,61,99,161,268,0,0,0,0,7,30,51,44,39,11,1,0,51,108,169,183,291,356,429,410,368,328,229,132,38.047,53.637,85.467,106.701,136.782,148.529,162.566,142.212,121.085,89.932,69.642,46.933,14,20,25,25,30,30,31,31,29,30,22,21,7,2,0,0,0,0,0,0,0,0,0,1,180,228,172,16,2,5,0,0,5,66,10,220,63,60,57,55,56,57,55,57,51,54,43,51,-51.4,13.2,19.7,24.1,14,26.5,29.6,27.8,39.1,17.6,-29.1,-44.4,5.2,8.6,10.6,11.2,14.3,16.9,18.8,18.2,17.2,15.6,13,9.3,10.8,14.8,17.4,18.4,21.6,24.2,26.5,25.5,25.6,23.3,23,16.6,-0.4,2.4,3.8,3.9,7,9.6,11.1,11,8.9,7.8,3,2
2771954,1937,6,14,"193706","193607",5.113,11.75,42.929,117.214,181.799,199.629,229.819,205.874,158.666,72.946,63.493,0,0.87,-1.51,-2.88,-9.17,-15.37,-18.52,-24.61,-23.44,-20.27,-9.7,-9.4,0.77,29,5,2,0,0,0,0,0,0,0,1,8,454,225,163,89,15,3,0,0,5,31,125,302,0,0,9,26,124,217,371,335,221,77,13,0,38,146,255,327,513,603,772,735,607,451,280,115,34.335,56.313,94.561,128.475,183.029,200.07,229.819,206.998,159.351,100.449,65.062,40.934,10,23,29,29,31,30,31,31,30,31,28,21,2,0,0,0,0,0,0,0,0,0,0,0,29,45,52,11,1,0,0,1,1,28,2,54,64,61,57,54,51,53,53,51,49,56,53,57,-50.4,13.1,19.8,24.3,9,28.1,23.6,26.3,38.6,17.1,-28.4,-43.7,3.5,9.8,13.1,15.9,21.7,25.1,30,28.8,25.3,19.6,14.4,8.2,8.7,16,20,23.6,30.3,33.8,39,38,34.8,27.2,22.2,14.1,-1.8,3.7,6.1,8.1,13,16.5,21,19.6,15.8,12,6.5,2.2
2405523,1937,10,1,"193709","193610",0,0,0,60.289,124.262,123.153,150.051,142.974,105.963,62.489,47.398,0,11.96,14.23,18.81,-3.16,-8.09,-8.09,-10.98,-11.95,-10.47,-7.8,-7.12,7.58,21,7,3,1,0,0,0,0,0,0,1,8,413,261,209,197,122,58,26,28,49,76,181,298,0,0,0,0,9,34,50,56,50,22,0,0,45,106,190,197,301,364,426,430,391,360,207,109,27.652,41.01,68.683,92.822,126.716,135.221,150.733,144.343,107.019,80.746,50.473,31.866,18,24,30,28,30,30,31,31,30,31,27,25,6,1,0,0,0,0,0,0,0,0,0,1,140,181,243,33,2,12,1,1,1,18,3,115,75,72,71,64,61,63,60,56,60,60,59,68,-49.3,9.9,15.5,20.8,14.7,24.5,30.3,26.3,38.9,17,-27.5,-42.8,4.8,8.5,11.4,11.7,14.6,17.2,18.7,18.9,18,16.6,12.2,8.3,8.5,12.7,15.9,17.4,21,23.3,25.6,26.5,24.8,23.3,18.8,12.8,1.1,4.4,6.8,6.1,8.2,11,11.9,11.3,11.2,9.9,5.6,3.8
468982,1937,12,22,"193712","193701",0.843,0,15.854,87.97,92.501,103.45,105.065,105.252,97.103,82.659,56.453,27.378,0.22,5.94,0.66,-5.37,-5.13,-6.28,-6.65,-7.41,-8.48,-8.26,-7.04,-4.72,7,3,2,0,0,0,0,0,0,0,0,1,292,182,162,117,72,41,12,10,16,41,102,118,0,2,6,12,26,50,89,109,125,56,19,20,126,180,244,287,364,396,478,502,499,426,304,296,45.077,57.724,82.094,99.585,99.116,104.263,106.167,105.984,98.355,84.822,62.312,57.829,26,27,31,30,31,30,31,31,30,31,30,31,0,0,0,0,0,0,0,0,0,0,0,0,44,115,66,12,7,1,1,1,1,2,6,30,69,69,70,71,80,80,82,80,76,70,66,67,-51.8,12.2,16.7,19.6,25.4,19,42,32.7,42.8,19.7,-26.7,-44.6,8.7,11.7,13.1,14.7,16.7,18.2,20.4,21.2,21.7,18.8,15.4,14.9,13.4,16.5,17.8,19.4,19.9,21.5,23.3,24.4,25.6,23.7,20.9,20.8,4.1,6.8,8.4,10,13.5,15,17.5,18,17.7,13.9,9.8,9
2061578,1938,3,9,"193803","193704",8.454,0,0,119.812,154.366,189.268,215.34,202.079,157.109,117.914,71.603,0,-3.34,11.54,12.61,-9.79,-11.79,-16.73,-21.27,-22.36,-19.91,-16.23,-11.16,-1.71,2,4,2,0,0,0,0,0,0,0,0,2,173,203,199,98,41,11,1,1,6,27,97,160,7,0,2,21,58,115,230,247,197,87,23,11,232,157,204,312,422,498,631,648,583,464,316,253,62.234,59.779,89.711,136.084,163.463,191.008,216.472,205.04,159.513,119.207,73.759,56.57,28,24,28,29,31,30,31,31,30,31,29,30,0,0,0,0,0,0,0,0,0,0,0,0,54,180,199,16,9,2,1,3,2,1,2,69,54,62,59,49,54,49,48,47,49,46,50,57,-56.2,13.3,19.3,25.7,15.2,27.2,29.5,29.7,40.5,17,-28.7,-45,12.7,10.6,11.7,15.4,18.6,21.6,25.4,25.9,24.5,20,15.6,13.2,20.3,16.7,18.2,24.1,26.6,30.8,35,35.9,34,29.8,24.1,20.3,5.1,4.5,5.2,6.8,10.7,12.4,15.8,16,15,10.2,7,6.1
468983,1938,5,7,"193804","193705",32.772,0,0,78.246,91.263,101.885,102.969,103.3,95.939,81.864,55.659,26.974,-4.81,2.75,4.32,-4.54,-5.04,-6.16,-6.49,-7.24,-8.34,-8.14,-6.91,-4.64,2,2,1,0,0,0,0,0,0,0,0,1,135,140,147,105,73,42,13,10,16,41,103,119,12,4,5,12,26,49,87,107,124,55,18,20,269,218,256,301,363,395,476,500,498,425,302,296,63.559,59.578,73.8,93.581,97.958,102.721,104.076,104.048,97.24,84.134,61.87,57.638,31,28,31,30,31,30,31,31,30,31,30,31,0,0,0,0,0,0,0,0,0,0,0,0,31,87,96,15,7,1,1,1,1,2,6,31,61,71,77,75,80,80,83,81,77,71,66,67,-55.4,11.8,14.8,18.2,25.6,18.9,42.3,32.7,42.8,19.8,-26.7,-44.6,14.1,13.3,13.7,15.2,16.7,18.2,20.3,21.1,21.6,18.7,15.3,14.9,20.5,17.9,17.3,19.2,19.8,21.3,23.1,24.3,25.5,23.6,20.8,20.7,7.8,8.7,10,11.2,13.6,15,17.6,18,17.8,13.9,9.8,9
1368058,1938,8,29,"193808","193709",0,0,0,0,106.418,147.681,167.359,146.993,73.888,0,0,0,43.81,90.91,84.39,13.11,-6.98,-11.45,-14.6,-14.09,-9.28,15.84,74.97,31.24,15,14,12,2,0,0,0,0,0,0,3,10,376,339,371,251,162,69,14,33,48,125,259,330,0,0,0,0,4,27,83,49,51,10,0,0,63,52,61,143,257,348,472,420,393,296,139,91,24.626,31.789,48.683,80.138,129.03,149.715,172.095,150.456,109.389,62.328,27.028,23.913,21,18,21,26,28,30,31,31,30,30,28,24,13,26,25,2,0,0,0,0,0,0,10,4,465,936,872,187,23,2,5,3,36,237,789,346,74,72,72,65,53,52,51,48,52,64,78,70,-49.1,8.9,13.9,19.9,12,26.6,23.1,23.7,37.4,17,-23.7,-41.4,6,5.8,6.1,9.7,13.2,16.6,20.2,18.5,18.1,14.5,9.4,7.3,9.8,9.9,10.2,15.1,21,24.8,29,27.8,26.4,20.2,12.6,11.4,2.1,1.6,2,4.2,5.4,8.5,11.5,9.3,9.8,8.8,6.1,3.2
108810,1939,5,15,"193905","193806",0,0,0,107.66,149.873,175.169,205.494,195.309,142.731,92.08,60.834,0,9.4,3.2,5.09,-8.4,-11.23,-14.62,-19.36,-20.84,-17.37,-11.38,-9.31,15.56,5,8,3,0,0,0,0,0,0,0,1,2,248,283,228,112,82,29,6,3,14,71,170,183,2,0,0,14,23,67,128,171,132,27,3,6,162,94,177,292,350,425,529,571,508,368,223,220,48.857,56.416,80.082,123.59,156.682,175.581,205.494,195.377,148.851,99.052,66.521,49.865,26,16,28,29,30,30,31,31,30,30,25,30,1,1,0,0,0,0,0,0,0,0,0,0,156,84,114,16,7,0,0,0,6,7,6,229,63,56,64,55,51,50,45,45,48,52,49,64,-53.6,14.4,18,24.2,12.3,28.4,25.4,26,38.7,17.8,-28.1,-44.5,10.2,7.7,10.7,14.9,16.2,19.2,22.1,23.5,22,16.9,12.6,12.4,15.9,14.6,16.4,22.3,24.7,28.1,32.3,33.7,31.4,25.1,21.2,18.4,4.4,0.9,5.1,7.4,7.8,10.3,11.9,13.2,12.5,8.7,4,6.3
610288,1939,7,17,"193907","193808",0,0,0,78.066,114.396,161.911,177.768,159.039,116.927,9.154,0,0,12.44,9.93,7.68,-5.25,-7.37,-12.62,-14.79,-14.43,-12.76,-2.28,-1.33,5,6,7,3,0,0,0,0,0,0,0,1,4,263,268,234,134,91,46,15,17,31,73,182,217,0,0,0,8,17,44,79,81,78,23,0,1,144,100,167,264,337,387,466,465,437,364,205,178,40.047,47.718,70.51,111.099,143.993,165.004,179.625,160.789,123.532,80.356,53.063,36.746,27,21,29,29,30,30,31,31,30,31,27,30,1,1,0,0,0,0,0,0,0,0,0,0,176,145,132,33,30,3,2,2,7,71,64,104,68,64,68,58,55,50,50,51,53,62,57,69,-52.6,11.9,16.3,22.8,11.2,26.6,24.9,25.1,38.1,17.4,-27.6,-43.4,9.7,8.3,10.5,14,15.8,17.9,20,20,19.6,16.7,12.2,11.1,14.6,13.8,15.5,20.8,23.4,26.6,29,28.7,27.7,23,19.1,15.6,4.7,2.8,5.6,7.2,8.2,9.2,11.1,11.3,11.5,10.4,5.2,6.5
468985,1940,3,30,"194003","193904",0,0,69.094,96.389,154.017,179.964,199.27,186.613,39.837,96.664,34.585,32.774,7.2,8.64,-5.47,-7.21,-11.54,-15.28,-18.42,-19.26,-5.92,-12.41,-6.79,-6.72,3,3,1,0,0,0,0,0,0,0,0,1,179,190,151,85,63,20,2,1,9,36,85,126,6,2,8,23,35,85,182,223,164,66,27,18,224,173,257,327,379,453,582,624,549,437,329,290,51.898,58.681,95.188,127.611,157.88,181.908,200.188,188.037,140.39,108.543,70.963,61.775,31,27,30,30,31,30,31,31,30,31,30,31,0,0,0,0,0,0,0,0,0,0,0,0,137,149,26,31,4,2,1,1,101,12,36,29,68,66,61,57,54,50,52,53,57,53,57,62,-53.6,12.6,19.2,23.7,16.2,27.5,31.5,30.7,41.7,18.2,-27.9,-45.2,12.5,11.4,13.6,16,17.2,20.1,23.8,25.2,23.3,19.1,16.1,14.6,17.5,16.7,19.9,23.2,25.2,29.1,32.6,33.7,30.9,27.3,23.4,21.9,7.4,6,7.2,8.8,9.3,11.2,15.1,16.6,15.8,11,8.8,7.2
3792179,1940,4,2,"194003","193904",0,0,49.485,121.414,178.529,211.764,236.039,216.66,134.334,79.09,62.528,25.262,11.16,5.23,-4.05,-11.07,-15.17,-20.83,-25.26,-25.7,-17.37,-11.18,-10.21,-4.62,6,3,1,0,0,0,0,0,0,0,1,5,277,192,139,45,23,3,0,0,6,49,147,247,0,2,11,51,90,200,293,290,195,49,8,2,139,172,272,395,476,586,694,691,581,408,252,158,34.783,52.608,96.366,148.645,184.642,215.873,236.039,216.845,150.172,102.138,65.04,43.332,28,26,30,30,31,30,31,31,30,31,25,24,1,0,0,0,0,0,0,0,0,0,0,0,151,111,47,27,6,4,0,0,16,23,3,18,75,66,56,47,47,44,44,43,49,48,46,67,-51.1,11.5,19.9,25.9,7.2,29.7,20.6,24,38.4,15.9,-29.2,-44.3,9.2,11.3,14,18.4,20.4,24.6,27.5,27.3,24.4,18.2,13.5,10,13,16.6,21.3,27.8,30.1,35.1,38.3,38.4,33.7,27.4,22.8,16.6,5.4,5.9,6.7,9,10.8,14.1,16.7,16.3,15.1,8.9,4.2,3.3
468986,1940,4,18,"194004","193905",0,0,75.904,64.605,137.767,158.749,174.427,168.954,75.826,96.314,50.345,43.826,5.8,6.46,-6.02,-3.41,-9.19,-11.75,-13.9,-15.32,-8.47,-11.67,-8.39,-7.93,2,2,1,0,0,0,0,0,0,0,0,1,142,147,122,88,73,30,5,3,10,34,70,105,11,4,12,18,26,65,131,170,158,67,35,25,262,212,286,321,363,422,532,571,540,443,350,314,55.45,63.553,99.178,114.884,140.537,159.578,174.923,169.979,135.347,106.497,73.647,64.598,31,28,31,30,31,30,31,31,30,31,30,31,0,0,0,0,0,0,0,0,0,0,0,0,127,134,23,50,3,1,0,1,60,10,23,21,67,65,61,64,61,57,58,57,59,55,56,60,-54.4,12.9,19.4,21.6,18.4,24.7,33.6,30.9,41.7,18.3,-28.2,-45.4,13.9,13,14.6,15.9,16.7,19.1,22.2,23.4,23.1,19.3,16.9,15.4,19.1,18.6,21,21.8,23.2,26.4,29.4,31,30.2,27.2,24.4,23.1,8.6,7.4,8.2,10,10.2,11.8,14.9,15.9,15.9,11.5,9.4,7.8
468987,1940,5,2,"194004","193905",0,0,78.762,66.062,135.357,147.433,155.365,151.734,86.099,95.817,50.107,46.036,3.36,5.14,-6.18,-3.47,-8.8,-10.28,-11.31,-12.5,-8.55,-11.32,-8.24,-8.18,2,2,1,0,0,0,0,0,0,0,0,1,154,151,119,79,69,32,8,6,12,38,82,119,8,3,12,22,28,62,112,136,144,59,27,19,248,207,288,335,368,417,508,537,522,431,331,294,57.666,65.62,100.738,118.323,137.811,148.312,155.878,152.398,125.862,106.83,75.051,66.688,31,27,31,30,31,30,31,31,30,31,30,30,0,0,0,0,0,0,0,0,0,0,0,0,105,122,22,52,2,1,1,1,40,11,25,21,64,63,60,63,63,62,65,63,63,54,53,56,-54.7,13.4,19.6,21.9,18.8,24.1,35.7,31.5,42,18.3,-28.3,-45.5,13.4,12.9,14.7,16.3,16.9,18.9,21.4,22.3,22.4,19,16.3,14.8,19.2,18.9,21.3,22.4,23,25.3,27.4,28.8,28.8,26.9,24.3,23.2,7.6,6.9,8.2,10.2,10.7,12.6,15.4,15.9,16.1,11,8.3,6.4
469010,1941,2,16,"194102","194003",17.472,0,70.429,73.792,117.6,109.35,129.195,112.752,100.407,65.387,47.022,0,-2.75,2.45,-5.09,-4.16,-7.4,-6.81,-8.53,-8.02,-8.59,-6.9,-6.56,4.92,2,1,1,0,0,0,0,0,0,0,0,1,148,112,103,71,42,34,13,11,27,37,104,104,9,9,15,25,47,58,87,103,87,55,12,22,254,250,306,346,419,411,477,494,450,434,297,308,56.676,62.928,94.118,104.881,118.639,110.141,129.773,113.454,103.383,91.766,67.657,59.267,31,28,31,30,31,30,31,31,30,31,30,31,0,0,0,0,0,0,0,0,0,0,0,0,39,90,24,31,1,1,1,1,3,26,21,131,67,70,67,72,75,78,74,77,72,66,60,58,-54.1,12,17.8,19.3,22.2,20.4,39.1,32.6,42.7,19.5,-27.2,-44.7,13.6,14.4,15.4,16.7,18.5,18.7,20.4,20.9,20,19,15.3,15.5,18.9,19.2,20.7,21.3,22.7,22.2,24.7,24.7,24.7,24.7,21.8,21.4,8.4,9.7,10.1,12.1,14.4,15.2,16,17.2,15.3,13.4,8.7,9.5
5084121,1941,4,20,"194104","194005",0,0,0,24.303,159.834,160.987,185.663,168.358,134.699,84.407,49.225,0,-0.97,13.59,11.25,0.73,-11.98,-12.2,-15.32,-15.1,-14.1,-10.8,-7.71,6.98,2,1,1,0,0,0,0,0,0,0,0,1,164,116,105,104,26,15,4,4,16,26,93,118,7,9,17,14,75,99,143,161,122,81,19,18,237,248,306,301,462,476,544,561,495,468,312,292,54.336,61.958,94.847,113.499,161.192,161.685,185.663,169.188,135.65,107.249,68.609,56.258,31,28,31,30,31,30,31,31,30,31,30,31,0,0,0,0,0,0,0,0,0,0,0,0,58,204,192,89,1,1,0,1,1,23,19,152,65,68,65,63,58,60,54,57,55,55,57,54,-54.5,11.9,18.2,21.9,14.1,25.7,31.1,29.9,41,17.8,-28.1,-44.9,13,14.3,15.3,15.2,20,20.9,22.6,23.1,21.5,20.2,15.7,14.9,18.6,19.4,21.1,21.3,27.2,27.7,30.6,30.8,29.4,28,23,21.1,7.5,9.2,9.6,9.1,12.8,14.1,14.5,15.4,13.7,12.4,8.5,8.6
1368036,1941,5,20,"194105","194006",0,0,14.536,38.355,159.003,211.499,210.399,192.087,128.633,78.048,47.587,0,2.69,6.23,-0.35,-1.06,-12.3,-20.63,-20.14,-20.44,-14.33,-10.28,-7.05,6.8,7,3,1,0,0,0,0,0,0,0,2,5,288,188,158,137,33,3,1,2,20,58,205,253,0,2,7,9,65,203,212,212,108,37,0,0,129,175,250,263,442,589,613,613,477,388,182,150,35.517,46.786,88.119,110.521,162.423,212.261,211.018,193.115,129.267,92.84,52.255,38.331,27,28,30,29,31,30,31,31,30,31,24,26,1,0,0,0,0,0,0,0,0,0,0,0,67,114,74,72,3,1,1,1,1,15,5,123,72,72,60,58,54,46,47,46,52,52,54,61,-51.5,10.1,18.7,22.7,9.4,28.9,22,24.2,38.9,16.1,-27.7,-43.7,8.9,11.4,13.3,13.9,19.3,24.7,24.8,24.8,20.9,17.5,11.2,9.8,13.1,15.8,19.8,20.8,27.3,34.9,34.6,34.8,29.3,25.8,18.6,15.4,4.6,7.1,6.7,7,11.3,14.5,15,14.8,12.5,9.3,3.8,4.1
1367984,1942,4,0,"194203","194104",0,0,0,0,114.476,147.042,157.011,145.454,121.067,32.117,0,0,10.06,6.21,2.65,10.55,-7.34,-10.5,-11.78,-12.08,-12.74,-4.8,-1.89,24.21,4,5,3,1,0,0,0,0,0,0,1,3,230,231,214,168,72,63,22,28,44,96,142,213,0,0,0,1,24,30,58,57,56,11,3,0,168,125,180,228,364,356,439,432,401,331,248,180,43.318,51.722,88.213,105.576,145.171,148.948,159.168,145.612,122.462,86.289,55.297,37.545,28,23,25,28,31,30,31,31,30,30,29,30,1,0,0,0,0,0,0,0,0,0,0,1,159,119,103,183,31,2,2,0,1,54,63,297,66,63,54,59,57,56,57,56,51,54,59,65,-53.4,12.2,20.3,22.6,11.1,26,29,26.6,38.3,17,-27.9,-43.5,10.7,9.6,11.2,12.8,16.7,16.9,19.2,18.9,18.4,15.7,13.7,11.2,16,15.4,18.6,19.4,24,24.4,26.5,26.5,26.8,23.4,20.4,15.9,5.4,3.8,3.8,6.2,9.4,9.4,11.8,11.3,9.9,8,6.9,6.6
2299319,1943,4,4,"194303","194204",0,0,0,0,86.962,132.36,133.4,117.721,88.362,48.93,0,0,15.48,0.89,3.36,7.08,-4.34,-8.85,-9.04,-8.65,-7.98,-6.05,5.18,4.25,6,3,2,1,0,0,0,0,0,0,1,5,273,190,180,175,149,72,35,49,68,85,180,255,0,0,2,0,2,26,38,33,35,16,0,0,132,164,216,220,271,344,406,388,356,347,206,141,37.896,50.596,71.806,83.129,110.392,133.215,134.013,118.638,94.685,76.864,44.779,31.372,26,27,31,30,30,30,31,31,30,31,29,29,1,0,0,0,0,0,0,0,0,0,0,0,202,68,92,126,23,1,1,1,6,28,114,86,68,67,70,73,68,63,66,66,65,62,67,78,-52.3,11.1,15.7,18.2,18.3,22.6,33.6,28.4,39.3,17.3,-26.6,-42.7,9.3,11.3,12.5,12.6,13.6,16.5,18.1,17.5,16.9,16.2,12.3,9.7,14.2,16.6,17.2,16.8,18.8,22.7,23.7,23.1,22.6,22.4,17.5,13.6,4.5,6.1,7.8,8.3,8.5,10.3,12.5,11.9,11.2,9.9,7,5.8
1368038,1943,5,14,"194305","194206",0,0,0,38.338,128.685,134.422,138.384,122.198,89.451,44.122,0,0,16.24,1.73,4.96,-1.09,-8.62,-9.13,-9.65,-9.27,-8.25,-5.63,6,5.21,6,3,2,1,0,0,0,0,0,0,1,6,280,197,189,155,100,74,33,43,66,83,185,263,0,0,0,3,13,24,41,38,36,17,0,0,127,159,206,241,326,340,411,399,360,349,200,135,36.849,48.828,69.774,91.939,132.246,135.665,139.324,123.947,96.753,76.754,43.65,30.193,26,27,31,30,31,30,31,31,30,31,29,29,2,0,0,0,0,0,0,0,0,0,1,0,208,74,106,54,4,1,1,2,7,33,120,93,70,68,71,68,60,61,64,64,64,62,68,79,-52,10.8,15.4,19.6,13.3,22.8,32.5,28,39.3,17.3,-26.4,-42.5,9.1,11.1,12.1,13.3,15.5,16.4,18.3,17.9,17,16.2,12,9.4,13.8,16,16.6,18.3,22.1,22.8,24.3,23.8,22.9,22.4,17.1,13.1,4.5,6.1,7.6,8.3,8.8,9.9,12.3,11.9,11.1,10.1,7,5.7
1368040,1944,1,9,"194401","194302",0,0,0,71.131,132.378,143.531,155.045,144.348,116.792,69.802,61.429,0,-0.79,1.86,3.12,-4.1,-8.69,-9.83,-11.18,-11.5,-11.24,-7.7,-9.31,9.23,3,2,2,0,0,0,0,0,0,0,0,2,197,148,164,115,94,79,28,25,38,75,111,174,3,3,2,9,14,22,48,62,64,19,10,4,195,207,234,288,334,334,423,440,416,361,286,224,54.815,64.113,80.532,109.237,135.241,144.057,155.045,144.781,118.161,87.491,68.534,47.352,28,27,31,30,31,30,31,31,30,31,29,31,0,0,0,0,0,0,0,0,0,0,0,0,63,92,94,38,3,1,0,0,1,18,7,158,60,62,69,64,61,58,59,59,59,61,53,60,-54.8,13.2,16.7,21.5,16,24.7,32.7,29,40.3,18.5,-28.3,-44.2,11.8,13,13.1,14.8,15.7,16.1,18.6,19.2,18.9,16.6,15,12.7,18.2,19,17.9,20.6,22.2,23.2,25.6,26.2,25.9,23.1,22.8,18,5.4,6.9,8.2,8.9,9.3,9,11.7,12.2,11.9,10.2,7.1,7.4
3904091,1944,4,23,"194404","194305",22.782,0,48.029,95.638,167.601,174.871,200.608,184.337,155.003,93.567,68.822,0,-4.04,15.16,-3.41,-6.6,-12.98,-13.92,-17.81,-17.89,-18.97,-11.94,-10.89,11.79,4,5,1,0,0,0,0,0,0,0,0,3,210,220,159,135,38,30,4,4,9,35,90,203,3,0,6,8,55,65,152,167,162,62,22,3,189,142,247,266,428,421,553,567,546,439,317,197,58.299,60.834,101.592,122.833,168.481,176.315,200.608,184.949,159.653,108.274,75.645,50.063,26,22,29,28,31,30,31,31,30,31,29,29,0,1,0,0,0,0,0,0,0,0,0,0,36,216,54,27,1,1,0,1,5,15,7,186,55,59,54,54,52,49,49,50,46,52,49,53,-55.3,14,20.9,24.6,13.5,28,29.9,29.7,39.9,17.7,-28.8,-44.4,11.3,10,13.3,14,18.8,19.1,22.9,23.3,23.2,19.2,15.9,11.6,18.6,16.5,20.8,21.7,27.2,28,32.2,32.5,33.3,27.6,24.7,17.8,4.1,3.5,5.7,6.3,10.5,10.1,13.6,14.2,13.2,10.8,7.1,5.5
1367988,1944,5,5,"194404","194305",0,0,41.477,75.092,132.392,143.638,155.236,144.543,116.87,69.761,61.399,0,-0.76,20.45,-2.61,-4.34,-8.7,-9.84,-11.21,-11.54,-11.25,-7.7,-9.31,9.3,3,4,2,1,0,0,0,0,0,0,0,2,197,210,169,166,94,79,27,25,38,75,111,174,3,0,2,1,14,22,48,62,64,19,10,4,195,144,230,232,334,334,424,440,416,361,287,224,54.775,56.602,94.313,108.019,135.265,144.165,155.236,144.975,118.237,87.494,68.509,47.298,28,25,29,28,31,30,31,31,30,31,29,31,0,1,0,0,0,0,0,0,0,0,0,0,63,264,53,33,3,1,0,0,1,18,7,158,60,64,58,60,61,58,59,59,59,61,53,60,-54.8,12.8,19.9,22.8,16,24.7,32.6,29,40.3,18.5,-28.3,-44.2,11.8,10.4,12.9,12.9,15.7,16.1,18.7,19.2,18.9,16.6,15,12.7,18.2,16,19.6,19.3,22.2,23.3,25.6,26.2,25.9,23.1,22.8,18,5.4,4.7,6.1,6.4,9.3,9,11.7,12.2,11.9,10.2,7.1,7.4
469012,1944,7,21,"194407","194308",29.673,0,67.429,83.078,104.949,99.089,113.259,114.108,110.402,79.892,66.784,0,-4.12,3.96,-4.62,-4.86,-6.11,-5.74,-6.95,-8.2,-9.97,-7.99,-9.12,6.05,2,3,1,0,0,0,0,0,0,0,0,2,170,173,148,122,68,64,28,9,19,46,94,157,6,1,6,8,26,30,47,112,112,44,17,8,230,182,255,280,370,355,422,506,483,413,310,245,59.749,59.784,94.229,100.798,109.026,101.802,113.89,115.136,112.581,86.217,72.964,52.17,30,28,31,30,31,30,31,31,30,31,30,31,0,0,0,0,0,0,0,0,0,0,0,0,30,99,27,18,4,3,1,1,2,6,6,126,62,68,63,70,76,79,77,77,69,69,56,59,-54.7,12.5,18.9,19.9,23.7,20,41.1,32.6,42.6,19.7,-27.6,-44.2,12.8,12,13.6,14.5,16.9,16.8,18.6,21.3,21.1,18.4,15.7,13.3,19,17.1,19.6,19.3,20.7,20.2,22.3,25.1,26.4,23.5,23.1,18.6,6.7,6.9,7.7,9.6,13.1,13.5,14.9,17.5,15.8,13.2,8.2,8.1
2395595,1944,10,5,"194409","194310",0,0,40.334,88.974,140.604,153.826,182.086,184.327,140.335,90.301,67.497,0,-0.86,25.01,-2.83,-5.93,-9.6,-11.11,-14.86,-17.88,-15.59,-11.26,-10.77,13.77,4,5,2,1,0,0,0,0,0,0,0,3,215,230,176,167,94,63,14,7,20,55,115,200,3,0,3,3,16,31,81,124,109,36,11,3,183,132,226,231,333,357,469,522,479,395,284,196,58.119,61.151,102.528,119.346,144.625,154.569,182.879,185.195,141.678,103.532,73.847,49.767,25,21,27,27,30,30,31,31,30,31,27,29,0,1,0,0,0,0,0,0,0,0,0,0,69,315,62,30,4,1,1,1,1,13,6,208,54,56,51,52,56,54,50,46,50,51,47,54,-55.5,14.4,21.9,25.1,15,26.5,29.2,27.2,39.5,17.6,-28.9,-44.5,11.1,9.6,12.6,12.8,15.7,16.9,20.1,21.9,21,17.8,14.8,11.7,18.6,16.6,20.7,20.7,23.1,24.7,29.1,31.8,30,26.3,24,18,3.6,2.7,4.5,4.9,8.3,9.1,11.2,11.9,12,9.3,5.6,5.5
2411397,1945,3,24,"194503","194404",37.193,0,0,89.464,140.551,153.776,181.257,183.742,140.214,99.571,0,25.244,-5.75,7.4,5.63,-5.97,-9.58,-11.09,-14.7,-17.73,-15.53,-12.03,3.17,-5.42,4,3,3,1,0,0,0,0,0,0,1,2,231,180,236,167,95,63,15,8,20,56,163,180,2,2,0,3,15,30,78,121,107,36,3,6,172,179,167,231,332,356,465,518,476,392,229,223,58.667,66.446,89.175,119.522,144.21,154.507,182.052,184.629,141.511,102.22,60.247,56.462,23,25,24,27,30,30,31,31,30,31,28,28,0,0,0,0,0,0,0,0,0,0,0,0,21,151,128,30,4,1,1,1,1,3,112,31,52,56,56,52,56,54,50,46,50,52,58,60,-55.7,14.4,20.4,25.1,15,26.5,29.3,27.2,39.5,17.7,-27.4,-45.1,10.7,11.8,10.5,12.8,15.7,16.9,20,21.7,20.9,17.7,12.9,12.5,18.6,18.8,17.6,20.8,23,24.7,28.9,31.7,29.9,26,19.8,20.1,2.8,4.7,3.3,4.9,8.3,9.1,11.1,11.8,11.9,9.3,6,4.9
304556,1945,5,21,"194505","194406",53.285,0,0,115.611,147.253,152.698,188.664,191.1,144.04,101.413,0,27.839,-7.22,6.91,7.37,-8.87,-10.43,-11.11,-16.05,-19.37,-16.47,-12.36,9.38,-5.35,4,3,3,0,0,0,0,0,0,0,1,2,228,189,236,131,87,63,9,4,15,47,164,183,2,2,0,9,19,31,106,162,131,48,4,6,177,174,169,270,343,357,500,562,506,412,230,221,58.066,62.858,87.238,125.89,149.02,155.122,189.136,191.685,145.291,103.201,57.163,54.771,24,25,25,28,30,30,31,31,30,31,29,28,0,0,0,0,0,0,0,0,0,0,1,0,5,139,143,10,2,2,0,1,1,2,168,27,54,60,58,52,55,54,50,46,50,53,62,65,-55.3,13.6,19.7,25,16.5,26.3,31.3,29.4,40.8,17.9,-26.9,-44.8,10.8,11.4,10.5,14.1,16,16.9,21.1,23.2,21.9,18.3,12.9,12.4,18.3,17.8,17.2,22.2,23.7,24.8,30.2,33.1,30.8,26.4,18.9,19.4,3.3,5.1,3.7,6.1,8.4,9.1,12.1,13.3,13,10.3,6.8,5.3
98493,1945,7,17,"194507","194408",40.849,0,0,108.492,119.815,120.891,132.885,132.211,105.812,83.546,0,26.101,-5.7,4.39,2.91,-7.56,-7.24,-7.43,-8.74,-9.68,-9.38,-8.73,1.75,-5.19,3,2,2,0,0,0,0,0,0,0,1,2,199,151,205,137,106,76,23,35,40,72,144,155,2,3,0,5,10,23,57,46,61,22,2,8,192,205,190,263,319,337,436,414,410,366,247,246,56.956,64.153,83.645,111.992,122.146,121.602,132.885,132.795,107.144,85.947,56.345,55.956,27,27,29,29,31,30,31,31,30,31,29,30,0,0,0,0,0,0,0,0,0,0,0,0,16,115,92,4,2,1,0,1,1,2,89,30,57,62,63,60,66,69,70,63,65,63,64,63,-55.3,13.2,18.3,22.7,18.6,22.9,36.3,29.7,40.7,18.6,-26.9,-45,11.7,12.9,11.5,13.9,15.2,16.3,19.1,18.4,18.7,16.8,13.6,13.4,18.6,19,17.3,20.4,20.6,21.3,24.1,24.5,24.5,23,19.4,20.5,4.8,6.8,5.7,7.4,9.8,11.2,14.1,12.2,12.9,10.7,7.9,6.4
2324177,1946,7,27,"194607","194508",7.139,0,25.441,110.213,116.667,152.597,160.975,146.011,118.458,30.173,0,0,-1.71,0.54,-1.03,-8.29,-7.16,-11.03,-12.08,-11.99,-12.26,-4.29,-0.35,12.12,7,6,3,0,0,0,0,0,0,0,1,5,284,245,211,142,108,48,19,30,35,72,188,242,0,0,0,5,11,42,66,53,70,24,0,0,125,115,184,255,316,382,449,426,425,366,198,155,42.894,50.462,78.129,114.465,129.815,153.199,162.247,146.843,119.619,81.457,45.9,35.034,23,22,28,28,30,30,31,31,30,31,28,29,0,0,0,0,0,0,0,0,0,0,0,1,36,58,53,4,13,1,1,1,1,51,58,170,61,62,63,55,61,56,56,54,55,61,66,66,-53.5,12.2,17.8,23.7,14,24.6,27.9,26.1,38.2,17.1,-26.6,-43.2,9,9.1,11.3,13.7,15.1,17.8,19.5,18.7,19.2,16.8,11.9,10.1,15.1,15,17.1,21.2,21.6,25.3,27.1,26.6,27,23.4,17.3,14.7,2.8,3.2,5.4,6.3,8.7,10.2,11.9,10.9,11.3,10.2,6.5,5.6
2288810,1947,2,16,"194702","194603",30.297,46.454,0,113.889,135.936,170.997,192.92,182.693,149.588,83.729,0,0,-4.53,-6.08,4.46,-8.79,-9.05,-13.41,-16.77,-17.67,-17.55,-10.2,8.54,3.06,6,2,2,0,0,0,0,0,0,0,1,3,277,168,191,103,103,37,5,6,17,88,172,215,0,3,2,15,13,55,134,139,119,17,2,2,135,190,210,302,323,405,535,539,491,342,220,184,57.505,70.747,96.794,128.777,138.737,171.516,194.496,183.622,151.693,101.139,62.758,49.274,17,24,27,29,30,30,31,31,30,29,26,27,0,0,0,0,0,0,0,0,0,0,1,0,27,24,127,15,3,1,2,1,2,17,171,99,48,53,54,53,58,50,50,48,45,48,53,59,-55.4,15.1,21,24.9,16,25.7,27.5,27.3,38.8,17.7,-27.7,-44.4,9.2,12.2,12.1,15.2,15.4,18.5,22.3,22.4,21.4,16,12.6,11.2,17.7,20,19.6,23.2,22.3,27.3,31.3,31.9,31.5,25,20.2,17.5,0.8,4.4,4.6,7.3,8.4,9.7,13.2,12.9,11.3,7,4.9,4.8
1368004,1947,3,7,"194702","194603",18.77,0,41.965,121.428,153.469,187.124,211.255,191.618,140.263,80.341,0,0,-1.5,0.02,-2.98,-10.17,-11.75,-16.16,-20.39,-20.36,-17.48,-10.3,0.01,4.27,17,4,2,0,0,0,0,0,0,0,2,9,391,211,205,97,48,14,2,4,14,86,228,322,0,0,2,18,45,99,198,167,133,21,0,0,59,150,197,308,406,482,599,568,509,346,164,96,34.878,49.331,80.685,128.169,163.268,187.986,212.449,192.111,142.505,87.49,45.07,27.676,14,25,28,29,31,30,31,31,30,30,25,25,1,0,0,0,0,0,0,0,0,0,1,1,16,57,39,7,10,1,1,0,2,7,63,74,61,64,60,50,50,47,45,42,45,51,60,73,-51.6,11.3,18.4,24.9,7.5,28.2,19.3,22.6,37,15.9,-26.8,-42.1,5.5,10.3,11.5,15.5,18.1,21.1,24.4,23.3,22,16.1,10.4,7.5,11.4,15.9,18,24.1,26.9,30.7,34.7,34.2,32.1,24.6,16.8,11.4,-0.4,4.8,5.1,6.8,9.4,11.4,14.1,12.5,11.9,7.7,4.1,3.7
304543,1948,2,1,"194801","194702",64.828,60.958,77.04,126.941,162.263,179.06,227.705,188.869,159.602,107.099,61.39,0.949,-9.43,-8.19,-6.62,-10.39,-12.58,-14.77,-22.85,-19.03,-19.99,-13.48,-8.72,-2.37,2,1,1,0,0,0,0,0,0,0,1,4,164,119,120,73,33,18,2,3,7,41,162,216,8,10,14,27,65,92,202,172,184,56,4,3,242,248,292,343,443,464,603,573,570,426,232,181,66.966,77.952,105.438,135.911,167.77,180.189,228.126,192.276,162.03,109.722,66.388,53.904,27,27,30,30,31,30,31,31,30,31,26,25,0,0,0,0,0,0,0,0,0,0,0,0,2,17,28,9,6,1,0,3,2,3,5,53,49,52,56,53,54,51,42,47,46,50,51,57,-57,15.4,20.7,24.8,14.2,27.4,27.9,29.9,40.1,17.6,-27.9,-44.7,13,14.2,14.7,16.6,19.3,20.5,24.5,23.5,24.1,18.8,12.9,11,21.5,22.3,22.1,24.7,27.4,29.2,35.6,33.3,34,27.6,21,18.4,4.6,6,7.3,8.6,11.3,11.8,13.4,13.7,14.1,9.9,4.8,3.5
1368052,1948,5,6,"194804","194705",13.104,6.404,0,0,162.236,163.78,198.551,174.597,147.428,0,22.241,1.519,-3.19,-0.67,4.03,6.67,-13.16,-13.58,-18.27,-17.5,-19.32,-0.87,-4.39,-0.95,6,8,5,1,0,0,0,0,0,0,2,10,281,278,286,215,36,13,4,6,13,85,232,329,0,0,0,0,61,102,148,132,140,21,0,0,134,96,127,180,435,484,549,533,517,347,161,91,45.407,49.038,74.097,89.543,168.375,176.299,199.056,176.48,147.972,79.733,46.808,34.265,19,17,22,27,31,30,31,31,30,31,23,19,0,0,0,1,0,0,0,0,0,0,0,0,32,43,96,128,6,13,1,2,1,88,25,33,53,58,58,64,50,52,47,47,43,58,57,69,-54.7,12.6,18.6,20.7,5.5,28.3,20.6,23.2,36,16.6,-27.1,-43.2,9.1,7.9,8.9,11,19.1,21.2,22.7,22.2,22.3,16.2,10.3,7.3,16.7,14.6,15.5,16.7,27.9,29.6,32.5,31.9,33,23.2,17.2,13.4,1.5,1.3,2.2,5.4,10.2,12.7,12.9,12.5,11.6,9.2,3.4,1.3
1368003,1948,6,28,"194806","194707",16.149,0,0,0,70.556,96.253,123.916,113.398,98.921,0,16.174,0,-3.76,1.78,6.21,9.77,-2.73,-5.37,-7.73,-7.9,-8.91,5.37,-3.24,0.26,4,6,5,1,0,0,0,0,0,0,2,6,213,242,272,228,198,128,89,78,88,132,241,270,1,0,0,0,0,8,11,17,25,2,0,0,176,115,129,165,215,270,326,344,327,289,148,129,49.374,48.967,70.59,77.984,98.283,100.156,125.338,114.889,100.241,68.857,47.595,38.594,26,23,26,28,30,30,31,31,29,30,23,24,0,0,0,1,0,0,0,0,0,0,0,0,33,68,113,146,28,4,1,1,1,125,31,55,57,65,65,72,71,74,65,66,60,66,59,68,-55.1,11.8,17.2,18.4,21.1,21.7,35.4,28.6,39,18.2,-26.8,-43.7,11.2,9.2,9.3,10.5,11.9,14,15.5,16.1,15.9,14.3,10,9.2,18,14.7,14.8,14.8,16.4,18,21.1,21.6,22.5,19.7,16.6,15,4.3,3.7,3.8,6.2,7.3,10,9.8,10.5,9.2,8.9,3.4,3.4
2291878,1949,3,17,"194903","194804",0,6.441,49.714,74.841,151.955,144.163,190.351,180.728,146.485,94.3,71.326,0,4.66,-1,-3.19,-4.62,-10.83,-10.36,-16.13,-17.11,-16.71,-11.41,-10.63,0.12,13,5,2,0,0,0,0,0,0,0,0,4,357,221,185,95,66,28,5,5,11,39,109,225,0,0,4,17,29,69,132,146,149,57,15,1,81,144,222,312,374,429,533,547,529,431,293,172,42.854,60.319,91.098,123.379,153.56,158.79,191.004,181.44,147.655,102.718,72.652,51.296,18,22,29,30,31,30,31,31,30,31,28,25,2,0,0,0,0,0,0,0,0,0,0,0,83,54,41,49,2,15,1,1,1,8,1,72,63,59,60,57,55,58,51,50,51,55,50,57,-52,13.9,19.4,23.5,15.3,26.9,30.4,29.3,40.3,17.9,-28.6,-44.5,6.6,10,12.3,15.6,17.1,19.3,22.2,22.7,22.7,18.9,15.1,10.7,12.2,16.5,18.8,22.6,24.7,26.5,30.9,31.8,31.5,26.6,23.6,17.6,1,3.5,5.8,8.5,9.4,12.1,13.5,13.6,13.8,11.2,6.5,3.7
2315912,1949,3,31,"194903","194804",0,0,0,15.446,115.246,137.507,158.806,144.51,118.405,72.873,37.522,0,0.85,3.3,6.31,1.44,-7,-9.38,-11.68,-11.81,-12.12,-8.58,-6.03,6.72,19,7,2,1,0,0,0,0,0,0,1,10,401,268,206,169,114,49,29,28,49,92,192,329,0,0,0,2,10,41,46,56,50,15,0,0,51,101,193,227,310,381,421,431,391,337,194,86,35.444,43.742,69.39,95.671,128.964,138.989,159.248,145.284,119.591,83.001,52.498,31.877,14,23,30,29,30,30,31,31,29,30,26,22,1,1,0,0,0,0,0,0,0,0,0,1,37,73,117,80,14,1,0,1,1,10,15,102,62,69,71,65,61,63,55,56,52,57,56,63,-51.4,10.8,15.6,20.6,14.2,24.6,28.5,26.2,38.2,17,-27.6,-42.7,5.2,8.3,11.5,12.8,14.9,17.7,18.6,18.9,18,15.8,11.8,7.3,10.9,13,16,18.3,21.4,23.9,26.2,26.5,26.4,23.1,18.9,11.9,-0.5,3.5,6.9,7.3,8.5,11.5,10.9,11.3,9.7,8.6,4.6,2.6
2385707,1950,3,27,"195003","194904",0,0,9.807,99.659,97.179,123.478,118.838,109.246,102.626,69.354,0,0,21.23,4.9,0.56,-6.96,-5.2,-7.72,-7.21,-7.39,-9.52,-7.33,-3.04,2.54,12,5,3,1,0,0,0,0,0,0,0,7,348,226,221,175,158,100,90,86,70,161,124,290,0,0,0,1,2,15,10,15,34,0,10,0,77,130,175,221,262,306,324,333,354,256,273,116,36.042,54.597,80.912,104.1,110.859,125.22,121.976,115.012,106.049,75.213,60.918,39.399,20,22,27,28,30,30,31,31,30,29,28,22,5,0,0,0,0,0,0,0,0,0,0,0,246,110,71,4,14,2,3,6,3,6,64,76,67,59,60,59,67,64,67,65,58,58,53,65,-51.5,12.9,18.6,22.6,18.2,22.7,36.2,28.7,38.9,17.9,-28.7,-43.8,6.9,9.8,10.9,12.5,13.3,15.2,15.4,15.7,16.8,13.2,14.4,8.6,11.8,16.2,17.3,19.1,18.6,21,20.8,21.4,23.7,20,22.2,14.8,2,3.3,4.6,6,8.1,9.4,10,10,9.8,6.4,6.6,2.4
2334980,1950,3,30,"195003","194904",0,0,19.513,110.912,110.32,137.889,129.186,119.145,111.416,76.907,4.596,0,19.45,2.99,-0.44,-8.26,-6.42,-9.19,-8.19,-8.42,-10.81,-8.54,-4.08,1.32,11,4,3,0,0,0,0,0,0,0,0,6,338,215,213,144,133,78,73,74,57,142,117,280,0,0,0,6,6,22,15,19,43,2,12,0,84,140,182,254,289,334,346,349,376,277,282,124,38.221,56.617,83.148,114.601,122.447,138.856,132.312,122.397,113.764,81.731,62.724,41.2,20,22,27,28,30,30,31,31,30,29,28,22,4,0,0,0,0,0,0,0,0,0,0,0,232,95,64,4,12,1,3,3,2,5,58,68,65,58,59,55,63,59,63,62,55,54,52,63,-52,13.2,19,23.8,15.9,24,34.3,28.3,38.7,17.4,-29,-44,7.2,10.2,11.2,13.7,14.2,16.2,16.1,16.2,17.5,13.9,14.7,8.9,12.6,16.9,17.8,21.1,20.3,22.9,22.2,22.5,25.2,21.6,22.8,15.5,1.8,3.5,4.7,6.3,8.2,9.4,10.1,10,9.9,6.2,6.6,2.3
2292239,1950,5,20,"195005","194906",0,0,19.791,67.74,86.815,106.925,98.194,85.204,82.398,61.475,14.847,0,15.24,2.6,-0.44,-3.84,-4.39,-6.36,-5.56,-5.28,-6.99,-6.32,-3.98,1.17,10,4,3,1,0,0,0,0,0,0,0,6,327,212,208,165,175,100,114,107,75,140,111,281,0,0,0,2,0,15,6,9,31,2,13,0,90,140,184,231,243,306,293,301,345,279,288,122,30.845,47.113,69.49,94.95,99.64,107.816,99.43,88.086,84.147,65.866,51.06,32.778,25,26,30,29,30,30,31,31,30,30,30,27,3,0,0,0,0,0,0,0,0,0,0,0,183,78,50,27,13,1,1,3,2,4,36,54,76,69,70,66,71,73,76,77,72,67,65,76,-50.2,10.7,15.7,20.4,20.7,20.1,41,30.6,39.5,18.3,-27.6,-42.9,7.6,10.3,11.4,12.9,12.7,15.2,14.5,14.8,16.5,13.9,15,8.9,11.2,15.1,16.1,18.4,17.2,19.6,18.3,18.4,21.1,19.2,20.6,13.4,3.9,5.5,6.7,7.5,8.2,10.9,10.7,11.2,11.9,8.7,9.3,4.4
2450089,1950,6,10,"195006","194907",0,0,18.661,70.573,102.781,118.51,118.165,109.628,104.207,72.399,3.457,0,20.52,3.56,-0.31,-4.08,-5.59,-7.16,-7.11,-7.37,-9.63,-7.72,-3.86,1.57,11,4,3,1,0,0,0,0,0,0,0,6,340,216,212,165,166,115,89,87,68,153,117,279,0,0,0,2,0,11,11,14,35,0,12,0,82,139,182,231,253,286,325,332,357,264,281,125,37.507,55.999,82.193,109.593,119.005,120.785,120.715,112.957,106.618,77.389,62.242,41.04,20,23,27,28,30,30,31,31,30,29,28,22,4,0,0,0,0,0,0,0,0,0,0,0,242,99,64,39,16,2,3,3,2,5,59,70,66,59,60,57,62,65,68,66,58,57,53,64,-51.8,13.1,18.7,23.4,16.6,24.3,36.6,29,39,17.7,-28.9,-44,7.2,10.2,11.2,12.9,13,14.6,15.5,15.7,16.9,13.5,14.7,8.9,12.3,16.7,17.6,20,19.2,20.2,20.7,21.2,23.9,20.5,22.7,15.4,2,3.6,4.8,5.8,6.9,8.9,10.2,10.2,9.9,6.4,6.7,2.4
375714,1951,3,12,"195103","195004",7.851,41.12,78.13,100.028,109.842,121.324,128.462,129.992,104.103,101.772,47.869,61.899,-1.84,-4.45,-5.78,-6.67,-6.33,-7.58,-8.55,-9.57,-9,-11.4,-7.37,-9.19,3,2,1,0,0,0,0,0,0,0,0,1,194,162,142,89,99,51,10,14,28,27,75,115,4,3,7,18,14,39,98,91,83,80,30,20,200,196,263,320,327,377,490,479,445,466,339,298,58.668,67.24,96.561,108.544,113.468,122.138,129.97,130.918,105.863,102.61,72.924,65.887,28,27,31,30,31,30,31,31,30,31,30,31,0,0,0,0,0,0,0,0,0,0,0,0,51,26,18,9,4,1,2,1,2,1,25,4,60,61,62,68,72,72,74,69,70,61,58,57,-54.5,13.9,19.2,20.4,23,21.2,39.1,32.4,42.7,19,-27.7,-45.2,11.9,12.4,13.9,15.8,15.5,17.6,20.8,20.5,19.8,20.1,16.6,15,18.2,18.7,20.1,21,20,22.2,25.1,25.6,24.9,26.8,23.7,22.6,5.6,6.2,7.7,10.6,11,13,16.6,15.3,14.8,13.4,9.6,7.4
3904070,1951,3,20,"195103","195004",0,26.64,79.785,91.638,115.932,132.244,142.256,141.314,96.107,88.28,33.035,56.632,0.8,-3.37,-6.49,-6.17,-7.06,-8.74,-10.16,-11.22,-8.51,-10.36,-6.31,-8.92,2,2,1,0,0,0,0,0,0,0,0,1,175,153,132,81,95,50,8,12,33,30,57,82,5,3,9,22,15,40,111,98,73,74,44,35,224,204,273,331,333,379,506,488,431,456,371,344,54.52,64.16,98.85,109.692,118.191,133.454,142.256,142.223,103.857,96.773,67.596,59.315,30,27,31,30,31,30,31,31,30,31,30,31,0,0,0,0,0,0,0,0,0,0,0,0,77,38,19,18,2,1,0,1,8,8,35,3,64,62,59,67,69,66,70,64,69,62,62,61,-54.6,13.2,19.8,20.5,20.7,22,36.1,30.6,41.7,18.3,-28,-45.2,12.6,12.8,14.3,16.2,15.7,17.6,21.3,20.8,19.4,19.8,17.7,16.5,18.4,18.8,20.9,21.6,20.6,23.2,26.4,26.9,24.6,26.3,24,22.9,6.8,6.7,7.6,10.8,10.8,12.1,16.3,14.6,14.2,13.2,11.4,10.2
375726,1951,4,7,"195103","195004",0,32.199,78.725,91.794,111.612,124.874,127.21,120.72,85.919,82.351,37.668,54.502,-0.81,-3.66,-6.05,-5.99,-6.54,-7.8,-8.34,-8.54,-7.01,-9.08,-6.12,-8.31,2,2,1,0,0,0,0,0,0,0,0,1,168,155,149,91,110,66,16,27,44,37,62,83,6,2,5,17,10,29,74,58,56,58,38,34,230,200,252,317,315,352,459,434,401,434,360,340,53.516,62.201,93.927,106.89,112.622,126.147,127.21,121.79,93.259,91.475,63.768,57.77,31,28,30,30,31,30,31,31,30,31,30,31,0,0,0,0,0,0,0,0,0,0,0,0,58,30,15,15,1,1,0,1,7,9,26,3,66,64,61,68,71,68,74,70,73,64,65,63,-54.3,12.8,19.2,20.3,21.3,21.5,38,31,41.7,18.6,-27.6,-45.1,12.9,12.7,13.6,15.8,15.1,16.8,19.8,19,18.4,19,17.4,16.5,18.4,18.4,19.9,21,19.7,22,24.2,23.9,22.8,25.1,23.1,22.5,7.4,7,7.3,10.5,10.5,11.5,15.4,14.1,14,13,11.7,10.5
3904081,1951,4,21,"195104","195005",0,26.718,79.806,56.79,115.82,132.037,141.836,140.928,95.888,88.208,33.117,56.64,0.77,-3.37,-6.49,-2.62,-7.05,-8.72,-10.11,-11.17,-8.48,-10.34,-6.31,-8.92,2,2,1,0,0,0,0,0,0,0,0,1,175,153,132,109,95,50,8,12,33,30,57,82,5,3,9,12,15,40,111,98,73,73,44,35,224,204,273,294,333,379,506,488,430,456,371,344,54.522,64.141,98.802,95.183,118.067,133.247,141.836,141.84,103.598,96.663,67.561,59.312,30,27,31,30,31,30,31,31,30,31,30,31,0,0,0,0,0,0,0,0,0,0,0,0,76,37,19,38,2,1,0,1,8,8,34,3,64,62,59,73,70,66,70,64,69,62,62,61,-54.6,13.2,19.8,18.7,20.7,22,36.2,30.6,41.7,18.3,-28,-45.2,12.6,12.8,14.3,15,15.7,17.6,21.3,20.7,19.4,19.8,17.7,16.5,18.4,18.8,20.9,19.3,20.6,23.2,26.4,26.9,24.5,26.3,24,22.9,6.8,6.7,7.6,10.6,10.8,12.1,16.3,14.6,14.2,13.2,11.4,10.2
3476616,1951,4,22,"195104","195005",0,0.663,65.52,103.697,171.607,193.24,223.195,201.381,127.795,54.429,0,0,1.99,-0.64,-5.5,-8.24,-14.27,-17.28,-22.92,-22.55,-15.21,-8.59,2.72,3.33,10,5,2,0,0,0,0,0,0,0,0,4,329,228,194,85,31,9,1,1,14,44,122,230,0,0,4,23,72,133,272,247,136,57,13,2,99,138,211,326,447,516,673,648,513,419,282,173,34.716,51.622,90.31,127.006,178.996,194.187,223.195,201.619,136.655,97.26,52.188,32.014,23,23,27,29,31,30,31,31,30,31,30,30,1,0,0,0,0,0,0,0,0,0,0,0,55,51,25,23,7,1,0,0,9,43,104,78,70,62,54,53,46,47,47,45,51,51,63,64,-51.2,12.1,20.1,24.1,7,29.7,20.9,24.1,38.7,15.8,-27.6,-42.8,7.5,9.7,12,16,19.5,22.2,26.8,26,22.1,18.5,14.5,10.5,12,15.7,19.5,24,29.1,31.8,36.8,36.3,31,27.1,20.4,14.2,3,3.8,4.4,8.1,9.9,12.6,16.7,15.6,13.3,10,8.5,6.8
2358602,1951,8,23,"195108","195009",0,0,5.721,0,87.316,123.321,150.335,132.359,70.067,0,0,0,12.91,12.29,3.07,7.49,-4.5,-9.71,-13.41,-12.74,-7.2,1.4,27.61,20.8,70,59,48,12,1,0,0,0,0,2,9,23,563,496,523,399,319,176,73,94,197,264,353,425,0,0,0,0,0,3,15,13,5,0,0,0,6,7,12,45,99,215,345,322,199,152,73,40,0,37.17,57.636,78.026,105.533,132.268,155.342,137.212,88.709,68.511,39.459,31.111,4,2,2,8,16,26,31,30,26,21,15,11,34,44,21,19,2,0,0,0,1,1,13,11,142,139,52,113,18,9,5,5,19,97,321,239,58,50,49,55,55,52,51,51,57,54,61,52,-49.2,14.5,19.9,23.4,22.3,26.5,33.3,30,41.5,18.3,-25.5,-42.6,-0.1,0.2,1.2,4.7,7.7,12.2,16.1,15.4,11.5,9.5,6.3,4.2,5.7,7.3,8.6,11.5,14.8,20.1,24.5,23.6,18.3,16.9,12.2,9.9,-5.8,-7,-6.2,-2,0.6,4.2,7.7,7.1,4.6,2.1,0.3,-1.4
469021,1952,4,1,"195203","195104",0,53.326,0,46.763,108.028,99.259,116.918,103.593,96.626,69.885,34.716,0,4.42,-5.5,5.74,-1.65,-6.34,-5.95,-7.48,-6.99,-8.18,-7.08,-4.76,3.88,4,2,2,0,0,0,0,0,0,0,0,3,216,149,191,104,80,47,14,16,26,44,104,194,2,4,1,13,20,43,83,86,90,46,14,3,182,211,209,302,353,383,472,472,454,417,298,202,48.349,63.678,71.301,84.016,109.129,100.015,118.139,111.364,98.616,87.574,60.482,46.371,30,28,31,30,31,30,31,31,30,31,30,31,0,0,0,0,0,0,0,0,0,0,0,0,96,10,106,37,1,1,1,8,2,18,26,94,71,66,75,80,75,81,78,77,74,68,67,58,-52.5,12.9,15.1,16.6,23.7,20.2,40.5,32.6,42.8,19.6,-26.6,-43.7,11.1,12.9,12,15.2,16.4,17.8,20.2,20.2,20.1,18.5,15.3,12,15.6,18.3,15.8,18.4,20.3,20.9,23.9,24,24.4,23.8,20.5,16.6,6.5,7.5,8.2,12,12.4,14.7,16.6,16.5,15.9,13.2,10,7.4
5504845,1952,4,22,"195204","195105",0,57.31,0,83.544,154.735,180.426,216.043,193.845,155.94,93.523,47.639,0,7.11,-6.78,3.99,-5.57,-11.6,-14.96,-21.17,-20.26,-19.86,-12.26,-7.66,4.92,7,3,4,0,0,0,0,0,0,0,1,5,284,185,247,105,51,19,1,2,7,40,135,251,0,2,0,16,42,89,229,202,183,58,10,1,134,180,163,301,400,460,630,603,568,426,265,154,50.566,67.943,82.809,123.131,164.692,181.243,218.49,198.333,163.567,110.504,68.188,48.149,22,24,26,29,31,30,31,31,30,31,28,24,1,0,0,0,0,0,0,0,0,0,0,0,128,11,103,40,10,1,2,4,8,17,21,113,59,55,61,57,52,50,48,47,45,49,52,50,-53.7,14.7,18.9,23.6,14.9,28.2,29.2,29.9,40.2,17.6,-28.1,-44.2,9,11.6,10.1,15.2,17.9,20.4,25.4,24.5,24,18.8,14,9.8,15.4,18.9,16.3,22.4,26.3,29.2,35.2,34.4,34.2,27.7,22,16.3,2.5,4.2,3.9,7.9,9.5,11.5,15.6,14.6,13.8,9.8,6,3.4
375708,1952,5,1,"195204","195105",0,54.878,0,50.663,109.171,99.949,116.169,101.795,92.382,64.582,41.466,0,5.94,-5.7,5.81,-1.79,-6.3,-5.86,-7.32,-6.69,-7.62,-6.42,-5.67,5.97,5,3,3,0,0,0,0,0,0,0,0,3,245,171,227,148,106,66,20,25,37,64,121,214,0,2,0,4,10,29,62,62,67,27,8,0,160,187,175,251,320,353,444,440,420,379,276,182,49.508,63.649,72.713,87.267,110.772,100.713,116.169,110.343,96.162,85.615,62.397,47.446,28,27,29,30,31,30,31,31,30,31,30,29,1,0,0,0,0,0,0,0,0,0,0,0,114,9,108,37,2,1,0,9,4,21,21,117,66,63,72,75,73,79,77,76,73,66,63,56,-52.9,13.3,16.1,18.1,23.2,21,40.6,32.5,42.6,19.4,-27,-43.9,10.2,12.1,10.8,13.5,15.2,16.8,19.3,19.2,19,17.2,14.5,11.2,15.5,17.9,15.1,17.4,19.6,20.1,23,23.1,23.4,22.8,20.6,16.4,5,6.2,6.4,9.6,10.9,13.5,15.6,15.3,14.6,11.7,8.5,6
2262517,1952,5,10,"195205","195106",0,55.103,0,60.153,125.353,108.784,128.555,117.577,97.376,77.367,38.375,0,9.15,-5.93,4.95,-2.73,-7.86,-6.55,-8.42,-8.26,-8.37,-8,-5.53,5.76,4,2,3,0,0,0,0,0,0,0,0,3,238,152,213,131,67,56,15,21,30,52,108,207,1,4,0,7,27,35,77,72,79,38,12,1,165,207,186,270,372,368,464,453,439,400,292,189,49.299,64.081,76.653,92.493,126.111,109.728,129.47,120.388,102.028,86.686,61.386,45.63,28,28,30,30,31,30,31,31,30,31,30,30,1,0,0,0,0,0,0,0,0,0,0,0,147,9,104,32,1,1,1,3,5,9,23,114,66,63,69,73,68,76,73,72,71,66,64,61,-53.2,13.1,16.8,18.7,19.9,21.8,38.4,31.8,42.1,19,-27.1,-43.9,10.5,12.8,11.2,14.1,17,17.3,20,19.6,19.6,17.9,15.1,11.5,15.8,18.7,16,18.4,22.1,21.1,24.4,24.2,24.5,23.6,21,16.5,5.2,7,6.4,9.8,11.8,13.5,15.5,15,14.8,12.3,9.2,6.5
2262518,1952,5,24,"195205","195106",0,48.447,0,56.94,122.284,110.778,135.428,116.921,95.987,74.55,27.605,0,17.06,-5.31,8.6,-2.58,-7.74,-6.83,-9.23,-8.42,-8.37,-7.99,-4.6,7.46,4,2,2,0,0,0,0,0,0,0,0,3,217,138,201,123,68,56,14,18,30,42,90,185,2,5,0,8,26,35,81,78,79,49,19,3,178,222,197,278,371,368,469,462,439,423,315,213,45.699,60.897,74.774,91.813,123.333,111.746,136.239,121.559,98.642,85.67,59.808,43.075,30,28,30,30,31,30,31,31,30,31,30,31,1,0,0,0,0,0,0,0,0,0,0,0,222,12,140,35,1,1,1,5,3,11,32,129,71,68,71,74,70,75,70,72,72,68,67,67,-52.5,12.1,16.1,18.4,19.9,21.6,37,31.4,41.9,19,-27,-43.7,11,13.4,11.7,14.4,16.9,17.3,20.1,19.9,19.7,18.7,15.9,12.3,15.5,18.5,16.1,18.6,21.9,21.3,25,24.6,24.2,24,21.3,16.6,6.6,8.3,7.2,10.3,12,13.3,15.2,15.2,15.1,13.3,10.5,8.1
2311342,1952,5,29,"195205","195106",0,0,0,52.034,96.787,76.935,87.595,72.545,64.9,30.141,0,0,19.84,2.37,6.33,-2.47,-5.32,-4.13,-4.82,-4.3,-5.08,-3.15,4.04,15.33,8,4,3,1,0,0,0,0,0,0,1,5,298,197,233,182,154,149,131,117,101,113,152,260,0,0,0,0,1,5,5,8,21,4,0,0,111,151,162,213,266,241,274,289,310,311,235,134,30.681,42.794,63.709,75.613,105.164,78.045,88.111,76.973,67.443,62.356,40.796,29.806,28,28,30,30,30,30,31,31,30,31,30,29,2,0,0,0,0,0,0,0,0,0,0,1,232,70,111,24,8,1,1,4,3,32,95,193,78,75,73,77,70,83,80,82,80,73,74,81,-50.2,9.4,14.8,16.9,19.3,20.4,43.6,31.3,39.9,18.6,-25.8,-42.4,8.5,10.8,10.6,12.3,13.5,13.1,13.8,14.3,15.3,15,13.3,9.5,11.9,14.7,14.7,15.9,18.2,15.7,16.9,17.1,18.5,19.4,17.3,13.1,5.2,7,6.4,8.7,8.7,10.4,10.7,11.5,12.2,10.6,9.3,6
2411987,1952,10,17,"195210","195111",0,0,0,51.032,97.824,74.097,90.095,87.375,81.656,55.875,0,0,20.3,2.49,6.71,-2.36,-5.4,-3.52,-5.11,-5.48,-6.9,-5.6,3.98,15.91,7,4,3,1,0,0,0,0,0,0,1,5,296,199,236,184,155,167,102,111,77,119,153,259,0,0,0,0,1,4,8,9,30,4,0,0,112,150,159,211,264,224,305,297,342,304,235,135,30.658,42.654,63.105,76.124,106.168,84.372,90.678,88.14,83.975,58.821,40.622,29.699,28,28,29,30,30,30,31,31,30,31,30,30,2,0,0,0,0,0,0,0,0,0,0,1,236,71,114,25,8,10,1,1,2,3,94,198,78,75,73,76,69,79,80,77,72,75,75,81,-50.2,9.4,14.7,17,19.1,22.1,43,30.5,39.5,18.9,-25.8,-42.4,8.6,10.8,10.5,12.2,13.4,12.5,15,14.6,16.4,14.8,13.3,9.6,11.9,14.6,14.6,15.9,18.3,15.6,18,18.2,21,18.7,17.3,13.1,5.3,6.9,6.4,8.6,8.6,9.3,11.9,11,11.8,10.8,9.3,6.1
3514143,1953,2,1,"195301","195202",0,0,0,61.681,128.13,115.442,132.292,123.085,112.059,79.593,0,0,3.98,0.79,9.26,-3.14,-8.23,-6.84,-8.62,-8.86,-11.07,-8.96,0.54,16.95,3,4,4,1,0,0,0,0,0,0,1,5,197,204,251,170,124,130,54,73,53,98,203,242,2,0,0,1,7,8,23,19,46,11,0,0,191,147,148,226,299,267,371,351,384,330,180,153,46.646,54.396,74.388,101.372,135.702,119.951,134.239,123.732,115.894,81.817,55.083,37.264,29,24,26,29,30,30,31,31,30,30,24,28,0,0,0,0,0,0,0,0,0,0,0,1,104,70,150,40,8,5,2,1,4,2,84,222,64,62,63,62,56,64,64,62,54,58,52,64,-54.2,12.4,17.6,21.8,13,26.2,33.9,28.3,38.6,17.4,-27.9,-43.5,11.8,10.6,10,12.7,14.6,13.9,17,16.3,17.8,15.6,11.3,10.1,17.5,16.6,15.7,18.9,21.8,19.7,22.9,22.6,25.6,22.5,19.1,15,6.1,4.6,4.3,6.6,7.3,8.1,11,10,10,8.7,3.5,5.2
921047,1953,2,17,"195302","195203",0,61.772,0,60.069,114.729,105.855,117.113,109.605,101.875,72.62,0,0,0.27,-7.28,12.37,-2.83,-6.83,-6,-7.07,-7.29,-8.98,-7.3,1.47,9.94,3,4,4,1,0,0,0,0,0,0,1,5,181,194,266,187,151,148,89,93,73,118,177,240,3,0,0,0,0,6,11,13,32,4,0,0,212,153,136,209,269,243,325,324,349,305,209,153,49.936,65.124,72.634,92.441,117.125,108.352,118.187,110.475,103.798,75.016,55.623,42.003,30,22,26,29,30,30,31,31,30,31,27,28,0,0,1,0,0,0,0,0,0,0,0,0,67,3,175,32,2,2,1,1,2,2,88,155,66,54,66,68,65,69,70,68,62,66,60,66,-54.2,14.7,17.2,20.2,18.3,23.3,38,30,40,18.8,-27.2,-43.8,12.4,10.9,9.5,12.1,13.6,13.1,15.4,15.4,16.6,14.8,12.3,10.2,17.9,18.5,14.7,17.2,19.2,18,20.4,20.5,22.9,20.3,18.8,15.5,7,3.4,4.3,7,8,8.2,10.5,10.3,10.3,9.2,5.8,4.9
2262519,1953,2,28,"195302","195203",36.917,64.41,0,67.697,131.2,118.083,136.379,128.192,113.363,84.397,0,0,-5.48,-7.62,5.61,-3.52,-8.51,-7.26,-9.17,-9.62,-10.75,-8.75,-0.13,0.05,1,2,2,0,0,0,0,0,0,0,1,3,123,123,201,106,52,56,14,10,16,45,137,187,14,7,0,13,38,35,83,111,122,48,7,5,283,237,198,298,397,368,471,504,495,416,258,214,59.947,73.097,75.337,98.227,132.033,119.306,136.379,128.688,117.133,85.15,55.966,47.246,31,27,30,30,31,30,31,31,30,31,30,31,0,0,0,0,0,0,0,0,0,0,0,0,23,9,110,31,1,1,0,0,4,1,67,61,63,57,71,71,67,72,71,71,66,68,67,69,-55.5,14.5,16.2,19.1,18.7,22.6,37.3,31.4,41.6,19,-26.6,-44.1,14.6,14,11.7,15.1,17.8,17.3,20.2,21.3,21.5,18.4,13.9,12.2,20.7,21.1,16.2,19.7,23.2,21.8,25.1,26.1,27.4,23.8,19.2,17.4,8.6,6.9,7.1,10.5,12.4,12.8,15.3,16.4,15.7,13.1,8.6,7.1
3792159,1953,3,17,"195303","195204",4.939,56.686,76.638,83.905,189.645,188.451,231.56,209.748,150.756,108.329,21.314,0,-1.65,-6.85,-6.64,-6.07,-16.72,-16.26,-24.55,-23.94,-19.46,-15.5,-4.4,5.2,5,4,2,0,0,0,0,0,0,0,2,9,254,219,189,86,17,12,0,1,7,25,206,313,2,0,4,24,109,107,309,257,185,92,1,0,159,146,219,327,499,490,710,658,571,473,186,107,41.885,60.458,95.538,126.581,190.959,189.54,231.56,209.778,154.445,110.484,54.465,32.976,27,20,26,30,31,30,31,31,30,31,24,24,0,0,0,0,0,0,0,0,0,0,0,1,37,4,19,43,1,1,0,0,4,2,33,89,67,53,51,54,46,48,47,43,46,47,53,67,-53,14.1,21,24,6.2,30.1,21.3,24.6,38.1,15.2,-27.7,-42.9,10,10,12.1,16,21.2,21.4,28,26.3,24.1,20.3,11.2,7.8,15.1,17.7,20.2,23.8,31.1,30.8,38.1,37.2,34.1,30,18.8,12.4,4.8,2.4,4.1,8.2,11.3,11.9,17.8,15.4,14.1,10.7,3.6,3.3
304537,1953,3,29,"195303","195204",30.602,64.688,84.845,71.054,164.59,163.252,201.454,188.353,150.751,104.755,0,0,-5.11,-7.9,-7.28,-4.34,-12.85,-12.57,-18.48,-19.27,-18.27,-13.26,2.12,4.2,2,2,2,0,0,0,0,0,0,0,1,4,144,167,168,108,41,38,3,2,9,31,167,216,11,3,5,15,53,54,174,199,163,74,4,3,262,193,236,297,421,403,575,599,547,452,228,182,57.206,70.091,100.842,118.111,165.619,164.038,201.866,189.569,152.836,105.895,58.662,43.945,31,25,28,30,31,30,31,31,30,31,28,29,0,0,0,0,0,0,0,0,0,0,0,0,27,5,16,47,1,1,0,1,2,1,99,100,63,54,54,59,53,53,50,50,49,54,60,67,-55.2,14.9,21.2,22.9,12.6,27.7,28.1,28.2,39.5,17.6,-27.2,-43.8,13.8,12.2,12.9,15,18.6,18.5,23.6,24.4,23.3,19.6,12.7,10.9,19.8,19.8,20.6,21.8,26.8,26.5,32.7,33.5,32.5,27.6,19.3,16,7.8,4.7,5.2,8.3,10.4,10.4,14.4,15.2,14,11.7,6.2,5.9
3792160,1953,4,4,"195303","195204",12.803,57.445,81.777,81.78,190.949,186.635,230.946,208.033,151.143,107.918,23.023,0,-2.3,-6.83,-7.15,-5.86,-16.86,-15.88,-24.27,-23.47,-19.38,-15.28,-4.6,4.64,5,5,2,0,0,0,0,0,0,0,2,9,259,224,189,84,17,13,0,1,7,27,207,313,2,0,4,25,110,103,303,249,177,87,1,0,155,142,218,329,501,486,704,650,566,466,184,106,41.666,60.785,96.547,128.119,192.206,187.277,230.946,208.63,154.698,110.288,55.215,33.284,27,19,26,30,31,30,31,31,30,31,23,24,0,0,0,0,0,0,0,0,0,0,0,1,29,3,15,46,1,1,0,1,4,2,32,83,67,52,51,53,45,48,47,43,46,46,52,65,-52.9,14.3,21.3,24.2,5.6,30.3,20.9,24.3,37.9,15.3,-27.8,-42.9,9.8,9.9,12.1,16.1,21.3,21.2,27.8,26,23.9,20.1,11.1,7.8,14.9,17.7,20.3,24,31.2,30.5,37.9,36.9,34,29.8,19,12.4,4.6,2.1,3.9,8.2,11.3,11.9,17.6,15.2,13.9,10.4,3.3,3.2
2275918,1953,4,5,"195303","195204",0,55.304,33.017,80.696,144.532,134.421,159.41,144.2,122.358,78.455,0,0,2.29,-6.63,-1.92,-5.2,-10.2,-8.91,-11.88,-11.74,-13.04,-9.04,-1.5,12.9,3,4,3,0,0,0,0,0,0,0,1,5,201,196,208,138,81,76,19,30,30,78,200,246,2,0,0,7,21,23,66,53,79,21,0,0,189,153,185,260,351,338,450,426,439,357,185,152,41.042,57.411,83.521,104.937,149.238,139.573,160.041,144.801,124.185,80.894,49.609,32.543,30,24,27,29,30,30,31,31,30,31,26,30,0,0,0,0,0,0,0,0,0,0,0,1,78,2,51,24,5,5,1,1,2,2,54,174,70,58,59,62,53,59,57,56,53,60,59,69,-53,13.1,19,21.7,9.7,27.2,28.4,26.3,37.9,17.2,-27.2,-42.8,11.6,10.8,11.4,13.9,16.3,16.3,19.5,18.7,19.6,16.5,11.5,10,16.3,17.6,18,20.1,24.3,23.1,26.9,26.4,27.9,23.1,18,13.9,7,4.1,4.7,7.7,8.3,9.4,12.1,11.1,11.4,9.9,4.9,6
304571,1953,4,18,"195304","195205",34.735,64.487,82.851,69.331,130.75,115.031,141.298,134.367,116.713,90.39,0,0,-5.6,-7.81,-6.68,-3.7,-8.59,-7.02,-9.79,-10.46,-11.41,-10.04,1.44,2.75,1,2,1,0,0,0,0,0,0,0,1,2,108,126,139,142,56,75,14,10,17,35,137,180,18,7,7,4,35,24,83,110,120,62,7,6,301,233,264,258,391,339,471,504,493,440,259,222,60.326,72.568,97.548,95.296,131.703,115.808,141.298,135.377,119.223,91.243,57.955,47.152,31,27,30,30,31,30,31,31,30,31,30,31,0,0,0,0,0,0,0,0,0,0,0,0,26,8,15,26,1,1,0,1,3,1,88,90,63,56,59,70,67,72,68,68,64,64,64,68,-55.7,14.5,19.7,19.5,18.3,22.8,36.2,30.8,41.3,18.5,-27,-44.1,15.2,13.9,14,13.8,17.6,16.3,20.2,21.3,21.5,19.2,13.9,12.5,21.3,21,20.6,18.5,23.1,20.8,25.5,26.7,27.6,25.2,19.7,17.7,9.2,6.7,7.4,9,12.2,11.8,14.9,15.8,15.3,13.3,8.1,7.4
1367996,1953,4,27,"195304","195205",0,55.653,36.496,66.393,175.972,165.027,218.107,195.354,147.313,99.709,0,0,4.44,-6.99,-2.6,-4.3,-14.81,-13.05,-21.74,-21.19,-19.21,-14.36,-2.38,16.79,5,4,2,0,0,0,0,0,0,0,2,8,247,206,204,122,30,27,1,3,9,34,211,302,2,0,2,11,71,71,221,181,162,70,0,0,160,151,196,278,449,431,621,582,546,444,179,112,36.121,56.943,85.363,119.703,178.911,171.802,218.748,195.772,148.795,101.425,50.31,27.069,29,22,27,28,31,30,31,31,30,31,23,27,0,0,0,0,0,0,0,0,0,0,0,2,93,1,49,53,3,7,1,0,1,2,52,200,71,55,56,52,46,50,44,42,45,47,53,69,-52,13.2,19.5,24.1,4.1,29.8,17.8,21.9,36.3,14.6,-27.7,-42,10.2,10.5,11.6,14.5,19.5,19.4,25.1,23.8,23.2,19.4,11,8.2,14.6,17.8,18.8,22.5,29.3,28.2,35.7,34.9,33.6,28.8,18.6,11.7,5.8,3.2,4.4,6.5,9.8,10.6,14.5,12.7,12.9,9.9,3.4,4.7
2423571,1953,5,23,"195305","195206",0,50.582,0,0,116.889,134.451,174.704,156.557,127.477,79.451,0,0,12.3,-6.15,3.21,4.52,-7.41,-9.26,-14.37,-13.91,-14.62,-9.59,5.39,33.44,3,4,3,1,0,0,0,0,0,0,1,5,197,219,233,200,132,79,14,22,26,66,192,241,3,0,0,0,5,22,83,67,89,28,0,0,194,136,164,194,290,333,471,447,453,375,195,156,41.017,56.356,81.72,101.388,138.949,147.594,177.017,157.579,132.335,83.658,51.106,31.336,31,22,26,27,29,30,31,31,30,31,27,30,0,0,0,0,0,0,0,0,0,0,1,1,179,6,101,118,22,13,2,1,5,4,127,378,71,58,58,59,53,55,51,51,49,60,59,72,-52.8,13.2,19.1,22.7,12.2,28.5,25.3,25.4,37.5,17.1,-27.3,-42.6,11.8,10,10.6,11.6,14.3,16.1,20.2,19.4,20.1,17.1,11.8,10.1,16.3,16.8,17.2,18.3,22,23.8,28.8,28.1,29.2,23.8,18.4,13.7,7.3,3.3,3.9,5,6.5,8.4,11.6,10.8,11.1,10.4,5.2,6.6
3792176,1954,4,10,"195404","195305",0,15.893,16.387,122.508,145.876,182.459,242.691,198.126,156.573,96.528,17.499,24.505,1.16,-2.49,-0.23,-10.75,-10.59,-15.78,-26.92,-21.34,-20.55,-12.89,-4.13,-3.32,9,4,3,0,0,0,0,0,0,0,1,8,320,203,214,52,71,13,0,2,6,60,173,309,0,0,2,45,30,105,322,212,197,39,4,0,108,160,194,382,366,488,723,612,584,386,224,109,41.569,57.053,86.281,141.359,159.137,190.94,242.691,198.126,157.4,102.305,55.004,39.71,20,24,26,30,30,30,31,31,30,30,27,19,1,0,0,0,0,0,0,0,0,0,0,0,56,41,70,19,13,8,0,0,1,6,38,15,61,59,57,50,50,47,44,45,46,46,57,68,-52.8,13,19.5,25,11.9,28.6,20.4,25.8,38.1,15.9,-27.8,-43.8,7.8,10.6,11.2,17.9,16.8,21.3,28.4,24.8,24.5,17.5,12.5,8,13.8,17.1,18.2,26.6,25.5,30.9,39.3,35.2,34.7,27.1,19.6,14.4,1.8,4.1,4.2,9.2,8,11.7,17.4,14.4,14.4,7.8,5.5,1.5
2282381,1954,4,10,"195404","195305",0,0,0,31.291,110.397,140.541,183.312,143.534,115.417,64.266,0,0,17.54,8.93,17.77,-0.45,-6.74,-10.02,-15.5,-12.18,-12.18,-8.44,7.58,-1.52,6,3,5,0,0,0,0,0,0,0,1,4,274,197,267,151,136,66,17,24,30,85,143,222,0,0,0,4,5,29,71,63,79,17,4,0,134,161,137,246,286,352,456,441,439,347,249,170,36.206,58.263,68.975,106.411,136.617,152.009,184.229,148.006,117.636,88.349,46.925,40.135,28,24,26,29,29,30,31,31,30,30,30,28,2,0,1,0,0,0,0,0,0,0,0,0,219,161,229,75,26,11,1,4,2,24,142,45,73,58,67,60,54,54,46,55,57,53,69,78,-51.5,13.1,16.6,22.3,12.5,26.8,23.6,26,38.3,16.7,-26.7,-43.9,9.3,11.1,9.4,13.4,14.1,16.7,19.7,19.2,19.6,16.2,13.7,10.8,13.5,17.8,14.6,19.9,21.7,24.6,29.3,27,27,24.1,18.6,16.3,5.1,4.4,4.3,6.9,6.5,8.9,10.1,11.5,12.3,8.3,8.8,5.2
2262516,1954,4,14,"195404","195305",0,0,0,94.643,134.498,155.657,189.027,167.236,136.326,96.983,32.169,42.033,12.76,1.35,6.71,-6.59,-9.05,-11.8,-16.95,-15.73,-15.23,-11.93,-5.71,-6.22,4,1,3,0,0,0,0,0,0,0,0,2,227,112,230,122,130,42,2,4,14,38,82,155,3,11,0,11,7,49,186,160,134,59,27,10,179,256,175,280,291,395,587,561,510,433,330,251,44.634,71.121,71.444,99.866,137.7,157.556,189.562,168.349,137.837,101.828,62.121,49.402,30,28,29,30,30,30,31,31,30,31,30,31,1,0,0,0,0,0,0,0,0,0,0,0,180,101,120,5,3,2,1,1,2,5,30,7,72,60,72,69,56,56,56,57,55,57,65,77,-52.2,13.8,16,19.8,18.4,26.4,31.4,30.6,41.3,18.2,-27.3,-44.3,10.8,14.4,10.6,14.5,14.3,18.2,24,23.1,22.1,19,16.3,13.4,15.1,21,15,19.4,21.5,25.7,31.8,30.7,29.9,26.4,21.9,18.6,6.6,7.9,6.3,9.6,7.1,10.7,16.1,15.5,14.2,11.6,10.7,8.2
3792168,1954,4,16,"195404","195305",0,19.484,19.824,121.315,144.962,179.441,238.954,193.231,153.941,95.887,14.949,25.66,0.8,-2.75,-0.53,-10.46,-10.39,-15.22,-26.02,-20.3,-19.87,-12.64,-3.73,-3.38,9,4,3,0,0,0,0,0,0,0,1,8,319,205,212,53,71,13,0,2,6,60,173,310,0,0,2,43,30,102,315,204,193,39,4,0,109,158,195,379,366,485,716,604,579,386,223,108,40.895,55.812,84.952,138.821,156.39,187.235,238.954,193.231,154.693,100.944,53.876,39.228,21,24,27,30,30,30,31,31,30,30,27,19,1,0,0,0,0,0,0,0,0,0,0,0,52,36,65,18,11,8,0,0,1,5,39,14,62,60,58,51,51,48,45,46,47,47,58,70,-52.7,12.7,19.2,24.7,12.1,28,20.3,25.8,38.1,16,-27.6,-43.7,7.8,10.5,11.2,17.8,16.8,21.2,28.2,24.5,24.4,17.5,12.5,7.9,13.6,16.8,18,26.2,25.2,30.5,38.9,34.5,34.3,26.9,19.3,14.3,2.1,4.2,4.5,9.3,8.3,11.9,17.4,14.5,14.5,8,5.7,1.6
304597,1954,4,18,"195404","195305",0,33.552,0,117.124,141.254,160.655,190.629,172.332,147.38,109.563,52.18,58.05,2.86,-5.69,6.37,-8.68,-9.44,-11.92,-16.28,-15.5,-16.18,-13.46,-8.73,-8.91,4,1,2,0,0,0,0,0,0,0,0,2,226,100,197,86,97,35,3,6,16,43,91,184,3,15,2,21,15,58,174,137,123,51,22,6,179,272,206,325,330,411,574,538,496,420,318,219,61.133,84.692,90.792,121.65,148.685,163.391,191.295,173.385,148.291,113.934,77.026,64.043,24,27,28,30,30,30,31,31,30,31,29,25,0,0,0,0,0,0,0,0,0,0,0,0,105,51,134,5,7,3,1,1,1,4,25,6,53,50,60,60,54,55,55,54,49,48,50,56,-55.3,16.2,19.4,22.7,17.5,27.3,32.3,31.1,41.3,18.2,-28.3,-45.2,10.9,15,11.8,16,15.6,18.7,23.6,22.4,21.6,18.6,15.9,12.4,18.5,23.6,18.2,22.5,23.3,26.5,31.6,30.6,30.7,27.7,24.4,21.2,3.2,6.4,5.5,9.4,7.9,10.9,15.5,14.1,12.4,9.4,7.3,3.5
2262522,1954,5,0,"195404","195305",0,14.573,14.012,90.933,131.43,125.834,148.913,130.89,110.806,93.496,40.729,53.491,2.64,-3.35,0.68,-5.93,-8.36,-8.04,-10.76,-9.78,-10.11,-10.32,-6.32,-7.8,3,1,2,0,0,0,0,0,0,0,0,1,189,68,171,99,77,41,5,13,24,37,75,135,5,28,3,15,21,49,133,95,96,57,27,13,210,315,231,307,356,395,534,483,462,435,337,271,51.613,78.464,78.519,94.816,132.309,127.61,149.177,131.47,111.68,95.216,64.76,57.292,30,28,31,30,31,30,31,31,30,31,30,31,0,0,0,0,0,0,0,0,0,0,0,0,87,64,65,4,1,2,0,1,1,2,24,4,67,58,71,74,64,70,69,69,67,62,63,67,-53.8,14.2,16.3,18.4,18.6,23.6,35.5,31.3,41.8,18.5,-27.6,-45,12.1,16.6,12.8,15.4,16.5,18.2,22.2,20.6,20.4,19.1,16.6,14.2,17.4,23.6,17.4,19.6,22.3,23.1,27.5,25.9,26,25.5,22.7,20.9,6.8,9.7,8.2,11.2,10.6,13.3,17,15.3,14.8,12.6,10.6,7.5
3792180,1954,5,15,"195405","195306",0,28.065,35.759,128.5,189.351,183.026,237.578,189.953,152.056,98.583,20.177,30.444,-0.11,-3.52,-2.09,-11.23,-16.8,-15.48,-25.53,-19.52,-19.22,-12.93,-4.13,-3.65,10,4,3,0,0,0,0,0,0,0,1,9,325,210,210,50,16,13,0,2,7,60,177,323,0,0,3,46,113,104,304,195,185,39,4,0,104,155,198,385,506,487,705,596,571,386,218,98,41.263,55.582,86,141.017,193.913,186.37,237.578,189.953,152.806,102.222,53.759,39.44,20,24,27,30,31,30,31,31,30,30,27,18,1,0,0,0,0,0,0,0,0,0,0,0,42,28,50,13,5,3,0,0,1,4,34,9,62,60,57,51,45,49,44,47,47,46,58,70,-52.7,12.7,19.4,25,5.2,28.3,19.8,25.7,38,16,-27.5,-43.7,7.6,10.4,11.3,18,21.4,21.2,27.8,24.3,24.1,17.5,12.3,7.5,13.5,16.6,18.2,26.6,31.5,30.4,38.5,34,33.8,27,19.1,14,1.7,4.1,4.5,9.4,11.4,12,17.1,14.5,14.4,7.9,5.6,1
2324050,1954,5,16,"195405","195306",0,0,0,37.414,153.766,144.25,225.628,170.921,140.679,59.939,0,0,9.61,5.92,12.39,-1.79,-12.52,-11.13,-24.24,-17.38,-18.4,-8.89,2.48,-0.42,12,5,6,0,0,0,0,0,0,0,1,7,348,235,302,109,48,43,1,6,11,89,204,288,0,0,0,15,47,47,229,129,151,20,0,0,86,131,116,294,407,391,630,530,532,342,184,123,33.009,50.519,66.534,116.95,166.369,163.773,226.036,173.384,141.42,88.003,44.324,37.713,21,22,23,29,31,30,31,31,30,30,27,21,2,1,1,0,0,0,0,0,0,0,1,0,131,119,171,80,13,20,0,2,1,28,90,52,68,60,64,55,48,50,42,48,48,50,63,71,-51.1,12.1,16.9,23.1,8.3,25.9,19.1,25.5,37.9,15.8,-26.7,-43.7,6.9,9.5,8.3,15,18.1,18.1,25.4,22.1,22.8,16,11.3,8.6,11.7,15.7,13.9,22.4,27.2,26.7,36.5,31.6,32.3,24.6,17.1,15.3,2.1,3.2,2.8,7.5,9,9.4,14.2,12.7,13.2,7.4,5.4,2
2380407,1954,5,26,"195405","195306",0,0,0,31.291,132.942,140.541,183.312,143.534,115.417,64.266,0,0,17.54,8.93,17.77,-0.45,-9.12,-10.02,-15.5,-12.18,-12.18,-8.44,7.58,-1.52,6,3,5,0,0,0,0,0,0,0,1,4,274,197,267,151,112,66,17,24,30,85,143,222,0,0,0,4,10,29,71,63,79,17,4,0,134,161,137,246,312,352,456,441,439,347,249,170,36.206,58.263,68.975,106.411,142.236,152.009,184.229,148.006,117.636,88.349,46.925,40.135,28,24,26,29,30,30,31,31,30,30,30,28,2,0,1,0,0,0,0,0,0,0,0,0,219,161,229,75,9,11,1,4,2,24,142,45,73,58,67,60,54,54,46,55,57,53,69,78,-51.5,13.1,16.6,22.3,11.3,26.8,23.6,26,38.3,16.7,-26.7,-43.9,9.3,11.1,9.4,13.4,15,16.7,19.7,19.2,19.6,16.2,13.7,10.8,13.5,17.8,14.6,19.9,22.8,24.6,29.3,27,27,24.1,18.6,16.3,5.1,4.4,4.3,6.9,7.2,8.9,10.1,11.5,12.3,8.3,8.8,5.2
2460390,1954,6,24,"195406","195307",0,0,0,31.291,132.942,141.321,183.312,143.534,115.417,64.266,0,0,17.54,8.93,17.77,-0.45,-9.12,-10.26,-15.5,-12.18,-12.18,-8.44,7.58,-1.52,6,3,5,0,0,0,0,0,0,0,1,4,274,197,267,151,112,58,17,24,30,85,143,222,0,0,0,4,10,34,71,63,79,17,4,0,134,161,137,246,312,365,456,441,439,347,249,170,36.206,58.263,68.975,106.411,142.236,157.229,184.229,148.006,117.636,88.349,46.925,40.135,28,24,26,29,30,30,31,31,30,30,30,28,2,0,1,0,0,0,0,0,0,0,0,0,219,161,229,75,9,16,1,4,2,24,142,45,73,58,67,60,54,52,46,55,57,53,69,78,-51.5,13.1,16.6,22.3,11.3,27.1,23.6,26,38.3,16.7,-26.7,-43.9,9.3,11.1,9.4,13.4,15,17.2,19.7,19.2,19.6,16.2,13.7,10.8,13.5,17.8,14.6,19.9,22.8,25.4,29.3,27,27,24.1,18.6,16.3,5.1,4.4,4.3,6.9,7.2,9,10.1,11.5,12.3,8.3,8.8,5.2
2370292,1954,6,30,"195406","195307",0,0,0,50.981,118.219,107.751,158.38,136.133,113.035,52.575,0,0,14.4,12.63,13.66,-1.72,-9.12,-7.94,-14.79,-13.08,-13.77,-5.33,0.91,2.01,75,39,72,6,0,0,0,0,0,4,17,65,572,448,572,346,227,197,50,122,132,336,414,555,0,0,0,0,0,2,25,7,13,0,0,0,5,16,5,74,181,195,378,282,272,95,40,6,0,44.533,0,91.851,128.135,129.671,166.793,139.712,114.983,67.938,41.505,0,2,2,1,10,21,25,31,28,25,10,6,1,41,25,97,3,0,0,0,0,0,0,4,9,157,154,151,41,10,22,8,4,2,15,49,37,50,43,48,49,49,52,48,46,44,46,48,49,-49.8,15.6,19.7,25.1,18.2,28.6,31.9,30.1,41,18.3,-25.9,-42.5,-0.4,1.9,-0.4,6.5,10.7,11.5,17.2,14.1,14,7.2,4.2,0,6.6,10.4,6.9,14.5,19.1,19.5,26.2,23.4,23.8,15.9,12.2,8.3,-7.4,-6.7,-7.7,-1.5,2.2,3.5,8.1,4.8,4.2,-1.5,-3.8,-8.3
2285742,1955,1,17,"195501","195402",0,0,0,44.369,100.174,97.13,110.218,75.834,82.804,61.037,0,0,6.98,1.56,5.68,-1.63,-5.7,-5.38,-6.63,-4.47,-6.95,-6.5,1.23,7.12,9,3,3,1,0,0,0,0,0,0,1,6,317,186,236,156,158,123,82,122,94,117,166,267,0,0,0,2,0,9,12,7,23,4,0,0,96,164,157,241,262,276,334,283,319,305,220,129,33.692,51.661,63.985,85.505,104.006,104.072,110.884,81.675,84.735,68.506,42.017,30.267,25,27,29,30,30,30,31,31,30,31,30,29,1,0,0,0,0,0,0,0,0,0,0,1,105,76,105,41,4,7,1,6,2,7,69,111,72,66,72,73,70,73,73,79,70,67,72,69,-51,11.3,14.9,18.3,19.6,21.8,38.4,31,39.5,18.1,-26.1,-42.5,7.9,11.5,10.4,13.2,13.3,14.2,15.7,14.1,15.6,14.8,12.8,9.3,12.1,16.9,14.7,17.6,18,18.5,20.1,17.3,20.5,20.1,17.2,13,3.7,6.2,6.2,8.9,8.7,9.9,11.3,10.9,10.7,9.5,8.4,5.6
304567,1955,3,1,"195502","195403",0,26.029,0,120.414,154.914,166.203,201.92,168.037,147.942,105.005,16.977,24.844,6.28,-3.56,3.4,-9.36,-11.39,-12.9,-18.5,-15.12,-16.99,-12.83,-5.51,-4.85,6,3,2,0,0,0,0,0,0,0,0,3,273,193,197,79,47,26,2,8,14,46,72,194,0,1,2,24,45,73,210,122,133,48,33,5,142,165,205,334,408,434,611,520,509,413,347,206,51.459,67.431,88.811,125.006,155.981,167.779,202.15,168.808,148.928,106.07,73.415,54.27,23,22,28,30,31,30,31,31,30,31,30,28,1,0,0,0,0,0,0,0,0,0,0,0,123,41,105,5,1,2,0,1,1,1,56,29,59,54,60,58,56,54,53,54,49,51,54,51,-53.9,15,19.1,23.2,15.3,26.3,29.7,30.3,40.5,17.8,-28.6,-44.8,9.3,11,11.8,16.3,18.2,19.5,24.7,21.8,22,18.3,16.8,12,15.9,18.5,18.2,23.2,25.6,27.4,33.4,30,31.3,26.8,24.7,19.1,2.8,3.4,5.5,9.4,10.7,11.5,16.1,13.6,12.7,9.9,9,4.9
2321963,1955,3,6,"195502","195403",0,9.81,0,51.508,108.447,110.071,120.62,92.4,95.414,78.597,7.27,0,9.66,-1.29,5.69,-2.13,-6.27,-6.38,-7.51,-5.76,-8.26,-8.66,-3.03,-0.03,8,5,4,1,0,0,0,0,0,0,1,4,308,237,244,167,163,123,68,116,90,118,147,237,0,0,0,0,0,9,17,8,24,3,0,0,103,119,152,230,256,276,352,291,324,304,243,155,39.698,53.902,70.343,91.172,113.084,117.075,121.213,94.402,96.936,81.972,55.141,42.398,23,22,28,29,30,30,31,31,29,30,29,26,2,0,0,0,0,0,0,0,0,0,0,0,139,44,109,40,5,7,1,2,2,3,48,61,66,60,68,69,66,66,69,74,63,57,60,58,-52.2,12.9,16.4,19.5,18,23.1,36.6,30.4,39.5,17.6,-27.7,-44.1,8.2,9.4,10.2,12.8,13.1,14.2,16.3,14.4,15.8,14.8,13.5,10.3,13.3,15.6,15.1,17.7,18.6,19.6,21.3,18.5,21.8,21.9,20,16.3,3.1,3.2,5.3,8,7.7,8.8,11.4,10.3,9.8,7.7,7,4.3
202470,1955,10,13,"195510","195411",0,0,78.175,32.573,95.759,129.975,138.625,142.03,114.684,89.172,11.184,0,11.77,1.84,-6.26,0.03,-4.9,-8.3,-9.08,-11.09,-10.87,-10.08,-4,1.18,9,5,2,1,0,0,0,0,0,0,1,4,311,235,199,219,155,101,76,42,55,86,126,225,0,0,0,0,1,14,14,39,44,16,7,0,104,124,198,176,264,304,342,401,379,345,269,167,44.755,58.75,91.663,99.493,117.654,130.96,139.522,143.335,115.799,91.107,63.94,45.495,21,20,27,26,30,30,31,31,30,30,28,27,2,0,0,0,0,0,0,0,0,0,0,0,164,80,13,67,22,1,1,1,1,2,53,75,61,57,56,60,64,62,60,56,56,55,55,55,-53,14,20.3,22.8,18.4,23.6,34.2,28.1,39.6,17.7,-28.3,-44.2,8.1,9.5,11.8,10.9,13.4,15.2,16,17.9,17.6,16.1,14.3,10.7,14.1,16.3,18.9,17.3,19.1,21.4,22.6,25.4,25.1,23.7,21.9,16.7,2.1,2.6,4.6,4.4,7.7,8.9,9.4,10.5,10.2,8.5,6.8,4.6
304575,1956,2,27,"195602","195503",0,19.01,71.058,21.522,91.96,121.151,135.494,135.567,108.033,78.593,12.821,0,11.54,-1.46,-5.48,1.1,-4.73,-7.52,-8.86,-10.43,-9.86,-8.13,-3.34,10.99,4,7,2,1,0,0,0,0,0,0,1,3,224,265,188,202,168,111,72,32,56,97,143,201,2,0,0,0,0,12,15,50,44,11,4,2,175,101,210,194,251,292,347,421,378,331,250,194,45.269,54.807,91.124,99.589,106.389,121.919,135.494,137.418,109.551,80.838,59.664,40.669,30,19,29,28,30,30,31,31,30,31,29,31,1,0,0,0,0,0,0,0,0,0,0,0,169,36,20,78,14,1,0,2,2,2,47,163,70,60,59,62,70,66,63,61,61,64,60,62,-52.7,13.5,19.7,22.1,21.3,21.9,35.5,29.1,40.3,18.8,-27.4,-43.5,10.9,8.4,12.2,11.6,13,14.7,16.2,18.6,17.6,15.6,13.7,11.7,15.6,14.5,18.8,17.6,17.7,20.3,22.3,25.1,24.1,21.5,20.1,15.9,6.3,2.2,5.6,5.6,8.2,9.2,10,12.1,11.1,9.8,7.2,7.5
610289,1956,3,9,"195603","195504",0,35.842,103.373,63.614,122.657,164.807,194.41,190.654,151.926,99.613,21.039,0,13.74,-4.01,-9.24,-3.49,-7.86,-12.75,-16.92,-19.65,-18.12,-11.85,-4.56,1.22,3,4,1,0,0,0,0,0,0,0,0,2,185,217,136,122,70,24,5,1,8,42,109,180,6,0,11,11,28,76,141,225,169,55,16,7,217,144,274,281,367,439,542,626,555,422,296,225,49.482,59.985,105.463,122.198,141.419,165.594,194.41,192.792,152.712,100.602,63.801,40.897,31,23,30,29,31,30,31,31,30,31,30,31,0,0,0,0,0,0,0,0,0,0,0,0,198,24,2,59,19,1,0,2,1,1,43,65,69,60,54,55,60,56,51,51,50,56,60,63,-53.5,13.8,21.3,24.2,16.3,24.9,28.7,27.7,39.4,18,-27.7,-43.5,12.3,10.1,14.1,14.5,16.8,19.7,22.5,25.2,23.5,18.6,15.1,12.5,17.2,16.4,21.8,21.9,23.4,27.3,31.4,34.3,32.6,26.2,21.7,16.4,7.3,3.7,6.4,7.1,10.2,12,13.6,16.2,14.5,11.1,8.4,8.6
2399359,1956,4,3,"195603","195504",0,1.596,79.026,56.168,132.978,148.163,154.495,147.235,120.076,83.175,7.635,0,11.35,-0.16,-6.56,-2.56,-8.9,-10.45,-11.1,-12.12,-12.41,-9.8,-2.66,19.32,5,6,3,1,0,0,0,0,0,0,1,4,250,255,209,200,91,58,37,33,46,90,191,222,0,0,0,0,17,34,35,49,54,15,0,0,152,107,186,194,338,365,401,420,397,340,195,171,34.469,49.333,85.088,99.192,141.039,148.76,155.07,147.958,121.031,85.086,49.28,32.462,30,21,27,27,30,30,31,31,30,30,27,31,1,0,0,0,0,0,0,0,0,0,0,1,156,48,6,43,8,1,1,1,1,2,42,238,76,63,57,60,56,57,56,53,51,55,61,68,-51.1,12.1,19.4,22.3,11.5,26.1,29.4,26,38.1,16.8,-27.1,-42.8,10.1,8.8,11.4,11.6,15.9,17.2,17.9,18.5,18.3,15.9,11.8,10.8,13.7,14.6,18.3,18,23.2,24.5,25.5,26.6,26.7,23.5,18.1,14.5,6.4,3,4.4,5.2,8.5,9.8,10.4,10.5,9.8,8.4,5.6,7
2287008,1956,6,17,"195606","195507",0,0,68.348,53.288,91.935,125.824,113.938,111.326,95.672,69.48,0,0,15.61,1.74,-5.33,-2.39,-4.87,-8.07,-6.84,-7.67,-8.63,-7.6,-0.18,23.67,4,5,2,1,0,0,0,0,0,0,1,3,237,236,206,173,123,75,92,81,71,96,170,209,0,0,0,0,7,24,10,16,33,11,0,1,160,119,186,222,299,340,322,340,352,331,217,184,29.698,45.445,75.682,88.31,107.958,127.012,114.575,112.018,97.819,72.871,44.16,28.21,31,25,29,29,31,30,31,31,30,31,29,31,1,0,0,0,0,0,0,0,0,0,0,0,193,64,7,35,16,1,1,1,2,3,58,276,82,69,65,70,71,65,70,67,63,65,69,76,-49.9,10.7,17.1,19.2,18.7,21.7,37.7,28.8,39.1,17.7,-26.4,-42.2,10.5,9.4,11.5,12.6,14.6,16.3,15.4,16,16.7,15.7,12.6,11.4,13.2,14.2,17,17.4,19.2,22,20.1,21.3,22.8,21.4,17.5,14.2,7.8,4.6,6,7.8,9.9,10.7,10.6,10.6,10.6,9.9,7.7,8.6
2437632,1956,10,28,"195610","195511",0,0,68.135,46.745,76.711,111.067,90.201,89.476,76.069,10.404,0,0,16.85,2.65,-5.34,-1.78,-3.56,-6.67,-5.05,-5.68,-6.34,-1.05,0.68,23.68,5,6,3,1,0,0,0,0,0,0,1,4,248,241,209,194,150,101,113,100,81,139,175,218,0,0,0,0,2,15,7,11,28,0,0,0,150,114,181,199,270,305,295,314,337,280,211,175,28.943,45.172,76.464,81.681,96.072,112.625,90.945,90.789,85.378,61.503,44.144,27.684,31,24,29,29,31,30,31,31,30,31,29,31,1,0,0,0,0,0,0,0,0,0,0,1,204,73,8,35,19,2,1,1,9,51,67,275,82,69,64,72,75,70,80,76,70,71,68,76,-49.7,10.7,17.4,18.4,21.5,20.7,42.9,30.4,39.5,18.6,-26.4,-42.1,10.2,9.3,11.3,11.8,13.6,15.2,14.6,15.1,16.2,14,12.4,11.1,12.8,14.1,17,16.2,17.5,19.9,17.7,18.8,21,18.5,17.4,13.8,7.5,4.4,5.7,7.5,9.7,10.4,11.4,11.4,11.4,9.4,7.5,8.3
304594,1957,2,18,"195702","195603",0,0,92.587,45.205,102.259,131.24,128.615,117.373,117.07,77.223,74.182,53.915,5.25,0.93,-7.59,-1.21,-5.6,-8.4,-8.13,-8.01,-11.01,-7.79,-11.45,-9,6,2,2,1,0,0,0,0,0,0,0,2,275,134,175,170,114,71,47,58,37,103,101,175,0,6,2,1,9,26,27,26,66,10,16,6,133,224,225,228,310,344,383,373,420,322,302,226,47.706,59.038,97.198,92.865,114.613,131.743,128.615,118.469,118.504,82.482,75.833,62.585,24,28,28,29,31,30,31,31,30,31,28,25,1,0,0,0,0,0,0,0,0,0,0,0,105,73,5,48,12,1,0,1,1,5,2,9,63,69,56,69,70,65,69,68,59,62,46,68,-53.3,11.7,20.7,19.8,19.9,22,36.9,30.4,40.2,18.8,-29,-45.6,9.3,13.5,12.6,12.7,14.9,16.5,17.3,17,19,15.4,15.4,12.7,15,18.5,19.9,17.5,19.8,22.3,22.5,22.3,26,21.6,24.7,21.9,3.5,8.5,5.4,7.9,10.1,10.7,12.2,11.7,12,9.2,6.1,3.4
2332340,1957,3,27,"195703","195604",0,27.654,52.353,57.429,140.164,199.962,209.059,179.316,153.239,66.291,64.18,37.981,1.92,-3.47,-3.75,-3.07,-10.47,-19.06,-20.85,-18.16,-19.66,-7.95,-9.67,-5.26,16,2,2,0,0,0,0,0,0,0,1,6,384,148,165,101,28,3,0,1,4,63,145,266,0,6,8,19,78,210,299,228,234,37,9,1,68,221,250,307,458,597,700,629,620,381,255,143,36.327,55.669,84.87,115.171,157.662,201.024,209.059,180.129,153.861,88.864,65.503,44.629,18,28,30,30,31,30,31,31,30,31,27,23,1,0,0,0,0,0,0,0,0,0,0,0,48,28,33,58,17,1,0,1,1,23,1,7,68,70,65,61,59,52,55,55,53,60,51,72,-50.9,11.3,17.7,22.2,13.5,25.3,26.8,28.4,39.2,17.9,-28.4,-44.1,5.7,13,13,15.3,19.9,24.9,27.7,25.3,25.7,17.3,13.6,9.4,10.4,17.8,18.6,21.8,26.9,33.7,35.9,33.4,34.4,24,21.9,15.7,1,8.2,7.4,8.9,12.8,16.1,19.4,17.3,17.1,10.6,5.3,3
2412262,1957,4,6,"195703","195604",0,0,0,47.211,82.799,117.815,96.028,95.902,82.82,13.041,48.777,25.85,3.88,7.51,2.75,-1.82,-4.06,-7.32,-5.5,-6.27,-7.23,-1.47,-7.44,-4.53,9,3,2,1,0,0,0,0,0,0,1,5,314,185,194,193,145,95,107,94,73,134,153,246,0,0,0,0,3,16,7,12,32,0,0,0,100,168,199,200,275,312,300,322,349,286,235,147,34.096,40.256,64.063,84.884,102.252,119.184,96.756,97.042,91.379,64.423,52.534,38.87,25,28,31,29,31,30,31,31,30,31,28,26,1,0,0,0,0,0,0,0,0,0,0,0,75,119,77,38,19,1,1,1,9,51,4,13,72,79,75,70,72,67,77,74,67,69,59,82,-51.1,8.5,14.2,19,20.1,21.4,41.6,29.9,39.3,18.4,-27.8,-43.8,8,11.5,11.9,11.9,13.8,15.4,14.8,15.3,16.6,14.2,13.3,10,12.3,14.8,15.8,16.5,18.2,20.7,18.3,19.5,22,19.1,19.9,15.8,3.7,8.3,8.1,7.2,9.4,10.2,11.2,11.1,11.3,9.3,6.6,4.2
3792181,1957,4,17,"195704","195605",0,9.13,58.918,91.851,148.842,208.918,226.396,199.889,153.642,67.932,61.27,29.909,2.04,-1.54,-4.71,-6.94,-11.58,-20.04,-23.37,-21.66,-19.78,-8.79,-9.49,-3.96,17,3,2,0,0,0,0,0,0,0,1,8,387,179,166,85,28,4,0,2,7,70,177,310,0,3,7,25,76,185,279,214,176,31,4,0,65,186,247,328,457,570,680,615,566,369,219,107,36.267,52.177,91.002,128.306,171.46,209.859,226.396,199.889,155.014,92.387,62.012,41.32,16,27,29,29,31,30,31,31,30,30,23,18,2,0,0,0,0,0,0,0,0,0,0,0,51,43,32,36,23,1,0,0,1,24,1,11,64,68,58,53,51,46,47,44,46,53,47,73,-51.4,11.1,19.3,24.2,10,27.9,22.8,25.9,38.4,16.7,-28.7,-44,5.6,11.8,13,16,19.8,24,27,24.9,23.9,16.9,12.4,7.9,11,16.8,19.9,24,28.4,34.2,37.1,35.4,34,25,21.4,14.9,0.2,6.8,6.1,8.1,11.2,13.9,16.9,14.4,13.8,8.8,3.3,0.9
2420423,1957,5,17,"195705","195606",0,0,0,62.893,68.747,125.824,105.982,104.273,89.79,22.333,50.046,27.307,3.03,6.24,1.91,-3.45,-2.73,-8.07,-6.27,-7.06,-8.11,-2.5,-7.55,-4.7,8,3,2,0,0,0,0,0,0,0,1,4,304,174,183,128,120,75,81,72,57,116,145,236,0,1,1,8,8,24,13,20,43,5,3,0,108,178,213,271,303,340,335,352,376,307,245,156,34.422,40.331,63.595,96.605,100.917,127.012,106.802,105.153,96.781,66.902,52.926,39.47,26,28,31,30,31,30,31,31,30,31,29,27,1,0,0,0,0,0,0,0,0,0,0,0,68,106,68,34,32,1,1,1,7,45,3,12,72,80,76,68,75,65,75,71,65,68,60,82,-51.2,8.4,13.9,19.8,20.4,21.7,39.4,29.3,39.1,18.2,-27.8,-43.9,8.3,12,12.4,14.3,14.7,16.3,15.8,16.3,17.5,14.9,13.6,10.3,12.6,15.1,16,19.4,18.7,22,19.8,21,23.2,19.9,20.2,16.2,4.1,8.8,8.7,9.1,10.7,10.7,11.7,11.7,11.8,9.8,7,4.5
2316628,1957,5,26,"195705","195606",0,0,0,56.863,53.457,113.588,91.768,91.152,78.59,12.367,48.813,26.861,3.52,6.93,2.29,-2.84,-1.4,-6.9,-5.17,-5.83,-6.67,-1.34,-7.45,-4.61,9,3,2,0,0,0,0,0,0,0,1,5,314,182,189,146,145,98,112,99,77,136,151,246,0,0,0,4,3,15,7,11,30,0,0,0,99,171,204,251,276,308,295,315,342,284,238,147,33.925,40.419,64.756,91.788,91.855,115.074,92.497,92.411,87.853,63.317,52.688,38.835,25,28,31,30,31,30,31,31,30,31,28,26,1,0,0,0,0,0,0,0,0,0,0,0,71,113,73,35,38,1,1,1,9,51,4,12,72,79,75,69,77,69,79,76,69,70,59,82,-51.1,8.5,14.3,19.3,22.6,21,42.6,30.2,39.4,18.5,-27.8,-43.8,8,11.7,12.1,13.6,13.8,15.3,14.6,15.1,16.4,14.1,13.4,10,12.3,14.9,16,18.5,17.3,20.2,17.9,19,21.4,18.9,20,15.8,3.7,8.4,8.3,8.7,10.3,10.3,11.3,11.3,11.3,9.4,6.7,4.1
2300993,1957,10,6,"195709","195610",0,0,0.527,59.381,58.973,120.971,109.866,100.888,60.92,20.18,49.522,28.313,2.9,6.06,1.4,-3.1,-1.94,-7.7,-6.63,-6.71,-4.93,-2.17,-7.55,-4.79,8,3,2,0,0,0,0,0,0,0,1,5,309,174,180,135,133,64,70,84,62,125,145,241,0,1,1,6,5,30,16,15,38,2,2,0,103,178,215,263,288,355,349,336,366,296,244,151,34.03,40.576,65.247,93.112,92.913,122.313,110.341,101.595,84.141,64.166,52.912,39.134,25,28,31,30,31,30,31,31,30,31,29,26,1,0,0,0,0,0,0,0,0,0,0,0,66,105,65,34,34,1,0,1,23,44,3,11,72,79,75,69,77,69,74,72,73,70,59,82,-51.1,8.4,14.2,19.3,22.3,20.2,38.6,29.6,39.6,18.4,-27.9,-43.8,8.2,12,12.5,14,14.2,16.8,16.2,15.8,17.2,14.5,13.6,10.1,12.4,15.2,16.3,18.9,17.7,21.9,20.4,20.3,21.6,19.3,20.2,16,3.9,8.8,8.7,9.1,10.7,11.7,12,11.3,12.8,9.7,6.9,4.3
202455,1957,10,11,"195710","195611",0,0,57.374,45.482,85.347,146.815,154.862,137.805,112.034,34.755,69.237,40.59,8.98,4.48,-4.07,-1.36,-3.92,-10.38,-11.09,-10.51,-10.58,-4.04,-11.01,-7.46,8,2,2,1,0,0,0,0,0,0,1,4,307,159,181,174,139,46,31,49,46,94,134,228,0,3,2,0,4,44,43,33,53,13,6,0,108,198,217,223,282,385,416,388,397,335,261,166,43.821,53.399,86.021,104.204,117.14,152.953,155.724,138.606,113.669,83.339,71.755,57.014,22,28,30,28,30,30,31,31,30,31,25,18,2,0,0,0,0,0,0,0,0,0,0,0,136,103,29,59,32,6,1,1,2,49,3,16,63,71,62,61,66,57,58,58,59,61,44,70,-52.8,11,18.5,22.3,18.5,23,31.3,28.4,39.7,18.2,-29.2,-45.4,8.2,12.6,12.4,12.6,14,17.9,18.4,17.5,18.2,15.8,14,10.6,13.9,17.1,18.4,18.8,19.5,25.2,25.6,24.6,25.1,22.2,23.7,20.1,2.6,8,6.4,6.3,8.5,10.6,11.2,10.4,11.3,9.3,4.3,1
1310159,1958,1,7,"195712","195701",0,0,28.303,80.54,109.941,199.57,207.633,178.297,116.406,33.2,33.383,0,2.97,4.56,-1.6,-5.71,-6.85,-18.63,-19.69,-17.78,-13.86,-4.22,-5.36,3.26,14,3,2,0,0,0,0,0,0,0,2,9,370,199,174,93,59,4,2,5,14,95,214,317,0,1,5,20,37,181,194,143,132,18,0,0,71,165,232,314,386,566,595,544,507,333,176,101,33.404,44.827,77.255,117.089,140.085,201.318,208.182,179.11,131.138,72.23,46.655,29.018,18,27,30,30,31,30,31,31,30,31,25,25,2,0,0,0,0,0,0,0,0,0,0,1,61,96,49,37,30,2,1,1,15,39,13,67,66,72,65,57,60,48,46,46,52,64,59,56,-51.2,9.9,16.8,22.7,12.6,24.7,20.5,24.1,38,17.3,-27.1,-42.3,6.2,11,12.7,15.7,17.4,23.9,24.2,22.6,22,15.7,10.9,7.7,11.3,15.4,18.2,22.8,24.2,33.5,34.2,32.4,30.5,21.6,17.5,11.9,1,6.6,7.2,8.5,10.7,14.3,14.3,12.7,13.4,9.8,4.3,3.5
304595,1958,2,15,"195802","195703",0,0,56.593,71.463,101.786,139.246,140.126,125.49,105.886,52.777,49.571,0,-1.78,11.9,-3.81,-3.76,-5.5,-9.33,-9.34,-8.96,-9.27,-5.28,-7.06,-1.52,3,2,1,1,0,0,0,0,0,0,1,2,192,143,162,158,114,43,27,35,51,96,161,160,3,4,4,2,9,47,49,46,49,12,1,8,203,214,239,240,310,391,425,415,388,332,230,242,59.635,60.174,90.519,101.733,115.554,141.091,140.921,126.59,107.496,81.322,63.338,57.697,27,28,30,29,31,30,31,31,30,31,27,29,0,0,0,0,0,0,0,0,0,0,0,0,61,184,34,30,14,2,1,1,2,29,14,71,55,67,62,65,69,63,66,66,63,64,54,45,-55.8,12.2,18.9,21.3,19.7,22.1,34.8,29.9,40.6,18.9,-27.7,-45.2,12,13.2,13.1,13.1,14.9,18.1,18.7,18.4,17.9,15.7,13,13.2,19.4,18.4,19.2,18.8,19.9,24.2,24.4,24,24,21.6,20.6,20.8,4.6,7.9,7,7.5,10,12,13,12.8,11.8,9.8,5.4,5.6
3801194,1958,2,21,"195802","195703",5.73,0,55.775,75.993,106.586,163.073,191.334,172.469,135.798,56.14,47.455,0,-2.74,14.21,-4.09,-4.57,-6.17,-12.85,-16.56,-16.09,-14.59,-6.5,-7.06,0.32,2,1,1,0,0,0,0,0,0,0,0,1,137,110,118,102,72,10,3,3,15,46,122,106,13,11,14,15,26,123,178,181,129,47,12,24,271,256,293,304,364,506,579,582,504,412,278,311,60.567,64.085,95.399,112.731,129.764,165.973,191.334,173.376,136.708,89.495,63.792,58.436,31,28,31,30,31,30,31,31,30,31,29,31,0,0,0,0,0,0,0,0,0,0,0,0,55,215,40,37,23,3,0,1,1,33,16,93,60,66,63,63,66,60,55,56,55,64,59,55,-55.8,12.3,18.7,21.7,18.8,23,29.9,29.3,40.7,18.6,-27.6,-45.2,14.1,14.5,14.8,15.3,16.7,21.9,23.7,23.8,21.8,18.3,14.5,15.4,20.6,19.9,20.8,21.3,22.3,28.8,31.8,31.7,29.8,24.4,21.3,22,7.5,9.1,8.8,9.3,11.1,15,15.6,15.9,13.9,12.3,7.7,8.7
304578,1958,3,0,"195802","195703",0,0,56.14,68.235,98.571,139.486,141.909,127.006,106.887,51.52,49.386,0,-1.53,13.1,-3.82,-3.46,-5.2,-9.38,-9.54,-9.15,-9.44,-5.2,-7.14,-1.09,3,2,2,1,0,0,0,0,0,0,1,2,192,143,162,161,120,45,27,35,51,97,160,160,3,4,4,2,7,46,48,46,48,11,1,8,203,214,239,237,303,389,424,415,387,330,231,241,59.482,60.506,91.278,101.482,114.686,141.266,142.043,128.28,108.42,81.58,63.754,57.483,27,28,30,29,31,30,31,31,30,31,27,29,0,0,0,0,0,0,0,0,0,0,0,0,63,197,35,33,16,2,0,1,2,30,14,75,55,66,61,65,69,63,65,66,63,63,54,45,-55.8,12.2,19,21.3,19.9,22.1,34.6,29.9,40.6,18.8,-27.8,-45.2,12,13.2,13.1,13,14.7,18,18.7,18.4,17.9,15.6,13,13.2,19.4,18.5,19.3,18.7,19.6,24.1,24.5,24.1,24.1,21.6,20.7,20.8,4.6,7.8,6.9,7.4,9.8,11.8,12.8,12.7,11.7,9.7,5.4,5.7
304570,1958,3,1,"195802","195703",0,0,56.166,71.735,103.919,139.569,139.913,125.595,105.934,52.791,49.559,0,-1.85,11.76,-3.76,-3.79,-5.71,-9.36,-9.32,-8.97,-9.28,-5.28,-7.04,-1.54,3,2,1,1,0,0,0,0,0,0,1,2,190,141,160,156,111,42,26,33,49,94,160,159,3,4,4,3,10,49,51,48,50,13,1,8,205,215,241,243,313,395,428,418,390,335,231,244,59.603,59.96,90.243,101.905,115.841,141.27,140.828,126.386,107.48,81.253,63.218,57.668,27,28,30,29,31,30,31,31,30,31,27,29,0,0,0,0,0,0,0,0,0,0,0,0,60,182,34,30,12,2,1,1,2,28,14,70,55,67,62,65,69,64,66,67,64,64,54,45,-55.8,12.1,18.8,21.2,19.6,22.1,34.8,29.9,40.6,18.9,-27.7,-45.2,12.1,13.2,13.2,13.2,15,18.2,18.8,18.5,18,15.8,13,13.3,19.5,18.4,19.2,18.8,20,24.2,24.5,24,24.1,21.6,20.5,20.8,4.6,8,7.1,7.6,10.1,12.1,13.1,12.9,12,9.9,5.5,5.7
304572,1958,4,14,"195804","195705",0,0,0,41.887,103.706,139.626,140.096,125.786,106.053,52.635,49.568,0,-1.82,11.86,9.63,-1,-5.69,-9.37,-9.34,-8.99,-9.3,-5.27,-7.05,-1.51,3,2,3,0,0,0,0,0,0,0,1,2,191,142,208,104,112,42,26,33,50,94,160,159,3,4,0,12,9,49,51,48,50,12,1,8,204,215,188,300,313,394,428,418,390,334,231,243,59.603,60.019,79.195,114.332,115.818,141.363,140.939,126.609,107.61,81.284,63.306,57.669,27,28,29,30,31,30,31,31,30,31,27,29,0,0,0,0,0,0,0,0,0,0,0,0,60,183,155,72,12,2,1,1,2,29,14,70,55,67,67,62,69,64,66,67,64,64,54,45,-55.8,12.1,17.4,22.2,19.6,22.1,34.8,29.9,40.6,18.9,-27.7,-45.2,12,13.2,11.4,15.2,15,18.2,18.8,18.5,18,15.8,13,13.3,19.5,18.4,16.7,21.4,20,24.2,24.5,24,24.1,21.6,20.6,20.8,4.6,8,6.2,8.9,10.1,12.1,13.1,12.9,11.9,9.9,5.5,5.7
2358623,1958,4,18,"195804","195705",0,0,0,0,91.339,199.697,213.319,184.453,127.358,43.081,18.237,0,7.7,13.7,11.78,5.91,-5.02,-18.89,-21.07,-19.14,-15.61,-5.39,-3.72,4.35,9,3,4,0,0,0,0,0,0,0,2,8,316,186,260,134,68,4,1,4,13,96,220,303,0,2,0,10,31,179,217,158,140,19,0,0,108,177,150,267,370,564,618,559,517,332,173,112,34.653,45.145,65.998,108.541,139.31,202.356,214.616,185.42,136.314,74.643,45.801,31.09,24,28,27,29,31,30,31,31,30,31,25,25,1,0,0,0,0,0,0,0,0,0,0,1,115,189,167,142,48,3,1,1,9,32,28,82,69,73,68,59,59,47,46,45,50,62,60,59,-51.5,9.7,15.9,22.2,13.6,25,20.9,24.5,38.2,17.2,-26.9,-42.7,7.9,11.5,9.7,14,16.9,23.8,25,23.1,22.3,15.7,10.7,8.2,12.6,15.8,14.6,20.8,23.7,33.6,35.2,33.3,31.3,21.9,17,12.7,3.2,7.3,4.8,7.3,10.1,14.1,14.8,12.8,13.3,9.5,4.4,3.6
2393459,1958,4,30,"195804","195705",0,0,0,40.948,103.997,139.78,140.273,126.023,106.212,52.436,49.562,0,-1.81,11.98,9.64,-0.91,-5.72,-9.39,-9.36,-9.02,-9.32,-5.25,-7.06,-1.47,3,2,3,0,0,0,0,0,0,0,1,2,191,141,208,104,112,41,26,33,49,94,159,159,3,4,0,12,9,49,51,48,50,13,2,8,204,216,188,300,312,395,428,418,391,335,231,243,59.585,60.023,79.174,114.352,115.837,141.495,141.039,126.799,107.754,81.307,63.372,57.652,27,28,29,30,31,30,31,31,30,31,27,29,0,0,0,0,0,0,0,0,0,0,0,0,60,184,155,73,12,2,1,1,2,29,14,71,55,67,67,62,69,64,66,67,63,64,54,45,-55.8,12.1,17.4,22.2,19.6,22.1,34.8,29.9,40.6,18.9,-27.7,-45.2,12,13.2,11.4,15.2,15,18.2,18.8,18.5,18,15.8,13,13.3,19.5,18.5,16.7,21.4,20,24.3,24.5,24,24.1,21.6,20.6,20.8,4.6,8,6.2,8.9,10.1,12.1,13.1,12.9,11.9,9.9,5.5,5.7
304569,1958,5,4,"195804","195705",0,0,0,20.149,83.677,130,132.361,115.517,99.964,52.593,49.769,0,-0.77,10.84,8.44,1.2,-3.81,-8.36,-8.52,-7.86,-8.57,-5.29,-7,-0.58,3,2,3,0,0,0,0,0,0,0,1,2,197,151,214,134,136,65,49,65,62,100,164,178,2,2,0,5,4,29,26,23,38,9,0,4,193,203,179,266,286,353,381,363,366,327,225,220,57.461,59.248,77.239,106.957,109.34,133.279,132.361,116.265,101.43,79.132,60.907,54.577,27,28,29,30,31,30,31,31,30,31,27,28,0,0,0,0,0,0,0,0,0,0,0,0,68,173,142,87,26,3,0,1,1,27,11,74,56,67,67,63,71,64,67,68,65,65,56,43,-55.5,12.1,17.2,21.7,20.3,21.7,35.6,29.9,40.3,18.9,-27.6,-45,11.8,12.9,11.1,14,14.1,16.8,17.3,16.7,17.2,15.5,12.9,12.6,18.9,18.1,16.3,19.9,18.8,22.7,22.7,21.9,22.9,21.2,20,19.8,4.7,7.6,6,8.1,9.4,10.9,11.8,11.5,11.5,9.8,5.7,5.3
3386031,1958,5,17,"195805","195706",0,0,0,8.528,111.688,134.927,122.66,115.337,98.563,42.291,37.062,0,1.79,7.28,7.72,2.22,-6.6,-8.93,-7.59,-7.92,-8.91,-4.78,-5.94,0.38,4,2,3,1,0,0,0,0,0,0,1,4,235,152,238,160,110,62,71,83,57,101,185,215,0,3,0,2,10,31,16,16,42,10,0,0,162,201,158,237,314,358,348,338,375,325,201,176,48.022,53.182,72.955,104.324,121.447,137.522,123.535,116.122,102.559,77.449,55.097,44.7,26,28,28,29,31,30,31,31,30,31,26,27,0,0,0,0,0,0,0,0,0,0,0,0,82,133,132,96,10,3,1,1,4,35,18,70,60,69,66,61,65,62,68,65,63,62,55,49,-54.5,10.9,17,22.1,16.4,21.5,36.3,29,39.4,17.9,-27.7,-44.4,10.6,12.8,10.4,13.1,15.1,17,16.2,15.9,17.5,15.4,12,11,17,17.7,15.7,19.4,20.7,23.3,21.4,21.6,23.7,21.6,19.3,17.5,4.1,8,5.1,6.8,9.5,10.6,11,10.2,11.3,9.3,4.8,4.5
304552,1958,6,17,"195806","195707",0,0,0,0,94.446,85.532,111.81,105.952,19.039,0,0,0,18.09,27.46,12.65,7.85,-5.18,-4.44,-6.66,-7.23,-0.94,10.96,2.63,9.28,6,3,5,1,0,0,0,0,0,0,2,6,267,192,276,212,153,103,116,115,98,161,207,265,0,0,0,0,2,14,6,8,21,0,0,0,134,159,123,181,267,301,291,292,313,256,173,133,37.2,39.585,67.802,84.685,107.584,102.223,116.136,107.104,88.611,58.685,43.583,33.034,26,28,25,28,30,30,31,31,29,30,27,27,2,1,1,1,0,0,0,0,1,0,1,1,231,320,177,135,13,17,4,1,70,170,90,142,67,77,64,68,68,75,67,65,65,70,63,59,-52.5,8.6,16.9,19.6,17.6,22.4,36.5,28.3,38.6,18.4,-26.7,-43,9.5,11.3,9.2,11.2,13.5,15.1,14.4,14.4,15.4,13.2,11.1,9.4,14.7,14.8,14.7,16.2,18.6,19.1,19.7,20,21.1,17.9,17.1,14.4,4.4,7.8,3.6,6.1,8.4,11,9.1,8.9,9.7,8.5,5.2,4.3
2377415,1958,6,26,"195806","195707",0,0,0,0,99.133,101.016,114.712,106.358,68.687,0,17.895,0,7.68,18.11,9.83,3.81,-5.66,-5.98,-7.06,-7.25,-5.83,0.07,-3.31,3.06,4,2,3,0,0,0,0,0,0,0,1,4,233,141,220,138,101,62,60,72,54,89,167,234,0,4,0,6,13,31,20,20,46,15,0,0,164,214,173,259,326,358,363,352,382,341,221,159,38.223,40.558,64.061,93.099,109.142,107.34,115.516,107.039,88.951,62.648,43.533,32.658,29,28,30,30,31,30,31,31,30,31,30,30,1,0,0,0,0,0,0,0,0,0,0,0,127,227,147,103,10,6,1,1,20,66,26,77,71,81,73,69,72,76,72,70,71,74,70,63,-52.3,8,14.7,19.4,18.5,21.5,37.5,29.2,39.4,18.6,-26.3,-42.9,10.6,13.3,11,13.9,15.4,17,16.7,16.3,17.7,16,12.7,10.4,15.1,16.2,15.1,18.8,20,20.9,21.2,21.1,22.5,20.1,17.5,14.4,6.2,10.3,6.9,9,10.9,13.1,12.2,11.5,13,11.8,8,6.4
2369059,1958,7,0,"195806","195707",0,0,0,0,91.671,75.64,97.909,93.98,0,0,0,0,18.01,27.06,12.34,8.8,-4.97,-3.65,-5.44,-5.99,1.34,11.74,2.56,8.48,6,3,5,1,0,0,0,0,0,0,1,5,264,194,269,210,162,115,138,139,120,167,203,260,0,0,0,0,0,11,4,5,16,0,0,0,135,157,128,184,257,287,266,267,286,250,177,135,36.861,37.912,66.637,82.579,100.642,92.335,101.607,95.365,78.64,54.697,42.739,32.696,27,28,26,28,30,30,31,31,30,30,27,27,1,1,1,1,0,0,0,0,1,0,0,1,229,313,173,142,9,17,4,1,79,172,86,132,68,79,66,69,71,79,73,71,70,74,65,60,-52.3,8.2,16.4,19.1,19.3,21.6,40,29.4,39,18.9,-26.5,-42.9,9.6,11.2,9.4,11.2,13.2,14.6,13.5,13.6,14.5,13,11.3,9.5,14.6,14.4,14.6,16,17.7,18,17.8,18.2,19.2,17.1,16.8,14.3,4.7,8,4.2,6.5,8.7,11.2,9.2,8.9,9.8,8.9,5.8,4.7
304598,1959,3,7,"195902","195803",6.151,0,0,11.235,155.856,170.439,193.568,177.071,137.702,100.387,57.096,62.132,-2.9,7.95,11.26,1.6,-11.81,-13.71,-17.1,-17.7,-16.52,-13.48,-8.9,-10.24,2,4,3,0,0,0,0,0,0,0,0,1,165,205,238,111,44,24,5,2,9,21,103,110,8,0,0,14,49,77,141,211,165,101,18,23,241,155,168,294,415,441,542,612,549,490,302,307,60.403,59.819,79.708,120.514,159.485,171.556,194.117,181.714,148.645,110.58,68.485,63.107,29,24,27,29,31,30,31,31,30,31,29,31,0,0,0,0,0,0,0,0,0,0,0,0,54,145,173,109,4,1,1,5,11,10,11,1,57,61,64,58,55,53,51,54,52,54,55,59,-55.8,13.4,18,23.4,14.9,26.7,30.7,29.9,40.6,17.5,-28.1,-45.5,13,10.5,10.4,14.9,18.4,19.7,22.5,24.8,23.4,20.9,15.3,15.2,20,16.6,16,21.9,26.1,27.9,31.4,33,32,28.9,22.8,23,6,4.4,4.7,7.9,10.8,11.5,13.6,16.6,14.7,12.8,7.8,7.4
2465925,1959,4,1,"195903","195804",35.563,27.157,108.775,84.344,177.374,193.272,216.136,204.913,137.378,111.451,51.585,52.008,-4.65,-3.17,-10.36,-5.94,-15.17,-17.32,-21.5,-23.36,-17.4,-15.42,-7.66,-7.85,5,4,1,0,0,0,0,0,0,0,1,3,251,214,88,69,11,3,0,0,4,14,154,199,2,0,27,33,143,201,315,366,228,133,7,5,163,152,340,352,543,587,716,766,615,527,246,205,47.598,57.746,111.354,129.525,186.444,193.491,216.136,204.943,153.565,114.266,62.164,52.93,26,23,31,30,31,30,31,31,30,31,27,26,0,0,0,0,0,0,0,0,0,0,0,0,12,31,3,45,9,0,0,0,16,3,11,1,63,61,53,56,52,54,54,54,53,52,54,65,-53.7,13.2,21.4,23.7,8.5,27.7,25.3,26.4,39,16.3,-28,-45,10.1,10.2,16.1,16.8,22.7,24.6,28.2,29.8,25.6,22.1,13.2,11.8,15.9,16.5,24.1,24.3,31.2,32.9,36.8,38.4,34.3,30.7,20.9,19.3,4.2,4,8.1,9.4,14.1,16.3,19.6,21.2,16.9,13.5,5.6,4.2
3801191,1959,4,3,"195903","195804",0,0,108.969,32.587,140.011,145.884,163.597,154.449,128.986,99.434,63.912,60.852,-1.02,9.46,-10.21,-0.46,-9.81,-10.45,-12.56,-13.75,-14.07,-12.74,-9.45,-9.91,1,2,0,0,0,0,0,0,0,0,0,1,120,159,68,75,40,29,8,3,10,13,70,76,16,3,35,25,52,67,111,188,158,128,33,39,290,201,361,340,423,426,506,589,540,530,348,354,58.2,59.997,109.963,117.634,142.291,146.652,163.597,157.616,134.685,104.912,67.866,62.271,31,28,31,30,31,30,31,31,30,31,30,31,0,0,0,0,0,0,0,0,0,0,0,0,68,160,1,85,2,1,0,3,6,5,4,1,64,66,58,63,64,63,61,63,59,61,60,64,-55.3,12.4,20.2,21.7,16.5,23.6,33.2,29.9,40.6,17.8,-28,-45.5,14.7,12.6,17.1,16.5,18.7,19.2,21.3,24,23,22.2,16.9,16.9,20.5,17.9,24.1,22.6,24.7,25.4,28,30.5,30.3,29,23.6,23.7,8.9,7.2,10.1,10.5,12.7,13.1,14.6,17.6,15.8,15.4,10.2,10
304574,1959,4,6,"195903","195804",23.897,0,91.471,15.978,154.823,173.659,195.333,184.758,121.354,93.493,36.028,50.188,-3.33,0.88,-8.2,1.07,-12.55,-14.94,-18.68,-20.43,-14.86,-12.66,-5.79,-7.88,6,7,1,0,0,0,0,0,0,0,1,3,271,262,144,137,24,9,1,0,7,23,179,198,1,0,11,11,89,134,256,313,176,97,4,5,147,113,270,266,473,517,657,714,566,481,218,206,45.098,50.272,95.766,111.2,167.237,175.327,195.333,187.026,138.848,102.162,56.411,51.554,25,22,30,29,31,30,31,31,30,31,27,27,0,0,0,0,0,0,0,0,0,0,0,0,21,56,4,95,12,2,0,2,17,9,20,1,65,65,59,60,56,57,58,58,57,57,59,67,-53,12.2,19.6,22.5,12,26.5,28.6,28,40.2,17.1,-27.3,-44.9,9.4,8.5,13.8,13.9,20.3,22.3,26.3,28.1,23.9,20.6,12.3,11.8,14.9,13.8,20.6,20.5,28.1,29.9,33.9,35.8,31.6,28,19,19,3.9,3.1,7,7.4,12.6,14.7,18.6,20.4,16.2,13.2,5.6,4.7
3792167,1959,5,1,"195904","195805",0,0,102.179,134.83,169.506,190.75,219.385,205.748,138.535,110.413,52.779,40.155,-0.88,1.75,-9.86,-12.4,-14.27,-16.85,-21.92,-23.6,-17.65,-15.8,-8.17,-6.55,6,5,1,0,0,0,0,0,0,0,1,5,269,225,126,43,18,7,1,0,8,23,175,246,1,0,14,54,105,149,266,316,174,98,4,2,147,141,290,401,496,533,667,717,562,482,221,160,41.992,54.731,106.6,148.67,183.369,192.268,219.385,205.748,150.698,111.356,59.096,46.73,26,22,29,30,31,30,31,31,30,31,25,22,0,0,0,0,0,0,0,0,0,0,0,0,43,78,4,14,14,2,0,0,12,1,6,7,65,60,49,48,49,50,48,49,48,47,51,67,-52.9,12.8,21.8,25.8,7.4,28.8,22.9,24.9,38.4,15.2,-28.4,-44.7,9.5,9.8,14.5,18.5,21.1,22.8,26.6,28.2,23.8,20.6,12.4,10,14.8,16.2,23.1,27.8,30.2,31.9,36.3,37.8,33.4,30.2,20.6,17.7,4.1,3.5,5.9,9.2,11.9,13.8,16.9,18.6,14.1,11,4.2,2.3
2456431,1959,6,4,"195905","195806",10.201,0,104.014,103.72,112.121,126.072,126.598,117.274,104.467,91.687,62.92,61.503,-2.9,5.45,-9.14,-7.36,-6.65,-8.05,-8.11,-8.59,-9.61,-10.46,-8.72,-9.72,1,2,1,0,0,0,0,0,0,0,0,1,116,158,80,62,96,47,26,10,20,20,79,82,16,3,26,31,14,43,50,109,109,97,25,34,292,199,338,360,332,384,427,501,479,491,331,342,59.445,59.869,105.196,111.795,112.772,126.827,126.598,119.262,109.974,93.698,65.617,63.097,31,28,31,30,31,30,31,31,30,31,30,31,0,0,0,0,0,0,0,0,0,0,0,0,49,117,1,8,1,1,0,2,6,2,3,2,63,67,60,68,72,70,72,75,68,66,61,63,-55.5,12.3,19.7,20.3,21.3,22,38.1,31.1,41.3,18.5,-27.8,-45.5,14.9,12.6,16.4,17.2,15.6,17.8,18.8,21.2,21,20.9,16.4,16.5,20.8,17.9,23.1,22.5,20.1,22.8,23.3,25.4,26.3,26.7,22.8,23.7,9,7.3,9.8,11.9,11.2,12.9,14.2,17,15.7,15.2,10,9.4
304605,1959,7,2,"195906","195807",0,0,97.079,99.06,122.45,132.123,123.832,120.838,92.15,89.836,60.176,57.405,-1.5,7.18,-8.25,-6.73,-7.45,-8.52,-7.71,-8.71,-8.24,-9.86,-8.52,-9.14,2,3,1,0,0,0,0,0,0,0,0,1,173,193,121,94,109,57,41,19,31,46,120,134,5,0,11,15,10,34,32,75,77,44,8,13,224,163,284,312,316,366,394,458,435,413,275,271,57.654,59.388,101.481,109.093,123.36,132.655,124.683,121.638,111.055,91.467,66.069,61.481,29,26,31,30,31,30,31,31,30,31,29,30,0,0,0,0,0,0,0,0,0,0,0,0,60,134,4,10,1,1,1,1,19,2,6,4,59,63,58,66,66,66,71,71,65,62,55,54,-55.4,13,20.3,20.9,18.1,23.2,37.5,30.2,40.5,18.3,-28,-45.5,12.7,11.2,14.7,15.6,15.1,17.2,17.7,19.8,19.5,18.3,14.6,14.2,19.3,17.1,21.6,21.2,20.7,22.9,22.4,24.5,25.5,24.8,22,22.3,6.1,5.4,7.7,10,9.5,11.6,13,15,13.6,11.9,7.1,6.2
304551,1959,7,10,"195907","195808",0,0,100.515,103.078,137.187,156.674,178.863,154.08,113.32,100.63,61.978,54.809,-0.77,8.56,-8.93,-7.39,-9.06,-11.4,-14.26,-13.01,-12.09,-12.21,-9.46,-9.07,3,4,1,0,0,0,0,0,0,0,0,2,179,198,131,102,107,47,12,10,23,41,119,145,5,0,9,14,11,43,90,110,99,52,10,11,219,155,273,303,318,383,480,503,466,425,278,259,57.898,61.408,104.348,118.353,139.238,157.523,178.863,154.878,134.51,102.465,69.325,60.699,29,24,30,30,30,30,31,31,30,31,28,29,0,0,0,0,0,0,0,0,0,0,0,0,70,153,4,15,2,1,0,1,21,2,7,6,58,59,54,59,57,55,52,59,53,54,51,52,-55.6,13.8,21.2,22.9,14.6,26,28.1,27.9,39,17.6,-28.5,-45.5,12.5,10.8,14.3,15.3,15.2,17.8,20.5,21.2,20.5,18.7,14.6,13.8,19.4,17.3,21.9,22,22.3,25.5,28.9,28.4,28.9,26.7,22.9,22,5.6,4.3,6.7,8.6,8.1,10.1,12.1,14,12.2,10.8,6.3,5.6
4567198,1960,3,13,"196003","195904",0,0,7.676,82.344,95.427,107.137,105.324,90.751,39.619,68.076,46.666,0,8.43,6.25,0.68,-5.39,-5.36,-6.38,-6.26,-5.91,-2.56,-7.5,-6.97,-1.66,6,3,2,0,0,0,0,0,0,0,1,4,267,197,179,142,161,102,82,79,93,75,142,215,0,0,0,4,0,14,12,17,23,19,0,0,133,155,213,255,258,302,334,343,321,362,247,171,32.324,45.505,66.537,93.526,97.599,107.93,105.78,92.153,75.322,70.653,50.488,37.463,29,27,31,30,31,30,31,31,30,31,29,29,1,0,0,0,0,0,0,0,0,0,0,0,123,113,59,11,2,1,0,1,36,3,4,39,77,72,75,69,74,72,75,77,76,69,63,67,-50.6,10,14.5,19.6,21.1,21,39.6,30.3,39.7,17.9,-27.4,-43.6,9.5,11.1,12.5,13.7,13.2,15.1,15.8,16,15.7,16.7,13.7,11,13,15.3,16.5,18.7,17.3,19.5,19.7,19.7,19.5,21.7,19.7,16,6.1,6.8,8.5,8.7,9.1,10.7,11.8,12.4,11.8,11.6,7.7,6
304582,1960,3,19,"196003","195904",0,0,69.94,89.353,114.189,126.995,140.136,122.031,89.73,85.338,66.645,26.211,5.44,3.45,-5.15,-5.79,-6.73,-8.03,-9.41,-8.7,-7.42,-9.19,-9.88,-5.07,5,4,2,0,0,0,0,0,0,0,0,2,262,197,170,117,141,81,32,38,62,62,112,180,0,0,2,9,3,21,41,42,39,28,10,4,142,154,228,284,280,331,412,408,367,382,285,217,46.931,55.872,84.959,102.235,115.918,127.512,140.136,123.501,95.163,87.446,69.963,54.294,26,26,30,30,30,30,31,31,30,31,28,29,1,0,0,0,0,0,0,0,0,0,0,0,108,92,15,13,2,1,0,1,5,2,3,28,65,66,65,68,67,66,65,67,69,63,51,54,-53.1,12.4,17.8,20.3,19.4,22.8,34.7,29.9,40.8,18.5,-28.5,-44.9,9.7,10.8,12.8,14.7,13.9,16,18.3,18.1,17.2,17.3,14.9,12.5,15.1,16.2,18.3,19.8,19.2,21.6,24.1,23.5,22.2,23.6,23.1,19.6,4.3,5.5,7.3,9.5,8.6,10.4,12.5,12.8,12.2,11.1,6.7,5.4
2866605,1960,3,20,"196003","195904",0,0,86.522,116.259,133.759,160.901,179.653,156.636,124.634,101.571,70.782,19.15,-0.61,-0.09,-7.11,-9.05,-8.75,-12.21,-14.91,-13.4,-12.47,-12.04,-10.88,-4.51,4,2,1,0,0,0,0,0,0,0,0,1,228,163,106,44,62,13,2,4,15,27,57,127,2,3,18,50,31,106,206,161,130,81,45,17,176,197,308,397,380,489,607,561,505,466,373,284,53.195,63.052,99.173,131.084,134.889,161.608,179.928,157.154,125.888,103.427,75.59,57.46,27,27,31,30,31,30,31,31,30,31,30,31,0,0,0,0,0,0,0,0,0,0,0,0,58,67,13,15,1,1,0,1,1,2,5,38,61,63,62,60,65,61,61,62,62,58,55,53,-54.1,13.1,19.1,22.7,18.6,23.5,32.1,30.7,41.6,18.1,-28.6,-45,10.8,12.4,15.3,18.5,17.2,21.3,24.6,23.1,21.9,20.1,17.7,14.5,16.9,18.3,21.5,25.2,23.1,28,31.5,29.8,28.5,27.3,25.5,21.1,4.6,6.5,9,11.7,11.4,14.6,17.7,16.5,15.2,12.9,10,7.9
2406304,1960,3,23,"196003","195904",0,0,6.613,83.627,98.083,110.307,108.455,93.855,40.268,69.466,46.685,0,8.9,6.71,0.78,-5.53,-5.58,-6.66,-6.52,-6.18,-2.67,-7.75,-7,-1.52,6,3,2,0,0,0,0,0,0,0,1,4,270,193,181,142,159,100,79,77,89,73,144,218,0,0,0,4,0,15,13,18,24,21,0,0,131,153,211,256,260,306,338,345,325,365,245,169,32.372,45.556,66.958,95.11,100.295,111.154,108.913,95.259,78.131,72.132,50.607,37.435,29,27,31,30,31,30,31,31,30,31,29,29,1,0,0,0,0,0,0,0,0,0,0,0,128,117,60,11,2,1,0,1,38,3,4,40,77,72,74,68,72,71,74,76,74,68,63,67,-50.6,10,14.6,19.9,20.5,21.3,38.9,30,39.7,17.8,-27.5,-43.6,9.4,11,12.4,13.7,13.3,15.2,15.9,16.1,15.8,16.8,13.6,10.9,12.9,15.3,16.5,18.9,17.6,19.8,20.1,20,19.9,22,19.6,15.9,6,6.7,8.4,8.6,8.9,10.6,11.7,12.3,11.7,11.5,7.6,5.8
1368032,1960,4,18,"196004","195905",0,0,91.367,106.899,147.26,190.879,215.454,184.103,136.563,109.52,65.821,6.299,0.84,0.39,-8.23,-8.55,-10.42,-16.82,-21.12,-18.23,-15.22,-14.21,-10.94,-3.32,6,3,1,0,0,0,0,0,0,0,0,2,268,193,102,68,67,8,1,2,14,27,72,162,1,2,20,31,30,139,257,191,133,82,34,10,146,172,316,351,373,523,658,591,509,464,348,246,51.658,63.466,107.712,139.274,148.831,191.905,215.692,185.709,141.468,112.147,76.696,56.165,23,25,31,30,31,30,31,31,30,31,30,30,0,0,0,0,0,0,0,0,0,0,0,0,69,74,16,32,2,1,0,2,5,3,11,50,59,59,56,51,57,51,51,51,53,51,50,50,-53.9,13.9,20.7,25.2,16.7,26,28.7,29.9,41.1,17.5,-28.9,-45,9.5,11.2,15.4,16.9,17,22.5,26.3,24.1,22,20,16.8,13.1,16,17.8,22.8,25.2,24.2,31.4,35.4,33,30.4,28.7,25.4,20.2,3,4.7,8,8.5,9.8,13.5,17.1,15.2,13.6,11.4,8.3,6.1
3792191,1960,6,19,"196006","195907",0,0,59.023,52.84,112.974,117.841,125.172,105.994,71.621,85.441,68.809,40.132,3.1,6.38,-4.16,-2.04,-6.59,-7.21,-7.82,-7.01,-5.4,-9.27,-10.5,-6.64,5,3,2,0,0,0,0,0,0,0,0,2,252,194,164,151,146,79,55,63,87,66,107,179,0,0,2,2,1,22,22,24,26,23,9,3,148,160,233,248,274,333,371,365,329,375,290,216,47.186,55.988,86.013,104.592,114.758,118.701,125.305,107.082,85.498,86.415,70.369,53.449,26,26,30,29,30,30,31,31,30,31,28,28,0,0,0,0,0,0,0,0,0,0,0,0,88,123,27,52,2,1,0,1,14,1,2,13,64,65,64,63,67,70,69,73,72,62,50,54,-53.5,12.3,18.1,21.7,19,22.8,36.8,30.4,40.6,18.1,-28.9,-45,10,11.2,13.1,13.4,13.7,16.1,16.9,16.7,15.9,17.1,15.1,12.5,15.7,16.6,18.8,19.4,19.1,21,22,21.2,20.4,23.5,23.7,19.8,4.4,5.8,7.3,7.5,8.4,11.3,11.9,12.3,11.5,10.7,6.5,5.3
2378585,1961,2,3,"196101","196002",37.142,0,88.528,97.943,159.431,186.899,210.214,181.89,153.476,94.805,0,52.385,-6.85,0.58,-7.84,-7.52,-12.04,-16.16,-19.91,-17.68,-18.77,-11.7,-1.16,-8.09,2,3,1,0,0,0,0,0,0,0,1,3,135,193,106,74,46,10,2,4,7,46,134,185,13,2,19,27,47,124,208,168,178,50,10,6,273,171,310,342,411,508,609,568,568,414,265,220,67.489,62.715,105.269,135.993,161.876,187.728,210.636,182.63,156.193,104.257,64.611,57.462,29,25,31,30,31,30,31,31,30,31,29,27,0,0,0,0,0,0,0,0,0,0,0,0,30,75,17,38,2,1,0,1,3,9,78,5,52,60,57,53,54,51,49,51,49,53,56,58,-57.2,13.7,20.4,24.9,14.4,27.3,28.8,29.7,40.1,17.8,-27.7,-45.1,14.1,11.2,15.3,16.6,18.3,22,24.7,23.4,24,18.4,14,12.3,22.2,17.6,22.4,24.7,26.2,30.7,34.1,32.3,33.3,26.6,21.2,20.1,6,4.8,8.1,8.5,10.3,13.2,15.3,14.5,14.7,10.2,6.8,4.5
1368025,1961,2,26,"196102","196003",0,28.654,66.915,75.98,135.527,160.305,163.335,148.901,122.739,89.317,0,17.162,-1.65,-3.98,-5.54,-4.85,-9.1,-12.11,-12.47,-12.31,-12.9,-10.88,2.15,-3.41,5,3,2,0,0,0,0,0,0,0,1,6,246,195,164,151,122,37,21,37,44,100,202,270,0,0,4,4,8,55,61,43,56,11,0,0,157,163,235,246,301,405,443,410,403,326,182,131,51.431,58.941,90.263,115.364,141.955,161.402,167.789,149.712,125.122,91.979,51.153,42.546,22,24,29,28,29,30,31,31,29,29,26,22,0,0,0,0,0,0,0,0,0,0,1,0,57,30,23,39,6,1,4,1,2,3,92,25,53,58,58,54,53,54,53,52,50,49,59,50,-55.4,13.2,19.4,24.1,12.2,27.4,27.8,26.6,38.4,16.6,-27.2,-44.2,10.2,11.2,13,13.4,14.6,18.5,19.3,18.2,18.4,15.5,11.4,9.2,17.9,17.9,19.8,21,22.5,26.5,27.4,26.5,27.2,24.2,18,16,2.6,4.5,6.3,5.8,6.7,10.5,11.2,9.9,9.6,6.7,4.7,2.4
610291,1961,3,1,"196102","196003",30.794,71.803,92.507,96.174,163.878,185.539,217.821,188.258,159.142,107.877,0,51.192,-5.99,-8.9,-8.05,-7.43,-12.56,-15.87,-21.11,-18.74,-19.61,-13.63,-0.46,-7.85,1,1,1,0,0,0,0,0,0,0,1,2,113,112,101,57,33,8,1,2,6,32,126,159,19,11,20,38,64,139,234,190,193,70,12,10,300,256,315,370,441,524,635,591,579,448,275,249,65.953,74.358,102.284,138.926,165.453,186.221,217.821,189.576,159.574,109.996,63.694,56.672,31,28,31,30,31,30,31,31,30,31,29,30,0,0,0,0,0,0,0,0,0,0,0,0,35,3,10,43,2,1,0,1,0,2,82,5,56,56,60,53,55,53,48,49,48,51,58,61,-56.9,14.5,19.7,24.8,12.6,27,26.2,28.1,39.1,17.5,-27.7,-45,15,14.5,15.5,17.5,19.3,22.5,25.5,24.1,24.4,19.5,14.4,13.3,22.4,21.8,22.2,25.5,27.2,30.9,35.2,33.4,33.9,28.1,21.3,20.4,7.7,7.2,8.8,9.5,11.4,14.1,15.8,14.8,14.8,10.9,7.5,6.1
1368055,1961,3,12,"196103","196004",30.214,66.502,77.491,73.883,124.348,132.218,146.862,122.265,114.969,88.207,0,48.784,-5.43,-7.84,-5.89,-4.26,-7.86,-8.83,-10.38,-8.82,-10.87,-9.4,0.71,-7.2,1,1,1,0,0,0,0,0,0,0,0,2,97,101,144,85,65,30,10,21,20,51,114,137,23,12,6,19,28,66,100,71,108,39,11,12,316,264,258,325,375,423,493,453,478,402,285,268,63.534,70.501,89.833,112.209,125.454,132.956,146.862,123.703,115.509,89.015,57.707,54.943,31,28,31,30,31,30,31,31,30,31,30,31,0,0,0,0,0,0,0,0,0,0,0,0,33,4,12,38,1,1,0,1,1,1,80,6,61,61,65,65,69,69,67,70,65,64,66,65,-56.3,13.5,18.2,21.1,19,22.2,35,31,41.1,18.7,-26.9,-44.8,15.8,14.9,13.8,16,17.1,19.1,20.9,19.6,20.9,18,14.8,14.1,22.2,21.3,19.5,21.7,22.2,24.2,26.4,24.5,26.8,24,20.3,20.4,9.3,8.6,8.1,10.4,12,14,15.4,14.7,15,11.9,9.4,7.8
1367997,1961,3,13,"196103","196004",0,5.633,21.941,90.778,149.463,215.141,227.995,198.262,147.891,88.092,0,0,5.83,-1.47,-0.94,-6.85,-11.35,-21.57,-23.77,-21.9,-19.29,-11.78,3.37,-0.14,15,3,2,0,0,0,0,0,0,0,2,9,372,193,204,105,47,2,1,2,12,57,208,320,0,1,3,16,47,219,247,195,146,40,0,0,71,166,201,299,407,606,648,595,524,391,180,99,28.928,50.1,78.066,121.253,162.222,216.009,228.575,198.71,149.227,91.744,43.634,29.706,21,26,28,29,31,30,31,31,30,31,27,24,2,0,0,0,0,0,0,0,0,0,1,0,84,44,56,30,13,1,1,0,1,4,95,34,74,65,62,53,50,45,42,41,42,51,64,54,-49.9,11.2,17.7,23.9,7.7,28,16.5,21.9,36.4,15.4,-26.6,-42.5,6.1,11,11.5,15.1,18.2,25.2,26,24.2,22.5,17.6,11.1,7.6,10,16.5,17.6,23.1,26.8,35.7,37.1,35.4,33.3,26.2,16.8,12.1,2.2,5.4,5.5,7.2,9.5,14.8,14.8,13.1,11.7,9.1,5.4,3.1
2409497,1961,4,1,"196103","196004",0,0,0,61.079,91.049,127.682,125.773,113.466,93.549,53.996,0,0,6.43,0.9,4.49,-3.22,-4.68,-8.42,-8.06,-7.99,-8.36,-5.92,8.77,2.89,7,3,2,0,0,0,0,0,0,0,1,5,292,175,203,152,133,51,55,68,73,105,184,258,0,0,0,3,5,39,22,22,32,9,0,0,117,177,190,244,288,376,370,359,349,321,201,139,32.625,47.559,69.723,95.189,112.428,128.646,126.711,114.685,94.945,69.864,40.356,31.313,27,28,30,29,31,30,31,31,30,31,29,29,1,0,0,0,0,0,0,0,0,0,1,0,101,63,100,34,21,1,1,1,1,16,141,71,75,72,70,67,68,67,67,66,65,67,72,66,-50.8,10.1,15.7,20.1,17.6,22.5,35,28.5,39.1,17.9,-25.8,-42.7,8.7,11.9,11.6,13.4,14.2,17.6,16.9,16.5,16.6,15.3,12.1,9.6,12.5,16.4,16.3,18.7,19.4,23,22.3,22,22.4,20.7,16.4,13.6,5,7.5,6.9,8,9,12.1,11.6,11.1,10.8,9.9,7.8,5.7
2262508,1961,4,6,"196103","196004",0,0,0,46.495,71.567,109.938,114.159,102.386,82.992,40.466,0,0,9.47,2.45,7.35,-1.86,-3.02,-6.82,-7.06,-6.97,-7.1,-4.22,10.36,4.7,7,3,3,1,0,0,0,0,0,0,1,6,294,189,224,192,176,82,82,88,96,127,193,265,0,0,0,0,0,21,12,14,22,2,0,0,114,164,170,201,242,330,334,330,316,294,190,131,31.063,44.723,65.175,82.855,98.086,111.358,115.077,103.604,84.577,60.604,37.695,29.231,28,28,30,29,30,30,31,31,30,31,29,29,1,0,0,0,0,0,0,0,0,0,1,0,130,75,124,36,27,1,1,1,2,20,153,86,77,74,72,71,72,72,71,71,69,73,75,69,-50.3,9.6,15,18.6,20.9,21.4,37.4,29.3,39.4,18.7,-25.3,-42.4,8.7,11.4,10.8,11.9,12.7,16,15.7,15.6,15.5,14.4,11.7,9.4,12.1,15.5,15.1,16.4,17,20.5,20.5,20.3,20.4,18.7,15.6,12.9,5.2,7.3,6.5,7.5,8.3,11.6,11,10.9,10.6,10.1,7.9,5.9
3414522,1961,4,21,"196104","196005",1.285,29.812,36.304,111.675,164.708,216.908,224.94,195.307,149.825,90.544,0,14.206,-0.16,-3.98,-2.33,-9.1,-12.9,-21.86,-23.37,-21.08,-19.28,-11.78,0.17,-1.74,11,4,3,0,0,0,0,0,0,0,2,11,341,196,209,97,52,2,0,2,9,63,218,339,0,1,2,20,44,225,287,205,161,36,0,0,92,164,197,311,399,612,688,606,544,380,175,87,36.831,54.955,83.413,129.004,166.339,217.686,224.976,195.683,150.883,94.27,46.663,33.421,20,24,27,29,30,30,31,31,30,30,26,20,1,0,0,0,0,0,0,0,0,0,0,0,36,25,47,17,2,1,0,0,1,4,65,19,65,60,58,50,48,45,47,45,45,50,61,54,-51.9,12.4,18.9,24.9,9.1,29,20.4,24.4,37.7,15.9,-26.8,-43,7.1,10.8,11.3,15.5,17.9,25.4,27.3,24.6,23.2,17.3,10.7,7,12.4,17.1,18.1,24,27,35.8,37.3,35,33.5,25.9,16.9,12.3,1.8,4.5,4.6,7,8.8,15.1,17.3,14.2,12.9,8.6,4.6,1.6
2442814,1961,7,19,"196107","196008",0,0,0,21.608,20.949,132.862,148.756,139.967,100.519,40.406,0,0,1.86,5.16,10.7,2.25,3.04,-11.37,-13.76,-14.14,-12.56,-4.15,14.84,9.68,40,54,62,19,6,0,0,0,0,4,33,63,490,485,554,439,409,129,64,113,141,334,477,550,0,0,0,0,0,8,18,8,11,0,0,0,21,8,7,30,44,269,358,295,261,97,20,7,38.231,39.004,54.818,82.528,92.807,141.385,157.074,140.947,109.585,62.575,32.088,29.709,3,2,1,3,7,28,31,29,25,14,6,2,6,19,69,19,23,0,0,0,0,0,32,26,51,71,125,61,72,9,8,1,9,22,171,115,41,46,46,43,53,52,51,46,46,52,57,41,-52.4,14.9,20.1,26.5,24.5,27,32.4,29.3,40.7,18.5,-24.3,-42.4,2.3,0.6,0.2,3.4,4.8,14,16.5,14.5,13.7,7.3,2.1,0.2,11.3,8.4,7.9,12,11.9,22.1,24.9,23.9,22.9,14.8,8.2,8.4,-6.8,-7.3,-7.5,-5.3,-2.3,5.9,8.1,5.2,4.4,-0.3,-4,-8.1
304601,1961,7,23,"196107","196008",0,41.722,49.249,112.737,131.527,167.173,190.234,165.031,137.948,72.628,0,13.427,-1.91,-5.08,-3.37,-8.79,-8.94,-13.7,-17.11,-15.56,-15.88,-9.22,6.3,-3.11,3,3,2,0,0,0,0,0,0,0,1,4,189,177,195,110,95,15,3,4,14,46,164,221,5,2,2,13,17,98,172,158,134,48,4,2,212,183,207,293,332,474,572,559,510,412,230,176,54.688,60.456,82.962,120.726,135.541,168.174,190.234,165.631,138.802,94.713,50.312,44.941,29,26,29,29,31,30,31,31,30,31,29,28,0,0,0,0,0,0,0,0,0,0,0,0,56,19,34,8,4,1,0,1,1,22,128,32,60,63,64,57,60,57,54,57,53,59,69,63,-55,13,18,23.7,15.5,24.9,26.6,27.3,38.9,17.9,-26.3,-44,12.1,11.9,11.9,14.9,15.7,20.8,23.5,23,22,18.3,12.9,10.8,18.5,17.8,17.5,22.1,22.2,28.3,31.7,30.6,30.3,25.3,17.8,16.4,5.7,5.9,6.3,7.8,9.1,13.3,15.3,15.5,13.8,11.3,7.9,5.2
2298121,1961,8,13,"196108","196009",0,0,0,57.801,100.782,186.89,216.489,177.705,135.703,74.706,0,0,4.21,4.87,8.98,-3.71,-6.17,-18.02,-23.05,-19.51,-17.95,-10.3,14.27,1.88,9,5,4,0,0,0,0,0,0,0,2,9,322,229,264,151,119,5,1,1,12,79,231,313,0,0,0,8,13,176,261,225,142,27,0,0,105,136,148,248,304,561,662,625,520,356,165,105,38.059,47.431,70.693,111.384,133.233,195.11,217.307,179.573,139.078,84.264,42.226,33.577,19,24,25,28,30,30,31,31,30,30,25,21,1,0,0,0,0,0,0,0,0,0,2,1,90,106,148,54,32,8,1,2,3,10,205,65,60,64,62,54,57,50,47,52,47,53,62,51,-52.8,11.2,17.2,23.3,14.5,25.7,19.8,24.6,37.8,15.8,-26.5,-43.1,7.8,9.7,9.6,13.4,14.7,23.7,26.4,25.2,22.4,16.5,10.3,7.8,14,15.3,15.4,21,21.9,32.9,36.3,34.1,32,24.4,16.2,13.7,1.5,4.1,3.7,5.9,7.5,14.6,16.5,16.4,12.7,8.5,4.4,1.9
2289763,1961,9,24,"196109","196010",8.467,0,5.062,70.235,93.732,156.538,195.802,148.548,100.033,65.624,0,0,0.27,2.96,2.56,-3.72,-5.55,-15.26,-20.85,-16.57,-12.53,-8.73,4.78,1.35,56,34,31,6,1,0,0,0,0,2,32,69,535,433,472,344,287,59,28,42,185,286,471,563,0,0,0,0,0,33,48,38,6,0,0,0,11,20,26,75,127,363,423,399,213,134,23,7,31.216,36.988,56.539,96.318,122.216,179.844,199.505,165.564,111.567,73.779,30.635,0,2,5,5,6,13,28,30,30,15,10,5,2,4,7,10,2,1,0,0,0,0,0,12,7,23,53,51,26,28,23,4,17,12,8,70,27,43,54,53,42,45,39,35,40,36,38,55,43,-50.9,12.7,18.3,26.3,17.8,29.9,24.5,26.9,40,16.5,-24.3,-41.6,0.8,2.4,2.8,6.6,8.8,17.1,18.6,17.9,12,8.8,2.3,-0.3,9.2,9,9.6,16,18,28.2,31.1,29,23.6,19.3,8.8,7.2,-7.5,-4.2,-4,-2.9,-0.4,6,6.2,6.8,0.4,-1.7,-4.1,-7.7
304535,1962,3,30,"196203","196104",8.545,0,45.179,107.138,117.147,127.766,131.217,118.236,98.747,85.452,0,18.143,-2.64,19.64,-2.38,-7.44,-6.91,-8.1,-8.47,-8.37,-8.32,-8.87,-0.27,-3.48,4,4,3,0,0,0,0,0,0,0,1,4,212,201,231,126,136,63,30,25,62,87,169,219,1,0,0,7,4,31,44,63,39,14,0,0,180,150,166,274,286,357,418,441,367,344,220,172,58.774,50.555,77.489,112.061,118.287,128.385,132.079,119.525,101.688,86.678,58.733,49.258,25,27,28,29,30,30,31,31,30,31,28,27,0,1,0,0,0,0,0,0,0,0,0,0,50,246,32,5,1,1,1,1,3,1,72,31,53,71,66,61,66,67,69,71,66,60,59,54,-55.6,11.1,17.5,22.4,19.1,23,36.2,30.3,40.8,18.6,-27.2,-44.4,11.2,10.7,10.6,14.3,14.1,16.9,18.5,19.2,17.2,16.1,12.7,10.9,18.8,15.1,15.9,20.7,19.6,22.3,23.6,24,22.9,22.6,19.3,17.3,3.6,6.3,5.3,8,8.7,11.6,13.4,14.5,11.6,9.5,6,4.4
5504855,1962,4,8,"196204","196105",12.662,0,47.881,132.094,135.305,200.593,221.41,182.327,129.563,93.705,0,2.673,-0.86,11.82,-3.35,-11.56,-9.29,-18.58,-22.18,-18.64,-15.18,-12.32,-1.66,-0.36,16,6,3,0,0,0,0,0,0,0,2,12,383,257,229,68,74,5,1,2,19,57,213,346,0,0,0,31,29,177,239,201,111,41,0,0,63,113,176,350,362,562,640,601,481,392,179,81,35.362,42.746,79.424,137.036,147.204,201.493,221.498,183.59,136.072,95.537,50.499,29.381,15,24,26,29,31,30,31,31,30,30,24,22,1,1,0,0,0,0,0,0,0,0,0,0,23,159,32,5,12,1,0,1,7,2,56,27,63,70,59,49,55,48,45,49,48,49,55,68,-51.6,10.3,18.5,25.3,11.3,26.5,18.5,23.9,37.8,15.6,-27.5,-42.4,5.8,8.7,10.7,16.9,16.6,23.8,25.7,24.4,21.1,17.7,10.9,6.7,11.4,13.2,17.2,25.8,24.3,33.4,36.1,33.7,30.5,26.5,18.2,11.1,0.1,4.2,4.2,8,9,14.2,15.2,15.2,11.7,8.8,3.6,2.4
375720,1962,4,10,"196204","196105",0,0,39.45,128.733,134.773,173.52,193.517,176.11,136.503,97.125,29.383,3.105,2.51,15.34,-1.88,-10.26,-8.91,-14.03,-17,-17.09,-14.57,-11.57,-4.86,-2.05,2,3,4,0,0,0,0,0,0,0,1,3,174,193,241,79,98,17,3,2,20,40,132,187,7,1,0,25,15,93,172,203,109,56,9,5,231,165,166,335,329,467,573,604,479,428,266,216,59.194,51.655,81.377,129.649,136.823,174.706,193.977,180.804,138.299,103.144,62.142,50.682,29,27,27,30,31,30,31,31,30,31,29,30,0,0,0,0,0,0,0,0,0,0,0,0,102,205,42,1,2,1,0,5,2,6,33,48,60,72,63,56,60,54,53,55,53,56,61,55,-55.1,11.1,18.3,23.9,19.2,25,31.8,30.7,41.7,18.4,-27.1,-44.3,12.7,11,10.3,16.3,15.6,20.6,23.5,24.5,21,18.8,14.1,12.2,19.2,15.2,16.1,23.7,22.1,28.7,31.9,32.7,29.3,26.4,20.4,18,6.2,6.7,4.6,9,9,12.5,15.2,16.4,12.7,11.3,7.8,6.5
2960499,1962,4,10,"196204","196105",8.08,0,7.401,108.957,113.691,157.397,170.737,141.113,112.161,80.744,0,0,-1.93,13.13,0.91,-8.31,-6.82,-11.81,-13.42,-11.57,-11.45,-9.55,-0.15,-0.46,6,4,3,0,0,0,0,0,0,0,1,7,276,218,234,111,121,27,12,16,39,82,192,282,0,0,0,12,8,71,91,84,64,19,0,0,131,137,164,290,302,432,481,470,415,351,194,122,43.158,44.133,70.601,117.701,124.596,158.787,171.17,142.682,117.654,84.727,47.882,34.633,23,26,28,29,30,30,31,31,30,31,27,26,0,1,0,0,0,0,0,0,0,0,0,0,35,178,63,9,11,1,0,2,5,4,64,39,61,72,68,56,62,57,54,60,55,56,63,67,-53.5,10,16.4,23.4,15.2,24.1,26.2,26.5,38.3,16.9,-26.9,-43.1,9.2,10.1,10.5,14.9,14.7,19.4,20.5,20.2,18.9,16.3,11.8,8.8,15.3,14.3,15.6,22.2,20.8,26.8,28.5,27,26.6,23.6,17.7,13.7,3.1,5.8,5.5,7.6,8.5,12,12.6,13.3,11.1,9,5.8,3.9
2960568,1962,4,15,"196204","196105",0,0,0,74.714,61.009,103.695,112.089,87.768,76.445,58.534,0,0,0.31,21.07,5.61,-4.52,-2.2,-6.06,-6.78,-5.61,-6.32,-6.07,4.36,2.55,5,4,4,1,0,0,0,0,0,0,1,6,257,214,250,170,202,93,73,75,87,126,189,269,0,0,0,0,0,17,15,19,25,2,0,0,141,135,145,226,211,314,345,349,328,296,194,127,41.651,40.58,61.749,92.619,84.539,108.223,113.828,92.439,86.531,67.256,44.076,32.506,26,27,29,29,30,30,31,31,30,31,29,28,0,1,0,0,0,0,0,0,0,0,0,0,58,253,101,18,24,5,2,5,10,9,102,68,65,77,74,67,78,73,72,77,69,68,68,71,-53.1,9.1,14.6,20,24.4,20.1,37.8,30.2,39.5,18.3,-26.3,-42.8,9.9,10.2,10,12.7,11.7,15.5,16.1,16.2,15.9,14.5,11.9,9.2,15.3,13.8,14,17.9,15.1,19.8,20.6,19.8,20.9,19.7,16.9,13.4,4.4,6.7,6,7.5,8.3,11.2,11.6,12.6,11,9.3,6.9,5
5504851,1962,4,18,"196204","196105",0,0,47.516,106.209,109.101,116.981,122.536,117.6,94.865,78.613,10.94,10.14,-0.68,15.8,-2.61,-7.43,-6.41,-7.34,-8.12,-8.61,-8.06,-7.92,-2.4,-2.3,2,3,2,0,0,0,0,0,0,0,0,2,151,174,191,82,90,40,10,9,32,49,111,179,9,1,0,20,16,51,101,112,76,41,12,5,250,181,207,329,338,398,493,505,435,408,289,221,56.803,47.721,77.199,107.735,110.15,117.692,122.536,118.261,97.026,79.971,55.971,46.747,31,28,30,30,31,30,31,31,30,31,30,31,0,0,0,0,0,0,0,0,0,0,0,0,64,204,30,2,1,1,0,1,2,1,45,37,64,78,70,68,74,74,77,75,73,71,69,61,-54.8,9.8,16.4,20.2,22.3,20.8,39.1,31.6,41.9,19.3,-26.6,-44,13.5,12,12.1,16.2,15.9,18.3,20.9,21.3,19.5,18.2,15,12.5,19.3,15.4,16.7,21.3,20.1,22.4,24.7,25.4,23.9,22.9,19.9,17.4,7.7,8.5,7.4,11,11.7,14.1,17.1,17.2,15.1,13.4,10,7.6
5569675,1962,4,20,"196204","196105",3.232,0,0,93.811,85.579,127.807,133.605,105.771,89.298,68.806,0,0,-1.19,17.51,2.64,-6.62,-4.34,-8.48,-9.01,-7.47,-8.06,-7.7,2.82,1.42,7,4,3,0,0,0,0,0,0,0,1,6,281,214,227,121,156,45,30,37,56,86,180,275,0,0,0,9,2,45,45,44,44,17,0,0,125,138,168,279,264,388,418,411,378,346,207,126,39.109,40.659,64.602,104.721,99.19,129.41,134.088,108.655,95.225,73.889,44.499,30.599,25,27,30,30,31,30,31,31,30,31,29,28,0,1,0,0,0,0,0,0,0,0,0,0,36,218,75,11,14,2,0,3,6,5,89,53,66,76,73,63,73,67,67,73,66,65,67,74,-52.6,9.1,14.9,21.2,21,21.2,33.6,29.2,39.3,17.6,-26.5,-42.6,9.1,10.2,10.8,14.5,13.4,17.9,18.5,18.2,17.6,16.1,12.2,9.1,14.3,13.8,15,20.5,17.6,23.3,24,22.7,23.1,21.9,17.4,12.9,3.9,6.6,6.5,8.6,9.1,12.6,13,13.8,12.1,10.4,7.1,5.2
5504856,1962,4,27,"196204","196105",10.001,0,46.598,130.859,133.177,199.761,220.798,182.532,127.777,92.783,0,1.33,-0.53,13.12,-3.22,-11.43,-9.06,-18.47,-22.13,-18.64,-14.88,-12.15,-1.41,-0.2,17,7,3,0,0,0,0,0,0,0,2,12,388,258,229,67,75,4,1,2,20,57,214,348,0,0,0,32,28,179,245,205,109,41,0,0,61,112,176,351,360,565,646,605,479,392,178,81,34.721,41.96,79.218,136.565,145.894,200.568,220.912,182.746,134.77,94.673,50.21,28.744,15,24,26,29,31,30,31,31,30,31,24,22,1,1,0,0,0,0,0,0,0,0,0,0,25,171,33,6,13,1,0,0,7,2,58,27,63,71,60,49,55,48,46,50,49,50,55,68,-51.4,10.2,18.4,25.2,11.7,26.3,19,24.2,38,15.7,-27.5,-42.3,5.6,8.6,10.7,16.9,16.6,23.8,25.9,24.6,21,17.7,10.9,6.7,11.1,13,17.1,25.8,24.1,33.4,36.2,33.7,30.2,26.4,18.1,10.9,0.1,4.2,4.3,8.1,9,14.3,15.6,15.4,11.7,8.9,3.6,2.5
375702,1962,5,4,"196204","196105",0,0,46.298,122.979,116.99,139.712,141.419,126.632,114.333,86.589,39.429,18.676,-0.28,4.26,-2.37,-9.21,-7.07,-9.61,-9.94,-9.68,-10.41,-9.17,-5.42,-3.27,2,2,2,0,0,0,0,0,0,0,1,2,170,168,197,70,83,24,7,6,25,44,126,178,7,2,0,27,19,77,118,138,92,48,9,6,232,190,203,348,349,441,515,539,457,418,271,224,61.718,54.835,82.154,124.304,118.524,140.491,142.041,131.382,115.505,93.971,62.909,52.022,29,28,30,30,31,30,31,31,30,31,30,31,0,0,0,0,0,0,0,0,0,0,0,0,73,96,36,1,2,1,1,5,1,7,23,33,59,73,67,61,71,68,71,72,65,63,63,55,-55.1,11.2,17.4,22.6,22.2,21.5,37.7,32.3,42.5,19.3,-26.8,-44.2,12.8,12.2,11.8,16.8,16.2,19.7,21.6,22.4,20.3,18.5,14.3,12.6,19.4,16.4,17,23.2,20.9,25.1,26.5,27.1,26.1,24.6,20.4,18.2,6.2,8,6.7,10.3,11.5,14.3,16.8,17.7,14.4,12.4,8.3,7
5504857,1962,5,5,"196204","196105",7.46,0,30.609,121.566,131.89,201.397,222.765,184.272,128.496,89.015,0,0,-0.4,15.71,-1.63,-10.39,-8.93,-18.87,-22.78,-19.21,-14.98,-11.6,-1.34,0.3,16,7,4,0,0,0,0,0,0,0,2,12,381,260,242,72,84,4,1,2,21,61,214,348,0,0,0,29,23,181,250,210,105,37,0,0,65,111,165,344,347,567,651,611,474,384,178,80,34.755,40.924,76.984,132.349,143.246,202.224,224.063,185.341,133.499,91.931,49.489,28.162,16,24,26,30,30,30,31,31,30,31,24,22,1,1,0,0,0,0,0,0,0,0,0,0,27,196,46,11,11,1,1,1,5,3,58,32,63,72,60,51,55,48,45,49,48,51,56,69,-51.5,9.9,18.2,24.6,12.6,26.3,19,24.3,38.3,15.8,-27.4,-42.2,5.8,8.6,10.3,16.7,16.1,23.9,26.1,24.8,20.8,17.4,10.9,6.7,11.4,12.8,16.6,25.2,23.7,33.6,36.6,34.1,30.1,25.9,18.1,10.8,0.3,4.3,3.9,8.2,8.6,14.3,15.5,15.4,11.6,8.9,3.7,2.6
5504863,1962,5,6,"196204","196105",5.43,0,0,100.169,94.575,141.311,151.623,121.165,99.384,74.227,0,0,-1.22,16.42,1.67,-7.31,-5.06,-9.96,-11.07,-9.16,-9.51,-8.53,2.25,0.69,8,5,3,0,0,0,0,0,0,0,1,7,299,229,238,121,147,34,17,25,47,85,192,289,0,0,0,9,4,58,71,62,52,18,0,0,112,127,159,278,273,411,456,439,394,347,194,116,39.993,41.672,67.55,109.778,108.954,143.063,152.111,123.269,105.272,78.647,46.58,31.842,23,26,29,29,30,30,31,31,30,31,28,26,0,1,0,0,0,0,0,0,0,0,0,0,35,207,68,10,14,2,0,2,6,4,86,46,63,74,69,60,69,63,61,67,61,61,64,70,-52.8,9.6,15.8,22.2,18.8,22.3,30.1,28.2,39,17.2,-26.8,-42.7,8.5,9.7,10.4,14.5,13.7,18.7,19.7,19.2,18.1,16.2,11.8,8.6,14.1,13.6,15.1,21.1,18.7,25,26.3,24.6,24.7,22.6,17.5,12.9,2.8,5.7,5.7,8,8.7,12.5,13.1,13.7,11.6,9.7,6,4.3
375701,1962,5,10,"196205","196106",0,0,47.507,108.956,89.261,117.319,114.416,106.357,96.465,76.401,36.251,20.155,-0.78,5.03,-2.45,-7.56,-4.5,-7.36,-7.34,-7.49,-7.99,-7.5,-4.81,-3.21,3,3,3,0,0,0,0,0,0,0,1,3,184,191,216,96,113,41,14,11,40,64,142,196,5,0,0,16,9,50,81,102,62,28,4,3,215,168,182,312,311,396,468,493,412,379,252,201,58.444,49.769,76.62,109.948,103.131,118.031,114.416,108.983,97.676,83.351,59.384,49.386,29,28,29,30,31,30,31,31,30,31,30,30,0,0,0,0,0,0,0,0,0,0,0,0,62,97,29,1,14,1,0,3,1,7,23,29,61,76,70,66,76,74,79,79,72,68,64,56,-54.7,10.5,16.7,20.9,24.6,20.2,40.9,32.6,42.7,19.6,-26.6,-44.1,12.3,11.3,11.1,15.6,15,18.2,20.1,20.9,18.7,17.2,13.7,11.9,18.6,15.1,15.8,21,18.8,22.4,23.5,24.4,23.3,22.5,19.4,17.3,6,7.6,6.3,10.1,11.1,14.1,16.7,17.4,14.2,12,8,6.5
2373106,1962,5,11,"196205","196106",0,0,0,94.387,121.384,193.761,225.663,187.34,127.115,68.27,0,0,3.31,30.96,7.78,-8.1,-8.24,-19.12,-24.65,-21.29,-15.88,-10.32,3.42,7.04,11,9,6,0,0,0,0,0,0,0,2,11,336,288,294,88,92,3,0,1,19,65,222,341,0,0,0,22,20,197,282,248,109,34,0,0,93,89,121,321,336,584,683,649,480,376,172,85,39.495,40.11,70.758,128.706,138.12,202.888,226.444,189.492,132.719,89.941,47.332,30.653,16,21,22,29,30,30,31,31,30,30,23,20,1,4,1,0,0,0,0,0,0,0,1,1,81,347,131,34,17,9,1,2,6,22,108,108,55,69,59,50,57,48,45,49,48,49,55,63,-53.2,10.3,17.9,24.6,13.5,25.9,18.3,23.7,38.2,15.2,-27.4,-42.6,7.3,7.6,8.6,15.9,15.8,24.5,27.1,26,21,17.1,10.6,6.9,14.3,12.3,14.9,24.6,23.1,34.1,37.6,35.5,30.5,25.9,18,12.3,0.3,2.8,2.2,7.2,8.5,14.9,16.6,16.5,11.6,8.4,3.3,1.6
1367998,1962,5,15,"196205","196106",0,0,55.699,140.774,144.641,183.146,208.709,187.52,142.338,107.264,2.672,9.969,-0.76,21.31,-3.73,-12.07,-10.05,-15.46,-19.57,-19.23,-15.87,-13.4,-2.58,-2.88,2,3,2,0,0,0,0,0,0,0,1,3,167,194,203,51,70,10,1,1,15,32,125,193,8,1,1,43,27,123,222,230,126,71,11,5,238,169,199,382,367,507,623,631,500,449,274,209,61.081,54.802,88.487,141.745,148.17,183.808,208.709,192.631,143.919,108.113,63.446,50.043,29,27,28,30,31,30,31,31,30,31,29,29,0,0,0,0,0,0,0,0,0,0,0,0,75,270,33,1,4,1,0,5,2,1,61,40,56,68,60,53,57,53,51,51,51,53,58,57,-56,11.8,19.3,24.9,15.3,26.4,27.2,27.9,40,17.6,-27.6,-44.4,12.9,11.2,11.6,17.9,16.8,21.9,25.1,25.4,21.7,19.5,14.4,12,20.1,16.1,18,26.1,24.1,30.3,34.2,34.4,30.6,27.8,21.2,18.1,5.7,6.3,5.2,9.8,9.6,13.5,16.1,16.4,12.9,11.3,7.5,6
5569850,1962,5,15,"196205","196106",16.983,0,46.242,128.536,148.706,195.469,217.812,178.557,129.519,92.238,0,4.622,-1.4,10.32,-3.14,-10.95,-10.7,-17.69,-21.49,-18.02,-15.04,-11.97,-1.87,-0.62,15,6,3,0,0,0,0,0,0,0,2,11,374,257,232,77,69,6,1,2,20,59,211,342,0,0,0,26,29,162,226,193,109,39,0,0,68,112,173,336,368,547,627,593,478,388,180,84,36.694,43.208,78.236,132.613,150.285,196.511,218.396,181.143,135.017,94.14,50.264,30.226,15,24,27,29,31,30,31,31,30,31,24,22,1,1,0,0,0,0,0,0,0,0,0,0,20,145,32,4,2,1,1,3,5,2,53,26,61,70,60,50,54,49,45,50,48,50,56,67,-51.9,10.5,18.3,25,10.3,26,18.5,23.8,37.7,15.8,-27.5,-42.5,6,8.7,10.6,16.4,16.9,23.3,25.3,24.2,21,17.5,11,6.9,11.9,13.3,16.9,25,24.7,32.6,35.6,33.3,30.2,26.2,18.1,11.4,0.2,4.1,4.3,7.8,9,13.9,14.9,15,11.7,8.9,3.8,2.4
469002,1962,5,18,"196205","196106",0,0,42.886,109.089,89.659,117.366,112.343,100.819,97.392,76.373,34.545,17.519,-0.22,4.08,-2.07,-7.67,-4.7,-7.48,-7.3,-7.13,-8.23,-7.56,-4.47,-2.79,2,2,2,0,0,0,0,0,0,0,0,2,163,163,190,72,89,30,10,8,28,46,122,173,7,3,0,26,17,66,101,122,84,45,9,6,238,195,210,345,340,423,493,519,446,414,276,229,57.284,47.185,72.934,110.326,101.209,118.165,113.016,105.439,98.429,82.445,57.03,47.398,31,28,31,30,31,30,31,31,30,31,30,31,0,0,0,0,0,0,0,0,0,0,0,0,66,85,30,1,12,1,1,5,1,6,22,30,65,80,74,69,78,76,81,81,74,71,69,60,-54.3,9.5,15.4,20.2,25,19.4,41.1,32.7,42.7,19.8,-26.3,-43.8,13.1,12.4,12.1,16.7,15.9,19.1,20.9,21.8,19.9,18.4,14.5,12.8,18.7,15.5,16.1,21.8,19.4,23.1,24.1,24.9,24.2,23.1,19.4,17.3,7.4,9.3,8.1,11.6,12.4,15.2,17.7,18.6,15.5,13.6,9.6,8.2
375700,1962,5,26,"196205","196106",0,0,46.824,127.517,107.733,149.051,153.668,138.238,120.85,90.085,39.256,19.157,-0.3,4.59,-2.43,-9.76,-6.04,-10.63,-11.27,-11.03,-11.36,-9.8,-5.55,-3.42,3,3,2,0,0,0,0,0,0,0,1,3,178,175,204,71,86,22,6,5,24,44,131,185,6,2,0,27,19,82,126,149,95,48,8,5,224,183,197,346,344,449,527,549,461,417,266,217,62.535,56.479,84.463,128.81,125.209,149.802,154.268,142.876,122.033,97.937,64.413,53.063,28,28,29,30,31,30,31,31,30,31,29,30,0,0,0,0,0,0,0,0,0,0,0,0,75,101,38,1,17,1,1,5,1,8,25,34,57,71,65,58,67,64,67,68,62,60,60,53,-55.3,11.8,18.1,23.4,21.1,22.5,36.3,32.1,42.4,19.1,-27,-44.3,12.5,11.9,11.6,16.7,16.1,20,22,22.8,20.4,18.5,14.1,12.3,19.5,16.5,17.1,23.7,21.4,26.1,27.7,28.2,26.9,25.2,20.6,18.2,5.6,7.3,6,9.7,10.8,13.9,16.4,17.3,13.9,11.8,7.7,6.4
4567195,1962,6,27,"196206","196107",0,0,0,79.642,90.876,103.596,113.194,89.527,74.414,58.88,0,0,-0.63,17.05,4.21,-5.09,-5,-6,-6.94,-5.85,-6.17,-6.22,3.89,2.12,6,4,3,1,0,0,0,0,0,0,1,6,266,211,240,158,186,128,70,73,83,113,182,273,0,0,0,2,0,9,16,19,27,5,0,0,134,137,154,239,231,270,349,351,334,310,203,125,39.336,39.491,60.909,93.209,92.205,104.648,113.676,91.619,83.942,66.607,42.841,30.242,27,28,30,29,30,30,31,31,30,31,29,28,0,1,0,0,0,0,0,0,0,0,0,0,44,212,87,14,1,1,0,2,10,8,96,60,67,78,75,68,75,72,72,78,71,69,70,75,-52.6,8.8,14.3,19.9,22.5,20.8,37.8,30.3,39.5,18.2,-26.2,-42.5,9.6,10.3,10.3,13.2,12.3,14,16.2,16.3,16.1,15,12.2,9.1,14.6,13.7,14.2,18.3,16.2,18.4,20.7,19.8,20.8,20,16.9,12.9,4.5,6.9,6.5,8,8.4,9.6,11.8,12.8,11.4,10,7.4,5.4
376201,1962,7,2,"196206","196107",0,0,44.183,109.055,88.819,99.265,106.836,96.178,95.295,76.703,36.602,19.63,-0.92,3.14,-2.14,-7.59,-4.61,-5.82,-6.8,-6.69,-7.91,-7.48,-4.62,-2.98,2,2,2,0,0,0,0,0,0,0,1,2,171,169,198,78,99,55,12,9,32,51,131,179,6,2,0,22,13,36,89,111,76,39,7,5,230,189,201,335,328,369,478,505,435,402,265,221,57.947,48.561,73.269,110.372,99.118,101.43,107.513,99.443,96.449,82.295,57.403,47.952,30,28,31,30,31,30,31,31,30,31,30,31,0,0,0,0,0,0,0,0,0,0,0,0,59,77,29,1,10,2,1,3,1,6,21,28,64,79,74,68,78,80,82,83,74,71,68,59,-54.4,9.9,15.6,20.4,25.4,19.4,41.9,32.8,42.8,19.8,-26.3,-43.9,12.8,12.2,11.8,16.3,15.5,17.3,20.4,21.3,19.5,18,14.2,12.5,18.6,15.5,15.9,21.6,18.9,20.5,23.4,24.1,23.7,22.8,19.2,17.2,7,8.9,7.7,11.1,12.1,14.1,17.5,18.5,15.3,13.2,9.1,7.8
375690,1962,7,9,"196207","196108",0,0,48.065,134.802,118.951,149.336,173.653,158.3,132.19,96.764,40.296,18.811,-0.41,5.29,-2.6,-10.76,-7.16,-10.58,-13.48,-13.75,-13.23,-11.08,-5.92,-3.57,3,3,3,0,0,0,0,0,0,0,1,3,190,186,212,69,79,32,8,3,21,44,139,197,5,2,0,28,22,62,109,173,104,50,7,4,212,176,190,349,354,418,504,573,472,419,258,202,63.698,58.831,87.286,136.116,137.54,152.076,174.21,162.323,133.346,104.809,66.637,54.547,27,27,28,30,31,30,31,31,30,31,28,28,0,0,0,0,0,0,0,0,0,0,0,0,77,112,39,1,19,3,1,4,1,8,26,36,54,67,62,54,62,61,57,61,56,55,57,50,-55.6,12.5,18.9,24.6,19.2,24.4,34.1,31.6,42,18.8,-27.2,-44.4,12.1,11.5,11.3,16.8,16.4,18.9,21.3,23.5,20.8,18.5,13.8,11.9,19.6,16.6,17.3,24.6,22.7,25.6,28.8,30.3,28.4,26.2,20.9,18.4,4.6,6.4,5.2,9.1,10.1,12.3,13.8,16.7,13.1,10.9,6.7,5.3
2345323,1962,9,19,"196209","196110",0,0,21.461,105.508,103.158,152.812,167.711,156.345,116.078,71.259,0,0,5.28,15.18,1.7,-8.85,-5.85,-13.18,-15.45,-16.05,-13.96,-8.17,3.5,1.71,57,59,61,2,1,0,0,0,0,2,24,64,536,496,552,254,316,112,45,46,99,270,445,554,0,0,0,0,0,12,28,35,21,0,0,0,12,8,9,144,102,291,386,393,312,148,31,8,35.11,35.213,54.015,108.127,109.213,154.045,169.617,157.619,120.72,72.847,39.805,29.164,3,3,2,18,15,28,31,31,27,19,5,2,13,52,18,0,1,0,0,0,0,0,9,7,72,165,33,3,6,1,2,1,5,2,66,32,47,57,51,48,53,48,48,47,46,51,51,46,-50.9,13.6,19.3,25.6,22.7,27.2,32.9,30.3,41.5,18.5,-25.3,-42.3,0.8,0.1,0.3,9.6,7.8,14.7,17.4,17.7,15.4,9.3,3.2,0,8.4,6.1,7.1,18,15.2,23.7,26.5,27,24.8,17.2,10.5,6.8,-6.8,-5.8,-6.6,1.1,0.4,5.7,8.4,8.4,5.9,1.4,-4.1,-6.7
2447532,1963,2,23,"196302","196203",0,0,0,83.759,99.017,114.142,107.372,107.096,77.552,0,27.046,0,6.72,4.81,4.42,-5.52,-5.62,-6.91,-6.3,-7.38,-6.43,6.43,-4.46,3.68,8,2,3,0,0,0,0,0,0,0,1,4,302,128,239,147,171,110,109,68,91,106,146,225,0,7,0,4,0,12,7,21,24,7,1,0,110,230,155,250,247,292,298,358,323,319,243,164,35.857,47.707,61.198,97.851,100.327,115.376,107.907,109.402,83.655,61.599,45.098,31.536,25,28,30,29,30,30,31,31,30,31,30,31,1,0,0,0,0,0,0,0,0,0,0,0,107,104,90,14,1,1,1,2,6,127,18,81,70,75,75,65,71,68,72,69,71,74,70,75,-51.6,9.4,14.3,20.5,20.5,21.6,39.1,29,39.6,18.7,-26.6,-42.7,8.4,13.8,10.4,13.6,12.8,14.8,14.7,16.5,15.8,15.2,13.6,10.7,13,17.7,14.2,19.1,17.3,19.9,19.1,21.5,20.5,19.4,18.4,14.3,3.8,9.9,6.5,8,8.4,9.6,10.3,11.6,11,11.1,8.8,7
4567200,1963,3,12,"196303","196204",0,0,0,84.326,99.7,115.032,108.251,108.058,78.442,0,27.309,0,6.66,4.76,5.21,-5.58,-5.68,-7,-6.37,-7.49,-6.53,6.25,-4.49,3.64,8,2,3,0,0,0,0,0,0,0,1,4,302,127,221,145,170,108,107,66,89,105,145,225,0,7,0,4,0,13,8,22,25,7,1,0,110,230,174,252,249,295,301,361,326,320,244,164,35.899,47.78,69.298,98.307,100.985,116.27,108.789,110.27,84.382,62.035,45.154,31.594,25,28,29,29,30,30,31,31,30,31,30,31,1,0,0,0,0,0,0,0,0,0,0,0,107,103,106,14,1,1,1,2,6,126,18,81,70,75,69,65,71,68,72,69,70,73,70,75,-51.6,9.4,15.9,20.6,20.4,21.6,38.9,28.9,39.5,18.6,-26.6,-42.7,8.4,13.8,10.9,13.6,12.9,14.8,14.8,16.6,15.8,15.3,13.6,10.7,13,17.7,15.7,19.2,17.4,20,19.3,21.6,20.6,19.5,18.4,14.3,3.8,9.9,6.2,8.1,8.4,9.7,10.3,11.6,11.1,11.1,8.8,7
2866505,1963,3,30,"196303","196204",49.119,0,52.224,128.266,110.141,137.037,164.71,170.433,132.087,99.237,69.166,58.239,-6.29,1.05,-3.37,-9.94,-6.26,-9.17,-12.27,-15.18,-13.37,-11.11,-9.56,-8.41,3,1,2,0,0,0,0,0,0,0,0,2,207,83,173,77,96,44,13,5,19,50,105,161,3,20,4,24,15,46,88,145,110,43,16,9,191,293,231,338,332,390,477,545,480,406,298,244,58.647,76.816,97.494,128.932,129.324,139.659,165.198,171.113,132.816,100.431,70.504,59.855,27,28,29,30,31,30,31,31,30,31,29,29,0,0,0,0,0,0,0,0,0,0,0,0,10,103,45,1,19,3,0,1,1,1,1,2,57,59,57,57,64,64,59,55,57,57,55,60,-54.9,14.2,20.3,23.7,20.2,23.6,34.8,31,41.9,18.6,-27.9,-45,11.4,15.8,12.7,16.4,15.6,18,20.4,22.6,21,18.1,15.2,13.2,18.3,22.6,19.7,23.6,21.5,23.9,27.5,30.6,28.6,25.5,22.7,20.6,4.5,8.9,5.8,9.2,9.8,12.1,13.3,14.6,13.5,10.7,7.7,5.7
5504847,1963,4,15,"196304","196205",0,0,0,0,117.339,140.25,143.334,135.27,99.677,0,33.468,0,5.47,4.45,4.32,5.74,-7.26,-9.66,-9.93,-10.8,-9.39,2.55,-5.41,1.93,11,2,3,1,0,0,0,0,0,0,1,5,342,141,235,211,142,65,44,29,58,100,162,261,0,5,0,0,4,29,30,55,42,11,2,0,84,218,165,183,279,354,389,429,375,326,228,139,36.76,51.07,73.246,83.273,118.611,141.322,143.855,137.221,102.604,69.83,48.692,32.87,20,28,28,28,30,30,31,31,30,31,29,28,2,0,0,0,0,0,0,0,0,0,0,0,92,105,101,111,1,1,1,2,3,101,15,64,65,71,65,70,64,59,60,60,62,67,64,72,-51.9,10.3,17.1,19.1,16.6,23.7,31.8,27.1,39.1,18,-27.1,-42.9,7.1,13.2,10.5,11.2,13.9,16.8,17.5,18.8,17.5,15.5,12.9,9.5,12.4,17.9,16,15.9,19.7,23.6,24.2,25.7,23.9,20.8,18.7,13.8,1.8,8.6,5,6.5,8,10,10.9,12,11.1,10.2,7.1,5.2
1367986,1963,4,15,"196304","196205",43.983,0,40.143,69.373,131.498,161.935,190.543,189.289,145.376,102.621,68.761,58.325,-6.02,0.68,-2.53,-3.76,-8.57,-12.23,-16.07,-18.72,-16.36,-12.44,-10.03,-8.82,3,1,1,0,0,0,0,0,0,0,0,2,208,77,160,150,83,27,6,3,13,41,93,157,3,23,6,5,20,71,124,180,140,55,21,10,191,303,246,249,348,431,524,581,518,426,314,250,57.326,77.384,100.43,114.992,141.398,163.045,190.543,189.705,146.23,105.52,70.312,59.179,26,28,29,28,31,30,31,31,30,31,30,29,0,0,0,0,0,0,0,0,0,0,0,0,13,105,60,46,10,1,0,0,1,3,2,1,57,58,55,57,59,56,51,49,51,53,55,58,-55.1,14.2,20.7,23.5,17.5,25.4,30.9,29.3,40.6,17.8,-28.2,-45.2,11.4,16.1,13.2,13.4,16.2,19.4,21.9,23.8,22.3,18.8,15.7,13.4,18.3,23.2,20.6,20.4,23,26.9,30.7,33.2,31.1,26.9,23.4,21,4.4,9.1,5.9,6.4,9.4,11.8,13.1,14.4,13.5,10.6,8.1,5.7
2866856,1963,4,18,"196304","196205",45.819,0,50.296,68.864,108.795,114.428,129.297,138.71,109.058,85.769,60.626,51.563,-5.61,0.38,-3.09,-3.43,-6.22,-6.99,-8.32,-10.71,-9.8,-8.87,-7.85,-6.94,3,1,1,0,0,0,0,0,0,0,0,2,198,82,153,149,93,52,24,10,26,54,104,163,4,20,6,5,15,39,55,109,88,36,15,8,198,294,251,250,335,376,434,502,451,396,298,240,53.899,69.991,93.747,101.415,116.323,116.307,130.061,139.345,110.105,87.399,62.095,52.388,29,28,30,29,31,30,31,31,30,31,30,31,0,0,0,0,0,0,0,0,0,0,0,0,8,85,43,33,8,2,1,1,1,2,1,1,63,65,61,66,71,74,71,66,67,65,63,65,-54.2,12.8,19.1,20.8,21.6,21.6,38.3,31.3,42,19,-27.2,-44.5,11.8,15.9,13.5,13.5,15.8,17.5,19,21.2,20.1,17.8,15.3,13.1,17.6,21.6,19.7,18.8,20.5,21.8,23.8,26.9,25.6,23.6,21.2,19,6,10.1,7.2,8.1,11,13.3,14.3,15.5,14.5,12,9.3,7.2
1097620,1963,4,19,"196304","196205",41.737,0,35.111,60.825,130.748,166.921,192.998,189.942,147.149,100.885,68.645,58.074,-5.82,1.24,-2.05,-2.95,-8.58,-13,-16.62,-19.04,-16.92,-12.34,-10.14,-8.9,4,1,2,1,0,0,0,0,0,0,0,2,215,80,169,161,88,26,6,3,12,43,96,161,3,22,5,4,19,73,126,179,143,52,20,9,184,299,235,239,342,434,526,580,521,420,311,245,56.671,77.033,98.855,113.752,142.634,168.488,193.452,190.619,148.07,104.897,70.26,59.08,26,28,28,28,31,30,31,31,30,31,29,29,0,0,0,0,0,0,0,0,0,0,0,0,15,111,64,53,12,2,0,1,1,4,2,1,57,57,55,57,58,54,50,48,50,53,54,58,-55,14.2,20.6,23.6,17.4,25.8,30.6,29.3,40.6,17.8,-28.3,-45.2,11.1,16,12.9,13.1,16,19.5,22,23.7,22.4,18.6,15.6,13.2,18.1,23.1,20.2,20.1,23,27.5,31,33.3,31.4,26.8,23.3,21,4.1,8.9,5.5,6,8.9,11.5,13,14.2,13.4,10.4,7.9,5.4
5569673,1963,4,23,"196304","196205",0,0,0,0,117.481,140.801,144.34,136.254,100.054,0,33.195,0,5.65,4.62,4.54,5.89,-7.28,-9.73,-10.05,-10.94,-9.46,2.64,-5.39,2.07,11,2,3,1,0,0,0,0,0,0,1,6,345,143,238,213,143,65,43,28,57,101,163,263,0,5,0,0,4,29,30,56,42,11,2,0,82,216,163,181,277,353,390,430,375,325,226,137,36.621,50.974,73.153,83.369,118.769,141.895,144.862,138.264,103.033,69.905,48.685,32.733,20,28,28,28,30,30,31,31,30,31,29,28,2,0,0,0,0,0,0,0,0,0,0,0,93,106,103,113,1,1,1,2,3,102,15,65,65,71,65,70,63,59,60,59,61,67,64,72,-51.8,10.4,17.1,19.2,16.6,23.7,31.6,27,39.1,18,-27.1,-42.9,7,13.2,10.4,11.1,13.8,16.8,17.6,18.9,17.5,15.5,12.9,9.4,12.3,17.8,15.9,15.8,19.7,23.7,24.3,25.8,23.9,20.8,18.7,13.7,1.7,8.5,4.9,6.4,8,9.9,10.8,11.9,11,10.2,7.1,5.2
3904072,1963,4,27,"196304","196205",40.99,0,33.264,72.901,144.641,170.42,198.794,194.889,148.479,102.987,66.015,53.126,-5.57,1.72,-1.88,-4.27,-10.05,-13.45,-17.51,-20.05,-17.17,-13.01,-9.42,-7.87,3,1,1,0,0,0,0,0,0,0,0,2,201,75,156,131,70,20,4,2,11,32,99,155,4,24,7,9,27,85,149,205,153,70,19,10,198,305,251,270,367,453,550,606,534,449,307,252,54.748,75.052,99.391,118.909,148.17,171.183,198.794,196.124,149.122,108.429,66.98,55.107,28,28,29,29,31,30,31,31,30,31,30,30,0,0,0,0,0,0,0,0,0,0,0,0,14,112,66,46,4,1,0,1,1,5,1,2,61,60,56,57,57,54,49,48,50,52,57,62,-54.7,13.8,20.5,23.8,15.3,26.1,28.4,27.7,39.7,17.6,-28,-44.9,11.7,16.2,13.4,14.2,16.8,20.1,22.8,24.6,22.8,19.5,15.5,13.4,18,22.9,20.6,21.3,24.1,28.1,32,34.3,31.8,27.9,22.6,20.1,5.4,9.5,6.2,7,9.6,12.1,13.6,14.9,13.9,11.2,8.4,6.7
202469,1963,4,28,"196304","196205",0,0,23.609,42.879,127.881,146.366,148.826,147.329,112.213,73.604,57.899,2.888,-0.02,-1.14,-0.78,-1.1,-8.07,-10.1,-10.25,-11.93,-10.66,-8.88,-8.81,-2.89,8,1,3,1,0,0,0,0,0,0,1,3,300,118,225,205,149,73,57,33,65,91,152,211,0,9,0,0,2,25,21,49,37,13,2,1,114,242,172,190,272,342,368,419,361,339,239,184,49.955,64.489,85.248,96.465,130.193,146.954,149.504,147.866,113.027,90.576,61.274,48.311,16,28,26,27,29,30,31,31,29,30,27,26,1,0,0,0,0,0,0,0,0,0,0,0,61,69,62,54,2,1,1,1,1,17,3,45,51,61,57,62,57,56,56,54,55,52,52,60,-54.8,12.9,19.7,21.7,14.9,25.9,31.5,26.9,39.2,17,-28.5,-44.8,8.5,14.2,10.8,11.4,13.6,16.4,16.8,18.5,17,15.9,13.3,11.3,16.4,20.6,17.7,17.4,20.7,23.8,24.2,26.4,24.7,24,21.4,18.5,0.5,7.7,3.9,5.5,6.6,9,9.5,10.6,9.4,7.8,5.2,4.1
5569676,1963,4,30,"196304","196205",0,0,0,0,106.283,122.379,115.798,111.106,84.713,0,31.121,0,5.75,4.28,3.83,6.24,-6.26,-7.75,-7.1,-7.88,-7.31,4.57,-4.98,2.03,9,1,3,1,0,0,0,0,0,0,1,4,318,122,212,203,144,80,74,48,72,97,144,235,0,8,0,0,3,22,15,33,33,11,3,0,99,238,183,191,276,332,344,389,351,330,246,158,35.931,49.505,71.37,77.147,107.284,123.19,116.298,113.623,87.939,63.549,46.156,32.062,23,28,29,29,31,30,31,31,30,31,30,30,1,0,0,0,0,0,0,0,0,0,0,0,96,101,94,111,1,1,0,3,3,112,15,65,68,74,68,74,70,67,71,69,69,73,68,74,-51.7,9.7,16.2,17.6,19,22,37.4,28.8,39.6,18.5,-26.8,-42.8,7.9,14,11.2,11.5,13.8,16.1,16.1,17.5,16.7,15.6,13.6,10.4,12.7,18.2,16.2,15.5,18.6,21.5,20.8,22.6,21.6,20,18.7,14.2,3,9.9,6.3,7.6,9,10.7,11.3,12.5,11.7,11.2,8.6,6.5
375691,1963,5,9,"196305","196206",47.965,7.219,54.441,71.37,111.105,113.587,129.241,137.891,110.208,87.513,64.115,51.283,-5.74,-1.74,-3.33,-3.67,-6.66,-6.93,-8.39,-10.63,-9.89,-8.94,-8.21,-6.91,3,1,2,0,0,0,0,0,0,0,0,2,205,85,164,148,70,53,21,9,24,54,110,169,3,19,5,5,26,37,61,115,94,37,13,7,193,290,241,252,367,372,443,509,459,397,291,234,56.054,72.324,91.098,99.225,113.248,116.001,129.875,138.476,111.389,89.178,65.487,55.481,28,28,30,30,31,30,31,31,30,31,30,30,0,0,0,0,0,0,0,0,0,0,0,0,8,65,37,28,2,2,1,1,1,2,1,4,62,64,64,68,74,74,72,68,68,65,61,66,-54.2,13.3,18.6,20.3,22.9,21,39,32,42.5,19.4,-27.2,-44.5,11.5,15.7,13.1,13.5,16.8,17.4,19.3,21.4,20.3,17.8,15,12.9,17.5,21.7,18.9,18.5,21,21.6,23.9,26.9,25.8,23.6,21.4,19.2,5.5,9.8,7.2,8.5,12.7,13.2,14.6,16,14.9,12,8.6,6.6
3904071,1963,5,12,"196305","196206",39.98,0,32.28,72.039,141.314,170.341,198.365,194.416,147.887,101.984,65.202,52.246,-5.41,1.82,-1.77,-4.17,-9.83,-13.45,-17.48,-19.99,-17.07,-12.81,-9.26,-7.68,3,1,1,0,0,0,0,0,0,0,0,2,201,76,157,133,52,20,4,2,11,32,98,155,4,24,7,8,40,85,150,206,153,70,20,11,197,304,250,268,398,453,551,607,533,449,308,252,53.965,74.197,98.666,117.337,144.779,170.917,198.365,195.519,148.533,107.349,66.197,54.27,28,28,29,29,31,30,31,31,30,31,30,31,0,0,0,0,0,0,0,0,0,0,0,0,14,111,66,45,3,1,0,1,1,5,1,2,62,60,57,57,61,54,50,48,51,53,58,63,-54.5,13.6,20.4,23.5,15.9,26,28.4,27.7,39.7,17.6,-27.9,-44.8,11.6,16.2,13.3,14.1,17.8,20.1,22.8,24.6,22.8,19.5,15.5,13.4,17.8,22.7,20.4,21.1,24.4,28.1,31.9,34.2,31.7,27.7,22.5,19.9,5.5,9.6,6.2,7.1,11.3,12.1,13.6,15,13.9,11.3,8.6,7
5504861,1963,5,18,"196305","196206",0,0,0,0,98.67,142.746,147.831,139.847,101.669,0,32.811,0,5.95,4.99,5,6.23,-5.53,-9.96,-10.48,-11.45,-9.73,2.61,-5.36,2.3,12,2,4,1,0,0,0,0,0,0,1,6,349,147,244,216,128,65,41,26,56,102,166,267,0,5,0,0,7,29,32,59,43,11,2,0,79,211,158,179,294,353,394,435,377,324,224,134,36.381,50.769,72.9,83.985,112.895,143.898,148.354,141.977,104.701,70.365,48.692,32.47,19,28,27,28,31,30,31,31,30,31,29,28,2,0,0,1,0,0,0,0,0,0,0,0,95,110,108,117,14,1,1,2,3,102,16,66,65,71,64,69,68,58,58,58,60,67,63,72,-51.8,10.4,17.2,19.4,17.9,23.9,30.9,26.7,39.1,17.9,-27.1,-42.8,6.9,13,10.2,11,14.4,16.8,17.7,19,17.6,15.4,12.8,9.3,12.2,17.6,15.8,15.8,19.5,23.9,24.7,26.3,24.2,20.8,18.6,13.5,1.6,8.4,4.7,6.2,9.2,9.7,10.7,11.8,10.9,10,6.9,5.1
2462821,1963,5,18,"196305","196206",0,0,0,0,120.234,146.687,144.03,146.671,112.667,45.515,47.998,0,4.68,3.18,2.32,3.43,-7.48,-10.22,-9.8,-11.99,-10.96,-6.33,-7.7,-0.62,8,2,3,1,0,0,0,0,0,0,1,4,306,129,223,197,116,77,66,35,64,87,161,224,0,7,0,0,9,23,17,46,37,15,0,0,109,230,174,197,307,336,354,413,362,343,228,168,47.082,60.961,84.011,99.254,128.331,148.165,147.263,148.013,114.187,90.4,58.544,44.655,17,28,26,27,30,30,31,31,29,30,27,26,1,0,0,0,0,0,0,0,0,0,0,0,103,107,92,103,8,1,3,1,2,45,11,62,53,62,58,61,61,55,56,53,54,52,53,61,-54.3,12.3,19.4,22.1,15,26.6,31.6,26.6,38.9,16.8,-28.3,-44.4,8.3,13.7,10.9,11.7,14.8,16.2,16.4,18.3,17.1,16.1,13,10.7,15.7,19.8,17.7,18,21.2,23.9,23.8,26.4,25,24.2,20.8,17.4,0.9,7.7,4.1,5.5,8.5,8.5,9,10.3,9.2,7.9,5.2,4
375692,1963,7,15,"196307","196208",50.291,11.566,56.996,82.79,135.592,131.485,171.08,170.274,133.799,102.523,71.037,50.87,-6.36,-2.85,-3.79,-4.89,-8.97,-8.67,-13.17,-15.13,-13.63,-11.59,-9.68,-7.41,4,1,2,0,0,0,0,0,0,0,0,2,210,81,163,136,55,39,8,4,15,42,106,169,3,21,6,8,37,53,113,158,128,52,16,8,189,297,243,266,392,401,509,559,503,422,297,235,60.576,80.151,99.005,114.412,137.79,134.45,171.631,170.902,134.945,104.421,72.411,60.27,26,28,29,29,31,30,31,31,30,31,29,29,0,0,0,0,0,0,0,0,0,0,0,0,10,69,42,32,2,3,1,1,1,2,1,9,56,57,58,60,65,68,59,57,58,56,54,60,-54.9,14.8,20.2,22.9,19.2,23.5,34.5,31.4,42,18.9,-27.7,-44.8,11.3,15.9,13.1,14,17.7,18.4,21.4,23,21.8,18.6,15.2,12.9,18.4,23.1,20,20.5,23.5,23.7,28.6,30.7,29.2,26.2,22.8,20.3,4.2,8.7,6.3,7.5,11.8,13.1,14.2,15.3,14.4,11.1,7.5,5.5
2371446,1963,9,2,"196308","196209",0,0,0,0,84.69,113.191,120.396,112.737,82.968,0,28.421,0,6.11,4.29,4.65,5.54,-4.37,-6.87,-7.5,-7.95,-7.09,5.21,-4.61,3.18,8,2,3,1,0,0,0,0,0,0,1,4,301,124,216,204,136,100,73,62,78,96,143,224,0,7,0,0,5,15,15,24,29,11,2,0,111,235,178,190,285,306,345,366,341,332,247,166,35.974,47.968,69.258,76.869,97.81,114.284,120.825,113.489,88.231,64.577,45.352,31.776,25,28,29,29,31,30,31,31,30,31,30,31,1,0,0,0,0,0,0,0,0,0,0,0,101,99,100,104,13,1,0,1,5,120,17,77,70,75,70,75,75,70,69,68,69,72,70,75,-51.7,9.4,15.8,17.6,21.2,20.7,36.3,28.7,39.4,18.4,-26.6,-42.7,8.4,13.9,11.1,11.5,14.1,15.2,16.1,16.8,16.3,15.7,13.7,10.7,13,17.8,15.8,15.4,18,20.1,21.2,22.1,21.4,20.2,18.5,14.4,3.8,10,6.4,7.6,10.2,10.3,11,11.5,11.3,11.2,8.9,7
2388759,1963,11,19,"196311","196212",0,0,0,0,87.568,101.877,110.21,102.493,90.019,39.379,0,0,4.31,1.28,2.74,4.12,-4.57,-5.73,-6.38,-6.64,-7.85,-4.22,1.41,-1.62,7,2,3,1,0,0,0,0,0,0,1,3,292,131,221,223,167,135,118,101,64,105,182,215,0,6,0,0,0,7,6,11,38,8,0,0,116,226,173,170,252,260,289,313,364,320,204,176,46.503,57.886,79.085,78.408,94.305,103.73,110.644,103.597,97.686,73.179,48.965,44.265,20,28,28,28,31,30,31,31,30,31,28,28,1,0,0,0,0,0,0,0,0,0,0,0,99,81,90,89,7,2,0,1,8,34,79,49,57,66,62,73,75,72,71,70,65,66,64,63,-54,11.6,18.1,18.3,22.4,20.6,38.8,29.8,39.5,18.2,-26.8,-44.3,8.7,13.7,10.9,10.7,13,13.7,14.3,15.1,17.1,15.3,12.2,11.2,15.6,19.1,16.9,14.9,16.8,18.1,19,19.8,22.8,20.8,17.8,17.4,1.9,8.3,5,6.5,9.1,9.3,9.7,10.3,11.4,9.8,6.5,5
202487,1964,2,29,"196402","196303",0,57.114,0,0,101.49,127.042,146.625,138.382,110.122,40.953,0,48.049,0.18,-6.94,4,3.48,-5.59,-8.01,-9.97,-10.6,-10.77,-4.92,2.28,-7.57,5,4,3,1,0,0,0,0,0,0,1,4,259,207,214,215,131,94,55,41,32,67,157,219,0,0,0,0,5,16,22,39,74,26,2,0,144,145,183,180,291,313,371,402,432,374,235,173,51.05,66.982,87.366,94.745,113.665,129.079,147.565,139.762,119.053,85.861,57.295,53.605,23,19,27,27,31,30,31,31,30,31,28,22,0,0,0,0,0,0,0,0,0,0,0,0,66,10,110,97,12,2,1,1,9,45,100,6,57,50,58,64,68,63,58,58,58,62,60,57,-54.5,15.5,19.7,21.5,19.2,22.3,32.7,28.3,39.5,18.1,-27.4,-45.1,9.8,10.4,11.2,11,14.3,15.5,16.9,18,19.4,17.1,13.1,10.8,16.6,18.7,17.9,16.8,19.3,21.4,23.9,25,26.5,23.4,19.7,19.1,3,2.2,4.4,5.3,9.2,9.5,9.9,10.9,12.3,10.7,6.6,2.6
2960498,1964,3,7,"196402","196303",11.633,62.501,6.478,54.421,102.112,111.009,126.862,122.028,77.793,62.127,0,55.613,-2.49,-7.3,1.3,-2.01,-5.72,-6.48,-7.91,-8.59,-6.87,-6.42,-1.27,-8.57,4,3,2,1,0,0,0,0,0,0,1,2,231,183,186,184,114,88,49,35,25,62,138,177,0,0,0,0,9,19,26,46,91,30,5,5,166,171,212,213,310,322,380,414,455,382,256,223,54.572,69.929,88.664,97.116,106.683,114.667,127.697,124.089,110.044,81.761,59.605,59.403,25,23,29,29,31,30,31,31,30,31,29,26,0,0,0,0,0,0,0,0,0,0,0,0,43,7,82,43,5,4,1,2,32,20,64,4,57,52,61,66,73,71,69,68,66,67,61,58,-54.8,15.3,19,21,21.5,20.9,37,30,40.5,18.8,-27.3,-45.3,10.7,11.6,12.2,12.2,14.9,15.7,17.2,18.4,20.2,17.3,13.9,12.6,17.5,19.5,18.5,17.7,19.1,20.3,22.3,23.7,25.8,22.8,20.2,21,3.9,3.8,6,6.8,10.7,11.1,12.1,13,14.5,11.9,7.5,4.2
5569682,1964,4,3,"196403","196304",0,50.681,34.667,0,113.369,155.063,178.52,165.473,123.05,36.77,0,16.19,6.3,-5.98,-2.08,5.43,-7.01,-11.56,-14.69,-15.43,-14.12,-5.19,5.81,-1.64,10,6,4,1,0,0,0,0,0,0,2,13,329,241,249,218,111,51,17,14,20,76,207,357,0,0,0,0,12,40,72,93,108,25,0,0,94,121,154,176,313,377,457,481,477,360,179,71,36.923,56.843,77.682,88.177,128.451,156.32,179.035,166.38,129.102,80.83,42.688,28.693,21,18,25,27,30,30,31,31,30,31,28,21,2,0,0,1,0,0,0,0,0,0,1,0,102,6,43,113,15,1,1,1,6,44,115,13,66,53,59,66,61,53,49,48,52,60,68,71,-52,13.9,18.6,20.4,14.5,24.5,25,24.6,37.8,17,-26.2,-42.3,7.5,9.2,10,10.9,15,17.6,19.7,20.5,20.9,16.6,11.2,6.4,12.8,16.8,16.5,16.3,21.4,25.6,28.9,29.8,29.4,23.3,16.2,10.6,2.3,1.6,3.6,5.5,8.6,9.6,10.6,11.3,12.5,9.9,6.1,2.2
5569677,1964,4,7,"196403","196304",0,50.65,31.903,0,93.868,126.522,135.478,123.788,100.912,29.2,0,17.621,5.3,-6.24,-1.68,5.74,-5.09,-8.18,-9.06,-9.25,-9.87,-3.6,5.62,-2.14,8,4,3,1,0,0,0,0,0,0,1,9,298,218,227,208,124,75,47,43,34,85,192,320,0,0,0,0,8,24,27,38,71,18,0,0,113,136,169,186,298,338,384,398,427,346,195,93,37.223,57.214,75.538,81.669,108.352,127.493,135.961,124.623,106.012,71.46,41.015,30.593,25,21,28,29,31,30,31,31,30,31,29,24,1,0,0,0,0,0,0,0,0,0,1,0,95,7,44,110,14,1,0,1,5,42,110,13,68,55,63,71,71,65,64,64,63,67,71,72,-52,13.5,17.5,18.7,19,21.8,33.4,28,39,17.8,-25.9,-42.6,8.5,10.1,10.7,11.3,14.5,16.3,17.4,17.8,19.2,16.2,11.8,7.6,13.4,17.3,16.5,15.8,19.2,22,23.4,23.8,25.5,21.5,16.2,11.9,3.6,2.9,5,6.8,9.8,10.6,11.4,11.9,13,10.8,7.3,3.3
1310405,1964,4,8,"196404","196305",0,53.374,42.801,117.737,134.473,183.77,205.63,186.201,137.841,45.129,0,12,7.36,-7.1,-3.22,-9.64,-9.48,-15.76,-19.23,-19.46,-17.45,-6.76,5.8,-1.07,11,4,3,0,0,0,0,0,0,0,2,15,342,219,217,128,58,14,3,3,10,60,212,377,0,0,0,11,37,98,159,172,155,37,0,0,88,142,184,272,388,481,560,573,536,386,177,61,35.932,59.867,84.873,124.456,148.451,184.949,205.634,186.646,142.251,85.754,42.214,26.477,20,18,25,27,31,30,31,31,30,31,27,20,2,0,0,0,0,0,0,0,0,0,1,0,111,6,42,7,14,1,0,0,4,41,116,14,64,49,54,49,56,48,45,45,48,56,66,67,-51.9,14.2,19.7,25.2,10.1,26.1,19.9,22.6,36.7,16.1,-26.3,-41.9,7.1,10,11,14.3,17.5,21.1,23.1,23.5,22.9,17.5,11,5.8,12.6,18.4,18.4,23,25,30.4,33.4,33.7,32.5,24.9,16.3,9.8,1.6,1.7,3.6,5.5,10,11.7,12.8,13.3,13.4,10,5.6,1.7
1032722,1964,4,18,"196404","196305",36.515,61.027,79.271,116.627,171.465,180.046,227.673,187.138,118.489,92.071,44.09,48.19,-3.38,-6.35,-6.55,-9.38,-14.42,-15.96,-24.76,-21.25,-16.27,-12.14,-6.71,-6.07,15,8,4,1,0,0,0,0,0,0,2,10,377,279,264,162,39,15,1,1,8,54,218,326,0,0,0,8,59,100,257,236,172,45,1,0,72,102,154,241,425,478,658,636,560,397,177,98,49.05,64.327,93.756,123.679,172.115,182.365,228.735,199.022,154.204,102.882,58.868,50.606,10,11,18,26,31,30,31,31,30,31,23,11,0,0,0,0,0,0,0,0,0,0,0,0,13,3,14,7,1,2,1,12,36,11,15,2,49,46,49,50,50,51,45,48,49,51,53,45,-53.6,16.3,22,25.5,13.8,28.8,28.2,29.8,40.7,17.6,-27.3,-44.6,5.9,7.9,9.6,13,18.7,21,26.3,25.6,23.7,17.8,10.8,7.4,13.9,16.7,18,21.4,27.6,29.7,36.6,35.2,33,26.2,18.4,16.3,-2.1,-0.9,1.1,4.6,9.9,12.2,15.9,16,14.4,9.4,3.1,-1.5
2424544,1964,4,19,"196404","196305",0,55.596,58.525,111.433,145.193,181.828,205.901,186.006,136.663,57.964,0,18.144,0.47,-6.45,-4.6,-8.78,-10.57,-15.42,-19.11,-19.02,-16.56,-7.57,0.25,-1.27,13,5,2,0,0,0,0,0,0,0,2,21,356,233,203,108,42,11,2,2,8,54,218,414,0,0,3,16,54,118,186,193,168,43,0,0,81,133,202,296,419,501,587,594,554,397,174,45,35.607,58.181,88.099,125.876,154.468,185.178,206.521,186.416,140.844,86.746,42.33,22.582,19,19,27,29,31,30,31,31,30,31,27,20,1,0,0,0,0,0,0,0,0,0,0,0,38,3,30,14,9,3,1,0,4,29,57,4,67,53,55,51,56,50,47,48,52,58,68,66,-51.5,14,19.8,24.7,10.9,26.1,22.6,24.8,38.1,16.7,-26,-41.3,6.7,9.5,11.6,15,18.5,21.7,24,24.2,23.5,17.8,10.7,4.6,11.7,17.1,18.9,23.3,26.1,30.7,33.7,33.8,32.2,24.8,15.7,7.5,1.6,1.9,4.3,6.8,11,12.8,14.2,14.6,14.8,10.8,5.8,1.6
3792161,1964,5,3,"196404","196305",9.633,54.275,46.009,105.509,160.378,191.532,226.908,204.977,143.925,68.413,0,17.874,-0.79,-6.35,-3.31,-8.34,-12.73,-17.15,-23.26,-22.99,-18.4,-9.54,0.4,-1.4,12,5,3,0,0,0,0,0,0,0,1,16,349,226,210,99,28,8,1,1,6,39,197,383,0,0,2,19,77,139,245,245,195,63,2,0,87,141,197,309,457,523,646,645,581,430,196,61,37.956,58.352,88.707,129.344,169.936,195.337,226.908,204.977,150.006,96.218,47.714,27.804,19,20,26,29,31,30,31,31,30,31,28,20,1,0,0,0,0,0,0,0,0,0,0,0,28,4,43,24,10,4,0,0,6,28,67,10,65,55,55,51,52,48,44,44,50,55,64,61,-51.9,13.7,20,24.9,10.1,27.6,22.6,25.4,38.7,16.3,-26.7,-42.1,6.9,9.8,11.3,15.4,19.8,22.5,25.9,25.9,24.4,18.9,11.6,5.6,12.2,17,18.7,23.8,28.2,32,36.6,36.4,33.7,26.8,17.3,9.4,1.5,2.6,4,7,11.4,13,15.2,15.3,15.2,11.1,5.9,1.7
2359386,1964,5,6,"196404","196305",32.712,57.706,79.982,118.429,171.344,176.657,225.432,187.062,121.359,86.913,41.247,45.549,-3.06,-5.92,-6.54,-9.64,-14.55,-15.67,-24.6,-21.25,-16.28,-11.44,-6.33,-5.65,14,8,5,1,0,0,0,0,0,0,1,9,370,279,267,155,35,12,1,1,7,47,204,323,0,0,0,9,64,108,273,249,185,53,2,0,76,102,151,247,435,491,674,649,571,412,189,100,46.46,61.388,90.279,122.686,171.91,179.72,225.971,195.745,148.919,98.585,56.424,47.395,12,13,19,27,31,30,31,31,30,31,25,13,0,0,0,0,0,0,0,0,0,0,0,0,14,4,10,4,1,3,1,9,28,12,15,2,53,49,51,51,51,53,47,50,52,55,57,48,-53.2,15.5,21.3,25.1,13.5,28.5,28,29.6,40.9,17.6,-27.2,-44.3,6.2,7.9,9.4,13.3,19.1,21.4,26.8,26,24.1,18.3,11.3,7.5,13.4,16.1,17.4,21.5,27.8,29.7,36.7,35.2,32.7,26,18.2,15.5,-1,-0.3,1.5,5,10.4,13.1,16.9,16.8,15.5,10.7,4.3,-0.5
3792169,1964,5,7,"196404","196305",12.977,55.399,51.582,107.486,155.112,185.731,215.513,195.232,141.033,69.63,0,14.813,-1.01,-6.35,-3.84,-8.39,-11.87,-16.07,-20.9,-20.75,-17.37,-9.15,-0.32,-0.83,13,5,2,0,0,0,0,0,0,0,2,22,355,229,205,98,30,8,1,1,7,46,207,419,0,0,3,19,72,135,223,224,176,52,1,0,83,138,201,310,449,519,624,624,565,412,184,43,37.503,58.547,89.879,127.693,163.494,188.678,215.513,195.232,145.989,93.26,47.235,23.988,19,20,26,29,31,30,31,31,30,31,27,19,1,0,0,0,0,0,0,0,0,0,0,0,25,3,38,20,8,3,0,0,5,24,58,9,65,54,54,52,55,50,47,47,51,56,64,61,-51.7,13.9,20.1,24.6,10.9,26.7,23.6,25.7,38.7,16.6,-26.6,-41.5,6.7,9.7,11.5,15.5,19.6,22.3,25.2,25.2,23.9,18.3,11.2,4.4,12,17,18.9,23.6,27.4,31.3,35.1,35.1,32.9,25.9,16.9,7.5,1.4,2.4,4.1,7.3,11.7,13.4,15.2,15.3,14.9,10.7,5.5,1.2
1294396,1964,5,10,"196405","196306",24.907,67.382,56.298,82.039,104.048,91.791,122.306,115.382,74.356,69.6,0,56.935,-3.79,-7.76,-3.6,-4.88,-5.85,-5.22,-7.73,-8.18,-6.66,-6.89,-0.94,-8.11,3,2,1,0,0,0,0,0,0,0,0,2,186,141,160,141,122,67,24,16,14,47,101,153,4,4,3,4,6,28,54,85,133,45,17,10,211,216,240,259,300,351,432,471,508,411,303,252,57.325,72.463,90.074,92.947,106.407,95.661,123.073,116.379,109.687,76.656,59.087,58.261,29,27,30,30,31,30,31,31,30,31,30,30,0,0,0,0,0,0,0,0,0,0,0,0,32,5,34,11,2,4,1,1,35,7,65,1,60,56,64,72,73,81,74,75,71,74,67,64,-54.8,14.8,18.5,19,23.4,19.6,39.3,32,42,19.5,-26.9,-45,12.2,13.2,13.2,13.8,14.6,16.7,18.9,20.2,22,18.3,15.4,13.5,18.6,20.5,19,18.2,18.8,19.7,23.2,24.4,27,22.6,20.7,20.6,5.9,6,7.4,9.3,10.4,13.7,14.7,16,17,14,10.1,6.4
5504862,1964,5,17,"196405","196306",0,47.507,21.523,88.532,95.72,121.016,132.261,122.408,96.866,18.119,0,10.852,7.25,-5.89,-0.7,-6,-5.22,-7.73,-8.84,-9.27,-9.51,-2.47,7.11,-1.35,8,4,3,1,0,0,0,0,0,0,1,10,303,216,232,186,178,88,54,43,37,86,190,327,0,0,0,0,0,19,23,38,67,18,0,0,109,138,164,208,240,322,373,399,421,345,197,88,34.179,55.076,72.574,96.325,107.362,122.487,132.915,124.216,103.338,68.191,37.854,27.483,26,22,28,28,30,30,31,31,30,31,30,25,1,0,0,0,0,0,0,0,0,0,1,0,111,8,51,8,12,1,1,2,6,50,121,17,72,58,65,63,67,66,64,64,64,70,75,76,-51.2,12.9,16.9,21.3,19,21.3,33.9,27.9,39,18,-25.4,-42.1,8.4,10.2,10.6,12.1,12.6,15.7,17,17.8,19,16.1,11.9,7.4,12.6,16.9,16,18,17.8,21.2,22.9,23.8,25,21,15.7,10.9,4.1,3.4,5.2,6.2,7.4,10.3,11.1,11.9,13,11.2,8,3.8
5504875,1964,5,18,"196405","196306",0,51.566,38.31,94.423,105.243,128.74,140.2,127.97,104.705,34.238,0,21.171,3.67,-6.34,-2.3,-6.5,-6.01,-8.42,-9.58,-9.76,-10.43,-4.12,3.78,-2.66,7,4,3,1,0,0,0,0,0,0,1,8,289,210,219,168,149,66,38,35,30,80,187,309,0,0,0,2,3,28,35,46,80,21,0,0,120,143,175,228,271,352,401,415,440,354,200,102,38.017,57.647,75.234,100.793,114.745,129.694,140.67,128.807,109.277,72.048,40.94,32.025,25,22,28,29,30,30,31,31,30,31,29,24,1,0,0,0,0,0,0,0,0,0,0,0,81,6,37,6,10,1,0,1,5,38,91,11,68,56,64,62,65,65,63,63,62,67,72,71,-52.2,13.4,17.3,21.7,17.5,21.8,32.4,27.7,38.8,17.8,-25.8,-42.8,8.8,10.4,11,12.8,13.6,16.7,17.9,18.4,19.7,16.4,12,8,13.8,17.5,16.6,19,19.2,22.5,24.1,24.6,26.1,21.7,16.3,12.5,3.8,3.2,5.4,6.6,8.1,11,11.7,12.2,13.3,11.1,7.6,3.4
5504867,1964,5,26,"196405","196306",0,52.573,41.743,102.703,126.65,158.374,181.194,167.328,125.215,44.544,0,22.114,3.54,-6.26,-2.74,-7.52,-8.23,-11.91,-14.98,-15.61,-14.38,-5.99,2.6,-2.43,9,5,3,1,0,0,0,0,0,0,1,11,318,235,240,169,129,43,15,12,18,66,196,338,0,0,0,3,7,47,80,99,117,30,0,0,102,126,162,227,292,391,467,489,489,375,192,83,38.275,57.657,78.616,109.835,135.958,159.495,181.699,168.198,130.778,81.966,43.969,30.807,22,18,26,27,30,30,31,31,30,31,28,22,1,0,0,0,0,0,0,0,0,0,0,0,77,5,37,7,9,1,1,1,6,37,85,9,65,53,60,55,55,53,48,48,52,60,67,69,-52.3,13.9,18.5,23.6,13,24.7,24.7,24.6,37.7,17,-26.3,-42.6,7.9,9.5,10.3,12.8,14.3,18.1,20.1,20.8,21.3,17.1,11.6,7,13.3,17.1,16.7,20.1,21.8,26.1,29.3,30.1,29.8,23.7,16.7,11.5,2.5,1.9,3.9,5.4,6.9,10,10.9,11.5,12.9,10.5,6.5,2.5
2464854,1964,6,29,"196406","196307",0,51.963,33.761,75.124,85.208,102.976,111.426,104.473,83.921,28.31,0,48.047,1.63,-6.48,-1.69,-4.21,-3.95,-5.76,-6.47,-6.79,-6.89,-2.78,2.67,-7.96,6,4,3,1,0,0,0,0,0,0,1,3,263,213,236,211,211,136,114,94,69,107,173,214,0,0,0,0,0,7,7,13,34,7,0,0,137,138,159,185,201,259,294,323,355,318,214,180,50.618,66.779,88.891,96.263,101.743,106.253,111.426,104.609,91.216,71.836,55.779,55.175,22,18,24,27,29,30,31,31,30,31,27,22,1,0,0,0,0,0,0,0,0,0,0,0,80,15,55,21,17,3,0,0,7,44,101,7,57,49,54,63,69,71,71,71,70,69,59,57,-54.5,15.6,20.7,21.8,21.4,22.3,39.1,30.2,40.2,18.8,-27.4,-45.3,9.7,10.3,10.5,11.2,11.4,13.7,14.5,15.4,16.8,15.2,12.5,11.2,16.6,18.7,17.9,17.1,16.3,18.2,19.1,20,21.7,20.3,19.1,20,2.7,1.8,3,5.3,6.4,9.1,9.9,10.8,12,10.2,5.9,2.4
375693,1964,7,6,"196406","196307",24.121,58.287,41.646,90.14,105.997,118.543,139.783,127.855,91.947,79.841,10.769,55.594,-3.64,-6.72,-2.02,-5.64,-5.95,-7.42,-9.5,-9.66,-8.88,-8.4,-2.58,-7.85,3,2,1,0,0,0,0,0,0,0,0,2,187,147,159,112,92,45,13,7,9,30,99,150,4,4,4,11,16,46,86,126,164,73,18,11,212,212,244,292,337,389,475,525,548,454,306,257,59.871,74.223,89.713,102.608,115.963,119.64,140.389,129.484,119.511,88.823,62.122,60.429,29,26,31,30,31,30,31,31,30,31,30,30,0,0,0,0,0,0,0,0,0,0,0,0,36,16,48,12,10,1,1,2,28,9,51,5,59,55,65,69,71,73,69,72,69,69,66,61,-54.8,15.2,18.2,20,22.6,21.4,37.8,32.3,42.4,19.5,-26.8,-44.8,12.2,13,13.2,14.9,15.8,18,20.3,21.9,23.3,19.7,15.5,13.6,18.7,20.4,18.8,19.8,20.4,22.3,25.4,26.6,28.7,24.9,21,20.7,5.6,5.6,7.7,9.9,11.2,13.7,15.2,17.3,17.9,14.6,9.9,6.5
304568,1964,7,27,"196407","196308",0,21.737,0,66.662,54.541,91.676,111.407,97.652,79.088,0,0,0,21.67,-2.89,7.38,-3.76,-1.31,-4.88,-6.74,-6.54,-7.11,8.82,26.38,3.17,10,6,7,2,0,0,0,0,0,0,2,6,329,255,307,250,220,143,106,110,84,151,216,271,0,0,0,0,0,6,8,9,26,0,0,0,86,102,99,143,190,249,301,298,332,268,167,128,30.007,50.099,65.129,83.945,94.903,103.472,114.603,99.848,86.896,55.684,34.968,29.844,24,18,22,25,29,30,31,31,30,31,28,27,4,0,1,0,1,0,0,0,0,0,2,0,250,28,119,17,40,12,3,2,8,147,312,75,72,56,63,64,70,71,68,70,67,73,73,72,-50.5,12.6,16.9,20.6,20.7,22,36.8,28.9,38.6,18.5,-25.2,-42.5,7.5,8.8,8.2,9.7,11,13.3,14.8,14.7,16,13.6,10.8,9.2,11.7,15.8,13.9,15.3,15.7,17.9,19.9,19.5,21.5,17.9,14.9,13.6,3.4,1.8,2.5,4.1,6.2,8.7,9.7,9.8,10.6,9.3,6.7,4.7
2433969,1964,8,28,"196408","196309",0,0,0,0,0,85.011,146.056,129.319,69.547,0,0,6.148,17.76,0.97,9.46,5.71,5.62,-5.37,-13.04,-12.67,-8.13,-0.06,19.48,-0.11,92,82,80,35,7,0,0,0,0,2,27,41,602,537,586,494,416,254,102,122,145,292,458,495,0,0,0,0,0,0,8,7,11,0,0,0,0,0,1,15,41,139,305,283,257,129,22,14,0,0,0,73.875,91.076,115.251,151.222,135.595,95.719,60.087,31.75,32.139,2,1,1,1,7,22,30,29,28,22,8,3,64,11,76,48,33,1,0,0,0,1,33,3,188,22,108,83,96,30,5,6,26,66,219,26,50,39,44,44,54,55,50,48,57,60,61,47,-49.2,16,20.4,26.4,24.9,26.8,33.3,29.6,41,18.7,-24.3,-42.8,-1.4,-1.3,-0.8,1.5,4.6,9.6,15,14.1,13.5,8.6,2.8,1.9,5.6,7.5,7.1,9.9,11.5,16.8,23.5,23,20.7,14.9,8.4,9.9,-8.3,-10.2,-8.7,-6.8,-2.4,2.3,6.4,5.2,6.4,2.3,-2.8,-6
2866858,1964,10,16,"196410","196311",17.26,70.951,53.231,96.112,132.748,135.715,173.324,150.776,124.772,99.278,0,61.187,-3.34,-8.53,-3.53,-6.45,-8.57,-9.12,-13.67,-12.65,-12.46,-12.14,-1.57,-9.42,3,2,1,0,0,0,0,0,0,0,0,1,177,130,150,97,74,33,4,4,18,17,85,128,6,7,6,16,23,61,146,160,115,112,25,16,223,231,254,309,361,415,547,561,486,510,326,283,58.453,74.753,94.428,115.534,135.81,139.666,173.324,151.329,127.594,104.109,62.642,62.416,29,27,30,30,31,30,31,31,30,31,30,30,0,0,0,0,0,0,0,0,0,0,0,0,41,4,41,19,3,4,0,1,3,5,68,1,59,54,61,62,63,66,60,64,59,60,64,59,-55.3,15,19.2,22.1,18.2,24.1,32.6,30.7,41.4,18,-27.4,-45.4,12.6,13.7,13.6,15.5,16.6,18.9,22.7,23.1,21.2,21.5,16.2,14.5,19.2,21.3,19.9,21.7,22.7,24.5,29.7,29.3,28.3,28.4,22,22.3,5.9,6,7.3,9.3,10.5,13.2,15.7,17,14.2,14.7,10.3,6.6
3792174,1964,10,17,"196410","196311",0,38.151,0,95.14,109.23,137.306,170.561,156.766,120.612,0,0,0,16.81,-5.29,2.71,-6.81,-6.48,-9.56,-13.52,-13.95,-13.07,-2.42,21.87,1.05,10,5,4,1,0,0,0,0,0,0,2,10,332,231,257,202,162,65,28,29,52,70,206,324,0,0,0,0,2,29,48,55,47,26,0,0,89,127,145,192,257,354,423,429,384,369,178,90,35.558,58.48,78.821,106.925,129.471,149.36,172.515,157.727,121.858,91.5,43.117,30.869,21,17,23,25,29,30,31,31,29,30,27,23,3,0,0,0,0,0,0,0,0,0,2,0,207,20,93,12,20,12,2,1,1,97,279,47,66,50,56,53,55,55,48,48,48,49,65,69,-51.8,14.2,19.2,24.1,13.1,26.4,24.6,24.1,37.4,15.6,-26.4,-42.6,7.4,9.6,9.8,11.6,13.2,16.8,18.6,18.8,17.8,16.9,11.2,7.5,12.6,17.8,16.8,19.3,20.6,24.5,27.7,28.1,27,25.7,16.7,12.2,2.2,1.4,2.8,3.8,5.8,9.1,9.5,9.6,8.6,8.1,5.7,2.7
2866696,1964,11,1,"196410","196311",10.317,65.944,43.652,91.178,125.27,135.555,178.491,158.069,124.828,100.693,0,58.039,-2.63,-8.06,-2.66,-5.9,-7.83,-9.1,-14.46,-13.74,-12.78,-12.45,-0.64,-8.77,3,2,2,0,0,0,0,0,0,0,0,2,193,153,179,146,118,55,7,5,26,22,101,147,4,4,2,5,9,36,119,142,89,94,18,12,202,207,223,254,306,369,517,542,453,486,304,260,57.863,74.32,95.755,108.503,131.312,140.96,179.205,158.81,131.982,105.632,63.849,59.993,28,25,29,29,30,30,31,31,30,31,30,30,0,0,0,0,0,0,0,0,0,0,0,0,48,8,52,17,6,5,1,1,7,5,80,2,59,52,58,62,61,62,55,60,54,58,62,61,-55,15.4,20.1,22.1,19.4,24.7,32.5,30.9,41.5,18.1,-27.4,-45.1,12,12.8,12.5,13.6,14.8,17.3,21.7,22.5,20.1,20.7,15.4,13.7,18.6,20.7,19.4,19.7,21.2,23.6,29.5,29.5,28,28,21.7,21.2,5.3,4.9,5.6,7.5,8.4,11,13.9,15.6,12.2,13.5,9.1,6.3
2866720,1964,12,0,"196411","196312",19.409,71.512,55.754,96.205,132.586,137.34,175.351,152.654,125.844,101.674,20.709,61.612,-3.6,-8.64,-3.81,-6.42,-8.52,-9.25,-13.9,-12.85,-12.61,-12.47,-4.05,-9.5,3,2,1,0,0,0,0,0,0,0,1,1,184,136,154,105,80,35,4,4,20,18,126,135,5,6,6,13,21,57,143,155,108,105,9,14,216,225,250,299,353,410,543,556,478,501,271,275,59.124,75.564,96.504,115.595,136.334,141.255,175.351,153.106,129.312,105.925,63.26,62.875,28,26,30,30,31,30,31,31,30,31,29,30,0,0,0,0,0,0,0,0,0,0,0,0,40,4,41,19,4,4,0,0,3,4,43,1,58,53,59,61,62,65,59,63,58,59,59,58,-55.4,15.3,19.7,22.3,18.3,24.3,32.6,30.8,41.4,17.9,-27.5,-45.4,12.3,13.5,13.4,15.1,16.4,18.7,22.6,23,20.9,21.2,14.3,14.2,19.2,21.4,20.1,21.5,22.6,24.5,29.8,29.3,28.3,28.4,21,22.3,5.4,5.5,6.8,8.8,10.1,12.8,15.3,16.6,13.6,14.1,7.7,6.1
2866560,1964,12,13,"196412","196401",19.985,70.382,54.218,96.327,127.841,127.801,160.222,139.55,117.758,96.627,23.111,8.75,-3.51,-8.34,-3.54,-6.38,-8.03,-8.27,-11.93,-11.12,-11.26,-11.42,-4.06,-2.33,3,2,1,0,0,0,0,0,0,0,0,2,178,132,151,101,81,38,6,5,22,19,123,164,5,6,6,14,20,54,124,141,102,102,9,7,222,229,252,304,352,403,523,541,470,497,275,238,58.066,74.166,92.978,112.323,130.57,131.851,160.222,140.041,121.053,100.607,61.389,47.759,29,27,30,30,31,30,31,31,30,31,30,31,0,0,0,0,0,0,0,0,0,0,0,0,38,4,39,16,3,4,0,0,3,4,38,39,60,55,62,64,65,69,64,68,62,62,62,54,-55.1,14.9,18.9,21.6,19.1,23.4,34.3,31.2,41.6,18.2,-27.2,-44.1,12.5,13.6,13.5,15.3,16.3,18.5,21.9,22.5,20.7,21.1,14.5,13.1,19,21.1,19.7,21.2,22.1,23.6,28.1,27.9,27.2,27.6,20.7,18.1,6,6.1,7.4,9.4,10.5,13.3,15.7,17,14.2,14.6,8.3,8.1
631791,1965,2,20,"196502","196403",45.465,55.548,56.777,84.035,106.57,101.869,128.606,110.794,95.114,81.605,28.98,12.779,-6.13,-6.27,-3.68,-5.06,-6.06,-5.9,-8.43,-7.86,-7.99,-8.55,-4.46,-2.5,2,2,1,0,0,0,0,0,0,0,1,2,159,152,159,138,119,66,16,13,39,34,129,176,8,3,4,5,7,29,76,94,63,62,6,5,243,206,242,263,304,353,462,482,414,443,266,223,59.64,68.608,90.961,95.115,108.886,105.835,129.405,111.355,99.858,84.758,60.722,46.36,30,27,30,30,31,30,31,31,30,31,30,31,0,0,0,0,0,0,0,0,0,0,0,0,14,13,34,11,2,4,1,1,5,3,32,34,60,59,63,71,72,77,73,77,71,70,63,56,-55.3,14.1,18.6,19.3,23,21.1,38.4,32.1,42.2,19.1,-27.1,-43.9,13.2,12.8,13.2,13.9,14.7,16.8,19.9,20.6,18.8,19.3,14.2,12.6,19.7,19.5,19.2,18.5,19.1,20.4,24.4,24.3,23.7,24.3,20.3,17.4,6.8,6.2,7.3,9.3,10.3,13.1,15.4,16.8,14,14.3,8.2,7.9
2415893,1965,3,1,"196502","196403",0,39.746,58.699,111.783,136.216,155.57,189.95,169.304,125.287,65.119,0,0,3.1,-4.84,-4.61,-8.59,-9.25,-11.79,-16.43,-16.14,-13.72,-9.35,-0.18,5.82,9,5,3,0,0,0,0,0,0,0,2,5,321,220,209,133,93,24,5,5,28,44,233,248,0,0,1,9,18,76,137,140,85,52,0,1,103,141,191,267,335,439,537,541,447,419,159,153,33.706,53.063,83.885,116.5,141.908,163.683,190.729,171.357,126.113,93.323,41.17,32.266,24,23,27,28,30,30,31,31,30,31,27,29,1,0,0,0,0,0,0,0,0,0,0,0,66,13,25,5,6,8,1,2,1,28,52,103,71,60,57,54,55,55,50,50,51,53,67,75,-51.1,12.5,19.2,23.8,11.9,26.4,23.1,24.4,38.1,15.8,-26,-42.8,7.8,10,11.4,14.1,15.8,19.7,22.4,22.5,19.9,18.5,10.3,9.9,12.1,16.4,18.3,21.7,23.3,27.5,31.5,31.4,28.5,26.6,15.4,14,3.4,3.6,4.5,6.4,8.3,11.8,13.3,13.5,11.3,10.5,5.2,5.8
1443133,1965,3,1,"196502","196403",48.495,62.553,60.421,98.349,147.62,174.448,219.781,192.246,147.529,113.41,28.939,30.35,-7.01,-7.87,-4.58,-6.96,-10.56,-14.23,-21.73,-19.91,-17.28,-15.52,-5.14,-4.91,3,3,2,0,0,0,0,0,0,0,1,3,188,169,189,131,76,22,1,2,15,18,170,208,6,3,3,9,25,82,222,218,128,111,4,4,215,193,215,271,358,448,623,619,503,504,224,194,60.932,73.788,98.549,121.577,154.882,177.911,220.625,193.76,151.524,117.861,63.562,50.123,27,23,27,29,30,30,31,31,30,31,26,28,0,0,0,0,0,0,0,0,0,0,0,0,12,11,38,23,7,3,1,2,4,4,35,20,55,50,54,55,53,51,46,50,47,50,54,48,-55.8,15.7,21,24.2,16.2,27.7,28.9,30,40.9,17.3,-27.5,-44.4,12.1,12.1,12.1,14.1,16.5,20,25.1,25,21.8,21.3,12.6,11.4,19.6,20.4,19.7,21.6,24.6,28.7,35.2,34.2,31.5,30.2,20.2,17.6,4.7,3.9,4.5,6.7,8.5,11.3,15,15.8,12.1,12.5,5.1,5.2
631762,1965,3,14,"196503","196404",45.318,56.304,43.257,88.279,111.978,107.645,135,116.553,100.011,85.318,28.385,11.152,-6.14,-6.38,-2.29,-5.47,-6.51,-6.38,-9.06,-8.44,-8.63,-9.17,-4.41,-2.36,2,2,1,0,0,0,0,0,0,0,1,2,156,148,149,127,108,57,13,11,34,29,127,174,8,4,6,7,10,35,87,105,72,72,7,5,246,210,254,275,317,366,476,497,428,457,268,226,59.809,68.981,84.598,99.64,114.216,111.682,135.8,117.104,104.655,88.539,60.742,46.439,30,27,31,30,31,30,31,31,30,31,30,31,0,0,0,0,0,0,0,0,0,0,0,0,14,13,41,11,2,4,1,1,5,3,32,35,60,59,68,69,71,75,71,75,69,68,63,56,-55.4,14.1,17.1,19.9,22,21.6,37.6,31.9,42.1,18.9,-27.1,-44,13.3,13,13.6,14.3,15.2,17.2,20.4,21,19.3,19.8,14.3,12.7,19.8,19.7,18.6,19.2,19.9,21.2,25.2,25.1,24.5,25.1,20.3,17.5,6.9,6.2,8.6,9.4,10.4,13.3,15.5,17,14.1,14.5,8.2,7.9
631770,1965,3,15,"196503","196404",45.12,55.672,43.347,84.421,107.235,102.43,129.378,111.369,95.966,81.897,28.799,12.067,-6.08,-6.27,-2.3,-5.1,-6.11,-5.95,-8.51,-7.92,-8.1,-8.61,-4.41,-2.42,2,2,1,0,0,0,0,0,0,0,1,2,157,150,150,135,116,63,15,13,37,33,128,175,8,3,5,6,8,30,79,97,66,65,7,5,244,207,253,266,307,356,466,486,419,447,267,225,59.402,68.372,83.911,95.606,109.472,106.442,130.182,111.932,100.591,85.121,60.406,46.119,30,27,31,30,31,30,31,31,30,31,30,31,0,0,0,0,0,0,0,0,0,0,0,0,14,13,41,11,2,4,1,1,5,3,32,34,61,59,69,71,72,77,73,77,70,70,63,57,-55.3,14.1,17,19.3,22.8,21.2,38.3,32.1,42.2,19.1,-27,-43.9,13.3,12.9,13.6,14,14.8,16.9,20,20.7,19,19.5,14.3,12.7,19.7,19.5,18.5,18.6,19.2,20.6,24.5,24.5,23.9,24.5,20.2,17.4,6.9,6.3,8.6,9.4,10.4,13.2,15.5,16.9,14.1,14.4,8.3,8
5504854,1965,3,16,"196503","196404",46.425,43.284,48.597,94.773,121.53,144.556,177.375,154.617,128.713,103.172,17.545,21.043,-6.54,-5.41,-2.86,-6.14,-7.38,-9.98,-14.13,-12.98,-12.82,-12.44,-3.8,-3.86,2,3,2,0,0,0,0,0,0,0,1,3,175,171,172,134,96,42,6,6,25,24,143,189,6,2,4,7,15,49,127,137,91,88,6,5,227,189,232,267,331,395,528,538,456,477,252,213,64.208,74.182,92.039,113.172,135.311,145.987,177.711,155.531,132.176,108.484,67.119,54.039,28,24,30,29,31,30,31,31,30,31,28,29,0,0,0,0,0,0,0,0,0,0,0,0,18,31,43,18,14,1,0,1,3,5,50,33,55,52,62,61,61,62,57,62,55,57,55,50,-55.8,15.7,19,22.6,19.4,24.6,33.6,31.6,42,18.5,-27.4,-44.5,12.6,12.1,12.8,14,15.6,18.2,22.1,22.4,20.2,20.5,13.6,12.2,20.1,20,18.9,20.4,22,24.6,29.6,29,28,27.9,21,18.5,5.2,4.2,6.6,7.7,9.2,11.8,14.6,15.7,12.5,13,6.3,5.8
202499,1965,3,19,"196503","196404",14.862,44.015,29.224,77.518,107.275,121.812,137.092,126.497,105.051,60.99,0,0,-2.93,-5.15,-1.04,-4.46,-5.97,-7.46,-8.96,-9.09,-9.25,-7.08,-1.75,0.04,4,4,2,1,0,0,0,0,0,0,1,3,211,201,200,188,181,110,61,57,78,72,193,205,1,0,0,0,0,12,20,27,29,21,0,0,180,150,195,209,236,293,362,375,340,366,191,188,52.687,63.232,81.287,103.224,115.959,123.794,137.092,127.364,107.411,90.86,58.582,45.244,27,23,29,28,29,30,31,31,29,31,25,30,0,0,0,0,0,0,0,0,0,0,0,0,38,19,52,26,9,2,0,1,2,30,59,61,60,56,65,61,63,65,63,63,59,58,56,47,-54.6,14.4,17.8,22.5,18.9,23.9,34.8,29.3,40.1,18.1,-27.4,-44.1,11.2,10.7,11.7,12.1,12.5,14.8,16.7,17.1,16.3,16.8,11.7,11.5,17.5,17.7,17.2,18.4,18.3,20.5,22.8,23.2,23.1,23.8,19,16.9,4.9,3.6,6.2,5.8,6.6,9.1,10.6,11,9.6,9.8,4.5,6.2
2960501,1965,3,20,"196503","196404",44.986,55.598,43.09,84.283,107.074,102.062,129.023,111.001,95.766,81.712,28.695,11.906,-6.05,-6.25,-2.27,-5.09,-6.1,-5.92,-8.47,-7.89,-8.08,-8.59,-4.39,-2.39,2,2,1,0,0,0,0,0,0,0,1,2,157,150,150,134,116,63,15,12,37,33,128,175,8,3,5,6,8,30,79,97,66,65,7,5,244,207,253,266,308,356,466,487,419,447,267,225,59.3,68.23,83.665,95.44,109.292,106.082,129.828,111.564,100.366,84.95,60.253,46.01,30,27,31,30,31,30,31,31,30,31,30,31,0,0,0,0,0,0,0,0,0,0,0,0,14,13,41,11,2,4,1,1,5,3,32,34,61,59,69,71,72,77,73,77,70,70,63,57,-55.3,14,16.9,19.3,22.9,21.1,38.4,32.1,42.2,19.1,-27,-43.9,13.3,12.9,13.6,14,14.8,16.9,20,20.7,19,19.5,14.3,12.7,19.6,19.5,18.5,18.6,19.2,20.6,24.5,24.5,23.9,24.5,20.2,17.3,6.9,6.3,8.7,9.4,10.4,13.3,15.5,17,14.1,14.5,8.3,8
631782,1965,3,21,"196503","196404",46.579,52.67,41.534,92.764,115.712,115.783,148.237,130.052,108.517,90.772,28.229,15.224,-6.4,-6.16,-2.14,-5.9,-6.8,-7.04,-10.43,-9.82,-9.78,-10.13,-4.61,-2.89,2,2,1,0,0,0,0,0,0,0,1,2,159,153,157,134,112,59,12,10,33,28,130,175,8,3,5,6,9,33,92,107,73,76,7,5,242,205,246,267,312,364,482,499,429,462,265,226,61.391,70.932,87.638,103.424,120.019,120.824,148.814,130.594,114.026,94.931,63.338,48.252,30,26,31,30,31,30,31,31,30,31,29,31,0,0,0,0,0,0,0,0,0,0,0,0,15,18,46,11,4,5,1,1,6,4,35,33,58,56,66,66,67,71,66,70,63,64,60,55,-55.6,14.7,17.8,20.8,21.2,22.6,36.1,31.7,42.1,18.7,-27.3,-44.1,13.2,12.8,13.3,14,15,17.1,20.6,21.1,19.3,20,14.2,12.7,20,19.9,18.8,19.4,20.2,21.8,26.3,26.1,25.5,26,20.7,17.8,6.4,5.7,7.9,8.7,9.8,12.5,14.8,16.1,13.2,14,7.6,7.6
3792166,1965,3,26,"196503","196404",0.991,44.439,60.093,109.339,155.685,189.758,223.932,200.282,140.63,80.642,1.042,0,-0.05,-5.28,-4.78,-8.6,-11.78,-16.79,-22.82,-21.98,-16.81,-11.9,-1.48,2.75,10,4,2,0,0,0,0,0,0,0,2,6,324,216,172,98,50,7,1,1,16,28,240,280,0,0,6,19,45,145,276,254,126,82,0,0,105,149,238,310,401,530,677,655,500,460,158,132,34.558,56.795,90.447,128.027,164.43,193.331,223.932,200.282,144.555,105.425,47.097,32.605,24,22,29,29,31,30,31,31,30,31,24,28,0,0,0,0,0,0,0,0,0,0,0,0,34,12,30,19,9,4,0,0,4,25,46,67,72,58,58,52,50,49,47,47,46,50,61,78,-51,13.2,19.4,24.7,10.6,28.4,22.2,25.2,38.8,15.7,-26.6,-42.8,7.7,10.1,12.8,15.4,18,22.7,26.9,26.2,21.7,19.9,10,8.9,11.8,16.8,19.7,23.7,26.7,31.9,36.8,36.1,31.5,28.8,16.2,12.9,3.5,3.5,5.9,7.2,9.2,13.5,17,16.2,11.9,11,3.9,4.8
2061760,1965,3,27,"196503","196404",0,25.968,37.327,109.792,138.741,152.351,210.94,189.741,118.952,61.149,0,0,10.29,-4.28,-3.12,-9.17,-10.27,-12.51,-21.05,-21.22,-15.18,-10.72,8.67,12.59,10,4,2,0,0,0,0,0,0,0,3,7,334,218,180,115,58,11,1,1,18,35,250,290,0,0,5,14,37,116,234,232,117,67,0,0,96,145,226,287,387,499,635,633,489,440,147,122,31.839,54.395,85.289,123.47,154.534,174.777,211.425,191.078,134.556,96.167,38.836,27.715,22,20,28,28,31,30,31,31,30,31,25,27,2,0,0,0,0,0,0,0,0,0,2,1,138,28,48,14,16,22,0,1,16,35,141,164,69,54,56,49,52,54,47,47,46,48,65,68,-51.1,12.9,19,24.6,9.2,27.3,19.3,22.6,37.5,14.2,-26,-42.1,7.4,10.1,12.5,14.8,17.5,21.7,25.5,25.5,21.3,19.2,9.7,8.6,12.1,17.6,19.6,23.4,25.8,29.9,35.4,35.5,31.1,28.4,15.2,12.6,2.6,2.6,5.3,6.1,9.1,13.4,15.7,15.4,11.6,10,4.2,4.6
631769,1965,3,27,"196503","196404",43.836,54.565,40.535,83.573,105.882,100.742,127.877,109.487,94.354,80.494,27.322,10.047,-5.89,-6.09,-2.01,-5.04,-6.01,-5.83,-8.37,-7.77,-7.92,-8.43,-4.18,-2.17,2,2,1,0,0,0,0,0,0,0,1,2,156,150,150,133,115,62,15,12,36,32,128,174,8,4,5,6,8,31,80,99,67,66,7,5,245,208,252,268,309,358,467,489,421,448,268,226,58.661,67.34,82.106,94.325,107.927,104.831,128.692,110.056,98.724,83.864,59.358,45.352,31,27,31,30,31,30,31,31,30,31,30,31,0,0,0,0,0,0,0,0,0,0,0,0,15,13,42,11,2,4,1,1,4,3,32,35,62,60,70,72,73,78,73,78,71,71,64,57,-55.1,13.8,16.6,19.1,23.1,20.9,38.5,32.1,42.2,19.2,-26.9,-43.9,13.3,12.9,13.6,14.1,14.9,17,20.1,20.8,19,19.5,14.3,12.7,19.5,19.3,18.3,18.6,19.2,20.5,24.5,24.4,23.7,24.4,20.1,17.2,7.1,6.5,8.8,9.6,10.6,13.4,15.7,17.1,14.3,14.7,8.5,8.1
631768,1965,3,27,"196503","196404",42.626,57.473,43.63,95.683,134.353,143.585,188.296,163.013,128.696,103.448,20.942,5.689,-6.12,-6.96,-2.55,-6.4,-8.75,-9.99,-15.8,-14.43,-13.41,-12.93,-4.1,-2,2,2,1,0,0,0,0,0,0,0,1,2,161,154,161,126,97,41,5,4,22,21,134,176,8,4,5,9,15,49,141,157,101,98,8,6,243,206,243,276,330,395,542,558,469,490,262,227,59.911,71.829,90.77,114.464,138.42,149.513,188.296,163.699,135.272,107.951,62.917,46.472,30,26,30,29,31,30,31,31,30,31,29,31,0,0,0,0,0,0,0,0,0,0,0,0,17,14,47,19,4,6,0,1,7,5,42,41,59,55,63,60,59,60,53,59,54,57,59,54,-55.5,14.9,18.6,22.7,18.1,25.3,31.3,30.6,41.3,17.9,-27.4,-44,13.1,12.7,13.2,14.3,15.6,18.2,22.5,23,20.7,20.9,14,12.6,19.8,20.2,19.1,20.8,22.4,24.9,30.8,30.2,28.8,28.4,20.7,17.5,6.5,5.3,7.2,7.8,8.8,11.5,14.2,15.8,12.5,13.3,7.3,7.8
631787,1965,3,27,"196503","196404",45.269,55.308,40.901,95.409,127.122,132.143,171.82,151.833,123.422,100.843,25.426,9.274,-6.42,-6.71,-2.23,-6.27,-7.95,-8.68,-13.42,-12.7,-12.28,-12.18,-4.59,-2.42,2,2,1,0,0,0,0,0,0,0,1,2,159,151,156,129,102,48,7,6,25,22,132,175,8,4,6,8,12,42,120,136,91,92,7,6,244,209,248,273,323,382,518,537,455,483,264,227,61.356,72.613,91.524,110.534,131.484,138.148,172.556,152.647,129.248,104.75,64.368,48.33,30,26,30,30,31,30,31,31,30,31,29,31,0,0,0,0,0,0,0,0,0,0,0,0,16,17,51,15,4,6,1,1,6,4,39,39,58,55,63,62,62,64,58,63,56,59,58,54,-55.7,15,18.7,22,19.3,24.2,33.2,31.1,41.6,18.2,-27.4,-44.1,13.2,12.9,13.4,14.2,15.4,17.8,21.7,22.3,20.2,20.6,14.1,12.7,20.1,20.3,19.3,20.3,21.5,23.7,29,28.8,27.8,27.8,21,17.8,6.4,5.4,7.4,8.1,9.2,11.9,14.5,15.9,12.6,13.5,7.2,7.5
631773,1965,4,1,"196503","196404",44.768,55.762,42.513,86.121,109.197,104.153,131.39,113.129,97.374,83.096,28.232,10.929,-6.04,-6.28,-2.21,-5.26,-6.28,-6.09,-8.7,-8.1,-8.29,-8.82,-4.35,-2.3,2,2,1,0,0,0,0,0,0,0,1,2,156,149,149,130,112,60,14,11,35,31,127,174,8,4,6,7,9,33,83,102,69,69,7,5,246,209,254,271,313,362,471,492,424,452,268,226,59.373,68.365,83.794,97.215,111.342,108.214,132.198,113.69,101.886,86.389,60.265,46.052,30,27,31,30,31,30,31,31,30,31,30,31,0,0,0,0,0,0,0,0,0,0,0,0,15,13,41,11,2,4,1,1,5,3,32,35,61,59,69,70,72,77,72,77,70,69,63,56,-55.3,14,16.9,19.5,22.5,21.3,38,32,42.1,19,-27,-43.9,13.3,12.9,13.6,14.2,15,17.1,20.2,20.9,19.2,19.6,14.3,12.7,19.7,19.5,18.5,18.9,19.5,20.8,24.8,24.8,24.1,24.8,20.2,17.4,7,6.3,8.7,9.5,10.5,13.3,15.6,17,14.2,14.5,8.3,8
2061832,1965,4,3,"196503","196404",0,12.062,42.744,110.539,125.348,135.245,210.384,190.761,120.416,50.265,0,0,12.91,-3.16,-3.92,-9.38,-9.18,-11.03,-21.83,-22.35,-16.18,-10.36,15.9,29.61,9,4,2,0,0,0,0,0,0,0,3,7,315,214,175,115,50,8,1,1,13,29,255,293,0,0,6,14,45,136,277,256,141,81,0,0,110,148,231,287,402,520,678,657,519,460,144,120,32.06,53.038,83.31,119.058,151.284,169.718,211.305,192.958,134.405,95.041,36.612,26.612,23,21,29,28,31,30,31,31,30,31,25,27,2,0,0,0,0,0,0,0,0,0,2,2,169,41,41,9,26,34,1,2,14,45,211,334,67,54,57,51,54,57,50,47,48,49,65,62,-51.4,12.5,18.5,23.9,9.1,26.4,18.2,21.5,37.1,13.7,-25.7,-41.9,8,10.2,12.6,14.7,18,22.3,26.9,26.2,22.3,19.9,9.5,8.5,12.9,17.7,19.7,23,25.9,29.9,36.3,36.3,31.9,29.1,14.9,12.6,3,2.7,5.6,6.5,10.1,14.8,17.6,16.1,12.8,10.7,4.2,4.4
631763,1965,4,3,"196503","196404",45.304,56.277,43.265,88.089,111.74,107.373,134.71,116.288,99.801,85.143,28.41,11.191,-6.14,-6.38,-2.29,-5.45,-6.49,-6.35,-9.03,-8.41,-8.6,-9.14,-4.41,-2.36,2,2,1,0,0,0,0,0,0,0,1,2,156,149,149,127,108,57,13,11,34,30,127,174,8,4,6,7,10,34,86,105,72,71,7,5,246,210,254,274,316,366,475,496,428,456,268,226,59.79,68.954,84.576,99.437,113.976,111.409,135.51,116.841,104.441,88.366,60.73,46.426,30,27,31,30,31,30,31,31,30,31,30,31,0,0,0,0,0,0,0,0,0,0,0,0,14,13,41,11,2,4,1,1,5,3,32,35,60,59,68,69,71,75,71,76,69,68,63,56,-55.4,14.1,17.1,19.9,22,21.6,37.6,31.9,42.1,19,-27.1,-44,13.3,12.9,13.6,14.3,15.1,17.2,20.3,21,19.3,19.8,14.3,12.7,19.8,19.7,18.6,19.2,19.8,21.2,25.1,25.1,24.5,25.1,20.3,17.5,6.9,6.2,8.6,9.4,10.4,13.3,15.5,17,14.1,14.5,8.2,7.9
631784,1965,4,3,"196503","196404",45.34,55.478,43.4,88.752,113.262,111.327,139.199,120.966,101.916,86.278,28.516,11.42,-6.19,-6.36,-2.33,-5.52,-6.62,-6.68,-9.48,-8.89,-8.9,-9.36,-4.53,-2.43,2,2,1,0,0,0,0,0,0,0,1,2,155,149,151,132,112,60,13,11,35,30,126,172,8,4,5,6,9,33,86,104,70,71,7,6,247,209,252,269,312,362,474,495,425,455,270,229,59.985,69.443,85.882,100.167,115.771,115.281,139.993,121.52,107.081,89.759,61.662,46.709,30,27,31,30,31,30,31,31,30,31,30,31,0,0,0,0,0,0,0,0,0,0,0,0,15,14,42,11,3,4,1,1,5,3,33,35,60,58,67,68,70,74,69,74,67,67,62,56,-55.4,14.3,17.4,20.1,21.8,22,37,31.8,42.1,18.9,-27.2,-44,13.4,12.9,13.5,14.1,15,17.1,20.3,21,19.2,19.7,14.3,12.8,19.8,19.7,18.7,19.1,19.9,21.4,25.4,25.4,24.7,25.2,20.5,17.6,6.9,6.1,8.3,9.1,10.1,12.8,15.2,16.6,13.7,14.2,8.1,8
1808949,1965,4,3,"196503","196404",0,0,29.029,49.022,34.004,54.886,68.439,74.567,66.247,17.515,0,0,14.24,-0.2,-1.54,-2.01,-0.01,-2.05,-3.42,-4.57,-5.31,-2.18,16.18,27.61,8,6,4,2,0,0,0,0,0,0,3,6,302,257,263,268,240,178,141,134,166,161,251,278,0,0,0,0,0,3,4,6,8,0,0,0,105,99,133,127,163,213,262,272,233,255,136,119,26.357,40.475,58.29,70.747,71.247,74.678,76.921,78.32,68.62,55.545,31.314,21.82,28,23,28,26,30,30,31,31,29,30,27,30,2,0,0,0,1,0,0,0,0,0,2,2,175,41,29,22,37,20,8,4,2,38,204,308,78,68,72,72,81,83,84,79,72,70,74,74,-49.6,10,14.4,18.1,26.9,19.8,46.2,30.7,39,18.1,-24.6,-41,8.4,8.7,9.6,9.1,10,12.1,13.4,13.7,12.7,13.2,9.7,9,11.7,13.6,13.9,13.4,12.9,14.7,16,17,17.1,17.9,13.6,11.7,5.1,3.7,5.3,4.8,7.1,9.4,10.9,10.5,8.4,8.5,5.7,6.2
1808960,1965,4,3,"196503","196404",0,0,32.309,47.349,35.672,68.285,96.478,102.372,88.613,27.578,0,0,23.53,2.32,-2.09,-1.92,0.48,-2.63,-5.46,-7.28,-8.57,-4.15,26.69,44.22,10,8,4,2,0,0,0,0,0,0,3,8,333,275,263,257,216,136,89,90,113,135,270,299,0,0,0,0,0,7,11,14,17,3,0,0,85,88,135,137,195,259,326,328,295,285,123,105,24.851,41.223,67.018,83.443,95.396,104.437,112.244,107.426,92.863,65.914,30.597,21.923,26,20,25,24,29,30,31,31,29,30,26,28,4,1,0,0,1,0,0,0,0,0,4,3,264,67,35,36,60,36,16,5,4,38,308,473,77,64,63,62,69,70,70,66,57,61,73,70,-49.2,10.6,16.7,20.8,20.4,22.2,37.2,28,38.2,16.7,-24.5,-41,7.4,8,9.6,9.5,11.1,13.6,15.5,15.5,14.8,14.1,9,8.3,10.7,13.6,15.4,15.4,16,18.4,20.3,21.1,21.9,20.5,13.2,11.3,4.1,2.5,3.8,3.6,6.3,8.9,10.6,10,7.7,7.7,4.9,5.2
631766,1965,4,3,"196503","196404",45.255,56.376,43.104,88.785,112.577,108.145,135.578,117.073,100.456,85.695,28.273,10.886,-6.14,-6.39,-2.28,-5.51,-6.56,-6.42,-9.11,-8.5,-8.69,-9.24,-4.4,-2.33,2,2,1,0,0,0,0,0,0,0,1,2,156,148,149,125,107,56,12,10,33,29,127,174,8,4,6,8,10,35,88,106,73,73,7,5,246,210,255,276,318,368,478,498,430,458,269,227,59.815,69,84.6,100.132,114.794,112.193,136.379,117.623,105.075,88.931,60.719,46.433,30,27,31,30,31,30,31,31,30,31,30,31,0,0,0,0,0,0,0,0,0,0,0,0,15,13,41,11,2,4,1,1,5,3,32,36,60,59,68,69,70,75,71,75,68,68,63,56,-55.4,14.1,17.1,20,21.9,21.7,37.5,31.9,42.1,18.9,-27.1,-44,13.4,13,13.6,14.4,15.2,17.3,20.4,21.1,19.3,19.8,14.3,12.7,19.8,19.7,18.6,19.3,20,21.3,25.3,25.2,24.6,25.2,20.3,17.5,6.9,6.3,8.6,9.4,10.5,13.3,15.6,17,14.1,14.5,8.2,8
631783,1965,4,7,"196503","196404",45.446,56.19,43.678,87.118,110.541,106.347,133.54,115.27,98.876,84.384,28.693,11.723,-6.16,-6.37,-2.34,-5.35,-6.39,-6.27,-8.91,-8.31,-8.48,-9.02,-4.45,-2.42,2,2,1,0,0,0,0,0,0,0,1,2,157,149,149,130,111,59,13,11,35,31,128,175,8,4,6,7,9,33,84,102,70,69,7,5,245,209,254,271,313,362,472,493,425,453,268,226,59.821,68.982,84.735,98.461,112.807,110.363,134.34,115.824,103.55,87.585,60.859,46.493,30,27,31,30,31,30,31,31,30,31,30,31,0,0,0,0,0,0,0,0,0,0,0,0,14,13,41,11,2,4,1,1,5,3,32,35,60,59,68,70,71,76,71,76,69,68,63,56,-55.4,14.2,17.1,19.8,22.3,21.5,37.8,32,42.1,19,-27.1,-44,13.3,12.9,13.6,14.2,15,17.1,20.2,20.9,19.2,19.7,14.3,12.7,19.8,19.6,18.6,19,19.7,21,25,24.9,24.3,24.9,20.4,17.5,6.9,6.2,8.6,9.3,10.4,13.2,15.5,16.9,14,14.4,8.2,7.9
631790,1965,4,10,"196504","196405",45.097,54.728,42.914,13.463,108.188,104.502,131.566,113.767,96.57,82.345,28.546,12.119,-6.09,-6.19,-2.26,1.94,-6.19,-6.11,-8.71,-8.14,-8.18,-8.7,-4.43,-2.44,2,2,1,0,0,0,0,0,0,0,1,2,157,152,153,123,119,65,16,13,39,33,128,174,8,3,5,8,7,29,76,95,64,64,6,5,244,206,250,279,304,353,463,484,415,445,267,226,59.452,68.461,84.197,96.285,110.645,108.431,132.361,114.327,101.731,85.87,60.754,46.138,30,27,31,30,31,30,31,31,30,31,30,31,0,0,0,0,0,0,0,0,0,0,0,0,14,14,41,83,2,4,1,1,5,4,32,34,61,59,68,71,72,76,72,76,70,69,63,57,-55.3,14.1,17.1,19.2,22.7,21.4,38.1,32,42.2,19.1,-27.1,-43.9,13.3,12.8,13.5,14.5,14.7,16.8,19.9,20.6,18.8,19.4,14.2,12.7,19.7,19.5,18.5,19,19.3,20.6,24.6,24.6,23.9,24.5,20.3,17.4,6.9,6.2,8.5,9.9,10.2,12.9,15.3,16.7,13.8,14.3,8.2,8
2960494,1965,4,10,"196504","196405",45.501,56.519,43.298,21.938,114.961,111.11,138.844,120.076,102.784,87.609,28.054,10.854,-6.19,-6.43,-2.3,1.11,-6.77,-6.67,-9.45,-8.81,-9,-9.55,-4.39,-2.34,2,2,1,0,0,0,0,0,0,0,1,2,156,148,149,108,103,54,12,10,32,28,128,174,8,4,6,12,12,37,92,110,76,76,7,6,247,211,254,296,323,372,483,503,434,463,268,227,60,69.275,84.821,102.198,117.275,115.352,139.638,120.647,107.544,90.782,60.871,46.56,30,27,31,30,31,30,31,31,30,31,30,31,0,0,0,0,0,0,0,0,0,0,0,0,14,13,42,80,2,4,1,1,5,3,33,36,60,58,68,69,69,74,70,74,67,67,62,56,-55.4,14.2,17.1,19.9,21.5,22,37.1,31.9,42.1,18.8,-27.1,-44,13.4,13,13.6,15,15.3,17.4,20.6,21.2,19.5,20,14.3,12.7,19.9,19.7,18.7,20,20.3,21.6,25.6,25.5,24.9,25.5,20.4,17.5,6.9,6.2,8.6,10.1,10.4,13.2,15.5,16.9,14,14.4,8.2,7.9
631780,1965,4,10,"196504","196405",45.187,55.35,43.493,11.745,105.899,100.852,127.572,109.713,94.485,80.961,28.855,12.583,-6.08,-6.23,-2.31,2.1,-6,-5.83,-8.33,-7.76,-7.91,-8.46,-4.41,-2.47,2,2,1,0,0,0,0,0,0,0,1,2,159,152,151,123,119,66,16,13,39,34,129,176,8,3,5,8,7,29,75,93,63,62,6,5,243,206,251,279,304,352,461,482,414,442,266,224,59.387,68.278,83.809,94.629,108.146,104.831,128.374,110.277,99.178,84.143,60.409,46.116,30,27,31,30,31,30,31,31,30,31,30,31,0,0,0,0,0,0,0,0,0,0,0,0,14,13,40,83,2,4,1,1,5,3,32,34,61,59,69,72,73,78,73,78,71,70,63,57,-55.3,14.1,17,18.9,23.1,21,38.6,32.1,42.2,19.2,-27,-43.9,13.2,12.8,13.5,14.5,14.7,16.8,19.9,20.6,18.8,19.3,14.2,12.6,19.6,19.4,18.5,18.8,19.1,20.4,24.3,24.3,23.6,24.2,20.2,17.3,6.9,6.2,8.6,10.1,10.4,13.2,15.5,16.9,14,14.4,8.2,7.9
1808927,1965,4,10,"196504","196405",0,35.98,45.619,45.886,141.221,167.389,208.331,184.007,131.628,64.489,0,0,2.3,-4.44,-3.33,-1.84,-10.07,-13.56,-19.69,-18.92,-15.11,-10.01,1.11,8.64,10,5,2,0,0,0,0,0,0,0,3,6,334,226,192,124,73,17,2,3,25,38,252,269,0,0,3,12,27,94,190,182,92,62,0,0,95,138,212,277,363,468,591,582,457,432,145,138,32.394,53.603,83.568,105.105,154.251,176.748,208.896,185.623,133.569,98.538,41.528,30.229,24,22,28,30,30,30,31,31,30,31,25,29,1,0,0,0,0,0,0,0,0,0,1,1,55,18,38,59,13,9,1,2,2,34,64,126,72,58,59,62,51,51,46,47,47,50,65,78,-50.7,12.7,18.6,21.3,10.4,27.8,21.4,24.3,38.3,15.3,-26,-42.5,7.4,9.8,12,14.4,16.7,20.6,24.1,23.8,20.2,19,9.6,9.3,11.5,16.4,18.6,20.5,25.1,29.3,34.1,33.6,29.7,27.8,15.1,13.1,3.2,3.2,5.5,8.3,8.3,12,14.1,14,10.8,10.2,4.2,5.4
631778,1965,4,10,"196504","196405",45.583,56.49,43.461,20.37,113.58,109.798,137.233,118.602,101.572,86.612,28.321,11.194,-6.19,-6.43,-2.32,1.27,-6.65,-6.56,-9.28,-8.65,-8.84,-9.39,-4.42,-2.38,2,2,1,0,0,0,0,0,0,0,1,2,156,148,149,110,106,55,12,10,33,29,128,174,8,4,6,11,11,36,90,107,74,74,7,5,246,210,254,293,320,369,479,499,431,459,268,227,60.007,69.259,84.871,101.076,115.881,113.827,138.028,119.148,106.307,89.786,60.926,46.596,30,27,31,30,31,30,31,31,30,31,30,31,0,0,0,0,0,0,0,0,0,0,0,0,14,13,41,81,2,4,1,1,5,3,33,35,60,58,68,70,70,75,70,75,68,67,62,56,-55.4,14.2,17.1,19.8,21.7,21.8,37.3,31.9,42.1,18.9,-27.1,-44,13.3,13,13.6,14.9,15.2,17.3,20.5,21.1,19.4,19.9,14.3,12.7,19.8,19.7,18.7,19.8,20.1,21.4,25.4,25.3,24.7,25.3,20.4,17.5,6.9,6.2,8.6,10.1,10.4,13.2,15.5,16.9,14,14.4,8.2,7.9
2960497,1965,4,11,"196504","196405",23.36,44.754,32.527,0,130.049,151.134,181.623,161.968,128.034,71.088,0.461,0,-3.91,-5.35,-1.41,3.67,-8.23,-10.64,-14.52,-13.88,-12.94,-9.25,-2.04,1.12,4,4,2,0,0,0,0,0,0,0,1,4,224,206,202,150,146,68,17,18,45,54,199,217,2,0,0,4,3,27,72,77,55,37,0,1,176,149,196,248,274,349,457,460,400,397,187,180,54.73,65.416,85.788,110.548,136.831,152.735,181.623,162.857,130.012,103.512,60.571,48.082,26,21,28,29,29,30,31,31,29,31,24,28,0,0,0,0,0,0,0,0,0,0,0,0,31,21,53,116,7,2,0,1,2,32,60,77,57,53,62,60,55,54,49,51,50,51,53,45,-54.9,15,18.8,22.9,15.2,27,27.9,27.5,39.4,17.5,-27.5,-44.3,10.9,10.5,11.6,13.4,13.7,16.7,19.7,19.8,18.3,17.8,11.5,11.1,17.8,18,17.7,20,21.2,24.4,28.8,28.4,27.1,26.4,19.3,17.3,4.1,2.9,5.5,6.9,6.2,8.9,10.7,11.3,9.6,9.3,3.8,4.9
631772,1965,4,14,"196504","196405",45.771,56.426,44.253,17.163,111.425,107.742,134.957,116.662,99.768,85.178,28.883,12,-6.22,-6.43,-2.41,1.59,-6.46,-6.38,-9.05,-8.45,-8.6,-9.14,-4.51,-2.47,2,2,1,0,0,0,0,0,0,0,1,2,157,149,149,115,111,59,13,11,35,31,128,175,8,4,6,10,9,33,85,103,70,69,7,5,245,209,254,288,313,363,473,494,425,453,268,226,60.1,69.374,85.374,99.401,113.736,111.741,135.754,117.214,104.501,88.346,61.247,46.779,30,27,31,30,31,30,31,31,30,31,30,31,0,0,0,0,0,0,0,0,0,0,0,0,14,13,41,82,2,4,1,1,5,3,32,35,60,58,68,70,71,75,71,75,69,68,62,56,-55.4,14.2,17.2,19.6,22.1,21.6,37.6,31.9,42.1,19,-27.1,-44,13.3,12.9,13.6,14.8,15,17.1,20.3,20.9,19.2,19.7,14.3,12.7,19.8,19.7,18.7,19.5,19.7,21.1,25.1,25,24.4,25,20.4,17.5,6.8,6.1,8.5,10,10.3,13.1,15.4,16.8,14,14.3,8.1,7.9
631758,1965,4,16,"196504","196405",45.284,55.102,43.429,12.179,106.941,102.612,129.479,111.723,95.437,81.734,28.732,12.536,-6.11,-6.22,-2.31,2.07,-6.08,-5.96,-8.5,-7.94,-8.03,-8.58,-4.43,-2.47,2,2,1,0,0,0,0,0,0,0,1,2,158,152,152,123,119,66,16,13,39,34,129,176,8,3,5,8,7,29,75,94,63,62,6,5,243,206,250,279,304,352,461,482,414,443,266,224,59.532,68.483,84.168,95.448,109.349,106.556,130.276,112.283,100.365,85.02,60.679,46.229,30,27,31,30,31,30,31,31,30,31,30,31,0,0,0,0,0,0,0,0,0,0,0,0,14,13,41,83,2,4,1,1,5,3,32,34,60,59,69,72,72,77,73,77,70,70,63,57,-55.3,14.1,17,19,22.9,21.2,38.3,32.1,42.2,19.1,-27,-43.9,13.3,12.8,13.5,14.4,14.7,16.8,19.9,20.6,18.8,19.3,14.2,12.7,19.7,19.5,18.5,18.9,19.2,20.5,24.4,24.4,23.7,24.4,20.3,17.4,6.9,6.2,8.5,10,10.3,13,15.3,16.7,13.9,14.3,8.2,7.9
610287,1965,4,16,"196504","196405",0,19.174,24.537,0,122.573,144.553,211.356,188.429,117.096,56.224,0,0,15.58,-3.46,-1.69,6.59,-8.52,-11.58,-21.37,-21.07,-14.78,-10.15,11.84,20.99,10,4,2,0,0,0,0,0,0,0,3,7,333,218,187,134,71,14,1,1,17,31,253,292,0,0,4,10,30,98,242,232,118,74,0,0,96,145,218,266,366,481,643,633,490,450,146,121,31.239,52.885,81.164,95.039,147.867,169.985,211.839,189.19,131.804,95.007,37.266,26.24,23,21,29,30,31,30,31,31,30,31,26,28,3,0,0,0,0,0,0,0,0,0,2,2,191,34,57,136,25,25,0,1,15,39,169,245,70,56,59,67,54,54,48,48,48,50,67,69,-50.9,12.5,18.1,19.8,10.9,26.7,19.8,23.1,37.9,14.4,-25.6,-41.9,7.4,10.1,12.2,14,16.8,21.1,25.8,25.5,21.4,19.6,9.6,8.5,11.9,17.1,18.8,19.4,24.7,29.1,35.6,35.3,30.6,28.3,14.7,12.1,2.9,3,5.6,8.7,8.9,13,16,15.7,12.1,10.8,4.5,4.9
631777,1965,4,17,"196504","196405",45.499,56.521,43.297,21.993,115.008,111.15,138.896,120.123,102.824,87.643,28.046,10.845,-6.19,-6.43,-2.3,1.11,-6.77,-6.67,-9.45,-8.81,-9.01,-9.56,-4.39,-2.34,2,2,1,0,0,0,0,0,0,0,1,2,156,148,149,108,103,54,12,10,32,28,128,174,8,4,6,12,12,37,92,110,76,76,7,6,247,211,254,296,323,372,483,503,434,463,268,227,60,69.277,84.821,102.237,117.322,115.403,139.69,120.696,107.585,90.816,60.87,46.56,30,27,31,30,31,30,31,31,30,31,30,31,0,0,0,0,0,0,0,0,0,0,0,0,15,13,42,80,2,4,1,1,5,3,33,36,60,58,68,69,69,74,70,74,67,67,62,56,-55.4,14.2,17.1,19.9,21.5,22,37.1,31.9,42.1,18.8,-27.1,-44,13.4,13,13.6,15,15.3,17.4,20.6,21.2,19.5,20,14.3,12.7,19.9,19.7,18.7,20,20.3,21.6,25.6,25.5,24.9,25.5,20.4,17.5,6.9,6.2,8.6,10.1,10.4,13.2,15.5,16.9,14,14.4,8.2,7.9
631760,1965,4,17,"196504","196405",44.207,53.504,40.162,23.233,126.892,132.838,169.009,148.37,120.397,96.914,27.066,8.7,-6.16,-6.33,-2.08,0.89,-7.92,-8.74,-13.01,-12.21,-11.8,-11.47,-4.6,-2.22,2,2,1,0,0,0,0,0,0,0,0,2,147,145,156,107,99,47,7,6,25,21,119,160,10,5,5,13,13,43,116,133,92,94,10,8,257,215,248,298,328,384,513,534,456,487,279,243,59.851,70.54,87.624,110.313,130.724,137.27,169.778,148.98,126.808,101.294,62.875,46.31,31,27,31,30,31,30,31,31,30,31,30,31,0,0,0,0,0,0,0,0,0,0,0,0,16,17,47,87,4,4,1,1,6,4,36,38,61,58,66,65,63,65,59,64,58,61,61,57,-55.3,14.4,17.8,21.3,19.4,24,33.4,31.1,41.6,18.4,-27.3,-43.9,13.7,13.1,13.4,15.1,15.5,17.8,21.6,22.2,20.2,20.8,14.6,13.2,20,20,18.8,20.8,21.5,23.6,28.6,28.4,27.5,27.4,20.9,17.8,7.4,6.2,7.9,9.4,9.5,12,14.5,16.1,13,14.2,8.3,8.7
631761,1965,4,23,"196504","196405",45.447,56.159,43.719,16.284,110.237,106.03,133.195,114.959,98.62,84.171,28.736,11.802,-6.16,-6.37,-2.34,1.67,-6.36,-6.24,-8.88,-8.28,-8.45,-8.98,-4.45,-2.43,2,2,1,0,0,0,0,0,0,0,1,2,157,149,149,116,112,60,14,11,35,31,128,175,8,4,6,10,9,33,83,101,69,68,7,5,245,209,254,287,312,362,472,492,424,452,268,226,59.808,68.961,84.727,98.31,112.504,110.043,133.995,115.514,103.293,87.372,60.859,46.488,30,27,31,30,31,30,31,31,30,31,30,31,0,0,0,0,0,0,0,0,0,0,0,0,14,13,41,82,2,4,1,1,5,3,32,35,60,59,68,71,71,76,72,76,69,69,63,56,-55.4,14.2,17.1,19.4,22.3,21.5,37.8,32,42.1,19,-27.1,-44,13.3,12.9,13.6,14.7,15,17.1,20.2,20.9,19.1,19.6,14.3,12.7,19.8,19.6,18.6,19.4,19.6,21,24.9,24.9,24.3,24.9,20.4,17.5,6.9,6.2,8.6,10.1,10.4,13.2,15.5,16.9,14,14.4,8.2,7.9
631786,1965,4,28,"196504","196405",45.181,56.464,43.061,20.567,112.885,108.167,135.811,117.302,100.604,85.848,28.199,10.659,-6.14,-6.4,-2.27,1.25,-6.59,-6.42,-9.14,-8.52,-8.71,-9.27,-4.39,-2.31,2,2,1,0,0,0,0,0,0,0,1,2,155,148,148,111,106,56,12,10,33,29,127,173,8,4,6,11,11,35,89,107,74,74,7,6,247,211,255,293,319,368,478,499,431,459,269,227,59.832,69.036,84.705,100.389,115.065,112.361,136.614,117.857,105.182,89.112,60.746,46.457,30,27,31,30,31,30,31,31,30,31,30,31,0,0,0,0,0,0,0,0,0,0,0,0,15,13,42,80,2,4,1,1,5,3,33,36,60,59,68,70,70,75,71,75,68,68,63,56,-55.4,14.1,17.1,19.6,21.8,21.7,37.4,31.9,42.1,18.9,-27.1,-44,13.4,13,13.6,14.9,15.2,17.3,20.4,21.1,19.4,19.9,14.3,12.7,19.8,19.7,18.7,19.7,20,21.3,25.3,25.2,24.6,25.3,20.4,17.5,6.9,6.3,8.6,10.1,10.5,13.3,15.6,17,14.1,14.5,8.2,8
375694,1965,5,7,"196504","196405",44.857,42.157,56.543,18.427,111.752,128.288,152.455,133.555,117.733,95.766,23.784,24.511,-6.11,-5.02,-3.56,1.48,-6.43,-8.31,-11.02,-10.28,-10.93,-10.94,-3.97,-3.89,2,2,1,0,0,0,0,0,0,0,1,2,155,153,150,98,90,41,7,7,24,20,127,170,9,4,6,15,16,49,117,126,95,98,9,7,249,207,254,309,339,396,514,524,461,492,271,233,63.195,72.828,88.685,111.268,122.988,129.362,153.052,134.503,119.671,101.075,64.113,52.015,30,26,31,30,31,30,31,31,30,31,30,31,0,0,0,0,0,0,0,0,0,0,0,0,18,31,32,93,11,1,1,1,2,5,40,28,59,56,67,66,68,70,67,70,63,63,61,55,-55.4,15,17.8,21.2,21.5,22.4,36.4,32.2,42.4,19,-27,-44.2,13.4,12.8,13.6,15.5,15.9,18.2,21.6,21.9,20.4,20.9,14.3,12.9,20.1,20,18.9,21.1,21,23.2,27.3,27,26.6,27.2,20.6,18.4,6.7,5.6,8.2,9.9,10.7,13.2,15.9,16.9,14.2,14.7,8,7.4
2960503,1965,5,15,"196505","196406",45.913,56.483,44.62,16.599,112.45,107.848,135.045,116.82,99.733,85.167,29.069,12.256,-6.25,-6.45,-2.45,1.64,-6.67,-6.39,-9.06,-8.46,-8.59,-9.14,-4.55,-2.51,2,2,1,0,0,0,0,0,0,0,1,2,157,149,149,116,91,59,13,11,35,31,127,175,8,4,6,10,15,33,84,102,69,69,7,5,245,209,254,287,337,362,472,493,424,452,268,226,60.218,69.543,85.736,99.354,113.381,111.84,135.842,117.373,104.491,88.328,61.47,46.922,30,27,31,30,31,30,31,31,30,31,30,31,0,0,0,0,0,0,0,0,0,0,0,0,14,13,41,83,1,4,1,1,5,3,32,35,60,58,68,70,72,75,71,75,68,68,62,56,-55.4,14.3,17.3,19.6,22.2,21.6,37.6,31.9,42.1,19,-27.1,-44,13.3,12.9,13.6,14.7,15.8,17.1,20.2,20.9,19.1,19.6,14.3,12.7,19.9,19.8,18.8,19.5,20.3,21.1,25.1,25,24.4,25,20.5,17.5,6.8,6.1,8.5,9.9,11.4,13.1,15.4,16.8,13.9,14.3,8.1,7.8
1808970,1965,5,22,"196505","196406",26.573,43.21,32.991,0,115.213,116.278,137.75,124.063,102.478,62.006,2.821,0,-4.03,-4.93,-1.37,3.76,-6.78,-6.98,-9.09,-8.93,-8.89,-6.99,-1.89,3.6,3,3,2,0,0,0,0,0,0,0,1,3,193,193,188,148,147,101,39,33,58,56,173,189,3,0,0,3,2,14,33,48,42,33,0,3,198,163,208,250,273,304,397,418,373,393,215,207,53.329,63.066,82.876,96.504,116.714,117.674,137.75,125.2,104.014,89.283,57.789,46.436,29,25,30,30,30,30,31,31,30,31,28,31,0,0,0,0,0,0,0,0,0,0,0,0,27,20,50,102,2,1,0,1,2,27,55,98,62,59,65,69,66,69,65,67,65,62,60,51,-54.5,13.9,17.8,19.9,19.5,23.2,35.4,30.1,40.8,18.4,-27.1,-44.1,12,11.2,12.2,13.5,13.7,15.2,17.8,18.5,17.4,17.7,12.5,12.1,17.9,17.8,17.6,18.5,19.2,20.2,23.6,23.9,23.3,24,19,17.4,6,4.6,6.7,8.5,8.3,10.2,12,13,11.6,11.4,6,6.9
3792175,1965,5,22,"196505","196406",0,44.089,59.299,52.865,174.821,190.053,223.617,200.297,139.573,80.911,0.095,0,0.2,-5.25,-4.68,-2.56,-14.23,-16.83,-22.77,-22,-16.71,-11.95,-1.39,2.92,9,4,2,0,0,0,0,0,0,0,2,6,323,215,173,104,35,7,1,1,15,28,239,280,0,0,6,18,63,144,275,255,126,83,0,0,105,149,236,303,435,528,676,656,501,461,159,131,34.594,56.66,89.859,113.144,175.903,193.504,223.617,200.297,144.486,105.415,47.058,32.3,24,22,29,30,31,30,31,31,30,31,24,28,0,0,0,0,0,0,0,0,0,0,0,0,36,13,31,60,1,3,0,0,5,25,47,68,72,58,58,60,47,49,47,47,46,50,61,78,-51,13.1,19.3,22.1,8.7,28.4,22.4,25.3,38.8,15.6,-26.6,-42.8,7.7,10.2,12.7,15.2,19.1,22.6,26.9,26.2,21.7,19.9,10.1,8.9,11.9,16.8,19.6,21.7,28.5,31.9,36.8,36.1,31.5,28.9,16.2,12.9,3.6,3.5,5.9,8.7,9.7,13.4,16.9,16.3,11.9,11,3.9,4.9
3792177,1965,7,3,"196506","196407",0,42.554,56.017,48.73,177.192,188.984,230.164,204.558,142.392,80.057,0,0,0.7,-5.12,-4.34,-2.16,-14.62,-16.41,-24.11,-23.12,-17.42,-12.16,-0.66,4.2,9,4,2,0,0,0,0,0,0,0,2,6,320,213,177,108,35,11,0,1,14,25,235,277,0,0,6,17,64,115,284,264,134,90,0,0,107,151,232,298,437,498,685,665,510,470,162,134,34.566,56.458,88.631,112.726,178.413,189.926,230.164,205.801,147.113,106.714,46.777,31.793,25,23,29,30,31,30,31,31,30,31,25,28,1,0,0,0,0,0,0,0,0,0,0,0,42,14,33,64,1,1,0,1,5,27,54,81,72,59,58,60,46,48,46,45,45,49,62,76,-51,13,19.1,22.1,8.4,29.9,21.6,25,38.7,15.5,-26.6,-42.7,7.8,10.3,12.6,15,19.1,21.6,27.1,26.5,22,20.2,10.2,9,12,16.8,19.3,21.6,28.8,31,37.6,36.9,32.1,29.3,16.2,12.8,3.7,3.7,5.8,8.5,9.5,12.3,16.7,16.1,12,11.2,4.1,5.1
2866761,1966,2,12,"196602","196503",34.251,32.505,46.692,23.951,130.98,120.938,152.603,151.675,106.535,111.73,0,0,-4.83,-3.83,-2.76,0.8,-8.44,-7.58,-10.91,-12.79,-9.91,-14.06,5.69,3.01,3,2,1,0,0,0,0,0,0,0,0,2,191,164,142,92,65,50,10,3,25,18,92,172,5,3,8,18,29,40,97,171,91,108,20,7,209,195,264,317,376,378,489,571,456,504,314,231,57.106,65.56,88.458,112.158,132.006,122.437,152.603,152.512,117.491,112.438,57.656,51.727,28,26,31,30,31,30,31,31,30,31,30,31,0,0,0,0,0,0,0,0,0,0,0,0,23,33,42,88,1,1,0,1,11,1,130,100,60,60,66,65,66,71,65,65,63,54,69,68,-55,13.7,17.7,21.3,18.9,23.1,35.3,30.8,41.8,17.6,-26.8,-44.5,12,12.3,13.9,15.7,17.1,17.6,20.8,23.5,20.2,21.3,15.8,12.8,18.5,18.7,19.3,21.5,22.7,22.3,26.8,29.6,26.5,29.4,20.8,18.8,5.5,6,8.4,10,11.5,13,14.8,17.3,13.9,13.3,10.7,6.8
2866502,1966,2,18,"196602","196503",34.911,31.461,50.079,19.977,136.859,130.782,168.194,163.641,112.624,116.282,0,0,-5.05,-3.88,-3.2,1.14,-9.06,-8.52,-12.84,-14.55,-10.97,-15.17,6,3.98,3,3,1,0,0,0,0,0,0,0,0,2,197,170,144,95,64,48,8,3,24,17,93,177,4,3,8,17,30,42,113,185,94,111,20,6,200,190,262,312,377,383,509,585,460,508,313,226,58.152,67.083,92.121,115.614,138.008,132.246,168.194,164.555,124.727,116.958,60.185,52.95,27,26,31,30,31,30,31,31,30,31,30,30,0,0,0,0,0,0,0,0,0,0,0,0,23,36,42,96,1,1,0,1,12,1,139,113,57,58,63,62,63,67,60,60,59,51,66,65,-55.2,14.2,18.6,22,18,24,33.4,30.3,41.6,17.4,-27.1,-44.6,11.8,12.1,13.8,15.6,17.1,17.8,21.4,23.9,20.4,21.5,15.7,12.6,18.7,18.9,19.7,21.7,23.3,23.2,28.5,30.9,27.4,30.1,21.3,19,4.9,5.3,7.9,9.4,11,12.4,14.4,16.9,13.3,12.8,10.2,6.2
1294395,1966,3,2,"196602","196503",41.773,36.892,63.725,45.067,155.742,163.873,210.338,194.337,132.152,125.82,0,0,-5.87,-4.58,-4.78,-1.61,-11.4,-12.52,-19.74,-20.6,-14.48,-17.83,0.39,-0.04,5,4,2,0,0,0,0,0,0,0,0,4,241,201,167,111,60,33,2,1,23,19,117,217,2,0,6,14,35,60,183,240,97,107,14,3,169,159,240,293,384,413,584,641,464,498,286,181,57.757,67.068,95.588,121.368,157.051,165.683,212.149,199.601,141.856,126.538,63.725,51.766,23,22,29,29,31,30,31,31,30,31,30,26,0,0,0,0,0,0,0,0,0,0,0,0,16,30,32,76,1,2,2,5,10,1,91,71,53,54,58,57,54,54,47,49,49,44,60,60,-55.2,15,19.8,23.5,15.9,27.2,29.7,29.7,41.4,16.8,-27.6,-44.5,10.4,10.7,12.9,14.9,17.4,18.8,23.9,25.7,20.5,21.1,14.7,10.9,17.9,18.2,19.7,22,25.2,26.8,33.8,35.2,29.6,31.5,21.4,17.8,2.8,3.1,6.2,7.8,9.5,10.8,14,16.2,11.4,10.8,8.1,4.1
610293,1966,3,2,"196602","196503",18.799,17.605,42.496,2.432,115.404,105.072,136.44,133.82,89.961,103.165,0,0,-3.25,-2.29,-2.45,2.87,-7.09,-6.27,-9.29,-10.73,-7.83,-12.68,9.3,7.68,3,3,1,0,0,0,0,0,0,0,0,2,186,169,148,114,85,77,18,6,37,20,87,164,5,2,6,10,18,23,69,138,66,100,21,7,213,188,254,289,345,336,453,538,419,495,320,238,54.209,61.943,86.145,98.503,116.728,106.467,136.44,137.305,103.427,104.03,55.652,48.826,30,27,31,30,31,30,31,31,30,31,30,31,0,0,0,0,0,0,0,0,0,0,0,0,35,44,44,96,1,1,0,3,13,1,165,143,63,63,67,71,71,76,69,69,68,59,71,72,-54.5,13,17.5,19.4,20.9,21.5,36.9,30.7,41.7,17.9,-26.7,-44.3,12.2,12.2,13.6,14.8,16.1,16.2,19.6,22.4,19,21.1,16,13.1,18.1,18,18.9,19.5,20.8,20,24.7,27.7,24.2,28.1,20.7,18.4,6.3,6.3,8.4,10.1,11.4,12.4,14.5,17.1,13.7,14,11.3,7.8
2030475,1966,3,15,"196603","196504",0,0,58.63,10.195,160.916,174.835,213.31,170.606,122.924,96.092,0,0,4.95,2.5,-4.98,1.52,-12.86,-14.69,-21.24,-17.66,-14.15,-14.36,6.63,4.57,13,8,2,0,0,0,0,0,0,0,1,17,358,276,183,116,35,12,1,2,29,34,196,388,0,0,5,14,63,109,234,206,82,69,2,0,79,98,222,287,436,491,635,606,443,442,196,57,33.304,45.193,82.718,99.477,164.707,177.401,213.678,177.306,126.016,99.543,41.932,26.742,18,19,29,30,31,30,31,31,30,31,28,17,2,1,0,0,0,0,0,0,0,0,1,2,84,70,24,89,4,3,0,7,3,3,127,72,65,62,59,66,51,52,47,51,49,46,66,78,-51.4,11.5,18.4,20.1,7.6,27.6,19.6,24.3,38.4,14.2,-26.5,-42,6.6,8,12.3,14.7,19.1,21.4,25.5,24.6,19.8,19.3,11.6,5.4,11.9,13.9,19,20.3,27.7,29.9,35.5,33.5,28.9,28.9,17,10,1.2,2.1,5.7,9.2,10.5,12.9,15.5,15.7,10.7,9.7,6.2,0.8
3428915,1966,3,27,"196603","196504",0,0,36.094,0,115.094,110.553,133.895,121.045,95.112,74.067,0,0,18.46,10.79,-2.19,10.98,-7.14,-6.72,-9.02,-9.45,-8.84,-9.4,23.54,14.48,7,6,3,1,0,0,0,0,0,0,1,10,292,242,226,177,159,114,62,30,70,54,156,331,0,0,0,1,2,11,19,53,34,38,3,0,117,116,170,218,260,288,360,426,354,397,235,85,35.048,42.72,69.661,84.081,116.903,113.294,134.649,131.418,96.93,83.109,38.189,27.162,26,25,29,29,30,30,31,31,30,31,30,25,2,1,0,0,0,0,0,0,0,0,1,2,226,152,34,167,2,3,1,10,2,9,287,175,71,71,68,72,63,69,63,62,64,60,77,83,-51.5,10.1,16.1,18.5,16.4,23.9,33.1,27,39,16.7,-25.4,-42,8.7,9.2,10.8,12.5,13.3,14.6,16.6,18.7,16.8,17.8,13.2,7.2,13.1,13.6,15.7,16.9,19.2,19.6,22.8,25.1,22.8,24.5,16.8,10.8,4.3,4.8,5.9,8.1,7.3,9.6,10.4,12.4,10.8,11.2,9.6,3.7
202456,1966,3,30,"196603","196504",22.563,28.223,97.673,19.415,151.902,155.353,195.354,187.919,127.992,121.441,0,0,-3.79,-3.51,-8.65,0.88,-10.92,-11.41,-17.01,-19.17,-13.81,-16.93,7.25,5.46,3,3,1,0,0,0,0,0,0,0,0,3,207,191,115,93,57,34,4,1,19,15,105,191,4,1,16,18,36,59,151,228,110,121,17,5,192,172,299,315,389,412,551,629,480,519,299,211,55.517,63.821,105.152,122.615,152.862,156.362,195.354,191.515,137.804,122.309,60.051,49.792,27,25,31,30,31,30,31,31,30,31,30,30,0,0,0,0,0,0,0,0,0,0,0,0,33,36,7,103,1,1,0,4,10,1,153,123,59,59,56,58,56,58,51,51,52,48,64,68,-54.8,14,20.7,23.3,14.6,26.3,28.8,28,40.4,16.8,-27.3,-44.4,11.4,11.3,14.9,15.7,17.5,18.8,22.8,25.3,21,21.8,15.2,12.1,18,17.9,22.2,22.6,24.9,25.9,31.7,34.3,29.4,31.3,21,18,4.8,4.7,7.6,8.7,10.1,11.6,14,16.4,12.6,12.4,9.4,6.1
1368030,1966,3,30,"196603","196504",6.54,0,58.857,0,128.719,135.987,167.816,164.899,101.733,106.143,0,0,-1.37,1.1,-4.47,8.87,-9.02,-9.98,-14.81,-17,-11.19,-14.46,15.31,13,6,6,2,0,0,0,0,0,0,0,1,3,268,242,189,152,103,60,5,1,22,21,125,214,1,0,4,6,15,33,134,229,101,100,12,3,147,127,217,248,323,362,535,630,469,488,276,189,43.264,49.514,78.762,98.477,131.315,138.732,177.853,169.365,123.351,107.615,43.743,35.945,28,25,30,30,31,30,31,31,30,31,30,31,0,0,0,0,0,0,0,0,0,0,0,0,37,60,20,161,3,3,10,4,22,1,210,177,71,71,69,68,62,63,57,61,61,57,80,84,-51.9,11.5,16.7,20.3,19.6,24.2,32.9,30.7,41.9,18,-25.2,-42.9,9.5,9.2,12.1,13.4,15.3,17.1,22.3,25.4,20.6,20.8,14.4,11.2,13.9,13.7,16.9,18.5,21.5,23.3,29.8,32.3,27.4,28.3,17.5,14.4,5.1,4.7,7.3,8.2,9.2,10.9,14.8,18.5,13.9,13.3,11.3,8
5504872,1966,4,1,"196603","196504",0,0,59.525,0,125.777,124.352,144.594,133.074,99.661,83.557,0,0,2.7,2.2,-4.49,3.37,-8.13,-7.94,-10.16,-10.8,-9.3,-10.43,9.48,7.61,8,6,3,1,0,0,0,0,0,0,1,12,306,256,220,171,133,98,38,20,66,60,170,347,0,0,0,2,7,15,34,74,36,34,2,0,108,107,176,225,289,308,399,456,359,386,220,75,38.687,45.776,74.352,91.071,126.774,125.565,145.337,138.583,100.679,87.038,42.762,29.061,23,23,28,29,30,30,31,31,30,31,30,22,1,0,0,0,0,0,0,0,0,0,1,2,71,67,15,96,1,1,1,6,1,3,153,106,65,67,65,68,60,64,60,61,62,57,71,78,-52.4,11.2,17.1,19.7,14.8,24.9,31.5,27,39.2,16.5,-26.2,-42.3,8.2,8.7,11,12.7,14.2,15.3,17.9,19.7,17,17.5,12.6,6.7,13.6,13.8,16.5,17.8,20.8,21.2,24.5,26.4,23.3,24.8,17.2,10.9,2.9,3.6,5.5,7.6,7.7,9.4,11.2,13,10.6,10.1,8.1,2.6
1808938,1966,4,1,"196603","196504",0,0,41.999,0,148.296,152.087,180.238,157.225,121.333,94.207,0,0,17.9,9.96,-3.11,7.88,-10.71,-11.03,-14.84,-14.58,-13.12,-13.57,18.64,10.94,9,7,3,1,0,0,0,0,0,0,1,12,317,267,214,164,113,67,21,16,61,50,185,354,0,0,0,4,11,28,60,85,39,44,1,0,101,99,182,232,311,351,441,471,368,406,203,71,38.996,48.906,82.823,99.96,149.535,153.004,181.351,166.026,122.513,99.627,44.068,31.478,20,19,26,29,29,30,31,31,29,30,28,18,3,1,0,0,0,0,0,0,0,0,1,2,225,150,41,151,1,1,1,9,1,5,249,144,61,59,56,62,48,53,46,47,46,45,65,71,-52.9,12.4,19.2,21.5,8.7,28.8,23,23.5,37.4,14.7,-26.6,-42.7,7.9,8.3,11.2,12.9,15,16.7,19.2,20.2,17.2,18.1,12,6.5,14,14.7,18.2,19.1,23.8,24.8,29,29.7,26.9,27.9,17.5,11.9,1.8,1.9,4.1,6.8,6.1,8.6,9.5,10.7,7.6,8.3,6.6,1
2425563,1966,4,18,"196604","196505",0,0,51.835,86.708,107.45,95.591,106.686,99.333,79.741,75.755,0,0,6.51,4.54,-3.7,-5.95,-6.33,-5.38,-6.29,-6.72,-6.59,-9,12.45,7.47,6,4,2,0,0,0,0,0,0,0,1,9,269,218,194,110,149,127,89,49,92,58,145,312,0,0,0,12,3,9,11,32,23,33,4,0,134,134,198,292,271,271,326,387,321,389,246,96,37.461,44.444,71.585,104.797,108.483,96.9,107.633,106.205,81.063,80.255,39.736,28.823,27,26,30,30,30,30,31,31,30,31,30,26,1,0,0,0,0,0,0,0,0,0,0,1,112,93,20,18,1,1,1,7,1,5,178,107,69,71,69,64,69,76,74,73,72,62,76,81,-52.1,10.2,15.9,20.9,18.6,22.3,39.2,29.2,39.6,17,-25.7,-42.3,9.5,10.1,11.9,15,13.6,14.1,15.5,17.5,15.7,17.6,13.6,7.8,14.2,14.5,16.7,20.8,18.6,17.8,19.7,21.9,20.2,23.8,17.4,11.7,4.8,5.7,7.1,9.1,8.7,10.3,11.3,13,11.2,11.3,9.8,4
5569855,1966,4,23,"196604","196505",0,0,50.023,75.752,96.312,86.709,94.793,91.169,75.97,69.25,0,0,4.5,4.11,-3.41,-4.67,-5.34,-4.64,-5.3,-5.84,-6.08,-7.76,11.1,9.42,6,5,3,0,0,0,0,0,0,0,1,8,265,228,215,151,192,151,121,70,110,83,157,300,0,0,0,3,0,5,6,21,18,16,0,0,136,124,175,246,225,237,286,356,298,350,232,104,39.706,45.561,70.374,97.988,97.743,89.413,96.243,100.312,77.577,75.419,41.324,32.007,27,25,29,29,30,30,31,31,30,31,30,26,1,0,0,0,0,0,0,0,0,0,0,1,95,89,20,22,1,3,1,9,2,6,166,132,67,70,69,65,71,78,77,74,73,64,74,79,-52.6,10.6,16,20.6,21.2,21.5,41.7,29.7,39.7,17.6,-25.9,-42.8,9.6,9.7,11.1,13.4,12.1,12.9,14.2,16.5,14.9,16.3,13.1,8.3,14.6,14.3,15.9,19,16.6,16.4,17.8,20.6,19.1,22.1,17.2,12.6,4.6,5.1,6.3,7.9,7.7,9.5,10.6,12.3,10.7,10.4,9.1,3.9
5504871,1966,4,27,"196604","196505",0,0,61.226,97.697,121.752,114.784,128.376,117.986,92.07,82.135,0,0,2.05,1.52,-4.65,-7.2,-7.68,-7.01,-8.36,-8.8,-8.15,-10.06,8.26,6.56,7,5,2,0,0,0,0,0,0,0,1,10,288,238,204,104,127,101,50,28,74,57,160,331,0,0,0,14,7,14,25,55,31,35,3,0,121,119,190,299,295,304,378,430,347,391,231,85,39.572,46.534,74.691,113.037,122.729,115.698,129.095,121.753,92.962,85.39,42.506,29.821,24,24,29,30,30,30,31,31,30,31,30,24,1,0,0,0,0,0,0,0,0,0,0,1,68,64,13,15,1,1,1,4,1,3,140,98,65,67,66,60,63,69,67,68,66,58,72,77,-52.7,11,16.8,22.3,15.7,24,34.8,28.3,39.5,16.6,-26.1,-42.4,8.8,9.3,11.6,15.2,14.4,15.2,17.2,18.9,16.6,17.6,13,7.2,14.2,14.4,16.9,21.9,20.5,20.2,22.6,24.3,22.1,24.6,17.4,11.4,3.4,4.3,6.3,8.5,8.4,10.1,11.7,13.5,11,10.6,8.6,3
3801169,1966,5,15,"196605","196506",35.127,29.279,89.175,120.269,126.194,115.779,148.669,151.253,109.407,111.412,0,0,-4.86,-3.44,-7.21,-9,-8.02,-7.06,-10.35,-12.52,-10.08,-13.77,5.22,3.9,3,3,1,0,0,0,0,0,0,0,0,2,202,176,130,71,61,61,16,5,31,22,103,182,3,2,11,27,32,32,75,144,77,93,16,5,194,182,278,346,382,360,461,545,436,485,300,219,58.03,66.081,99.861,121.916,128.685,118.401,148.669,151.822,118.453,112.433,59.527,52.314,27,26,31,30,31,30,31,31,30,31,30,30,0,0,0,0,0,0,0,0,0,0,0,0,23,37,11,2,2,3,0,1,9,1,127,108,58,59,59,62,68,72,65,64,61,54,67,67,-54.9,14.1,19.8,22.3,19.8,23.2,36.2,31.1,42,17.9,-26.9,-44.5,11.6,11.9,14.3,16.7,17.3,17,19.9,22.6,19.5,20.7,15.3,12.4,18.3,18.4,21,23.1,22.6,21.5,25.8,28.9,26.1,28.8,20.7,18.5,4.9,5.3,7.7,10.4,12.1,12.5,14,16.3,13,12.6,9.9,6.3
202453,1966,5,18,"196605","196506",10.9,28.416,82.613,107.984,105.4,93.738,107.62,103.1,81.418,90.535,0,0,-2.23,-3.12,-6.54,-7.68,-6.04,-5.08,-6.19,-6.73,-6.26,-10.16,8.05,1.47,5,5,2,0,0,0,0,0,0,0,1,4,255,220,176,114,132,145,98,64,106,59,125,234,0,0,0,9,4,6,9,23,19,30,5,0,145,132,219,288,289,247,315,364,303,387,269,158,49.972,56.605,90.158,111.577,106.532,94.714,107.62,104.263,82.792,91.87,53.479,46.54,24,23,29,30,31,30,31,31,30,31,30,26,0,0,0,0,0,0,0,0,0,0,0,0,39,28,8,4,1,1,0,1,1,1,150,78,60,62,60,62,72,76,74,74,73,58,68,70,-54.1,13.1,19.3,22.1,20.8,22.3,40.1,30.5,40.7,17.8,-26.9,-44.3,9.9,10,12.6,14.8,14.2,13.3,15.1,16.7,15.1,17.5,14.4,10.4,16.3,16,19.1,21,18.7,16.9,19.3,20.9,19.5,24.5,19.6,16.7,3.5,4,6.2,8.6,9.8,9.6,11,12.5,10.7,10.4,9.2,4
2324744,1966,5,25,"196605","196506",0,0,51.835,86.708,104.238,95.591,106.686,99.333,79.741,75.755,0,0,6.51,4.54,-3.7,-5.95,-6.05,-5.38,-6.29,-6.72,-6.59,-9,12.45,7.47,6,4,2,0,0,0,0,0,0,0,1,9,269,218,194,110,132,127,89,49,92,58,145,312,0,0,0,12,5,9,11,32,23,33,4,0,134,134,198,292,290,271,326,387,321,389,246,96,37.461,44.444,71.585,104.797,109.283,96.9,107.633,106.205,81.063,80.255,39.736,28.823,27,26,30,30,31,30,31,31,30,31,30,26,1,0,0,0,0,0,0,0,0,0,0,1,112,93,20,18,5,1,1,7,1,5,178,107,69,71,69,64,69,76,74,73,72,62,76,81,-52.1,10.2,15.9,20.9,18.4,22.3,39.2,29.2,39.6,17,-25.7,-42.3,9.5,10.1,11.9,15,14.2,14.1,15.5,17.5,15.7,17.6,13.6,7.8,14.2,14.5,16.7,20.8,19.1,17.8,19.7,21.9,20.2,23.8,17.4,11.7,4.8,5.7,7.1,9.1,9.4,10.3,11.3,13,11.2,11.3,9.8,4
375695,1966,6,3,"196605","196506",27.602,29.772,78.801,107.801,106.911,92.865,122.013,126.517,92.429,100.233,0,0,-3.73,-3.08,-5.89,-7.56,-6.48,-5.39,-7.82,-9.55,-7.68,-11.26,5.29,3.61,3,3,1,0,0,0,0,0,0,0,0,2,196,171,120,71,53,64,17,6,33,22,87,166,4,2,13,27,38,30,73,130,74,90,22,7,200,188,290,346,396,356,458,530,431,482,321,236,57.299,62.747,93.45,110.013,108.214,94.556,123.862,127.24,100.431,101.312,58.83,50.68,29,27,31,30,31,30,31,31,30,31,30,31,0,0,0,0,0,0,0,0,0,0,0,0,30,33,15,2,1,2,2,1,8,1,125,100,62,65,66,69,78,82,75,73,72,63,70,70,-54.3,13.1,18.1,20.1,23.8,20.1,39.8,32.4,42.7,19,-26.5,-44.1,11.9,12.1,14.7,16.7,17.8,16.9,19.8,22.1,19.4,20.6,16,13,17.9,17.7,20.2,21.8,21.4,19.8,23.9,26.6,24,27,20.8,18.1,5.8,6.5,9.2,11.6,14.2,14,15.7,17.7,14.7,14.3,11.3,7.8
5504874,1966,6,30,"196606","196507",0,0,62.244,97.725,119.118,134.603,128.582,118.384,92.819,81.976,0,0,1.49,1.1,-4.74,-7.16,-7.47,-9.12,-8.38,-8.84,-8.24,-10,7.26,5.86,7,5,2,0,0,0,0,0,0,0,1,10,282,232,198,101,103,47,47,26,70,55,156,325,0,0,0,14,12,43,27,59,34,37,3,0,125,125,196,302,323,384,384,436,354,394,235,89,39.894,46.689,74.594,112.071,124.14,136.893,129.274,122.061,93.64,85.185,42.286,30.251,25,25,30,30,31,30,31,31,30,31,30,24,1,0,0,0,0,0,0,0,0,0,0,1,64,60,12,14,5,2,1,4,1,3,130,92,65,68,67,60,64,64,67,68,66,59,73,77,-52.7,11,16.6,22,15.3,23.6,34.8,28.2,39.5,16.7,-26.1,-42.5,9,9.6,11.8,15.3,15.4,17.8,17.4,19.1,16.8,17.7,13.2,7.4,14.4,14.6,17,21.8,21.2,23.8,22.8,24.4,22.3,24.6,17.5,11.7,3.6,4.6,6.6,8.8,9.5,11.8,11.9,13.7,11.2,10.8,8.8,3.2
5569849,1966,7,1,"196606","196507",0,0,59.586,92.815,113.401,127.1,120.492,111.483,86.371,79.732,0,0,4.91,2.52,-4.54,-6.67,-6.93,-8.34,-7.57,-8.03,-7.41,-9.67,7.77,5.54,6,5,2,0,0,0,0,0,0,0,1,10,281,228,195,103,114,56,64,38,86,58,153,327,0,0,0,14,9,35,18,43,26,34,4,0,126,127,198,300,309,368,357,409,329,389,238,87,38.037,45.915,74.648,109.355,117.965,130.002,121.04,114.641,87.33,82.751,40.859,28.85,26,25,30,30,31,30,31,31,30,31,30,24,1,0,0,0,0,0,0,0,0,0,0,1,96,75,15,17,5,3,1,3,1,3,133,87,67,68,67,62,66,66,69,70,68,60,74,79,-52.3,10.7,16.6,21.6,16.5,23,36.3,28.6,39.5,16.7,-25.9,-42.3,9.1,9.7,11.9,15.3,14.9,17.3,16.5,18.2,15.9,17.6,13.3,7.4,14.1,14.6,17.2,21.5,20.4,22.9,21.5,23.2,21.1,24.3,17.4,11.4,4.1,4.9,6.7,9,9.4,11.6,11.5,13.2,10.8,10.9,9.2,3.4
3792163,1966,7,4,"196606","196507",26.091,32.448,97.098,147.029,183.507,200.919,218.329,197.273,135.326,108.832,0,0,-2.35,-3.15,-8.77,-13.56,-15.78,-18.67,-21.42,-21.17,-15.1,-15.02,-1.61,1.35,12,7,1,0,0,0,0,0,0,0,1,16,353,259,153,40,15,4,1,1,22,33,173,384,0,0,9,58,119,192,249,256,101,72,5,0,84,114,260,407,514,578,650,657,469,445,224,60,40.683,53.839,100.205,150.418,186.614,203.639,218.329,197.273,137.148,110.69,51.667,31.326,17,19,28,30,31,30,31,31,30,31,28,17,0,0,0,0,0,0,0,0,0,0,0,1,15,21,3,3,3,3,0,0,2,2,53,40,61,58,52,48,49,49,48,49,49,45,62,69,-52.4,13.3,21,25.9,7.1,28.8,23.4,25.7,39.4,15.6,-27.1,-42.6,6.7,8.6,13.5,18.7,21.7,24.3,26,26.2,20.7,19.4,12.5,5.5,12.7,15.1,21.4,28,30.8,33.7,35.8,35.8,29.8,29.3,18.5,10.2,0.7,2.1,5.5,9.5,12.6,14.9,16.2,16.7,11.5,9.5,6.5,0.8
5504849,1966,7,23,"196607","196508",0,0,63.599,99.954,121.596,137.086,132.873,122.46,95.189,82.92,0,0,0.54,0.45,-4.87,-7.42,-7.73,-9.41,-8.81,-9.33,-8.57,-10.15,5.74,4.86,6,5,2,0,0,0,0,0,0,0,1,9,279,228,195,96,96,43,41,22,64,53,155,321,0,0,0,16,14,47,32,67,37,39,4,0,128,128,199,308,331,391,394,447,363,399,236,92,40.249,46.838,74.523,113.319,125.808,139.305,135.198,126.045,95.987,85.846,42.203,30.771,25,25,30,30,31,30,31,31,30,31,30,24,0,0,0,0,0,0,0,0,0,0,0,1,55,54,11,13,4,2,2,4,1,3,114,83,65,68,67,60,64,63,65,67,65,59,73,77,-52.8,10.9,16.6,22.1,15,23.6,33.5,27.9,39.4,16.7,-26.1,-42.6,9.1,9.7,11.9,15.5,15.6,18.1,17.7,19.4,17.1,17.9,13.2,7.6,14.6,14.6,17.1,22.1,21.5,24.2,23.5,25,22.8,24.8,17.5,11.9,3.7,4.7,6.7,9,9.7,11.9,11.9,13.8,11.4,10.9,8.9,3.2
5569678,1966,8,6,"196607","196508",0,0,59.009,96.273,117.802,135.033,130.159,119.925,93.145,82.041,0,0,2.76,2,-4.43,-7.06,-7.36,-9.2,-8.54,-9.06,-8.32,-10.09,9.11,7.15,7,6,3,0,0,0,0,0,0,0,1,11,293,243,209,109,115,53,53,28,76,60,163,337,0,0,0,12,9,38,24,56,31,33,3,0,117,116,185,292,309,373,374,430,345,386,227,81,39.147,45.979,73.887,112.252,123.563,137.582,132.422,124.805,94.059,85.413,42.019,29.288,24,24,29,30,31,30,31,31,30,31,30,23,1,0,0,0,0,0,0,0,0,0,0,1,74,67,15,16,6,3,2,5,1,3,148,103,65,68,66,59,63,63,65,66,65,58,72,78,-52.6,11,16.8,22.3,15.4,23.8,34.1,28,39.4,16.6,-26,-42.4,8.7,9.2,11.3,15,14.9,17.5,17,18.9,16.5,17.5,12.9,7.1,14.1,14.2,16.6,21.7,20.9,23.7,22.8,24.5,22.2,24.5,17.2,11.2,3.3,4.2,6.1,8.3,8.9,11.2,11.2,13.2,10.8,10.4,8.5,2.9
2359565,1966,8,30,"196608","196509",0,0,0,0,76.965,111.232,134.705,128.015,41.243,47.063,0,0,9.61,9.44,5.32,3.97,-4.39,-8.3,-11.22,-12.82,-3.66,-6.41,32.86,22.35,148,151,59,13,1,0,0,0,1,2,41,127,678,627,547,405,279,221,138,87,270,282,498,652,0,0,0,0,0,2,4,15,2,0,0,0,0,0,9,43,134,171,266,332,129,137,13,0,0,0,50.714,79.316,111.83,118.199,137.76,135.76,77.942,65.956,26.265,0,1,0,2,6,19,25,30,30,20,17,6,1,57,79,36,15,2,0,0,0,3,0,80,128,99,95,70,80,35,7,3,8,37,19,345,227,53,51,51,50,53,55,52,51,57,50,64,73,-47.3,13.4,18.6,24.2,19.9,26.8,34.8,28.9,40.9,17.6,-23.4,-40.5,-3.8,-4.5,0.4,4.5,9,10.7,13.5,15.7,9,8.9,1.4,-3.1,2.2,1.7,7.3,12,16.5,17.9,21.5,24.1,15.9,17,6.4,2.3,-9.9,-10.8,-6.5,-3,1.5,3.5,5.6,7.3,2.2,0.8,-3.6,-8.6
304592,1967,1,28,"196701","196602",0,21.287,82.925,108.145,109.1,125.637,125.692,121.219,99.611,87.097,0,0,3.13,-2.26,-6.43,-7.6,-6.36,-7.88,-7.81,-8.56,-8.53,-9.28,-0.06,2.14,3,4,2,0,0,0,0,0,0,0,1,3,206,219,167,106,106,67,49,31,48,68,132,205,2,0,2,12,10,28,26,51,52,25,5,2,187,137,232,298,319,351,380,423,394,372,262,190,55.644,57.269,90.427,110.742,110.876,126.395,126.765,122.447,101.837,89.101,55.794,50.442,27,24,30,30,31,30,31,31,30,31,30,28,0,0,0,0,0,0,0,0,0,0,0,0,102,36,8,3,2,1,1,1,2,2,70,90,58,62,62,64,72,68,69,69,67,61,66,59,-55,13.2,19,21.6,20.6,21.3,37.1,30.1,40.7,18.4,-26.9,-44.5,11.4,10,13,15.1,15.2,16.7,17.2,18.6,18.1,17,14.1,11.6,18.2,15.9,19.1,21,19.7,22,22.3,23.8,23.5,23.6,19.6,18,4.7,4.1,6.8,9.2,10.7,11.5,12.2,13.5,12.7,10.5,8.6,5.1
3801178,1967,2,25,"196702","196603",0,71.69,83.44,107.305,106.713,123.964,138.737,129.23,105.131,88.601,4.514,0,1.96,-8.54,-6.55,-7.67,-6.38,-8.13,-9.52,-9.99,-9.62,-9.6,-1.84,3.27,2,1,1,0,0,0,0,0,0,0,0,2,150,95,107,61,61,24,10,5,18,31,84,140,10,15,16,32,31,77,101,144,117,71,24,12,255,275,303,361,382,441,494,544,488,453,326,266,57.404,74.308,91.155,108.922,109.547,124.996,138.737,129.624,108.773,90.007,54.868,51.614,31,28,31,30,31,30,31,31,30,31,30,31,0,0,0,0,0,0,0,0,0,0,0,0,92,3,8,2,3,1,0,0,4,1,50,103,63,59,67,70,76,74,71,73,70,67,72,67,-55,14.1,17.5,19.7,22.5,20.1,36.9,31.3,41.8,18.8,-26.5,-44.5,13.6,15.2,15.2,17.3,17.3,19.7,20.9,22.6,21.3,19.7,16.2,14,19.5,22,20.5,22.2,21.1,24.1,25.8,27.2,26.4,25.3,20.6,19.5,7.7,8.4,9.9,12.3,13.5,15.4,16.1,18,16.2,14.1,11.7,8.5
2051496,1967,3,12,"196703","196604",0,38.059,0,104.199,178.075,177.717,205.475,196.891,128.324,94.347,0,0,22.8,-5.94,9.41,-9.65,-16.12,-16.08,-20.46,-24.02,-17.6,-14.57,16.21,12.2,9,4,4,0,0,0,0,0,0,0,1,8,322,201,253,57,15,5,1,1,8,40,184,306,0,1,0,40,120,170,221,287,168,61,3,0,105,161,159,370,515,555,622,688,554,428,210,110,34.186,54.66,69.553,132.964,179.905,183.246,206.298,200.389,137.971,94.888,40.943,28.681,21,21,26,30,31,30,31,31,30,31,28,24,4,0,0,0,0,0,0,0,0,0,1,1,271,17,153,29,2,6,1,3,10,1,227,162,63,53,62,50,49,54,48,46,48,46,65,62,-52,12.7,17,24.2,3.1,28,19.1,20.7,36.8,13.8,-26.6,-42.3,7.7,10.7,9.9,17.5,21.7,23.5,25.1,27.3,23.5,18.8,12.1,8.1,13.5,18.4,15.8,26.3,30.8,31.9,34.8,37.6,33,28.5,17.7,12.9,2,3,4,8.8,12.6,15.2,15.4,16.9,14,9.2,6.5,3.2
2866648,1967,3,26,"196703","196604",0,74.219,8.876,130.556,136.486,162.627,186.728,176.966,130.834,106.175,0,0,4.96,-9.65,0.63,-10.68,-9.37,-12.53,-15.79,-16.97,-14.56,-13.38,0.99,4.98,2,1,1,0,0,0,0,0,0,0,0,2,162,103,129,54,46,18,4,2,11,25,85,148,9,14,12,40,45,91,149,201,149,86,25,12,244,267,282,376,410,463,549,601,528,472,326,260,60.648,79.014,94.557,131.934,142.339,163.72,187.425,177.871,140.144,108.139,63.608,54.975,29,27,31,30,31,30,31,31,30,31,30,31,0,0,0,0,0,0,0,0,0,0,0,0,132,5,86,1,6,1,1,1,9,2,98,130,57,52,62,58,63,58,54,55,55,54,63,62,-55.9,15.3,18.8,23.4,16.9,24,30.6,29.3,40.6,17.6,-27.6,-44.9,13.1,14.8,14.4,17.7,18.2,20.5,22.7,24.4,22.7,20.3,16.2,13.7,20.1,22.9,20.5,24.9,24.4,27.6,30.9,32.5,30.6,28.2,22.3,20.2,6.1,6.8,8.3,10.6,12.1,13.3,14.6,16.4,14.7,12.3,10,7.2
3792172,1967,4,2,"196703","196604",0,45.173,14.524,137.501,180.079,201.664,217.111,208.637,141.329,101.68,20.117,0,2.05,-5.01,-0.06,-12.56,-15.52,-18.88,-21.35,-23.96,-16.96,-13.48,-4.34,7.02,9,5,2,0,0,0,0,0,0,0,1,9,322,227,188,45,16,4,1,1,12,45,150,323,0,0,5,51,113,185,241,288,147,53,8,0,108,142,223,395,506,571,642,689,527,414,250,99,39.157,53.302,86.087,146.791,185.81,203.891,217.111,208.637,143.663,102.567,54.314,28.023,22,23,29,30,31,30,31,31,30,31,29,26,1,0,0,0,0,0,0,0,0,0,0,1,61,8,72,9,6,2,0,0,2,1,34,99,65,61,60,48,49,48,47,46,49,48,60,71,-52.2,12.5,18.8,25.6,7.2,28.9,23.5,24.8,39,15.9,-27.7,-42.1,7.8,9.8,12.2,18.3,21.4,24.1,25.8,27.3,22.6,18.4,13.4,7.5,13.1,15.8,18.7,27.5,30.7,33.6,35.6,37.5,31.9,27.6,19.9,10.8,2.4,3.7,5.7,9.2,12.2,14.5,15.9,17,13.3,9.2,6.9,4.2
3801196,1967,4,7,"196703","196604",0,69.311,33.594,97.45,90.066,103.746,109.981,101.76,86.448,80.318,0,0,2.5,-8.27,-1.47,-6.71,-5.13,-6.39,-6.89,-7.23,-7.3,-8.35,-0.16,4.51,2,1,1,0,0,0,0,0,0,0,0,2,147,95,124,72,75,37,20,10,27,38,84,136,10,15,12,25,22,54,63,107,87,56,22,12,258,275,284,344,360,404,445,499,450,433,324,269,57.054,72.919,81.161,98.452,93.663,104.529,110.272,102.797,90.051,81.615,54.322,50.939,31,28,31,30,31,30,31,31,30,31,30,31,0,0,0,0,0,0,0,0,0,0,0,0,97,4,48,1,4,1,0,1,4,1,67,115,63,60,72,74,82,80,79,81,77,71,73,68,-55,13.8,16,18.3,25.3,18.9,40.8,31.9,41.9,19.1,-26.5,-44.5,13.7,15.2,14.5,16.7,16.6,18.5,19.3,21.1,20,19,16.2,14.1,19.6,21.8,19,20.9,19.5,21.7,22.7,24.3,23.8,23.8,20.6,19.5,7.8,8.6,10.1,12.5,13.7,15.2,16,18,16.3,14.2,11.8,8.8
4564849,1967,4,17,"196704","196605",0,32.629,0,0,99.03,114.451,117.493,108.449,88.883,69.117,0,0,31.64,-3.96,10.53,14.12,-5.6,-7.04,-7.27,-7.58,-8.04,-7.73,15.9,14.04,5,4,3,3,0,0,0,0,0,0,1,5,257,200,225,273,160,87,86,68,62,91,161,252,0,0,0,0,0,19,11,21,39,13,0,0,145,150,169,124,259,322,329,358,366,339,226,143,34.843,48.92,66.238,67.808,105.445,120.726,118.114,111.684,93.551,72.146,39.8,27.698,29,26,29,27,30,30,31,31,30,31,30,30,2,0,0,3,0,0,0,0,0,0,1,1,361,16,156,179,6,6,1,3,5,3,213,178,74,67,71,76,69,67,69,68,67,66,75,75,-51.4,11,15.3,17.3,19.1,22.1,36.7,28.6,39.1,17.7,-25.7,-42.1,9.9,10.7,10.8,8.9,13.2,15.8,15.6,16.5,17.2,15.9,13,9.8,13.8,15.8,15.3,12.6,18.1,21.1,20.6,21.7,22.7,21.5,16.9,12.9,5.9,5.6,6.3,5.2,8.4,10.4,10.5,11.3,11.7,10.3,9,6.8
3792184,1967,4,22,"196704","196605",0,73.74,5.499,0,139.213,164.238,191.713,182.823,134.922,105.45,0,0,5.03,-9.59,0.94,5.95,-9.72,-12.86,-16.73,-18.18,-15.33,-13.5,0.24,6.62,2,1,1,1,0,0,0,0,0,0,0,2,176,114,140,215,48,17,3,2,11,27,93,164,7,11,10,0,44,93,164,216,152,83,22,9,229,255,270,183,406,466,565,617,533,466,315,242,59.644,78.371,94.553,98.815,144.748,165.896,192.254,183.605,142.477,109.039,62.747,54.033,28,27,31,27,31,30,31,31,30,31,30,30,0,0,0,1,0,0,0,0,0,0,0,0,131,5,89,125,6,2,1,1,8,4,89,145,57,52,61,62,62,58,53,54,54,53,63,62,-55.7,15.4,19,22.2,16.8,24.4,30.4,29.4,40.7,17.6,-27.5,-44.8,12.6,14.3,13.9,11,18.1,20.5,23.3,24.9,22.8,20.1,15.8,13.1,19.6,22.5,20.2,17.1,24.5,27.9,31.6,33.3,31,28.3,21.9,19.6,5.6,6.2,7.7,5,11.7,13.2,14.9,16.6,14.6,11.9,9.6,6.5
5569674,1967,4,22,"196704","196605",0,38.106,0,0,117.802,135.033,130.159,127.554,101.057,78.811,0,0,16.8,-4.4,9.11,9.23,-7.36,-9.2,-8.54,-9.85,-9.73,-9.18,7.8,5.89,6,4,3,2,0,0,0,0,0,0,1,6,274,219,228,265,115,53,53,33,46,82,168,267,0,0,0,0,9,38,24,49,53,18,0,0,134,137,169,131,309,373,374,420,397,351,221,132,37.751,48.89,69.608,73.412,123.563,137.582,132.422,130.533,104.725,79.918,43.328,30.011,27,25,29,27,31,30,31,31,30,31,30,29,2,0,0,2,0,0,0,0,0,0,0,0,215,11,145,135,6,3,2,3,4,1,137,98,69,66,68,72,63,63,65,62,62,60,70,72,-52.2,11.3,16.1,18.3,15.4,23.8,34.1,27.5,39,17.1,-26.3,-42.5,9.3,10,10.7,9.2,14.9,17.5,17,18.5,18.2,16.3,12.7,9.3,14.1,15.3,15.6,13.4,20.9,23.7,22.8,24.9,24.7,22.9,17.4,12.9,4.5,4.7,5.8,5,8.9,11.2,11.2,12.2,11.8,9.7,8,5.7
469007,1967,4,23,"196704","196605",9.235,79.02,63.023,17.531,138.458,155.676,175.125,167.179,130.8,93.796,32.65,0,-2.84,-9.79,-4.49,1.72,-9.42,-11.54,-13.97,-15.02,-13.35,-11.29,-5.6,2.66,3,2,1,1,0,0,0,0,0,0,0,2,177,130,136,189,47,21,5,3,15,33,100,170,7,8,11,2,45,83,130,180,129,69,19,8,228,236,275,210,408,450,531,581,503,447,306,236,65.458,82.717,97.391,101.736,141.03,157.49,176.377,168.246,133.192,108.676,69.521,57.073,27,25,31,28,31,30,31,31,30,31,30,30,0,0,0,0,0,0,0,0,0,0,0,0,56,4,34,84,3,2,1,1,2,15,37,104,54,49,62,64,64,61,58,59,59,55,58,60,-55.8,16.6,19.2,21.8,18.9,23.6,34.1,31.5,42.1,18.8,-27.4,-44.6,12.5,13.7,14.1,12,18.2,20,22.2,23.8,21.8,19.5,15.4,12.9,20.1,22.4,20.3,17.8,24.1,26.7,29.5,31,29,27.2,22.3,19.4,5,5,7.9,6.3,12.2,13.3,14.8,16.6,14.6,11.7,8.5,6.3
304606,1967,4,25,"196704","196605",0,51.229,17.524,0,128.843,146.439,149.254,142.68,111.95,98.468,0,0,3.5,-6.29,0.07,5.24,-8.22,-10.11,-10.28,-11.13,-10.73,-11.6,-1.2,2.22,4,3,2,2,0,0,0,0,0,0,1,4,211,177,198,234,104,63,45,31,42,59,131,216,2,1,0,0,11,31,28,52,58,32,6,0,183,178,199,160,322,357,386,424,406,388,264,175,56.017,68.138,86.438,90.804,130.215,146.951,149.254,143.224,119.747,99.52,59.036,48.55,26,24,29,26,31,30,31,31,30,31,29,27,0,0,0,1,0,0,0,0,0,0,0,0,109,17,69,110,1,1,0,1,8,1,67,89,56,54,61,65,62,58,59,58,57,53,61,56,-55.3,14.8,18.9,21.2,16.1,24.2,32.7,28.4,39.6,17.6,-27.4,-44.4,11.3,11.9,11.8,10.2,15.3,16.9,17.4,18.7,18.5,17.5,14.2,11,18.4,19.4,18,15.7,21.5,24,24.4,25.7,25.9,25.6,20.4,17.4,4.2,4.3,5.6,4.7,9.1,9.8,10.5,11.6,11.1,9.4,7.9,4.5
1563687,1967,5,13,"196705","196606",0,71.397,0,0,136.842,167.355,189.7,178.103,129.574,99.585,0,0,6.48,-9.26,2.34,7.55,-9.52,-13.44,-16.68,-17.67,-14.72,-12.58,0.62,8.68,3,2,2,2,0,0,0,0,0,0,0,2,191,130,163,239,70,20,4,2,12,34,103,178,6,8,7,0,29,85,153,206,144,67,18,7,213,236,246,156,367,453,554,606,522,443,303,227,57.814,76.133,91.621,94.736,145.762,169.087,190.451,179.052,138.934,104.62,61.253,52.441,28,26,30,25,31,30,31,31,30,31,30,30,0,0,0,1,0,0,0,0,0,0,0,0,142,5,100,138,9,2,1,1,9,5,91,163,58,52,62,62,58,55,53,55,55,55,63,62,-55.3,15.3,18.9,22.1,16.8,25.1,30.9,29.8,41,17.8,-27.4,-44.6,12,13.7,13.1,10,16.8,20.1,22.9,24.6,22.5,19.3,15.3,12.6,18.9,21.7,19.3,16,23.8,27.9,31.3,32.7,30.4,27.2,21.3,19,5.2,5.6,6.9,4,9.8,12.3,14.5,16.5,14.5,11.5,9.3,6.2
3801195,1967,5,14,"196705","196606",0,69.377,34.997,12.934,104.973,102.202,108.142,99.882,85.068,79.594,0,0,2.41,-8.27,-1.61,1.79,-6.19,-6.27,-6.74,-7.06,-7.14,-8.23,-0.14,4.46,2,1,1,1,0,0,0,0,0,0,0,2,147,95,124,206,73,38,21,11,27,38,84,136,10,15,12,0,24,53,61,105,85,55,22,12,258,275,284,191,362,402,443,496,448,432,324,269,56.989,72.876,80.958,75.019,107.038,103.044,108.501,100.959,88.84,80.844,54.171,50.906,31,28,31,29,31,30,31,31,30,31,30,31,0,0,0,0,0,0,0,0,0,0,0,0,96,3,46,62,2,1,0,1,4,1,67,114,64,60,72,78,76,80,80,82,78,71,73,68,-55,13.8,15.9,17,22.7,18.7,41.1,32,41.9,19.1,-26.5,-44.4,13.7,15.2,14.5,11.4,16.7,18.4,19.3,21,19.9,19,16.2,14.1,19.6,21.8,18.9,14.8,20.5,21.6,22.5,24.1,23.6,23.7,20.6,19.5,7.8,8.6,10.2,8,12.8,15.3,16,18,16.3,14.2,11.8,8.8
148536,1967,5,25,"196705","196606",0,61.452,27.924,0,122.041,124.216,127.183,122.143,99.9,88.551,0,0,1.53,-7.34,-0.9,3.82,-7.49,-7.83,-8.03,-8.79,-8.63,-9.6,1.11,2.78,3,2,2,1,0,0,0,0,0,0,0,2,184,141,166,228,97,60,43,23,42,56,108,176,5,5,4,0,14,32,30,65,59,33,12,5,215,218,235,167,330,361,391,444,407,392,291,223,58.362,70.904,88.016,86.836,123.211,124.851,127.183,122.736,101.67,90.832,59.085,52.677,28,27,30,28,31,30,31,31,30,31,30,30,0,0,0,1,0,0,0,0,0,0,0,0,91,9,60,91,1,1,0,1,2,2,88,101,57,56,64,68,67,69,70,70,68,61,65,61,-55.5,14.5,18.3,20.1,18.8,21,37.5,30.6,41.1,18.4,-27.2,-44.7,12.3,13.3,13,10.5,15.6,17.1,17.6,19.3,18.6,17.7,15.1,12.6,19.2,20.5,18.8,15.4,21,22.1,22.5,24.3,23.8,24.2,20.8,19.1,5.4,6,7.2,5.6,10.2,12,12.6,14.4,13.3,11.2,9.4,6.2
2332455,1967,6,16,"196706","196607",0,56.683,11.137,0,143.253,150.494,183.704,178.675,134.544,103.367,0,0,7.62,-7.18,0.51,5.15,-9.92,-10.73,-15.16,-17.08,-14.6,-12.92,1.81,6.55,4,3,2,2,0,0,0,0,0,0,1,3,217,173,193,246,84,59,11,5,21,46,126,216,3,3,3,0,21,33,97,148,103,48,10,3,183,187,210,151,347,363,488,549,472,413,272,184,58.744,71.558,92.397,96.69,146.354,151.221,184.57,179.803,137.476,106.366,62.636,51.19,24,23,28,24,30,30,31,31,30,31,29,26,1,0,0,1,0,0,0,0,0,0,0,0,155,15,81,114,3,1,1,1,3,3,105,138,53,51,58,60,56,56,51,50,52,50,58,58,-55.7,15.4,20,22.9,14.6,26.4,28.9,27.5,39.7,17.5,-27.7,-44.6,11,12,12,9.8,16.2,17.1,20.8,22.7,20.8,18.3,14.3,11.1,18.8,20.1,18.9,16.2,23.5,24.5,29.6,31.7,29.3,27,21.1,18,3.3,3.9,5.1,3.4,8.8,9.8,12,13.8,12.2,9.6,7.5,4.3
2393898,1967,7,19,"196707","196608",0,34.788,0,0,128.898,119.799,174.172,153.276,113.155,82.938,0,0,15.87,-3.86,9.1,10.15,-8.65,-7.73,-14.33,-13.73,-12.05,-10.17,7.26,6.84,7,5,4,3,0,0,0,0,0,0,1,6,281,231,250,274,106,68,10,13,29,65,163,271,0,0,0,0,13,28,98,95,81,30,3,0,130,129,153,124,319,349,490,483,442,378,228,132,36.443,46.686,67.202,74.918,134.152,134.087,174.675,155.794,117.322,84.191,42.448,28.346,27,25,28,26,30,30,31,31,30,31,30,29,2,0,0,2,0,0,0,0,0,0,0,1,203,12,143,145,5,14,1,3,4,1,131,105,71,68,69,71,58,63,53,54,57,59,72,75,-51.8,10.9,15.9,18.9,13.3,25.3,25.9,25.6,38.5,16.8,-26.1,-42.2,9.1,9.6,10,8.9,15.2,16.7,20.8,20.6,19.8,17.2,12.9,9.2,13.5,14.5,14.8,13.4,22.1,22.8,29,28.6,27.1,24.1,17.3,12.4,4.6,4.7,5.2,4.4,8.4,10.5,12.6,12.6,12.4,10.3,8.5,5.9
3791446,1967,8,15,"196708","196609",0,75.263,48.286,29.542,136.799,132.015,169.071,158.869,128.296,96.909,16.864,0,-0.31,-9.23,-2.98,0.49,-9.08,-8.61,-13.21,-14.03,-13,-11.36,-3.5,6.81,2,1,1,1,0,0,0,0,0,0,0,2,148,103,138,195,64,56,5,2,17,29,84,137,11,13,10,0,30,36,140,198,118,74,24,13,259,266,270,202,376,368,541,599,490,457,326,271,59.083,77.466,90.217,96.687,139.732,133.753,169.849,159.743,130.405,101.921,60.154,52.663,31,28,31,28,31,30,31,31,30,31,30,31,0,0,0,0,0,0,0,0,0,0,0,0,73,2,42,67,3,2,1,1,2,5,43,140,62,55,65,66,62,66,61,63,58,59,68,66,-55.2,14.9,18,21.1,17.9,24.3,33.4,30.7,41.5,18.4,-27,-44.5,13.6,14.8,14,11.8,17.1,17.3,22.5,24.4,21.4,19.8,16.2,14.1,19.8,22.3,19.6,17.3,23.4,23,29.2,30.8,28.6,26.8,21.4,19.7,7.5,7.4,8.5,6.4,10.8,11.6,15.7,17.9,14.1,12.8,10.9,8.6
2414047,1967,9,6,"196708","196609",0,39.545,0,0,128.475,118.805,164.71,152.479,110.873,82.824,0,0,12.23,-4.56,6.39,7.79,-8.45,-7.46,-12.72,-13.3,-11.3,-9.89,5.06,4.8,6,4,3,2,0,0,0,0,0,0,1,5,270,214,227,251,97,67,14,11,34,69,160,261,0,0,0,0,15,28,83,102,72,26,3,0,138,142,172,144,331,351,472,493,428,371,231,139,38.888,49.803,70.491,77.952,133.072,129.634,165.2,153.422,114.243,83.898,44.384,31.075,27,25,29,27,31,30,31,31,30,31,30,29,1,0,0,1,0,0,0,0,0,0,0,0,171,10,119,125,5,11,0,1,3,1,111,89,68,66,68,70,60,65,56,56,58,58,70,72,-52.4,11.5,16.3,19,13.5,24.8,27.6,25.8,38.6,16.8,-26.4,-42.6,9.4,10.2,10.8,9.7,15.6,16.7,20.2,20.9,19.3,17,13,9.5,14.4,15.6,15.7,14.2,22.2,22.5,27.8,28.6,26.5,23.9,17.8,13.3,4.5,4.8,5.8,5.1,9,11,12.7,13.2,12.1,10,8.3,5.7
202489,1967,10,10,"196710","196611",0,43.189,0,0,119.456,110.788,147.492,137.489,90.22,93.009,0,0,5.44,-5.33,4.98,7.92,-7.25,-6.47,-10.23,-10.6,-8.14,-10.9,1.68,7.71,4,3,2,2,0,0,0,0,0,0,1,4,210,174,204,262,120,107,29,26,37,59,133,217,2,1,0,0,8,13,46,60,67,32,5,0,183,181,192,135,303,297,420,437,420,388,260,178,51.955,64.409,80.771,76.948,126.429,115.61,148.358,138.112,106.278,95.596,54.289,43.627,27,25,29,27,30,30,31,31,30,31,30,29,0,0,0,2,0,0,0,0,0,0,0,0,122,21,112,123,7,5,1,1,16,3,88,136,60,58,65,72,63,69,62,62,65,55,65,59,-54.7,13.9,17.8,18.8,16.5,24.1,32.5,28.4,40,17.5,-27.1,-44,11.3,12,11.6,9.3,14.7,14.9,18.5,19.1,19,17.5,14,11.1,17.6,18.9,17.2,13.6,20.8,19.9,25,25.6,24.8,25.2,19.6,16.5,4.9,5.1,6,5,8.6,10,12.1,12.6,13.2,9.8,8.5,5.7
304600,1967,11,3,"196710","196611",0,52.258,13.014,7.432,121.898,110.302,131.746,127.58,89.676,91.316,0,0,3.27,-6.02,0.7,2.64,-7.43,-6.44,-8.54,-9.42,-7.68,-10,-0.03,2.26,3,2,2,1,0,0,0,0,0,0,1,3,207,167,187,229,104,99,29,18,32,64,132,206,2,2,0,0,11,15,45,78,75,28,6,1,187,189,211,166,321,307,419,462,433,379,262,189,55.689,66.243,82.823,85.667,123.501,111.7,132.363,128.979,98.131,92.989,56.204,50.491,27,26,30,28,31,30,31,31,30,31,30,28,0,0,0,0,0,0,0,0,0,0,0,0,103,14,70,78,2,1,1,1,8,2,71,91,58,58,66,69,66,72,69,68,72,58,65,59,-55,14.1,17.7,19.9,18.1,23.1,36.2,29.8,40.9,18.2,-26.9,-44.5,11.4,12.2,12.2,10.5,15.3,15.2,18.5,19.9,19.4,17.2,14.1,11.5,18.2,19,17.6,15.2,20.8,19.7,23.6,25.2,24.1,24.3,19.7,18,4.6,5.4,6.8,5.7,9.8,10.7,13.4,14.6,14.8,10.2,8.6,5
2328064,1968,1,18,"196801","196702",0,39.545,0,0,128.475,118.805,164.71,152.479,114.014,78.966,18.013,0,7.01,-4.56,6.39,7.79,-8.45,-7.46,-12.72,-13.3,-11.88,-10.01,-4.02,1.39,8,4,3,2,0,0,0,0,0,0,1,7,306,214,227,251,97,67,14,11,22,54,126,290,0,0,0,0,15,28,83,102,101,39,10,0,109,142,172,144,331,351,472,493,469,397,271,116,37.927,49.803,70.491,77.952,133.072,129.634,165.2,153.422,115.114,88.301,49.529,35.704,23,25,29,27,31,30,31,31,30,31,30,24,1,0,0,1,0,0,0,0,0,0,0,0,113,10,119,125,5,11,0,1,1,9,32,60,66,66,68,70,60,65,56,56,61,57,66,75,-52.2,11.5,16.3,19,13.5,24.8,27.6,25.8,38.6,16.5,-27.2,-43.3,8.3,10.2,10.8,9.7,15.6,16.7,20.2,20.9,20.7,17.8,14.3,8.6,13.4,15.6,15.7,14.2,22.2,22.5,27.8,28.6,27.4,25.2,19.8,13.9,3.1,4.8,5.8,5.1,9,11,12.7,13.2,13.9,10.5,8.9,3.2
3792162,1968,2,21,"196802","196703",25.687,38.189,14.644,0,115.664,110.474,139.487,131.346,81.876,92.893,0,4.922,-4.08,-4.72,0.34,3.19,-7.17,-6.74,-9.87,-10.64,-7.34,-10.64,4.07,-1.82,2,1,1,1,0,0,0,0,0,0,0,2,151,79,136,214,68,66,8,3,15,26,51,182,9,21,10,0,28,29,112,172,126,83,51,6,250,294,272,182,371,352,507,572,500,469,384,220,55.136,62.591,82.976,80.973,118.329,111.368,139.579,132.884,94.8,93.874,59.536,44.647,31,28,31,29,31,30,31,31,30,31,30,31,0,0,0,0,0,0,0,0,0,0,0,0,29,24,68,81,3,1,0,2,13,1,122,40,65,71,70,74,72,75,71,73,77,65,71,68,-54.7,11.3,16.6,18.4,20.5,21.3,36.3,30.8,41.8,18.4,-27.1,-43.9,13.5,16,14.1,11.1,16.9,16.8,21.4,23.5,21.7,20.2,18.1,12.4,19.1,20.7,18.9,15.1,21.5,20.8,26.2,28.2,25.5,26.2,22.9,17,8,11.3,9.4,7,12.4,12.7,16.5,18.8,17.9,14.2,13.4,7.8
3792164,1968,2,29,"196802","196703",0,15.498,0,0,166.625,189.006,241.815,218.588,141.793,104.559,0,0,0.17,-2.58,2.82,6.29,-13.74,-17.07,-27.32,-27.22,-18.48,-14.77,-2.79,1.43,12,2,3,2,0,0,0,0,0,0,1,16,350,168,207,257,40,9,0,0,6,40,127,381,0,4,3,0,59,128,327,333,196,62,13,0,87,197,203,145,424,512,728,734,582,426,278,63,40.947,55.441,84.911,90.252,176.658,194.592,241.938,219.456,149.315,106.586,56.876,35.4,16,27,27,24,31,30,31,31,30,31,29,13,1,0,0,1,0,0,0,0,0,0,0,1,43,40,100,120,10,6,0,1,8,2,59,49,59,65,58,61,46,47,44,45,50,45,58,73,-52.8,11.7,19,21.8,8.8,30,20.4,24.1,38.6,15.4,-28.1,-43.2,6.8,12.2,11.4,9.5,18.7,22.1,28.6,28.8,24.4,18.8,14.3,5.6,13.2,17.8,18.1,15.6,28.4,31.7,39.4,39.4,33.7,28.6,21.2,11.9,0.5,6.6,4.7,3.4,9,12.4,17.8,18.1,15.2,9,7.5,-0.7
1209922,1968,3,20,"196803","196704",14.456,21.861,30.351,0,115.335,100.068,131.445,122.685,84.28,89.537,0,3.169,-3.09,-3.03,-1.48,7.35,-6.84,-5.57,-8.5,-8.83,-7.21,-10.13,-1.82,-2.15,4,1,2,2,0,0,0,0,0,0,0,5,227,116,164,250,124,119,44,38,44,64,96,240,0,8,2,0,6,10,29,43,57,27,16,0,168,242,233,146,299,281,388,408,403,378,306,155,53.783,60.292,92.771,78.852,122.204,104.819,132.298,123.183,97.983,91.667,60.126,47.341,25,28,30,27,31,30,31,31,30,31,30,25,0,0,0,1,0,0,0,0,0,0,0,0,39,38,62,120,7,5,1,0,14,2,66,44,57,68,59,71,65,73,67,67,69,58,63,65,-55,11.7,19.6,19,17.4,23.5,35.5,29.4,40.3,17.8,-27.7,-44.4,10.8,14.3,13.1,9.7,14.6,14.4,17.5,18.2,18.4,17.2,15.6,10.2,17.8,19.4,19.7,14.1,20.3,18.6,23,23.6,23.5,24.4,21.7,16.9,3.9,9.1,6.4,5.3,8.8,10.2,12.1,12.7,13.4,10.1,9.5,3.5
5872887,1968,4,2,"196803","196704",0,0,24.649,0,155.326,131.815,218.221,206.544,143.865,76.571,0,0,14.24,5.29,-1.92,6.68,-12.7,-10.95,-23.2,-26.07,-20.23,-11.51,-2.44,3.33,16,3,2,3,0,0,0,0,0,0,1,13,381,192,182,275,36,8,0,0,6,57,148,360,0,2,5,0,63,142,288,312,194,41,8,0,66,173,225,127,434,527,689,713,580,391,251,74,33.521,48.219,83.12,76.297,166.595,177.966,219.563,209.626,146.72,89.749,49.062,30.588,14,26,28,25,31,30,31,31,30,30,28,16,5,0,0,2,0,0,0,0,0,0,0,1,177,114,58,112,11,46,1,3,3,13,59,70,60,65,57,68,49,54,48,44,46,49,57,68,-51.7,10.7,18.6,19.4,6.3,28.1,17.3,20.2,36.4,14.7,-28,-42.6,5.8,11.3,12.4,8.9,19,22.6,27.3,28.1,24.4,17.6,13.5,6.3,12,16.8,19.4,13.9,28,30.8,37.2,38.9,34.5,26.6,20.5,12.4,-0.4,5.7,5.4,3.9,10.1,14.4,17.4,17.2,14.3,8.7,6.4,0.2
202451,1968,4,11,"196804","196705",0,17.198,22.017,83.25,98.084,71.791,107.383,99.609,85.899,79.195,27.25,0,0.3,-2.39,-0.68,-5.16,-5.36,-3.47,-6.26,-6.49,-7.28,-9.05,-5.04,-0.6,6,2,2,1,0,0,0,0,0,0,1,6,264,145,180,192,165,150,91,82,61,86,127,268,0,3,0,0,0,5,10,16,39,15,6,0,138,208,213,202,254,239,323,339,368,345,267,130,46.34,52.509,83.827,98.072,103.318,80.35,108.032,100.383,89.263,85.203,54.745,40.96,24,28,30,28,30,30,31,31,30,31,30,24,0,0,0,0,0,0,0,0,0,0,0,0,62,35,62,15,5,9,1,1,3,6,27,49,59,71,62,62,71,82,74,74,71,57,62,63,-54,10.7,18.2,21.7,20.4,21.7,39.4,30,39.8,17.3,-27.7,-43.9,9.6,13.1,12.5,11.9,13.1,13,15.4,15.9,17.3,16.1,14.3,9.3,16,17.7,18.5,17.9,17.7,15.7,19.6,20.1,22,23.3,20.5,15.4,3.2,8.5,6.4,5.9,8.5,10.2,11.2,11.7,12.5,8.9,8.1,3.1
202488,1968,4,11,"196804","196705",0,17.072,21.998,83.17,97.264,70.494,105.956,98.165,85.235,78.973,27.194,0,0.32,-2.37,-0.67,-5.15,-5.3,-3.39,-6.15,-6.36,-7.2,-9.01,-5.02,-0.59,6,2,2,1,0,0,0,0,0,0,1,6,264,145,180,192,165,151,92,83,61,87,127,268,0,3,0,0,0,5,10,16,39,15,6,0,137,208,213,202,254,238,322,338,368,344,266,131,46.286,52.385,83.59,97.739,102.481,79.066,106.598,98.938,88.575,84.988,54.643,40.926,24,28,30,28,30,30,31,31,30,31,30,24,0,0,0,0,0,0,0,0,0,0,0,0,62,35,62,15,5,9,1,1,3,6,27,49,60,71,62,63,71,83,74,74,71,57,62,63,-54,10.6,18.2,21.6,20.6,21.6,39.7,30.1,39.8,17.3,-27.7,-43.9,9.6,13.1,12.5,11.9,13.1,13,15.3,15.9,17.2,16.1,14.3,9.3,16,17.7,18.5,17.9,17.6,15.6,19.4,20,21.9,23.2,20.5,15.4,3.3,8.5,6.5,6,8.5,10.3,11.2,11.7,12.6,9,8.1,3.1
1485142,1968,4,13,"196804","196705",21.036,38.929,15.019,96.459,136.738,148.887,196.252,178.178,107.423,109.679,0,0,-3.86,-5.37,-0.36,-7,-9.5,-10.89,-18.04,-18.22,-11.79,-14.46,6.05,-0.31,3,1,1,0,0,0,0,0,0,0,0,5,205,105,142,115,71,48,2,1,10,24,67,240,4,13,9,12,28,42,205,249,159,93,38,2,193,264,265,289,365,382,606,649,542,477,356,163,55.862,68.609,100.497,122.832,145.758,153.746,197.033,181.955,127.253,110.992,66.374,46.617,27,28,30,29,31,30,31,31,30,31,30,26,0,0,0,0,0,0,0,0,0,0,0,0,35,30,85,26,9,5,1,4,20,1,158,60,59,62,57,56,58,57,54,57,63,53,62,60,-54.9,13.1,20.3,24,16.8,25.7,30.2,29.7,41.5,17.5,-27.9,-44.1,11.5,14.7,13.9,14.8,16.8,17.8,24.6,26,23.1,20.5,17.1,10.2,18.1,20.8,21,22.1,23.8,25.1,32.9,33.8,29.6,28.8,23.4,16.1,4.9,8.6,6.7,7.4,9.7,10.4,16.3,18.2,16.7,12.2,10.7,4.2
202452,1968,4,20,"196804","196705",0,0,0,103.561,152.408,138.544,207.202,193.033,135.035,68.402,0,0,20.08,7.11,2.19,-8.28,-11.59,-10.3,-20.03,-21.4,-16.95,-10.29,-1.49,5.19,13,3,2,0,0,0,0,0,0,0,1,10,360,192,204,140,78,31,3,2,14,64,160,334,0,2,2,8,25,63,177,195,132,33,5,0,76,170,197,259,356,419,578,595,508,379,234,88,37.327,49.434,82.936,120.93,155.892,160.057,207.709,194.018,138.483,93.654,51.054,35.319,16,27,27,27,30,30,31,31,30,30,28,17,5,0,0,0,0,0,0,0,0,0,0,1,240,131,95,17,3,22,1,1,3,25,65,96,59,66,58,50,49,55,45,44,48,48,58,71,-52.4,10.9,18.9,25,7.9,28.5,18.6,21.2,36.7,15.3,-27.9,-43.3,6.5,11.3,11.6,13.8,16.4,19,23.7,24.2,22,17.2,13,7.2,12.8,16.5,18.4,22.4,25.3,26.8,33.9,34.9,31.5,26.3,19.9,13.6,0.2,6,4.7,5.3,7.6,11.2,13.5,13.6,12.4,8.1,6.1,0.7
5872878,1968,6,18,"196806","196707",0,0,24.649,114.821,141.911,188.245,218.221,206.544,143.865,76.571,0,0,14.24,5.29,-1.92,-9.94,-11.05,-18.09,-23.2,-26.07,-20.23,-11.51,-2.44,3.33,16,3,2,0,0,0,0,0,0,0,1,13,381,192,182,100,44,3,0,0,6,57,148,360,0,2,5,19,52,197,288,312,194,41,8,0,66,173,225,306,414,583,689,713,580,391,251,74,33.521,48.219,83.12,124.486,160.28,198.086,219.563,209.626,146.72,89.749,49.062,30.588,14,26,28,29,31,30,31,31,30,30,28,16,5,0,0,0,0,0,0,0,0,0,0,1,177,114,58,10,18,10,1,3,3,13,59,70,60,65,57,50,51,50,48,44,46,49,57,68,-51.7,10.7,18.6,24.3,7.6,27.5,17.3,20.2,36.4,14.7,-28,-42.6,5.8,11.3,12.4,15.4,18.4,24.5,27.3,28.1,24.4,17.6,13.5,6.3,12,16.8,19.4,23.9,26.9,33.7,37.2,38.9,34.5,26.6,20.5,12.4,-0.4,5.7,5.4,6.8,9.8,15.2,17.4,17.2,14.3,8.7,6.4,0.2
4459069,1968,6,19,"196806","196707",0,0,0,69.987,66.597,113.578,120.357,125.784,91.339,0,0,0,16.97,9.94,6.73,-4.18,-2.42,-6.9,-7.5,-9.62,-8.64,-0.08,4.78,9.92,9,3,3,1,0,0,0,0,0,0,1,8,317,190,214,217,201,126,105,68,75,135,162,310,0,0,0,0,0,9,8,21,31,2,1,0,96,162,176,176,212,272,302,358,346,285,226,97,35.895,43.117,73.821,93.073,99.416,115.091,121.643,127.505,97.601,69.931,45.625,34.094,22,28,28,26,30,30,31,31,30,30,29,20,3,0,0,0,0,0,0,0,0,0,0,1,212,150,129,23,33,2,1,2,6,78,117,145,64,73,64,61,69,66,65,58,61,61,64,70,-52.1,9.4,17.1,21.7,19.6,22.2,35.1,26.3,38.2,17.2,-27.1,-43.2,7.9,11.4,11.2,10.9,11.8,14.1,14.8,16.5,16.5,14.1,13,7.9,13.4,15.5,16.9,17.2,16.6,19.5,20.5,23.5,23,20.5,18.7,14,2.4,7.2,5.4,4.7,6.9,8.7,9.1,9.5,10,7.8,7.2,1.9
2290954,1968,10,8,"196810","196711",0,6.623,19.767,100.68,121.226,151.752,153.327,128.738,111.854,66.461,23.193,0,5,-1.34,-0.66,-7.38,-7.62,-11.07,-11.18,-10.01,-11.2,-7.65,-4.53,0.25,8,2,2,0,0,0,0,0,0,0,1,7,299,147,166,126,105,31,18,23,34,90,125,286,0,4,4,9,12,63,68,66,72,15,10,0,114,209,233,273,320,418,453,445,428,339,271,119,39.163,48.221,81.801,114.456,127.462,152.268,153.571,133.428,112.669,78.731,50.081,36.767,23,28,30,29,31,30,31,31,30,31,30,24,1,0,0,0,0,0,0,0,0,0,0,0,95,42,62,14,6,1,0,5,1,12,27,50,65,73,64,57,62,59,60,63,59,61,66,73,-52.5,9.8,17.6,23.2,14.7,24.2,29.9,27.4,38.7,17.3,-27.3,-43.5,8.5,13,13,14.3,15.3,19,19.6,19.3,19.3,15.9,14.4,8.7,13.8,17.2,18.8,21.5,21.5,26,26.4,25.6,26.3,22.4,19.9,14.3,3.1,8.8,7.2,7.2,9.1,12,12.8,13.1,12.3,9.4,8.8,3.1
1368000,1969,1,20,"196901","196802",0,25.265,13.617,90.292,120.441,126.513,130.468,121.507,102.479,53.798,38.24,11.851,16.54,-3.04,0.42,-5.7,-7.29,-7.95,-8.36,-8.48,-8.87,-5.43,-5.66,-2.71,3,2,1,0,0,0,0,0,0,0,1,5,199,126,153,137,108,68,34,42,47,85,133,242,2,6,4,5,10,28,39,38,52,15,5,0,192,233,247,263,316,350,409,400,395,347,261,153,48.126,59.83,92.739,108.145,121.238,127.039,131.251,122.818,104.023,81.36,60.213,48.166,30,28,30,29,31,30,31,31,30,31,29,25,1,0,0,0,0,0,0,0,0,0,0,0,222,35,79,18,1,1,1,1,2,28,22,36,68,69,61,63,67,67,69,67,66,65,61,57,-53.3,11.7,19.1,22,18.6,22.8,36.4,30.1,40.7,18.9,-27.4,-44.3,11.7,13.9,13.5,13.9,15.1,16.7,18.2,17.9,18.2,16.2,14.1,10.1,16.7,18.8,19.7,20,20.5,22,23.3,23.3,23.8,21.9,20.4,16.7,6.8,8.9,7.2,7.9,9.8,11.3,13.1,12.5,12.5,10.4,7.7,3.6
2397709,1969,2,26,"196902","196803",0,0,56.582,121.781,174.666,217.254,236.871,196.186,155.225,66.278,3.673,0,16.95,11.41,-4.69,-10.41,-14.65,-21.93,-25.74,-21.07,-20.15,-9.41,-1.96,4.28,11,7,1,0,0,0,0,0,0,0,1,13,338,271,158,77,28,2,0,2,8,50,195,357,0,0,8,28,78,220,313,219,174,50,2,0,95,105,255,339,457,607,714,620,563,406,199,77,32.231,45.201,94.776,137.718,181.776,219.462,236.871,196.186,156.03,97.775,48.016,33.274,24,22,29,29,31,30,31,31,30,31,28,19,3,1,0,0,0,0,0,0,0,0,0,1,200,155,38,16,7,2,0,0,1,31,44,76,75,68,55,48,46,44,45,46,45,51,64,63,-50.3,11.2,20,25.5,8.2,29.8,21.3,26,38.2,16.2,-26.7,-42.9,7.2,8.2,13.3,16.4,19.8,25.2,28.1,25,23.8,18.1,11.6,6.4,11,13.1,20.6,25.4,29.4,35.8,38.7,35.1,34.1,26.6,17.4,11.6,3.5,3.3,5.9,7.4,10.2,14.7,17.5,15,13.5,9.6,5.9,1.3
2272859,1969,3,1,"196902","196803",0,0,0,92.381,120.707,157.365,166.915,138.418,115.928,62.825,0,0,20.42,18.29,2.84,-6.66,-7.75,-12.05,-13.27,-11.69,-12.33,-7.61,2.89,7.42,9,7,2,0,0,0,0,0,0,0,1,8,319,270,197,152,124,34,14,18,28,83,183,308,0,0,1,5,8,58,83,78,84,19,0,0,101,98,199,245,299,411,471,462,446,349,205,102,30.37,36.537,76.715,110.82,128.915,158.259,167.397,145.06,117.073,78.909,39.542,29.493,26,25,29,28,30,30,31,31,30,31,30,26,3,2,0,0,0,0,0,0,0,0,0,1,236,216,92,18,8,1,0,7,1,16,81,109,77,78,65,56,60,55,55,58,58,61,74,68,-50,8.9,17.1,23.3,14.5,25,27.3,26.5,38.5,17.3,-25.6,-42.4,7.8,8.2,11.8,13.4,14.6,18.7,20.2,19.9,19.9,16.2,12.1,8,11.2,11.6,17.3,20.5,21.2,26.4,28,27.1,27.2,22.7,16.1,11.8,4.4,4.9,6.3,6.2,7.9,11.1,12.4,12.7,12.6,9.8,8.1,4.1
2866834,1969,3,14,"196903","196804",0,0,66.392,108.773,139.833,154.416,177.834,161.23,135.65,97.002,54.488,20.735,18.39,15.97,-4.91,-8.02,-9.49,-11.34,-14.42,-13.97,-14.37,-11.47,-8.26,-4.01,2,3,2,0,0,0,0,0,0,0,0,3,155,198,171,87,58,23,4,6,15,37,85,203,10,1,5,20,34,79,151,134,131,59,24,3,251,166,234,323,387,443,551,535,506,435,324,196,52.509,56.86,96.502,126.665,142.235,155.628,177.834,161.835,136.599,102.597,68.748,52.788,31,26,29,30,31,30,31,31,30,31,30,28,0,0,0,0,0,0,0,0,0,0,0,0,249,218,30,18,2,1,0,1,1,6,14,32,68,67,57,57,62,61,58,58,56,56,58,62,-54,12.4,20.1,23.7,17.5,24.5,32.5,30.6,41.2,18.2,-28,-44.6,13.4,11,12.8,15.9,17.5,19.8,22.8,22.3,21.9,19.1,16.1,11.6,18.4,16.3,19.7,23.2,23.9,26.5,30.1,29.6,29.7,26.6,23.1,18.3,8.4,5.8,5.9,8.7,11.1,13.1,15.5,14.9,14.1,11.6,9.1,4.9
4564847,1969,3,25,"196903","196804",0,0,27.451,77.502,83.989,112.23,108.761,88.809,83.006,18.855,0,0,28.47,21.34,-1.25,-4.86,-4.25,-6.85,-6.52,-5.72,-7.17,-2.13,4.95,18.49,8,6,3,1,0,0,0,0,0,0,1,7,311,242,217,172,176,95,89,73,71,128,177,288,0,0,0,0,0,16,11,19,33,2,0,0,102,115,174,223,242,312,326,350,352,294,209,113,29.588,37.002,71.637,94.06,95.701,113.404,109.19,95.016,85.33,64.644,39.084,28.55,27,26,29,29,30,30,31,31,30,31,30,28,4,1,0,0,0,0,0,0,0,0,0,1,316,250,44,17,12,1,0,6,2,46,101,220,78,78,67,66,73,70,73,76,71,69,75,72,-49.9,8.6,16.5,20.4,21.4,21.1,38.7,29.9,39.4,18.3,-25.6,-42.2,8.1,9.2,11,12.6,12.7,15.4,15.5,16.3,16.7,14.4,12.4,8.6,11.4,12.5,16.2,18.1,16.8,20.2,19.8,20.1,21.4,19.3,16.3,12.2,4.9,6,5.9,7.2,8.5,10.6,11.1,12.5,12,9.5,8.4,5.1
375689,1969,4,26,"196904","196805",0,0,50.628,107.63,126.618,142.919,153.079,144.968,123.737,98.866,51.929,28.459,8.57,8.09,-3.03,-7.56,-8.05,-9.89,-11.26,-11.56,-12.03,-11.07,-7.67,-4.94,2,3,2,0,0,0,0,0,0,0,0,3,146,178,165,83,57,28,5,7,15,40,89,189,11,2,5,22,34,68,132,123,127,54,21,4,262,182,240,329,388,427,533,520,501,427,318,212,57.445,58.445,94.842,116.329,132.093,144.004,155.223,145.724,124.899,102.678,71.256,58.818,31,27,30,30,31,30,31,31,30,31,30,27,0,0,0,0,0,0,0,0,0,0,0,0,155,139,44,9,5,1,2,1,1,4,19,30,66,68,61,64,67,65,67,65,63,58,58,61,-54.3,12.3,19.4,21.6,20,22.7,36.2,32,42.3,18.9,-27.6,-44.7,13.7,11.8,13,16.1,17.5,19.3,22.2,21.8,21.7,18.8,15.9,12.2,19.2,16.7,19.3,22,22.9,25.1,27.9,27.8,28.1,26,23,19.5,8.3,6.9,6.7,10.3,12.1,13.4,16.5,15.8,15.4,11.6,8.8,4.8
4472711,1969,4,29,"196904","196805",0,0,9.69,28.636,128.641,174.998,190.384,142.692,122.825,25.382,0,0,34.31,30.45,0.52,-0.32,-8.95,-15.03,-17.35,-13.02,-14.37,-4.24,6.79,22.74,14,12,5,1,0,0,0,0,0,0,2,13,371,318,274,199,111,19,6,14,24,108,235,363,0,0,0,0,13,89,127,92,96,12,0,0,69,67,136,196,313,459,528,480,462,317,158,67,28.52,34.291,74.019,101.494,139.493,176.722,190.835,153.521,124.968,77.898,36.977,26.737,22,21,23,26,30,30,31,31,30,30,27,21,9,6,0,0,0,0,0,0,0,0,1,5,370,332,64,73,11,2,0,11,2,53,118,255,75,76,59,57,54,50,49,54,52,57,72,64,-49.7,9.1,18.3,22.8,11.5,26.6,21.8,25.2,37.6,16.8,-25.4,-42,6.1,6.5,9.2,11.7,15,20.3,22.1,20.5,20.4,15.2,10.2,6.2,9.9,10.1,15.7,18.6,22.7,29.2,31.4,28.5,28.8,22.3,14.5,10.2,2.4,2.9,2.8,4.8,7.4,11.4,12.7,12.4,12,8.1,5.9,2.2
202468,1969,4,30,"196904","196805",0,0,54.782,34.842,128.677,145.546,154.821,137.654,117.433,25.418,7.579,0,36.91,27.7,-3.74,-0.28,-8.17,-10.07,-11.04,-10.51,-11.36,-3.48,-2.7,5.6,4,5,3,1,0,0,0,0,0,0,1,6,227,228,216,173,127,61,34,44,46,85,147,267,0,0,0,0,6,32,39,37,54,16,3,0,171,129,179,223,295,359,409,397,398,347,244,133,44.354,48.885,86.494,103.04,133.171,146.365,155.638,138.722,118.76,88.463,56.569,42.966,29,25,27,28,30,30,31,31,30,31,29,24,2,1,0,0,0,0,0,0,0,0,0,1,423,325,32,68,4,1,1,1,1,63,49,111,69,70,59,62,58,58,57,58,56,57,61,58,-52.9,11.2,19.5,22.1,15.2,25.6,31.3,28.4,39.5,17.9,-27.4,-43.9,10.8,9.7,11.1,12.6,14.4,17,18.2,17.8,18.3,16.2,13.5,9.3,15.6,14.4,17.7,18.7,21.3,24,25.4,24.8,25.8,23.3,19.7,15.3,6,5.1,4.4,6.5,7.5,10,10.9,10.8,10.7,9,7.3,3.4
5504859,1969,5,11,"196905","196806",0,0,21.71,36.761,127.137,152.301,162.348,135.299,112.961,57.455,0,0,24.26,21.28,-0.74,-0.86,-8.54,-11.47,-12.74,-11.41,-11.92,-6.89,4.75,9.3,10,8,4,1,0,0,0,0,0,0,1,9,326,277,248,200,103,40,16,19,30,90,190,317,0,0,0,0,14,50,75,76,80,16,0,0,96,93,155,194,323,398,461,460,440,340,197,96,28.6,34.731,71.914,93.721,129.128,153.451,162.833,143.228,114.268,75.728,36.979,27.645,27,25,27,28,31,30,31,31,30,31,30,26,4,2,0,0,0,0,0,0,0,0,0,1,272,244,50,57,2,1,0,8,1,18,96,124,79,79,65,64,61,57,57,59,59,63,77,70,-49.5,8.5,17,21.1,14.4,24.3,28.1,26.6,38.6,17.5,-25.2,-42.1,7.6,8,10.1,11.6,15.4,18.3,19.9,19.8,19.7,15.9,11.8,7.7,10.7,11.1,15.5,17.4,21.7,25.7,27.4,26.9,26.7,22,15.4,11.2,4.5,4.9,4.6,5.9,9,10.9,12.4,12.8,12.7,9.9,8.3,4.2
3801199,1969,5,24,"196905","196806",0,0,56.16,35.822,122.973,138.383,146.561,131.555,110.752,29.575,12.494,0,32.32,24.13,-3.87,-0.37,-7.66,-9.26,-10.06,-9.74,-10.28,-3.61,-3.2,4.81,4,5,3,1,0,0,0,0,0,0,1,6,222,224,214,177,117,71,43,52,55,91,144,265,0,0,0,0,8,26,30,30,45,12,3,0,174,131,180,219,307,344,391,382,380,338,247,134,44.51,48.918,86.138,99.721,124.571,139.203,147.367,132.103,112.043,84.838,56.729,42.878,30,26,27,29,31,30,31,31,30,31,29,25,1,1,0,0,0,0,0,0,0,0,0,0,377,290,30,64,2,1,1,1,1,55,44,103,69,70,59,64,64,61,60,61,59,60,62,58,-52.9,11.2,19.4,21.5,16.9,24.8,32.7,28.8,39.7,18.2,-27.4,-43.9,11,9.9,11.2,12.5,14.8,16.5,17.6,17.3,17.7,15.9,13.6,9.4,15.7,14.4,17.7,18.2,20.7,23,24.3,23.9,24.6,22.5,19.8,15.3,6.2,5.3,4.6,6.7,9,9.9,10.8,10.8,10.8,9.2,7.4,3.5
2290218,1969,5,28,"196905","196806",0,0,28.771,20.286,93.753,108.859,99.773,75.985,79.63,14.892,0,0,24.74,22.01,-1.36,0.92,-5.22,-6.44,-5.67,-4.48,-6.65,-1.66,2.94,18.21,9,6,3,1,0,0,0,0,0,0,1,7,318,251,226,213,159,114,120,104,88,145,186,296,0,0,0,0,0,11,6,10,25,0,0,0,95,107,167,181,261,288,287,304,327,274,198,106,30.569,37.872,73.198,83.108,96.636,109.794,100.309,84.598,82.449,65.071,40.879,29.65,26,26,28,28,31,30,31,31,30,30,29,27,4,1,0,0,0,0,0,0,0,0,0,2,279,256,44,63,3,1,1,9,3,50,84,218,76,77,65,70,74,70,75,79,71,67,71,68,-50.2,9,17,19.2,21,21.1,40.7,30.6,39.3,18.2,-25.9,-42.4,7.9,8.9,10.8,11.1,13.3,14.6,14.3,14.9,15.9,13.8,12,8.4,11.4,12.4,16.3,15.9,17.4,19.3,18.2,18.2,20.5,19,16.5,12.3,4.3,5.4,5.3,6.4,9.2,9.9,10.3,11.6,11.3,8.6,7.5,4.4
1176,1969,5,30,"196905","196806",0,0,67.495,80.434,106.023,116.224,124.635,108.672,99.934,68.529,48.519,14.013,24.89,15.86,-4.89,-4.91,-6.41,-7.36,-8.3,-7.6,-8.91,-7.1,-6.87,-2.88,2,3,1,0,0,0,0,0,0,0,0,2,137,175,150,99,66,40,12,18,24,45,78,181,12,1,6,15,28,50,90,78,96,45,25,4,268,181,253,307,374,397,479,461,462,416,332,217,47.268,51.917,88.513,99.551,107.478,116.741,124.726,114.116,100.66,79.641,60.594,47.225,31,28,31,30,31,30,31,31,30,31,30,31,0,0,0,0,0,0,0,0,0,0,0,0,306,211,21,19,1,1,0,5,1,11,12,33,75,73,65,71,77,75,75,75,72,71,67,70,-53,10.8,18,19.2,22.5,20.7,38.5,31.5,41.7,19.2,-27.3,-44.1,14.1,11.9,13.6,15.4,17.1,18.3,20.5,19.9,20.4,18.4,16.5,12.4,18,16.1,19.2,20,20.8,22.4,24.5,24,25,23.2,21.9,17.6,10.1,7.8,8,10.8,13.3,14.2,16.4,15.8,15.8,13.7,11,7.3
202476,1970,2,1,"197001","196902",0,0,22.996,15.078,97.893,80.016,105.891,114.489,84.973,3.56,26.591,0,23.15,21.95,-0.73,1.47,-5.55,-4.24,-6.17,-7.99,-7.24,-0.49,-4.9,11.89,3,6,3,1,0,0,0,0,0,0,1,3,205,243,221,212,154,121,100,84,78,126,150,196,1,0,0,0,1,10,9,15,29,2,0,2,183,113,172,182,266,279,312,336,341,295,239,195,35.116,39.322,73.593,83.058,100.319,86.454,107.597,116.464,86.941,65.268,51.12,35.976,31,26,29,28,31,30,31,31,30,31,29,31,1,1,0,0,0,0,0,0,0,0,0,0,277,258,51,68,2,6,2,2,2,62,25,171,78,76,66,70,73,81,73,64,70,70,62,73,-51.3,9.2,16.9,19.1,20.5,21.2,39.2,28.4,39.5,18.5,-27.4,-43.3,11.5,9.2,10.9,11.1,13.5,14.3,15,15.8,16.4,14.5,13.4,11.9,14.9,12.8,16.3,15.8,17.8,17.3,19.3,21.7,21.2,19.3,19.5,16.1,8,5.6,5.6,6.5,9.2,11.4,10.7,10,11.5,9.6,7.3,7.6
4458927,1970,2,6,"197001","196902",0,0,39.625,62.025,152.114,146.384,187.561,185.634,134.697,32.073,31.198,0,28.48,19.46,-2.79,-3.57,-11.35,-10.58,-16.11,-19.15,-16.03,-5.02,-6.24,16.53,5,8,3,1,0,0,0,0,0,0,1,5,251,275,222,158,56,36,8,6,19,90,171,240,1,0,0,5,37,56,110,133,112,18,3,1,155,96,179,239,391,407,505,534,483,339,221,160,35.058,40.869,82.435,110.781,153.408,148.271,188.049,186.329,135.52,83.402,54.411,34.785,29,23,26,28,31,30,31,31,30,30,26,28,2,2,0,0,0,0,0,0,0,0,0,1,331,232,43,49,1,2,0,1,1,51,23,217,73,70,57,55,54,60,48,42,48,55,53,68,-51.6,10.2,19.2,23.5,8.6,26.9,22.6,22.2,37,16.4,-28.3,-43.2,10.1,8,10.9,13.2,17.6,18.6,21.3,22.2,21.1,15.9,12.6,10.2,14.2,12.5,17.9,20.6,25.5,25.4,30.7,33,30.6,23.6,20.4,15.1,5.9,3.6,3.9,5.7,9.7,11.8,11.9,11.5,11.7,8.3,4.8,5.3
202498,1970,2,14,"197002","196903",13.917,19.02,68.145,105.301,137.578,128.079,175.801,176.626,136.67,100.99,32.684,50.895,-2.77,-3.4,-5.07,-7.56,-9.33,-8.46,-14.09,-16.61,-14.6,-11.6,-6.37,-7.37,2,1,2,0,0,0,0,0,0,0,0,2,169,101,163,82,44,33,4,2,11,53,72,155,7,14,6,23,49,61,152,206,148,41,34,10,234,269,243,330,415,415,553,607,528,398,347,252,55.394,74.198,96.905,122.633,143.272,129.208,176.222,177.03,137.464,101.834,70.772,55.145,31,28,29,30,31,30,31,31,30,31,30,31,0,0,0,0,0,0,0,0,0,0,0,0,41,55,29,17,6,1,0,0,1,1,38,4,64,58,58,60,63,71,59,56,57,54,57,57,-54.6,14.2,20,22.8,17.3,23.9,32.6,29.9,41.1,18.1,-28.2,-44.8,12.8,14.9,13.1,16.2,18.4,18.9,22.9,24.6,22.6,17.9,16.8,13.4,18.7,21.9,20,22.9,24.6,23.7,30,32.4,30.3,25.8,24,19.9,7,8,6.2,9.5,12.3,14,15.7,16.8,15,9.9,9.7,6.9
2866594,1970,2,22,"197002","196903",12.502,12.576,66.757,104.441,139.089,132.01,181.147,180.828,138.785,101.67,31.478,50.936,-2.69,-2.83,-5.01,-7.53,-9.53,-8.87,-14.88,-17.4,-15.09,-11.81,-6.38,-7.45,2,1,2,0,0,0,0,0,0,0,0,2,172,103,164,85,45,33,4,2,11,53,72,157,7,13,6,22,47,60,157,211,151,41,33,10,232,266,242,326,413,414,558,612,531,398,346,250,55.605,74.447,97.67,123.247,144.715,133.111,181.147,181.242,139.695,102.472,71.211,55.308,30,28,29,30,31,30,31,31,30,31,30,30,0,0,0,0,0,0,0,0,0,0,0,0,43,62,31,19,6,1,0,0,1,1,40,4,63,57,57,59,62,69,57,55,56,53,57,57,-54.7,14.3,20.2,23.1,17,24.2,31.9,29.7,41,18.1,-28.3,-44.8,12.8,14.8,13.1,16,18.3,18.8,23,24.8,22.8,17.9,16.8,13.3,18.7,21.9,20.1,22.9,24.7,24,30.5,32.9,30.6,25.9,24.1,20,6.8,7.8,6,9.2,12,13.7,15.5,16.6,14.9,9.8,9.5,6.7
4564845,1970,3,16,"197003","196904",0,0,21.692,24.734,113.039,98.167,120.066,123.812,96.743,2.378,20.327,0,34.33,2.57,-1.01,0.48,-6.87,-5.66,-7.37,-9.09,-8.91,-0.97,-4.75,20.69,5,3,2,1,0,0,0,0,0,0,1,4,242,173,178,197,131,111,101,79,72,116,164,217,0,0,0,0,6,12,8,17,32,6,0,0,155,177,216,196,290,291,312,343,350,307,224,177,33.591,54.186,83.095,95.661,116.228,99.689,120.845,124.801,99.21,72.694,52.681,34.685,30,27,29,28,30,30,31,31,30,30,27,30,2,0,0,0,0,0,0,0,0,0,0,1,387,91,61,71,3,2,1,1,2,70,32,258,76,63,61,62,66,76,66,59,61,62,57,71,-51.1,11.7,18.3,21.5,16.3,23.1,35.9,27.3,38.7,17.5,-27.9,-43.2,10.3,12,12.5,11.7,14.3,14.7,15,16,16.6,14.9,12.9,11.1,14,17.8,18.8,17.8,19.8,18.6,20.5,22.8,23.1,21,20,15.5,6.7,6.2,6.3,5.7,8.7,10.9,9.5,9.3,10.2,8.7,5.8,6.6
254946,1970,4,1,"197003","196904",4.919,16.387,46.602,92.173,114.248,97.71,137.138,137.018,106.052,87.561,30.979,45.522,-1.46,-2.61,-2.83,-6.05,-7.07,-5.97,-9.51,-10.89,-9.7,-9.2,-5.48,-6.27,2,1,1,0,0,0,0,0,0,0,0,2,155,92,116,79,52,36,7,4,17,48,63,144,9,16,13,23,39,56,118,154,119,44,39,12,248,278,293,334,398,407,515,554,492,409,360,263,50.451,68.526,90.488,107.622,115.617,99.114,137.138,137.554,107.077,88.337,65.252,50.566,31,28,31,30,31,30,31,31,30,31,30,31,0,0,0,0,0,0,0,0,0,0,0,0,46,52,44,15,1,1,0,1,1,1,34,5,71,65,67,69,75,82,73,70,71,65,64,64,-53.5,12.8,17.6,20.1,21.5,20.5,37.1,31.1,41.9,18.9,-27.6,-44.4,13.4,15.4,14.9,16.3,17.9,18.6,21.6,22.9,21.4,18.2,17.3,13.8,18,21.1,20.2,21.4,22,21.5,26.2,28,26.3,24,23.2,19.1,8.8,9.6,9.5,11.2,13.7,15.7,17,17.8,16.5,12.4,11.5,8.5
5840581,1970,4,2,"197003","196904",0,13.638,38.388,64.181,118.479,105.009,127.14,125.695,92.017,79.73,38.828,30.635,0.96,-2.31,-2.18,-3.14,-7.16,-6.13,-7.99,-8.96,-7.61,-8.54,-6.57,-5.24,3,2,2,1,0,0,0,0,0,0,0,3,189,153,173,163,118,95,57,53,73,103,116,201,3,2,0,0,7,16,21,30,32,7,8,1,204,200,223,235,305,312,367,381,349,323,280,192,50.598,64.836,92.045,103.132,120.22,106.06,127.14,126.183,94.726,87.388,64.473,50.844,30,27,29,29,31,30,31,31,30,30,29,28,0,0,0,0,0,0,0,0,0,0,0,0,73,51,54,39,2,1,0,0,3,8,26,20,65,60,59,63,66,75,68,64,68,57,56,60,-54.2,13.5,19.6,21.7,18.1,23,36.6,29.4,40.5,18.2,-28.1,-44.7,12.1,12.8,12.7,13,14.8,15.4,16.8,17.3,16.6,15.4,14.7,11.7,17.7,19.3,19.4,18.9,20.2,19.4,22,23.2,21.8,22.5,22.1,18.5,6.6,6.3,6.1,7.1,9.3,11.4,11.6,11.3,11.4,8.2,7.4,4.9
2262523,1970,4,2,"197003","196904",8.344,23.985,45.307,88.506,107.301,86.669,126.888,130.224,102.349,84.759,34.06,45.859,-1.8,-3.37,-2.65,-5.61,-6.41,-5.15,-8.44,-10.01,-9.1,-8.63,-5.78,-6.31,2,1,1,0,0,0,0,0,0,0,0,2,164,99,125,95,63,47,11,6,21,62,68,153,7,14,11,16,30,43,97,133,104,31,34,10,237,269,281,312,379,384,488,534,472,383,350,252,51.392,69.474,91.453,102.007,109.809,88.321,126.888,130.537,103.113,85.471,66.006,51.284,31,28,31,30,31,30,31,31,30,31,30,31,0,0,0,0,0,0,0,0,0,0,0,0,43,45,46,14,3,2,0,0,1,1,32,5,69,63,66,70,76,85,75,72,72,65,63,62,-53.7,13.1,18,19.5,22.7,20.2,38.7,31.4,42.1,19.1,-27.6,-44.4,13,15,14.5,15.6,17.2,17.8,20.8,22.2,20.8,17.3,17,13.5,17.9,21,20.1,20.4,21.1,20.2,24.9,27,25.5,23,23.1,19,8.2,9.1,9,10.8,13.3,15.4,16.6,17.5,16.1,11.6,10.9,8
5504852,1970,4,12,"197004","196905",0,0,14.436,79.249,96.036,80.796,110.56,116.545,84.07,0,13.744,0,36.21,2.41,-0.17,-4.99,-5.51,-4.5,-6.68,-8.41,-7.34,0.75,-3.56,20.03,4,2,2,1,0,0,0,0,0,0,1,3,227,163,174,222,148,116,93,71,72,115,150,206,0,1,1,0,3,11,10,20,32,6,2,2,167,188,220,172,272,286,320,354,350,308,240,187,29.943,50.106,76.343,86.229,98.725,84.065,111.339,117.581,86.335,62.174,48.22,31.332,31,28,30,28,31,30,31,31,30,31,29,31,2,0,0,0,0,0,0,0,0,0,0,0,401,83,62,7,3,3,1,1,2,72,34,246,82,70,67,67,74,82,72,65,70,72,65,77,-50,10.5,16.6,20.1,20.7,21,38.2,28.1,39.4,18.5,-27.1,-42.7,10.8,12.4,12.7,10.8,13.7,14.5,15.3,16.4,16.6,14.9,13.4,11.5,13.6,17.2,17.9,16,17.8,17.3,19.8,22.2,21.5,19.3,19,14.9,8.1,7.6,7.5,5.6,9.5,11.8,10.7,10.6,11.8,10.5,7.8,8
1294392,1970,4,14,"197004","196905",33.193,36.234,41.103,119.338,154.486,157.106,209.688,211.177,155.472,104.903,45.062,53.666,-4.96,-5.36,-2.82,-9.12,-11.67,-11.86,-19.85,-23.81,-19,-12.7,-7.86,-7.94,3,2,1,0,0,0,0,0,0,0,0,3,201,126,148,141,37,24,2,1,8,63,100,190,5,9,9,8,60,77,210,275,175,35,21,6,200,242,262,261,431,441,611,675,564,380,308,216,56.755,74.876,102.594,126.449,164.902,159.34,211.06,212.431,157.604,106.149,71.303,56.112,27,27,29,27,31,30,31,31,30,30,29,27,0,0,0,0,0,0,0,0,0,0,0,0,24,39,61,7,10,2,1,1,2,1,26,2,58,54,55,51,54,59,49,46,48,49,53,52,-55,14.9,20.8,25.4,14.7,27.2,29.8,29.1,40.5,17.9,-28.3,-44.9,11.6,13.9,13.6,13.8,18.9,19.7,24.8,26.8,23.8,17.3,15.4,12.1,18.3,21.5,21.1,22,26.9,26.8,34.1,37.1,33.3,26.2,23.4,19.5,5,6.3,6.2,5.5,11,12.6,15.4,16.6,14.4,8.3,7.5,4.7
5504853,1970,4,19,"197004","196905",0,0,23.666,91.927,116.772,108.505,133.709,135.535,102.091,0,19.409,0,38.1,2.39,-1.16,-6.26,-7.28,-6.55,-8.79,-10.62,-9.77,-0.23,-4.48,24.9,4,3,2,1,0,0,0,0,0,0,1,3,238,170,175,206,118,89,73,56,57,100,157,212,0,1,2,0,9,18,15,28,43,11,2,2,160,182,220,188,306,320,345,377,376,326,233,183,32.031,52.589,80.85,99.083,119.628,111.239,134.211,136.102,103.888,73.625,51.318,33.37,31,27,30,26,31,30,31,31,30,31,28,31,2,0,0,0,0,0,0,0,0,0,0,1,422,87,57,7,3,3,1,1,2,80,32,298,79,66,63,59,65,72,62,56,60,63,60,73,-50.6,11.3,17.7,22.5,15.5,23.3,33,26.4,38.5,17.5,-27.7,-43,10.5,12.1,12.7,11.4,14.8,15.7,16.1,17.1,17.5,15.5,13.1,11.3,13.7,17.5,18.5,18,20.5,20.2,22.4,24.6,24.2,21.5,19.7,15.3,7.3,6.7,6.8,4.8,9.1,11.2,9.8,9.6,10.9,9.5,6.6,7.2
4465868,1970,4,20,"197004","196905",0,0,12.122,100.306,153.225,150.738,198.532,191.502,134.944,14.616,18.531,0,40.67,3.46,-0.28,-7.56,-11.81,-11.43,-18.43,-20.96,-16.61,-3.25,-4.86,25.91,6,4,2,1,0,0,0,0,0,0,1,5,266,200,203,204,57,32,5,4,19,103,191,255,0,0,2,0,37,62,133,153,111,14,2,0,144,155,196,190,388,417,534,553,482,323,199,149,33.65,52.124,82.633,109.871,155.251,153.739,199.031,192.407,136.164,80.235,51.97,33.292,28,25,27,24,31,30,31,31,30,30,25,28,3,0,0,0,0,0,0,0,0,0,0,1,450,99,71,10,2,3,0,1,1,66,33,309,74,62,58,50,52,58,45,41,47,56,53,69,-51.3,11.9,18.8,24.8,8,27.3,20.2,21.3,36.8,16.6,-28,-43,9.6,10.7,11.6,11.5,17.5,18.9,22.2,22.9,21.1,15.4,11.8,9.7,13.6,16.8,18.3,19.7,25.7,26.2,32.3,34,30.7,22.8,19.5,14.4,5.6,4.6,4.8,3.2,9.3,11.7,12.2,11.7,11.5,8,4.1,5
2866841,1970,5,8,"197005","196906",0,0,0,77.985,115.918,91.801,113.897,117.505,81.35,49.851,30.154,0,14.04,1.87,3.36,-4.43,-7.05,-5.24,-6.96,-8.3,-6.75,-5.02,-5.74,1.76,4,3,2,2,0,0,0,0,0,0,1,4,230,191,202,253,146,111,77,70,79,151,141,224,0,0,0,0,2,12,14,20,29,0,3,0,166,163,191,142,275,291,340,355,340,267,250,167,41.344,57.418,87.943,93.05,117.987,93.631,114.127,117.906,89.193,72.073,59.741,42.949,30,26,27,24,30,30,31,31,30,30,28,28,1,0,0,0,0,0,0,0,0,0,0,0,192,84,107,15,2,2,0,0,8,22,30,79,71,62,58,60,65,79,72,66,70,64,56,67,-52.5,12.6,19.7,22.5,17.4,22.6,38.3,29,40,18.6,-28.1,-44.1,10.7,11.3,11.6,9.6,13.8,14.7,16,16.4,16.3,13.5,13.7,10.7,15.2,17.3,18.4,15.9,19.4,18,20.4,22,21.2,19.3,21,16.4,6.3,5.4,4.8,3.3,8.1,11.4,11.5,10.8,11.4,7.8,6.5,5
5569854,1970,5,10,"197005","196906",0,0,20.563,78.405,106.299,80.016,105.891,114.489,84.973,3.56,26.591,0,23.15,0.4,-0.67,-4.77,-6.22,-4.24,-6.17,-7.99,-7.24,-0.49,-4.9,11.89,3,2,2,1,0,0,0,0,0,0,1,3,205,162,179,227,144,121,100,84,78,126,150,196,1,1,0,0,3,10,9,15,29,2,0,2,183,189,215,166,277,279,312,336,341,295,239,195,35.116,53.748,79.672,87.822,109.678,86.454,107.597,116.464,86.941,65.268,51.12,35.976,31,28,30,27,30,30,31,31,30,31,29,31,1,0,0,0,0,0,0,0,0,0,0,0,277,67,59,9,3,6,2,2,2,62,25,171,78,66,65,65,69,81,73,64,70,70,62,73,-51.3,11.3,17.4,20.6,18.3,21.2,39.2,28.4,39.5,18.5,-27.4,-43.3,11.5,12.4,12.5,10.5,13.8,14.3,15,15.8,16.4,14.5,13.4,11.9,14.9,17.8,18.1,16,18.8,17.3,19.3,21.7,21.2,19.3,19.5,16.1,8,7.1,6.9,5.1,8.8,11.4,10.7,10,11.5,9.6,7.3,7.6
2866491,1970,5,12,"197005","196906",9.589,22.822,45.799,108.762,130.909,93.874,133.945,136.319,107.185,87.926,34.062,46.646,-1.95,-3.28,-2.73,-7.53,-8.48,-5.66,-9.14,-10.76,-9.78,-9.17,-5.8,-6.41,2,1,1,0,0,0,0,0,0,0,0,2,161,96,121,115,52,41,8,5,18,55,67,150,8,15,12,10,38,49,108,148,114,37,35,11,241,273,286,288,398,395,503,548,486,396,353,256,51.384,69.467,91.496,110.309,131.867,95.356,133.945,136.556,107.842,88.615,65.898,51.263,31,28,31,30,31,30,31,31,30,31,30,31,0,0,0,0,0,0,0,0,0,0,0,0,42,47,46,2,1,1,0,0,1,1,32,5,69,63,66,64,67,83,73,70,70,64,63,62,-53.7,13.1,17.9,21.6,18.8,20.6,37.7,31.2,42,18.9,-27.7,-44.4,13.2,15.2,14.7,14.7,17.9,18.2,21.2,22.7,21.2,17.8,17.1,13.6,18,21.1,20.2,20.6,23.2,20.9,25.7,27.8,26.2,23.8,23.2,19.1,8.3,9.2,9.1,8.9,12.5,15.5,16.8,17.6,16.2,11.8,11,8.1
2403101,1970,5,14,"197005","196906",0,0,32.61,83.681,108.949,81.748,108.431,116.655,83.649,11.491,24.599,0,22.79,-0.07,-1.99,-5.37,-6.54,-4.57,-6.46,-8.33,-7.21,-1.4,-4.69,11.83,4,2,1,1,0,0,0,0,0,0,1,3,209,149,153,201,119,106,83,63,65,106,141,197,1,3,4,0,8,13,12,24,37,8,4,2,179,203,244,193,305,297,333,365,361,319,250,195,31.894,51.604,79.238,89.009,111.433,84.088,109.1,117.558,85.434,64.403,49.623,33.069,31,28,31,28,31,30,31,31,30,31,29,31,1,0,0,0,0,0,0,0,0,0,0,0,269,60,47,5,2,2,1,1,2,53,25,166,81,69,67,67,69,83,73,65,72,71,64,76,-50.5,10.6,16.8,20.1,17.8,20.9,38.8,28.3,39.5,18.4,-27.3,-42.9,11.3,12.9,13.5,11.6,14.7,14.9,15.7,16.7,17,15.3,13.8,11.8,14.3,17.8,18.8,16.8,19.7,17.6,20,22.4,21.6,19.9,19.5,15.6,8.3,8,8.2,6.3,9.8,12.2,11.5,11.1,12.4,10.6,8,8.1
1294393,1970,5,15,"197005","196906",27.208,40.956,38.005,91.21,117.189,67.002,108.995,114.953,94.28,81.244,42.199,45.709,-3.6,-4.83,-1.73,-5.61,-7.1,-3.91,-6.86,-8.35,-8.02,-7.84,-6.11,-6.29,2,1,1,1,0,0,0,0,0,0,0,2,176,114,141,154,74,71,17,8,24,81,82,170,6,10,7,3,23,26,72,118,95,19,26,7,224,250,264,246,361,344,457,514,461,352,329,233,53.736,69.913,89.756,99.835,118.048,69.399,108.995,116.851,94.59,82.48,64.805,54.612,31,28,31,30,31,30,31,31,30,31,30,30,0,0,0,0,0,0,0,0,0,0,0,0,27,29,52,9,1,2,0,2,0,1,23,9,67,62,66,67,72,90,80,77,76,67,64,58,-53.8,13.5,17.9,20.6,22,19.8,41.6,32.4,42.6,19.6,-27.2,-44.5,12.6,14.4,13.9,13.3,16.6,16.5,19.7,21.6,20.4,16.3,16.3,12.9,17.8,20.5,19.3,18.5,21.2,18.1,22.9,25.5,24.3,21.8,22.1,19.1,7.4,8.3,8.5,8.1,12.1,14.9,16.6,17.7,16.4,10.9,10.4,6.6
4457537,1970,5,17,"197005","196906",0,0,3.103,49.774,94.527,81.857,107.625,101.696,75.132,0,0,0,28.43,4.04,0.96,-1.79,-5.11,-4.36,-6.29,-6.75,-6.34,0.62,-0.32,21.24,5,4,3,2,0,0,0,0,0,1,1,4,256,198,222,269,181,135,128,122,116,185,198,225,0,0,0,0,0,7,5,7,16,0,0,0,140,146,167,128,236,260,279,283,291,229,183,164,31.253,48.495,72.711,78.486,105.214,87.211,108.793,103.091,84.527,57.563,46.441,33.161,30,26,28,25,30,30,31,31,29,30,26,29,2,0,0,0,0,0,0,0,0,0,0,1,326,98,70,29,11,5,1,1,9,64,67,264,76,65,64,67,67,80,70,67,66,69,59,71,-50.7,11,17,19.8,18.1,21.4,38.2,28.6,38.7,18.5,-27.3,-43,9.9,10.8,10.9,9.1,12.5,13.7,14,14.1,14.7,12.3,11.5,10.7,13.5,16.2,16.6,14.1,17.7,16.9,18.8,19.4,20.1,17.1,18.1,15.3,6.3,5.3,5.2,4,7.3,10.5,9.2,8.8,9.2,7.5,4.9,6
5504865,1970,5,20,"197005","196906",0,14.52,41.846,98.514,144.559,130.531,163.929,162.6,116.124,46.179,35.864,0,11.32,-2.46,-2.99,-6.94,-10.28,-8.71,-12.55,-14.66,-12.17,-5.62,-6.22,3.96,4,3,2,1,0,0,0,0,0,0,1,4,225,172,170,181,63,50,15,14,26,89,153,218,2,2,4,0,30,41,79,92,89,16,4,2,174,183,229,214,378,379,466,480,453,340,239,180,37.401,54.974,85.988,106.625,146.007,132.131,164.397,163.437,118.67,78.226,54.173,37.258,30,27,30,27,31,30,31,31,30,31,28,30,1,0,0,0,0,0,0,0,0,0,0,0,162,40,44,8,1,2,0,1,3,32,18,94,73,64,60,56,57,66,56,50,57,61,58,70,-52,11.8,18.6,23.3,10.8,25.1,27.8,24.9,38.4,17.3,-27.9,-43.5,10.9,12,12.8,12.3,17.2,17.7,20,20.5,20.1,16,13.3,11.1,15,17.8,19.3,19.4,24.4,23.3,27.6,29.4,27.5,22.4,20.2,15.9,6.8,6.3,6.4,5.2,9.9,12,12.5,11.6,12.7,9.6,6.3,6.2
2378472,1970,6,11,"197006","196907",0,15.254,31.76,81.768,109.918,96.461,101.859,106.813,82.001,52.217,38.734,0,8.45,-2.61,-1.8,-4.95,-6.46,-5.32,-5.82,-7.03,-6.67,-5.37,-6.7,0.3,4,2,2,1,0,0,0,0,0,0,1,3,211,168,177,229,139,122,99,97,86,131,140,205,0,0,0,0,3,9,9,12,26,0,2,0,177,183,217,165,282,277,313,318,330,290,251,186,42.159,59.852,88.718,91.999,111.168,100.35,102.637,107.544,84.627,71.996,58.894,42.855,30,26,29,26,31,30,31,31,30,30,28,29,0,0,0,0,0,0,0,0,0,0,0,0,138,45,57,10,1,4,1,1,3,20,20,66,69,60,58,63,68,75,76,68,71,64,55,65,-53,12.8,19.3,21.6,18.6,22.3,40.6,29.5,39.9,18.2,-28.3,-44.2,11.3,12.2,12.6,10.5,14,14.2,15.1,15.2,16,14.3,13.8,11.5,16,18.6,19.3,16.3,19,18.2,18.9,20.3,20.6,20,21.2,17.3,6.5,5.8,5.8,4.6,9,10.3,11.2,10.1,11.4,8.5,6.4,5.8
2262524,1970,7,7,"197006","196907",7.689,17.841,47.006,110.476,133.346,124.625,136.895,138.064,107.311,88.4,30.925,45.983,-1.75,-2.77,-2.87,-7.74,-8.76,-8.14,-9.48,-11.01,-9.86,-9.32,-5.47,-6.34,2,1,1,0,0,0,0,0,0,0,0,2,156,92,117,107,47,26,7,4,17,48,64,145,8,16,13,13,43,72,118,156,120,44,38,12,247,277,292,298,407,434,515,556,493,408,358,262,50.777,68.81,90.829,111.746,134.124,126.327,137.329,138.633,108.19,89.199,65.285,50.862,31,28,31,30,31,30,31,31,30,31,30,31,0,0,0,0,0,0,0,0,0,0,0,0,43,51,44,1,1,2,0,1,1,1,34,5,70,64,67,64,67,73,72,70,70,64,64,63,-53.6,12.9,17.7,21.6,18.3,22.7,37.1,31,41.9,18.8,-27.6,-44.4,13.4,15.3,14.8,15.1,18.2,19.5,21.6,23,21.5,18.2,17.3,13.8,18.1,21.1,20.2,21,23.6,24,26.2,28.2,26.5,24.1,23.2,19.2,8.6,9.5,9.5,9.2,12.7,15,17,17.8,16.5,12.2,11.3,8.4
4404154,1970,7,13,"197007","196908",0,0,4.047,98.446,151.802,151.001,175.672,171.257,126.309,7.93,11.524,0,47.67,5.07,0.5,-7.12,-11.22,-11.14,-14.09,-16.25,-14.22,-2.55,-4.36,30.3,5,3,2,1,0,0,0,0,0,0,1,4,258,185,183,204,82,47,24,20,37,105,178,236,0,0,2,0,20,43,54,73,67,11,1,1,146,170,214,190,350,384,433,455,420,320,211,161,35.109,56.389,87.84,109.393,154.581,159.898,176.397,172.073,128.436,83.098,54.761,35.673,28,25,28,24,30,30,31,31,29,30,25,28,3,0,0,0,0,0,0,0,0,0,0,1,522,121,84,11,3,9,1,1,2,75,43,357,72,59,56,51,49,52,47,43,47,53,51,67,-51.7,12.5,19.6,24.7,7.5,28.5,23.9,22.8,37,16.4,-28.4,-43.4,9.8,11.5,12.4,11.5,16.2,17.8,19,19.7,19,15.3,12.3,10.3,14.1,18.2,19.6,19.6,25,26.1,28.3,30.2,28.5,23.2,20.5,15.5,5.6,4.9,5.2,3.4,7.5,9.5,9.6,9.2,9.5,7.4,4.2,5.2
3737681,1970,7,24,"197007","196908",0,0,3.25,0,104.229,91.273,160.522,154.353,103.135,0,0,0,33.44,6.15,3.21,3.6,-6.3,-6.51,-15.13,-16.8,-12.73,3.81,1.76,22.02,87,56,62,57,1,0,0,0,0,15,32,77,593,489,553,540,318,193,78,98,168,437,472,578,0,0,0,0,0,3,13,12,8,0,0,0,3,8,8,8,100,199,338,317,231,42,21,3,0,35.336,51.816,0,113.179,131.736,165.202,154.941,106.879,51.596,33.023,0,4,2,2,1,12,24,30,27,22,6,4,2,109,23,27,40,1,0,0,0,0,10,8,70,343,78,49,51,9,40,5,1,4,74,43,231,63,49,48,51,48,50,44,38,42,50,50,53,-47.8,13.7,19.2,24.1,19.8,28.8,30.3,27.8,40.3,19,-24.8,-41.2,-1.1,0.4,0.2,0,7.7,11.6,15.9,15.2,12.6,4,2.3,-0.7,3.7,7.7,7.6,6.9,16.2,20,25.8,26.4,22.7,11.5,9.5,5.3,-5.9,-6.9,-7.1,-6.9,-0.7,3.2,6,3.9,2.6,-3.6,-5,-6.8
3801184,1970,7,24,"197007","196908",6.217,23.017,46.293,101.85,122.726,111.291,129.148,123.853,97.316,81.995,32.687,44.532,-1.5,-3.16,-2.72,-6.79,-7.67,-6.9,-8.63,-9.3,-8.46,-8.2,-5.51,-6.06,2,1,1,0,0,0,0,0,0,0,0,2,165,100,126,128,61,37,10,7,23,64,69,154,7,13,10,7,30,55,98,125,97,29,34,10,235,267,280,273,381,405,490,524,464,379,350,251,50.217,68.06,89.93,103.62,123.613,113.057,129.148,124.22,98.104,82.722,64.9,50.241,31,28,31,30,31,30,31,31,30,31,30,31,0,0,0,0,0,0,0,0,0,0,0,0,44,45,44,2,1,2,0,0,1,1,32,6,70,65,67,67,70,77,74,74,74,67,64,63,-53.4,12.9,17.7,20.7,20.2,21.8,38.3,31.6,42.1,19.2,-27.5,-44.3,13,15,14.5,14.3,17.3,18.5,20.8,21.9,20.5,17.2,17,13.5,17.7,20.7,19.9,19.6,22.2,22.3,25.1,26.3,24.8,22.6,22.9,18.8,8.3,9.2,9.1,8.9,12.4,14.7,16.6,17.5,16.2,11.9,11.1,8.1
4485099,1970,9,7,"197008","196909",0,0,0,37.485,154.009,139.251,208.055,190.153,130.387,0,0,0,36.36,3.59,2.4,-0.95,-12.45,-11.9,-21.68,-21.99,-17.12,-1.49,0.15,18.67,11,6,5,2,0,0,0,0,0,0,2,10,338,252,279,265,70,18,1,3,15,162,222,328,0,0,0,0,31,91,218,184,130,4,0,0,94,118,136,135,367,462,619,585,505,254,171,94,31.735,48.823,75.408,95.868,155.42,174.649,208.952,191.178,135.486,75.086,47.635,32.587,23,21,22,20,30,30,31,31,30,28,24,20,7,1,0,1,0,0,0,0,0,0,1,3,399,92,86,58,1,35,1,1,5,77,77,229,71,61,57,54,50,51,48,44,49,54,56,64,-50.7,12,18.7,23.5,10.8,27.9,22.4,24.5,38.5,17,-27.3,-42.9,7.2,8.8,9.1,9.2,16.8,20.4,25,23.9,21.9,13.1,10.6,7.3,11.5,15,15.8,16.6,25.4,29.1,34.7,34.4,31.1,20.7,17.7,12.8,2.9,2.7,2.3,1.9,8.3,11.8,15.3,13.4,12.7,5.6,3.5,1.9
4471174,1970,9,11,"197009","196910",0,0,3.297,92.493,151.991,153.509,193.131,171.045,128.588,5.906,13.145,0,41.9,4.17,0.68,-6.72,-11.77,-12.25,-17.82,-17.12,-15.51,-1.95,-4.01,27.82,6,4,3,1,0,0,0,0,0,0,1,5,271,213,220,223,68,28,5,11,28,112,199,261,0,0,0,0,29,68,133,105,83,12,0,0,140,145,180,171,370,427,534,497,445,312,189,144,31.275,48.746,77.977,103.253,153.79,164.766,193.587,172.077,131.244,74.058,49.081,30.92,29,25,27,23,30,30,31,31,30,30,25,29,3,0,0,0,0,0,0,0,0,0,0,1,459,101,75,11,2,11,0,1,3,68,36,323,77,65,60,53,52,53,48,46,47,61,57,73,-50.6,11.3,18.1,24,8.4,27.6,21.3,23.4,37.2,17.2,-27.5,-42.6,9.4,10.2,11,10.7,16.9,19.3,22.2,21.1,19.9,15,11.5,9.5,12.9,15.7,17.2,18.4,25.3,27.4,31.7,30.8,29.4,21.5,18.5,13.7,5.9,4.7,4.7,3.1,8.6,11.1,12.7,11.3,10.3,8.6,4.5,5.4
1767614,1970,10,17,"197010","196911",0,0,0,0,15.002,101.116,148.584,124.936,90.473,0,0,0,68.79,13.11,12.42,10.25,2.47,-6.21,-11.35,-10.33,-10.22,7.98,10.67,53.4,10,6,6,4,0,0,0,0,0,1,3,9,326,246,292,319,172,75,37,58,85,194,274,317,0,0,0,0,2,24,35,26,26,0,0,0,93,114,114,88,246,339,401,373,331,217,123,96,26.214,42.12,63.213,74.2,118.398,131.584,150.282,127.31,106.385,62.838,34.25,25.733,25,22,24,20,29,30,31,31,28,27,23,24,10,1,1,6,1,0,0,0,0,0,2,5,721,183,174,143,103,30,2,2,16,156,156,571,74,64,63,64,59,61,56,57,49,57,65,72,-49.7,10.4,16.4,20.3,14.5,24.9,28,26,37.5,16.9,-25.4,-41.7,7.6,9.1,8.7,7.4,12.8,16.3,17.9,17,16,11.9,8.9,7.7,11.4,14.7,14.4,13,19.5,22.7,25.5,24.2,24.9,18.9,14.3,12.3,3.8,3.5,3,1.9,6.1,9.9,10.4,9.8,7.2,5,3.4,3.1
1767307,1970,10,26,"197010","196911",0,0,0,17.945,60.287,76.465,91.473,83.941,71.399,1.835,0,0,27.74,2.37,2.64,1.31,-2.06,-3.87,-5.18,-5.33,-5.95,-0.5,1.85,19.18,5,4,4,4,0,0,0,0,0,1,2,5,259,196,256,309,205,144,132,138,167,212,213,255,0,0,0,0,0,6,4,5,8,0,0,0,138,148,138,95,208,249,273,268,231,197,167,140,28.386,46.303,61.209,63.757,90.905,86.212,92.492,85.673,77.082,55.644,38.552,27.364,30,26,28,25,30,30,31,31,28,28,27,29,2,0,0,1,0,0,0,0,0,0,1,1,318,83,75,46,31,10,1,2,6,54,77,235,77,65,70,74,73,79,77,75,65,66,65,76,-50.2,10.6,15,17.4,21.6,21.3,42.2,30.1,38.8,18.1,-26.1,-42.1,9.8,10.8,9.8,7.7,11.6,13.3,13.8,13.6,12.7,11.2,10.9,9.7,13.3,16.4,14.5,11.6,15.8,16.6,17.4,17.5,18.2,16.6,16.4,13.8,6.3,5.3,5.1,3.9,7.4,10,10.2,9.7,7.2,5.8,5.4,5.6
1776466,1970,12,5,"197011","196912",0,0,0,21.493,61.96,73.999,87.425,78.504,67.529,2.642,0,0,25.61,2.36,2.69,0.93,-2.31,-3.74,-4.87,-4.87,-5.46,-0.41,24.84,18.41,5,4,4,4,0,0,0,0,0,1,1,5,260,197,252,305,208,148,137,146,174,222,200,253,0,0,0,0,0,5,4,5,7,0,0,0,137,146,141,98,205,242,268,260,224,189,179,140,28.11,46.141,60.742,63.64,87.548,82.243,88.513,80.309,73.386,52.857,33.614,27.212,30,26,28,25,30,30,31,31,28,28,29,29,2,0,0,1,0,0,0,0,0,0,2,1,296,82,75,42,26,8,1,2,6,50,297,227,78,65,70,74,74,81,79,77,68,68,74,77,-50.1,10.6,14.8,17.3,22.4,21,43.2,30.5,38.9,18.4,-25.1,-42,9.7,10.8,10,7.9,11.5,13.1,13.6,13.3,12.4,10.9,11.5,9.8,13.1,16.3,14.5,11.7,15.4,16.1,16.9,16.8,17.5,15.8,15.5,13.7,6.3,5.3,5.4,4,7.5,10.1,10.3,9.8,7.3,5.9,7.5,5.8
304579,1971,2,13,"197102","197003",30.936,43.868,11.692,107.129,127.875,121.479,132.818,123.252,110.642,80.113,0,0,-4.29,-4.89,0.69,-7.31,-7.98,-7.48,-8.52,-8.64,-9.83,-8.01,3.16,2.94,4,3,1,1,0,0,0,0,0,0,1,4,228,186,162,167,98,73,39,43,58,106,146,228,1,0,2,0,12,25,34,37,42,6,1,0,172,172,237,231,329,342,398,398,374,319,244,164,53.064,62.699,90.484,109.235,128.65,121.972,133.649,124.435,112.107,82.359,57.527,46.67,26,25,30,28,31,30,31,31,30,31,29,27,0,0,0,0,0,0,0,0,0,0,0,0,22,19,79,2,1,0,1,1,1,2,104,90,60,60,62,59,64,69,67,66,60,62,63,58,-54.4,13.7,18.8,23.1,17.1,23.7,36,30,40.4,18.8,-27.1,-44.2,10.8,11.5,13.1,12.8,15.6,16.4,17.8,17.8,17.5,15.3,13.5,10.6,17.2,17.9,19.2,19.5,21.5,21.4,23.2,23.4,24.3,21.5,19.6,16.5,4.4,5.1,7,6.2,9.7,11.4,12.4,12.3,10.7,9,7.5,4.6
5840437,1971,3,18,"197103","197004",20.026,49.607,63.833,94.855,113.8,102.202,116.636,106.624,101.095,68.467,0,0,-3.43,-5.62,-4.6,-6.12,-6.7,-5.78,-6.95,-6.94,-8.65,-6.66,4.01,6.38,4,3,3,1,0,0,0,0,0,0,1,4,227,196,208,215,142,121,87,90,89,139,143,236,0,0,0,0,2,10,11,14,25,0,0,0,170,160,187,180,278,279,328,328,326,280,246,154,51.377,60.735,87.371,101.011,114.753,103.806,117.45,107.432,102.496,73.819,54.517,41.397,26,25,27,26,30,30,31,31,29,30,29,28,0,0,0,0,0,0,0,0,0,0,0,0,31,11,24,6,1,2,1,1,1,5,111,118,60,59,59,59,67,74,70,70,61,65,64,61,-54.5,13.5,19.5,23,18.7,22.7,38.1,30.2,40,18.8,-27.1,-43.7,10.8,11.1,11.4,11,13.9,14.3,15.5,15.5,15.8,14,13.7,10.3,17.2,17.6,18,17.6,19.2,18.5,20.4,20.4,22.3,19.6,19.4,15.4,4.4,4.6,4.8,4.5,8.6,10.2,10.7,10.7,9.4,8.3,7.9,5.2
304577,1971,3,28,"197103","197004",17.943,37.267,64.249,101.248,124.177,124.084,141.747,131.352,112.556,77.327,0,0,-3.01,-4.29,-4.59,-6.88,-7.8,-7.87,-9.62,-9.82,-10.42,-7.9,3.92,5.93,4,3,3,1,0,0,0,0,0,0,1,4,229,198,211,192,123,87,44,41,62,109,141,235,2,0,0,0,6,19,29,39,39,6,3,0,172,162,187,203,299,322,388,402,366,316,250,158,50.674,60.371,85.014,104.903,125.405,124.703,141.747,132.39,114.145,80.354,56.153,43.135,27,25,28,27,30,30,31,31,30,31,30,28,0,0,0,0,0,0,0,0,0,0,0,0,33,23,21,4,1,1,0,1,2,3,112,115,63,61,62,60,63,67,63,63,57,63,64,62,-54,13.4,18.9,22.9,17.5,23.9,34.4,29.4,40.2,18.9,-27,-43.8,10.8,11,11.3,11.9,14.6,15.8,17.5,18,17.2,15.1,13.7,10.3,16.7,17.2,17.4,18.4,20.5,21.2,23.7,24.2,24.4,21.1,19.4,15.5,4.9,4.9,5.2,5.4,8.6,10.3,11.3,11.7,10,9.2,8,5.2
5697344,1971,4,11,"197104","197005",4.738,36.532,15.574,77.305,151.197,149.215,170.888,150.218,133.208,60.029,0,0,-1.62,-4.34,-0.1,-4.78,-11.05,-10.78,-13.39,-12.66,-15.06,-7.01,10.31,11.75,5,4,3,1,0,0,0,0,0,0,1,6,260,213,213,180,66,44,17,25,29,105,158,270,0,0,0,1,28,47,72,61,82,10,3,0,147,143,184,215,373,391,457,438,443,321,233,131,40.601,52.052,80.188,103.874,152.944,154.103,171.293,151.04,134.117,79.676,46.333,33.123,27,24,28,28,31,30,31,31,30,30,30,28,0,0,0,0,0,0,0,0,0,0,0,1,36,16,65,27,2,5,0,1,1,20,167,161,67,63,61,59,53,56,52,53,47,59,68,68,-52.8,12,18.3,22.7,9,27.3,26.2,25.8,37.2,17.3,-26.7,-42.9,9.8,10.2,11.2,12.4,17,18.1,19.7,19.1,19.8,15.3,13.1,9.2,14.9,16,17.4,19,25,25.6,28.1,27.3,29.3,22.2,18.2,13.5,4.6,4.4,5,5.7,9,10.5,11.4,11,10.2,8.5,8,4.9
1777507,1971,4,12,"197104","197005",0,0,0,0,67.902,80.327,92.736,82.383,72.039,3.616,0,0,14.21,4.99,18.23,4.81,-2.81,-4.16,-5.22,-5.16,-5.99,-0.56,24.3,21.21,9,7,6,3,0,0,0,0,0,1,1,8,320,264,299,279,199,141,131,140,166,210,192,299,0,0,0,0,0,6,5,5,8,0,0,0,93,95,105,118,214,252,275,266,233,200,188,102,28.022,39.009,51.274,64.588,91.138,88.707,94.491,84.501,77.775,54.144,34.183,23.617,25,23,27,27,30,30,31,31,28,29,29,28,2,1,1,1,0,0,0,0,0,0,1,2,175,90,217,84,23,8,2,2,6,51,293,244,74,69,76,76,73,78,76,76,65,68,74,74,-50.1,9.7,13.3,16.9,21.4,21.2,41.6,30.1,38.7,18.3,-25.2,-41.4,7.8,8.4,8.4,8.7,11.8,13.4,13.8,13.5,12.7,11.3,11.8,8.3,11.7,13.1,12,12.4,16,16.8,17.6,17.4,18.3,16.3,15.8,11.6,3.9,3.8,4.8,5.1,7.6,10,10.1,9.7,7.2,6.3,7.7,5
3801183,1971,4,15,"197104","197005",38.971,46.018,83.635,107.465,156.23,156.493,185.368,173.043,142.543,98.068,0,0,-5.86,-5.7,-6.88,-7.79,-11.46,-11.69,-15.61,-16.1,-15.71,-11.41,1.99,3.49,2,2,1,0,0,0,0,0,0,0,0,3,162,134,122,98,35,16,2,2,12,35,85,184,9,7,14,17,60,96,186,198,142,64,25,6,244,231,291,309,437,472,587,598,520,441,325,218,60.405,69.577,99.823,124.119,157.235,157.726,185.368,173.825,143.55,99.561,65.991,50.408,29,27,31,30,31,30,31,31,30,31,30,30,0,0,0,0,0,0,0,0,0,0,0,0,21,24,16,17,1,1,0,1,1,1,112,103,58,59,59,57,58,62,58,57,52,58,60,61,-55.8,14,19.7,23.7,14.5,25.7,30.9,29.5,40.5,18.1,-27.8,-44.4,13.1,13.5,14.6,15.5,19.2,20.7,24,24.3,22.4,19.3,16.1,12.3,20,20.3,21.3,22.6,26.3,27.3,31.5,32,30.8,26.4,22.7,18.3,6.2,6.8,8,8.3,12,14.2,16.4,16.7,13.9,12.2,9.5,6.4
4460311,1971,4,25,"197104","197005",0,42.116,0,85.318,163.14,163.901,201.371,177.791,137.576,42.689,0,0,4.31,-4.84,4.49,-5.94,-12.99,-13.37,-18.71,-17.88,-17.01,-6.28,18.67,22.64,8,6,3,1,0,0,0,0,0,0,1,9,304,245,240,175,47,19,4,8,21,96,173,323,0,0,0,3,45,87,146,118,103,16,3,0,115,121,165,222,408,457,547,514,472,332,219,94,36.484,51.346,77.677,108.882,164.497,174.14,201.841,178.816,139.807,83.868,43.367,28.233,24,20,25,27,31,30,31,31,30,30,29,25,1,0,0,0,0,0,0,0,0,0,1,3,86,9,110,24,1,10,0,1,2,41,249,259,66,58,59,54,49,51,45,44,44,53,68,69,-52.1,12.6,18.5,23.6,6.2,28.4,19.8,22.8,36.6,16.3,-26.5,-42.2,8.3,9.1,10.3,12.5,18.2,20.2,22.7,21.6,20.7,15.7,12.5,7.5,13.4,15.7,16.8,20,27,28.9,32.8,31.9,31.1,23.6,17.6,11.5,3.2,2.5,3.8,5.1,9.3,11.6,12.6,11.3,10.4,7.8,7.5,3.5
2866494,1971,4,30,"197104","197005",38.23,45.415,87.762,106.666,156.678,164.799,199.781,183.931,148.921,100.375,0,0,-5.76,-5.71,-7.45,-7.69,-11.51,-12.72,-17.86,-18.03,-16.99,-11.8,1.34,4.58,3,2,1,0,0,0,0,0,0,0,0,3,186,158,137,124,46,19,2,2,14,45,96,211,6,4,11,11,46,88,191,208,134,50,21,3,219,206,274,279,411,459,592,609,510,415,312,190,60.198,70.391,103.512,123.05,157.93,165.817,199.781,184.506,149.814,101.814,68.005,49.92,27,26,30,29,31,30,31,31,30,31,30,28,0,0,0,0,0,0,0,0,0,0,0,0,22,25,16,16,1,1,0,1,1,1,110,113,56,55,55,55,56,57,52,53,48,55,57,59,-55.7,14.7,20.8,24.3,14.9,26.6,29.8,29.5,40.4,18.1,-28,-44.4,12.2,12.6,14.1,14.4,18.3,20.3,24.1,24.7,22,18.4,15.6,11.3,19.4,19.9,21.5,21.9,25.8,27.7,32.8,33.2,31.4,26.1,22.8,17.5,5,5.3,6.7,6.9,10.7,12.9,15.5,16.2,12.7,10.7,8.5,5.1
2262509,1971,5,10,"197105","197006",34.175,43.405,87.333,98.588,113.579,159.938,193.245,176.165,145.658,96.092,0,0,-4.95,-5.25,-7.23,-6.74,-6.72,-12.16,-16.88,-16.87,-16.41,-11.07,0.2,5.04,3,3,1,0,0,0,0,0,0,0,0,3,190,171,157,148,117,25,3,2,16,48,101,203,6,3,7,7,11,74,164,194,125,46,18,4,214,192,251,252,307,435,565,594,499,410,304,197,56.342,67.432,98.619,114.82,130.341,161.935,193.245,177.518,146.774,98.14,65.601,45.877,29,26,29,29,30,30,31,31,30,31,30,30,0,0,0,0,0,0,0,0,0,0,0,0,22,24,11,16,17,2,0,1,1,2,93,110,61,58,57,58,62,57,53,55,50,58,60,66,-54.7,14.3,20.2,23.4,19.5,26.5,30.9,30.1,40.8,18.4,-27.6,-43.9,12.1,12.1,13.3,13.5,14.8,19.5,23.2,24.2,21.7,18.2,15.4,11.6,18.3,18.9,20.3,20.4,21.1,26.9,31.7,32.2,30.8,25.4,22,16.7,5.8,5.3,6.3,6.6,8.5,12.2,14.8,16.2,12.6,11.1,8.7,6.6
304593,1971,5,11,"197105","197006",40.264,48.584,81.848,95.908,101.646,126.463,149.315,138.134,121.181,84.952,0,0,-5.39,-5.48,-6.31,-6.25,-5.6,-8.3,-10.77,-10.94,-11.66,-8.84,0.48,1.36,2,2,1,0,0,0,0,0,0,0,0,3,170,138,132,114,89,26,5,5,19,46,97,186,7,6,11,12,18,73,130,145,113,46,18,5,234,225,277,289,340,435,531,545,484,412,308,215,56.601,65.883,91.818,109.629,112.836,128.365,149.315,138.408,121.887,86.154,60.311,48.094,30,28,31,30,31,30,31,31,30,31,30,31,0,0,0,0,0,0,0,0,0,0,0,0,16,17,10,14,11,2,0,0,1,1,82,76,62,63,65,64,73,72,69,69,62,67,66,65,-54.8,13.3,18.2,21.5,22.1,22.9,35.6,31.1,41.5,19,-27.1,-44.2,12.8,13.3,14.3,14.8,15.9,19.5,22.1,22.6,21.2,18.3,15.6,12.3,18.9,19.4,20,20.6,20.3,24.1,27.5,27.9,27.6,23.8,21.2,17.6,6.7,7.3,8.5,9,11.5,14.9,16.8,17.3,14.7,12.8,10,6.9
5504866,1971,5,17,"197105","197006",1.217,34.956,11.221,62.256,102.209,124.776,146.798,128.558,117.479,52.932,0,0,-0.83,-4.04,0.38,-3.24,-5.82,-8.09,-10.42,-9.81,-12.2,-5.84,11.85,11.59,7,5,3,1,0,0,0,0,0,0,1,7,281,221,215,192,144,59,27,40,37,115,157,281,0,0,0,0,4,33,49,40,67,7,2,0,129,136,181,202,276,363,425,403,420,308,234,121,36.975,49.099,74.988,93.409,110.501,132.133,147.269,129.415,118.371,71.659,43.437,29.849,26,25,29,28,30,30,31,31,30,31,30,28,0,0,0,0,0,0,0,0,0,0,0,1,36,14,64,31,8,7,0,1,1,19,178,153,70,66,65,65,68,65,61,62,55,64,71,71,-51.9,11.4,17.1,20.8,18.5,24.5,31.1,27.7,38.3,17.8,-26.3,-42.4,9.1,9.9,11.1,11.9,13.8,17.1,18.7,18,19,14.9,13.1,8.9,13.7,15.3,16.6,17.5,18.9,23,25.2,24.4,26.9,20.7,17.7,12.5,4.5,4.6,5.6,6.3,8.7,11.3,12.2,11.6,11.2,9.1,8.6,5.2
469006,1971,5,18,"197105","197006",39.898,42.43,85.591,84.233,87.117,121.23,139.238,130.143,117.315,83.66,0,0,-5.35,-4.81,-6.66,-5.02,-4.19,-7.75,-9.63,-9.98,-10.93,-8.57,-1.25,1.39,3,2,1,0,0,0,0,0,0,0,0,3,186,159,155,146,119,40,10,8,28,59,111,196,5,4,7,6,9,51,99,121,85,33,13,3,216,202,251,254,304,399,491,518,447,388,289,201,58.183,66.67,94.624,103.324,107.632,122.808,139.828,132.2,118.203,86.071,64.38,50.364,29,27,30,29,31,30,31,31,30,31,30,30,0,0,0,0,0,0,0,0,0,0,0,0,18,24,9,19,21,2,1,2,1,2,71,79,60,61,61,66,73,72,70,70,62,66,61,62,-54.9,13.8,19.2,21.1,23.5,22.8,37.4,31.8,42.1,19.2,-27.3,-44.2,12.2,12.6,13.4,13.6,14.7,18.3,20.8,21.7,19.9,17.5,15,11.9,18.6,18.9,19.7,19.1,19,22.8,25.8,26.7,26.3,23.2,21.4,17.7,5.8,6.2,7.1,8.1,10.4,13.8,15.9,16.7,13.6,11.9,8.6,6.1
202478,1971,5,21,"197105","197006",7.67,49.486,65.68,69.423,92.416,134.778,156.392,143.758,123.539,81.728,0,0,-2.22,-5.69,-4.99,-3.7,-4.57,-8.89,-11.24,-11.31,-12.3,-8.96,6.47,10.09,5,4,3,1,0,0,0,0,0,0,1,5,247,204,209,205,172,78,35,41,58,112,139,250,0,0,0,0,0,23,38,39,42,6,4,0,157,151,188,190,246,335,406,402,374,311,253,146,50.822,60.764,90.939,102.634,114.66,136.355,157.236,144.455,124.814,87.252,58.371,41.767,25,23,26,27,30,30,31,31,29,30,29,27,0,0,0,0,0,0,0,0,0,0,0,1,43,11,25,33,22,2,1,1,1,6,145,156,59,58,56,59,65,61,56,56,50,55,60,58,-54.4,13.8,20.4,23,19,25.8,31,28,39.2,18,-27.6,-43.8,10.2,10.6,11.4,11.4,12.8,16.2,18.1,17.9,17.4,15,13.8,9.8,16.8,17.3,18.6,18,18.5,22.6,25.5,25.5,26.2,22.4,20.3,15.3,3.6,3.8,4.1,4.8,7.2,9.8,10.6,10.4,8.7,7.6,7.3,4.4
202466,1971,5,23,"197105","197006",8.389,50.81,72.141,79.391,119.068,179.137,209.561,189.794,148.82,94.889,0,0,-1.56,-5.61,-6.09,-5.09,-7.45,-14.8,-19.55,-19.17,-17.73,-11.7,5.62,11,8,6,3,1,0,0,0,0,0,0,1,8,308,246,229,203,146,37,7,12,38,114,172,308,0,0,0,0,6,55,116,101,65,9,2,0,113,122,176,194,275,405,513,491,418,309,220,104,49.6,61.455,97.359,116.034,141.541,180.382,209.561,190.548,150.115,99.365,61.184,41.345,17,17,21,23,28,30,31,31,28,27,26,20,0,0,0,0,0,0,0,0,0,0,0,1,41,11,25,37,22,1,0,1,1,4,144,158,54,52,48,50,52,45,41,40,38,44,53,53,-54.2,15,22.6,25.8,13.7,30.6,22.5,24.7,37.6,17.1,-28,-43.8,8.2,9.1,10.7,11.5,13.8,18.5,21.6,20.9,18.9,14.9,12.6,8,15.5,16.8,19.4,19.9,21.9,28.3,32.6,32.1,30.6,24.7,20.4,14.1,0.9,1.3,2,3.1,5.7,8.7,10.5,9.6,7.3,5.2,4.7,1.8
3801172,1971,5,28,"197105","197006",41.101,49.284,85.003,89.525,96.72,119.186,135.708,126.893,115.079,81.11,0,0,-5.41,-5.52,-6.59,-5.53,-5.16,-7.54,-9.23,-9.54,-10.6,-8.12,-0.22,1.47,3,2,1,0,0,0,0,0,0,0,0,3,185,151,143,137,109,36,10,8,26,62,107,195,5,5,8,7,12,56,101,118,89,30,14,3,217,210,264,264,316,407,493,514,453,382,294,201,57.017,66.672,93.854,104.652,107.085,120.694,136.401,127.597,115.99,82.43,61.842,48.996,29,27,31,30,31,30,31,31,30,31,30,30,0,0,0,0,0,0,0,0,0,0,0,0,16,17,9,15,10,2,1,1,1,1,77,78,61,61,62,65,74,74,72,72,64,68,63,64,-54.8,13.7,18.9,21.1,23.3,22.5,37.5,31.6,41.9,19.2,-27.2,-44.2,12.3,12.9,13.8,13.9,15.1,18.6,20.9,21.6,20.1,17.3,15.1,11.9,18.6,19.2,19.9,19.5,19.3,22.9,25.6,26.3,26.3,22.6,21.1,17.5,6,6.6,7.7,8.4,11,14.3,16.2,16.9,14,12.1,9.2,6.3
4488222,1971,7,1,"197106","197007",0,27.267,0,33.875,74.523,128.891,214.782,192.633,128.339,34.471,0,0,8.63,-1.74,17.01,-0.65,-4.04,-10.65,-23.54,-23.6,-17.29,-6.67,24.13,25.9,43,24,19,3,0,0,0,0,0,1,7,60,501,392,416,290,206,88,8,14,104,231,337,544,0,0,0,0,2,19,112,93,20,0,0,0,20,35,49,115,206,321,507,481,306,181,83,8,27.755,42.194,63.28,97.534,129.185,165.306,215.613,193.902,130.912,79.113,34.671,19.624,6,5,8,14,24,28,31,30,20,14,18,6,13,1,14,1,1,0,0,0,0,0,10,56,105,15,206,64,55,36,1,1,3,45,282,269,58,50,52,48,49,42,35,33,31,38,63,61,-49.8,13.4,18.9,24.7,15.7,28.1,20.7,23.8,38.6,15.9,-25.2,-40.7,1.9,3.9,4.6,8.4,11.5,15.7,21.4,20.5,15.2,10.6,6.8,0.4,7.9,11.4,11.9,16.8,20,25.9,33.9,33.7,28.3,21.3,12.4,4.7,-4,-3.7,-2.6,0,3.1,5.5,8.8,7.3,2.1,-0.2,1.2,-4
1804476,1971,10,6,"197109","197010",0,0,0,0,38.973,27.161,79.491,59.18,5.518,0,0,0,16.15,5.25,20.33,6.66,-0.43,0.8,-4.25,-3.15,0.74,0.69,29.81,23.04,10,7,7,3,0,0,0,0,0,1,1,9,324,267,310,290,235,188,149,110,165,217,197,314,0,0,0,0,0,3,3,9,8,0,0,0,90,93,96,109,170,204,251,298,233,192,182,90,28.9,39.176,50.385,62.384,73.608,75.633,82.52,78.172,67.323,53.529,34.083,23.263,24,22,27,27,30,30,31,31,29,28,29,27,3,1,2,2,1,0,0,0,1,0,2,2,196,93,236,100,35,48,3,19,62,63,348,261,72,68,76,76,80,82,81,80,73,67,73,73,-50.4,9.8,13.3,16.7,26.2,20,44.8,30.7,39.1,18.3,-25.2,-41.3,7.7,8.3,8.1,8.4,10.3,11.8,13.1,14.7,12.7,11,11.6,7.8,11.9,13.1,11.7,11.9,13.3,14.6,16.1,17.7,16.9,16.1,15.7,11.2,3.4,3.5,4.4,4.8,7.2,9,10.1,11.6,8.5,5.9,7.4,4.4
5142612,1971,11,7,"197110","197011",0,45.227,0,101.279,125.229,171.443,215.3,191.349,125.082,79.51,0,0,2.75,-5.73,2.39,-7.86,-8.71,-14.67,-22.02,-21.53,-15.93,-10.57,9.02,11.09,10,5,3,0,0,0,0,0,0,0,1,13,329,237,226,139,57,10,1,1,15,96,185,364,0,0,1,10,40,121,269,244,129,19,3,0,100,131,181,262,389,504,670,645,503,331,209,70,34.913,52.868,78.293,113.799,146.875,181.412,215.808,192.692,135.748,84.547,41.885,24.356,20,19,26,28,31,30,31,31,30,29,28,22,1,0,0,0,0,0,0,0,0,0,1,3,68,8,92,13,22,10,1,1,11,5,153,137,63,54,58,53,56,51,48,47,47,49,66,68,-52,12.9,18.4,23.5,10.7,25.9,18.5,22.3,37.4,15.5,-26.5,-41.5,7.5,9.4,10.8,13.9,17.5,21.8,26.7,25.8,21.8,15.7,12,6.2,13.1,16.8,17.6,21.6,25,30.6,36.4,35.9,31.5,24.4,17.5,9.9,1.9,2,4,6.1,10.1,13.1,16.9,15.8,12.2,7,6.6,2.4
3801173,1972,3,10,"197203","197104",61.299,71.969,110.342,85.666,101.778,147.646,172.738,157.567,129.856,75.844,60.909,0,-7.88,-8.78,-9.98,-5.22,-5.46,-10.36,-13.58,-13.81,-13.23,-8.64,-8.07,2.16,3,1,1,0,0,0,0,0,0,0,1,5,206,120,85,118,90,30,4,2,12,53,142,247,4,9,26,12,19,65,146,204,144,43,9,1,192,246,336,286,339,421,546,604,523,399,257,157,65.036,80.673,116.908,117.062,124.026,148.447,173.291,161.489,133.378,102.668,68.387,48.973,24,27,31,30,31,30,31,31,30,31,28,26,0,0,0,0,0,0,0,0,0,0,0,0,4,9,7,31,22,1,1,4,4,27,7,81,51,52,54,60,68,63,60,64,60,56,55,60,-55.7,15.9,21.8,22.8,21.4,22.5,34.3,31.7,42.1,19,-27.3,-44,11.4,14.1,16.2,14.6,15.9,19.1,22.6,24.5,22.5,17.9,13.7,10,19.5,22.2,24.1,21.1,21.1,25.3,29.6,30.9,29.4,25.5,21.2,15.9,3.4,6,8.3,8.1,10.6,12.8,15.7,18.2,15.5,10.3,6.3,4
202485,1972,3,29,"197203","197104",28.069,43.772,89.248,67.035,75.38,105.812,109.848,103.53,89.816,71.101,17.212,0,-3.88,-5.18,-7.57,-3.36,-3.22,-6.02,-6.37,-6.84,-7.37,-7.08,-3.39,6.54,5,2,1,1,0,0,0,0,0,0,1,7,260,164,130,214,199,131,98,61,80,153,184,288,0,0,7,0,0,8,9,25,28,0,0,0,141,188,271,182,213,266,315,368,338,265,202,114,48.849,61.867,96.592,93.937,93.582,106.789,110.66,104.342,93.16,78.081,55.581,39.631,24,27,31,27,30,30,31,31,30,29,27,24,0,0,0,0,0,0,0,0,0,0,0,1,21,18,7,27,18,1,1,1,3,7,38,111,60,61,59,64,74,72,72,74,68,60,59,67,-53.9,13.1,19.6,21.3,23.4,20.8,39.4,30.3,40.3,18.6,-27.2,-43.5,9.8,12.4,14.3,11.1,11.8,13.9,15.1,16.9,16.3,13.5,12.1,8.6,16,18.5,21,16.7,15.8,18.4,19.5,21.1,21.4,20,18.7,13.9,3.5,6.2,7.7,5.5,7.8,9.4,10.7,12.7,11.1,7,5.5,3.3
202497,1972,4,22,"197204","197105",25.876,43.833,94.575,88.511,85.958,126.061,135.65,128.556,103.235,76.835,15.869,0,-3.5,-5.25,-8.25,-5.61,-4.01,-7.85,-8.8,-9.48,-9.17,-8.16,-3.45,8.01,6,2,1,1,0,0,0,0,0,0,1,7,271,165,125,172,183,103,57,34,62,134,183,294,0,1,10,0,0,14,21,47,39,2,0,0,134,189,278,225,234,302,368,416,366,286,205,112,48.523,62.49,99.54,106.513,105.404,126.972,136.468,128.978,106.248,85.224,57.182,39.946,23,27,30,28,30,30,31,31,30,29,27,23,0,0,0,0,0,0,0,0,0,0,0,1,23,19,5,18,19,1,1,0,3,8,41,126,60,61,57,60,69,64,63,65,62,55,57,66,-53.9,13.3,20.2,22.8,20.9,22.2,34.6,28.9,39.9,18.1,-27.4,-43.6,9.4,12.3,14.5,12.6,12.4,15.1,16.8,18.4,17.2,14.2,12.1,8.4,15.8,18.7,21.5,19.2,17.3,21,22.9,24.3,23.6,21.6,19.1,13.9,3.1,6,7.5,6.1,7.5,9.2,10.8,12.5,10.8,6.7,5.2,2.9
202472,1972,5,16,"197205","197106",26.443,49.131,105.727,109.663,159.13,175.368,197.381,185.176,139.448,91.574,30.502,0,-2.67,-6.15,-10.08,-8.31,-11.94,-14.17,-17.47,-18.45,-15.8,-11.39,-5.43,8.75,11,3,1,1,0,0,0,0,0,0,2,12,344,195,136,161,87,43,9,6,32,128,218,355,0,0,10,4,19,47,106,130,75,7,0,0,86,167,272,237,343,391,500,531,433,293,172,73,46.498,64.43,108.333,123.139,160.798,177.438,198.886,186.549,141.578,99.828,59.247,39.655,15,23,28,26,30,30,31,31,29,26,21,15,0,0,0,0,0,0,0,0,0,0,0,2,20,15,3,13,2,2,2,1,2,8,29,127,55,55,49,49,47,45,45,45,44,42,49,61,-53.5,14.4,22.4,25.9,9.8,27.3,24,24.9,38.1,17,-27.8,-43.6,7,11.2,14.1,13,16,18.1,21.1,22.1,19.4,14.4,10.7,6.5,14.1,18.5,22.7,21.6,25.1,27.8,31.3,32.3,29.6,24.6,19.1,12.9,-0.1,3.8,5.5,4.5,6.9,8.3,11,12,9.3,4.2,2.4,0
5569853,1972,8,18,"197208","197109",0,3.66,72.597,55.543,107.068,102.636,114.985,106.166,88.075,64.587,0,0,0.02,-1.08,-6,-2.46,-6.2,-5.77,-7.06,-7.23,-7.88,-6.53,0.08,12.6,8,3,1,1,0,0,0,0,0,0,2,10,302,195,161,199,157,112,56,62,63,180,206,324,0,0,4,0,1,12,22,24,38,0,0,0,109,160,236,195,263,290,368,366,364,235,176,88,40.794,53.264,86.923,93.183,110.201,111.17,117.191,108.058,100.387,70.214,48.933,32.555,22,26,30,28,30,30,31,31,30,29,26,23,0,0,0,0,0,0,0,0,0,0,0,2,46,50,14,38,3,9,2,2,12,6,67,161,63,65,61,65,67,70,72,71,63,61,61,71,-52.8,11.8,18.6,20.9,18.3,22.6,37.2,29.1,39,18.2,-27,-42.8,8.4,11.2,13.2,11.7,13.4,14.7,16.9,16.8,17.1,12.5,11.2,7.5,14,16.7,19.5,17.3,18.5,19.4,21.4,21.5,23.3,18.7,17.5,12.1,2.7,5.6,6.8,6.1,8.2,9.9,12.3,12.1,11,6.2,4.9,2.8
202454,1972,8,26,"197208","197109",28.943,45.31,90.716,83.208,109.44,100.88,106.015,97.38,87.04,70.696,19.258,0,-3.94,-5.34,-7.72,-5.02,-6.29,-5.7,-6.1,-6.21,-7.03,-6.99,-3.58,6.53,5,2,1,1,0,0,0,0,0,0,1,7,260,160,126,176,153,113,90,79,82,152,182,286,0,0,8,0,0,11,10,17,28,0,0,0,140,192,275,220,267,289,324,342,336,266,204,116,48.686,61.859,96.701,101.099,111.156,102.914,107.128,98.238,89.988,77.317,55.459,39.747,24,27,31,29,30,30,31,31,30,29,27,24,0,0,0,0,0,0,0,0,0,0,0,1,20,17,6,18,2,2,1,1,3,7,36,111,60,62,59,63,68,75,75,75,70,60,59,67,-53.9,13,19.6,21.7,19.6,22.4,40.1,30.7,40.4,18.6,-27.2,-43.6,9.7,12.5,14.5,12.5,13.5,14.6,15.4,16,16.2,13.5,12.2,8.7,16,18.7,21.1,18.4,18.6,18.6,19.5,19.9,21.1,19.9,18.7,14,3.5,6.4,7.9,6.6,8.4,10.6,11.4,12.1,11.3,7.1,5.6,3.4
202471,1972,8,27,"197208","197109",27.475,44.786,96.328,93.363,129.343,130.545,141.735,131.754,108.523,79.529,17.667,0,-3.7,-5.42,-8.5,-6.18,-8.22,-8.44,-9.52,-9.81,-9.98,-8.65,-3.69,7.78,6,2,1,1,0,0,0,0,0,0,1,7,270,162,121,160,120,72,42,39,54,126,182,292,0,2,11,2,7,26,31,41,45,4,0,0,135,193,284,237,303,344,392,406,381,295,207,114,48.905,63.214,100.569,110.813,131.067,132.466,142.907,132.282,111.393,87.803,57.598,40.832,23,27,31,28,30,30,31,31,30,29,26,23,0,0,0,0,0,0,0,0,0,0,0,1,21,18,4,17,2,2,1,1,3,8,40,125,59,60,57,58,60,64,62,62,59,54,57,65,-54,13.4,20.3,23.3,15.6,25,33.5,28.8,39.8,18,-27.5,-43.7,9.4,12.4,14.7,13.1,14.7,16.5,17.6,18.1,17.7,14.5,12.2,8.5,15.8,18.9,21.8,19.9,21.2,22.4,23.9,24.4,24.5,22.2,19.2,14.2,3,6,7.6,6.2,8.1,10.5,11.3,11.8,10.9,6.7,5.1,2.8
2342720,1972,9,19,"197209","197110",0,0,61.762,0,99.07,105.256,147.923,125.475,51.219,28.651,0,0,5.37,4.17,-3.7,6.26,-6.04,-7.96,-13.19,-12,-5.39,-1.76,15.29,24.43,129,62,18,25,1,0,0,0,1,9,43,161,654,501,412,461,303,156,77,101,225,397,502,693,0,0,0,0,0,5,14,11,4,0,0,0,0,7,49,24,113,231,340,313,172,59,16,0,0,0,68.229,72.4,109.849,129.593,152.592,132.232,85.829,56.059,30.401,0,2,2,7,3,17,28,31,30,23,9,4,1,29,19,0,38,1,0,0,0,1,2,42,172,58,56,6,91,11,24,5,7,35,27,172,245,57,53,50,51,53,55,52,52,56,52,56,64,-47.6,13.5,20,24.5,20.8,27.1,32.8,29.5,41,19,-24.1,-40.4,-3.1,0,4.8,2.6,8.2,12.7,15.9,15.1,10.5,5.2,1.3,-4.5,2.4,6.5,12.5,9.9,15.8,20.1,24.2,23.1,17.6,12.6,7.4,0.8,-8.6,-6.5,-2.9,-4.6,0.7,5.3,7.7,7,3.4,-2.1,-4.9,-9.8
3425410,1973,1,26,"197301","197202",0,1.081,74.232,59.184,118.576,119.077,116.939,110.21,68.33,0,0,0,20.32,-0.73,-6.35,-3.05,-7.45,-7.49,-7.42,-7.85,-5.67,2.69,10.6,3.7,7,3,1,0,0,0,0,0,0,0,1,10,284,185,133,150,108,72,42,44,71,89,190,325,0,0,9,4,11,26,31,37,33,15,0,0,123,170,269,246,317,344,393,397,352,340,195,88,32.882,47.567,83.708,96.348,120.078,122.874,117.267,111.015,86.121,61.369,37.63,28.058,28,28,31,29,31,30,31,31,30,31,30,25,2,0,0,0,0,0,0,0,0,0,1,1,241,46,9,37,2,4,0,1,18,91,155,68,75,71,65,66,66,68,73,71,71,75,75,73,-50.8,10.3,17.3,20.3,16,23.1,37.1,28.9,39.6,18.6,-25.3,-42.2,9,11.6,14.2,13.4,15.1,16.5,17.7,17.8,16.7,16,11.8,7.4,12.7,16.1,19.9,18.9,20.7,21.7,22.1,22.6,21.5,20,15.6,11.2,5.2,7,8.5,8,9.6,11.2,13.3,13,12,11.9,8.1,3.7
2866599,1973,3,7,"197302","197203",0,0,113.284,131.196,164.764,183.011,224.286,188.649,136.502,84.819,2.583,18.27,0.15,3.23,-10.97,-10.99,-13,-16.08,-22.93,-20.2,-15.63,-9.85,-2.5,-3.76,7,4,1,0,0,0,0,0,0,0,1,5,284,197,99,104,53,12,1,2,15,64,168,240,0,1,21,16,40,110,227,216,129,33,4,2,134,163,320,302,395,493,628,616,504,379,227,162,52.32,60.892,114.702,137.124,169.403,188.997,224.907,197.88,143.501,95.048,62.852,50.62,21,25,30,28,31,30,31,31,30,31,27,24,1,0,0,0,0,0,0,0,0,0,0,0,62,99,1,6,5,6,1,9,7,10,60,32,57,62,52,48,49,50,45,48,52,58,56,63,-53.9,13.4,21.9,26.1,14.1,29.3,28.4,29.8,41.3,18.5,-27.4,-44.4,9,10.8,15.6,15.2,17.8,21.5,25.3,24.9,21.8,17.2,12.7,10.2,15.7,16.9,23.8,24.1,26.7,30.5,35.7,34.6,30.5,24.4,20,17,2.2,4.7,7.4,6.4,8.8,12.4,14.9,15.3,13.2,10.1,5.4,3.3
2457183,1973,3,9,"197303","197204",0,0,0,78.003,137.505,146.074,160.975,146.524,96.552,0,0,0,16.36,14.03,2.3,-4.99,-9.36,-10.35,-12.16,-12.25,-9.49,2.49,9.42,2.6,6,3,3,0,0,0,0,0,0,0,1,9,275,183,233,152,99,53,17,21,48,75,191,314,0,0,0,4,14,38,72,70,52,23,0,0,131,171,164,245,328,374,457,451,394,361,196,98,37.037,48.457,71.269,108.81,138.92,149.876,161.145,147.79,111.123,75.717,42.123,32.613,27,28,28,28,30,30,31,31,30,31,29,24,2,0,0,0,0,0,0,0,0,0,1,1,208,195,78,31,1,4,0,1,15,110,149,64,71,71,67,58,57,57,57,56,58,65,70,69,-51.9,10.4,16.6,22.9,11.8,26,28,25.9,38.6,17.6,-26,-42.8,9.3,11.6,10.6,13.4,15.5,17.5,19.7,19.6,18.1,16.7,11.8,7.8,13.8,16.2,15.7,20.3,22.8,24.8,27.1,27.2,25.3,22.4,16.4,12.5,4.8,7.1,5.4,6.5,8.3,10.1,12.4,11.9,10.9,10.9,7.2,3.1
2439512,1973,3,24,"197303","197204",0,0,0,66.839,156.274,191.149,219.454,190.125,105.009,19.474,0,0,19.92,14.42,2.42,-4.28,-12.68,-17.82,-22.55,-20.9,-12.48,-3.4,9.45,5.68,16,4,4,0,0,0,0,0,0,0,3,23,384,205,241,121,27,4,1,1,23,86,253,428,0,0,0,14,81,183,262,232,96,24,0,0,64,156,168,283,461,569,663,632,463,345,148,40,28.811,42.764,70.714,110.427,169.816,197.719,219.818,190.56,126.508,74.716,36.53,24.263,19,27,27,29,31,30,31,31,30,31,26,14,7,0,0,0,0,0,0,0,0,0,2,4,225,193,82,44,14,7,0,0,21,55,142,77,71,72,64,58,51,49,46,47,50,61,69,73,-50,9.6,16.8,22.3,6.6,27.7,18.6,23.1,38.3,16.7,-25.4,-41.5,5.7,10.5,10.3,14.5,19.9,24,26.4,25.4,20.4,16.1,9.6,4.1,10,14.9,15.9,21.5,28.7,33.3,36.6,35.3,29.3,22.6,14.3,8.4,1.4,6.2,4.7,7.6,11.2,14.7,16.3,15.6,11.6,9.6,4.9,-0.2
3792187,1973,4,8,"197304","197205",0,0,6.878,101.206,123.909,123.905,136.461,126.177,98.93,72.216,0,23.532,5.81,13.5,1.45,-6.75,-7.61,-7.78,-8.94,-9.1,-8.42,-7.21,3.88,-4.05,5,2,3,0,0,0,0,0,0,0,1,4,252,161,227,151,101,58,29,27,49,84,162,228,0,2,0,3,12,34,45,57,50,16,0,0,149,194,169,248,325,365,419,432,392,347,228,166,50.392,56.063,77.099,103.338,125.303,124.61,137.375,126.994,100.768,80.128,56.483,49.686,25,28,28,29,31,30,31,31,30,31,29,26,1,0,0,0,0,0,0,0,0,0,0,0,118,193,70,2,1,1,1,1,2,8,109,26,61,70,67,64,65,69,67,67,68,66,62,61,-53.8,11.5,17.3,21.4,17.7,23.3,35.3,29.9,40.8,18.9,-27,-44.4,10,12.5,10.7,13.4,15.4,17.2,18.5,18.9,18.1,16.2,12.9,10.6,16.1,17.3,15.9,19.1,21.1,22.2,24,24.4,23.4,21.8,19,17.3,3.9,7.7,5.5,7.7,9.8,12.2,13,13.5,12.7,10.6,6.9,3.9
1777873,1973,4,21,"197304","197205",0,0,0,70.832,105.199,125.193,187.642,143.81,53.457,0,0,0,33.02,22.74,8.69,-4.86,-7.67,-10.6,-18.8,-15.75,-6.77,0.07,12.57,20.66,64,24,25,3,0,0,0,0,0,1,18,91,551,393,446,276,158,42,7,12,97,213,420,602,0,0,0,0,8,49,118,101,22,0,0,0,8,32,34,125,262,395,515,491,314,196,40,2,20.238,31.683,52.282,99.354,140.044,164.053,189.642,162.708,101.97,61.013,25.443,0,6,11,9,15,27,30,31,31,28,26,14,3,72,17,14,0,0,0,0,0,0,0,14,81,340,250,112,29,35,39,2,19,49,77,147,213,69,68,61,47,47,49,46,48,52,59,71,68,-47.5,9.8,16.5,24.8,10.9,28.7,21.5,23.9,38.7,17.4,-23.3,-40,0.3,3.8,3.7,8.8,13.3,18.2,21.6,20.9,15.5,11.1,4,-1.5,4.5,8.5,9.4,17.6,22.3,27.1,31.4,30.3,23.6,17.7,8.2,3,-3.9,-0.8,-2.1,0.1,4.3,9.3,11.9,11.4,7.3,4.5,-0.2,-6
2406880,1973,4,30,"197304","197205",0,0,0,88.78,105.226,100.133,110.671,102.081,60.825,0,0,0,15.62,18.76,3.99,-5.81,-6.02,-5.55,-6.64,-6.8,-4.57,5.09,13.68,3.6,7,3,4,1,0,0,0,0,0,0,1,9,286,190,243,185,165,121,67,72,102,127,202,314,0,0,0,0,0,10,17,20,20,3,0,0,119,162,152,210,254,279,354,352,309,294,180,94,37.034,48.496,70.773,93.592,108.075,107.605,112.9,104.297,84.211,61.808,43.063,33.546,26,27,28,29,30,30,31,31,30,31,28,23,2,0,0,0,0,0,0,0,0,0,1,1,198,241,94,5,3,7,2,2,23,112,192,74,70,71,67,66,68,71,73,72,70,73,69,70,-51.8,10.5,16.6,20.6,18.7,22.5,38,29.4,39.6,18.9,-26.1,-43,8.9,11.4,10.2,12.2,13.1,14.3,16.4,16.3,15.3,14.4,11.4,7.8,13.4,16,15.3,17.6,18.2,18.9,20.7,20.8,20.1,18.7,16.2,12.6,4.4,6.8,5.1,6.7,8,9.8,12,11.8,10.4,10.1,6.5,3
202467,1973,5,11,"197305","197206",0,0,2.163,102.396,119.769,123.347,134.618,126.196,101.563,64.96,0,10.76,7.88,13.54,1.85,-6.92,-7.27,-7.7,-8.71,-9.06,-8.77,-6.68,3.66,-2.66,5,2,3,1,0,0,0,0,0,0,1,4,259,166,234,159,111,75,47,41,57,81,164,237,0,0,0,1,9,24,27,40,42,16,0,0,143,187,163,238,313,340,384,403,375,353,225,157,48.6,55.584,76.42,105.415,121.836,124.086,134.618,126.611,102.923,80.818,55.044,47.262,25,28,28,29,31,30,31,31,30,31,29,26,1,0,0,0,0,0,0,0,0,0,0,0,136,194,74,3,2,1,0,0,1,16,106,37,62,69,66,62,66,68,66,65,65,65,63,62,-53.6,11.6,17.4,22.1,17.7,24.2,35.2,29.4,40.3,18.8,-26.9,-44.3,9.8,12.3,10.5,13.1,15,16.3,17.4,18,17.5,16.4,12.9,10.3,15.7,17.1,15.8,19.2,20.5,21.6,23,23.7,23.3,22,18.7,16.6,3.9,7.4,5.3,7,9.6,11.1,11.7,12.3,11.7,10.7,7,4
5504868,1973,5,12,"197305","197206",0,0,11.356,102.609,128.02,134.726,142.887,129.704,88.163,0,0,0,10.58,9.18,0.49,-7.45,-8.43,-9.07,-10.04,-10.04,-8.02,-0.17,7.2,1.46,7,3,3,0,0,0,0,0,0,0,1,10,285,180,224,123,74,50,19,23,52,83,195,325,0,0,0,9,24,41,67,65,48,19,0,0,124,174,172,277,362,379,451,444,386,349,191,90,35.891,46.754,68.951,106.817,129.356,138.118,143.421,130.52,99.193,67.457,39.774,31.073,27,28,29,30,31,30,31,31,30,31,29,23,1,0,0,0,0,0,0,0,0,0,1,1,147,144,58,4,1,3,1,1,11,70,123,49,71,73,70,62,64,63,65,64,65,71,73,70,-51.6,10,15.8,21.6,14.2,24.2,31.8,27.6,39.3,18.2,-25.6,-42.6,9,11.7,10.9,14.5,16.6,17.7,19.5,19.3,17.9,16.3,11.6,7.4,13.3,16,15.6,20.7,22.5,23.8,25.4,25.4,23.7,20.9,15.8,11.9,4.6,7.5,6.1,8.3,10.8,11.5,13.6,13.3,12,11.6,7.5,3
1294389,1973,5,16,"197305","197206",0,0,0,115.741,164.569,173.395,222.632,180.208,132.937,62.129,0,8.196,1.17,6.88,5.19,-8.91,-13.23,-15.11,-23.13,-19.02,-15.09,-7.14,-1.21,-2.37,8,4,5,0,0,0,0,0,0,0,1,5,306,209,272,138,41,11,1,2,15,76,186,262,0,0,0,9,53,115,250,214,128,27,3,1,118,154,143,263,420,498,651,614,502,360,207,146,48.539,57.303,77.826,119.871,169.967,184.907,224.215,191.109,138.845,87.538,58.501,47.939,21,25,25,28,31,30,31,31,30,31,27,23,1,0,0,0,0,0,0,0,0,0,0,0,64,131,108,4,5,12,2,11,6,25,65,40,60,64,63,55,51,52,47,51,54,62,58,64,-53.3,12.8,18.2,24,14.4,28.5,29.1,30.5,41.7,18.7,-27,-44.2,8.3,10.4,9.3,13.9,18.6,21.6,26.1,24.9,21.8,16.6,12,9.5,14.5,16,15.1,21.3,27.2,30.3,36.1,33.9,30,23,18.7,16.1,2,4.7,3.5,6.5,10,13,16.1,15.8,13.6,10.2,5.3,2.9
3801164,1973,6,15,"197306","197207",0,0,14.955,106.183,118.693,134.095,144.728,128.819,98.006,71.138,0,19.852,1.53,6.28,0.6,-7.36,-7.37,-9.11,-10.3,-9.92,-8.63,-7.19,-0.16,-3.79,3,1,2,0,0,0,0,0,0,0,0,2,192,120,173,93,57,20,6,5,22,46,105,167,4,8,2,16,33,87,128,139,101,46,15,7,201,242,227,314,388,456,529,540,469,413,296,235,54.15,60.993,78.062,107.421,119.908,135.636,144.728,131.458,101.275,79.49,59.901,52.319,29,28,31,30,31,30,31,31,30,31,30,31,0,0,0,0,0,0,0,0,0,0,0,0,80,128,63,1,1,2,0,3,3,8,75,32,63,69,71,67,72,70,70,72,73,71,65,68,-54.3,11.8,16.3,20.5,20.8,21.2,36.1,31.3,42,19.3,-27.1,-44.5,12,14.1,12.7,15.7,17.5,20.2,22.1,22.4,20.7,18.4,15.2,13,17.8,19,17.3,20.9,22,25.2,27.1,27.2,25.2,23,20.8,19,6.1,9.2,8.2,10.4,13,15.2,17,17.6,16.1,13.7,9.6,6.9
5504846,1973,6,16,"197306","197207",0,0,0,104.378,129.033,146.297,140.91,129.203,87.636,0,0,0,20.85,25.91,6.99,-7.56,-8.36,-10.24,-9.59,-9.72,-7.94,2.46,19.94,4.56,7,3,3,0,0,0,0,0,0,0,1,8,289,189,236,151,108,55,37,43,70,96,198,310,0,0,0,3,10,36,35,37,34,12,0,0,118,165,160,246,317,369,401,398,354,332,186,99,40.839,52.305,75.684,111.786,131.555,147.22,142.621,130.278,104.658,76.54,47.488,36.821,24,27,27,28,30,30,31,31,30,31,27,21,2,1,0,0,0,0,0,0,0,0,1,1,256,318,129,7,3,1,2,1,17,108,262,89,65,67,64,56,60,58,62,62,59,63,64,65,-52.7,11.4,17.6,23.4,13.8,24.9,32.1,27.6,39.1,17.8,-26.7,-43.4,8.8,11.4,10.5,13.4,15.1,17.3,17.9,17.8,16.8,15.7,11.5,7.9,14.2,16.6,16.2,20.6,21.7,24.4,24.3,24.3,23.6,21.7,17.3,13.6,3.4,6.1,4.7,6.2,8.6,10.2,11.6,11.4,10,9.6,5.8,2.3
1305691,1973,7,12,"197307","197208",0,0,2.028,111.257,152.838,175.903,181.525,165.988,99.965,0,0,0,22.61,11.25,1.24,-8.82,-11.59,-14.7,-15.29,-15.68,-10.69,0.7,10.81,4.43,9,3,3,0,0,0,0,0,0,0,2,14,322,194,232,102,45,14,8,8,35,80,214,369,0,1,0,16,46,101,109,121,70,23,0,0,99,166,169,301,411,484,503,518,425,353,174,64,32.798,46.332,71.702,117.393,154.984,176.528,182.041,166.431,117.564,72.52,38.226,26.965,24,27,28,29,31,30,31,31,30,31,28,21,4,0,0,0,0,0,0,0,0,0,1,1,261,165,70,6,2,1,1,0,18,89,158,70,72,71,66,57,55,52,51,51,55,66,72,69,-50.9,10.1,16.7,23.1,8.5,26.5,24.1,24.4,38.3,17.5,-25.5,-42,7.7,11.2,10.6,15.3,18.3,21.2,21.2,21.7,19.2,16.4,10.9,6,11.9,15.7,16,22.5,26.1,29.6,30,30.5,27,22,15.2,10,3.5,6.7,5.2,8,10.5,12.7,12.5,13,11.4,10.8,6.6,2
5737995,1973,7,30,"197307","197208",0,0,0,88.224,160.511,193.516,208.94,177.651,124.344,51.408,0,0,16.18,7.04,11.51,-6.24,-13.26,-18.19,-20.94,-18.55,-13.9,-6.42,8.08,5.98,18,6,11,1,0,0,0,0,0,0,5,20,398,252,363,174,31,6,1,2,26,115,298,412,0,0,0,5,71,154,238,207,88,15,0,0,59,121,78,226,447,539,639,608,451,308,113,47,38.932,51.85,63.543,112.238,170.163,195.07,209.482,180.716,128.702,84.13,42.348,33.709,13,21,18,27,31,30,31,31,30,30,22,12,7,1,4,0,0,0,0,0,0,0,3,3,194,124,150,24,10,2,1,3,4,33,126,88,60,62,65,55,52,50,51,53,53,56,65,62,-51.9,12.5,17,23.8,11.5,27.9,26.7,28.3,40.6,17.7,-25.7,-42.9,5.3,8.9,6.3,12.6,19.5,23,25.7,24.7,20.1,14.9,8.1,4.6,11.3,14.7,11.6,20,28,32.2,34.8,33.2,28.3,22.1,13.5,10.3,-0.8,3,1.1,5.1,11,13.8,16.5,16.1,11.8,7.7,2.7,-1.1
1777902,1973,8,14,"197308","197209",0,0,0,110.579,159.865,188.137,195.908,169.111,96.991,0,0,0,30.13,16.92,3.48,-8.97,-12.81,-16.98,-18.05,-16.48,-11.02,2.95,13.82,7.14,10,4,4,0,0,0,0,0,0,0,2,15,331,206,259,107,40,9,4,10,29,77,228,380,0,0,0,15,54,128,148,110,81,26,0,0,94,151,147,295,425,512,549,503,441,359,165,59,31.385,42.913,67.725,118.497,162.618,189.075,196.418,170.117,121.019,71.153,34.706,25.144,24,27,27,29,31,30,31,31,30,31,28,21,5,1,0,0,0,0,0,0,0,0,1,2,334,218,87,8,3,1,1,1,24,112,183,95,73,73,67,55,52,49,48,48,54,67,76,71,-50.5,9.6,16.3,23.5,6.9,27.5,21.2,23.9,38.1,17.6,-24.9,-41.7,7.4,10.5,9.7,15.1,18.7,22.1,22.7,21.2,19.7,16.6,10.4,5.7,11.4,14.6,14.8,22.6,27.1,31.3,32.2,30.7,27.8,21.9,14.1,9.3,3.5,6.4,4.6,7.6,10.4,12.8,13.2,11.8,11.6,11.2,6.8,2
304591,1974,1,19,"197401","197302",0,0,8.64,99.28,114.967,129.47,127.042,114.968,88.928,73.281,8.358,13.528,11.19,14.53,1.24,-6.58,-6.85,-8.32,-7.96,-7.83,-7.2,-7.6,-2.16,-3.51,5,2,3,1,0,0,0,0,0,0,1,3,244,164,231,159,109,58,51,51,66,94,185,196,0,1,0,2,9,34,24,31,36,11,0,2,156,190,166,240,315,365,376,385,360,334,201,197,47.737,56.48,77.506,101.696,116.284,130.442,127.045,116.516,92.123,85.699,55.689,52.925,27,28,28,29,31,30,31,31,30,31,27,28,1,0,0,0,0,0,0,0,0,0,0,0,168,204,69,2,1,1,0,2,3,12,47,39,65,69,66,65,69,67,69,69,71,60,61,57,-53.3,11.7,17.5,21.3,19.5,22.1,37.1,30.4,40.9,18.6,-26.9,-44.8,10.3,12.4,10.6,13.1,15.1,17.2,17.1,17.4,17,15.7,12.1,11.9,15.7,17.3,15.9,18.8,20.1,22.7,22.2,22.4,21.7,22.3,18.3,18.9,4.9,7.5,5.3,7.5,10.1,11.7,12,12.4,12.3,9.2,5.8,4.9
3792198,1974,1,25,"197401","197302",0,0,0,122.066,194.365,218.313,230.285,201.29,147.428,66.2,0,0,3.67,5.68,2.75,-10.02,-17.73,-22.14,-24.22,-22.46,-18.25,-9.37,-0.91,2.16,8,4,4,0,0,0,0,0,0,0,1,7,304,202,250,93,13,2,0,1,12,55,204,296,0,0,0,21,129,230,283,256,146,43,1,0,119,160,162,317,526,617,684,656,525,395,187,118,36.444,50.077,75.148,128.787,195.955,219.739,230.285,202.092,148.299,97.204,47.629,32.652,25,26,26,29,31,30,31,31,30,31,27,26,1,0,0,0,0,0,0,0,0,0,0,0,76,112,86,7,2,1,0,1,1,31,54,60,71,67,63,52,46,45,45,46,46,50,63,71,-51.5,11.2,17.7,24.6,5.5,30.1,21.6,25.3,38.6,16.2,-26.7,-42.8,8.3,10.6,10,15.7,22.1,25.6,27.1,26.2,22.5,17.8,11.3,8.4,12.8,15.7,15.8,23.9,32.1,36,37.6,36.4,32.5,26.4,17.1,12.7,3.8,5.6,4.2,7.4,12.1,15.2,16.7,16.1,12.6,9.1,5.4,4.1
202493,1974,2,17,"197402","197303",0,41.406,0,81.893,99.995,108.234,102.172,94.007,74.082,6.361,0,0,17.91,-4.81,6.1,-5.01,-5.57,-6.35,-5.74,-5.81,-5.58,-0.22,3.6,3.65,5,4,3,1,0,0,0,0,0,0,1,3,240,198,240,193,148,105,122,114,120,145,189,210,0,0,0,0,0,13,6,8,16,0,0,0,154,148,155,202,272,300,285,294,286,274,194,181,40.113,59.297,65.547,87.125,103.353,108.686,102.172,94.4,76.367,64.193,45.855,42.809,30,24,29,29,31,30,31,31,30,31,29,30,1,0,0,0,0,0,0,0,0,0,0,0,226,18,108,5,3,0,0,0,2,58,92,95,73,59,73,70,72,73,75,75,75,72,70,69,-52,13.4,15.1,19.3,20.8,21.3,40.9,30.7,40.4,19.3,-26.1,-44,10.4,10.8,10.3,11.9,13.7,15,14.2,14.5,14.5,13.8,11.9,11.4,14.6,17.3,14.4,16.5,18,19.4,18.2,18.5,18.4,18.2,16.6,16.7,6.2,4.3,6.3,7.3,9.3,10.6,10.2,10.5,10.6,9.3,7.2,6.1
3792183,1974,3,12,"197403","197304",0,44.574,15.237,123.628,193.507,215.989,228.51,200.799,146.976,70.569,0.664,0,4.05,-5.15,-0.26,-10.22,-17.54,-21.62,-23.81,-22.17,-18.02,-9.82,-1.72,1.64,8,5,2,0,0,0,0,0,0,0,2,8,310,233,166,88,13,2,0,1,12,56,205,303,0,0,7,23,130,226,281,253,144,42,1,0,115,135,244,323,528,613,682,653,522,392,186,113,37.022,57.204,87.944,130.743,194.954,217.145,228.51,200.799,147.828,98.254,49.053,33.398,24,20,30,29,31,30,31,31,30,30,26,25,1,0,0,0,0,0,0,0,0,0,0,0,80,13,73,7,1,1,0,0,1,28,48,55,70,56,60,51,46,46,46,47,46,50,61,69,-51.6,13.6,18.7,24.7,6,29.8,22.3,25.7,38.8,16.2,-26.9,-42.9,8.1,9.5,13,15.9,22.1,25.5,27.1,26.1,22.5,17.7,11.2,8.2,12.7,16.6,19.4,24.2,32,35.6,37.3,36.1,32.4,26.4,17.4,12.7,3.5,2.5,6.5,7.5,12.3,15.3,16.8,16.1,12.6,8.9,5.1,3.6
3792195,1974,3,18,"197403","197304",0,44.859,20.312,123.154,191.36,212.916,223.636,196.916,144.633,68.7,3.814,0,3.54,-5.14,-0.73,-10.08,-17.12,-21,-22.78,-21.31,-17.46,-9.34,-1.95,1.47,8,5,2,0,0,0,0,0,0,0,2,8,305,233,167,89,13,2,1,1,13,59,205,305,0,0,7,22,128,224,273,245,140,39,1,0,119,134,243,321,525,611,674,646,517,387,186,112,36.789,56.838,87.15,129.115,192.586,214.081,223.636,196.916,145.486,95.986,48.264,32.409,25,20,30,29,31,30,31,31,30,31,27,25,1,0,0,0,0,0,0,0,0,0,0,0,75,12,67,6,1,1,0,0,1,27,44,51,70,56,61,52,47,47,47,48,47,51,62,71,-51.6,13.5,18.5,24.5,6,29.5,22.5,25.6,38.8,16.3,-26.8,-42.8,8.3,9.5,13,15.8,22.1,25.4,26.8,25.9,22.3,17.5,11.2,8.1,12.8,16.5,19.3,24,31.7,35.3,36.8,35.6,32,26,17.2,12.4,3.8,2.5,6.6,7.7,12.4,15.5,16.8,16.1,12.6,9,5.3,3.8
3792170,1974,3,28,"197403","197304",0,45.519,23.151,123.707,190.548,211.288,221.455,195.255,143.708,69.171,7.638,0,3.33,-5.2,-1.01,-10.14,-16.97,-20.68,-22.34,-20.95,-17.22,-9.31,-2.33,1.39,8,5,2,0,0,0,0,0,0,0,2,8,304,234,166,88,13,2,1,1,13,61,206,308,0,0,7,23,127,222,270,242,138,38,1,0,119,134,244,323,525,610,671,643,515,384,185,109,36.937,56.975,87.482,129.45,191.724,212.345,221.455,195.255,144.578,95.589,48.417,32.321,25,20,30,29,31,30,31,31,30,31,27,25,1,0,0,0,0,0,0,0,0,0,0,0,73,11,64,6,1,1,0,0,1,26,41,50,70,56,60,52,48,48,48,48,47,51,62,71,-51.6,13.6,18.6,24.5,6.1,29.4,22.7,25.7,38.8,16.4,-26.8,-42.8,8.3,9.5,13,15.9,22,25.3,26.7,25.8,22.2,17.4,11.2,8,12.9,16.6,19.4,24.1,31.6,35.1,36.5,35.4,31.8,25.9,17.2,12.3,3.8,2.5,6.6,7.7,12.5,15.6,16.9,16.2,12.6,9,5.2,3.7
5504850,1974,4,7,"197403","197304",0,0,0,48.52,65.323,88.945,87.234,74.849,0,0,0,0,17.83,13.75,17.36,-2.22,-2.6,-4.85,-4.88,-4.52,1.32,6.06,45.76,21.53,10,8,4,2,0,0,0,0,0,1,2,5,328,282,263,232,202,144,142,164,145,209,245,255,0,0,0,0,0,6,4,4,11,0,0,0,85,80,132,159,210,248,261,242,257,201,141,138,29.433,37.54,55.603,79.435,90.785,95.012,88.139,78.799,67.92,50.929,27.044,24.526,23,22,29,27,30,30,31,31,29,29,29,30,3,2,1,0,0,0,0,0,1,0,5,1,213,174,216,31,25,6,1,4,69,113,495,254,70,70,74,68,73,75,78,77,74,71,81,71,-50.6,9.6,13.8,19.2,21.6,21.3,43.3,30.7,39.1,18.6,-23.7,-41.5,7.6,7.8,9.6,10.3,11.7,13.3,13.4,12.8,13.5,11.3,9.9,9.7,12,12.4,13.5,15.3,15.9,17.3,16.7,16.3,17.6,15.8,12.8,13,3.1,3.2,5.6,5.4,7.5,9.3,10,9.2,9.5,6.8,6.9,6.4
2395241,1974,4,22,"197404","197305",0,0,0,20.785,143.54,168.126,175.319,150.392,107.253,8.579,0,0,7.55,-0.36,14.03,0.69,-10.25,-13.4,-14.21,-12.86,-11.2,-2.44,17.97,12.04,6,5,3,1,0,0,0,0,0,0,1,4,268,235,213,171,80,27,16,27,36,81,189,225,0,0,0,2,21,71,75,58,67,19,0,0,138,123,182,225,353,431,461,433,421,352,197,168,36.902,51.706,69.884,107.87,145.927,169.192,175.777,151.575,117.615,83.855,41.022,34.509,28,22,30,28,30,30,31,31,30,31,29,30,1,0,0,0,0,0,0,0,0,0,1,0,121,53,195,87,2,1,0,1,10,75,233,170,72,61,70,57,55,52,51,53,56,58,72,70,-51.8,12.4,15.9,23.2,10.4,26.5,25.2,25.7,38.3,17,-25.8,-43.1,9.5,9.4,11.2,12.7,16.3,19.4,19.9,19,19,16.4,11.9,10.7,13.8,15.5,15.9,19.7,23.9,27.8,28.6,27.2,26.7,23.5,16.2,14.9,5.2,3.4,6.5,5.7,8.7,11,11.2,10.7,11.4,9.2,7.6,6.4
2438182,1974,4,30,"197404","197305",0,0,0,19.15,138.192,163.218,170.051,148.151,108.631,13.5,0,0,8.42,-0.11,13.17,0.85,-9.58,-12.65,-13.36,-12.46,-11.4,-3.14,17.92,9.92,6,5,3,1,0,0,0,0,0,0,1,4,268,233,211,169,91,34,22,35,38,77,189,228,0,0,0,2,16,59,58,47,65,20,0,0,137,125,184,227,338,413,439,415,417,358,196,165,37.255,51.531,68.642,108.291,140.721,164.255,170.405,149.405,118.805,85.932,40.201,34.146,28,23,30,28,30,30,31,31,30,31,29,30,1,0,0,0,0,0,0,0,0,0,1,0,130,56,185,89,3,1,0,1,10,72,232,148,71,62,71,57,57,53,51,52,54,56,73,70,-51.9,12.3,15.5,23.3,11.4,26,26.1,25.7,38.1,16.7,-25.7,-43.1,9.5,9.5,11.3,12.8,15.9,18.8,19.1,18.4,18.9,16.5,11.9,10.6,14,15.5,15.8,19.8,23.1,27,27.7,26.7,26.8,24,16,14.8,5,3.6,6.8,5.7,8.6,10.6,10.6,10.1,11,9.1,7.7,6.4
610290,1974,5,13,"197405","197306",0,60.006,0,113.417,144.845,182.156,191.164,173.512,128.576,94.249,3.396,19.512,16.47,-7.11,1.93,-8.74,-10.47,-15.82,-17.18,-16.97,-13.75,-11.54,-1.96,-3.94,6,3,2,0,0,0,0,0,0,0,1,3,279,195,184,132,63,11,3,3,21,51,177,202,0,1,4,9,32,118,177,186,103,44,3,4,137,169,221,269,378,502,577,587,472,403,216,199,42.963,65.507,86.747,122.925,148.103,183.164,191.842,175.098,129.746,99.445,54.698,48.36,26,23,30,28,31,30,31,31,30,31,28,29,2,0,0,0,0,0,0,0,0,0,0,0,212,6,90,10,3,1,1,2,1,5,51,29,69,56,63,54,58,53,54,55,56,55,63,64,-52.1,14.5,18.4,24.6,15.5,26.6,29.5,29,40.9,17.9,-26.7,-44.3,9.2,11.2,12.3,14.1,17.2,21.7,23.7,24,20.8,18,12.3,11.6,13.9,18.3,18.2,21.8,24.3,30.2,31.9,32,28.4,25.7,18.2,17.5,4.4,4,6.4,6.4,10.1,13.3,15.4,16,13.1,10.3,6.5,5.8
4564840,1974,6,0,"197405","197306",0,0,0,17.368,97.271,113.067,103.302,88.376,61.792,19.539,0,0,6.77,-0.23,9.73,1.17,-5.5,-6.96,-6.06,-5.57,-4.84,-2.23,19.24,7.9,6,4,2,1,0,0,0,0,0,0,1,4,262,218,196,192,171,84,95,113,86,116,182,226,0,0,0,0,0,20,9,8,26,4,0,0,137,132,194,202,248,326,318,294,329,307,202,163,34.668,47.745,62.158,84.827,98.716,113.953,103.771,89.275,77.47,65.854,35.429,29.921,29,25,31,29,30,30,31,31,30,31,30,31,1,0,0,0,0,0,0,0,0,0,1,0,110,51,145,67,1,1,0,1,16,46,238,121,74,67,77,70,72,71,75,76,75,69,79,76,-51.3,11,13.8,19,20.9,21.1,40,30.5,39.7,18.3,-24.9,-42.5,9.7,10.1,11.9,11.9,12.9,15.9,15.2,14.5,16,14.9,12.2,10.6,13.6,15.1,15.5,16.6,17.2,20.6,19.2,18.3,20,19.8,15.4,13.9,5.8,5,8.2,7.3,8.5,11.2,11.2,10.8,12,10,8.9,7.4
1368005,1974,6,21,"197406","197307",0,0,0,0,94.926,103.61,107.422,89.835,33.566,0,0,0,23.45,7.81,21.83,5,-5.21,-5.98,-6.27,-5.54,-1.96,3.03,35.77,11.54,8,7,3,2,0,0,0,0,0,0,2,5,304,260,226,231,195,138,119,160,121,172,208,259,0,0,0,0,0,7,6,4,15,0,0,0,103,98,165,161,218,257,288,246,285,243,170,135,33.882,46.499,64.727,79.235,99.192,104.383,108.849,92.204,76.514,61.277,35.851,29.977,25,21,29,28,30,30,31,31,30,30,29,29,3,1,0,1,0,0,0,0,0,0,2,1,274,126,268,101,4,1,1,2,43,93,405,158,70,63,71,70,70,71,71,71,72,67,75,69,-51.4,11.6,15.1,18.9,19.9,22,38.4,29.8,39.2,18.3,-25.2,-42.5,8.3,8.6,10.8,10.4,12,13.6,14.3,12.9,14.5,12.8,11.1,9.6,12.8,14.3,15.2,15,16.7,18.1,19,17.4,18.9,17.9,15,13.5,3.8,2.9,6.4,5.7,7.3,9,9.6,8.4,10,7.6,7.2,5.6
4001616,1974,10,25,"197410","197311",0,51.975,57.929,117.412,159.671,200.141,180.935,173.728,137.118,76.924,40.39,43.222,7.11,-4.62,-4.46,-9.73,-13.32,-20.55,-17.71,-18.77,-17.13,-9.75,-5.76,-5.45,17,11,4,1,0,0,0,0,0,0,3,9,392,312,262,186,68,6,2,4,12,95,257,319,0,0,0,4,32,162,199,165,143,20,0,0,63,78,153,214,371,547,600,565,522,333,146,104,41.518,56.754,86.282,119.368,161.876,200.85,189.228,181.555,141.093,92.796,54.938,47.568,14,12,23,25,30,30,31,31,30,30,21,16,4,0,0,0,0,0,0,0,0,0,0,0,106,5,28,2,2,1,8,8,4,16,15,4,62,53,56,51,50,49,57,51,54,55,56,57,-51.6,15,19.9,25.2,17.2,28.6,34.3,32.3,42.6,18.5,-26.6,-44.1,5.5,6.7,9.6,12.1,16.9,23.3,24.4,23.3,22.4,15.7,9.4,7.6,11.2,14,16.6,20.3,25.5,32.6,32.1,32.1,30.6,23.2,16.5,15,-0.2,-0.6,2.7,4,8.4,13.9,16.7,14.5,14.3,8.2,2.4,0.2
632993,1975,2,17,"197502","197403",49.073,0,0,110.156,132.036,168.147,180.912,161.831,133.722,70.129,62.748,0,-6.84,2.25,2.85,-8.16,-8.77,-13.35,-15.15,-14.44,-14.56,-8.02,-9.04,4.18,2,3,2,0,0,0,0,0,0,0,0,3,176,196,164,122,82,21,4,6,12,45,93,191,6,0,5,9,20,84,143,138,147,47,20,4,226,166,239,280,349,451,544,539,527,415,314,209,59.615,60.392,87.668,122.099,136.096,169.685,181.279,162.585,135.428,90.618,67,48.477,29,26,30,29,31,30,31,31,30,31,30,30,0,0,0,0,0,0,0,0,0,0,0,0,11,87,99,12,4,2,0,1,2,20,4,107,58,63,65,56,62,55,56,58,58,64,59,64,-55.4,13.2,18,24,18.6,24.4,32.3,30.7,41.4,18.8,-27.8,-44.2,12.6,11.1,13,14.5,16.2,20.1,22.6,22.4,22.6,18.4,15.8,12.1,19.4,17,18.6,21.8,22.5,27.9,30.2,29.7,30,24.4,22.5,17.5,5.8,5.3,7.4,7.1,9.9,12.2,14.9,15.1,15.2,12.4,9,6.6
2034914,1975,3,25,"197503","197404",7.558,0,0,70.41,165.063,184.791,193.209,185.909,150.614,56.885,15.833,0,-1.27,15.42,9.16,-4.65,-13.57,-16.84,-18.22,-20.36,-21.11,-9.65,-3.98,5.96,11,6,4,0,0,0,0,0,0,0,2,11,344,257,242,147,32,5,1,1,8,46,208,340,0,0,0,8,68,168,215,227,176,51,0,0,87,112,163,251,445,553,616,628,564,413,179,84,36.443,42.411,68.425,110.046,169.051,191.717,199.081,187.323,152.265,92.908,45.084,28.609,17,23,28,28,31,30,31,31,30,31,25,21,1,1,0,0,0,0,0,0,0,0,0,1,29,198,147,40,4,7,6,1,2,36,29,93,59,67,66,55,49,50,51,48,42,49,58,74,-52.5,10.4,16.3,23,6.2,28.1,21.5,22.8,36.1,14.6,-27.2,-42.3,7,8.7,10.3,13.5,19.4,23.4,24.9,25.3,23.9,18.3,11.1,7,13.4,13.7,15.6,21,28.4,32.5,33.9,35,34.9,27.4,17.8,11.8,0.6,3.6,4.9,6.1,10.5,14.4,15.9,15.6,12.9,9.3,4.4,2.1
5504870,1975,4,8,"197504","197405",0,0,0,38.7,125.619,139.923,142.405,132.267,109.287,51.279,24.516,0,-0.5,8.39,10.17,-0.86,-8.11,-9.74,-10.05,-10.44,-10.92,-6.49,-4.15,2.27,8,4,3,1,0,0,0,0,0,0,1,7,303,216,229,227,118,48,23,25,36,69,186,286,0,0,0,0,9,43,56,61,68,26,0,0,110,138,167,166,305,383,435,438,422,371,200,118,38.864,45.769,68.199,86.987,126.723,143.138,146.838,133.174,110.236,80.283,45.882,32.104,23,26,29,27,30,30,31,31,30,31,28,27,0,0,0,0,0,0,0,0,0,0,0,0,40,134,154,48,1,3,4,1,1,29,21,63,65,70,70,66,61,61,62,62,60,61,65,75,-52.5,10.4,15.8,20.4,14.8,24.4,31.2,27.4,38.8,17.1,-26.7,-42.8,8.4,10.1,10.7,10.5,14.8,17.8,19,19.1,19.1,17,12,8.7,13.7,14.7,15.4,15.9,21.1,24.4,25.4,25.5,25.8,23.4,17.5,13,3,5.6,6,5.2,8.4,11.2,12.7,12.8,12.3,10.6,6.5,4.4
1781883,1975,4,9,"197504","197405",0,0,0,0,76.964,81.019,79.915,76.872,81.011,18.128,0,0,11.21,22.84,22.64,6.72,-3.71,-4.06,-4.23,-4.7,-7.31,-2.76,3.49,15.81,10,8,7,5,0,0,0,0,0,0,2,7,333,282,312,321,221,143,134,115,118,167,225,286,0,0,0,0,0,6,4,8,16,0,0,0,82,81,94,86,189,249,271,292,289,249,158,113,30.587,35.067,51.658,61.03,90.715,95.266,86.918,87.111,84.724,63.622,36.655,26.862,22,23,26,24,29,30,31,31,29,29,27,27,2,3,2,4,0,0,0,0,0,0,1,1,148,262,260,97,14,14,7,10,4,45,90,198,68,73,75,75,71,75,79,76,64,61,67,78,-51,8.9,13.6,17,21.6,21.6,43.6,29.9,38.5,17.2,-25.7,-42,7.4,7.8,8,7.3,10.9,13.3,13.7,14.4,14.6,13,10.5,8.7,12.2,11.8,11.8,11,15.3,17.3,16.9,18.3,20.5,19.2,15.6,12.9,2.5,3.8,4.2,3.6,6.5,9.3,10.5,10.6,8.7,6.7,5.4,4.5
4458930,1975,4,13,"197504","197405",1.958,0,0,51.777,162.52,185.285,193.035,184.96,150.387,52.515,8.355,0,-0.73,18.53,11.75,-2.48,-13.28,-16.98,-18.29,-20.3,-21.2,-9.25,-3.22,7.04,11,7,4,1,0,0,0,0,0,0,2,11,344,258,244,215,35,5,1,1,7,45,207,340,0,0,0,0,63,165,214,228,178,52,1,0,87,111,162,181,437,550,615,628,567,416,181,85,36.38,41.969,67.605,97.236,167.178,192.148,198.917,186.377,152.121,92.585,44.653,28.349,17,23,28,26,31,30,31,31,30,31,26,21,1,2,0,0,0,0,0,0,0,0,0,1,34,229,173,45,5,7,6,1,2,40,36,104,59,68,66,57,50,50,51,48,42,49,59,75,-52.5,10.3,16.2,22.4,6.6,28,21.6,23,36.2,14.6,-27.1,-42.2,7,8.6,10.2,11.1,19.2,23.4,24.9,25.3,24,18.4,11.2,7,13.4,13.6,15.5,17.9,28,32.5,33.9,34.9,34.9,27.3,17.7,11.7,0.7,3.7,4.9,4.2,10.3,14.2,15.9,15.7,13,9.5,4.6,2.2
2404723,1975,5,3,"197504","197405",58.482,25.015,24.016,62.18,162.177,208.575,215.29,197.106,159.334,87.164,68.536,12.175,-8.49,-3.45,-0.79,-3.03,-12.52,-19.99,-21.12,-20.91,-20.03,-10.99,-10.45,-3.31,4,4,3,1,0,0,0,0,0,0,1,5,224,213,212,213,51,7,2,2,7,50,136,256,3,0,1,0,42,146,209,190,178,46,10,0,182,149,191,185,400,530,610,590,568,405,263,149,64.486,66.528,93.183,105.754,164.856,209.277,216.711,199.857,160.525,104.485,72.66,53.55,21,20,26,26,31,30,31,31,30,31,26,20,0,0,0,0,0,0,0,0,0,0,0,0,6,42,69,44,3,1,1,3,1,17,4,41,47,53,56,57,52,44,47,45,47,52,47,49,-56.4,15.2,20.4,23.5,15,28.2,29.6,30,40.5,18,-28.4,-44.7,10.9,10.2,11.2,11.1,17.9,22.7,24.7,24.1,24,18.1,13.9,9.7,19.9,17.8,18.4,18,26.3,33.1,34.6,34.3,33.7,26.3,22.9,17.6,2,2.6,4.1,4.3,9.5,12.2,14.8,13.8,14.2,9.8,4.9,1.7
1367995,1975,5,10,"197505","197406",13.097,0,0,80.131,173.074,190.123,205.194,190.363,151.906,71.282,22.584,0,-1.41,13.04,4.95,-5.2,-14.35,-17.38,-19.36,-20.44,-20.48,-10.99,-4.29,3.77,12,5,3,1,0,0,0,0,0,0,2,10,348,236,220,193,28,6,2,2,8,39,209,333,0,0,0,2,76,162,201,204,171,60,0,0,84,128,182,201,458,546,602,605,558,430,178,89,34.725,44.275,70.957,103.665,174.076,197.458,205.194,190.892,153.103,97.053,45.912,28.686,19,24,29,26,31,30,31,31,30,31,26,23,0,1,0,0,0,0,0,0,0,0,0,1,22,178,106,24,1,7,0,1,1,26,23,70,65,68,66,56,49,48,48,46,43,49,60,76,-51.7,10.5,16.4,23,5.4,28.9,20.7,22.7,36.2,14.9,-27,-42.3,6.9,9.4,11,11.9,19.8,23.2,24.5,24.5,23.6,18.9,11.1,7.2,12.2,14.3,16.2,19,29,32.8,34.1,34.8,34.5,27.9,17.5,11.5,1.5,4.6,5.7,4.7,10.7,13.7,14.9,14.3,12.8,9.9,4.7,2.8
1294394,1975,6,5,"197505","197406",55.039,20.23,16.17,57.925,158.155,202.069,208.903,192.106,154.165,84.339,66.077,2.822,-7.93,-2.83,0.04,-2.6,-11.95,-18.92,-20.14,-20.13,-19.11,-10.45,-10.03,-2.33,4,4,3,1,0,0,0,0,0,0,0,5,212,207,212,218,73,8,2,2,7,47,124,244,3,0,0,0,26,137,205,189,183,49,12,1,188,153,190,179,362,521,606,590,569,412,277,159,62.319,63.951,89.827,100.954,160.95,202.72,210.862,195.529,155.84,100.586,70.757,51.237,23,22,27,26,30,30,31,31,30,31,28,23,0,0,0,0,0,0,0,0,0,0,0,0,7,44,74,43,3,1,2,3,2,16,5,48,50,57,58,60,50,46,49,47,50,56,51,53,-56.1,14.4,19.7,22.7,15.5,27.6,30,30,40.7,18.2,-28.2,-44.5,11.2,10.5,11.2,10.9,16.7,22.4,24.6,24.1,24,18.3,14.4,10,19.5,17.4,17.9,17.3,25.3,32.4,34,33.9,33.2,25.9,22.7,17.2,3,3.5,4.5,4.6,8.1,12.4,15.1,14.2,14.8,10.7,6.1,2.9
4480533,1976,4,30,"197604","197505",12.407,0,8.179,10.116,132.657,156.207,180.749,139.017,129.712,0,0,0,-2.22,7.67,0.94,1.6,-10.05,-13.31,-16.98,-14.18,-17.44,10.59,3.36,4.01,12,9,8,2,0,0,0,0,0,0,4,9,348,295,323,260,106,28,5,10,15,161,292,324,0,0,0,0,15,68,138,110,130,3,0,0,84,82,97,137,320,427,539,503,506,256,113,95,39.242,44.968,74.447,93.648,145.497,168.108,185.303,162.485,134.295,71.594,41.5,34.528,14,17,15,21,30,30,31,31,30,28,19,18,1,2,1,1,0,0,0,0,0,0,2,1,27,123,66,84,13,12,5,23,5,194,90,89,54,60,52,56,51,51,51,51,49,56,57,63,-53.2,11.8,19.6,22.9,11.9,27.6,25.1,25.9,38.1,17,-26.4,-43.3,6.9,7.3,7.7,9.4,15.2,19.3,22.4,21.2,21.9,13.2,8.3,7.5,14.2,13.5,15.3,16.5,23.6,27.9,31.2,30.1,31.2,20.3,15.1,14.1,-0.3,1.1,0,2.3,6.9,10.7,13.7,12.4,12.6,6,1.5,0.9
1784768,1976,6,14,"197606","197507",0,0,0,0,75.116,73.556,67.591,55.911,59.72,0,0,0,2.87,14.08,3.68,4.34,-3.66,-3.69,-3.68,-2.94,-4.71,11.81,7.16,7.92,9,7,7,3,0,0,0,0,0,1,3,7,316,264,305,294,221,195,161,161,153,214,267,282,0,0,0,0,0,3,3,4,10,0,0,0,92,92,97,107,189,197,243,246,248,195,123,115,30.338,38.514,55.499,59.802,84.662,78.586,68.176,68.341,62.706,42.938,32.917,25.97,24,23,26,27,30,30,31,31,29,30,26,28,1,1,1,2,0,0,0,0,0,0,2,1,66,180,74,75,10,5,1,12,3,160,115,117,70,70,71,78,75,80,86,83,77,79,70,74,-50.9,9.6,14.5,16.2,23.2,20.9,48.5,31.6,39.1,19.6,-24.9,-41.8,7.9,8.4,8.2,8.2,10.9,11.5,12.8,12.9,13.2,11.1,9.1,8.8,12.5,13,12.5,11.5,14.8,14.6,14.9,15.5,16.7,14.3,13.6,12.7,3.4,3.8,3.9,5,7.1,8.5,10.7,10.3,9.7,7.9,4.6,5
2291266,1976,6,16,"197606","197507",13.662,0,23.081,0,101.608,106.613,95.616,85.614,76.256,0,0,0,-2.4,7.26,-0.64,5.55,-5.78,-6.2,-5.19,-5.21,-6.21,6.62,-0.34,3.29,8,6,5,2,0,0,0,0,0,1,2,6,305,246,270,259,185,138,140,138,129,194,241,280,0,0,0,0,0,7,4,5,14,0,0,0,102,109,128,136,232,256,264,268,276,217,145,117,41.147,45.756,73.349,76.448,105.082,107.889,101.203,90.871,78.288,57.408,44.163,34.684,20,23,24,27,30,30,31,31,29,30,24,24,0,1,0,1,0,0,0,0,0,0,1,0,27,121,50,101,3,1,6,5,2,123,59,81,58,66,60,70,67,69,73,73,70,70,60,66,-53.5,11.1,18.1,19,18.4,22.7,40.2,29.9,39.1,18.7,-26.7,-43.3,8.3,9.1,9.4,9.4,12.3,13.5,13.5,13.6,14.1,11.9,10,8.9,15,14.4,15.6,14,17.5,18.4,17.7,17.8,18.9,16.7,16.4,14.4,1.6,3.8,3.1,4.8,7.2,8.6,9.2,9.4,9.4,7.2,3.6,3.4
1786214,1976,7,5,"197606","197507",0,0,0,0,77.236,76.141,69.984,57.578,63.792,0,0,0,3.05,14.06,3.96,4.22,-3.78,-3.83,-3.81,-2.99,-5.14,12.76,7.8,8,9,7,7,3,0,0,0,0,0,1,3,6,312,264,311,292,218,194,158,160,147,211,266,279,0,0,0,0,0,3,3,4,11,0,0,0,96,92,92,108,192,198,246,246,255,198,124,118,30.674,38.785,55.183,60.886,88.109,81.593,70.652,71.557,66.672,44.562,33.164,26.322,24,23,25,27,30,30,31,31,29,30,25,28,1,1,1,2,0,0,0,0,0,0,2,1,69,181,76,75,11,5,1,14,3,172,122,119,69,69,71,77,73,79,85,81,75,77,70,73,-51,9.7,14.5,16.4,22.3,21.2,47.9,31.3,39.1,19.3,-25,-41.9,8.1,8.4,8,8.3,11,11.6,12.9,12.9,13.5,11.2,9.2,8.9,12.7,13.1,12.4,11.7,15.2,14.9,15.1,15.8,17.4,14.7,13.8,12.9,3.4,3.7,3.7,4.9,6.9,8.3,10.7,10,9.5,7.8,4.5,4.9
4460478,1977,3,12,"197703","197604",11.406,49.587,66.539,86.089,190.058,206.747,226.647,176.033,111.143,87.438,31.329,22.827,-0.72,-6.38,-5.37,-5.94,-16.85,-19.84,-23.49,-17.46,-13.46,-12.06,-5.61,-3.73,14,3,3,0,0,0,0,0,0,0,1,7,364,183,233,147,19,5,1,3,10,43,152,294,0,2,1,8,102,172,276,170,156,56,7,0,78,182,177,254,493,557,677,571,537,420,247,119,31.898,61.791,88.459,117.787,191.093,210.111,226.647,179.983,136.638,101.133,54.698,42.901,22,24,23,28,31,30,31,31,30,31,28,18,0,0,0,0,0,0,0,0,0,0,0,0,20,12,22,32,1,3,0,4,25,14,23,20,73,56,52,53,45,44,46,50,54,49,59,60,-50.3,13.5,20.5,24.2,6.3,30.3,22.1,26.8,39.3,15.9,-27.8,-44.2,6.4,11.6,10.5,13.6,21,23.6,26.9,23.4,23,18.6,13.3,8.4,10.4,18.8,18.3,21.4,31,34,37.1,32.6,31.3,27.5,20.1,15.8,2.4,4.4,2.8,5.7,11,13.2,16.7,14.3,14.7,9.7,6.6,1
778436,1977,5,4,"197704","197605",0,50.086,48.801,119.468,133.853,161.82,167.594,165.962,28.814,91.698,59.322,35.767,2.03,-7.09,-3.11,-9.12,-9.03,-12.64,-13.33,-14.93,-2.46,-11.2,-9.71,-6.86,2,1,2,0,0,0,0,0,0,0,0,2,172,102,207,106,70,25,6,7,20,30,60,137,7,14,0,14,25,75,123,125,109,71,40,13,231,267,194,299,366,438,522,523,479,455,364,270,55.413,78.045,91.115,120.916,139.313,169.025,169.112,166.759,111.595,101.623,73.542,61.096,30,28,27,30,31,30,31,31,30,31,30,30,0,0,0,0,0,0,0,0,0,0,0,0,91,28,42,1,5,7,2,1,83,10,14,25,64,55,58,58,62,54,60,55,68,59,57,61,-54.5,15,19.8,23.3,18.2,24.5,33.8,30.7,42.2,18.3,-28.3,-45.2,12.7,14.9,11.4,15.1,16.8,19.6,21.9,21.9,21,19.7,17.5,14.1,18.5,22.5,18.2,22,23.2,27.6,28.8,29.8,26.4,26.8,24.9,21.7,7,7.3,4.7,8.2,10.4,11.7,15,14,15.6,12.7,10.2,6.6
2056948,1977,5,22,"197705","197606",0,19.037,38.729,128.797,83.441,186.95,214.375,152.981,111.863,90.448,31.205,26.85,0.41,-3.83,-2.77,-11.58,-4.06,-16.8,-21.6,-14.41,-13.73,-12.97,-6.37,-5.01,13,3,3,0,0,0,0,0,0,0,1,6,359,175,231,58,105,7,1,6,14,45,138,278,0,3,0,38,16,147,253,131,136,53,10,0,79,186,175,367,320,532,654,532,513,416,261,131,33.205,57.925,78.218,133.319,125.375,190.924,214.721,162.028,129.159,94.489,51.329,39.662,18,25,26,30,31,30,31,31,30,31,29,19,1,0,0,0,0,0,0,0,0,0,0,0,38,39,39,5,42,4,0,9,17,4,20,13,65,55,58,51,62,49,48,53,52,49,57,64,-51.4,12.7,18.4,24.3,15.8,28.5,19.5,25.6,38.2,14.7,-28.2,-44.1,6.5,11.9,10.6,17.4,15.3,22.7,26.2,22.2,22.1,18.5,13.9,8.9,11.8,19.2,17.3,26,21.5,32,36,30.5,30.6,27.5,20.9,16.6,1.2,4.6,3.9,8.9,9.1,13.5,16.3,13.8,13.6,9.4,6.9,1.3
2767670,1977,6,28,"197706","197607",0,0,22.048,119.399,45.455,190.342,204.588,137.6,103.914,84.684,19.251,32.823,1.15,-1.63,-0.23,-10.41,-0.36,-17.85,-20.29,-12.81,-12.66,-11.92,-5.25,-5.7,15,4,7,0,0,0,0,0,0,0,1,7,374,214,311,106,183,7,2,13,21,69,161,289,0,0,0,16,2,152,197,93,104,30,5,0,69,147,109,298,234,537,598,482,473,370,234,122,34.601,55.145,72.787,125.282,116.962,190.931,205.565,157.072,124.951,91.049,52.076,41.51,16,22,19,29,29,30,31,31,30,30,27,17,1,0,0,0,0,0,0,0,0,0,0,0,46,55,51,6,72,1,1,19,21,6,33,9,63,56,57,50,60,50,48,52,53,49,56,58,-51.6,12.9,18.7,24.5,18.3,24.6,22.5,26.9,39,15.5,-28.1,-44.3,6.1,10.2,8,15.1,12.4,22.9,24.3,20.5,20.8,16.9,13,8.6,11.7,17.3,14.9,23.6,18.8,32,34,29,29.1,25.7,20.2,16.7,0.4,3.1,1.2,6.6,6,13.8,14.6,12.1,12.5,8.1,5.8,0.5
202503,1977,8,19,"197708","197609",17.825,65.579,40.417,108.321,62.406,97.575,109.152,98.669,9.891,62.411,44.215,16.214,-3.43,-8.22,-2.15,-7.59,-1.96,-5.5,-6.27,-6.39,0.63,-6.29,-7.44,-4.86,3,2,3,1,0,0,0,0,0,0,0,3,207,137,233,162,204,112,101,66,81,83,100,202,0,4,0,0,0,12,8,22,28,13,10,0,181,217,162,236,209,290,311,361,336,349,297,187,53.504,71.655,84.748,110.68,91.046,98.267,109.916,99.099,70.475,74.645,65.543,57.046,27,26,26,28,30,30,31,31,30,31,29,23,0,0,0,0,0,0,0,0,0,0,0,0,36,6,44,2,29,1,1,0,61,12,21,41,58,53,58,58,75,77,73,76,81,69,55,51,-55,14.8,19.5,23.3,24,20.5,39.6,30.7,40.7,18.8,-28.5,-45.4,11.4,13.4,10.5,13,11.6,14.7,15,16.6,16.2,16.2,15.4,11.7,18.1,21.2,17.2,19.9,15.5,18.3,19.4,20.5,19.2,21.3,22.9,20.6,4.7,5.6,3.9,6.1,7.8,11.1,10.6,12.8,13.2,11.2,7.9,2.7
1800936,1977,9,10,"197709","197610",0,0,0,50.374,16.369,77.193,72.509,57.706,0,39.671,0,6.353,1.55,1.97,6.73,-2.39,1.62,-4.24,-3.9,-3.34,4.01,-4.32,0.11,-1.87,8,4,7,2,1,0,0,0,0,1,1,8,307,199,311,233,266,142,161,115,154,181,185,306,0,0,0,0,0,6,3,8,10,0,0,0,100,146,94,158,145,251,244,291,247,233,196,96,33.03,44.947,53.657,76.02,64.556,78.599,73.963,67.192,53.059,55.184,36.926,29.574,23,26,26,28,30,30,31,31,30,30,29,23,1,0,1,0,2,0,0,0,1,0,0,0,58,76,102,26,48,1,1,9,82,16,57,23,66,66,73,70,83,83,84,85,84,69,70,74,-51.7,10.3,14.1,18.5,28.7,19.4,47,31.7,39.3,18.2,-25.8,-42.5,8.2,10.8,8,10.3,9.4,13.4,12.8,14.4,13.2,12.4,12,8,13.5,16,12.1,14.8,11.9,16.1,15.3,16.7,15.7,17.3,16.7,13.4,2.9,5.5,3.9,5.7,6.9,10.7,10.4,12.1,10.7,7.6,7.4,2.7
304555,1978,3,13,"197803","197704",0,0,0,113.113,99.644,122.518,140.55,119.036,102.086,84.885,64.372,0,9.75,13.63,10.27,-8.04,-5.17,-7.62,-9.3,-8.42,-8.81,-8.84,-9.19,1.36,2,2,1,0,0,0,0,0,0,0,0,2,173,165,121,129,143,64,33,25,48,80,98,138,6,2,11,6,2,30,40,62,51,17,15,11,225,190,284,271,278,356,411,440,393,354,303,265,50.579,58.737,83.798,114.601,115.444,123.22,141.4,124.275,103.701,86.73,67.556,52.37,31,28,31,29,30,30,31,31,30,31,30,31,0,0,0,0,0,0,0,0,0,0,0,0,159,198,169,1,16,1,1,5,2,2,3,88,68,66,70,59,67,69,64,69,66,61,56,49,-53.9,12.3,16.5,23,19.7,22.7,34.7,30,40.7,18.6,-28.2,-44.7,12.7,12.3,14.7,14.2,13.9,16.9,18.2,19.2,18.1,16.4,15.5,14.1,17.8,17.6,19.4,20.9,19.1,21.8,24.1,24.3,23.7,22.8,22.9,20,7.6,7,9.9,7.5,8.6,11.9,12.3,14,12.5,10,8.2,8.1
2355178,1978,4,1,"197803","197704",0,0,0,72.749,46.123,103.889,113.009,86.099,0,12.008,0,0,25.85,16.27,8.21,-4.44,-0.54,-6.04,-6.79,-5.4,1.5,-1.43,5.97,20.22,5,4,2,1,0,0,0,0,0,0,2,5,242,212,180,213,227,111,119,88,120,174,217,242,0,0,0,0,0,12,6,14,15,0,0,0,155,138,212,180,182,291,288,330,286,241,165,150,34.283,41.1,71.865,89.619,89.543,110.882,114.094,100.474,75.313,60.275,41.461,32.671,29,27,30,27,29,30,31,31,30,30,27,29,1,1,0,0,1,0,0,0,1,0,1,1,306,209,142,17,43,7,1,14,77,48,119,253,73,74,68,64,72,70,68,71,72,67,65,54,-51.7,9.3,15.9,20.8,22.2,21.3,36.9,28.9,39.1,18.2,-26.3,-43,10.4,10.3,12.5,11.1,10.7,14.7,14.3,15.6,14.5,12.7,10.8,10.1,14.5,14.3,17.4,16.8,14.9,19.6,19.5,20.2,18.9,17.8,16.3,14.8,6.2,6.2,7.5,5.4,6.4,9.9,9.1,11,10.1,7.5,5.3,5.4
2040704,1978,4,24,"197804","197705",0,0,0,18.386,88.627,202.087,219.358,191.027,85.3,82.156,0,0,17.88,6.9,5.06,0.71,-4.71,-20.02,-22.83,-21.92,-10.81,-11.5,-0.71,6.39,7,4,1,0,0,0,0,0,0,0,1,6,282,210,139,148,92,2,1,1,16,57,198,277,1,0,11,8,21,244,264,269,126,41,2,0,135,152,272,252,337,632,665,669,500,392,193,133,29.812,43.42,82.157,99.205,130.254,204.676,220.533,193.941,124.386,87.728,45.906,29.606,28,26,31,29,31,30,31,31,30,31,26,27,2,0,0,0,0,0,0,0,0,0,0,1,217,120,126,81,42,3,1,3,39,6,65,107,76,69,62,62,60,51,46,48,54,51,57,49,-50.5,9.9,17.4,21,14,24.5,17,21.8,37.9,15,-27.4,-42.5,9,10.4,14,13.5,15.8,26.1,26.5,26.7,21.7,17.6,11.5,9,12.7,15.1,20.1,19.6,22.3,35.2,36.8,36.5,29.9,26.1,18.4,13.5,5.3,5.6,7.9,7.4,9.3,17,16.2,16.8,13.5,9.2,4.7,4.5
2866661,1978,4,24,"197804","197705",0,0,0,62.849,95.824,151.414,180.076,144.852,125.357,103.052,71.554,0,10.09,10.43,9.11,-3.08,-4.86,-10.98,-14.58,-12.23,-12.54,-12.25,-10.89,1.87,2,2,1,0,0,0,0,0,0,0,0,1,148,125,87,101,92,18,4,3,16,26,61,103,10,8,24,15,16,90,154,174,123,81,40,24,257,239,332,305,336,461,555,575,497,467,363,313,55.277,66.521,96.577,110.427,125.983,152.227,180.076,154.033,126.813,103.87,75.249,55.74,31,28,31,30,31,30,31,31,30,31,30,31,0,0,0,0,0,0,0,0,0,0,0,0,170,179,173,48,30,1,0,9,1,1,4,100,66,63,65,65,66,63,58,64,60,58,54,50,-54.6,13.1,18.1,21.2,20,23,32,30.8,41.5,18,-28.6,-44.9,13.7,13.9,16.1,15.3,15.8,20.4,22.9,23.6,21.6,20.1,17.4,15.5,19.2,19.9,21.8,21,21.3,26.6,30.4,29.8,28.4,27.4,25.3,21.4,8.1,8,10.5,9.6,10.3,14.2,15.5,17.3,14.7,12.8,9.6,9.6
1793219,1978,4,26,"197804","197705",0,0,0,0,3.087,85.892,79.437,62.163,0,0,0,0,18.7,14.27,4.86,10.19,3.23,-4.82,-4.35,-3.59,3.94,1.33,15.32,17.17,5,4,2,2,1,0,0,0,0,0,2,5,243,217,199,247,265,131,147,110,144,180,235,252,0,0,0,0,0,8,3,9,11,0,0,0,154,133,190,146,147,265,254,298,258,235,149,141,30.616,37.5,63.502,65.281,70.935,88.151,80.863,74.155,60.973,52.659,33.712,26.686,30,27,30,28,29,30,31,31,30,30,27,29,1,1,0,1,2,0,0,0,1,0,2,1,232,187,102,142,68,2,1,12,89,69,202,215,74,75,72,77,80,79,81,82,79,72,71,64,-51,8.6,14.6,16.5,27,19.9,45.2,31.1,39.2,18.4,-25.1,-41.9,10.3,10.1,11.8,9.8,9.5,13.9,13.2,14.7,13.6,12.5,10.2,9.8,14.2,14,16.2,13.3,12.5,17.2,16,17.4,16.8,16.9,14.6,13.7,6.4,6.2,7.3,6.3,6.5,10.6,10.3,11.9,10.3,8.1,5.7,5.9
304550,1978,6,2,"197805","197706",0,0,0,51.674,137.995,122.994,141.533,118.653,102.719,85.442,64.954,0,10.28,14.66,10.16,-1.84,-9.06,-7.68,-9.41,-8.41,-8.91,-8.96,-9.41,1.7,2,2,1,1,0,0,0,0,0,0,0,2,175,168,123,157,84,66,35,26,50,82,98,140,5,1,10,2,18,28,37,60,49,16,15,11,222,187,282,241,347,351,405,437,389,351,303,263,50.857,59.201,84.982,96.914,139.029,123.914,141.922,125.96,104.485,87.323,68.366,52.732,31,27,31,29,31,30,31,31,30,31,30,31,0,0,0,0,0,0,0,0,0,0,0,0,165,210,169,45,1,1,0,7,2,2,3,92,67,66,69,68,60,69,64,68,65,60,55,48,-54,12.4,16.8,20.3,15.1,22.8,34.6,29.9,40.7,18.5,-28.3,-44.7,12.6,12.2,14.6,13.2,16.1,16.7,18.1,19.1,18,16.3,15.5,14,17.8,17.6,19.5,18.3,22.8,21.8,24.1,24.4,23.7,22.9,23.1,20,7.4,6.7,9.7,8.1,9.5,11.7,12,13.8,12.2,9.7,8,7.9
2355201,1978,6,25,"197806","197707",0,0,0,0,119.325,142.379,176.942,162.747,98.026,74.3,0,0,32.93,24.55,19.19,23.03,-8.69,-11.69,-16.86,-17.41,-11.57,-10.48,10.37,25.93,18,22,6,6,0,0,0,0,0,0,5,14,397,387,300,344,191,78,13,10,66,143,308,366,0,0,0,0,2,23,86,109,36,6,0,0,57,35,118,75,225,335,474,502,360,276,102,68,32.176,38.689,69.815,75.596,128.582,151.586,179.38,163.089,111.439,81.871,42.244,30.99,16,10,22,17,26,29,31,31,29,28,18,17,13,17,2,17,0,0,0,0,0,0,4,6,361,273,248,271,9,9,2,0,13,8,159,296,66,62,61,63,53,52,50,51,53,50,57,50,-50.8,11.9,17.6,20.9,16.6,27.2,27.9,27.2,40.1,16.6,-26.2,-42.6,5.3,4,8.4,6.6,12.1,16.2,20.3,21.2,17,13.8,7.7,6.1,10.3,9.6,14.4,12.1,19.9,24.4,29.3,29.9,25,22.2,14.4,11.4,0.3,-1.5,2.4,1,4.3,8,11.3,12.5,9,5.5,1.1,0.8
2278606,1978,10,30,"197810","197711",0,0,0,41.837,177.728,201.484,220.91,195.098,116.229,110.808,39.635,0,4.16,7.28,4.22,-1.32,-14.7,-18.63,-22.18,-20.86,-13.49,-15.62,-6.39,4.14,6,4,1,0,0,0,0,0,0,0,1,5,267,204,119,127,27,5,1,1,15,27,177,248,1,0,16,13,81,172,270,246,126,86,4,2,149,159,299,277,462,558,670,647,500,464,219,158,36.919,50.117,90.764,111.3,178.696,202.537,220.91,195.098,136.658,111.182,56.362,37.375,28,26,31,29,31,30,31,31,30,31,26,28,1,0,0,0,0,0,0,0,0,0,0,0,85,127,122,69,1,1,0,0,20,0,17,92,73,68,63,59,48,48,48,49,51,46,55,52,-51.5,11.2,18.2,22.4,8.4,29.1,23,25.8,39.4,15.4,-27.9,-43.4,9.5,10.6,14.7,14.3,20,23.6,26.7,25.9,21.7,20,12.4,9.9,13.6,15.6,20.8,20.9,29.2,33.3,36.4,35.4,30.4,29.8,19.8,14.8,5.5,5.6,8.6,7.7,10.8,14,16.9,16.4,13,10.3,4.9,5.1
1368041,1978,11,5,"197810","197711",0,0,0,55.315,138.973,132.094,134.206,122.394,81.887,83.027,64.436,0,9.71,13.66,10.37,-2.2,-9.15,-8.49,-8.6,-8.63,-7.08,-8.67,-9.21,1.44,2,2,1,0,0,0,0,0,0,0,0,2,172,165,120,150,78,61,44,35,38,61,97,138,6,2,11,3,21,32,29,46,65,30,15,11,225,191,285,249,356,359,388,415,417,384,304,266,50.519,58.64,83.593,97.336,139.686,132.651,135.054,123.251,110.031,85.047,67.61,52.356,31,28,31,30,31,30,31,31,30,31,30,31,0,0,0,0,0,0,0,0,0,0,0,0,159,199,169,42,1,1,1,1,28,2,3,89,68,67,70,68,60,65,66,68,64,65,56,49,-53.9,12.2,16.5,20.1,15,25,35.8,30.1,40.5,18.7,-28.2,-44.7,12.7,12.3,14.7,13.5,16.4,17,17.5,18.4,18.9,17.4,15.6,14.1,17.8,17.6,19.4,18.5,23,22.7,23.1,23.6,24.9,23.2,22.9,20,7.6,7,10,8.4,9.8,11.3,11.9,13.1,12.9,11.5,8.2,8.2
304561,1979,1,27,"197901","197802",0,0,0,54.437,138.513,131.908,134.435,122.513,80.539,83.197,5.408,16.8,6.04,13.93,10.26,-2.11,-9.1,-8.47,-8.62,-8.64,-6.95,-8.7,-2.05,-3.4,5,2,1,0,0,0,0,0,0,0,1,5,250,166,122,153,80,64,46,36,39,63,177,248,0,2,11,3,20,30,28,45,63,28,0,0,154,189,284,246,352,356,385,412,414,381,211,149,46.673,58.84,84.091,97.134,139.345,132.522,135.178,123.683,110.114,85.218,57.884,50.209,27,28,31,30,31,30,31,31,30,31,27,23,1,0,0,0,0,0,0,0,0,0,0,0,114,202,169,43,1,1,1,1,30,2,52,33,66,66,70,68,60,65,66,68,64,64,59,63,-53,12.3,16.6,20.2,15.1,25,35.7,30,40.5,18.6,-27.1,-44.5,10.1,12.3,14.6,13.4,16.3,16.9,17.4,18.3,18.8,17.3,12.4,9.9,15.3,17.6,19.4,18.4,22.9,22.6,23.1,23.6,24.9,23.2,18.9,17.1,4.9,6.9,9.9,8.3,9.7,11.1,11.7,12.9,12.7,11.4,5.8,2.7
2414894,1979,2,6,"197901","197802",0,0,0,0,90.634,102.47,117.083,98.518,18.217,69.619,0.086,0,15.11,16.38,8.31,9.81,-4.72,-5.95,-7.2,-6.59,-0.65,-8.14,-1.83,0.33,9,4,2,1,0,0,0,0,0,0,3,10,312,211,180,231,174,132,106,93,114,129,247,324,0,0,1,0,0,8,8,13,17,3,0,0,100,139,212,161,245,265,302,324,294,292,142,85,34.133,41.564,72.192,77.286,108.862,104.395,118.216,107.088,82.736,73.481,43.243,34.861,24,27,30,28,30,30,31,31,29,30,23,18,2,1,0,1,0,0,0,0,1,0,0,1,191,211,144,148,18,2,1,9,65,4,43,49,68,73,68,71,66,71,67,67,68,58,59,69,-51.6,9.4,16,18.5,17.2,23,36,28.3,38.8,16.9,-26.7,-43.3,8.1,10.3,12.5,10.4,12.8,13.8,14.8,15.4,14.8,14.4,9.8,7.5,12.9,14.5,17.5,14.8,18.2,18.4,20.2,20.7,20,21.2,16.3,14,3.2,6.2,7.5,5.9,7.3,9.3,9.4,10.1,9.6,7.5,3.4,0.9
304558,1979,2,8,"197902","197803",0,0,0,55.057,139.032,132.194,134.279,122.538,81.673,83.088,5.398,16.872,5.9,4.19,10.4,-2.17,-9.15,-8.5,-8.61,-8.65,-7.06,-8.69,-2.02,-3.41,5,4,1,0,0,0,0,0,0,0,1,5,249,206,120,150,78,61,44,35,38,61,176,247,0,0,11,3,21,32,29,46,65,30,0,0,155,149,285,249,356,360,388,415,417,384,212,150,46.588,56.734,83.621,97.366,139.742,132.755,135.133,123.364,110.076,85.112,57.698,50.155,27,25,31,30,31,30,31,31,30,31,27,23,1,0,0,0,0,0,0,0,0,0,0,0,113,100,170,42,1,1,1,1,28,2,52,33,67,64,70,68,60,65,66,68,64,65,59,63,-53,12.8,16.5,20.2,15,25,35.7,30.1,40.5,18.7,-27.1,-44.5,10.1,10.5,14.7,13.5,16.4,17,17.5,18.4,18.9,17.4,12.4,10,15.3,16.1,19.4,18.5,23.1,22.7,23.1,23.7,25,23.2,18.9,17.1,5,4.9,10,8.4,9.8,11.3,11.9,13.1,12.9,11.5,5.9,2.8
304560,1979,2,18,"197902","197803",0,0,0,54.437,138.513,131.908,134.435,122.513,80.539,83.197,5.408,16.8,6.04,4.29,10.26,-2.11,-9.1,-8.47,-8.62,-8.64,-6.95,-8.7,-2.05,-3.4,5,4,1,0,0,0,0,0,0,0,1,5,250,207,122,153,80,64,46,36,39,63,177,248,0,0,11,3,20,30,28,45,63,28,0,0,154,147,284,246,352,356,385,412,414,381,211,149,46.673,56.933,84.091,97.134,139.345,132.522,135.178,123.683,110.114,85.218,57.884,50.209,27,25,31,30,31,30,31,31,30,31,27,23,1,0,0,0,0,0,0,0,0,0,0,0,114,101,169,43,1,1,1,1,30,2,52,33,66,64,70,68,60,65,66,68,64,64,59,63,-53,12.8,16.6,20.2,15.1,25,35.7,30,40.5,18.6,-27.1,-44.5,10.1,10.4,14.6,13.4,16.3,16.9,17.4,18.3,18.8,17.3,12.4,9.9,15.3,16.1,19.4,18.4,22.9,22.6,23.1,23.6,24.9,23.2,18.9,17.1,4.9,4.8,9.9,8.3,9.7,11.1,11.7,12.9,12.7,11.4,5.8,2.7
317992,1979,3,7,"197902","197803",0,0,0,51.674,137.995,131.955,135.238,123.232,77.595,83.742,5.235,15.694,6.42,4.63,10.16,-1.84,-9.06,-8.48,-8.71,-8.73,-6.68,-8.81,-2.11,-3.28,5,4,1,1,0,0,0,0,0,0,1,5,252,210,123,157,84,67,48,37,41,64,178,251,0,0,10,2,18,28,26,43,60,27,0,0,152,145,282,241,347,351,381,409,410,379,210,146,46.897,57.227,84.982,96.914,139.029,132.659,135.626,124.771,110.43,85.776,58.433,50.265,27,25,31,29,31,30,31,31,30,31,27,22,1,0,0,0,0,0,0,0,0,0,0,0,118,105,169,45,1,1,0,2,33,2,53,35,66,63,69,68,60,65,65,67,63,64,58,63,-53.1,13,16.8,20.3,15.1,25.1,35.7,30,40.5,18.6,-27.2,-44.5,10,10.4,14.6,13.2,16.1,16.7,17.3,18.2,18.7,17.2,12.3,9.8,15.3,16.1,19.5,18.3,22.8,22.5,23,23.7,24.8,23.2,19.1,17.1,4.7,4.6,9.7,8.1,9.5,10.9,11.5,12.7,12.5,11.2,5.6,2.6
304548,1979,3,22,"197903","197804",0,0,0,48.372,135.653,130.727,137.188,122.242,82.442,83.467,4.934,8.364,9.09,4.81,4.9,-1.56,-8.87,-8.45,-8.99,-8.71,-7.14,-8.91,-2.18,-2.61,4,3,1,0,0,0,0,0,0,0,1,4,227,199,162,151,79,57,38,31,37,50,154,229,1,0,4,3,20,35,35,51,66,40,1,0,172,160,239,247,354,366,400,423,418,405,237,165,47.641,58.574,84.104,95.241,137.273,131.246,137.188,122.822,108.032,85.782,58.914,50.047,29,26,31,30,31,30,31,31,30,31,29,25,1,0,0,0,0,0,0,0,0,0,0,0,147,109,114,47,2,1,0,1,26,2,54,42,67,63,67,69,61,66,66,69,65,66,60,65,-53.2,12.9,17.4,19.8,15.9,24.6,35.7,30.4,40.8,18.6,-27.2,-44.5,10.8,11,13.1,13.4,16.4,17.2,17.9,18.6,19,18.1,13.2,10.6,16,16.8,18.4,18.3,22.8,22.8,23.6,23.8,24.8,23.8,19.7,17.4,5.7,5.2,7.9,8.5,10,11.7,12.2,13.5,13.1,12.4,6.8,3.7
2044164,1979,3,25,"197903","197804",0,0,0,0,132.009,166.399,197.028,174.939,65.472,95.625,0,0,21.67,24.77,10.3,13.51,-9.81,-14.24,-19.39,-18.8,-8.26,-14.72,3.5,0.98,12,7,2,1,0,0,0,0,0,0,2,13,347,267,203,180,51,12,1,2,21,27,227,359,0,0,3,4,44,108,242,220,103,84,0,0,85,104,199,217,399,491,643,621,472,464,166,73,31.971,40.9,72.936,87.37,147.605,173.206,198.127,175.27,115.962,96.972,42.699,30.886,21,22,29,29,31,30,31,31,30,31,25,16,5,2,0,0,0,0,0,0,0,0,1,1,252,290,167,197,16,7,1,0,50,1,100,46,68,69,65,68,57,54,53,53,57,50,61,72,-51.1,10.2,16.6,19.4,11,25.7,22.3,24.4,38.9,14.3,-26.7,-42.7,6.9,8.3,11.6,12.4,17.9,21.4,25.8,25.1,20.8,20,10.4,6.3,11.8,13.1,17.1,17.4,25.3,29.6,34.3,33.6,28.2,28.9,16.7,12.2,2.1,3.5,6.1,7.3,10.5,13.2,17.3,16.5,13.3,11.1,4.2,0.5
202457,1979,4,2,"197903","197804",0,0,0,0,138.752,140.826,145.766,136.611,86.423,92.652,0,9.297,8.51,9.23,5.18,4.28,-9.24,-9.45,-9.92,-10.38,-8.02,-10.7,-0.96,-2.3,6,4,2,1,0,0,0,0,0,0,1,6,263,218,187,184,107,79,49,42,50,68,187,273,0,0,0,0,10,22,26,38,49,25,0,0,142,138,210,212,317,333,379,400,389,372,200,127,44.313,55.78,80.596,92.195,140.402,142.138,146.578,137.343,115.32,93.826,57.498,46.018,26,24,30,29,30,30,31,31,30,31,26,21,1,0,0,0,0,0,0,0,0,0,0,0,137,152,115,103,2,1,1,1,29,1,67,37,66,62,66,68,56,58,59,59,57,55,56,64,-52.9,12.9,17.4,20.1,13.7,26.3,32.9,28.5,39.6,17.6,-27.5,-44.3,9.7,10.1,12.2,12.2,15.2,16.1,17.2,17.9,18,17,12,9.1,14.9,16,17.5,17.3,22.5,23.1,24,24.8,25.2,24.6,19.1,16,4.5,4.2,6.9,7.2,7.9,9.2,10.4,11,10.8,9.4,4.9,2.2
4460519,1979,4,11,"197904","197805",0,0,0,41.626,157.914,172.58,201.967,176.239,103.527,96.771,0,6.83,24.83,21.73,3.6,-1.6,-12.42,-14.24,-18.91,-17.83,-12.51,-13.75,-0.56,-1.06,10,7,3,1,0,0,0,0,0,0,2,13,329,262,212,166,55,25,5,6,26,46,238,361,0,0,0,4,39,75,137,132,90,50,0,0,95,106,187,230,393,437,538,533,454,414,155,69,34.71,44.723,73.732,106.719,161.9,174.009,202.652,177.289,129.501,97.642,46.742,33.216,22,22,29,28,31,30,31,31,30,31,23,15,4,2,0,0,0,0,0,0,0,0,1,0,286,263,97,65,4,1,1,1,26,1,63,26,67,66,65,57,49,50,44,46,49,48,56,70,-51.6,11.1,16.9,22.9,6.5,28.4,19.4,22.8,37.2,15,-27.1,-43,7.5,8.5,11.2,12.9,17.7,19.6,22.4,22.2,20.1,18.4,10.1,6.3,12.5,13.8,16.7,19.9,26.5,28.5,32.7,32,29.3,27.6,17.1,12.4,2.6,3.3,5.7,5.8,8.8,10.7,12.1,12.4,11,9.2,3.1,0.2
304596,1979,4,22,"197904","197805",0,0,0,118.473,158.461,169.099,188.293,171.091,112.698,101.767,1.565,0,11.71,6.72,7.34,-8.88,-11.71,-13.12,-15.68,-15.52,-12.59,-12.57,-2.29,-1.63,5,4,2,0,0,0,0,0,0,0,1,5,250,208,177,124,61,28,10,8,19,33,166,256,1,0,3,10,32,68,102,119,111,66,3,0,157,150,225,278,381,427,495,515,481,445,226,146,51.059,61.613,90.41,120.56,161.699,169.583,189.108,172.199,140.932,104.771,62.037,50.416,25,23,29,29,31,30,31,31,30,31,27,22,1,0,0,0,0,0,0,0,0,0,0,0,180,134,147,2,3,0,1,1,28,3,60,52,60,58,61,56,51,53,49,51,50,54,55,62,-54,14,19.2,24,11.9,28.4,28.2,28,39.5,17.6,-27.6,-44.5,10.1,10.4,12.6,14.4,17.3,19.3,21,21.6,21.1,19.4,12.8,9.7,16.3,17.1,18.9,21.7,25.7,27.5,30.1,30.3,29.9,27.3,20.1,17.1,3.8,3.8,6.3,7.1,8.9,11,11.8,13,12.2,11.4,5.4,2.3
304547,1979,6,4,"197905","197806",0,0,0,102.403,120.258,130.819,137.304,122.247,82.45,83.44,4.855,8.415,9.13,4.8,4.92,-6.97,-7.41,-8.46,-9.01,-8.72,-7.14,-8.91,-2.18,-2.61,4,3,2,0,0,0,0,0,0,0,1,4,228,199,162,133,87,57,38,31,37,50,154,229,1,0,4,6,17,35,35,51,66,40,1,0,172,160,239,267,343,367,400,423,418,405,237,165,47.66,58.587,84.11,104.13,121.612,131.338,137.304,122.827,108.012,85.759,58.922,50.035,29,26,31,30,31,30,31,31,30,31,29,25,1,0,0,0,0,0,0,0,0,0,0,0,147,109,114,2,1,1,0,1,26,2,54,42,67,63,67,65,68,66,66,69,65,66,60,65,-53.2,12.9,17.4,21,18.9,24.6,35.7,30.4,40.8,18.6,-27.2,-44.5,10.8,11,13.1,14.1,16,17.2,17.9,18.6,19,18.1,13.2,10.5,16,16.8,18.4,19.6,21.2,22.8,23.6,23.8,24.8,23.8,19.7,17.4,5.7,5.2,7.9,8.5,10.9,11.7,12.2,13.5,13.1,12.4,6.8,3.7
1806660,1979,6,6,"197905","197806",0,0,0,22.985,54.269,102.379,114.595,96.308,22.402,69.654,0.91,0,14.7,21.37,5.26,0.46,-1.19,-5.92,-6.95,-6.35,-1.02,-8.14,-1.69,0.34,9,7,3,1,0,0,0,0,0,0,3,10,313,264,233,219,168,135,112,97,122,130,253,325,0,0,0,0,0,7,7,12,15,2,0,0,99,96,161,174,251,261,296,318,284,290,137,84,33.209,37.701,64.72,78.601,103.156,104.366,115.708,105.492,81.482,73.142,41.803,33.891,24,24,29,28,30,30,31,31,29,30,23,18,2,2,0,0,0,0,0,0,1,0,0,1,186,250,104,56,49,2,1,9,59,3,41,47,69,74,70,71,69,71,67,68,68,58,61,71,-51.4,9.2,15.3,18.5,18.6,23.1,36.5,28.4,38.8,16.9,-26.4,-43.2,8,8.4,10.6,10.9,13,13.7,14.6,15.2,14.4,14.3,9.6,7.4,12.7,12.4,15.2,15.4,17.8,18.3,19.8,20.4,19.6,21.2,15.8,13.7,3.4,4.5,6,6.4,8.1,9.1,9.3,10,9.3,7.4,3.4,1.1
202474,1979,7,26,"197907","197808",0,0,0,99.122,119.352,128.713,126.964,117.85,78.591,85.444,4.326,19.634,5.12,5.77,3.55,-6.69,-7.26,-8.17,-7.95,-8.16,-6.62,-9.27,-2.26,-3.66,5,4,2,1,0,0,0,0,0,0,1,5,252,209,179,160,119,88,66,62,61,77,182,256,0,0,0,2,7,19,17,24,40,18,0,0,150,144,218,238,304,322,354,367,369,358,204,140,45.068,56.839,80.825,105.896,121.778,129.582,127.76,118.282,103.857,86.535,57.317,47.63,27,24,30,29,31,30,31,31,30,31,27,22,1,0,0,0,0,0,0,0,0,0,0,0,105,118,98,7,2,1,1,0,25,1,53,28,67,62,67,61,65,64,67,67,63,60,57,64,-53,12.9,17.2,22.3,17.5,23.3,36.3,29.7,40.1,18.1,-27.4,-44.4,10,10.4,12.5,13.1,14.7,15.7,16.4,16.8,17.3,16.5,12.2,9.7,15.2,16.3,17.7,19.3,20.4,21.7,21.8,22.2,23.3,23.2,19.1,16.7,4.9,4.5,7.3,6.8,9.1,9.8,11,11.4,11.2,9.9,5.3,2.6
304607,1980,1,22,"198001","197902",0,0,0,104.12,121.414,134.592,133.292,122.22,106.304,70.077,45.157,15.739,4.74,4.23,5.39,-7.08,-7.45,-8.78,-8.58,-8.59,-9.91,-7.17,-6.67,-4.48,2,4,2,0,0,0,0,0,0,0,1,2,174,207,174,136,90,54,37,38,29,75,150,163,4,0,2,6,16,37,36,42,81,21,3,7,220,148,225,264,339,371,402,407,442,361,242,239,51.678,56.838,80.988,105.934,122.505,135.171,134.107,123.147,116.678,82.571,63.689,58.532,31,25,31,30,31,30,31,31,30,31,28,28,0,0,0,0,0,0,0,0,0,0,0,0,111,100,115,2,1,1,1,1,10,12,19,43,66,64,68,64,68,65,67,68,62,65,55,55,-54.1,12.8,17,21.5,18.3,22.5,35.9,30.1,40.2,18.8,-27.8,-45.3,12.7,10.5,12.7,14,15.9,17.4,17.9,18.1,19.8,16.6,13.4,13.1,18,16.1,17.7,19.8,21.1,23.2,23.3,23.5,26.3,22.4,20.9,21,7.3,4.8,7.7,8.2,10.6,11.6,12.5,12.8,13.3,10.9,6,5.3
304608,1980,2,7,"198001","197902",0,0,0,103.164,119.964,133.479,133.885,122.225,104.982,69.924,45.183,14.657,5.01,4.5,5.09,-6.99,-7.31,-8.66,-8.63,-8.59,-9.76,-7.16,-6.74,-4.41,2,4,2,0,0,0,0,0,0,0,1,2,176,210,177,142,96,59,40,41,31,78,152,166,4,0,2,5,14,33,33,39,77,19,3,7,217,145,222,257,331,363,396,402,436,356,240,235,51.985,57.157,81.536,105.109,121.385,134.236,134.271,123.656,116.463,82.594,63.972,58.563,31,25,30,29,31,30,31,31,30,31,27,28,0,0,0,0,0,0,0,0,0,0,0,0,114,104,113,2,1,1,0,1,11,13,19,44,66,63,67,64,68,65,67,67,61,65,54,55,-54.2,12.9,17.2,21.5,18.5,22.5,35.9,30,40.2,18.8,-27.8,-45.3,12.6,10.4,12.6,13.7,15.6,17.1,17.7,17.9,19.5,16.5,13.3,13,18,16.1,17.7,19.5,20.9,22.9,23.2,23.4,26.1,22.3,20.9,20.9,7.1,4.6,7.5,8,10.4,11.3,12.3,12.5,13,10.7,5.8,5.1
3726377,1980,2,21,"198002","197903",0,0,0,103.6,120.385,133.733,133.211,121.739,105.695,70.034,45.074,15.339,4.7,11.53,5.25,-7.03,-7.35,-8.68,-8.56,-8.53,-9.81,-7.15,-6.66,-4.43,2,2,2,0,0,0,0,0,0,0,1,2,174,129,175,138,93,57,38,40,30,77,151,164,4,5,2,5,15,35,34,41,79,20,3,7,220,227,224,262,335,367,399,404,439,359,241,237,51.806,62.822,81.105,105.449,121.633,134.332,133.915,122.915,116.174,82.457,63.614,58.478,31,28,31,30,31,30,31,31,30,31,28,28,0,0,0,0,0,0,0,0,0,0,0,0,111,185,114,2,1,1,1,1,10,12,19,43,66,65,68,64,68,65,67,68,62,65,55,55,-54.2,12.5,17.1,21.5,18.4,22.5,35.9,30.1,40.2,18.8,-27.8,-45.3,12.7,13.7,12.7,13.9,15.8,17.3,17.9,18,19.6,16.6,13.4,13.1,18,19.3,17.7,19.7,21,23,23.3,23.4,26.1,22.3,20.8,20.9,7.3,8.2,7.6,8.1,10.6,11.5,12.4,12.7,13.2,10.8,5.9,5.2
304545,1980,3,10,"198003","197904",0,0,13.557,104.012,121.232,134.489,133.459,122.276,106.134,70.071,45.198,15.552,4.81,11.62,0.61,-7.07,-7.43,-8.77,-8.59,-8.59,-9.89,-7.17,-6.7,-4.48,2,2,2,0,0,0,0,0,0,0,1,2,174,128,179,137,92,55,38,39,30,76,150,163,4,5,0,6,15,36,35,41,80,21,3,7,220,227,216,262,337,369,400,406,441,360,242,238,51.741,62.82,85.628,105.846,122.403,135.101,134.205,123.347,116.748,82.651,63.788,58.562,31,28,30,29,31,30,31,31,30,31,28,28,0,0,0,0,0,0,0,0,0,0,0,0,112,186,72,2,1,1,1,1,11,13,19,43,66,65,64,64,68,65,67,67,62,65,55,55,-54.1,12.5,18.2,21.5,18.3,22.6,35.9,30.1,40.2,18.8,-27.8,-45.3,12.7,13.8,12.5,13.9,15.8,17.3,17.9,18.1,19.7,16.6,13.4,13.1,18,19.3,18.2,19.7,21.1,23.1,23.3,23.5,26.2,22.4,20.9,21,7.3,8.2,6.8,8.1,10.6,11.5,12.5,12.7,13.2,10.8,5.9,5.2
2314219,1980,3,22,"198003","197904",0,0,22.836,65.6,153.283,199.357,205.181,172.016,138.868,10.462,0,0,9.43,14.96,-1.23,-4.13,-12.26,-18.75,-19.9,-17.38,-18.34,-3.44,0.98,5.78,7,3,2,0,0,0,0,0,0,0,2,7,294,188,201,130,24,5,1,3,8,59,215,284,0,2,2,11,87,175,234,175,171,39,0,0,123,174,199,271,472,560,635,576,558,388,176,127,32.262,45.796,78.802,110.608,165.198,200.344,206.426,174.691,143.729,83.148,42.604,34.185,26,27,28,29,31,30,31,31,30,31,26,23,1,0,0,0,0,0,0,0,0,0,0,1,133,204,56,45,12,1,1,3,5,73,71,107,72,70,60,57,54,47,50,50,47,57,63,64,-51.1,10,17.9,22.6,7.5,26.7,20.9,24.5,37.1,15.9,-26.6,-43.2,8.7,11.4,11.7,14.2,20.3,23.7,25.5,23.6,23.6,17.5,10.9,8.8,12.9,16.1,18,21.3,28.4,33.4,34.9,32.7,33.4,24.9,16.7,14.5,4.4,6.8,5.3,7.1,12.2,14,16.2,14.5,13.9,10.2,5,3
1443128,1980,3,27,"198003","197904",0,0,27.625,106.923,129.907,140.994,140.347,126.416,115.937,68.185,46.254,7.689,4.08,9.07,-0.95,-7.49,-8.29,-9.45,-9.29,-9.05,-11.27,-7.74,-7.12,-3.86,3,2,2,1,0,0,0,0,0,0,1,2,183,139,197,159,105,71,51,57,39,71,163,183,3,3,0,2,11,26,24,27,63,23,0,4,209,214,195,239,320,344,377,375,415,367,227,215,51.968,63.426,86.153,110.329,131.964,141.927,140.347,126.924,121.465,89.667,63.312,56.851,30,28,29,28,31,30,31,31,30,31,26,26,0,0,0,0,0,0,0,0,0,0,0,0,108,163,59,3,2,1,0,1,6,21,17,49,64,63,61,59,61,59,62,63,56,59,52,54,-54.5,12.9,18.9,23.1,15.7,24.6,34.3,29.4,39.6,18,-28,-45.3,12.3,13.3,11.8,13.1,15.3,16.5,17.1,17.1,18.8,16.8,12.9,12.4,18.1,19.3,18,19.8,21.6,23.3,23.4,23.2,26.4,23.8,20.8,20.6,6.6,7.3,5.6,6.4,8.9,9.7,10.9,11,11.3,9.9,5,4.2
304540,1980,3,29,"198003","197904",0,0,19.738,95.307,108.497,121.168,124.755,116.265,103.096,66.373,43.103,2.298,5.19,12.8,-0.01,-6.23,-6.29,-7.47,-7.76,-7.98,-9.32,-6.74,-6.25,-2.69,2,2,2,1,0,0,0,0,0,0,1,2,175,139,191,161,126,87,60,54,40,79,155,177,3,3,0,2,6,19,20,29,62,19,2,5,217,214,201,237,296,323,364,379,412,356,236,222,49.825,59.168,79.952,98.891,110.693,121.772,124.755,116.838,110.486,79.314,60.761,54.525,31,28,30,29,31,30,31,31,30,31,28,29,0,0,0,0,0,0,0,0,0,0,0,0,113,192,60,4,2,1,0,1,7,13,18,52,68,68,67,66,71,68,69,69,63,67,58,59,-53.8,11.9,17.2,20.8,20.2,21.7,37.1,30,40.1,18.9,-27.5,-44.9,12.6,13.3,12,13,14.5,15.8,16.7,17.2,18.7,16.5,13.2,12.6,17.6,18.4,17.2,18.4,19.1,21,21.7,22.3,24.9,21.8,20.1,19.7,7.6,8.3,6.9,7.7,9.8,10.6,11.7,12.1,12.6,11.1,6.3,5.5
4567197,1980,4,9,"198004","197905",0,0,32.686,48.8,96.85,110.974,106.058,89.198,90.206,0,0,0,9.02,13.6,-1.84,-2.01,-5.41,-6.68,-6.36,-5.78,-8.21,0,2.99,6.72,4,2,2,1,0,0,0,0,0,0,1,3,233,143,183,160,113,99,66,79,42,81,163,212,0,3,0,2,9,15,17,17,59,18,1,1,160,208,208,237,310,307,355,343,407,353,226,183,34.088,45.529,74.876,87.591,108.036,111.954,107.486,90.21,92.378,60.919,41.049,35.957,31,28,30,30,31,30,31,31,30,31,30,30,1,0,0,0,0,0,0,0,0,0,0,0,134,188,42,39,11,1,1,1,2,64,85,120,77,76,68,71,71,71,75,78,70,76,73,69,-51.2,9.1,16.4,18.8,18.7,21.6,39.2,30.4,39.3,18.7,-25.9,-43.4,10.6,13.2,12.4,13.1,14.9,15.3,16.4,16,18.6,16.4,12.9,11.3,14.2,16.9,17.5,17.7,19.5,19.9,20.4,19.5,23.5,20.2,17.1,15.8,7.1,9.5,7.3,8.5,10.4,10.6,12.5,12.5,13.7,12.5,8.7,6.7
202482,1980,4,16,"198004","197905",0,0,17.685,73.38,102.012,106.913,101.876,93.026,95.519,53.439,35.623,0,5.57,10.34,0.11,-4.08,-5.7,-6.13,-5.74,-5.76,-8.18,-5.36,-5.5,-1.67,2,2,2,1,0,0,0,0,0,0,1,2,171,133,198,160,148,119,103,98,57,89,165,182,3,3,0,0,1,10,8,12,43,13,0,3,220,219,192,238,272,281,304,317,376,341,223,214,50.295,60.346,80.884,97.788,104.297,107.758,102.756,93.998,99.116,74.265,57.761,53.759,31,28,29,29,31,30,31,31,30,31,28,28,0,0,0,0,0,0,0,0,0,0,0,0,120,172,63,24,2,1,1,1,4,21,22,65,66,66,65,66,72,72,76,76,67,69,58,58,-54.3,12.1,17.7,20.6,21,21.3,40.9,30.9,40.1,18.8,-27.5,-45.1,12.8,13.6,11.8,13.1,13.7,14.4,14.9,15.2,17.5,16,12.8,12.4,18.2,19,17.3,18.4,18.1,18.8,18.8,19,23,21.1,19.7,20,7.4,8.1,6.2,7.7,9.2,9.9,11.1,11.4,12,10.9,6,4.9
2308947,1980,4,19,"198004","197905",0,0,22.836,93.273,153.283,199.357,205.181,172.016,138.868,10.462,0,0,9.43,14.96,-1.23,-7.12,-12.26,-18.75,-19.9,-17.38,-18.34,-3.44,0.98,5.78,7,3,2,0,0,0,0,0,0,0,2,7,294,188,201,99,24,5,1,3,8,59,215,284,0,2,2,18,87,175,234,175,171,39,0,0,123,174,199,305,472,560,635,576,558,388,176,127,32.262,45.796,78.802,115.661,165.198,200.344,206.426,174.691,143.729,83.148,42.604,34.185,26,27,28,30,31,30,31,31,30,31,26,23,1,0,0,0,0,0,0,0,0,0,0,1,133,204,56,22,12,1,1,3,5,73,71,107,72,70,60,57,54,47,50,50,47,57,63,64,-51.1,10,17.9,22.7,7.5,26.7,20.9,24.5,37.1,15.9,-26.6,-43.2,8.7,11.4,11.7,15.4,20.3,23.7,25.5,23.6,23.6,17.5,10.9,8.8,12.9,16.1,18,22.6,28.4,33.4,34.9,32.7,33.4,24.9,16.7,14.5,4.4,6.8,5.3,8.2,12.2,14,16.2,14.5,13.9,10.2,5,3
1368039,1980,4,20,"198004","197905",0,0,40.263,81.983,151.62,183.669,193.064,163.777,137.985,40.178,0,0,8.83,10.62,-2.85,-5.56,-11.43,-15.63,-17.05,-15.1,-16.89,-5.68,-1,5.05,7,3,2,0,0,0,0,0,0,0,1,6,281,171,188,117,37,12,4,8,10,58,194,263,0,3,3,12,58,108,156,120,156,37,1,0,131,186,211,283,432,491,557,516,538,389,195,141,35.002,50.088,83.583,110.316,156.876,184.494,193.409,164.133,139.486,81.364,45.812,37.045,27,28,29,29,31,30,31,31,30,31,27,25,1,0,0,0,0,0,0,0,0,0,0,0,130,165,43,28,5,1,0,0,2,41,54,104,71,68,59,59,55,49,50,52,50,61,63,65,-51.6,10.7,18.6,22.2,8.6,26.3,22.5,25,37.1,16.7,-26.8,-43.6,9.1,12.1,12.2,14.7,19,21.4,23,21.7,23,17.6,11.7,9.4,13.4,17.1,18.7,21.3,26.7,30.5,32.1,30.2,32.1,24.2,17.6,15.2,4.7,7.1,5.6,8,11.3,12.3,13.9,13.1,13.9,11,5.9,3.7
3792190,1980,4,21,"198004","197905",0,0,44.831,106.743,181.138,212.972,217.923,186.969,151.422,86.844,37.787,25.944,4.55,1.44,-2.98,-8.29,-15.38,-20.68,-21.5,-19.03,-19.26,-11.21,-6.13,-4.39,6,2,2,0,0,0,0,0,0,0,1,5,263,168,192,82,17,3,1,2,6,41,192,262,1,3,4,25,109,199,260,214,194,59,2,1,151,195,214,330,502,586,661,615,580,425,201,146,39.746,57.988,87.021,128.165,183.582,214.018,217.923,186.969,154.777,98.298,57.292,44.773,28,27,28,30,31,30,31,31,30,31,25,22,1,0,0,0,0,0,0,0,0,0,0,0,92,81,42,21,2,1,0,0,3,11,20,19,70,63,59,54,50,45,49,50,48,54,53,65,-52.2,12.3,19,24.1,8.3,28.6,24.3,27,38.6,16.6,-27.9,-44.3,9.6,12.2,12,16.2,21.3,24.6,26.4,24.9,24.4,18.8,11.8,9.5,14.2,18,18.6,24,30.3,34.8,36,34,34.1,26.8,19.5,16.5,5.1,6.3,5.5,8.4,12.3,14.3,16.8,15.8,14.7,10.7,4,2.5
304553,1980,4,30,"198004","197905",0,0,13.852,96.694,120.959,134.255,133.358,122.101,106.019,70.083,45.157,15.468,4.76,11.58,0.58,-6.39,-7.4,-8.74,-8.58,-8.57,-9.87,-7.17,-6.68,-4.46,2,2,2,0,0,0,0,0,0,0,1,2,174,129,180,124,92,56,38,39,30,76,151,164,4,5,0,7,15,35,34,41,80,20,3,7,219,227,215,278,336,368,399,405,440,359,241,238,51.777,62.848,85.667,109.641,122.186,134.868,134.135,123.26,116.591,82.638,63.728,58.536,31,28,30,30,31,30,31,31,30,31,28,28,0,0,0,0,0,0,0,0,0,0,0,0,111,185,72,13,1,1,1,1,11,13,19,43,66,65,64,63,68,65,67,67,62,65,55,55,-54.2,12.5,18.2,21.9,18.3,22.6,35.9,30.1,40.2,18.8,-27.8,-45.3,12.7,13.7,12.5,14.4,15.8,17.3,17.9,18.1,19.7,16.6,13.4,13.1,18,19.3,18.2,20.5,21,23.1,23.3,23.4,26.2,22.4,20.8,21,7.3,8.2,6.8,8.4,10.5,11.5,12.4,12.7,13.2,10.8,5.9,5.2
4567196,1980,5,9,"198005","197906",0,0,33.316,45.187,77.678,105.696,102.657,85.705,85.065,0,0,0,8.77,13.29,-1.89,-1.67,-3.96,-6.22,-6.08,-5.5,-7.52,0.48,3.17,6.58,4,2,2,1,0,0,0,0,0,0,1,3,231,139,180,166,169,104,68,81,46,87,162,211,0,3,0,0,0,13,17,16,54,15,0,1,161,211,211,231,249,300,352,340,398,343,227,183,34.063,45.321,74.382,83.44,84.551,106.678,104.091,86.713,87.263,56.632,40.793,35.889,31,28,30,30,31,30,31,31,30,31,30,31,1,0,0,0,0,0,0,0,0,0,0,0,131,185,41,38,7,1,1,1,2,63,86,118,77,77,68,73,80,73,77,80,73,79,74,69,-51.2,9,16.2,18.1,24.3,21,39.9,30.6,39.4,19.1,-25.9,-43.4,10.7,13.3,12.5,12.9,12.9,15,16.3,15.9,18.3,16.1,12.9,11.3,14.2,17,17.5,17.1,16.1,19.3,20.1,19.2,22.7,19.4,17.1,15.9,7.2,9.7,7.5,8.7,9.7,10.7,12.6,12.7,13.8,12.7,8.8,6.8
304549,1980,5,12,"198005","197906",0,0,15.063,92.394,96.717,135.082,136.346,121.946,108.327,70.254,46.179,15.721,8.29,13.39,0.36,-6.01,-5.23,-8.93,-8.97,-8.66,-10.25,-7.23,-7.07,-4.63,2,1,2,0,0,0,0,0,0,0,1,2,155,114,168,119,145,49,32,34,25,69,127,140,7,8,0,8,1,41,41,48,91,25,7,12,242,244,229,282,275,381,413,417,456,371,269,265,51.35,64.703,88.009,108.156,101.851,135.657,136.346,122.43,116.753,81.426,65.305,58.921,31,28,30,30,31,30,31,31,30,31,29,30,0,0,0,0,0,0,0,0,0,0,0,0,147,207,73,16,5,1,0,0,8,11,19,43,68,65,63,64,74,65,67,69,63,67,55,57,-54.1,12.6,18.4,21.5,22.7,22.4,35.9,30.4,40.5,18.9,-27.9,-45.3,13.4,14.4,12.9,14.6,13.8,17.7,18.3,18.5,20.2,17,14.3,14,18.4,20,18.8,20.4,17.9,23.5,23.8,23.6,26.6,22.5,21.7,21.5,8.4,8.7,7.1,8.8,9.6,12,12.8,13.3,13.9,11.5,6.9,6.5
202483,1980,5,30,"198005","197906",0,0,17.212,73.209,80.177,109.406,104.575,94.759,96.094,51.575,35.984,0,6.65,11.3,0.11,-4.09,-3.86,-6.36,-5.97,-5.91,-8.28,-5.23,-5.69,-1.48,2,2,2,1,0,0,0,0,0,0,1,3,175,136,199,165,197,118,100,100,59,92,165,186,3,2,0,0,0,10,9,11,41,12,0,3,215,215,191,233,216,282,312,315,371,338,223,210,50.158,60.881,82.447,97.934,89.19,110.251,105.433,95.718,99.716,75.006,58.893,53.84,31,28,29,29,30,30,31,31,30,31,27,27,0,0,0,0,0,0,0,0,0,0,0,0,131,182,65,25,9,1,1,1,4,23,23,67,66,65,64,66,76,71,75,75,66,68,57,58,-54.3,12.3,18.1,20.8,24.4,21.6,40.4,30.9,40.1,18.7,-27.7,-45.1,12.6,13.5,11.8,12.9,11.9,14.4,15,15.1,17.4,15.9,12.8,12.3,18.1,19.1,17.5,18.3,15.5,19.1,19,19,23,21.1,19.9,19.9,7.2,7.9,6,7.5,8.3,9.8,11,11.2,11.8,10.6,5.7,4.6
4564846,1980,6,30,"198006","197907",0,0,27.044,49.199,93.681,106.437,117.844,100.806,97.686,0,0,0,11.23,16.84,-1.32,-2.06,-5.16,-6.27,-7.4,-6.84,-9.29,-0.41,4.87,9.01,4,2,2,0,0,0,0,0,0,0,1,3,237,142,178,142,142,101,46,60,33,71,165,215,0,3,0,4,3,14,28,25,73,25,1,2,158,210,214,255,279,304,384,370,430,368,224,180,33.979,45.569,76.45,93.955,100.334,108.827,120.437,101.805,99.635,65.675,41.552,36.08,30,28,30,30,31,30,31,31,30,31,30,30,1,0,0,0,0,0,0,0,0,0,0,0,156,221,49,45,7,2,3,1,2,67,104,143,77,76,67,68,73,72,71,74,67,73,72,68,-51.2,9.1,16.7,19.7,20.5,21.1,36.4,29.5,39,18.2,-26,-43.4,10.5,13.2,12.5,13.7,13.9,15.2,17.4,16.9,19.3,16.9,12.8,11.2,14.1,17,17.8,18.8,18.1,19.6,22.1,21.1,24.8,21.2,17.2,15.8,6.9,9.5,7.3,8.6,9.7,10.7,12.7,12.7,13.8,12.5,8.5,6.5
330070,1980,8,3,"198007","197908",0,0,0.768,103.398,120.157,162.706,188.213,169.814,143.561,86.371,46.804,15.97,10.77,17.43,1.58,-7.49,-7.32,-12.16,-15.83,-15.27,-16.97,-10.24,-7.68,-4.94,2,2,2,0,0,0,0,0,0,0,1,2,173,127,184,111,123,45,6,9,11,52,139,156,6,7,1,11,7,46,123,114,149,41,7,10,226,233,214,292,300,389,522,509,529,400,257,250,54.328,68.447,93.369,124.19,127.846,163.209,189.518,170.659,151.795,98.382,68.419,59.893,30,28,28,29,30,30,31,31,30,31,27,28,0,0,0,0,0,0,0,0,0,0,0,0,178,255,93,21,8,1,1,1,8,12,22,44,63,60,58,55,62,53,51,52,48,56,50,54,-54.7,13.7,20,24.3,18,24.3,28.2,28.1,38.8,17.9,-28.3,-45.4,12.7,13.8,12.3,14.9,14.6,18,21.9,21.4,22.7,17.9,13.8,13.4,18.6,20.4,19.2,22.4,20.8,26.2,30.6,30,32.1,25.5,22.2,21.5,6.8,7.3,5.4,7.4,8.4,9.8,13.1,12.8,13.2,10.3,5.4,5.3
2315373,1981,4,20,"198104","198005",0,11.191,0,94.027,136.827,160.46,204.683,178.795,130.271,84.694,41.172,0,9.63,-2.3,4.36,-7.51,-9.97,-12.8,-20.11,-18.66,-16,-12.23,-7.36,2.89,8,4,3,0,0,0,0,0,0,0,1,7,305,200,211,91,63,26,1,3,16,48,172,285,0,0,2,21,33,72,230,177,124,48,4,0,115,158,190,316,379,434,631,577,497,409,221,125,33.779,50.293,75.697,120.596,149.806,167.722,206.534,179.192,132.658,92.84,51.473,34.949,24,25,28,29,31,30,31,31,30,31,26,23,2,0,0,0,0,0,0,0,0,0,0,0,137,39,108,27,13,7,2,0,2,8,10,80,69,63,62,54,54,52,49,48,49,50,54,60,-51.5,11.5,17.4,23.3,10.2,26.6,20.3,23.7,37.7,15,-28.2,-43.3,8.3,10.7,11.3,15.8,17.2,19.5,25.4,23.7,21.6,18.2,12.6,8.7,13,16.6,17.3,23.4,25.1,27.9,34.8,33.1,30.7,27,20.1,14.7,3.6,4.8,5.3,8.1,9.3,11,16,14.2,12.5,9.5,5,2.8
4564843,1981,5,0,"198104","198005",0,10.925,0,102.384,106.627,126.054,130.659,113.313,99.785,80.279,43.291,0,7.01,-1.92,4.02,-7.46,-6.24,-8.08,-8.65,-8.03,-9.25,-9.53,-6.49,-0.34,4,2,2,0,0,0,0,0,0,0,1,3,214,157,186,116,121,70,30,48,48,63,147,210,1,2,0,10,7,26,44,33,51,28,2,0,177,196,208,284,302,346,417,389,394,381,243,182,37.37,52.035,72.466,108.333,111.975,127.54,132.804,114.033,100.599,83.503,50.389,38.391,31,28,30,30,31,30,31,31,30,31,29,30,0,0,0,0,0,0,0,0,0,0,0,0,118,41,97,6,5,1,2,1,1,3,7,53,74,68,70,61,69,66,68,69,64,60,63,68,-52,10.8,15.9,21.8,17.9,22.2,33.8,28.7,39.1,16.9,-27.4,-43.7,11.1,12.6,12.3,14.7,14.7,16.5,18.4,17.5,18.1,17.3,13.5,11.3,15.2,17.6,17,21,19.6,22.2,23.8,22.6,24,24.1,19.4,16.4,7.1,7.6,7.5,8.4,9.7,10.9,13.1,12.5,12.2,10.5,7.6,6.3
632655,1981,5,1,"198104","198005",22.93,38.279,19.56,104.924,110.341,144.014,159.781,137.654,110.52,96.695,69.754,40.567,-4.13,-5.23,-0.06,-7.4,-6.47,-9.95,-11.9,-10.8,-10.07,-10.91,-9.83,-7.15,1,1,1,0,0,0,0,0,0,0,0,1,126,90,132,70,88,29,6,7,25,31,79,102,14,16,9,26,16,66,125,126,93,68,25,23,281,279,273,347,341,424,525,527,458,453,331,311,60.838,74.488,90.358,115.413,114.294,144.835,160.458,138.311,111.751,97.93,70.783,61.852,31,28,31,30,31,30,31,31,30,31,30,31,0,0,0,0,0,0,0,0,0,0,0,0,38,36,71,10,4,1,1,1,1,1,1,21,62,60,66,65,72,64,64,68,66,61,57,56,-55.6,14,17.9,21.1,22,21.2,34.5,31.4,42,18.5,-28.1,-45.3,14.5,15.5,14.3,16.8,16,19.2,22,22,20.3,19.7,16.5,15.6,20.7,22.1,19.8,22.5,20.5,25.2,28.2,27.4,25.9,26.2,23.7,22.6,8.3,8.8,8.8,11.1,11.5,13.2,15.8,16.6,14.6,13.1,9.2,8.5
304544,1981,5,3,"198104","198005",0,0,0,94.07,98.614,127.433,131.651,121.209,95.535,90.501,64.121,34.235,0.57,-0.49,9.06,-6.15,-5.36,-7.97,-8.5,-8.52,-7.93,-9.9,-8.96,-6.66,2,2,2,0,0,0,0,0,0,0,1,2,159,144,174,119,147,82,32,37,62,69,126,145,6,3,0,8,0,21,42,44,39,21,4,8,237,210,222,283,273,330,413,411,367,370,267,255,57.078,64.372,82.5,104.762,102.926,128.109,132.564,122.506,97.476,93.101,66.32,60.392,30,28,30,30,31,30,31,31,30,31,28,29,0,0,0,0,0,0,0,0,0,0,0,0,80,67,153,11,4,1,1,1,2,3,2,26,61,62,67,66,73,65,69,68,68,57,54,52,-55.3,13.2,17.4,20.8,22.2,21,36.1,30.1,40.8,18.2,-28.1,-45.4,13.2,13.1,12.7,14.6,13.7,16,18.3,18.2,17.2,16.9,14.3,13.8,19.5,19.2,17.9,20,17.9,21.7,23.5,23.5,22.4,24.1,22,21.8,6.9,7.1,7.4,9.1,9.5,10.4,13.1,13,12,9.8,6.7,5.8
979678,1981,5,5,"198104","198005",0,0,0,91.92,97.163,127.888,130.741,123.174,100.601,92.814,65.197,31.045,0.93,0.01,8.45,-5.99,-5.19,-8.03,-8.38,-8.71,-8.6,-10.48,-9.43,-6.48,2,2,2,0,0,0,0,0,0,0,1,2,169,160,186,138,166,100,51,53,72,77,132,150,5,0,0,4,0,15,25,30,32,16,2,7,225,192,208,261,252,306,377,381,350,359,259,248,56.147,63.936,82.294,105.264,104.517,128.367,130.741,123.671,101.763,95.057,67.185,59.472,30,27,30,29,30,30,31,31,30,30,28,29,0,0,0,0,0,0,0,0,0,0,0,0,83,72,148,13,7,0,0,0,1,2,2,28,60,61,66,64,71,63,67,65,64,54,52,52,-55.3,13.4,17.7,21.5,21.3,21.6,35.9,29.5,40.3,17.9,-28.3,-45.5,12.9,12.5,12.2,13.9,13,15.2,17.2,17.3,16.6,16.6,14.1,13.6,19.2,18.8,17.7,19.7,17.6,21.2,22.5,23,22.6,24.3,22.2,21.7,6.5,6.2,6.8,8.1,8.4,9.3,11.8,11.6,10.7,8.8,6,5.5
4564844,1981,5,14,"198105","198006",0,2.443,0,94.266,124.012,130.914,146.683,127.454,104.216,80.347,40.21,0,11.67,-1.06,9.3,-6.79,-8.13,-8.72,-10.63,-9.87,-10.19,-9.89,-6.3,1.67,6,3,3,0,0,0,0,0,0,0,1,5,263,191,222,140,99,81,24,39,48,70,169,252,0,0,0,6,14,21,53,41,51,24,0,0,142,165,174,257,327,330,432,405,393,369,219,144,34.159,49.937,70.773,107.153,129.331,132.455,149.201,128.639,105.212,84.038,49.58,34.979,29,27,29,29,31,30,31,31,30,31,28,28,1,0,0,0,0,0,0,0,0,0,0,0,159,47,149,13,5,2,3,1,1,4,9,67,75,68,68,60,62,62,61,62,61,58,62,68,-51.2,11,16.3,22.2,14.1,23.2,30.6,27.7,39,16.7,-27.3,-43.2,9.7,11.3,10.9,13.8,15.5,16,18.9,18.1,18.1,16.9,12.7,9.8,13.5,16.4,15.9,20.4,21.8,22.3,25.6,24.4,24.6,24,18.9,14.6,5.8,6.2,5.9,7.3,9.2,9.8,12.3,11.7,11.6,9.8,6.5,5
1443129,1981,5,15,"198105","198006",21.899,48.122,41.298,128.622,159.411,190.665,224.713,195.212,151.694,114.673,76.09,55.544,-4.6,-6.88,-2.63,-10.68,-12.12,-16.46,-22.53,-20.18,-17.78,-15.17,-11.77,-9.69,2,1,1,0,0,0,0,0,0,0,0,1,155,119,151,60,34,15,1,2,11,26,94,124,10,10,8,35,63,100,244,213,148,85,21,18,251,248,256,364,440,477,645,614,528,470,313,288,63.3,78.229,97.894,138.696,163.201,191.581,225.204,196.273,152.602,116.625,76.731,65.732,29,27,30,30,31,30,31,31,30,31,28,29,0,0,0,0,0,0,0,0,0,0,0,0,41,30,57,10,4,1,0,1,1,2,1,10,55,52,58,53,56,47,46,48,48,49,48,48,-56.3,15.4,19.9,24.7,15,25.4,28.4,29.8,40.8,17.3,-28.8,-45.7,13.4,14.2,13.5,17.3,19.3,20.9,25.8,24.8,22.6,20.2,15.7,14.6,20.8,22.3,20.4,25.4,26.9,30.5,36,34.4,32.1,29.4,24.8,23.3,6,6,6.7,9.3,11.6,11.4,15.7,15.3,13.2,11,6.6,6
202462,1981,5,16,"198105","198006",0,0,0,68.632,98.248,101.69,103.43,90.023,72.547,73.088,57.13,9.702,7.08,0.27,11.67,-3.69,-5.39,-5.65,-5.91,-5.53,-5.44,-7.32,-8.38,-4.04,2,2,2,1,0,0,0,0,0,0,1,2,165,160,189,180,174,152,105,112,118,121,137,155,4,0,0,0,0,5,8,9,16,0,0,4,226,189,201,216,245,236,302,295,288,301,252,239,51.354,57.404,73.962,90.056,100.406,102.154,103.43,90.466,75.586,74.258,61.644,53.858,31,28,30,29,30,30,31,31,30,31,28,30,0,0,0,0,0,0,0,0,0,0,0,0,139,67,173,21,2,0,0,0,3,1,5,44,64,66,71,69,72,72,75,77,76,65,55,57,-54.8,12,16,19.6,21.5,19.8,40.6,30.9,40.4,18.6,-28.2,-45.2,13,12.5,12.1,12.4,12.8,12.9,14.8,14.6,14.6,14.7,13.9,13.4,18.8,17.9,16.7,17.2,17.1,17.3,18.8,18.2,18.4,20.3,21.4,20.7,7.3,7.1,7.5,7.5,8.4,8.5,10.9,10.9,10.7,9.1,6.5,6.1
1443125,1981,5,19,"198105","198006",0.681,22.346,6.431,113.163,147.252,180.237,209.659,180.921,139.798,105.626,69.453,37.606,-1.84,-3.71,1.03,-8.87,-10.79,-15.14,-20.15,-18.04,-15.74,-13.47,-10.28,-6.9,2,2,2,0,0,0,0,0,0,0,0,1,153,123,169,75,46,20,1,2,13,25,84,114,10,9,5,26,46,85,212,207,141,86,26,21,254,242,237,341,410,453,613,607,519,473,327,300,56.211,70.824,86.777,126.644,152.141,181.021,210.244,181.813,140.903,107.715,69.97,58.326,31,28,30,30,31,30,31,31,30,31,30,31,0,0,0,0,0,0,0,0,0,0,0,0,56,48,80,13,5,1,1,1,1,2,1,21,64,59,65,58,59,50,50,54,54,55,57,58,-54.8,14,18,23.3,16.2,24.6,29.3,30.1,41.2,17.9,-28.1,-45,13.5,14,12.9,16.5,18.2,20.1,24.8,24.6,22.3,20.3,16.2,15,19.2,20.7,18.5,23.5,25.2,29,34.1,32.9,30.5,28.1,23.4,21.6,7.7,7.3,7.3,9.6,11.2,11.2,15.5,16.4,14.2,12.6,8.9,8.5
202481,1981,6,25,"198106","198007",0,0,0,77.178,105.726,121.733,109.014,95.951,78.794,80.647,60.705,14.656,6.36,-0.12,9.15,-4.49,-5.99,-7.57,-6.38,-6.05,-6.08,-8.47,-9.12,-4.84,2,2,2,1,0,0,0,0,0,0,1,2,171,164,194,169,158,76,88,97,105,113,145,165,4,0,0,0,0,23,11,12,19,2,0,3,221,185,197,228,262,337,327,319,305,311,243,229,54.107,61.791,80.079,97.632,107.859,122.66,109.014,96.234,82.071,82.151,65.13,56.443,30,27,30,29,30,30,31,31,30,30,27,28,0,0,0,0,0,0,0,0,0,0,0,0,137,69,153,20,2,1,0,0,3,2,4,42,60,61,66,66,69,68,74,75,73,59,50,53,-55.3,13.1,17.5,20.8,20,22.1,39.6,30.7,40.4,18.1,-28.6,-45.5,12.8,12.3,12,12.8,13.3,16.3,15.5,15.3,15.1,15,13.6,13.1,19.2,18.6,17.4,18.2,18.2,21.4,19.7,19.2,19.5,21.7,22,21.2,6.4,6,6.5,7.3,8.5,11.1,11.3,11.3,10.8,8.3,5.2,4.9
202477,1981,7,3,"198106","198007",0,0,0,88.305,126.154,152.628,138.046,129.553,104.329,94.177,66.244,23.884,4.63,0.52,11.39,-5.69,-7.89,-10.93,-9.14,-9.47,-9.24,-11.12,-9.87,-5.86,2,2,2,0,0,0,0,0,0,0,1,2,165,153,183,138,120,39,40,48,65,67,129,149,5,2,0,4,6,52,32,33,37,23,3,8,229,200,211,261,303,401,395,389,361,374,263,249,54.604,63.529,82.534,108.268,127.538,153.548,141.059,130.302,105.717,97.565,67.275,57.936,30,27,30,29,30,30,31,31,30,30,27,29,0,0,0,0,0,0,0,0,0,0,0,0,120,78,179,20,1,1,3,1,1,3,1,34,61,61,65,62,62,58,63,62,62,52,50,52,-55.3,13.2,17.7,22.1,16.3,24.3,33.9,28.9,40,17.4,-28.6,-45.5,13,12.8,12.4,13.9,14.7,18.4,17.7,17.5,17,17.1,14.2,13.6,19.3,19.1,17.9,20.1,20.9,25.5,23.8,23.8,23.4,25.3,22.6,21.7,6.7,6.4,6.8,7.7,8.5,11.2,11.6,11.2,10.6,8.9,5.8,5.6
291609,1981,9,2,"198108","198009",0,0,0,94.426,119.353,141.735,134.658,128.31,96.433,91.025,64.627,33.569,0.67,-0.55,8.97,-6.21,-7.26,-9.77,-8.83,-9.36,-8.06,-10.05,-9.05,-6.58,2,2,2,0,0,0,0,0,0,0,0,2,155,140,172,115,97,28,28,27,58,64,121,141,7,3,0,9,12,69,48,59,42,25,5,9,243,215,225,288,330,428,423,435,374,380,273,260,56.696,64.286,82.322,105.559,120.445,142.289,134.703,129.216,98.129,93.935,66.525,60.19,31,28,31,30,31,30,31,31,30,31,29,30,0,0,0,0,0,0,0,0,0,0,0,0,80,66,152,11,1,1,0,1,2,3,2,27,62,63,67,66,68,65,68,66,68,57,55,53,-55.2,13,17.3,20.8,18.8,22.4,35.9,29.8,40.9,18.2,-28.1,-45.4,13.4,13.3,12.8,14.8,15.6,19.3,18.6,19,17.5,17.2,14.6,14,19.5,19.3,17.9,20.2,20.8,25.1,23.9,24.6,22.7,24.4,22.1,21.8,7.2,7.3,7.6,9.3,10.4,13.5,13.4,13.4,12.2,10.1,7,6.1
2046467,1982,1,1,"198112","198101",0,7.853,0,100.893,147.836,201.434,218.733,191.685,109.076,8.654,0,0,8.29,-2.03,2.3,-8.43,-11.82,-19.57,-22.34,-21.38,-14.73,-2.73,7.19,5.71,8,4,2,0,0,0,0,0,0,0,1,7,300,201,199,75,25,2,1,1,11,105,181,285,0,0,3,27,82,228,241,225,150,14,3,0,119,156,202,338,467,615,642,625,530,320,211,124,33.411,50.354,78.579,125.95,166.767,202.339,218.876,192.733,138.23,78.288,42.482,27.789,25,24,28,30,31,30,31,31,30,30,28,27,1,0,0,0,0,0,0,0,0,0,1,1,124,43,92,25,19,1,0,1,29,70,135,95,69,61,60,52,52,50,45,45,48,55,65,60,-51.5,11.5,17.9,23.8,6.5,27.1,17.7,22.2,37.1,16.1,-26.7,-42.1,8.5,10.7,11.8,16.5,20.1,25.5,25.8,25.2,22.7,15.3,12.2,8.7,13.2,16.8,18.1,24.6,28.5,34.7,36.2,35.5,32.3,22.9,17.7,12.7,3.7,4.5,5.4,8.4,11.8,16.4,15.3,14.9,13.1,7.7,6.7,4.7
2046466,1982,1,1,"198112","198101",0,3.344,0,98.973,143.235,201.385,220.305,194.634,112.378,5.446,0,0,8.11,-1.64,2.58,-8.23,-11.38,-19.7,-22.91,-22.26,-15.39,-2.45,8,6,7,4,2,0,0,0,0,0,0,0,1,6,293,203,197,76,25,2,1,1,9,101,174,281,0,0,3,27,82,233,256,243,161,16,4,0,124,155,204,336,467,620,657,643,545,325,219,128,34.077,50.203,78.321,124.168,165.193,202.419,220.992,195.695,138.838,77.451,42.487,27.993,25,24,28,30,31,30,31,31,30,30,29,27,1,0,0,0,0,0,0,0,0,0,1,1,125,47,95,25,22,1,1,1,26,72,145,99,68,61,60,53,53,51,45,45,48,55,65,59,-51.8,11.5,17.8,23.5,6.7,26.9,17.2,21.8,37.1,16.1,-26.7,-42.2,8.7,10.6,11.8,16.4,20.1,25.7,26.3,25.8,23.2,15.5,12.5,8.9,13.6,16.8,18.2,24.4,28.4,34.8,36.7,36.2,32.7,22.9,18,12.9,3.7,4.4,5.4,8.5,11.9,16.6,15.8,15.4,13.7,8,7,4.8
304563,1982,3,10,"198203","198104",0,45.155,0,95.013,119.47,141.576,133.236,127.262,100.219,73.472,22.43,36.524,0.71,-5.1,4.98,-6.24,-7.25,-9.72,-8.66,-9.2,-8.6,-7.46,-4.15,-5.91,5,2,2,0,0,0,0,0,0,0,0,2,253,147,188,117,98,29,30,29,47,99,122,182,0,3,0,9,12,66,45,55,53,8,6,3,150,209,208,285,329,424,418,429,396,328,272,214,51.452,62.513,79.659,105.442,120.488,142.191,133.907,128.275,101.867,83.814,60.565,53.841,25,28,30,30,31,30,31,31,30,31,30,29,0,0,0,0,0,0,0,0,0,0,0,0,69,17,109,10,1,1,1,1,2,10,38,17,60,64,68,66,68,65,68,66,67,62,61,52,-54.1,12.8,17,20.9,18.7,22.5,35.9,29.8,40.7,18.7,-27.4,-44.8,10,13,12.2,14.7,15.5,19.2,18.5,18.8,18.2,15.6,14.5,12.4,16.4,18.7,17.2,20.2,20.7,25,23.7,24.4,23.6,21.9,20.8,19.4,3.6,7.2,7.1,9.2,10.4,13.3,13.3,13.2,12.8,9.2,8.2,5.4
1459126,1982,3,30,"198203","198104",0,36.956,0,119.682,164.74,214.336,221.741,199.256,146.81,58.739,31.522,30.985,0.02,-4.57,3.76,-10.15,-13.6,-22.28,-23.58,-22.82,-18.75,-7.37,-5.73,-4.72,8,2,2,0,0,0,0,0,0,0,0,3,311,149,164,40,13,1,0,0,3,46,100,211,0,6,8,57,128,308,367,356,268,51,20,4,115,218,248,406,526,699,768,757,655,412,309,193,41.16,58.933,79.75,134.476,171.472,215.514,221.741,199.857,149.101,89.618,59.242,42.462,23,28,31,30,31,30,31,31,30,31,30,30,0,0,0,0,0,0,0,0,0,0,0,0,43,22,101,15,7,1,0,1,2,31,28,11,67,66,69,58,58,53,55,56,57,61,63,62,-52.2,12,16.6,23.2,11.1,25.8,25,27,39.5,17.8,-27.7,-43.9,8.1,12.9,13.1,18.7,22.1,28.3,29.8,29.5,26.9,18.3,15.4,11.3,13.2,18.4,18,26,29.5,37,38.3,37.8,34.7,24.8,21.5,16.4,3,7.5,8.1,11.5,14.7,19.6,21.4,21.2,19.2,11.8,9.3,6.2
202494,1982,4,6,"198203","198104",0,11.494,0,88.196,124.856,150.612,142.51,134.628,106.78,49.728,4.066,3.296,5.97,-2.02,12.15,-5.68,-7.77,-10.7,-9.55,-10.09,-9.62,-5.51,-2.55,-2.47,6,2,2,0,0,0,0,0,0,0,1,3,267,156,204,140,123,41,48,43,58,113,126,194,0,2,0,4,6,49,27,38,42,4,4,1,137,199,191,259,299,396,382,399,374,310,267,196,49.721,62.204,77.669,107.485,126.135,151.529,143.314,135.196,107.776,85.311,58.506,48.992,23,27,30,29,30,30,31,31,30,30,30,29,1,0,0,0,0,0,0,0,0,0,0,0,120,51,180,19,1,1,1,1,1,36,54,46,58,62,67,62,62,58,61,60,61,57,61,52,-54.1,13,17.1,22,16.6,24.2,33.4,28.6,39.9,18.1,-27.6,-44.6,9.5,12.7,11.6,13.8,14.6,18.2,17.3,17.9,17.5,15,14.3,11.9,16.1,18.8,16.7,20,20.7,25.2,23.8,24.5,23.9,22.1,20.7,18.4,2.9,6.6,6.4,7.7,8.5,11.2,10.8,11.2,11,7.9,8,5.5
5504869,1982,4,16,"198204","198105",0,0,0,21.942,127.783,156.397,152.479,135.43,103.046,29.258,0,0,11.12,1.52,8.68,0.71,-8.42,-11.89,-11.06,-10.76,-9.94,-3.59,5.77,3.23,9,3,3,0,0,0,0,0,0,0,1,3,322,184,216,148,77,17,21,23,38,105,133,215,0,1,0,5,22,94,60,67,65,9,6,1,97,173,180,249,357,468,441,446,417,320,260,180,36.055,51.454,66.667,98.64,131.691,156.957,153.024,136.213,105.532,74.049,44.403,34.446,23,27,30,29,31,30,31,31,30,31,30,31,2,0,0,0,0,0,0,0,0,0,0,0,149,74,138,77,4,1,1,1,2,45,119,82,68,67,72,65,63,60,60,61,63,63,72,65,-51.6,11.2,15.2,20.7,13.7,24,30,27.2,39,17.7,-26.4,-43.1,7.8,11.6,11.1,13.5,16.5,20.6,19.2,19.4,18.9,15.3,14,11.2,12.6,16.8,15.4,19.1,22.6,27.4,26.1,25.9,25.2,21.3,18.5,15.3,2.9,6.4,6.7,7.9,10.3,13.8,12.4,12.9,12.7,9.3,9.6,7
6008220,1982,4,17,"198204","198105",0,18.739,0,4.287,105.451,121.949,108.504,102.594,85.527,42.69,5.721,6.227,4.12,-2.65,11.86,2.84,-5.99,-7.6,-6.27,-6.61,-6.82,-4.12,-2.46,-2.62,6,2,2,1,0,0,0,0,0,0,1,3,264,155,205,188,156,73,97,85,88,139,128,192,0,1,0,0,0,25,9,15,25,0,1,0,137,197,187,208,264,342,316,334,326,280,263,199,49.217,60.992,74.634,92.985,106.675,122.86,109.287,103.415,86.653,74.555,56.161,47.77,24,27,30,29,30,30,31,31,30,30,30,29,1,0,0,0,0,0,0,0,0,0,0,0,101,42,174,89,1,1,1,1,1,32,50,42,59,63,69,67,70,68,73,73,71,64,64,53,-54.1,12.7,16.4,20.3,20.5,21.8,39.7,30.4,40.5,18.8,-27.3,-44.5,9.6,12.7,11.5,12.1,13.4,16.4,15.2,15.8,15.9,14,14.3,12,16.1,18.6,16.3,17.2,18.1,21.5,19.4,20.2,20.5,19.8,20.1,18.1,3.2,6.8,6.7,6.9,8.7,11.3,10.9,11.3,11.3,8.2,8.4,5.9
5569681,1982,4,18,"198204","198105",0,0,0,0,125.908,154.518,150.515,134.25,98.16,8.603,0,0,20.58,4.7,13.51,4.01,-8.33,-11.79,-10.93,-10.75,-9.52,-1.63,11.47,9.73,11,3,3,1,0,0,0,0,0,0,1,4,341,197,229,163,85,19,27,27,43,112,139,225,0,0,0,3,19,88,49,59,57,8,6,0,84,161,169,233,346,458,424,435,403,312,254,168,32.649,49.655,66.408,94.862,131.066,155.523,151.287,135.263,103.633,72.874,42.14,30.84,23,26,29,29,31,30,31,31,30,31,30,31,4,0,0,0,0,0,0,0,0,0,0,0,238,104,186,107,5,1,1,1,5,64,173,141,71,67,71,66,62,60,59,61,63,63,73,69,-50.8,11,15.4,20.4,13.6,24.2,30,27,38.9,17.6,-26.1,-42.6,7.1,11.1,10.7,13,16.1,20.3,18.7,19,18.4,15,13.8,10.7,11.4,16.2,15.2,18.4,22.4,27.1,25.6,25.7,24.7,21,18,14.2,2.9,6,6.2,7.5,9.8,13.4,11.8,12.4,12.2,9,9.6,7.1
6008224,1982,4,20,"198204","198105",0,13.735,0,8.874,123.232,147.94,139.515,131.849,104.582,50.025,6.574,5.34,5.37,-2.26,11.58,2.37,-7.61,-10.38,-9.22,-9.75,-9.29,-5.45,-2.8,-2.7,6,2,2,1,0,0,0,0,0,0,1,3,265,154,202,173,125,43,51,45,60,116,126,194,0,2,0,0,5,47,25,36,40,3,4,1,139,200,192,224,297,392,377,394,370,307,267,197,49.983,62.445,77.941,102.298,124.438,148.857,140.319,132.321,105.55,84.141,58.641,49.348,23,27,30,29,30,30,31,31,30,30,30,29,1,0,0,0,0,0,0,0,0,0,0,0,115,49,175,93,1,1,1,0,1,34,52,44,58,62,67,62,63,59,62,62,62,58,61,52,-54.2,13,17.1,21.9,16.9,23.9,34,28.8,40,18.2,-27.6,-44.6,9.6,12.7,11.6,12.6,14.5,18.1,17.1,17.7,17.3,14.9,14.3,12,16.2,18.9,16.8,18.6,20.5,24.9,23.4,24.1,23.6,21.8,20.7,18.5,3,6.6,6.4,6.6,8.5,11.2,10.9,11.3,11.1,7.9,8,5.5
2322749,1982,4,24,"198204","198105",0,0,0,29.909,156.85,204.756,219.804,191.031,120.86,11.742,0,0,8.68,1.05,8.64,-0.4,-12.67,-20.12,-22.5,-21,-15.53,-2.81,8.56,6.67,18,4,3,0,0,0,0,0,0,0,1,6,398,210,238,152,26,2,1,2,12,107,180,281,0,0,0,7,80,232,241,218,146,14,3,0,56,151,169,246,464,619,642,619,525,318,212,128,31.082,50.105,69.403,104.519,167.04,205.641,220.259,191.354,137.082,77.767,42.807,28.046,15,24,28,29,31,30,31,31,30,30,29,28,4,0,0,0,0,0,0,0,0,0,1,1,114,71,142,75,10,1,0,0,16,66,148,105,66,62,66,59,52,50,45,46,49,56,66,62,-50.7,11.6,16.4,22.1,6.6,27.2,17.8,22.5,37.3,16.4,-26.6,-42.2,5.3,10.4,10.4,13.4,20,25.7,25.8,25,22.5,15.2,12.3,8.9,10.4,16.4,15.7,20,28.4,35,36.3,35.2,31.9,22.6,17.6,12.7,0.1,4.3,5,6.7,11.6,16.3,15.3,14.9,13.2,7.9,6.9,5
2287409,1982,4,30,"198204","198105",0,0,0,0,107.37,130.48,120.016,114.71,90.232,0,0,0,22.69,2.98,15.31,5.15,-6.27,-8.65,-7.49,-8.08,-7.72,0.58,7.39,3.52,9,3,4,1,0,0,0,0,0,0,1,4,317,199,243,215,157,64,73,62,76,159,150,221,0,0,0,0,0,30,15,24,30,0,0,0,99,158,156,180,262,355,346,367,343,259,238,167,42.762,54.137,68.643,87.985,110.929,131.326,120.542,115.348,92.141,70.608,51.407,41.02,21,26,29,28,30,30,31,31,30,30,29,29,3,0,0,0,0,0,0,0,0,0,0,0,272,90,204,109,4,1,1,1,2,76,143,93,62,65,70,68,67,65,69,68,68,65,65,56,-52.8,12,15.9,20.1,18.8,22.6,37,29.1,39.8,18.7,-27,-43.8,7.9,11,10.2,11,13.3,16.8,16.1,16.8,16.4,13.3,13.4,10.8,13.8,16.5,14.8,16.1,18.5,22.6,21.1,22,21.6,18.9,18.9,16,2,5.6,5.6,6,8.2,11.1,11.2,11.6,11.3,7.6,7.9,5.6
943444,1982,5,15,"198205","198106",0,36.644,0,111.673,153.828,225.792,235.57,220.965,161.107,100.391,48.1,47.631,2.42,-5,2.64,-8.77,-11.53,-23.33,-24.88,-25.93,-20.2,-12.66,-8.27,-8.03,5,2,2,0,0,0,0,0,0,0,0,2,251,144,185,99,45,3,1,1,7,52,111,170,2,6,4,18,49,218,255,279,177,43,16,8,161,221,222,309,412,605,656,680,567,401,293,236,56.45,71.417,95.291,134.981,161.99,226.105,236.116,221.798,162.744,109.767,72.86,61.312,23,27,28,29,31,30,31,31,30,30,28,27,1,0,0,0,0,0,0,0,0,0,0,0,96,35,106,23,8,0,1,1,2,9,25,14,55,56,57,50,54,43,43,43,46,48,51,48,-54.7,14.6,20.1,25.6,15.1,28.4,27.3,28.6,40.1,17.9,-28.3,-45.2,10,13.1,12.3,15.4,18.3,25.2,26.2,27,24,17.9,15,12.9,17.3,20.3,19.2,23.9,26.2,36,37.2,38,33.9,27,23.4,21.1,2.8,6,5.4,7,10.4,14.4,15.3,16,14,8.9,6.6,4.6
5723178,1982,6,0,"198205","198106",0,11.933,0,29.482,138.207,186.123,191.203,170.475,129.219,49.533,0,0,6.26,-2.11,9.35,-0.17,-9.7,-16.56,-17.27,-16.6,-14.65,-6.59,1.6,-1.59,12,5,5,1,0,0,0,0,0,0,1,5,351,223,287,209,123,15,5,8,25,114,166,244,0,0,0,0,9,100,131,120,92,8,2,0,81,138,125,186,300,477,532,517,457,309,225,155,42.206,55.618,67.813,103.442,139.213,186.57,191.833,171.467,130.152,86.539,51.31,40.438,16,22,25,26,30,30,31,31,30,29,29,27,2,0,1,0,0,0,0,0,0,0,0,0,106,44,141,74,1,0,1,1,1,37,89,44,58,60,67,57,55,48,50,50,52,53,63,54,-52.9,13,16.6,23.4,13.2,27.3,24,25.2,38.4,17.3,-27.1,-43.8,6.8,9.9,8.8,11.3,14.6,20.9,22.2,21.7,20.3,14.9,12.8,10.1,13.3,16.3,13.9,18.2,22.2,30.3,31.3,30.7,28.7,22.8,18.7,15.6,0.3,3.5,3.8,4.3,7,11.6,13.1,12.7,11.8,7.1,6.9,4.5
2051858,1982,6,18,"198206","198107",0,0,0,51.284,171.681,142.535,220.545,194.872,112.084,5.194,0,0,6.63,0.15,6.47,-2.62,-14.82,-11.61,-22.99,-22.34,-15.39,-2.44,8.11,6.05,18,5,4,1,0,0,0,0,0,0,1,6,399,222,242,161,22,9,1,1,9,101,174,281,0,0,0,6,92,129,258,244,162,16,4,0,56,141,165,238,480,513,659,645,546,325,218,128,31.004,49.692,69.231,104.202,177.648,175.216,221.346,196.007,138.962,77.457,42.544,28.057,15,23,27,28,31,30,31,31,30,30,29,27,3,0,0,0,0,0,0,0,0,0,1,1,95,63,122,53,6,33,1,1,27,72,146,100,64,60,65,58,48,54,45,45,48,55,65,59,-50.9,11.8,16.6,22.3,4.2,28.6,17.2,21.8,37,16.1,-26.7,-42.2,5.3,9.9,10.3,13.1,20.6,22.1,26.3,25.9,23.2,15.5,12.5,8.9,10.7,16.3,15.8,20,29.9,30.2,36.8,36.3,32.7,22.9,18,13,-0.2,3.6,4.7,6.2,11.2,14,15.9,15.5,13.7,8,6.9,4.8
2049534,1982,11,5,"198210","198111",0,0,0,54.655,171.724,146.26,197.775,182.675,89.912,6.527,0,0,6.57,0.04,5.84,-2.96,-14.81,-11.9,-18.67,-19.63,-11.02,-2.92,7.4,5.59,18,5,4,1,0,0,0,0,0,0,1,7,399,220,241,156,21,10,2,2,19,78,176,282,0,0,0,7,93,125,207,201,112,26,4,0,55,143,166,242,481,509,608,602,483,356,217,127,30.752,49.537,69.073,105.117,177.927,174.493,199.665,184.476,123.197,80.472,42.391,27.818,15,23,27,28,31,30,31,31,30,31,29,27,3,0,0,0,0,0,0,0,0,0,1,1,93,62,115,50,6,28,2,2,33,74,138,95,65,60,65,58,48,54,50,47,53,55,65,59,-50.8,11.7,16.5,22.3,4.2,28.6,21.1,22.9,38.1,15.8,-26.7,-42.2,5.2,10,10.3,13.2,20.6,22,24.7,24.5,21.1,16.5,12.4,8.8,10.5,16.3,15.8,20.2,29.9,30.1,33.8,34.3,29.4,24,17.9,12.8,-0.1,3.7,4.8,6.3,11.3,13.9,15.5,14.6,12.8,8.9,6.9,4.8
2050542,1982,11,11,"198211","198112",0,0,0,12.043,94.081,77.051,95.412,97.111,58.799,37.334,0,0,11.23,-0.06,8.47,1.9,-5.13,-3.82,-5.3,-6.22,-4.33,-4.03,5.11,-0.04,8,3,3,1,0,0,0,0,0,0,1,3,303,181,225,197,179,143,120,90,86,115,190,211,0,0,0,0,0,6,6,14,26,5,0,0,107,171,169,197,239,250,287,328,329,308,194,179,42.392,54.93,67.212,86.482,95.549,85.235,95.929,98.396,84.285,74.457,47.56,40.89,22,27,30,29,30,30,31,31,30,31,28,29,2,0,0,0,0,0,0,0,0,0,1,0,159,61,134,74,1,8,1,1,25,37,113,58,62,65,72,70,74,81,77,74,72,64,65,57,-53,11.9,15.3,19.3,22.1,20.9,42,30.1,39.9,18.1,-26.6,-43.9,8.4,11.7,10.8,11.7,12.6,13.4,14.3,15.5,16,14.9,11.9,11.3,14.2,17.3,15.1,16.5,16.6,16.4,17.8,19.7,20.5,20.8,17.3,16.6,2.5,6.2,6.5,7,8.5,10.3,10.7,11.4,11.4,9,6.4,6
2049538,1982,11,13,"198211","198112",0,0,0,41.915,172.876,155.68,199.748,182.679,95.198,2.187,0,0,7.73,0.63,7.01,-1.64,-14.85,-12.77,-18.76,-19.32,-11.41,-2.45,6.9,5.97,18,4,3,0,0,0,0,0,0,0,3,7,399,215,237,152,22,11,2,3,20,80,260,285,0,0,0,7,93,118,198,188,106,25,0,0,55,147,169,247,481,501,599,589,475,354,140,125,30.819,50.106,70.262,106.077,178.624,176.032,201.049,183.955,124.02,81.811,39.027,27.912,15,23,28,28,31,30,31,31,30,30,24,27,4,0,0,0,0,0,0,0,0,0,1,1,105,68,127,64,6,20,1,1,29,80,121,98,65,61,65,58,48,53,49,47,52,55,64,60,-50.7,11.7,16.7,22.4,4.2,28.7,21,23.1,38.1,15.9,-25.9,-42.2,5.2,10.2,10.4,13.4,20.6,21.7,24.4,24,20.9,16.4,9.4,8.7,10.4,16.4,16,20.3,29.9,30,33.7,33.9,29.3,24.1,15,12.7,0.1,3.9,4.9,6.4,11.2,13.4,15,14.1,12.4,8.7,3.8,4.8
2049536,1982,11,13,"198211","198112",0,0,0,0,163.991,152.591,198.14,181.569,83.681,0,0,0,10.5,3.38,12.35,3.45,-13.76,-12.43,-18.72,-19.3,-10.14,0.91,10.94,10,18,4,3,1,0,0,0,0,0,0,3,6,397,212,238,166,27,13,2,2,21,80,252,278,0,0,0,6,79,107,204,195,103,25,0,0,56,149,168,232,461,489,605,595,471,354,146,131,30.945,49.853,67.52,100.73,173.208,173.484,199.41,182.315,121.425,79.638,38.318,27.65,15,24,28,28,31,30,31,31,30,31,25,28,5,0,0,0,0,0,0,0,0,0,2,1,133,96,178,109,9,21,1,1,38,110,162,139,65,61,67,60,49,53,50,48,54,57,66,62,-50.7,11.6,16,21.7,5.8,28.4,21.9,23.7,38.5,16.1,-25.8,-42.1,5.3,10.3,10.4,12.9,19.9,21.3,24.6,24.2,20.7,16.4,9.6,9,10.5,16.4,15.5,19.3,29,29.6,33.7,33.9,28.8,23.7,14.9,12.8,0.1,4.1,5.2,6.4,10.8,13.1,15.4,14.6,12.6,9.1,4.3,5.2
2049904,1982,12,28,"198212","198201",0,0,0,13.743,163.944,145.004,193.887,178.166,86.336,0,0,0,10.44,3.32,12.57,1.13,-13.83,-11.73,-18.13,-18.92,-10.59,0.47,10.92,8.63,18,4,4,1,0,0,0,0,0,0,3,10,398,219,243,166,27,12,2,2,19,75,248,325,0,0,0,5,79,110,198,196,110,27,0,0,56,143,164,232,461,492,599,596,481,361,149,95,30.786,49.015,67.25,102.455,172.85,172.163,195.565,180.016,121.31,79.422,37.711,28.48,15,23,28,28,31,30,31,31,30,31,26,23,5,0,0,0,0,0,0,0,0,0,2,1,132,94,181,89,9,27,2,2,35,107,161,122,65,61,66,59,49,54,51,49,54,57,67,75,-50.8,11.5,16.1,22,5.5,28.3,22.3,23.6,38.4,16,-25.7,-42.3,5.3,10,10.2,12.9,19.9,21.4,24.4,24.3,21.1,16.6,9.8,7.4,10.5,16.1,15.4,19.6,29,29.5,33.3,33.7,29.1,23.9,14.9,12.1,0,3.9,5,6.1,10.8,13.4,15.4,14.9,13,9.4,4.6,2.8
2049551,1983,1,9,"198301","198202",0,0,0,37.572,172.472,157.617,200.833,183.031,93.803,0,0,0,11.6,0.85,7.46,-1.19,-14.77,-12.95,-18.92,-19.32,-11.19,-1.97,7.29,4.86,10,4,3,0,0,0,0,0,0,0,3,10,330,213,234,151,22,11,2,3,21,80,260,329,0,0,0,7,92,117,199,187,104,25,0,0,96,149,172,248,480,500,599,588,473,353,140,92,31.753,50.191,70.368,105.721,178.323,176.091,202.05,183.875,123.609,81.399,38.925,29.182,23,24,28,29,31,30,31,31,30,30,24,22,2,0,0,0,0,0,0,0,0,0,2,1,151,70,132,68,6,18,1,1,30,83,124,84,70,61,65,58,48,53,49,47,53,55,64,74,-51,11.7,16.6,22.3,4.3,28.7,20.9,23.2,38.2,15.9,-25.9,-42.4,7.5,10.3,10.5,13.4,20.6,21.7,24.4,24,20.8,16.4,9.4,7.3,12,16.5,16,20.3,29.9,30,33.8,33.9,29.1,24,14.9,12.1,2.9,4.1,5,6.6,11.3,13.4,14.9,14.1,12.4,8.8,3.8,2.5
304538,1983,2,8,"198302","198203",0,0,0,57.476,110.624,110.674,129.104,123.031,80.771,71.983,0,7.148,8.31,7.37,5.01,-2.39,-6.45,-6.47,-8.17,-8.77,-6.77,-7.92,2.12,-2.54,3,2,2,1,0,0,0,0,0,0,1,3,182,150,191,157,122,102,44,32,42,71,149,208,4,3,0,2,7,14,29,51,59,23,2,1,214,206,206,241,301,303,388,422,407,367,243,187,56.511,59.826,80.256,103.187,111.53,111.564,129.636,125.583,103.202,91.194,59.385,50.256,29,28,30,29,31,30,31,31,30,31,29,28,0,0,0,0,0,0,0,0,0,0,0,0,156,138,110,46,1,1,1,3,22,19,98,43,60,67,67,64,71,72,68,67,67,59,60,57,-55.2,12.2,17.2,21.5,20.5,21.7,36.7,29.9,40.7,18.3,-27.3,-44.5,12.4,12.9,12.1,13.2,14.6,15.1,17.5,18.6,18.6,16.8,13.4,11.4,18.9,18.2,17.2,19,19.3,19.6,22.7,24,24,23.8,19.9,17.9,5.9,7.6,6.9,7.4,9.9,10.6,12.3,13.2,13.2,9.9,7,4.9
632879,1983,2,12,"198302","198203",0,0,0,83.29,119.987,128.245,167.209,157.895,105.362,101.105,0,19.813,1.86,4.79,4.88,-5.23,-7.52,-8.34,-12.84,-13.69,-10.5,-12.2,1.68,-3.96,1,1,1,0,0,0,0,0,0,0,0,2,124,109,146,86,53,40,5,3,12,28,107,173,15,11,8,20,38,51,134,180,144,78,15,7,285,257,259,324,396,398,534,580,522,463,296,230,62.496,67.058,89.457,118.325,125.696,129.498,167.209,158.68,123.06,106.044,63.304,53.194,31,28,31,30,31,30,31,31,30,31,30,30,0,0,0,0,0,0,0,0,0,0,0,0,102,124,119,35,6,1,0,1,18,5,101,33,60,64,65,62,70,69,62,62,64,56,61,59,-56.1,12.9,18.1,22.2,20,21.8,33.5,30.5,41.6,17.9,-27.5,-44.6,14.6,14.6,13.7,16,17.8,18.3,22.3,23.8,22.4,20,15.1,12.7,21.2,20.4,19.3,22.3,22.7,23.3,28.9,30.3,28.6,27.6,21.5,19.1,8,8.8,8.1,9.7,12.9,13.2,15.6,17.2,16.3,12.3,8.8,6.4
2049555,1983,2,16,"198302","198203",0,0,0,28.484,168.637,147.78,194.868,179.091,91.452,0,0,0,14.08,16.5,9.81,-0.3,-14.38,-11.91,-18.13,-18.9,-11.02,-1.01,8.18,6.73,10,4,3,1,0,0,0,0,0,0,3,10,324,212,239,163,24,12,2,2,20,79,251,327,0,0,0,6,87,112,198,193,106,25,0,0,100,147,167,235,472,495,599,593,475,354,147,94,32.392,41.863,69.318,103.425,176.217,172.355,196.423,180.905,122.21,80.424,38.689,29.003,23,26,28,28,31,30,31,31,30,31,25,22,2,1,0,0,0,0,0,0,0,0,1,1,178,213,155,75,8,25,2,2,31,93,135,103,69,72,65,58,48,54,51,48,53,55,65,74,-51.2,9.5,16.5,22.2,4.9,28.6,22.1,23.5,38.3,15.9,-25.9,-42.4,7.7,10.3,10.4,13,20.3,21.5,24.4,24.2,20.9,16.4,9.6,7.4,12.4,14.6,15.8,19.8,29.6,29.6,33.3,33.7,29.1,23.9,15.1,12.2,2.9,5.9,4.9,6.2,11,13.5,15.4,14.6,12.7,8.9,4.2,2.5
4011670,1983,3,30,"198303","198204",41.829,50.465,73.128,146.461,199.932,218.704,235.366,213.162,143.907,107.304,46.746,36.682,-6.44,-6.68,-6.8,-14.09,-19.82,-23.89,-28.79,-28.36,-20.11,-15.27,-7.45,-5.69,3,1,0,0,0,0,0,0,0,0,1,4,184,100,55,12,1,0,0,0,1,10,125,216,7,15,50,135,311,416,552,559,373,153,14,3,226,278,397,519,713,810,953,960,761,552,283,188,53.814,65.102,101.313,151.593,202.928,219.814,241.772,215.866,153.558,109.685,59.39,44.307,28,28,31,30,31,30,31,31,30,31,29,27,0,0,0,0,0,0,0,0,0,0,0,0,12,15,28,5,3,1,6,3,10,2,13,8,57,62,62,56,57,58,59,60,60,54,57,55,-55.7,12.4,18.3,23.2,10.7,25.8,28.2,29.9,41.2,15.6,-28.2,-44.3,12.3,15,17.9,22.4,28.3,32,35.9,36.1,30.5,22.9,14.4,10.9,19.3,21.2,24.2,30.2,36.2,39.9,43.9,43.7,37.8,31.1,21.5,17.2,5.3,8.8,11.6,14.6,20.4,24.2,27.9,28.5,23.2,14.8,7.3,4.7
2211615,1983,4,17,"198304","198205",0,0,0,0,126.881,160.743,206.14,182.107,112.597,91.463,0,0,5.91,9.14,15.2,3.64,-8.76,-12.68,-20,-19.41,-13.13,-11.64,4.29,0.79,3,3,2,1,0,0,0,0,0,0,1,5,205,188,193,189,66,31,2,1,13,57,191,260,4,2,3,1,32,63,193,231,139,40,2,1,194,175,209,208,374,418,594,632,517,391,202,147,55.793,60.895,81.751,104.143,146.608,163.326,208.974,190.283,137.376,103.214,58.031,46.758,27,26,30,28,31,30,31,31,30,31,26,24,0,0,0,0,0,0,0,0,0,0,1,0,134,160,217,111,20,3,3,8,25,12,120,70,59,62,66,61,58,55,49,52,56,52,58,56,-54.9,13.1,17.4,22.4,17.6,25.6,30.3,30.3,41.7,17.9,-27,-44.1,11.5,11.4,12,12,17.1,19,24.2,25.4,22.3,17.6,11.8,9.5,18.1,17.4,17.3,18.3,24,26.7,33.7,34.2,30.1,26,18.5,15.8,4.9,5.5,6.7,5.7,10.1,11.2,14.7,16.7,14.4,9.2,5.1,3.3
1089689,1983,4,23,"198304","198205",9.828,0,0,41.764,76.046,82.274,118.363,110.954,80.728,86.531,0,23.227,-2.41,2.27,10.89,-0.92,-4.03,-4.74,-7.67,-8.12,-6.85,-9.11,1.43,-3.64,1,1,1,0,0,0,0,0,0,0,0,2,125,120,123,124,71,65,12,7,17,35,114,176,14,8,11,8,25,29,88,128,120,62,12,6,282,243,284,278,365,353,478,529,492,441,285,226,60.198,60.378,72.323,90.651,86.457,84.435,119.09,111.716,93.168,91.387,58.524,51.055,31,28,31,30,31,30,31,31,30,31,30,31,0,0,0,0,0,0,0,0,0,0,0,0,50,85,162,49,10,2,1,1,12,5,85,28,65,71,79,75,85,85,78,79,78,67,68,63,-54.9,11.6,14.2,18.1,27.5,18,40.3,32.5,42.7,19.4,-26.5,-44.2,14.5,14.1,14.6,14.4,16.8,16.8,20.4,22.1,21.4,19.3,14.8,12.6,20.2,18.6,17.9,18.4,19.2,19.1,24.1,25.5,25,24.9,19.9,18,8.8,9.5,11.2,10.4,14.3,14.5,16.8,18.6,17.9,13.7,9.7,7.3
1202028,1983,5,1,"198304","198205",0,0,0,28.817,137.443,162.036,210.452,187.413,117.011,99.919,0,6.884,1.3,4.47,8.49,0.14,-9.71,-12.62,-20.39,-20.09,-13.62,-12.75,0.44,-2.54,3,3,2,1,0,0,0,0,0,0,1,4,185,174,178,178,66,34,2,1,11,46,168,237,6,3,4,2,31,58,191,234,149,50,5,2,218,186,227,220,374,411,592,635,529,413,228,166,58.828,63.167,84.102,108.042,148.828,163.373,212.144,195.23,139.756,107.09,61.203,49.125,28,26,30,28,31,30,31,31,30,31,27,25,0,0,0,0,0,0,0,0,0,0,0,0,93,116,152,79,11,1,2,8,23,7,87,42,58,62,66,59,57,55,47,50,55,51,57,56,-55.4,13.4,17.6,22.9,17.2,26,29.9,30.1,41.6,17.8,-27.3,-44.3,12.3,12,12.6,12.4,17,18.7,24.1,25.5,22.7,18.3,12.7,10.3,19.1,18.1,17.9,19,24.2,26.6,33.9,34.7,30.6,26.9,19.7,16.7,5.4,5.9,7.2,5.9,9.8,10.9,14.4,16.4,14.8,9.8,5.8,3.8
1087030,1983,5,7,"198304","198205",11.611,0,0,44.538,88.858,94.332,132.632,125.193,91.636,92.475,0,21.849,-2.8,2.36,11.28,-1.08,-4.86,-5.47,-8.92,-9.51,-8.1,-10.09,0.94,-3.69,2,2,1,0,0,0,0,0,0,0,0,2,131,126,131,129,71,64,11,6,16,35,119,183,13,7,10,7,25,30,94,138,123,62,11,5,276,236,277,272,366,356,485,538,496,440,280,219,62.364,63.119,77.165,97.062,98.388,96.829,133.313,126.03,103.77,97.32,61.296,52.993,31,28,31,30,31,30,31,31,30,31,30,30,0,0,0,0,0,0,0,0,0,0,0,0,51,90,170,53,10,2,1,1,12,5,85,31,62,68,75,71,80,81,73,74,74,62,65,59,-55.3,12.3,15.2,19.4,25.4,19,38.5,32.3,42.6,19.1,-26.8,-44.3,14.3,13.8,14.3,14.2,16.8,16.9,20.7,22.4,21.6,19.2,14.6,12.4,20.5,18.9,18.2,18.8,19.9,19.9,25.2,26.7,26,25.6,20.3,18.3,8.1,8.8,10.4,9.6,13.6,13.9,16.1,18,17.1,12.9,8.9,6.5
292926,1983,5,7,"198304","198205",0,0,0,14.563,113.704,119.217,133.831,126.993,99.155,71.596,0,0,9.18,9.46,11.1,1.87,-6.7,-7.23,-8.58,-9.15,-8.89,-8.32,2.22,-1.52,3,2,2,1,0,0,0,0,0,0,1,4,183,159,171,174,134,100,59,43,46,71,155,217,4,2,2,0,4,15,20,37,53,22,0,0,212,195,227,222,287,306,365,398,397,367,235,178,57.127,59.817,79.858,100.205,114.889,120.169,133.831,127.977,110.449,94.883,59.405,48.923,28,28,31,29,31,30,31,31,30,31,28,27,0,0,0,0,0,0,0,0,0,0,0,0,167,160,172,86,1,1,0,1,11,23,100,52,58,65,69,64,68,68,65,64,62,55,59,57,-55.5,12.4,16.8,21.4,19.2,22.5,35.4,29.3,40,17.9,-27.4,-44.4,12.3,12.5,12.8,12.6,14.2,15.2,16.7,17.8,18.2,16.8,13.2,11.1,19.1,18,17.7,18.3,19.3,20.4,22.5,23.7,24.6,24.5,19.9,17.5,5.5,7,7.9,6.9,9,10,10.9,11.9,11.8,9.2,6.5,4.7
4064454,1983,5,22,"198305","198206",0,0,0,0,99.655,97.447,113.654,112.425,62.742,15.638,0,0,18.89,19.84,24.76,6.21,-5.43,-5.3,-6.77,-7.76,-5.1,-2.28,12.91,8.29,4,3,2,1,0,0,0,0,0,0,1,5,239,177,187,189,132,118,87,67,71,109,198,244,0,0,0,0,5,10,11,22,33,7,0,0,159,175,207,206,289,283,328,360,351,315,185,150,45.481,51.816,73.097,91.85,114.727,106.605,115.253,113.923,96.372,79.107,48.887,39.639,26,28,30,29,31,30,31,31,30,30,27,27,1,0,0,0,0,0,0,0,0,0,1,0,249,256,305,123,15,9,2,1,34,63,194,139,62,68,70,67,67,72,70,68,65,60,62,65,-53.9,11.1,16,20.3,17.5,22.9,37.7,28.9,39.4,17.6,-26.9,-43.8,10.4,11.9,12.2,12,14.2,14.5,15.6,16.6,16.7,15.1,11.5,10,16.4,16.9,16.9,17.3,19.5,18.9,20.3,21.9,22.5,21.8,17.6,15.6,4.5,6.9,7.5,6.8,8.9,10,10.8,11.3,10.9,8.5,5.5,4.5
202492,1983,5,25,"198305","198206",0,0,0,0,96.61,89.138,102.947,99.107,61.313,43.969,0,0,12.48,13.9,15.22,3.8,-5.12,-4.74,-5.79,-6.32,-4.41,-4.58,5.66,2.27,3,2,2,1,0,0,0,0,0,0,1,4,186,162,180,210,157,141,115,85,85,104,168,221,3,0,0,0,0,6,6,15,26,6,0,0,206,190,215,185,262,252,293,335,331,321,219,168,53.588,56.038,73.515,84.493,105.638,92.427,103.61,100.572,84.812,79.207,54.252,44.955,29,28,31,29,30,30,31,31,30,31,28,28,0,0,0,0,0,0,0,0,0,0,0,0,196,200,207,90,9,3,1,1,23,35,127,84,60,68,72,71,71,78,75,74,73,63,62,62,-55.1,11.7,15.7,19.1,20.7,20.5,40.8,30.6,40.5,18.5,-27.1,-44.2,12.2,12.4,12.5,11.2,13.3,13.4,14.5,15.8,16,15.3,12.7,10.8,18.6,17.5,16.8,15.7,18,16.9,18.5,19.9,20.4,21.3,18.8,16.7,5.8,7.4,8.1,6.7,8.7,9.9,10.5,11.6,11.7,9.3,6.7,4.9
304546,1983,7,28,"198307","198208",0,0,0,18.056,117.211,112.755,129.552,123.341,80.623,71.96,0,7.179,8.38,7.36,11.7,1.54,-7.01,-6.78,-8.28,-8.81,-6.76,-7.93,2.1,-2.55,3,2,2,1,0,0,0,0,0,0,1,3,182,150,162,168,104,76,38,31,42,70,149,208,4,3,3,0,11,23,35,51,59,23,2,1,214,206,237,229,321,337,400,423,408,368,243,187,56.434,59.83,81.304,95.738,120.913,113.639,129.92,125.725,103.146,91.245,59.423,50.255,29,28,31,29,31,30,31,31,30,31,29,28,0,0,0,0,0,0,0,0,0,0,0,0,156,138,179,78,4,1,0,2,23,19,98,43,60,67,69,68,67,73,69,67,67,59,60,57,-55.2,12.2,16.8,20.3,18.6,22.7,36.6,29.9,40.7,18.3,-27.3,-44.5,12.4,12.9,13.1,12.8,15.3,16.3,17.9,18.6,18.6,16.9,13.4,11.4,18.9,18.2,18.1,17.9,20.6,20.6,23,24.1,24,23.8,19.9,17.9,5.9,7.6,8.2,7.7,10,11.9,12.8,13.2,13.2,9.9,7,4.9
202479,1983,11,11,"198311","198212",0,0,0,0,114.641,147.268,166.578,147.368,106.661,62.566,0,0,21.58,23.46,30.98,6.31,-7.12,-10.63,-13.02,-12.85,-12.14,-8.36,16.8,7.81,5,3,2,1,0,0,0,0,0,0,1,4,253,188,207,183,112,51,19,14,19,49,167,238,0,0,0,0,10,39,66,92,111,43,2,0,151,169,189,212,312,377,449,479,482,406,222,158,37.927,45.876,64.313,95.667,130.455,149.149,167.32,152.723,126.121,86.87,41.398,34.312,28,28,30,28,30,30,31,31,30,31,30,29,1,0,0,0,0,0,0,0,0,0,1,0,265,286,359,130,16,2,1,5,19,24,223,127,71,73,75,64,60,57,54,56,55,59,73,74,-52.1,9.9,14.5,21,13.7,24.9,26.7,25.4,37.7,16.7,-25.9,-43.1,10,11.5,11.4,12.3,15,17.6,19.5,20.5,21.1,18.1,12.7,10.2,14.5,15.6,15.4,18,21.6,24.8,27.5,28.2,29,25.1,16.9,14.6,5.5,7.3,7.5,6.5,8.4,10.3,11.4,12.7,13.2,11.2,8.6,5.9
202459,1984,2,7,"198401","198302",46.588,0,0,0,102.369,103.52,109.059,97.9,72.672,50.256,0,0,-6.41,12.66,14.05,3.33,-5.64,-5.92,-6.38,-6.35,-5.88,-5.5,0.61,5.86,3,3,2,1,0,0,0,0,0,0,1,3,207,171,186,218,157,120,91,52,55,80,158,213,2,0,0,0,0,10,10,30,45,16,0,0,185,181,208,177,263,280,323,382,380,354,230,180,53.446,56.835,75.552,85.761,110.235,104.733,109.773,106.892,91.575,80.938,52.781,43.448,27,27,31,28,30,30,31,31,30,31,29,29,0,0,0,0,0,0,0,0,0,0,0,0,7,189,198,87,8,1,1,9,19,31,75,118,58,66,70,69,68,73,73,73,71,64,65,61,-55.1,12,16.3,19.7,19.7,22.4,39.6,30.2,40.3,18.3,-26.9,-44,11.4,12.1,12.2,10.9,13.4,14.4,15.4,17.3,17.7,16.4,13.1,11.3,18.2,17.5,16.9,15.7,18.4,18.6,19.6,21.6,22.3,22.3,18.7,16.6,4.7,6.7,7.5,6.1,8.3,10.1,11.1,13,13,10.5,7.4,5.9
4567199,1984,2,19,"198402","198303",24.306,0,0,0,76.938,100.458,102.646,85.778,66.855,43.255,0,0,-3.52,1.13,28.33,7.49,-3.6,-5.8,-5.99,-5.42,-5.65,-4.69,16.12,17.81,4,3,2,1,0,0,0,0,0,0,1,3,233,198,193,207,161,108,82,61,50,87,171,206,0,0,0,0,0,12,12,25,50,14,0,1,165,158,199,187,259,295,334,369,390,343,215,186,37.788,48.031,60.001,73.596,94.052,102.23,105.047,95.702,87.518,66.631,38.799,28.779,30,27,31,29,31,30,31,31,30,31,30,31,0,0,0,0,0,0,0,0,0,0,1,0,13,64,329,121,17,2,2,10,21,23,211,218,72,70,78,77,75,75,75,77,72,71,76,74,-52.1,10.6,13.3,17,22,20.6,39.7,30,39.4,18.3,-25.5,-42.3,10.6,11,12,11.3,13.2,14.8,15.7,16.9,18,16.1,12.6,11.5,14.9,15.7,15.3,14.9,17.1,18.8,19.7,20.6,22.5,20.7,16.3,14.3,6.4,6.3,8.7,7.7,9.4,10.9,11.8,13.2,13.5,11.4,8.9,8.7
3792194,1984,4,16,"198404","198305",46.656,45.215,75.881,84.056,98.258,99.091,103.014,93.968,74.418,50.449,0,0,-6.36,-5.53,-6.39,-5.09,-5.26,-5.57,-5.89,-5.97,-6,-5.4,1.19,5.84,3,3,1,1,0,0,0,0,0,0,1,3,191,172,139,189,153,120,94,54,52,71,150,206,3,0,7,0,0,10,10,29,47,21,0,0,203,181,262,207,266,280,319,380,386,367,239,186,53.567,64.834,101.471,101.526,107.538,100.334,103.716,102.237,89.618,79.259,51.35,42.992,29,25,30,28,30,30,31,31,30,31,30,30,0,0,0,0,0,0,0,0,0,0,0,0,7,20,26,17,9,1,1,8,15,29,77,116,60,57,55,61,70,75,76,76,73,66,68,63,-55,14,21,22.2,20.3,21.9,40.7,30.5,40.4,18.5,-26.7,-43.9,12,12,14,12,13.5,14.3,15.3,17.2,17.9,16.8,13.4,11.5,18.4,19,21.5,18.2,18.2,18.2,19.1,21.2,22.2,22.3,18.6,16.6,5.6,5.1,6.4,5.9,8.7,10.5,11.4,13.3,13.5,11.4,8.2,6.4
5043016,1984,5,10,"198405","198306",27.578,0,43.952,72.545,139.836,141.696,152.394,136.564,98.392,65.365,0,0,-3.7,-0.01,-3.25,-4.38,-9.87,-9.96,-11.19,-11.29,-10.5,-8.03,13.91,11.91,6,4,1,1,0,0,0,0,0,0,1,4,268,212,161,172,65,48,22,14,20,57,183,224,0,0,6,3,30,42,59,90,106,36,0,1,141,145,241,224,375,383,440,477,475,391,205,171,37.753,49.343,83.68,100.184,141.956,142.694,152.998,140.469,115.845,80.468,40.032,29.583,27,25,30,28,31,30,31,31,30,31,30,31,0,0,0,0,0,0,0,0,0,0,1,0,10,56,40,28,2,1,1,4,17,15,192,161,70,66,63,62,59,61,60,61,60,63,73,72,-52.1,11.3,17.9,21.6,11.5,23.6,30,26.8,38.5,17.1,-25.7,-42.4,9.5,10.3,13.2,12.7,17.1,17.8,19.2,20.4,20.9,17.6,12.1,10.7,14.2,15.5,19.1,18.8,24,24.3,26.1,27,27.7,23.8,16.2,13.9,4.8,5,7.2,6.5,10.2,11.2,12.3,13.8,14.1,11.4,8,7.5
637694,1984,5,19,"198405","198306",60.034,77.702,115.514,131.673,200.164,190.943,230.24,193.888,141.721,100.012,15.323,0,-8.68,-9.98,-11.22,-11.2,-18.36,-16.7,-23.64,-21.7,-18.63,-13.58,-4.23,-1.51,2,2,1,0,0,0,0,0,0,0,1,3,171,156,108,80,16,14,1,1,5,26,130,196,8,5,19,25,113,98,220,270,217,86,11,5,237,210,310,334,508,481,621,671,603,470,270,206,65.733,79.681,118.463,143.063,201.537,191.306,230.698,207.388,163.165,115.288,67.385,53.654,27,22,29,29,31,30,31,31,30,31,28,28,0,0,0,0,0,0,0,0,0,0,0,0,6,2,3,11,1,0,0,14,21,15,52,61,51,46,48,48,44,48,42,48,49,50,55,53,-56.6,16.6,23,26.3,9.8,29.6,27.8,29.3,40.1,17.6,-27.8,-44.6,12.8,12.7,15.2,16.2,21.5,21.1,25.1,26.7,25.2,20.2,14.2,11.9,20.9,21.8,24.1,25.3,31.8,30.5,36.1,36.4,34.6,29.1,21.7,18.6,4.7,3.5,6.2,7.2,11.2,11.6,14,17,15.7,11.4,6.6,5.1
2866542,1985,2,10,"198502","198403",31.751,33.246,107.41,115.362,177.575,170.889,200.742,177.434,145.682,95.146,9.116,0,-4.72,-4.72,-9.98,-8.93,-14.55,-13.67,-18.31,-17.42,-17.95,-11.08,-3,10.39,3,2,1,0,0,0,0,0,0,0,1,4,200,149,92,81,20,13,1,1,4,50,134,217,4,5,24,24,97,104,229,235,236,45,10,3,199,213,329,332,489,487,630,636,623,405,266,186,56.718,72.94,113.076,131.813,178.797,172.61,200.742,181.54,154.574,100.121,62.877,47.781,28,26,31,30,31,30,31,31,30,31,29,28,0,0,0,0,0,0,0,0,0,0,0,0,25,40,6,16,1,2,0,4,9,5,54,167,59,54,53,54,52,56,54,56,54,56,59,64,-54.9,15,21.5,24.4,12.1,27.9,30,29.9,40.3,18.2,-27.4,-44.2,11.7,12.9,15.9,16.2,20.9,21.3,25.4,25.6,25.8,18.1,14,11.1,18.3,20.6,23.8,23.9,29.3,28.9,33.6,33.5,34.1,25.7,20.8,16.9,5.1,5.3,8,8.5,12.4,13.6,17.1,17.7,17.5,10.5,7.3,5.3
2057404,1985,3,23,"198503","198404",9.454,0,0,87.274,170.516,184.611,222.871,184.694,139.084,27.286,0,0,-1.05,-1.64,1.6,-6.45,-14.51,-16.67,-23.49,-20.37,-18.58,-4.2,14.28,1.66,13,4,3,0,0,0,0,0,0,0,2,12,358,198,234,121,19,6,0,1,8,108,242,352,0,1,0,13,104,160,293,223,171,15,0,0,80,162,173,282,494,545,694,624,558,316,156,78,33.364,55.707,76.937,114.434,175.095,191.599,223.286,190.821,144.652,75.322,36.13,28.535,18,22,26,29,31,30,31,31,30,30,27,20,1,0,0,0,0,0,0,0,0,0,2,1,24,56,82,27,5,7,0,6,6,48,192,49,64,55,59,55,51,50,47,46,46,58,70,80,-51.5,12.8,18.2,23.1,5.3,27.7,17.6,22.8,36.9,16.6,-25.4,-42.3,6.6,10.8,10.5,14.5,21,23.2,27.5,25.2,23.7,15.2,10,6.6,12,18.1,17.1,22,29.8,32.3,37.5,35.2,33.6,22.2,14.5,11.4,1.2,3.5,3.9,7,12.3,14.1,17.4,15.1,13.8,8.2,5.4,1.7
633454,1985,4,3,"198503","198404",36.802,37.831,69.422,97.898,148.293,126.8,143.504,128.469,116.038,81.228,13.511,0,-4.92,-4.64,-4.95,-6.62,-10.51,-8.42,-10.41,-10.09,-11.86,-8.4,-2.8,5.19,3,2,1,0,0,0,0,0,0,0,0,3,177,132,161,80,28,22,3,4,6,49,120,185,6,6,4,23,74,81,159,167,198,44,12,6,223,229,242,332,458,447,560,568,584,407,280,218,55.915,69.663,91.202,115.64,149.061,128.405,144.627,131.162,122.104,85.87,58.734,47.645,30,28,30,30,31,30,31,31,30,31,30,31,0,0,0,0,0,0,0,0,0,0,0,0,19,32,22,18,1,2,1,3,6,5,45,113,63,60,63,64,64,73,72,73,68,67,66,69,-54.6,13.9,18.7,21.5,16.3,23.8,36.4,31.6,41.7,19.1,-26.9,-44.1,12.5,13.6,13.2,16.2,19.9,19.9,23.1,23.3,24.5,18.2,14.6,12.3,18.5,20.2,19.2,22.1,26,24.4,27.8,27.9,30,23.6,20.1,17.4,6.6,7.1,7.2,10.4,13.7,15.4,18.3,18.8,19.1,12.7,9,7.2
633444,1985,4,11,"198504","198405",36.761,38.502,68.814,103.66,140.199,114.91,131.593,118.067,107.755,75.009,15.091,0,-4.84,-4.56,-4.81,-7.14,-9.55,-7.29,-9.14,-8.84,-10.44,-7.45,-2.89,4.59,3,2,2,0,0,0,0,0,0,0,1,3,185,142,172,83,35,30,5,6,8,59,131,192,5,5,3,20,60,66,136,138,171,34,9,5,214,217,229,328,437,423,537,539,559,388,267,209,56.099,68.833,89.901,107.757,141.119,116.61,132.895,120.15,112.997,81.33,59.22,48.575,30,27,30,30,31,30,31,31,30,31,30,30,0,0,0,0,0,0,0,0,0,0,0,0,19,30,21,4,1,2,1,2,5,6,44,107,62,60,63,68,66,76,75,76,72,69,64,67,-54.5,14,18.7,20.2,17.7,23.1,38.1,32,42.1,19.4,-26.8,-44.1,12.3,13.2,12.8,16.1,19.2,19.1,22.4,22.4,23.7,17.5,14.2,12,18.3,19.7,18.7,21.3,24.9,23,26.5,26.4,28.5,22.6,19.9,17.4,6.3,6.7,6.8,11,13.4,15.3,18.2,18.4,18.8,12.5,8.4,6.7
2369553,1985,5,26,"198505","198406",0,0,0,75.912,98.429,96.279,118.055,101.897,86.494,0,0,0,-0.36,3.26,10.22,-4.77,-5.49,-5.17,-7.31,-6.83,-7.91,3.17,28.34,3.48,8,4,4,1,0,0,0,0,0,1,2,9,311,219,257,179,197,133,84,99,78,184,218,313,0,0,0,0,0,8,12,11,30,0,0,0,99,132,139,216,216,264,331,316,342,230,166,94,38.24,50.986,69.429,90.081,102.377,109.795,119.713,104.245,96.497,57.365,38.438,32.158,21,23,27,29,30,30,31,31,30,30,28,23,0,0,0,0,0,0,0,0,0,0,2,1,42,93,156,14,4,14,2,2,10,89,335,75,62,61,65,67,68,69,68,69,62,70,71,78,-52.6,12,16.8,19.9,19.2,22.5,35.8,28.8,38.5,18.7,-25.6,-42.8,8.1,10,9.8,12.4,11.9,13.8,15.7,15.2,16.4,12.3,10.8,7.8,13.9,16.2,15.2,17.6,17,18.8,20.9,20.2,22.7,17,15.3,12.9,2.3,3.9,4.3,7.2,6.9,8.8,10.4,10.2,10.1,7.7,6.2,2.7
1826642,1985,6,11,"198506","198407",1.546,0,0,59.57,58.581,59.153,99.534,82.599,68.388,0,0,0,-1.24,9.02,12.36,-3.4,-1.87,-1.84,-5.87,-5.32,-5.89,8.99,39.71,8.08,8,6,7,1,0,0,0,0,0,1,2,9,304,256,310,212,210,119,109,114,127,203,245,314,0,0,0,0,0,10,7,8,14,0,0,0,104,101,95,180,202,282,298,293,278,208,141,92,32.816,40.599,55.085,77.202,92.005,100.44,100.649,85.352,79.452,47.172,29.676,25.39,23,23,25,29,30,30,31,31,29,30,28,25,0,1,1,0,0,0,0,0,0,0,4,1,31,135,161,18,33,41,1,3,11,138,438,115,66,67,71,71,72,74,74,76,67,75,76,79,-51.7,10.1,14.5,18.2,21.2,21.6,40.1,30.1,38.7,19,-24.3,-41.7,8.3,8.7,8.1,11.1,11.4,14.4,14.7,14.5,14.2,11.6,9.8,7.8,13.6,13.8,12.4,15.6,15.8,18.6,18.7,18.2,19.6,15.4,13.4,11.9,3.1,3.7,3.7,6.7,7,10.3,10.6,10.8,8.9,7.8,6.3,3.7
3830630,1986,1,29,"198601","198502",0,17.657,46.503,118.375,133.616,170.713,188.634,176.847,107.489,74.902,0,27.284,2.13,-2.52,-3.06,-9.55,-9.41,-14.58,-17.84,-18.01,-10.98,-9.04,5.83,-4.66,2,4,3,0,0,0,0,0,0,0,1,3,159,200,229,91,75,11,1,2,24,47,177,192,9,1,0,21,27,117,251,203,95,50,4,6,248,161,178,319,360,500,652,604,461,411,218,214,50.354,59.033,82.551,121.383,139.771,172.372,189.613,178.103,115.413,89.499,49.489,46.117,31,25,27,30,31,30,31,31,30,31,29,31,0,0,0,0,0,0,0,0,0,0,0,0,88,41,36,3,6,2,1,1,8,15,121,19,69,62,62,59,61,57,60,55,64,63,69,75,-53.8,13.1,18.5,23,17,24.8,29.9,29,41.5,18.4,-26.1,-44.1,13.2,10.7,10.7,15.8,16.6,21.7,26.1,24.5,20.4,18.3,12.4,12.1,18.1,16.7,16.7,22.6,23.1,29.2,33.2,32.6,26.5,24.4,17.2,17.3,8.4,4.8,4.7,9,10,14.2,18.9,16.5,14.3,12.2,7.6,6.8
1826582,1986,3,12,"198603","198504",0,0,0,59.374,58.104,58.36,90.928,73.441,34.598,0,0,0,17.06,28.83,10.58,-3.38,-1.83,-1.77,-5.27,-4.39,-2.21,6.14,7.16,7.17,4,4,2,1,0,0,0,0,0,1,5,7,230,201,203,213,211,120,95,129,166,199,302,295,0,0,0,0,0,10,10,6,8,0,0,0,162,143,184,180,201,280,319,277,233,212,97,106,29.851,35.673,64.55,76.808,91.308,99.353,93.44,82.876,61.393,53.329,29.475,26.75,31,28,30,29,30,30,31,31,29,29,24,26,1,1,0,0,0,0,0,0,1,0,2,1,215,331,160,17,33,41,3,9,27,118,106,110,76,78,70,71,72,74,79,77,77,69,73,73,-50.8,8,14.9,18.1,21.4,21.5,41.9,30.3,39.2,18.3,-24.2,-42,10.7,10.7,11.6,11.1,11.4,14.3,15.2,13.9,12.7,11.7,8,8.4,14.4,14.1,16.2,15.6,15.7,18.4,18.6,17.5,16.2,16.6,12,12.8,7.1,7.3,6.9,6.7,7,10.3,11.9,10.3,9.2,6.9,3.9,4
1459130,1986,3,25,"198603","198504",0,0,0,98.791,95.483,110.486,114.674,109.277,78.093,70.379,0,40.915,-1.91,8.3,2.27,-6.83,-5.47,-6.98,-7.7,-7.73,-6.33,-7.15,2.91,-6.49,1,1,1,0,0,0,0,0,0,0,0,1,81,95,90,70,79,30,6,14,35,40,114,112,30,13,20,26,20,66,123,92,69,53,10,20,338,269,322,347,353,423,523,480,424,428,284,298,58.539,58.607,83.341,100.992,98.283,111.163,115.063,110.288,81.536,76.7,52.835,55.473,31,28,31,30,31,30,31,31,30,31,30,31,0,0,0,0,0,0,0,0,0,0,0,0,59,146,89,2,3,1,0,1,3,6,93,15,68,73,73,73,80,78,81,77,80,74,72,71,-55.3,10.8,15.7,18.7,24.4,19.3,40.1,31.7,42,19.4,-26.3,-44.8,16.5,15.2,16,16.8,16.4,19.1,21.9,20.5,19.1,18.9,14.8,15.1,21.7,19.5,20.2,21.2,19.6,22.7,25.1,24.2,22.4,23.1,19.4,21.1,11.3,10.9,11.7,12.4,13.1,15.6,18.7,16.7,15.9,14.6,10.3,9.1
1299035,1986,4,13,"198604","198505",0,0,0,91.949,157.205,199.167,211.754,177.661,83.877,62.447,0,0,11,26.27,5.08,-7.09,-12.58,-19.53,-22.18,-19.11,-9.67,-9.03,5.5,3.14,6,4,2,1,0,0,0,0,0,0,4,11,278,218,171,155,69,5,1,3,35,78,285,340,0,0,6,6,31,174,258,170,69,26,0,0,137,143,234,243,369,559,659,571,424,356,120,85,34.996,44.342,82.569,111.026,158.228,199.816,213.279,179.991,114.478,84.017,38.132,31.622,26,26,30,28,30,30,31,31,30,30,22,19,1,1,0,0,0,0,0,0,0,0,2,1,157,316,128,19,1,1,2,2,31,22,103,71,69,69,60,54,49,48,49,48,55,54,64,65,-51.9,10.2,18.1,23.5,7.4,28.5,17.5,22.6,38.2,15.9,-25.7,-42.8,9.2,10.1,12.8,13.3,16.9,23.7,26.3,23.5,19.1,16.5,8.5,7,13.9,14.9,19.2,20.8,25.8,33.3,35.9,33.1,26.9,24.4,14,12.6,4.5,5.3,6.4,5.7,8,14,16.7,13.8,11.4,8.6,3,1.4
202484,1986,5,21,"198605","198506",16.165,0,0,99.999,127.826,139.724,143.359,123.495,93.966,71.392,0,28.401,-3.94,7.35,3.86,-6.85,-8.01,-9.39,-9.86,-8.72,-7.83,-7.71,2.67,-5.51,2,2,1,0,0,0,0,0,0,0,1,3,146,147,137,145,132,61,23,62,84,99,180,191,8,2,6,3,4,32,56,24,27,10,0,3,251,206,263,254,290,360,435,367,332,328,208,206,59.176,62.277,91.624,111.135,129.406,140.374,144.132,124.527,97.394,86.246,55.878,53.908,30,28,31,29,30,30,31,31,30,30,27,27,0,0,0,0,0,0,0,0,0,0,0,0,43,144,115,11,2,1,1,1,3,15,99,26,58,63,63,59,60,61,65,64,65,58,60,61,-56.1,12.8,18.6,22.9,16.2,24.2,33.5,29.5,40.4,18.2,-27.2,-45,13.7,13,14.1,13.6,14.3,17,19,16.8,16.1,15.5,12.3,12.1,20.6,18.9,20.1,20.2,20.8,23.5,25,22.8,21.7,22.5,18.7,19.6,6.8,7.1,8,7,7.7,10.6,13.1,10.8,10.4,8.6,5.8,4.5
469015,1986,6,7,"198605","198506",38.286,0,10.577,86.644,119.743,123.758,134.809,132.287,87.763,79.724,0,41.609,-5.93,3.11,0.82,-5.35,-7.37,-7.97,-9.36,-9.94,-7.2,-8.17,2.72,-6.45,1,1,1,0,0,0,0,0,0,0,1,2,100,118,115,103,70,34,6,12,38,47,139,148,21,8,12,13,24,59,125,100,65,45,6,10,313,242,292,303,367,413,525,490,418,411,256,257,63.906,63.576,91.351,105.362,120.57,124.794,134.809,133.052,95.873,85.144,56.048,57.807,31,28,31,30,31,30,31,31,30,31,30,31,0,0,0,0,0,0,0,0,0,0,0,0,26,99,81,19,1,1,0,1,8,5,94,16,62,68,67,68,71,72,74,69,73,68,67,66,-56,12.3,17.7,20.3,21.3,20.6,38,31.8,42.4,19.3,-26.5,-44.9,15.6,14.2,14.9,15.2,16.8,18.8,21.9,20.8,18.9,18.3,13.8,13.7,21.9,19.4,20.3,20.4,21.6,23.3,26.3,26.1,23.3,23.6,19,20.5,9.3,9,9.6,10.1,12.1,14.2,17.6,15.5,14.5,13,8.6,6.9
2318818,1986,12,17,"198612","198601",0,0,0,76.483,128.541,164.996,182.976,164.125,65.672,68.894,39.768,0,17.69,40,14.96,-5.11,-8.95,-13.23,-15.67,-15.64,-6.77,-9.28,-6.84,3.38,5,3,1,1,0,0,0,0,0,0,1,8,245,195,160,165,91,28,15,12,60,66,171,297,1,0,6,3,17,69,77,98,40,29,2,0,159,163,240,231,338,428,463,488,369,375,219,110,34.102,45.075,79.878,104.565,145.568,165.93,183.897,165.124,108.732,84.613,50.746,32.301,30,27,31,28,30,30,31,31,30,31,27,24,1,1,0,0,0,0,0,0,0,0,0,1,223,453,220,28,17,1,1,1,43,16,11,76,74,72,65,58,53,53,46,49,56,56,57,69,-51.4,9.9,17.2,22.5,9.8,27.1,22.7,23.7,38.4,16.2,-27.8,-42.9,10.3,11.2,13.2,12.9,15.8,19.3,20,20.8,17.3,17.1,12.6,8.3,14.2,15.6,18.9,19.7,23.8,27.6,29.6,29.9,24.8,24.5,19.5,13.3,6.4,6.8,7.5,6.2,7.9,11,10.3,11.6,9.8,9.6,5.7,3.4
2107639,1987,2,22,"198702","198603",0,0,0,91.181,138.97,162.131,164.723,149.391,83.611,80.432,46.908,0,5.69,7.04,7.94,-6.49,-9.69,-12.4,-12.52,-12.66,-8.07,-10.22,-7.74,-0.02,9,4,1,0,0,0,0,0,0,0,1,7,317,197,141,135,81,29,24,23,64,69,155,292,0,0,8,7,21,67,54,66,37,26,3,0,100,155,260,263,351,426,433,445,363,371,235,113,36.248,52.931,86.07,113.293,147.807,162.866,165.235,150.007,108.416,87.572,54.745,34.488,23,25,31,29,30,30,31,31,29,31,27,24,1,0,0,0,0,0,0,0,0,0,0,0,97,133,156,22,9,1,1,1,25,7,8,45,66,62,62,56,53,54,53,54,56,54,54,67,-51.9,12,18.1,23.3,9.6,27,26.9,25.5,38.6,16.1,-28.3,-43.2,7.9,10.8,13.9,14,16.3,19.2,19,19.4,17.1,17,13.2,8.5,13,16.9,20.1,21.3,24.2,27.2,27.1,27.4,24.6,24.9,20.7,13.9,2.8,4.8,7.7,6.7,8.3,11.2,10.8,11.3,9.6,9.1,5.6,3.1
4020835,1987,5,16,"198705","198606",0,0,46.109,124.677,141.647,182.351,195.144,192.126,85.116,80.737,47.898,21.657,0.44,0.51,-2.84,-10.22,-10.02,-15.53,-17.19,-20.01,-8.41,-9.55,-7.97,-4.5,3,2,2,0,0,0,0,0,0,0,0,2,193,160,170,56,47,11,4,1,30,44,72,155,5,4,5,38,45,115,152,239,80,50,33,10,205,202,235,372,408,498,552,640,440,418,345,252,56.31,63.52,88.861,134.497,146.392,183.715,195.285,194.038,124.69,98.064,70.436,54.921,29,27,30,30,31,30,31,31,30,31,30,31,0,0,0,0,0,0,0,0,0,0,0,0,76,75,43,10,5,1,0,2,40,17,23,33,61,64,64,57,61,52,51,52,58,59,59,60,-54.6,13.1,18.4,23.8,17.7,26.7,31.6,30.2,42.2,18.6,-27.9,-44.7,12,12.5,12.8,17.6,18.2,21.6,22.8,25.7,19.7,18.5,16.8,13.4,18.2,18.3,18.6,24.9,24.7,30.1,31.6,34.6,26.9,25.5,23.7,19.7,5.8,6.7,7.1,10.3,11.7,13.2,14.1,16.8,12.5,11.5,9.9,7.2
2079339,1987,5,26,"198705","198606",0,0,12.254,120.272,146.927,159.658,175.455,158.175,88.264,82.542,48.267,0,4.09,5.85,0.1,-10.01,-10.76,-12.24,-14.2,-14.14,-8.52,-10.21,-7.66,-0.89,9,4,2,0,0,0,0,0,0,0,1,7,320,194,191,75,44,22,11,11,54,64,151,288,0,0,2,26,48,81,95,102,45,31,5,0,100,159,207,338,414,447,486,493,381,379,241,118,36.078,52.13,79.54,127.302,148.89,160.526,175.947,158.543,107.494,85.937,54.034,34.247,23,25,29,30,31,30,31,31,30,31,28,25,1,0,0,0,0,0,0,0,0,0,0,0,80,119,67,7,2,1,0,0,19,3,6,35,67,64,63,54,58,57,52,53,58,57,57,69,-51.8,11.7,17.7,24,10,26,25.4,25.2,38.9,16.5,-28.1,-43.1,7.8,10.9,12,16.5,18.4,19.9,20.7,20.9,17.7,17.2,13.3,8.6,12.8,16.6,17.9,24.4,25.5,27.3,29.1,29.2,24.7,24.6,20.4,13.7,2.9,5.2,6.2,8.7,11.3,12.5,12.3,12.7,10.7,9.9,6.3,3.6
634125,1988,1,11,"198801","198702",20.526,20.944,66.715,117.032,122.62,130.724,133.306,132.574,118.69,59.198,34.407,0,-3.39,-2.75,-4.79,-8.85,-7.85,-8.71,-8.79,-10.11,-11.57,-6.65,-5.24,-0.13,2,2,1,0,0,0,0,0,0,0,0,3,165,125,142,57,49,31,23,12,18,25,93,210,7,7,7,35,41,63,56,100,117,83,19,2,236,237,263,369,403,419,436,490,489,471,313,188,56.297,65.345,90.84,123.668,124.968,131.862,134.939,135.228,122.852,86.964,60.989,46.506,31,28,31,30,31,30,31,31,30,31,30,30,0,0,0,0,0,0,0,0,0,0,0,0,36,44,24,7,2,1,2,3,4,28,27,57,64,65,65,62,71,70,69,68,62,70,66,63,-54.6,12.8,18.2,22.1,20.3,21.5,37.8,31.5,41.7,19.1,-27.1,-43.9,13,13.9,13.9,17.5,18,19,19.1,20.8,21.3,20.2,15.8,11.3,18.8,19.5,19.5,23.7,22.8,24,24.1,26.3,27.8,25.2,21.3,16.5,7.2,8.2,8.2,11.2,13.3,14,14,15.4,14.9,15.3,10.2,6.2
202496,1988,2,1,"198801","198702",6.672,25.326,60.805,137.022,153.749,191.558,197.159,184.372,147.068,64.704,27.047,2.915,-2.36,-3.51,-4.65,-12.19,-11.69,-17.29,-17.84,-19.15,-17.8,-9,-5.01,-1.11,4,3,2,0,0,0,0,0,0,0,1,7,235,192,182,52,45,10,5,2,10,26,149,292,3,2,5,43,49,126,137,198,160,86,8,0,174,173,224,381,413,510,538,599,543,468,249,120,56.172,65.732,95.465,145.115,160.379,193.614,199.424,191.611,151.763,102.94,62.558,45.791,25,24,28,30,31,30,31,31,30,31,28,21,0,0,0,0,0,0,0,0,0,0,0,0,50,40,35,8,7,2,2,7,5,38,36,43,56,57,57,51,55,49,48,49,50,58,58,55,-54.8,14.3,20.1,25.3,15.6,26.9,31.3,30.3,41,18,-27.4,-44,10.6,11.3,12.4,17.9,18.3,22,22.4,24.3,23.1,20.2,13.5,8.5,17.6,18.2,19.4,26.4,26.1,31.3,31.8,33.7,32.2,27.3,20.4,14.9,3.6,4.3,5.4,9.4,10.6,12.8,13,15,14.1,13,6.5,2.1
304590,1988,5,8,"198805","198706",9.016,16.576,92.256,33.859,123.157,117.109,118.224,116.012,101.78,54.313,31.979,0,-2.35,-3.18,-8.05,-0.14,-7.62,-7.24,-7.15,-8.01,-8.91,-5.85,-5.04,1.48,3,1,1,0,0,0,0,0,0,0,0,4,187,115,105,118,93,59,64,40,39,41,114,223,3,8,14,8,14,33,18,41,63,51,10,0,207,245,302,284,335,363,358,405,415,425,283,169,55.321,73.815,107.118,107.478,124.162,118.123,118.224,116.535,103.661,81.766,59.729,45.586,29,28,31,30,31,30,31,31,30,31,30,28,0,0,0,0,0,0,0,0,0,0,0,0,46,57,15,74,1,1,0,1,2,27,28,73,61,56,56,65,67,72,72,71,68,70,63,60,-54.8,14.6,20.9,21.3,18.6,21.7,39,30.8,41.1,18.9,-27.3,-44,12.2,14.3,15.3,14.6,15.7,17.1,16.5,18,18.8,18.7,14.8,10.7,18.4,21.6,22.7,20.3,21.2,21.6,21.1,22.8,24.2,23.7,20.8,16.3,5.9,7,7.9,9,10.3,12.6,12,13.2,13.5,13.8,8.9,5.2
304562,1988,5,15,"198805","198706",0,9.104,83.337,41.926,123.859,118.05,121.984,119.806,103.742,44.42,29.857,0,-1.08,-2.26,-6.93,-0.92,-7.61,-7.23,-7.41,-8.31,-9.05,-4.82,-4.62,2.42,4,2,1,0,0,0,0,0,0,0,1,5,216,134,129,128,106,69,69,46,48,50,142,252,0,5,8,6,10,27,16,35,51,39,3,0,175,222,274,273,319,347,351,392,393,405,250,145,54.27,71.895,102.48,108.832,125.525,119.435,122.636,121.014,104.967,82.23,58.022,45.533,26,27,30,30,31,30,31,31,30,31,29,25,0,0,0,0,0,0,0,0,0,0,0,0,57,63,19,67,2,1,1,1,1,38,28,82,59,55,56,63,65,71,69,68,65,68,62,57,-54.7,14.6,20.7,21.8,17.7,22,37.9,30.2,40.7,18.8,-27.1,-44,11,13.5,14.4,14.3,15.2,16.6,16.3,17.6,18.1,18.1,13.7,9.8,17.6,20.9,21.6,20.3,21,21.3,21.3,22.9,23.9,23.3,19.8,15.8,4.5,6.2,7.1,8.3,9.5,11.8,11.3,12.3,12.4,12.8,7.6,3.8
1459128,1988,5,18,"198805","198706",7.701,34.112,90.686,43.036,105.955,93.65,91.046,88.46,87.535,48.63,25.769,0,-2.01,-4.63,-7.68,-1.25,-6.35,-5.69,-5.39,-5.86,-7.49,-5,-4.07,0.04,2,1,1,0,0,0,0,0,0,0,0,3,149,86,74,90,65,37,37,20,23,26,85,203,8,17,28,17,27,55,35,72,98,79,22,2,251,283,346,319,375,405,401,454,465,467,322,193,53.5,70.941,100.741,92.487,106.925,95.605,92.284,93.712,89.755,67.67,55.797,43.279,31,28,31,30,31,30,31,31,30,31,30,31,0,0,0,0,0,0,0,0,0,0,0,0,46,37,10,49,1,2,1,5,2,19,30,54,67,63,64,76,77,83,84,83,78,81,71,66,-54.3,13.2,18.6,17.8,22.8,18.9,43.6,32.2,41.9,19.8,-26.7,-43.7,13.6,15.7,16.8,15.8,17.1,18.5,17.9,19.6,20.5,20.1,16.1,11.6,18.8,21.8,22.7,19.7,20.8,21.2,20.5,22.5,24.2,23.2,20.8,16.2,8.4,9.6,10.8,11.9,13.4,15.8,15.4,16.8,16.9,17,11.4,7.1
2405194,1988,8,8,"198808","198709",0,37.85,74.665,46.817,116.857,141.852,167.789,142.571,115.313,42.898,0,0,14.05,-5.22,-6.52,-2.02,-7.3,-10.05,-13.16,-11.78,-11.95,-6.14,3.88,16.83,6,2,1,0,0,0,0,0,0,0,1,6,272,163,148,114,96,39,12,20,36,49,169,270,0,3,7,12,15,52,89,72,68,42,1,0,135,192,253,287,332,400,479,453,422,406,220,131,35.519,58.164,88.332,108.067,135.126,150.226,168.776,143.267,116.62,83.491,44.391,28.894,28,26,30,30,30,30,31,31,30,31,29,29,1,0,0,0,0,0,0,0,0,0,0,1,184,20,14,61,18,8,1,1,1,41,100,206,72,60,60,61,59,58,55,58,55,61,68,69,-51.6,12.5,18.8,21.7,12.3,25.2,26,26,38,16.6,-26.5,-42.3,9.4,12.4,13.7,14.8,15.7,18.4,20.5,19.6,19.1,18.1,12.7,9.2,13.7,18.9,20.2,21.1,22.5,25.4,28.3,26.8,26.8,24.7,17.7,12.7,5.1,5.9,7.1,8.5,8.8,11.3,12.6,12.4,11.4,11.5,7.6,5.7
202475,1988,10,1,"198809","198710",0.846,10.982,81.331,37.904,112.346,108.678,112.132,98.918,89.807,35.096,13.983,0,-1.63,-2.86,-6.79,-0.54,-6.46,-6.24,-6.69,-6.33,-7.22,-3.77,-2.96,3.85,4,2,1,0,0,0,0,0,0,0,1,5,223,130,145,143,144,114,65,75,89,57,146,249,0,4,4,3,1,11,18,19,24,32,2,0,170,225,253,256,277,288,357,349,325,391,244,146,53.501,73.275,100.269,104.249,117.763,111.477,112.214,99.807,90.875,76.765,54.494,43.752,26,26,29,29,30,30,31,31,30,31,29,26,0,0,0,0,0,0,0,0,0,0,0,0,53,62,19,66,5,3,0,1,1,42,41,96,58,53,55,64,65,71,74,75,69,70,64,57,-54.9,14.9,20.8,21.4,18.4,23.3,39.2,30.8,40.5,18.7,-27,-44,11,13.7,13.8,13.7,13.8,14.6,16.5,16.2,15.8,17.6,13.5,9.9,17.8,21.6,21.2,19.5,19.4,19.3,20.6,20.2,20.8,22.5,19.2,15.7,4.2,5.8,6.4,7.9,8.3,9.9,12.3,12.2,10.8,12.7,7.8,4.1
388921,1989,3,24,"198903","198804",49.303,30.738,67.261,39.471,114.116,104.464,114.336,97.728,90.902,77.466,33.952,0,-6.18,-3.15,-4.72,-0.63,-6.82,-6.24,-7.35,-6.54,-7.49,-7.67,-4.81,-0.58,3,3,1,0,0,0,0,0,0,0,0,3,202,175,135,115,79,59,13,20,35,46,120,190,3,1,8,10,20,33,84,72,69,45,8,3,192,181,270,288,354,363,472,454,424,414,277,209,58.617,59.868,89.749,97.669,116.47,104.805,114.336,101.86,91.836,78.609,60.247,52.21,27,27,31,30,31,30,31,31,30,31,30,30,0,0,0,0,0,0,0,0,0,0,0,0,9,29,22,58,2,0,0,4,1,1,26,62,58,66,67,71,72,78,79,80,76,73,65,62,-54.9,12.6,17.8,19.2,22.2,21.2,40.8,32.6,42.6,19.6,-26.8,-44.4,11.6,11.9,14.1,14.8,16.4,17.1,20.2,19.6,19.1,18.4,14.6,12.1,18.3,17.2,19.5,19.3,20.9,20.6,23.7,22.9,23.1,22.8,20.3,18.2,4.9,6.6,8.8,10.2,11.9,13.6,16.8,16.4,15.1,13.9,8.9,6.1
1829694,1989,5,20,"198905","198806",0,0,0,2.253,61.944,54.79,121.645,102.192,84.252,27.24,0,0,9.59,4.48,29.89,2.34,-2.09,-1.43,-7.96,-7.19,-7.77,-3.46,34.82,19.72,10,11,4,1,0,0,0,0,0,0,2,8,330,313,265,170,177,130,58,81,101,126,236,306,0,0,0,2,0,8,21,16,20,4,0,0,86,61,134,224,241,267,365,340,310,295,151,100,30.961,36.213,56.454,90.058,101.137,98.626,123.58,105.434,90.416,61.81,32.913,28.148,23,20,29,29,30,30,31,31,29,31,28,25,2,1,1,0,0,0,0,0,0,0,4,2,131,76,341,88,39,44,2,3,6,35,394,235,70,71,74,67,69,74,68,69,62,68,75,78,-50.8,9.7,13.9,19.8,19,23,34.5,28.3,38.4,17.8,-24.8,-42.2,7.5,6.7,9.5,12.7,12.6,13.9,16.8,15.9,15.3,14.5,10.2,8,12,11,13.4,18,17.4,18,22.1,21,21.5,19.5,14,12.4,3,2.3,5.6,7.4,7.8,9.9,11.5,10.9,9.1,9.4,6.3,3.7
469072,1990,3,17,"199003","198904",0,0,42.183,99.615,146.952,167.059,207.711,167.378,57.061,20.311,7.596,33.491,6.39,4.32,-3.28,-7.9,-10.92,-13.98,-20.11,-16.42,-7.17,-3.64,-3.53,-4.57,9,7,1,0,0,0,0,0,0,0,1,7,311,267,154,63,47,9,1,4,21,72,150,291,0,0,9,35,47,134,224,162,104,29,7,0,113,106,256,359,409,517,625,562,472,366,247,120,35.731,46.302,83.539,118.219,151.657,176.43,208.12,171.081,123.039,78.798,50.727,34.505,23,20,30,30,31,30,31,31,30,31,29,23,1,1,0,0,0,0,0,0,0,0,0,0,105,89,41,19,5,9,0,4,66,58,43,1,67,63,62,60,56,55,49,52,54,60,59,70,-51.9,11.6,17.8,21.8,10.8,26,21.4,25.4,38.8,16.7,-27.8,-43.2,8.1,8.3,13.4,17.2,18.2,22.3,25.2,23.2,20.8,16.8,13.4,8.5,13.2,14,19.6,23.8,25.7,30.3,34.7,31.9,28.8,23.4,20,14.1,3,2.6,7.3,10.5,10.7,14.3,15.7,14.4,12.8,10.2,6.8,2.9
469036,1990,4,10,"199004","198905",0,0,35.324,80.633,101.229,109.306,114.885,93.639,58.246,44.99,29.475,44.969,0.94,1.12,-1.9,-5.05,-5.66,-6.47,-6.81,-5.89,-4.25,-4.76,-5.61,-7.35,4,5,2,0,0,0,0,0,0,0,1,4,237,237,186,137,152,101,101,101,92,118,143,216,0,0,0,5,0,14,8,11,23,3,0,0,162,120,209,261,268,304,311,313,321,305,247,171,45.614,51.512,78.744,95.894,106.119,110.343,115.365,95.069,84.479,74.108,58.322,49.823,27,23,30,30,31,30,31,31,30,31,28,23,0,0,0,0,0,0,0,0,0,0,0,0,69,64,43,15,5,1,0,1,26,29,29,5,63,63,66,68,70,72,70,75,71,64,56,62,-53.8,12.3,17.2,19.8,19.6,21.8,37.8,30.3,39.9,18.2,-28.1,-45,10.5,9.4,12.3,13.9,13.5,15.1,15,15.1,15.7,14.8,13.7,11,16.3,15.1,17.6,18.9,18.2,19.7,19.9,19,20.3,20.6,20.9,18.9,4.8,3.7,6.9,8.9,8.8,10.6,10.1,11.1,11,9,6.5,3
3503027,1991,2,23,"199102","199003",11.587,0,92.608,100.447,125.148,170.391,191.11,163.519,138.264,109.058,57.572,50.362,-2.92,-0.01,-7.89,-7.37,-8.15,-13.76,-16.85,-14.81,-15.34,-14.01,-9.07,-7.28,2,1,1,0,0,0,0,0,0,0,0,2,148,73,106,56,51,9,1,3,8,16,67,183,10,25,18,37,40,130,221,182,170,118,36,6,257,307,307,371,400,514,622,583,557,516,353,220,57.476,76.304,99.236,122.063,142.277,171.431,191.11,165.655,139.342,110.126,70.605,53.972,31,28,31,30,31,30,31,31,30,31,30,29,0,0,0,0,0,0,0,0,0,0,0,0,46,96,7,22,17,1,0,2,1,1,13,4,63,59,61,63,63,59,58,60,58,57,58,55,-55.1,13.9,19.2,21.8,17.1,24.2,30.5,30.1,40.8,17.6,-28.3,-44.7,13.6,16.3,15.3,17.6,17.9,22.2,25.1,23.8,23.6,21.7,17.1,12.4,19.7,23.1,21.6,23.7,24.2,29.4,32.7,31,31.1,29.3,24.2,19.1,7.6,9.5,9,11.4,11.7,14.9,17.5,16.7,16.1,14.1,10,5.6
2062093,1991,3,8,"199103","199004",9.698,0,0,112.247,91.205,181.782,208.512,171.621,128.634,74.061,24.722,0.263,-2.04,-0.59,23.69,-9.78,-5.37,-15.95,-21.07,-17.89,-16.4,-11.57,-5.41,-0.07,9,2,5,0,0,0,0,0,0,0,1,18,311,143,278,58,50,9,0,2,11,36,187,398,0,6,0,39,46,132,283,217,150,67,3,0,111,220,135,369,402,516,684,617,530,437,207,53,38.476,60.495,62.475,127.116,144.303,183.343,208.974,174.685,134.992,93.66,48.632,29.939,19,26,26,30,31,30,31,31,30,31,26,12,0,0,1,0,0,0,0,0,0,0,0,1,29,79,283,15,53,2,0,3,6,20,24,30,59,55,68,54,58,51,52,53,50,50,55,57,-53.1,12.7,15.5,23.2,11.6,25.1,20.1,24.3,37.6,14.6,-27.8,-42.5,8.1,13.2,9.1,17.5,18,22.2,27.1,25,22.7,19.1,12,5.1,14.5,20.6,14,25.3,25,31,36.1,33.5,31.8,27.8,19.3,11.2,1.6,5.7,4.3,9.6,10.9,13.4,18.2,16.4,13.6,10.4,4.7,-1.1
4567202,1991,4,27,"199104","199005",0,0,0,65.613,82.021,144.388,158.409,144.238,113.857,64.882,18.008,0,-0.06,7.56,21.89,-3.8,-3.96,-10.43,-12.1,-12.38,-12.25,-8.76,-3.96,4.2,6,2,4,1,0,0,0,0,0,0,1,11,280,161,246,167,101,45,18,14,27,57,166,339,0,3,0,2,14,46,69,91,86,36,3,0,127,194,153,229,325,389,453,479,449,391,225,81,36.71,52.688,62.72,96.994,124.958,147.645,158.68,144.837,117.572,86.336,47.576,31.709,26,28,29,29,31,30,31,31,30,31,29,21,0,0,1,0,0,0,0,0,0,0,0,1,45,140,267,31,43,3,0,1,4,21,30,77,69,67,73,64,64,59,58,59,57,57,64,68,-52,11.1,14.8,20.9,14.5,23.7,28,25.7,37.9,16.4,-27.1,-42.7,9.1,12.5,10.1,12.8,15.4,18,19.6,20.5,20,17.6,12.8,7,13.8,17.8,14.3,18.6,21.4,25,26.9,27.5,27.4,24.9,18.5,12,4.4,7.2,5.9,7.1,9.5,11,12.4,13.4,12.5,10.3,7,2
4564841,1991,5,18,"199105","199006",16.492,0,0,69.057,96.133,117.946,113.684,103.3,85.843,66.942,26.783,0,-2.73,5.15,18.7,-3.99,-5.29,-7.38,-7.07,-7.21,-7.64,-7.87,-4.67,1.4,5,2,3,1,0,0,0,0,0,0,1,9,259,143,226,166,149,73,47,40,52,72,160,322,0,4,0,1,2,25,27,40,48,24,2,0,141,211,167,230,271,342,382,404,386,365,230,90,38.29,53.068,61.889,90.267,103.907,119.581,114.801,104.766,90.952,78.051,47.844,33.02,27,28,30,29,31,30,31,31,30,31,29,22,0,0,0,0,0,0,0,0,0,0,0,1,22,115,233,21,8,2,1,1,5,11,21,52,69,68,75,69,71,69,73,74,70,63,65,67,-52.4,10.9,14.3,19.5,19.6,21.3,37.6,29.3,39.3,17.2,-27.1,-42.9,9.8,13.2,10.8,12.9,13.6,16.4,17.3,18,17.9,16.8,13,7.5,14.6,18.3,14.7,17.8,18.2,21.4,21.6,22.2,22.8,23,18.7,12.7,5,8.1,6.9,7.9,9,11.4,13,13.8,12.9,10.6,7.4,2.4
3270997,1991,7,29,"199107","199008",4.072,0,0,122.263,144.288,159.014,179.664,164.437,139.478,108.294,56.343,49.66,-2.22,-0.49,13.66,-9.48,-9.99,-11.93,-14.82,-14.92,-15.53,-13.81,-9.03,-7.17,2,1,2,0,0,0,0,0,0,0,0,3,170,78,199,88,75,29,4,4,10,21,83,213,7,22,0,19,24,67,144,161,154,97,27,3,233,299,201,321,360,425,545,562,536,487,330,188,57.859,78.314,86.457,124.663,145.293,159.648,179.664,166.954,140.557,109.345,71.132,53.436,30,28,29,30,31,30,31,31,30,31,30,26,0,0,0,0,0,0,0,0,0,0,0,0,54,96,204,2,1,1,0,3,1,1,15,4,60,56,62,58,58,57,57,58,55,55,55,52,-55.2,14.4,18.6,23.4,17,25.8,32.2,30.4,41,17.6,-28.3,-44.7,12.8,16.1,11.7,15.9,16.6,19.2,22.6,23.2,22.9,20.8,16.2,11.2,19.3,23.4,17.8,23,23.6,26.5,30.2,30.7,30.8,28.7,23.8,18.4,6.4,8.8,5.7,8.8,9.6,11.9,15,15.7,15,12.9,8.6,4
4567201,1992,3,15,"199203","199104",0,0,0,91.939,125.144,145.63,174.2,146.213,124.325,48.117,37.035,0,1.72,12.93,2.8,-6.39,-8.08,-10.36,-14.12,-12.39,-13.78,-7.57,-6.1,0.83,10,2,1,0,0,0,0,0,0,0,1,7,332,168,160,153,108,49,8,17,20,40,160,283,0,3,6,5,12,41,109,82,106,55,4,0,93,191,244,244,316,380,504,468,475,427,232,122,34.151,51.091,75.802,105.47,131.643,150.8,174.771,148.412,125.738,92.063,50.955,35.454,23,28,31,29,30,30,31,31,30,31,28,24,1,0,0,0,0,0,0,0,0,0,0,0,52,189,91,14,6,5,1,2,1,44,14,55,70,68,69,60,59,56,54,56,54,55,60,61,-51.2,10.8,16.1,22.2,13.7,25,25.7,26.1,37.9,15.9,-27.6,-43.3,7.4,12.2,13.2,13.3,15.1,17.7,21.3,20.1,20.9,18.8,13,8.8,12,17.2,18.2,19.9,21.8,25.1,29.3,27.6,29,26.5,19.4,14.1,2.9,7.2,8.3,6.8,8.4,10.3,13.2,12.6,12.8,11.1,6.6,3.4
1367983,1992,3,22,"199203","199104",3.814,0,37.732,106.001,140.726,171.7,206.38,170.3,142.746,67.623,46.458,11.302,0.02,4.73,-2.56,-7.94,-9.88,-13.87,-19.5,-16.23,-17.78,-10.45,-7,-1.67,14,3,1,0,0,0,0,0,0,0,1,9,368,173,142,125,65,16,1,4,7,24,161,320,0,3,10,11,32,97,225,153,185,92,5,0,73,190,269,277,375,472,626,554,570,477,235,98,30.565,51.417,82.83,115.506,149.124,175.025,206.926,171.536,144.143,99.879,51.897,34.237,21,28,31,29,31,30,31,31,30,31,28,21,1,0,0,0,0,0,0,0,0,0,0,0,27,107,45,10,8,3,1,1,1,32,5,23,73,68,65,56,55,52,50,52,51,53,59,60,-50.1,11,17.3,23.3,11.3,26.5,21.6,25.3,37.4,15.4,-27.7,-43.1,6.2,12,13.9,14.4,17.1,20.8,25.3,22.9,24.1,20.4,13,7.6,10.2,17.1,19.5,21.7,24.7,29.2,34.5,31.6,33.1,28.7,19.6,13,2.3,6.9,8.2,7.1,9.4,12.4,16,14.2,15.1,12.2,6.4,2.2
2767898,1992,3,22,"199203","199104",0,0,18.936,103.921,141.316,165.149,201.687,167.553,143.661,61.298,41.578,0,0.78,8.76,-0.78,-7.86,-10.01,-13.12,-18.67,-15.73,-18.22,-10.26,-6.85,-0.61,13,2,1,0,0,0,0,0,0,0,1,8,359,163,140,116,63,18,2,7,7,21,152,305,0,4,11,13,32,92,204,127,177,99,6,0,78,199,270,285,378,464,605,528,567,487,243,109,30.284,50.727,81.511,115.514,148.525,171.495,201.687,167.553,144.641,99.941,52.203,33.54,22,28,31,29,31,30,31,31,30,31,28,23,1,0,0,0,0,0,0,0,0,0,0,0,36,148,63,12,7,6,0,0,1,39,11,36,73,68,65,56,55,53,50,51,49,53,58,60,-50.2,10.7,17,23.1,11,26.3,21.9,25.3,37.1,15,-27.9,-43,6.5,12.4,13.9,14.7,17.2,20.5,24.6,22,23.9,20.8,13.3,8.1,10.5,17.4,19.5,22,24.8,28.8,33.7,30.8,33.3,29.1,20.1,13.3,2.6,7.4,8.4,7.4,9.6,12.3,15.4,13.3,14.6,12.4,6.5,2.8
1320905,1992,4,5,"199203","199104",0,0,18.968,103.805,141.048,165.207,201.858,167.609,143.617,61.182,41.536,0,0.78,8.74,-0.78,-7.85,-9.99,-13.13,-18.7,-15.74,-18.22,-10.24,-6.84,-0.61,13,2,1,0,0,0,0,0,0,0,1,8,359,163,140,116,63,17,2,7,7,21,152,305,0,4,11,13,32,92,204,128,177,99,6,0,78,199,270,285,378,465,605,528,567,487,243,109,30.251,50.662,81.432,115.431,148.415,171.553,201.858,167.609,144.599,99.909,52.167,33.508,22,28,31,29,31,30,31,31,30,31,28,23,1,0,0,0,0,0,0,0,0,0,0,0,36,147,62,12,7,6,0,0,1,39,11,36,73,68,65,56,55,53,50,51,49,53,58,61,-50.2,10.7,17,23.1,11,26.3,21.9,25.3,37.2,15,-27.9,-43,6.5,12.4,13.9,14.7,17.2,20.5,24.6,22.1,23.9,20.8,13.3,8.1,10.5,17.4,19.5,22,24.8,28.8,33.7,30.8,33.3,29.1,20.1,13.3,2.6,7.4,8.4,7.4,9.6,12.3,15.4,13.3,14.6,12.4,6.5,2.8
610294,1992,4,14,"199204","199105",0,0,0,124.233,143.492,157.924,180.059,170.306,134.169,87.113,63.95,0,0.22,18.71,12.11,-10.52,-10.17,-12.19,-15.55,-16.39,-15.36,-11.32,-9.53,4.52,3,2,1,0,0,0,0,0,0,0,0,3,189,131,159,47,83,27,3,3,9,20,85,186,6,8,7,47,21,70,172,181,165,100,25,6,214,235,249,389,348,430,572,581,550,491,325,217,53.486,59.241,81.867,133.129,144.795,159.503,181.052,172.004,137.088,100.398,65.979,46.057,29,28,31,30,31,30,31,31,30,31,30,31,0,0,0,0,0,0,0,0,0,0,0,0,72,255,187,9,1,2,1,2,3,13,2,109,63,69,69,58,57,58,58,56,58,61,60,63,-54.5,11.7,16.8,23.3,16,26.1,30.8,29.2,40.5,17.9,-28,-44.1,12.1,13.6,13.2,18.2,16.2,19.4,23.5,23.8,23.4,20.9,16.1,12.3,18,18.6,18.2,25.3,23.4,26.6,30.9,31.6,30.8,27.6,22.8,17.4,6.2,8.7,8.3,11,9,12.1,16.1,16,16,14.2,9.4,7.2
3904095,1992,5,7,"199204","199105",29.355,0,34.514,137.099,161.668,190.592,212.327,194.059,148.446,104.349,61.04,19.034,-3.21,-0.16,-2.03,-12.53,-12.92,-17.66,-22.28,-21.61,-19.24,-14.51,-9.08,-2.47,10,4,3,0,0,0,0,0,0,0,1,10,334,210,223,60,64,10,1,1,7,30,176,329,0,1,3,39,34,120,256,240,190,79,5,0,100,157,190,368,376,503,656,641,576,455,220,95,48.908,60.345,85.143,141.52,162.929,191.196,217.776,194.93,152.821,110.131,63.55,43.912,16,23,27,30,30,30,31,31,30,31,25,16,0,0,0,0,0,0,0,0,0,0,0,0,20,68,51,4,1,1,5,1,4,6,3,25,55,59,60,51,50,49,50,50,51,51,52,50,-53.6,13.6,18.9,25.2,15.1,28.7,29.2,30,40.8,17.2,-27.8,-43.9,7.3,10.4,10.9,17.3,17.1,21.8,26.2,25.7,24.2,19.7,12.4,7.3,14.4,16.8,17.2,25.8,25.8,31,35.6,34.9,33.2,28.4,20.4,14.1,0.2,3.9,4.6,8.9,8.5,12.6,16.8,16.6,15.3,11,4.4,0.5
2387538,1992,5,17,"199205","199106",7.162,0,22.384,70.725,151.666,130.995,172.73,151.377,125.516,51.571,0,0,-0.15,1.6,-0.6,-5.49,-13.61,-10.28,-17.5,-16.09,-17.69,-8.52,1.05,1.59,37,17,10,2,0,0,0,0,0,0,10,41,483,359,345,236,71,111,8,17,35,178,363,496,0,0,0,0,31,12,113,80,69,3,0,0,25,49,88,160,366,292,508,465,424,237,66,17,25.837,35.868,63.736,94.854,158.266,143.41,187.465,154.852,127.143,73.823,33.348,22.043,8,13,16,23,30,29,31,31,29,25,14,7,2,2,1,0,0,0,0,0,0,0,2,4,19,47,41,24,7,12,15,3,2,22,50,33,61,64,58,55,47,51,47,50,43,48,59,52,-49.5,10.5,17.4,22.6,9.1,25,24.4,26.3,38.4,15.8,-25.1,-41,2.5,5,6.9,10.2,16.8,14.7,21.4,20,19.1,12.6,5.9,1.9,8,10.4,13.4,17.4,26.1,23.1,31.1,29,29.5,21.4,12.2,7.2,-3,-0.4,0.5,2.9,7.4,6.4,11.7,11,8.7,3.7,-0.3,-3.5
469029,1992,5,19,"199205","199106",3.63,0,0,110.822,115.632,135.041,153.337,151.668,119.204,82.561,64.465,0,-2.08,13.79,7.93,-8.41,-7.44,-9.19,-11.44,-13.07,-12.25,-10.23,-9.38,-0.92,2,1,1,0,0,0,0,0,0,0,0,2,132,98,152,57,46,51,9,5,13,19,59,140,14,15,7,37,45,40,103,148,139,105,42,13,277,273,255,370,410,377,495,549,516,500,367,267,56.819,60.578,74.982,113.856,124.463,136.035,153.337,152.237,124.009,98.669,67.427,46.444,31,28,31,30,31,30,31,31,30,31,30,31,0,0,0,0,0,0,0,0,0,0,0,0,53,206,136,3,9,1,0,1,5,16,3,53,66,72,75,68,71,65,65,64,64,64,63,66,-54.7,11.3,15.2,20.3,20.7,22.8,35.8,31.3,41.9,18.5,-27.7,-43.9,14.3,15.1,13.5,17.5,18.2,17.6,21,22.7,22.3,21.2,17.6,14,19.7,19.6,17.5,22.8,22.9,23.4,26.9,29,28.5,27.3,23.7,18.3,8.8,10.6,9.6,12.3,13.6,11.8,15.1,16.4,16,15.1,11.5,9.6
1000363,1992,5,23,"199205","199106",16.428,0,5.1,135.14,156.832,181.278,206.893,192.246,148.762,103.788,72.062,20.802,-3.77,4.64,1.13,-11.81,-12.38,-15.23,-19.64,-20.11,-18.08,-14.37,-11.23,-4.33,4,2,2,0,0,0,0,0,0,0,0,4,210,143,169,45,24,21,2,2,8,21,98,217,4,6,7,50,85,82,188,210,174,100,20,3,193,224,240,394,470,449,589,611,563,489,309,186,60.552,68.323,88.665,142.102,167.6,181.797,209.677,194.652,152.933,116.231,74.894,53.278,25,27,30,30,31,30,31,31,30,31,29,26,0,0,0,0,0,0,0,0,0,0,0,0,44,127,84,7,11,1,3,2,4,12,3,32,53,59,64,54,56,49,48,49,51,51,49,49,-55.7,13.9,18.3,24.5,14.7,28,30.4,30.3,41,17.4,-28.6,-44.6,11.3,13.2,12.9,18.3,20.2,20,24,24.7,23.8,20.9,15.5,11.1,19,19.7,18.7,26.3,27.9,29,33.6,34.2,32.7,29.6,24.2,18.2,3.6,6.6,7,10.3,12.6,10.9,14.5,15.3,14.9,12.1,6.8,4
6072327,1992,9,16,"199209","199110",4.022,0,0,120.262,126.317,135.687,148.332,151.243,126.496,88.759,67.672,0,-2.59,13.15,9.42,-9.57,-8.55,-9.38,-11.03,-13.12,-13.16,-10.58,-9.84,-0.47,1,1,1,0,0,0,0,0,0,0,0,1,116,79,112,31,24,20,3,2,8,15,55,128,18,22,16,69,81,86,162,207,168,117,45,15,297,299,300,431,470,456,563,607,554,517,374,281,61.722,63.899,79.983,126.023,128.311,136.034,148.332,152.125,127.53,96.07,69.016,52.394,31,28,31,30,31,30,31,31,30,31,30,31,0,0,0,0,0,0,0,0,0,0,0,0,58,205,157,6,2,0,0,1,1,7,1,69,61,70,74,65,73,70,71,67,64,66,61,60,-56,11.6,15.5,21.1,19.2,21,35.5,30.4,41.2,18.3,-28.1,-44.6,14.9,16,15.1,19.6,20.2,20.2,23.2,24.6,23.5,21.8,17.9,14.5,21.3,20.9,19.2,25.5,24.7,25.2,28.2,30.4,29.8,27.5,24.4,20.1,8.5,11.2,10.9,13.8,15.7,15.2,18.2,18.8,17.2,16,11.4,8.9
304565,1993,2,5,"199301","199202",0,0,0,118.868,120.993,124.141,128.639,135.232,106.946,64.015,60.729,0,11.99,12.22,4.51,-8.89,-7.57,-7.82,-8.31,-10.17,-9.56,-6.79,-8.39,2.82,4,1,2,0,0,0,0,0,0,0,0,4,213,118,162,79,62,56,23,21,39,59,124,229,0,8,3,22,30,35,56,71,62,31,8,0,178,243,238,333,380,368,436,452,413,387,272,165,49.601,62.341,78.531,121.493,122.716,124.669,131.469,136.358,109.652,85.012,64.545,49.05,29,28,31,30,31,30,31,31,30,31,29,26,1,0,0,0,0,0,0,0,0,0,0,0,179,191,104,3,2,1,3,1,3,21,4,94,65,67,71,60,70,70,70,64,64,65,57,57,-53.7,12.1,16.2,22.7,18.2,21.8,36.3,29.3,40.5,18.7,-27.9,-44.4,11.2,14.2,13.1,16.3,17.3,17.3,19.1,19.6,18.8,17.5,14.4,10.5,16.6,19.5,17.7,22.9,22.1,22.3,23.9,25.6,24.8,23.3,21.6,17.1,5.7,8.9,8.5,9.7,12.4,12.3,14.2,13.5,12.7,11.7,7.2,4
1828885,1993,3,29,"199303","199204",0,0,49.345,101.309,96.601,105.051,107.848,117.183,103.075,60.651,63.83,0,15.61,7.4,-3.21,-7.18,-5.87,-6.5,-7.07,-8.82,-9.31,-6.07,-8.71,1.88,2,2,1,0,0,0,0,0,0,0,0,3,169,132,87,50,44,34,8,5,17,38,68,194,6,5,22,42,47,58,113,146,120,57,34,4,229,227,328,383,414,411,509,547,493,432,350,203,47.429,55.77,90.917,104.255,98.063,105.752,108.719,117.803,104.297,74.937,65.904,48.799,31,28,31,30,31,30,31,31,30,31,30,30,0,0,0,0,0,0,0,0,0,0,0,0,211,131,42,3,1,1,1,1,1,14,2,81,73,73,69,73,82,80,82,77,72,76,63,68,-52.8,10.9,17,18.5,24.8,18.7,41.3,31.8,42,19.6,-27.6,-44.2,12.8,13.6,16.1,18,18.4,18.7,21.4,22.7,21.4,19,17,11.9,17,17.8,21.1,22.3,21.3,22,24.3,26.5,26.1,23,23.1,17.5,8.6,9.4,11.1,13.6,15.5,15.4,18.5,18.9,16.8,15,11,6.4
1459132,1993,4,9,"199304","199205",0,0,50.264,121.823,119.268,159.377,169.881,169.383,140.309,44.806,54.338,0,30.36,24.17,-4.07,-10.27,-8.64,-13.19,-15.52,-17.96,-17.18,-6.66,-7.48,13.52,10,8,2,0,0,0,0,0,0,0,2,12,327,276,184,121,61,35,4,2,13,59,210,353,0,0,4,12,36,58,147,199,139,39,1,0,101,99,221,283,382,410,548,600,517,387,180,78,40.407,48.358,93.266,125.034,149.567,163.729,184.27,178.82,142.627,94.692,56.461,39.153,23,22,29,29,31,30,31,31,30,31,25,18,5,3,0,0,0,0,0,0,0,0,0,3,344,286,43,3,30,4,14,9,2,50,2,174,70,68,58,54,58,54,55,55,53,58,58,65,-51.4,11.9,19.7,24.4,17.5,25.9,33.2,31.1,41.7,18.4,-26.8,-43.3,7.6,8,12.3,14.5,17.3,18.7,22.7,24.4,22.3,17.5,11,6.5,12.1,12.8,19,22.2,24.5,26.6,30.6,32.5,30.7,24.5,17.7,12,3,3.2,5.6,6.8,10.2,10.8,14.8,16.3,13.8,10.4,4.4,1
5764054,1993,4,25,"199304","199205",0,0,79.781,137.025,153.584,175.779,193.7,191.555,153.317,82.773,67.046,0,15.23,9.2,-7.13,-11.78,-11.82,-14.68,-17.86,-20.77,-18.95,-11,-9.75,2.4,4,3,1,0,0,0,0,0,0,0,0,5,233,191,102,59,30,15,2,1,6,27,117,257,2,2,20,36,71,98,204,261,191,83,15,1,174,172,315,367,450,475,605,662,577,463,286,150,48.657,57.177,105.191,137.68,159.691,176.301,197.961,196.634,154.521,105.349,67.969,47.826,28,27,31,30,31,30,31,31,30,31,29,24,1,0,0,0,0,0,0,0,0,0,0,0,211,153,25,1,6,1,4,5,1,23,1,87,66,67,58,54,58,54,54,52,51,56,55,61,-53.2,12.3,20.1,24.5,15.6,25.7,31.2,29.9,40.7,17.9,-28,-44.2,10.6,11.3,15.5,17.4,19.6,20.9,24.6,26.4,24.3,20,14.7,9.6,15.9,16.5,22.5,25.3,26.8,29,32.9,35.3,33.2,27.6,22.2,16,5.4,6.1,8.5,9.5,12.4,12.7,16.2,17.5,15.4,12.4,7.1,3.2
6040951,1993,4,29,"199304","199205",0,0,11.103,58.27,106.14,80.83,95.554,97.127,80.76,14.035,31.752,0,20.78,8.98,0.21,-3.04,-6.49,-4.19,-5.67,-6.48,-6.85,-2.06,-4.95,11.99,7,4,1,1,0,0,0,0,0,0,1,6,283,200,144,155,88,92,63,67,70,65,144,269,0,0,6,3,17,17,18,22,34,27,3,0,122,148,253,241,341,315,359,359,354,378,246,129,32.651,42.07,71.12,83.041,107.237,93.892,95.999,98.616,82.932,68.49,45.279,29.716,28,28,31,30,31,30,31,31,30,31,30,29,2,0,0,0,0,0,0,0,0,0,0,1,245,135,60,25,1,13,0,1,2,54,14,158,76,75,73,74,74,79,80,75,73,71,69,71,-50.7,9.3,14.9,17.8,18.9,21,41.8,29.8,39.6,18,-26.6,-42.4,9,10.7,13.8,13.3,16,15.5,16.5,16.5,16.8,17.2,13.6,9.2,12.7,14.5,18,17.3,20.2,18.8,19.7,20.6,21.2,21.8,18.5,12.8,5.3,7,9.6,9.2,11.7,12.3,13.4,12.5,12.4,12.6,8.8,5.6
232773,1993,6,3,"199305","199206",0,0,0,72.469,103.217,122.669,146.55,140.779,111.994,28.987,34.632,0,39.97,24.11,4.84,-4.42,-5.93,-7.86,-10.43,-11.37,-11.19,-4.78,-5.99,21.01,6,5,1,0,0,0,0,0,0,0,1,6,267,219,154,152,96,65,25,31,47,60,162,277,0,0,5,4,14,30,52,51,52,32,1,0,138,135,245,245,331,354,430,423,395,386,228,124,40.072,49.195,85.563,108.924,135.499,133.139,148.537,142.537,115.222,88.664,54.98,37.555,27,25,30,29,31,30,31,31,30,31,28,25,3,1,0,0,0,0,0,0,0,0,0,1,449,295,122,36,32,10,2,2,3,60,20,259,68,67,63,58,59,64,61,57,56,57,57,60,-52.5,11.3,18.1,22.9,12.9,25,30.8,26.6,38.5,16.8,-27.9,-43.5,9.5,10,13.4,13.4,15.6,16.8,18.9,18.7,18.2,17.5,13,9,14.5,15.1,19.4,20.2,22.4,22.8,25.4,26,25.7,24.8,19.9,14.4,4.6,4.9,7.4,6.6,8.8,10.8,12.3,11.3,10.6,10.2,6,3.5
202464,1993,7,8,"199307","199208",0,0,0,77.842,101.993,111.864,101.45,111.275,85.581,7.636,52.081,0,25.77,18.31,2.55,-4.59,-5.6,-6.6,-5.73,-7.51,-6.87,-0.83,-7.72,8.87,4,4,1,1,0,0,0,0,0,0,1,5,229,201,135,156,141,90,112,68,92,98,155,250,0,0,5,1,2,18,7,21,23,8,0,0,164,146,264,241,280,319,295,358,321,329,234,144,47.03,52.918,89.714,103.077,111.739,117.374,101.45,111.538,88.503,74.268,61.222,45.531,28,26,31,29,31,30,31,31,30,31,27,24,1,1,0,0,0,0,0,0,0,0,0,1,316,239,100,25,10,6,0,0,3,67,9,151,65,67,63,63,69,70,76,70,70,67,54,54,-53.7,11.8,18.3,21.6,19.2,22.3,41.1,29.8,40.2,18.7,-28.1,-44.3,10.8,10.7,14.1,13.2,13.9,15.6,14.6,16.5,15.7,15.6,13.2,9.9,16.3,15.8,20.1,19.1,18.9,20.5,18.4,21.4,20.6,20.9,20.8,16.5,5.2,5.5,8.2,7.3,8.9,10.7,10.7,11.6,10.8,10.3,5.6,3.3
469019,1993,8,31,"199308","199209",0,0,20.772,110.382,132.369,164.849,165.416,153.888,137.654,33.522,47.903,0,39.08,22.84,-0.08,-9.05,-10,-14.77,-14.62,-15.42,-16.55,-5.04,-5.76,16.09,21,18,6,1,0,0,0,0,0,0,4,26,415,361,296,210,141,49,23,19,43,143,290,443,0,0,0,0,7,41,56,74,57,8,0,0,49,47,123,188,279,380,436,457,404,276,118,34,36.064,43.059,79.685,116.989,143.317,173.057,172.98,168.386,140.728,91.752,54.835,35.77,16,15,22,23,29,30,31,31,29,29,18,10,18,10,0,0,0,0,0,0,0,0,0,11,417,257,59,7,11,8,8,14,3,58,7,186,71,69,61,51,53,48,52,50,46,53,56,64,-49.9,12.1,19,25.6,19.2,27.9,35.3,32.2,42.3,19.3,-26.1,-42.8,4.7,5,8.5,11.2,13.9,17.7,19.1,19.7,18.5,13.8,8.3,3.6,8.9,9.5,14.7,19.4,21.8,26.9,27.4,28.6,28.1,21.6,15.4,9,0.5,0.4,2.4,3.1,6,8.5,10.7,10.9,8.9,6.1,1.3,-1.7
1537502,1994,4,1,"199403","199304",0,0,48.281,73.538,102.861,116.743,108.751,110.396,93.704,60.918,0,0,2.41,17.09,-3.5,-4.27,-5.79,-7.23,-6.49,-7.67,-8.13,-6.7,-1.44,-0.91,4,5,2,1,0,0,0,0,0,0,1,4,213,228,168,181,140,80,92,58,76,94,171,237,1,0,2,0,3,22,10,27,30,11,0,0,178,127,229,214,281,332,322,373,343,334,216,155,53.48,52.133,90.569,100.189,115.19,122.574,108.751,110.813,96.883,79.512,58.702,45.358,26,24,29,28,30,30,31,31,30,31,26,25,0,1,0,0,0,0,0,0,0,0,0,0,98,226,42,27,12,6,0,0,3,19,69,57,56,65,59,62,67,68,74,71,65,63,54,62,-55.4,12.2,19.4,21.8,18,22.9,39.4,29.6,39.8,18.1,-27.9,-44.3,11.2,9.7,12.9,12.3,14,16.1,15.4,17,16.4,15.8,12.6,10.3,18.3,15.2,19.5,18.3,19.3,21.3,19.6,21.8,22.1,21.9,20.1,16.8,4,4.2,6.3,6.3,8.6,10.9,11.1,12.3,10.7,9.7,5.1,3.7
3941717,1994,4,19,"199404","199305",44.649,0,46.261,96.066,146.933,151.934,158.075,159.133,132.022,96.666,41.958,32.551,-6.98,4.31,-3.33,-6.66,-10.48,-11.38,-11.85,-13.87,-13.89,-11.41,-6.7,-5.85,1,2,1,0,0,0,0,0,0,0,0,2,121,155,87,72,32,13,6,4,12,27,84,148,16,4,25,27,65,105,122,164,146,80,25,11,290,206,333,344,446,488,522,564,525,466,326,258,64.905,63.234,102.136,117.389,147.89,159.624,158.211,159.507,133.036,100.283,65.806,57.184,31,27,31,30,31,30,31,31,30,31,30,30,0,0,0,0,0,0,0,0,0,0,0,0,20,112,56,21,1,8,0,0,1,4,24,25,57,64,62,64,63,62,64,61,59,60,61,60,-56.5,13,19.2,21.6,16.5,23.9,34.8,30.6,41.3,18.2,-27.7,-45,14.7,12.7,16.1,16.6,19.4,21.3,21.8,23.2,22.6,20.1,16.2,13.7,21.8,18.5,22.4,22.6,25.7,27.8,27.9,30,29.7,26.9,22.7,20.6,7.6,6.9,9.8,10.7,13.2,14.8,15.8,16.4,15.4,13.3,9.8,6.8
374522,1994,4,19,"199404","199305",40.591,0,24.033,83.66,141.347,149.85,151.72,154.629,129.872,96.743,37.607,39.68,-6.68,1.9,-0.72,-5.2,-9.8,-11.08,-11.04,-13.02,-13.16,-11.12,-6.22,-6.29,1,2,1,0,0,0,0,0,0,0,0,2,126,158,103,84,33,13,7,5,13,26,88,158,15,4,19,22,63,106,117,151,140,80,22,9,285,204,313,328,443,488,514,552,517,467,320,246,70.786,66.247,99.59,116.297,143.051,158.14,152.442,155.759,131.407,102.444,70.352,59.701,30,27,31,30,31,30,31,31,30,31,30,30,0,0,0,0,0,0,0,0,0,0,0,0,30,90,76,33,2,8,1,1,2,6,33,20,53,62,63,64,66,63,67,63,61,61,58,58,-56.8,13.6,18.9,21.7,18.4,23.2,36.5,31.7,42.1,18.9,-27.5,-44.8,14.5,12.6,15.4,16.1,19.3,21.3,21.6,22.8,22.3,20.1,16,13.3,22.4,18.6,21.4,22,25.1,27.6,27.2,29.3,29.1,26.9,22.9,20.4,6.6,6.6,9.4,10.2,13.6,15,15.9,16.3,15.4,13.4,9.1,6.2
384334,1994,5,10,"199405","199306",42.11,0,35.921,63.772,83.191,101.81,84.705,99.363,90.518,75.137,41.607,37.602,-6.18,1.51,-1.64,-3.21,-4.58,-6.17,-5.23,-6.84,-7.57,-7.47,-5.84,-5.58,1,2,1,0,0,0,0,0,0,0,0,2,123,160,109,109,99,28,25,16,27,41,92,152,15,3,16,12,14,69,53,86,87,50,17,8,286,199,303,296,328,428,431,472,450,424,312,250,65.292,58.433,87.929,89.596,86.11,109.533,84.705,100.053,92.141,79.619,63.051,55.278,31,28,31,30,31,30,31,31,30,31,30,31,0,0,0,0,0,0,0,0,0,0,0,0,23,74,52,26,3,8,0,1,2,4,21,18,59,70,70,76,83,79,87,81,77,73,65,63,-56,11.9,16.8,17.6,27.5,19.4,44.9,32.7,42.7,19.7,-27,-44.5,14.6,12.5,15.2,15,15.5,19.3,18.9,20.2,20,18.7,15.8,13.5,21.4,17.3,20,18.8,18.1,22.7,20.9,23.3,23.8,23.1,21.5,19.6,7.9,7.7,10.4,11.3,12.9,15.9,16.9,17.2,16.2,14.3,10.1,7.4
610298,1994,5,21,"199405","199306",38.749,0,55.695,91.227,119.62,152.164,154.56,153.842,127.921,89.474,39.736,10.934,-5.99,4.75,-4.32,-6.21,-7.57,-11.47,-11.63,-13.41,-13.47,-10.65,-6.49,-3.22,2,2,1,0,0,0,0,0,0,0,0,2,140,159,90,91,73,16,7,4,14,26,87,155,12,3,23,18,25,97,117,160,134,83,23,10,266,201,327,317,363,472,514,561,511,470,322,250,59.417,59.652,97.014,111.89,125.943,156.238,154.585,153.904,129.546,95.603,63.5,51.114,31,28,31,30,31,30,31,31,30,31,30,31,0,0,0,0,0,0,0,0,0,0,0,0,21,113,41,21,6,4,0,0,2,6,24,40,61,66,64,65,68,62,65,63,60,63,62,70,-55.6,12.3,18.4,21.3,18.7,23.7,33.7,29.5,40.4,18.3,-27.6,-44.5,13.9,12.5,16,15.8,16.7,20.8,21.6,23.1,22.1,20.2,16.1,13.4,20.3,17.9,21.8,21.5,22,27.2,27.5,29.5,29.1,26.5,22.2,19.2,7.6,7.2,10.1,10,11.4,14.3,15.7,16.7,15,14,9.9,7.7
231694,1994,5,22,"199405","199306",0,0,66.011,41.033,73.909,118.46,114.161,112.487,92.87,61.745,0,0,2.08,10.71,-5.34,-1.04,-2.98,-7.29,-6.87,-7.86,-7.99,-6.87,-0.8,1.89,4,5,1,1,0,0,0,0,0,0,1,5,228,222,162,166,150,68,76,52,87,93,178,244,0,0,3,1,1,28,14,30,25,12,0,0,167,131,235,230,270,350,342,383,327,335,208,150,48.023,51.64,89.228,96.481,105.027,130.626,115.447,113.676,95.247,77.833,55.431,41.694,26,24,30,29,31,30,31,31,30,31,26,26,0,1,0,0,0,0,0,0,0,0,0,0,86,163,23,55,31,12,1,1,2,16,72,80,59,64,59,65,71,65,71,69,64,62,55,63,-54.6,12,19.1,20.7,19.7,22.8,37.7,28.9,39.4,17.7,-27.9,-44.1,10.8,9.9,13.1,12.9,13.6,16.7,16,17.3,15.9,15.8,12.3,10.1,17.3,15.6,19.8,18.4,18.2,22.5,20.6,22.4,21.8,22,19.7,16.2,4.3,4.3,6.5,7.4,9,10.9,11.4,12.3,10,9.6,4.9,3.9
4665583,1994,8,12,"199408","199309",31.764,0,30.345,72.287,109.991,156.554,158.962,167.288,127.023,93.765,33.82,29.827,-5.74,7.29,-1.43,-4.06,-6.54,-11.78,-11.93,-15.29,-12.77,-10.68,-5.68,-5.36,1,2,1,0,0,0,0,0,0,0,0,2,110,154,104,98,82,13,6,2,15,28,86,142,20,4,18,16,21,103,122,212,128,75,22,12,304,207,311,309,350,485,521,612,502,461,322,264,67.266,61.926,97.243,105.302,115.546,157.038,159.858,168.004,127.715,97.512,66.128,57.361,31,28,31,30,31,30,31,31,30,31,30,31,0,0,0,0,0,0,0,0,0,0,0,0,36,139,67,33,6,0,1,1,1,4,32,28,57,66,64,68,72,63,64,61,61,63,62,60,-56.6,12.6,18.5,20.1,22.4,21.2,35.3,31.1,42,18.7,-27.5,-44.8,15.2,12.7,15.4,15.5,16.3,21.2,21.8,24.8,21.8,19.9,16.1,13.9,22.3,18.1,21.3,20.5,20.8,27.5,28,31.7,28.5,26.3,22.4,20.5,8,7.3,9.5,10.4,11.8,14.9,15.7,17.9,15,13.6,9.8,7.4
202463,1995,4,6,"199503","199404",0,4.567,0,66.926,88.769,124.039,116.597,121.864,85.582,52.087,3.788,13.056,23.64,-1.57,15.36,-3.48,-4.44,-7.77,-7.03,-8.65,-7.03,-5.25,-1.8,-3.18,3,1,2,1,0,0,0,0,0,0,1,4,186,111,163,167,160,93,86,51,73,112,202,217,2,8,0,0,0,17,11,31,32,4,0,0,204,246,233,231,259,314,329,384,348,311,179,175,43.267,65.611,80.202,95.219,103.366,124.746,116.597,122.725,96.472,78.861,55.201,49.047,31,28,31,29,31,30,31,31,30,31,26,27,1,0,0,0,0,0,0,0,0,0,0,0,288,61,216,28,15,1,0,1,11,27,51,36,75,64,69,68,72,66,71,66,67,64,59,58,-52.3,12.8,16.7,20.2,21.5,21.3,38.4,29.5,40.4,18.9,-26.9,-44.4,12.2,14.5,13.1,12.8,13.2,15.5,15.6,17.4,16.6,15,11.3,11.1,16.1,20.3,17.9,17.9,17.6,21,20.3,22.9,21.9,20.8,17.8,17.5,8.3,8.7,8.3,7.8,8.8,10,10.9,11.8,11.3,9.2,4.8,4.7
2070005,1995,4,10,"199504","199405",0,19.182,0,0,96.075,179.789,223.367,188.733,133.202,78.492,0,0,35.64,-4,20.67,2.67,-6.53,-16.33,-24.61,-21.65,-18.15,-11.14,5.85,8.52,8,2,3,0,0,0,0,0,0,0,6,14,311,166,233,147,28,6,0,1,8,68,323,366,0,4,0,8,79,157,318,246,175,34,0,0,111,194,171,251,458,542,719,647,564,373,93,70,23.41,54.484,65.375,99.661,152.968,185.518,224.352,189.702,138.583,84.696,33.099,25.139,28,26,29,29,31,30,31,31,30,30,20,20,5,0,0,0,0,0,0,0,0,0,3,2,384,35,261,103,57,6,1,1,5,6,96,113,83,58,68,62,58,52,48,48,49,51,67,68,-48.5,11.8,15.5,21.1,9.1,25.2,16.4,22.3,37,15.1,-24.9,-41.7,8.1,12.3,10.6,13.5,19.8,23.1,28.3,25.9,23.9,17,7.3,6.1,10.7,19,15.5,19.7,27.1,31.8,38.2,35.7,33.2,25.4,12.3,10.4,5.6,5.6,5.6,7.3,12.6,14.4,18.4,16.1,14.5,8.7,2.2,1.8
231367,1995,4,23,"199504","199405",0,37.964,0,35.119,77.343,117.162,88.126,107.842,83.648,65.427,0,0,16.04,-4.69,10.81,-0.44,-3.52,-7.09,-4.82,-7.24,-6.88,-6.99,1.06,-0.99,3,2,2,1,0,0,0,0,0,0,2,6,201,142,185,180,164,105,124,77,83,119,241,266,0,2,0,0,0,13,5,18,27,3,0,0,184,209,206,216,255,299,283,345,334,303,147,130,37.649,56.248,74.864,88.673,95.563,118.075,89.069,108.643,86.398,76.962,45.837,39.243,31,28,30,29,31,30,31,31,30,30,25,25,1,0,0,0,0,0,0,0,0,0,1,0,207,18,166,54,18,1,1,1,3,12,68,42,76,67,69,70,75,67,80,70,71,61,63,60,-51.8,11.5,16.3,19.4,22.2,20.7,43.5,29.5,39.9,17.9,-26.4,-43.7,11.6,13.2,12.3,12.4,13.1,15,14.1,16.1,16.1,14.7,10,9.3,15.3,18.5,17.1,17.1,17,20.2,17.2,21,20.9,21.1,15.8,15,8,7.9,7.4,7.6,9.2,9.7,11,11.2,11.4,8.4,4.2,3.7
1333957,1995,4,23,"199504","199405",0,36.14,0,92.373,145.88,207.288,212.888,196.623,135.841,82.773,5.912,9.763,12.25,-4.29,5.24,-6.68,-10.97,-19.64,-20.59,-21.23,-16.23,-10.67,-1.28,-0.97,5,3,2,0,0,0,0,0,0,0,3,12,257,177,171,97,32,4,1,1,10,55,275,348,1,2,5,18,68,185,237,234,154,42,0,0,153,182,233,308,444,570,638,635,536,395,128,80,33.706,51.54,80.85,119.123,164.92,207.984,213.373,197.073,140.188,93.628,42.924,30.399,30,27,30,30,31,30,31,31,30,31,23,22,1,0,0,0,0,0,0,0,0,0,1,0,163,15,119,27,19,1,0,0,4,11,37,21,77,68,65,57,53,46,48,47,51,53,63,68,-50.9,11,17.4,23.1,8.6,27.2,21.1,23.5,38,16.2,-26.1,-42.5,9.8,11.8,12.8,15.5,19.4,24,25.6,25.5,22.9,17.8,8.9,6.7,13.4,16.9,18.4,22.7,27.6,34.1,35.3,35.6,31.8,25.9,14.7,11.1,6.3,6.8,7.2,8.3,11.2,14,16,15.5,14,9.6,3,2.3
4665582,1995,5,10,"199505","199406",0,0,0,60.353,91.555,156.554,158.962,167.288,132.154,90.212,39.793,30.876,22.48,-0.7,10.26,-2.82,-4.84,-11.78,-11.93,-15.29,-13.71,-9.96,-5.51,-5.06,2,1,1,0,0,0,0,0,0,0,1,2,162,73,124,108,103,13,6,2,12,41,161,160,8,25,12,13,13,103,122,212,145,54,4,9,242,309,286,297,323,485,521,612,523,424,232,245,50.338,70.187,90.479,109.551,104.721,157.038,159.858,168.004,132.744,94.952,61.011,54.143,31,28,31,30,31,30,31,31,30,31,28,31,0,0,0,0,0,0,0,0,0,0,0,0,284,75,175,49,13,0,1,1,1,5,21,23,71,66,67,65,75,63,64,61,60,62,60,60,-53.3,12.6,17.7,21.2,24.3,21.2,35.3,31.1,41.8,18.8,-27,-44.6,13.1,16.4,14.6,15,15.4,21.2,21.8,24.8,22.5,18.7,13,13.2,17.7,21.9,19.9,20.7,19.3,27.5,28,31.7,29.5,25.1,19.5,19.3,8.6,10.9,9.2,9.4,11.5,14.9,15.7,17.9,15.4,12.3,6.4,7.1
1620584,1995,8,21,"199508","199409",0,25.006,0,104.908,126.764,187.768,231.277,217.966,162.421,95.516,50.477,42.917,15.46,-4.49,4.61,-7.97,-8.37,-16.42,-24.12,-25.76,-20.45,-12.35,-7.11,-6.71,4,1,1,0,0,0,0,0,0,0,2,4,232,99,144,105,77,15,1,0,7,47,222,218,3,15,10,17,26,99,234,290,184,50,0,3,177,275,267,302,357,475,635,691,570,410,172,182,52.477,76.664,100.119,130.802,144.858,191.805,233.157,221.1,162.915,110.63,63.135,55.585,27,28,30,29,31,30,31,31,30,31,21,24,1,0,0,0,0,0,0,0,0,0,0,0,219,52,133,26,18,4,2,3,0,15,13,13,62,56,58,52,58,47,43,44,47,49,49,50,-53.9,14.6,20.1,25,18,25.7,28.3,29.1,40.4,17.9,-27.3,-44.8,10.7,15,13.8,15.2,16.5,20.9,25.5,27.3,24,18.3,10.6,10.9,16.6,22.3,20.7,23.2,23.5,30.5,36.5,38.1,34,27.3,19,18.6,4.7,7.7,6.8,7.1,9.5,11.3,14.5,16.6,14.1,9.2,2.3,3.2
1474359,1996,4,9,"199604","199505",6.352,0,41.765,97.765,72.749,88.41,113.27,110.76,91.783,76.76,61.058,12.102,-2.1,6.1,-2.41,-6.85,-3.76,-4.99,-7.3,-8.08,-8.14,-7.93,-8.5,-3.08,1,1,1,0,0,0,0,0,0,0,0,1,122,99,100,50,109,52,13,8,16,33,50,113,14,13,17,41,10,39,86,118,124,65,49,19,284,266,310,383,316,376,475,514,498,447,382,297,55.09,57.393,84.812,109.56,80.334,96.375,113.706,111.505,92.451,77.751,63.356,49.936,31,28,31,30,31,30,31,31,30,31,30,31,0,0,0,0,0,0,0,0,0,0,0,0,49,123,43,12,8,8,0,1,1,1,2,38,68,74,72,71,85,82,79,78,78,74,68,68,-54.6,10.7,16.2,19.4,27.9,18.2,40.3,31.7,41.9,19.3,-27.5,-44.4,14.7,15,15.5,18,15.1,17.5,20.3,21.6,21.6,19.5,18.2,15.1,19.8,19.2,20.1,22.8,17.5,20.5,23.7,25.2,25.3,23.7,23.5,19.9,9.5,10.9,11,13.2,12.8,14.6,16.9,18,18,15.2,12.8,10.2
3278418,1996,4,15,"199604","199505",0,0,36.311,64.101,103.747,132.321,195.796,188.246,137.865,94.57,51.33,0,12.19,8.57,-3.2,-4.38,-6.66,-10.65,-18.83,-21.13,-18.25,-14.19,-9.71,12.02,8,3,1,0,0,0,0,0,0,0,0,5,309,192,160,101,45,7,1,1,7,37,103,255,0,2,8,18,49,145,248,243,186,63,19,1,114,166,249,305,412,529,649,643,572,434,302,149,32.503,45.898,86.731,114.791,141.435,172.165,197.97,189.455,138.776,95.866,55.658,28.669,24,26,29,29,31,30,31,31,30,31,29,29,2,0,0,0,0,0,0,0,0,0,0,1,162,142,50,51,38,40,2,1,1,1,4,164,69,67,56,56,60,57,54,48,50,47,53,71,-51.3,10.3,18.9,22.6,11.3,24.5,20.9,22,36.8,14.1,-29.2,-42.3,8.2,11,13.2,15.3,18.3,22.7,26,25.8,24.1,19,15.3,9.7,12.9,16.1,20.4,22.6,25,30.3,34.5,35.6,33.2,28.4,23.3,13.8,3.4,5.9,6.1,8.1,11.6,15.1,17.5,16,15,9.7,7.3,5.6
1474363,1996,4,20,"199604","199505",24.276,0,73.441,135.885,125.75,174.783,219.061,206.226,155.086,114.66,79.296,46.39,-4.87,1.37,-6.44,-11.99,-8.21,-14.7,-22.01,-23.45,-19.59,-15.36,-13.22,-7.65,2,2,1,0,0,0,0,0,0,0,0,2,176,142,130,55,93,19,1,1,5,27,59,179,7,6,12,39,19,89,221,278,206,85,45,8,229,223,281,373,336,459,622,679,592,467,371,229,62.504,68.363,106.766,145.284,137.286,182.626,221.874,209.283,158.346,115.831,81.015,58.246,28,27,30,30,31,30,31,31,30,31,30,27,0,0,0,0,0,0,0,0,0,0,0,0,38,95,33,9,12,8,3,3,3,1,2,12,54,59,54,50,60,50,46,48,50,49,48,56,-56.1,13.8,21.2,25.6,19.1,25,29.2,29.6,40.7,17.4,-29.2,-45.1,12.6,13.2,14.3,17.6,15.8,20.3,25.1,27,24.8,20.1,17.6,12.5,20.1,19.8,22,26.3,22.4,29.3,35.3,36.8,33.9,29.2,26.6,20.3,5,6.6,6.6,9,9.2,11.4,14.9,17.1,15.7,11,8.5,4.8
1368047,1996,4,21,"199604","199505",0,0,33.447,71.719,124.693,158.572,201.222,188.877,138.54,97.314,56.175,0,8.77,9.42,-2.51,-5.03,-8.42,-12.8,-18.62,-20.06,-17.07,-13.67,-9.46,11.34,7,3,1,0,0,0,0,0,0,0,0,4,283,173,141,76,56,12,2,2,11,33,97,238,0,3,10,27,37,107,190,205,153,70,20,1,132,186,268,337,391,490,591,605,534,447,309,161,34.215,48.455,87.832,121.678,145.911,175.394,201.67,189.304,139.272,98.274,57.586,31.577,27,28,30,30,31,30,31,31,30,31,30,30,1,0,0,0,0,0,0,0,0,0,0,0,129,151,54,50,21,17,0,0,1,1,1,159,72,69,60,56,57,53,49,47,49,50,56,74,-51.4,10.3,18.5,23,11.1,25.6,21.2,22.8,37.2,14.9,-28.9,-42.7,9,12,13.9,16.5,17.6,21.4,24.1,24.6,22.8,19.5,15.6,10.2,13.3,16.8,20.5,23.8,24.8,29.6,33.5,34.5,32.1,28.3,23,14.3,4.7,7.2,7.4,9.1,10.4,13.1,14.7,14.6,13.6,10.7,8.2,6.2
2137472,1996,4,22,"199604","199505",0,0,39.671,110.813,140.416,194.333,228.415,210.767,157.544,110.019,60.765,0,5.98,13.43,-3.23,-9.44,-10.03,-17.53,-23.83,-23.79,-20.35,-15.62,-10.6,7.47,6,3,2,0,0,0,0,0,0,0,1,5,273,189,186,119,103,29,3,5,23,66,128,257,0,1,3,12,14,66,161,141,98,30,10,0,140,173,217,282,323,424,562,542,464,375,270,145,51.325,60.77,101.101,140.432,155.682,198.735,233.182,210.767,159.465,113.139,69.809,45.427,20,25,25,26,29,29,31,31,29,28,26,23,1,0,0,0,0,0,0,0,0,0,0,1,127,207,61,30,15,4,5,0,2,3,9,140,53,58,49,42,48,38,35,35,36,38,45,53,-54.9,13.4,22.4,27.9,9.9,29.5,17.1,21.7,36.1,15.8,-29.4,-44.4,9.4,11.4,12.2,14.6,15.3,19.1,23.2,22.5,20.5,17.1,14.3,9.6,16.9,18,20.9,24.8,24.3,30.7,35.9,35.4,32.8,28.6,23.8,16.6,1.8,4.7,3.6,4.4,6.4,7.6,10.5,9.6,8.2,5.6,4.7,2.7
1474365,1996,4,28,"199604","199505",0,0,41.582,106.226,90.131,104.125,136.531,131.827,106.058,83.32,59.339,13.731,-1.27,4.9,-2.35,-7.84,-4.94,-6.21,-9.46,-10.31,-9.95,-8.89,-8.07,-3.15,2,1,1,0,0,0,0,0,0,0,0,1,129,103,103,40,83,35,7,5,11,27,57,120,13,12,17,52,19,57,118,149,148,78,42,18,276,262,308,404,348,408,515,550,528,465,369,290,54.998,57.856,85.275,121.173,97.39,113.27,137.753,132.245,106.941,84.479,62.077,50.021,31,28,31,30,31,30,31,31,30,31,30,31,0,0,0,0,0,0,0,0,0,0,0,0,56,111,44,15,7,9,1,0,1,1,3,36,68,73,71,66,80,77,72,72,73,71,68,68,-54.5,10.8,16.3,20.9,24.7,19.3,36.9,31.1,41.8,19.1,-27.3,-44.3,14.4,14.8,15.4,18.7,16.2,18.6,21.6,22.8,22.6,20.1,17.7,14.8,19.6,19.1,20,24.4,19.4,22.4,26.3,27.5,27.2,24.9,22.9,19.7,9.2,10.6,10.8,13.1,13,14.9,17,18,18,15.2,12.4,9.9
1467990,1996,4,30,"199604","199505",14.536,0,54.527,110.272,86.227,101.307,135.753,132.833,108.857,85.819,64.378,25.307,-2.99,2.75,-3.63,-8.11,-4.62,-5.88,-9.24,-10.33,-10.16,-9.07,-8.99,-4.47,2,1,1,0,0,0,0,0,0,0,0,1,138,111,111,50,102,44,10,5,14,34,59,132,11,10,14,41,12,46,102,140,136,64,41,14,266,253,297,383,323,389,495,540,512,443,367,275,58.227,60.832,91.748,121.751,92.485,110.896,137.101,133.281,110.068,86.701,67.224,53.051,31,28,31,30,31,30,31,31,30,31,30,31,0,0,0,0,0,0,0,0,0,0,0,0,44,93,37,11,6,10,1,0,1,1,3,28,64,70,67,64,81,77,72,71,71,69,63,65,-55.1,11.6,17.7,21.4,25.9,19,37.4,31.5,42,19,-27.7,-44.6,14,14.5,15.1,18,15.4,18,21,22.5,22.1,19.3,17.6,14.3,19.9,19.2,20.5,23.9,18.4,21.7,25.7,27.4,27.1,24.6,23.7,19.9,8.2,9.8,9.7,12.1,12.3,14.2,16.2,17.6,17.1,14.1,11.5,8.7
1368049,1996,5,4,"199604","199505",0,0,33.447,71.719,124.693,158.572,201.222,188.877,138.54,97.314,56.175,0,8.77,9.42,-2.51,-5.03,-8.42,-12.8,-18.62,-20.06,-17.07,-13.67,-9.46,11.34,7,3,1,0,0,0,0,0,0,0,0,4,283,173,141,76,56,12,2,2,11,33,97,238,0,3,10,27,37,107,190,205,153,70,20,1,132,186,268,337,391,490,591,605,534,447,309,161,34.215,48.455,87.832,121.678,145.911,175.394,201.67,189.304,139.272,98.274,57.586,31.577,27,28,30,30,31,30,31,31,30,31,30,30,1,0,0,0,0,0,0,0,0,0,0,0,129,151,54,50,21,17,0,0,1,1,1,159,72,69,60,56,57,53,49,47,49,50,56,74,-51.4,10.3,18.5,23,11.1,25.6,21.2,22.8,37.2,14.9,-28.9,-42.7,9,12,13.9,16.5,17.6,21.4,24.1,24.6,22.8,19.5,15.6,10.2,13.3,16.8,20.5,23.8,24.8,29.6,33.5,34.5,32.1,28.3,23,14.3,4.7,7.2,7.4,9.1,10.4,13.1,14.7,14.6,13.6,10.7,8.2,6.2
2071627,1996,5,20,"199605","199506",0,0,22.552,30.549,45.448,117.605,189.44,183.551,135.677,90.395,44.209,0,15.28,9.56,-1.81,-0.97,-1.16,-8.96,-18.06,-20.49,-18.19,-13.57,-8.61,16.24,9,4,2,0,0,0,0,0,0,0,0,5,313,203,176,119,41,10,1,1,7,42,115,254,0,1,6,14,56,123,235,233,188,56,15,1,111,157,230,283,422,507,636,634,574,422,287,150,31.902,44.543,83.25,109.094,147.983,163.687,192.693,184.453,136.772,92.377,52.19,27.876,24,26,29,29,31,30,31,31,30,31,29,29,2,0,0,0,0,0,0,0,0,0,0,1,192,151,61,79,103,46,3,1,1,2,8,206,69,68,57,58,58,59,55,49,51,49,55,71,-51.2,10.1,18.5,22.1,10.1,24.1,22.1,22.7,37.1,14.3,-28.7,-42.2,8.1,10.6,12.6,14.6,18.6,21.9,25.6,25.5,24.2,18.6,14.8,9.7,12.8,15.6,19.6,21.5,25.9,29.1,33.8,35,33.1,27.7,22.2,13.7,3.3,5.6,5.6,7.7,11.4,14.7,17.3,16.1,15.2,9.6,7.4,5.8
1474364,1996,9,22,"199609","199510",0,0,35.209,75.793,87.242,112.652,118.071,110.208,81.737,76.321,53.496,0,5.24,16.28,-1.95,-4.48,-4.12,-6.66,-7.24,-7.44,-6.38,-8.03,-8.45,8.35,3,2,2,0,0,0,0,0,0,0,0,3,203,150,165,133,124,107,59,63,107,101,99,192,0,2,0,5,5,13,20,23,19,6,10,0,184,202,230,267,299,296,364,365,302,326,298,199,52.283,55.796,89.761,109.859,115.54,113.808,118.071,110.474,84.269,81.073,64.603,46.431,28,28,30,29,31,30,31,31,30,31,30,30,0,0,0,0,0,0,0,0,0,0,0,0,121,224,55,34,28,1,0,0,3,5,11,150,60,69,61,61,68,70,72,71,71,61,56,60,-54.9,11.4,19,22.3,18.3,22.5,37.8,29.8,40.3,18.2,-28.5,-44.4,11.6,12.9,13,14.1,14.6,14.9,16.7,16.7,15,15.5,15.5,12,18.1,17.9,19.4,20.5,19.7,19.7,21.3,21.5,19.7,21.8,22.8,17.9,5.1,8,6.7,7.7,9.4,10.1,12.2,12,10.4,9.1,8.1,6.1
1474360,1997,2,2,"199701","199602",0,0,34.671,125.644,157.776,178.247,199.048,186.635,136.578,66.676,0,0,7.55,7.91,-2.25,-10.59,-11.88,-14.84,-18.1,-18.83,-14.91,-8.3,-2.81,3.59,2,1,1,0,0,0,0,0,0,0,0,2,177,111,108,44,32,9,1,1,12,42,78,155,6,11,17,49,65,127,220,235,145,53,29,10,226,255,304,395,446,510,621,635,524,423,336,251,51.942,66.679,102.077,140.92,158.889,179.096,199.327,187.408,137.451,98.558,67.05,51.796,31,28,31,30,31,30,31,31,30,31,30,31,0,0,0,0,0,0,0,0,0,0,0,0,140,157,67,15,1,1,0,1,1,32,68,109,67,64,59,54,58,55,54,54,56,58,60,59,-54,12.9,19.8,24.4,14.8,25.7,29.9,29.4,41.1,18.1,-28,-44.6,12.6,14.5,15.2,18.4,19.4,22,25.1,25.5,22.5,18.7,16.5,13.4,17.9,20.3,21.9,26.2,26.6,30,33.3,34,30.2,25.9,23.2,19.3,7.3,8.6,8.5,10.6,12.2,14.1,16.8,17.1,14.8,11.5,9.8,7.6
3324477,1997,2,10,"199702","199603",0,38.214,7.663,55.595,103.331,160.775,187.783,169.764,117.368,43.025,0,0,18.2,-4.56,0.48,-2.99,-6.23,-12.59,-16.68,-16.59,-12.66,-5.74,2.46,16.46,7,3,2,0,0,0,0,0,0,0,1,4,284,193,184,123,75,25,3,5,28,76,176,236,0,0,3,10,24,74,159,147,85,24,2,1,129,160,215,277,359,436,560,548,447,359,214,162,30.914,48.271,75.754,104.826,133.796,162.168,188.247,170.347,118.517,78.487,41.612,29.869,29,27,30,30,31,30,31,31,30,31,29,31,2,0,0,0,0,0,0,0,0,0,0,1,218,10,68,49,30,1,0,1,1,35,82,207,78,69,67,63,62,55,52,52,56,62,71,77,-50.3,10.7,16.6,21.3,13.4,24.3,23.3,24.3,38.4,17.1,-26,-42.5,9,11,12.3,14.4,16.6,19.6,23.1,22.7,19.9,16.6,12.4,10.3,12.3,15.9,17.6,20.5,22.9,27.3,31.6,31.4,27.5,22.9,16.9,13.7,5.7,6.1,7.1,8.4,10.2,11.8,14.5,14,12.3,10.2,7.9,6.9
1474357,1997,4,4,"199703","199604",0,45.913,99.956,102.167,168.607,206.754,237.291,214.37,149.355,59.826,0,0,10,-5.3,-9.8,-8.32,-14.05,-19.94,-26.15,-25.49,-18.68,-8.55,0.62,8.37,7,3,1,0,0,0,0,0,0,0,1,6,287,193,95,57,18,3,0,0,8,49,178,266,0,1,24,40,105,214,355,323,173,49,4,0,133,167,328,371,495,601,756,723,561,407,218,143,35.585,54.485,107.715,134.179,179.683,208.68,237.291,214.37,150.057,96.732,49.753,33.8,27,25,31,30,31,30,31,31,30,31,28,28,1,0,0,0,0,0,0,0,0,0,0,1,139,9,8,32,11,2,0,0,1,37,73,127,74,63,52,53,51,48,48,46,48,52,63,68,-51.2,12.1,21.1,24.1,8.6,28.2,21.4,24.8,38.7,16.4,-27,-43,8.9,11,15.8,17.5,21.1,25.1,29.5,28.4,23.8,18.1,12.3,9.4,12.9,16.7,23.9,25.5,29.9,34.6,39.5,38.7,33.3,26.4,18.2,13.5,4.9,5.2,7.7,9.5,12.3,15.5,19.5,18.1,14.2,9.9,6.5,5.2
2085275,1997,4,5,"199703","199604",0,0,0,0,2.313,91.852,99.523,89.063,48.654,19.695,0,0,18.92,1.69,1.48,4.26,3.43,-4.98,-5.7,-5.59,-3.4,-1.77,6.67,30.3,7,5,3,1,0,0,0,0,0,1,1,5,282,230,207,217,205,149,116,130,155,190,199,252,0,0,0,0,0,5,6,6,10,0,0,0,120,121,181,177,207,241,291,275,246,223,180,138,31.134,43.67,72.157,71.045,79.113,96.035,100.765,91.116,62.837,49.764,36.676,28.1,28,25,29,29,30,30,31,31,30,30,29,30,2,0,0,0,1,0,0,0,0,0,1,1,227,65,74,87,77,4,1,2,14,30,116,343,76,69,66,77,80,74,75,73,79,77,74,76,-50.6,10.3,16.5,16.8,25,19.8,40.2,29.7,39.4,19.3,-25.4,-42.2,9.1,9.7,11.4,11,11.6,13.1,14.4,13.8,13.2,12.1,11.5,9.8,12.7,14.4,16.7,14.6,14.7,17.1,18.4,18,16.4,15.7,15.5,13.3,5.4,4.9,6.1,7.4,8.5,9,10.4,9.7,9.9,8.5,7.4,6.3
1583074,1997,4,8,"199704","199605",0,36.618,115.834,124.768,166.984,192.87,205.99,194.818,145.423,78.431,33.838,14.41,5.99,-4.95,-11.29,-10.11,-13.32,-17.39,-20.25,-20.87,-16.69,-10.31,-6.62,-4.08,4,4,1,0,0,0,0,0,0,0,1,3,224,195,124,115,45,14,1,1,14,60,134,197,3,2,14,13,48,99,226,229,134,35,10,5,183,165,291,290,413,482,627,630,510,385,266,204,56.514,73.365,120.836,134.513,170.457,194.458,212.847,198.705,148.258,110.853,73.992,59.757,27,20,28,28,31,30,31,31,30,30,27,26,0,0,0,0,0,0,0,0,0,0,0,0,130,37,5,10,3,2,7,4,3,32,40,45,60,50,46,50,51,47,50,50,51,48,50,51,-54.1,16.3,23.7,26,15,28.8,30.9,30.8,41.6,18.7,-27.7,-44.8,10.9,10.9,14.6,14.8,18.3,21.1,25.3,25.4,22.1,17.4,14,11.8,17.2,19.1,23.8,23.3,26.9,30.8,34.5,34.7,30.8,26.5,22.5,19.5,4.6,2.6,5.3,6.3,9.7,11.4,16.1,16.1,13.3,8.4,5.5,4.1
3776580,1997,4,28,"199704","199605",0,41.997,80.978,111.496,122.158,184.62,213.381,190.572,129.126,53.448,0,0,17.4,-5.32,-7.65,-9,-8.44,-16.24,-21.18,-20.6,-15.02,-7.44,0.19,12.78,7,3,1,0,0,0,0,0,0,0,1,5,281,177,110,70,35,6,1,1,16,57,161,247,0,3,17,30,63,161,263,237,126,39,5,1,133,182,303,346,438,546,664,637,500,391,234,156,31.574,52.846,94.552,120.191,150.906,187.384,213.783,191.009,130.428,84.446,45.625,28.26,28,27,31,30,31,30,31,31,30,31,29,30,2,0,0,0,0,0,0,0,0,0,0,1,212,11,14,9,29,3,0,0,1,31,68,168,76,64,57,58,59,52,49,48,52,57,66,75,-50.7,11.5,19.2,22.5,10.5,25.2,19.7,23.1,38.1,16.2,-26.9,-42.2,9.1,11.8,15.1,16.8,19.2,23.2,26.5,25.6,21.7,17.6,13,10,12.7,17.6,22.2,23.8,26.2,31.8,36,35.3,30.3,24.8,18.5,13.3,5.4,6.1,8.1,9.7,12.1,14.6,17,15.9,13.1,10.4,7.5,6.6
3776588,1997,5,13,"199705","199606",0,45.311,80.429,119.185,176.138,195.318,222.413,198.735,135.943,56.925,0,0,17.05,-5.75,-7.66,-9.98,-15.53,-17.9,-22.8,-22.2,-16.39,-8.35,-0.69,13.37,7,3,1,0,0,0,0,0,0,0,1,5,287,178,116,66,12,5,1,1,15,52,162,245,0,2,16,32,134,168,262,236,130,44,5,2,129,181,295,353,536,553,663,636,505,401,233,158,32.242,54.07,95.993,125.691,185.196,197.244,222.83,199.079,136.774,89.351,46.953,30.525,28,26,30,30,31,30,31,31,30,31,29,30,2,0,0,0,0,0,0,0,0,0,0,1,209,9,16,7,9,2,0,0,1,32,62,178,74,62,56,55,50,49,46,45,48,54,64,73,-50.9,11.8,19.7,23.3,3.1,26.5,17.4,21.8,37.4,15.7,-27.1,-42.6,8.9,11.8,14.9,17,22.4,23.5,26.4,25.6,21.9,17.9,12.9,10,12.7,17.9,22.2,24.6,31.4,32.9,36.7,36.1,31.2,25.9,18.7,13.9,5,5.8,7.5,9.4,13.4,14,16.1,15.1,12.5,10,7.1,6.2
610295,1997,6,13,"199706","199607",0,61.664,109.625,125.779,163.126,148.322,190.838,182.233,131.988,67.207,8.652,0,7.69,-7.55,-10.46,-10.06,-12.98,-10.92,-16.77,-18.09,-14.16,-8.4,-3.61,4.42,2,1,0,0,0,0,0,0,0,0,0,1,154,104,56,55,12,16,1,1,11,31,68,131,9,13,45,38,129,96,212,238,153,70,35,15,251,264,382,373,532,471,613,639,533,452,351,278,51.082,70.536,112.853,128.002,164.428,149.708,191.133,183.364,133.264,97.858,65.302,51.113,31,28,31,30,31,30,31,31,30,31,30,31,0,0,0,0,0,0,0,0,0,0,0,0,141,9,3,2,1,1,0,1,1,31,57,117,69,61,58,60,62,65,57,56,59,60,63,63,-53.9,13.5,20.3,22.8,13.3,24.5,30.1,29,40.9,18.2,-27.8,-44.5,13.4,14.8,17.8,17.6,22.3,20.7,24.8,25.7,22.8,19.6,17,14.4,18.3,21.2,24.9,24.4,28.9,26.7,32.5,33.7,30,26.4,23.2,19.8,8.6,8.4,10.7,10.9,15.7,14.8,17.1,17.6,15.7,12.9,10.9,8.9
1339126,1997,7,16,"199707","199608",0,41.913,87.464,111.905,166.579,166.688,202.113,190.645,130.193,52.807,0,0,14.47,-5.2,-8.26,-9,-14.09,-13.79,-18.85,-20.56,-15.08,-7.19,0.6,12.66,7,3,1,0,0,0,0,0,0,0,1,5,286,184,112,72,13,8,2,1,16,63,168,250,0,2,17,28,127,136,210,237,124,35,5,1,130,177,300,343,527,520,611,638,498,381,227,154,32.325,52.774,95.744,121.093,176.974,176.092,202.469,191.348,131.378,84.307,46.11,29.176,28,26,31,30,31,30,31,31,30,31,29,30,2,0,0,0,0,0,0,0,0,0,0,1,182,11,8,9,10,9,0,1,1,31,71,167,75,64,57,58,53,55,50,48,52,57,65,74,-50.8,11.5,19.4,22.7,5.9,27,22.3,23.6,38.3,16.4,-26.9,-42.4,8.9,11.6,15,16.7,22.1,22.4,24.8,25.6,21.6,17.3,12.7,9.9,12.7,17.3,22.2,23.8,30.4,30.3,33.9,35.2,30.2,24.5,18.2,13.3,5.1,5.9,7.8,9.5,13.8,14.5,15.6,16,13,10.1,7.2,6.4
202458,1997,7,25,"199707","199608",0,28.628,75.92,86.914,158.053,142.297,159.441,158.992,111.498,0,0,0,32.3,-3.55,-6.55,-6.03,-12.54,-10.33,-12.37,-14.56,-11.29,2.75,8.92,29.74,5,5,2,1,0,0,0,0,0,0,1,5,249,222,187,170,41,54,22,11,46,108,169,245,0,0,2,2,51,37,59,106,54,9,1,0,156,136,212,227,422,371,440,498,398,316,221,153,38.161,54.692,91.763,109.481,160.238,143.334,159.441,158.992,115.138,87.457,50.96,35.812,30,24,28,28,31,30,31,31,30,30,29,29,2,0,0,0,0,0,0,0,0,0,1,1,370,26,16,23,2,1,0,0,4,130,159,346,75,63,57,58,55,60,58,55,58,55,65,70,-51.5,12.7,20.1,23.4,9.3,26.9,30.1,26.5,39.3,17.8,-26.8,-43.1,10.1,9.9,12.2,12.7,18.6,17.4,19.2,21.1,18.3,15.2,12.7,10,14,15.8,19.2,19.7,26.5,24,26.4,28.9,25.4,22.7,18.2,14.1,6.3,4,5.2,5.8,10.8,10.8,11.9,13.3,11.1,7.6,7.2,6
202450,1997,11,25,"199711","199612",0,55.421,97.209,102.646,142.657,118.973,118.296,116.669,100.311,73.103,0,0,11.77,-6.5,-8.63,-7.13,-9.87,-7.29,-7.2,-8.2,-9.02,-8.03,2.79,10.59,3,3,1,0,0,0,0,0,0,0,0,3,202,177,140,149,57,93,74,43,43,88,116,201,2,0,6,3,33,17,15,37,58,14,9,0,189,176,261,249,389,314,344,398,405,342,280,190,47.482,64.216,103.298,110.911,143.872,119.83,118.344,118.796,105.028,86.79,57.844,45.362,30,25,29,29,31,30,31,31,30,31,30,30,1,0,0,0,0,0,0,0,0,0,0,0,177,9,6,8,1,1,0,2,5,14,107,168,67,58,53,59,60,68,71,69,65,59,63,61,-53.6,13.9,21.4,23,13.2,24.9,38.1,29.7,40.1,18.1,-27.5,-44.2,11.6,11.9,13.9,13.5,17.5,15.5,16.1,17.8,18.5,16,14.8,11.7,16.8,18.7,21.7,20.2,24.2,20.6,20.8,23,24.3,22.9,20.7,17.2,6.5,5,6.1,6.8,10.9,10.4,11.3,12.7,12.7,9.2,8.8,6.2
3275642,1998,2,28,"199802","199703",0,0,78.073,104.935,147.545,152.557,176.898,153.476,126.044,63.198,0,0,15.19,28.67,-6.9,-7.99,-11.24,-11.51,-14.6,-13.77,-14.3,-7.81,8.23,2.34,6,5,1,0,0,0,0,0,0,0,1,7,264,238,161,112,32,28,9,9,16,78,159,285,0,0,6,13,65,70,108,113,122,22,4,0,146,126,240,290,444,429,502,507,495,356,233,121,32.985,40.033,88.883,112.564,158.017,158.51,177.383,156.356,127.139,80.85,43.778,32.316,29,26,29,30,31,30,31,31,30,31,30,26,1,2,0,0,0,0,0,0,0,0,0,0,193,327,11,8,10,6,0,3,1,18,143,65,76,75,58,59,56,57,53,55,55,59,70,74,-50.9,9.3,19.1,22.4,8.2,26.1,25.2,25.5,37.9,16.9,-26.4,-42.8,9.6,9.4,13.2,14.9,19.4,19.3,21.2,21.4,21.5,16.5,13.1,8.7,13.2,13.1,20,21.7,27,26.8,29.5,29.2,29.5,23.3,17.8,13.2,6,5.6,6.3,8.1,11.8,11.9,12.9,13.5,13.5,9.7,8.3,4.3
3373130,1998,3,28,"199803","199704",0,0,18.279,101.362,145.055,151.056,167.588,137.727,120.574,53.926,0,0,19.79,32.9,-0.62,-7.73,-11.07,-11.43,-13.4,-11.76,-13.58,-7,11.57,2.58,5,5,2,0,0,0,0,0,0,0,1,6,258,222,175,93,27,20,8,10,16,67,140,270,1,0,4,18,76,84,112,108,126,28,7,0,150,138,227,312,462,452,508,500,500,373,254,133,30.289,40.05,78.088,112.378,157.051,156.655,168.041,145.665,123.471,80.146,42.901,32.489,30,27,30,30,31,30,31,31,30,31,30,27,1,1,0,0,0,0,0,0,0,0,0,0,236,372,60,11,12,6,0,8,3,26,177,70,80,76,65,61,58,59,57,60,57,61,72,75,-50.2,9.1,17,21.9,8,25.5,26.7,26.1,37.9,16.8,-26.3,-42.9,9.8,9.9,12.7,15.6,20,20.1,21.4,21.1,21.7,17,13.8,9.2,12.9,13.6,18.2,22.2,27.3,27.1,28.8,28.1,29.3,23.6,18.2,13.7,6.7,6.2,7.1,9.1,12.7,13.1,14,14.2,14.1,10.5,9.3,4.7
387226,1998,4,5,"199803","199704",0,0,10.951,114.914,163.851,155.097,190.055,186.819,103.393,100.882,17.696,0,4.02,31.1,0.67,-8.69,-13,-11.74,-16.39,-18.93,-12.82,-12.15,-4.43,-0.21,2,3,1,0,0,0,0,0,0,0,0,2,156,182,153,85,17,18,4,1,5,27,72,168,10,2,8,21,105,91,154,243,217,80,33,8,252,182,256,326,501,463,555,643,603,463,346,237,56.057,53.736,88.829,122.885,167.169,156.912,190.827,187.732,146.56,103.533,66.642,52.338,31,28,31,30,31,30,31,31,30,31,30,31,0,1,0,0,0,0,0,0,0,0,0,0,111,366,78,8,3,2,1,1,43,3,49,70,65,72,65,60,59,62,53,55,58,58,63,66,-54.5,11.3,18,22.9,14.7,25.5,32.1,30.5,41.3,18.4,-27.6,-44.4,13.3,11.7,13.5,16,21.2,20.5,22.9,25.8,25.2,20,16.8,12.9,18.9,16.1,19,22.7,28.4,27,31.3,34.1,32.7,27.1,23,18.8,7.7,7.3,7.9,9.3,14.1,13.9,14.6,17.5,17.6,12.9,10.6,7.1
3544281,1998,5,2,"199804","199705",0,0,3.823,42.568,140.152,149.174,176.467,151.139,124.511,58.063,0,0,16.82,31.6,0.97,-1.5,-10.55,-11.28,-14.87,-13.87,-14.4,-7.33,11.02,3.18,5,6,3,1,0,0,0,0,0,0,1,7,260,240,208,179,35,31,7,7,14,70,155,283,1,0,1,3,60,64,115,123,135,27,5,0,149,124,193,218,436,421,512,520,511,369,237,123,30.456,36.018,69.367,93.05,152.25,155.129,176.954,156.149,125.796,78.567,40.272,29.979,30,27,30,29,31,30,31,31,30,31,30,28,1,2,0,0,0,0,0,0,0,0,0,0,206,352,66,50,12,6,0,5,1,21,166,70,80,80,70,66,58,58,54,56,57,62,75,78,-50.1,8.3,15.7,20.4,9.4,25.4,25.4,25.5,38,17.1,-25.8,-42.5,9.7,9.3,11.4,12.4,19.1,19,21.5,21.8,22.1,16.9,13.2,8.8,12.8,12.3,16.1,17.8,26.2,26.3,29.7,29.4,29.7,23.1,17.2,12.6,6.7,6.2,6.7,7,12,11.8,13.4,14.2,14.5,10.7,9.2,5
1546416,1998,5,6,"199804","199705",0,0,3.519,51.411,129.94,107.538,121.644,125.079,99.887,83.457,0,0,0.83,20.61,1.46,-1.92,-8.95,-6.93,-8.06,-9.71,-9.72,-8.94,-1.83,1.81,2,2,1,0,0,0,0,0,0,0,0,1,137,143,104,102,18,21,10,4,7,25,64,134,12,5,17,14,99,84,102,160,178,85,37,14,269,217,309,303,495,451,494,560,568,473,357,273,51.516,53.275,83.139,99.253,130.642,108.253,122.352,125.628,110.158,84.039,59.589,51.544,31,28,31,30,31,30,31,31,30,31,30,31,0,0,0,0,0,0,0,0,0,0,0,0,71,260,80,48,1,1,1,1,10,1,60,88,71,75,73,71,73,80,77,75,73,72,70,72,-53.7,10.5,15.9,19.2,18.7,20.9,39.1,31.3,41.7,19.1,-27,-44.5,14.1,13.2,15.4,15.3,21.1,20.1,21,23.1,24,20.3,17.3,14.2,18.7,17.2,19.7,19.9,25.5,23.3,24.8,27.3,28.5,25,22.2,19.6,9.4,9.2,11,10.7,16.6,16.9,17.2,18.9,19.4,15.6,12.3,8.8
1088339,1998,5,13,"199805","199706",0,0,0,33.073,49.233,143.836,172.128,145.561,120.143,52.442,0,0,17.78,33.69,1.73,-0.66,-1.01,-10.91,-14.69,-13.45,-13.96,-6.67,12.95,3.67,6,6,3,1,0,0,0,0,0,0,1,7,264,251,222,194,175,30,6,6,13,71,162,290,1,0,0,1,2,65,128,133,141,27,4,0,147,116,180,201,243,422,529,533,518,367,231,117,28.92,32.995,65.037,87.854,96.338,150.512,172.616,150.865,121.57,74.803,37.227,28.704,30,27,30,29,30,30,31,31,30,31,30,28,1,2,0,0,0,0,0,0,0,0,1,0,214,369,69,55,47,7,0,5,1,22,181,73,82,82,72,68,73,60,57,60,60,65,78,80,-49.7,7.7,15,19.7,21.9,24.8,26.3,26,38.3,17.5,-25.3,-42.3,9.6,8.9,10.9,11.9,12.7,19.1,22.1,22.2,22.3,16.8,13,8.6,12.4,11.5,15.2,16.9,16.9,25.9,29.6,29.2,29.3,22.5,16.4,12.1,6.9,6.2,6.6,6.8,8.5,12.3,14.5,15.2,15.3,11.2,9.5,5
202448,1998,6,5,"199805","199706",0,0,0,21.84,77.884,176.148,190.004,182.399,139.583,84.084,0,0,8.91,40.8,4.25,0.82,-3.19,-14.3,-16.21,-17.89,-16.32,-11.09,6.39,9.13,5,5,2,1,0,0,0,0,0,0,1,7,246,225,197,190,160,37,12,8,19,81,148,295,2,0,2,1,3,55,91,119,110,21,6,0,162,137,204,205,260,406,481,515,480,352,247,114,48.063,50.094,88.215,109.768,128.206,176.982,190.026,183.489,144.74,103.285,59.288,43.683,26,25,28,26,29,30,31,31,30,29,28,20,1,2,0,0,0,0,0,0,0,0,0,1,151,460,116,88,50,1,0,1,5,19,148,145,62,68,59,55,58,47,47,45,47,45,58,63,-53.8,11.5,19.4,24,16.3,30.4,25.6,25.2,38,16.9,-27.7,-44,10.2,9.8,11.8,12,13.3,18.5,20.5,21.6,21,16.3,13.5,8.4,16.1,14.7,18.4,19.2,20.1,28,30.1,31.7,30.7,26,20.4,15,4.3,4.9,5.2,4.7,6.4,9.1,10.9,11.6,11.3,6.7,6.6,1.8
3544438,1998,6,12,"199806","199707",0,0,0,33.087,49.245,126.232,172.136,145.571,120.151,52.451,0,0,17.78,33.69,1.73,-0.66,-1.01,-8.67,-14.69,-13.45,-13.97,-6.68,12.95,3.67,6,6,3,1,0,0,0,0,0,0,1,7,264,251,222,194,175,60,6,6,13,71,162,290,1,0,0,1,2,32,128,133,141,27,4,0,147,116,180,201,243,361,529,533,518,367,231,118,28.921,32.999,65.043,87.861,96.345,128.829,172.624,150.876,121.578,74.81,37.231,28.705,30,27,30,29,30,30,31,31,30,31,30,28,1,2,0,0,0,0,0,0,0,0,1,0,214,369,69,55,47,3,0,5,1,22,181,73,82,82,72,68,73,66,57,60,60,65,78,80,-49.7,7.7,15,19.7,21.9,21.1,26.3,26,38.3,17.5,-25.3,-42.3,9.6,8.9,10.9,11.9,12.7,17.1,22.1,22.2,22.3,16.8,13,8.6,12.4,11.5,15.2,16.9,16.9,22.7,29.6,29.2,29.3,22.5,16.4,12.1,6.9,6.2,6.6,6.8,8.5,11.5,14.5,15.2,15.3,11.2,9.5,5
3239401,1998,6,20,"199806","199707",0,0,0,26.005,44.406,122.336,168.849,141.262,116.82,48.455,0,0,18.5,35.83,2.24,0,-0.65,-8.4,-14.51,-13.05,-13.56,-6.17,14.26,4.04,6,7,3,1,0,0,0,0,0,0,1,8,272,263,236,206,182,58,4,5,12,75,170,300,0,0,0,0,2,34,142,141,143,25,3,0,141,108,169,190,236,364,543,542,521,361,221,111,28.431,31.453,62.655,84.868,93.172,125.462,169.337,146.501,118.364,72.229,35.742,28.248,30,27,30,29,30,30,31,31,30,31,30,27,2,3,0,0,0,0,0,0,0,0,1,1,221,388,72,59,49,3,0,5,2,24,192,76,82,83,73,69,74,68,59,62,62,67,79,80,-49.5,7.5,14.6,19.3,22.7,20.8,26.9,26.4,38.5,17.7,-25,-42.2,9.4,8.5,10.5,11.4,12.5,17.2,22.5,22.5,22.4,16.6,12.6,8.3,12.1,11,14.5,16.2,16.4,22.4,29.6,29,29,22,15.9,11.8,6.6,6,6.4,6.6,8.5,11.9,15.5,16,15.8,11.3,9.4,4.7
1483561,1998,7,4,"199806","199707",0,0,38.488,95.259,100.947,167.241,207.502,201.024,132.066,107.618,36.627,5.843,-1.08,16.33,-2.43,-6.6,-5.52,-13.05,-19.21,-21.6,-16.74,-13.58,-6.9,-2.67,2,3,1,0,0,0,0,0,0,0,0,3,175,189,134,119,90,22,2,1,5,32,89,206,7,2,12,13,20,81,195,263,220,71,24,4,232,176,278,284,339,446,595,664,606,448,322,196,57.693,59.456,99.319,122.39,135.529,168.881,207.941,202.003,156.207,110.023,70.446,52.593,29,26,30,29,31,30,31,31,30,31,30,27,0,0,0,0,0,0,0,0,0,0,0,0,64,227,61,27,35,2,0,1,24,2,34,47,60,64,59,56,61,55,49,50,52,51,55,60,-55.2,12.8,19.8,24,19.1,24.6,30,29.6,40.6,17.6,-28.3,-44.6,12.6,11.4,14.2,14.6,15.9,19.9,24.2,26.5,25.3,19.5,15.9,11.5,19.1,17,20.9,22,22.3,27.8,33.6,35.9,34,28,23.5,18.3,6.2,5.7,7.4,7.2,9.5,12,14.9,17.1,16.5,11,8.4,4.7
1480899,1999,4,4,"199903","199804",40.951,53.968,88.232,95.259,100.947,167.241,218.174,204.775,132.555,105.748,50.95,45.257,-6.72,-7.02,-7.43,-6.6,-5.52,-13.05,-21.37,-23.24,-14.7,-12.98,-8.37,-7.2,2,2,1,0,0,0,0,0,0,0,0,3,148,136,160,119,90,22,1,0,13,42,110,189,10,6,6,13,20,81,247,304,140,56,17,6,258,226,245,284,339,446,648,704,517,422,295,217,64.814,74.282,101.493,122.39,135.529,168.881,218.604,211.755,140.849,107.219,71.199,57.01,29,26,29,29,31,30,31,31,30,31,29,27,0,0,0,0,0,0,0,0,0,0,0,0,24,20,13,27,35,2,0,7,8,1,20,12,54,54,54,56,61,55,49,49,54,51,52,58,-56.6,15,20.9,24,19.1,24.6,29,29.1,41.4,17.8,-28.3,-45,13.7,13.4,13.2,14.6,15.9,19.9,25.9,27.8,22.3,18.7,15,12.2,21.3,21.1,20.7,22,22.3,27.8,35.5,37.5,30.5,27.1,23.2,19.8,6,5.7,5.7,7.2,9.5,12,16.4,18.1,14.1,10.2,6.8,4.5
3753225,2000,1,21,"200001","199902",50.517,48.973,58.945,54.463,103.694,109.546,112.017,115.733,91.728,95.891,64.034,51.899,-6.55,-5.33,-3.74,-2.19,-6.1,-6.74,-7.28,-8.43,-7.74,-10.63,-8.5,-7.42,1,2,1,0,0,0,0,0,0,0,0,1,111,122,149,114,73,38,10,8,24,20,74,128,18,7,5,10,23,53,101,118,95,98,28,14,300,239,253,289,362,402,494,514,461,494,340,279,60.72,66.434,82.462,92.373,104.866,111.873,113.198,116.827,94.545,97.102,67.86,59.635,31,28,31,30,31,30,31,31,30,31,30,31,0,0,0,0,0,0,0,0,0,0,0,0,10,17,24,38,1,2,1,1,3,1,4,8,66,66,71,75,78,77,81,77,76,66,63,62,-54.9,12.9,16.5,18.2,24.4,19.7,41.1,32.5,42.8,19.2,-27.3,-44.8,15.1,14,13.6,14.8,16.7,18.4,20.9,21.6,20.4,21,16.7,14.4,20.7,19.5,18.2,18.8,20.2,22.1,24.2,25.5,24.3,26.7,22.8,21,9.6,8.5,9,10.8,13.1,14.7,17.7,17.7,16.5,15.3,10.6,7.9
469028,2000,3,3,"200002","199903",50.446,0,58.88,54.427,104.656,110.81,113.675,117.181,92.612,96.467,64.245,52.016,-6.56,2.4,-3.74,-2.18,-6.17,-6.85,-7.41,-8.57,-7.85,-10.74,-8.56,-7.46,1,1,1,0,0,0,0,0,0,0,0,1,111,97,149,114,73,38,9,8,24,20,74,128,18,14,5,10,23,53,103,119,96,99,28,14,300,270,253,290,363,403,495,515,462,495,340,279,60.833,61.923,82.811,93.026,105.845,113.141,114.857,118.273,95.447,97.677,68.073,59.795,31,28,31,30,31,30,31,31,30,31,30,31,0,0,0,0,0,0,0,0,0,0,0,0,10,89,24,39,1,2,1,1,3,1,4,8,66,72,71,74,77,77,80,76,76,66,63,62,-55,11.5,16.6,18.3,24.2,19.7,40.9,32.5,42.8,19.2,-27.3,-44.8,15.1,15.1,13.6,14.8,16.7,18.4,21,21.6,20.4,21,16.7,14.5,20.7,19.6,18.2,18.9,20.3,22.2,24.3,25.6,24.4,26.8,22.9,21,9.6,10.6,9,10.7,13,14.7,17.7,17.7,16.4,15.2,10.6,7.9
1300530,2000,3,18,"200003","199904",0,0,11,60.063,149.995,172.776,199.46,170.562,135.725,77.631,0,22.266,12.49,21.32,-0.2,-3.77,-11.65,-15.15,-19.42,-17.84,-17.78,-11.78,2.8,-4.56,7,6,3,1,0,0,0,0,0,0,1,5,294,243,209,165,69,14,2,3,9,32,174,258,0,0,1,5,29,101,187,186,166,73,3,0,122,121,191,232,369,484,588,587,551,450,219,146,31.735,37.083,77.364,107.923,152.223,178.285,200.357,172.316,137.319,92.103,40.987,37.56,27,26,28,28,30,30,31,31,30,31,29,24,2,1,0,0,0,0,0,0,0,0,0,0,164,252,66,48,2,6,1,2,2,14,89,15,74,77,62,56,52,51,49,53,51,55,70,66,-50.8,8.7,17.7,23.1,8.8,27.3,20.2,23.5,36.8,15.3,-26.1,-43.7,8.6,9.2,11.4,12.9,16.9,21.2,24,24,23.4,19.6,12.5,9.6,12.6,12.7,17.5,20.1,25.1,29.8,33.4,32.5,32.2,27.4,17.1,15.8,4.7,5.7,5.3,5.6,8.7,12.5,14.6,15.4,14.6,11.7,7.8,3.4
1327836,2000,3,23,"200003","199904",0,0,47.939,84.661,150.534,174.976,188.122,167.304,134.927,89.74,0.359,29.612,7.79,13.5,-3.75,-5.92,-11.14,-14.4,-16.22,-15.81,-16.37,-12.49,-2.43,-4.67,6,3,1,0,0,0,0,0,0,0,1,6,268,199,154,114,52,13,4,5,10,32,153,268,0,0,7,13,40,106,145,147,155,71,6,0,142,162,249,288,398,489,546,547,536,448,241,137,36.127,46.286,85.58,114.354,155.087,176.253,188.122,167.304,137.714,96.698,49.884,38.14,27,27,30,29,31,30,31,31,30,31,29,24,1,0,0,0,0,0,0,0,0,0,0,0,123,187,38,30,5,1,0,0,3,7,50,9,71,70,61,57,53,53,51,53,51,52,61,63,-51.9,10.2,18.2,22.8,9.7,26.9,24.3,25.3,37.7,15.3,-27.5,-43.7,9.5,11,13.4,14.8,17.8,21.3,22.6,22.7,22.9,19.5,13.3,9.3,14,15.6,19.8,21.9,25.8,29.7,31.4,31.2,31.8,27.9,19.5,15.5,5,6.4,7.1,7.7,9.8,13,13.9,14.2,14,11.1,7,3.1
2085539,2000,4,23,"200004","199905",0,0,5.953,53.985,132.992,170.5,192.185,164.81,134.873,67.901,0,15.783,19.24,26.68,0.31,-3.34,-9.67,-14.46,-17.93,-16.55,-17.36,-11,2.93,-3.57,9,5,2,0,0,0,0,0,0,0,1,6,312,240,201,109,75,17,3,4,10,38,172,279,0,0,2,15,26,94,176,160,156,61,4,0,109,125,199,294,360,468,577,561,538,432,221,129,33.022,41.533,79.154,113.38,148.459,174.287,193.207,167.769,136.94,95.069,47.394,37.554,25,25,28,29,30,30,31,31,30,31,28,22,3,1,0,0,0,0,0,0,0,0,0,0,231,312,73,59,15,4,1,3,2,27,103,22,71,71,61,58,53,52,51,53,50,51,61,59,-51.2,9.8,17.9,22.5,11.6,26.9,24.1,25.8,38.1,15,-27.3,-43.7,8.1,9.3,11.7,15,16.6,20.6,23.6,23.1,23,19,12.6,8.9,12.5,13.7,17.9,22,24.5,29.2,32.5,31.6,32,27.6,18.8,15.5,3.6,4.9,5.4,8,8.6,12.1,14.8,14.6,14,10.3,6.3,2.3
1367985,2000,5,21,"200005","199906",0,0,38.868,83.153,123.527,174.255,191.252,166.476,135.139,84.401,0,27.209,10.45,16.03,-2.85,-6.13,-8.63,-14.48,-16.98,-15.96,-16.57,-11.94,-1.19,-4.35,6,4,1,0,0,0,0,0,0,0,1,6,276,195,154,73,33,11,3,4,9,31,151,268,0,0,7,27,65,116,169,162,163,74,6,0,137,160,250,340,443,499,570,563,547,453,244,138,33.197,43.182,82.658,119.045,151.677,176.714,192.062,167.397,136.805,94.638,47.774,36.332,28,27,30,30,31,30,31,31,30,31,29,25,1,0,0,0,0,0,0,0,0,0,0,0,145,208,44,36,28,2,1,1,2,10,59,9,74,73,63,58,59,53,51,54,52,54,64,65,-51.1,9.5,17.6,22.4,10.6,26.4,23.9,25.5,37.9,15.3,-27.3,-43.5,9.3,10.9,13.4,16.6,19.3,21.7,23.4,23.2,23.3,19.7,13.4,9.3,13.2,15,19.4,23.6,26.4,29.9,32.2,31.5,32,27.7,19.2,15.1,5.3,6.8,7.4,9.6,12.3,13.4,14.6,14.9,14.6,11.6,7.5,3.5
3507606,2000,7,15,"200007","199908",0,0,24.45,73.427,113.777,158.34,165.252,152.381,118.416,78.84,0,23.305,11.34,17,-1.15,-4.81,-7.3,-12.44,-13.03,-13.61,-13.18,-10.52,-0.94,-4.09,6,4,2,0,0,0,0,0,0,0,1,5,263,210,199,122,74,22,16,12,20,44,161,253,0,0,0,10,24,81,74,100,106,50,3,0,144,145,197,278,362,446,460,490,476,419,231,147,34.328,40.701,75.065,106.77,134.435,162.638,165.751,153.23,121.839,88.983,43.911,36.641,29,27,30,30,31,30,31,31,30,31,30,27,1,1,0,0,0,0,0,0,0,0,0,0,157,214,51,33,21,4,0,1,3,10,52,13,74,76,66,62,61,56,55,56,56,57,70,69,-51.3,9.1,16.8,21.6,13.2,24.3,27.5,25.8,38.2,16.2,-26.4,-43.5,9.7,10.4,11.8,14.5,16.6,19.9,19.9,20.8,20.9,18.5,13,9.8,13.6,14,17.1,20.7,23,27.5,27.6,28.6,28.5,25.8,17.8,15.1,5.8,6.7,6.4,8.2,10.2,12.3,12.1,13.1,13.3,11.2,8.2,4.5
611759,2001,1,24,"200101","200002",0,0,26.207,60.944,149.423,167.751,186.141,172.433,133.991,55.802,63.249,57.311,6.94,13.98,-1.29,-3.72,-11.06,-13.52,-15.89,-16.54,-14.94,-6.52,-8.91,-9.25,3,2,1,0,0,0,0,0,0,0,0,1,195,140,118,55,29,11,4,2,11,51,120,97,4,6,13,38,70,118,155,204,153,41,11,27,202,221,291,373,454,501,556,605,534,403,279,322,52.456,60.23,97.281,129.157,152.335,169.25,186.779,174.868,138.675,88.966,65.016,60.196,29,28,31,30,31,30,31,31,30,31,29,31,0,0,0,0,0,0,0,0,0,0,0,0,135,207,71,68,3,1,1,2,5,33,2,3,64,68,61,59,62,59,55,57,56,63,57,58,-54.2,12,19.1,23,15.3,24.5,30.7,29.5,40.7,18.6,-27.8,-45.3,11.9,13.3,14.8,17.6,19.7,21.7,23,24.6,22.9,18,14.6,15.8,17.6,18.5,21.1,24.5,26.2,28.9,31,32.3,30.6,24.1,21.7,22.7,6.2,8.1,8.5,10.8,13.2,14.5,14.9,16.8,15.1,11.9,7.5,8.9
293450,2001,4,2,"200103","200004",0,0,0,47.173,128.557,126.883,127.788,124.53,96.192,37.215,55.103,49.695,3.97,7.06,3.73,-1.57,-8.17,-8.13,-7.98,-8.87,-8.16,-3.56,-7.18,-7.73,5,4,2,0,0,0,0,0,0,0,1,2,249,213,164,126,95,58,69,49,63,116,202,172,0,0,2,6,13,34,16,33,38,3,0,4,151,139,234,275,332,365,350,388,365,307,179,224,52.56,55.026,81.966,111.531,131.084,129.203,128.118,125.044,98.833,74.64,57.358,55.158,24,25,31,29,31,30,31,31,30,31,25,28,1,0,0,0,0,0,0,0,0,0,0,0,106,128,101,64,3,2,0,1,3,37,2,5,57,65,68,61,63,67,67,65,67,67,56,52,-54.6,12.5,17.1,22.4,15.8,24.1,36.4,29.4,40.4,19,-27.3,-45.1,10.1,10.3,13.1,14.3,15.7,17.2,16.3,17.5,17.2,14.9,11.4,12.8,17,15.8,18.2,20.7,21.8,22.6,21.7,23.3,22.6,20.2,18.5,20.2,3.3,4.7,7.9,8,9.5,11.8,10.8,11.7,11.7,9.5,4.2,5.3
202449,2001,5,3,"200104","200005",0,0,0,53.776,117.271,119.949,123.738,123.213,95.297,23.527,52.475,45.719,7.71,11.65,4.96,-2.11,-7.11,-7.48,-7.61,-8.78,-8.19,-2.14,-6.88,-7.32,5,4,1,1,0,0,0,0,0,0,1,2,250,214,153,206,105,62,78,51,60,119,199,169,0,0,3,0,10,31,13,31,41,2,0,4,149,138,245,190,320,358,339,384,371,303,182,227,49.473,52.523,83.873,90.439,122.095,124.827,124.443,123.731,98.747,70.085,55.123,53.211,25,25,31,28,31,30,31,31,30,31,26,29,1,1,0,0,0,0,0,0,0,0,0,0,139,171,117,37,5,5,1,1,3,47,3,7,60,67,67,67,66,69,67,65,67,69,58,54,-54.1,11.9,17.4,20.3,17.3,23,36.8,29.3,40.2,19.1,-27.2,-45,10.1,10.2,13.5,11.4,15.3,17,15.9,17.4,17.3,14.7,11.5,12.9,16.4,15.4,18.8,16.5,20.8,22.1,21.2,23.1,22.8,19.6,18.3,20,3.8,5,8.1,6.3,9.8,11.8,10.6,11.6,11.9,9.9,4.7,5.8
76355,2001,9,19,"200109","200010",0,0,0,67.096,127.064,132.125,119.178,118.379,102.127,42.398,59.625,53.815,4.96,10.58,2.85,-3.31,-8.16,-8.68,-7.38,-8.32,-8.97,-3.96,-7.88,-8.27,3,3,1,1,0,0,0,0,0,0,1,1,197,184,136,158,55,39,38,28,33,90,152,123,2,0,7,2,35,52,34,56,73,12,0,15,194,171,266,241,393,400,399,431,430,340,237,282,56.38,55.819,86.215,101.271,128.502,132.645,119.179,118.878,103.876,74.299,62.202,58.4,28,27,31,29,31,30,31,31,30,31,28,31,0,0,0,0,0,0,0,0,0,0,0,0,121,163,96,34,1,1,0,0,2,32,3,5,59,68,68,65,68,68,74,71,69,70,57,53,-55,11.9,17.3,21.1,17.9,22.3,38.9,30.8,41.1,19.3,-27.5,-45.2,11.8,11.6,14.1,13.2,17.7,18.3,17.9,18.9,19.3,15.9,13.3,14.7,18.4,16.6,19.3,18.7,22.9,23.6,22.1,23.6,24.6,20.8,20.4,21.7,5.1,6.6,8.9,7.6,12.5,13.1,13.6,14.1,14.1,11.1,6.2,7.7
388498,2002,4,20,"200204","200105",43.936,65.98,73.725,99.351,153.577,176.528,185.525,182.285,144.906,104.447,34.811,17.311,-6.34,-8.55,-5.76,-6.9,-11.49,-14.64,-15.68,-17.94,-16.59,-12.83,-5.85,-3.63,2,1,1,0,0,0,0,0,0,0,0,3,164,104,158,111,30,11,4,2,9,21,83,187,8,13,6,12,69,117,144,215,167,99,27,6,240,264,247,293,449,501,545,616,553,488,330,217,61.062,78.365,97.042,113.368,158.208,178.146,186.212,182.999,146.845,105.611,64.593,52.249,30,28,30,30,31,30,31,31,30,31,30,30,0,0,0,0,0,0,0,0,0,0,0,0,17,12,23,14,5,2,1,1,2,1,30,35,58,54,59,63,59,55,55,55,54,59,63,58,-55.5,15.1,19.8,22,16,25.4,32.6,30.7,41.3,18.3,-27.4,-44.4,13.1,14.8,13.3,14.9,19.5,21.7,22.6,24.9,23.5,20.8,16.2,12.2,19.8,22.4,20,21,26.6,29.6,30.7,33.1,31.7,27.9,22.2,18.4,6.3,7.2,6.6,8.8,12.5,13.8,14.5,16.7,15.2,13.7,10.2,6.1
1337204,2002,4,22,"200204","200105",0,7.272,24.706,113.134,189.031,190.425,194.662,182.115,130.946,82.41,0,0,3.7,-1.93,-1.43,-8.97,-17.09,-17.1,-17.42,-18.63,-15.89,-11.82,3.76,18.62,10,3,2,0,0,0,0,0,0,0,1,7,325,191,184,94,10,5,3,3,13,32,156,284,0,2,4,19,141,165,166,181,137,71,6,0,100,171,218,312,545,550,566,581,514,448,238,125,34.958,54.855,85.718,117.716,189.674,192.268,195.086,182.517,137.078,96.251,46.774,29.043,22,25,28,30,31,30,31,31,30,31,29,28,1,0,0,0,0,0,0,0,0,0,0,1,75,48,61,5,1,2,0,0,6,14,105,223,68,60,58,57,49,50,50,48,49,52,65,66,-51.6,12.2,19,22.9,2,28.6,22,23.2,37.2,15.2,-27,-42.3,7.7,11.3,12.3,15.6,22.7,23.4,23.3,23.8,22.2,19.5,13.2,8.8,12.6,17.7,19.2,22.8,32,32.4,32.4,33.4,31.3,27.8,18.8,12.6,2.7,4.9,5.4,8.4,13.4,14.4,14.2,14.2,13,11.1,7.6,5
388460,2002,5,3,"200204","200105",44.685,62.38,64.683,76.864,112.459,118.214,107.289,109.131,97.551,77.135,32.031,23.867,-5.57,-7.12,-4.41,-4.59,-7.01,-7.72,-6.8,-7.92,-8.5,-7.7,-4.42,-3.63,2,1,1,0,0,0,0,0,0,0,0,2,153,94,124,95,39,20,14,7,18,33,84,172,9,15,10,15,53,85,82,125,114,65,24,6,250,275,283,313,426,453,470,524,485,446,326,230,57.369,72.071,83.852,89.147,115.182,118.994,108.021,109.981,98.813,78.655,56.886,50.215,31,28,31,30,31,30,31,31,30,31,30,31,0,0,0,0,0,0,0,0,0,0,0,0,13,10,19,12,3,1,1,1,1,2,25,26,66,63,72,78,76,77,81,80,75,75,72,65,-54.3,13.5,16.3,17.3,22.6,20,41.8,32.6,42.7,19.9,-26.3,-44.1,13.5,15.3,14.6,15.6,18.8,20.1,20.2,21.9,21.2,19.4,16.2,12.8,19,21.3,19,19.1,22.6,23.9,23.2,25.3,25.3,23.5,20.6,17.9,8,9.3,10.1,12,14.9,16.3,17.1,18.6,17.1,15.3,11.8,7.6
330069,2002,5,4,"200204","200105",27.828,55.99,69.968,99.448,127.901,134.398,118.979,121.989,104.046,71.324,0,2.734,-3.99,-6.84,-5.03,-6.61,-8.2,-8.81,-7.3,-8.61,-9.15,-7.27,1.2,-1.68,4,2,2,0,0,0,0,0,0,0,1,4,229,137,188,139,61,49,44,34,41,78,128,217,0,5,0,5,30,41,30,47,60,18,6,0,169,220,208,261,381,380,389,416,408,357,266,177,53.17,71.145,86.78,103.739,129.389,134.987,120.23,123.083,106.067,82.161,56.999,46.385,26,27,29,30,31,30,31,31,30,31,30,29,0,0,0,0,0,0,0,0,0,0,0,0,25,15,17,4,1,1,1,1,2,11,85,44,60,56,62,65,67,66,73,68,66,65,65,56,-54.5,14.5,18.7,21.1,17,22.7,38.3,30.1,40.6,18.8,-27,-44.1,10.8,13.4,12.2,13.8,17.3,17.7,17.5,18.4,18.6,16.5,14.3,11.1,17.2,20.7,18.1,19.4,22.7,23.4,22,23.7,24.3,22.3,19.9,16.7,4.3,6.1,6.2,8.3,11.9,12,13.1,13.2,12.9,10.8,8.6,5.4
1635838,2003,1,26,"200301","200202",64.864,65.793,78.572,97.278,123.698,129.335,136.884,133.585,115.846,72.043,22.345,0,-9.42,-7.96,-5.98,-6.46,-7.72,-8.56,-9.41,-10.18,-11.19,-6.92,-4.92,-0.24,1,1,1,0,0,0,0,0,0,0,0,2,68,95,132,104,69,28,9,10,13,66,52,158,40,14,9,13,25,68,105,106,137,26,47,8,365,272,273,301,369,427,498,498,513,375,378,244,68.511,74.492,91.379,102.958,126.421,130.284,137.597,134.468,118.514,73.405,67.736,50.17,31,28,31,30,31,30,31,31,30,31,30,31,0,0,0,0,0,0,0,0,0,0,0,0,4,9,13,6,3,1,1,1,3,1,45,64,60,59,65,69,68,71,72,68,66,74,64,65,-57,14.1,18.1,19.9,20,22.4,37.4,31.5,41.8,19.7,-27.8,-44.3,17.3,15.2,14.3,15.2,16.9,19.3,21.1,21.1,22.1,17.1,18,13.3,23.9,22,19.9,20.2,22.1,24.1,25.8,26.4,27.9,21.3,24.1,18.6,10.6,8.4,8.6,10.2,11.7,14.4,16.3,15.7,16.4,12.8,12,8
389892,2003,4,3,"200303","200204",58.62,0,46.623,70.109,95.349,100.79,90.103,98.966,80.525,52.241,19.568,0.781,-7.78,5.55,-2.65,-4.05,-5.49,-6.16,-5.64,-6.79,-6.77,-4.64,-3.45,-1.13,1,1,1,0,0,0,0,0,0,0,0,2,81,117,106,102,78,37,16,15,17,73,63,159,31,9,16,13,20,55,74,88,118,21,36,8,341,246,305,304,355,405,460,475,490,364,358,243,64.509,51.988,84.308,81.909,96.344,101.497,90.774,99.679,87.449,55.844,59.701,47.295,31,28,31,30,31,30,31,31,30,31,30,31,0,0,0,0,0,0,0,0,0,0,0,0,6,107,38,12,1,1,1,1,7,4,40,47,65,79,73,81,81,81,87,82,81,85,72,69,-55.6,9.8,16,16.2,25.7,18.9,44,32.7,42.7,20.8,-26.5,-43.8,16.5,14.2,15.3,15.3,16.4,18.5,19.8,20.3,21.4,16.7,17.3,13.3,22.3,17.6,19.6,18.3,19.5,21.5,22,23.3,24.5,19.1,21.9,17.7,10.8,10.9,11,12.2,13.3,15.5,17.7,17.3,18.2,14.4,12.8,8.9
3475357,2003,4,8,"200304","200205",0,1.987,31.704,4.197,124.742,157.732,171.749,151.733,124.016,81.608,0,0,-0.82,-0.94,-2,2.52,-8.2,-11.98,-13.82,-13.24,-13.7,-9.79,-0.44,21.23,4,4,2,1,0,0,0,0,0,0,1,5,216,205,165,196,85,25,9,12,22,76,155,258,3,0,5,0,20,74,108,98,101,23,5,0,180,150,236,198,346,436,502,488,469,359,237,143,36.906,50.192,81.839,90.27,139.09,158.411,172.082,152.274,124.759,82.592,48.537,32.13,30,25,30,28,31,30,31,31,30,31,29,29,0,0,0,0,0,0,0,0,0,0,0,1,41,48,50,86,14,1,0,1,1,1,66,257,73,65,63,66,58,57,55,56,54,58,64,76,-52,11.4,17.6,20.2,12,25.5,26.1,25.7,37.9,16.7,-27.2,-42.8,11.1,10.5,13,11.8,16.1,19.5,21.2,20.7,20.6,16.6,13.2,9.6,15.2,16,18.9,17.1,23.2,26.9,29,28.4,28.7,23.6,19,13.8,7,5,7.2,6.4,9,12.2,13.4,13.1,12.6,9.5,7.4,5.4
1585505,2003,4,10,"200304","200205",65.06,0,44.637,45.975,106.855,108.122,104.657,109.509,90.065,61.785,28.949,0,-9.09,6.62,-2.5,-1.27,-6.21,-6.62,-6.54,-7.58,-7.67,-5.5,-5.11,-0.44,1,2,1,0,0,0,0,0,0,0,0,2,84,144,123,150,92,44,18,19,22,91,70,182,29,4,11,4,15,47,68,77,102,13,31,4,338,215,284,250,336,391,452,460,470,339,346,217,69.232,57.981,92.217,89.39,108.148,108.786,104.746,110.382,95.434,64.233,67.228,50.841,31,28,31,30,31,30,31,31,30,31,30,31,0,0,0,0,0,0,0,0,0,0,0,0,4,125,48,43,1,1,0,1,5,2,38,60,59,71,66,74,75,78,82,77,76,79,63,62,-56.7,11.5,18,18.5,23.7,20.4,42.1,32.5,42.6,20.3,-27.4,-44.2,16.4,13.1,14.6,13.4,15.8,18,19.6,19.8,20.7,15.9,16.9,12.4,23.3,17.7,20.1,17.6,19.8,21.6,22.5,23.6,24.6,19.3,23,18,9.5,8.6,9.1,9.3,11.8,14.5,16.6,16,16.7,12.5,10.9,6.8
1562530,2003,4,15,"200304","200205",70.878,0,42.491,66.753,153.167,179.406,191.658,183.989,138.732,93.735,18.584,0,-10.9,8.62,-2.77,-3.48,-11,-14.81,-16.57,-17.65,-15.7,-10.26,-5.09,-1.36,1,2,1,0,0,0,0,0,0,0,0,3,86,138,123,126,57,13,3,3,8,56,71,190,29,6,13,10,35,105,170,171,170,36,33,5,338,226,289,277,388,488,571,572,556,392,346,213,77.29,67.581,104.508,115.867,155.246,180.507,192.685,184.967,147.602,97.107,74.744,56.831,31,28,31,29,31,30,31,31,30,31,30,28,0,0,0,0,0,0,0,0,0,0,0,0,6,161,62,49,2,1,1,1,9,3,56,64,51,63,58,60,56,53,54,51,55,59,56,55,-57.9,13.5,20.4,22.8,16.9,26.6,32.6,31.1,41.5,19.1,-27.9,-44.6,16.3,13.4,14.6,14.3,17.5,21.3,23.4,23.5,23.6,17.7,16.8,12.1,24.7,19.3,21.6,20.9,25,29.5,31.7,32.3,31.7,24.6,24.3,19,7.8,7.4,7.7,7.8,10,13,15.2,14.7,15.5,10.8,9.4,5.2
1655005,2003,4,22,"200304","200205",61.982,0,24.694,72.644,156.952,184.173,208.614,187.331,151.078,91.664,5.176,0,-9.45,11.2,-1.43,-4.22,-11.81,-15.74,-19.71,-18.86,-18.3,-10.41,-3.86,1.5,1,2,1,0,0,0,0,0,0,0,0,3,88,167,120,150,50,11,1,2,8,61,74,198,29,3,14,6,41,118,211,193,175,33,32,4,336,194,292,249,401,501,612,593,563,384,343,202,65.779,62.278,103.491,112.249,162.365,184.641,208.614,188.006,152.751,92.973,68.344,48.33,31,27,30,29,31,30,31,31,30,31,30,29,0,0,0,0,0,0,0,0,0,0,0,0,4,182,79,40,5,0,0,1,2,1,63,82,58,62,56,59,53,52,50,50,50,58,58,63,-57.1,13.1,20.5,23.1,12.9,27.8,27.1,28.1,39.4,18.2,-28.3,-44.3,16.2,12.2,14.7,13.4,17.9,21.7,24.8,24.2,23.8,17.4,16.7,11.8,23.1,18.2,21.9,20.2,26.1,30.3,34,33.3,32.9,24.4,23.7,17.7,9.2,6.2,7.5,6.7,9.8,13.1,15.6,15,14.8,10.4,9.7,6
1544580,2003,5,3,"200304","200205",68.383,0,50.104,74.198,155.286,188.059,202.335,192.747,142.121,94.732,21.174,4.46,-10.3,8.22,-3.37,-4.13,-11.18,-16.04,-18.24,-19.13,-16.33,-10.32,-4.88,-2.39,1,2,1,0,0,0,0,0,0,0,0,3,105,150,139,137,62,11,2,3,8,65,92,205,22,5,10,8,32,113,191,186,170,31,22,4,313,214,272,265,381,496,592,587,557,377,317,196,76.643,67.305,103.352,114.459,157.579,189.311,203.56,193.936,152.458,99.116,73.029,57.157,30,27,30,29,31,30,31,31,30,31,30,27,0,0,0,0,0,0,0,0,0,0,0,0,8,155,53,40,2,1,1,1,10,4,52,53,50,62,57,60,54,50,51,49,53,57,56,54,-57.6,13.7,20.5,22.9,16.7,27.3,31.8,30.9,41.4,19.2,-27.6,-44.5,15.4,12.9,14,13.9,17.3,21.6,24.1,24,23.6,17.2,15.8,11.6,24,18.9,21,20.4,25.1,30.5,33,33.4,32.2,24.5,23.2,18.7,6.8,6.9,7,7.4,9.5,12.6,15.3,14.5,15.1,9.9,8.4,4.4
1548194,2003,5,13,"200305","200206",72.106,0,40.382,85.549,157.599,199.229,220.996,205.501,159.815,101.35,38.853,0,-11.61,6.94,-3.02,-5.61,-12.06,-18.09,-21.89,-22.18,-19.97,-11.89,-7.94,-1.99,1,2,1,0,0,0,0,0,0,0,0,4,94,169,124,139,37,9,1,2,6,57,84,215,26,3,14,8,59,133,228,217,194,38,27,3,329,194,290,263,432,517,629,618,580,391,329,183,77.063,69.082,108.847,122.329,167.171,199.976,221.671,206.559,162.355,102.726,76.971,55.676,30,25,30,28,31,30,31,31,30,31,29,24,0,0,0,0,0,0,0,0,0,0,0,0,5,149,68,37,10,1,1,1,3,1,38,59,48,57,53,54,53,47,46,45,48,53,50,51,-58.5,14.6,21.4,24.5,14.8,28.7,29.3,29.8,40.4,18.3,-28.6,-44.7,15.9,12.2,14.6,13.9,19,22.3,25.3,25,24.4,17.6,16.2,11,25,19.2,22.4,21.5,27.1,32,35.4,35.4,34.1,25.7,24.8,18.6,6.8,5.1,6.8,6.2,10.9,12.5,15.3,14.5,14.7,9.6,7.6,3.4
469031,2003,5,17,"200305","200206",65.898,0,15.735,56.37,139.834,176.122,195.366,184.532,142.143,91.04,16.603,0,-10.18,11.58,-0.03,-2.5,-9.85,-14.58,-17.49,-18.25,-16.57,-10.06,-4.83,1.88,1,2,1,0,0,0,0,0,0,0,0,3,80,163,136,148,49,14,2,2,7,52,68,192,33,4,11,6,43,99,186,193,176,41,36,5,349,199,274,253,403,482,587,594,565,401,352,210,71.947,60.859,95.729,109.988,150.086,177.774,195.907,185.207,147.582,92.411,70.502,51.013,31,28,31,29,31,30,31,31,30,31,30,30,0,0,0,0,0,0,0,0,0,0,0,0,6,181,80,54,10,2,1,1,5,1,54,88,56,66,62,61,59,54,54,52,55,62,59,61,-57.4,12.6,19,22.4,17.3,26.4,31.9,30.8,41.4,18.9,-27.9,-44.3,16.6,12.4,14.1,13.5,18,21.1,24,24.2,23.9,17.9,17,12,24.1,17.7,20.3,19.8,24.9,29.2,32.3,32.9,32,24.3,23.8,17.9,9.1,7.1,7.9,7.3,11.1,12.9,15.6,15.5,15.8,11.6,10.2,6.2
1302899,2003,7,15,"200307","200208",0,11.956,35.855,29.391,147.057,194.56,222.568,184.661,144.04,92.207,0,0,-0.19,-2.1,-2.74,-0.07,-11.17,-17.69,-22.81,-19.11,-18.35,-12.31,-2.08,15.84,4,4,1,1,0,0,0,0,0,0,1,6,237,207,144,175,37,5,1,3,9,50,151,271,2,0,10,4,59,166,261,179,163,46,7,0,170,153,264,222,431,551,662,580,547,405,246,136,35.168,51.029,87.839,98.973,162.035,195.365,223.034,185.061,144.799,93.045,50.674,31.002,30,24,30,28,31,30,31,31,30,31,29,28,0,0,0,0,0,0,0,0,0,0,0,1,45,39,52,70,15,1,0,0,1,1,56,200,73,62,60,61,53,49,46,47,47,51,60,76,-51.7,11.7,18.6,21.5,7.7,27.2,17.4,23.2,36.8,15.4,-27.8,-42.7,10.5,10.5,13.8,12.5,19,23.4,26.4,23.7,23.3,18.1,13.4,9.2,14.6,16.4,20.4,18.7,27.2,32.7,36.8,33.6,33,26.6,19.9,13.4,6.4,4.6,7.2,6.3,10.7,14.1,16.1,13.8,13.5,9.6,6.8,4.9
469053,2003,7,25,"200307","200208",68.988,0,48.71,70.624,132.772,141.437,178.51,173.11,129.564,89.906,19.747,1.653,-10.37,7.53,-3.24,-3.79,-8.82,-9.96,-14.85,-15.74,-13.92,-9.53,-4.75,-2.06,1,2,1,0,0,0,0,0,0,0,0,3,88,133,120,120,51,24,2,4,9,57,75,185,28,7,14,11,40,77,192,160,162,35,31,5,335,231,292,283,399,440,593,560,546,391,341,217,76.258,66.405,102.515,113.402,144.659,144.163,180.116,174.204,139.318,93.864,72.413,56.43,31,28,31,30,31,30,31,31,30,31,30,29,0,0,0,0,0,0,0,0,0,0,0,0,7,147,54,43,12,3,2,1,10,4,53,55,52,65,60,62,62,66,61,55,59,62,58,56,-57.6,13.1,19.9,22.2,18.4,24.4,33.8,31.4,41.9,19.3,-27.6,-44.5,16.2,13.6,14.7,14.6,17.9,19.7,24.2,23.1,23.3,17.6,16.7,12.3,24.3,19.2,21.3,20.7,24.2,25.4,31.1,31.1,30.5,24,23.6,18.9,8,7.9,8.1,8.4,11.5,14,17.2,15.2,16,11.2,9.7,5.6
1547140,2003,7,31,"200307","200208",47.871,0.153,44.641,48.333,87.224,107.254,126.853,101.329,96.031,67.276,0,0,-7.22,-0.62,-2.9,-1.56,-4.15,-6.33,-8.1,-6.54,-8.14,-6.34,-0.12,6.61,1,2,1,1,0,0,0,0,0,0,0,3,122,167,152,200,128,88,38,77,63,139,97,203,14,0,3,0,5,19,34,18,38,0,14,0,280,185,245,195,294,321,399,346,365,281,304,189,59.582,59.826,93.31,88.738,111.476,108.146,126.94,102.402,97.616,69.463,61.577,42.602,31,27,30,29,31,30,31,31,30,31,30,30,0,0,0,0,0,0,0,0,0,0,0,0,12,60,49,40,24,1,0,1,2,2,85,123,60,64,60,69,70,74,70,74,67,69,61,67,-56.2,12.6,19.4,19.8,19.8,21.9,36.5,30.6,40.4,19.2,-27.9,-43.9,14.7,12.2,13.5,11.6,14.4,15.7,17.9,16.1,17.2,14,15.6,11.6,21.3,18,20,16.4,19.2,19.9,22.8,20.3,22.5,19,22,16.5,8.1,6.5,7,6.8,9.6,11.6,12.9,11.9,11.8,9,9.2,6.7
1657455,2004,2,11,"200402","200303",28.933,0,43.294,48.426,92.093,111.151,133.061,112.033,96.437,86.305,19.476,0,-4.23,6.05,-2.81,-1.57,-4.6,-6.67,-8.73,-7.7,-8.3,-9.87,-3.51,0,4,4,1,1,0,0,0,0,0,0,1,3,236,198,156,204,128,87,34,46,52,56,174,214,0,0,3,0,5,19,40,35,47,32,0,0,161,150,242,191,294,323,409,392,384,393,212,179,51.123,54.998,94.41,89.819,114.552,111.632,134.151,113.114,97.641,92.463,54.908,46.072,26,26,30,28,31,30,31,31,30,31,28,28,0,0,0,0,0,0,0,0,0,0,0,0,22,118,51,41,22,0,1,1,1,6,35,63,60,66,59,68,68,73,67,71,69,58,61,67,-54.4,12.2,19.8,20.1,19.2,22.4,35.3,30.1,40.4,17.8,-27,-44.2,10.5,10.8,13.3,11.5,14.4,15.8,18.2,17.6,17.8,17.7,12.5,11.2,16.9,16.1,20.1,16.4,19.5,20.2,23.6,22.3,23,24.7,18.6,17,4.2,5.4,6.6,6.5,9.3,11.4,12.8,12.9,12.6,10.7,6.3,5.3
1560057,2004,3,15,"200403","200304",28.763,0,87.634,47.87,85.167,103.821,123.057,102.251,91.768,83.518,18.282,0,-4.15,6.12,-7.61,-1.53,-3.97,-6.05,-7.74,-6.77,-7.71,-9.32,-3.2,-0.16,4,3,1,1,0,0,0,0,0,0,1,3,225,198,94,200,130,91,42,52,53,56,170,208,0,0,18,0,4,17,31,30,46,32,0,0,169,156,315,196,292,317,393,382,382,393,216,184,50.545,53.896,100.536,87.602,109.29,104.759,123.057,103.289,92.872,89.286,52.91,45.259,27,26,31,29,31,30,31,31,30,31,29,29,0,0,0,0,0,0,0,0,0,0,0,0,22,117,13,40,24,1,0,1,1,6,35,60,62,67,60,70,71,75,71,75,71,61,64,69,-54.2,11.8,19.5,19.5,20.2,21.6,37.2,30.6,40.5,18,-26.8,-44.1,10.9,11,15.8,11.6,14.3,15.6,17.6,17.3,17.7,17.7,12.6,11.5,17,16.1,22.4,16.3,19,19.5,22.3,21.3,22.4,24.3,18.3,17,4.8,6,9.3,6.9,9.7,11.7,13,13.3,13,11.1,6.9,5.9
4418728,2004,4,2,"200403","200304",26.581,0,86.576,50.461,122.913,157.34,191.759,179.964,142.616,98.671,30.183,0,-3.95,13.46,-8.2,-2.11,-8.45,-12.51,-18.24,-18.94,-17.44,-13.38,-4.51,0.33,5,6,1,1,0,0,0,0,0,0,1,5,245,245,99,198,66,19,1,1,7,19,197,241,2,0,21,1,31,87,246,236,190,106,1,2,164,122,319,199,373,456,647,636,576,496,193,162,48.374,51.702,105.386,100.167,146.293,158.011,193.242,183.443,144.144,105.509,51.975,41.47,27,23,31,28,31,30,31,31,30,31,28,28,0,1,0,0,0,0,0,0,0,0,0,0,22,186,19,50,23,1,1,3,2,7,22,59,64,66,57,62,58,60,58,55,56,57,64,69,-53.4,12.2,20.3,22,15.3,25.6,28.6,28,39.8,17.5,-26.5,-43.6,10.2,9.1,15.6,11.7,17,20.2,25.9,25.6,24.3,21.1,11.6,10.2,15.8,14.3,22.7,17.7,24,27,33.4,33.7,32.2,28.5,17.2,15,4.7,3.9,8.5,5.7,10,13.4,18.4,17.4,16.3,13.7,5.9,5.3
202480,2004,4,3,"200403","200304",0,0,64.918,0,100.421,127.219,138.19,116.247,100.481,78.59,0,0,3.8,10.66,-5.75,4.34,-5.71,-8.46,-9.69,-8.64,-9.76,-9.43,1.1,13.21,7,4,1,1,0,0,0,0,0,0,2,5,284,214,102,209,106,51,19,30,31,52,208,246,0,0,18,0,11,40,66,53,77,39,0,0,125,140,306,185,319,377,449,426,436,401,173,150,33.199,42.94,90.123,79.53,118.056,128.087,138.831,118.282,101.976,80.689,39.787,30.233,28,27,31,29,31,30,31,31,30,31,28,30,1,0,0,0,0,0,0,0,0,0,0,1,77,153,25,94,18,1,1,2,1,2,63,174,75,74,63,72,67,67,67,69,66,63,72,75,-50.9,9.7,18,18.3,16.7,22.8,32.7,28.5,39.1,17,-25.7,-42.5,9,10.2,15.5,11.3,15.2,17.6,19.5,18.7,19.5,17.9,11.1,10,12.8,14.3,21.5,15.5,20.6,23,25.1,23.9,25.2,24.1,15.5,13.5,5.2,6.2,9.4,7,9.9,12.2,13.9,13.6,13.9,11.8,6.7,6.5
469033,2004,4,4,"200403","200304",45.872,0,92.255,56.041,99.743,83.572,114.919,118.254,93.339,86.013,45.161,34.395,-5.62,2.45,-7.76,-2.41,-5.76,-5.03,-7.72,-9.04,-8.19,-9.27,-5.73,-5.01,2,2,0,0,0,0,0,0,0,0,0,2,143,146,53,105,59,42,6,3,15,17,90,142,11,4,47,13,32,48,127,168,128,111,21,12,263,214,387,300,385,393,528,569,503,509,317,264,55.817,59.974,101.127,91.51,106.788,85.489,115.993,119.213,95.184,87.491,57.434,53.14,31,28,31,30,31,30,31,31,30,31,30,31,0,0,0,0,0,0,0,0,0,0,0,0,10,85,9,35,7,2,1,1,2,1,12,19,68,70,68,76,78,86,81,78,78,73,71,69,-54,12,17.8,17.9,24,19.6,40.8,32.5,42.8,19.6,-26.3,-44.3,13.9,13,18,15.1,17.4,18.1,22,23.4,21.8,21.5,15.9,13.9,18.9,17.8,23.3,19,21,20.3,25.2,27.1,25.5,26.1,20.5,19.3,8.8,8.2,12.7,11.3,13.8,15.9,18.9,19.7,18.1,17,11.3,8.6
469032,2004,4,6,"200403","200304",47.666,0,95.078,54.708,101.657,87.29,120.394,122.932,95.965,86.994,45.421,33.465,-5.9,2.32,-8.05,-2.18,-5.82,-5.19,-8.1,-9.43,-8.41,-9.35,-5.88,-5.01,2,2,0,0,0,0,0,0,0,0,0,2,155,157,62,121,67,49,7,4,17,21,99,154,9,3,39,9,27,42,121,158,117,97,17,9,248,202,371,281,371,381,519,559,489,490,304,251,57.15,61.826,103.142,93.687,109.619,89.076,121.582,123.49,97.757,88.644,59.297,53.956,31,28,31,30,31,30,31,31,30,31,30,31,0,0,0,0,0,0,0,0,0,0,0,0,9,86,8,39,8,2,1,1,2,2,14,20,65,67,65,73,76,85,79,76,76,71,69,67,-54.3,12.6,18.4,18.6,23.5,20.1,40,32.3,42.7,19.4,-26.6,-44.4,13.4,12.6,17.5,14.5,17,17.7,21.8,23,21.3,20.9,15.5,13.5,18.9,17.9,23.2,18.7,20.8,20.2,25.3,27.1,25.3,25.7,20.5,19.2,7.9,7.4,11.7,10.3,13.1,15.3,18.2,19,17.4,16.1,10.4,7.7
469069,2004,5,18,"200405","200306",26.555,0,46.484,22.249,141.533,144.991,168.795,148.817,122.918,96.089,0,0,-2.06,25.1,-3.74,0.2,-10.87,-11.51,-15.63,-15.11,-14.27,-12.18,1.09,0.29,15,18,2,1,0,0,0,0,0,0,4,13,377,365,204,207,114,54,4,5,26,70,294,359,0,0,3,2,14,37,149,146,89,30,0,0,71,47,203,192,310,372,550,546,453,368,114,74,43.199,46.751,94.545,108.69,148.009,149.629,179.221,168.245,133.272,100.245,48.346,41.391,16,12,27,26,30,30,31,31,30,31,22,17,0,12,0,0,0,0,0,0,0,0,1,1,17,282,48,86,6,5,10,19,10,4,63,43,64,63,57,57,53,58,58,57,55,54,64,64,-51.6,13.4,20.3,23.8,18.4,26.2,34.4,32,42.4,18.9,-25.5,-43.4,6,4.8,11.5,11.4,14.9,17.4,22.8,22.6,20.1,16.9,8.2,6.3,11.4,10.3,18.5,18.3,22.9,24.4,30.1,30.3,28,24.6,13.8,12.1,0.5,-0.7,4.6,4.4,7,10.4,15.4,15,12.2,9.1,2.7,0.6
469058,2004,5,25,"200405","200306",51.049,0,102.939,108.248,160.118,140.91,177.917,171.654,131.606,111.877,52.208,38.097,-6.76,4.93,-9.53,-8.26,-12.03,-9.9,-14.77,-16.04,-13.8,-14.03,-7.25,-6.04,2,3,0,0,0,0,0,0,0,0,0,2,167,175,61,56,28,24,2,1,10,14,109,169,8,2,41,37,73,76,191,222,160,126,16,8,237,185,374,372,457,440,592,623,543,526,294,236,62.767,68.039,117.684,136.014,162.135,143.633,179.543,173.567,134.636,114.008,66.986,59.1,29,26,31,30,31,30,31,31,30,31,30,29,0,0,0,0,0,0,0,0,0,0,0,0,12,123,15,28,2,3,2,2,3,2,15,21,58,59,56,57,58,66,61,60,61,57,60,59,-55.3,14.4,21.1,24,15.9,24.3,33.9,31.5,42.1,18.6,-27.2,-44.7,12.9,11.9,17.5,17.6,19.8,19.7,24.1,25.1,23.2,22.1,15.1,12.9,19.7,18.5,24.9,25,27,25.4,31,32.3,30,29.5,21.6,19.9,6.2,5.3,10.1,10.2,12.6,14,17.3,18,16.3,14.6,8.5,5.9
469073,2004,5,28,"200405","200306",52.768,0,98.618,103.731,136.234,91.521,124.804,125.62,100.692,91.975,45.07,28.067,-6.7,3.7,-8.5,-7.21,-9.14,-5.42,-8.42,-9.6,-8.93,-10.13,-5.99,-4.67,2,3,0,0,0,0,0,0,0,0,0,2,162,173,69,71,37,53,7,5,19,23,118,169,8,2,33,26,56,38,115,144,112,90,11,7,240,184,358,346,432,373,512,544,483,481,281,234,59.808,63.141,106.484,116.004,137.14,92.72,125.136,126.289,102.644,93.747,61.229,55.303,30,27,31,30,31,30,31,31,30,31,30,30,0,0,0,0,0,0,0,0,0,0,0,0,7,102,8,12,1,1,0,1,2,2,16,27,61,63,62,65,67,83,77,74,73,67,64,63,-55,13.3,19.4,21.2,18.9,20.9,39.5,32.2,42.6,19,-26.9,-44.6,13.1,12,17,16.7,19,17.5,21.5,22.6,21.1,20.6,14.7,12.9,19.4,17.8,23.4,22.4,24.4,20.2,25.4,26.9,25.6,26.2,20.5,19.3,6.8,6.2,10.7,11,13.5,14.8,17.7,18.2,16.6,15,8.9,6.5
1576181,2004,6,1,"200405","200306",50.287,0,102.655,108.237,159.487,140.917,177.509,171.398,131.156,111.401,52.462,37.952,-6.63,4.95,-9.45,-8.22,-11.93,-9.88,-14.69,-15.96,-13.67,-13.88,-7.24,-5.98,2,3,0,0,0,0,0,0,0,0,0,2,169,176,63,57,29,25,2,1,10,15,110,172,7,2,39,37,72,75,190,221,158,123,15,8,234,184,371,370,455,438,591,622,541,522,293,234,62.558,68.04,117.297,135.52,161.549,143.544,179.081,173.201,134.168,113.565,66.942,58.988,29,26,31,30,31,30,31,31,30,31,30,29,0,0,0,0,0,0,0,0,0,0,0,0,12,123,15,27,2,3,2,2,3,2,14,21,58,59,56,57,58,66,61,60,61,57,60,59,-55.2,14.4,21.1,24,16,24.3,33.9,31.4,42.1,18.6,-27.1,-44.7,12.8,11.9,17.4,17.5,19.7,19.6,24.1,25.1,23.1,21.9,15,12.8,19.6,18.5,24.8,24.9,26.9,25.3,31,32.3,29.9,29.4,21.6,19.8,6.1,5.3,10,10.2,12.6,13.9,17.2,18,16.2,14.5,8.5,5.8
3400832,2004,6,10,"200406","200307",0,0,75.477,108.843,139.034,154.408,170.02,141.889,118.224,88.897,0,0,3.5,10.18,-7.25,-8.54,-9.75,-11.55,-13.65,-11.88,-12.81,-11.59,-0.08,12.39,7,4,1,0,0,0,0,0,0,0,2,5,289,204,86,84,62,27,7,14,19,40,208,261,0,0,25,21,31,70,118,91,110,56,0,0,122,150,330,324,380,430,515,478,481,428,175,140,32.952,46.19,97.249,117.05,140.79,155.458,170.15,143.267,119.486,90.381,41.445,30.291,27,26,31,30,31,30,31,31,30,31,28,29,1,0,0,0,0,0,0,0,0,0,0,1,73,153,22,8,2,1,0,1,1,1,54,165,74,70,59,59,59,58,57,60,58,56,68,73,-50.9,10.4,19.1,22.5,11.5,25,26.3,26.4,38.1,15.9,-26.1,-42.5,8.8,10.6,16.2,16.1,17.2,19.4,21.6,20.4,21,18.8,11.1,9.5,12.7,15.3,23.1,22.9,24,26.5,29.2,27.4,28.4,26.4,16,13.3,4.9,5.9,9.3,9.2,10.5,12.2,14.1,13.5,13.7,11.3,6.2,5.7
469055,2004,7,5,"200406","200307",53.13,0,104.16,111.846,157.338,146.22,170.034,165.452,128.504,109.894,52.003,40.174,-6.98,3.28,-9.54,-8.49,-11.62,-10.46,-13.55,-14.92,-13.13,-13.49,-7.15,-6.23,2,2,0,0,0,0,0,0,0,0,0,2,160,167,57,52,25,18,2,2,10,14,104,161,9,3,45,41,80,92,183,218,160,127,17,9,244,193,382,380,468,464,584,618,543,528,300,244,63.432,68.365,116.891,134.393,158.872,147.532,170.999,166.764,130.978,111.61,66.72,59.36,30,26,31,30,31,30,31,31,30,31,30,30,0,0,0,0,0,0,0,0,0,0,0,0,10,106,13,23,2,1,1,1,2,2,15,19,58,59,57,58,60,66,64,62,63,59,61,59,-55.5,14.3,20.8,23.5,16.2,25,34.6,31.6,42.2,18.6,-27.2,-44.8,13.2,12.3,17.8,17.9,20.2,20.5,23.9,25,23.2,22.1,15.3,13.2,20,18.8,25,25,26.9,26.2,30.2,31.7,29.7,29.3,21.7,20.2,6.3,5.7,10.6,10.8,13.4,14.7,17.5,18.3,16.7,15,8.8,6.2
469040,2004,8,24,"200408","200309",45.615,0,90.004,92.536,116.781,88.266,104.553,91.063,83.816,81.811,44.422,36.197,-5.43,1.76,-7.33,-6.08,-7.37,-5.34,-6.66,-6.27,-7.02,-8.47,-5.45,-5.03,2,2,0,0,0,0,0,0,0,0,0,2,152,156,61,58,37,38,11,13,20,21,100,151,9,3,39,34,56,54,93,96,109,94,16,10,252,203,372,367,432,404,483,486,479,488,303,253,55.039,58.85,98.348,107.283,117.713,89.494,105.12,91.836,85.673,83.346,56.312,52.722,31,28,31,30,31,30,31,31,30,31,30,31,0,0,0,0,0,0,0,0,0,0,0,0,9,76,8,15,1,1,1,1,2,2,12,17,69,70,69,72,76,85,83,85,81,74,72,69,-53.8,11.9,17.5,19.2,22.3,20.1,42.2,32.9,42.8,19.8,-26.2,-44.2,13.5,12.7,17.5,17.4,19,18.5,20.6,20.7,21,20.8,15.4,13.6,18.5,17.4,22.6,22.1,22.9,20.8,23.4,23.2,24.1,25.1,19.9,18.9,8.5,8,12.3,12.8,15,16.1,17.8,18.2,17.9,16.6,10.9,8.2
469062,2004,11,24,"200411","200312",50.489,0,94.587,94.531,122.894,90.681,108.019,94.116,94.763,16.943,43.546,32.618,-6.21,2.23,-7.9,-6.23,-7.85,-5.42,-6.83,-6.37,-8.21,-1.15,-5.42,-4.89,2,3,0,0,0,0,0,0,0,0,1,2,163,171,70,76,41,45,15,19,19,70,139,167,7,2,33,23,49,45,77,76,112,24,5,7,238,186,356,338,420,387,464,460,482,368,256,235,57.392,60.598,101.628,105.757,123.681,91.772,108.019,94.922,96,67.111,57.314,53.516,31,27,31,30,31,30,31,31,30,31,30,31,0,0,0,0,0,0,0,0,0,0,0,0,7,84,7,11,1,1,0,1,1,50,14,21,64,66,65,70,73,84,81,83,76,78,67,66,-54.5,12.6,18.4,19.6,21.1,21,41.7,32.7,42.6,20.2,-26.5,-44.4,13.1,12.1,17,16.4,18.6,17.9,20,19.8,21.1,16.9,13.8,13,18.9,17.4,22.8,21.2,23.1,20.5,23,22.6,25,20.4,19.2,18.9,7.3,6.8,11.2,11.6,14.1,15.4,16.9,17,17.2,13.4,8.5,7.1
469078,2004,12,20,"200412","200401",50.78,0,94.821,95.013,123.761,91.079,109.038,95.423,95.364,15.574,43.18,0,-6.27,2.6,-7.94,-6.27,-7.92,-5.45,-6.9,-6.46,-8.27,-1.02,-5.39,-0.95,2,3,0,0,0,0,0,0,0,0,1,2,163,172,70,77,42,46,15,19,19,71,140,162,7,2,32,23,49,45,77,76,111,24,5,8,238,184,355,336,420,387,464,460,481,368,254,240,57.607,60.725,101.963,106.147,124.552,92.157,109.147,96.272,96.556,67.822,57.427,52.823,31,27,31,30,31,30,31,31,30,31,30,31,0,0,0,0,0,0,0,0,0,0,0,0,7,87,7,11,1,1,0,1,1,52,14,59,64,66,65,70,72,84,81,82,76,78,66,63,-54.6,12.7,18.5,19.7,20.9,21.2,41.5,32.7,42.6,20.2,-26.5,-44.4,13.1,12,17,16.4,18.6,17.9,20,19.8,21.1,16.9,13.8,13.1,18.9,17.4,22.8,21.2,23.1,20.5,23.1,22.7,25,20.4,19.2,18.9,7.2,6.7,11.1,11.5,14,15.3,16.8,16.9,17.1,13.3,8.4,7.4
469043,2005,2,15,"200502","200403",0,0,91.095,96.77,124.339,98.83,118.62,103.777,103.175,25.837,42.6,10.173,4.16,8.09,-7.61,-6.65,-8.18,-6.16,-7.9,-7.4,-9.47,-2.26,-5.28,-2.44,2,1,0,0,0,0,0,0,0,0,0,2,130,108,53,48,28,29,8,9,11,44,114,137,13,11,47,43,71,67,114,115,152,48,12,13,275,256,387,387,456,425,510,509,532,418,286,270,52.42,53.726,99.533,110.627,125.326,100.061,119.175,104.805,104.349,67.735,56.107,51.009,31,28,31,30,31,30,31,31,30,31,30,31,0,0,0,0,0,0,0,0,0,0,0,0,103,135,8,14,1,1,1,1,1,42,14,41,73,78,69,71,74,83,79,81,75,80,71,67,-53.4,10,17.5,19.4,21,20.6,40.3,32.7,42.7,20.3,-26.2,-44.1,14.4,14.6,18,18.1,19.8,19.2,21.5,21.5,22.8,18.5,14.8,14.1,18.7,18.1,23.1,22.8,24.1,22,24.9,24.6,27,21.7,19.5,19,10,11.2,12.8,13.3,15.5,16.4,18,18.3,18.6,15.3,10.2,9.2
3584664,2005,2,17,"200502","200403",0,0,111.853,148.934,213.26,231.942,249.092,218.978,167.164,83.756,37.727,0,1.25,5.82,-11.25,-14.12,-20.96,-24.97,-28.8,-26.35,-22.52,-10.99,-5.51,-1.34,4,3,0,0,0,0,0,0,0,0,1,3,211,198,72,53,13,3,0,0,5,39,183,210,4,2,36,43,131,213,310,294,217,62,4,5,193,171,363,380,529,600,711,694,604,429,212,196,51.412,55.295,122.132,159.286,213.966,232.641,251.891,223.067,172.742,108.925,60.712,51.898,29,27,31,29,31,30,31,31,30,31,27,28,0,0,0,0,0,0,0,0,0,0,0,0,75,115,10,10,1,1,3,4,6,25,23,57,66,69,51,44,41,41,42,44,45,53,58,56,-53.4,11.9,22.3,27.5,10.6,33.1,28.9,30.5,40.6,18.4,-26.8,-44.3,11.3,11.1,16.9,17.8,22.2,25,28,27.5,25.2,18.9,12.1,11.4,16.5,15.8,25.3,27.9,33.3,36.5,39.4,38.2,35.6,27.1,18.8,17.6,6,6.3,8.5,7.7,11,13.5,16.6,16.7,14.8,10.6,5.4,5.1
469063,2005,3,4,"200502","200403",0,0,101.256,109.841,148.546,134.006,159.429,141.658,127.68,29.422,44.168,7.744,4.62,9.1,-9.05,-8.13,-10.59,-9.14,-12,-11.32,-12.95,-3.1,-5.97,-2.68,2,2,0,0,0,0,0,0,0,0,1,2,144,122,58,53,27,22,5,5,9,44,126,151,10,8,43,39,74,81,142,140,162,49,10,11,260,240,379,378,460,447,542,540,545,418,272,255,58.419,61.591,112.7,128.456,149.973,135.238,159.937,142.624,129.159,85.466,63.21,56.184,31,28,31,30,31,30,31,31,30,31,30,31,0,0,0,0,0,0,0,0,0,0,0,0,118,155,11,19,1,1,1,1,1,56,19,48,65,70,60,61,64,70,65,68,64,69,62,60,-54.5,11.9,20.1,22.6,17.4,23.8,35.6,32.1,42.2,19.6,-26.9,-44.5,13.8,14,17.7,17.8,19.9,19.9,22.5,22.5,23.2,18.5,14.3,13.6,19.4,18.8,24.4,24.3,26,24.9,28.4,28,29.5,23.6,20.5,19.7,8.2,9.2,10.9,11.3,13.8,15,16.6,16.9,16.9,13.4,8.2,7.5
469064,2005,3,5,"200502","200403",0,0,96.868,103.7,135.08,114.082,136.349,120.597,114.208,29.589,44.08,7.969,4.51,8.29,-8.33,-7.34,-9.14,-7.29,-9.46,-8.92,-10.88,-2.77,-5.65,-2.44,2,1,0,0,0,0,0,0,0,0,0,2,139,116,57,53,29,27,7,8,11,45,121,146,11,9,43,39,70,70,120,121,153,47,10,11,265,246,380,378,454,429,519,518,534,415,278,261,55.24,57.91,105.894,118.437,136.231,115.299,136.888,121.575,115.571,76.592,59.611,53.623,31,28,31,30,31,30,31,31,30,31,30,31,0,0,0,0,0,0,0,0,0,0,0,0,111,142,9,15,1,1,1,1,1,47,16,46,69,74,64,66,69,77,73,75,70,75,66,64,-53.9,11,18.8,20.9,19.3,22,38.2,32.4,42.5,19.9,-26.6,-44.4,14,14.3,17.7,17.8,19.7,19.3,21.7,21.7,22.8,18.4,14.5,13.8,18.9,18.4,23.7,23.3,24.8,23.1,26.3,25.9,28,22.5,19.9,19.3,9,10.1,11.8,12.3,14.6,15.6,17.2,17.5,17.7,14.3,9.1,8.3
469074,2005,3,6,"200502","200403",0,0,104.595,114.207,162.238,149.974,178.915,159.491,137.74,36.935,43.384,0,6.19,10.95,-9.63,-8.75,-12.26,-10.89,-14.53,-13.73,-14.72,-4.22,-6.16,-1.29,2,2,0,0,0,0,0,0,0,0,1,2,162,137,62,58,25,19,4,4,9,49,137,165,8,6,40,36,79,89,157,155,161,43,8,8,241,225,372,369,467,459,558,556,545,407,260,240,58.637,62.984,116.157,133.652,163.642,151.734,179.404,160.343,139.282,91.901,65.136,57.432,31,28,31,30,31,30,31,31,30,31,29,30,0,0,0,0,0,0,0,0,0,0,0,0,134,176,12,19,1,2,0,1,2,55,22,66,63,67,57,57,58,64,59,61,58,64,59,57,-54.7,12.5,20.9,23.7,15.4,25.8,33.5,31.6,41.7,19.2,-27.2,-44.7,13.1,13.4,17.4,17.5,20.1,20.3,23,22.9,23.2,18.1,13.9,13,19.1,18.6,24.7,24.7,27.4,26.5,30.3,29.8,30.6,24.2,20.7,19.8,7.2,8.2,10.1,10.3,12.9,14.2,15.8,16.1,15.8,12.1,7.1,6.3
469065,2005,3,11,"200503","200404",0,0,34.474,97.229,125.353,100.303,120.235,105.373,104.274,26.184,42.722,10.417,4.13,8.14,-1.54,-6.7,-8.27,-6.26,-8.03,-7.54,-9.6,-2.31,-5.31,-2.49,2,1,1,0,0,0,0,0,0,0,0,2,130,108,97,49,28,29,7,9,11,44,114,138,13,10,18,43,71,67,115,115,152,49,12,13,275,255,315,386,456,426,511,510,532,418,285,269,52.816,54.137,79.945,111.492,126.377,101.535,120.787,106.401,105.491,68.675,56.502,51.318,31,28,31,30,31,30,31,31,30,31,30,31,0,0,0,0,0,0,0,0,0,0,0,0,103,136,45,14,1,1,1,1,1,42,14,41,72,78,76,71,73,82,79,81,75,80,70,67,-53.4,10.1,15.1,19.6,20.8,20.8,40.2,32.7,42.6,20.3,-26.2,-44.2,14.3,14.6,15.6,18.1,19.8,19.2,21.5,21.5,22.8,18.5,14.8,14.1,18.8,18.1,19.5,22.9,24.1,22.1,25.1,24.7,27.1,21.8,19.6,19,9.9,11.1,11.8,13.3,15.4,16.3,17.9,18.3,18.5,15.2,10.1,9.1
390689,2005,3,11,"200503","200404",0,0,65.718,113.689,152.478,130.961,156.383,141.591,126.34,32.593,40.63,0,9.34,11.63,-4.7,-8.46,-10.96,-8.76,-11.53,-11.2,-12.69,-3.53,-5.68,0.74,2,2,1,0,0,0,0,0,0,0,1,2,160,136,124,63,30,27,6,8,12,53,139,162,8,6,11,31,67,71,122,122,145,39,6,8,242,224,283,358,450,431,521,520,524,399,257,242,56.599,61.869,92.492,127.118,153.286,132.082,156.911,142.248,127.651,87.503,62.531,56.715,31,28,31,30,31,30,31,31,30,31,29,30,0,0,0,0,0,0,0,0,0,0,0,0,163,182,27,13,1,1,1,1,1,55,22,85,65,68,65,60,61,70,65,66,63,66,60,57,-54.5,12.3,18.1,22.8,16.6,24.6,35.7,31.9,42,19.2,-27.1,-44.7,13.2,13.4,14.5,17.1,19.6,19.4,21.8,21.8,22.5,17.9,13.8,13.2,18.9,18.6,20.1,23.8,26.1,24.3,27.8,27.5,29,23.5,20.3,19.8,7.5,8.3,9,10.4,13,14.5,15.9,16.1,16,12.2,7.4,6.5
2500762,2005,3,25,"200503","200404",0,0,56.738,96.931,126.373,95.668,114.027,100.675,98.648,16.284,43.792,0,6.14,9.86,-3.65,-6.47,-8.17,-5.76,-7.3,-6.9,-8.68,-1.14,-5.54,-0.9,2,2,1,0,0,0,0,0,0,0,1,2,160,134,126,76,41,44,14,17,18,69,139,161,7,5,9,23,49,47,81,81,115,25,5,8,240,224,279,338,421,391,469,466,486,370,256,241,53.223,57.295,84.035,108.49,127.173,96.751,114.185,101.481,99.899,69.874,58.464,53.513,31,28,31,30,31,30,31,31,30,31,30,31,0,0,0,0,0,0,0,0,0,0,0,0,124,157,27,12,1,1,0,1,1,54,15,61,69,73,71,69,71,82,79,81,75,77,65,62,-53.7,11.2,16.4,20.1,20.5,21.5,40.9,32.7,42.6,20.1,-26.6,-44.4,13.2,13.5,14.5,16.4,18.6,18,20.1,20,21.2,16.9,13.8,13.2,18.1,17.8,19.1,21.5,23.4,20.9,23.6,23.2,25.4,20.7,19.4,19,8.3,9.2,9.9,11.4,13.9,15.2,16.7,16.9,17,13.2,8.3,7.3
1582894,2005,4,6,"200503","200404",0,0,0,109.538,142.402,134.738,148.531,140.227,122.741,0,25.658,0,17.31,12.06,2.54,-8.01,-9.87,-9.01,-10.48,-11.01,-12.36,0.17,-4.69,11.8,3,2,1,0,0,0,0,0,0,0,1,3,195,166,147,136,85,76,36,35,39,104,168,189,2,0,4,5,17,23,37,46,63,8,0,3,194,186,252,264,345,337,405,415,415,322,221,208,52.585,59.167,92.53,114.475,144.605,135.911,148.531,141.261,125.104,82.282,60.211,52.615,29,27,30,29,31,30,31,31,30,31,27,28,1,0,0,0,0,0,0,0,0,0,0,0,241,186,104,5,2,1,0,1,2,88,35,195,63,66,62,59,57,62,61,59,54,62,57,62,-54.4,12.4,19,23.3,13.1,26.2,32.7,28.4,39.3,18.7,-27.5,-44.8,11.9,12.3,13.7,14,16.1,16.3,18,18.4,18.8,15.4,12.7,12.2,17.8,17.7,19.9,20.8,23.3,22.5,24.7,25.3,26.7,21.6,19.8,19,6,6.8,7.5,7.2,8.9,10,11.4,11.4,10.9,9.1,5.7,5.3
391803,2005,4,7,"200503","200404",0,0,50.551,97.171,125.203,96.649,115.226,101.332,100.154,21.695,44.756,4.297,4.98,8.21,-3.05,-6.54,-8.11,-5.86,-7.45,-7.02,-8.91,-1.69,-5.6,-2.01,2,2,1,0,0,0,0,0,0,0,1,2,156,130,121,70,38,41,13,15,16,64,134,159,8,6,10,27,54,50,87,88,123,28,6,8,244,229,285,348,428,396,476,475,496,378,261,244,53.459,57.165,82.877,109.164,126.078,97.792,115.226,101.921,101.492,68.931,58.097,52.914,31,28,31,30,31,30,31,31,30,31,30,31,0,0,0,0,0,0,0,0,0,0,0,0,112,140,32,12,1,1,0,1,1,47,13,49,69,73,72,69,72,82,79,81,75,78,66,63,-53.7,11.1,16.1,20,20.7,21.2,40.8,32.7,42.6,20.2,-26.5,-44.3,13.3,13.7,14.7,16.8,18.8,18.2,20.4,20.3,21.6,17.2,14,13.3,18.2,17.9,19,21.8,23.4,21.1,23.8,23.5,25.8,20.8,19.4,18.9,8.4,9.5,10.3,11.8,14.3,15.4,16.9,17.2,17.3,13.6,8.6,7.6
469085,2005,4,10,"200504","200405",0,0,0,71.409,169.986,181.389,211.959,187.738,152.149,5.944,19.17,0,9.73,18.11,1.73,-4.54,-13.94,-15.84,-21.03,-19.5,-18.46,-1.81,-3.55,2.54,5,4,2,1,0,0,0,0,0,0,2,4,244,216,199,160,54,21,2,3,12,82,216,239,2,0,3,5,40,83,184,175,142,23,0,2,166,148,205,240,395,451,585,575,520,351,175,164,51.96,54.899,92.332,124.039,173.198,184.011,214.267,190.648,154.6,95.555,59.791,50.686,27,26,28,27,30,30,31,31,30,31,24,26,1,1,0,0,0,0,0,0,0,0,0,0,160,238,94,53,3,3,2,3,2,90,41,93,64,68,59,52,48,49,46,49,48,57,57,57,-53.3,12.3,19.7,25.4,14.8,30.1,31,31.2,41.4,19.2,-26.6,-44.1,10.3,10.2,11.7,13.1,17.7,20.1,23.9,23.6,22.4,16.3,10.8,10.2,15.9,15.1,18.3,21.2,26.9,29.2,33.9,32.9,31.8,23.5,17.8,16.5,4.7,5.3,5.2,5,8.5,10.9,14,14.3,12.9,9.1,3.9,4
2120835,2005,4,14,"200504","200405",0,0,0.623,84.692,161.888,195.034,211.344,186.698,134.358,0,0,0,8.99,1.36,0.62,-6.12,-13.18,-18.13,-21.09,-20.24,-17.12,-1.86,-1.21,8.33,10,3,1,0,0,0,0,0,0,0,2,7,328,182,138,120,25,4,1,1,10,71,212,287,0,3,11,13,83,190,259,236,155,30,0,0,100,181,274,282,467,576,660,636,536,368,179,124,29.362,47.891,85.314,113.361,168.071,195.882,212.226,186.94,138.769,80.148,42.055,30.114,25,27,31,29,31,30,31,31,30,31,27,26,2,0,0,0,0,0,0,0,0,0,0,1,121,72,85,29,6,1,1,0,4,82,48,124,74,68,61,56,52,50,49,49,48,58,64,76,-50.2,10.4,17.9,22.9,6.6,27.3,19.5,23.1,37.3,16.1,-26.5,-42.5,7.5,11.7,14,14.5,20.1,24.2,26.3,25.6,22.9,16.9,11,8.7,11.4,16.7,20.4,21.9,28.6,33.3,35.8,35,32.3,24,16.7,13.2,3.7,6.6,7.7,7.2,11.7,15.2,16.8,16.1,13.5,9.8,5.3,4.1
469046,2005,4,17,"200504","200405",0,0,12.016,62.729,161.739,173.85,202.886,179.075,141.058,0,0,0,17.41,25.3,0.4,-3.63,-13,-15.01,-19.79,-18.36,-16.81,1.03,-0.46,8.5,6,6,3,1,0,0,0,0,0,0,2,6,280,247,225,184,66,24,3,4,15,101,240,264,1,0,1,3,32,76,175,164,129,16,0,1,137,123,182,215,374,439,576,565,504,325,157,144,44.865,48.51,86.071,117.085,165.706,178.096,205.71,183.159,146.559,88.534,54.055,45.425,26,25,27,26,30,30,31,31,30,30,24,26,2,2,0,0,0,0,0,0,0,0,1,1,223,299,74,54,4,4,3,4,6,108,62,142,69,72,61,53,49,50,49,51,51,60,61,61,-52,11.3,19,24.8,15.8,29.3,31.8,31.5,41.8,19.3,-26.1,-43.7,9.1,9,10.8,12.2,17,19.6,23.6,23.3,21.8,15.5,10,9.4,13.8,13.3,16.9,19.9,25.8,28.4,32.9,32.1,30.6,22.1,16.2,14.9,4.4,4.8,4.7,4.5,8.2,10.9,14.3,14.4,13,8.8,3.9,3.9
1591452,2005,4,19,"200504","200405",0,0,18.878,86.146,172.486,174.381,205.084,181.974,151.797,22.655,36.423,0,5.87,13.24,-0.34,-5.97,-13.87,-14.36,-19.04,-17.73,-17.86,-3.47,-5.64,-0.81,2,2,1,0,0,0,0,0,0,0,1,2,168,150,131,97,29,14,2,3,8,46,152,177,8,5,11,17,71,100,198,188,175,49,6,7,236,212,279,310,453,483,599,589,563,413,244,228,59.057,62.146,99.421,131.837,174.734,176.863,206.032,183.631,153.855,98.422,65.695,56.386,30,28,31,29,31,30,31,31,30,31,28,30,0,0,0,0,0,0,0,0,0,0,0,0,133,199,81,46,2,2,1,2,2,76,29,70,62,67,61,54,52,54,51,53,52,60,57,56,-54.7,12.5,19.5,24.9,14.3,28.2,31.5,31.2,41.3,19.1,-27.1,-44.6,12.9,12.9,14.3,15.5,19.7,21.1,24.3,24,23.8,18.4,13.3,12.6,18.9,18.1,20.7,23.3,28.1,29.1,33.3,32.5,32.5,25.2,20.4,19.2,6.8,7.7,7.9,7.6,11.2,13.1,15.4,15.6,15.1,11.6,6.2,6
469067,2005,5,5,"200504","200405",0,0,0,20.688,141.828,153.383,177.08,156.596,124.349,0,0,0,22.7,35.78,6.98,0.58,-10.9,-12.65,-16.33,-15.2,-14.06,7.06,4.55,15.28,14,13,6,2,0,0,0,0,0,0,6,12,365,326,299,243,113,43,6,10,33,174,322,355,0,0,0,0,14,47,123,109,72,3,0,0,77,68,121,155,311,392,522,501,429,241,94,77,38.351,40.549,74.315,101.611,148.217,157.451,181.223,162.234,130.983,77.9,46.891,38.926,21,20,24,23,30,30,31,31,30,29,19,19,6,8,1,1,0,0,0,0,0,0,3,3,260,387,122,81,6,4,4,6,7,152,91,190,72,75,65,58,53,56,55,56,54,62,63,63,-50.5,10.6,17.8,23.6,18.3,27.8,34.2,32.2,42.5,19.8,-25.3,-43.1,6.3,6.2,8.4,9.9,15,18.1,21.9,21.2,19.3,12.7,7.3,6.5,10.5,9.9,13.8,16.7,22.9,25.5,29.7,28.8,27.3,18.7,12.9,11.5,2.1,2.5,3,3.2,7,10.6,14,13.5,11.4,6.6,1.7,1.5
1602409,2005,5,27,"200505","200406",0,0,77.455,113.635,163.873,186.189,215.146,195.795,154.435,61.748,34.932,0,7.95,8.91,-6.44,-8.89,-12.9,-16.09,-20.92,-20.57,-18.83,-7.88,-5.52,0,3,2,1,0,0,0,0,0,0,0,1,3,194,167,129,93,31,10,1,1,7,51,165,192,5,3,12,19,69,126,229,222,177,44,4,5,205,195,282,316,449,510,630,622,567,404,229,212,54.457,61.379,100.039,132.4,170.622,186.899,215.612,197.829,156.267,99.855,61.884,54.181,29,27,31,29,31,30,31,31,30,31,27,28,0,0,0,0,0,0,0,0,0,0,0,0,148,156,23,19,7,1,0,2,2,38,27,78,62,64,59,53,53,52,49,48,49,56,57,55,-54.5,12.8,19.8,24.9,13.9,28.3,29.3,29.8,40.6,18.2,-27.3,-44.7,11.9,12.2,14.4,15.7,19.5,22,25.4,25.1,23.9,18,12.8,12.1,17.9,17.9,21.1,23.7,27.8,30.7,34.9,34.7,33.2,25.6,19.9,19,5.9,6.6,7.6,7.6,11.3,13.4,15.9,15.5,14.7,10.5,5.8,5.1
469095,2005,5,31,"200505","200406",0,0,34.024,78.564,110.44,97.253,116.694,102.122,102.217,25.822,42.387,11.529,3.78,7.79,-1.49,-4.63,-6.76,-6.03,-7.72,-7.25,-9.33,-2.24,-5.23,-2.56,2,1,1,0,0,0,0,0,0,0,0,2,130,108,98,78,46,30,8,9,11,44,115,138,13,10,18,22,43,66,112,113,150,48,12,13,275,255,315,336,410,423,508,507,530,417,284,269,52.55,53.544,79.078,102.972,113.668,98.485,117.246,103.163,103.449,67.278,56.002,50.99,31,28,31,30,31,30,31,31,30,31,30,31,0,0,0,0,0,0,0,0,0,0,0,0,99,132,45,24,3,1,1,1,1,41,14,39,73,78,77,72,76,83,80,82,75,81,71,67,-53.4,10,15,19.1,22.9,20.5,40.6,32.7,42.7,20.3,-26.2,-44.1,14.4,14.6,15.6,16.4,18.3,19.1,21.4,21.4,22.7,18.5,14.8,14.1,18.7,18.1,19.4,20.9,22.1,21.9,24.8,24.4,26.8,21.6,19.5,18.9,10,11.1,11.9,11.9,14.4,16.4,18,18.3,18.6,15.3,10.1,9.2
469066,2005,6,10,"200506","200407",0,0,27.801,77.274,105.15,93.814,104.282,90.718,97.131,27.811,42.961,19.665,1.61,6.6,-0.77,-4.4,-6.23,-5.61,-6.65,-6.25,-8.56,-2.3,-5.15,-3.26,2,1,1,0,0,0,0,0,0,0,1,2,135,116,107,90,56,42,11,12,13,50,126,147,11,8,14,16,33,49,94,97,136,41,8,11,268,245,302,319,390,394,484,487,513,404,271,259,54.047,54.151,78.267,100.789,108.225,95.262,104.865,91.532,98.615,65.748,55.88,51.126,31,28,31,30,31,30,31,31,30,31,30,31,0,0,0,0,0,0,0,0,0,0,0,0,79,120,50,24,3,1,1,1,1,38,13,31,71,77,77,72,78,83,83,85,77,81,70,67,-53.6,10.2,15,19.1,23.8,19.6,42.2,32.9,42.7,20.5,-26.1,-44.1,14.1,14.3,15.2,15.8,17.6,18.2,20.6,20.7,22.1,18.1,14.3,13.7,18.8,17.8,18.9,20.3,21.2,20.9,23.4,23.2,26,21.1,19.1,18.7,9.5,10.7,11.5,11.3,14,15.5,17.8,18.2,18.3,15,9.6,8.8
1575247,2005,6,17,"200506","200407",0,0,47.898,94.338,159.074,173.302,208.36,186.748,153.51,29.241,34.353,0,8.77,14.03,-3.2,-6.71,-12.09,-13.92,-19.34,-18.33,-18.11,-4.28,-5.52,0.53,3,2,1,0,0,0,0,0,0,0,1,3,188,168,147,114,44,24,2,3,10,58,165,189,5,3,8,12,47,77,180,174,160,36,4,5,214,193,260,290,414,440,581,575,543,389,230,214,57.498,62.343,99.168,131.492,167.616,175.688,209.143,187.753,155.835,100.827,65.953,57.166,29,27,30,29,31,30,31,31,30,31,27,28,0,0,0,0,0,0,0,0,0,0,0,0,159,207,51,37,9,2,1,1,2,72,32,85,61,65,59,52,52,51,48,50,49,55,54,53,-54.6,13,19.9,25.4,15.1,28.2,30.9,30.9,41.1,18.8,-27.3,-44.7,12.1,12.2,13.7,14.8,18.4,19.7,23.8,23.6,23.1,17.6,12.8,12.1,18.3,17.8,20.4,23,26.7,28.2,33.3,32.7,32.4,25.2,20.4,19.3,6,6.6,7,6.6,10,11.2,14.2,14.5,13.8,10,5.3,5
1578414,2005,6,22,"200506","200407",0,0,58.663,76.355,109.082,94.238,109.742,96.021,96.345,18.528,43.056,0,6.5,10.17,-3.82,-4.26,-6.49,-5.55,-6.94,-6.47,-8.36,-1.32,-5.39,-0.78,2,2,1,0,0,0,0,0,0,0,1,2,166,139,133,116,66,57,16,21,20,73,145,167,6,4,8,9,26,35,75,71,108,22,4,7,233,219,271,287,373,366,462,453,477,364,249,236,52.463,56.67,82.533,101.068,111.9,95.019,109.742,97.077,97.527,68.867,57.393,52.954,31,28,31,30,31,30,31,31,30,31,30,31,0,0,0,0,0,0,0,0,0,0,0,0,126,159,24,25,3,1,0,1,1,50,14,61,69,73,72,70,75,82,80,82,75,77,66,62,-53.6,11.2,16.3,19.9,23,20.4,41.4,32.7,42.6,20.1,-26.5,-44.4,13,13.3,14.2,14.7,17,17.2,19.9,19.6,20.9,16.7,13.6,13,17.9,17.6,18.7,19.6,21,20.1,23.1,22.6,25,20.5,19.1,18.8,8.1,9,9.7,9.8,13,14.4,16.7,16.6,16.8,13,8.2,7.1
1588191,2005,6,24,"200506","200407",0,0,50.727,77.75,110.692,99.681,114.44,100.551,99.623,21.785,44.702,4.368,4.93,8.11,-3.06,-4.44,-6.68,-5.99,-7.38,-6.95,-8.84,-1.7,-5.58,-2.01,2,2,1,0,0,0,0,0,0,0,1,2,157,130,122,105,60,49,13,15,16,65,135,159,8,6,10,12,31,41,86,87,122,28,6,8,244,229,284,301,384,381,475,474,495,378,260,244,53.304,56.95,82.553,102.647,113.425,100.526,114.44,101.138,100.949,68.747,57.93,52.808,31,28,31,30,31,30,31,31,30,31,30,31,0,0,0,0,0,0,0,0,0,0,0,0,112,139,32,25,3,1,0,1,1,47,13,48,69,73,73,70,75,81,79,81,75,78,67,63,-53.7,11.1,16.1,19.8,22.8,20.4,40.9,32.7,42.6,20.2,-26.5,-44.3,13.3,13.7,14.6,15.2,17.4,17.7,20.3,20.3,21.5,17.2,14,13.3,18.2,17.9,19,20,21.4,20.8,23.7,23.4,25.7,20.8,19.3,18.9,8.4,9.5,10.3,10.3,13.3,14.6,16.9,17.2,17.3,13.6,8.6,7.6
1896191,2005,6,30,"200506","200407",0,0,10.286,92.474,116.461,117.39,130.475,120.049,111.009,11.886,45.221,0,13.04,9.19,0.82,-5.93,-7.01,-7.09,-8.42,-8.41,-10.25,-0.98,-5.92,7.55,3,2,1,0,0,0,0,0,0,0,1,2,183,147,135,130,75,82,28,34,28,95,168,171,3,3,7,6,22,21,48,48,84,11,0,6,211,208,266,271,360,330,423,417,446,334,221,228,50.837,55.897,84.698,108.027,124.602,117.976,131.303,120.895,113.251,76.256,56.631,52.842,31,28,31,30,31,30,31,31,30,31,28,30,0,0,0,0,0,0,0,0,0,0,0,0,192,150,74,16,8,1,1,1,2,64,11,150,67,71,69,63,68,70,70,69,64,68,62,63,-53.9,11.3,17,21.7,17.9,22.4,36.4,30.2,40.4,19.1,-27,-44.8,12.3,13,14.1,14.2,16.6,16,18.6,18.4,19.9,15.7,12.7,12.8,17.6,17.6,19.2,20.1,21.8,20.8,23.6,23.5,25.9,20.9,18.9,19.3,7.1,8.4,9.1,8.2,11.4,11.2,13.7,13.4,13.8,10.6,6.5,6.3
469079,2005,7,26,"200507","200408",0,0,32.613,91.538,147.23,152.74,181.596,162.585,139.953,35.776,43.338,4.087,4.18,9.63,-1.5,-6.17,-10.42,-11.13,-15.13,-14.22,-15.12,-4.24,-6.14,-2.48,2,2,1,0,0,0,0,0,0,0,1,2,154,133,113,84,37,22,2,3,8,42,136,163,9,7,15,21,55,82,190,169,170,52,8,9,250,229,298,328,430,449,591,570,557,422,261,243,60.527,63.46,97.676,128.138,154.743,154.713,183.066,163.641,141.665,94.12,65.881,57.701,31,28,31,30,31,30,31,31,30,31,29,30,0,0,0,0,0,0,0,0,0,0,0,0,117,163,65,37,8,2,1,1,2,58,23,54,62,67,64,57,59,62,59,60,58,63,58,56,-54.9,12.5,18.8,23.8,16.9,25.3,33.4,31.7,41.8,19.3,-27.1,-44.6,13.4,13.6,15,16.1,18.9,20,24.1,23.4,23.6,18.6,13.9,13.1,19.6,18.7,20.9,23.2,25.8,26.5,31.3,30.3,31.1,24.8,20.8,19.8,7.3,8.4,9.1,8.9,12,13.5,16.9,16.5,16.2,12.5,7.1,6.5
1590780,2006,2,9,"200602","200503",0,0,0,67.671,91.629,147.94,217.023,190.075,120.014,73.641,0,0,5.86,1.71,5.28,-4.26,-5.27,-11.51,-22.61,-21.25,-14.17,-10.04,-1.59,18.9,7,3,1,0,0,0,0,0,0,0,1,6,291,195,156,137,53,19,0,1,20,56,153,270,0,2,8,10,42,87,301,264,109,41,7,0,128,170,253,263,396,456,702,665,479,393,245,138,32.94,52.122,80.621,107.141,141.532,166.592,217.606,191.038,128.196,86.696,48.462,30.34,27,25,31,29,31,30,31,31,30,31,29,28,1,0,0,0,0,0,0,0,0,0,0,1,98,81,124,39,50,19,1,1,8,13,59,231,72,62,64,59,60,54,50,50,51,55,62,70,-51.2,11.6,17.2,22.1,12.8,24.7,19.7,23.6,38.5,15.8,-27.5,-42.6,8.8,11.2,13.4,13.9,17.8,20.2,27.7,26.5,21,17.7,13.3,9.2,12.9,17.2,19.2,20.6,24.5,28.2,37,35.9,29.7,25.4,19.5,13.4,4.6,5.1,7.5,7.2,11,12.3,18.4,17.1,12.3,10,7.1,5
1591165,2006,3,19,"200603","200504",0,0,0,52.923,85.807,153.597,222.829,194.022,116.665,74.264,0.618,0,7.83,0.94,16.42,-2.76,-4.79,-12.31,-23.76,-22.03,-13.95,-10.05,-2.85,22.63,8,4,7,1,0,0,0,0,0,0,1,6,300,197,311,161,62,24,0,1,22,65,151,266,0,1,0,6,35,76,284,248,99,34,7,0,121,162,110,238,380,439,685,649,467,378,247,142,34.925,52.316,62.195,105.52,144.721,170.675,223.123,194.521,129.455,87.026,50.22,32.066,25,25,24,28,31,30,31,31,30,31,29,28,1,0,2,0,0,0,0,0,0,0,0,1,120,74,205,53,59,17,0,0,13,13,50,272,70,62,68,58,57,51,47,48,50,54,60,69,-51.6,11.8,15.9,22.4,12.6,25.6,19.7,23.9,38.7,16,-27.7,-42.8,8.5,10.8,8,13,17.2,19.7,27.1,26,20.6,17.2,13.3,9.3,13.1,16.8,13,19.8,24.5,28.2,37.1,35.8,29.5,25,19.8,13.8,3.8,4.8,3.1,6.2,10,11.1,17.1,16.2,11.7,9.4,6.9,4.9
469091,2006,4,2,"200603","200504",41.083,33.03,13.619,88.739,130.863,129.777,151.254,139.018,123.559,74.162,64.157,55.828,-5.96,-4.58,0.83,-5.65,-8.54,-8.59,-11.13,-11.08,-11.94,-7.94,-9.4,-8.12,2,1,2,0,0,0,0,0,0,0,0,1,136,97,170,81,43,28,4,4,16,35,55,117,13,15,5,21,48,68,150,157,123,61,44,19,274,274,235,332,418,427,551,557,497,440,373,294,65.495,77.226,84.53,118.85,136.578,131.251,152.252,140.088,125.614,92.605,74.634,61.793,31,28,31,30,31,30,31,31,30,31,30,31,0,0,0,0,0,0,0,0,0,0,0,0,24,44,71,30,6,1,1,1,2,18,10,6,58,58,68,63,67,71,69,70,62,66,59,63,-55.8,14.6,17.3,22,19.4,22.7,36.6,32.2,42.3,19.4,-27.8,-44.9,14.1,15.1,12.8,16.2,18.5,19.3,22.8,23,21.6,19.3,17.8,14.9,21,22.1,17.9,22.3,24,24.1,28.1,28.2,28,25,24.7,21.7,7.3,8.1,7.8,10.1,13,14.4,17.5,17.8,15.1,13.5,10.9,8.2
469115,2006,5,14,"200605","200506",39.001,35.836,17.919,68.12,102.107,109.942,125.27,116.95,108.153,64.84,60.503,50.602,-5.33,-4.45,0.37,-3.64,-6.03,-6.87,-8.53,-8.67,-9.74,-6.5,-8.36,-7.08,2,1,2,0,0,0,0,0,0,0,0,1,131,95,168,95,45,34,6,6,20,38,56,114,14,16,5,17,47,59,126,132,109,55,42,19,279,277,237,313,413,412,526,532,479,432,370,296,60.424,71.527,76.549,93.839,110.769,111.034,126.338,117.82,110.51,81.481,68.288,56.745,31,28,31,30,31,30,31,31,30,31,30,31,0,0,0,0,0,0,0,0,0,0,0,0,21,36,59,26,9,1,1,1,2,17,8,6,64,63,73,75,78,78,77,77,69,73,65,67,-54.9,13.4,15.7,18,23.4,20.7,39.5,32.5,42.6,19.8,-27.3,-44.6,14.3,15.2,12.9,15.6,18.3,18.7,22,22.2,21,19,17.7,15,20.1,21.2,17.1,19.5,22,22.3,25.8,26,26.1,23.5,23.6,20.7,8.5,9.3,8.8,11.6,14.7,15.2,18.2,18.4,15.8,14.5,11.9,9.3
469126,2006,5,24,"200605","200506",39.41,36.775,16.192,51.983,101.797,108.256,123.412,117.439,102.606,68.975,66.19,51.049,-5.66,-4.82,0.61,-1.91,-5.82,-6.6,-8.19,-8.5,-8.88,-6.97,-9.2,-7.37,2,1,2,0,0,0,0,0,0,0,0,1,142,106,202,133,61,48,9,11,33,51,73,130,12,12,0,8,32,42,103,102,73,38,28,14,266,262,199,268,381,382,496,493,429,402,341,276,61.811,73.773,78.376,92.291,112.17,109.088,124.98,118.48,105.597,83.761,69.771,57.528,31,28,30,30,31,30,31,31,30,31,30,31,0,0,0,0,0,0,0,0,0,0,0,0,22,37,62,40,10,1,2,1,3,15,4,6,60,59,69,73,75,77,76,75,69,69,60,62,-55.5,14.2,16.8,18.7,22.8,21.2,39.4,32.3,42.4,19.4,-27.8,-44.8,13.9,14.7,11.6,14.1,17.3,17.8,21,20.9,19.3,18,16.8,14.4,20.4,21.4,16.5,18.3,21.3,21.4,24.9,25.1,24.6,23.2,23.5,20.7,7.4,8,6.8,9.8,13.3,14.1,17.1,16.8,14.1,12.8,10.1,8
469096,2006,5,26,"200605","200506",39.048,24.823,7.43,60.146,129.76,146.134,175.661,161.799,133.52,74.089,70.644,55.063,-6.08,-4.13,1.36,-2.75,-8.6,-10.31,-14.27,-14.18,-13.84,-8.59,-10.62,-8.45,2,1,2,0,0,0,0,0,0,0,0,1,151,112,204,121,43,32,3,4,19,42,66,131,11,12,2,11,50,63,163,162,111,51,36,15,258,258,199,282,416,418,564,563,482,422,355,278,65.592,78.44,86.704,110.613,143.56,147.564,177.238,162.732,136.946,99.267,76.345,62.324,29,27,29,30,31,30,31,31,30,31,30,31,0,0,0,0,0,0,0,0,0,0,0,0,27,54,79,50,14,1,2,1,3,25,6,7,55,54,63,64,63,63,60,60,55,59,54,58,-56.1,15.3,18.7,21.8,18.2,24.9,33.6,31.4,41.8,18.8,-28.2,-45.1,13.5,14.5,11.6,14.5,18.4,19,23.2,23.2,21.1,18.7,17.2,14.3,20.9,22.1,17.5,20.4,24.6,25.2,30.3,30.2,29.1,25.6,24.9,21.7,6.2,6.8,5.6,8.6,12.3,12.7,16.2,16.2,13.1,11.7,9.4,6.9
469105,2006,6,21,"200606","200507",42.515,32.25,13.104,82.368,134.949,171.697,174.944,160.598,136.295,78.873,67.306,57.667,-6.33,-4.77,0.85,-4.98,-9.1,-13.87,-14.13,-13.98,-14.13,-9.04,-10.13,-8.57,2,1,2,0,0,0,0,0,0,0,0,1,149,104,180,95,34,6,2,3,14,33,59,127,11,14,4,18,63,159,183,185,135,66,42,16,260,267,225,313,439,544,584,586,511,445,366,283,66.967,79.49,87.677,114.227,143.601,172.636,176.082,161.467,138.32,100.749,77.189,63.309,29,28,30,30,31,30,31,31,30,31,30,31,0,0,0,0,0,0,0,0,0,0,0,0,24,47,75,32,9,1,1,1,2,22,10,6,55,55,65,64,65,61,62,62,56,60,55,59,-56.1,15.3,18.2,21.6,18.4,23.3,34,31.6,41.8,19,-28.1,-45,13.6,14.8,12.5,15.6,19.2,23.1,23.9,23.9,22.1,19.4,17.6,14.5,21.1,22.4,18.1,21.4,25,30,30.6,30.5,29.7,26.1,25.1,21.9,6.2,7.2,6.9,9.7,13.4,16.3,17.1,17.3,14.4,12.7,10,7.2
469090,2006,6,28,"200606","200507",40.381,18.428,0,79.794,147.481,190.125,196.862,179.584,147.237,74.53,68.661,58.765,-6.36,-3.68,2.18,-4.87,-10.66,-16.76,-17.62,-17.17,-16.43,-9.28,-10.86,-9.07,2,1,2,0,0,0,0,0,0,0,0,1,158,110,194,105,34,5,2,2,13,34,60,131,10,12,3,16,63,172,206,203,140,65,42,15,251,261,211,301,438,557,607,604,518,443,365,279,67.644,80.738,89.893,118.962,157.493,191.885,199.317,181.178,149.56,106.483,79.886,64.797,28,27,29,30,31,30,31,31,30,31,30,30,0,0,0,0,0,0,0,0,0,0,0,0,27,62,91,39,10,2,2,2,2,32,11,6,53,53,62,60,59,54,54,55,51,56,52,58,-56.3,15.6,19,22.8,16.6,25.6,31.9,31.2,41.5,18.7,-28.3,-45.2,13.3,14.5,11.9,15.2,19.2,23.6,24.6,24.5,22.3,19.3,17.5,14.3,21.1,22.5,18.1,21.7,26.2,31.9,32.9,32.6,31.2,26.9,25.7,22.2,5.5,6.6,5.8,8.6,12.1,15.3,16.3,16.4,13.4,11.8,9.3,6.5
469114,2006,7,6,"200606","200507",41.306,35.245,24.536,46.623,96.694,120.85,114.304,107.132,97.373,60.224,65.725,50.998,-5.75,-4.54,-0.2,-1.41,-5.41,-8.03,-7.43,-7.51,-8.2,-5.84,-9.02,-7.31,2,1,2,0,0,0,0,0,0,0,0,1,146,110,205,140,66,17,11,14,36,58,75,134,11,11,0,6,29,94,95,93,68,31,26,12,261,257,196,260,373,468,486,481,422,389,337,271,61.481,72.899,76.885,88.03,106.191,121.933,114.304,108.29,100.704,79.237,69.299,57.589,31,28,30,30,31,30,31,31,30,31,30,31,0,0,0,0,0,0,0,0,0,0,0,0,20,38,52,41,9,1,0,1,3,19,4,7,60,60,70,75,77,76,80,79,71,71,60,62,-55.4,14.1,16.6,18,23.9,19.8,40.8,32.5,42.5,19.6,-27.7,-44.8,13.7,14.5,11.5,13.8,17,20.6,20.7,20.5,19.1,17.6,16.6,14.2,20.2,21.1,16.2,17.7,20.6,24.5,24,24.1,23.9,22.3,23.3,20.6,7.3,7.9,6.8,9.9,13.4,16.7,17.3,17,14.3,12.9,10,7.8
1601338,2006,10,23,"200610","200511",0,0,0,0,141.862,196.276,221.754,184.16,137.168,73.013,5.355,0,6.74,0.26,14.77,8.63,-11.05,-18.51,-23.5,-19.53,-17.17,-9.39,-3.31,20.48,7,3,6,0,0,0,0,0,0,0,1,6,294,197,296,150,31,4,0,2,11,78,145,264,0,2,0,8,70,185,297,192,148,26,8,0,125,168,122,250,448,571,698,592,527,357,254,143,34.734,52.742,63.224,94.787,163.347,196.962,222.104,184.54,138.457,83.554,50.443,31.381,26,25,25,30,31,30,31,31,30,31,29,28,1,0,1,0,0,0,0,0,0,0,0,1,109,67,191,155,21,1,0,0,1,11,45,249,70,62,68,67,53,50,49,48,49,56,61,70,-51.6,11.8,15.9,20,8.9,26.9,19.8,24.6,38.1,16.4,-27.7,-42.7,8.7,11.1,8.5,13.4,19.5,24.1,27.6,24.1,22.6,16.5,13.6,9.4,13.2,17.1,13.4,18.8,27.6,33.2,37.3,33.8,31.8,24,20,13.6,4.1,5.1,3.6,8.1,11.4,14.9,17.9,14.5,13.4,9,7.2,5.1
1603927,2007,3,14,"200703","200604",21.464,0,76.54,0,142.412,191.027,218,178.768,133.815,72.742,0,0,-2.64,10.45,-7.3,7.16,-10.95,-17.55,-22.67,-18.42,-16.32,-9.1,-0.61,4.53,10,4,1,0,0,0,0,0,0,0,1,7,328,211,108,138,29,4,0,2,12,75,182,290,0,0,19,10,75,190,304,193,147,28,3,0,99,150,308,262,455,576,705,594,527,362,212,122,38.1,45.518,93.877,93.437,161.132,191.724,218.356,179.333,134.98,81.312,42.591,31.669,19,26,31,30,31,30,31,31,30,31,29,26,0,0,0,0,0,0,0,0,0,0,0,1,17,156,17,138,19,1,0,1,1,9,54,87,61,69,58,68,55,53,50,50,51,58,68,73,-52.6,10.3,18.9,19.5,9.1,26.4,20,24.8,38.2,16.5,-26.4,-42.8,7.5,10.3,15.2,13.9,19.7,24.2,27.8,24.2,22.6,16.7,12.2,8.6,13.5,15.1,22.1,18.9,27.6,32.8,37.1,33.3,31.4,23.7,17.2,13.2,1.6,5.6,8.3,8.8,11.9,15.6,18.5,15.1,13.8,9.6,7.2,3.9
469110,2007,3,15,"200703","200604",39.326,36.29,101.173,50.155,99.485,127.054,130.27,118.663,102.254,76.189,65.709,44.592,-5.37,-4.18,-8.69,-1.76,-5.63,-8.62,-9.3,-8.6,-8.98,-7.5,-9.22,-6.74,2,2,1,0,0,0,0,0,0,0,0,2,176,133,87,135,63,15,3,12,25,62,63,149,6,6,24,7,31,98,172,100,93,32,39,11,224,228,331,266,379,475,573,491,458,382,360,258,59.604,66.327,106.348,90.115,110.205,128.25,131.432,120.027,103.544,80.67,69.721,57.989,29,28,31,30,31,30,31,31,30,31,30,31,0,0,0,0,0,0,0,0,0,0,0,0,20,30,5,40,11,1,1,1,1,4,4,13,59,64,60,74,76,74,77,74,71,70,61,62,-55.1,13.2,19.9,18.3,23.1,20.1,38.5,32.2,42.4,19.5,-27.8,-44.8,12.6,13.6,16.1,14,17.2,20.9,23.5,20.8,20.3,17.3,17.3,13.7,19.1,19.4,22.8,18.1,21.1,25.1,27.4,25.1,25.1,22.3,23.8,20.4,6,7.7,9.4,9.9,13.3,16.6,19.7,16.6,15.5,12.4,10.8,6.9
3235156,2007,3,22,"200703","200604",38.542,0,98.579,38.098,165.175,201.863,225.505,188.758,138.973,85.453,6.768,0,-4.69,5.1,-10.11,-1.23,-13.82,-19.54,-24.04,-20.35,-17.55,-11.28,-2.57,2.61,9,4,1,0,0,0,0,0,0,0,1,8,322,217,101,124,19,2,0,2,11,70,200,309,0,0,21,12,102,226,315,207,150,31,1,0,103,145,316,278,492,613,716,607,530,369,190,107,39.704,46.789,101.87,103.786,173.982,203.937,225.879,189.398,139.966,87.909,43.139,31.823,18,25,30,30,31,30,31,31,30,30,27,23,0,0,0,0,0,0,0,0,0,0,0,1,1,106,3,66,9,2,0,1,1,2,36,67,57,66,52,62,51,50,48,46,48,51,64,70,-53.3,10.9,20.6,21.2,4.7,27.6,15.9,22.2,36.8,15.5,-26.6,-42.8,7.8,10.1,15.5,14.4,21,25.5,28.2,24.6,22.7,16.9,11.4,8,14.5,15.4,23.7,20.6,29.6,34.7,38.1,34.7,32.3,25.3,17.1,13.2,1,4.8,7.3,8.3,12.3,16.2,18.3,14.5,13.1,8.5,5.7,2.7
1606153,2007,3,28,"200703","200604",43.305,20.394,106.776,20.159,132.067,173.637,200.243,178.501,141.678,94.317,64.795,36.468,-5.96,-3.31,-10.25,1.03,-9.24,-14.68,-19,-17.29,-16.25,-11.1,-10.16,-6.54,3,2,0,0,0,0,0,0,0,0,0,2,196,127,66,127,33,6,0,3,9,42,54,148,5,8,38,11,64,164,281,188,167,56,49,12,202,239,366,275,440,549,682,589,552,423,379,262,55.67,68.7,113.055,109.193,150.213,176.657,201.1,179.335,143.413,97.545,70.901,56.984,28,28,31,30,31,30,31,31,30,31,30,30,0,0,0,0,0,0,0,0,0,0,0,0,12,48,6,89,18,3,1,1,2,3,6,21,60,60,56,63,62,59,58,54,55,58,59,61,-54.8,13.6,20.7,21.8,15.8,24.5,29.3,29.5,40.6,18.2,-28.4,-45.1,11.8,13.8,17.2,14.3,19.3,23.3,27,24,23.5,18.7,17.9,13.7,18.3,20.3,24.6,20.3,25.8,30.6,34.7,32.3,31.5,25.7,24.8,20.7,5.4,7.3,9.8,8.3,12.8,16.1,19.3,15.7,15.4,11.6,10.9,6.7
2124078,2007,4,13,"200704","200605",29.283,0,83.072,77.247,148.138,196.735,219.182,181.424,135.724,82.162,0,0,-3.58,10.63,-8.13,-5.63,-11.64,-18.55,-22.93,-19.01,-16.84,-10.74,-0.88,4.39,9,4,1,0,0,0,0,0,0,0,1,8,320,206,99,81,23,3,0,2,10,61,188,298,0,0,22,25,88,217,319,215,156,37,3,0,105,155,320,331,474,604,720,616,538,383,205,117,37.887,45.018,95.834,119.614,163.679,197.284,219.603,181.92,136.831,86.48,41.939,30.471,20,26,31,30,31,30,31,31,30,31,29,25,0,0,0,0,0,0,0,0,0,0,0,1,9,158,13,42,16,1,0,0,1,4,51,83,61,70,57,57,55,52,51,50,50,54,67,74,-52.6,10.2,19.2,22.8,8.2,26.3,19.2,24.2,37.8,15.8,-26.3,-42.6,7.8,10.5,15.6,16.2,20.4,25.2,28.3,24.9,23,17.4,11.9,8.3,13.8,15.2,22.8,23.5,28.2,33.9,37.6,34,32,25.2,17,12.9,1.8,5.8,8.4,8.9,12.5,16.4,19,15.8,14,9.5,6.8,3.8
5776205,2007,4,17,"200704","200605",12.312,0,69.675,53.054,91.97,114.029,119.342,99.005,85.73,56.204,0,0,-1.85,10.36,-5.76,-2.24,-4.81,-7,-7.57,-6.45,-7.13,-5.74,-0.21,5.07,8,4,2,1,0,0,0,0,0,0,1,5,299,205,167,196,138,75,38,89,99,142,187,243,0,0,2,0,4,24,35,14,21,0,0,0,111,145,229,198,283,339,401,329,312,277,197,152,41.406,48.047,88.953,90.122,107.309,116.158,121.25,100.679,87.695,68.767,47.532,39.253,22,26,29,29,31,30,31,31,30,30,28,27,0,0,0,0,0,0,0,0,0,0,0,0,29,156,19,37,15,2,2,2,2,13,62,107,63,69,59,67,70,71,72,73,68,66,64,69,-53,10.8,19.2,20.2,18.9,21.8,36.2,29.7,39.5,18.3,-26.8,-43.8,8.5,10.5,13,11.8,14,16.3,17.9,15.6,15.4,13.9,12,10.1,14.3,15.3,19.7,17,18.8,21,22.5,20,20.6,19.4,17.6,15.7,2.7,5.8,6.2,6.6,9.3,11.6,13.3,11.2,10.2,8.4,6.3,4.5
469113,2007,5,5,"200704","200605",41.884,30.731,106.163,99.591,117.686,146.393,152.539,138.947,119.591,85.601,67.972,42.777,-5.81,-3.75,-9.37,-6.71,-7.24,-10.65,-11.69,-10.89,-11.43,-9.04,-9.78,-6.86,3,2,1,0,0,0,0,0,0,0,0,2,185,137,84,89,48,10,2,7,17,51,66,156,5,6,26,19,44,122,207,127,120,43,38,10,216,225,336,320,407,505,608,526,493,402,357,251,62.01,68.802,111.15,115.236,128.995,147.507,153.741,139.723,121.181,92.317,73.028,60.867,28,28,31,30,31,30,31,31,30,31,30,29,0,0,0,0,0,0,0,0,0,0,0,0,20,38,5,16,11,1,1,1,2,7,5,18,56,61,57,64,69,68,71,68,64,63,58,57,-55.5,13.8,20.7,21.7,20.2,22,36,31.9,42.2,19,-28,-45,12.3,13.4,16.2,15.8,18.1,21.9,24.6,22,21.4,18,17.2,13.4,19.5,19.7,23.5,21.8,23.2,27.3,29.6,27.5,27.6,24.3,24.3,20.9,5.1,7.1,9,9.9,13.1,16.5,19.7,16.5,15.3,11.7,10,5.8
469107,2007,5,6,"200704","200605",36.071,23.921,108.103,99.845,121.566,158.751,170.416,153.272,128.157,86.47,68.689,40.04,-5.41,-3.28,-9.87,-6.82,-7.68,-12.15,-13.96,-12.87,-12.92,-9.36,-10.33,-6.84,3,2,1,0,0,0,0,0,0,0,0,2,185,137,83,96,48,10,1,5,15,52,61,152,5,6,27,17,44,123,219,145,128,42,42,11,217,226,338,311,406,506,620,546,502,400,365,257,63.18,70.898,115.489,117.38,135.086,159.96,171.634,154.143,130.081,94.761,75.89,62.249,27,27,31,30,31,30,31,31,30,31,30,29,0,0,0,0,0,0,0,0,0,0,0,0,27,47,7,18,14,1,1,1,2,8,7,22,55,59,54,62,67,63,65,63,60,61,56,57,-55.7,14.3,21.5,22.3,19.4,22.8,34.1,31.6,42,19,-28.2,-45.1,12.3,13.4,16.3,15.5,18.1,21.9,25,22.6,21.8,17.9,17.5,13.5,19.7,20.1,24.1,21.8,23.6,28.2,31.1,29.1,28.7,24.5,25,21.3,4.8,6.7,8.5,9.3,12.6,15.6,19,16.2,14.8,11.3,9.9,5.8
469111,2007,5,11,"200705","200606",34.378,29.821,98.898,84.723,106.92,122.902,121.088,111.228,99.251,69.683,63.462,41.963,-4.75,-3.37,-8.36,-5.16,-6.33,-8.24,-8.51,-7.94,-8.59,-6.67,-8.76,-6.37,3,2,1,0,0,0,0,0,0,0,0,2,181,136,83,105,74,15,3,11,23,64,65,149,5,6,25,13,24,98,170,105,96,30,37,11,219,225,336,300,362,474,571,497,463,379,356,258,59.869,65.354,105.342,99.066,107.893,123.849,121.088,111.978,100.734,78.302,69.267,58.52,29,28,31,30,31,30,31,31,30,31,30,31,0,0,0,0,0,0,0,0,0,0,0,0,25,36,6,14,1,1,0,1,1,9,6,17,59,65,61,72,76,76,81,78,73,71,62,62,-55,13,19.5,19.2,23.7,19.5,40,32.5,42.6,19.8,-27.6,-44.8,12.4,13.5,16.3,15.1,16.6,20.8,23.4,21,20.4,17.2,17.2,13.6,19,19.1,22.7,19.7,20.5,24.8,26.7,24.7,24.9,21.9,23.5,20.4,5.9,7.8,9.9,10.6,12.8,16.9,20.2,17.4,16,12.6,10.9,6.9
80367,2007,5,27,"200705","200606",2.245,1.258,85.063,82.323,114.533,128.362,140.65,113.39,98.91,72.635,51.966,18.073,-1.44,-0.58,-7.02,-5.05,-6.87,-8.43,-9.77,-7.93,-8.64,-7.45,-7.62,-3.92,4,3,1,0,0,0,0,0,0,0,0,3,235,173,128,149,131,51,17,40,50,91,91,185,0,0,9,3,4,39,70,40,49,14,20,4,164,179,275,250,291,377,455,404,389,338,314,214,51.243,58.274,93.712,101.301,115.967,129.425,140.65,114.49,101.218,80.194,62.172,50.957,26,27,31,29,31,30,31,31,30,31,30,29,0,0,0,0,0,0,0,0,0,0,0,0,49,57,9,19,1,1,0,1,2,8,10,33,61,66,63,66,68,68,68,72,67,65,63,65,-54.1,12.3,18.8,20.9,19.3,21.4,34.5,30.3,40.6,18.9,-27.6,-44.6,10.6,12,14.4,13.5,14.3,17.6,19.7,18,18,15.9,15.8,12.3,16.7,17.4,20.5,19,19.5,22.9,25.1,22.7,23.4,21.6,22,18.6,4.5,6.6,8.3,8,9.1,12.3,14.3,13.4,12.6,10.2,9.7,6
1607550,2007,9,30,"200709","200610",34.3,0,90.39,87.372,163.061,190.739,203.876,185.213,113.798,82.612,0,0,-4.05,5.99,-8.97,-6.69,-13.32,-17.26,-19.46,-19.66,-13.06,-10.68,-1.66,3.39,10,4,1,0,0,0,0,0,0,0,1,8,324,207,99,82,22,5,1,1,20,66,192,304,0,0,21,25,90,171,230,226,108,34,2,0,102,153,318,330,477,557,631,626,477,376,200,111,38.405,46.246,98.539,122.924,170.676,192.751,204.969,185.519,125.286,86.339,42.526,30.62,19,26,31,30,31,30,31,31,30,31,28,25,0,0,0,0,0,0,0,0,0,0,0,1,4,113,8,36,8,2,1,0,11,4,43,73,60,68,55,54,52,51,50,49,53,54,66,73,-52.8,10.5,19.8,23.4,6.3,27.4,21,23.4,38.3,15.8,-26.4,-42.6,7.7,10.4,15.6,16.2,20.5,23.6,25.4,25.3,20.9,17.1,11.8,8.1,13.9,15.4,23.2,23.9,29,32.6,34.6,34.6,29.3,25,17.1,12.8,1.5,5.5,8,8.5,12,14.6,16.2,15.9,12.6,9.2,6.5,3.5
1613574,2007,10,13,"200710","200611",25.962,0,84.332,84.399,162.959,186.684,199.905,181.21,118.644,60.662,8.489,0,-2.91,5.94,-8.02,-6.12,-13.04,-16.34,-18.53,-18.62,-12.99,-7.54,-2.6,1.9,11,4,1,0,0,0,0,0,0,0,1,7,336,211,106,86,27,7,1,2,23,82,181,295,0,0,19,22,77,147,211,213,99,23,3,0,93,150,309,323,460,531,612,613,466,350,212,118,38.992,47.783,97.087,118.886,168.418,187.474,200.532,181.543,122.838,80.93,44.791,33.143,18,26,31,30,31,30,31,31,30,31,29,24,0,0,0,0,0,0,0,0,0,0,0,0,13,113,13,34,5,1,1,0,4,20,36,61,60,67,57,57,52,51,51,51,55,58,66,72,-52.7,10.9,19.5,22.8,7.6,27.4,22.8,24.6,38.9,16.8,-26.6,-43,7.3,10.3,15.3,16,19.9,22.7,24.8,24.8,20.5,16.3,12.2,8.4,13.5,15.4,22.5,23.1,28.3,31.5,33.7,33.8,28.5,23.3,17.6,13.4,1.1,5.2,8,8.8,11.5,14,15.8,15.9,12.6,9.3,6.8,3.4
1613581,2007,10,28,"200710","200611",31.111,0,85.965,81.519,159.101,190.384,204.933,184.677,113.482,45.943,0,0,-3.72,8.55,-8.42,-6.06,-12.88,-17.22,-19.73,-19.67,-13,-6.2,-1.27,3.9,9,4,1,0,0,0,0,0,0,0,1,8,322,206,99,80,23,5,1,1,19,79,188,300,0,0,22,25,89,172,240,235,110,25,3,0,104,154,319,331,476,557,641,636,480,355,205,115,37.897,45.302,96.511,120.871,169.035,192.117,205.825,185.043,124.574,78.693,42.061,30.314,20,26,31,30,31,30,31,31,30,31,29,25,0,0,0,0,0,0,0,0,0,0,0,1,7,137,11,39,10,2,1,0,11,33,47,78,61,69,57,56,53,51,51,50,54,59,67,74,-52.6,10.2,19.3,23,6.9,27.2,21.2,23.8,38.5,16.5,-26.4,-42.6,7.8,10.5,15.6,16.2,20.4,23.6,25.7,25.6,21,16.4,11.9,8.2,13.8,15.3,22.9,23.7,28.8,32.5,34.9,34.7,29.2,23.3,17.1,12.8,1.8,5.8,8.3,8.8,12.1,14.7,16.6,16.4,12.9,9.6,6.8,3.7
1616502,2008,3,6,"200802","200703",0,0,90.089,87.446,162.284,191.833,206.953,188.131,115.845,45.356,37.392,0,13.52,2.29,-9.14,-6.84,-13.39,-17.56,-20.18,-20.38,-13.47,-6.13,-6.88,4.56,13,5,1,0,0,0,0,0,0,0,1,11,362,221,97,79,20,4,1,1,20,90,146,340,0,0,22,26,96,179,244,234,106,20,8,0,77,143,321,333,486,564,645,635,475,339,252,85,27.97,48.34,100.113,124.729,171.854,194.253,208.385,188.406,126.317,77.955,51.805,28.864,22,24,31,30,31,30,31,31,30,31,28,22,4,0,0,0,0,0,0,0,0,0,0,1,162,80,10,37,10,2,1,0,10,33,14,78,75,63,53,53,52,50,50,49,52,58,57,68,-49.7,11.3,20.1,23.7,5.9,27.4,20.1,23,38.2,16.5,-28.2,-42.3,6.4,10,15.7,16.3,20.8,23.8,25.9,25.5,20.9,15.9,13.6,7,10.2,15.7,23.5,24.2,29.3,32.9,35.2,35.1,29.4,22.9,20.7,11.6,2.7,4.2,7.8,8.4,12.2,14.8,16.5,16,12.3,8.9,6.4,2.3
1615905,2008,3,22,"200803","200704",0,0,78.017,74.602,163.749,195.76,209.195,190.834,122.53,60.973,38.226,0,11.66,3.16,-6.86,-5.14,-13.35,-18.04,-20.56,-20.81,-14.06,-7.93,-6.83,5.01,12,5,2,0,0,0,0,0,0,0,1,12,353,230,180,105,31,6,1,1,21,83,131,346,0,0,5,17,70,154,234,231,104,23,11,0,83,136,226,300,447,538,635,632,473,349,269,81,30.736,49.002,86.752,116.698,170.597,196.781,210.616,191.33,128.143,83.432,53.384,29.842,22,23,29,29,31,30,31,31,30,30,29,21,3,0,0,0,0,0,0,0,0,0,0,1,146,87,9,42,7,1,1,0,6,22,15,82,73,64,58,57,50,48,49,48,52,56,59,66,-50.3,11.5,19,22.9,7.7,28.2,21.7,24.1,38.8,16.5,-28.1,-42.5,6.7,9.7,12.5,15.2,19.5,23,25.5,25.4,20.8,16.2,14.1,6.8,10.7,15.3,19.4,22.4,28.3,32.5,35.1,35.1,29.3,23.7,20.8,11.3,2.7,4,5.6,8,10.7,13.4,16,15.7,12.3,8.8,7.4,2.2
469121,2008,3,26,"200803","200704",0,0,97.306,93.809,127.158,141.591,151.538,147.76,112.835,90.137,41.451,8.294,6.08,0.14,-8.21,-6.19,-8.16,-9.79,-11.15,-12.46,-10.65,-10.2,-6.66,-2.61,3,2,1,0,0,0,0,0,0,0,0,2,182,145,113,98,64,31,6,3,21,29,68,169,5,5,14,16,29,64,127,174,104,74,35,7,218,215,298,309,377,420,528,575,473,457,351,234,53.39,64.892,102.712,110.102,128.074,142.526,152.125,150.822,117.397,96.683,67.456,52.695,31,28,31,30,31,30,31,31,30,31,30,31,0,0,0,0,0,0,0,0,0,0,0,0,124,72,5,16,1,1,1,3,5,7,26,44,66,64,59,66,68,65,68,66,65,63,63,59,-53.9,13.1,19.9,21,20.2,22.4,36,31.4,42.2,18.8,-27.6,-44.4,12.4,13.1,15,15.5,17.1,19,22,23.6,20.8,19.8,17,12.9,17.7,18.9,21.7,21,22.4,24.9,27.6,29.5,26.8,26.1,23.2,18.8,7,7.3,8.3,9.9,11.9,13.2,16.5,17.7,14.8,13.5,10.9,7
617784,2008,4,12,"200804","200705",0,34.17,111.382,143.708,175.39,197.738,217.439,200.932,142.517,107.529,56.918,18.377,3.52,-4.82,-10.51,-12.42,-14.12,-17.72,-21.25,-21.68,-16.19,-13.54,-9.68,-3.9,4,2,1,0,0,0,0,0,0,0,0,3,213,140,91,53,25,7,1,1,12,31,66,214,3,6,24,41,81,149,257,274,142,74,39,4,188,224,330,378,466,534,657,674,520,452,358,189,54.386,72.559,115.106,144.897,175.92,198.354,218.081,203.116,147.331,110.322,75.319,52.878,27,26,31,30,31,30,31,31,30,31,30,26,0,0,0,0,0,0,0,0,0,0,0,0,103,38,4,1,1,1,1,2,5,3,18,35,60,55,52,51,52,49,50,50,51,52,53,50,-54.5,14.7,21.8,25.4,13.1,28.1,28.9,29.4,41,17.6,-28.7,-44.6,11.2,13.3,15.9,17.8,20.1,22.8,26.3,26.8,22.4,19.6,17.2,11.2,17.5,20.7,24.1,26.3,28.6,32.2,35.6,36.2,31.3,28.1,25.2,18.2,4.8,5.9,7.8,9.2,11.6,13.5,16.9,17.5,13.5,11.1,9.1,4.2
2146635,2008,4,13,"200804","200705",0,0.263,87.608,127.541,175.002,197.311,207.155,190.386,124.523,73.707,48.23,0,5.91,-0.53,-7.69,-10.53,-14.57,-18.09,-19.87,-20.35,-13.93,-9.03,-7.43,1.34,12,5,1,0,0,0,0,0,0,0,1,12,346,222,156,95,20,4,1,1,16,68,141,347,0,0,8,21,100,186,259,263,123,33,9,0,89,143,255,314,489,571,660,663,497,372,260,82,31.471,51.075,91.662,129.048,177.628,198.205,207.485,191.152,130.059,87.215,55.213,30.645,24,24,30,29,31,30,31,31,30,31,29,22,2,0,0,0,0,0,0,0,0,0,0,1,88,51,4,2,3,1,0,1,6,14,7,44,75,64,57,51,51,50,52,51,54,57,58,64,-50.2,11.9,19.4,24.8,7.2,28.1,23.2,24.9,39.1,16.8,-28,-42.5,7,9.9,13.4,15.6,20.9,24.1,26.4,26.5,21.6,17,13.8,6.7,10.7,15.5,20.3,24,29.6,33.2,35.1,35.5,29.7,24.3,20.5,11.1,3.2,4.3,6.4,7.2,12.1,15,17.6,17.4,13.5,9.7,7,2.3
469125,2008,4,17,"200804","200705",0,0,101.839,130.569,154.162,174.38,186.31,177.561,130.874,98.234,41.663,0,4.96,-0.22,-9.03,-10.48,-11.22,-13.99,-15.84,-17.12,-13.65,-11.82,-7.61,-1.78,4,2,1,0,0,0,0,0,0,0,0,3,212,166,125,79,47,18,3,2,16,34,75,207,3,3,13,24,45,90,174,217,122,67,32,4,188,195,287,334,408,460,575,617,496,443,343,194,57.126,69.479,111.828,136.008,157.087,175.589,186.937,180.819,135.732,107.505,75.942,56.721,27,26,30,30,31,30,31,31,30,31,30,26,0,0,0,0,0,0,0,0,0,0,0,0,119,75,10,5,3,1,1,3,5,9,34,60,60,58,52,53,57,53,57,56,57,55,54,50,-54.4,14.6,22,25,16.4,26.4,32.9,31,42,18.6,-28.1,-44.6,11.2,12.3,14.5,16.3,18.2,20.4,23.6,25,21.5,19.3,16.7,11.5,17.6,19.1,22.6,24.3,25.6,28.6,31.3,32.9,29.2,27.1,24.5,18.7,4.8,5.4,6.5,8.3,10.8,12.2,15.9,17.1,13.9,11.6,8.9,4.2
469119,2008,4,18,"200804","200705",0,0.701,96.821,118.057,121.15,131.133,137.212,135.083,103.342,85.504,44.308,15.652,4.3,-0.53,-8.08,-8.73,-7.57,-8.68,-9.56,-10.73,-9.27,-9.33,-6.68,-3.25,3,2,1,0,0,0,0,0,0,0,0,2,186,146,111,77,66,34,7,5,25,34,75,175,5,4,15,23,28,59,115,152,93,64,29,6,212,213,300,338,374,413,511,552,458,444,339,227,53.503,64.333,101.557,120.02,121.998,131.841,137.674,137.704,108.838,92.15,65.841,52.255,30,28,31,30,31,30,31,31,30,31,30,30,0,0,0,0,0,0,0,0,0,0,0,0,107,64,5,2,1,1,0,3,5,7,22,37,66,64,60,62,71,69,72,70,68,65,63,59,-53.9,13,19.6,22.1,21.1,21.6,37.7,31.7,42.3,18.9,-27.5,-44.4,12.2,13,15.1,16.4,17,18.8,21.5,22.8,20.3,19.4,16.6,12.7,17.7,18.8,21.6,22.7,21.8,23.8,26.2,28,25.6,25.2,22.7,18.6,6.8,7.3,8.6,10.2,12.2,13.7,16.9,17.7,15,13.5,10.6,6.8
469129,2008,4,27,"200804","200705",0,7.373,91.234,113.706,115.173,125.28,122.857,121.623,97.693,81.304,40.564,9.516,2.12,-0.87,-7.33,-8.21,-7.09,-8.15,-8.29,-9.35,-8.57,-8.59,-6.07,-2.48,2,2,1,0,0,0,0,0,0,0,0,2,175,140,98,63,53,29,7,3,18,27,66,163,6,5,19,31,37,67,121,170,115,78,36,8,227,221,316,359,396,425,520,571,487,464,355,242,52.961,61.429,100.126,118.391,116.966,126.032,123.363,124.527,102.723,89.324,66.315,53.625,31,28,31,30,31,30,31,31,30,31,30,31,0,0,0,0,0,0,0,0,0,0,0,0,82,54,9,5,2,1,1,3,5,8,26,44,69,69,63,65,74,73,78,76,74,69,65,60,-53.4,12.2,18.9,21.3,22.4,20.6,39.9,32.4,42.7,19.5,-27.1,-44.3,12.7,13.3,15.6,17.1,17.8,19.2,21.8,23.5,21.3,20,17.2,13.1,17.6,18.2,21.6,22.9,22,23.7,25.4,27.5,25.6,25.1,22.9,18.8,7.7,8.4,9.6,11.4,13.6,14.7,18.1,19.5,16.9,14.9,11.5,7.4
469157,2008,5,1,"200804","200705",0,7.757,93.858,115.987,117.086,127.692,126.378,125.126,99.179,83.362,44.133,12.722,2.71,-0.97,-7.57,-8.41,-7.19,-8.31,-8.52,-9.61,-8.64,-8.81,-6.51,-2.85,3,2,1,0,0,0,0,0,0,0,0,3,199,160,118,77,63,34,8,4,24,36,79,187,4,3,13,24,30,59,112,155,95,61,27,5,197,199,291,338,378,413,507,556,462,437,334,214,53.039,62.502,99.727,119.139,118.246,128.321,126.378,127.031,103.83,90.72,66.703,53.396,30,28,31,30,31,30,31,31,30,31,30,30,0,0,0,0,0,0,0,0,0,0,0,0,88,55,6,3,1,1,0,2,5,7,23,41,66,66,61,63,73,71,76,75,72,66,63,57,-53.6,12.9,19.3,21.9,22.1,21,39.4,32.3,42.6,19.2,-27.3,-44.4,11.7,12.5,14.8,16.4,17.2,18.8,21.4,23,20.4,19.1,16.4,12.2,17.1,18,21.1,22.5,21.6,23.6,25.3,27.2,25.1,24.8,22.6,18.4,6.4,7,8.5,10.3,12.7,14,17.4,18.7,15.7,13.5,10.3,6.1
1612297,2008,5,13,"200805","200706",0,0,97.359,122.324,119.688,162.667,182.913,172.166,118.486,91.226,40.445,0,11.1,0.48,-8.51,-9.56,-7.57,-12.62,-15.65,-16.62,-12.39,-10.92,-6.8,-0.68,3,2,1,0,0,0,0,0,0,0,0,2,195,155,114,82,76,22,3,2,16,30,66,180,4,4,15,22,23,81,176,220,122,75,38,6,202,206,297,329,358,447,577,621,495,456,356,223,48.592,64.025,101.683,123.968,134.851,163.716,183.382,174.096,128.977,98.613,65.477,45.789,31,27,31,30,31,30,31,31,30,31,30,31,0,0,0,0,0,0,0,0,0,0,0,0,169,76,4,2,15,1,0,2,10,7,25,54,70,63,59,59,63,57,58,59,59,61,64,64,-53.1,13.2,19.8,23.1,18.8,24.8,32,30.3,41.6,18.4,-27.6,-43.9,11.9,12.7,14.9,16.2,16.5,19.9,23.6,25.1,21.5,19.8,17.2,12.5,16.6,18.6,21.6,23,22.6,27.3,31.1,32.5,28.6,26.4,23.1,17.2,7.1,6.8,8.3,9.3,10.4,12.5,16.2,17.7,14.5,13.1,11.2,7.7
469106,2008,6,19,"200806","200707",0,1.577,96.798,120.361,106.501,140.561,134.488,130.768,104.606,88.232,43.342,16.653,4.31,-0.53,-7.98,-8.94,-6.12,-9.84,-9.25,-10.2,-9.3,-9.66,-6.65,-3.4,3,2,1,0,0,0,0,0,0,0,0,3,196,156,117,74,74,16,8,5,25,34,80,188,4,3,13,25,23,95,114,150,92,63,27,5,199,203,292,341,361,469,510,551,457,442,332,213,54.304,64.392,101.401,122.427,115.745,141.162,134.902,134.722,108.186,94.83,67.717,53.905,29,27,31,30,31,30,31,31,30,31,30,29,0,0,0,0,0,0,0,0,0,0,0,0,107,63,5,2,9,1,0,4,4,7,24,37,64,63,60,61,73,69,73,71,69,63,61,56,-54,13.2,19.7,22.5,22.3,21,38.2,31.9,42.4,18.9,-27.6,-44.5,11.8,12.7,14.8,16.5,16.6,20.7,21.5,22.8,20.3,19.3,16.4,12.2,17.5,18.5,21.4,23,21,25.9,25.9,27.7,25.5,25.5,22.8,18.6,6.1,6.8,8.3,10.1,12.2,15.4,17,17.9,15,13.1,9.9,5.8
1619748,2008,10,6,"200809","200710",0,0,75.269,115.158,158.108,192.573,205.679,183.296,138.793,41.545,35.484,0,13.69,3.36,-6.75,-9.32,-12.59,-17.72,-20.07,-19.65,-17.64,-5.58,-6.47,5.4,13,5,1,0,0,0,0,0,0,0,1,11,359,219,159,108,22,3,1,1,8,88,141,344,0,0,8,16,92,199,267,257,174,22,9,0,79,144,250,297,479,585,668,657,562,343,258,82,27.412,47.257,86.563,119.511,161.945,193.129,206.017,183.617,139.585,76.143,50.497,27.602,23,25,30,29,31,30,31,31,30,31,29,22,4,0,0,0,0,0,0,0,0,0,0,1,163,89,11,4,4,1,0,0,1,35,15,84,76,65,58,53,56,52,52,52,50,60,59,70,-49.5,11,18.7,23.6,8.2,25.9,21,23.8,37.5,16.7,-27.9,-42.1,6.5,10,13.2,15.1,20.5,24.5,26.6,26.3,23.8,16,13.7,6.8,10,15.4,20.1,22.9,28.2,33.2,35.4,35,32.8,22.7,20.4,11.1,3,4.6,6.4,7.2,12.9,15.9,17.8,17.5,14.8,9.4,7.1,2.5
1620243,2008,10,9,"200810","200711",0,0,81.209,116.328,158.623,190.99,205.687,185.024,139.905,67.854,38.012,0,10.44,1.36,-7.16,-9.24,-12.38,-17.18,-19.67,-19.45,-17.31,-9.38,-6.54,3.93,12,5,2,0,0,0,0,0,0,0,1,11,346,220,162,115,30,5,1,1,9,45,135,338,0,0,7,14,72,174,235,228,163,52,10,0,87,143,246,289,451,559,636,629,547,414,265,86,29.769,48.628,87.653,119.197,161.641,191.61,206.448,185.386,140.609,89.826,52.15,29.226,24,24,29,29,31,30,31,31,30,31,29,23,2,0,0,0,0,0,0,0,0,0,0,1,133,69,6,3,3,1,1,0,1,22,14,71,75,65,58,54,55,52,50,50,50,55,60,68,-50,11.3,18.8,23.7,9,26.5,21.9,24.3,37.8,15.9,-27.9,-42.4,7,10,13.1,14.8,19.6,23.7,25.6,25.3,23.3,18.4,14,7,10.7,15.4,19.9,22.5,27.5,32.4,34.7,34.5,32.4,26,20.5,11.3,3.3,4.6,6.4,7.1,11.7,14.9,16.4,16.2,14.2,10.7,7.5,2.7
1619773,2008,10,14,"200810","200711",0,0,83.905,123.361,168.585,198.43,213.685,193.978,141.838,65.236,40.16,0,12.56,1.44,-7.85,-10.49,-14.09,-18.73,-21.49,-21.81,-18.44,-9.8,-7.29,2.9,14,4,2,0,0,0,0,0,0,0,1,11,364,215,163,101,19,3,1,1,8,46,145,340,0,0,7,18,102,201,266,260,171,52,8,0,76,147,245,304,493,587,667,661,557,414,253,85,27.877,49.107,90.327,126.597,171.612,199.329,214.011,194.317,142.661,90.343,51.968,29.036,22,24,28,29,31,30,31,31,30,31,28,21,4,0,0,0,0,0,0,0,0,0,0,1,152,73,6,3,3,1,0,0,1,25,12,62,75,62,54,49,52,50,49,48,48,52,56,67,-49.7,11.4,19.7,24.8,5.4,27.2,18.4,21.9,36.7,15.1,-28.3,-42.4,6.4,10.2,13.1,15.3,21,24.6,26.6,26.4,23.6,18.4,13.6,7,10.2,16.1,20.7,24,29.4,33.8,36.1,36.2,33.2,26.7,20.9,11.7,2.6,4.3,5.5,6.6,12.6,15.4,17,16.5,14,10.1,6.3,2.2
1623528,2009,1,31,"200901","200802",16.773,0,84.639,124.979,169.091,198.868,213.39,194.179,142.344,67.61,8.855,0,-3.49,1.14,-7.92,-10.69,-14.12,-18.75,-21.35,-21.73,-18.46,-10.08,-3.53,0.67,5,4,2,0,0,0,0,0,0,0,1,13,259,216,163,100,19,3,1,1,8,45,147,357,2,0,7,18,101,200,263,257,169,53,8,0,153,147,245,306,492,587,663,657,555,414,252,74,41.059,49.25,90.761,127.889,171.833,199.517,213.39,194.179,143.059,91.165,48.032,29.409,24,24,28,29,31,30,31,31,30,31,29,19,0,0,0,0,0,0,0,0,0,0,0,1,24,70,6,3,3,1,0,0,1,24,39,39,60,62,54,49,52,50,49,48,48,52,62,68,-53.7,11.5,19.8,25,5.4,27.2,18.6,21.9,36.7,15.1,-27.5,-42.4,9.8,10.1,13.1,15.4,21,24.6,26.5,26.3,23.6,18.4,13.5,6.4,16,16,20.7,24.2,29.4,33.8,36,36.1,33.2,26.8,19.7,11.5,3.6,4.2,5.5,6.5,12.5,15.4,16.9,16.4,13.9,10,7.3,1.3
1635613,2009,3,6,"200902","200803",49.603,0,102.99,132.411,127.175,176.383,192.257,181.806,145.105,113.111,7.306,0,-7.83,7.84,-9.42,-10.9,-8.38,-14.77,-17.03,-17.93,-16.94,-15.25,-4.7,1.67,1,2,1,0,0,0,0,0,0,0,0,2,90,140,85,57,50,6,1,1,6,12,39,174,27,6,26,37,41,158,214,228,200,134,68,7,332,223,337,369,401,542,615,629,587,536,413,231,65.033,64.872,108.545,134.913,143.083,177.783,193.272,182.577,146.643,115.57,72.9,51.771,31,28,31,30,31,30,31,31,30,31,30,30,0,0,0,0,0,0,0,0,0,0,0,0,15,152,6,3,16,1,1,1,2,2,66,89,60,63,57,56,62,58,56,55,56,54,60,61,-56.7,13.1,20.4,24,17.1,24.3,30.4,29.5,40.5,17.2,-28.6,-44.6,16.1,13.3,16.2,17.5,18,23.1,24.9,25.3,24.6,22.4,19.1,12.7,22.8,19.3,23.4,25,24.3,30.5,32.7,33.4,32.6,30.5,25.9,18.9,9.4,7.3,9,9.9,11.6,15.7,17,17.2,16.7,14.2,12.2,6.5
1623574,2009,3,11,"200903","200804",24.378,0,37.112,120.68,167.546,195.998,211.781,193.386,141.909,63.173,4.952,0,-4.77,14.89,-2.85,-10.35,-14.17,-18.71,-21.71,-22.29,-18.87,-9.85,-3.18,0.96,5,7,3,0,0,0,0,0,0,0,1,12,250,258,213,132,28,5,1,1,9,45,154,354,2,0,2,11,76,177,255,255,166,53,7,0,161,112,190,268,457,562,656,656,551,415,243,76,43.2,43.609,80.867,124.331,170.265,197.006,212.378,194.156,142.778,90.27,47.192,30.616,24,22,27,27,31,30,31,31,30,31,29,18,0,1,0,0,0,0,0,0,0,0,0,1,19,195,44,4,3,1,1,1,1,27,42,45,58,67,58,47,50,49,49,48,48,53,63,66,-54.2,10.7,18.7,25.4,5.1,28,18,21.4,36.4,15.3,-27.3,-42.6,10.1,8.6,11.2,14.1,19.8,23.8,26.2,26.2,23.4,18.4,13.2,6.5,16.8,13.8,18,23.1,28.6,33.1,35.8,36.1,33,26.6,19.3,11.9,3.4,3.5,4.4,5.1,11,14.4,16.7,16.4,13.8,10.3,7.2,1.1
469134,2009,3,31,"200903","200804",63.033,0,95.15,131.085,128.845,173.328,173.119,160.812,139.108,115.374,12.852,0,-8.86,1.16,-7.96,-10.42,-8.34,-13.92,-13.84,-14.13,-15.06,-14.7,-4.64,1.49,1,2,1,0,0,0,0,0,0,0,0,2,109,148,128,64,52,9,3,2,7,16,56,177,20,5,12,32,40,129,168,192,176,119,47,7,306,215,282,359,397,513,569,593,565,516,375,227,69.646,70.542,106.754,136.195,136.56,174.269,173.557,161.73,141.114,117.96,76.106,55.375,31,27,30,30,31,30,31,31,30,31,30,30,0,0,0,0,0,0,0,0,0,0,0,0,7,90,12,5,8,1,0,1,2,3,63,89,56,59,56,55,66,58,62,63,59,54,57,56,-56.6,14.4,21,24.4,19.5,23.2,34.3,31.7,41.8,18.3,-28,-44.5,15.2,13,14.4,17.1,17.8,22.1,23.4,24.2,23.9,21.7,17.8,12.6,22.5,19.7,21.8,24.7,23.5,29.5,30.1,30.7,31.2,29.9,25.1,19,7.9,6.3,7,9.5,12.1,14.7,16.7,17.6,16.6,13.5,10.5,6.2
1336457,2009,4,1,"200903","200804",3.801,0,32.02,125.717,172.283,202.083,212.668,193.828,146.042,68.838,0,0,-1.74,10.89,-2.14,-10.62,-14.35,-19.06,-20.83,-21.24,-18.91,-10.35,-2.44,2.04,6,5,2,0,0,0,0,0,0,0,1,12,268,231,182,98,22,4,1,1,9,39,141,349,1,0,4,19,91,188,231,233,167,62,9,0,145,133,222,308,479,573,632,634,553,431,258,79,40.153,45.915,83.697,128.182,174.402,202.926,213.12,194.229,146.874,94.787,48.733,29.55,25,24,29,29,31,30,31,31,30,31,29,21,0,1,0,0,0,0,0,0,0,0,0,1,36,159,52,2,2,1,0,0,1,26,49,52,63,67,59,49,50,48,47,46,46,51,63,68,-53.2,10.8,18.5,24.9,5.4,28,19.3,22.4,36.7,15.2,-27.5,-42.4,9.5,9.6,12.4,15.4,20.5,24.1,25.4,25.5,23.5,18.9,13.7,6.7,15.3,14.7,19,24.1,29.3,33.8,35.3,35.6,33.5,27.4,19.7,11.4,3.7,4.5,5.8,6.8,11.7,14.5,15.5,15.4,13.5,10.5,7.8,1.9
469128,2009,4,4,"200903","200804",46.993,0,81.37,122.052,118.239,193.508,191.288,175.563,147.7,111.127,0,0,-6.42,13.82,-6.78,-10,-7.83,-18.18,-18.11,-18.01,-18.17,-14.99,-2.16,11.92,3,6,3,0,0,0,0,0,0,0,0,6,194,242,219,125,102,9,2,2,9,28,106,278,6,0,2,12,17,128,204,207,168,82,18,0,207,128,188,278,324,512,605,607,554,461,300,132,55.939,56.298,95.056,129.223,142.783,194.968,195.402,179.973,150.591,114.264,66.044,43.2,29,23,25,28,30,30,31,31,30,31,30,25,0,1,0,0,0,0,0,0,0,0,0,1,9,195,14,7,25,1,4,4,3,3,73,170,62,64,54,52,57,49,55,56,52,51,60,62,-54.3,13.2,20.9,25.3,18.7,26.3,32.4,31.3,41.4,18.1,-27.4,-43.6,11.9,9.2,11,14.4,15.4,22.1,24.6,24.6,23.5,19.9,15.1,8.9,17.9,14.9,18.4,22.5,22.6,31.4,32.6,32.6,32.1,28.5,21.7,14.1,5.9,3.5,3.6,6.2,8.2,12.8,16.5,16.6,14.9,11.3,8.6,3.8
469122,2009,4,9,"200904","200805",61.409,0,94.622,108.292,112.527,150.927,145.107,139.797,123.566,110.583,29.82,0,-8.66,3.65,-7.73,-7.63,-6.65,-11.03,-10.33,-11.16,-12.3,-13.72,-6.21,2.85,1,2,1,0,0,0,0,0,0,0,0,2,100,150,135,92,69,14,7,5,12,17,54,182,23,4,10,18,27,101,119,145,146,113,47,5,316,210,272,316,369,484,517,545,525,511,377,220,67.725,65.644,100.862,118.296,123.692,151.513,145.638,140.673,125.495,112.356,73.734,52.321,31,28,30,30,31,30,31,31,30,31,30,30,0,0,0,0,0,0,0,0,0,0,0,0,6,107,6,10,11,1,1,1,2,2,44,97,58,63,59,62,70,65,70,68,64,56,58,58,-56.6,13.4,20,22.3,21.1,21.9,37,31.9,42.1,18.1,-28.1,-44.4,15.6,12.9,14.1,15.7,16.9,21.1,21.7,22.6,22.5,21.6,17.9,12.4,22.6,18.9,20.9,22,21.9,27,26.9,28,28.8,29.2,24.9,18.4,8.6,6.9,7.4,9.4,11.9,15.3,16.6,17.2,16.3,13.9,10.9,6.5
469123,2009,5,12,"200905","200806",57.967,0,93.098,106.847,136.685,162.202,164.724,157.699,134.489,111.965,26.667,0,-8.35,5.64,-7.68,-7.59,-9.36,-12.53,-12.78,-13.75,-14.42,-14.33,-6.02,4.38,1,2,1,0,0,0,0,0,0,0,0,2,90,144,135,96,38,12,4,3,9,14,45,168,27,5,10,16,55,112,143,175,164,125,57,8,330,218,273,311,430,495,544,575,548,526,396,236,66.074,64.329,99.718,116.595,139.213,162.976,165.312,158.536,136.541,113.583,72.479,50.488,31,28,30,30,31,30,31,31,30,31,30,31,0,0,0,0,0,0,0,0,0,0,0,0,8,126,7,10,3,1,1,1,2,2,46,111,61,64,59,62,66,61,63,63,59,56,61,62,-56.4,13,19.8,22.1,18.6,22.6,34.6,31.3,41.6,18,-28.1,-44.3,16.1,13.1,14.1,15.5,18.9,21.5,22.6,23.6,23.3,22.1,18.5,12.9,22.6,18.8,20.8,21.8,24.5,28.2,28.9,30.1,30.5,29.8,25.1,18.4,9.5,7.5,7.5,9.3,13.3,14.8,16.2,17.1,16.2,14.4,11.9,7.5
1895626,2009,6,1,"200905","200806",45.731,0,67.778,107.044,124.103,135.312,128.949,119.446,103.818,89.474,13.967,0,-6.74,5.2,-4.86,-7.38,-7.77,-8.92,-8.27,-8.47,-9.2,-10,-3.86,-1.4,2,3,2,0,0,0,0,0,0,0,0,3,138,181,172,142,71,47,30,26,35,47,82,215,11,0,2,5,25,43,44,60,69,43,23,0,264,175,227,257,366,385,417,436,423,410,326,180,61.107,58.639,87.43,111.29,127.508,135.972,129.488,121.164,105.986,93.889,64.282,47.59,31,27,30,29,31,30,31,31,30,31,30,28,0,0,0,0,0,0,0,0,0,0,0,0,15,114,20,4,3,1,1,2,2,4,50,49,58,65,63,60,67,65,70,70,67,60,61,57,-56.1,12.6,18.4,22.7,17.3,22.7,36.7,30.2,40.6,18.2,-27.8,-44.2,14,11.7,12.8,13.7,16.8,17.8,18.4,19.1,19.1,18.3,16.3,11.2,20.9,17.2,18.6,20.2,22.2,23.6,23.3,24,24.7,25,22.6,17.1,7.2,6.2,6.9,7.3,11.4,12.1,13.5,14.2,13.6,11.5,9.9,5.2
2134739,2009,11,17,"200911","200812",0,0,30.279,88.675,149.901,169.585,208.34,179.472,135.657,18.07,30.578,0,-0.55,8.14,-1.87,-6.5,-11.92,-13.89,-19.92,-18.31,-17.27,-3.17,-5.28,2.03,6,5,2,0,0,0,0,0,0,0,1,12,270,225,184,104,19,12,1,2,7,76,179,346,1,0,4,16,100,112,214,202,188,26,3,0,143,138,220,300,491,495,615,603,574,360,214,80,38.867,45.548,82.104,118.505,168.717,175.251,208.809,180.054,141.654,77.937,48.183,28.677,26,25,29,29,31,30,31,31,30,31,28,22,0,0,0,0,0,0,0,0,0,0,0,1,45,131,52,30,19,6,0,1,6,60,18,51,65,68,61,55,54,54,48,51,51,61,61,71,-52.8,10.6,18.1,23.3,6.9,26.6,20.6,24.1,37.3,16.9,-27.3,-42.3,9.4,9.8,12.3,15.2,20.9,21.5,24.9,24.5,24.2,16.6,12.3,6.7,14.8,14.7,18.7,22.7,29,29.7,34.6,33.5,33.1,23.1,18.6,11.1,4.1,4.9,6,7.7,12.9,13.3,15.2,15.4,15.3,10.1,5.9,2.4
3700296,2010,2,14,"201002","200903",0,0,71.584,116.797,150.506,147.065,193.105,172.828,143.453,44.951,59.164,0,13.07,8.3,-5.67,-8.83,-10.95,-10.42,-16.85,-16.1,-16.59,-5.94,-9.17,2.51,2,2,2,0,0,0,0,0,0,0,0,3,170,162,173,130,45,47,4,5,9,56,98,215,6,2,4,8,46,43,154,145,164,37,18,2,229,194,230,271,412,384,555,546,548,393,306,184,57.167,62.79,96.28,122.874,153.193,148.706,193.997,174.081,145.299,95.778,68.902,48.201,30,27,29,28,31,30,31,31,30,31,29,28,0,0,0,0,0,0,0,0,0,0,0,0,207,154,25,6,3,2,1,1,2,51,10,91,60,62,57,54,58,59,52,53,53,57,54,61,-55.3,13.1,20.4,24.6,13.4,25.8,27.6,27.9,39.3,18.1,-28.3,-44.3,12.8,12.4,12.7,14.2,18.3,17.8,22.9,22.6,23.3,17.7,15.5,11.2,19.3,18.5,19.8,21.9,25.5,24.7,31.6,31.1,31.7,25,23.2,17.2,6.3,6.4,5.7,6.5,11.2,11,14.2,14.2,14.9,10.4,7.8,5.1
469137,2010,2,21,"201002","200903",0,0,92.115,111.51,136.424,129.627,162.787,158.093,134.736,94.828,46.757,0,4.47,2.45,-7.56,-8.03,-9.29,-8.65,-12.59,-13.6,-14.32,-10.41,-7.61,0.18,2,2,1,0,0,0,0,0,0,0,0,2,137,138,123,83,32,28,3,3,7,34,69,175,12,5,13,22,64,69,169,177,190,65,35,7,269,222,287,329,444,428,570,578,576,442,350,229,65.025,66.472,105.094,122.984,139.17,130.893,163.326,158.954,136.511,97.732,74.177,54.591,31,28,31,30,31,30,31,31,30,31,30,30,0,0,0,0,0,0,0,0,0,0,0,0,129,96,13,11,3,1,1,1,2,3,27,73,58,64,58,60,67,71,66,63,62,62,57,63,-55.7,13.3,20.5,22.8,19,22.6,35.3,31.7,41.9,19.1,-27.8,-44.4,14.1,13.4,14.6,16.1,19.4,19.3,23.4,23.7,24.2,19.3,17,12.7,20.9,19.1,21.6,22.7,24.8,24.1,29.3,30.1,30.9,25.7,24.2,18.8,7.3,7.6,7.6,9.6,13.9,14.5,17.5,17.2,17.5,12.9,9.8,6.6
1675351,2010,2,27,"201002","200903",0,0,83.382,124.531,166.045,152.243,208.956,186.101,151.783,73.682,64.387,0,6.52,5.44,-7.12,-9.95,-13.31,-11.31,-20.09,-18.87,-18.74,-9.33,-10.02,0.67,2,2,1,0,0,0,0,0,0,0,0,3,153,144,136,91,21,30,1,2,5,39,75,193,9,5,10,19,91,65,237,207,217,58,31,5,251,215,273,318,482,422,638,608,603,430,341,206,56.288,62.67,99.482,127.713,167.495,153.687,208.956,187.049,152.706,98.912,70.189,48.44,31,28,30,30,31,30,31,31,30,31,30,30,0,0,0,0,0,0,0,0,0,0,0,0,141,126,16,3,1,1,0,1,1,25,6,74,63,64,58,55,57,60,52,52,54,58,56,64,-55,12.7,20,24.1,12.6,26.2,27.6,28.6,39.7,18,-28.4,-44.3,13.5,13.1,14.1,15.8,20.6,19.1,25.6,24.6,25.2,18.9,16.6,12,19.4,18.8,21,23.3,28.2,25.9,34.5,33.4,33.6,26.1,24,17.7,7.5,7.4,7.2,8.3,13.1,12.3,16.7,15.8,16.7,11.7,9.3,6.3
1630048,2010,3,12,"201003","200904",0,0,75.237,105.2,118.623,99.181,128.73,121.462,107.487,56.111,63.949,0,6.24,4.94,-5.8,-7.37,-7.62,-6.03,-8.81,-9.1,-10.28,-5.92,-8.79,0.71,1,1,1,0,0,0,0,0,0,0,0,2,118,109,97,80,37,40,6,7,9,34,59,156,15,10,17,22,56,51,121,124,161,64,41,9,287,252,314,333,432,398,520,522,545,444,365,247,56.573,60.075,90.532,109.041,119.32,100.735,129.551,122.371,108.582,80.578,64.711,47.021,31,28,31,30,31,30,31,31,30,31,30,31,0,0,0,0,0,0,0,0,0,0,0,0,135,114,15,4,1,2,1,1,1,24,1,68,67,71,69,68,75,81,76,74,73,72,65,70,-54.8,11.4,17.2,20.4,20.6,20.5,38,31.4,41.7,19.2,-27.6,-44.1,14.8,14.6,15.7,16.3,19,18.3,21.8,21.8,23.2,19.4,17.6,13.4,20.2,19.2,20.8,21.5,23.1,21.3,25.9,26.1,27.8,23.9,23.3,18.1,9.5,9.9,10.6,11,14.8,15.2,17.7,17.6,18.6,14.8,11.8,8.6
1675381,2010,3,16,"201003","200904",0,0,76.229,125.311,166.675,153.049,209.693,186.798,152.656,75.145,64.94,0,6.19,5.01,-6.46,-10.04,-13.37,-11.38,-20.16,-18.95,-18.87,-9.51,-10.11,0.51,2,2,1,0,0,0,0,0,0,0,0,3,152,143,127,89,21,30,1,2,5,39,76,193,9,5,11,20,92,66,236,206,217,59,31,5,252,216,280,320,483,423,637,607,603,431,340,206,56.655,63.071,100.697,128.458,168.098,154.291,209.693,187.755,153.519,99.606,70.607,48.753,31,28,31,30,31,30,31,31,30,31,30,30,0,0,0,0,0,0,0,0,0,0,0,0,138,122,24,3,1,1,0,1,1,24,6,73,63,64,58,55,56,60,51,51,53,57,56,63,-55.1,12.8,20.1,24.2,12.5,26.3,27.5,28.5,39.6,18,-28.4,-44.3,13.5,13.2,14.4,15.8,20.7,19.1,25.6,24.6,25.2,18.9,16.6,12,19.5,18.9,21.4,23.4,28.2,26,34.6,33.5,33.7,26.2,24.1,17.8,7.5,7.4,7.5,8.3,13.1,12.3,16.7,15.7,16.6,11.6,9.2,6.2
1650071,2010,3,26,"201003","200904",0,0,0.909,73.543,129.383,170.535,212.825,182.312,136.026,8.61,22.611,0,9.92,4.93,1.1,-4.95,-9.99,-14.2,-21.35,-19.25,-17.76,-2.24,-4.48,5.81,7,4,2,0,0,0,0,0,0,0,1,10,295,204,199,121,21,13,1,2,6,86,178,331,0,0,3,13,95,104,252,217,197,22,4,0,123,154,202,281,484,487,653,618,583,346,215,91,30.625,43.672,77.803,112.825,166.488,175.247,213.555,182.877,142.352,76.761,47.178,28.885,28,27,29,29,31,30,31,31,30,31,28,23,1,0,0,0,0,0,0,0,0,0,0,1,135,99,77,39,37,5,1,1,6,68,25,91,77,72,63,57,55,53,49,50,51,61,62,71,-50.3,9.8,17.5,22.7,8.2,26.4,21,24.7,37.8,17,-27.1,-42.3,8.6,10.6,11.7,14.5,20.7,21.3,26.1,25,24.5,16.1,12.3,7.2,12.1,14.8,17.6,21.6,28.6,29.6,35.7,34.1,33.4,22.6,18.4,11.5,5.1,6.3,5.8,7.4,12.8,13,16.5,15.9,15.6,9.7,6.2,3
1660267,2010,4,3,"201003","200904",0,0,0,73.758,133.873,173.151,214.484,184.376,136.904,13.137,22.916,0,9.91,5.05,1.51,-4.98,-10.52,-14.59,-21.7,-19.69,-18.06,-2.79,-4.53,5.99,7,4,2,0,0,0,0,0,0,0,1,10,295,207,202,123,20,13,1,2,6,85,178,330,0,0,2,12,96,105,253,220,200,23,4,0,123,152,199,278,485,488,654,621,586,347,216,92,31.017,43.726,77.856,113.229,168.017,177.59,215.326,185.245,143.85,78.013,47.359,29.086,28,27,29,29,31,30,31,31,30,31,28,23,1,0,0,0,0,0,0,0,0,0,0,1,135,100,81,39,34,4,1,1,7,65,24,93,76,72,63,57,54,52,48,50,51,60,62,71,-50.5,9.8,17.5,22.8,8,26.7,20.8,24.6,37.7,16.9,-27.2,-42.3,8.6,10.5,11.6,14.4,20.7,21.3,26.2,25.1,24.6,16.2,12.3,7.3,12.2,14.8,17.6,21.6,28.8,29.8,35.9,34.4,33.6,22.8,18.4,11.5,5,6.2,5.7,7.3,12.7,12.8,16.4,15.8,15.6,9.6,6.2,3
1660287,2010,4,14,"201004","200905",0,0,29.897,18.916,156.104,173.924,213.582,185.197,141.342,14.647,31.625,0,14.76,3.76,-1.85,0.94,-12.7,-14.56,-20.81,-19.32,-18.47,-3.16,-5.47,3.83,8,4,2,1,0,0,0,0,0,0,1,10,303,195,184,164,20,11,2,2,7,71,182,334,0,0,4,4,98,116,211,202,189,29,3,0,115,160,218,233,489,500,612,602,575,367,210,88,29.593,45.67,82.451,101.589,173.143,180.197,214.084,185.559,146.748,81.38,48.869,29.324,27,27,29,29,31,30,31,31,30,31,27,23,2,0,0,0,0,0,0,0,0,0,0,1,180,89,53,83,17,6,1,0,5,67,17,71,78,70,60,61,52,52,45,48,48,58,59,69,-50,10.1,18.2,21.7,5.6,27.4,19.1,23.2,36.7,16.5,-27.4,-42.4,8.4,10.9,12.3,12.9,20.9,21.7,24.8,24.5,24.2,16.8,12.2,7.1,11.7,15.5,18.7,19.3,29.4,30.3,35,34.1,33.8,23.8,18.7,11.6,5,6.3,5.9,6.6,12.4,13.1,14.5,14.9,14.7,9.9,5.6,2.7
393682,2010,5,4,"201004","200905",0,0,79.005,60.585,141.341,136.524,172.036,165.469,139.403,96.406,49.806,0,4.68,2.58,-6.06,-2.77,-9.82,-9.34,-13.79,-14.71,-15.18,-10.75,-8.03,0.48,2,2,1,0,0,0,0,0,0,0,0,2,145,144,126,111,31,26,2,3,6,35,72,182,10,5,11,11,66,73,180,186,193,63,33,6,259,216,282,293,447,434,581,587,579,439,345,221,64.747,66.632,96.575,114.879,144.118,137.929,172.591,166.341,141.081,99.851,74.722,54.574,30,28,31,30,31,30,31,31,30,31,30,30,0,0,0,0,0,0,0,0,0,0,0,0,131,97,18,54,3,1,1,1,2,3,25,77,58,63,63,62,65,68,63,60,60,60,56,62,-55.8,13.4,18.9,22.2,18.2,23.2,34.3,31.4,41.7,19,-27.9,-44.4,13.7,13.1,14.5,14.9,19.5,19.5,23.8,24,24.3,19.2,16.8,12.4,20.7,19,20.5,21.1,25.3,24.8,30.3,31,31.5,25.9,24.2,18.7,6.8,7.2,8.5,8.7,13.7,14.2,17.3,17,17.2,12.5,9.3,6.1
1635523,2010,5,31,"201005","200906",0,0,0,0,77.952,168.237,210.136,179.046,131.662,1.082,18.103,0,11.88,7.16,3.08,9,-3.65,-14.2,-21.38,-19.2,-17.41,-1.7,-4.02,7.4,8,5,3,1,0,0,0,0,0,0,1,10,302,229,236,216,137,16,1,2,7,96,191,328,0,0,0,0,8,97,244,214,190,18,2,0,117,134,168,179,284,472,645,614,576,332,201,93,31.872,42.241,73.698,89.855,127.35,172.915,210.56,180.244,139.481,77.124,45.926,30.649,27,26,27,27,30,30,31,31,30,31,28,23,2,0,0,1,0,0,0,0,0,0,0,1,156,118,93,153,49,5,0,1,8,76,28,111,74,72,63,64,59,53,49,51,53,60,63,68,-50.7,9.8,17.3,20.7,16.2,26.2,21.8,25.2,38.1,17,-26.9,-42.6,8.4,9.7,10.4,11,14.1,20.8,25.8,24.9,24.3,15.7,11.8,7.4,12.2,13.9,16.2,16.6,20.8,29.1,35.3,33.7,32.8,22.3,17.7,12.1,4.5,5.4,4.7,5.3,7.3,12.5,16.4,16,15.7,9,5.9,2.6
613793,2011,3,1,"201102","201003",0,0,72.476,49.379,137.162,153.701,173.37,169.579,142.555,51.505,23.039,0,0.41,8.51,-5.99,-1.88,-9.27,-11.43,-14,-15.58,-16.24,-6.17,-4.85,16.75,1,2,1,0,0,0,0,0,0,0,0,1,109,159,103,112,64,20,4,4,8,37,89,125,20,3,17,11,29,86,149,164,172,58,20,16,305,200,308,292,377,456,550,565,559,435,317,283,60.383,64.613,100.686,113.086,141.345,154.975,173.942,170.773,143.951,89.521,64.557,51.893,31,27,31,30,31,30,31,31,30,31,30,31,0,0,0,0,0,0,0,0,0,0,0,0,87,158,28,64,4,1,1,1,1,38,42,242,63,61,61,62,61,62,60,56,55,65,61,63,-55.8,13.4,19.4,22.1,17,24.6,32.2,29.6,40.4,18.6,-27.7,-44.6,15.2,12.5,15.4,14.9,17.2,20.2,22.8,23.3,23.7,19.1,15.9,14.6,21.3,18.8,21.9,21.1,23.6,26.7,29.8,31.1,31.7,24.9,22.3,20.1,9.1,6.3,8.9,8.7,10.7,13.7,15.7,15.4,15.7,13.3,9.5,9.1
1648787,2011,3,12,"201103","201004",0,0,0,8.47,116.785,174.644,196.527,169.658,129.227,40.116,0,0,2.1,7.65,12.4,2.04,-7.32,-14.52,-17.77,-16.2,-15.02,-5.74,1.63,10.43,9,6,2,1,0,0,0,0,0,0,1,6,322,241,201,165,90,9,2,5,13,54,200,263,0,0,2,4,19,129,184,142,140,40,0,0,102,124,200,232,340,513,585,542,518,396,187,141,32.878,49.906,72.458,98.733,137.441,176.415,196.973,170.238,130.889,81.936,45.504,29.65,24,22,30,29,31,30,31,31,30,31,27,29,1,1,0,0,0,0,0,0,0,0,0,1,56,131,182,90,21,2,0,1,2,42,80,144,72,61,68,63,58,55,51,51,54,61,63,71,-50.9,12,16.3,21.2,13.5,25.4,23.1,25.3,38.3,16.6,-26.8,-42.4,7.7,9.3,11.7,12.9,15.9,22.1,23.9,22.5,22.3,17.8,11.4,9.4,12,15.3,16.8,18.9,22.9,30.1,32.9,31.3,30.6,24.4,17.3,13.1,3.5,3.2,6.6,6.9,8.9,14.1,14.9,13.7,14.1,11.2,5.6,5.7
235906,2011,4,25,"201104","201005",0,0,0,72.209,88.002,125.475,116.773,113.147,103.779,32.5,0,0,2.35,18.38,19.92,-4.14,-4.18,-7.95,-7.08,-7.78,-9.69,-3.82,4.44,13.69,4,5,2,1,0,0,0,0,0,0,1,4,223,221,201,171,164,79,75,74,53,102,197,229,0,0,0,0,0,22,14,19,46,8,0,0,172,133,192,225,255,334,343,350,382,325,185,162,47.026,53.718,75.897,99.828,113.245,127.624,118.471,115.505,106.668,76.41,50.557,37.428,27,23,30,29,30,30,31,31,30,31,26,29,0,1,0,0,0,0,0,0,0,0,1,0,87,243,259,28,25,2,2,2,3,44,113,189,61,61,66,63,65,65,70,66,60,63,60,65,-54.3,12.6,16.9,21.5,17.9,23.3,37.1,28.8,39,17.8,-27.2,-43.5,11,10,11.7,12.7,13.1,16.1,16,16.3,17.7,15.4,11.6,10.5,17.1,16.1,16.9,18.7,18.6,21.9,20.9,21.8,24.4,21.5,18,15.4,4.8,3.8,6.4,6.7,7.5,10.4,11.2,10.7,11.1,9.3,5.1,5.7
236400,2011,5,12,"201105","201006",0,0,0,65.486,55.843,132.593,130.791,124.222,108.929,17.856,0,0,4.38,26.46,27.71,-3.56,-1,-8.78,-8.52,-9.14,-10.74,-2.68,7.63,20.32,4,5,2,1,0,0,0,0,0,0,1,4,217,228,207,179,172,75,61,62,47,97,200,237,1,0,0,0,0,24,19,24,53,11,0,0,174,128,187,216,246,338,362,367,396,331,182,155,47.233,53.723,77.541,101.71,116.841,135.315,132.257,126.637,113.021,79.072,50.636,36.22,27,22,29,28,29,30,31,31,30,31,26,29,0,1,0,0,0,0,0,0,0,0,1,1,109,324,339,36,61,3,1,2,4,61,146,254,61,60,65,61,62,61,64,61,57,61,59,66,-54.4,12.7,17.5,22.2,17,24.3,34.2,27.9,38.6,17.6,-27.2,-43.3,11,9.7,11.4,12.4,12.8,16.3,16.6,16.8,18.2,15.6,11.5,10.3,17.2,16,17,18.7,18.8,22.7,22.5,23.3,25.5,22.1,18,14.9,4.8,3.5,5.8,6.1,6.8,9.9,10.8,10.4,10.9,9.2,4.9,5.7
469151,2011,5,27,"201105","201006",25.1,0,17.337,77.685,107.101,165.399,179.79,178.421,138.598,0,10.707,0,-3.5,13.29,-0.17,-5.07,-6.6,-13.66,-16.24,-18.2,-16.24,1.7,-2.62,21.97,6,9,3,1,0,0,0,0,0,0,2,5,272,294,238,178,156,38,4,4,18,101,215,246,1,0,0,4,6,53,143,156,115,15,0,1,145,88,172,221,263,403,543,557,487,326,175,158,52.032,52.604,87.04,111.344,135.164,167.339,185.793,181.014,143.485,84.485,56.461,45.61,24,18,26,28,29,30,31,31,30,31,26,27,0,2,0,0,0,0,0,0,0,0,0,1,27,177,70,34,28,2,6,3,5,108,46,280,61,63,60,58,56,52,55,52,51,63,61,65,-53.4,13.3,19.5,23.5,20.1,27.1,33.6,31.5,42,19.5,-26.3,-43.7,9.4,7.3,10.4,12.4,13.4,18.4,22.6,23,21.2,15.5,10.8,10,15.5,13,16.8,19.2,20.7,26.7,30.6,31.7,29.9,21.5,17.1,15.2,3.3,1.7,4,5.6,6.1,10.2,14.6,14.3,12.6,9.5,4.6,4.8
469135,2011,5,31,"201105","201006",41.087,0,47.461,95.52,105.748,121.944,128.74,136.653,113.791,30.298,31.252,0,-5.77,2.6,-2.84,-6.36,-5.96,-7.83,-8.6,-10.66,-10.67,-2.98,-4.74,6.64,2,2,1,0,0,0,0,0,0,0,0,1,137,163,113,74,77,36,11,6,15,43,108,134,12,3,14,25,22,56,94,131,127,48,13,13,270,196,298,342,357,407,484,532,501,419,292,273,63.505,62.606,94.938,114.135,119.927,122.969,129.542,137.534,117.15,81.18,63.978,55.147,31,28,31,30,31,30,31,31,30,31,30,31,0,0,0,0,0,0,0,0,0,0,0,0,22,90,47,19,14,1,1,1,3,51,33,139,60,66,66,66,71,73,74,69,67,72,63,64,-55.4,12.9,18.2,20.9,22,21.7,39.2,32.3,42.6,19.8,-26.9,-44.4,14.1,12.4,15,16.6,16.5,18.6,20.6,22.2,21.7,18.6,15.1,14.2,20.5,17.8,20.6,22.1,21.2,23,24.9,27.4,27.3,23.1,21,19.8,7.6,7,9.4,11.1,11.7,14.2,16.4,17,16.2,14,9.1,8.6
1695490,2011,6,4,"201105","201006",20.549,0,31.423,123.43,141.367,183.954,206.09,196.347,160.297,72.052,43.398,0,-4.34,1.7,-1.98,-9.89,-9.92,-15.58,-19.18,-20.47,-19.93,-8.79,-7.21,10.06,2,3,1,0,0,0,0,0,0,0,0,2,147,183,115,67,56,10,1,1,6,41,118,150,11,2,16,31,37,120,217,223,192,54,12,11,262,179,299,352,390,504,618,623,578,424,282,257,61.967,67.152,104.521,132.554,155.189,184.878,206.843,198.016,161.342,98.256,68.32,55.281,30,24,31,30,31,30,31,31,30,31,29,31,0,0,0,0,0,0,0,0,0,0,0,0,41,93,73,9,14,1,1,2,1,26,25,181,57,56,57,56,55,52,51,48,47,58,54,58,-56.1,14.5,20.4,24,16.1,27.3,30.1,29.7,40.2,18.2,-28.1,-44.9,13.7,11.6,14.9,16.9,17.6,21.8,25,25.1,24.3,18.7,14.7,13.6,20.7,18.7,22.1,24.4,25.2,30.4,33.9,34.7,34.1,25.8,22.4,20.2,6.7,4.5,7.8,9.4,10,13.3,16.1,15.6,14.6,11.6,7,7
1652556,2011,11,17,"201111","201012",0,0,0,64.749,72.488,118.015,194.156,178.772,137.483,0,0,0,2.82,12.07,22.42,-3.86,-3.05,-8.38,-17.97,-18.62,-17.93,-0.71,2.31,18.51,8,7,3,0,0,0,0,0,0,0,2,6,303,257,226,145,105,21,2,2,6,56,212,278,0,0,0,7,14,84,200,200,198,40,0,0,116,111,176,253,320,452,601,601,584,393,176,130,34.421,46.57,65.958,101.888,135.684,161.221,194.885,179.516,141.333,81.062,42.996,28.247,25,21,29,29,30,30,31,31,30,31,27,28,1,1,0,0,0,0,0,0,0,0,1,1,68,169,276,37,63,43,1,1,4,94,84,223,70,64,71,62,57,57,52,51,52,61,65,71,-51.5,11.4,15.3,21.3,14.2,25.7,24,24.9,37.8,16.5,-26.4,-42.2,8.3,8.7,10.8,13.6,15.3,20.1,24.4,24.4,24.5,17.7,11,9,12.9,14.3,15.3,19.7,22.4,27.6,33.1,33.4,33.3,24.3,16.5,12.5,3.8,3.1,6.2,7.5,8.1,12.6,15.8,15.4,15.8,11.1,5.4,5.4
1652583,2011,11,28,"201111","201012",0,0,0,87.899,108.975,132.252,194.401,180.662,140.044,6.173,0,0,1.7,8.28,12.85,-6.26,-6.71,-9.85,-17.65,-18.62,-18.69,-3.05,0.62,10.82,8,5,3,0,0,0,0,0,0,0,2,6,310,238,212,120,77,13,2,2,5,48,218,280,0,0,1,12,25,103,198,199,206,48,0,0,111,126,188,281,357,486,599,600,593,409,172,129,33.476,48.184,68.84,110.305,142.222,165.171,194.7,180.944,146.675,85.695,42.57,26.454,25,22,29,29,31,30,31,31,30,31,26,29,1,1,0,0,0,0,0,0,0,0,0,1,55,136,183,22,33,33,0,0,7,80,66,143,70,63,69,59,56,57,52,50,49,57,64,72,-51.3,11.6,15.8,22.3,12,25.9,22.7,23.8,36.8,15.9,-26.4,-41.9,8.1,9.3,11.2,14.6,16.5,21.2,24.4,24.4,24.8,18.2,10.7,8.9,12.7,15.2,16.1,21.4,23.8,28.6,33.1,33.6,34.2,25.5,16.4,12.2,3.6,3.5,6.3,7.8,9.1,13.8,15.7,15.1,15.4,10.9,5.1,5.6
1679520,2011,12,9,"201112","201101",0,0,0,82.746,95.973,129.613,193.486,178.315,138.397,1.217,0,10.878,1.96,9.32,14.9,-5.69,-5.37,-9.51,-17.57,-18.27,-18.17,-2.38,0.97,-2.43,8,5,3,0,0,0,0,0,0,0,2,7,306,239,211,121,81,14,2,2,5,48,213,290,0,0,1,12,23,99,203,204,207,48,0,0,114,125,190,280,352,482,604,605,593,409,176,120,33.152,47.308,67.132,107.54,139.589,162.847,193.782,178.852,143.76,83.992,42.325,35.278,25,23,30,29,31,30,31,31,30,31,27,23,1,1,0,0,0,0,0,0,0,0,0,0,58,145,202,25,44,33,0,1,5,83,69,24,71,64,70,60,57,58,53,51,51,59,65,79,-51.2,11.4,15.3,21.7,12.8,25.5,23.2,24.3,37.2,16.1,-26.4,-43.4,8.3,9.3,11.3,14.5,16.3,21.1,24.5,24.6,24.8,18.2,10.9,8.6,12.7,14.9,15.9,21,23.5,28.3,33.1,33.5,33.9,25.2,16.5,14.5,3.9,3.7,6.7,8,9.2,13.8,16,15.6,15.8,11.2,5.4,2.6
469164,2012,1,26,"201201","201102",44.055,0,45.097,98.25,109.245,131.719,147.469,147.939,111.272,84.892,0,30.432,-6.62,2.9,-2.68,-6.7,-6.28,-8.73,-10.7,-12.17,-10.49,-9.48,0.87,-4.8,1,2,1,0,0,0,0,0,0,0,0,2,125,165,115,74,74,35,5,4,15,32,106,183,15,3,14,25,24,58,131,154,131,69,15,5,286,194,295,342,361,410,532,555,506,450,296,219,67.746,63.821,96.895,117.486,125.976,133.702,148.236,148.737,115.817,98.026,63.889,55.407,31,27,31,30,31,30,31,31,30,31,30,29,0,0,0,0,0,0,0,0,0,0,0,0,24,95,52,19,17,2,1,1,5,13,89,25,57,64,64,64,68,69,69,66,68,63,63,64,-56.2,13.2,18.7,21.5,21,22.3,37,31.9,42.5,19.1,-26.9,-44.5,14.5,12.3,14.9,16.6,16.6,18.7,22.2,22.9,21.9,19.6,15.2,12.4,21.7,18,20.8,22.4,21.8,23.9,27.4,28.8,27.3,25.9,21.1,18.8,7.4,6.6,9,10.7,11.4,13.5,17,17,16.5,13.3,9.2,5.9
469163,2012,2,4,"201201","201102",36.523,0,36.36,77.95,82.167,94.717,99.188,103.897,75.257,63.557,0,23.293,-5.12,2.86,-1.64,-4.68,-4.04,-5.6,-6.35,-7.34,-6.13,-6.2,1.34,-3.58,2,2,1,0,0,0,0,0,0,0,0,2,131,163,116,83,86,54,12,11,27,44,107,179,13,2,12,20,17,37,91,103,87,47,13,5,277,194,292,328,344,371,481,494,450,418,293,221,60.613,56.609,84.419,94.974,99.936,96.405,100.174,104.633,79.894,76.902,55.64,49.953,31,28,31,30,31,30,31,31,30,31,30,31,0,0,0,0,0,0,0,0,0,0,0,0,24,85,48,17,18,2,1,1,5,13,80,27,64,71,72,75,79,82,84,81,83,75,72,71,-55,11.6,16.3,18,25.1,19.4,42.8,32.6,42.6,19.9,-26.2,-44.1,14.3,12.4,14.9,16.1,16.1,17.4,20.5,20.9,20,18.5,15.1,12.5,20.2,16.9,19.3,20,19.4,20.3,23.1,24.2,22.9,22.6,19.7,17.7,8.5,7.9,10.4,12.2,12.7,14.5,17.9,17.7,17.2,14.4,10.6,7.3
469165,2012,2,5,"201201","201102",41.376,0,43.819,80.303,85.633,89.286,89.839,100.101,76.804,69.155,0,27.47,-5.55,1.77,-2.33,-4.87,-4.49,-5.2,-5.71,-7.02,-6.29,-6.75,0.87,-3.9,1,2,1,0,0,0,0,0,0,0,0,2,125,159,113,79,87,54,13,10,23,40,107,176,15,3,14,22,17,37,88,108,98,53,13,5,283,198,296,335,342,371,477,500,464,428,293,224,61.316,55.401,83.131,95.544,95.289,91.394,90.623,100.7,80.686,78.604,55.239,49.963,31,28,31,30,31,30,31,31,30,31,30,31,0,0,0,0,0,0,0,0,0,0,0,0,20,71,39,15,10,2,1,1,4,9,73,22,64,73,73,76,81,84,87,82,83,74,72,72,-55,11.2,16,17.9,26,18.9,44.1,32.8,42.7,19.9,-26.1,-44,14.5,12.5,15,16.3,16,17.4,20.4,21.2,20.5,18.8,15.1,12.6,20.4,16.7,19.3,20.2,19.1,20,22.5,24.1,23.3,23,19.5,17.7,8.7,8.3,10.7,12.4,12.9,14.8,18.3,18.2,17.7,14.6,10.7,7.5
1655697,2012,2,9,"201202","201103",0,0,0,84.463,102.147,113.931,197.664,185.891,137.598,0,0,17.361,9.2,-1.09,12.92,-6.05,-6.15,-8.32,-18.51,-20.04,-18.89,-2.2,0.28,-3.4,7,4,3,0,0,0,0,0,0,0,2,7,283,196,232,123,75,11,1,1,6,55,232,289,0,1,0,12,26,119,221,222,205,41,0,0,134,163,171,277,359,502,622,622,591,395,160,121,39.271,51.974,67.99,110.876,142.805,168.467,197.922,186.299,146.688,84.499,41.86,35.753,23,24,28,29,31,30,31,31,30,31,25,21,1,0,0,0,0,0,0,0,0,0,1,0,145,54,184,26,41,55,0,0,9,89,63,18,61,60,67,57,56,57,52,48,48,56,62,77,-53.2,11.8,16,22.5,11.5,26,21.5,22.8,36.5,15.6,-26.5,-43.5,9,10.9,10.6,14.4,16.6,21.8,25.1,25.1,24.8,17.8,10.3,8.6,15.2,17.2,15.7,21.5,24,29.3,33.9,34.7,34.4,25.3,16.3,15.1,2.8,4.5,5.5,7.4,9.1,14.2,16.3,15.5,15.1,10.2,4.3,2.1
469173,2012,2,11,"201202","201103",40.776,18.849,37.843,75.334,84.717,89.392,93.931,99.372,74.576,63.195,0,26.969,-5.7,-2.01,-1.72,-4.31,-4.2,-5.1,-5.87,-6.82,-5.95,-6.1,-0.53,-4.06,2,2,1,0,0,0,0,0,0,0,0,3,133,146,134,104,105,67,18,15,33,52,123,193,13,4,8,13,11,28,70,87,74,38,8,3,274,214,271,301,320,351,454,473,431,401,274,205,61.78,60.114,85.655,93.468,98.804,92.201,94.049,100.778,79.325,77.213,57.118,51.148,31,28,31,30,31,30,31,31,30,31,30,30,0,0,0,0,0,0,0,0,0,0,0,0,21,41,48,18,14,3,0,1,5,14,63,24,62,69,70,75,78,83,85,81,82,73,68,68,-55.4,12,16.9,18.2,25.3,19.6,43.6,32.7,42.6,19.8,-26.5,-44.2,14.2,13.1,14.2,15.2,15.3,16.7,19.7,20.3,19.4,18,14.5,12,20.5,18,19,19.2,18.7,19.5,22,23.4,22.3,22.3,19.6,17.8,8,8.2,9.3,11.2,11.8,13.9,17.3,17.2,16.5,13.6,9.4,6.2
469174,2012,2,11,"201202","201103",42.764,14.621,46.461,88.073,95.801,104.496,110.419,116.95,89.784,76.442,0,28.601,-5.96,-1.65,-2.63,-5.58,-5.2,-6.29,-7.18,-8.56,-7.66,-7.82,0.55,-4.2,1,2,1,0,0,0,0,0,0,0,0,2,123,128,111,75,82,46,9,7,19,35,106,177,15,7,14,24,19,44,103,123,111,61,14,6,287,235,299,341,350,385,496,520,482,440,296,225,64.021,62.212,88.375,104.375,106.314,106.512,111.149,117.738,93.931,86.373,58.603,52.156,31,28,31,30,31,30,31,31,30,31,30,31,0,0,0,0,0,0,0,0,0,0,0,0,21,48,42,16,11,2,1,1,4,10,76,24,61,69,70,71,76,79,81,77,78,70,69,69,-55.5,12.1,16.9,19.3,24.2,20,41.4,32.6,42.8,19.6,-26.4,-44.2,14.6,13.8,15.1,16.5,16.3,17.9,21,21.8,21.1,19.2,15.2,12.6,20.9,18.7,19.9,21.1,20,21.3,24.1,25.7,24.8,24.2,20.2,18.2,8.3,8.9,10.3,11.9,12.5,14.4,17.9,17.9,17.4,14.3,10.2,7
469138,2012,2,16,"201202","201103",38.898,20.852,31.243,93.831,106.385,123.21,141.695,143.729,110.417,83.024,0,28.064,-6.15,-2.6,-1.23,-6.19,-5.92,-7.81,-9.93,-11.5,-10.26,-9.35,-0.14,-4.64,1,2,1,0,0,0,0,0,0,0,0,3,123,142,130,83,81,41,7,6,18,33,122,192,16,6,10,21,20,49,115,132,114,65,10,4,287,220,277,329,351,396,511,532,486,445,277,208,66.251,65.766,93.442,114.259,124.945,127.658,143.417,144.92,114.326,97.382,62.499,54.617,31,28,31,30,31,30,31,31,30,31,30,28,0,0,0,0,0,0,0,0,0,0,0,0,27,45,62,20,19,4,2,1,4,14,78,27,57,63,64,65,68,70,70,66,67,62,62,63,-56.4,13.2,18.4,21.3,20.8,22.5,37.2,31.7,42.3,18.7,-27.1,-44.6,14.6,13.2,14.3,16.1,16.3,18.2,21.5,22.2,21.2,19.4,14.5,12,21.8,19.1,20.1,21.9,21.5,23.1,26.5,28,26.8,25.9,20.7,18.7,7.5,7.3,8.5,10.4,11,13.3,16.5,16.4,15.7,12.9,8.3,5.3
469136,2012,2,17,"201202","201103",39.789,10.885,44.649,83.985,90.847,96.19,97.22,107.217,81.676,72.491,0,25.58,-5.42,-1.15,-2.4,-5.17,-4.85,-5.67,-6.19,-7.62,-6.75,-7.18,1.13,-3.74,1,2,1,0,0,0,0,0,0,0,0,2,128,128,114,77,85,51,11,9,22,38,108,177,14,7,13,23,18,40,93,113,101,55,13,5,280,235,295,337,346,377,483,507,469,431,292,224,62.254,59.988,85.282,100.004,100.478,98.31,97.973,107.832,85.946,82.315,56.758,50.879,31,28,31,30,31,30,31,31,30,31,30,31,0,0,0,0,0,0,0,0,0,0,0,0,22,49,41,16,10,2,1,1,4,10,78,25,63,71,72,74,79,81,85,80,81,72,71,70,-55.1,11.6,16.4,18.6,25.1,19.3,43.1,32.7,42.8,19.9,-26.2,-44.1,14.4,13.8,15,16.4,16.1,17.6,20.6,21.4,20.6,18.9,15.1,12.6,20.4,18.3,19.4,20.7,19.5,20.6,23,24.7,23.8,23.5,19.7,17.9,8.4,9.3,10.5,12.1,12.7,14.6,18.1,18,17.5,14.4,10.4,7.4
1654175,2012,2,17,"201202","201103",0,0,0,72.85,77.017,124.584,190.783,175.047,136.553,0,0,10.69,6.05,0.59,18.02,-4.61,-3.4,-8.81,-17.18,-17.68,-17.42,-1.26,2.07,-2.27,6,4,3,0,0,0,0,0,0,0,2,7,263,200,211,132,95,19,2,2,6,55,209,292,1,1,1,10,18,89,198,197,199,41,0,0,150,159,190,268,333,460,599,597,585,396,177,119,39.999,50.226,66.307,102.032,134.593,157.342,191.095,175.603,139.859,79.222,42.441,34.731,26,25,30,30,31,30,31,31,30,31,27,23,1,0,0,0,0,0,0,0,0,0,0,0,115,65,232,29,58,33,0,1,3,84,79,24,64,64,71,63,59,59,54,52,53,62,66,78,-53.1,11.4,15.1,21,14.3,25.1,24.4,25,37.8,16.7,-26.3,-43.2,9.7,10.7,11.3,14.1,15.7,20.3,24.4,24.3,24.6,17.8,11.1,8.5,15.3,16.3,15.7,20.1,22.5,27.4,32.7,33,33.1,24.1,16.4,14.1,4.1,5.1,6.9,8.2,8.8,13.3,16,15.6,16,11.5,5.7,2.9
1654191,2012,2,23,"201202","201103",0,0,0,86.346,106.879,124.633,194.057,179.977,138.351,3.553,0,11.158,7.26,-0.61,13.07,-6.09,-6.49,-9.09,-17.63,-18.52,-18.4,-2.76,0.63,-2.5,6,4,3,0,0,0,0,0,0,0,2,7,274,194,214,122,78,13,2,2,6,50,221,292,1,1,1,12,24,104,200,199,204,46,0,0,140,163,186,279,355,487,601,600,590,405,169,118,40.53,52.282,68.772,109.637,141.242,164.877,194.349,180.252,145.602,85.2,42.382,35.775,24,25,29,29,31,30,31,31,30,31,26,22,1,0,0,0,0,0,0,0,0,0,0,0,127,57,186,23,34,40,0,0,7,82,65,25,61,61,69,59,57,58,52,50,49,57,64,78,-53.4,11.8,15.8,22.2,12.2,25.7,22.8,23.8,36.9,15.9,-26.4,-43.4,9.3,10.9,11.2,14.5,16.4,21.3,24.4,24.4,24.7,18.1,10.6,8.5,15.4,17.1,16.1,21.3,23.7,28.6,33.1,33.6,34.1,25.4,16.3,14.7,3.2,4.8,6.2,7.7,9.1,13.9,15.8,15.2,15.4,10.8,5,2.3
4058869,2012,3,9,"201203","201104",0,0,0,95.517,117.084,133.912,198.024,182.825,144.699,10.731,0,9.731,7.79,0.01,8.8,-7.08,-7.6,-10.1,-18.11,-18.88,-19.37,-3.57,0.97,-2.35,6,3,2,0,0,0,0,0,0,0,2,7,272,193,205,113,71,13,2,2,6,47,215,293,1,1,2,14,28,102,189,191,205,49,0,0,142,164,197,289,365,484,590,591,591,412,174,118,41.57,53.152,75.086,113.889,147.632,169.153,198.353,183.142,149.392,87.11,43.534,36.526,23,25,29,29,31,30,31,31,30,31,26,21,1,0,0,0,0,0,0,0,0,0,0,0,134,65,150,18,31,35,0,0,5,76,70,27,60,61,64,57,54,56,50,48,48,56,63,77,-53.6,12,17,22.7,10.8,26.6,22,23.5,36.5,15.9,-26.6,-43.5,9.4,11,11.5,14.8,16.8,21.2,24.1,24.1,24.8,18.3,10.8,8.5,15.6,17.2,17.2,22,24.5,29,33.2,33.7,34.5,25.7,16.7,14.8,3.1,4.7,5.9,7.7,9,13.4,14.9,14.5,15,10.9,5,2.2
469160,2012,3,13,"201203","201104",42.155,19.83,39.744,81.519,90.024,99.595,107.076,111.521,83.664,70.051,0,28.729,-5.9,-2.16,-1.84,-4.9,-4.62,-5.86,-6.85,-7.97,-6.91,-7,-0.45,-4.27,2,2,1,0,0,0,0,0,0,0,0,3,135,144,155,93,95,57,13,11,27,46,120,193,13,5,6,16,14,34,85,104,87,45,9,3,272,217,249,315,333,366,474,495,450,413,277,203,62.631,61.212,84.645,99.688,104.578,102.141,107.076,112.346,88.48,82.318,57.95,51.634,31,28,31,30,31,30,31,31,30,31,30,30,0,0,0,0,0,0,0,0,0,0,0,0,20,41,45,18,15,3,0,1,5,12,65,23,61,68,69,72,76,79,82,78,79,71,68,68,-55.5,12.2,17.1,19,24.3,20,41.9,32.5,42.7,19.6,-26.5,-44.3,14.1,13.1,13.4,15.6,15.7,17.2,20.3,21,20,18.3,14.6,12,20.5,18.2,18.3,20.1,19.5,20.5,23.3,24.7,23.5,23.2,19.7,17.8,7.7,8.1,8.4,11.2,11.9,13.9,17.3,17.3,16.5,13.5,9.4,6.1
1655320,2012,4,4,"201203","201104",0,0,0,60.103,75.532,106.912,195.037,181.17,134.817,0,0,16.853,5.59,1.12,17.18,-3.45,-3.43,-7.47,-18.37,-19.34,-17.76,-1.1,2.26,-3.07,6,5,4,1,0,0,0,0,0,0,2,7,268,230,252,162,118,22,2,2,6,57,219,292,1,0,0,5,11,81,200,208,194,39,0,0,147,136,159,236,305,447,601,608,580,391,171,119,41.622,49.734,68.63,103.472,135.19,163.19,196.036,182.352,141.376,82.409,43.689,36.223,24,23,27,28,30,30,31,31,30,31,26,22,1,0,1,0,0,0,0,0,0,0,1,0,113,69,227,43,60,56,1,1,7,93,84,19,62,63,67,60,56,56,52,50,52,60,64,73,-53.5,11.8,16.3,22,14.7,26,24.3,25.1,38.1,16.6,-26.5,-43.4,9.5,9.6,10,13,14.8,19.9,24.4,24.7,24.4,17.6,10.7,8.5,15.5,15.5,15.1,19.5,22,27.6,33.1,33.8,33.1,24.4,16.4,14.4,3.5,3.8,4.8,6.5,7.5,12.2,15.7,15.5,15.7,10.9,5,2.6
1372819,2012,4,14,"201204","201105",5.329,27.441,0.232,54.191,121.644,135.265,199.062,185.949,142.441,63.207,15.045,30.515,-1.63,-3.43,1.36,-2.98,-7.98,-10.39,-18.58,-19.68,-18.1,-8.53,-3.06,-3.69,6,4,2,0,0,0,0,0,0,0,2,9,274,211,196,90,72,11,1,1,5,42,211,320,1,0,4,22,28,118,240,241,214,57,0,0,143,152,210,320,364,501,641,642,600,423,179,99,42.295,51.917,81.757,118.737,147.769,172.129,199.6,188.294,145.272,89.335,46.169,36.24,24,25,29,30,31,30,31,31,30,31,27,20,0,0,0,0,0,0,0,0,0,0,0,0,37,24,82,65,26,37,1,2,3,26,31,6,63,63,61,58,55,56,54,51,53,58,63,77,-53.3,11.9,18.1,22.8,12.9,26.5,24.7,25.3,38.2,16.5,-26.6,-43.4,9.3,10.3,11.9,15.8,16.7,21.7,25.7,25.8,25.1,18.7,11,7.6,15.1,16,18,22.8,24.3,29.4,34.1,34.8,33.7,25.8,16.8,13.5,3.5,4.6,5.7,8.8,9.1,14,17.3,16.7,16.5,11.6,5.2,1.8
1654256,2012,4,14,"201204","201105",0,0,0,26.793,92.19,115.646,195.317,183.65,131.956,0,0,14.528,10.03,-0.04,12.42,-0.41,-5.09,-8.37,-18.17,-19.61,-18.04,-1.13,0.56,-2.89,6,4,3,0,0,0,0,0,0,0,2,7,279,196,216,97,77,11,1,1,5,54,231,291,1,1,2,19,25,115,226,227,208,42,0,0,137,163,188,309,357,498,627,628,594,397,162,120,38.669,51.121,70.687,113.293,139.299,165.691,195.672,183.942,144.859,83.923,40.955,34.405,24,25,29,30,31,30,31,31,30,31,26,22,1,0,0,0,0,0,0,0,0,0,1,0,153,63,182,86,47,50,0,0,13,98,63,20,62,61,66,58,58,58,53,50,49,57,64,79,-53,11.6,16.3,22.2,12.7,25.4,22.6,23.6,37,15.8,-26.3,-43.3,9.1,10.9,11.1,15.5,16.5,21.6,25.3,25.3,24.9,17.8,10.3,8.5,15,17,16.4,22.4,23.6,29,33.8,34.6,34.2,25.2,16,14.5,3.3,4.8,5.8,8.6,9.4,14.2,16.8,16,15.5,10.4,4.7,2.6
394165,2012,4,17,"201204","201105",44.666,12.289,39.661,58.839,117.03,142.024,161.716,160.23,119.758,89.272,0,30.904,-6.78,-1.86,-2.06,-2.81,-7.03,-9.82,-12.36,-13.87,-11.77,-10.29,0.49,-4.93,2,2,1,0,0,0,0,0,0,0,0,3,133,140,144,79,70,30,4,3,13,31,112,193,14,6,9,24,27,65,148,170,138,71,14,5,277,223,264,335,368,421,549,571,515,451,289,208,68.301,68.631,96.029,123.003,134.091,144.286,162.56,161.037,124.192,102.518,65.169,55.976,30,28,31,30,31,30,31,31,30,31,30,28,0,0,0,0,0,0,0,0,0,0,0,0,24,56,56,64,17,2,1,1,4,13,88,25,55,62,62,61,65,65,65,62,64,59,61,62,-56.4,13.8,19.2,22.7,19.7,23.5,35.4,31.6,42.3,18.9,-27.1,-44.5,14.2,13.3,13.8,16.3,16.8,19.1,22.7,23.4,22.2,19.6,14.9,12,21.7,19.5,20,22.8,22.7,25,28.8,30.2,28.3,26.5,21.2,18.8,6.7,7.1,7.6,9.8,11,13.1,16.7,16.7,16.1,12.7,8.6,5.2
469139,2012,4,19,"201204","201105",44.809,12.177,41.87,57.859,111.051,132.67,147.956,149.145,113.008,87.841,0,30.885,-6.72,-1.78,-2.22,-2.61,-6.42,-8.8,-10.72,-12.29,-10.7,-9.84,0.53,-4.83,1,2,1,0,0,0,0,0,0,0,0,3,125,133,137,79,75,34,5,4,14,31,107,185,15,7,10,23,24,58,132,157,134,71,15,5,285,230,271,335,360,411,533,557,510,453,295,216,68.546,68.52,95.553,119.74,126.651,134.547,148.628,149.893,117.404,99.706,64.572,55.849,31,28,31,30,31,30,31,31,30,31,30,29,0,0,0,0,0,0,0,0,0,0,0,0,24,56,54,62,16,2,1,1,4,12,87,25,56,63,63,63,68,68,69,66,68,62,63,64,-56.3,13.6,18.9,22.1,21,22.4,37,32,42.6,19.1,-27,-44.5,14.5,13.6,14,16.3,16.6,18.7,22.2,23,22.1,19.7,15.1,12.3,21.9,19.6,20,22.5,21.8,24,27.4,28.9,27.6,26.1,21.2,18.8,7.2,7.5,8.1,10.2,11.3,13.5,17,17.1,16.5,13.2,9,5.7
2132998,2012,5,10,"201205","201106",0,0,0,12.148,160.321,98.239,193.293,182.919,132.814,0,0,14.826,12.76,0.35,15.45,1.01,-13.24,-6.75,-18.07,-19.88,-18.62,-1.12,1.68,-3.12,7,4,3,0,0,0,0,0,0,0,2,7,283,199,233,111,22,12,1,1,5,52,227,292,0,1,0,15,90,112,227,234,211,44,0,0,134,160,174,292,477,495,628,635,597,400,165,119,38.545,50.979,71.382,111.496,167.833,165.358,193.554,183.892,145.432,83.771,41.079,34.723,23,24,27,29,31,30,31,31,30,31,26,21,1,0,0,0,0,0,0,0,0,0,1,0,181,68,214,99,8,67,0,1,13,100,77,20,61,60,64,58,53,58,54,50,49,56,63,77,-53.1,11.7,16.9,22.3,6.5,25.4,22.6,23.3,36.7,15.5,-26.4,-43.3,9,10.7,10.6,14.9,20.5,21.5,25.3,25.5,25,17.9,10.5,8.5,15.1,17,16.3,21.9,28.8,28.9,33.7,34.8,34.5,25.4,16.3,14.8,2.9,4.5,4.8,7.9,12.1,14.1,17,16.3,15.5,10.4,4.6,2.2
1655769,2012,5,30,"201205","201106",3.556,0,0,22.84,98.606,115.833,140.734,136.498,93.917,57.327,0,0,-1.96,1.53,3.24,0.61,-5.85,-7.53,-10.65,-11.79,-9.13,-6.48,2.93,-0.91,1,2,2,0,0,0,0,0,0,0,0,2,124,159,182,127,89,51,5,3,14,32,107,169,16,4,4,10,19,40,137,184,132,71,16,8,288,203,223,276,340,377,537,584,507,450,296,236,53.381,51.539,75.976,94.576,107.666,124.186,142.595,138.974,105.148,79.478,49.658,40.198,31,28,31,30,31,30,31,31,30,31,30,31,0,0,0,0,0,0,0,0,0,0,0,0,50,69,91,72,9,8,2,2,11,22,92,43,71,76,72,72,75,71,72,71,73,74,76,82,-54,10.4,15.9,18.9,23.6,20.5,37.2,31.8,42.5,19.5,-25.8,-43.3,14.6,12.6,12.4,14.3,15.9,17.6,22.4,23.9,21.9,19.6,15.1,12.9,19.3,16.4,16.8,18.7,19.9,22.4,27.1,28.8,26.5,23.9,18.9,16.4,9.9,8.8,8.1,9.9,11.9,12.8,17.6,18.9,17.4,15.3,11.3,9.4
1667093,2012,6,19,"201206","201107",40.853,8.807,29.592,55.068,146.684,162.006,176.789,174.206,130.497,91.26,0,29.951,-6.69,-1.68,-1.27,-2.62,-10.39,-12.33,-14.41,-16.25,-13.87,-11.01,-0.07,-5.07,2,2,2,0,0,0,0,0,0,0,1,3,135,160,163,95,51,25,5,3,13,35,126,206,13,4,6,18,41,74,140,175,139,63,11,4,275,203,243,313,399,436,541,575,516,439,274,194,67.843,68.282,97.924,124.622,150.876,163.07,177.973,175.286,136.037,105.03,65.671,55.629,30,26,29,30,31,30,31,31,30,31,29,27,0,0,0,0,0,0,0,0,0,0,0,0,27,59,68,70,4,1,1,1,6,14,86,26,54,59,58,58,59,57,58,55,58,56,59,61,-56.6,14.2,20.1,23.6,17.2,25.5,33.7,31.1,41.9,18.5,-27.3,-44.6,14.1,12.5,13.1,15.6,17.9,19.6,22.5,23.6,22.2,19.2,14.4,11.5,21.8,19.1,19.9,22.6,24.9,27,29.9,31.5,29.7,26.8,21.2,18.6,6.5,5.9,6.3,8.5,10.9,12.2,15.1,15.6,14.8,11.7,7.5,4.4
1670844,2012,10,30,"201210","201111",0,0,0,9.292,156.804,177.29,204.969,192.769,142.481,37.548,0,11.117,6.97,0.79,12.61,1.5,-12.48,-15.4,-19.6,-21.53,-18.72,-6.46,1.08,-2.46,6,4,3,0,0,0,0,0,0,0,2,7,267,197,211,98,26,7,1,1,6,42,214,290,1,1,2,19,81,147,224,271,196,57,0,0,147,162,193,308,464,531,625,672,583,423,175,120,39.839,50.939,70.575,110.715,165.547,185.312,205.828,193.661,145.155,87.36,42.346,35.18,25,25,29,30,31,30,31,31,30,31,27,23,1,0,0,0,0,0,0,0,0,0,0,0,124,69,183,101,9,8,1,1,3,50,70,24,63,63,67,60,53,52,49,49,49,57,65,79,-53.2,11.5,16.1,21.7,7.7,26.9,21.3,23,37.2,15.7,-26.4,-43.3,9.5,10.8,11.3,15.5,20,22.7,25.2,26.7,24.5,18.7,10.9,8.6,15.3,16.7,16.4,22,28.2,31.4,34.5,36.2,33.8,26.1,16.5,14.5,3.7,4.9,6.2,8.9,11.9,14.1,15.8,17.2,15.1,11.3,5.3,2.7
202500,2013,2,9,"201302","201203",12.56,42.846,0,17.903,128.578,129.882,123.66,132.981,107.308,70.531,18.558,0,-2.98,-5.28,2.7,1.34,-8.19,-8.36,-7.73,-10.13,-9.89,-8.02,-4.43,4.22,4,3,2,0,0,0,0,0,0,0,0,3,234,195,186,138,110,79,62,25,41,62,109,216,0,0,0,5,9,22,19,62,60,28,11,0,164,161,210,261,314,333,360,440,408,382,288,178,54.242,64.785,91.189,106.208,130.614,130.682,123.73,134.104,109.038,87.945,61.933,43.503,24,23,28,29,30,30,31,31,30,31,30,29,0,0,0,0,0,0,0,0,0,0,0,0,42,22,102,88,2,1,0,1,2,17,43,101,55,55,58,63,61,64,69,64,63,61,59,50,-55.1,14.5,19.8,21.7,15.8,24.6,37.1,28.8,40,18,-28,-44,10.6,11.2,12.3,13.9,15.1,16.1,16.6,19.2,18.6,17.3,15,11.1,17.8,18.5,19,19.8,21.4,22,21.6,25.3,24.8,23.9,21.8,16.4,3.4,3.9,5.5,7.9,8.7,10.2,11.6,13.1,12.4,10.8,8.3,5.8
1666111,2013,3,1,"201302","201203",0,29.067,0,34.866,165.65,182.321,206.355,194.524,146.317,50.986,0,0,0.32,-4.32,8,-1.13,-13.53,-15.97,-19.62,-21.63,-19.28,-7.84,5.01,12,10,4,3,0,0,0,0,0,0,0,1,9,334,207,209,97,24,7,2,1,7,44,160,317,0,0,2,19,86,146,208,253,183,54,6,0,95,154,193,308,472,530,609,654,569,418,236,101,37.06,55.703,74.823,114.969,170.153,187.63,206.373,194.947,147.63,88.054,46.139,27.994,19,22,29,30,31,30,31,31,30,31,29,25,1,0,0,0,0,0,0,0,0,0,0,1,44,27,142,80,5,5,0,0,1,37,118,153,62,55,64,58,52,51,48,47,47,56,64,59,-52.4,12.9,17.1,22.5,6.1,27.4,20.4,22.3,36.6,15.7,-27.1,-42.2,7.4,10.5,11.3,15.5,20.3,22.7,24.7,26.1,24,18.5,13,7.7,13.3,17.7,17.1,22.5,28.8,31.6,34.3,36,33.9,26.1,18.8,11.7,1.4,3.3,5.6,8.5,11.8,13.8,15.1,16.2,14.1,10.9,7.3,3.7
1667960,2013,3,9,"201303","201204",1.52,26.584,48.913,46.278,168.072,180.156,207.26,196.21,146.92,50.721,0,0,-0.6,-4.26,-4.6,-2.39,-14,-15.94,-20.06,-22.3,-19.69,-7.75,6.12,12.98,11,4,1,0,0,0,0,0,0,0,1,10,340,201,134,99,20,6,1,1,7,52,168,327,0,1,12,18,96,153,227,267,187,45,5,0,91,159,278,306,485,538,628,668,573,401,228,94,36.91,55.837,94.011,115.798,171.451,188.309,207.521,196.605,147.614,85.884,45.47,27.754,18,22,30,30,31,30,31,31,30,31,29,24,1,0,0,0,0,0,0,0,0,0,0,2,35,29,45,70,3,8,0,0,1,35,130,162,60,55,54,57,52,51,49,47,46,55,63,59,-52.5,12.9,19.8,22.7,5.7,27.3,19.9,21.9,36.5,15.6,-27.1,-42.1,7.2,10.7,14.2,15.4,20.7,23,25.3,26.6,24.2,18,12.7,7.4,13.3,18,21.8,22.6,29.3,31.9,34.8,36.6,34.2,25.6,18.6,11.6,1,3.3,6.6,8.2,12.2,14.1,15.8,16.6,14.2,10.3,6.8,3.1
1669580,2013,3,26,"201303","201204",19.255,37.127,64.947,60.02,142.028,154.938,163.772,159.684,136.245,89.451,54.961,0,-3.34,-4.24,-4.94,-2.97,-9.74,-11.34,-12.44,-14.3,-14.9,-10.43,-8.2,0.53,3,3,1,0,0,0,0,0,0,0,0,3,188,173,103,82,45,22,6,1,6,28,78,189,5,2,18,23,47,80,123,223,194,79,30,6,213,186,312,330,411,446,522,624,580,461,338,214,59.679,67.22,102.284,123.997,145.756,155.622,164.665,161.461,140.158,101.972,70.971,52.228,28,26,31,30,31,30,31,31,30,31,30,30,0,0,0,0,0,0,0,0,0,0,0,0,40,30,37,64,4,1,1,2,4,13,16,73,59,59,61,60,62,61,62,64,60,60,59,57,-55,14.2,19.5,23,17.9,24.3,35,31.5,41.7,18.7,-27.7,-44.3,12.1,12,15.4,16.2,18.3,19.9,21.9,25.2,24.4,19.9,16.5,12.1,18.8,18.6,21.8,22.9,24.6,26.5,28.4,31.4,31.5,26.7,23.4,18.1,5.5,5.4,9,9.5,11.9,13.3,15.3,18.9,17.3,13.1,9.6,6.2
3798671,2013,3,28,"201303","201204",0,21.5,40.224,13.678,155.562,173.781,199.556,187.435,140.861,41.684,0,0,0.12,-3.45,-3.47,1.08,-12.33,-14.95,-18.77,-20.53,-18.29,-6.56,7.2,14.74,10,4,1,0,0,0,0,0,0,0,1,10,332,205,128,102,23,7,1,1,6,48,163,329,0,0,13,18,87,153,227,269,193,49,6,0,97,155,285,304,473,537,628,670,579,409,233,93,35.912,53.683,90.144,108.985,162.707,181.967,200.233,187.911,142.374,84.007,43.858,26.24,20,23,31,30,31,30,31,31,30,31,29,25,1,0,0,0,0,0,0,0,0,0,0,2,41,32,50,95,7,8,1,0,2,42,136,177,63,58,58,61,55,54,52,51,50,58,67,62,-52.1,12.4,18.7,21.5,8,26.2,22,23.4,37.2,15.9,-26.7,-41.9,7.4,10.5,14.4,15.3,20.3,22.9,25.3,26.7,24.4,18.2,12.9,7.3,13,17.3,21.3,21.7,28.1,31.2,34.1,35.7,33.5,25.3,18.2,11,1.8,3.8,7.6,8.9,12.5,14.6,16.5,17.6,15.2,11.1,7.6,3.6
1392578,2013,4,6,"201303","201204",0,20.952,36.881,19.674,160.659,173.078,204.118,192.725,143.987,41.641,0,0,-0.09,-3.7,-3.33,0.36,-13.08,-15.09,-19.85,-21.92,-19.29,-6.78,7.95,15.59,11,4,1,0,0,0,0,0,0,0,1,9,341,208,145,117,27,8,1,1,7,52,163,320,0,0,10,14,78,135,230,267,187,45,5,0,91,154,266,285,460,519,631,667,573,401,233,99,37.639,55.081,91.172,109.291,164.794,182.977,204.416,193.146,144.939,84.012,45.471,28.429,17,22,30,29,31,30,31,31,30,31,29,24,1,0,0,0,0,0,0,0,0,0,0,2,42,34,54,90,4,10,0,0,1,42,149,191,59,55,55,59,53,52,50,49,48,57,64,58,-52.7,12.8,19.4,22,7.1,26.9,20.7,22.4,36.8,15.8,-27.1,-42.3,7.1,10.4,13.8,14.7,19.9,22.3,25.4,26.6,24.2,18,12.9,7.6,13.5,17.7,21.1,21.4,28.1,31,34.6,36.2,33.8,25.2,18.7,11.9,0.7,3.2,6.4,8,11.7,13.7,16.2,17,14.5,10.7,7.1,3.3
236311,2013,4,26,"201304","201205",2.883,18.218,40.85,83.622,123.564,130.447,133.086,133.077,105.833,37.852,0,0,-1.59,-2.81,-3.04,-5.76,-7.83,-8.54,-8.71,-10.26,-10.08,-5.27,10.6,27.08,6,4,2,0,0,0,0,0,0,0,1,6,272,213,162,119,117,78,58,39,62,77,158,267,0,0,3,9,8,22,21,42,39,20,0,0,133,139,235,281,307,334,366,407,367,359,232,132,45.769,57.627,92.867,118.85,134.767,142.52,135.665,134.33,109.561,86.098,53.519,37.031,23,22,29,29,30,30,31,31,30,31,28,26,0,0,0,0,0,0,0,0,0,0,1,1,43,39,52,35,11,12,3,1,4,48,183,320,59,57,56,55,57,57,63,60,57,57,60,55,-54,13.4,20,23.9,13,25.8,33.5,27.3,38.8,17,-27.6,-43.4,9.4,10.2,13.1,14.6,14.8,16.2,16.8,18.1,17.2,16.6,13.1,9.3,15.9,17.1,20.3,22.1,21.9,23.3,22.9,24.8,24.5,23.8,19.7,14.5,2.9,3.3,5.9,7.1,7.8,9,10.7,11.4,10,9.3,6.6,4.2
2133518,2013,4,26,"201304","201205",0,5.259,2.577,18.158,68.313,81.206,88.951,93.617,74.098,0,0,0,-0.13,-0.79,1.09,0.99,-2.64,-3.89,-4.68,-6.02,-5.99,6.88,20.77,27.51,9,6,3,1,0,0,0,0,0,0,1,8,312,252,229,208,198,159,145,115,142,170,183,298,0,0,0,0,0,4,3,8,11,0,0,0,97,104,163,186,215,227,257,291,260,245,200,103,37.13,46.864,72.036,81.89,96.53,96.388,96.343,97.108,78.531,54.597,40.997,29.699,22,22,28,29,30,30,31,31,29,30,29,26,1,0,0,0,0,0,0,0,0,0,1,2,42,42,69,64,28,15,7,3,4,123,265,313,64,63,65,70,71,73,75,71,69,74,70,62,-52.4,11.5,16.9,18.9,20.5,21.7,41.4,29.3,39.1,18.9,-26.1,-42.5,8.1,8.9,10.7,11.3,11.9,12.5,13.2,14.4,13.6,12.8,12.1,8.3,13.6,14.6,16.2,16,16.4,16.7,17.2,19,18.6,16.9,16.9,12.6,2.5,3.2,5.2,6.7,7.4,8.4,9.3,9.8,8.7,8.8,7.4,4
469147,2013,5,7,"201304","201205",12.176,23.923,63.575,106.826,130.806,146.044,156.13,158.972,137.319,87.288,45.861,0,-2.66,-2.94,-4.82,-7.62,-8.62,-10.34,-11.6,-14.33,-15.24,-10.2,-7.12,2,2,2,1,0,0,0,0,0,0,0,0,2,166,153,97,80,51,27,7,1,6,23,67,166,7,4,20,22,40,71,116,225,203,93,36,8,237,206,318,333,400,431,512,626,589,481,354,239,57.65,64.895,98.261,112.552,135.755,146.586,158.379,160.942,139.973,97.882,67.044,48.451,30,27,31,30,31,30,31,31,30,31,30,31,0,0,0,0,0,0,0,0,0,0,0,0,45,41,35,6,5,1,2,2,3,11,21,83,62,63,64,66,66,64,64,65,60,64,63,61,-54.8,13.3,18.6,20.9,19.2,23.1,35.5,31.3,41.5,18.7,-27.6,-44.1,13,12.8,15.7,16.3,17.9,19.4,21.5,25.2,24.7,20.6,17.1,13,19,18.7,21.6,21.8,23.6,25.4,27.7,31.5,31.7,26.8,23.2,18,6.9,6.8,9.8,10.7,12.3,13.3,15.4,19,17.7,14.4,11,8
1671045,2013,11,29,"201311","201212",0,8.307,4.985,56.124,119.549,155.414,201.695,168.621,87.442,73.981,10.559,0,1.91,-1.52,0.06,-3.81,-8.66,-13.74,-20.48,-17.53,-10.69,-9.91,-4.03,26.02,11,6,2,0,0,0,0,0,0,0,1,13,343,256,177,98,51,8,1,3,22,89,170,356,0,0,5,19,44,142,261,184,101,21,5,0,89,114,229,309,400,526,662,585,469,340,225,76,36.651,50.083,83.676,115.499,148.559,178.717,202.702,169.972,119.924,82.695,48.985,28.017,18,19,29,30,31,30,31,31,30,30,28,21,1,0,0,0,0,0,0,0,0,0,0,5,61,42,79,59,29,23,1,1,32,9,38,291,61,58,59,57,57,54,53,54,56,54,59,59,-52.3,12.4,18.3,22.5,11.7,25.8,22.8,25.8,39.2,16.2,-27.6,-42.2,7.1,8.7,12.6,15.5,17.9,22.5,26.4,23.9,20.7,16,12.6,6.4,13,15.3,19.2,22.6,25.3,30.7,35,32.3,28.4,23.7,19.3,10.9,1.1,2.1,6,8.4,10.5,14.4,17.8,15.5,12.9,8.2,6,2
950503,2014,1,4,"201312","201301",3.92,31.026,55.656,114.441,162.661,180.226,216.262,178.768,104.786,86.382,23.282,27.609,-0.91,-4.7,-5.26,-10.2,-13.38,-16.59,-22.01,-18.43,-12.6,-11.56,-5.41,-4.37,10,4,1,0,0,0,0,0,0,0,1,8,333,201,133,43,19,3,0,2,15,64,154,300,0,1,12,53,103,202,280,202,127,35,7,0,96,159,279,398,494,588,681,603,501,379,244,114,37.483,56.347,94.686,134.597,169.531,194.596,216.666,179.041,127.415,89.36,51.554,37.712,18,22,30,30,31,30,31,31,30,30,28,18,1,0,0,0,0,0,0,0,0,0,0,0,34,25,39,20,7,14,0,0,23,3,28,10,60,54,54,53,54,52,49,50,53,51,56,71,-52.6,13,19.9,23.8,5.9,26.8,18.1,23.5,37.9,15.4,-28.1,-43.8,7.4,10.7,14.2,18.5,21,24.6,27,24.5,21.7,17.2,13.3,8.2,13.6,18.1,21.9,26.6,29.2,33.4,36.6,33.6,30.1,25.8,20.5,15.4,1.2,3.3,6.5,10.3,12.8,15.9,17.5,15.4,13.4,8.7,6.1,1.1
2252335,2014,2,25,"201402","201303",60.255,0,70.792,107.695,113.844,111.623,107.595,100.516,89.937,61.762,41.262,47.508,-9.72,2.88,-5.77,-7.73,-6.77,-6.77,-6.39,-6.54,-7.48,-6.3,-6.67,-7.68,1,2,1,0,0,0,0,0,0,0,0,3,110,126,124,108,108,69,59,66,61,113,116,195,16,4,9,11,9,27,20,22,40,4,7,0,293,227,278,295,317,348,365,361,368,311,278,196,67.596,61.957,97.349,112.672,118.127,112.688,108.771,101.43,90.946,78.634,61.9,54.915,30,28,31,30,31,30,31,31,30,31,29,25,0,0,0,0,0,0,0,0,0,0,0,0,7,100,27,5,4,1,1,1,1,17,21,7,51,65,59,62,68,74,76,75,71,63,58,70,-58.1,12.3,19.6,22.1,18.1,22.5,39.8,30.6,40.4,18.5,-28,-45.2,15.2,13.8,14.6,15,15.2,16.6,16.8,16.6,17.3,15,14.7,11.9,23.6,19.5,21.3,21.3,20.3,20.9,20.6,20.6,21.9,21,21.7,20,6.8,8.2,7.9,8.8,10,12.3,12.9,12.6,12.6,8.9,7.8,3.8
1687752,2014,3,14,"201403","201304",19.346,0,0,70.949,140.44,178.727,214.963,179.707,109.705,82.499,8.616,0,-4.37,11.98,4.3,-5.22,-10.76,-16.31,-22.05,-18.74,-13.16,-10.8,-3.61,-1.67,3,3,1,0,0,0,0,0,0,0,1,7,191,193,146,72,36,5,1,2,17,70,151,283,6,1,9,30,62,168,267,189,118,31,7,0,211,164,262,344,435,553,668,590,491,370,247,128,45.971,47.823,83.086,121.386,159.2,190.604,215.267,179.953,128.074,87.208,50.266,38.296,29,27,31,30,31,30,31,31,30,31,29,21,0,0,0,0,0,0,0,0,0,0,0,0,27,176,118,50,19,12,0,0,18,5,42,39,61,68,63,57,54,51,49,50,53,53,60,74,-54.7,10.6,17.5,22.7,9.8,26.6,20.9,25.1,38.8,16,-27.7,-43.8,12,11,13.7,16.7,19.1,23.5,26.6,24.1,21.4,16.9,13.4,8.8,18.2,15.9,19.6,23.9,27,32.3,36.1,33.3,29.7,24.9,19.8,15.4,5.8,6,7.8,9.5,11.2,14.7,17.1,14.9,13,9,6.9,2.2
1671086,2014,3,18,"201403","201304",27.851,0,0,82.622,149.225,178.549,211.928,176.825,112.905,84.378,6.538,1.029,-5.01,7.05,1.56,-6.27,-11.47,-15.8,-21.04,-17.83,-13.03,-10.63,-3.24,-1.51,3,3,1,0,0,0,0,0,0,0,1,7,191,185,123,58,28,5,1,2,16,64,147,288,5,2,14,39,76,178,264,190,124,35,8,0,211,176,288,368,457,563,664,591,498,378,252,123,46.085,48.879,85.975,122.624,159.859,186.941,212.665,177.382,126.847,86.589,50.742,37.372,29,27,31,30,31,30,31,31,30,31,29,22,0,0,0,0,0,0,0,0,0,0,0,0,18,127,93,40,11,8,1,1,14,2,44,36,62,68,63,59,56,54,50,51,54,55,61,76,-54.7,10.6,17.6,22.4,9.4,26.1,21,25.1,38.7,16.2,-27.7,-43.6,12,11.6,14.6,17.5,19.8,23.8,26.5,24.1,21.6,17.2,13.5,8.6,18.2,16.5,20.5,24.4,27.4,32.1,35.8,33,29.7,24.8,19.9,14.9,5.9,6.6,8.7,10.5,12.2,15.5,17.2,15.2,13.6,9.6,7.2,2.4
1674069,2014,3,21,"201403","201304",34.564,0,0,109.313,160.388,177.941,214.86,178.23,102.767,86.077,20.773,25.581,-6.31,6.93,1.34,-9.6,-13.09,-16.3,-21.79,-18.38,-12.41,-11.51,-5.16,-4.1,3,3,1,0,0,0,0,0,0,0,1,8,196,186,128,45,20,3,0,2,15,65,154,304,5,2,13,50,99,199,280,203,127,34,7,0,202,175,281,392,489,585,681,603,501,377,243,111,47.759,49.429,87.509,132.915,167.744,193.295,215.246,178.52,127.247,89.11,51.452,37.424,27,27,31,30,31,30,31,31,30,30,28,18,0,0,0,0,0,0,0,0,0,0,0,0,13,129,95,24,7,15,0,0,24,3,31,12,55,66,60,54,54,52,50,51,53,51,56,72,-55.5,10.8,18.2,23.6,6.4,26.6,18.6,23.7,38,15.4,-28.1,-43.7,11.8,11.5,14.4,18.3,20.9,24.5,27,24.5,21.7,17.2,13.2,8.1,19.1,16.9,20.9,26.3,28.9,33.2,36.5,33.5,30.1,25.7,20.4,15.2,4.6,6.1,7.9,10.3,12.8,15.9,17.6,15.5,13.4,8.7,6,1
3840150,2014,3,25,"201403","201304",61.3,0,64.54,117.862,139.905,145.666,150.607,136.883,120.812,89.432,41.894,34.638,-9,2.41,-5.12,-8.89,-9.59,-10.33,-10.84,-10.62,-11.95,-9.82,-6.59,-6.11,1,1,1,0,0,0,0,0,0,0,0,2,74,93,84,74,40,21,9,11,16,53,77,138,34,15,24,24,51,84,106,104,124,37,27,12,350,275,333,341,423,451,500,495,498,398,335,267,65.448,71,100.348,123.742,145.931,146.296,150.607,136.883,122.181,92.595,63.92,56.687,31,28,31,30,31,30,31,31,30,31,30,31,0,0,0,0,0,0,0,0,0,0,0,0,4,109,36,6,6,1,0,0,1,3,22,22,61,61,63,60,62,65,66,67,63,60,63,68,-56.8,13.4,18.9,22.9,15.1,24.2,34.3,30.2,40.7,18.4,-27.7,-45,16.9,15.3,16.3,16.6,18.7,20.1,21.2,21,21.6,17.9,16.6,14.1,23.4,21.7,22.4,23.3,25,25.9,26.9,26.6,28,24.5,22.6,20.9,10.4,9,10.1,9.9,12.4,14.2,15.4,15.3,15.2,11.2,10.5,7.2
395477,2014,4,15,"201404","201305",64.14,41.015,62.61,101.862,124.549,142.463,140.865,139.881,117.236,69.329,50.294,45.615,-9.1,-5.13,-4.65,-7.26,-8.05,-10.13,-10.14,-11.31,-11.37,-7.44,-6.95,-6.73,1,1,1,0,0,0,0,0,0,0,0,2,83,94,79,55,36,15,4,4,11,43,80,136,30,16,28,37,57,98,145,164,153,51,27,14,340,276,343,374,433,474,546,565,534,420,332,272,70.357,72.627,99.08,123.975,134.967,143.174,141.815,141.261,118.334,92.287,64.876,58.136,31,28,31,30,31,30,31,31,30,31,30,31,0,0,0,0,0,0,0,0,0,0,0,0,6,32,36,22,10,1,1,1,1,23,15,13,58,63,66,63,69,68,73,70,68,65,65,65,-56.7,13.6,18.2,21.9,19.6,22.2,37.7,32.1,42.5,19.3,-27.1,-44.7,16.4,15.3,16.5,17.7,19,20.8,22.6,23.3,22.8,18.6,16.4,14.1,23.4,21.4,22.1,23.8,24.2,26.1,27.3,28.5,28.2,24.5,22.1,20.5,9.5,9.2,10.9,11.5,13.8,15.5,18,18,17.4,12.7,10.6,7.8
469152,2014,4,22,"201404","201305",63.564,19.671,50.203,97.668,117.137,127.164,129.178,131.995,112.142,65.647,40.984,40.341,-9.02,-2.81,-3.45,-6.8,-7.31,-8.55,-8.81,-10.2,-10.59,-6.91,-6.1,-6.29,1,1,1,0,0,0,0,0,0,0,0,1,76,93,81,59,39,20,8,7,14,45,74,124,34,15,26,34,53,85,112,127,134,46,29,16,349,275,339,366,427,454,508,526,510,415,340,286,67.361,67.318,97.034,120.162,130.391,128.078,129.426,132.58,112.859,86.71,63.057,56.255,31,28,31,30,31,30,31,31,30,31,30,31,0,0,0,0,0,0,0,0,0,0,0,0,4,48,47,22,13,1,0,1,1,21,22,16,61,66,66,64,70,73,75,71,69,67,66,69,-56.6,12.5,17.9,21.5,19.7,21.8,38.7,31.8,42.2,19.2,-27.2,-44.8,16.8,15.3,16.4,17.4,18.8,20.1,21.4,22,22,18.4,16.7,14.6,23.3,20.8,21.9,23.3,23.8,24.6,25.5,26.9,27.3,23.9,22.2,20.7,10.2,9.9,10.9,11.5,13.8,15.7,17.3,17,16.8,13,11.1,8.6
790470,2014,5,8,"201405","201306",64.796,21.02,51.689,91.985,139.447,138.65,142.83,143.684,119.26,69.015,42.167,39.249,-9.4,-3.13,-3.64,-6.28,-9.71,-9.72,-10.28,-11.73,-11.73,-7.53,-6.34,-6.35,1,1,1,0,0,0,0,0,0,0,0,1,75,93,83,60,27,17,5,5,12,44,80,131,35,16,25,33,73,92,133,151,147,48,27,15,351,277,336,364,459,465,534,552,526,417,332,277,69.364,69.95,98.225,121.527,140.104,139.282,143.747,144.556,120.226,91.43,64.504,57.865,31,28,31,30,31,30,31,31,30,31,30,31,0,0,0,0,0,0,0,0,0,0,0,0,5,49,47,30,1,1,1,1,1,22,22,19,59,64,65,63,68,69,71,67,66,64,64,66,-57,13.1,18.2,21.8,18.4,22.4,37.2,31.7,42.2,19,-27.3,-44.9,16.8,15.3,16.3,17.3,19.9,20.5,22.3,22.8,22.6,18.5,16.4,14.3,23.7,21.2,22,23.4,25.3,25.7,27.1,28.5,28.3,24.5,22.3,20.8,10,9.5,10.7,11.2,14.5,15.4,17.4,17.2,16.8,12.5,10.5,7.8
3805929,2015,3,4,"201502","201403",50.526,62.544,67.972,105.348,141.417,150.296,154.465,140.627,122.313,101.524,42.991,0,-6.95,-8.03,-5.24,-7.66,-9.93,-10.92,-11.74,-11.59,-12.54,-12.01,-6.89,0.67,1,1,1,0,0,0,0,0,0,0,0,1,108,65,79,55,25,17,3,3,6,14,57,127,20,31,28,37,79,94,174,180,192,123,43,16,307,322,342,374,467,468,574,581,578,525,370,283,64.462,80.494,102.003,127.121,143.664,151.307,155.765,145.965,126.154,104.577,70.662,53.627,31,28,31,30,31,30,31,31,30,31,30,31,0,0,0,0,0,0,0,0,0,0,0,0,14,18,34,22,2,1,1,5,4,3,28,77,62,59,64,62,67,65,69,69,67,63,63,60,-55.6,14.3,18.7,22.4,18.5,22.7,36.3,32.1,42.4,19,-27.5,-44.3,15.3,16.8,16.5,17.7,20.1,20.6,23.6,23.8,24.3,22,17.7,14.5,21.4,23.6,22.4,24.1,25.7,26.6,28.9,29.2,30,28.3,23.9,19.7,9.1,10,10.6,11.2,14.6,14.6,18.2,18.4,18.7,15.7,11.5,9.3
1399261,2015,3,10,"201503","201404",38.26,0,77.151,37.418,163.976,192.481,207.792,174.213,105.934,49.024,0,0,-5.89,5.22,-7.72,-1.9,-13.92,-18.33,-21.52,-19.03,-13.97,-8.33,6.42,29.26,4,2,1,0,0,0,0,0,0,0,1,4,216,152,118,105,29,6,1,1,10,29,167,238,3,5,15,16,72,161,269,228,159,77,4,2,184,210,294,298,453,546,670,629,542,457,226,163,40.571,52.938,92.756,116.404,167.354,193.121,208.59,178.567,130.625,87.122,43.303,25.215,29,28,31,29,31,30,31,31,30,31,29,31,0,0,0,0,0,0,0,0,0,0,0,1,2,121,16,79,3,1,1,4,25,38,130,331,66,65,58,56,52,50,52,53,55,60,68,57,-53.4,11.1,19.1,23.1,5.7,27.5,18.7,22.9,37.3,15.8,-26.6,-41.7,11.1,12.8,14.8,15.1,19.7,23.2,26.7,25.3,23.1,19.8,12.7,10.3,16.4,18.3,21.8,22.5,28.2,32.4,35.6,33.9,31.2,26.7,17.9,12.9,5.7,7.3,7.8,7.8,11.2,14.1,17.7,16.7,15,12.9,7.6,7.6
1031022,2015,3,17,"201503","201404",14.75,40.136,73.925,102.571,128.622,123.953,121.93,112.857,100.401,89.278,32.234,0,-3.56,-5.52,-6.54,-7.1,-8.33,-7.9,-7.9,-7.91,-9,-10,-5.88,5.16,1,1,0,0,0,0,0,0,0,0,0,1,109,71,55,86,48,43,16,20,20,28,60,134,18,25,44,18,40,48,76,73,109,74,36,12,300,306,380,323,405,393,462,455,479,462,361,269,60.888,72.745,111.312,114.42,129.864,124.518,121.93,114.205,101.449,92.608,66.168,50.24,31,28,31,30,31,30,31,31,30,31,30,31,0,0,0,0,0,0,0,0,0,0,0,0,46,33,37,12,1,1,0,1,1,3,34,120,62,63,59,64,69,71,76,75,73,65,63,56,-55.9,13.2,20.1,21.6,17.7,22.3,38.5,31,41.2,18.4,-27.9,-44.4,15.2,16.5,17.9,16,18.1,18.1,19.9,19.7,21,20,17.5,14.2,21.4,22.7,24.7,21.9,23.3,22.8,23.9,23.9,25.6,25.9,23.6,19.5,9,10.3,11,10,12.9,13.4,15.9,15.5,16.4,14,11.3,9
3841582,2015,3,28,"201503","201404",0,0,79.214,95.631,147.894,169.67,182.828,159.287,130.005,103.364,29.807,0,0.71,-0.86,-7.86,-7.32,-11.13,-13.98,-16.19,-15.04,-15.21,-13.48,-6.42,11.01,1,1,0,0,0,0,0,0,0,0,0,2,102,60,48,62,29,11,1,2,5,14,53,154,23,34,55,33,71,113,216,196,207,124,48,10,316,331,401,361,455,496,617,596,593,524,379,252,59.021,75.12,113.714,128.752,153.326,171.173,183.964,167.064,137.721,105.172,67.683,46.626,31,28,31,30,31,30,31,31,30,31,30,31,0,0,0,0,0,0,0,0,0,0,0,0,90,90,34,33,5,2,1,8,8,2,38,175,65,62,59,58,61,57,60,60,61,60,62,62,-55.5,13.3,20.1,23.1,15.6,24.6,31.6,30.3,41.1,17.8,-28.1,-44.1,15.5,17.1,18.4,17.2,19.7,21.6,24.9,24.3,24.8,22,18,13.5,21.2,23.5,25.3,24.2,26.3,29,32,31.4,31.8,28.9,24.2,18.2,9.8,10.8,11.4,10.3,13.1,14.1,17.8,17.1,17.9,15.1,11.7,8.7
238791,2015,5,12,"201505","201406",46.513,0,76.656,63.884,95.371,132.437,124.578,118.656,91.376,71.587,0,0,-7.43,-0.99,-7.24,-3.5,-5.11,-8.68,-7.99,-8.52,-8.4,-9.27,1.25,13.47,2,1,1,0,0,0,0,0,0,0,0,3,161,111,98,137,152,72,40,46,45,47,118,185,7,10,19,6,2,25,33,35,54,42,6,2,238,250,312,262,268,343,396,393,399,412,275,209,56.331,64.994,105.316,111.845,106.349,133.54,126.575,119.517,104.21,93.124,56.408,38.185,29,28,31,29,31,30,31,31,30,31,30,31,0,0,0,0,0,0,0,0,0,0,0,0,10,72,29,48,11,1,2,1,13,22,95,189,55,60,54,58,70,63,69,67,64,56,61,52,-56.4,12.8,21,23,19.8,24.6,35.6,28.7,39.3,16.7,-27.9,-43.5,13.2,14.5,15.6,13.9,13.5,16.4,17.8,17.7,18.3,18.3,14.7,12.3,20.5,21,23.4,20.8,18.3,22.6,22.8,23.1,24.4,25.8,21.1,16.6,5.8,8,7.9,7.1,8.8,10.3,12.8,12.2,12.2,10.8,8.3,8
1002700,2015,5,27,"201505","201406",17.188,38.465,72.778,107.791,103.078,129.113,127.468,117.289,104.39,91.459,30.54,0,-3.93,-5.48,-6.6,-7.66,-5.68,-8.39,-8.42,-8.36,-9.55,-10.53,-5.94,5.47,1,1,0,0,0,0,0,0,0,0,0,2,115,73,55,90,115,41,14,19,19,27,61,137,17,24,44,17,8,50,81,76,112,75,36,11,293,303,380,318,308,396,468,459,483,464,360,266,61.604,73.679,113.812,117.817,112.372,129.69,127.519,118.647,105.649,95.997,67.624,51.026,31,28,31,30,31,30,31,31,30,31,30,31,0,0,0,0,0,0,0,0,0,0,0,0,44,35,41,10,9,1,0,1,1,5,37,126,61,61,57,61,71,69,74,73,71,62,61,55,-56.1,13.5,20.6,22.4,20.9,22.9,37.6,30.8,41.1,18.2,-28.1,-44.5,15,16.3,17.8,15.8,14.9,18.2,20.1,19.8,21.1,20,17.5,14.1,21.4,22.8,25.1,22.2,19.6,23.3,24.4,24.3,26,26.4,24,19.6,8.5,9.9,10.6,9.4,10.2,13.1,15.8,15.3,16.2,13.6,11,8.6
1191094,2015,5,27,"201505","201406",39.136,56.003,85.125,105.566,76.225,140.263,146.076,134.688,122.401,100.599,32.342,0,-5.99,-7.32,-7.78,-7.56,-3.33,-9.83,-10.73,-10.79,-12.52,-11.89,-6.05,5.68,1,1,0,0,0,0,0,0,0,0,0,1,98,62,47,66,78,20,4,4,8,16,53,128,24,32,54,30,22,86,152,153,175,114,47,15,320,326,401,354,355,455,552,554,564,513,379,281,62.767,76.643,114.398,118.189,107.787,140.765,147.286,140.756,124.581,101.5,69.452,50.748,31,28,31,30,31,30,31,31,30,31,30,31,0,0,0,0,0,0,0,0,0,0,0,0,24,21,29,13,32,1,1,6,2,1,37,125,63,62,60,64,76,68,71,69,67,63,63,60,-55.7,13.6,20,21.4,23.7,22.5,36.8,31.9,42.1,18.6,-27.8,-44.3,15.7,17,18.4,17,16.4,20.2,22.8,22.9,23.9,21.6,18,14.5,21.7,23.4,25.2,22.8,20.3,25.5,27.8,28.2,29.7,27.9,24.2,19.4,9.7,10.7,11.6,11.1,12.5,14.8,17.9,17.6,18.1,15.4,11.8,9.5
5980225,2016,2,6,"201601","201502",0,16.445,99.956,99.417,151.312,214.876,212.393,199.835,143.543,82.626,0,0,7.17,-2.93,-10,-8.06,-11.5,-21.72,-21.04,-22.35,-18.2,-11.69,1.37,5.52,7,2,1,0,0,0,0,0,0,0,2,11,296,134,75,66,31,1,0,1,5,21,238,345,0,7,33,34,71,265,293,288,215,103,0,0,125,234,357,355,447,654,694,689,602,488,160,83,35.354,59.47,108.714,135.014,162.393,216.014,212.393,200.671,147.505,100.204,47.566,31.624,26,28,31,30,31,30,31,31,30,31,24,21,1,0,0,0,0,0,0,0,0,0,1,1,110,43,9,36,11,1,0,1,4,18,76,87,73,63,54,51,55,49,53,49,52,56,60,75,-51.2,12,20.7,24.7,10.8,26.6,23.6,25,38.5,15.9,-26.7,-42.7,8.6,13.5,16.7,17,19.5,26.8,27.5,27.3,25.1,20.8,10.1,6.8,12.7,19.4,24.6,25.4,27.3,36.3,36.2,36.8,33.8,28.6,16.4,11.4,4.5,7.7,8.9,8.6,11.6,17.4,18.7,17.8,16.4,13.1,3.8,2.2
216778,2016,3,24,"201603","201504",0,11.513,0,87.831,99.814,138.239,108.594,125.269,104.736,82.026,0,0,8.46,-3.45,7.76,-5.91,-5.48,-9.46,-6.52,-9.32,-10.02,-9.81,-0.21,-0.21,3,1,1,0,0,0,0,0,0,0,1,4,194,96,138,112,128,42,36,25,26,31,163,238,2,13,6,11,6,49,37,62,90,70,1,0,195,267,262,290,294,394,404,440,454,453,227,158,46.162,75.649,89.133,118.405,112.093,141.25,119.378,125.78,111.525,91.751,59.327,44.753,31,28,31,29,31,30,31,31,30,31,27,26,0,0,0,0,0,0,0,0,0,0,0,0,142,64,152,31,12,3,11,1,7,10,79,59,70,54,64,58,69,63,74,68,65,63,57,70,-53.3,14.6,18.2,23.4,19.5,22,37.8,29.1,39.7,17.8,-27.6,-44.1,11.9,15.1,14,14.9,14.4,18.2,18,19.2,20.2,19.7,12.9,10.3,16.7,22.9,19.8,21.9,19.3,24.3,22.3,24.5,26.1,25.9,20,16.2,7.2,7.4,8.2,7.9,9.5,12,13.7,13.8,14.2,13.4,5.8,4.3
469176,2016,4,12,"201604","201505",0,55.992,61.28,94.917,76.229,140.753,124.255,146.322,105.907,80.224,40.209,6.803,5,-7.93,-4.56,-6.47,-3.33,-10.11,-8.33,-12.31,-10.72,-9.4,-6.35,-2.51,2,1,1,0,0,0,0,0,0,0,0,2,157,53,97,66,78,12,7,3,7,15,91,169,8,41,20,29,22,110,117,188,177,121,21,7,246,344,317,354,355,493,514,588,566,521,317,235,54.126,82.326,99.776,114.678,107.807,141.969,137.275,147.248,120.92,94.201,67.269,53.424,31,28,31,30,31,30,31,31,30,31,30,31,0,0,0,0,0,0,0,0,0,0,0,0,116,26,38,20,32,1,13,1,15,14,27,47,68,58,63,66,76,70,73,68,68,69,60,69,-54,14.3,18.9,20.8,23.7,20.2,38,31.7,42.2,18.9,-27.6,-44.5,13.3,17.7,15.7,17,16.4,21.4,21.6,24,23.9,21.9,15.8,12.9,18.5,24.7,21.7,22.5,20.3,26.5,26.2,29.5,29.4,27.2,22.4,19,8.2,10.6,9.6,11.5,12.5,16.3,17,18.5,18.5,16.6,9.3,6.8
3349335,2016,4,18,"201604","201505",0,15.553,0,37.503,117.716,167.26,172.918,164.335,126.041,80.556,0,0,11.1,-2.94,9.83,-1.25,-7.5,-13.86,-14.48,-15.75,-14.63,-10.96,1,6.18,6,2,2,0,0,0,0,0,0,0,2,7,265,152,176,106,110,11,4,4,12,26,211,295,0,4,4,14,12,114,144,156,146,85,0,0,144,207,225,296,315,497,545,556,525,469,176,114,33.851,56.081,74.735,105.866,125.137,171.564,173.246,164.906,127.13,89.548,43.686,31.015,29,28,31,30,31,30,31,31,30,31,27,26,1,0,0,0,0,0,0,0,0,0,0,1,153,41,161,68,7,4,0,1,1,9,70,100,75,64,68,64,63,56,58,55,57,61,66,78,-51.1,11.7,16.2,21,15.5,23.9,26.4,25,38.1,16.2,-26.4,-42.6,9.6,12.8,12.6,15.1,15.1,21.6,22.6,23,22.5,20.2,11,8.4,13.4,18.6,17.6,21,21.2,29.4,30,31,30.1,26.9,16.4,12.6,5.8,7,7.6,9.2,9,13.9,15.2,14.9,14.9,13.5,5.6,4.2
395628,2016,4,26,"201604","201505",0,67.707,66.793,96.395,69.16,127.14,107.095,128.142,93.734,72.644,31.541,18.832,2.5,-8.47,-4.91,-6.54,-2.95,-8.71,-6.82,-10.12,-8.96,-8.06,-5.01,-3.46,2,1,1,0,0,0,0,0,0,0,0,2,150,56,88,59,67,13,7,3,7,14,90,158,9,37,23,34,28,104,119,183,185,125,22,9,254,337,330,367,371,487,517,583,571,526,318,248,53.155,79.194,96.463,112.3,97.528,128.674,118.782,129.491,110,87.082,65.628,53.336,31,28,31,30,31,30,31,31,30,31,30,31,0,0,0,0,0,0,0,0,0,0,0,0,87,11,30,16,28,2,12,1,16,14,34,35,70,62,67,69,81,75,79,75,74,74,63,72,-53.5,13.8,17.9,20.1,25.7,18.9,40.5,32.3,42.6,19.5,-27.1,-44.3,13.6,17.4,16.1,17.4,17,21.3,21.7,23.8,24.1,22.1,15.9,13.3,18.3,23.8,21.5,22.5,20,25.5,25.1,28.1,28.5,26.5,21.9,18.9,8.9,11,10.7,12.3,13.9,17.1,18.3,19.6,19.7,17.7,9.9,7.7
5509705,2016,6,20,"201606","201507",0,0,0,0,69.548,89.845,86.779,85.647,35.104,41.697,0,0,31.82,6.17,37.87,8.94,-2.87,-4.63,-4.41,-5.41,-2.38,-5.11,11.11,37.07,6,2,3,1,0,0,0,0,0,0,2,7,268,168,208,167,156,105,71,80,100,98,233,291,0,1,0,2,1,13,16,17,21,11,0,0,134,182,183,228,264,299,348,341,311,329,153,110,30.317,50.28,68.576,89.436,98.05,113.047,112.259,98.794,83.712,69.793,40.7,28.201,29,28,30,29,31,30,31,31,30,31,26,27,2,0,0,0,0,0,0,0,0,0,1,3,357,123,434,151,29,23,25,13,49,28,167,407,78,67,69,68,73,69,72,73,68,65,65,76,-50.4,10.8,15.7,19.5,20,21.2,37.4,29.1,38.8,17.4,-26.1,-42.2,9.5,12.2,11.4,12.8,13.4,15,16.2,16,15.3,15.6,10.3,8.5,12.9,17.4,16.2,17.8,17.6,19.9,20.6,20.3,20.4,21.3,15.7,12.4,6.1,7,6.6,7.8,9.2,10,11.7,11.7,10.3,9.9,4.9,4.7
684420,2016,7,5,"201606","201507",0,36.139,20.577,101.465,126.059,167.793,161.623,164.213,118.913,91.751,56.158,17.875,3.57,-6.21,-0.8,-7.65,-8.07,-13.26,-12.25,-14.8,-13.3,-12.03,-8.26,-3.9,2,1,1,0,0,0,0,0,0,0,0,2,176,67,111,60,74,12,8,3,9,14,113,183,6,28,14,33,23,108,110,172,166,123,13,5,223,316,298,364,362,491,504,573,551,523,287,218,52.885,80.509,101.366,130.116,135.936,168.344,161.623,164.677,137.323,105.735,65.663,51.6,31,28,31,30,31,30,31,31,30,31,29,29,0,0,0,0,0,0,0,0,0,0,0,0,103,44,81,29,10,1,0,0,18,14,10,34,65,55,59,58,63,58,62,59,58,59,57,65,-54.4,14.6,19.9,23.4,16.8,24.1,32.6,28.7,39.9,17.6,-28,-44.6,12.6,16.7,15.1,17.4,16.6,21.4,21.3,23.5,23.4,22,14.9,12.4,18.2,24.3,21.8,24.5,22.8,28.6,27.8,30.7,30.9,29,22.1,18.7,7,9.2,8.3,10.2,10.5,14.1,14.7,16.3,16,14.9,7.7,6
1699178,2017,3,8,"201703","201604",0,0,85.388,101.132,119.431,161.084,178.166,163.256,127.501,72.46,9.296,0,18.9,10.74,-7.68,-7.63,-7.6,-12.77,-14.93,-14.87,-13.41,-9.02,-4.3,6.22,2,1,0,0,0,0,0,0,0,0,0,1,170,116,59,44,53,7,2,2,11,20,43,127,7,10,43,48,38,148,194,193,153,100,60,16,232,250,377,396,397,532,595,593,534,495,401,282,47.783,56.902,105.073,123.843,130.945,162.053,178.166,164.416,128.101,95.727,68.574,50.591,31,28,31,30,31,30,31,31,30,31,30,31,0,0,0,0,0,0,0,0,0,0,0,0,247,170,20,23,12,1,0,1,1,23,59,134,72,73,63,64,68,64,61,61,62,65,63,64,-53.1,10.9,19,21.5,18.6,22.6,31.4,29.7,41,18.3,-28.1,-44.5,12.8,14.3,17.6,18.4,17.8,22.8,24.2,24.2,22.8,21,18.8,14.5,17.2,18.6,23.8,24.5,23.1,29,31.1,31.1,29.5,27,24.9,19.8,8.4,10,11.4,12.4,12.5,16.5,17.4,17.2,16.2,15,12.6,9.3
3963072,2017,3,24,"201703","201604",0,0,83.55,84.341,69.496,110.554,107.171,99.217,75.596,68.64,25.781,0,7.54,8.72,-6.65,-5.4,-3.63,-7.27,-7.16,-7.16,-6.3,-6.9,-4.58,2.83,2,2,1,0,0,0,0,0,0,0,0,2,162,124,74,66,74,17,6,7,20,30,51,136,7,7,30,29,23,93,122,123,107,70,48,13,239,238,350,355,362,466,521,520,476,455,382,270,46.398,54.238,91.904,98.376,80.946,111.134,107.801,100.092,84.396,75.809,63.445,47.056,31,28,31,30,31,30,31,31,30,31,30,31,0,0,0,0,0,0,0,0,0,0,0,0,127,142,8,14,11,1,1,1,9,7,38,88,76,76,71,75,86,80,83,83,82,77,70,69,-52.2,10.4,16.7,18,28.5,17.7,41.8,32.7,42.7,20,-26.9,-43.8,13.1,14,16.8,17,16.6,20.6,21.8,21.8,20.9,19.7,18.1,14.2,16.8,17.7,21.5,21,18.8,23.8,24.6,24.6,23.9,23.5,23.1,18.3,9.4,10.2,12,13,14.5,17.3,19,19,17.9,16,13.2,10
3620051,2017,4,16,"201704","201605",0,0,86.786,107.656,79.1,116.036,113.881,106.098,81.485,72.719,27.342,0,6.99,7.37,-6.95,-7.63,-4.21,-7.67,-7.62,-7.68,-6.81,-7.39,-4.82,2.44,3,2,1,0,0,0,0,0,0,0,0,2,178,136,81,65,77,16,7,7,22,33,57,151,5,6,27,30,21,95,121,123,102,65,42,9,222,225,340,357,357,469,519,521,469,446,369,253,47.2,55.504,94.691,109.97,88.521,116.92,113.881,106.78,89.708,80.624,64.928,48.478,31,28,31,30,31,30,31,31,30,31,30,31,0,0,0,0,0,0,0,0,0,0,0,0,123,129,8,2,9,1,0,1,8,8,38,86,74,74,68,69,84,78,81,81,79,74,67,66,-52.4,10.9,17.4,19.9,27.1,18.3,41,32.6,42.7,19.7,-27.2,-44,12.5,13.5,16.4,17.1,16.5,20.7,21.8,21.8,20.7,19.4,17.7,13.6,16.6,17.5,21.6,22.1,19.1,24.2,24.9,25,24.2,23.8,23.1,18.2,8.5,9.4,11.3,12.1,13.9,17.1,18.6,18.6,17.2,15.1,12.3,8.9
3700299,2017,5,26,"201705","201606",0,0,103.561,132.338,114.763,174.283,186.695,171.241,121.936,98.756,33.211,0,9,8.05,-9.21,-10.56,-6.95,-14.21,-15.88,-15.69,-12.47,-11.61,-6.54,3.47,3,2,0,0,0,0,0,0,0,0,0,2,190,136,73,56,49,6,2,2,12,25,57,161,5,7,33,38,43,154,207,207,142,86,45,9,213,228,355,372,404,538,608,608,520,473,372,245,53.132,64.686,110.909,134.135,141.633,175.507,187.542,171.89,131.963,104.622,74.265,54.744,30,28,31,30,31,30,31,31,30,31,30,31,0,0,0,0,0,0,0,0,0,0,0,0,152,150,7,2,27,1,1,1,10,6,41,108,66,65,59,57,64,59,59,59,60,59,58,57,-53.7,12.9,20.3,23.7,18.7,22.8,32.8,31.3,42.1,18.6,-28,-44.5,12.1,13.4,16.8,17.6,18,23,24.6,24.6,22.4,20.3,17.7,13.2,17.4,19,23.8,24.8,24.1,30.2,32,31.9,29.3,27.3,24.8,19.3,6.8,7.9,9.9,10.3,12,15.8,17.3,17.4,15.4,13.3,10.6,7.1
3964300,2017,5,30,"201705","201606",0,0,65.249,96.305,116.966,136.885,134.456,119.324,106.571,50.446,13.693,0,11.74,17.68,-5.07,-6.54,-7.04,-9.21,-8.89,-8.41,-9.57,-5.46,-4.07,3.46,4,2,1,0,0,0,0,0,0,0,0,3,212,159,104,86,88,34,22,29,34,57,85,193,2,2,16,19,17,59,59,54,71,32,20,2,181,196,305,323,342,413,440,428,427,391,321,202,48.183,51.997,99.077,115.329,121.548,137.56,135.116,120.477,108.283,84.969,66.466,49.134,29,28,31,30,31,30,31,31,30,31,30,30,1,0,0,0,0,0,0,0,0,0,0,0,174,230,34,19,5,1,1,1,2,35,53,101,67,74,61,63,68,67,69,70,66,65,59,59,-53.4,10.6,19.3,21.8,18.5,21.3,35.7,30.2,40.6,18.7,-28.1,-44.4,11.2,12.5,15.4,16,16,18.8,19.2,18.8,19.3,17.6,16.1,12,16.4,16.6,21.7,22,21.1,24.4,24.3,23.7,25,23.4,23,18,6.1,8.4,9,9.9,10.8,13.2,14.1,13.9,13.5,11.9,9.3,6
215180,2017,7,12,"201707","201608",0,0,0,0,113.89,115.713,142.425,116.896,100.351,0,0,0,43.49,41.34,11.05,6.27,-6.95,-7.18,-9.94,-8.45,-9.51,12.15,8.54,17.79,7,3,1,1,0,0,0,0,0,0,1,6,282,193,155,157,120,62,29,49,52,100,146,263,0,0,5,3,8,31,46,32,47,10,2,0,126,163,245,240,303,358,420,387,385,327,244,134,37.809,48.455,87.595,98.615,119.107,132.563,144.172,119.51,106.11,72.877,51.489,38.216,26,27,30,29,31,30,31,31,30,31,29,26,4,1,0,0,0,0,0,0,0,0,0,1,479,467,186,132,5,17,2,3,6,200,159,230,70,70,61,65,66,64,63,66,61,66,63,68,-51.9,10.6,18.6,20.9,16.3,23.2,31.5,28.3,38.9,18,-27.4,-43.6,9,11.2,13.4,13.2,14.7,17,18.5,17.5,17.8,15.5,13.6,9.4,13.6,15.8,19.7,18.9,20.2,22.9,24.8,23,24.4,21.1,19.5,14.9,4.4,6.6,7.1,7.6,9.1,11.1,12.3,11.9,11.2,10,7.6,3.9
3669165,2017,9,17,"201709","201610",0,0,0,0,38.392,56.87,81.661,83.042,23.043,0,0,0,27.06,29.97,15.26,13.92,-0.08,-2.11,-4.6,-5.62,-1.23,22.62,15.21,16.9,11,6,3,2,0,0,0,0,0,1,1,10,336,245,235,248,182,124,106,59,115,195,181,333,0,0,0,0,0,9,8,26,17,0,0,0,84,112,159,145,235,274,302,372,292,216,203,80,26.647,32.203,54.936,57.729,86.332,83.284,84.374,86.957,62.496,41.16,33.072,23.356,25,27,30,29,31,30,31,31,30,31,30,25,5,2,0,2,0,0,0,0,0,0,1,2,300,334,196,174,48,26,3,4,39,267,201,198,75,80,76,82,77,81,82,79,80,82,76,82,-49.7,7.6,13.2,15,22.8,20.5,44.3,29.9,39.2,19.7,-25,-41.3,7.3,9.1,10.5,9.8,12.4,14.2,14.8,17,14.7,11.9,12.2,7.2,11,12.2,14.1,12.5,16.1,17.1,17.6,20.3,17.9,14.7,15.9,10.8,3.6,6.1,6.9,7.1,8.8,11.3,12,13.7,11.5,9.1,8.5,3.6
4562413,2017,12,20,"201712","201701",0,0,65.652,95.679,115.723,130.902,136.763,120.784,88.317,92.345,58.664,55.419,11.9,17.86,-5.11,-6.47,-6.92,-8.58,-9.23,-8.75,-7.7,-10.45,-8.26,-8.94,4,2,1,0,0,0,0,0,0,0,0,1,212,161,106,88,90,40,15,18,30,43,83,127,2,2,15,18,16,51,77,80,79,49,23,15,181,195,303,320,339,398,463,464,438,421,325,279,48.258,52.15,99.189,114.81,120.949,131.693,137.474,122.965,104.101,95.397,63.591,61.174,29,28,31,30,31,30,31,31,30,31,30,30,1,0,0,0,0,0,0,0,0,0,0,0,176,232,34,19,5,1,1,2,16,3,5,6,67,73,61,63,68,68,69,71,69,59,62,63,-53.4,10.6,19.4,21.8,18.6,22.3,35.3,30.1,40.7,18.1,-27.8,-45.5,11.2,12.5,15.3,15.9,15.9,18.3,19.9,20,19.6,18.6,16.2,14.5,16.4,16.6,21.7,21.9,21,23.5,25,24.8,24.8,25.5,22.5,22.4,6.1,8.3,8.9,9.8,10.8,13.1,14.8,15.1,14.4,11.7,10,6.6
1702201,2018,3,22,"201803","201704",3.888,45.07,0,91.44,170.308,206.345,226.199,200.918,133.672,92.147,41.735,36.063,-1.47,-5.51,2.79,-6.63,-13.96,-19.96,-23.72,-22.66,-15.95,-12.19,-6.56,-4.84,5,4,2,0,0,0,0,0,0,0,1,7,240,200,169,80,18,2,0,0,7,46,147,290,2,1,7,27,108,248,338,330,178,53,8,0,171,162,242,334,499,636,739,731,568,413,254,124,41.798,59.745,86.651,122.161,175.588,207.414,226.199,200.918,140.396,101.476,55.961,42.408,28,23,30,30,31,30,31,31,30,31,28,20,0,0,0,0,0,0,0,0,0,0,0,0,38,15,100,31,5,1,0,0,7,9,14,6,69,56,61,58,53,52,51,52,54,49,59,69,-52.8,13.5,18.4,23,8.7,27.3,22,25.2,39.1,16.1,-27.8,-44.1,10.4,10.7,12.9,16.2,21.2,26.2,28.9,28.6,24,18.3,13.5,8.6,15.3,17.7,19.1,23.3,29.5,35.2,38.2,37.6,32.2,27.2,20.3,15.4,5.5,3.7,6.6,9.2,12.9,17.3,19.7,19.7,15.8,9.4,6.8,1.7
3771777,2018,3,29,"201803","201704",0,27.915,34.607,116.064,100.241,146.599,157.576,145.316,112.836,102.651,61.272,55.318,0.76,-3.63,-1.6,-8.72,-5.57,-10.67,-12.2,-12.2,-10.83,-12.4,-8.85,-8.93,1,1,1,0,0,0,0,0,0,0,0,1,76,113,128,60,60,14,3,3,14,16,46,83,34,10,11,34,32,97,178,177,132,116,57,35,351,252,279,364,383,480,579,578,507,514,395,343,64.223,67.738,86.945,120.288,124.44,147.816,159.277,147.648,115.424,104.251,67.211,63.511,31,28,31,30,31,30,31,31,30,31,30,31,0,0,0,0,0,0,0,0,0,0,0,0,96,40,52,4,24,1,2,2,3,2,6,8,64,64,69,64,70,67,68,67,68,62,66,68,-56,13.1,17.1,21.6,21,21.8,35.4,31.7,42.4,18.4,-27.6,-45.3,16.8,14.4,14.4,17.3,17.3,21,23.7,23.7,21.9,21.7,18.5,16.5,22.7,20.2,19.4,23.3,22.2,26.7,29.3,29.3,27.4,28.3,24.2,23.4,10.9,8.6,9.4,11.4,12.4,15.4,18.1,18,16.5,15.1,12.8,9.6
2264695,2019,3,1,"201902","201803",0,0,0,104.693,111.154,128.34,139.5,126.68,100.693,73.294,14.714,7.278,7.6,13.87,7.73,-7.27,-6.48,-8.22,-9.64,-9.38,-8.68,-7.83,-4.29,-2.8,3,5,2,0,0,0,0,0,0,0,0,2,180,233,168,107,111,54,10,16,45,57,89,178,5,0,2,12,9,37,98,85,55,32,19,4,218,127,231,297,313,371,490,471,400,390,316,220,52.025,49.514,82.961,111.657,114.066,129.248,140.107,127.924,102.094,86.561,67.532,52.096,30,25,31,30,31,30,31,31,30,31,30,30,0,1,0,0,0,0,0,0,0,0,0,0,140,185,141,7,3,1,1,1,1,13,53,45,65,70,67,63,70,68,70,69,67,64,57,53,-54.2,11.4,17.3,21.8,20,21.8,34.9,29.8,40.7,18.6,-28.2,-44.7,12.4,9.5,12.9,15.1,15,17.4,20.8,20.2,18.3,17.6,15.9,12.6,17.9,14.1,18.1,21.1,19.8,22.7,25.9,25.3,23.7,23.6,23.1,19,6.9,5,7.7,9.1,10.2,12.1,15.8,15,12.9,11.6,8.8,6.1
3963071,2019,4,11,"201904","201805",0,0,34.003,102.162,123.284,154.697,175.696,156.564,127.534,73.941,17.692,0,2.94,14.95,-1.44,-7.2,-7.79,-11.49,-14.63,-13.82,-12.94,-8.17,-4.28,1.86,2,4,1,0,0,0,0,0,0,0,0,2,158,205,139,66,58,15,1,2,10,32,72,154,10,0,10,31,34,100,226,220,154,69,33,10,250,156,271,355,387,478,627,621,535,448,346,253,57.972,54.937,89.819,118.48,129.525,155.787,176.446,157.537,128.488,93.139,69.46,55.341,31,26,31,30,31,30,31,31,30,31,30,31,0,1,0,0,0,0,0,0,0,0,0,0,100,203,56,16,6,1,1,1,1,19,52,93,64,69,67,65,68,63,64,66,63,66,61,55,-54.6,12.1,17.8,21.4,20.4,22.4,33.9,31.7,42.2,19.2,-27.5,-44.5,13.3,10.5,14,17,17.5,21,25.3,25.1,22.9,19.5,16.8,13.5,19.1,15.4,19.4,22.8,22.7,27.2,31.6,31,29.3,25.3,23.3,19.5,7.5,5.7,8.6,11.2,12.2,14.7,18.9,19.1,16.5,13.7,10.3,7.4
3590276,2019,4,12,"201904","201805",0,0,0,60.263,97.847,125.167,123.473,110.056,96.219,55.82,0,0,13.96,31.36,11.05,-3.1,-5.36,-7.91,-7.9,-7.58,-8.45,-6.4,8.78,4.1,4,6,2,0,0,0,0,0,0,0,1,4,213,255,201,121,143,83,36,60,78,95,134,224,2,0,0,9,3,21,37,25,29,11,4,0,178,107,193,278,278,328,405,370,341,333,257,166,43.752,45.222,79.322,100.792,106.99,127.283,126.296,111.2,97.804,79.718,56.595,41.185,29,23,29,30,31,30,31,31,30,31,29,28,1,2,0,0,0,0,0,0,0,0,0,0,197,356,174,41,9,2,3,1,2,24,171,101,67,69,64,66,70,65,70,70,63,61,58,53,-53.5,10.9,17.7,20.4,19.3,21.8,35.4,29.1,39.3,17.5,-28.1,-44,11.2,8.8,11.7,14.5,13.9,16,18,16.9,16.3,15.7,14,10.7,16.4,13.5,17.4,19.9,18.6,21.7,23,21.9,22.4,22.3,20.9,16.5,5.9,4,5.9,9.1,9.2,10.2,13.1,12,10.3,9.2,7.1,4.9
2963303,2019,4,20,"201904","201805",0,0,0,86.552,159.647,196.993,224.232,182.537,139.19,62.306,0,0,10.87,28.22,7.44,-6.88,-13.08,-18.7,-23.9,-19.37,-17.7,-9.64,1.68,5.71,6,11,3,0,0,0,0,0,0,0,1,7,273,315,213,54,21,3,0,2,11,40,145,296,1,0,2,42,95,206,317,218,150,60,8,0,142,72,190,375,483,592,718,619,531,427,253,118,34.411,36.807,72.556,122.052,169.139,200.169,224.561,183.009,139.619,90.429,50.168,30.307,27,19,29,30,31,30,31,31,30,31,28,25,1,6,0,0,0,0,0,0,0,0,0,1,154,312,135,35,9,3,0,0,0,28,98,98,70,71,65,58,53,50,48,50,47,53,58,58,-51.8,9.8,16.7,22.2,6.1,27,16.8,23.2,37.1,15.1,-28,-42.6,9.3,6.6,11.2,17.7,20.7,24.8,28.2,25,22.7,18.8,13.6,8.4,13.9,11,16.8,24.8,29,34,38,34.3,32.4,27,20.4,13.1,4.7,2.2,5.6,10.7,12.3,15.5,18.4,15.7,13.1,10.6,6.7,3.7
4588064,2019,4,26,"201904","201805",0,0,11.191,102.52,111.314,128.292,139.136,126.35,100.457,73.231,15.002,7.363,7.46,13.67,0.82,-7.09,-6.5,-8.21,-9.6,-9.34,-8.65,-7.81,-4.27,-2.79,3,5,1,0,0,0,0,0,0,0,0,2,180,232,160,93,109,53,10,16,45,57,89,177,5,0,4,17,9,38,100,86,55,33,19,5,219,128,241,315,315,373,492,472,401,392,316,222,51.904,49.345,82.528,107.818,114.055,129.119,139.855,127.445,101.819,86.416,67.294,52.023,30,25,31,30,31,30,31,31,30,31,30,30,0,1,0,0,0,0,0,0,0,0,0,0,138,183,71,5,3,1,1,1,1,13,52,45,66,70,68,67,70,68,70,69,68,64,57,53,-54.2,11.4,17.1,20.6,20,21.8,34.9,29.8,40.7,18.6,-28.2,-44.7,12.5,9.6,13.2,15.7,15.1,17.5,20.9,20.2,18.4,17.7,16,12.6,17.9,14.1,18.3,21.1,19.9,22.7,25.9,25.3,23.7,23.6,23.1,19,7,5,8.1,10.3,10.3,12.2,15.8,15.1,13,11.7,8.8,6.2
3630484,2019,5,9,"201905","201806",0,0,5.602,85.499,57.591,107.069,121.152,108.308,86.712,55.756,13.466,9.52,6.46,12.89,1.37,-5.4,-1.94,-6.28,-7.73,-7.37,-6.93,-5.61,-3.58,-2.56,2,5,2,0,0,0,0,0,0,0,0,2,174,230,164,115,146,85,23,33,66,61,88,175,5,0,3,10,2,20,56,48,36,28,17,4,223,128,237,287,274,325,436,418,360,384,315,221,47.487,45.451,74.3,93.937,83.735,107.89,121.152,108.856,88.088,76.445,62.228,47.325,31,26,31,30,31,30,31,31,30,31,30,31,0,1,0,0,0,0,0,0,0,0,0,0,122,171,69,8,26,1,0,1,1,21,49,38,71,75,74,73,82,75,75,75,73,71,63,60,-53.2,10.3,15.4,18.7,25.9,19.9,37.7,30.4,40.7,19.1,-27.6,-44.2,12.7,9.7,13.1,14.8,13.7,15.9,19,18.5,17,17.4,16,12.7,17.2,13.5,17.2,19.1,16.5,19.9,23.2,22.6,21.3,22.1,22.1,18,8.1,5.8,8.9,10.4,10.9,11.8,14.9,14.4,12.7,12.7,9.9,7.4
3828689,2019,5,10,"201905","201806",0,0,0,0,0,167.218,196.594,160.957,125.747,21.563,0,0,36.17,78.9,31.35,6.43,11.44,-15.05,-20.19,-16.84,-15.97,-4.83,17.67,22.02,6,18,5,0,0,0,0,0,0,0,1,8,271,365,281,107,99,7,0,2,12,54,163,307,1,0,0,17,19,146,282,208,144,43,6,0,144,45,134,298,327,530,683,609,522,398,233,109,32.404,30.283,58.146,99.481,122.116,175.111,197.317,162.213,125.941,77.363,42.109,27.224,28,17,27,30,31,30,31,31,30,31,29,26,3,34,2,0,0,0,0,0,0,0,1,2,407,810,357,144,199,8,1,1,0,56,244,257,72,76,72,66,64,56,56,58,55,62,67,63,-51.3,8.7,14.6,19.9,16.4,24.6,22.4,25.6,38.3,16.2,-26.6,-42,9.4,4.8,9,15.1,15.5,22.7,27.1,24.7,22.4,17.8,12.9,8,13.6,8.4,13.3,20.6,21.3,30.5,35.1,32.2,30.5,24.3,18.1,12.1,5.2,1.3,4.7,9.6,9.7,14.9,19.1,17.2,14.4,11.4,7.7,4
3751457,2019,5,21,"201905","201806",0,0,17.945,86.187,58.381,121.493,138.642,125.358,103.99,55.368,15.91,0,5.35,16.61,0.18,-5.52,-1.89,-7.93,-10.12,-9.79,-9.44,-5.87,-3.8,2.1,2,3,1,0,0,0,0,0,0,0,0,2,143,192,140,78,110,29,3,4,18,32,63,137,11,0,9,23,11,67,171,160,116,68,37,13,263,163,267,335,314,425,572,561,488,450,359,270,53.459,50.912,82.601,102.198,91.335,122.411,139.829,126.523,104.813,81.996,64.573,50.891,31,28,31,30,31,30,31,31,30,31,30,31,0,0,0,0,0,0,0,0,0,0,0,0,118,215,65,16,33,1,1,1,1,27,49,89,69,73,71,72,81,74,74,75,72,72,66,60,-53.9,10.9,16.4,19.1,26.5,19.7,37.5,32.1,42.4,19.4,-27.3,-44.3,13.8,11,14,16.4,15.1,19.2,23.5,23.1,21.3,19.6,17.3,14.1,18.7,15.1,18.6,20.9,18.1,23.5,27.8,27.4,26,24.1,22.9,19.2,9,6.9,9.3,11.8,12,14.9,19.1,18.9,16.6,15,11.8,9
6014478,2019,5,31,"201905","201806",0,0,0,108.083,51.128,165.626,189.905,166.162,132.922,46.85,0,0,15.61,26.1,7.22,-8.32,-0.78,-13.48,-17.76,-16.15,-15.04,-6.21,-1.95,5.83,2,6,1,0,0,0,0,0,0,0,0,2,168,240,158,71,119,13,1,1,7,30,62,159,8,0,7,29,11,105,268,236,176,75,41,10,239,128,251,347,304,487,669,637,565,456,363,248,50.05,49.125,84.242,118.62,117.228,167.378,191.016,166.941,133.767,90.357,63.757,48.083,31,25,31,30,31,30,31,31,30,31,30,31,0,1,0,0,0,0,0,0,0,0,0,0,220,308,141,11,66,2,1,1,1,44,74,126,69,70,67,63,68,58,61,62,61,66,65,62,-53.6,11.4,17.3,21.7,21.5,23.2,30.8,30.3,41.3,18.5,-27.7,-44.2,12.9,9.3,13.3,16.7,14.7,21.3,26.6,25.6,23.9,19.7,17.4,13.3,17.7,13.8,18.5,22.8,19.9,28.5,33.7,32.3,30.8,25.5,23.1,18.4,8,4.8,8.1,10.6,9.6,14.1,19.6,18.9,17,14,11.6,8.1
3641757,2019,7,11,"201907","201808",0,0,0,52.956,16.146,127.625,128.705,120.876,100.922,54.989,0,0,16.03,35.81,14.51,-2.42,2.72,-8.37,-8.37,-8.84,-9.26,-6.52,10.73,5.12,4,7,3,0,0,0,0,0,0,0,1,4,222,262,210,129,160,55,47,47,69,91,136,234,2,0,0,8,1,36,27,34,34,13,4,0,175,102,185,269,259,369,384,391,354,338,255,158,42.208,44.354,78.42,100.327,102.77,133.744,130.849,122.71,103.146,80.706,55.297,39.416,29,23,28,30,30,30,31,31,30,31,29,28,1,3,0,0,0,0,0,0,0,0,0,0,216,399,208,47,87,6,2,2,2,26,189,108,68,69,63,66,71,64,67,65,60,60,59,56,-53.1,10.8,17.8,20.5,20.1,21.6,34.3,28.1,39,17.4,-27.9,-43.8,11,8.5,11.3,14.2,13.2,17.3,17.4,17.6,16.8,15.9,13.9,10.4,16,13.2,17.1,19.7,17.8,23.2,22.9,23.4,23.4,22.5,20.6,15.8,6,3.8,5.5,8.7,8.7,11.5,11.8,11.8,10.2,9.2,7.3,4.9
3873443,2020,1,23,"202001","201902",0,0,0,60.197,29.486,125.448,116.642,116.225,77.357,77.948,0,0,3.93,31.63,11.18,-3.1,1.35,-8.06,-7.15,-8.35,-6.78,-8.97,7.12,17.65,4,6,2,0,0,0,0,0,0,0,1,4,232,255,201,121,159,60,61,37,51,98,155,235,0,0,0,9,0,33,19,43,48,11,2,0,165,107,193,279,260,362,361,410,387,329,235,159,45.1,45.23,79.37,101.049,99.566,128.409,118.214,118.768,98.614,84.668,56.913,36.646,27,23,29,30,31,30,31,31,30,30,27,29,0,2,0,0,0,0,0,0,0,0,0,1,99,359,175,41,70,3,2,3,21,7,155,227,63,69,64,66,73,67,71,68,66,56,55,63,-53.8,10.9,17.8,20.4,21,21.1,37.1,28.5,39.3,17.2,-28.1,-43.4,10.7,8.8,11.7,14.5,13.3,17.1,16.6,18.2,17.9,15.6,13.2,10.4,16.4,13.5,17.4,20,17.5,22.6,21.3,23.4,23.5,23,20.5,15,4.9,4,5.9,9.1,9,11.6,11.9,13,12.2,8.1,5.9,5.7
3873464,2020,2,4,"202001","201902",0,0,0,60.418,29.644,124.295,115.118,114.933,76.833,77.749,0,0,3.73,30.88,10.88,-3.12,1.32,-7.94,-7.01,-8.21,-6.69,-8.91,6.84,17.19,4,6,2,0,0,0,0,0,0,0,1,4,232,254,201,121,160,60,63,38,52,99,155,234,0,0,0,9,0,32,19,42,47,11,2,0,165,107,193,278,259,361,359,408,385,328,235,160,45.102,45.22,79.265,100.494,98.578,127.269,116.68,117.48,97.789,84.357,56.91,36.678,27,24,29,30,31,30,31,31,30,30,27,29,0,2,0,0,0,0,0,0,0,0,0,1,97,352,172,40,69,3,2,3,21,7,152,223,63,69,64,67,73,67,72,69,66,56,55,63,-53.8,10.9,17.7,20.3,21.3,21,37.4,28.6,39.3,17.2,-28.1,-43.4,10.7,8.8,11.7,14.5,13.2,17,16.6,18.1,17.8,15.5,13.2,10.4,16.4,13.5,17.4,19.9,17.4,22.4,21.1,23.3,23.4,22.9,20.5,15.1,4.9,4.1,5.9,9.1,9.1,11.6,12,13,12.3,8.2,5.9,5.7
6026439,2020,5,13,"202005","201906",31.98,51.403,0,11.158,105.43,82.099,94.95,97.324,76.352,79.692,1.02,0,-4.57,-6,4.09,1.58,-6.5,-5.01,-6.06,-6.93,-6.57,-8.36,-2.14,7.42,1,1,1,0,0,0,0,0,0,0,0,2,115,82,135,82,38,36,13,9,18,30,61,144,17,20,8,21,53,55,87,113,114,71,39,11,294,291,269,330,428,406,476,507,486,455,362,261,53.462,64.935,70.608,79.632,109.283,84.048,95.402,98.656,77.869,80.636,60.529,43.491,31,28,31,30,31,30,31,31,30,31,30,31,0,0,0,0,0,0,0,0,0,0,0,0,21,14,93,68,4,2,0,1,2,1,60,130,70,69,78,82,78,87,85,83,84,73,69,73,-54.3,11.8,14.2,15.5,22.3,17.8,43.1,32.1,42,19.2,-27.2,-43.7,15,15.9,14.1,16.2,18.8,18.6,20.4,21.4,21.2,19.7,17.5,13.8,19.7,20.9,17.6,19,22.3,20.7,22.8,24.2,23.9,24.2,22.6,17.8,10.2,10.8,10.7,13.4,15.3,16.5,18,18.5,18.6,15.2,12.4,9.8
4060635,2020,5,14,"202005","201906",23.576,67.166,0,32.041,127.814,122.384,131.414,124.455,104.638,93.66,6.06,0,-3.94,-8.45,6.84,-0.07,-8.18,-7.75,-8.49,-9.04,-9.44,-10.78,-3.65,7.88,3,2,2,0,0,0,0,0,0,0,0,3,198,135,200,131,84,61,44,34,43,80,109,194,2,5,0,6,18,32,29,47,57,18,12,3,192,221,194,268,347,360,388,416,404,354,290,200,52.594,72.078,77.687,100.709,133.09,123.518,132.192,124.915,105.275,95.289,65.82,42.755,28,26,30,30,31,30,31,31,30,30,29,31,0,0,0,0,0,0,0,0,0,0,0,0,29,5,127,69,5,1,1,0,1,2,60,136,61,53,67,67,62,69,67,67,65,53,55,60,-54.8,14.8,17,20.4,15.3,21.2,35.5,29.3,40.1,17.6,-28.4,-43.9,11.8,13.5,11.7,14.1,16.1,17,17.5,18.4,18.5,16.4,15.1,12,18,21.3,16.8,19.4,22.3,22,22.9,23.9,24.3,24.5,22.7,16.8,5.5,5.7,6.6,8.8,10,12,12,12.9,12.6,8.3,7.5,7.1
5549192,2021,4,1,"202103","202004",0,54.094,17.631,0,147.948,157.478,189.077,177.821,146.208,103.015,17.904,0,8.43,-6.7,-0.25,9.3,-11.25,-12.56,-17.05,-18.34,-18.08,-13.94,-4.86,0.83,2,2,2,0,0,0,0,0,0,0,0,2,164,131,182,98,34,16,2,1,4,12,82,152,8,8,4,17,63,95,186,253,232,135,28,11,242,234,223,309,439,470,587,654,618,537,331,256,53.442,66.126,88.548,105.527,155.163,163.035,189.654,179.818,146.81,107.315,65.371,51.956,31,28,29,30,31,30,31,31,30,31,30,31,0,0,0,0,0,0,0,0,0,0,0,0,155,12,71,171,7,6,1,2,1,4,47,85,66,62,62,68,59,59,56,58,58,60,61,71,-54.4,13.2,18.7,20.3,15.5,25.3,31.1,29.9,40.7,17.7,-27.8,-44.6,13.1,13.7,12.4,15.4,19.2,20.7,24,26.2,25.7,22.4,16.3,13.5,18.5,19.7,18.5,20.7,26.2,27.7,31.9,33.7,33.3,29.4,22.7,19.4,7.6,7.6,6.3,10.2,12.3,13.7,16.1,18.6,18.1,15.4,9.8,7.6
5217104,2021,11,11,"202111","202012",0,59.618,50.336,105.101,112.752,119.729,117.778,109.659,95.998,54.449,65.314,12.404,-1.32,-6.91,-3.17,-7.57,-7,-8.05,-8.05,-8.09,-8.67,-5.51,-9.4,-3.64,1,1,1,0,0,0,0,0,0,0,0,1,109,85,132,57,50,15,5,7,16,46,36,103,19,18,9,35,40,99,132,126,125,45,69,24,301,286,272,369,402,476,532,527,499,413,417,312,55.848,65.652,85.563,107.542,115.097,120.561,117.778,111.772,97.929,75.669,65.643,54.323,31,28,31,30,31,30,31,31,30,31,30,31,0,0,0,0,0,0,0,0,0,0,0,0,59,6,35,2,2,1,0,2,2,21,0,42,68,68,69,71,75,77,80,79,76,74,67,72,-54.8,12.1,17,19.4,21.3,20.5,39.7,31.7,41.8,19.4,-27.8,-44.8,15.2,15.7,14.2,17.5,18,20.9,22.2,22,21.7,18.4,19.3,15.5,20.4,20.9,19.2,22.3,22.1,24.7,25.5,25.6,25.8,22.7,24.8,21.2,10,10.5,9.2,12.7,13.9,17.1,18.9,18.5,17.6,14.1,13.9,9.9
5365196,2022,2,18,"202202","202103",47.984,61.824,63.778,109.079,119.261,132.028,131.579,117.307,101.111,61.589,66.479,0,-6.43,-7.41,-4.42,-7.71,-7.3,-8.78,-8.8,-8.37,-8.9,-6.21,-9.42,12.92,1,1,2,0,0,0,0,0,0,0,0,3,128,110,168,94,81,29,13,18,29,63,56,189,13,10,2,15,19,67,87,79,82,27,42,3,277,253,231,313,352,424,476,464,444,380,370,209,56.603,71.443,88.597,112.446,120.292,132.76,131.579,118.536,102.722,80.264,66.804,47.221,31,28,30,30,31,30,31,31,30,31,30,31,0,0,0,0,0,0,0,0,0,0,0,0,9,10,25,3,1,1,0,1,2,19,0,191,65,59,63,64,70,69,73,73,70,68,63,59,-55,13.9,18.5,21.5,19.6,21.9,37,30.9,41.3,19.1,-28,-44.1,14.4,14.5,12.9,15.6,16.3,19.2,20.4,20,19.8,17.2,17.8,12.2,20,21.2,18.8,21.5,21.2,24.2,24.9,24.4,24.8,22.4,24,17.5,8.8,7.8,7.1,9.8,11.4,14.1,15.8,15.5,14.8,12.1,11.6,6.8
5760426,2022,2,18,"202202","202103",40.058,61.797,43.636,109.929,125.55,141.218,141.14,129.752,106.088,24.083,40.943,0,-6.12,-7.92,-2.62,-7.92,-7.88,-9.69,-9.66,-9.71,-9.7,-2.97,-7.44,15.17,2,2,3,0,0,0,0,0,0,0,0,3,167,150,207,138,109,43,22,27,42,83,77,212,6,3,0,5,10,48,58,58,59,16,25,0,231,206,187,261,316,393,438,434,407,349,334,182,56.765,72.003,87.415,113.741,127.408,141.957,142.38,130.376,107.741,83.664,66.674,44.123,29,25,27,29,31,30,31,31,30,31,30,29,0,0,0,0,0,0,0,0,0,0,0,0,17,10,44,4,2,1,1,1,2,60,26,212,58,52,59,58,63,63,65,65,64,62,57,54,-55.7,15.1,19.5,23.2,16.3,24,33.6,28.9,39.9,18.2,-28.6,-44.1,12.9,12.9,11.4,13.9,15.1,18.1,19.1,19,18.6,16.3,16.6,11.3,19.7,21,18,20.7,21.1,24.3,24.9,24.8,24.7,22.6,23.7,16.7,6.1,4.8,4.8,7,9.1,11.9,13.3,13.2,12.5,9.9,9.4,5.9
5540556,2022,4,12,"202204","202105",47.792,61.586,54.516,97.08,115.324,128.495,127.825,114.299,98.463,59.916,66.03,0,-6.38,-7.35,-3.91,-6.55,-6.95,-8.43,-8.45,-8.07,-8.56,-5.94,-9.31,12.93,1,1,1,0,0,0,0,0,0,0,0,3,127,110,103,85,85,31,14,18,30,66,55,187,14,10,16,19,17,63,83,77,80,26,43,3,279,254,307,325,346,419,471,461,440,376,371,210,56.398,71.143,98.956,111.21,116.355,129.229,127.825,115.572,100.063,78.152,66.354,46.923,31,28,31,30,31,30,31,31,30,31,30,31,0,0,0,0,0,0,0,0,0,0,0,0,9,10,44,14,1,1,0,1,2,18,0,190,66,60,62,66,71,71,74,74,71,70,64,60,-55,13.8,19.1,21,20.3,21.5,37.6,31,41.3,19.2,-27.9,-44.1,14.5,14.6,15.4,16,16.1,19,20.2,19.9,19.7,17.1,17.8,12.2,20,21.2,21.7,21.6,20.8,23.8,24.5,24.1,24.4,22.1,23.9,17.4,8.9,7.9,9.2,10.4,11.5,14.2,15.9,15.6,15,12.2,11.8,7
5371810,2022,4,15,"202204","202105",49.356,55.298,43.583,83.264,116.108,130.29,138.978,129.475,107.3,55.12,68.142,0,-6.82,-6.81,-3.18,-5.51,-7.34,-9.09,-10.13,-10.28,-10.27,-5.88,-10.18,17.2,1,1,0,0,0,0,0,0,0,0,0,2,103,86,71,57,53,15,4,5,14,45,35,165,21,19,32,36,37,99,149,145,133,46,72,7,311,287,354,369,396,476,550,546,509,414,422,238,56.961,68.976,100.67,111.304,119.267,131.13,138.978,131.453,109.801,80.539,68.447,45.915,31,28,31,30,31,30,31,31,30,31,30,31,0,0,0,0,0,0,0,0,0,0,0,0,8,14,57,28,3,1,0,2,3,25,0,233,67,64,64,69,73,73,73,72,70,70,65,64,-55.1,12.8,18.5,20,20.5,21,36.6,31,41.6,19.1,-28.1,-44,15.5,15.7,16.9,17.5,17.8,20.9,22.8,22.6,22,18.4,19.5,13.1,20.8,21.5,22.8,22.6,22.2,25.4,27.2,27.4,27,23.3,25.4,17.8,10.2,9.9,11,12.4,13.4,16.4,18.3,17.9,16.9,13.5,13.6,8.3
5799408,2023,4,13,"202304","202205",0,0,0,104.433,132.283,156.711,162.672,160.152,121.207,77.739,0,0,12.61,7.94,13.53,-7.33,-8.77,-11.96,-12.5,-14.29,-13.46,-9.02,0.78,2.4,3,3,2,0,0,0,0,0,0,0,0,2,191,183,203,87,45,9,4,2,5,23,107,156,5,2,0,20,47,129,151,216,209,91,15,10,211,178,198,323,413,513,552,617,596,481,296,249,47.235,58.576,74.602,115.62,139.647,159.64,162.672,160.47,137.583,94.947,58.936,47.021,31,27,30,30,31,30,31,31,30,31,30,31,0,0,0,0,0,0,0,0,0,0,0,0,180,139,189,11,7,3,0,0,16,17,82,85,72,67,71,64,65,64,65,64,62,65,67,72,-52.7,12.4,16.1,21.7,18.1,23.4,34.5,30.9,41.3,18.7,-26.8,-44,12.1,11.6,11.6,15.9,18.4,22.1,22.8,24.9,24.9,20.6,15.1,13.4,16.4,16.9,16,21.9,24.2,28.4,28.9,31.2,31.7,26.4,20.5,18,7.7,6.4,7.2,10,12.5,15.9,16.8,18.7,18.2,14.7,9.8,8.7
5996911,2023,5,3,"202304","202205",0,0,0,81.172,100.69,115.111,99.269,98.397,80.002,59.316,0,0,11.97,3.06,9.29,-4.88,-5.87,-7.56,-6.38,-7.26,-7.06,-5.7,0.08,0.3,3,3,2,0,0,0,0,0,0,0,1,2,191,191,198,109,68,18,11,5,11,41,126,170,5,0,0,12,27,92,94,150,152,53,9,7,209,170,202,295,371,464,485,551,532,425,271,233,44.679,52.971,62.957,92.947,103.862,115.925,99.405,99.508,90.807,71.094,55.62,46.358,31,28,31,30,31,30,31,31,30,31,30,31,0,0,0,0,0,0,0,0,0,0,0,0,168,81,136,12,3,1,0,1,11,12,66,60,76,73,80,75,78,78,85,84,81,78,70,74,-51.9,11.2,13.6,18.2,24.4,19.5,42.9,32.7,42.7,20.1,-26.2,-43.8,12,11.3,11.8,15,16.9,20.5,20.6,22.8,22.8,18.7,14.3,12.9,15.8,15.6,14.8,19,20.4,24,23.2,25.5,26,22.2,19.1,17.3,8.3,7.1,8.7,10.9,13.5,16.9,18.1,20.2,19.6,15.2,9.5,8.4
5934188,2023,5,26,"202305","202206",0,0,0,78.574,62.614,107.883,92.663,92.484,74.405,55.366,0,0,11.91,4.37,8.65,-4.61,-2.92,-6.92,-5.86,-6.64,-6.4,-5.25,-0.64,0.14,3,4,3,0,0,0,0,0,0,0,1,2,204,195,213,124,116,21,15,7,13,47,131,178,3,0,0,9,9,83,79,127,138,44,7,5,192,160,186,278,307,450,466,528,514,411,265,223,45.817,53.687,64.765,90.473,75.665,108.689,92.663,94.471,86.18,69.633,56.516,46.988,31,27,31,30,31,30,31,31,30,31,30,31,1,0,0,0,0,0,0,0,0,0,0,0,169,95,130,12,13,1,0,2,12,14,61,60,73,71,78,75,87,80,86,85,82,78,68,72,-52.2,11.6,14.3,18.1,29.4,19.4,43.7,32.7,42.6,20,-26.4,-43.9,11.5,10.9,11.2,14.4,14.8,20,20,22,22.2,18.3,14.1,12.6,15.7,15.5,14.6,18.4,16.9,23.2,22.3,24.5,25.2,21.8,19.3,17.3,7.4,6.4,7.8,10.4,12.7,16.8,17.8,19.5,19.2,14.8,9,7.8
6003808,2024,3,3,"202402","202303",0,0,0,101.696,134.293,177.395,218.778,187.941,122.342,60.116,1.294,0,8.93,16.49,15.13,-7.99,-9.66,-14.82,-22.06,-20.22,-14.11,-9.22,-2.74,9.38,5,4,5,0,0,0,0,0,0,0,1,4,249,199,269,104,46,13,1,1,17,40,155,231,2,0,0,16,47,104,243,234,119,58,6,2,160,159,141,300,410,487,644,634,491,426,241,169,35.904,48.435,67.649,122.474,154.701,178.137,219.244,188.874,127.883,92.952,50.287,35.333,29,26,26,29,31,30,31,31,30,31,28,29,1,1,1,0,0,0,0,0,0,0,0,0,137,221,201,21,20,1,0,1,6,33,49,148,72,67,66,53,54,52,46,49,53,53,60,69,-51.9,10.9,16.5,24.1,8.9,26.6,17.5,22.5,37.8,15.4,-27.7,-43.3,10.1,10.7,9.4,15.2,18.2,21.2,25.8,25.5,21.4,18.8,13.2,10.5,14.5,16,14.7,23.2,26.1,29.8,36.1,35,29.7,27,19.7,15.5,5.8,5.5,4.1,7.2,10.4,12.7,15.5,16,13.1,10.6,6.7,5.4
6053255,2024,4,11,"202404","202305",0,0,0,53.437,82.921,153.459,203.67,162.739,93.04,21.69,0,0,17.77,20.65,10.95,-3.05,-4.73,-12.54,-20.96,-17.54,-10.92,-5.02,-0.01,13.96,7,6,4,0,0,0,0,0,0,0,1,4,289,251,242,143,59,16,0,1,19,53,173,235,0,0,0,9,37,97,284,241,113,44,4,2,130,119,167,257,385,473,685,642,484,398,222,168,33.431,41.619,66.664,100.749,139.023,162.677,204.366,171.901,114.333,83.086,47.746,34.839,26,24,28,29,31,30,31,31,30,31,28,28,2,1,0,0,0,0,0,0,0,0,0,1,221,251,165,47,56,9,1,9,21,61,76,197,71,70,68,62,60,57,54,56,60,58,60,69,-51.4,10,15.8,21,13.3,24.6,22,25.2,39.3,16,-27.5,-43.3,8.8,8.9,10.3,13.7,17.4,20.8,27.1,25.8,21.2,17.9,12.5,10.4,13.2,13.5,15.2,19.8,24.1,28.2,35.6,33.7,28.1,25,19,15.6,4.4,4.3,5.3,7.6,10.7,13.4,18.7,17.9,14.2,10.7,6,5.1
